player_id,first_name,last_name,birthdate,height,weight,ethnicity,skin_tone,hair_color,facial_hair,bats,primary_position,other_positions,is_pitcher,role,preferred_pitching_role,ch,ph,sp,eye,gf,pl,vl,sc,fa,arm,endurance,control,movement,hold_runner,fb,cu,cb,sl,si,scb,kn,pot_ch,pot_ph,pot_sp,pot_eye,pot_gf,pot_pl,pot_vl,pot_sc,pot_fa,pot_arm,pot_control,pot_movement,pot_endurance,pot_hold_runner,pot_fb,pot_cu,pot_cb,pot_sl,pot_si,pot_scb,pot_kn,injured,injury_description,return_date,ready,injury_list,injury_start_date,injury_minimum_days,injury_eligible_date,injury_rehab_assignment,injury_rehab_days,durability,pitcher_archetype,hitter_archetype
P1656,Sung,Nguyen,1988-09-07,68,238,Asian,medium,brown,mustache,R,P,,1,RP,CL,,,,,55,,,,50,54,47,50,52,50,55,0,62,66,0,0,0,,,,,0,,,,45,53,49,44,41,42,51,0,54,62,0,0,0,False,,,0,,,,,,0,50,closer,
P1575,Rosario,Denyes,1994-01-28,69,212,Anglo,light,blonde,clean_shaven,L,P,,1,RP,SP,,,,,52,,,,51,49,52,53,52,48,53,58,62,59,62,0,0,,,,,0,,,,49,44,49,43,50,41,49,54,56,59,58,0,0,False,,,0,,,,,,0,50,groundball_sp,
P2484,Otto,Mclagan,1989-01-30,78,205,Anglo,light,brown,beard,R,P,,1,RP,SP,,,,,48,,,,50,51,54,53,52,48,52,60,62,61,0,0,0,,,,,0,,,,48,42,50,46,53,47,49,53,56,60,0,0,0,False,,,0,,,,,,0,50,power_sp,
P4375,Jose,Gomez,1992-10-03,72,165,Hispanic,medium,red,clean_shaven,S,P,,1,RP,RP,,,,,52,,,,53,53,49,50,52,52,51,57,61,67,0,0,0,,,,,0,,,,53,47,41,44,39,51,47,51,60,67,0,0,0,False,,,0,,,,,,0,50,finesse_rp,
P4398,Darnell,Jefferson,1990-09-10,69,245,African,light,black,mustache,L,P,,1,RP,RP,,,,,49,,,,50,50,50,51,52,52,50,62,62,0,58,0,0,,,,,0,,,,45,41,43,44,46,46,48,55,56,0,48,0,0,False,,,0,,,,,,0,50,finesse_rp,
P6906,Leroy,Young,2004-04-26,75,217,African,medium,black,goatee,L,P,,1,RP,SP,,,,,51,,,,49,50,52,50,53,52,49,63,60,58,0,56,0,,,,,0,,,,61,76,65,74,66,65,69,85,84,71,0,71,0,False,,,0,,,,,,0,50,finesse_sp,
P7179,Val,Coffie,1995-07-11,75,239,Anglo,medium,blonde,clean_shaven,L,P,,1,RP,SP,,,,,49,,,,52,49,52,50,54,52,51,61,60,58,0,0,0,,,,,0,,,,56,52,49,49,53,54,53,57,65,60,0,0,0,False,,,0,,,,,,0,50,workhorse_sp,
P1692,Len,Neis,1992-03-28,72,214,Anglo,light,brown,goatee,R,P,,1,RP,SP,,,,,53,,,,48,51,51,50,52,48,54,60,0,58,0,0,0,,,,,0,,,,39,48,43,46,45,40,54,52,0,51,0,0,0,False,,,0,,,,,,0,50,workhorse_sp,
P8884,Rufus,Carter,1995-08-03,70,160,African,dark,black,clean_shaven,R,P,,1,RP,SP,,,,,51,,,,52,49,52,52,52,53,50,58,60,60,0,0,0,,,,,0,,,,54,49,54,50,47,51,52,53,59,56,0,0,0,False,,,0,,,,,,0,50,finesse_sp,
P1366,Tyrone,Walker,2001-07-10,77,168,African,dark,brown,clean_shaven,L,P,,1,RP,RP,,,,,52,,,,50,48,48,50,52,50,48,58,63,0,59,0,0,,,,,0,,,,57,53,56,63,54,56,57,64,73,0,71,0,0,False,,,0,,,,,,0,50,finesse_rp,
P4688,Rafael,Morales,1995-12-27,69,197,Hispanic,medium,brown,clean_shaven,L,P,,1,RP,SP,,,,,50,,,,51,49,53,50,52,51,53,0,60,59,0,0,0,,,,,0,,,,56,45,53,57,54,51,49,0,58,54,0,0,0,False,,,0,,,,,,0,50,workhorse_sp,
P6254,Yong,Li,1988-01-09,74,190,Asian,medium,black,clean_shaven,R,C,,0,,,53,51,53,52,52,49,57,49,49,50,,,,,,,,,,,,47,49,43,50,52,0,0,49,44,46,,,,,,,,,,,,False,,,0,,,,,,0,50,,average
P7440,Sung,Huang,1994-09-17,73,202,Asian,light,black,beard,R,1B,,0,,,51,59,53,52,49,53,55,52,53,51,,,,,,,,,,,,51,60,55,50,49,0,0,52,53,51,,,,,,,,,,,,False,,,0,,,,,,0,50,,power
P1632,Felton,Wach,1999-06-13,76,205,Anglo,light,brown,mustache,R,2B,,0,,,49,61,49,51,51,50,56,49,49,51,,,,,,,,,,,,60,73,60,60,51,0,0,49,60,58,,,,,,,,,,,,False,,,0,,,,,,0,50,,power
P3693,Juan,Guerrero,1994-09-26,68,173,Hispanic,medium,black,clean_shaven,R,3B,,0,,,51,59,49,51,50,49,59,52,52,52,,,,,,,,,,,,47,62,46,50,50,0,0,52,57,54,,,,,,,,,,,,False,,,0,,,,,,0,50,,power
P2236,Alejandro,Lopez,1998-10-05,78,173,Hispanic,light,brown,clean_shaven,R,SS,,0,,,53,49,50,51,48,48,60,49,50,51,,,,,,,,,,,,65,54,55,60,48,0,0,49,61,66,,,,,,,,,,,,False,,,0,,,,,,0,50,,gap
P1415,Percy,Walker,2001-10-02,78,205,African,medium,brown,clean_shaven,L,LF,,0,,,49,54,49,49,53,50,49,50,50,49,,,,,,,,,,,,54,67,56,61,53,0,0,50,60,61,,,,,,,,,,,,False,,,0,,,,,,0,50,,balanced
P2422,Pedro,Morales,1997-09-11,76,250,Hispanic,dark,black,clean_shaven,R,CF,,0,,,51,52,51,50,49,53,52,51,51,49,,,,,,,,,,,,51,50,53,45,49,0,0,51,53,44,,,,,,,,,,,,False,,,0,,,,,,0,50,,balanced
P1495,Leroy,Walker,2004-03-16,77,168,African,medium,black,mustache,R,RF,,0,,,51,53,48,52,50,52,58,50,48,52,,,,,,,,,,,,72,66,78,62,50,0,0,50,59,82,,,,,,,,,,,,False,,,0,,,,,,0,50,,average
P1336,Jason,Wunderlich,1994-10-10,78,205,Anglo,light,black,beard,L,1B,,0,,,53,58,52,52,48,49,50,52,50,51,,,,,,,,,,,,52,53,53,52,48,0,0,52,50,52,,,,,,,,,,,,False,,,0,,,,,,0,50,,gap
P6842,Shaun,Viessman,2000-09-04,73,160,Anglo,light,black,mustache,L,CF,,0,,,50,56,48,51,51,52,47,51,52,49,,,,,,,,,,,,56,71,62,62,51,0,0,51,60,54,,,,,,,,,,,,False,,,0,,,,,,0,50,,power
P9702,Yong,Kim,1993-06-13,72,241,Asian,medium,black,clean_shaven,R,C,,0,,,50,54,50,50,48,50,56,53,49,50,,,,,,,,,,,,40,44,49,45,48,0,0,53,44,47,,,,,,,,,,,,False,,,0,,,,,,0,50,,average
P5283,Jermaine,Carter,1999-03-21,71,239,African,dark,black,clean_shaven,R,LF,,0,,,51,63,52,52,48,53,55,50,51,51,,,,,,,,,,,,61,68,57,57,48,0,0,50,66,57,,,,,,,,,,,,False,,,0,,,,,,0,50,,power
P5037,Cyrus,Humpal,1998-08-27,74,231,Anglo,dark,brown,clean_shaven,S,CF,,0,,,52,51,49,51,52,53,49,48,49,49,,,,,,,,,,,,63,60,59,59,52,0,0,48,60,59,,,,,,,,,,,,False,,,0,,,,,,0,50,,balanced
P8026,Antonio,Mendoza,2000-09-15,77,206,Hispanic,light,brown,goatee,S,LF,,0,,,52,64,52,52,49,51,55,49,53,52,,,,,,,,,,,,63,73,66,66,49,0,0,49,63,64,,,,,,,,,,,,False,,,0,,,,,,0,50,,power
P9768,Yong,Lin,1996-11-26,78,231,Asian,medium,black,beard,S,P,,1,RP,CL,,,,,55,,,,52,52,52,50,53,49,54,56,62,65,0,0,0,,,,,0,,,,55,56,54,53,54,49,59,57,67,61,0,0,0,False,,,0,,,,,,0,50,closer,
P2191,Alejandro,Ortiz,2001-01-13,74,240,Hispanic,light,brown,mustache,L,P,,1,RP,RP,,,,,53,,,,50,52,52,51,52,49,49,0,0,0,63,0,0,,,,,0,,,,62,60,58,58,64,55,57,0,0,0,78,0,0,False,,,0,,,,,,0,50,groundball_rp,
P6883,Tyrone,Allen,1997-03-23,75,186,African,medium,black,clean_shaven,R,P,,1,RP,RP,,,,,53,,,,48,49,48,52,53,53,49,0,59,0,60,0,0,,,,,0,,,,47,47,52,57,53,58,51,0,57,0,58,0,0,False,,,0,,,,,,0,50,groundball_rp,
P2810,Ricardo,Sanchez,2002-01-19,75,232,Hispanic,medium,brown,clean_shaven,R,P,,1,RP,RP,,,,,52,,,,47,51,49,52,52,48,55,0,62,65,0,58,0,,,,,0,,,,60,56,63,62,62,59,67,0,72,70,0,70,0,False,,,0,,,,,,0,50,power_rp,
P4109,Cedric,Jackson,2001-10-29,73,176,African,dark,black,clean_shaven,R,P,,1,RP,SP,,,,,49,,,,50,52,51,52,52,50,53,60,62,58,0,0,0,,,,,0,,,,59,60,61,57,58,61,64,72,69,69,0,0,0,False,,,0,,,,,,0,50,finesse_sp,
P6421,Cornell,Hubbell,1991-03-16,72,184,Anglo,light,red,goatee,R,P,,1,RP,SP,,,,,48,,,,48,51,54,53,54,52,53,63,60,59,0,57,0,,,,,0,,,,44,46,51,48,44,45,47,60,60,56,0,53,0,False,,,0,,,,,,0,50,finesse_sp,
P5730,Alejandro,Castillo,1996-06-13,78,161,Hispanic,medium,brown,mustache,R,P,,1,RP,SP,,,,,48,,,,51,48,52,50,52,50,52,59,63,0,0,0,0,,,,,0,,,,46,49,47,52,47,50,51,60,64,0,0,0,0,False,,,0,,,,,,0,50,workhorse_sp,
P7915,Dwight,Mccowan,2004-11-18,74,195,Anglo,light,brown,clean_shaven,R,CF,RF,0,,,50,47,70,51,50,51,57,51,48,51,,,,,,,,,,,,79,76,91,63,50,0,0,51,75,80,,,,,,,,,,,,False,,,0,,,,,,0,50,,speed
P7875,Roberto,Rivera,2000-04-20,72,219,Hispanic,dark,black,beard,R,1B,,0,,,54,61,54,50,50,50,51,49,48,50,,,,,,,,,,,,69,75,65,63,50,0,0,49,53,59,,,,,,,,,,,,False,,,0,,,,,,0,50,,gap
P8349,Manuel,Vargas,1992-11-27,78,238,Hispanic,dark,brown,clean_shaven,R,RF,LF,0,,,50,58,48,51,49,53,56,50,48,51,,,,,,,,,,,,42,58,41,46,49,0,0,50,41,48,,,,,,,,,,,,False,,,0,,,,,,0,50,,power
P3441,Malik,Carter,2003-08-26,68,223,African,light,brown,clean_shaven,R,CF,,0,,,54,51,53,50,48,51,54,47,51,48,,,,,,,,,,,,65,62,67,61,48,0,0,47,65,59,,,,,,,,,,,,False,,,0,,,,,,0,50,,balanced
P8802,Miquel,Natt,1989-08-23,78,247,Anglo,light,brown,clean_shaven,R,3B,,0,,,61,49,50,51,52,48,56,49,50,48,,,,,,,,,,,,54,39,42,46,52,0,0,49,44,38,,,,,,,,,,,,False,,,0,,,,,,0,50,,spray
P9073,Trinidad,Brownsberger,2004-09-23,74,222,Anglo,light,red,clean_shaven,L,1B,,0,,,49,58,49,51,49,50,43,49,52,48,,,,,,,,,,,,60,79,62,71,49,0,0,49,82,59,,,,,,,,,,,,False,,,0,,,,,,0,50,,average
P9432,Hector,Reyes,2003-03-16,74,186,Hispanic,medium,brown,mustache,R,3B,,0,,,49,49,50,51,50,52,57,49,49,50,,,,,,,,,,,,64,54,65,62,50,0,0,49,63,63,,,,,,,,,,,,False,,,0,,,,,,0,50,,average
P9074,Percy,Harris,1997-10-19,75,195,African,dark,black,mustache,R,1B,,0,,,53,60,51,51,48,50,53,49,51,50,,,,,,,,,,,,52,59,46,49,48,0,0,49,56,49,,,,,,,,,,,,False,,,0,,,,,,0,50,,power
P8246,Francisco,Vasquez,2007-04-22,69,232,Hispanic,medium,brown,clean_shaven,L,P,,1,RP,CL,,,,,55,,,,51,50,51,52,52,49,54,59,61,66,0,0,0,,,,,0,,,,67,70,73,81,71,71,84,77,81,80,0,0,0,False,,,0,,,,,,0,50,closer,
P5520,Roberto,Gonzalez,2005-07-12,71,220,Hispanic,light,brown,clean_shaven,L,P,,1,RP,CL,,,,,49,,,,51,52,50,50,52,50,52,0,0,65,0,0,0,,,,,0,,,,72,75,75,63,64,64,66,0,0,82,0,0,0,False,,,0,,,,,,0,50,closer,
P7004,Anton,Wraight,2006-04-17,70,215,Anglo,light,blonde,clean_shaven,L,P,,1,RP,SP,,,,,52,,,,48,50,50,50,52,51,51,0,61,0,61,0,0,,,,,0,,,,67,73,69,64,80,66,73,0,79,0,75,0,0,False,,,0,,,,,,0,50,groundball_sp,
P1973,Ricardo,Vasquez,2004-09-04,68,179,Hispanic,dark,blonde,clean_shaven,S,P,,1,RP,SP,,,,,52,,,,50,52,53,50,54,50,50,0,63,60,0,55,0,,,,,0,,,,64,81,77,69,68,66,74,0,85,85,0,73,0,False,,,0,,,,,,0,50,power_sp,
P5056,Eduardo,Gonzalez,2007-07-12,76,248,Hispanic,light,brown,clean_shaven,L,P,,1,RP,SP,,,,,52,,,,51,49,50,50,52,49,50,63,60,61,0,0,0,,,,,0,,,,74,78,73,75,73,61,79,85,87,80,0,0,0,False,,,0,,,,,,0,50,balanced_sp,
P7648,Jamal,Jackson,2004-05-24,73,204,African,dark,black,clean_shaven,R,C,,0,,,50,58,52,50,51,50,55,51,52,50,,,,,,,,,,,,70,71,62,78,51,0,0,51,67,63,,,,,,,,,,,,False,,,0,,,,,,0,50,,power
P3901,Hunter,Chmura,2006-12-29,70,248,Anglo,light,black,clean_shaven,R,C,,0,,,53,54,52,50,52,50,58,50,49,50,,,,,,,,,,,,66,71,70,66,52,0,0,50,69,62,,,,,,,,,,,,False,,,0,,,,,,0,50,,balanced
P1686,Johnnie,Kinaj,2007-01-22,71,161,Anglo,medium,red,mustache,R,C,,0,,,50,61,49,49,49,52,59,53,52,48,,,,,,,,,,,,63,89,71,64,49,0,0,53,82,77,,,,,,,,,,,,False,,,0,,,,,,0,50,,power
P2069,Kelly,Elsaesser,2005-06-21,76,195,Anglo,light,brown,clean_shaven,L,LF,,0,,,52,56,48,52,49,52,50,50,48,48,,,,,,,,,,,,67,74,76,77,49,0,0,50,61,65,,,,,,,,,,,,False,,,0,,,,,,0,50,,balanced
P6516,Tyrone,Gaines,2006-02-05,74,174,African,medium,brown,mustache,R,3B,,0,,,58,52,52,54,50,50,56,51,48,49,,,,,,,,,,,,71,73,80,83,50,0,0,51,59,76,,,,,,,,,,,,False,,,0,,,,,,0,50,,spray
P2271,Darnell,Green,1987-10-21,70,161,African,dark,black,beard,L,P,,1,RP,CL,,,,,55,,,,49,53,49,53,59,50,52,0,61,65,0,0,0,,,,,0,,,,42,46,43,57,45,42,43,0,59,56,0,0,0,False,,,0,,,,,,0,50,closer,
P6496,Rayford,Hotelling,2000-04-09,70,178,Anglo,medium,blonde,clean_shaven,S,P,,1,RP,SP,,,,,49,,,,52,50,50,50,53,49,50,61,61,58,0,0,0,,,,,0,,,,67,57,62,65,60,55,58,76,67,67,0,0,0,False,,,0,,,,,,0,50,balanced_sp,
P8102,Raul,Mendoza,2000-04-15,75,198,Hispanic,medium,brown,mustache,R,P,,1,RP,SP,,,,,49,,,,50,52,54,53,52,51,52,60,60,0,0,53,0,,,,,0,,,,65,64,61,67,63,58,65,73,75,0,0,68,0,False,,,0,,,,,,0,50,finesse_sp,
P6328,Rocco,Guidrey,1993-10-28,77,229,Anglo,light,brown,clean_shaven,L,P,,1,RP,SP,,,,,49,,,,50,52,51,53,52,48,53,58,59,60,0,0,0,,,,,0,,,,40,44,49,47,42,42,51,58,59,58,0,0,0,False,,,0,,,,,,0,50,workhorse_sp,
P2120,Tyrone,Mitchell,1990-05-04,75,165,African,dark,black,mustache,L,P,RF,1,RP,SP,,,,,50,,,,51,52,50,53,52,49,50,58,59,60,0,57,0,,,,,0,,,,41,44,47,48,45,47,46,48,50,56,0,56,0,False,,,0,,,,,,0,50,finesse_sp,
P6404,Percy,Robinson,1993-08-05,69,168,African,medium,black,beard,R,P,,1,RP,SP,,,,,51,,,,50,48,53,52,53,53,52,63,62,0,57,55,0,,,,,0,,,,48,43,51,48,47,43,51,53,56,0,55,48,0,False,,,0,,,,,,0,50,finesse_sp,
P7843,Sung,Kim,1994-09-08,69,226,Asian,light,black,beard,S,P,,1,RP,CL,,,,,52,,,,52,50,52,50,52,51,56,57,58,65,0,0,0,,,,,0,,,,56,53,49,51,53,49,54,59,57,63,0,0,0,False,,,0,,,,,,0,50,closer,
P2463,Manuel,Gomez,1988-11-19,74,222,Hispanic,light,red,clean_shaven,L,P,,1,RP,CL,,,,,50,,,,53,52,49,51,52,51,56,0,59,65,0,0,0,,,,,0,,,,51,42,49,46,43,51,49,0,49,56,0,0,0,False,,,0,,,,,,0,50,closer,
P5309,Cedric,Young,1989-01-20,74,205,African,medium,brown,mustache,R,P,,1,RP,SP,,,,,49,,,,48,50,54,50,52,49,50,62,59,0,0,0,0,,,,,0,,,,45,50,40,47,45,48,46,59,57,0,0,0,0,False,,,0,,,,,,0,50,workhorse_sp,
P8758,Kristofer,Katoa,1997-11-01,70,231,Anglo,medium,blonde,clean_shaven,R,P,,1,RP,SP,,,,,48,,,,52,53,54,51,54,49,52,59,61,60,0,0,0,,,,,0,,,,53,55,49,59,53,50,49,58,66,64,0,0,0,False,,,0,,,,,,0,50,finesse_sp,
P2439,Jamal,Taylor,1998-11-08,70,200,African,dark,black,beard,L,P,,1,RP,SP,,,,,52,,,,50,52,51,52,52,51,52,59,59,0,58,0,0,,,,,0,,,,64,64,64,60,56,63,62,64,72,0,70,0,0,False,,,0,,,,,,0,50,groundball_sp,
P1994,Fausto,Runions,2004-05-05,70,229,Anglo,light,red,clean_shaven,R,C,,0,,,53,54,48,52,51,53,56,50,50,50,,,,,,,,,,,,66,76,67,74,51,0,0,50,66,65,,,,,,,,,,,,False,,,0,,,,,,0,50,,average
P1120,Jamal,Gaines,1994-06-27,78,230,African,dark,black,clean_shaven,S,1B,,0,,,52,63,49,51,50,52,51,49,51,48,,,,,,,,,,,,49,60,44,52,50,0,0,49,51,45,,,,,,,,,,,,False,,,0,,,,,,0,50,,power
P3072,Yong,Yamamoto,1991-11-18,68,192,Asian,light,black,clean_shaven,R,2B,,0,,,59,50,50,53,50,51,56,50,50,49,,,,,,,,,,,,52,44,43,43,50,0,0,50,47,46,,,,,,,,,,,,False,,,0,,,,,,0,50,,spray
P7776,Darnell,Taylor,2003-05-31,73,238,African,medium,black,clean_shaven,R,3B,,0,,,53,50,53,49,46,51,59,50,48,50,,,,,,,,,,,,58,58,63,59,46,0,0,50,59,64,,,,,,,,,,,,False,,,0,,,,,,0,50,,gap
P9815,Miguel,Cruz,1994-09-25,70,212,Hispanic,medium,brown,goatee,R,SS,,0,,,49,51,50,50,52,48,59,53,52,53,,,,,,,,,,,,46,53,55,53,52,0,0,53,51,56,,,,,,,,,,,,False,,,0,,,,,,0,50,,balanced
P1999,Juan,Perez,1995-05-31,74,192,Hispanic,medium,brown,mustache,L,LF,,0,,,49,53,49,50,50,52,51,50,50,51,,,,,,,,,,,,45,50,49,52,50,0,0,50,51,53,,,,,,,,,,,,False,,,0,,,,,,0,50,,average
P2266,Percy,Mitchell,2001-04-12,68,213,African,dark,black,goatee,R,CF,,0,,,49,51,51,51,52,53,55,50,50,49,,,,,,,,,,,,64,61,60,63,52,0,0,50,56,57,,,,,,,,,,,,False,,,0,,,,,,0,50,,balanced
P8187,Cedric,King,1995-11-05,70,169,African,dark,black,beard,L,RF,,0,,,48,61,48,49,52,51,46,47,49,51,,,,,,,,,,,,51,60,53,54,52,0,0,47,46,54,,,,,,,,,,,,False,,,0,,,,,,0,50,,power
P7867,Yong,Huang,2005-01-04,69,238,Asian,light,black,goatee,L,LF,,0,,,51,54,52,52,49,51,49,49,51,49,,,,,,,,,,,,69,67,77,76,49,0,0,49,62,61,,,,,,,,,,,,False,,,0,,,,,,0,50,,balanced
P9224,Yong,Pham,1988-10-19,76,212,Asian,light,black,beard,R,3B,,0,,,48,52,50,51,48,51,56,48,51,50,,,,,,,,,,,,41,49,46,46,48,0,0,48,41,40,,,,,,,,,,,,False,,,0,,,,,,0,50,,average
P9193,Sung,Tanaka,1988-01-14,70,165,Asian,light,black,mustache,L,SS,,0,,,58,51,53,54,53,50,50,51,51,50,,,,,,,,,,,,53,46,49,49,53,0,0,51,50,50,,,,,,,,,,,,False,,,0,,,,,,0,50,,spray
P1921,Rafael,Sanchez,1997-01-28,68,224,Hispanic,light,brown,clean_shaven,S,LF,,0,,,49,51,85,50,53,51,53,49,50,49,,,,,,,,,,,,48,55,90,54,53,0,0,49,47,46,,,,,,,,,,,,False,,,0,,,,,,0,50,,elite_speed
P2250,Jorge,Perez,1993-05-21,68,177,Hispanic,medium,brown,beard,S,CF,,0,,,50,50,52,52,49,53,53,49,47,51,,,,,,,,,,,,48,46,50,47,49,0,0,49,46,41,,,,,,,,,,,,False,,,0,,,,,,0,50,,balanced
P1639,Yong,Tanaka,2004-10-31,68,212,Asian,medium,black,clean_shaven,L,CF,,0,,,54,51,70,54,50,50,46,49,50,50,,,,,,,,,,,,69,75,82,82,50,0,0,49,61,64,,,,,,,,,,,,False,,,0,,,,,,0,50,,speed
P2567,Yong,Nguyen,1998-01-17,74,201,Asian,medium,black,clean_shaven,R,P,,1,RP,CL,,,,,55,,,,52,51,51,50,54,48,55,0,0,66,0,0,0,,,,,0,,,,48,52,48,58,51,44,55,0,0,68,0,0,0,False,,,0,,,,,,0,50,closer,
P7510,Jamal,Washington,1991-11-04,69,201,African,dark,black,clean_shaven,L,P,,1,RP,SP,,,,,48,,,,50,49,51,51,52,50,53,61,60,59,0,54,0,,,,,0,,,,50,47,41,44,48,50,47,57,60,49,0,50,0,False,,,0,,,,,,0,50,balanced_sp,
P1497,Yong,Singh,1987-08-17,76,208,Asian,medium,black,beard,R,P,,1,RP,RP,,,,,48,,,,48,51,49,51,54,52,51,59,60,0,0,0,0,,,,,0,,,,46,43,51,53,46,45,47,50,53,0,0,0,0,False,,,0,,,,,,0,50,finesse_rp,
P9418,Eduardo,Hernandez,1987-07-27,70,229,Hispanic,medium,brown,mustache,R,P,,1,RP,SP,,,,,49,,,,50,52,51,50,54,50,51,60,62,60,0,57,0,,,,,0,,,,44,45,48,46,45,47,42,55,59,55,0,48,0,False,,,0,,,,,,0,50,balanced_sp,
P8133,Jarrett,Faulkner,1999-08-23,69,227,Anglo,medium,blonde,goatee,S,P,,1,RP,SP,,,,,51,,,,52,52,50,53,54,50,51,59,59,61,56,0,0,,,,,0,,,,61,57,64,64,58,59,62,74,74,69,67,0,0,False,,,0,,,,,,0,50,workhorse_sp,
P2300,Tyrone,King,2002-09-12,69,175,African,dark,brown,mustache,L,P,,1,RP,LR,,,,,51,,,,50,51,53,50,52,53,52,59,58,63,0,0,0,,,,,0,,,,62,57,55,60,68,59,65,65,67,78,0,0,0,False,,,0,,,,,,0,50,long_relief,
P7643,Sung,Singh,2000-04-13,69,211,Asian,medium,black,clean_shaven,R,P,,1,RP,SP,,,,,51,,,,50,53,53,50,52,49,53,59,59,59,0,57,0,,,,,0,,,,61,61,56,61,65,56,59,64,70,69,0,72,0,False,,,0,,,,,,0,50,balanced_sp,
P6426,Sung,Li,1993-01-14,68,220,Asian,medium,black,clean_shaven,R,LF,,0,,,51,50,50,51,50,50,58,52,52,50,,,,,,,,,,,,46,44,46,48,50,0,0,52,47,45,,,,,,,,,,,,False,,,0,,,,,,0,50,,balanced
P8915,Xavier,Jefferson,1993-05-28,75,219,African,medium,black,clean_shaven,L,CF,,0,,,54,48,70,50,51,50,42,53,48,52,,,,,,,,,,,,52,42,67,50,51,0,0,53,41,49,,,,,,,,,,,,False,,,0,,,,,,0,50,,speed
P9219,Francisco,Morales,2002-01-06,77,168,Hispanic,light,black,clean_shaven,R,RF,,0,,,53,56,53,52,50,52,56,49,53,50,,,,,,,,,,,,68,71,61,59,50,0,0,49,64,56,,,,,,,,,,,,False,,,0,,,,,,0,50,,gap
P8331,Percy,Gaines,2003-11-14,70,224,African,medium,brown,beard,R,C,,0,,,54,48,53,53,51,51,58,51,51,51,,,,,,,,,,,,67,61,61,64,51,0,0,51,63,59,,,,,,,,,,,,False,,,0,,,,,,0,50,,spray
P4475,Sung,Pham,2004-12-01,75,241,Asian,medium,black,mustache,R,LF,,0,,,50,62,48,49,47,53,58,50,50,51,,,,,,,,,,,,80,86,69,71,47,0,0,50,63,72,,,,,,,,,,,,False,,,0,,,,,,0,50,,power
P7551,Rufus,Jackson,1997-06-24,77,183,African,dark,brown,goatee,S,C,,0,,,52,51,49,51,51,51,52,52,50,51,,,,,,,,,,,,53,52,46,51,51,0,0,52,45,55,,,,,,,,,,,,False,,,0,,,,,,0,50,,balanced
P5891,Reinaldo,Pilgreen,2004-10-07,71,200,Anglo,light,blonde,beard,R,CF,,0,,,49,53,52,51,49,51,50,49,47,48,,,,,,,,,,,,62,75,62,81,49,0,0,49,75,68,,,,,,,,,,,,False,,,0,,,,,,0,50,,balanced
P8136,Jorge,Gonzalez,1995-01-16,73,227,Hispanic,medium,brown,clean_shaven,R,3B,,0,,,49,51,50,50,51,49,60,51,48,49,,,,,,,,,,,,47,49,49,55,51,0,0,51,52,50,,,,,,,,,,,,False,,,0,,,,,,0,50,,average
P3372,Sung,Liu,2007-12-25,71,220,Asian,medium,black,clean_shaven,R,P,,1,RP,CL,,,,,55,,,,50,54,50,51,52,51,52,56,0,65,0,0,0,,,,,0,,,,79,81,72,62,79,61,73,75,0,84,0,0,0,False,,,0,,,,,,0,50,closer,
P4858,Emerson,Mcgraff,2005-03-05,71,164,Anglo,medium,brown,clean_shaven,L,P,,1,RP,SP,,,,,49,,,,53,52,53,52,52,53,49,61,61,60,56,0,0,,,,,0,,,,83,64,76,68,78,66,70,86,76,72,82,0,0,False,,,0,,,,,,0,50,finesse_sp,
P8590,Jermaine,Green,2004-05-06,69,231,African,dark,black,clean_shaven,L,P,,1,RP,CL,,,,,49,,,,50,50,48,52,52,49,51,0,0,67,0,0,0,,,,,0,,,,65,67,65,80,77,77,72,0,0,95,0,0,0,False,,,0,,,,,,0,50,closer,
P9337,Sung,Yamamoto,2004-12-09,78,183,Asian,medium,black,clean_shaven,L,P,,1,RP,CL,,,,,51,,,,49,53,50,50,52,53,54,59,0,67,0,0,0,,,,,0,,,,60,67,70,75,72,65,74,85,0,90,0,0,0,False,,,0,,,,,,0,50,closer,
P4566,Yong,Zhang,2004-03-05,76,197,Asian,medium,black,clean_shaven,L,P,,1,RP,RP,,,,,45,,,,53,51,50,51,52,50,51,58,0,0,0,0,0,,,,,70,,,,81,66,77,62,72,71,69,82,0,0,0,0,0,False,,,0,,,,,,0,50,finesse_rp,
P4295,Percy,Baker,2007-08-01,68,208,African,dark,black,goatee,R,3B,,0,,,54,49,52,50,51,50,60,49,49,51,,,,,,,,,,,,84,76,82,78,51,0,0,49,62,63,,,,,,,,,,,,False,,,0,,,,,,0,50,,balanced
P4500,Sung,Choi,2006-12-14,74,192,Asian,medium,black,clean_shaven,S,LF,,0,,,53,49,92,52,50,50,52,50,50,49,,,,,,,,,,,,83,75,99,69,50,0,0,50,66,71,,,,,,,,,,,,False,,,0,,,,,,0,50,,elite_speed
P5843,Tyrone,Jefferson,2006-08-08,73,172,African,dark,black,beard,R,3B,,0,,,58,49,53,52,54,49,57,50,50,49,,,,,,,,,,,,69,64,67,65,54,0,0,50,64,70,,,,,,,,,,,,False,,,0,,,,,,0,50,,spray
P9463,Rufus,Gaines,2006-10-28,77,184,African,dark,black,beard,L,2B,,0,,,51,52,52,51,52,51,47,49,51,49,,,,,,,,,,,,79,62,76,70,52,0,0,49,65,77,,,,,,,,,,,,False,,,0,,,,,,0,50,,balanced
P7751,Mose,Hadson,2006-08-14,70,162,Anglo,light,blonde,clean_shaven,R,3B,,0,,,49,51,52,51,48,50,55,51,48,48,,,,,,,,,,,,77,80,80,79,48,0,0,51,74,65,,,,,,,,,,,,False,,,0,,,,,,0,50,,balanced
P1334,Yong,Wang,1994-04-16,69,176,Asian,dark,black,goatee,L,P,,1,RP,CL,,,,,55,,,,49,52,49,50,52,53,52,56,58,66,0,0,0,,,,,0,,,,45,56,46,54,44,56,57,53,58,64,0,0,0,False,,,0,,,,,,0,50,closer,
P3486,Rufus,King,1999-05-26,72,169,African,dark,black,clean_shaven,R,P,,1,RP,CL,,,,,51,,,,53,51,47,50,54,49,54,0,0,66,0,0,0,,,,,0,,,,62,63,62,59,61,62,69,0,0,75,0,0,0,False,,,0,,,,,,0,50,closer,
P3321,Isiah,Cruikshank,1995-02-07,71,211,Anglo,light,brown,clean_shaven,R,P,,1,RP,CL,,,,,49,,,,51,52,51,52,52,52,52,56,61,65,0,0,0,,,,,0,,,,54,57,49,47,51,57,51,59,62,68,0,0,0,False,,,0,,,,,,0,50,closer,
P4939,Percy,Allen,2001-02-24,78,205,African,dark,black,clean_shaven,R,P,,1,RP,SP,,,,,48,,,,50,51,52,50,52,50,52,0,59,59,0,0,0,,,,,0,,,,64,57,55,66,62,61,65,0,74,70,0,0,0,False,,,0,,,,,,0,50,workhorse_sp,
P6629,Jude,Scharf,1995-05-08,72,196,Anglo,light,blonde,clean_shaven,L,P,,1,RP,RP,,,,,50,,,,51,52,48,51,52,52,51,60,0,0,0,0,0,,,,,0,,,,48,48,49,48,43,47,50,62,0,0,0,0,0,False,,,0,,,,,,0,50,finesse_rp,
P4690,Pedro,Garcia,1999-02-13,68,229,Hispanic,medium,blonde,mustache,R,P,,1,RP,SP,,,,,50,,,,50,50,53,53,52,51,51,57,61,0,60,0,0,,,,,0,,,,56,59,60,63,60,61,64,68,68,0,67,0,0,False,,,0,,,,,,0,50,groundball_sp,
P9236,Glenn,Klaja,2005-01-26,69,219,Anglo,light,brown,clean_shaven,R,P,,1,RP,LR,,,,,53,,,,49,50,49,51,53,53,51,0,63,64,0,0,0,,,,,0,,,,64,70,63,69,71,63,75,0,88,90,0,0,0,False,,,0,,,,,,0,50,long_relief,
P2548,Dwain,Heape,1989-09-10,75,235,Anglo,light,red,clean_shaven,R,P,,1,RP,SP,,,,,52,,,,52,53,52,52,52,48,53,60,60,60,0,57,0,,,,,0,,,,48,53,44,44,43,45,48,60,55,56,0,52,0,False,,,0,,,,,,0,50,balanced_sp,
P1788,Sung,Chen,1988-01-05,74,209,Asian,medium,black,goatee,R,P,,1,RP,SP,,,,,52,,,,53,52,51,51,52,52,53,60,64,0,58,53,0,,,,,0,,,,49,47,46,46,41,51,45,58,56,0,53,45,0,False,,,0,,,,,,0,50,finesse_sp,
P4579,Lorenzo,Unkn,2001-04-25,74,226,Anglo,medium,blonde,clean_shaven,L,P,,1,RP,SP,,,,,48,,,,51,51,54,51,52,48,49,61,0,62,0,0,0,,,,,0,,,,64,61,56,57,68,60,55,76,0,73,0,0,0,False,,,0,,,,,,0,50,workhorse_sp,
P4030,Jose,Perez,2000-01-11,72,200,Hispanic,medium,black,beard,S,P,,1,RP,RP,,,,,50,,,,49,51,53,51,54,51,50,59,62,0,0,0,0,,,,,0,,,,60,63,63,59,68,63,57,65,74,0,0,0,0,False,,,0,,,,,,0,50,finesse_rp,
P2082,Anthony,Gouthier,2001-11-26,78,178,Anglo,light,black,beard,R,C,,0,,,53,48,83,52,52,50,55,48,53,51,,,,,,,,,,,,64,56,94,59,52,0,0,48,64,59,,,,,,,,,,,,False,,,0,,,,,,0,50,,speed
P3007,Luis,Cruz,1991-02-26,74,246,Hispanic,dark,brown,clean_shaven,R,1B,,0,,,53,57,50,49,50,52,54,50,49,49,,,,,,,,,,,,52,49,43,42,50,0,0,50,47,43,,,,,,,,,,,,False,,,0,,,,,,0,50,,balanced
P7434,Yong,Khan,1999-01-24,72,200,Asian,medium,black,clean_shaven,R,2B,,0,,,52,50,49,50,49,51,56,52,52,53,,,,,,,,,,,,67,57,54,62,49,0,0,52,57,68,,,,,,,,,,,,False,,,0,,,,,,0,50,,balanced
P1062,Chauncey,Thomison,2000-11-29,77,203,Anglo,medium,black,goatee,R,3B,,0,,,53,53,50,50,50,50,55,52,49,51,,,,,,,,,,,,59,61,62,63,50,0,0,52,58,61,,,,,,,,,,,,False,,,0,,,,,,0,50,,balanced
P9103,Deshawn,Green,1997-08-17,73,179,African,medium,black,clean_shaven,R,SS,,0,,,49,53,52,51,52,50,59,52,52,51,,,,,,,,,,,,49,57,54,47,52,0,0,52,51,54,,,,,,,,,,,,False,,,0,,,,,,0,50,,average
P2629,Leroy,Carter,1993-06-30,70,210,African,dark,black,mustache,L,LF,,0,,,51,48,92,53,51,50,51,50,49,49,,,,,,,,,,,,43,45,86,50,51,0,0,50,47,41,,,,,,,,,,,,False,,,0,,,,,,0,50,,elite_speed
P6172,Ariel,Bossen,1992-06-05,68,191,Anglo,light,black,mustache,L,CF,,0,,,54,50,53,53,52,50,44,52,51,49,,,,,,,,,,,,48,47,46,50,52,0,0,52,48,45,,,,,,,,,,,,False,,,0,,,,,,0,50,,balanced
P7348,Juan,Castillo,1996-12-07,72,202,Hispanic,dark,brown,mustache,L,RF,,0,,,49,50,52,50,49,50,49,50,50,49,,,,,,,,,,,,50,52,48,55,49,0,0,50,52,46,,,,,,,,,,,,False,,,0,,,,,,0,50,,average
P5160,Deshawn,Washington,1993-09-13,73,248,African,dark,black,clean_shaven,L,CF,,0,,,53,50,52,50,49,54,43,50,52,50,,,,,,,,,,,,45,40,44,43,49,0,0,50,42,44,,,,,,,,,,,,False,,,0,,,,,,0,50,,balanced
P1043,Deshawn,Taylor,1990-08-14,78,228,African,dark,black,goatee,R,3B,,0,,,58,52,52,54,52,51,56,52,51,49,,,,,,,,,,,,49,46,47,50,52,0,0,52,44,45,,,,,,,,,,,,False,,,0,,,,,,0,50,,spray
P7067,Rufus,Mitchell,2004-04-05,70,241,African,dark,brown,clean_shaven,R,C,,0,,,53,52,50,52,51,49,56,52,51,48,,,,,,,,,,,,83,82,64,75,51,0,0,52,66,77,,,,,,,,,,,,False,,,0,,,,,,0,50,,average
P6503,Willis,Matheney,2005-02-07,74,206,Anglo,dark,blonde,mustache,L,CF,,0,,,51,54,50,52,51,53,46,49,48,52,,,,,,,,,,,,70,73,65,72,51,0,0,49,71,75,,,,,,,,,,,,False,,,0,,,,,,0,50,,balanced
P2185,Ira,Chomka,2000-03-16,73,175,Anglo,light,blonde,goatee,L,CF,,0,,,54,49,70,53,50,51,45,47,48,52,,,,,,,,,,,,61,61,82,62,50,0,0,47,59,66,,,,,,,,,,,,False,,,0,,,,,,0,50,,speed
P4636,Glenn,Freehling,2003-11-22,75,194,Anglo,dark,blonde,clean_shaven,S,LF,,0,,,52,50,51,51,48,48,50,51,50,53,,,,,,,,,,,,57,58,63,59,48,0,0,51,61,67,,,,,,,,,,,,False,,,0,,,,,,0,50,,gap
P4621,Sung,Le,1990-04-21,70,219,Asian,light,brown,clean_shaven,R,P,,1,RP,CL,,,,,55,,,,51,50,48,50,52,49,54,0,0,66,0,0,0,,,,,0,,,,47,50,43,45,45,45,47,0,0,65,0,0,0,False,,,0,,,,,,0,50,closer,
P5982,Deshawn,Scott,2004-02-18,75,229,African,dark,black,clean_shaven,L,P,,1,RP,SP,,,,,47,,,,51,50,52,52,53,49,49,62,63,61,56,0,0,,,,,0,,,,66,62,57,67,58,64,57,69,78,68,65,0,0,False,,,0,,,,,,0,50,finesse_sp,
P4544,David,Tuten,1994-03-13,69,230,Anglo,medium,brown,clean_shaven,R,P,,1,RP,CL,,,,,51,,,,52,50,49,51,52,53,52,58,60,65,0,0,0,,,,,0,,,,56,53,55,57,48,51,53,54,58,61,0,0,0,False,,,0,,,,,,0,50,closer,
P2291,Sung,Zhang,2002-02-08,70,239,Asian,light,black,clean_shaven,R,P,,1,RP,RP,,,,,49,,,,49,48,50,52,52,51,50,60,60,0,0,0,0,,,,,0,,,,64,59,61,66,55,62,64,75,65,0,0,0,0,False,,,0,,,,,,0,50,finesse_rp,
P3637,Carlos,Ramos,2004-03-08,72,204,Hispanic,medium,black,clean_shaven,R,P,,1,RP,SP,,,,,52,,,,49,52,51,51,52,50,53,62,61,59,0,0,0,,,,,0,,,,78,82,74,65,62,79,82,84,88,80,0,0,0,False,,,0,,,,,,0,50,workhorse_sp,
P5460,Luis,Vasquez,1992-01-06,75,238,Hispanic,medium,black,goatee,L,P,,1,RP,SP,,,,,48,,,,52,53,54,52,52,50,51,61,0,61,0,0,0,,,,,0,,,,43,50,47,46,50,46,42,54,0,51,0,0,0,False,,,0,,,,,,0,50,balanced_sp,
P4343,Fernando,Garcia,1991-03-01,78,231,Hispanic,light,brown,clean_shaven,S,P,,1,RP,SP,,,,,51,,,,49,52,51,51,52,52,53,61,59,60,59,0,0,,,,,0,,,,49,43,46,42,48,51,53,55,58,52,57,0,0,False,,,0,,,,,,0,50,groundball_sp,
P1963,Xavier,Walker,1997-02-20,77,166,African,dark,brown,clean_shaven,R,CF,,0,,,50,48,77,53,52,50,53,49,49,50,,,,,,,,,,,,45,47,82,56,52,0,0,49,49,50,,,,,,,,,,,,False,,,0,,,,,,0,50,,speed
P3354,Cristopher,Kole,1990-03-17,71,204,Anglo,light,red,clean_shaven,R,LF,3B,0,,,50,62,46,52,48,53,58,53,48,48,,,,,,,,,,,,42,62,37,43,48,0,0,53,39,42,,,,,,,,,,,,False,,,0,,,,,,0,50,,power
P8849,Russ,Tomlinson,1997-05-03,69,185,Anglo,light,blonde,clean_shaven,L,LF,,0,,,53,52,70,51,51,52,47,53,50,50,,,,,,,,,,,,53,48,65,51,51,0,0,53,47,52,,,,,,,,,,,,False,,,0,,,,,,0,50,,speed
P2016,Cedric,White,1997-02-18,78,214,African,dark,black,goatee,R,C,,0,,,49,56,51,49,48,53,57,52,50,53,,,,,,,,,,,,47,51,53,45,48,0,0,52,53,54,,,,,,,,,,,,False,,,0,,,,,,0,50,,power
P3273,Yong,Hassan,2000-01-06,70,191,Asian,light,black,mustache,R,C,,0,,,52,51,49,51,49,53,57,52,53,53,,,,,,,,,,,,66,62,61,56,49,0,0,52,67,58,,,,,,,,,,,,False,,,0,,,,,,0,50,,average
P7694,Edwardo,Priore,1994-04-18,76,204,Anglo,light,brown,clean_shaven,R,SS,,0,,,49,50,52,50,49,48,61,51,51,50,,,,,,,,,,,,53,51,57,53,49,0,0,51,56,49,,,,,,,,,,,,False,,,0,,,,,,0,50,,average
P3603,Randy,Escorcia,1987-09-06,77,162,Anglo,light,brown,beard,R,1B,,0,,,52,60,50,51,51,52,55,49,49,53,,,,,,,,,,,,47,59,50,41,51,0,0,49,40,50,,,,,,,,,,,,False,,,0,,,,,,0,50,,balanced
P8236,Yong,Patel,1990-12-06,74,236,Asian,medium,black,goatee,S,RF,,0,,,50,54,52,52,48,53,50,50,48,49,,,,,,,,,,,,46,50,44,46,48,0,0,50,38,39,,,,,,,,,,,,False,,,0,,,,,,0,50,,balanced
P6975,Jorge,Rivera,2006-02-13,71,220,Hispanic,medium,blonde,goatee,R,P,,1,RP,CL,,,,,55,,,,50,53,52,50,52,53,53,61,60,66,0,0,0,,,,,0,,,,78,77,62,73,76,71,80,85,78,93,0,0,0,False,,,0,,,,,,0,50,closer,
P2852,Jamal,Mitchell,2007-07-15,71,227,African,medium,black,clean_shaven,L,P,,1,RP,RP,,,,,52,,,,49,54,48,50,52,49,53,0,59,63,0,0,0,,,,,0,,,,73,72,62,67,67,64,76,0,88,91,0,0,0,False,,,0,,,,,,0,50,power_rp,
P3546,Nigel,Bielecki,2004-12-12,75,186,Anglo,dark,brown,beard,R,P,,1,RP,CL,,,,,49,,,,50,51,48,50,54,52,56,0,58,65,0,0,0,,,,,0,,,,80,61,66,79,59,80,73,0,75,90,0,0,0,False,,,0,,,,,,0,50,closer,
P9344,Tyrone,Taylor,2005-03-14,76,227,African,light,black,clean_shaven,R,P,,1,RP,SP,,,,,50,,,,51,49,53,50,54,49,49,60,60,58,0,0,0,,,,,0,,,,76,75,61,73,69,71,71,78,80,73,0,0,0,False,,,0,,,,,,0,50,workhorse_sp,
P2474,Antonio,Martinez,2006-02-08,74,216,Hispanic,light,brown,clean_shaven,L,P,,1,RP,RP,,,,,57,,,,52,52,51,50,52,53,54,0,59,66,63,0,0,,,,,0,,,,76,64,68,72,79,67,64,0,71,87,77,0,0,False,,,0,,,,,,0,50,groundball_rp,
P2240,Yong,Choi,2006-08-08,74,211,Asian,medium,black,clean_shaven,S,RF,,0,,,50,57,51,50,50,49,50,51,48,50,,,,,,,,,,,,78,83,78,73,50,0,0,51,65,63,,,,,,,,,,,,False,,,0,,,,,,0,50,,power
P6039,Olen,Spirer,2005-10-01,70,237,Anglo,medium,brown,clean_shaven,R,RF,,0,,,51,51,51,52,48,52,58,47,50,51,,,,,,,,,,,,79,72,78,71,48,0,0,47,68,61,,,,,,,,,,,,False,,,0,,,,,,0,50,,average
P9879,Jose,Castillo,2004-07-16,72,171,Hispanic,light,brown,goatee,S,CF,,0,,,54,54,50,53,48,50,46,52,49,52,,,,,,,,,,,,68,64,61,63,48,0,0,52,79,62,,,,,,,,,,,,False,,,0,,,,,,0,50,,gap
P1454,Yong,Le,2005-07-19,70,240,Asian,light,black,clean_shaven,S,1B,,0,,,52,58,53,49,52,50,50,51,49,49,,,,,,,,,,,,81,68,65,64,52,0,0,51,69,79,,,,,,,,,,,,False,,,0,,,,,,0,50,,balanced
P2902,Leroy,Gaines,2005-01-16,70,198,African,medium,black,clean_shaven,R,C,,0,,,49,51,52,49,52,53,59,48,52,49,,,,,,,,,,,,61,73,75,63,52,0,0,48,72,65,,,,,,,,,,,,False,,,0,,,,,,0,50,,balanced
P7784,Sung,Wang,1992-04-29,74,212,Asian,light,black,clean_shaven,L,P,,1,RP,CL,,,,,55,,,,52,53,52,50,52,49,51,0,0,66,0,0,0,,,,,0,,,,52,44,40,50,42,44,50,0,0,63,0,0,0,False,,,0,,,,,,0,50,closer,
P9983,Ulysses,Wassell,1993-10-20,70,207,Anglo,light,blonde,clean_shaven,S,P,,1,RP,SP,,,,,52,,,,50,52,53,53,54,50,50,63,60,60,0,55,0,,,,,0,,,,41,47,48,50,50,48,41,54,58,56,0,45,0,False,,,0,,,,,,0,50,finesse_sp,
P5321,Aldo,Beliard,1994-04-03,77,215,Anglo,light,brown,clean_shaven,L,P,,1,RP,RP,,,,,51,,,,50,52,48,52,54,51,52,0,59,64,0,0,0,,,,,0,,,,54,53,55,53,47,48,50,0,60,61,0,0,0,False,,,0,,,,,,0,50,power_rp,
P7091,Juan,Vargas,1991-07-23,77,208,Hispanic,medium,black,goatee,L,P,,1,RP,RP,,,,,55,,,,51,53,50,53,52,50,51,0,58,67,62,0,0,,,,,0,,,,50,53,52,46,41,48,48,0,51,66,58,0,0,False,,,0,,,,,,0,50,groundball_rp,
P1754,Galen,Marchuk,2001-08-11,75,234,Anglo,light,brown,clean_shaven,L,P,,1,RP,SP,,,,,49,,,,51,51,54,51,53,50,49,60,61,61,57,0,0,,,,,0,,,,64,60,66,65,62,56,63,73,75,74,71,0,0,False,,,0,,,,,,0,50,balanced_sp,
P7625,Tom,Vlach,1987-12-21,68,219,Anglo,light,brown,clean_shaven,S,P,,1,RP,SP,,,,,51,,,,48,50,51,50,52,51,50,61,60,62,58,0,0,,,,,0,,,,46,41,43,51,43,49,42,61,55,54,57,0,0,False,,,0,,,,,,0,50,groundball_sp,
P4928,Raul,Delgado,1996-09-12,68,234,Hispanic,dark,black,clean_shaven,L,P,,1,RP,RP,,,,,53,,,,52,53,48,51,54,49,53,58,61,0,0,57,0,,,,,0,,,,55,55,49,55,53,46,57,55,59,0,0,52,0,False,,,0,,,,,,0,50,finesse_rp,
P1289,Eduardo,Garcia,1997-07-02,72,235,Hispanic,light,brown,goatee,L,P,,1,RP,LR,,,,,52,,,,48,49,53,51,54,50,53,59,59,65,0,0,0,,,,,0,,,,52,46,46,55,55,48,52,57,64,63,0,0,0,False,,,0,,,,,,0,50,long_relief,
P9580,Yong,Chen,1991-03-11,74,182,Asian,medium,black,clean_shaven,R,P,,1,RP,SP,,,,,49,,,,50,53,52,51,53,52,53,63,0,59,0,0,0,,,,,0,,,,48,47,43,50,50,47,49,54,0,50,0,0,0,False,,,0,,,,,,0,50,balanced_sp,
P5327,Jermaine,Mitchell,1990-10-25,75,249,African,dark,black,mustache,L,P,,1,RP,SP,,,,,51,,,,51,53,52,51,52,49,51,0,60,59,0,0,0,,,,,0,,,,49,49,44,46,44,46,46,0,56,54,0,0,0,False,,,0,,,,,,0,50,power_sp,
P1474,Francisco,Flores,1995-08-28,74,247,Hispanic,light,black,beard,R,P,,1,RP,SP,,,,,51,,,,48,51,53,51,52,51,51,62,60,58,0,0,0,,,,,0,,,,48,51,51,50,48,52,48,58,63,53,0,0,0,False,,,0,,,,,,0,50,power_sp,
P3707,Ricardo,Castillo,2001-07-24,68,211,Hispanic,medium,black,clean_shaven,R,C,,0,,,53,52,50,51,50,50,57,52,51,51,,,,,,,,,,,,61,64,60,64,50,0,0,52,61,58,,,,,,,,,,,,False,,,0,,,,,,0,50,,average
P9398,Fernando,Castillo,1989-04-25,74,167,Hispanic,dark,red,beard,L,1B,,0,,,51,54,52,52,51,53,44,48,51,53,,,,,,,,,,,,46,46,50,49,51,0,0,48,42,49,,,,,,,,,,,,False,,,0,,,,,,0,50,,balanced
P4986,Yong,Tran,1988-02-11,78,180,Asian,medium,black,mustache,R,2B,,0,,,61,51,50,55,51,48,55,50,49,53,,,,,,,,,,,,61,46,48,54,51,0,0,50,41,44,,,,,,,,,,,,False,,,0,,,,,,0,50,,spray
P7788,Carlos,Mendoza,1998-03-23,73,221,Hispanic,dark,black,clean_shaven,S,3B,,0,,,51,54,49,50,48,50,55,48,49,51,,,,,,,,,,,,61,67,62,55,48,0,0,48,61,59,,,,,,,,,,,,False,,,0,,,,,,0,50,,balanced
P3642,Alberto,Viscome,1990-09-09,76,165,Anglo,medium,brown,beard,R,SS,,0,,,60,49,52,57,53,48,61,52,48,51,,,,,,,,,,,,53,44,45,53,53,0,0,52,42,48,,,,,,,,,,,,False,,,0,,,,,,0,50,,spray
P7270,Sung,Hassan,1995-11-03,71,235,Asian,medium,black,mustache,R,LF,,0,,,54,54,53,52,50,53,54,52,49,52,,,,,,,,,,,,54,56,58,49,50,0,0,52,48,50,,,,,,,,,,,,False,,,0,,,,,,0,50,,gap
P1712,Garth,Dispirito,1999-08-16,71,243,Anglo,medium,red,goatee,L,CF,,0,,,54,51,51,50,53,51,46,53,49,52,,,,,,,,,,,,65,66,59,58,53,0,0,53,62,61,,,,,,,,,,,,False,,,0,,,,,,0,50,,average
P8614,Alejandro,Diaz,1989-09-14,69,210,Hispanic,medium,blonde,mustache,R,RF,,0,,,50,50,50,51,52,53,50,53,49,48,,,,,,,,,,,,41,40,49,44,52,0,0,53,45,38,,,,,,,,,,,,False,,,0,,,,,,0,50,,balanced
P2325,Abel,Bernhagen,2003-04-06,70,225,Anglo,light,brown,clean_shaven,R,C,,0,,,49,54,50,52,50,52,57,53,50,52,,,,,,,,,,,,56,62,64,65,50,0,0,53,55,63,,,,,,,,,,,,False,,,0,,,,,,0,50,,balanced
P3092,Marcelo,Rubulcaba,1991-07-02,74,162,Anglo,light,blonde,mustache,R,C,,0,,,49,57,49,50,52,52,58,50,49,49,,,,,,,,,,,,47,53,45,43,52,0,0,50,44,43,,,,,,,,,,,,False,,,0,,,,,,0,50,,power
P8755,Deshawn,King,1997-10-21,77,171,African,dark,brown,mustache,R,2B,,0,,,62,49,50,54,51,47,55,51,49,51,,,,,,,,,,,,58,51,55,49,51,0,0,51,54,51,,,,,,,,,,,,False,,,0,,,,,,0,50,,spray
P1166,Cedric,Allen,1989-09-22,77,221,African,dark,black,mustache,L,1B,,0,,,61,53,52,55,53,50,45,48,49,50,,,,,,,,,,,,51,45,46,50,53,0,0,48,43,42,,,,,,,,,,,,False,,,0,,,,,,0,50,,spray
P2041,Yong,Park,1998-07-19,68,241,Asian,medium,black,clean_shaven,L,RF,,0,,,49,57,50,49,48,49,45,52,52,51,,,,,,,,,,,,63,68,65,58,48,0,0,52,67,59,,,,,,,,,,,,False,,,0,,,,,,0,50,,power
P9540,Xavier,Jackson,1987-09-17,68,233,African,dark,black,clean_shaven,R,SS,CF,0,,,50,50,53,50,53,48,55,53,50,51,,,,,,,,,,,,47,46,48,50,53,0,0,53,42,50,,,,,,,,,,,,False,,,0,,,,,,0,50,,average
P8585,Rufus,Allen,1988-05-16,73,197,African,dark,brown,mustache,R,P,,1,RP,CL,,,,,55,,,,48,52,47,53,55,52,56,0,58,66,0,0,0,,,,,0,,,,42,43,48,45,44,45,48,0,49,56,0,0,0,False,,,0,,,,,,0,50,closer,
P3721,Sung,Tran,2004-02-04,68,164,Asian,medium,black,clean_shaven,R,P,,1,RP,RP,,,,,55,,,,53,51,50,50,52,52,51,58,62,0,63,0,0,,,,,0,,,,67,65,61,59,61,64,63,72,73,0,70,0,0,False,,,0,,,,,,0,50,groundball_rp,
P3378,Sung,Patel,1997-12-04,77,215,Asian,medium,black,clean_shaven,S,P,,1,RP,SP,,,,,50,,,,52,53,53,50,53,49,51,58,61,0,0,0,0,,,,,0,,,,47,49,48,50,54,51,53,53,64,0,0,0,0,False,,,0,,,,,,0,50,balanced_sp,
P8000,Jamal,Walker,1987-05-03,70,223,African,dark,brown,clean_shaven,R,P,,1,RP,SP,,,,,51,,,,50,53,50,50,52,51,51,61,62,62,54,0,0,,,,,0,,,,41,48,48,43,40,41,50,57,62,53,54,0,0,False,,,0,,,,,,0,50,balanced_sp,
P2047,Benjamin,Jeffris,2004-11-11,74,195,Anglo,light,brown,goatee,R,P,,1,RP,SP,,,,,52,,,,50,50,54,53,52,50,51,61,60,61,57,0,0,,,,,0,,,,62,76,66,79,81,73,69,89,80,74,79,0,0,False,,,0,,,,,,0,50,balanced_sp,
P7481,Sung,Lin,1989-12-26,72,231,Asian,medium,black,mustache,L,P,,1,RP,SP,,,,,51,,,,49,52,51,51,54,52,49,62,0,0,58,0,0,,,,,0,,,,49,51,41,48,46,49,45,53,0,0,58,0,0,False,,,0,,,,,,0,50,groundball_sp,
P7615,Sung,Park,2000-04-14,68,169,Asian,light,black,clean_shaven,R,P,,1,RP,SP,,,,,53,,,,50,49,50,50,54,50,52,0,0,60,60,0,0,,,,,0,,,,58,56,63,59,64,56,66,0,0,69,75,0,0,False,,,0,,,,,,0,50,groundball_sp,
P3432,Raul,Castillo,2000-11-11,76,205,Hispanic,light,black,clean_shaven,R,3B,,0,,,48,57,48,51,49,50,56,51,48,50,,,,,,,,,,,,63,66,61,63,49,0,0,51,62,61,,,,,,,,,,,,False,,,0,,,,,,0,50,,power
P8617,Jerald,Shaklee,1988-02-04,71,205,Anglo,light,black,clean_shaven,R,1B,,0,,,52,57,50,52,52,53,55,50,48,49,,,,,,,,,,,,49,51,43,46,52,0,0,50,48,44,,,,,,,,,,,,False,,,0,,,,,,0,50,,balanced
P4520,Domingo,Flaherty,1993-02-20,72,205,Anglo,dark,black,beard,R,SS,,0,,,49,49,53,48,48,51,60,50,51,47,,,,,,,,,,,,48,42,51,39,48,0,0,50,43,42,,,,,,,,,,,,False,,,0,,,,,,0,50,,balanced
P1280,Yong,Liu,1994-06-28,78,172,Asian,medium,black,clean_shaven,R,C,,0,,,52,51,47,53,48,52,55,53,51,49,,,,,,,,,,,,52,56,52,52,48,0,0,53,47,51,,,,,,,,,,,,False,,,0,,,,,,0,50,,balanced
P9505,Tyrone,Jackson,1994-01-30,70,236,African,medium,black,beard,R,3B,,0,,,48,54,49,51,47,49,59,48,49,49,,,,,,,,,,,,45,53,45,50,47,0,0,48,44,45,,,,,,,,,,,,False,,,0,,,,,,0,50,,power
P8811,Cedric,Green,1990-12-13,78,237,African,dark,black,clean_shaven,R,2B,,0,,,58,47,48,51,50,49,57,53,49,49,,,,,,,,,,,,48,45,39,46,50,0,0,53,49,45,,,,,,,,,,,,False,,,0,,,,,,0,50,,spray
P2320,Sung,Khan,1991-04-21,73,240,Asian,medium,black,clean_shaven,R,2B,,0,,,54,49,49,53,49,49,58,49,52,52,,,,,,,,,,,,54,43,40,43,49,0,0,49,52,51,,,,,,,,,,,,False,,,0,,,,,,0,50,,balanced
P1156,Percy,Washington,1996-06-11,75,214,African,dark,black,clean_shaven,L,CF,,0,,,53,50,50,51,50,50,43,50,50,52,,,,,,,,,,,,52,45,48,52,50,0,0,50,55,48,,,,,,,,,,,,False,,,0,,,,,,0,50,,balanced
P9564,Malik,Allen,2007-03-11,76,232,African,dark,black,clean_shaven,L,P,,1,RP,CL,,,,,55,,,,49,54,50,50,52,53,53,0,0,66,0,0,0,,,,,0,,,,59,80,79,82,67,67,81,0,0,93,0,0,0,False,,,0,,,,,,0,50,closer,
P6397,Tyrone,Young,2007-10-28,71,206,African,dark,black,clean_shaven,R,P,,1,RP,LR,,,,,50,,,,50,48,49,50,52,51,49,56,0,0,0,0,0,,,,,0,,,,69,58,76,67,69,79,61,75,0,0,0,0,0,False,,,0,,,,,,0,50,long_relief,
P4143,Hector,Sanchez,2004-08-30,78,162,Hispanic,light,black,clean_shaven,L,P,,1,RP,SP,,,,,49,,,,52,52,51,52,54,52,51,58,59,62,0,0,0,,,,,0,,,,63,62,64,65,80,64,67,77,73,73,0,0,0,False,,,0,,,,,,0,50,finesse_sp,
P8718,Otto,Parlor,2007-10-12,68,242,Anglo,light,brown,clean_shaven,L,P,,1,RP,RP,,,,,54,,,,49,48,49,50,52,50,52,61,61,66,0,0,0,,,,,0,,,,66,71,72,67,71,79,66,89,84,82,0,0,0,False,,,0,,,,,,0,50,finesse_rp,
P3058,Curt,Jozsa,2006-08-14,78,200,Anglo,dark,blonde,goatee,R,P,,1,RP,SP,,,,,50,,,,51,51,54,50,52,49,52,57,62,60,59,0,0,,,,,0,,,,67,66,60,72,66,66,79,84,75,73,88,0,0,False,,,0,,,,,,0,50,groundball_sp,
P4118,Ricardo,Ortiz,2005-05-23,68,230,Hispanic,medium,brown,clean_shaven,L,2B,,0,,,59,52,48,55,51,48,48,48,48,51,,,,,,,,,,,,71,72,60,72,51,0,0,48,74,64,,,,,,,,,,,,False,,,0,,,,,,0,50,,spray
P6178,Antonio,Flores,2007-11-08,69,248,Hispanic,medium,black,mustache,R,2B,,0,,,53,47,70,54,50,49,56,51,50,50,,,,,,,,,,,,83,64,88,73,50,0,0,51,63,63,,,,,,,,,,,,False,,,0,,,,,,0,50,,speed
P8986,Seymour,Grew,2007-01-03,70,239,Anglo,medium,black,clean_shaven,S,RF,C,0,,,53,59,49,51,50,52,53,51,51,52,,,,,,,,,,,,81,72,73,71,50,0,0,51,77,81,,,,,,,,,,,,False,,,0,,,,,,0,50,,power
P4419,Manuel,Castillo,2005-05-11,71,176,Hispanic,medium,black,clean_shaven,R,LF,,0,,,52,58,51,53,52,53,57,52,53,53,,,,,,,,,,,,77,82,71,74,52,0,0,52,70,80,,,,,,,,,,,,False,,,0,,,,,,0,50,,balanced
P3226,Jayson,Masell,2007-01-17,69,230,Anglo,light,brown,clean_shaven,R,CF,,0,,,50,52,50,51,53,51,52,47,48,48,,,,,,,,,,,,80,64,78,75,53,0,0,47,73,60,,,,,,,,,,,,False,,,0,,,,,,0,50,,balanced
P9350,Tyrone,Carter,1991-12-04,69,197,African,dark,black,beard,R,P,,1,RP,CL,,,,,55,,,,49,53,48,50,52,50,52,60,58,67,0,0,0,,,,,0,,,,39,45,40,48,41,50,46,51,55,59,0,0,0,False,,,0,,,,,,0,50,closer,
P2521,Roberto,Gomez,2003-12-27,75,191,Hispanic,medium,black,goatee,S,P,,1,RP,SP,,,,,53,,,,49,48,53,50,53,49,52,61,0,0,61,0,0,,,,,0,,,,58,55,57,61,63,64,65,73,0,0,72,0,0,False,,,0,,,,,,0,50,groundball_sp,
P1644,Albert,Bertagnolli,1990-07-27,69,244,Anglo,light,blonde,clean_shaven,L,P,,1,RP,RP,,,,,51,,,,50,53,50,52,53,53,52,59,60,0,0,0,0,,,,,0,,,,48,53,42,49,48,50,45,53,57,0,0,0,0,False,,,0,,,,,,0,50,finesse_rp,
P4136,Dion,Groshek,2000-11-11,74,219,Anglo,light,brown,clean_shaven,L,P,,1,RP,SP,,,,,51,,,,49,49,54,50,52,49,49,0,61,61,0,0,0,,,,,0,,,,57,60,62,63,65,63,63,0,73,71,0,0,0,False,,,0,,,,,,0,50,balanced_sp,
P1287,Pierre,Kolb,2002-11-04,74,229,Anglo,medium,brown,clean_shaven,L,P,,1,RP,SP,,,,,51,,,,52,52,52,53,53,49,53,0,60,59,59,0,0,,,,,0,,,,65,60,59,62,61,56,58,0,74,65,68,0,0,False,,,0,,,,,,0,50,groundball_sp,
P6335,Miguel,Rodriguez,1997-07-27,69,160,Hispanic,dark,brown,beard,S,P,,1,RP,RP,,,,,52,,,,52,49,51,52,52,52,51,57,60,0,0,0,0,,,,,0,,,,55,51,51,55,46,55,46,57,62,0,0,0,0,False,,,0,,,,,,0,50,finesse_rp,
P1139,Doyle,Camerena,2001-03-15,76,191,Anglo,medium,black,clean_shaven,R,P,,1,RP,SP,,,,,50,,,,50,49,50,52,53,51,50,0,61,59,0,0,0,,,,,0,,,,58,63,66,60,62,57,59,0,68,68,0,0,0,False,,,0,,,,,,0,50,balanced_sp,
P5036,Fernando,Torres,1991-10-07,72,217,Hispanic,light,black,clean_shaven,R,P,,1,RP,RP,,,,,51,,,,49,53,48,52,52,51,54,0,0,67,0,0,0,,,,,0,,,,45,43,49,49,44,44,46,0,0,64,0,0,0,False,,,0,,,,,,0,50,power_rp,
P4814,Franklin,Harding,1989-05-26,77,187,Anglo,medium,red,beard,R,P,,1,RP,SP,,,,,50,,,,51,51,51,53,52,49,50,0,60,0,61,0,0,,,,,0,,,,49,50,49,43,48,40,47,0,55,0,58,0,0,False,,,0,,,,,,0,50,groundball_sp,
P6204,Cedric,Washington,1997-05-16,73,192,African,medium,black,clean_shaven,R,P,,1,RP,SP,,,,,52,,,,52,51,50,53,54,51,50,60,61,60,57,0,0,,,,,0,,,,54,50,53,49,53,47,48,60,60,57,55,0,0,False,,,0,,,,,,0,50,groundball_sp,
P4573,Jose,Garcia,1996-06-29,71,194,Hispanic,light,red,clean_shaven,L,P,,1,RP,RP,,,,,54,,,,47,50,52,50,52,50,50,0,0,0,63,0,0,,,,,0,,,,52,51,54,56,50,54,46,0,0,0,60,0,0,False,,,0,,,,,,0,50,groundball_rp,
P9801,Kendrick,Denogean,1990-01-05,77,238,Anglo,light,red,clean_shaven,L,C,,0,,,49,52,53,50,51,51,48,51,51,52,,,,,,,,,,,,42,42,43,48,51,0,0,51,50,42,,,,,,,,,,,,False,,,0,,,,,,0,50,,balanced
P3404,Tyrone,Robinson,2002-05-23,70,161,African,dark,brown,clean_shaven,L,1B,,0,,,62,68,51,51,52,52,45,50,51,51,,,,,,,,,,,,68,80,58,56,52,0,0,50,58,61,,,,,,,,,,,,False,,,0,,,,,,0,50,,gap
P2415,Anderson,Molinski,1991-09-10,73,242,Anglo,medium,brown,goatee,R,2B,,0,,,55,49,48,53,51,49,55,51,49,53,,,,,,,,,,,,52,48,47,45,51,0,0,51,41,52,,,,,,,,,,,,False,,,0,,,,,,0,50,,balanced
P8382,Hector,Lopez,1989-09-06,72,167,Hispanic,medium,black,clean_shaven,R,3B,,0,,,50,52,71,51,52,50,56,53,49,49,,,,,,,,,,,,49,45,69,51,52,0,0,53,49,43,,,,,,,,,,,,False,,,0,,,,,,0,50,,speed
P7565,Leroy,Jefferson,1997-11-12,78,209,African,dark,black,goatee,R,SS,,0,,,53,53,49,49,48,48,57,50,48,51,,,,,,,,,,,,49,57,47,52,48,0,0,50,50,46,,,,,,,,,,,,False,,,0,,,,,,0,50,,balanced
P1076,Antonio,Vasquez,1996-05-07,73,246,Hispanic,medium,blonde,clean_shaven,R,LF,,0,,,58,50,53,53,49,51,58,49,53,48,,,,,,,,,,,,61,47,51,48,49,0,0,49,49,43,,,,,,,,,,,,False,,,0,,,,,,0,50,,spray
P6562,Nicholas,Taruer,2004-08-04,72,208,Anglo,light,brown,clean_shaven,L,CF,,0,,,50,56,52,49,50,52,42,49,51,52,,,,,,,,,,,,60,74,79,77,50,0,0,49,80,78,,,,,,,,,,,,False,,,0,,,,,,0,50,,power
P5988,Cedric,Carter,1993-10-08,73,212,African,dark,black,clean_shaven,R,RF,,0,,,51,60,51,52,47,49,55,50,52,49,,,,,,,,,,,,41,56,45,44,47,0,0,50,49,40,,,,,,,,,,,,False,,,0,,,,,,0,50,,power
P6021,Luis,Sanchez,1995-09-21,74,205,Hispanic,medium,brown,clean_shaven,R,3B,,0,,,50,52,70,50,53,50,57,52,51,50,,,,,,,,,,,,49,55,66,48,53,0,0,52,52,50,,,,,,,,,,,,False,,,0,,,,,,0,50,,speed
P5144,Hector,Gomez,1998-08-28,72,182,Hispanic,medium,blonde,beard,R,3B,,0,,,48,49,70,49,52,49,59,50,47,52,,,,,,,,,,,,58,54,84,62,52,0,0,50,54,60,,,,,,,,,,,,False,,,0,,,,,,0,50,,speed
P1054,Andrew,Pfeiffer,1991-12-26,72,208,Anglo,light,black,beard,R,C,,0,,,61,50,49,50,49,47,58,49,51,49,,,,,,,,,,,,58,42,46,41,49,0,0,49,47,41,,,,,,,,,,,,False,,,0,,,,,,0,50,,spray
P4699,Malik,Washington,1996-11-04,71,209,African,dark,black,beard,R,CF,,0,,,58,52,52,52,50,47,56,50,50,51,,,,,,,,,,,,60,53,47,55,50,0,0,50,55,50,,,,,,,,,,,,False,,,0,,,,,,0,50,,spray
P6144,Deshawn,White,2001-11-27,71,229,African,dark,brown,goatee,R,LF,,0,,,50,49,51,49,49,51,58,49,49,51,,,,,,,,,,,,56,64,64,57,49,0,0,49,59,59,,,,,,,,,,,,False,,,0,,,,,,0,50,,balanced
P4035,Raul,Flores,2003-07-19,68,247,Hispanic,light,brown,clean_shaven,R,1B,,0,,,52,57,51,51,51,51,54,52,51,49,,,,,,,,,,,,67,71,65,63,51,0,0,52,62,57,,,,,,,,,,,,False,,,0,,,,,,0,50,,gap
P6647,Juan,Diaz,1999-11-17,77,196,Hispanic,light,brown,clean_shaven,R,P,,1,RP,CL,,,,,55,,,,49,50,51,50,54,53,55,0,0,66,0,0,0,,,,,0,,,,55,62,55,67,62,64,70,0,0,78,0,0,0,False,,,0,,,,,,0,50,closer,
P2139,Percy,Jackson,1994-02-06,71,190,African,dark,black,beard,L,P,,1,RP,SP,,,,,52,,,,52,51,50,51,52,48,49,0,60,59,0,0,0,,,,,0,,,,43,49,51,51,47,39,47,0,54,54,0,0,0,False,,,0,,,,,,0,50,balanced_sp,
P6108,Rafael,Rodriguez,1997-07-18,77,203,Hispanic,medium,black,beard,R,P,,1,RP,SP,,,,,49,,,,48,50,53,51,52,53,50,59,60,0,0,57,0,,,,,0,,,,46,52,56,47,56,51,47,64,63,0,0,55,0,False,,,0,,,,,,0,50,finesse_sp,
P9892,Fernando,Martinez,2000-02-25,77,234,Hispanic,light,brown,goatee,R,P,,1,RP,CL,,,,,48,,,,49,53,51,51,52,52,56,60,61,66,0,0,0,,,,,0,,,,57,67,56,61,57,59,71,69,68,72,0,0,0,False,,,0,,,,,,0,50,closer,
P6492,Darnell,Baker,1997-09-05,68,190,African,dark,black,goatee,L,P,,1,RP,RP,,,,,50,,,,52,52,52,50,52,49,56,0,62,64,0,55,0,,,,,0,,,,48,52,55,47,48,47,60,0,63,66,0,51,0,False,,,0,,,,,,0,50,power_rp,
P3795,Jamal,Harris,1990-06-16,78,225,African,medium,brown,clean_shaven,R,P,,1,RP,RP,,,,,56,,,,50,51,48,51,53,51,54,59,61,0,63,0,0,,,,,0,,,,42,44,47,50,40,48,54,50,59,0,60,0,0,False,,,0,,,,,,0,50,groundball_rp,
P3701,Hector,Flores,1991-03-24,71,172,Hispanic,dark,black,clean_shaven,R,P,,1,RP,RP,,,,,53,,,,49,51,53,53,52,49,51,59,59,0,0,0,0,,,,,0,,,,44,49,53,45,44,41,50,50,51,0,0,0,0,False,,,0,,,,,,0,50,finesse_rp,
P8643,Kent,Guerreiro,1992-05-08,72,167,Anglo,light,brown,clean_shaven,L,3B,,0,,,52,49,51,50,51,50,51,52,48,51,,,,,,,,,,,,49,47,50,46,51,0,0,52,46,45,,,,,,,,,,,,False,,,0,,,,,,0,50,,average
P4248,Rufus,Green,1997-12-03,68,213,African,dark,black,clean_shaven,L,C,,0,,,59,50,54,52,53,50,48,49,49,51,,,,,,,,,,,,62,49,59,54,53,0,0,49,51,56,,,,,,,,,,,,False,,,0,,,,,,0,50,,spray
P5124,Rufus,Harris,2000-02-01,73,190,African,dark,black,clean_shaven,L,LF,,0,,,53,54,50,51,51,53,49,52,48,52,,,,,,,,,,,,60,63,55,60,51,0,0,52,53,59,,,,,,,,,,,,False,,,0,,,,,,0,50,,balanced
P6606,Xavier,Young,1991-05-18,74,213,African,dark,black,clean_shaven,R,SS,,0,,,48,58,51,50,50,50,58,50,52,51,,,,,,,,,,,,42,51,46,48,50,0,0,50,50,48,,,,,,,,,,,,False,,,0,,,,,,0,50,,power
P2976,Jermaine,Harris,2001-06-08,72,231,African,dark,black,mustache,R,2B,,0,,,56,51,52,52,52,50,59,52,48,48,,,,,,,,,,,,70,57,59,61,52,0,0,52,54,61,,,,,,,,,,,,False,,,0,,,,,,0,50,,gap
P3533,Darnell,White,2004-09-07,68,233,African,dark,black,clean_shaven,R,C,,0,,,72,53,54,51,53,50,57,52,50,50,,,,,,,,,,,,87,70,68,79,53,0,0,52,68,72,,,,,,,,,,,,False,,,0,,,,,,0,50,,spray
P9043,Thurman,Arcilla,2001-11-24,68,216,Anglo,light,red,clean_shaven,S,3B,,0,,,50,53,52,50,48,49,52,49,48,52,,,,,,,,,,,,64,68,65,58,48,0,0,49,57,65,,,,,,,,,,,,False,,,0,,,,,,0,50,,gap
P4844,Manuel,Rodriguez,1994-05-30,69,236,Hispanic,light,black,mustache,R,C,,0,,,54,48,48,53,49,49,56,50,50,50,,,,,,,,,,,,57,49,52,51,49,0,0,50,55,45,,,,,,,,,,,,False,,,0,,,,,,0,50,,spray
P4374,Leroy,Jackson,2007-06-09,78,164,African,dark,black,mustache,R,P,,1,RP,CL,,,,,55,,,,49,52,48,50,53,52,54,0,0,66,0,0,0,,,,,0,,,,66,67,65,63,72,62,64,0,0,88,0,0,0,False,,,0,,,,,,0,50,closer,
P8495,Francisco,Rodriguez,2005-06-19,77,233,Hispanic,medium,black,goatee,L,P,,1,RP,SP,,,,,50,,,,49,53,53,50,54,49,53,0,0,59,59,0,0,,,,,0,,,,64,73,67,77,73,61,74,0,0,74,76,0,0,False,,,0,,,,,,0,50,groundball_sp,
P8996,Fernando,Vasquez,2007-08-27,71,220,Hispanic,medium,black,clean_shaven,L,P,,1,RP,SP,,,,,53,,,,49,53,53,50,54,48,52,61,61,58,0,53,0,,,,,0,,,,75,79,78,72,74,66,64,75,80,75,0,80,0,False,,,0,,,,,,0,50,workhorse_sp,
P5403,Leroy,Scott,2007-06-02,71,168,African,dark,black,clean_shaven,R,P,,1,RP,SP,,,,,49,,,,49,53,52,53,54,52,53,60,60,61,56,0,0,,,,,0,,,,61,82,72,77,66,76,79,79,76,86,69,0,0,False,,,0,,,,,,0,50,workhorse_sp,
P7347,Manual,Brasseux,2005-01-12,76,199,Anglo,light,black,clean_shaven,L,P,,1,RP,SP,,,,,49,,,,52,52,53,51,53,53,50,62,62,57,0,58,0,,,,,0,,,,71,74,66,81,65,75,73,88,85,73,0,71,0,False,,,0,,,,,,0,50,finesse_sp,
P5739,Darnell,Walker,2006-03-04,72,174,African,medium,black,clean_shaven,R,SS,,0,,,62,52,51,53,50,47,55,50,50,51,,,,,,,,,,,,73,69,71,78,50,0,0,50,67,65,,,,,,,,,,,,False,,,0,,,,,,0,50,,spray
P5933,Darnell,Mitchell,2005-08-18,69,249,African,dark,black,clean_shaven,R,2B,,0,,,54,51,48,53,51,49,59,50,51,50,,,,,,,,,,,,69,67,76,76,51,0,0,50,68,64,,,,,,,,,,,,False,,,0,,,,,,0,50,,balanced
P1642,Parker,Overdorf,2006-03-06,74,181,Anglo,medium,brown,mustache,R,CF,,0,,,52,50,52,51,51,51,55,52,50,49,,,,,,,,,,,,72,63,73,63,51,0,0,52,63,74,,,,,,,,,,,,False,,,0,,,,,,0,50,,average
P3556,Eduardo,Cruz,2006-10-15,78,162,Hispanic,medium,brown,clean_shaven,S,3B,,0,,,53,50,52,53,46,50,56,50,52,47,,,,,,,,,,,,81,65,80,76,46,0,0,50,75,57,,,,,,,,,,,,False,,,0,,,,,,0,50,,gap
P1599,Percy,Young,2005-03-11,76,185,African,dark,black,clean_shaven,R,2B,,0,,,56,50,50,57,49,48,54,49,52,50,,,,,,,,,,,,72,62,64,83,49,0,0,49,82,66,,,,,,,,,,,,False,,,0,,,,,,0,50,,spray
P2453,Shawn,Peralto,1997-07-07,74,191,Anglo,dark,black,beard,R,P,,1,RP,CL,,,,,55,,,,52,51,48,52,52,50,52,0,0,65,0,0,0,,,,,0,,,,52,55,51,48,52,45,53,0,0,62,0,0,0,False,,,0,,,,,,0,50,closer,
P1680,Miguel,Diaz,1989-02-18,72,182,Hispanic,medium,black,beard,S,P,,1,RP,SP,,,,,50,,,,50,52,52,51,52,49,49,61,0,60,62,0,0,,,,,0,,,,47,43,43,52,49,44,45,54,0,60,57,0,0,False,,,0,,,,,,0,50,groundball_sp,
P1035,Cedric,Jefferson,2003-08-19,78,221,African,dark,brown,clean_shaven,R,P,,1,RP,SP,,,,,49,,,,47,52,51,52,53,49,53,59,61,0,0,0,0,,,,,0,,,,58,64,64,64,56,63,63,67,70,0,0,0,0,False,,,0,,,,,,0,50,finesse_sp,
P4766,Xavier,Carter,2003-07-22,75,188,African,dark,black,clean_shaven,R,P,RF,1,RP,SP,,,,,49,,,,50,50,51,50,52,51,52,0,60,61,0,0,0,,,,,0,,,,55,63,57,64,56,66,63,0,68,75,0,0,0,False,,,0,,,,,,0,50,power_sp,
P8868,Pedro,Gomez,1992-10-18,75,191,Hispanic,medium,brown,clean_shaven,R,P,,1,RP,SP,,,,,49,,,,52,51,53,52,52,52,50,0,60,61,0,0,0,,,,,0,,,,42,48,47,45,51,49,42,0,52,51,0,0,0,False,,,0,,,,,,0,50,power_sp,
P8523,Roberto,Morales,1991-11-30,70,189,Hispanic,dark,black,clean_shaven,S,P,,1,RP,SP,,,,,50,,,,49,49,54,50,52,51,53,58,61,61,0,0,0,,,,,0,,,,49,44,50,45,51,44,43,50,54,60,0,0,0,False,,,0,,,,,,0,50,balanced_sp,
P3593,Luis,Diaz,1995-11-05,78,194,Hispanic,dark,blonde,beard,L,P,RF,1,RP,SP,,,,,51,,,,51,51,50,50,52,51,53,0,64,61,0,0,0,,,,,0,,,,55,53,45,56,47,53,49,0,69,58,0,0,0,False,,,0,,,,,,0,50,power_sp,
P4164,Ricardo,Diaz,1994-12-04,73,166,Hispanic,medium,brown,clean_shaven,S,P,,1,RP,RP,,,,,56,,,,50,51,51,50,54,51,53,0,58,0,59,0,0,,,,,0,,,,53,48,49,59,56,46,51,0,59,0,58,0,0,False,,,0,,,,,,0,50,groundball_rp,
P3216,Pedro,Lopez,1998-12-31,77,248,Hispanic,dark,red,goatee,R,P,,1,RP,SP,,,,,50,,,,48,54,51,50,54,48,56,0,62,60,56,56,0,,,,,0,,,,53,61,58,65,60,63,61,0,68,65,62,64,0,False,,,0,,,,,,0,50,power_sp,
P6285,Tyron,Reau,1991-10-12,76,160,Anglo,dark,black,clean_shaven,L,P,,1,RP,LR,,,,,52,,,,48,51,49,52,52,52,49,61,0,0,0,0,0,,,,,0,,,,48,46,47,43,47,48,49,54,0,0,0,0,0,False,,,0,,,,,,0,50,long_relief,
P7831,Sterling,Godnick,2004-03-08,73,175,Anglo,medium,black,clean_shaven,S,P,,1,RP,SP,,,,,52,,,,51,51,49,52,53,48,52,60,59,61,0,57,0,,,,,0,,,,78,62,78,78,72,71,68,76,89,91,0,84,0,False,,,0,,,,,,0,50,balanced_sp,
P2913,Margarito,Mako,1993-01-24,77,172,Anglo,light,red,clean_shaven,R,C,,0,,,52,50,48,49,49,52,59,51,53,50,,,,,,,,,,,,45,42,42,43,49,0,0,51,45,47,,,,,,,,,,,,False,,,0,,,,,,0,50,,balanced
P4400,Jorge,Ortiz,1995-02-22,71,218,Hispanic,light,red,beard,S,1B,,0,,,50,58,52,51,51,52,50,52,51,51,,,,,,,,,,,,45,54,56,46,51,0,0,52,54,56,,,,,,,,,,,,False,,,0,,,,,,0,50,,power
P6446,Hassan,Prehoda,1998-12-27,70,198,Anglo,light,brown,clean_shaven,R,2B,,0,,,54,53,53,50,48,50,58,51,51,51,,,,,,,,,,,,67,67,61,58,48,0,0,51,66,58,,,,,,,,,,,,False,,,0,,,,,,0,50,,gap
P8524,Francisco,Garcia,1988-11-13,72,215,Hispanic,light,brown,clean_shaven,R,3B,,0,,,51,62,49,52,48,53,59,50,52,49,,,,,,,,,,,,47,61,45,44,48,0,0,50,48,43,,,,,,,,,,,,False,,,0,,,,,,0,50,,power
P3062,Bruno,Stimage,1994-06-06,74,208,Anglo,light,brown,clean_shaven,L,SS,,0,,,50,51,51,51,49,50,49,51,50,49,,,,,,,,,,,,50,51,52,54,49,0,0,51,46,44,,,,,,,,,,,,False,,,0,,,,,,0,50,,gap
P6514,Dannie,Ercolano,1999-11-18,78,248,Anglo,medium,blonde,clean_shaven,R,LF,,0,,,49,64,49,50,47,54,57,51,52,52,,,,,,,,,,,,59,75,55,58,47,0,0,51,60,60,,,,,,,,,,,,False,,,0,,,,,,0,50,,power
P1793,Pedro,Reyes,1992-08-29,77,216,Hispanic,light,brown,beard,L,CF,,0,,,51,51,52,51,51,52,49,50,51,52,,,,,,,,,,,,50,51,42,41,51,0,0,50,43,49,,,,,,,,,,,,False,,,0,,,,,,0,50,,gap
P8441,Carlos,Gomez,2000-06-05,77,176,Hispanic,medium,brown,clean_shaven,L,RF,,0,,,53,60,50,52,51,50,48,49,50,52,,,,,,,,,,,,66,75,60,57,51,0,0,49,57,67,,,,,,,,,,,,False,,,0,,,,,,0,50,,power
P4252,Carlos,Rodriguez,1993-02-11,73,203,Hispanic,light,brown,beard,R,SS,,0,,,50,52,52,49,51,51,58,50,47,50,,,,,,,,,,,,44,52,50,44,51,0,0,50,42,43,,,,,,,,,,,,False,,,0,,,,,,0,50,,balanced
P5441,Jamal,Jefferson,1990-03-27,68,248,African,dark,black,beard,R,1B,,0,,,49,63,47,50,50,54,57,48,53,49,,,,,,,,,,,,47,56,39,40,50,0,0,48,50,44,,,,,,,,,,,,False,,,0,,,,,,0,50,,power
P4705,Florencio,Gizinski,1988-06-12,70,170,Anglo,medium,brown,mustache,R,RF,,0,,,51,59,52,52,47,49,53,48,51,52,,,,,,,,,,,,49,54,52,50,47,0,0,48,42,44,,,,,,,,,,,,False,,,0,,,,,,0,50,,gap
P2307,Fernando,Cruz,1990-03-10,74,172,Hispanic,light,black,clean_shaven,R,LF,,0,,,50,55,50,50,53,49,56,51,51,50,,,,,,,,,,,,50,47,45,46,53,0,0,51,41,42,,,,,,,,,,,,False,,,0,,,,,,0,50,,balanced
P2826,Roderick,Kodama,2003-10-19,77,176,Anglo,medium,brown,beard,R,LF,,0,,,50,64,51,50,50,51,58,53,50,49,,,,,,,,,,,,57,75,59,60,50,0,0,53,60,57,,,,,,,,,,,,False,,,0,,,,,,0,50,,power
P8787,Luke,Glessner,2001-03-11,73,234,Anglo,light,black,clean_shaven,L,CF,,0,,,58,49,51,53,50,47,45,51,51,50,,,,,,,,,,,,64,61,62,61,50,0,0,51,62,62,,,,,,,,,,,,False,,,0,,,,,,0,50,,spray
P6982,Ricardo,Garcia,1990-01-01,74,211,Hispanic,medium,black,beard,S,P,,1,RP,CL,,,,,55,,,,49,52,48,52,54,50,56,57,58,67,0,0,0,,,,,0,,,,45,45,47,54,38,40,49,48,48,62,0,0,0,False,,,0,,,,,,0,50,closer,
P5670,Luis,Flores,2004-06-01,71,197,Hispanic,medium,black,goatee,S,P,,1,RP,SP,,,,,50,,,,49,48,52,50,53,50,54,0,61,62,0,0,0,,,,,0,,,,60,62,64,68,63,60,74,0,78,74,0,0,0,False,,,0,,,,,,0,50,workhorse_sp,
P9872,Roberto,Garcia,1999-07-04,70,244,Hispanic,medium,brown,beard,R,P,,1,RP,CL,,,,,52,,,,48,52,48,50,52,49,54,0,0,65,0,0,0,,,,,0,,,,62,58,55,62,59,58,67,0,0,70,0,0,0,False,,,0,,,,,,0,50,closer,
P1438,Asa,Marchell,1992-03-12,75,216,Anglo,medium,brown,clean_shaven,R,P,,1,RP,SP,,,,,51,,,,52,48,54,50,52,51,53,60,62,0,55,0,0,,,,,0,,,,46,38,40,48,53,42,49,53,61,0,51,0,0,False,,,0,,,,,,0,50,finesse_sp,
P9210,Raul,Ramirez,2002-07-24,76,172,Hispanic,medium,red,clean_shaven,L,P,,1,RP,SP,,,,,54,,,,49,50,49,53,52,50,50,62,58,58,59,0,0,,,,,0,,,,58,57,61,62,55,65,55,76,69,63,72,0,0,False,,,0,,,,,,0,50,groundball_sp,
P5345,Milford,Hickernell,1989-01-07,70,209,Anglo,medium,blonde,beard,L,P,,1,RP,RP,,,,,55,,,,52,50,52,50,52,50,51,59,62,0,63,0,0,,,,,0,,,,43,42,46,43,47,47,49,51,54,0,58,0,0,False,,,0,,,,,,0,50,groundball_rp,
P9756,Ricky,Barbarin,1993-05-13,73,233,Anglo,light,brown,clean_shaven,R,P,,1,RP,SP,,,,,51,,,,52,50,51,52,53,50,53,59,59,62,0,53,0,,,,,0,,,,52,48,52,46,44,40,52,55,58,52,0,50,0,False,,,0,,,,,,0,50,workhorse_sp,
P5878,Manuel,Sanchez,1994-08-15,77,184,Hispanic,medium,brown,clean_shaven,L,CF,,0,,,51,52,52,52,53,48,47,52,49,53,,,,,,,,,,,,56,56,53,54,53,0,0,52,53,54,,,,,,,,,,,,False,,,0,,,,,,0,50,,average
P9875,Titus,Shearin,1996-05-21,69,165,Anglo,light,brown,beard,R,LF,3B,0,,,63,51,50,51,49,49,56,52,50,51,,,,,,,,,,,,68,50,54,46,49,0,0,52,48,50,,,,,,,,,,,,False,,,0,,,,,,0,50,,spray
P2207,Malik,King,1997-09-26,72,205,African,dark,black,mustache,R,C,,0,,,63,51,50,50,51,47,58,51,51,52,,,,,,,,,,,,62,50,55,52,51,0,0,51,54,48,,,,,,,,,,,,False,,,0,,,,,,0,50,,spray
P1017,Arnoldo,Finister,2003-10-11,74,245,Anglo,light,black,clean_shaven,R,1B,,0,,,53,58,54,51,49,52,56,52,52,51,,,,,,,,,,,,62,63,63,62,49,0,0,52,66,57,,,,,,,,,,,,False,,,0,,,,,,0,50,,balanced
P1525,James,Curro,1991-11-18,69,213,Anglo,light,brown,clean_shaven,L,RF,,0,,,53,58,52,52,49,48,46,50,49,51,,,,,,,,,,,,44,57,46,43,49,0,0,50,47,42,,,,,,,,,,,,False,,,0,,,,,,0,50,,gap
P9014,Malik,Harris,1996-01-06,78,181,African,dark,brown,goatee,R,3B,,0,,,51,52,52,52,47,50,59,52,50,52,,,,,,,,,,,,51,53,57,53,47,0,0,52,45,50,,,,,,,,,,,,False,,,0,,,,,,0,50,,balanced
P9659,Xavier,Baker,2000-11-24,73,204,African,dark,black,clean_shaven,R,RF,,0,,,50,50,51,49,50,48,54,47,50,52,,,,,,,,,,,,55,63,60,58,50,0,0,47,57,62,,,,,,,,,,,,False,,,0,,,,,,0,50,,average
P8817,Roberto,Hernandez,1992-05-31,76,210,Hispanic,light,brown,clean_shaven,L,RF,,0,,,50,60,50,49,51,49,49,50,53,53,,,,,,,,,,,,50,59,43,40,51,0,0,50,51,45,,,,,,,,,,,,False,,,0,,,,,,0,50,,power
P4895,Darnell,Wright,2007-10-09,69,210,African,dark,black,clean_shaven,R,P,,1,RP,CL,,,,,55,,,,49,50,47,50,53,48,55,56,0,67,0,0,0,,,,,0,,,,60,61,63,64,70,78,65,71,0,87,0,0,0,False,,,0,,,,,,0,50,closer,
P3069,Antonio,Gonzalez,2005-08-11,76,237,Hispanic,light,black,clean_shaven,L,P,,1,RP,CL,,,,,49,,,,50,52,51,51,53,50,52,60,62,65,0,0,0,,,,,0,,,,70,73,63,66,80,74,64,75,83,86,0,0,0,False,,,0,,,,,,0,50,closer,
P7394,Tyrone,Baker,2006-12-12,72,224,African,dark,black,clean_shaven,R,P,,1,RP,CL,,,,,51,,,,53,53,51,52,52,49,56,0,59,66,0,0,0,,,,,0,,,,69,66,64,78,67,76,86,0,79,90,0,0,0,False,,,0,,,,,,0,50,closer,
P9570,Malik,White,2005-12-25,68,215,African,dark,black,goatee,R,P,,1,RP,RP,,,,,55,,,,50,49,50,51,52,49,49,58,0,64,63,0,0,,,,,0,,,,69,72,75,78,70,62,76,82,0,92,73,0,0,False,,,0,,,,,,0,50,groundball_rp,
P8652,Jermaine,Jefferson,2006-11-07,68,218,African,dark,black,mustache,L,P,,1,RP,SP,,,,,51,,,,50,52,52,50,52,51,51,60,61,61,0,0,0,,,,,0,,,,71,80,69,76,79,62,68,83,75,76,0,0,0,False,,,0,,,,,,0,50,workhorse_sp,
P7400,Deshawn,Harris,2007-05-29,70,250,African,medium,black,clean_shaven,R,2B,,0,,,50,48,75,54,51,51,59,48,51,51,,,,,,,,,,,,75,69,99,75,51,0,0,48,77,61,,,,,,,,,,,,False,,,0,,,,,,0,50,,speed
P9658,Rafael,Reyes,2005-03-07,73,173,Hispanic,medium,black,mustache,L,RF,,0,,,52,53,48,51,50,48,42,50,51,48,,,,,,,,,,,,68,76,58,81,50,0,0,50,72,73,,,,,,,,,,,,False,,,0,,,,,,0,50,,average
P6622,Eduardo,Ortiz,2004-04-25,74,185,Hispanic,dark,black,goatee,S,1B,,0,,,49,58,52,51,50,50,49,50,50,51,,,,,,,,,,,,64,69,68,78,50,0,0,50,74,75,,,,,,,,,,,,False,,,0,,,,,,0,50,,balanced
P8085,Scot,Mccarter,2007-12-21,71,177,Anglo,dark,blonde,clean_shaven,R,2B,,0,,,51,47,70,54,52,49,58,50,52,53,,,,,,,,,,,,65,57,80,78,52,0,0,50,66,73,,,,,,,,,,,,False,,,0,,,,,,0,50,,speed
P1600,Weldon,Caughman,2004-08-07,76,176,Anglo,medium,red,beard,R,1B,,0,,,49,61,48,50,48,51,54,51,51,51,,,,,,,,,,,,73,71,78,74,48,0,0,51,78,64,,,,,,,,,,,,False,,,0,,,,,,0,50,,power
P3846,Shirley,Arbetman,1998-06-30,77,181,Anglo,light,brown,clean_shaven,R,P,,1,RP,CL,,,,,55,,,,50,52,49,50,52,49,53,57,59,66,0,0,0,,,,,0,,,,58,59,61,65,64,59,64,65,68,71,0,0,0,False,,,0,,,,,,0,50,closer,
P6042,Tyrone,Washington,1990-09-01,69,184,African,light,black,clean_shaven,R,P,,1,RP,SP,,,,,50,,,,52,51,54,50,52,48,54,61,59,64,0,56,0,,,,,0,,,,45,43,44,44,51,38,44,51,50,56,0,47,0,False,,,0,,,,,,0,50,power_sp,
P3107,Cedric,Taylor,1990-01-21,68,246,African,dark,black,clean_shaven,S,P,,1,RP,RP,,,,,52,,,,48,51,48,51,52,53,52,62,62,0,59,0,0,,,,,0,,,,41,49,42,45,41,46,47,55,59,0,53,0,0,False,,,0,,,,,,0,50,finesse_rp,
P3330,Juan,Cruz,1994-05-19,71,213,Hispanic,medium,brown,clean_shaven,R,P,,1,RP,SP,,,,,49,,,,49,51,50,50,52,51,56,0,60,60,57,54,0,,,,,0,,,,54,53,55,50,54,51,59,0,65,56,54,57,0,False,,,0,,,,,,0,50,power_sp,
P2245,Eduardo,Torres,2004-01-15,76,178,Hispanic,light,red,clean_shaven,R,P,,1,RP,RP,,,,,49,,,,49,53,49,52,52,51,50,61,59,0,0,0,0,,,,,0,,,,56,59,66,60,60,60,59,73,65,0,0,0,0,False,,,0,,,,,,0,50,finesse_rp,
P4261,Xavier,Harris,1999-12-20,75,216,African,medium,black,clean_shaven,L,P,,1,RP,SP,,,,,52,,,,50,49,52,51,52,53,50,59,60,0,0,57,0,,,,,0,,,,56,58,60,62,66,62,62,74,73,0,0,66,0,False,,,0,,,,,,0,50,finesse_sp,
P5963,Margarito,Gouras,1987-10-08,69,179,Anglo,medium,black,beard,S,P,,1,RP,RP,,,,,57,,,,48,53,49,51,52,53,53,0,0,0,59,0,0,,,,,0,,,,41,45,45,43,47,53,50,0,0,0,57,0,0,False,,,0,,,,,,0,50,groundball_rp,
P7926,Leroy,Wright,1989-05-20,76,237,African,dark,black,clean_shaven,L,P,,1,RP,RP,,,,,53,,,,50,51,53,50,54,50,51,0,59,0,0,0,0,,,,,0,,,,47,46,50,45,52,50,42,0,50,0,0,0,0,False,,,0,,,,,,0,50,finesse_rp,
P2864,Rufus,Walker,1995-10-18,76,217,African,dark,black,clean_shaven,R,P,,1,RP,RP,,,,,51,,,,52,52,50,50,53,52,55,0,0,65,0,0,0,,,,,0,,,,51,56,53,58,52,52,52,0,0,63,0,0,0,False,,,0,,,,,,0,50,power_rp,
P2470,Keith,Postuci,1988-06-24,73,193,Anglo,medium,red,mustache,R,P,,1,RP,SP,,,,,50,,,,50,50,51,50,54,51,51,0,60,0,58,0,0,,,,,0,,,,50,43,50,54,44,46,41,0,50,0,50,0,0,False,,,0,,,,,,0,50,groundball_sp,
P1113,Hector,Ramos,1988-08-02,71,218,Hispanic,dark,black,goatee,L,P,,1,RP,LR,,,,,53,,,,51,53,50,53,52,52,53,58,62,66,0,0,0,,,,,0,,,,43,53,52,43,49,50,44,52,61,60,0,0,0,False,,,0,,,,,,0,50,long_relief,
P4804,Austin,Reginaldo,1994-09-28,74,166,Anglo,light,red,clean_shaven,R,C,,0,,,50,51,51,51,47,50,58,52,51,51,,,,,,,,,,,,49,47,54,55,47,0,0,52,55,54,,,,,,,,,,,,False,,,0,,,,,,0,50,,gap
P4641,Rafael,Cruz,1996-03-30,71,170,Hispanic,light,black,clean_shaven,R,1B,,0,,,51,60,53,49,50,52,51,52,52,50,,,,,,,,,,,,46,65,50,54,50,0,0,52,48,51,,,,,,,,,,,,False,,,0,,,,,,0,50,,power
P6590,Jermaine,Allen,1990-06-04,70,160,African,dark,brown,clean_shaven,R,2B,,0,,,50,49,50,50,48,52,57,50,52,52,,,,,,,,,,,,43,48,48,49,48,0,0,50,51,43,,,,,,,,,,,,False,,,0,,,,,,0,50,,balanced
P9412,Quentin,Harker,1991-05-29,71,208,Anglo,light,black,clean_shaven,R,3B,,0,,,54,58,49,50,46,50,59,48,49,50,,,,,,,,,,,,50,48,41,48,46,0,0,48,41,42,,,,,,,,,,,,False,,,0,,,,,,0,50,,gap
P9055,Malik,Young,1997-04-06,74,228,African,dark,brown,clean_shaven,R,SS,,0,,,61,48,52,52,53,49,59,51,53,51,,,,,,,,,,,,61,46,56,47,53,0,0,51,58,51,,,,,,,,,,,,False,,,0,,,,,,0,50,,spray
P7328,Rufus,Taylor,1995-07-16,74,245,African,dark,black,clean_shaven,R,LF,,0,,,53,49,51,51,48,51,56,50,52,52,,,,,,,,,,,,51,48,51,56,48,0,0,50,48,56,,,,,,,,,,,,False,,,0,,,,,,0,50,,average
P1243,Jermaine,Baker,1997-01-27,74,160,African,dark,black,clean_shaven,R,CF,,0,,,50,49,70,51,53,51,52,49,52,51,,,,,,,,,,,,51,54,70,56,53,0,0,49,54,56,,,,,,,,,,,,False,,,0,,,,,,0,50,,speed
P5526,Newton,Schuetz,1999-08-06,72,239,Anglo,light,black,mustache,R,RF,,0,,,50,63,49,51,47,52,56,51,50,51,,,,,,,,,,,,56,69,64,57,47,0,0,51,60,56,,,,,,,,,,,,False,,,0,,,,,,0,50,,power
P1179,Jorge,Delgado,2000-09-26,71,201,Hispanic,medium,black,clean_shaven,R,3B,,0,,,48,55,48,51,49,52,59,51,48,52,,,,,,,,,,,,58,70,54,61,49,0,0,51,62,67,,,,,,,,,,,,False,,,0,,,,,,0,50,,power
P5848,Luis,Ramirez,1997-08-08,75,208,Hispanic,medium,black,clean_shaven,R,LF,,0,,,54,56,49,52,50,49,56,52,52,49,,,,,,,,,,,,56,59,49,53,50,0,0,52,48,51,,,,,,,,,,,,False,,,0,,,,,,0,50,,gap
P5382,Laurence,Camus,1996-02-06,74,235,Anglo,light,red,clean_shaven,L,SS,,0,,,48,53,52,49,49,48,51,52,52,47,,,,,,,,,,,,51,52,53,54,49,0,0,52,57,45,,,,,,,,,,,,False,,,0,,,,,,0,50,,balanced
P2166,Man,Gabaree,1994-04-03,70,212,Anglo,medium,brown,clean_shaven,R,LF,,0,,,51,64,48,52,51,52,58,53,50,52,,,,,,,,,,,,52,66,52,55,51,0,0,53,51,53,,,,,,,,,,,,False,,,0,,,,,,0,50,,power
P1020,Pedro,Flores,2004-08-02,73,182,Hispanic,dark,brown,clean_shaven,L,SS,,0,,,50,51,54,51,48,51,49,50,50,53,,,,,,,,,,,,76,61,65,63,48,0,0,50,71,63,,,,,,,,,,,,False,,,0,,,,,,0,50,,balanced
P4970,Juan,Ramos,2003-07-01,72,203,Hispanic,light,black,clean_shaven,R,2B,,0,,,54,51,50,53,50,49,58,48,52,52,,,,,,,,,,,,66,57,63,59,50,0,0,48,59,59,,,,,,,,,,,,False,,,0,,,,,,0,50,,balanced
P7997,Antonio,Reyes,1993-09-03,68,222,Hispanic,medium,black,mustache,R,P,,1,RP,CL,,,,,55,,,,52,50,49,50,54,50,54,59,0,65,0,0,0,,,,,0,,,,49,50,46,52,41,49,44,58,0,59,0,0,0,False,,,0,,,,,,0,50,closer,
P9488,Percy,Taylor,1990-09-21,68,186,African,medium,black,mustache,R,P,,1,RP,RP,,,,,50,,,,49,48,52,50,53,50,50,58,60,0,0,0,0,,,,,0,,,,45,38,45,44,44,46,50,53,59,0,0,0,0,False,,,0,,,,,,0,50,finesse_rp,
P8982,Cedric,Baker,1998-04-05,75,187,African,medium,brown,mustache,L,P,,1,RP,SP,,,,,51,,,,48,52,54,52,54,49,49,62,59,60,0,0,0,,,,,0,,,,61,59,63,68,59,64,60,71,67,70,0,0,0,False,,,0,,,,,,0,50,balanced_sp,
P8927,Carol,Gosney,1997-10-22,70,242,Anglo,light,red,clean_shaven,R,P,,1,RP,RP,,,,,50,,,,52,50,50,50,52,51,51,0,61,66,0,57,0,,,,,0,,,,51,48,52,47,51,53,50,0,58,62,0,53,0,False,,,0,,,,,,0,50,power_rp,
P7749,Jermaine,Gaines,1989-11-24,77,237,African,dark,black,beard,L,P,,1,RP,SP,,,,,53,,,,50,49,54,51,54,52,52,58,0,62,0,0,0,,,,,0,,,,49,46,50,50,50,43,52,54,0,57,0,0,0,False,,,0,,,,,,0,50,balanced_sp,
P7962,Alexis,Hadsall,2002-10-31,68,168,Anglo,light,blonde,clean_shaven,L,P,,1,RP,SP,,,,,49,,,,52,54,51,50,52,50,53,57,63,62,0,57,0,,,,,0,,,,67,60,59,63,58,64,63,62,76,68,0,62,0,False,,,0,,,,,,0,50,power_sp,
P4175,Fernando,Ramos,1994-03-13,68,175,Hispanic,light,brown,goatee,R,P,,1,RP,SP,,,,,53,,,,49,51,50,50,53,48,52,61,59,60,60,0,0,,,,,0,,,,53,47,51,51,51,44,56,58,54,59,65,0,0,False,,,0,,,,,,0,50,groundball_sp,
P4282,Jermaine,Robinson,2000-11-20,69,249,African,dark,black,clean_shaven,L,CF,LF,0,,,54,48,95,52,51,49,45,52,52,50,,,,,,,,,,,,65,61,99,65,51,0,0,52,59,55,,,,,,,,,,,,False,,,0,,,,,,0,50,,elite_speed
P8763,Jorge,Hernandez,1992-03-22,69,196,Hispanic,light,black,clean_shaven,R,RF,,0,,,49,62,50,51,50,50,55,52,49,51,,,,,,,,,,,,45,55,48,49,50,0,0,52,45,41,,,,,,,,,,,,False,,,0,,,,,,0,50,,power
P6709,Deshawn,Gaines,2002-07-01,69,189,African,dark,black,goatee,R,C,,0,,,50,51,48,51,48,50,59,48,53,49,,,,,,,,,,,,61,56,58,60,48,0,0,48,64,56,,,,,,,,,,,,False,,,0,,,,,,0,50,,average
P4257,Terrance,Sidi,1990-11-23,71,243,Anglo,medium,brown,clean_shaven,R,SS,,0,,,49,47,79,52,49,50,58,52,51,49,,,,,,,,,,,,39,40,70,49,49,0,0,52,48,39,,,,,,,,,,,,False,,,0,,,,,,0,50,,speed
P2052,Tuan,Shipe,1991-01-02,75,180,Anglo,light,blonde,clean_shaven,R,1B,,0,,,52,58,52,49,47,51,51,51,49,49,,,,,,,,,,,,48,57,46,45,47,0,0,51,40,41,,,,,,,,,,,,False,,,0,,,,,,0,50,,gap
P7426,Abraham,Slane,1998-06-12,75,236,Anglo,light,black,clean_shaven,R,SS,,0,,,49,48,50,49,49,52,58,49,51,50,,,,,,,,,,,,62,55,59,63,49,0,0,49,60,59,,,,,,,,,,,,False,,,0,,,,,,0,50,,balanced
P8126,Jose,Gonzalez,1996-02-19,71,162,Hispanic,light,black,clean_shaven,S,CF,,0,,,57,48,49,52,49,49,52,48,52,51,,,,,,,,,,,,57,49,46,49,49,0,0,48,54,49,,,,,,,,,,,,False,,,0,,,,,,0,50,,spray
P1654,Percy,King,1993-01-06,75,176,African,dark,brown,goatee,L,C,,0,,,52,50,70,51,52,47,49,53,51,52,,,,,,,,,,,,42,47,64,49,52,0,0,53,47,47,,,,,,,,,,,,False,,,0,,,,,,0,50,,speed
P9329,Malik,Wright,2005-11-04,68,207,African,dark,black,clean_shaven,R,P,,1,RP,CL,,,,,55,,,,51,52,50,51,52,52,55,60,62,67,0,0,0,,,,,0,,,,67,78,64,75,75,63,80,83,86,93,0,0,0,False,,,0,,,,,,0,50,closer,
P4820,Malik,Jackson,2007-12-19,76,182,African,dark,black,clean_shaven,R,P,,1,RP,SP,,,,,48,,,,48,54,51,52,52,49,52,58,60,60,0,0,0,,,,,0,,,,66,64,62,67,66,68,74,72,70,89,0,0,0,False,,,0,,,,,,0,50,power_sp,
P3820,Leroy,White,2004-05-30,74,215,African,dark,black,clean_shaven,L,P,,1,RP,SP,,,,,53,,,,50,49,50,50,54,52,49,0,61,60,61,0,0,,,,,0,,,,71,66,74,77,61,70,72,0,75,83,82,0,0,False,,,0,,,,,,0,50,groundball_sp,
P6874,Raul,Diaz,2007-02-12,72,168,Hispanic,medium,black,mustache,R,P,,1,RP,LR,,,,,53,,,,49,53,50,52,54,53,52,0,0,63,0,0,0,,,,,0,,,,71,69,70,77,63,80,66,0,0,74,0,0,0,False,,,0,,,,,,0,50,long_relief,
P4471,Rico,Banfield,2005-07-08,69,230,Anglo,light,red,clean_shaven,R,P,,1,RP,SP,,,,,48,,,,49,50,52,50,52,52,54,57,60,61,0,56,0,,,,,0,,,,63,75,71,68,77,68,68,75,82,88,0,75,0,False,,,0,,,,,,0,50,power_sp,
P5995,Odis,Carney,2007-02-06,74,177,Anglo,medium,brown,clean_shaven,R,2B,,0,,,51,62,50,52,50,49,59,50,51,53,,,,,,,,,,,,71,90,69,82,50,0,0,50,80,79,,,,,,,,,,,,False,,,0,,,,,,0,50,,power
P6179,Malik,Baker,2005-07-15,74,169,African,dark,brown,clean_shaven,L,1B,,0,,,48,57,51,49,53,53,48,52,51,50,,,,,,,,,,,,75,68,67,73,53,0,0,52,71,74,,,,,,,,,,,,False,,,0,,,,,,0,50,,average
P5389,Felipe,Goodwater,2007-10-12,71,170,Anglo,medium,brown,clean_shaven,S,2B,,0,,,51,63,50,52,48,52,51,48,48,49,,,,,,,,,,,,65,76,80,74,48,0,0,48,69,59,,,,,,,,,,,,False,,,0,,,,,,0,50,,power
P1132,Jamal,Robinson,2007-10-06,69,189,African,dark,black,clean_shaven,R,SS,,0,,,53,47,50,52,52,47,59,52,49,48,,,,,,,,,,,,69,73,69,79,52,0,0,52,60,64,,,,,,,,,,,,False,,,0,,,,,,0,50,,spray
P5860,Hector,Cruz,2004-03-27,71,195,Hispanic,medium,black,clean_shaven,R,2B,,0,,,50,52,70,51,50,51,57,48,50,50,,,,,,,,,,,,72,65,95,79,50,0,0,48,63,64,,,,,,,,,,,,False,,,0,,,,,,0,50,,speed
P2134,Carlos,Hernandez,1995-09-14,74,196,Hispanic,dark,brown,clean_shaven,R,P,,1,RP,CL,,,,,55,,,,50,54,48,50,52,51,54,0,0,66,0,0,0,,,,,0,,,,51,58,46,53,47,56,57,0,0,61,0,0,0,False,,,0,,,,,,0,50,closer,
P7683,Deshawn,Baker,1988-03-17,71,162,African,dark,black,mustache,L,P,,1,RP,SP,,,,,48,,,,50,50,53,53,52,52,55,0,62,62,57,0,0,,,,,0,,,,45,50,52,47,53,48,49,0,55,62,54,0,0,False,,,0,,,,,,0,50,power_sp,
P5936,Antonio,Castillo,1996-06-10,71,209,Hispanic,medium,black,goatee,L,P,,1,RP,SP,,,,,49,,,,49,49,50,50,52,53,52,59,59,59,0,57,0,,,,,0,,,,52,49,49,57,47,55,54,60,60,54,0,52,0,False,,,0,,,,,,0,50,workhorse_sp,
P9754,Jorge,Lopez,2003-12-31,74,170,Hispanic,dark,black,mustache,L,P,,1,RP,CL,,,,,48,,,,51,53,51,50,53,51,55,0,0,66,0,0,0,,,,,0,,,,61,65,63,62,58,64,61,0,0,73,0,0,0,False,,,0,,,,,,0,50,closer,
P9322,Adan,Gradillas,1991-06-19,68,228,Anglo,light,blonde,clean_shaven,S,P,,1,RP,SP,,,,,48,,,,48,50,50,53,54,50,51,58,0,59,0,0,0,,,,,0,,,,41,44,44,47,48,47,43,58,0,59,0,0,0,False,,,0,,,,,,0,50,balanced_sp,
P1211,Tyrone,Green,1989-08-09,76,171,African,dark,black,mustache,L,P,,1,RP,CL,,,,,51,,,,48,52,48,51,52,51,55,58,59,65,0,0,0,,,,,0,,,,41,47,42,44,48,45,45,54,56,65,0,0,0,False,,,0,,,,,,0,50,closer,
P8661,Terrell,Michniak,1993-04-18,77,167,Anglo,light,brown,clean_shaven,R,P,,1,RP,RP,,,,,53,,,,51,54,51,52,52,51,55,0,60,63,0,0,0,,,,,0,,,,46,45,46,49,42,51,55,0,56,58,0,0,0,False,,,0,,,,,,0,50,power_rp,
P7839,Fausto,Cummer,1998-07-09,78,216,Anglo,light,brown,clean_shaven,S,P,,1,RP,SP,,,,,54,,,,49,50,53,51,52,51,52,0,58,61,61,0,0,,,,,0,,,,55,63,64,64,60,60,60,0,63,70,76,0,0,False,,,0,,,,,,0,50,groundball_sp,
P3941,Len,Lesa,2003-02-11,74,187,Anglo,light,brown,mustache,S,P,,1,RP,SP,,,,,51,,,,48,51,51,50,52,49,52,60,61,59,0,57,0,,,,,0,,,,62,62,58,61,62,57,64,68,72,67,0,70,0,False,,,0,,,,,,0,50,workhorse_sp,
P6133,Rufus,Washington,2001-11-14,76,232,African,dark,brown,goatee,L,P,,1,RP,RP,,,,,51,,,,48,53,51,52,54,51,54,59,60,65,0,0,0,,,,,0,,,,60,62,60,68,65,56,66,71,65,75,0,0,0,False,,,0,,,,,,0,50,power_rp,
P6666,Jose,Hernandez,1999-06-21,70,246,Hispanic,medium,blonde,clean_shaven,R,P,,1,RP,SP,,,,,49,,,,48,53,51,52,54,48,51,61,60,59,0,58,0,,,,,0,,,,61,68,60,65,61,58,66,75,72,71,0,73,0,False,,,0,,,,,,0,50,workhorse_sp,
P5397,Leroy,King,1991-05-30,76,190,African,dark,black,clean_shaven,R,C,,0,,,53,51,48,53,51,52,59,48,49,52,,,,,,,,,,,,53,46,46,51,51,0,0,48,41,47,,,,,,,,,,,,False,,,0,,,,,,0,50,,average
P4922,Carlos,Vasquez,1996-05-04,72,207,Hispanic,dark,black,mustache,R,1B,,0,,,51,61,49,52,51,54,53,50,48,51,,,,,,,,,,,,54,59,44,54,51,0,0,50,49,52,,,,,,,,,,,,False,,,0,,,,,,0,50,,power
P5604,Agustin,Barillaro,1992-05-25,76,161,Anglo,light,brown,clean_shaven,R,2B,,0,,,60,52,49,53,50,50,56,52,52,48,,,,,,,,,,,,55,42,48,52,50,0,0,52,45,43,,,,,,,,,,,,False,,,0,,,,,,0,50,,spray
P1510,Cedric,Mitchell,1993-10-15,71,235,African,dark,black,mustache,R,3B,,0,,,62,50,50,54,52,47,59,50,47,48,,,,,,,,,,,,56,49,50,50,52,0,0,50,43,40,,,,,,,,,,,,False,,,0,,,,,,0,50,,spray
P6384,Hector,Hernandez,2003-02-07,69,223,Hispanic,light,brown,mustache,R,SS,,0,,,51,60,51,50,49,50,58,49,48,49,,,,,,,,,,,,58,72,61,65,49,0,0,49,62,56,,,,,,,,,,,,False,,,0,,,,,,0,50,,power
P8857,Kerry,Demer,1988-01-27,78,247,Anglo,light,blonde,clean_shaven,R,LF,,0,,,52,53,53,50,50,50,58,49,48,50,,,,,,,,,,,,47,48,51,42,50,0,0,49,43,44,,,,,,,,,,,,False,,,0,,,,,,0,50,,balanced
P9265,Roberto,Ortiz,1997-01-01,72,233,Hispanic,medium,brown,clean_shaven,S,CF,,0,,,49,49,85,50,51,48,49,48,51,50,,,,,,,,,,,,51,49,86,47,51,0,0,48,55,45,,,,,,,,,,,,False,,,0,,,,,,0,50,,elite_speed
P2308,Malik,Green,1998-01-31,68,211,African,medium,brown,mustache,L,RF,,0,,,54,51,70,51,50,47,48,48,52,52,,,,,,,,,,,,54,55,73,48,50,0,0,48,50,53,,,,,,,,,,,,False,,,0,,,,,,0,50,,speed
P8318,Terence,Sossamon,1988-09-08,73,181,Anglo,medium,blonde,clean_shaven,R,SS,,0,,,60,48,50,52,52,48,60,49,47,50,,,,,,,,,,,,58,42,43,45,52,0,0,49,46,48,,,,,,,,,,,,False,,,0,,,,,,0,50,,spray
P4902,Luis,Ramos,2004-01-29,68,224,Hispanic,light,blonde,goatee,R,C,,0,,,52,54,48,51,51,53,56,53,52,50,,,,,,,,,,,,66,59,63,61,51,0,0,53,67,55,,,,,,,,,,,,False,,,0,,,,,,0,50,,balanced
P9376,Jermaine,Jackson,1994-03-07,78,185,African,dark,black,clean_shaven,R,1B,,0,,,50,61,49,49,47,53,55,49,49,50,,,,,,,,,,,,55,60,49,53,47,0,0,49,46,47,,,,,,,,,,,,False,,,0,,,,,,0,50,,power
P5180,Raul,Gomez,2000-11-07,73,172,Hispanic,medium,black,beard,L,LF,,0,,,53,60,49,52,48,51,49,49,49,50,,,,,,,,,,,,64,72,64,59,48,0,0,49,59,62,,,,,,,,,,,,False,,,0,,,,,,0,50,,power
P8402,Garland,Remaley,1999-08-12,76,218,Anglo,light,brown,clean_shaven,R,2B,,0,,,52,59,50,52,50,49,56,53,49,52,,,,,,,,,,,,66,71,64,57,50,0,0,53,56,60,,,,,,,,,,,,False,,,0,,,,,,0,50,,power
P7029,Malik,Taylor,1990-12-16,70,189,African,dark,black,clean_shaven,S,CF,,0,,,50,51,70,51,49,52,49,52,51,52,,,,,,,,,,,,42,51,61,48,49,0,0,52,48,45,,,,,,,,,,,,False,,,0,,,,,,0,50,,speed
P9487,Cedric,Gaines,1997-03-25,76,243,African,dark,brown,clean_shaven,L,P,,1,RP,CL,,,,,55,,,,51,52,47,52,53,53,53,56,58,65,0,0,0,,,,,0,,,,48,47,48,48,52,56,58,55,58,60,0,0,0,False,,,0,,,,,,0,50,closer,
P5451,Merrill,Quilliam,1997-11-11,73,229,Anglo,light,brown,clean_shaven,L,P,,1,RP,CL,,,,,50,,,,52,54,47,53,54,52,54,0,58,65,0,0,0,,,,,0,,,,57,55,53,50,44,57,53,0,61,67,0,0,0,False,,,0,,,,,,0,50,closer,
P8717,Felton,Shuptrine,1996-09-23,71,183,Anglo,dark,red,clean_shaven,R,P,,1,RP,RP,,,,,49,,,,49,49,51,52,52,51,49,58,61,0,0,0,0,,,,,0,,,,50,47,54,55,54,47,52,57,58,0,0,0,0,False,,,0,,,,,,0,50,finesse_rp,
P2653,Jamal,Young,2002-11-06,75,189,African,dark,black,clean_shaven,L,P,,1,RP,SP,,,,,48,,,,48,50,49,50,52,53,50,62,60,0,0,0,0,,,,,0,,,,61,62,58,57,62,62,61,73,65,0,0,0,0,False,,,0,,,,,,0,50,balanced_sp,
P4466,Jermaine,King,1994-01-03,73,186,African,dark,black,clean_shaven,R,P,,1,RP,LR,,,,,49,,,,50,51,52,50,52,51,49,0,61,65,0,0,0,,,,,0,,,,49,43,47,50,48,50,46,0,53,55,0,0,0,False,,,0,,,,,,0,50,long_relief,
P9425,Lamont,Mosqueda,1990-07-15,74,160,Anglo,medium,black,goatee,R,P,,1,RP,CL,,,,,50,,,,50,51,50,50,54,49,52,0,0,65,0,0,0,,,,,0,,,,40,46,46,48,42,41,51,0,0,60,0,0,0,False,,,0,,,,,,0,50,closer,
P3794,Timmy,Altschuler,1998-12-16,70,166,Anglo,medium,black,goatee,R,P,,1,RP,CL,,,,,50,,,,50,52,51,50,53,50,53,0,59,67,0,0,0,,,,,0,,,,65,66,58,63,65,64,63,0,74,74,0,0,0,False,,,0,,,,,,0,50,closer,
P8481,Xavier,Washington,2001-02-06,76,169,African,light,brown,mustache,R,3B,,0,,,52,54,52,51,47,49,59,53,49,49,,,,,,,,,,,,67,60,57,66,47,0,0,53,55,55,,,,,,,,,,,,False,,,0,,,,,,0,50,,balanced
P8353,Jose,Vargas,1999-09-18,73,208,Hispanic,medium,brown,clean_shaven,S,1B,,0,,,50,53,53,51,49,49,47,51,51,51,,,,,,,,,,,,65,65,67,61,49,0,0,51,63,61,,,,,,,,,,,,False,,,0,,,,,,0,50,,average
P5950,Jose,Cruz,1989-01-30,74,223,Hispanic,dark,black,mustache,L,2B,,0,,,59,52,50,52,51,48,47,52,51,49,,,,,,,,,,,,57,51,48,45,51,0,0,52,51,42,,,,,,,,,,,,False,,,0,,,,,,0,50,,spray
P3712,John,Shatswell,1996-05-05,73,165,Anglo,light,black,beard,S,RF,,0,,,57,49,49,54,52,48,54,51,52,50,,,,,,,,,,,,60,51,53,53,52,0,0,51,49,48,,,,,,,,,,,,False,,,0,,,,,,0,50,,spray
P2502,Cedric,Harris,1992-12-14,70,213,African,dark,black,mustache,L,CF,,0,,,52,52,50,49,51,53,46,49,52,52,,,,,,,,,,,,45,49,43,46,51,0,0,49,46,45,,,,,,,,,,,,False,,,0,,,,,,0,50,,balanced
P1286,Rufus,Robinson,1998-12-18,77,238,African,dark,black,beard,R,SS,,0,,,50,47,70,54,52,50,59,52,49,47,,,,,,,,,,,,63,57,76,62,52,0,0,52,57,62,,,,,,,,,,,,False,,,0,,,,,,0,50,,speed
P5895,Kurt,Vangompel,2002-03-22,74,196,Anglo,medium,black,clean_shaven,L,2B,,0,,,58,51,50,54,51,49,48,49,50,51,,,,,,,,,,,,68,57,61,65,51,0,0,49,64,64,,,,,,,,,,,,False,,,0,,,,,,0,50,,spray
P7073,Eduardo,Vasquez,1998-10-15,72,220,Hispanic,medium,black,clean_shaven,L,RF,,0,,,60,49,51,51,49,50,44,49,50,52,,,,,,,,,,,,72,59,57,59,49,0,0,49,60,66,,,,,,,,,,,,False,,,0,,,,,,0,50,,spray
P7766,Malik,Jefferson,2005-07-23,78,233,African,dark,black,goatee,R,P,,1,RP,CL,,,,,55,,,,52,53,48,50,52,51,55,0,0,65,0,0,0,,,,,0,,,,79,78,62,78,71,77,83,0,0,78,0,0,0,False,,,0,,,,,,0,50,closer,
P8209,Rafael,Ortiz,2007-04-14,73,161,Hispanic,light,black,goatee,S,P,,1,RP,SP,,,,,50,,,,51,50,52,52,52,50,53,60,58,63,0,0,0,,,,,0,,,,64,72,81,82,80,64,82,87,82,90,0,0,0,False,,,0,,,,,,0,50,balanced_sp,
P8305,Hector,Gonzalez,2004-05-12,78,231,Hispanic,medium,blonde,goatee,S,P,,1,RP,CL,,,,,50,,,,51,52,50,50,54,49,54,60,0,65,0,0,0,,,,,0,,,,80,79,76,84,76,60,67,76,0,85,0,0,0,False,,,0,,,,,,0,50,closer,
P7219,Juan,Sanchez,2006-11-02,70,221,Hispanic,dark,brown,clean_shaven,R,P,,1,RP,RP,,,,,53,,,,50,53,51,50,52,52,53,58,62,67,0,0,0,,,,,0,,,,63,63,78,65,80,76,74,73,86,81,0,0,0,False,,,0,,,,,,0,50,power_rp,
P8114,Jamal,Carter,2004-05-22,72,203,African,dark,brown,clean_shaven,R,P,,1,RP,CL,,,,,53,,,,51,50,50,50,53,51,52,0,61,65,0,0,0,,,,,0,,,,67,61,63,82,75,72,65,0,87,84,0,0,0,False,,,0,,,,,,0,50,closer,
P5190,Leroy,Allen,2007-06-25,77,227,African,medium,black,clean_shaven,R,C,,0,,,53,51,50,51,48,53,57,48,53,50,,,,,,,,,,,,72,67,61,70,48,0,0,48,81,74,,,,,,,,,,,,False,,,0,,,,,,0,50,,average
P2860,Darnell,Gaines,2006-10-19,78,181,African,medium,black,clean_shaven,S,3B,,0,,,51,50,49,50,50,49,55,48,51,52,,,,,,,,,,,,71,76,61,62,50,0,0,48,67,63,,,,,,,,,,,,False,,,0,,,,,,0,50,,average
P5112,Jorge,Reyes,2007-04-30,73,193,Hispanic,medium,blonde,goatee,L,RF,1B,0,,,54,53,49,50,49,48,49,49,51,52,,,,,,,,,,,,73,71,67,62,49,0,0,49,72,75,,,,,,,,,,,,False,,,0,,,,,,0,50,,balanced
P2478,Darnell,Jackson,2004-12-09,69,178,African,medium,brown,clean_shaven,R,C,,0,,,53,65,51,52,51,49,57,52,48,50,,,,,,,,,,,,80,95,63,73,51,0,0,52,76,62,,,,,,,,,,,,False,,,0,,,,,,0,50,,power
P6920,Miguel,Garcia,2004-12-10,75,246,Hispanic,medium,black,clean_shaven,L,3B,,0,,,51,58,48,51,47,54,51,52,49,49,,,,,,,,,,,,78,73,60,73,47,0,0,52,72,71,,,,,,,,,,,,False,,,0,,,,,,0,50,,power
P4730,Van,Servedio,1998-08-05,69,202,Anglo,light,black,mustache,R,P,,1,RP,CL,,,,,55,,,,49,50,48,53,61,52,53,0,0,65,0,0,0,,,,,0,,,,62,65,66,74,57,57,60,0,0,80,0,0,0,False,,,0,,,,,,0,50,closer,
P5029,Marshall,Sidoti,1994-12-23,73,174,Anglo,medium,black,beard,L,P,,1,RP,CL,,,,,53,,,,51,50,50,50,52,51,52,58,0,67,0,0,0,,,,,0,,,,46,53,54,51,53,48,49,55,0,63,0,0,0,False,,,0,,,,,,0,50,closer,
P8619,Alonzo,Strait,1999-03-14,78,232,Anglo,medium,red,beard,L,P,,1,RP,SP,,,,,52,,,,51,51,53,53,52,52,51,59,0,58,0,0,0,,,,,0,,,,65,66,59,67,66,58,63,67,0,67,0,0,0,False,,,0,,,,,,0,50,balanced_sp,
P9327,Alejandro,Flores,2001-05-16,70,190,Hispanic,light,black,goatee,R,P,,1,RP,RP,,,,,49,,,,50,52,49,51,52,50,52,58,61,0,0,56,0,,,,,0,,,,63,60,57,59,62,61,62,72,70,0,0,64,0,False,,,0,,,,,,0,50,finesse_rp,
P8471,Hector,Mendoza,2001-12-25,74,181,Hispanic,medium,blonde,clean_shaven,L,P,,1,RP,SP,,,,,49,,,,51,51,52,50,52,51,52,62,59,63,0,53,0,,,,,0,,,,61,57,64,60,64,59,58,77,74,74,0,59,0,False,,,0,,,,,,0,50,workhorse_sp,
P2310,Carlos,Reyes,1994-05-31,70,206,Hispanic,medium,black,clean_shaven,L,P,,1,RP,RP,,,,,53,,,,51,52,53,50,54,52,51,58,63,64,0,0,0,,,,,0,,,,55,53,50,53,49,56,49,55,61,59,0,0,0,False,,,0,,,,,,0,50,power_rp,
P5691,Santiago,Dusky,2001-04-06,69,222,Anglo,light,blonde,clean_shaven,R,P,,1,RP,CL,,,,,52,,,,52,52,49,50,52,53,54,0,0,65,0,0,0,,,,,0,,,,66,66,65,62,63,58,59,0,0,72,0,0,0,False,,,0,,,,,,0,50,closer,
P2993,Darnell,Allen,2001-04-24,69,160,African,dark,black,clean_shaven,S,P,,1,RP,RP,,,,,50,,,,51,51,51,50,53,52,51,0,60,64,0,0,0,,,,,0,,,,65,60,64,68,64,66,57,0,69,79,0,0,0,False,,,0,,,,,,0,50,power_rp,
P8823,Jorge,Martinez,2003-03-12,75,236,Hispanic,medium,black,clean_shaven,S,P,,1,RP,SP,,,,,51,,,,52,53,53,52,53,51,51,0,59,61,0,0,0,,,,,0,,,,59,65,58,64,61,58,64,0,71,76,0,0,0,False,,,0,,,,,,0,50,power_sp,
P7122,Thanh,Wellen,2001-12-09,74,215,Anglo,light,blonde,clean_shaven,R,P,,1,RP,SP,,,,,52,,,,52,50,53,52,52,53,52,61,62,63,58,0,0,,,,,0,,,,65,62,59,60,62,64,64,73,75,78,63,0,0,False,,,0,,,,,,0,50,balanced_sp,
P9220,Cordell,Panke,1999-01-08,72,237,Anglo,light,brown,beard,L,P,,1,RP,RP,,,,,53,,,,50,52,49,53,52,53,55,0,63,64,0,0,0,,,,,0,,,,55,60,59,57,59,65,65,0,68,73,0,0,0,False,,,0,,,,,,0,50,power_rp,
P2427,Jewel,Nesseth,2000-07-18,70,197,Anglo,medium,brown,clean_shaven,S,C,,0,,,65,53,50,53,52,51,53,51,53,52,,,,,,,,,,,,71,62,58,67,52,0,0,51,61,66,,,,,,,,,,,,False,,,0,,,,,,0,50,,spray
P9518,Francisco,Martinez,1988-09-05,78,166,Hispanic,medium,blonde,clean_shaven,L,1B,,0,,,50,60,51,50,51,51,47,51,50,50,,,,,,,,,,,,45,55,49,41,51,0,0,51,49,42,,,,,,,,,,,,False,,,0,,,,,,0,50,,balanced
P2033,Damian,Kapuscinski,2002-12-15,75,201,Anglo,light,brown,beard,L,2B,,0,,,62,52,51,58,53,49,49,49,49,52,,,,,,,,,,,,72,67,65,67,53,0,0,49,56,61,,,,,,,,,,,,False,,,0,,,,,,0,50,,spray
P3534,Werner,Canzoneri,2005-01-31,73,214,Anglo,light,blonde,clean_shaven,S,3B,,0,,,49,48,53,52,48,52,56,51,50,51,,,,,,,,,,,,71,75,64,79,48,0,0,51,72,81,,,,,,,,,,,,False,,,0,,,,,,0,50,,balanced
P4901,Roberto,Vargas,1995-06-12,77,163,Hispanic,medium,blonde,beard,R,SS,,0,,,49,49,49,50,53,48,55,52,50,47,,,,,,,,,,,,52,48,44,47,53,0,0,52,46,51,,,,,,,,,,,,False,,,0,,,,,,0,50,,balanced
P4123,Reed,Hohiudden,1994-09-14,74,181,Anglo,medium,blonde,clean_shaven,L,LF,1B,0,,,53,51,70,52,50,52,47,53,49,50,,,,,,,,,,,,49,52,68,50,50,0,0,53,46,45,,,,,,,,,,,,False,,,0,,,,,,0,50,,speed
P1167,Leroy,Green,1988-07-24,72,213,African,dark,black,beard,L,CF,,0,,,49,51,51,50,49,50,44,51,47,48,,,,,,,,,,,,39,50,41,45,49,0,0,51,37,48,,,,,,,,,,,,False,,,0,,,,,,0,50,,balanced
P8977,Carlos,Martinez,1993-08-13,68,209,Hispanic,light,blonde,beard,L,RF,,0,,,66,49,48,50,52,51,48,52,50,50,,,,,,,,,,,,64,46,47,47,52,0,0,52,47,50,,,,,,,,,,,,False,,,0,,,,,,0,50,,spray
P3308,Rafael,Martinez,2003-11-01,74,239,Hispanic,dark,black,clean_shaven,L,C,,0,,,60,52,48,51,50,48,49,53,51,48,,,,,,,,,,,,70,59,56,63,50,0,0,53,64,53,,,,,,,,,,,,False,,,0,,,,,,0,50,,spray
P2694,Leroy,Robinson,1995-10-21,69,194,African,dark,black,goatee,R,3B,,0,,,60,50,49,49,51,49,59,52,52,50,,,,,,,,,,,,57,50,49,45,51,0,0,52,50,50,,,,,,,,,,,,False,,,0,,,,,,0,50,,spray
P3117,Basil,Montore,2002-01-30,74,164,Anglo,light,brown,clean_shaven,R,C,,0,,,50,54,49,50,52,50,55,49,51,50,,,,,,,,,,,,55,59,64,65,52,0,0,49,60,65,,,,,,,,,,,,False,,,0,,,,,,0,50,,balanced
P8264,Manuel,Hernandez,1996-03-14,70,174,Hispanic,medium,brown,mustache,R,SS,,0,,,63,52,54,53,48,49,55,50,49,48,,,,,,,,,,,,67,53,52,58,48,0,0,50,54,44,,,,,,,,,,,,False,,,0,,,,,,0,50,,spray
P3934,Ricardo,Mendoza,2001-02-26,69,178,Hispanic,light,black,mustache,L,2B,SS,0,,,50,50,70,50,52,49,49,49,51,50,,,,,,,,,,,,61,55,85,63,52,0,0,49,63,55,,,,,,,,,,,,False,,,0,,,,,,0,50,,speed
P1865,Rodger,Net,1991-12-14,69,168,Anglo,light,brown,clean_shaven,S,2B,,0,,,53,53,52,50,51,49,50,49,51,51,,,,,,,,,,,,44,47,49,41,51,0,0,49,49,48,,,,,,,,,,,,False,,,0,,,,,,0,50,,average
P6774,Malik,Gaines,1999-02-23,68,235,African,dark,black,goatee,L,P,,1,RP,CL,,,,,55,,,,52,54,52,50,52,53,53,0,0,65,0,0,0,,,,,0,,,,58,62,61,60,64,58,66,0,0,77,0,0,0,False,,,0,,,,,,0,50,closer,
P4020,Deshawn,Jefferson,1988-01-30,77,205,African,dark,black,clean_shaven,L,P,,1,RP,RP,,,,,55,,,,51,52,50,52,54,53,50,57,58,0,60,0,0,,,,,0,,,,45,44,45,50,43,47,44,56,53,0,57,0,0,False,,,0,,,,,,0,50,groundball_rp,
P5028,Rufus,Young,1996-05-29,75,225,African,dark,black,beard,L,P,,1,RP,RP,,,,,53,,,,49,54,49,50,53,48,51,59,63,65,0,0,0,,,,,0,,,,54,50,52,56,49,51,50,59,62,67,0,0,0,False,,,0,,,,,,0,50,power_rp,
P6618,Antonio,Rivera,1989-09-25,75,226,Hispanic,light,red,clean_shaven,S,P,,1,RP,SP,,,,,51,,,,52,50,53,50,53,49,52,63,64,62,0,58,0,,,,,0,,,,47,43,49,47,48,44,52,61,56,56,0,53,0,False,,,0,,,,,,0,50,finesse_sp,
P8839,Cedric,Walker,1989-05-24,74,169,African,dark,black,clean_shaven,R,P,,1,RP,RP,,,,,53,,,,48,51,51,50,53,50,52,0,63,64,0,0,0,,,,,0,,,,42,50,45,50,46,46,42,0,58,56,0,0,0,False,,,0,,,,,,0,50,power_rp,
P3472,Pedro,Sanchez,1997-06-10,74,190,Hispanic,medium,black,mustache,S,P,,1,RP,LR,,,,,49,,,,52,48,53,50,52,49,54,57,61,0,0,0,0,,,,,0,,,,47,52,47,49,53,49,59,61,58,0,0,0,0,False,,,0,,,,,,0,50,long_relief,
P1582,Xavier,Wright,1990-06-26,68,188,African,light,black,clean_shaven,R,P,,1,RP,SP,,,,,47,,,,48,51,52,51,54,51,51,0,60,61,0,0,0,,,,,0,,,,47,49,47,50,49,45,50,0,57,61,0,0,0,False,,,0,,,,,,0,50,power_sp,
P1112,Ferdinand,Berning,2002-03-25,76,189,Anglo,light,black,clean_shaven,L,1B,,0,,,49,63,48,49,50,53,50,53,48,48,,,,,,,,,,,,61,76,58,60,50,0,0,53,53,57,,,,,,,,,,,,False,,,0,,,,,,0,50,,power
P3047,Jermaine,White,1993-10-28,68,166,African,medium,brown,clean_shaven,S,2B,,0,,,50,49,52,51,53,48,53,51,52,50,,,,,,,,,,,,43,47,44,49,53,0,0,51,43,50,,,,,,,,,,,,False,,,0,,,,,,0,50,,balanced
P7340,Adolph,Buske,1987-08-31,78,249,Anglo,light,blonde,goatee,R,RF,,0,,,50,52,49,52,49,49,57,47,50,54,,,,,,,,,,,,41,51,47,52,49,0,0,47,50,52,,,,,,,,,,,,False,,,0,,,,,,0,50,,average
P3611,Darnell,King,1988-10-07,74,180,African,dark,black,clean_shaven,R,LF,,0,,,51,62,49,51,49,52,58,49,51,51,,,,,,,,,,,,51,62,45,42,49,0,0,49,50,46,,,,,,,,,,,,False,,,0,,,,,,0,50,,power
P8333,Miguel,Flores,1999-09-01,68,226,Hispanic,medium,brown,beard,R,3B,,0,,,51,50,49,50,49,50,56,50,48,52,,,,,,,,,,,,66,64,63,56,49,0,0,50,62,58,,,,,,,,,,,,False,,,0,,,,,,0,50,,gap
P2665,Gerald,Eugley,1995-10-25,76,203,Anglo,light,brown,clean_shaven,R,RF,,0,,,50,56,48,49,50,53,58,47,50,50,,,,,,,,,,,,53,55,52,53,50,0,0,47,53,45,,,,,,,,,,,,False,,,0,,,,,,0,50,,power
P9662,Malik,Scott,1999-09-12,71,250,African,dark,black,clean_shaven,L,LF,RF,0,,,53,62,49,50,49,52,51,52,49,51,,,,,,,,,,,,68,77,63,58,49,0,0,52,54,58,,,,,,,,,,,,False,,,0,,,,,,0,50,,power
P5218,Carlos,Flores,1988-06-08,70,189,Hispanic,light,blonde,mustache,S,2B,,0,,,54,49,52,53,49,51,53,50,49,48,,,,,,,,,,,,53,49,48,50,49,0,0,50,46,41,,,,,,,,,,,,False,,,0,,,,,,0,50,,gap
P4952,Juan,Martinez,2007-07-09,70,192,Hispanic,light,black,clean_shaven,R,P,,1,RP,CL,,,,,55,,,,49,50,50,50,53,53,54,59,59,65,0,0,0,,,,,0,,,,67,66,69,82,65,80,72,70,75,91,0,0,0,False,,,0,,,,,,0,50,closer,
P5220,Gabriel,Sandhoff,2005-05-27,71,182,Anglo,light,red,mustache,L,P,,1,RP,RP,,,,,50,,,,53,53,51,52,54,49,52,0,60,63,0,0,0,,,,,0,,,,66,63,80,79,66,68,82,0,76,92,0,0,0,False,,,0,,,,,,0,50,power_rp,
P3802,Percy,Carter,2004-09-22,75,241,African,dark,black,clean_shaven,S,P,,1,RP,SP,,,,,51,,,,49,49,53,50,52,49,52,59,63,58,57,0,0,,,,,0,,,,69,70,69,73,73,76,78,70,75,77,74,0,0,False,,,0,,,,,,0,50,workhorse_sp,
P3554,Tyrone,Wright,2004-06-11,75,176,African,medium,black,mustache,R,P,,1,RP,RP,,,,,49,,,,52,52,49,53,52,52,52,57,61,67,0,0,0,,,,,0,,,,80,64,67,66,65,74,79,80,72,85,0,0,0,False,,,0,,,,,,0,50,finesse_rp,
P3877,Miguel,Gomez,2004-03-06,71,172,Hispanic,light,black,clean_shaven,R,P,,1,RP,SP,,,,,49,,,,50,52,53,53,53,51,53,62,62,0,0,0,0,,,,,0,,,,69,62,80,76,83,76,67,77,86,0,0,0,0,False,,,0,,,,,,0,50,finesse_sp,
P5247,Darnell,Carter,2005-02-19,73,233,African,dark,black,clean_shaven,R,3B,,0,,,49,51,87,52,51,48,56,50,49,49,,,,,,,,,,,,59,67,99,82,51,0,0,50,78,63,,,,,,,,,,,,False,,,0,,,,,,0,50,,elite_speed
P8447,Jerald,Kut,2007-02-19,71,202,Anglo,medium,black,clean_shaven,L,LF,,0,,,51,51,49,50,48,49,48,52,49,51,,,,,,,,,,,,64,67,68,74,48,0,0,52,79,65,,,,,,,,,,,,False,,,0,,,,,,0,50,,balanced
P2036,Alejandro,Gonzalez,2007-05-11,78,178,Hispanic,dark,black,goatee,R,RF,,0,,,51,58,49,49,48,52,53,51,48,53,,,,,,,,,,,,71,82,65,69,48,0,0,51,76,71,,,,,,,,,,,,False,,,0,,,,,,0,50,,power
P5744,Dustin,Romero,2005-03-19,68,229,Anglo,medium,blonde,clean_shaven,L,LF,,0,,,52,48,70,53,54,49,50,52,51,53,,,,,,,,,,,,63,74,99,81,54,0,0,52,77,83,,,,,,,,,,,,False,,,0,,,,,,0,50,,speed
P8544,Florentino,Labuff,2005-05-29,68,177,Anglo,dark,blonde,clean_shaven,R,3B,,0,,,66,48,50,53,49,49,60,52,48,52,,,,,,,,,,,,80,66,77,69,49,0,0,52,67,68,,,,,,,,,,,,False,,,0,,,,,,0,50,,spray
P2879,Silas,Layell,1994-03-20,70,176,Anglo,medium,blonde,beard,R,P,,1,RP,CL,,,,,55,,,,49,51,49,51,54,53,55,59,58,67,0,0,0,,,,,0,,,,49,54,56,59,47,57,51,57,59,67,0,0,0,False,,,0,,,,,,0,50,closer,
P6008,Jerrold,Bemo,1988-06-08,77,164,Anglo,medium,black,beard,L,P,,1,RP,SP,,,,,49,,,,48,49,51,52,52,52,52,58,63,62,58,0,0,,,,,0,,,,45,40,50,48,45,49,45,52,56,55,51,0,0,False,,,0,,,,,,0,50,power_sp,
P4534,Donny,Cassity,2004-03-18,72,166,Anglo,medium,brown,clean_shaven,R,P,,1,RP,SP,,,,,51,,,,53,50,51,54,52,51,52,61,60,0,0,0,0,,,,,0,,,,82,63,68,81,77,80,79,79,81,0,0,0,0,False,,,0,,,,,,0,50,finesse_sp,
P6804,Salvador,Otomo,1996-07-19,69,235,Anglo,light,blonde,clean_shaven,S,P,,1,RP,RP,,,,,49,,,,52,48,49,54,52,51,53,57,62,65,0,0,0,,,,,0,,,,57,48,51,47,52,53,58,54,66,65,0,0,0,False,,,0,,,,,,0,50,finesse_rp,
P9511,Xavier,Mitchell,1991-10-20,70,215,African,dark,brown,clean_shaven,R,P,,1,RP,RP,,,,,52,,,,49,49,50,50,52,52,49,58,0,0,0,0,0,,,,,0,,,,48,43,42,50,41,51,47,51,0,0,0,0,0,False,,,0,,,,,,0,50,finesse_rp,
P3195,Rufus,White,1989-12-29,76,220,African,dark,black,beard,L,P,,1,RP,SP,,,,,52,,,,51,53,50,50,52,52,52,0,0,60,58,0,0,,,,,0,,,,42,51,48,51,41,49,50,0,0,58,51,0,0,False,,,0,,,,,,0,50,groundball_sp,
P4725,Luis,Gomez,1996-09-02,76,223,Hispanic,medium,black,clean_shaven,L,P,,1,RP,SP,,,,,52,,,,51,50,51,50,52,51,52,61,60,0,0,0,0,,,,,0,,,,52,53,53,57,53,56,48,64,55,0,0,0,0,False,,,0,,,,,,0,50,workhorse_sp,
P4572,Darnell,Scott,1990-08-04,74,189,African,dark,black,beard,R,P,,1,RP,SP,,,,,50,,,,50,50,51,53,53,49,51,59,62,0,59,0,0,,,,,0,,,,50,42,50,50,51,39,49,51,62,0,52,0,0,False,,,0,,,,,,0,50,finesse_sp,
P7630,Stanford,Sanders,1997-08-19,69,188,Anglo,medium,brown,beard,L,P,,1,RP,SP,,,,,53,,,,52,49,52,50,53,49,53,60,60,61,58,0,0,,,,,0,,,,49,51,45,56,53,46,53,62,59,60,57,0,0,False,,,0,,,,,,0,50,groundball_sp,
P1945,Zachery,Greet,1991-06-08,68,190,Anglo,dark,black,goatee,S,P,,1,RP,SP,,,,,50,,,,52,53,53,50,54,52,52,0,59,60,63,0,0,,,,,0,,,,49,51,49,50,46,42,48,0,52,53,57,0,0,False,,,0,,,,,,0,50,groundball_sp,
P4407,Carlos,Sanchez,1998-05-20,76,220,Hispanic,medium,brown,clean_shaven,R,P,,1,RP,SP,,,,,50,,,,51,49,54,50,52,52,50,0,62,58,0,0,0,,,,,0,,,,56,57,65,65,66,58,56,0,69,72,0,0,0,False,,,0,,,,,,0,50,power_sp,
P5388,Anderson,Wieben,1999-08-04,69,204,Anglo,light,black,clean_shaven,R,C,,0,,,52,53,53,53,52,52,58,49,50,49,,,,,,,,,,,,57,66,59,68,52,0,0,49,61,56,,,,,,,,,,,,False,,,0,,,,,,0,50,,balanced
P6983,Jermaine,Walker,1998-01-01,68,214,African,medium,brown,clean_shaven,L,1B,,0,,,51,60,50,52,48,51,46,50,49,52,,,,,,,,,,,,47,63,52,57,48,0,0,50,53,56,,,,,,,,,,,,False,,,0,,,,,,0,50,,power
P6819,Shane,Polselli,1997-03-25,70,196,Anglo,light,brown,clean_shaven,R,2B,,0,,,52,60,48,52,50,52,54,51,52,49,,,,,,,,,,,,53,61,52,53,50,0,0,51,57,54,,,,,,,,,,,,False,,,0,,,,,,0,50,,power
P6557,Rupert,Dafonte,2003-02-10,76,180,Anglo,light,black,clean_shaven,L,3B,,0,,,50,49,70,51,48,47,52,50,50,52,,,,,,,,,,,,62,58,75,56,48,0,0,50,59,58,,,,,,,,,,,,False,,,0,,,,,,0,50,,speed
P1514,Lacy,Lutwin,2001-07-11,76,238,Anglo,medium,black,clean_shaven,S,SS,,0,,,50,57,51,51,48,50,57,49,49,49,,,,,,,,,,,,59,68,64,56,48,0,0,49,56,59,,,,,,,,,,,,False,,,0,,,,,,0,50,,power
P8566,Pedro,Vargas,2004-08-27,77,222,Hispanic,light,brown,clean_shaven,L,LF,,0,,,51,56,52,52,51,50,50,53,52,49,,,,,,,,,,,,80,86,80,81,51,0,0,53,63,60,,,,,,,,,,,,False,,,0,,,,,,0,50,,balanced
P5863,Tod,Violett,1987-03-24,74,174,Anglo,light,black,clean_shaven,L,CF,,0,,,54,51,49,50,49,49,47,50,48,49,,,,,,,,,,,,54,45,42,46,49,0,0,50,43,44,,,,,,,,,,,,False,,,0,,,,,,0,50,,balanced
P6508,Jose,Rodriguez,1989-02-11,68,194,Hispanic,medium,brown,mustache,L,RF,,0,,,56,50,50,53,52,49,49,51,49,50,,,,,,,,,,,,48,40,45,53,52,0,0,51,46,43,,,,,,,,,,,,False,,,0,,,,,,0,50,,spray
P5065,Archie,Sillitti,1996-12-06,73,168,Anglo,light,blonde,clean_shaven,R,3B,,0,,,52,49,50,50,52,49,55,52,50,49,,,,,,,,,,,,55,51,45,55,52,0,0,52,48,46,,,,,,,,,,,,False,,,0,,,,,,0,50,,balanced
P3826,Kraig,Jabiro,1997-04-21,77,165,Anglo,light,blonde,clean_shaven,L,RF,,0,,,58,50,52,51,51,48,50,50,52,50,,,,,,,,,,,,56,47,52,46,51,0,0,50,47,45,,,,,,,,,,,,False,,,0,,,,,,0,50,,spray
P3890,Carlos,Ortiz,1988-03-15,69,214,Hispanic,light,brown,mustache,R,SS,2B,0,,,51,47,84,51,53,49,59,51,49,50,,,,,,,,,,,,45,45,76,48,53,0,0,51,46,41,,,,,,,,,,,,False,,,0,,,,,,0,50,,speed
P6669,Fernando,Gomez,1992-04-17,74,178,Hispanic,medium,brown,mustache,R,3B,,0,,,61,51,50,51,51,49,56,52,50,52,,,,,,,,,,,,61,51,44,47,51,0,0,52,48,52,,,,,,,,,,,,False,,,0,,,,,,0,50,,spray
P5629,Colin,Suben,2000-01-23,68,178,Anglo,light,brown,clean_shaven,L,LF,,0,,,52,63,49,52,48,49,48,53,50,51,,,,,,,,,,,,62,75,61,60,48,0,0,53,65,64,,,,,,,,,,,,False,,,0,,,,,,0,50,,power
P3510,Gail,Vickery,1995-01-18,69,235,Anglo,light,brown,mustache,L,LF,,0,,,54,52,70,50,53,51,51,52,51,51,,,,,,,,,,,,56,49,74,45,53,0,0,52,50,49,,,,,,,,,,,,False,,,0,,,,,,0,50,,speed
P9687,Erwin,Pry,1989-07-09,77,187,Anglo,light,blonde,mustache,L,P,,1,RP,CL,,,,,55,,,,52,50,49,52,53,51,55,0,0,65,0,0,0,,,,,0,,,,48,40,49,53,41,43,46,0,0,59,0,0,0,False,,,0,,,,,,0,50,closer,
P6181,Antonio,Hernandez,1994-10-22,69,186,Hispanic,light,brown,clean_shaven,L,P,,1,RP,RP,,,,,49,,,,53,50,49,51,53,53,55,0,0,67,0,0,0,,,,,0,,,,54,50,53,53,52,49,56,0,0,66,0,0,0,False,,,0,,,,,,0,50,power_rp,
P9285,Andre,Ghrist,2003-02-25,73,191,Anglo,light,blonde,beard,L,P,,1,RP,SP,,,,,53,,,,52,50,52,51,52,50,51,62,59,60,0,0,0,,,,,0,,,,66,56,57,58,58,55,58,76,65,74,0,0,0,False,,,0,,,,,,0,50,workhorse_sp,
P3215,Francisco,Delgado,2001-03-18,76,176,Hispanic,light,black,clean_shaven,L,P,,1,RP,CL,,,,,51,,,,51,54,50,52,53,49,54,0,61,66,0,0,0,,,,,0,,,,58,69,57,62,56,57,65,0,66,71,0,0,0,False,,,0,,,,,,0,50,closer,
P4960,Jarod,Wedner,1999-11-06,77,204,Anglo,light,blonde,clean_shaven,R,P,,1,RP,SP,,,,,48,,,,48,52,49,50,54,49,51,63,59,61,56,0,0,,,,,0,,,,55,61,58,68,61,60,61,74,73,76,67,0,0,False,,,0,,,,,,0,50,balanced_sp,
P4887,Luis,Torres,1989-04-25,69,183,Hispanic,light,black,clean_shaven,S,P,,1,RP,RP,,,,,53,,,,53,48,50,52,53,52,50,58,0,0,61,0,0,,,,,0,,,,47,44,51,52,48,42,44,52,0,0,57,0,0,False,,,0,,,,,,0,50,groundball_rp,
P2092,Alejandro,Cruz,1989-11-25,73,164,Hispanic,dark,blonde,clean_shaven,R,P,,1,RP,SP,,,,,48,,,,49,54,50,50,52,47,54,0,60,61,60,58,0,,,,,0,,,,42,50,40,42,49,43,52,0,50,53,56,58,0,False,,,0,,,,,,0,50,power_sp,
P2009,Manuel,Torres,2002-02-18,68,160,Hispanic,medium,black,mustache,L,CF,,0,,,57,52,52,52,50,52,45,51,50,49,,,,,,,,,,,,63,57,62,58,50,0,0,51,59,59,,,,,,,,,,,,False,,,0,,,,,,0,50,,gap
P2178,Tyrone,White,1991-09-07,70,172,African,dark,black,clean_shaven,R,RF,3B,0,,,49,53,51,51,51,53,56,48,50,51,,,,,,,,,,,,45,52,42,41,51,0,0,48,45,42,,,,,,,,,,,,False,,,0,,,,,,0,50,,balanced
P2731,Tyrone,Scott,2000-07-08,75,248,African,dark,black,beard,R,1B,,0,,,49,54,50,51,51,49,51,52,52,48,,,,,,,,,,,,54,62,58,57,51,0,0,52,60,59,,,,,,,,,,,,False,,,0,,,,,,0,50,,average
P4356,Jermaine,Washington,1993-10-22,77,163,African,medium,brown,mustache,R,2B,,0,,,60,50,50,56,53,50,58,48,52,49,,,,,,,,,,,,54,40,47,52,53,0,0,48,45,49,,,,,,,,,,,,False,,,0,,,,,,0,50,,spray
P8153,Louis,Chancy,1992-06-25,74,190,Anglo,light,blonde,clean_shaven,R,C,,0,,,56,51,51,55,50,50,58,49,52,52,,,,,,,,,,,,52,51,43,45,50,0,0,49,50,50,,,,,,,,,,,,False,,,0,,,,,,0,50,,gap
P6079,Daron,Harmison,2001-12-19,71,242,Anglo,light,red,clean_shaven,R,C,,0,,,55,49,51,50,49,49,57,48,49,52,,,,,,,,,,,,65,62,63,58,49,0,0,48,61,67,,,,,,,,,,,,False,,,0,,,,,,0,50,,spray
P3306,Fabian,Gullickson,1990-04-10,72,202,Anglo,medium,brown,beard,R,1B,,0,,,50,65,51,49,49,51,52,49,50,52,,,,,,,,,,,,44,60,50,40,49,0,0,49,48,48,,,,,,,,,,,,False,,,0,,,,,,0,50,,power
P2687,Kyle,Henley,2004-02-17,74,204,Anglo,light,brown,clean_shaven,R,C,,0,,,52,52,52,51,51,50,56,48,50,53,,,,,,,,,,,,64,62,62,59,51,0,0,48,57,68,,,,,,,,,,,,False,,,0,,,,,,0,50,,balanced
P9701,Tyrell,Leonpacher,2006-09-26,71,180,Anglo,medium,brown,goatee,R,P,,1,RP,CL,,,,,55,,,,49,52,49,51,52,52,52,0,0,65,0,0,0,,,,,0,,,,66,69,81,69,78,67,75,0,0,86,0,0,0,False,,,0,,,,,,0,50,closer,
P5824,Jamal,Green,2004-04-13,78,223,African,dark,black,mustache,L,P,,1,RP,RP,,,,,53,,,,50,52,48,51,52,51,51,57,61,0,0,0,0,,,,,0,,,,79,76,80,67,67,77,75,82,86,0,0,0,0,False,,,0,,,,,,0,50,finesse_rp,
P7746,Roberto,Cruz,2007-01-01,69,190,Hispanic,medium,brown,clean_shaven,R,P,,1,RP,RP,,,,,53,,,,52,49,53,50,52,52,52,0,63,0,0,0,0,,,,,0,,,,64,71,76,67,82,68,66,0,77,0,0,0,0,False,,,0,,,,,,0,50,finesse_rp,
P9354,Kevin,Saxena,2007-08-17,74,228,Anglo,light,black,clean_shaven,L,P,,1,RP,RP,,,,,56,,,,53,49,52,53,53,51,49,0,0,0,60,0,0,,,,,0,,,,76,64,79,74,73,72,62,0,0,0,88,0,0,False,,,0,,,,,,0,50,groundball_rp,
P4338,Bryan,Mclennon,2006-12-02,72,245,Anglo,dark,brown,beard,R,P,,1,RP,RP,,,,,49,,,,50,51,53,52,52,51,51,0,63,64,0,0,0,,,,,0,,,,65,77,67,81,70,76,63,0,75,91,0,0,0,False,,,0,,,,,,0,50,power_rp,
P8145,Scott,Bourgois,2007-04-23,77,191,Anglo,medium,brown,clean_shaven,R,2B,,0,,,56,49,48,53,50,50,55,49,50,50,,,,,,,,,,,,72,65,76,63,50,0,0,49,68,70,,,,,,,,,,,,False,,,0,,,,,,0,50,,spray
P2751,Xavier,King,2007-05-02,72,233,African,light,black,clean_shaven,L,1B,,0,,,48,62,52,49,51,52,46,53,48,49,,,,,,,,,,,,61,89,79,69,51,0,0,53,69,72,,,,,,,,,,,,False,,,0,,,,,,0,50,,power
P6345,Marco,Skarke,2006-12-30,70,231,Anglo,light,blonde,clean_shaven,R,1B,,0,,,50,57,49,51,50,52,51,50,51,50,,,,,,,,,,,,72,77,68,81,50,0,0,50,79,63,,,,,,,,,,,,False,,,0,,,,,,0,50,,balanced
P3812,Darnell,Robinson,2007-09-15,75,219,African,dark,black,clean_shaven,L,LF,,0,,,48,59,47,51,48,53,50,53,53,50,,,,,,,,,,,,60,74,65,74,48,0,0,53,63,75,,,,,,,,,,,,False,,,0,,,,,,0,50,,power
P7710,Omar,Surina,2007-02-01,72,247,Anglo,light,brown,clean_shaven,R,RF,,0,,,48,61,47,49,47,51,50,48,48,48,,,,,,,,,,,,66,83,76,64,47,0,0,48,60,77,,,,,,,,,,,,False,,,0,,,,,,0,50,,power
P6123,Merrill,Lowy,1991-01-03,76,235,Anglo,light,brown,clean_shaven,S,P,,1,RP,CL,,,,,55,,,,49,53,51,50,52,49,53,58,0,65,0,0,0,,,,,0,,,,49,48,45,44,43,49,50,54,0,59,0,0,0,False,,,0,,,,,,0,50,closer,
P1190,Virgil,Zettlemoyer,1995-01-12,75,217,Anglo,medium,brown,beard,R,P,,1,RP,LR,,,,,53,,,,50,49,53,51,52,49,51,59,59,65,0,0,0,,,,,0,,,,46,54,50,56,56,52,46,55,61,63,0,0,0,False,,,0,,,,,,0,50,long_relief,
P3356,Jorge,Vasquez,1996-05-06,71,181,Hispanic,medium,black,clean_shaven,R,P,,1,RP,RP,,,,,52,,,,49,51,49,50,54,50,53,0,0,63,0,0,0,,,,,0,,,,50,48,51,59,46,51,55,0,0,65,0,0,0,False,,,0,,,,,,0,50,power_rp,
P9853,Donovan,Pencek,2000-08-02,68,221,Anglo,light,brown,goatee,S,P,,1,RP,SP,,,,,50,,,,51,50,53,53,54,50,51,58,0,59,0,0,0,,,,,0,,,,58,56,67,61,58,55,56,65,0,67,0,0,0,False,,,0,,,,,,0,50,workhorse_sp,
P7232,Fernando,Mendoza,1993-01-12,73,224,Hispanic,medium,blonde,clean_shaven,R,P,,1,RP,SP,,,,,48,,,,49,53,54,50,53,49,53,61,0,60,0,0,0,,,,,0,,,,45,47,42,43,50,47,47,52,0,59,0,0,0,False,,,0,,,,,,0,50,balanced_sp,
P3521,Olen,Isaacsen,1992-12-20,69,173,Anglo,light,blonde,clean_shaven,R,P,,1,RP,SP,,,,,52,,,,52,50,52,50,52,48,52,60,60,60,60,0,0,,,,,0,,,,47,49,41,45,42,42,44,52,53,53,52,0,0,False,,,0,,,,,,0,50,workhorse_sp,
P6399,Tim,Wannamaker,1999-01-28,78,174,Anglo,light,black,mustache,R,P,,1,RP,RP,,,,,51,,,,51,49,50,51,52,51,49,61,59,0,0,0,0,,,,,0,,,,56,57,65,57,59,57,57,71,68,0,0,0,0,False,,,0,,,,,,0,50,finesse_rp,
P4117,Enoch,Vielle,1994-03-05,74,236,Anglo,light,brown,beard,L,P,,1,RP,RP,,,,,52,,,,52,52,47,52,52,51,49,58,60,0,0,0,0,,,,,0,,,,47,56,53,53,45,54,46,60,63,0,0,0,0,False,,,0,,,,,,0,50,finesse_rp,
P2287,Ricardo,Martinez,1991-02-26,74,198,Hispanic,dark,black,clean_shaven,L,P,LF,1,RP,SP,,,,,52,,,,49,50,53,50,54,49,52,0,62,58,56,56,0,,,,,0,,,,42,42,42,48,52,41,49,0,57,58,51,54,0,False,,,0,,,,,,0,50,power_sp,
P1586,Antonio,Ramos,1996-07-20,74,171,Hispanic,light,blonde,beard,R,P,,1,RP,SP,,,,,49,,,,50,49,50,52,54,49,52,0,62,0,62,0,0,,,,,0,,,,54,49,55,52,47,54,47,0,64,0,65,0,0,False,,,0,,,,,,0,50,groundball_sp,
P4638,Floyd,Lataquin,1995-01-21,78,179,Anglo,light,blonde,beard,L,P,,1,RP,RP,,,,,49,,,,49,51,51,50,53,50,55,0,60,0,0,0,0,,,,,0,,,,47,49,47,58,54,45,55,0,58,0,0,0,0,False,,,0,,,,,,0,50,power_rp,
P5102,Francesco,Camferdam,1993-10-27,78,250,Anglo,medium,black,goatee,R,C,,0,,,53,50,53,52,53,49,58,52,50,49,,,,,,,,,,,,50,43,50,48,53,0,0,52,48,43,,,,,,,,,,,,False,,,0,,,,,,0,50,,balanced
P2321,Miguel,Ramos,1992-12-14,68,183,Hispanic,medium,brown,clean_shaven,R,1B,,0,,,51,64,50,50,48,50,51,51,47,51,,,,,,,,,,,,45,61,50,42,48,0,0,51,46,45,,,,,,,,,,,,False,,,0,,,,,,0,50,,power
P3582,Pedro,Martinez,2002-11-02,72,237,Hispanic,medium,brown,mustache,L,2B,,0,,,52,49,50,51,51,51,50,51,51,51,,,,,,,,,,,,58,57,58,61,51,0,0,51,56,66,,,,,,,,,,,,False,,,0,,,,,,0,50,,average
P2971,Francisco,Perez,2004-07-28,72,188,Hispanic,light,brown,mustache,R,3B,,0,,,48,53,50,50,50,50,57,50,49,49,,,,,,,,,,,,61,82,73,62,50,0,0,50,72,69,,,,,,,,,,,,False,,,0,,,,,,0,50,,average
P1672,Hector,Martinez,1998-07-03,75,177,Hispanic,dark,blonde,goatee,R,SS,,0,,,53,52,52,51,51,49,57,51,47,49,,,,,,,,,,,,61,64,61,66,51,0,0,51,60,55,,,,,,,,,,,,False,,,0,,,,,,0,50,,balanced
P8922,Rigoberto,Minert,2002-09-07,76,198,Anglo,medium,black,clean_shaven,R,LF,,0,,,53,53,48,51,49,52,55,53,52,48,,,,,,,,,,,,64,67,60,66,49,0,0,53,59,63,,,,,,,,,,,,False,,,0,,,,,,0,50,,average
P4034,Francisco,Lopez,1987-03-25,71,220,Hispanic,medium,black,mustache,R,CF,LF,0,,,63,52,50,53,51,49,54,51,52,49,,,,,,,,,,,,56,44,43,46,51,0,0,51,52,44,,,,,,,,,,,,False,,,0,,,,,,0,50,,spray
P1722,Ricardo,Vargas,2004-11-03,74,190,Hispanic,medium,brown,clean_shaven,R,RF,,0,,,50,57,48,51,49,49,56,50,50,52,,,,,,,,,,,,61,73,71,79,49,0,0,50,61,80,,,,,,,,,,,,False,,,0,,,,,,0,50,,power
P2366,Roberto,Perez,2002-12-18,69,189,Hispanic,medium,black,clean_shaven,L,C,,0,,,51,52,52,52,50,49,46,49,51,51,,,,,,,,,,,,62,57,63,58,50,0,0,49,63,62,,,,,,,,,,,,False,,,0,,,,,,0,50,,average
P5897,Clemente,Binner,1990-09-22,68,239,Anglo,light,red,mustache,R,1B,,0,,,53,50,49,50,52,52,50,50,53,51,,,,,,,,,,,,50,43,46,41,52,0,0,50,44,42,,,,,,,,,,,,False,,,0,,,,,,0,50,,average
P3800,Hal,Chauncey,1988-04-26,70,249,Anglo,light,brown,clean_shaven,S,LF,,0,,,49,60,52,50,47,53,54,50,49,50,,,,,,,,,,,,48,53,46,46,47,0,0,50,41,48,,,,,,,,,,,,False,,,0,,,,,,0,50,,power
P1513,Marshall,Griffis,1995-02-19,75,188,Anglo,light,black,beard,R,RF,,0,,,50,51,51,51,52,53,56,52,51,49,,,,,,,,,,,,46,50,49,47,52,0,0,52,56,47,,,,,,,,,,,,False,,,0,,,,,,0,50,,balanced
P3241,Hector,Rodriguez,1993-04-25,76,250,Hispanic,light,black,clean_shaven,R,SS,,0,,,53,48,72,53,49,49,61,50,47,49,,,,,,,,,,,,46,38,66,50,49,0,0,50,47,43,,,,,,,,,,,,False,,,0,,,,,,0,50,,speed
P1476,Jose,Martinez,2002-05-25,70,185,Hispanic,light,black,clean_shaven,R,2B,,0,,,53,50,52,52,48,52,55,48,49,50,,,,,,,,,,,,58,55,64,59,48,0,0,48,59,62,,,,,,,,,,,,False,,,0,,,,,,0,50,,average
P8543,Todd,Denoyer,1993-10-01,69,226,Anglo,light,black,clean_shaven,R,P,,1,RP,CL,,,,,55,,,,51,51,48,50,54,51,55,0,58,65,0,0,0,,,,,0,,,,44,46,45,52,41,41,45,0,49,55,0,0,0,False,,,0,,,,,,0,50,closer,
P7654,Alejandro,Perez,1998-06-18,78,213,Hispanic,medium,black,mustache,R,P,,1,RP,RP,,,,,50,,,,51,50,49,50,52,50,53,0,62,64,0,0,0,,,,,0,,,,56,65,56,58,60,64,60,0,68,78,0,0,0,False,,,0,,,,,,0,50,power_rp,
P7077,Antonia,Eliezrie,1996-09-22,72,204,Anglo,dark,black,clean_shaven,L,P,,1,RP,SP,,,,,50,,,,51,51,54,52,54,49,52,62,62,57,0,0,0,,,,,0,,,,46,55,57,59,50,54,56,66,58,52,0,0,0,False,,,0,,,,,,0,50,finesse_sp,
P2288,Fred,Bienvenu,1998-08-16,69,162,Anglo,light,red,clean_shaven,L,P,,1,RP,SP,,,,,54,,,,48,52,54,50,54,51,52,57,59,0,58,0,0,,,,,0,,,,63,61,63,64,60,59,66,68,68,0,69,0,0,False,,,0,,,,,,0,50,groundball_sp,
P4424,Alejandro,Guerrero,1987-09-06,74,210,Hispanic,light,brown,mustache,R,P,,1,RP,SP,,,,,49,,,,51,49,50,50,52,49,53,0,60,63,60,0,0,,,,,0,,,,41,41,40,51,43,42,43,0,55,62,58,0,0,False,,,0,,,,,,0,50,power_sp,
P6826,Hector,Rivera,2002-09-16,77,202,Hispanic,medium,blonde,clean_shaven,R,P,,1,RP,CL,,,,,51,,,,51,51,48,52,52,53,55,0,0,65,0,0,0,,,,,0,,,,59,58,60,58,63,63,64,0,0,72,0,0,0,False,,,0,,,,,,0,50,closer,
P6742,Gregorio,Cadle,1996-02-16,74,229,Anglo,medium,brown,beard,R,P,,1,RP,SP,,,,,48,,,,52,51,54,50,52,50,54,0,63,62,0,53,0,,,,,0,,,,55,52,54,56,55,55,51,0,65,57,0,53,0,False,,,0,,,,,,0,50,power_sp,
P8952,Raul,Rivera,2003-03-10,75,242,Hispanic,dark,black,clean_shaven,R,2B,,0,,,51,49,77,52,53,52,57,52,50,49,,,,,,,,,,,,56,64,82,62,53,0,0,52,64,55,,,,,,,,,,,,False,,,0,,,,,,0,50,,speed
P7408,Hector,Ortiz,2002-11-22,68,206,Hispanic,medium,brown,clean_shaven,R,C,,0,,,52,54,49,51,51,49,58,52,53,49,,,,,,,,,,,,61,60,64,62,51,0,0,52,62,59,,,,,,,,,,,,False,,,0,,,,,,0,50,,balanced
P7454,Numbers,Charest,2000-08-14,69,213,Anglo,light,brown,clean_shaven,S,LF,,0,,,50,59,51,52,50,52,52,49,53,53,,,,,,,,,,,,55,74,57,59,50,0,0,49,58,58,,,,,,,,,,,,False,,,0,,,,,,0,50,,power
P3390,Antonio,Vargas,1995-08-09,75,172,Hispanic,light,brown,mustache,L,RF,,0,,,53,53,49,49,52,50,45,51,53,51,,,,,,,,,,,,56,55,44,50,52,0,0,51,57,51,,,,,,,,,,,,False,,,0,,,,,,0,50,,average
P4402,Eduardo,Morales,2000-10-12,68,183,Hispanic,light,brown,clean_shaven,R,C,,0,,,49,52,52,50,48,53,58,49,49,52,,,,,,,,,,,,60,60,67,63,48,0,0,49,58,63,,,,,,,,,,,,False,,,0,,,,,,0,50,,average
P6215,Lynn,Orrego,1990-02-09,77,178,Anglo,light,brown,clean_shaven,R,LF,,0,,,50,60,51,49,50,50,57,50,51,50,,,,,,,,,,,,48,52,48,48,50,0,0,50,51,50,,,,,,,,,,,,False,,,0,,,,,,0,50,,balanced
P8032,Carlos,Gonzalez,1994-11-28,70,226,Hispanic,dark,brown,clean_shaven,R,1B,,0,,,52,59,52,51,49,51,51,49,48,52,,,,,,,,,,,,53,57,51,49,49,0,0,49,47,49,,,,,,,,,,,,False,,,0,,,,,,0,50,,power
P7312,Hector,Vasquez,1990-05-11,68,181,Hispanic,dark,black,mustache,R,LF,RF,0,,,57,49,52,53,52,51,58,52,51,53,,,,,,,,,,,,53,41,49,53,52,0,0,52,51,51,,,,,,,,,,,,False,,,0,,,,,,0,50,,spray
P2433,Todd,Andreoni,2004-11-16,75,177,Anglo,medium,brown,goatee,L,P,,1,RP,CL,,,,,55,,,,50,50,49,50,53,52,52,56,0,66,0,0,0,,,,,0,,,,72,80,62,81,70,76,65,85,0,96,0,0,0,False,,,0,,,,,,0,50,closer,
P4260,Augustus,Mainz,2006-05-02,73,185,Anglo,light,blonde,clean_shaven,L,P,,1,RP,SP,,,,,51,,,,49,49,50,50,53,51,51,63,63,0,0,58,0,,,,,0,,,,66,71,73,76,74,71,69,74,80,0,0,86,0,False,,,0,,,,,,0,50,finesse_sp,
P9571,Micah,Reichmann,2006-07-19,73,161,Anglo,light,blonde,beard,R,P,,1,RP,SP,,,,,50,,,,49,49,50,53,52,50,51,60,62,60,0,0,0,,,,,0,,,,77,71,73,75,77,77,75,76,79,84,0,0,0,False,,,0,,,,,,0,50,balanced_sp,
P2912,Alejandro,Hernandez,2004-06-25,71,183,Hispanic,light,black,clean_shaven,R,P,,1,RP,SP,,,,,48,,,,51,50,52,50,52,50,53,62,58,62,0,0,0,,,,,0,,,,65,78,72,77,63,66,75,76,80,92,0,0,0,False,,,0,,,,,,0,50,balanced_sp,
P8137,Brad,Camire,2006-07-29,75,199,Anglo,light,black,clean_shaven,L,P,,1,RP,SP,,,,,50,,,,52,52,50,50,52,49,53,60,63,62,0,0,0,,,,,0,,,,77,69,79,66,64,69,80,84,79,89,0,0,0,False,,,0,,,,,,0,50,power_sp,
P8418,Roberto,Reyes,2007-02-07,70,220,Hispanic,light,black,clean_shaven,R,C,,0,,,50,50,49,52,53,52,58,50,53,50,,,,,,,,,,,,64,76,78,76,53,0,0,50,73,68,,,,,,,,,,,,False,,,0,,,,,,0,50,,balanced
P1943,Jonas,Moser,2004-05-19,69,161,Anglo,medium,brown,clean_shaven,R,3B,,0,,,50,51,52,50,50,51,58,50,51,49,,,,,,,,,,,,79,72,80,61,50,0,0,50,72,73,,,,,,,,,,,,False,,,0,,,,,,0,50,,gap
P8011,Alejandro,Rivera,2006-01-31,73,190,Hispanic,medium,blonde,clean_shaven,L,1B,,0,,,52,56,49,49,52,49,46,50,50,51,,,,,,,,,,,,72,79,67,73,52,0,0,50,78,67,,,,,,,,,,,,False,,,0,,,,,,0,50,,balanced
P8559,Jose,Torres,2004-10-06,71,161,Hispanic,medium,black,clean_shaven,L,CF,,0,,,50,52,79,53,51,51,45,51,49,48,,,,,,,,,,,,75,68,94,77,51,0,0,51,59,69,,,,,,,,,,,,False,,,0,,,,,,0,50,,speed
P7262,Juan,Torres,2007-04-25,72,229,Hispanic,medium,red,clean_shaven,R,2B,,0,,,63,52,50,55,53,50,59,49,52,49,,,,,,,,,,,,84,63,60,81,53,0,0,49,72,60,,,,,,,,,,,,False,,,0,,,,,,0,50,,spray
P6726,Fernando,Reyes,1987-05-12,68,160,Hispanic,light,black,clean_shaven,R,P,,1,RP,CL,,,,,55,,,,48,52,48,51,54,50,56,58,59,67,0,0,0,,,,,0,,,,43,48,43,53,46,42,46,54,55,66,0,0,0,False,,,0,,,,,,0,50,closer,
P6608,Luis,Garcia,1995-01-15,71,221,Hispanic,medium,black,beard,L,P,,1,RP,RP,,,,,51,,,,51,49,51,51,53,52,50,61,62,64,0,0,0,,,,,0,,,,49,53,53,54,56,48,54,62,66,62,0,0,0,False,,,0,,,,,,0,50,finesse_rp,
P1428,Jarod,Deconti,1989-03-30,77,208,Anglo,medium,red,clean_shaven,L,P,,1,RP,RP,,,,,52,,,,50,49,51,50,53,52,50,0,63,63,0,0,0,,,,,0,,,,45,39,45,46,50,42,48,0,63,63,0,0,0,False,,,0,,,,,,0,50,power_rp,
P1402,Russell,Read,1989-02-04,73,172,Anglo,light,blonde,clean_shaven,R,P,,1,RP,RP,,,,,52,,,,49,49,48,51,52,49,52,62,0,0,0,0,0,,,,,0,,,,44,44,44,44,41,39,42,57,0,0,0,0,0,False,,,0,,,,,,0,50,finesse_rp,
P3198,Chauncey,Wyles,2002-01-05,78,217,Anglo,light,blonde,clean_shaven,L,P,,1,RP,RP,,,,,50,,,,49,49,52,51,53,52,52,59,0,0,0,0,0,,,,,0,,,,58,61,63,66,58,59,62,65,0,0,0,0,0,False,,,0,,,,,,0,50,finesse_rp,
P1288,Luther,Weirauch,2004-09-28,77,207,Anglo,light,black,clean_shaven,R,P,,1,RP,LR,,,,,49,,,,49,53,49,50,52,51,52,57,0,65,0,0,0,,,,,0,,,,67,75,64,68,75,72,78,87,0,78,0,0,0,False,,,0,,,,,,0,50,long_relief,
P1819,Angel,Hollenbaugh,1997-07-16,76,247,Anglo,light,blonde,beard,R,P,,1,RP,SP,,,,,50,,,,53,50,52,52,52,49,52,59,0,62,0,0,0,,,,,0,,,,53,47,57,47,52,51,51,54,0,67,0,0,0,False,,,0,,,,,,0,50,balanced_sp,
P6805,Don,Leaks,1991-11-16,76,220,Anglo,medium,black,beard,S,P,,1,RP,SP,,,,,49,,,,52,53,54,51,52,50,51,59,61,0,0,0,0,,,,,0,,,,46,51,50,42,46,41,42,51,55,0,0,0,0,False,,,0,,,,,,0,50,workhorse_sp,
P6360,Neal,Vollman,2000-07-10,76,237,Anglo,medium,red,clean_shaven,R,P,,1,RP,CL,,,,,53,,,,52,52,50,50,53,50,56,0,0,65,0,0,0,,,,,0,,,,57,66,56,65,64,64,70,0,0,75,0,0,0,False,,,0,,,,,,0,50,closer,
P1136,Arlie,Kostka,2004-01-01,74,228,Anglo,light,brown,mustache,R,P,,1,RP,SP,,,,,50,,,,52,48,51,53,53,49,52,59,63,60,54,0,0,,,,,0,,,,63,54,67,65,63,57,66,73,78,68,61,0,0,False,,,0,,,,,,0,50,balanced_sp,
P5817,Burt,Dailey,2000-06-04,68,219,Anglo,light,blonde,clean_shaven,R,P,,1,RP,SP,,,,,51,,,,49,51,53,50,52,51,54,61,61,62,0,0,0,,,,,0,,,,64,62,63,66,66,58,69,72,71,69,0,0,0,False,,,0,,,,,,0,50,power_sp,
P6902,Clifford,Sandoral,1995-12-02,71,216,Anglo,medium,blonde,clean_shaven,L,C,,0,,,50,51,48,50,49,53,47,49,51,49,,,,,,,,,,,,52,56,48,47,49,0,0,49,55,49,,,,,,,,,,,,False,,,0,,,,,,0,50,,average
P3203,Fredrick,Wohlers,1990-02-05,69,166,Anglo,dark,brown,beard,L,1B,,0,,,48,62,49,51,48,51,49,49,49,49,,,,,,,,,,,,45,60,41,44,48,0,0,49,39,46,,,,,,,,,,,,False,,,0,,,,,,0,50,,power
P6631,Teddy,Pong,2002-12-26,73,161,Anglo,light,brown,clean_shaven,R,2B,,0,,,55,48,70,54,50,51,54,50,52,49,,,,,,,,,,,,69,61,82,61,50,0,0,50,58,62,,,,,,,,,,,,False,,,0,,,,,,0,50,,speed
P4179,Millard,Kappe,1996-10-20,76,247,Anglo,dark,brown,goatee,R,3B,C,0,,,52,58,48,51,47,50,60,49,49,52,,,,,,,,,,,,55,62,51,50,47,0,0,49,54,48,,,,,,,,,,,,False,,,0,,,,,,0,50,,power
P1198,Mikel,Bogaert,2004-08-13,75,244,Anglo,light,blonde,clean_shaven,R,SS,,0,,,53,54,52,52,49,52,55,50,49,48,,,,,,,,,,,,80,83,66,74,49,0,0,50,65,72,,,,,,,,,,,,False,,,0,,,,,,0,50,,balanced
P5465,Mauro,Pavelich,1988-09-09,76,174,Anglo,light,brown,goatee,S,LF,,0,,,49,51,53,50,50,49,52,52,49,48,,,,,,,,,,,,45,50,44,42,50,0,0,52,42,41,,,,,,,,,,,,False,,,0,,,,,,0,50,,balanced
P6274,Ike,Skyers,2001-06-22,77,175,Anglo,light,brown,clean_shaven,L,CF,,0,,,51,48,52,50,52,50,43,47,49,49,,,,,,,,,,,,63,56,58,64,52,0,0,47,63,55,,,,,,,,,,,,False,,,0,,,,,,0,50,,balanced
P7948,Hubert,Rommelfanger,2001-09-15,72,240,Anglo,dark,brown,beard,R,RF,,0,,,51,51,70,50,53,51,52,50,51,50,,,,,,,,,,,,66,58,77,65,53,0,0,50,61,56,,,,,,,,,,,,False,,,0,,,,,,0,50,,speed
P9167,Barton,Figuroa,1997-11-27,68,174,Anglo,light,blonde,beard,S,CF,,0,,,58,50,50,55,49,52,53,51,51,48,,,,,,,,,,,,62,53,48,52,49,0,0,51,52,53,,,,,,,,,,,,False,,,0,,,,,,0,50,,spray
P3952,Myles,Hales,1996-12-08,70,180,Anglo,light,blonde,beard,R,1B,,0,,,56,57,49,50,51,48,55,50,51,52,,,,,,,,,,,,57,56,51,46,51,0,0,50,46,53,,,,,,,,,,,,False,,,0,,,,,,0,50,,gap
P3288,Alvaro,Ketron,2003-06-13,70,212,Anglo,light,brown,mustache,L,RF,3B,0,,,52,50,49,52,49,51,46,49,49,53,,,,,,,,,,,,61,58,61,67,49,0,0,49,55,67,,,,,,,,,,,,False,,,0,,,,,,0,50,,balanced
P9145,Carol,Warncke,1995-11-29,74,175,Anglo,light,brown,clean_shaven,L,CF,,0,,,53,50,50,52,53,52,47,53,50,52,,,,,,,,,,,,51,54,52,56,53,0,0,53,52,53,,,,,,,,,,,,False,,,0,,,,,,0,50,,balanced
P3187,Dexter,Chirco,1993-09-11,76,207,Anglo,medium,blonde,clean_shaven,R,SS,,0,,,49,48,86,50,50,47,60,52,51,50,,,,,,,,,,,,46,47,82,43,50,0,0,52,41,43,,,,,,,,,,,,False,,,0,,,,,,0,50,,elite_speed
P2819,Clifton,Ussery,2001-09-07,71,174,Anglo,light,brown,clean_shaven,L,CF,LF,0,,,53,47,51,53,52,49,49,52,52,52,,,,,,,,,,,,68,57,62,62,52,0,0,52,63,61,,,,,,,,,,,,False,,,0,,,,,,0,50,,spray
P7165,Lanny,Sonkin,2004-01-04,75,174,Anglo,dark,black,goatee,L,P,,1,RP,CL,,,,,55,,,,50,51,49,50,52,53,53,56,58,67,0,0,0,,,,,0,,,,57,59,55,63,63,62,65,70,64,75,0,0,0,False,,,0,,,,,,0,50,closer,
P4865,Tommy,Hanlon,1998-06-10,78,211,Anglo,light,blonde,clean_shaven,L,P,,1,RP,RP,,,,,52,,,,48,50,49,50,52,49,54,0,62,0,0,0,0,,,,,0,,,,63,59,57,66,55,60,67,0,72,0,0,0,0,False,,,0,,,,,,0,50,power_rp,
P4604,Chang,Imbesi,1991-10-03,68,213,Anglo,light,black,clean_shaven,S,P,,1,RP,SP,,,,,53,,,,50,52,52,52,52,50,52,57,0,0,60,0,0,,,,,0,,,,50,51,43,49,46,46,43,57,0,0,51,0,0,False,,,0,,,,,,0,50,groundball_sp,
P4623,Erin,Tencer,1990-01-13,76,214,Anglo,medium,brown,beard,L,P,,1,RP,SP,,,,,47,,,,51,50,54,50,54,49,56,0,61,62,0,0,0,,,,,0,,,,49,48,47,47,44,47,52,0,59,53,0,0,0,False,,,0,,,,,,0,50,power_sp,
P3853,Donald,Wollard,1993-02-01,74,223,Anglo,light,blonde,beard,R,P,,1,RP,SP,,,,,52,,,,50,49,49,50,54,48,49,59,58,0,59,0,0,,,,,0,,,,41,49,43,49,47,42,47,54,49,0,51,0,0,False,,,0,,,,,,0,50,groundball_sp,
P2655,Roderick,Grieb,2005-02-11,69,170,Anglo,light,brown,clean_shaven,R,P,,1,RP,SP,,,,,51,,,,49,51,50,50,54,48,49,62,61,58,57,0,0,,,,,0,,,,69,69,79,65,79,69,66,78,91,79,76,0,0,False,,,0,,,,,,0,50,groundball_sp,
P9862,Deandre,Eshlerman,1990-08-28,77,204,Anglo,medium,brown,clean_shaven,R,P,,1,RP,CL,,,,,51,,,,52,53,50,52,52,49,55,0,61,65,0,0,0,,,,,0,,,,50,53,50,49,47,48,45,0,54,57,0,0,0,False,,,0,,,,,,0,50,closer,
P2525,German,Vence,2000-12-11,71,248,Anglo,medium,brown,clean_shaven,R,1B,,0,,,50,61,48,51,47,54,54,49,50,48,,,,,,,,,,,,57,73,62,62,47,0,0,49,63,55,,,,,,,,,,,,False,,,0,,,,,,0,50,,power
P8520,Abdul,Koepf,1999-01-28,70,177,Anglo,medium,red,clean_shaven,R,2B,,0,,,53,49,77,53,53,51,56,52,48,53,,,,,,,,,,,,66,55,83,64,53,0,0,52,57,68,,,,,,,,,,,,False,,,0,,,,,,0,50,,speed
P6661,Isaias,Seise,1994-02-27,71,246,Anglo,light,black,goatee,R,2B,,0,,,52,48,85,52,51,51,55,48,50,49,,,,,,,,,,,,46,42,81,46,51,0,0,48,48,45,,,,,,,,,,,,False,,,0,,,,,,0,50,,elite_speed
P6318,Delbert,Wilner,2001-03-08,72,219,Anglo,medium,blonde,clean_shaven,L,1B,,0,,,63,51,54,52,52,46,45,49,50,51,,,,,,,,,,,,76,63,59,62,52,0,0,49,63,56,,,,,,,,,,,,False,,,0,,,,,,0,50,,spray
P5064,Jacinto,Kupchinsky,1998-10-26,69,243,Anglo,light,blonde,clean_shaven,R,1B,,0,,,52,63,49,51,49,53,54,48,51,48,,,,,,,,,,,,57,74,54,58,49,0,0,48,60,54,,,,,,,,,,,,False,,,0,,,,,,0,50,,power
P3076,Dewayne,Kuhr,2000-07-04,75,167,Anglo,medium,black,mustache,R,CF,,0,,,55,49,53,53,52,50,54,52,50,49,,,,,,,,,,,,65,54,62,58,52,0,0,52,62,56,,,,,,,,,,,,False,,,0,,,,,,0,50,,spray
P4223,Fredrick,Schneidtmille,1988-09-15,75,233,Anglo,light,black,clean_shaven,R,C,,0,,,63,52,51,52,49,48,58,52,50,52,,,,,,,,,,,,62,46,45,44,49,0,0,52,40,46,,,,,,,,,,,,False,,,0,,,,,,0,50,,spray
P1821,Salvatore,Jaeschke,1990-04-11,75,190,Anglo,medium,blonde,beard,L,RF,,0,,,50,62,51,51,48,50,49,50,52,49,,,,,,,,,,,,44,53,51,41,48,0,0,50,42,48,,,,,,,,,,,,False,,,0,,,,,,0,50,,power
P1883,Duane,Esfahani,2007-08-16,75,218,Anglo,medium,black,goatee,L,P,,1,RP,CL,,,,,55,,,,50,53,50,50,54,52,52,0,0,65,0,0,0,,,,,0,,,,72,70,74,75,74,75,67,0,0,94,0,0,0,False,,,0,,,,,,0,50,closer,
P6349,Gayle,Lieb,2007-10-11,72,173,Anglo,light,black,clean_shaven,R,P,,1,RP,SP,,,,,52,,,,51,53,53,52,53,48,53,62,60,61,58,0,0,,,,,0,,,,69,71,62,67,72,64,67,80,79,85,79,0,0,False,,,0,,,,,,0,50,balanced_sp,
P1169,Will,Wiegard,2004-09-17,77,180,Anglo,medium,blonde,mustache,S,P,,1,RP,SP,,,,,49,,,,48,51,52,50,52,51,50,60,62,63,0,0,0,,,,,0,,,,61,81,63,80,64,70,76,79,84,79,0,0,0,False,,,0,,,,,,0,50,balanced_sp,
P5128,Dana,Retter,2004-05-18,73,166,Anglo,light,black,clean_shaven,R,P,,1,RP,RP,,,,,53,,,,51,51,49,50,52,51,50,61,0,0,0,0,0,,,,,0,,,,66,74,61,67,59,64,72,90,0,0,0,0,0,False,,,0,,,,,,0,50,finesse_rp,
P9064,Kristofer,Kinstle,2005-08-26,72,193,Anglo,light,brown,goatee,R,P,,1,RP,RP,,,,,50,,,,49,51,51,51,52,50,52,0,62,0,0,0,0,,,,,0,,,,67,73,72,73,75,67,78,0,92,0,0,0,0,False,,,0,,,,,,0,50,power_rp,
P2159,Sam,Thamphia,2006-12-20,71,238,Anglo,medium,black,clean_shaven,R,CF,,0,,,58,52,52,54,49,48,54,50,48,52,,,,,,,,,,,,77,62,78,83,49,0,0,50,73,73,,,,,,,,,,,,False,,,0,,,,,,0,50,,gap
P2974,Gerald,Gangestad,2006-05-19,78,179,Anglo,light,brown,clean_shaven,L,1B,,0,,,53,53,51,51,53,49,50,49,49,50,,,,,,,,,,,,74,76,79,69,53,0,0,49,78,75,,,,,,,,,,,,False,,,0,,,,,,0,50,,average
P4011,Jefferson,Constante,2006-11-01,71,220,Anglo,dark,blonde,clean_shaven,L,C,,0,,,51,58,51,50,47,51,47,52,50,51,,,,,,,,,,,,75,85,71,68,47,0,0,52,78,64,,,,,,,,,,,,False,,,0,,,,,,0,50,,power
P5174,Guadalupe,Brickel,2004-09-21,71,178,Anglo,dark,red,clean_shaven,S,CF,,0,,,53,59,48,50,49,51,48,51,51,53,,,,,,,,,,,,63,76,66,76,49,0,0,51,69,83,,,,,,,,,,,,False,,,0,,,,,,0,50,,power
P7053,Dwain,Zoldesy,2004-05-17,70,247,Anglo,medium,brown,clean_shaven,L,SS,,0,,,53,50,77,53,51,51,50,53,52,48,,,,,,,,,,,,69,80,99,69,51,0,0,53,74,75,,,,,,,,,,,,False,,,0,,,,,,0,50,,speed
P6266,John,Doe,1990-09-06,72,214,Unknown,light,red,beard,R,P,,1,RP,CL,,,,,55,,,,50,53,51,51,53,49,55,58,61,65,0,0,0,,,,,0,,,,45,46,42,46,43,45,45,52,57,56,0,0,0,False,,,0,,,,,,0,50,closer,
P9242,John,Doe,1998-04-18,74,249,Unknown,medium,black,clean_shaven,L,P,,1,RP,SP,,,,,52,,,,51,51,51,54,52,48,50,60,60,0,0,58,0,,,,,0,,,,61,66,60,61,64,61,59,69,75,0,0,66,0,False,,,0,,,,,,0,50,finesse_sp,
P2577,John,Doe,2000-04-10,77,214,Unknown,dark,brown,goatee,R,P,,1,RP,SP,,,,,51,,,,48,52,50,50,54,49,51,62,61,0,0,0,0,,,,,0,,,,58,66,64,61,56,54,64,74,73,0,0,0,0,False,,,0,,,,,,0,50,finesse_sp,
P5545,John,Doe,1997-10-09,78,178,Unknown,medium,brown,clean_shaven,S,P,,1,RP,SP,,,,,49,,,,49,49,53,54,53,52,52,61,60,62,56,0,0,,,,,0,,,,47,50,53,57,48,49,47,59,61,64,59,0,0,False,,,0,,,,,,0,50,finesse_sp,
P9326,John,Doe,2004-08-11,74,213,Unknown,light,brown,clean_shaven,R,P,,1,RP,SP,,,,,48,,,,52,51,52,50,53,52,51,0,61,63,0,0,0,,,,,0,,,,66,74,64,67,80,77,69,0,74,79,0,0,0,False,,,0,,,,,,0,50,power_sp,
P6520,John,Doe,1996-07-04,72,212,Unknown,light,brown,clean_shaven,R,P,,1,RP,SP,,,,,50,,,,51,50,52,50,52,52,54,60,61,61,56,0,0,,,,,0,,,,53,51,46,50,47,55,57,56,56,59,53,0,0,False,,,0,,,,,,0,50,power_sp,
P2109,John,Doe,1997-07-29,76,242,Unknown,light,brown,mustache,R,P,,1,RP,SP,,,,,49,,,,52,52,50,50,52,48,51,0,60,63,0,0,0,,,,,0,,,,57,51,52,55,45,51,55,0,62,58,0,0,0,False,,,0,,,,,,0,50,balanced_sp,
P9408,John,Doe,1987-04-06,71,175,Unknown,light,black,clean_shaven,L,P,,1,RP,SP,,,,,51,,,,48,52,51,50,54,52,55,0,64,61,0,0,0,,,,,0,,,,46,42,50,46,45,43,46,0,58,52,0,0,0,False,,,0,,,,,,0,50,power_sp,
P6730,John,Doe,2004-09-01,68,249,Unknown,light,black,mustache,L,P,,1,RP,SP,,,,,49,,,,49,52,52,50,53,49,52,61,59,59,0,0,0,,,,,0,,,,67,72,77,81,75,70,77,86,78,84,0,0,0,False,,,0,,,,,,0,50,balanced_sp,
P6317,John,Doe,1991-07-13,74,183,Unknown,light,black,mustache,L,P,,1,RP,SP,,,,,51,,,,48,50,54,51,52,51,50,62,60,0,0,0,0,,,,,0,,,,41,50,41,45,52,41,44,61,52,0,0,0,0,False,,,0,,,,,,0,50,finesse_sp,
P4842,John,Doe,1995-05-03,76,244,Unknown,medium,black,clean_shaven,L,P,,1,RP,SP,,,,,48,,,,53,53,51,53,52,51,51,60,63,59,0,57,0,,,,,0,,,,50,52,48,54,56,51,51,59,58,64,0,52,0,False,,,0,,,,,,0,50,balanced_sp,
P7825,John,Doe,2004-11-12,76,202,Unknown,dark,black,clean_shaven,R,C,,0,,,71,51,52,50,52,47,58,53,52,50,,,,,,,,,,,,85,75,78,62,52,0,0,53,82,73,,,,,,,,,,,,False,,,0,,,,,,0,50,,spray
P9723,John,Doe,1996-08-20,75,208,Unknown,medium,brown,clean_shaven,L,1B,,0,,,59,50,51,51,49,50,44,48,53,50,,,,,,,,,,,,54,50,49,55,49,0,0,48,57,45,,,,,,,,,,,,False,,,0,,,,,,0,50,,spray
P5199,John,Doe,2000-01-08,74,194,Unknown,dark,black,clean_shaven,R,2B,,0,,,59,50,52,54,52,47,57,52,50,53,,,,,,,,,,,,69,65,57,65,52,0,0,52,62,65,,,,,,,,,,,,False,,,0,,,,,,0,50,,spray
P2094,John,Doe,1991-09-30,77,196,Unknown,dark,black,clean_shaven,R,3B,RF,0,,,52,50,49,51,50,50,57,49,48,49,,,,,,,,,,,,48,42,43,41,50,0,0,49,46,48,,,,,,,,,,,,False,,,0,,,,,,0,50,,balanced
P9644,John,Doe,2003-07-12,72,181,Unknown,medium,black,clean_shaven,S,SS,,0,,,52,49,53,49,48,50,51,49,51,48,,,,,,,,,,,,65,59,58,55,48,0,0,49,56,62,,,,,,,,,,,,False,,,0,,,,,,0,50,,average
P8840,John,Doe,1992-02-15,75,236,Unknown,dark,black,clean_shaven,L,LF,,0,,,53,52,50,50,48,52,50,49,48,51,,,,,,,,,,,,50,47,50,45,48,0,0,49,39,44,,,,,,,,,,,,False,,,0,,,,,,0,50,,balanced
P4177,John,Doe,1994-01-23,76,241,Unknown,light,brown,clean_shaven,R,CF,,0,,,50,53,51,52,50,50,51,50,51,51,,,,,,,,,,,,40,51,41,49,50,0,0,50,48,41,,,,,,,,,,,,False,,,0,,,,,,0,50,,gap
P9476,John,Doe,1987-08-20,68,178,Unknown,dark,brown,clean_shaven,R,RF,,0,,,49,61,50,50,47,53,54,50,51,48,,,,,,,,,,,,47,55,49,40,47,0,0,50,45,48,,,,,,,,,,,,False,,,0,,,,,,0,50,,power
P7724,John,Doe,1991-12-26,68,177,Unknown,dark,blonde,beard,R,3B,,0,,,53,52,53,52,51,50,58,51,49,50,,,,,,,,,,,,49,51,51,44,51,0,0,51,49,50,,,,,,,,,,,,False,,,0,,,,,,0,50,,balanced
P3300,John,Doe,1997-06-29,76,238,Unknown,light,black,clean_shaven,R,RF,,0,,,51,47,70,52,52,49,50,48,52,53,,,,,,,,,,,,49,50,68,56,52,0,0,48,47,56,,,,,,,,,,,,False,,,0,,,,,,0,50,,speed
P1449,John,Doe,1999-05-20,73,205,Unknown,dark,black,goatee,S,3B,,0,,,49,46,85,49,50,50,55,52,49,53,,,,,,,,,,,,63,61,92,54,50,0,0,52,61,65,,,,,,,,,,,,False,,,0,,,,,,0,50,,elite_speed
P2788,John,Doe,1989-12-10,71,162,Unknown,light,brown,beard,R,2B,,0,,,50,60,50,51,52,54,55,48,51,52,,,,,,,,,,,,47,59,43,44,52,0,0,48,42,45,,,,,,,,,,,,False,,,0,,,,,,0,50,,power
P6057,John,Doe,1999-05-08,76,170,Unknown,medium,black,clean_shaven,S,LF,,0,,,54,62,52,50,47,53,50,53,53,49,,,,,,,,,,,,68,68,62,59,47,0,0,53,64,55,,,,,,,,,,,,False,,,0,,,,,,0,50,,power
P9898,John,Doe,1996-11-03,75,234,Unknown,dark,black,beard,R,CF,,0,,,48,57,47,51,48,52,56,50,48,50,,,,,,,,,,,,44,60,52,46,48,0,0,50,50,52,,,,,,,,,,,,False,,,0,,,,,,0,50,,power
P9965,John,Doe,2003-10-03,71,244,Unknown,medium,brown,clean_shaven,L,P,,1,RP,CL,,,,,55,,,,49,51,51,52,54,52,51,59,0,65,0,0,0,,,,,0,,,,58,65,66,59,58,66,58,65,0,79,0,0,0,False,,,0,,,,,,0,50,closer,
P6506,John,Doe,1993-07-23,68,250,Unknown,medium,blonde,mustache,R,P,,1,RP,SP,,,,,52,,,,49,50,50,50,53,52,51,0,0,59,58,0,0,,,,,0,,,,39,43,46,53,50,49,43,0,0,58,58,0,0,False,,,0,,,,,,0,50,groundball_sp,
P6615,John,Doe,1998-04-14,69,236,Unknown,light,red,beard,L,P,,1,RP,RP,,,,,56,,,,52,49,52,50,52,51,51,0,0,66,61,0,0,,,,,0,,,,66,58,57,64,60,57,65,0,0,78,71,0,0,False,,,0,,,,,,0,50,groundball_rp,
P4452,John,Doe,1997-09-25,69,205,Unknown,light,brown,clean_shaven,R,P,,1,RP,SP,,,,,48,,,,48,52,51,53,54,48,54,58,0,61,0,0,0,,,,,0,,,,52,49,58,53,55,49,53,56,0,65,0,0,0,False,,,0,,,,,,0,50,workhorse_sp,
P5513,John,Doe,1992-07-21,72,168,Unknown,medium,black,beard,S,P,,1,RP,SP,,,,,51,,,,51,49,53,52,53,49,52,59,62,59,0,0,0,,,,,0,,,,50,41,48,43,46,41,47,49,59,53,0,0,0,False,,,0,,,,,,0,50,balanced_sp,
P2048,John,Doe,1995-05-17,71,176,Unknown,light,brown,goatee,R,P,,1,RP,RP,,,,,49,,,,52,53,51,50,52,50,53,0,60,67,0,55,0,,,,,0,,,,49,57,45,47,50,49,58,0,59,66,0,56,0,False,,,0,,,,,,0,50,power_rp,
P1057,John,Doe,1992-12-10,78,162,Unknown,light,black,beard,R,P,,1,RP,SP,,,,,52,,,,50,48,54,52,52,49,50,60,0,58,0,0,0,,,,,0,,,,42,45,47,43,44,45,48,59,0,54,0,0,0,False,,,0,,,,,,0,50,workhorse_sp,
P9079,John,Doe,1992-09-28,70,225,Unknown,medium,blonde,clean_shaven,L,2B,,0,,,57,49,70,55,49,51,48,49,48,50,,,,,,,,,,,,49,47,66,54,49,0,0,49,41,45,,,,,,,,,,,,False,,,0,,,,,,0,50,,speed
P9569,John,Doe,2000-06-08,72,244,Unknown,dark,blonde,clean_shaven,L,SS,3B,0,,,56,49,91,50,48,49,53,52,52,50,,,,,,,,,,,,67,58,99,65,48,0,0,52,63,63,,,,,,,,,,,,False,,,0,,,,,,0,50,,elite_speed
P4016,John,Doe,1999-09-30,78,198,Unknown,light,brown,clean_shaven,S,SS,,0,,,48,58,48,49,50,52,51,50,48,50,,,,,,,,,,,,59,72,61,62,50,0,0,50,53,60,,,,,,,,,,,,False,,,0,,,,,,0,50,,power
P6957,John,Doe,1987-05-24,73,223,Unknown,dark,brown,clean_shaven,L,3B,,0,,,51,61,47,50,50,52,48,48,50,48,,,,,,,,,,,,43,61,42,42,50,0,0,48,48,40,,,,,,,,,,,,False,,,0,,,,,,0,50,,power
P8773,John,Doe,1998-10-18,73,173,Unknown,light,brown,clean_shaven,R,1B,,0,,,52,52,85,51,50,51,55,50,51,50,,,,,,,,,,,,66,64,94,56,50,0,0,50,57,56,,,,,,,,,,,,False,,,0,,,,,,0,50,,elite_speed
P8125,John,Doe,1995-03-15,70,211,Unknown,medium,black,clean_shaven,R,2B,,0,,,50,52,50,49,52,50,59,53,49,50,,,,,,,,,,,,48,55,54,54,52,0,0,53,47,52,,,,,,,,,,,,False,,,0,,,,,,0,50,,average
P9988,John,Doe,1988-05-04,68,220,Unknown,light,blonde,mustache,R,2B,,0,,,58,50,77,54,50,52,59,51,52,49,,,,,,,,,,,,55,48,68,44,50,0,0,51,42,43,,,,,,,,,,,,False,,,0,,,,,,0,50,,speed
P1823,John,Doe,1993-10-12,76,160,Unknown,light,blonde,clean_shaven,R,3B,,0,,,50,58,50,51,47,50,57,52,48,52,,,,,,,,,,,,47,58,47,43,47,0,0,52,38,42,,,,,,,,,,,,False,,,0,,,,,,0,50,,power
P3773,John,Doe,2007-08-23,71,166,Unknown,dark,black,clean_shaven,R,P,,1,RP,CL,,,,,55,,,,52,52,49,52,52,49,52,61,58,65,0,0,0,,,,,0,,,,75,77,64,65,73,78,82,76,71,82,0,0,0,False,,,0,,,,,,0,50,closer,
P1306,John,Doe,2004-08-25,76,242,Unknown,medium,blonde,clean_shaven,L,P,,1,RP,SP,,,,,49,,,,48,48,51,52,54,50,51,61,59,59,0,0,0,,,,,0,,,,60,78,82,70,68,73,64,79,76,79,0,0,0,False,,,0,,,,,,0,50,workhorse_sp,
P2641,John,Doe,2004-07-05,76,200,Unknown,light,blonde,clean_shaven,R,P,,1,RP,CL,,,,,53,,,,50,54,48,52,53,53,54,0,60,65,0,0,0,,,,,0,,,,79,70,64,70,72,74,76,0,85,81,0,0,0,False,,,0,,,,,,0,50,closer,
P6122,John,Doe,2006-10-17,78,183,Unknown,light,brown,beard,L,P,,1,RP,SP,,,,,51,,,,48,53,54,53,52,48,51,61,60,58,0,55,0,,,,,0,,,,62,66,69,77,79,74,67,81,78,68,0,83,0,False,,,0,,,,,,0,50,power_sp,
P7996,John,Doe,2004-08-12,68,240,Unknown,dark,brown,clean_shaven,L,P,,1,RP,RP,,,,,53,,,,51,50,51,52,52,51,51,0,59,65,61,0,0,,,,,0,,,,65,65,69,74,67,75,73,0,82,87,76,0,0,False,,,0,,,,,,0,50,groundball_rp,
P9255,John,Doe,2007-04-26,69,188,Unknown,light,black,clean_shaven,R,LF,,0,,,52,63,49,49,48,49,58,51,50,51,,,,,,,,,,,,77,87,66,71,48,0,0,51,80,67,,,,,,,,,,,,False,,,0,,,,,,0,50,,power
P3383,John,Doe,2006-03-14,69,160,Unknown,dark,brown,beard,R,3B,,0,,,51,48,51,52,51,49,57,53,52,49,,,,,,,,,,,,67,78,80,70,51,0,0,53,70,70,,,,,,,,,,,,False,,,0,,,,,,0,50,,average
P3633,John,Doe,2007-09-06,72,170,Unknown,light,blonde,clean_shaven,R,RF,,0,,,49,61,52,49,47,52,52,51,51,52,,,,,,,,,,,,75,83,72,70,47,0,0,51,76,73,,,,,,,,,,,,False,,,0,,,,,,0,50,,power
P3651,John,Doe,2005-01-28,70,170,Unknown,dark,brown,clean_shaven,R,LF,,0,,,62,52,50,53,54,51,55,52,53,49,,,,,,,,,,,,73,68,64,70,54,0,0,52,64,73,,,,,,,,,,,,False,,,0,,,,,,0,50,,spray
P1293,John,Doe,2005-07-12,70,218,Unknown,light,brown,clean_shaven,R,3B,,0,,,51,47,77,52,51,50,56,53,48,50,,,,,,,,,,,,81,59,99,81,51,0,0,53,71,76,,,,,,,,,,,,False,,,0,,,,,,0,50,,speed
P8446,John,Doe,2002-10-24,78,168,Unknown,dark,black,clean_shaven,R,P,,1,RP,CL,,,,,55,,,,52,52,48,50,52,49,51,0,0,65,0,0,0,,,,,0,,,,62,59,59,63,62,59,58,0,0,70,0,0,0,False,,,0,,,,,,0,50,closer,
P6372,John,Doe,1991-01-08,72,241,Unknown,light,blonde,beard,R,P,,1,RP,SP,,,,,52,,,,50,50,54,50,54,49,53,61,63,0,59,56,0,,,,,0,,,,40,42,43,46,49,44,43,53,59,0,54,48,0,False,,,0,,,,,,0,50,finesse_sp,
P8149,John,Doe,2002-02-16,78,213,Unknown,dark,brown,clean_shaven,R,P,,1,RP,SP,,,,,50,,,,52,53,51,50,52,52,51,63,61,0,0,0,0,,,,,0,,,,63,68,61,63,56,66,62,76,73,0,0,0,0,False,,,0,,,,,,0,50,balanced_sp,
P5009,John,Doe,1998-11-11,76,188,Unknown,medium,brown,clean_shaven,R,P,,1,RP,RP,,,,,52,,,,52,52,50,50,52,50,55,0,62,65,0,0,0,,,,,0,,,,61,63,62,61,55,65,60,0,75,77,0,0,0,False,,,0,,,,,,0,50,power_rp,
P6040,John,Doe,1993-01-05,74,169,Unknown,light,blonde,clean_shaven,L,P,,1,RP,SP,,,,,52,,,,52,53,50,50,52,52,52,59,59,60,0,55,0,,,,,0,,,,42,48,50,49,40,44,49,54,53,52,0,46,0,False,,,0,,,,,,0,50,power_sp,
P4581,John,Doe,1997-02-23,72,221,Unknown,medium,blonde,beard,R,P,,1,RP,RP,,,,,52,,,,51,53,48,52,52,52,52,59,58,0,0,0,0,,,,,0,,,,52,51,47,55,47,47,57,57,59,0,0,0,0,False,,,0,,,,,,0,50,finesse_rp,
P5852,John,Doe,1993-06-10,72,175,Unknown,medium,brown,clean_shaven,S,P,,1,RP,SP,,,,,50,,,,52,51,53,50,54,52,53,62,61,61,0,0,0,,,,,0,,,,44,41,44,47,50,46,51,61,61,53,0,0,0,False,,,0,,,,,,0,50,balanced_sp,
P5179,John,Doe,2001-07-17,74,192,Unknown,dark,blonde,beard,L,P,,1,RP,RP,,,,,57,,,,50,49,49,51,52,51,54,56,0,64,59,0,0,,,,,0,,,,56,62,58,60,60,58,60,71,0,70,69,0,0,False,,,0,,,,,,0,50,groundball_rp,
P3776,John,Doe,1991-08-08,77,235,Unknown,medium,black,clean_shaven,R,P,,1,RP,SP,,,,,52,,,,48,50,53,50,52,52,50,62,62,0,0,55,0,,,,,0,,,,45,50,42,44,43,46,40,60,59,0,0,48,0,False,,,0,,,,,,0,50,finesse_sp,
P3449,John,Doe,2004-01-02,74,229,Unknown,light,blonde,mustache,L,P,,1,RP,CL,,,,,53,,,,50,50,48,52,53,51,52,0,0,66,0,0,0,,,,,0,,,,59,59,64,61,59,56,64,0,0,78,0,0,0,False,,,0,,,,,,0,50,closer,
P2797,John,Doe,1993-09-11,78,225,Unknown,light,brown,goatee,L,P,,1,RP,SP,,,,,53,,,,52,53,53,50,52,50,52,58,0,59,59,0,0,,,,,0,,,,45,43,41,51,48,46,48,53,0,57,50,0,0,False,,,0,,,,,,0,50,groundball_sp,
P3427,John,Doe,1989-01-05,71,213,Unknown,light,brown,clean_shaven,R,C,,0,,,54,50,49,53,51,52,58,50,50,49,,,,,,,,,,,,51,41,48,46,51,0,0,50,40,44,,,,,,,,,,,,False,,,0,,,,,,0,50,,balanced
P2102,John,Doe,2000-11-15,76,212,Unknown,light,brown,clean_shaven,R,1B,,0,,,52,60,52,51,51,49,57,49,49,48,,,,,,,,,,,,62,69,65,61,51,0,0,49,60,57,,,,,,,,,,,,False,,,0,,,,,,0,50,,gap
P7837,John,Doe,1988-12-29,77,226,Unknown,light,blonde,beard,R,2B,,0,,,49,51,50,50,49,52,57,52,51,49,,,,,,,,,,,,47,50,46,49,49,0,0,52,48,49,,,,,,,,,,,,False,,,0,,,,,,0,50,,balanced
P9549,John,Doe,2000-12-28,77,221,Unknown,dark,red,clean_shaven,R,3B,,0,,,56,50,52,51,50,51,57,50,50,49,,,,,,,,,,,,64,60,57,56,50,0,0,50,64,63,,,,,,,,,,,,False,,,0,,,,,,0,50,,spray
P8465,John,Doe,1994-12-17,77,198,Unknown,light,blonde,beard,L,SS,,0,,,49,50,50,49,50,52,48,48,51,50,,,,,,,,,,,,47,54,55,46,50,0,0,48,54,48,,,,,,,,,,,,False,,,0,,,,,,0,50,,balanced
P8035,John,Doe,1992-11-23,75,160,Unknown,dark,brown,beard,R,LF,,0,,,52,50,52,52,48,51,56,50,48,51,,,,,,,,,,,,44,44,51,46,48,0,0,50,46,49,,,,,,,,,,,,False,,,0,,,,,,0,50,,balanced
P9485,John,Doe,1988-07-01,77,226,Unknown,light,black,clean_shaven,L,CF,RF,0,,,50,51,50,51,53,48,46,51,49,50,,,,,,,,,,,,42,50,45,42,53,0,0,51,41,46,,,,,,,,,,,,False,,,0,,,,,,0,50,,balanced
P2674,John,Doe,2001-08-12,76,165,Unknown,dark,black,beard,R,RF,,0,,,51,57,50,52,48,50,57,49,50,51,,,,,,,,,,,,61,65,59,60,48,0,0,49,65,56,,,,,,,,,,,,False,,,0,,,,,,0,50,,power
P2697,John,Doe,1992-01-26,72,216,Unknown,light,brown,goatee,L,CF,,0,,,51,50,52,52,52,53,46,50,51,49,,,,,,,,,,,,42,45,44,51,52,0,0,50,47,46,,,,,,,,,,,,False,,,0,,,,,,0,50,,average
P1950,John,Doe,1993-11-27,78,216,Unknown,light,brown,clean_shaven,R,RF,,0,,,52,58,52,51,47,50,56,51,52,49,,,,,,,,,,,,44,56,50,47,47,0,0,51,51,44,,,,,,,,,,,,False,,,0,,,,,,0,50,,power
P9627,John,Doe,1994-01-01,78,216,Unknown,light,black,clean_shaven,S,3B,,0,,,49,60,52,48,47,51,52,52,49,50,,,,,,,,,,,,45,51,50,47,47,0,0,52,48,47,,,,,,,,,,,,False,,,0,,,,,,0,50,,power
P5502,John,Doe,1992-07-25,77,224,Unknown,dark,black,clean_shaven,R,2B,,0,,,49,55,50,49,50,52,54,51,50,52,,,,,,,,,,,,46,47,47,49,50,0,0,51,49,42,,,,,,,,,,,,False,,,0,,,,,,0,50,,power
P4157,John,Doe,1989-09-15,71,163,Unknown,dark,brown,clean_shaven,R,2B,,0,,,54,48,51,51,50,51,57,49,52,49,,,,,,,,,,,,51,44,51,44,50,0,0,49,43,44,,,,,,,,,,,,False,,,0,,,,,,0,50,,average
P4410,John,Doe,1988-08-02,74,223,Unknown,medium,blonde,clean_shaven,L,1B,,0,,,54,54,52,50,52,53,46,48,50,52,,,,,,,,,,,,47,53,44,41,52,0,0,48,47,48,,,,,,,,,,,,False,,,0,,,,,,0,50,,balanced
P2319,John,Doe,1994-09-25,68,250,Unknown,dark,blonde,clean_shaven,S,P,,1,RP,CL,,,,,55,,,,51,52,49,50,52,49,55,0,0,65,0,0,0,,,,,0,,,,53,55,49,48,54,52,59,0,0,65,0,0,0,False,,,0,,,,,,0,50,closer,
P3827,John,Doe,2003-11-05,68,201,Unknown,light,brown,goatee,S,P,,1,RP,LR,,,,,50,,,,50,49,52,50,52,50,53,0,0,65,0,0,0,,,,,0,,,,58,60,65,57,62,61,60,0,0,74,0,0,0,False,,,0,,,,,,0,50,long_relief,
P1181,John,Doe,2000-04-17,69,235,Unknown,dark,black,clean_shaven,L,P,,1,RP,RP,,,,,56,,,,52,53,51,50,53,50,51,59,0,66,59,0,0,,,,,0,,,,57,60,60,60,65,63,63,68,0,75,65,0,0,False,,,0,,,,,,0,50,groundball_rp,
P4072,John,Doe,1999-04-14,71,167,Unknown,light,red,goatee,R,P,,1,RP,SP,,,,,52,,,,51,48,54,52,52,53,49,59,62,61,62,0,0,,,,,0,,,,62,53,57,61,65,65,55,72,76,73,77,0,0,False,,,0,,,,,,0,50,groundball_sp,
P7204,John,Doe,1997-09-05,68,214,Unknown,medium,brown,clean_shaven,R,P,,1,RP,CL,,,,,51,,,,48,50,50,50,54,52,51,58,61,66,0,0,0,,,,,0,,,,49,49,53,54,51,52,49,59,66,66,0,0,0,False,,,0,,,,,,0,50,closer,
P4892,John,Doe,1992-10-16,77,185,Unknown,dark,black,clean_shaven,R,P,,1,RP,SP,,,,,50,,,,52,53,52,50,53,50,53,62,61,0,0,0,0,,,,,0,,,,42,51,43,51,45,41,49,60,60,0,0,0,0,False,,,0,,,,,,0,50,finesse_sp,
P2526,John,Doe,1999-12-30,73,209,Unknown,dark,red,beard,L,P,,1,RP,SP,,,,,48,,,,49,53,50,50,52,49,52,59,60,62,60,0,0,,,,,0,,,,63,63,56,58,63,55,67,68,71,68,67,0,0,False,,,0,,,,,,0,50,power_sp,
P9026,John,Doe,1992-02-19,76,227,Unknown,medium,black,clean_shaven,R,3B,,0,,,63,48,52,53,49,51,58,50,47,50,,,,,,,,,,,,63,42,51,53,49,0,0,50,37,47,,,,,,,,,,,,False,,,0,,,,,,0,50,,spray
P9183,John,Doe,1992-04-24,78,211,Unknown,dark,brown,clean_shaven,S,LF,,0,,,51,50,70,50,51,50,50,51,51,50,,,,,,,,,,,,46,40,61,43,51,0,0,51,44,49,,,,,,,,,,,,False,,,0,,,,,,0,50,,speed
P2811,John,Doe,1990-01-06,72,240,Unknown,dark,blonde,clean_shaven,R,SS,,0,,,52,51,52,49,49,49,58,48,50,51,,,,,,,,,,,,42,43,49,45,49,0,0,48,44,51,,,,,,,,,,,,False,,,0,,,,,,0,50,,average
P2964,John,Doe,1992-01-19,76,182,Unknown,dark,black,clean_shaven,S,2B,,0,,,54,52,49,52,50,52,53,51,51,48,,,,,,,,,,,,54,49,39,52,50,0,0,51,44,41,,,,,,,,,,,,False,,,0,,,,,,0,50,,balanced
P2498,John,Doe,1987-04-25,78,204,Unknown,dark,brown,clean_shaven,L,RF,,0,,,51,60,50,50,51,51,49,52,50,51,,,,,,,,,,,,46,52,40,40,51,0,0,52,43,48,,,,,,,,,,,,False,,,0,,,,,,0,50,,power
P1282,John,Doe,1997-04-01,73,223,Unknown,medium,black,clean_shaven,R,2B,,0,,,58,50,52,55,52,50,58,48,51,49,,,,,,,,,,,,58,51,57,54,52,0,0,48,55,46,,,,,,,,,,,,False,,,0,,,,,,0,50,,spray
P6457,John,Doe,1987-11-08,76,234,Unknown,dark,black,clean_shaven,R,CF,,0,,,50,47,74,49,54,52,54,52,48,48,,,,,,,,,,,,47,37,72,42,54,0,0,52,38,39,,,,,,,,,,,,False,,,0,,,,,,0,50,,speed
P1214,John,Doe,1989-01-25,77,167,Unknown,light,brown,clean_shaven,R,3B,,0,,,50,56,52,51,50,49,56,53,48,48,,,,,,,,,,,,45,50,50,47,50,0,0,53,48,40,,,,,,,,,,,,False,,,0,,,,,,0,50,,power
P8548,John,Doe,2007-12-04,78,225,Unknown,medium,blonde,clean_shaven,L,P,,1,RP,CL,,,,,55,,,,51,54,50,51,53,49,53,57,62,65,0,0,0,,,,,0,,,,67,74,80,81,71,72,81,80,82,95,0,0,0,False,,,0,,,,,,0,50,closer,
P1197,John,Doe,2006-03-11,78,229,Unknown,medium,brown,clean_shaven,L,P,,1,RP,SP,,,,,51,,,,51,49,52,50,52,52,51,59,63,61,0,57,0,,,,,0,,,,80,76,63,75,74,74,75,82,76,80,0,78,0,False,,,0,,,,,,0,50,balanced_sp,
P1384,John,Doe,2007-06-14,77,168,Unknown,medium,brown,goatee,R,P,RF,1,RP,SP,,,,,50,,,,49,53,53,50,52,51,51,60,60,60,61,0,0,,,,,0,,,,63,70,77,63,65,67,74,78,80,77,84,0,0,False,,,0,,,,,,0,50,groundball_sp,
P5583,John,Doe,2005-09-11,70,167,Unknown,light,blonde,clean_shaven,R,P,,1,RP,SP,,,,,51,,,,51,54,51,51,53,53,51,0,62,61,0,54,0,,,,,0,,,,66,76,69,81,81,70,74,0,91,91,0,83,0,False,,,0,,,,,,0,50,power_sp,
P5246,John,Doe,2006-06-09,68,249,Unknown,medium,brown,goatee,R,P,,1,RP,SP,,,,,49,,,,49,50,51,53,53,49,50,61,61,59,57,0,0,,,,,0,,,,76,62,64,79,63,63,65,75,73,69,83,0,0,False,,,0,,,,,,0,50,finesse_sp,
P7218,John,Doe,2005-03-26,69,218,Unknown,dark,blonde,beard,R,C,,0,,,51,49,51,52,49,51,56,49,49,53,,,,,,,,,,,,64,70,75,77,49,0,0,49,67,75,,,,,,,,,,,,False,,,0,,,,,,0,50,,average
P5585,John,Doe,2006-11-04,73,163,Unknown,medium,black,clean_shaven,S,1B,,0,,,52,57,52,51,49,52,50,50,52,51,,,,,,,,,,,,79,74,66,71,49,0,0,50,68,72,,,,,,,,,,,,False,,,0,,,,,,0,50,,gap
P7049,John,Doe,2006-09-25,76,169,Unknown,light,black,clean_shaven,S,CF,,0,,,50,58,51,51,50,53,53,51,52,48,,,,,,,,,,,,77,70,63,66,50,0,0,51,64,74,,,,,,,,,,,,False,,,0,,,,,,0,50,,power
P8931,John,Doe,2007-03-31,75,221,Unknown,dark,blonde,clean_shaven,R,3B,,0,,,50,49,48,52,52,51,59,50,49,51,,,,,,,,,,,,78,70,71,66,52,0,0,50,70,62,,,,,,,,,,,,False,,,0,,,,,,0,50,,balanced
P8804,John,Doe,2004-10-11,69,250,Unknown,medium,brown,beard,S,LF,,0,,,53,60,52,52,50,52,53,50,52,48,,,,,,,,,,,,68,77,69,79,50,0,0,50,78,72,,,,,,,,,,,,False,,,0,,,,,,0,50,,balanced
P7628,John,Doe,2002-07-21,76,250,Unknown,light,black,clean_shaven,R,P,,1,RP,CL,,,,,55,,,,53,52,48,52,53,51,56,60,0,65,0,0,0,,,,,0,,,,60,66,57,66,58,66,66,65,0,80,0,0,0,False,,,0,,,,,,0,50,closer,
P9373,John,Doe,2005-01-30,70,198,Unknown,medium,black,goatee,R,P,,1,RP,SP,,,,,48,,,,48,49,53,50,52,50,55,60,63,62,60,0,0,,,,,0,,,,67,79,73,82,81,76,85,88,84,90,72,0,0,False,,,0,,,,,,0,50,power_sp,
P2647,John,Doe,1995-10-01,71,176,Unknown,dark,brown,clean_shaven,R,P,,1,RP,RP,,,,,51,,,,48,51,49,51,53,53,49,60,59,67,0,0,0,,,,,0,,,,43,53,51,57,47,54,52,63,55,71,0,0,0,False,,,0,,,,,,0,50,finesse_rp,
P6890,John,Doe,1995-11-17,72,231,Unknown,medium,black,mustache,R,P,,1,RP,SP,,,,,50,,,,50,53,50,51,52,52,52,0,0,59,59,0,0,,,,,0,,,,45,54,47,48,48,50,54,0,0,56,63,0,0,False,,,0,,,,,,0,50,groundball_sp,
P5369,John,Doe,2001-06-03,71,172,Unknown,medium,brown,clean_shaven,L,P,,1,RP,SP,,,,,48,,,,49,51,52,52,52,50,49,63,63,0,0,0,0,,,,,0,,,,57,66,64,60,63,59,58,73,76,0,0,0,0,False,,,0,,,,,,0,50,finesse_sp,
P4394,John,Doe,1997-07-24,72,178,Unknown,light,black,beard,R,P,,1,RP,SP,,,,,47,,,,48,51,51,50,52,53,52,0,63,63,60,55,0,,,,,0,,,,43,55,49,54,46,55,51,0,60,61,65,56,0,False,,,0,,,,,,0,50,power_sp,
P4622,John,Doe,2001-03-18,78,217,Unknown,dark,black,beard,S,P,,1,RP,SP,,,,,50,,,,47,53,54,52,52,49,53,60,60,0,0,0,0,,,,,0,,,,54,67,63,60,63,64,62,71,71,0,0,0,0,False,,,0,,,,,,0,50,balanced_sp,
P2739,John,Doe,1996-07-10,73,180,Unknown,dark,brown,clean_shaven,L,P,,1,RP,SP,,,,,48,,,,48,52,52,53,52,48,50,62,0,59,0,0,0,,,,,0,,,,43,49,58,48,57,52,50,60,0,64,0,0,0,False,,,0,,,,,,0,50,balanced_sp,
P1257,John,Doe,1997-01-11,74,171,Unknown,dark,red,beard,R,P,,1,RP,SP,,,,,50,,,,51,51,50,53,52,53,51,62,61,0,58,57,0,,,,,0,,,,52,54,56,50,50,55,54,63,57,0,58,59,0,False,,,0,,,,,,0,50,finesse_sp,
P3417,John,Doe,1999-04-10,78,212,Unknown,medium,brown,clean_shaven,R,P,,1,RP,SP,,,,,50,,,,49,51,51,51,52,51,53,63,61,0,0,0,0,,,,,0,,,,61,62,64,66,61,60,68,75,69,0,0,0,0,False,,,0,,,,,,0,50,finesse_sp,
P2282,John,Doe,1997-04-13,68,246,Unknown,dark,black,clean_shaven,L,P,,1,RP,SP,,,,,49,,,,51,53,53,52,52,49,51,62,62,59,0,0,0,,,,,0,,,,47,56,49,57,50,51,52,67,65,59,0,0,0,False,,,0,,,,,,0,50,balanced_sp,
P5142,John,Doe,1994-11-17,68,240,Unknown,light,red,clean_shaven,R,C,,0,,,50,53,48,50,50,49,60,51,51,49,,,,,,,,,,,,54,51,46,49,50,0,0,51,55,52,,,,,,,,,,,,False,,,0,,,,,,0,50,,balanced
P8496,John,Doe,2002-05-16,78,217,Unknown,light,black,mustache,S,1B,,0,,,49,56,51,51,52,53,51,51,50,50,,,,,,,,,,,,63,67,60,60,52,0,0,51,61,65,,,,,,,,,,,,False,,,0,,,,,,0,50,,average
P5250,John,Doe,1994-08-22,68,213,Unknown,light,black,clean_shaven,R,2B,,0,,,53,48,70,53,49,48,54,50,49,50,,,,,,,,,,,,48,48,72,48,49,0,0,50,46,46,,,,,,,,,,,,False,,,0,,,,,,0,50,,speed
P7485,John,Doe,1997-03-27,69,203,Unknown,medium,red,clean_shaven,R,3B,,0,,,50,49,85,52,49,49,58,51,48,49,,,,,,,,,,,,52,46,90,54,49,0,0,51,44,51,,,,,,,,,,,,False,,,0,,,,,,0,50,,elite_speed
P9574,John,Doe,1994-02-26,77,180,Unknown,dark,brown,clean_shaven,R,SS,,0,,,51,51,50,52,49,52,56,51,51,49,,,,,,,,,,,,50,48,40,52,49,0,0,51,44,44,,,,,,,,,,,,False,,,0,,,,,,0,50,,average
P3953,John,Doe,2000-08-03,72,224,Unknown,light,red,goatee,R,LF,,0,,,53,62,52,52,51,52,59,49,51,48,,,,,,,,,,,,67,74,58,61,51,0,0,49,59,60,,,,,,,,,,,,False,,,0,,,,,,0,50,,power
P9410,John,Doe,2001-08-06,74,173,Unknown,light,black,mustache,R,CF,,0,,,56,47,51,51,53,48,55,48,48,52,,,,,,,,,,,,68,60,56,65,53,0,0,48,53,60,,,,,,,,,,,,False,,,0,,,,,,0,50,,spray
P2740,John,Doe,1995-03-01,73,190,Unknown,dark,black,clean_shaven,R,RF,,0,,,52,61,48,50,49,52,53,50,48,48,,,,,,,,,,,,53,65,46,54,49,0,0,50,47,51,,,,,,,,,,,,False,,,0,,,,,,0,50,,power
P4019,John,Doe,2004-09-18,78,194,Unknown,light,blonde,beard,R,C,,0,,,54,53,49,52,51,52,59,52,49,52,,,,,,,,,,,,73,65,63,73,51,0,0,52,73,66,,,,,,,,,,,,False,,,0,,,,,,0,50,,gap
P7993,John,Doe,2002-04-27,73,232,Unknown,dark,black,goatee,R,2B,,0,,,59,50,50,53,51,47,55,52,49,48,,,,,,,,,,,,70,59,61,65,51,0,0,52,55,55,,,,,,,,,,,,False,,,0,,,,,,0,50,,spray
P1321,John,Doe,1993-11-01,73,248,Unknown,dark,brown,beard,L,1B,,0,,,51,52,48,52,51,50,42,49,52,49,,,,,,,,,,,,42,51,43,45,51,0,0,49,50,43,,,,,,,,,,,,False,,,0,,,,,,0,50,,average
P2107,John,Doe,1996-01-31,78,217,Unknown,dark,blonde,clean_shaven,L,C,,0,,,49,52,49,51,52,51,48,52,53,47,,,,,,,,,,,,47,50,47,54,52,0,0,52,50,49,,,,,,,,,,,,False,,,0,,,,,,0,50,,average
P1452,John,Doe,1989-10-05,72,227,Unknown,medium,red,clean_shaven,R,1B,,0,,,52,54,50,52,51,52,53,50,49,53,,,,,,,,,,,,47,52,50,50,51,0,0,50,39,46,,,,,,,,,,,,False,,,0,,,,,,0,50,,average
P1958,John,Doe,2001-03-29,72,167,Unknown,light,blonde,clean_shaven,L,SS,,0,,,51,53,51,50,48,50,51,48,51,49,,,,,,,,,,,,65,65,56,56,48,0,0,48,59,54,,,,,,,,,,,,False,,,0,,,,,,0,50,,average
P2394,John,Doe,1998-06-09,72,169,Unknown,light,blonde,goatee,S,P,,1,RP,CL,,,,,55,,,,49,50,48,50,52,51,52,58,0,66,0,0,0,,,,,0,,,,62,57,56,57,58,62,66,63,0,73,0,0,0,False,,,0,,,,,,0,50,closer,
P1752,John,Doe,2004-12-29,72,218,Unknown,medium,black,goatee,L,P,,1,RP,SP,,,,,53,,,,52,51,53,50,53,52,52,58,0,0,61,0,0,,,,,0,,,,64,73,60,80,80,67,82,70,0,0,74,0,0,False,,,0,,,,,,0,50,groundball_sp,
P1802,John,Doe,1993-05-08,70,234,Unknown,light,red,clean_shaven,R,P,,1,RP,SP,,,,,50,,,,49,50,54,53,54,53,51,60,0,58,58,0,0,,,,,0,,,,39,44,45,47,44,48,50,55,0,53,54,0,0,False,,,0,,,,,,0,50,groundball_sp,
P7958,John,Doe,1998-03-20,76,171,Unknown,light,black,mustache,L,P,,1,RP,RP,,,,,51,,,,52,51,50,53,52,51,50,58,59,63,0,0,0,,,,,0,,,,64,59,67,59,59,59,61,64,68,68,0,0,0,False,,,0,,,,,,0,50,finesse_rp,
P2222,John,Doe,1999-05-12,68,248,Unknown,medium,brown,clean_shaven,S,P,,1,RP,RP,,,,,52,,,,52,49,52,53,52,50,50,59,62,0,63,0,0,,,,,0,,,,61,64,59,57,64,63,64,69,77,0,76,0,0,False,,,0,,,,,,0,50,finesse_rp,
P6927,John,Doe,2000-02-29,78,201,Unknown,light,black,clean_shaven,S,P,,1,RP,RP,,,,,57,,,,50,50,50,50,53,51,51,0,0,65,61,0,0,,,,,0,,,,65,58,61,59,57,59,59,0,0,74,67,0,0,False,,,0,,,,,,0,50,groundball_rp,
P5874,John,Doe,1995-07-06,73,165,Unknown,medium,brown,beard,R,P,,1,RP,RP,,,,,53,,,,51,51,50,50,52,52,49,58,60,0,59,0,0,,,,,0,,,,47,51,54,50,50,57,45,60,60,0,62,0,0,False,,,0,,,,,,0,50,finesse_rp,
P2845,John,Doe,1988-04-07,70,195,Unknown,dark,brown,mustache,R,1B,,0,,,52,53,51,51,51,50,52,51,47,51,,,,,,,,,,,,50,46,42,46,51,0,0,51,43,43,,,,,,,,,,,,False,,,0,,,,,,0,50,,average
P7037,John,Doe,2002-06-12,70,170,Unknown,dark,black,clean_shaven,R,SS,,0,,,60,53,50,52,52,47,58,53,51,51,,,,,,,,,,,,68,63,63,62,52,0,0,53,62,66,,,,,,,,,,,,False,,,0,,,,,,0,50,,spray
P8626,John,Doe,1987-09-18,70,190,Unknown,light,black,clean_shaven,R,C,,0,,,50,56,50,50,48,49,60,51,53,52,,,,,,,,,,,,47,53,44,49,48,0,0,51,50,43,,,,,,,,,,,,False,,,0,,,,,,0,50,,power
P7661,John,Doe,1995-12-24,71,218,Unknown,dark,brown,clean_shaven,L,C,,0,,,50,52,50,51,49,52,47,50,50,52,,,,,,,,,,,,48,48,54,52,49,0,0,50,53,52,,,,,,,,,,,,False,,,0,,,,,,0,50,,average
P8778,John,Doe,1987-09-29,72,183,Unknown,medium,brown,mustache,R,C,,0,,,52,52,54,53,48,52,58,50,51,50,,,,,,,,,,,,48,44,53,45,48,0,0,50,51,47,,,,,,,,,,,,False,,,0,,,,,,0,50,,balanced
P4417,John,Doe,2002-03-17,69,234,Unknown,light,black,beard,R,2B,,0,,,65,52,49,54,49,47,58,49,49,49,,,,,,,,,,,,80,58,57,62,49,0,0,49,60,61,,,,,,,,,,,,False,,,0,,,,,,0,50,,spray
P8583,John,Doe,1999-07-21,76,198,Unknown,light,blonde,clean_shaven,L,CF,,0,,,60,50,50,50,50,51,46,49,48,49,,,,,,,,,,,,71,56,64,61,50,0,0,49,62,63,,,,,,,,,,,,False,,,0,,,,,,0,50,,spray
P9484,John,Doe,1998-09-27,72,210,Unknown,dark,black,clean_shaven,L,SS,,0,,,50,51,83,52,51,48,49,53,51,48,,,,,,,,,,,,65,58,90,63,51,0,0,53,60,61,,,,,,,,,,,,False,,,0,,,,,,0,50,,speed
P4757,John,Doe,2006-11-10,76,209,Unknown,light,blonde,clean_shaven,R,P,,1,RP,CL,,,,,55,,,,50,54,51,52,53,51,53,0,0,66,0,0,0,,,,,0,,,,68,69,67,79,66,67,75,0,0,92,0,0,0,False,,,0,,,,,,0,50,closer,
P6532,John,Doe,2005-04-28,78,177,Unknown,light,brown,mustache,R,P,,1,RP,SP,,,,,49,,,,51,51,51,52,54,53,53,61,60,0,0,54,0,,,,,0,,,,62,65,65,68,80,80,81,84,72,0,0,76,0,False,,,0,,,,,,0,50,finesse_sp,
P6680,John,Doe,2006-12-16,72,173,Unknown,dark,brown,clean_shaven,S,P,,1,RP,CL,,,,,49,,,,50,51,48,51,53,50,52,59,0,65,0,0,0,,,,,0,,,,62,79,63,79,75,60,65,73,0,82,0,0,0,False,,,0,,,,,,0,50,closer,
P9475,John,Doe,2006-03-29,72,250,Unknown,medium,black,clean_shaven,S,P,,1,RP,SP,,,,,49,,,,48,52,51,51,54,52,52,63,62,58,0,0,0,,,,,0,,,,76,81,76,71,72,80,67,89,90,73,0,0,0,False,,,0,,,,,,0,50,balanced_sp,
P2008,John,Doe,2007-02-10,68,194,Unknown,dark,black,goatee,S,P,,1,RP,SP,,,,,52,,,,53,51,50,50,52,52,49,60,63,0,0,56,0,,,,,0,,,,66,63,70,68,60,71,78,71,85,0,0,82,0,False,,,0,,,,,,0,50,finesse_sp,
P5968,John,Doe,2005-09-13,75,237,Unknown,dark,black,clean_shaven,R,3B,,0,,,49,51,52,50,52,48,56,48,50,51,,,,,,,,,,,,61,74,71,68,52,0,0,48,77,78,,,,,,,,,,,,False,,,0,,,,,,0,50,,average
P2058,John,Doe,2006-04-14,77,188,Unknown,medium,black,beard,R,RF,CF,0,,,58,52,50,52,52,46,58,49,50,48,,,,,,,,,,,,76,67,80,62,52,0,0,49,79,78,,,,,,,,,,,,False,,,0,,,,,,0,50,,spray
P4702,John,Doe,2006-06-24,75,215,Unknown,light,black,clean_shaven,S,2B,,0,,,55,49,50,55,52,52,55,50,49,51,,,,,,,,,,,,74,75,75,83,52,0,0,50,63,76,,,,,,,,,,,,False,,,0,,,,,,0,50,,spray
P6493,John,Doe,2005-03-02,69,227,Unknown,medium,black,clean_shaven,L,LF,,0,,,53,64,51,52,47,53,48,52,53,49,,,,,,,,,,,,74,91,79,65,47,0,0,52,74,79,,,,,,,,,,,,False,,,0,,,,,,0,50,,power
P5572,John,Doe,2006-10-21,73,179,Unknown,light,brown,clean_shaven,R,SS,,0,,,61,52,50,51,52,48,56,51,52,49,,,,,,,,,,,,88,66,74,61,52,0,0,51,71,74,,,,,,,,,,,,False,,,0,,,,,,0,50,,spray
P8536,John,Doe,1989-07-22,76,226,Unknown,medium,brown,clean_shaven,L,P,,1,RP,CL,,,,,55,,,,52,51,48,50,54,48,55,60,62,65,0,0,0,,,,,0,,,,45,49,42,50,45,46,51,58,61,64,0,0,0,False,,,0,,,,,,0,50,closer,
P7313,John,Doe,1999-06-20,74,162,Unknown,light,black,clean_shaven,R,P,,1,RP,CL,,,,,49,,,,49,53,49,52,53,51,55,0,0,65,0,0,0,,,,,0,,,,57,66,67,60,60,58,62,0,0,80,0,0,0,False,,,0,,,,,,0,50,closer,
P6528,John,Doe,2001-05-15,77,193,Unknown,dark,brown,clean_shaven,R,P,,1,RP,SP,,,,,51,,,,50,50,50,51,52,50,50,58,60,61,56,0,0,,,,,0,,,,57,56,64,59,56,64,56,68,70,70,69,0,0,False,,,0,,,,,,0,50,balanced_sp,
P9254,John,Doe,1995-09-20,68,169,Unknown,medium,brown,clean_shaven,L,P,,1,RP,RP,,,,,48,,,,51,51,50,51,53,52,54,0,0,67,0,0,0,,,,,0,,,,50,56,52,48,54,53,51,0,0,64,0,0,0,False,,,0,,,,,,0,50,power_rp,
P5752,John,Doe,1998-08-31,68,229,Unknown,light,black,clean_shaven,S,P,,1,RP,RP,,,,,48,,,,51,52,51,53,52,50,51,0,61,0,0,0,0,,,,,0,,,,60,67,67,64,64,58,64,0,67,0,0,0,0,False,,,0,,,,,,0,50,finesse_rp,
P5151,John,Doe,1991-02-08,72,182,Unknown,light,red,mustache,R,P,,1,RP,RP,,,,,56,,,,50,49,51,50,54,50,54,0,0,0,62,0,0,,,,,0,,,,44,46,40,50,48,49,53,0,0,0,57,0,0,False,,,0,,,,,,0,50,groundball_rp,
P7333,John,Doe,1992-07-08,68,248,Unknown,medium,brown,beard,R,P,,1,RP,SP,,,,,49,,,,50,53,53,50,52,47,51,0,59,62,0,0,0,,,,,0,,,,41,44,47,46,50,46,45,0,55,53,0,0,0,False,,,0,,,,,,0,50,power_sp,
P5571,John,Doe,1993-04-14,73,228,Unknown,light,black,clean_shaven,L,P,,1,RP,SP,,,,,51,,,,50,49,50,54,52,50,51,61,60,0,0,0,0,,,,,0,,,,49,40,47,52,45,50,41,59,58,0,0,0,0,False,,,0,,,,,,0,50,finesse_sp,
P7529,John,Doe,1993-11-01,75,233,Unknown,dark,brown,clean_shaven,R,P,,1,RP,RP,,,,,52,,,,49,49,51,51,52,53,51,0,60,0,0,0,0,,,,,0,,,,48,46,47,46,44,43,50,0,60,0,0,0,0,False,,,0,,,,,,0,50,finesse_rp,
P3679,John,Doe,2001-02-28,69,218,Unknown,light,black,goatee,L,P,,1,RP,SP,,,,,52,,,,50,52,50,52,52,52,51,0,60,62,0,0,0,,,,,0,,,,58,66,64,61,64,64,58,0,68,69,0,0,0,False,,,0,,,,,,0,50,power_sp,
P9397,John,Doe,1991-05-16,74,181,Unknown,medium,brown,goatee,R,P,,1,RP,RP,,,,,54,,,,50,50,50,50,53,50,52,60,58,0,0,55,0,,,,,0,,,,47,45,46,43,49,42,50,54,55,0,0,46,0,False,,,0,,,,,,0,50,finesse_rp,
P7734,John,Doe,1995-08-09,74,198,Unknown,medium,black,beard,R,C,,0,,,51,59,50,52,52,53,56,53,52,50,,,,,,,,,,,,56,54,50,56,52,0,0,53,48,55,,,,,,,,,,,,False,,,0,,,,,,0,50,,power
P6128,John,Doe,2002-11-05,78,162,Unknown,medium,brown,clean_shaven,R,1B,RF,0,,,54,61,52,50,48,52,52,53,50,49,,,,,,,,,,,,69,66,66,58,48,0,0,53,56,58,,,,,,,,,,,,False,,,0,,,,,,0,50,,gap
P1678,John,Doe,1990-11-01,71,181,Unknown,light,black,clean_shaven,R,2B,,0,,,50,49,50,53,53,53,58,51,51,50,,,,,,,,,,,,42,43,41,47,53,0,0,51,45,46,,,,,,,,,,,,False,,,0,,,,,,0,50,,average
P7497,John,Doe,1997-02-10,73,210,Unknown,light,brown,beard,R,3B,LF,0,,,63,50,50,55,48,50,60,48,48,49,,,,,,,,,,,,64,52,48,53,48,0,0,48,52,49,,,,,,,,,,,,False,,,0,,,,,,0,50,,spray
P6093,John,Doe,1991-03-10,76,248,Unknown,dark,brown,clean_shaven,L,SS,,0,,,58,49,54,54,51,48,50,51,49,47,,,,,,,,,,,,48,45,49,54,51,0,0,51,48,41,,,,,,,,,,,,False,,,0,,,,,,0,50,,spray
P2628,John,Doe,1995-04-26,73,207,Unknown,dark,red,clean_shaven,R,LF,RF,0,,,53,61,50,52,50,50,56,53,52,51,,,,,,,,,,,,49,62,54,55,50,0,0,53,47,47,,,,,,,,,,,,False,,,0,,,,,,0,50,,power
P8355,John,Doe,2001-01-09,75,166,Unknown,dark,brown,clean_shaven,R,CF,,0,,,51,50,51,50,52,49,54,49,51,53,,,,,,,,,,,,62,60,62,56,52,0,0,49,66,58,,,,,,,,,,,,False,,,0,,,,,,0,50,,balanced
P3815,John,Doe,1996-12-17,74,239,Unknown,light,blonde,beard,L,RF,,0,,,50,54,49,49,51,50,46,53,50,51,,,,,,,,,,,,50,52,54,51,51,0,0,53,47,49,,,,,,,,,,,,False,,,0,,,,,,0,50,,balanced
P8308,John,Doe,2000-11-23,68,184,Unknown,dark,brown,beard,R,RF,,0,,,64,49,50,50,53,49,54,49,51,48,,,,,,,,,,,,79,60,62,63,53,0,0,49,58,56,,,,,,,,,,,,False,,,0,,,,,,0,50,,spray
P4176,John,Doe,1998-07-09,73,202,Unknown,light,brown,clean_shaven,R,LF,,0,,,52,51,47,53,49,49,55,52,53,50,,,,,,,,,,,,61,65,55,65,49,0,0,52,65,61,,,,,,,,,,,,False,,,0,,,,,,0,50,,balanced
P3660,John,Doe,2004-09-01,74,173,Unknown,medium,red,mustache,R,LF,,0,,,53,60,52,52,50,50,55,52,49,52,,,,,,,,,,,,78,88,72,72,50,0,0,52,76,62,,,,,,,,,,,,False,,,0,,,,,,0,50,,gap
P2076,John,Doe,1991-08-25,75,234,Unknown,light,blonde,clean_shaven,R,3B,SS,0,,,49,51,48,50,50,49,56,53,52,49,,,,,,,,,,,,39,45,40,45,50,0,0,53,46,44,,,,,,,,,,,,False,,,0,,,,,,0,50,,balanced
P6513,John,Doe,1999-01-12,69,224,Unknown,dark,blonde,clean_shaven,S,1B,,0,,,52,60,48,50,49,50,51,52,50,51,,,,,,,,,,,,62,75,62,60,49,0,0,52,64,57,,,,,,,,,,,,False,,,0,,,,,,0,50,,power
P2127,John,Doe,2004-07-16,78,164,Unknown,dark,black,clean_shaven,R,SS,,0,,,52,53,52,51,50,50,58,52,49,52,,,,,,,,,,,,80,76,63,81,50,0,0,52,60,65,,,,,,,,,,,,False,,,0,,,,,,0,50,,gap
P3314,John,Doe,1996-04-12,68,188,Unknown,medium,black,beard,R,P,,1,RP,CL,,,,,55,,,,50,52,51,53,54,50,55,0,0,65,0,0,0,,,,,0,,,,45,51,58,54,54,45,51,0,0,70,0,0,0,False,,,0,,,,,,0,50,closer,
P6112,John,Doe,1999-08-14,74,189,Unknown,light,brown,mustache,L,P,,1,RP,RP,,,,,56,,,,51,49,50,50,52,50,52,58,0,0,61,0,0,,,,,0,,,,58,62,62,67,56,58,59,64,0,0,73,0,0,False,,,0,,,,,,0,50,groundball_rp,
P6494,John,Doe,1999-04-28,71,241,Unknown,dark,black,beard,R,P,,1,RP,CL,,,,,51,,,,48,52,49,51,52,51,53,0,58,65,0,0,0,,,,,0,,,,62,57,61,64,56,64,58,0,63,78,0,0,0,False,,,0,,,,,,0,50,closer,
P1937,John,Doe,1991-11-26,74,172,Unknown,medium,brown,beard,S,P,,1,RP,SP,,,,,47,,,,51,52,54,50,54,49,54,0,62,58,57,0,0,,,,,0,,,,43,44,41,45,52,47,54,0,59,49,56,0,0,False,,,0,,,,,,0,50,power_sp,
P5031,John,Doe,2002-12-26,70,192,Unknown,light,brown,clean_shaven,R,P,,1,RP,SP,,,,,50,,,,48,49,52,53,53,48,53,59,61,58,0,0,0,,,,,0,,,,60,58,65,67,66,59,59,68,69,65,0,0,0,False,,,0,,,,,,0,50,balanced_sp,
P3020,John,Doe,1996-01-26,68,237,Unknown,medium,brown,mustache,R,P,,1,RP,SP,,,,,48,,,,49,50,51,52,54,52,50,59,63,60,56,0,0,,,,,0,,,,51,51,54,57,48,56,53,63,60,62,59,0,0,False,,,0,,,,,,0,50,workhorse_sp,
P4915,John,Doe,1992-11-03,73,241,Unknown,dark,black,clean_shaven,L,P,,1,RP,RP,,,,,54,,,,52,50,49,50,54,51,50,0,0,63,60,0,0,,,,,0,,,,47,45,47,49,44,42,43,0,0,63,54,0,0,False,,,0,,,,,,0,50,groundball_rp,
P1987,John,Doe,1994-10-11,73,205,Unknown,dark,brown,goatee,R,2B,,0,,,52,59,49,52,52,49,56,49,48,49,,,,,,,,,,,,56,54,51,54,52,0,0,49,50,46,,,,,,,,,,,,False,,,0,,,,,,0,50,,power
P5121,John,Doe,2004-07-05,75,176,Unknown,dark,blonde,clean_shaven,L,RF,,0,,,51,59,52,50,49,50,49,51,48,50,,,,,,,,,,,,65,87,81,65,49,0,0,51,70,68,,,,,,,,,,,,False,,,0,,,,,,0,50,,power
P6048,John,Doe,1999-04-21,68,204,Unknown,medium,brown,clean_shaven,R,3B,,0,,,51,61,49,49,49,54,57,49,50,49,,,,,,,,,,,,60,71,60,64,49,0,0,49,63,60,,,,,,,,,,,,False,,,0,,,,,,0,50,,power
P1753,John,Doe,1990-10-28,73,210,Unknown,dark,black,clean_shaven,S,SS,2B,0,,,53,49,83,52,52,46,56,52,50,49,,,,,,,,,,,,52,49,78,42,52,0,0,52,42,45,,,,,,,,,,,,False,,,0,,,,,,0,50,,speed
P1196,John,Doe,1992-05-12,70,185,Unknown,medium,brown,beard,R,LF,,0,,,53,48,70,51,50,49,58,51,51,50,,,,,,,,,,,,47,43,66,45,50,0,0,51,48,45,,,,,,,,,,,,False,,,0,,,,,,0,50,,speed
P6302,John,Doe,2001-06-06,74,232,Unknown,medium,black,clean_shaven,R,1B,,0,,,50,61,50,49,47,50,58,52,52,52,,,,,,,,,,,,62,75,57,60,47,0,0,52,59,67,,,,,,,,,,,,False,,,0,,,,,,0,50,,power
P2782,John,Doe,1993-09-10,72,190,Unknown,light,red,clean_shaven,R,LF,,0,,,50,62,50,50,49,49,58,49,51,49,,,,,,,,,,,,41,54,50,44,49,0,0,49,45,47,,,,,,,,,,,,False,,,0,,,,,,0,50,,power
P9125,John,Doe,2002-08-28,76,181,Unknown,light,black,clean_shaven,L,1B,,0,,,49,63,53,50,48,50,47,52,51,49,,,,,,,,,,,,55,74,60,56,48,0,0,52,66,59,,,,,,,,,,,,False,,,0,,,,,,0,50,,power
P2989,John,Doe,2007-12-03,77,223,Unknown,dark,black,clean_shaven,L,P,,1,RP,CL,,,,,55,,,,51,54,48,52,53,53,55,0,0,66,0,0,0,,,,,0,,,,70,66,64,74,73,63,68,0,0,86,0,0,0,False,,,0,,,,,,0,50,closer,
P8613,John,Doe,2005-09-18,70,203,Unknown,light,blonde,clean_shaven,L,P,,1,RP,SP,,,,,49,,,,51,49,50,52,52,53,52,61,61,60,0,53,0,,,,,0,,,,63,65,73,75,62,69,66,74,89,87,0,82,0,False,,,0,,,,,,0,50,finesse_sp,
P6872,John,Doe,2005-02-13,68,172,Unknown,medium,blonde,clean_shaven,L,P,,1,RP,SP,,,,,48,,,,47,49,50,53,52,48,50,58,0,59,0,0,0,,,,,0,,,,75,68,70,82,70,65,76,77,0,80,0,0,0,False,,,0,,,,,,0,50,balanced_sp,
P9431,John,Doe,2005-06-04,78,230,Unknown,light,brown,clean_shaven,R,P,,1,RP,SP,,,,,48,,,,49,52,50,51,52,49,49,63,63,0,0,54,0,,,,,0,,,,61,69,70,67,66,79,59,91,83,0,0,66,0,False,,,0,,,,,,0,50,finesse_sp,
P3336,John,Doe,2004-10-28,76,184,Unknown,light,black,clean_shaven,R,P,,1,RP,SP,,,,,52,,,,48,51,50,50,52,52,50,61,59,61,0,0,0,,,,,0,,,,63,71,72,73,76,67,76,79,72,83,0,0,0,False,,,0,,,,,,0,50,workhorse_sp,
P6968,John,Doe,2004-08-30,74,160,Unknown,medium,black,beard,S,C,,0,,,52,52,50,52,53,49,51,48,49,48,,,,,,,,,,,,70,73,64,66,53,0,0,48,72,65,,,,,,,,,,,,False,,,0,,,,,,0,50,,average
P6260,John,Doe,2005-10-22,74,237,Unknown,dark,brown,clean_shaven,L,C,,0,,,60,50,52,54,50,48,47,52,50,50,,,,,,,,,,,,78,76,65,83,50,0,0,52,80,63,,,,,,,,,,,,False,,,0,,,,,,0,50,,spray
P4187,John,Doe,2007-04-24,78,204,Unknown,light,black,clean_shaven,R,3B,,0,,,52,60,49,52,49,52,57,51,50,51,,,,,,,,,,,,78,71,65,68,49,0,0,51,77,61,,,,,,,,,,,,False,,,0,,,,,,0,50,,power
P1910,John,Doe,2004-04-12,76,190,Unknown,light,brown,clean_shaven,R,3B,,0,,,59,50,50,57,52,50,56,51,50,51,,,,,,,,,,,,78,75,61,75,52,0,0,51,77,81,,,,,,,,,,,,False,,,0,,,,,,0,50,,spray
P6003,John,Doe,2004-11-16,73,249,Unknown,light,black,clean_shaven,R,LF,,0,,,55,54,48,52,48,48,56,50,51,50,,,,,,,,,,,,82,69,73,75,48,0,0,50,76,77,,,,,,,,,,,,False,,,0,,,,,,0,50,,gap
P1841,John,Doe,1997-01-09,78,214,Unknown,medium,brown,goatee,L,P,,1,RP,CL,,,,,55,,,,51,51,49,50,52,52,52,58,0,67,0,0,0,,,,,0,,,,53,51,47,48,47,50,50,55,0,70,0,0,0,False,,,0,,,,,,0,50,closer,
P6451,John,Doe,1990-09-22,78,227,Unknown,light,black,clean_shaven,L,P,,1,RP,SP,,,,,49,,,,50,51,54,53,53,49,50,58,63,62,0,53,0,,,,,0,,,,40,48,47,43,44,39,50,53,63,57,0,53,0,False,,,0,,,,,,0,50,balanced_sp,
P9584,John,Doe,2003-01-15,76,189,Unknown,light,black,clean_shaven,R,P,,1,RP,SP,,,,,52,,,,51,52,53,53,54,49,52,60,63,59,57,0,0,,,,,0,,,,58,66,68,68,68,59,58,71,74,65,67,0,0,False,,,0,,,,,,0,50,balanced_sp,
P5653,John,Doe,1995-07-09,74,236,Unknown,dark,blonde,clean_shaven,L,P,,1,RP,SP,,,,,51,,,,52,49,53,51,53,52,53,0,59,60,0,0,0,,,,,0,,,,53,50,52,56,48,52,53,0,62,61,0,0,0,False,,,0,,,,,,0,50,balanced_sp,
P9993,John,Doe,1993-01-30,76,208,Unknown,dark,brown,goatee,L,P,,1,RP,CL,,,,,51,,,,52,51,51,51,54,51,52,59,59,65,0,0,0,,,,,0,,,,48,43,44,45,47,43,43,51,49,60,0,0,0,False,,,0,,,,,,0,50,closer,
P4798,John,Doe,1999-02-20,72,202,Unknown,dark,black,clean_shaven,L,P,,1,RP,LR,,,,,52,,,,52,52,49,50,54,49,53,59,61,63,0,0,0,,,,,0,,,,64,64,62,59,62,56,60,72,73,72,0,0,0,False,,,0,,,,,,0,50,long_relief,
P5432,John,Doe,1987-03-09,77,184,Unknown,medium,black,beard,L,P,,1,RP,SP,,,,,50,,,,50,49,54,50,54,52,54,63,62,63,58,0,0,,,,,0,,,,40,43,40,52,44,47,45,62,54,55,57,0,0,False,,,0,,,,,,0,50,balanced_sp,
P7675,John,Doe,1998-11-15,71,229,Unknown,medium,brown,clean_shaven,R,P,,1,RP,SP,,,,,48,,,,50,50,50,53,54,51,49,60,60,0,58,56,0,,,,,0,,,,57,64,66,62,60,61,62,71,72,0,65,61,0,False,,,0,,,,,,0,50,finesse_sp,
P1624,John,Doe,1992-01-21,72,175,Unknown,light,black,clean_shaven,R,P,,1,RP,SP,,,,,48,,,,50,50,54,52,52,50,48,59,60,0,0,0,0,,,,,0,,,,49,48,50,47,54,43,48,56,50,0,0,0,0,False,,,0,,,,,,0,50,finesse_sp,
P9778,John,Doe,1992-11-20,74,193,Unknown,medium,brown,beard,L,P,,1,RP,LR,,,,,51,,,,49,53,51,50,52,53,53,57,62,66,0,0,0,,,,,0,,,,48,43,45,43,44,52,45,52,62,56,0,0,0,False,,,0,,,,,,0,50,long_relief,
P7703,John,Doe,1992-01-26,77,174,Unknown,light,black,clean_shaven,R,P,,1,RP,RP,,,,,54,,,,50,49,49,50,52,51,49,0,60,0,63,0,0,,,,,0,,,,42,39,50,42,49,46,39,0,59,0,55,0,0,False,,,0,,,,,,0,50,groundball_rp,
P8072,John,Doe,1991-06-09,77,211,Unknown,medium,black,goatee,L,C,,0,,,59,52,49,50,50,49,47,50,53,49,,,,,,,,,,,,52,45,41,42,50,0,0,50,50,46,,,,,,,,,,,,False,,,0,,,,,,0,50,,spray
P9973,John,Doe,1996-11-11,78,245,Unknown,light,black,clean_shaven,S,1B,,0,,,50,52,50,50,53,51,48,50,49,51,,,,,,,,,,,,55,56,52,48,53,0,0,50,51,47,,,,,,,,,,,,False,,,0,,,,,,0,50,,average
P7763,John,Doe,1989-03-24,69,191,Unknown,medium,blonde,beard,L,2B,,0,,,55,48,70,52,49,49,48,49,51,49,,,,,,,,,,,,52,47,66,44,49,0,0,49,51,47,,,,,,,,,,,,False,,,0,,,,,,0,50,,speed
P3338,John,Doe,2003-06-28,70,168,Unknown,dark,brown,clean_shaven,S,3B,,0,,,49,61,52,50,51,52,52,49,48,52,,,,,,,,,,,,59,72,64,60,51,0,0,49,53,67,,,,,,,,,,,,False,,,0,,,,,,0,50,,power
P3128,John,Doe,1988-10-24,70,211,Unknown,medium,red,clean_shaven,R,SS,,0,,,52,49,85,50,51,47,59,51,53,51,,,,,,,,,,,,50,43,84,47,51,0,0,51,47,43,,,,,,,,,,,,False,,,0,,,,,,0,50,,elite_speed
P8789,John,Doe,2004-06-30,77,161,Unknown,medium,brown,clean_shaven,R,LF,,0,,,50,62,49,49,48,54,59,52,49,52,,,,,,,,,,,,75,81,63,65,48,0,0,52,65,67,,,,,,,,,,,,False,,,0,,,,,,0,50,,power
P2135,John,Doe,1996-01-21,73,169,Unknown,dark,brown,clean_shaven,R,CF,,0,,,49,52,50,50,51,51,57,51,50,50,,,,,,,,,,,,50,50,50,49,51,0,0,51,49,49,,,,,,,,,,,,False,,,0,,,,,,0,50,,average
P4724,John,Doe,2003-11-04,74,193,Unknown,medium,blonde,clean_shaven,R,RF,,0,,,48,58,51,49,47,50,56,47,50,50,,,,,,,,,,,,54,73,57,58,47,0,0,47,65,56,,,,,,,,,,,,False,,,0,,,,,,0,50,,power
P8197,John,Doe,1992-07-22,75,167,Unknown,light,black,clean_shaven,S,C,,0,,,61,50,52,51,50,48,52,51,49,52,,,,,,,,,,,,52,42,42,42,50,0,0,51,41,48,,,,,,,,,,,,False,,,0,,,,,,0,50,,spray
P2456,John,Doe,1987-04-02,77,239,Unknown,medium,black,clean_shaven,L,1B,,0,,,53,55,53,50,48,50,46,49,49,49,,,,,,,,,,,,50,45,49,47,48,0,0,49,42,48,,,,,,,,,,,,False,,,0,,,,,,0,50,,balanced
P9685,John,Doe,1989-02-04,68,191,Unknown,dark,black,mustache,R,C,,0,,,53,51,50,49,51,48,60,49,51,53,,,,,,,,,,,,47,51,43,43,51,0,0,49,47,51,,,,,,,,,,,,False,,,0,,,,,,0,50,,balanced
P7025,John,Doe,1993-01-23,72,240,Unknown,medium,brown,clean_shaven,L,CF,,0,,,52,50,51,52,50,52,43,50,49,52,,,,,,,,,,,,42,42,51,46,50,0,0,50,44,43,,,,,,,,,,,,False,,,0,,,,,,0,50,,balanced
P1523,John,Doe,2003-01-01,70,240,Unknown,light,black,clean_shaven,S,C,,0,,,61,50,50,52,49,50,54,49,50,49,,,,,,,,,,,,68,56,58,59,49,0,0,49,62,59,,,,,,,,,,,,False,,,0,,,,,,0,50,,spray
P5324,John,Doe,1996-04-29,70,240,Unknown,medium,black,beard,R,3B,,0,,,49,52,50,49,48,52,57,51,47,48,,,,,,,,,,,,47,51,52,52,48,0,0,51,48,51,,,,,,,,,,,,False,,,0,,,,,,0,50,,balanced
P9057,John,Doe,1998-01-04,78,240,Unknown,light,brown,clean_shaven,L,P,,1,RP,CL,,,,,55,,,,51,50,51,50,52,50,53,0,0,66,0,0,0,,,,,0,,,,46,45,45,53,54,47,53,0,0,63,0,0,0,False,,,0,,,,,,0,50,closer,
P9699,John,Doe,1989-04-08,69,191,Unknown,medium,black,clean_shaven,L,P,,1,RP,RP,,,,,52,,,,53,50,51,51,52,50,53,61,59,0,62,0,0,,,,,0,,,,48,47,47,50,50,49,49,52,55,0,53,0,0,False,,,0,,,,,,0,50,finesse_rp,
P1272,John,Doe,1998-09-03,76,183,Unknown,light,brown,goatee,L,P,,1,RP,SP,,,,,48,,,,53,51,52,52,52,50,49,59,63,0,0,0,0,,,,,0,,,,64,60,66,60,61,59,61,64,71,0,0,0,0,False,,,0,,,,,,0,50,finesse_sp,
P5051,John,Doe,2003-10-12,68,188,Unknown,medium,brown,clean_shaven,R,P,,1,RP,CL,,,,,52,,,,49,50,52,52,53,52,53,0,0,65,0,0,0,,,,,0,,,,54,58,61,67,58,60,68,0,0,72,0,0,0,False,,,0,,,,,,0,50,closer,
P5485,John,Doe,1997-04-04,68,177,Unknown,medium,brown,clean_shaven,L,P,,1,RP,SP,,,,,49,,,,48,52,54,53,54,52,52,62,58,62,0,0,0,,,,,0,,,,53,47,52,50,55,57,51,63,57,66,0,0,0,False,,,0,,,,,,0,50,balanced_sp,
P9727,John,Doe,1988-05-09,76,185,Unknown,dark,black,clean_shaven,R,P,,1,RP,SP,,,,,48,,,,50,51,54,50,52,48,49,0,61,60,0,0,0,,,,,0,,,,42,42,44,52,49,43,46,0,57,52,0,0,0,False,,,0,,,,,,0,50,power_sp,
P3227,John,Doe,1989-11-10,68,208,Unknown,light,brown,clean_shaven,R,P,,1,RP,SP,,,,,49,,,,52,52,54,50,52,50,51,59,61,59,0,54,0,,,,,0,,,,46,47,42,50,51,47,49,49,60,55,0,46,0,False,,,0,,,,,,0,50,balanced_sp,
P9738,John,Doe,1992-01-04,78,243,Unknown,dark,red,beard,R,2B,,0,,,56,50,49,54,53,48,55,53,49,52,,,,,,,,,,,,55,43,47,50,53,0,0,53,40,49,,,,,,,,,,,,False,,,0,,,,,,0,50,,spray
P9116,John,Doe,2004-05-28,74,229,Unknown,medium,black,clean_shaven,R,CF,,0,,,57,51,51,53,52,50,55,51,49,49,,,,,,,,,,,,83,78,73,82,52,0,0,51,74,68,,,,,,,,,,,,False,,,0,,,,,,0,50,,gap
P5478,John,Doe,1999-08-24,70,195,Unknown,medium,brown,clean_shaven,R,C,,0,,,52,59,50,49,50,50,59,50,49,49,,,,,,,,,,,,60,73,65,63,50,0,0,50,59,57,,,,,,,,,,,,False,,,0,,,,,,0,50,,power
P8870,John,Doe,1988-08-24,75,165,Unknown,medium,black,beard,R,1B,,0,,,47,62,51,50,48,51,58,50,51,51,,,,,,,,,,,,41,54,41,48,48,0,0,50,46,51,,,,,,,,,,,,False,,,0,,,,,,0,50,,power
P1822,John,Doe,1992-05-01,77,196,Unknown,dark,black,mustache,R,3B,,0,,,59,60,49,51,50,51,58,52,50,48,,,,,,,,,,,,54,59,45,46,50,0,0,52,48,39,,,,,,,,,,,,False,,,0,,,,,,0,50,,gap
P3634,John,Doe,2002-04-28,71,222,Unknown,medium,brown,clean_shaven,R,RF,,0,,,52,51,85,51,48,49,54,48,47,51,,,,,,,,,,,,63,66,98,65,48,0,0,48,55,59,,,,,,,,,,,,False,,,0,,,,,,0,50,,elite_speed
P8019,John,Doe,1997-04-23,72,217,Unknown,dark,blonde,clean_shaven,R,1B,,0,,,53,55,51,50,49,51,55,53,48,51,,,,,,,,,,,,57,50,50,52,49,0,0,53,53,47,,,,,,,,,,,,False,,,0,,,,,,0,50,,average
P7700,John,Doe,1992-10-29,69,227,Unknown,medium,brown,clean_shaven,L,1B,,0,,,48,60,53,49,51,52,48,52,52,52,,,,,,,,,,,,45,54,51,40,51,0,0,52,44,51,,,,,,,,,,,,False,,,0,,,,,,0,50,,power
P4826,John,Doe,2004-07-26,74,165,Unknown,light,red,mustache,R,P,,1,RP,CL,,,,,55,,,,50,50,47,50,52,50,55,0,0,67,0,0,0,,,,,0,,,,62,79,64,65,71,67,75,0,0,87,0,0,0,False,,,0,,,,,,0,50,closer,
P8769,John,Doe,2007-11-17,75,241,Unknown,medium,brown,goatee,R,P,,1,RP,RP,,,,,49,,,,50,49,52,50,52,51,51,0,63,67,0,0,0,,,,,0,,,,78,59,73,72,77,65,69,0,92,78,0,0,0,False,,,0,,,,,,0,50,power_rp,
P7841,John,Doe,2007-02-19,70,218,Unknown,dark,brown,goatee,S,P,,1,RP,CL,,,,,50,,,,50,51,48,51,54,50,51,0,0,65,0,0,0,,,,,0,,,,60,72,68,69,77,65,63,0,0,81,0,0,0,False,,,0,,,,,,0,50,closer,
P4430,John,Doe,2008-02-19,77,183,Unknown,dark,brown,clean_shaven,L,P,,1,RP,SP,,,,,49,,,,48,53,52,52,52,50,51,60,62,58,0,0,0,,,,,0,,,,77,66,81,70,65,69,70,90,82,78,0,0,0,False,,,0,,,,,,0,50,balanced_sp,
P5126,John,Doe,2005-01-04,73,250,Unknown,light,black,clean_shaven,R,P,,1,RP,SP,,,,,51,,,,48,52,53,50,52,49,52,0,62,60,0,0,0,,,,,0,,,,75,72,64,69,64,77,77,0,75,85,0,0,0,False,,,0,,,,,,0,50,power_sp,
P2987,John,Doe,2007-06-10,78,204,Unknown,dark,brown,clean_shaven,L,RF,,0,,,51,52,49,50,48,50,45,51,49,48,,,,,,,,,,,,79,65,68,61,48,0,0,51,66,77,,,,,,,,,,,,False,,,0,,,,,,0,50,,balanced
P4385,John,Doe,2008-01-08,76,185,Unknown,light,black,beard,R,3B,,0,,,50,52,50,51,50,47,60,50,50,49,,,,,,,,,,,,71,69,80,73,50,0,0,50,71,66,,,,,,,,,,,,False,,,0,,,,,,0,50,,gap
P1845,John,Doe,2004-03-01,76,200,Unknown,dark,red,goatee,R,2B,,0,,,51,49,52,50,52,51,58,50,52,51,,,,,,,,,,,,68,66,63,68,52,0,0,50,77,63,,,,,,,,,,,,False,,,0,,,,,,0,50,,average
P9065,John,Doe,2006-02-26,74,181,Unknown,medium,black,clean_shaven,S,1B,,0,,,67,49,53,49,50,50,54,49,51,53,,,,,,,,,,,,86,62,73,67,50,0,0,49,62,72,,,,,,,,,,,,False,,,0,,,,,,0,50,,spray
P6857,John,Doe,2007-07-13,73,184,Unknown,medium,black,clean_shaven,R,LF,,0,,,56,59,49,50,48,47,58,53,51,52,,,,,,,,,,,,72,77,69,80,48,0,0,53,62,67,,,,,,,,,,,,False,,,0,,,,,,0,50,,gap
P1123,John,Doe,1990-10-18,74,207,Unknown,light,brown,clean_shaven,S,P,,1,RP,CL,,,,,55,,,,52,50,47,51,54,52,52,57,62,65,0,0,0,,,,,0,,,,49,46,47,47,41,43,47,50,62,59,0,0,0,False,,,0,,,,,,0,50,closer,
P9573,John,Doe,1989-04-07,69,225,Unknown,medium,blonde,beard,R,P,,1,RP,SP,,,,,52,,,,53,50,52,51,52,51,53,60,62,58,0,57,0,,,,,0,,,,51,41,42,48,44,44,43,60,55,51,0,57,0,False,,,0,,,,,,0,50,finesse_sp,
P1070,John,Doe,1997-07-28,77,171,Unknown,medium,brown,clean_shaven,R,P,,1,RP,SP,,,,,52,,,,50,50,54,50,52,49,53,60,62,62,56,0,0,,,,,0,,,,54,48,50,47,58,52,56,59,57,62,58,0,0,False,,,0,,,,,,0,50,workhorse_sp,
P4048,John,Doe,2003-09-20,73,223,Unknown,dark,black,clean_shaven,L,P,,1,RP,SP,,,,,50,,,,50,50,50,50,52,51,50,0,61,62,57,0,0,,,,,0,,,,56,56,59,67,62,65,55,0,70,70,71,0,0,False,,,0,,,,,,0,50,power_sp,
P7381,John,Doe,2004-12-09,71,243,Unknown,light,brown,clean_shaven,L,P,,1,RP,SP,,,,,51,,,,50,52,54,53,54,51,51,0,62,62,59,58,0,,,,,0,,,,72,79,79,84,66,78,68,0,91,92,83,77,0,False,,,0,,,,,,0,50,power_sp,
P6222,John,Doe,1990-03-13,68,165,Unknown,medium,brown,clean_shaven,R,P,,1,RP,RP,,,,,50,,,,52,53,47,52,54,51,53,0,61,66,0,0,0,,,,,0,,,,45,47,47,45,37,50,51,0,60,62,0,0,0,False,,,0,,,,,,0,50,power_rp,
P5440,John,Doe,1989-10-26,72,244,Unknown,light,blonde,beard,S,P,,1,RP,SP,,,,,50,,,,50,48,54,52,52,48,49,61,60,60,0,0,0,,,,,0,,,,44,42,50,45,50,40,39,53,60,56,0,0,0,False,,,0,,,,,,0,50,finesse_sp,
P2331,John,Doe,1991-01-11,69,215,Unknown,light,blonde,beard,R,P,,1,RP,SP,,,,,49,,,,53,53,51,50,54,49,52,59,0,62,0,0,0,,,,,0,,,,45,44,46,54,51,45,48,50,0,57,0,0,0,False,,,0,,,,,,0,50,workhorse_sp,
P9227,John,Doe,1999-07-06,76,186,Unknown,light,blonde,clean_shaven,R,P,,1,RP,SP,,,,,50,,,,51,51,53,50,54,50,50,60,61,59,58,0,0,,,,,0,,,,65,59,65,60,62,62,64,69,69,67,71,0,0,False,,,0,,,,,,0,50,groundball_sp,
P9634,John,Doe,2000-11-24,68,209,Unknown,dark,blonde,clean_shaven,L,P,,1,RP,RP,,,,,52,,,,49,50,51,50,54,52,51,0,61,63,0,0,0,,,,,0,,,,59,61,57,63,62,67,62,0,68,76,0,0,0,False,,,0,,,,,,0,50,power_rp,
P3455,John,Doe,1998-05-04,77,223,Unknown,dark,black,clean_shaven,L,P,,1,RP,SP,,,,,51,,,,50,54,51,50,53,52,53,60,60,60,58,0,0,,,,,0,,,,62,67,62,58,63,60,59,75,69,73,63,0,0,False,,,0,,,,,,0,50,power_sp,
P4896,John,Doe,1995-07-04,69,191,Unknown,medium,brown,beard,R,C,,0,,,52,49,49,51,49,53,59,51,50,49,,,,,,,,,,,,51,44,48,52,49,0,0,51,48,44,,,,,,,,,,,,False,,,0,,,,,,0,50,,balanced
P5641,John,Doe,2004-04-27,75,229,Unknown,medium,brown,clean_shaven,S,1B,,0,,,58,49,54,53,53,50,48,49,50,50,,,,,,,,,,,,71,63,74,75,53,0,0,49,72,67,,,,,,,,,,,,False,,,0,,,,,,0,50,,spray
P6012,John,Doe,1996-01-30,69,248,Unknown,medium,black,clean_shaven,R,2B,,0,,,61,49,52,56,49,48,58,51,48,53,,,,,,,,,,,,62,54,47,58,49,0,0,51,53,52,,,,,,,,,,,,False,,,0,,,,,,0,50,,spray
P5123,John,Doe,2000-08-25,77,169,Unknown,dark,black,clean_shaven,R,3B,,0,,,51,53,51,50,51,51,59,53,51,49,,,,,,,,,,,,66,66,60,65,51,0,0,53,64,62,,,,,,,,,,,,False,,,0,,,,,,0,50,,average
P8077,John,Doe,1992-05-12,73,199,Unknown,dark,brown,goatee,S,SS,,0,,,50,50,93,50,51,51,57,50,50,49,,,,,,,,,,,,43,43,91,47,51,0,0,50,41,40,,,,,,,,,,,,False,,,0,,,,,,0,50,,speed
P9576,John,Doe,1988-05-25,76,222,Unknown,medium,blonde,beard,R,LF,,0,,,50,58,48,49,49,52,57,50,52,51,,,,,,,,,,,,50,57,43,46,49,0,0,50,48,47,,,,,,,,,,,,False,,,0,,,,,,0,50,,power
P6466,John,Doe,1994-12-02,76,214,Unknown,dark,black,goatee,R,CF,,0,,,62,51,50,52,53,49,54,49,52,52,,,,,,,,,,,,58,46,53,55,53,0,0,49,56,57,,,,,,,,,,,,False,,,0,,,,,,0,50,,spray
P2122,John,Doe,1995-07-25,76,185,Unknown,light,brown,beard,L,RF,,0,,,49,57,51,48,51,51,46,50,51,49,,,,,,,,,,,,54,57,46,43,51,0,0,50,47,47,,,,,,,,,,,,False,,,0,,,,,,0,50,,power
P8062,John,Doe,2002-08-04,69,230,Unknown,light,black,clean_shaven,R,2B,,0,,,57,50,51,54,50,50,59,49,53,51,,,,,,,,,,,,62,65,60,66,50,0,0,49,64,61,,,,,,,,,,,,False,,,0,,,,,,0,50,,gap
P1443,John,Doe,2000-12-08,75,239,Unknown,dark,brown,clean_shaven,R,2B,,0,,,52,49,52,50,50,49,57,49,49,50,,,,,,,,,,,,63,64,59,65,50,0,0,49,60,55,,,,,,,,,,,,False,,,0,,,,,,0,50,,balanced
P1281,John,Doe,1988-04-21,77,239,Unknown,medium,brown,goatee,S,SS,,0,,,58,52,52,49,49,51,51,53,48,52,,,,,,,,,,,,48,42,50,48,49,0,0,53,38,44,,,,,,,,,,,,False,,,0,,,,,,0,50,,spray
P4270,John,Doe,2001-04-12,70,173,Unknown,medium,brown,clean_shaven,R,RF,,0,,,49,50,74,49,50,50,55,50,50,49,,,,,,,,,,,,57,60,80,62,50,0,0,50,62,64,,,,,,,,,,,,False,,,0,,,,,,0,50,,speed
P9465,John,Doe,1999-11-30,75,186,Unknown,light,blonde,clean_shaven,R,2B,,0,,,53,51,51,52,53,48,58,53,49,49,,,,,,,,,,,,65,59,62,59,53,0,0,53,54,56,,,,,,,,,,,,False,,,0,,,,,,0,50,,balanced
P7288,John,Doe,1995-02-02,72,241,Unknown,dark,brown,clean_shaven,R,C,,0,,,50,53,52,49,49,51,58,52,52,50,,,,,,,,,,,,51,49,56,45,49,0,0,52,51,53,,,,,,,,,,,,False,,,0,,,,,,0,50,,balanced
P8022,John,Doe,1998-12-07,73,243,Unknown,light,red,clean_shaven,R,P,,1,RP,CL,,,,,55,,,,48,51,50,50,53,52,51,61,59,65,0,0,0,,,,,0,,,,63,57,59,66,58,58,62,75,71,70,0,0,0,False,,,0,,,,,,0,50,closer,
P6379,John,Doe,2001-07-08,68,170,Unknown,medium,brown,clean_shaven,L,P,,1,RP,SP,,,,,49,,,,52,49,50,51,52,50,50,61,62,61,0,56,0,,,,,0,,,,67,58,59,58,64,65,58,73,71,66,0,63,0,False,,,0,,,,,,0,50,balanced_sp,
P6324,John,Doe,1995-05-24,78,229,Unknown,medium,brown,goatee,S,P,,1,RP,RP,,,,,49,,,,51,51,50,50,54,52,53,0,62,63,0,0,0,,,,,0,,,,52,49,48,49,47,56,58,0,58,62,0,0,0,False,,,0,,,,,,0,50,power_rp,
P9212,John,Doe,1998-05-20,75,203,Unknown,medium,black,beard,R,P,,1,RP,SP,,,,,50,,,,50,51,50,54,52,53,52,59,61,0,59,53,0,,,,,0,,,,59,63,68,57,59,67,66,72,66,0,69,66,0,False,,,0,,,,,,0,50,finesse_sp,
P1218,John,Doe,2002-11-21,73,248,Unknown,medium,brown,clean_shaven,S,P,,1,RP,RP,,,,,57,,,,48,49,50,50,52,49,49,0,59,0,62,0,0,,,,,0,,,,55,60,56,62,61,62,61,0,72,0,67,0,0,False,,,0,,,,,,0,50,groundball_rp,
P4188,John,Doe,1993-11-10,70,202,Unknown,dark,black,clean_shaven,R,P,,1,RP,RP,,,,,54,,,,48,51,48,52,52,50,50,0,0,64,59,0,0,,,,,0,,,,43,47,45,46,46,43,44,0,0,63,57,0,0,False,,,0,,,,,,0,50,groundball_rp,
P1433,John,Doe,2003-11-03,75,230,Unknown,dark,brown,clean_shaven,L,P,,1,RP,SP,,,,,50,,,,52,53,52,50,52,50,50,62,61,59,0,0,0,,,,,0,,,,62,62,59,63,65,58,56,67,71,73,0,0,0,False,,,0,,,,,,0,50,workhorse_sp,
P3073,John,Doe,1989-11-29,74,239,Unknown,dark,black,beard,R,SS,,0,,,59,52,54,56,52,47,56,51,51,50,,,,,,,,,,,,57,52,54,50,52,0,0,51,44,46,,,,,,,,,,,,False,,,0,,,,,,0,50,,spray
P2071,John,Doe,2002-07-01,75,186,Unknown,light,brown,clean_shaven,L,3B,RF,0,,,49,52,52,50,51,51,50,48,52,50,,,,,,,,,,,,56,65,59,60,51,0,0,48,59,65,,,,,,,,,,,,False,,,0,,,,,,0,50,,balanced
P9502,John,Doe,1987-07-22,77,198,Unknown,dark,black,beard,L,CF,,0,,,54,47,53,52,51,49,46,50,52,48,,,,,,,,,,,,49,37,52,46,51,0,0,50,46,41,,,,,,,,,,,,False,,,0,,,,,,0,50,,spray
P6951,John,Doe,1998-07-17,68,171,Unknown,light,black,beard,R,RF,,0,,,49,61,47,50,50,50,52,47,51,52,,,,,,,,,,,,63,71,54,55,50,0,0,47,59,65,,,,,,,,,,,,False,,,0,,,,,,0,50,,power
P6245,John,Doe,1989-11-29,71,242,Unknown,medium,brown,mustache,R,SS,,0,,,54,50,51,52,48,49,61,51,50,50,,,,,,,,,,,,52,50,41,50,48,0,0,51,50,50,,,,,,,,,,,,False,,,0,,,,,,0,50,,gap
P6244,John,Doe,2004-10-24,72,175,Unknown,medium,black,clean_shaven,R,RF,,0,,,53,61,50,50,47,52,54,48,50,51,,,,,,,,,,,,65,74,64,67,47,0,0,48,67,73,,,,,,,,,,,,False,,,0,,,,,,0,50,,power
P5749,John,Doe,1997-02-26,70,172,Unknown,dark,black,clean_shaven,R,SS,,0,,,54,48,91,53,52,49,58,51,53,49,,,,,,,,,,,,54,49,95,54,52,0,0,51,50,46,,,,,,,,,,,,False,,,0,,,,,,0,50,,speed
P5129,John,Doe,1998-03-18,76,166,Unknown,medium,black,clean_shaven,L,LF,RF,0,,,53,52,48,52,53,51,51,51,51,52,,,,,,,,,,,,66,66,54,65,53,0,0,51,63,59,,,,,,,,,,,,False,,,0,,,,,,0,50,,average
P4875,John,Doe,2005-01-20,71,169,Unknown,dark,brown,clean_shaven,R,P,,1,RP,CL,,,,,55,,,,51,53,48,50,54,49,52,60,0,65,0,0,0,,,,,0,,,,74,72,64,68,59,70,71,90,0,95,0,0,0,False,,,0,,,,,,0,50,closer,
P9383,John,Doe,2004-04-10,70,212,Unknown,light,black,clean_shaven,R,P,,1,RP,SP,,,,,49,,,,52,52,53,50,52,49,52,61,59,62,0,56,0,,,,,0,,,,72,76,78,67,81,61,62,87,75,73,0,70,0,False,,,0,,,,,,0,50,workhorse_sp,
P9151,John,Doe,2004-04-07,71,192,Unknown,medium,brown,mustache,S,P,,1,RP,RP,,,,,51,,,,51,54,48,50,54,53,55,58,58,66,0,0,0,,,,,0,,,,67,84,63,80,73,72,81,78,84,78,0,0,0,False,,,0,,,,,,0,50,power_rp,
P1992,John,Doe,2008-02-15,76,193,Unknown,medium,blonde,clean_shaven,L,P,,1,RP,SP,,,,,51,,,,48,49,52,54,52,50,52,61,60,0,61,57,0,,,,,0,,,,74,79,74,69,80,66,65,86,88,0,76,71,0,False,,,0,,,,,,0,50,finesse_sp,
P4929,John,Doe,2007-05-02,78,238,Unknown,medium,black,clean_shaven,R,P,,1,RP,LR,,,,,49,,,,50,53,53,52,54,50,53,0,61,0,0,0,0,,,,,0,,,,73,69,77,73,69,64,65,0,82,0,0,0,0,False,,,0,,,,,,0,50,long_relief,
P4166,John,Doe,2005-08-18,74,240,Unknown,dark,black,goatee,L,1B,,0,,,53,54,49,52,49,53,47,49,52,51,,,,,,,,,,,,70,81,69,78,49,0,0,49,66,80,,,,,,,,,,,,False,,,0,,,,,,0,50,,balanced
P1253,John,Doe,2007-04-16,74,176,Unknown,dark,brown,clean_shaven,S,1B,,0,,,49,56,52,50,52,53,51,49,47,52,,,,,,,,,,,,59,82,68,67,52,0,0,49,63,67,,,,,,,,,,,,False,,,0,,,,,,0,50,,average
P7755,John,Doe,2006-04-01,70,212,Unknown,medium,black,clean_shaven,R,RF,,0,,,51,49,50,49,49,49,58,50,51,52,,,,,,,,,,,,74,72,80,72,49,0,0,50,68,80,,,,,,,,,,,,False,,,0,,,,,,0,50,,balanced
P9119,John,Doe,2006-04-26,72,212,Unknown,medium,brown,beard,S,LF,,0,,,53,55,52,51,49,50,51,52,50,52,,,,,,,,,,,,75,81,67,79,49,0,0,52,80,71,,,,,,,,,,,,False,,,0,,,,,,0,50,,balanced
P8574,John,Doe,2006-09-18,77,199,Unknown,medium,black,clean_shaven,S,C,,0,,,52,59,52,51,50,51,51,52,51,50,,,,,,,,,,,,65,88,78,72,50,0,0,52,66,68,,,,,,,,,,,,False,,,0,,,,,,0,50,,power
P7089,John,Doe,2002-03-25,70,250,Unknown,light,black,clean_shaven,R,P,,1,RP,CL,,,,,55,,,,50,50,51,50,52,51,52,0,0,66,0,0,0,,,,,0,,,,60,64,55,63,59,59,66,0,0,72,0,0,0,False,,,0,,,,,,0,50,closer,
P2773,John,Doe,1996-11-15,71,171,Unknown,light,black,clean_shaven,R,P,,1,RP,RP,,,,,53,,,,49,49,49,54,52,50,50,62,60,66,0,0,0,,,,,0,,,,46,48,57,55,52,48,52,60,60,64,0,0,0,False,,,0,,,,,,0,50,finesse_rp,
P5977,John,Doe,1993-07-19,71,195,Unknown,medium,brown,clean_shaven,L,P,,1,RP,RP,,,,,53,,,,49,52,53,52,54,48,52,0,0,67,0,0,0,,,,,0,,,,49,48,43,53,51,45,48,0,0,62,0,0,0,False,,,0,,,,,,0,50,power_rp,
P1424,John,Doe,2003-07-19,77,240,Unknown,medium,brown,goatee,S,P,,1,RP,CL,,,,,52,,,,50,52,47,50,52,51,56,0,0,65,0,0,0,,,,,0,,,,59,65,65,63,56,65,65,0,0,73,0,0,0,False,,,0,,,,,,0,50,closer,
P6341,John,Doe,2003-08-20,75,175,Unknown,medium,brown,clean_shaven,S,P,,1,RP,RP,,,,,55,,,,51,51,48,51,52,50,49,58,0,63,61,0,0,,,,,0,,,,60,64,61,67,56,58,54,63,0,70,73,0,0,False,,,0,,,,,,0,50,groundball_rp,
P1929,John,Doe,1993-11-16,75,215,Unknown,light,black,clean_shaven,S,P,,1,RP,SP,,,,,50,,,,48,54,53,50,52,51,52,59,60,59,0,0,0,,,,,0,,,,38,53,46,43,47,49,44,54,55,49,0,0,0,False,,,0,,,,,,0,50,power_sp,
P1108,John,Doe,1987-09-09,77,202,Unknown,dark,black,clean_shaven,L,P,,1,RP,SP,,,,,49,,,,48,53,51,50,52,48,53,58,61,61,0,0,0,,,,,0,,,,42,48,49,52,41,46,45,52,56,55,0,0,0,False,,,0,,,,,,0,50,balanced_sp,
P7728,John,Doe,1992-04-14,72,226,Unknown,light,brown,clean_shaven,R,P,,1,RP,SP,,,,,53,,,,51,51,51,51,52,50,49,61,61,59,0,0,0,,,,,0,,,,47,45,42,51,46,46,44,59,58,59,0,0,0,False,,,0,,,,,,0,50,balanced_sp,
P4937,John,Doe,1995-12-27,78,244,Unknown,medium,black,goatee,R,P,,1,RP,LR,,,,,53,,,,52,51,52,53,52,48,51,0,58,67,0,0,0,,,,,0,,,,55,54,52,53,54,52,51,0,56,67,0,0,0,False,,,0,,,,,,0,50,long_relief,
P8979,John,Doe,1989-01-16,70,244,Unknown,dark,blonde,clean_shaven,R,P,,1,RP,SP,,,,,48,,,,51,53,51,52,52,51,53,62,63,0,0,0,0,,,,,0,,,,48,48,44,44,47,47,50,59,63,0,0,0,0,False,,,0,,,,,,0,50,finesse_sp,
P7273,John,Doe,2000-03-24,69,223,Unknown,light,brown,beard,R,P,,1,RP,SP,,,,,51,,,,52,50,51,51,54,51,52,58,0,59,0,0,0,,,,,0,,,,67,58,60,64,56,56,61,70,0,72,0,0,0,False,,,0,,,,,,0,50,balanced_sp,
P3097,John,Doe,1987-05-30,78,186,Unknown,medium,brown,goatee,R,C,,0,,,52,61,49,50,50,50,60,50,52,49,,,,,,,,,,,,47,51,46,49,50,0,0,50,46,42,,,,,,,,,,,,False,,,0,,,,,,0,50,,power
P4680,John,Doe,2001-03-14,77,165,Unknown,light,brown,mustache,L,1B,,0,,,51,61,53,51,47,52,49,50,48,49,,,,,,,,,,,,66,66,60,60,47,0,0,50,63,64,,,,,,,,,,,,False,,,0,,,,,,0,50,,power
P7235,John,Doe,1992-03-17,71,231,Unknown,medium,red,clean_shaven,L,2B,,0,,,53,50,52,52,49,50,47,51,53,52,,,,,,,,,,,,53,47,43,48,49,0,0,51,48,52,,,,,,,,,,,,False,,,0,,,,,,0,50,,balanced
P5683,John,Doe,2003-01-29,73,243,Unknown,dark,red,mustache,R,3B,,0,,,53,49,49,53,51,51,59,51,50,49,,,,,,,,,,,,58,64,58,68,51,0,0,51,60,58,,,,,,,,,,,,False,,,0,,,,,,0,50,,balanced
P1836,John,Doe,1987-11-21,76,172,Unknown,medium,brown,clean_shaven,R,SS,,0,,,49,53,50,50,49,51,59,50,48,49,,,,,,,,,,,,40,53,43,41,49,0,0,50,43,40,,,,,,,,,,,,False,,,0,,,,,,0,50,,balanced
P1737,John,Doe,1993-02-18,72,215,Unknown,dark,black,mustache,R,LF,,0,,,53,49,48,52,51,52,58,52,53,51,,,,,,,,,,,,46,43,44,51,51,0,0,52,47,47,,,,,,,,,,,,False,,,0,,,,,,0,50,,average
P7747,John,Doe,1993-12-30,74,219,Unknown,light,black,clean_shaven,R,CF,,0,,,51,50,51,50,48,53,53,53,52,49,,,,,,,,,,,,46,42,41,46,48,0,0,53,42,41,,,,,,,,,,,,False,,,0,,,,,,0,50,,balanced
P4389,John,Doe,1997-04-28,74,250,Unknown,light,brown,beard,S,RF,,0,,,49,56,51,50,50,50,54,51,51,52,,,,,,,,,,,,54,52,49,50,50,0,0,51,50,47,,,,,,,,,,,,False,,,0,,,,,,0,50,,power
P3912,John,Doe,1990-08-26,75,194,Unknown,dark,black,beard,S,LF,,0,,,52,53,52,53,48,48,52,51,49,49,,,,,,,,,,,,42,48,42,46,48,0,0,51,48,43,,,,,,,,,,,,False,,,0,,,,,,0,50,,balanced
P7968,John,Doe,1995-04-26,73,191,Unknown,light,brown,beard,R,3B,2B,0,,,57,52,50,52,50,49,56,50,52,50,,,,,,,,,,,,59,53,53,55,50,0,0,50,56,53,,,,,,,,,,,,False,,,0,,,,,,0,50,,gap
P9848,John,Doe,1992-09-26,73,235,Unknown,dark,blonde,clean_shaven,R,2B,,0,,,55,49,52,53,50,50,56,52,51,51,,,,,,,,,,,,50,42,50,50,50,0,0,52,48,49,,,,,,,,,,,,False,,,0,,,,,,0,50,,spray
P1849,John,Doe,1990-02-27,70,242,Unknown,light,brown,clean_shaven,R,2B,,0,,,50,51,52,50,50,52,54,50,49,48,,,,,,,,,,,,43,49,42,48,50,0,0,50,47,46,,,,,,,,,,,,False,,,0,,,,,,0,50,,average
P9422,John,Doe,1991-12-28,70,212,Unknown,dark,brown,beard,R,2B,,0,,,54,48,75,53,53,47,57,51,53,51,,,,,,,,,,,,53,41,71,48,53,0,0,51,52,48,,,,,,,,,,,,False,,,0,,,,,,0,50,,speed
P8834,John,Doe,1997-08-03,77,243,Unknown,dark,black,beard,R,3B,,0,,,57,62,51,52,50,51,58,49,51,51,,,,,,,,,,,,60,57,55,53,50,0,0,49,46,46,,,,,,,,,,,,False,,,0,,,,,,0,50,,gap
P4502,John,Doe,1998-04-17,78,194,Unknown,light,black,goatee,R,P,,1,RP,CL,,,,,55,,,,50,53,48,51,54,49,52,57,0,67,0,0,0,,,,,0,,,,58,58,65,61,60,54,62,70,0,75,0,0,0,False,,,0,,,,,,0,50,closer,
P2920,John,Doe,1989-09-03,77,240,Unknown,light,black,beard,R,P,,1,RP,LR,,,,,50,,,,50,53,51,51,52,53,54,59,59,63,0,0,0,,,,,0,,,,50,45,47,42,43,52,52,51,51,61,0,0,0,False,,,0,,,,,,0,50,long_relief,
P2632,John,Doe,1991-02-26,75,193,Unknown,light,black,beard,L,P,,1,RP,SP,,,,,49,,,,51,51,52,52,53,50,51,0,60,59,0,0,0,,,,,0,,,,46,42,51,48,50,45,48,0,59,55,0,0,0,False,,,0,,,,,,0,50,power_sp,
P9288,John,Doe,1993-11-29,70,183,Unknown,light,brown,clean_shaven,L,P,,1,RP,RP,,,,,53,,,,51,49,49,53,54,51,49,0,0,0,60,0,0,,,,,0,,,,43,45,49,46,48,47,46,0,0,0,56,0,0,False,,,0,,,,,,0,50,groundball_rp,
P6189,John,Doe,1999-02-08,68,178,Unknown,medium,black,clean_shaven,R,P,,1,RP,SP,,,,,51,,,,52,49,54,50,54,52,52,62,63,0,58,57,0,,,,,0,,,,60,54,61,63,68,66,59,70,71,0,73,72,0,False,,,0,,,,,,0,50,finesse_sp,
P8322,John,Doe,1992-05-28,71,186,Unknown,light,brown,clean_shaven,R,P,,1,RP,SP,,,,,48,,,,52,50,54,50,52,49,51,63,59,59,0,0,0,,,,,0,,,,45,42,44,46,50,43,41,58,52,52,0,0,0,False,,,0,,,,,,0,50,balanced_sp,
P8541,John,Doe,1987-05-20,77,174,Unknown,medium,black,clean_shaven,R,P,,1,RP,RP,,,,,51,,,,52,52,50,53,53,51,49,60,0,0,0,0,0,,,,,0,,,,51,51,47,46,44,42,48,55,0,0,0,0,0,False,,,0,,,,,,0,50,finesse_rp,
P4028,John,Doe,1998-08-21,71,206,Unknown,dark,black,clean_shaven,L,CF,,0,,,52,61,52,52,46,52,46,47,47,52,,,,,,,,,,,,59,72,64,62,46,0,0,47,60,60,,,,,,,,,,,,False,,,0,,,,,,0,50,,power
P8058,John,Doe,2004-09-14,71,216,Unknown,dark,blonde,goatee,R,C,,0,,,59,50,49,52,53,51,59,49,48,50,,,,,,,,,,,,87,60,70,79,53,0,0,49,67,65,,,,,,,,,,,,False,,,0,,,,,,0,50,,spray
P2823,John,Doe,1988-07-27,78,228,Unknown,dark,brown,clean_shaven,R,SS,,0,,,53,52,87,49,49,51,57,50,49,52,,,,,,,,,,,,53,48,81,45,49,0,0,50,45,49,,,,,,,,,,,,False,,,0,,,,,,0,50,,speed
P3699,John,Doe,1999-05-07,70,193,Unknown,light,brown,clean_shaven,R,RF,,0,,,51,50,70,51,51,49,55,52,50,51,,,,,,,,,,,,62,55,77,60,51,0,0,52,63,58,,,,,,,,,,,,False,,,0,,,,,,0,50,,speed
P9897,John,Doe,1998-03-03,74,172,Unknown,medium,black,clean_shaven,R,1B,,0,,,53,64,51,49,51,52,54,52,49,49,,,,,,,,,,,,68,70,56,62,51,0,0,52,61,61,,,,,,,,,,,,False,,,0,,,,,,0,50,,power
P5167,John,Doe,1987-06-17,69,211,Unknown,medium,black,mustache,R,2B,,0,,,54,49,74,51,53,50,58,52,50,51,,,,,,,,,,,,53,44,64,49,53,0,0,52,50,50,,,,,,,,,,,,False,,,0,,,,,,0,50,,speed
P7320,John,Doe,1998-06-28,77,196,Unknown,medium,blonde,clean_shaven,R,RF,,0,,,52,54,49,51,48,50,51,52,53,52,,,,,,,,,,,,57,61,61,59,48,0,0,52,59,67,,,,,,,,,,,,False,,,0,,,,,,0,50,,gap
P9961,John,Doe,1992-07-21,77,214,Unknown,dark,brown,clean_shaven,L,2B,,0,,,54,49,95,52,49,49,49,50,50,53,,,,,,,,,,,,53,40,88,50,49,0,0,50,48,51,,,,,,,,,,,,False,,,0,,,,,,0,50,,elite_speed
P6491,John,Doe,2008-01-27,72,171,Unknown,medium,black,goatee,R,P,,1,RP,CL,,,,,55,,,,51,50,50,53,55,49,54,0,59,65,0,0,0,,,,,0,,,,61,69,75,82,78,72,71,0,86,86,0,0,0,False,,,0,,,,,,0,50,closer,
P7832,John,Doe,2007-10-11,76,171,Unknown,dark,black,clean_shaven,R,P,,1,RP,CL,,,,,50,,,,50,52,50,53,60,49,53,56,62,66,0,0,0,,,,,0,,,,71,62,80,76,75,63,79,70,89,76,0,0,0,False,,,0,,,,,,0,50,closer,
P5748,John,Doe,2006-06-27,68,214,Unknown,medium,brown,beard,R,P,,1,RP,SP,,,,,53,,,,49,50,50,52,52,51,53,58,61,61,57,0,0,,,,,0,,,,60,75,73,64,80,81,81,88,91,82,87,0,0,False,,,0,,,,,,0,50,workhorse_sp,
P6027,John,Doe,2007-01-22,77,248,Unknown,light,black,clean_shaven,L,P,RF,1,RP,SP,,,,,52,,,,48,53,52,50,52,49,51,0,60,0,57,0,0,,,,,0,,,,64,73,72,73,76,59,70,0,90,0,84,0,0,False,,,0,,,,,,0,50,groundball_sp,
P6556,John,Doe,2005-11-21,74,186,Unknown,dark,brown,clean_shaven,S,P,,1,RP,SP,,,,,48,,,,49,54,50,51,54,50,51,0,59,61,0,0,0,,,,,0,,,,59,79,68,68,79,79,74,0,73,87,0,0,0,False,,,0,,,,,,0,50,power_sp,
P1195,John,Doe,2007-02-08,71,180,Unknown,light,blonde,clean_shaven,R,2B,,0,,,53,51,49,54,52,50,56,52,50,51,,,,,,,,,,,,67,77,79,80,52,0,0,52,75,68,,,,,,,,,,,,False,,,0,,,,,,0,50,,balanced
P5838,John,Doe,2005-04-18,68,248,Unknown,light,brown,goatee,L,CF,,0,,,53,52,49,52,53,49,43,51,50,49,,,,,,,,,,,,81,74,62,76,53,0,0,51,72,67,,,,,,,,,,,,False,,,0,,,,,,0,50,,balanced
P6310,John,Doe,2006-04-27,69,214,Unknown,dark,brown,clean_shaven,R,C,,0,,,51,49,51,52,52,49,56,52,51,48,,,,,,,,,,,,77,69,69,69,52,0,0,52,72,73,,,,,,,,,,,,False,,,0,,,,,,0,50,,average
P5735,John,Doe,2007-10-25,74,227,Unknown,light,blonde,beard,R,1B,,0,,,53,58,52,53,50,49,53,53,49,52,,,,,,,,,,,,80,72,82,65,50,0,0,53,65,62,,,,,,,,,,,,False,,,0,,,,,,0,50,,balanced
P7307,John,Doe,2005-09-19,69,208,Unknown,medium,black,clean_shaven,R,RF,,0,,,51,52,49,50,50,50,50,47,51,48,,,,,,,,,,,,80,67,59,61,50,0,0,47,75,75,,,,,,,,,,,,False,,,0,,,,,,0,50,,average
P4755,John,Doe,1987-08-14,71,243,Unknown,dark,black,mustache,L,P,,1,RP,CL,,,,,55,,,,50,52,51,51,52,52,52,0,0,66,0,0,0,,,,,0,,,,49,49,44,48,45,44,50,0,0,59,0,0,0,False,,,0,,,,,,0,50,closer,
P2891,John,Doe,1999-10-01,72,177,Unknown,light,brown,clean_shaven,L,P,,1,RP,SP,,,,,47,,,,50,54,50,51,52,49,53,0,62,60,57,57,0,,,,,0,,,,65,62,62,59,63,56,60,0,71,73,68,66,0,False,,,0,,,,,,0,50,power_sp,
P8301,John,Doe,1989-11-29,68,177,Unknown,medium,brown,beard,L,P,,1,RP,SP,,,,,50,,,,49,53,51,53,54,49,52,60,63,0,0,0,0,,,,,0,,,,41,52,53,50,43,40,47,57,53,0,0,0,0,False,,,0,,,,,,0,50,workhorse_sp,
P1846,John,Doe,2000-10-29,78,221,Unknown,medium,blonde,beard,R,P,,1,RP,CL,,,,,53,,,,52,54,50,52,52,52,52,0,60,65,0,0,0,,,,,0,,,,64,62,58,61,60,64,61,0,71,71,0,0,0,False,,,0,,,,,,0,50,closer,
P6585,John,Doe,1991-06-09,70,202,Unknown,light,brown,clean_shaven,R,P,,1,RP,SP,,,,,50,,,,48,51,54,52,54,49,50,60,59,63,0,0,0,,,,,0,,,,39,44,52,50,54,46,49,50,51,62,0,0,0,False,,,0,,,,,,0,50,workhorse_sp,
P5886,John,Doe,2003-03-01,70,191,Unknown,light,brown,clean_shaven,R,P,,1,RP,SP,,,,,51,,,,49,49,51,53,52,52,52,58,62,61,62,0,0,,,,,0,,,,62,61,63,67,58,60,60,68,77,70,67,0,0,False,,,0,,,,,,0,50,groundball_sp,
P2306,John,Doe,1987-12-15,78,194,Unknown,medium,red,clean_shaven,R,P,,1,RP,SP,,,,,48,,,,52,53,54,51,53,50,50,63,0,61,0,0,0,,,,,0,,,,43,45,41,51,45,43,42,53,0,61,0,0,0,False,,,0,,,,,,0,50,balanced_sp,
P3057,John,Doe,1994-11-06,68,228,Unknown,dark,red,clean_shaven,R,P,,1,RP,SP,,,,,52,,,,50,49,51,53,52,49,51,0,62,0,61,0,0,,,,,0,,,,47,49,58,57,56,54,48,0,61,0,66,0,0,False,,,0,,,,,,0,50,groundball_sp,
P4951,John,Doe,2002-11-07,73,189,Unknown,medium,black,clean_shaven,R,P,,1,RP,RP,,,,,53,,,,50,53,48,50,52,53,53,57,0,0,64,0,0,,,,,0,,,,61,61,64,61,57,58,63,66,0,0,73,0,0,False,,,0,,,,,,0,50,groundball_rp,
P3594,John,Doe,1988-12-03,71,184,Unknown,light,blonde,clean_shaven,R,P,,1,RP,SP,,,,,51,,,,49,51,52,52,54,50,52,59,61,60,0,0,0,,,,,0,,,,43,50,43,54,51,50,52,55,55,55,0,0,0,False,,,0,,,,,,0,50,finesse_sp,
P6359,John,Doe,1991-09-24,76,227,Unknown,dark,black,clean_shaven,L,P,,1,RP,SP,,,,,30,,,,48,49,53,50,53,51,49,0,61,60,60,0,0,,,,,26,,,,42,39,50,51,48,47,45,0,52,51,51,0,0,False,,,0,,,,,,0,50,groundball_sp,
P9132,John,Doe,1991-08-07,70,250,Unknown,dark,black,clean_shaven,S,C,,0,,,49,52,71,50,49,53,55,48,50,50,,,,,,,,,,,,40,52,63,42,49,0,0,48,46,47,,,,,,,,,,,,False,,,0,,,,,,0,50,,speed
P8454,John,Doe,1999-12-22,78,191,Unknown,medium,brown,clean_shaven,R,1B,,0,,,53,62,53,51,51,53,55,52,48,49,,,,,,,,,,,,64,76,63,64,51,0,0,52,60,57,,,,,,,,,,,,False,,,0,,,,,,0,50,,power
P2904,John,Doe,1990-04-23,78,229,Unknown,dark,blonde,clean_shaven,R,2B,,0,,,49,56,49,50,48,52,57,49,50,48,,,,,,,,,,,,44,55,43,46,48,0,0,49,44,41,,,,,,,,,,,,False,,,0,,,,,,0,50,,power
P6120,John,Doe,1989-10-05,68,228,Unknown,medium,blonde,beard,R,3B,,0,,,50,53,52,49,52,52,58,48,50,50,,,,,,,,,,,,41,48,45,45,52,0,0,48,45,48,,,,,,,,,,,,False,,,0,,,,,,0,50,,average
P7172,John,Doe,1989-05-15,77,172,Unknown,medium,brown,beard,S,SS,,0,,,52,50,70,49,52,46,53,51,52,51,,,,,,,,,,,,49,41,61,47,52,0,0,51,52,42,,,,,,,,,,,,False,,,0,,,,,,0,50,,speed
P2021,John,Doe,1996-03-10,68,164,Unknown,medium,black,clean_shaven,L,LF,CF,0,,,52,51,71,52,50,49,47,51,50,50,,,,,,,,,,,,47,56,69,47,50,0,0,51,45,50,,,,,,,,,,,,False,,,0,,,,,,0,50,,speed
P6711,John,Doe,1995-09-02,70,200,Unknown,medium,blonde,clean_shaven,L,CF,,0,,,53,53,50,52,52,51,49,47,48,52,,,,,,,,,,,,48,51,47,53,52,0,0,47,46,48,,,,,,,,,,,,False,,,0,,,,,,0,50,,average
P2189,John,Doe,1994-12-30,70,181,Unknown,light,black,beard,R,RF,,0,,,49,57,50,48,47,53,57,50,52,53,,,,,,,,,,,,50,60,50,49,47,0,0,50,54,57,,,,,,,,,,,,False,,,0,,,,,,0,50,,power
P9315,John,Doe,1993-01-20,75,190,Unknown,dark,brown,beard,R,2B,,0,,,50,59,50,51,49,54,57,51,53,50,,,,,,,,,,,,43,49,45,49,49,0,0,51,49,48,,,,,,,,,,,,False,,,0,,,,,,0,50,,power
P8893,John,Doe,1993-11-11,70,174,Unknown,dark,black,clean_shaven,R,CF,,0,,,50,49,51,51,52,51,53,52,51,50,,,,,,,,,,,,50,47,45,43,52,0,0,52,49,45,,,,,,,,,,,,False,,,0,,,,,,0,50,,average
P3867,John,Doe,2000-06-05,70,228,Unknown,light,brown,clean_shaven,R,LF,,0,,,52,58,51,50,50,49,57,53,50,51,,,,,,,,,,,,57,72,59,57,50,0,0,53,59,65,,,,,,,,,,,,False,,,0,,,,,,0,50,,balanced
P7410,John,Doe,1989-06-11,68,220,Unknown,light,black,clean_shaven,S,C,,0,,,60,53,53,54,50,49,53,52,49,48,,,,,,,,,,,,55,45,45,52,50,0,0,52,39,42,,,,,,,,,,,,False,,,0,,,,,,0,50,,spray
P6744,John,Doe,1993-09-27,71,192,Unknown,medium,brown,clean_shaven,S,CF,,0,,,52,53,49,53,48,50,51,51,49,53,,,,,,,,,,,,52,43,45,50,48,0,0,51,49,49,,,,,,,,,,,,False,,,0,,,,,,0,50,,balanced
P5194,John,Doe,1995-04-14,68,246,Unknown,light,black,clean_shaven,R,SS,,0,,,61,49,51,55,49,46,56,50,48,48,,,,,,,,,,,,63,52,49,53,49,0,0,50,45,52,,,,,,,,,,,,False,,,0,,,,,,0,50,,spray
P7833,John,Doe,1990-07-13,78,163,Unknown,light,brown,clean_shaven,L,P,,1,RP,CL,,,,,55,,,,53,52,51,50,54,51,54,59,0,67,0,0,0,,,,,0,,,,47,48,42,53,41,49,50,57,0,60,0,0,0,False,,,0,,,,,,0,50,closer,
P9931,John,Doe,1989-10-04,71,241,Unknown,light,black,clean_shaven,R,P,,1,RP,RP,,,,,52,,,,53,52,50,52,52,51,53,58,58,0,0,0,0,,,,,0,,,,44,45,43,51,42,48,51,48,58,0,0,0,0,False,,,0,,,,,,0,50,finesse_rp,
P7309,John,Doe,1992-05-25,69,223,Unknown,medium,black,clean_shaven,R,P,,1,RP,RP,,,,,49,,,,52,52,48,51,53,50,50,59,63,65,0,0,0,,,,,0,,,,51,45,48,49,42,47,43,50,60,63,0,0,0,False,,,0,,,,,,0,50,power_rp,
P6259,John,Doe,2000-12-20,73,233,Unknown,medium,black,clean_shaven,R,P,,1,RP,LR,,,,,52,,,,48,52,49,50,52,49,53,0,62,67,0,0,0,,,,,0,,,,54,57,60,67,58,55,67,0,71,75,0,0,0,False,,,0,,,,,,0,50,long_relief,
P5928,John,Doe,1991-08-08,77,199,Unknown,medium,blonde,clean_shaven,L,P,,1,RP,SP,,,,,49,,,,49,51,52,51,53,49,50,0,63,59,0,0,0,,,,,0,,,,40,47,50,44,43,43,47,0,59,50,0,0,0,False,,,0,,,,,,0,50,balanced_sp,
P4377,John,Doe,1987-05-02,69,178,Unknown,medium,black,mustache,L,P,,1,RP,RP,,,,,49,,,,51,49,50,53,52,49,52,61,62,0,0,0,0,,,,,0,,,,48,46,47,52,45,48,43,59,58,0,0,0,0,False,,,0,,,,,,0,50,finesse_rp,
P6777,John,Doe,1997-02-28,71,216,Unknown,dark,black,clean_shaven,L,P,,1,RP,SP,,,,,49,,,,51,53,54,50,52,50,51,62,58,58,0,0,0,,,,,0,,,,54,50,46,56,53,51,54,57,53,63,0,0,0,False,,,0,,,,,,0,50,balanced_sp,
P4953,John,Doe,1997-02-08,76,238,Unknown,light,blonde,clean_shaven,L,1B,,0,,,52,51,50,49,50,52,49,49,51,51,,,,,,,,,,,,57,51,54,47,50,0,0,49,46,49,,,,,,,,,,,,False,,,0,,,,,,0,50,,balanced
P5792,John,Doe,1989-01-21,72,177,Unknown,medium,black,beard,R,LF,,0,,,51,63,50,49,48,54,56,52,51,51,,,,,,,,,,,,47,58,42,39,48,0,0,52,45,51,,,,,,,,,,,,False,,,0,,,,,,0,50,,power
P1751,John,Doe,1996-11-16,69,165,Unknown,light,red,mustache,L,LF,,0,,,53,54,49,52,50,49,51,50,53,52,,,,,,,,,,,,49,59,54,57,50,0,0,50,48,51,,,,,,,,,,,,False,,,0,,,,,,0,50,,balanced
P4989,John,Doe,1992-01-16,71,189,Unknown,dark,brown,clean_shaven,R,CF,,0,,,53,49,70,53,54,53,53,49,50,50,,,,,,,,,,,,45,39,62,44,54,0,0,49,42,42,,,,,,,,,,,,False,,,0,,,,,,0,50,,speed
P5952,John,Doe,1989-10-02,72,205,Unknown,medium,brown,clean_shaven,R,2B,,0,,,59,51,49,54,51,50,58,51,49,48,,,,,,,,,,,,52,50,39,53,51,0,0,51,47,46,,,,,,,,,,,,False,,,0,,,,,,0,50,,spray
P1919,John,Doe,1993-08-24,73,187,Unknown,dark,blonde,goatee,L,CF,,0,,,50,49,50,51,53,51,45,52,51,50,,,,,,,,,,,,50,46,41,44,53,0,0,52,46,44,,,,,,,,,,,,False,,,0,,,,,,0,50,,average
P9631,John,Doe,1989-09-11,78,195,Unknown,medium,black,clean_shaven,R,C,,0,,,53,52,52,52,52,49,59,51,51,52,,,,,,,,,,,,43,52,45,42,52,0,0,51,42,45,,,,,,,,,,,,False,,,0,,,,,,0,50,,average
P2160,John,Doe,1989-03-04,70,160,Unknown,light,brown,clean_shaven,R,1B,,0,,,60,58,51,49,48,49,54,51,50,50,,,,,,,,,,,,55,58,51,47,48,0,0,51,43,48,,,,,,,,,,,,False,,,0,,,,,,0,50,,gap
P5837,John,Doe,2004-10-23,70,166,Unknown,dark,brown,beard,L,P,,1,RP,CL,,,,,55,,,,51,50,51,50,52,50,52,0,0,66,0,0,0,,,,,0,,,,79,78,61,64,76,68,76,0,0,85,0,0,0,False,,,0,,,,,,0,50,closer,
P2783,John,Doe,2008-01-02,72,204,Unknown,light,blonde,clean_shaven,R,P,,1,RP,RP,,,,,50,,,,53,52,51,50,54,49,52,61,0,0,0,0,0,,,,,0,,,,67,69,62,71,73,76,76,76,0,0,0,0,0,False,,,0,,,,,,0,50,finesse_rp,
P3910,John,Doe,2006-12-04,68,225,Unknown,dark,blonde,clean_shaven,R,P,,1,RP,SP,,,,,50,,,,49,49,49,54,53,50,52,58,63,0,0,0,0,,,,,0,,,,73,76,75,75,59,74,72,82,89,0,0,0,0,False,,,0,,,,,,0,50,finesse_sp,
P8781,John,Doe,2006-07-22,72,221,Unknown,light,blonde,clean_shaven,R,P,,1,RP,SP,,,,,50,,,,51,51,51,52,52,47,52,62,59,59,0,0,0,,,,,0,,,,66,75,75,65,68,61,62,72,70,75,0,0,0,False,,,0,,,,,,0,50,workhorse_sp,
P5277,John,Doe,2004-07-14,74,206,Unknown,medium,black,mustache,R,P,,1,RP,SP,,,,,49,,,,50,50,52,51,52,52,52,59,64,61,0,0,0,,,,,0,,,,80,71,65,65,79,64,63,77,82,85,0,0,0,False,,,0,,,,,,0,50,finesse_sp,
P5922,John,Doe,2006-11-18,75,245,Unknown,light,black,clean_shaven,R,1B,,0,,,51,60,49,50,50,50,54,52,49,48,,,,,,,,,,,,74,85,76,75,50,0,0,52,63,74,,,,,,,,,,,,False,,,0,,,,,,0,50,,power
P5859,John,Doe,2004-11-15,70,196,Unknown,light,brown,clean_shaven,S,CF,,0,,,51,48,85,51,50,48,49,51,51,49,,,,,,,,,,,,67,72,99,76,50,0,0,51,65,68,,,,,,,,,,,,False,,,0,,,,,,0,50,,elite_speed
P1877,John,Doe,2004-11-09,72,214,Unknown,medium,black,beard,S,1B,,0,,,52,58,51,51,52,51,52,49,48,48,,,,,,,,,,,,75,87,67,77,52,0,0,49,61,72,,,,,,,,,,,,False,,,0,,,,,,0,50,,gap
P6370,John,Doe,2007-12-16,72,193,Unknown,light,blonde,goatee,R,2B,,0,,,55,49,48,53,53,50,57,53,50,51,,,,,,,,,,,,66,73,77,70,53,0,0,53,67,76,,,,,,,,,,,,False,,,0,,,,,,0,50,,balanced
P5008,John,Doe,2006-10-01,72,196,Unknown,light,black,clean_shaven,R,C,,0,,,52,54,50,52,48,51,55,48,52,49,,,,,,,,,,,,73,66,63,74,48,0,0,48,65,73,,,,,,,,,,,,False,,,0,,,,,,0,50,,balanced
P9139,John,Doe,1999-07-28,73,234,Unknown,medium,red,clean_shaven,R,P,,1,RP,CL,,,,,55,,,,51,50,47,52,54,50,52,0,0,66,0,0,0,,,,,0,,,,61,58,67,59,59,64,64,0,0,80,0,0,0,False,,,0,,,,,,0,50,closer,
P6095,John,Doe,1998-08-01,68,234,Unknown,dark,brown,mustache,R,P,,1,RP,SP,,,,,51,,,,52,51,51,51,52,51,53,62,63,0,0,0,0,,,,,0,,,,63,59,56,61,59,57,58,75,73,0,0,0,0,False,,,0,,,,,,0,50,workhorse_sp,
P2068,John,Doe,2001-02-27,68,207,Unknown,medium,brown,beard,L,P,,1,RP,CL,,,,,48,,,,48,51,49,50,52,50,55,60,60,65,0,0,0,,,,,0,,,,59,65,63,60,64,58,65,72,66,71,0,0,0,False,,,0,,,,,,0,50,closer,
P6279,John,Doe,1992-07-30,72,226,Unknown,dark,black,clean_shaven,L,P,,1,RP,SP,,,,,49,,,,52,51,52,50,54,53,52,0,63,61,59,0,0,,,,,0,,,,51,47,40,52,43,52,48,0,62,59,55,0,0,False,,,0,,,,,,0,50,power_sp,
P8380,John,Doe,2002-10-05,75,249,Unknown,dark,black,clean_shaven,R,P,,1,RP,SP,,,,,48,,,,52,50,52,52,52,51,50,59,61,60,0,0,0,,,,,0,,,,59,60,61,62,63,56,59,67,68,74,0,0,0,False,,,0,,,,,,0,50,workhorse_sp,
P3694,John,Doe,1988-09-05,71,245,Unknown,dark,black,beard,S,P,,1,RP,CL,,,,,52,,,,52,53,50,53,54,53,51,0,0,65,0,0,0,,,,,0,,,,45,43,49,46,43,44,42,0,0,59,0,0,0,False,,,0,,,,,,0,50,closer,
P2215,John,Doe,1994-02-14,78,213,Unknown,light,brown,clean_shaven,L,P,,1,RP,SP,,,,,50,,,,51,52,51,50,52,49,54,0,63,59,0,0,0,,,,,0,,,,49,47,47,42,41,39,46,0,60,53,0,0,0,False,,,0,,,,,,0,50,power_sp,
P5796,John,Doe,2000-08-27,69,228,Unknown,medium,black,goatee,R,P,,1,RP,SP,,,,,51,,,,51,50,52,51,52,49,50,0,63,60,0,0,0,,,,,0,,,,61,61,59,66,59,60,63,0,76,75,0,0,0,False,,,0,,,,,,0,50,balanced_sp,
P2043,John,Doe,1994-10-02,71,223,Unknown,dark,brown,clean_shaven,R,P,,1,RP,SP,,,,,52,,,,48,51,49,50,52,49,49,58,63,59,57,0,0,,,,,0,,,,49,47,51,50,46,53,46,58,59,61,61,0,0,False,,,0,,,,,,0,50,balanced_sp,
P2020,John,Doe,1994-06-03,76,208,Unknown,dark,brown,clean_shaven,R,P,,1,RP,SP,,,,,51,,,,49,50,49,51,54,50,51,60,58,59,59,0,0,,,,,0,,,,51,53,51,58,53,48,55,61,55,59,56,0,0,False,,,0,,,,,,0,50,groundball_sp,
P1688,John,Doe,2002-04-28,77,200,Unknown,medium,brown,beard,R,P,,1,RP,SP,,,,,48,,,,49,53,50,50,54,50,52,0,59,61,0,0,0,,,,,0,,,,62,61,62,64,58,62,64,0,72,74,0,0,0,False,,,0,,,,,,0,50,workhorse_sp,
P2130,John,Doe,1990-12-18,71,188,Unknown,dark,brown,goatee,R,C,,0,,,62,61,52,51,49,49,56,52,52,51,,,,,,,,,,,,60,59,44,50,49,0,0,52,51,46,,,,,,,,,,,,False,,,0,,,,,,0,50,,gap
P7891,John,Doe,1994-02-10,77,218,Unknown,medium,brown,clean_shaven,R,1B,,0,,,69,50,49,51,50,49,56,48,48,51,,,,,,,,,,,,59,45,46,49,50,0,0,48,47,48,,,,,,,,,,,,False,,,0,,,,,,0,50,,spray
P3913,John,Doe,1998-08-19,70,196,Unknown,medium,black,beard,R,2B,,0,,,58,51,85,53,49,47,54,53,49,49,,,,,,,,,,,,63,58,90,58,49,0,0,53,56,58,,,,,,,,,,,,False,,,0,,,,,,0,50,,elite_speed
P2951,John,Doe,1994-10-06,75,244,Unknown,medium,blonde,clean_shaven,R,3B,,0,,,49,49,71,50,48,51,60,53,48,51,,,,,,,,,,,,44,53,73,54,48,0,0,53,50,46,,,,,,,,,,,,False,,,0,,,,,,0,50,,speed
P7020,John,Doe,1996-06-28,78,228,Unknown,light,black,goatee,R,SS,,0,,,51,49,52,52,53,51,60,49,50,52,,,,,,,,,,,,50,54,47,49,53,0,0,49,53,55,,,,,,,,,,,,False,,,0,,,,,,0,50,,average
P6952,John,Doe,1990-12-13,71,240,Unknown,light,brown,clean_shaven,L,LF,,0,,,50,47,70,51,50,48,48,50,49,49,,,,,,,,,,,,43,39,65,44,50,0,0,50,47,48,,,,,,,,,,,,False,,,0,,,,,,0,50,,speed
P1048,John,Doe,1993-03-22,72,225,Unknown,dark,brown,clean_shaven,L,CF,,0,,,64,52,52,51,53,47,49,48,48,50,,,,,,,,,,,,61,51,46,41,53,0,0,48,39,40,,,,,,,,,,,,False,,,0,,,,,,0,50,,spray
P2881,John,Doe,1987-10-18,76,215,Unknown,light,blonde,clean_shaven,S,RF,,0,,,51,51,50,50,53,51,52,51,50,50,,,,,,,,,,,,50,42,43,50,53,0,0,51,42,41,,,,,,,,,,,,False,,,0,,,,,,0,50,,average
P7093,John,Doe,2001-08-23,77,208,Unknown,dark,black,clean_shaven,R,RF,,0,,,51,54,51,51,50,49,55,52,51,52,,,,,,,,,,,,63,66,58,61,50,0,0,52,59,58,,,,,,,,,,,,False,,,0,,,,,,0,50,,balanced
P8706,John,Doe,1992-10-13,68,223,Unknown,medium,brown,clean_shaven,R,SS,,0,,,53,51,49,50,50,50,57,51,52,53,,,,,,,,,,,,50,42,49,47,50,0,0,51,50,44,,,,,,,,,,,,False,,,0,,,,,,0,50,,gap
P9101,John,Doe,1989-10-02,78,163,Unknown,dark,black,beard,R,SS,,0,,,50,51,49,50,48,48,57,51,51,51,,,,,,,,,,,,48,46,42,48,48,0,0,51,42,48,,,,,,,,,,,,False,,,0,,,,,,0,50,,balanced
P5888,John,Doe,2001-07-08,74,211,Unknown,dark,blonde,clean_shaven,R,CF,,0,,,50,47,85,51,53,52,56,51,48,50,,,,,,,,,,,,64,58,99,65,53,0,0,51,53,63,,,,,,,,,,,,False,,,0,,,,,,0,50,,elite_speed
P3618,John,Doe,1996-10-31,72,236,Unknown,dark,black,clean_shaven,S,C,,0,,,52,51,51,51,53,52,51,52,49,51,,,,,,,,,,,,55,48,55,55,53,0,0,52,53,54,,,,,,,,,,,,False,,,0,,,,,,0,50,,average
P7649,John,Doe,1987-09-05,69,184,Unknown,dark,blonde,beard,L,C,,0,,,53,52,50,52,53,53,52,48,50,51,,,,,,,,,,,,51,46,46,50,53,0,0,48,44,48,,,,,,,,,,,,False,,,0,,,,,,0,50,,average
P1996,John,Doe,1998-07-01,71,168,Unknown,medium,brown,clean_shaven,L,P,,1,RP,CL,,,,,55,,,,49,54,47,52,52,49,54,0,0,66,0,0,0,,,,,0,,,,63,64,64,65,61,63,62,0,0,71,0,0,0,False,,,0,,,,,,0,50,closer,
P2610,John,Doe,1992-02-07,73,211,Unknown,dark,black,clean_shaven,R,P,,1,RP,SP,,,,,51,,,,52,50,54,50,52,50,51,60,62,60,0,0,0,,,,,0,,,,50,47,47,46,52,40,44,50,57,50,0,0,0,False,,,0,,,,,,0,50,balanced_sp,
P4401,John,Doe,1996-06-06,76,236,Unknown,dark,brown,clean_shaven,L,P,,1,RP,SP,,,,,48,,,,52,51,54,50,53,49,53,61,61,59,55,0,0,,,,,0,,,,53,49,51,52,51,44,51,57,64,57,55,0,0,False,,,0,,,,,,0,50,balanced_sp,
P5500,John,Doe,1993-07-23,68,208,Unknown,dark,black,clean_shaven,R,P,,1,RP,SP,,,,,51,,,,52,50,54,51,52,52,51,62,62,58,0,0,0,,,,,0,,,,42,44,44,46,47,45,51,62,57,53,0,0,0,False,,,0,,,,,,0,50,power_sp,
P3380,John,Doe,1987-08-16,73,196,Unknown,medium,black,beard,L,P,,1,RP,SP,,,,,50,,,,53,52,51,52,52,48,51,61,59,58,0,0,0,,,,,0,,,,52,44,48,42,48,41,47,55,57,50,0,0,0,False,,,0,,,,,,0,50,balanced_sp,
P1832,John,Doe,2002-12-01,74,198,Unknown,light,black,clean_shaven,R,P,,1,RP,SP,,,,,52,,,,50,50,54,52,52,52,52,59,59,0,0,0,0,,,,,0,,,,60,61,58,60,63,66,66,67,73,0,0,0,0,False,,,0,,,,,,0,50,finesse_sp,
P6933,John,Doe,2003-06-22,68,164,Unknown,medium,brown,clean_shaven,R,P,,1,RP,CL,,,,,49,,,,49,50,52,50,54,52,54,0,58,65,0,0,0,,,,,0,,,,55,62,55,68,61,58,61,0,71,76,0,0,0,False,,,0,,,,,,0,50,closer,
P3787,John,Doe,1989-01-01,73,192,Unknown,light,black,clean_shaven,R,C,,0,,,52,52,49,51,50,51,55,51,52,52,,,,,,,,,,,,50,43,46,43,50,0,0,51,45,51,,,,,,,,,,,,False,,,0,,,,,,0,50,,average
P6748,John,Doe,1990-08-22,73,240,Unknown,medium,brown,clean_shaven,R,LF,,0,,,53,56,52,52,48,48,58,49,49,51,,,,,,,,,,,,45,48,44,48,48,0,0,49,42,41,,,,,,,,,,,,False,,,0,,,,,,0,50,,balanced
P8598,John,Doe,1998-06-10,68,186,Unknown,dark,blonde,clean_shaven,R,C,,0,,,48,53,48,49,50,51,58,49,51,49,,,,,,,,,,,,62,60,57,55,50,0,0,49,63,55,,,,,,,,,,,,False,,,0,,,,,,0,50,,average
P7690,John,Doe,2002-06-12,75,238,Unknown,dark,black,clean_shaven,R,CF,,0,,,63,47,50,51,52,50,56,47,49,52,,,,,,,,,,,,70,62,57,64,52,0,0,47,61,67,,,,,,,,,,,,False,,,0,,,,,,0,50,,spray
P3068,John,Doe,1988-12-01,75,202,Unknown,light,brown,clean_shaven,R,1B,,0,,,53,59,53,50,50,51,53,49,52,51,,,,,,,,,,,,50,56,53,49,50,0,0,49,50,42,,,,,,,,,,,,False,,,0,,,,,,0,50,,gap
P2829,John,Doe,2003-07-21,68,222,Unknown,light,brown,clean_shaven,R,C,,0,,,51,63,50,49,48,52,55,50,51,50,,,,,,,,,,,,56,74,64,62,48,0,0,50,61,57,,,,,,,,,,,,False,,,0,,,,,,0,50,,power
P5704,John,Doe,1990-02-18,73,218,Unknown,medium,black,clean_shaven,R,2B,,0,,,59,50,50,53,51,49,54,50,50,48,,,,,,,,,,,,52,40,42,52,51,0,0,50,47,41,,,,,,,,,,,,False,,,0,,,,,,0,50,,spray
P7564,John,Doe,1995-02-05,73,186,Unknown,medium,brown,clean_shaven,L,C,,0,,,51,51,50,50,51,52,49,52,51,50,,,,,,,,,,,,56,55,50,50,51,0,0,52,54,53,,,,,,,,,,,,False,,,0,,,,,,0,50,,balanced
P5783,John,Doe,2006-08-13,70,245,Unknown,light,black,clean_shaven,L,P,,1,RP,CL,,,,,55,,,,50,50,51,50,53,52,51,0,0,67,0,0,0,,,,,0,,,,63,71,68,83,80,80,62,0,0,96,0,0,0,False,,,0,,,,,,0,50,closer,
P7666,John,Doe,2007-01-31,69,239,Unknown,light,brown,clean_shaven,L,P,,1,RP,SP,,,,,39,,,,48,48,53,51,53,50,50,62,62,62,55,0,0,,,,,50,,,,69,71,61,73,71,67,77,73,80,90,79,0,0,False,,,0,,,,,,0,50,workhorse_sp,
P2025,John,Doe,2007-08-15,78,230,Unknown,light,brown,clean_shaven,L,P,,1,RP,RP,,,,,50,,,,49,49,49,51,52,52,53,58,63,0,0,0,0,,,,,0,,,,69,59,62,67,76,82,70,81,90,0,0,0,0,False,,,0,,,,,,0,50,finesse_rp,
P5884,John,Doe,2004-10-26,68,218,Unknown,dark,black,goatee,L,P,,1,RP,SP,,,,,51,,,,48,51,53,53,54,50,53,59,60,59,0,0,0,,,,,0,,,,67,68,73,84,77,60,64,85,77,78,0,0,0,False,,,0,,,,,,0,50,balanced_sp,
P9168,John,Doe,2006-05-15,73,246,Unknown,light,brown,clean_shaven,L,P,,1,RP,SP,,,,,52,,,,51,50,54,50,52,51,54,59,63,60,60,0,0,,,,,0,,,,63,70,60,73,70,80,73,77,87,78,82,0,0,False,,,0,,,,,,0,50,power_sp,
P2129,John,Doe,2007-10-10,77,244,Unknown,medium,brown,clean_shaven,R,SS,,0,,,61,50,52,53,50,49,58,49,47,51,,,,,,,,,,,,79,79,74,77,50,0,0,49,76,62,,,,,,,,,,,,False,,,0,,,,,,0,50,,spray
P5471,John,Doe,2006-11-26,75,216,Unknown,dark,brown,clean_shaven,R,SS,,0,,,52,52,52,51,48,50,58,50,50,51,,,,,,,,,,,,74,71,76,71,48,0,0,50,68,64,,,,,,,,,,,,False,,,0,,,,,,0,50,,balanced
P9332,John,Doe,2006-08-28,75,184,Unknown,light,brown,goatee,R,2B,,0,,,57,51,52,55,49,49,58,52,49,53,,,,,,,,,,,,81,75,72,75,49,0,0,52,72,64,,,,,,,,,,,,False,,,0,,,,,,0,50,,balanced
P2528,John,Doe,2005-03-01,68,227,Unknown,dark,black,clean_shaven,R,SS,,0,,,55,49,52,54,50,50,57,53,48,49,,,,,,,,,,,,75,65,66,72,50,0,0,53,61,60,,,,,,,,,,,,False,,,0,,,,,,0,50,,spray
P6599,John,Doe,2004-12-22,71,187,Unknown,dark,brown,clean_shaven,R,SS,,0,,,53,47,70,52,49,50,58,52,52,51,,,,,,,,,,,,70,65,83,68,49,0,0,52,77,63,,,,,,,,,,,,False,,,0,,,,,,0,50,,speed
P8427,John,Doe,2001-04-20,74,223,Unknown,dark,black,goatee,L,P,,1,RP,CL,,,,,55,,,,49,50,48,51,52,49,52,0,60,65,0,0,0,,,,,0,,,,64,58,60,66,55,64,67,0,74,74,0,0,0,False,,,0,,,,,,0,50,closer,
P5579,John,Doe,1989-03-02,68,238,Unknown,dark,black,beard,R,P,,1,RP,LR,,,,,53,,,,47,53,51,51,53,49,51,57,0,67,0,0,0,,,,,0,,,,37,49,50,43,42,40,49,55,0,58,0,0,0,False,,,0,,,,,,0,50,long_relief,
P4032,John,Doe,1996-08-13,72,218,Unknown,light,blonde,beard,L,P,,1,RP,SP,,,,,50,,,,50,52,53,53,53,51,50,0,59,61,0,56,0,,,,,0,,,,53,47,51,55,57,49,48,0,55,62,0,60,0,False,,,0,,,,,,0,50,power_sp,
P2948,John,Doe,1997-03-16,76,171,Unknown,dark,black,clean_shaven,L,P,,1,RP,SP,,,,,51,,,,47,50,53,53,52,49,52,61,59,59,57,0,0,,,,,0,,,,45,51,54,55,53,45,49,58,63,58,62,0,0,False,,,0,,,,,,0,50,workhorse_sp,
P6296,John,Doe,2005-02-24,78,245,Unknown,dark,black,clean_shaven,L,P,,1,RP,SP,,,,,50,,,,50,52,53,51,52,48,50,58,59,0,58,0,0,,,,,0,,,,79,79,80,71,64,77,75,82,88,0,76,0,0,False,,,0,,,,,,0,50,finesse_sp,
P5477,John,Doe,2004-07-19,74,198,Unknown,medium,red,clean_shaven,L,P,,1,RP,RP,,,,,53,,,,52,53,49,51,53,51,52,0,60,67,60,0,0,,,,,0,,,,62,73,68,82,66,76,74,0,81,80,82,0,0,False,,,0,,,,,,0,50,groundball_rp,
P2255,John,Doe,1989-08-28,69,194,Unknown,dark,black,clean_shaven,R,P,,1,RP,RP,,,,,51,,,,49,51,50,50,52,52,54,59,59,0,0,0,0,,,,,0,,,,46,41,47,51,41,45,51,54,58,0,0,0,0,False,,,0,,,,,,0,50,finesse_rp,
P6558,John,Doe,1998-09-10,72,222,Unknown,light,black,clean_shaven,S,P,,1,RP,SP,,,,,49,,,,51,50,50,52,52,49,49,61,58,60,0,55,0,,,,,0,,,,58,55,62,67,57,64,62,73,64,66,0,65,0,False,,,0,,,,,,0,50,balanced_sp,
P6134,John,Doe,1991-09-27,72,173,Unknown,medium,black,clean_shaven,R,P,,1,RP,SP,,,,,53,,,,49,50,54,50,52,51,50,62,63,59,59,0,0,,,,,0,,,,46,44,43,47,52,43,44,53,58,55,58,0,0,False,,,0,,,,,,0,50,groundball_sp,
P1435,John,Doe,1987-11-30,70,194,Unknown,medium,brown,beard,L,P,,1,RP,RP,,,,,50,,,,51,51,52,53,52,53,51,56,60,0,59,0,0,,,,,0,,,,50,49,48,47,45,50,44,56,51,0,52,0,0,False,,,0,,,,,,0,50,finesse_rp,
P6704,John,Doe,2002-10-07,70,202,Unknown,medium,brown,goatee,R,P,,1,RP,SP,,,,,49,,,,49,53,54,53,52,49,52,60,63,0,0,0,0,,,,,0,,,,60,64,63,66,62,64,65,71,69,0,0,0,0,False,,,0,,,,,,0,50,workhorse_sp,
P8039,John,Doe,1993-12-19,70,190,Unknown,medium,black,goatee,R,C,,0,,,51,49,70,52,53,48,58,48,49,50,,,,,,,,,,,,46,42,66,46,53,0,0,48,43,41,,,,,,,,,,,,False,,,0,,,,,,0,50,,speed
P2832,John,Doe,1988-10-10,78,228,Unknown,light,brown,beard,R,1B,,0,,,52,65,49,51,51,52,57,49,49,52,,,,,,,,,,,,48,65,40,46,51,0,0,49,40,46,,,,,,,,,,,,False,,,0,,,,,,0,50,,power
P1475,John,Doe,1996-03-07,77,203,Unknown,medium,black,beard,S,2B,,0,,,53,51,51,52,52,49,55,48,48,52,,,,,,,,,,,,52,51,47,50,52,0,0,48,43,56,,,,,,,,,,,,False,,,0,,,,,,0,50,,balanced
P4539,John,Doe,1988-04-08,71,208,Unknown,medium,black,mustache,R,3B,,0,,,48,50,50,50,50,51,58,52,52,50,,,,,,,,,,,,39,46,42,44,50,0,0,52,42,49,,,,,,,,,,,,False,,,0,,,,,,0,50,,balanced
P4134,John,Doe,2002-08-12,71,201,Unknown,medium,blonde,clean_shaven,R,SS,,0,,,50,48,51,49,50,50,55,50,53,53,,,,,,,,,,,,58,62,58,55,50,0,0,50,58,65,,,,,,,,,,,,False,,,0,,,,,,0,50,,balanced
P9363,John,Doe,2004-10-10,69,215,Unknown,dark,brown,clean_shaven,S,LF,,0,,,53,62,48,51,51,50,56,51,48,51,,,,,,,,,,,,74,87,64,72,51,0,0,51,76,67,,,,,,,,,,,,False,,,0,,,,,,0,50,,power
P8792,John,Doe,1997-01-27,69,162,Unknown,light,black,clean_shaven,R,CF,,0,,,53,51,50,49,52,49,55,52,48,50,,,,,,,,,,,,51,47,52,50,52,0,0,52,48,51,,,,,,,,,,,,False,,,0,,,,,,0,50,,average
P2018,John,Doe,2003-02-03,78,234,Unknown,medium,black,clean_shaven,S,RF,,0,,,59,52,48,53,49,49,46,49,53,50,,,,,,,,,,,,68,61,63,67,49,0,0,49,61,57,,,,,,,,,,,,False,,,0,,,,,,0,50,,spray
P3783,John,Doe,1998-07-23,71,170,Unknown,light,brown,clean_shaven,R,CF,,0,,,53,50,51,50,50,51,54,49,50,53,,,,,,,,,,,,64,61,65,60,50,0,0,49,61,66,,,,,,,,,,,,False,,,0,,,,,,0,50,,balanced
P8519,John,Doe,1988-03-04,76,199,Unknown,medium,brown,goatee,R,CF,,0,,,54,47,52,50,50,49,58,48,50,51,,,,,,,,,,,,45,45,52,41,50,0,0,48,43,42,,,,,,,,,,,,False,,,0,,,,,,0,50,,average
P5546,John,Doe,2001-12-11,71,246,Unknown,medium,blonde,clean_shaven,L,RF,,0,,,51,54,48,52,53,52,48,50,49,52,,,,,,,,,,,,63,62,62,66,53,0,0,50,54,59,,,,,,,,,,,,False,,,0,,,,,,0,50,,balanced
P7443,John,Doe,1988-02-02,75,196,Unknown,medium,red,mustache,R,CF,,0,,,50,51,53,51,53,50,57,51,51,52,,,,,,,,,,,,43,42,47,47,53,0,0,51,46,42,,,,,,,,,,,,False,,,0,,,,,,0,50,,balanced
P3954,John,Doe,2002-04-13,72,172,Unknown,medium,black,clean_shaven,R,C,,0,,,61,51,51,51,51,47,57,50,50,51,,,,,,,,,,,,74,60,62,59,51,0,0,50,59,62,,,,,,,,,,,,False,,,0,,,,,,0,50,,spray
P8630,John,Doe,2002-09-12,73,222,Unknown,light,blonde,clean_shaven,R,C,,0,,,49,56,49,49,48,52,55,51,52,51,,,,,,,,,,,,59,70,58,57,48,0,0,51,60,57,,,,,,,,,,,,False,,,0,,,,,,0,50,,power
P6422,John,Doe,2003-10-01,72,171,Unknown,medium,black,clean_shaven,S,P,,1,RP,CL,,,,,55,,,,51,51,47,50,54,53,52,0,0,66,0,0,0,,,,,0,,,,57,61,60,65,57,60,58,0,0,78,0,0,0,False,,,0,,,,,,0,50,closer,
P1557,John,Doe,2000-09-09,74,211,Unknown,dark,black,goatee,S,P,,1,RP,RP,,,,,50,,,,49,50,50,51,52,51,55,0,61,65,0,0,0,,,,,0,,,,58,65,66,59,64,63,61,0,76,73,0,0,0,False,,,0,,,,,,0,50,power_rp,
P2905,John,Doe,1991-12-11,69,230,Unknown,light,black,clean_shaven,R,P,,1,RP,SP,,,,,49,,,,49,49,50,52,52,50,53,60,60,59,0,0,0,,,,,0,,,,39,41,45,43,48,46,44,58,50,51,0,0,0,False,,,0,,,,,,0,50,balanced_sp,
P5930,John,Doe,2002-08-12,78,192,Unknown,medium,blonde,clean_shaven,L,P,,1,RP,SP,,,,,51,,,,51,49,52,52,54,48,52,0,60,0,60,0,0,,,,,0,,,,58,56,62,69,58,56,60,0,67,0,69,0,0,False,,,0,,,,,,0,50,groundball_sp,
P3631,John,Doe,1992-08-25,73,212,Unknown,dark,black,goatee,R,P,,1,RP,SP,,,,,51,,,,51,49,50,51,52,52,50,61,59,61,0,55,0,,,,,0,,,,41,46,41,49,45,50,42,55,53,54,0,51,0,False,,,0,,,,,,0,50,balanced_sp,
P8856,John,Doe,2004-06-01,71,162,Unknown,medium,black,clean_shaven,R,P,,1,RP,SP,,,,,9,,,,52,48,53,51,53,52,52,63,63,0,0,0,0,,,,,37,,,,65,75,69,74,74,72,82,84,74,0,0,0,0,False,,,0,,,,,,0,50,finesse_sp,
P1809,John,Doe,2001-05-12,75,239,Unknown,dark,black,clean_shaven,L,P,,1,RP,CL,,,,,49,,,,50,54,52,50,52,50,53,56,0,66,0,0,0,,,,,0,,,,64,60,56,64,59,62,59,65,0,78,0,0,0,False,,,0,,,,,,0,50,closer,
P4146,John,Doe,2004-10-09,71,248,Unknown,dark,black,clean_shaven,L,C,,0,,,52,48,70,51,51,52,46,49,52,51,,,,,,,,,,,,68,64,99,78,51,0,0,49,74,65,,,,,,,,,,,,False,,,0,,,,,,0,50,,speed
P2026,John,Doe,1989-03-14,78,176,Unknown,light,black,clean_shaven,R,3B,,0,,,52,58,49,52,49,52,58,52,51,49,,,,,,,,,,,,45,49,49,44,49,0,0,52,50,44,,,,,,,,,,,,False,,,0,,,,,,0,50,,power
P7555,John,Doe,1993-06-26,76,178,Unknown,medium,brown,beard,R,3B,,0,,,50,52,52,49,49,51,57,49,49,48,,,,,,,,,,,,40,48,44,49,49,0,0,49,48,39,,,,,,,,,,,,False,,,0,,,,,,0,50,,average
P2705,John,Doe,2000-10-08,70,174,Unknown,dark,brown,beard,R,3B,,0,,,49,56,51,48,47,53,56,49,50,52,,,,,,,,,,,,56,63,58,53,47,0,0,49,64,67,,,,,,,,,,,,False,,,0,,,,,,0,50,,power
P7688,John,Doe,1993-02-05,69,199,Unknown,light,brown,beard,R,RF,,0,,,50,61,50,51,51,50,58,48,52,51,,,,,,,,,,,,40,58,46,50,51,0,0,48,44,43,,,,,,,,,,,,False,,,0,,,,,,0,50,,power
P1538,John,Doe,1997-11-08,69,170,Unknown,medium,black,clean_shaven,S,RF,,0,,,51,51,49,51,49,53,55,52,50,53,,,,,,,,,,,,54,48,52,48,49,0,0,52,46,55,,,,,,,,,,,,False,,,0,,,,,,0,50,,balanced
P9301,John,Doe,2003-11-19,70,193,Unknown,dark,brown,mustache,R,LF,,0,,,51,49,49,49,53,49,58,48,49,53,,,,,,,,,,,,62,58,61,54,53,0,0,48,58,61,,,,,,,,,,,,False,,,0,,,,,,0,50,,average
P9391,John,Doe,1993-08-16,77,220,Unknown,dark,black,beard,R,3B,,0,,,50,49,86,51,49,47,59,50,52,50,,,,,,,,,,,,50,39,85,45,49,0,0,50,50,42,,,,,,,,,,,,False,,,0,,,,,,0,50,,elite_speed
P9646,John,Doe,2005-02-22,72,226,Unknown,dark,brown,clean_shaven,L,P,,1,RP,CL,,,,,55,,,,49,51,51,50,52,49,54,57,60,65,0,0,0,,,,,0,,,,63,63,75,66,81,62,64,78,90,80,0,0,0,False,,,0,,,,,,0,50,closer,
P5528,John,Doe,2004-03-04,72,185,Unknown,medium,red,goatee,L,P,,1,RP,RP,,,,,53,,,,49,50,52,50,54,52,52,0,59,64,0,0,0,,,,,0,,,,75,80,71,66,82,64,77,0,75,76,0,0,0,False,,,0,,,,,,0,50,power_rp,
P2867,John,Doe,2005-02-09,78,177,Unknown,medium,blonde,clean_shaven,R,P,,1,RP,SP,,,,,50,,,,48,50,52,53,53,49,53,61,62,58,0,0,0,,,,,0,,,,70,69,79,63,71,70,78,71,78,73,0,0,0,False,,,0,,,,,,0,50,balanced_sp,
P8655,John,Doe,2004-04-26,78,224,Unknown,dark,black,clean_shaven,R,P,,1,RP,RP,,,,,53,,,,49,52,52,53,52,53,48,59,59,0,0,0,0,,,,,0,,,,68,73,72,64,80,77,67,69,87,0,0,0,0,False,,,0,,,,,,0,50,finesse_rp,
P5114,John,Doe,2004-09-02,72,162,Unknown,light,black,clean_shaven,L,P,,1,RP,CL,,,,,50,,,,51,52,50,50,52,51,54,60,0,65,0,0,0,,,,,0,,,,64,72,80,65,76,61,79,84,0,84,0,0,0,False,,,0,,,,,,0,50,closer,
P8628,John,Doe,2004-05-02,71,181,Unknown,dark,brown,beard,R,RF,,0,,,49,49,72,52,49,50,54,49,51,50,,,,,,,,,,,,68,60,89,72,49,0,0,49,69,60,,,,,,,,,,,,False,,,0,,,,,,0,50,,speed
P8159,John,Doe,2007-03-27,68,206,Unknown,light,brown,clean_shaven,L,CF,,0,,,63,63,50,51,50,51,46,50,50,53,,,,,,,,,,,,73,84,77,69,50,0,0,50,76,75,,,,,,,,,,,,False,,,0,,,,,,0,50,,gap
P8930,John,Doe,2007-01-08,76,240,Unknown,dark,black,mustache,R,SS,,0,,,52,51,54,52,50,52,56,52,48,50,,,,,,,,,,,,76,78,69,69,50,0,0,52,60,79,,,,,,,,,,,,False,,,0,,,,,,0,50,,balanced
P4351,John,Doe,2005-02-23,73,189,Unknown,medium,brown,clean_shaven,R,2B,,0,,,59,48,51,57,50,48,58,50,50,48,,,,,,,,,,,,88,58,65,85,50,0,0,50,71,69,,,,,,,,,,,,False,,,0,,,,,,0,50,,spray
P8277,John,Doe,2007-07-25,78,220,Unknown,medium,brown,clean_shaven,R,2B,,0,,,51,52,50,52,52,51,56,53,50,51,,,,,,,,,,,,66,68,72,73,52,0,0,53,62,72,,,,,,,,,,,,False,,,0,,,,,,0,50,,average
P1774,John,Doe,2005-02-13,72,226,Unknown,light,brown,clean_shaven,R,P,,1,RP,CL,,,,,55,,,,49,54,51,50,53,52,53,0,61,66,0,0,0,,,,,0,,,,61,66,70,80,81,78,75,0,71,89,0,0,0,False,,,0,,,,,,0,50,closer,
P9401,John,Doe,1990-12-09,69,175,Unknown,light,blonde,clean_shaven,R,P,,1,RP,SP,,,,,48,,,,51,52,49,51,53,49,50,63,63,0,0,0,0,,,,,0,,,,48,52,44,43,43,40,48,59,61,0,0,0,0,False,,,0,,,,,,0,50,finesse_sp,
P2304,John,Doe,2004-10-27,77,246,Unknown,medium,black,clean_shaven,R,P,,1,RP,RP,,,,,51,,,,53,50,52,53,53,48,53,0,62,65,59,0,0,,,,,0,,,,74,69,79,76,65,64,71,0,74,91,89,0,0,False,,,0,,,,,,0,50,power_rp,
P2344,John,Doe,1988-01-30,74,218,Unknown,light,black,beard,L,P,,1,RP,LR,,,,,51,,,,50,49,51,51,52,50,50,60,59,65,0,0,0,,,,,0,,,,47,47,50,43,44,47,50,57,52,61,0,0,0,False,,,0,,,,,,0,50,long_relief,
P3309,John,Doe,1988-10-17,78,209,Unknown,medium,black,beard,L,P,,1,RP,SP,,,,,48,,,,50,50,50,53,52,49,51,60,61,59,0,57,0,,,,,0,,,,48,48,51,43,40,48,44,52,57,58,0,49,0,False,,,0,,,,,,0,50,finesse_sp,
P2634,John,Doe,2004-07-25,69,215,Unknown,light,blonde,clean_shaven,R,P,,1,RP,SP,,,,,52,,,,50,49,50,50,52,53,53,59,0,58,61,0,0,,,,,0,,,,67,79,75,67,78,76,72,84,0,84,89,0,0,False,,,0,,,,,,0,50,groundball_sp,
P8785,John,Doe,1995-01-20,70,191,Unknown,light,black,clean_shaven,L,P,,1,RP,SP,,,,,51,,,,48,53,51,51,52,51,51,0,63,62,0,0,0,,,,,0,,,,45,50,51,55,50,47,55,0,58,62,0,0,0,False,,,0,,,,,,0,50,workhorse_sp,
P2856,John,Doe,1989-06-30,72,219,Unknown,dark,brown,beard,R,P,,1,RP,SP,,,,,51,,,,51,49,49,50,52,48,51,58,60,62,54,0,0,,,,,0,,,,46,40,48,49,40,46,41,50,57,54,51,0,0,False,,,0,,,,,,0,50,balanced_sp,
P1696,John,Doe,1987-10-02,76,195,Unknown,light,black,clean_shaven,R,P,,1,RP,SP,,,,,51,,,,52,51,50,50,54,49,51,59,61,0,0,0,0,,,,,0,,,,52,51,50,46,45,40,43,58,59,0,0,0,0,False,,,0,,,,,,0,50,finesse_sp,
P9829,John,Doe,1990-03-31,71,199,Unknown,dark,blonde,clean_shaven,R,P,,1,RP,SP,,,,,51,,,,49,52,52,51,53,49,51,59,59,0,56,0,0,,,,,0,,,,39,42,46,44,49,40,46,56,58,0,54,0,0,False,,,0,,,,,,0,50,finesse_sp,
P6561,John,Doe,1990-08-14,68,193,Unknown,medium,black,clean_shaven,R,P,,1,RP,CL,,,,,53,,,,49,54,51,50,52,49,52,60,0,67,0,0,0,,,,,0,,,,40,50,47,52,41,46,52,56,0,64,0,0,0,False,,,0,,,,,,0,50,closer,
P3819,John,Doe,1988-05-31,72,219,Unknown,dark,blonde,clean_shaven,S,C,,0,,,63,49,53,55,50,52,52,51,51,49,,,,,,,,,,,,60,40,45,47,50,0,0,51,42,44,,,,,,,,,,,,False,,,0,,,,,,0,50,,spray
P6849,John,Doe,2002-06-26,75,227,Unknown,medium,black,goatee,S,1B,,0,,,53,57,53,52,48,51,53,50,48,48,,,,,,,,,,,,61,69,62,57,48,0,0,50,55,59,,,,,,,,,,,,False,,,0,,,,,,0,50,,gap
P6753,John,Doe,1990-12-15,72,250,Unknown,dark,black,clean_shaven,R,2B,,0,,,50,48,51,49,51,49,55,49,51,48,,,,,,,,,,,,44,47,47,45,51,0,0,49,49,43,,,,,,,,,,,,False,,,0,,,,,,0,50,,balanced
P2568,John,Doe,1996-03-16,68,167,Unknown,light,brown,beard,L,3B,,0,,,62,65,52,50,48,51,49,48,51,51,,,,,,,,,,,,66,60,48,45,48,0,0,48,56,55,,,,,,,,,,,,False,,,0,,,,,,0,50,,gap
P6688,John,Doe,1999-04-13,69,185,Unknown,dark,black,clean_shaven,R,SS,,0,,,50,56,52,51,47,51,58,48,50,47,,,,,,,,,,,,56,66,67,60,47,0,0,48,63,59,,,,,,,,,,,,False,,,0,,,,,,0,50,,power
P4747,John,Doe,2004-04-15,73,195,Unknown,medium,blonde,clean_shaven,L,LF,,0,,,50,48,94,52,48,48,48,49,49,53,,,,,,,,,,,,62,67,99,79,48,0,0,49,77,79,,,,,,,,,,,,False,,,0,,,,,,0,50,,elite_speed
P7484,John,Doe,1999-11-05,78,164,Unknown,dark,black,clean_shaven,S,CF,,0,,,49,52,52,50,52,48,51,51,48,51,,,,,,,,,,,,61,65,67,56,52,0,0,51,61,64,,,,,,,,,,,,False,,,0,,,,,,0,50,,average
P7253,John,Doe,2000-11-04,73,240,Unknown,light,brown,clean_shaven,R,RF,,0,,,52,53,53,50,49,51,57,47,49,53,,,,,,,,,,,,62,63,59,55,49,0,0,47,57,61,,,,,,,,,,,,False,,,0,,,,,,0,50,,balanced
P3857,John,Doe,1993-02-23,71,184,Unknown,light,black,clean_shaven,R,LF,,0,,,51,59,48,50,47,53,60,52,52,53,,,,,,,,,,,,41,50,42,48,47,0,0,52,44,46,,,,,,,,,,,,False,,,0,,,,,,0,50,,power
P1691,John,Doe,1993-06-16,74,163,Unknown,medium,blonde,clean_shaven,S,RF,,0,,,53,58,49,49,49,51,52,52,52,53,,,,,,,,,,,,44,57,41,44,49,0,0,52,46,43,,,,,,,,,,,,False,,,0,,,,,,0,50,,balanced
P4659,John,Doe,2005-02-13,77,183,Unknown,medium,black,clean_shaven,L,SS,,0,,,52,52,86,52,54,51,51,52,47,49,,,,,,,,,,,,64,65,99,80,54,0,0,52,74,62,,,,,,,,,,,,False,,,0,,,,,,0,50,,speed
P9688,John,Doe,1993-07-04,71,217,Unknown,dark,brown,mustache,R,C,,0,,,53,50,76,50,51,49,59,49,49,50,,,,,,,,,,,,45,49,66,41,51,0,0,49,47,50,,,,,,,,,,,,False,,,0,,,,,,0,50,,speed
P3061,John,Doe,1997-04-10,78,194,Unknown,light,black,clean_shaven,R,RF,,0,,,63,67,51,50,50,51,56,48,48,49,,,,,,,,,,,,67,65,47,45,50,0,0,48,53,50,,,,,,,,,,,,False,,,0,,,,,,0,50,,gap
P6930,John,Doe,2002-12-11,76,188,Unknown,medium,black,beard,L,CF,,0,,,54,48,78,51,52,50,48,49,50,50,,,,,,,,,,,,61,55,86,60,52,0,0,49,61,57,,,,,,,,,,,,False,,,0,,,,,,0,50,,speed
P8846,John,Doe,1994-01-06,71,221,Unknown,dark,blonde,goatee,R,P,,1,RP,CL,,,,,55,,,,51,52,52,50,53,53,53,0,61,65,0,0,0,,,,,0,,,,45,46,44,51,43,50,50,0,55,60,0,0,0,False,,,0,,,,,,0,50,closer,
P5456,John,Doe,1987-07-05,77,196,Unknown,medium,blonde,beard,S,P,,1,RP,RP,,,,,52,,,,50,53,48,50,52,51,55,0,61,67,0,55,0,,,,,0,,,,41,43,42,46,45,46,52,0,60,64,0,51,0,False,,,0,,,,,,0,50,power_rp,
P4388,John,Doe,1998-05-24,75,178,Unknown,medium,black,beard,R,P,,1,RP,RP,,,,,51,,,,50,50,52,50,53,49,55,0,61,64,62,0,0,,,,,0,,,,61,58,60,61,65,61,68,0,68,71,77,0,0,False,,,0,,,,,,0,50,power_rp,
P9776,John,Doe,1999-03-14,73,224,Unknown,medium,brown,beard,S,P,,1,RP,CL,,,,,51,,,,50,52,49,50,52,50,51,59,58,67,0,0,0,,,,,0,,,,59,63,56,57,64,55,58,67,64,81,0,0,0,False,,,0,,,,,,0,50,closer,
P8364,John,Doe,1994-04-14,70,198,Unknown,light,black,clean_shaven,S,P,,1,RP,SP,,,,,50,,,,53,54,50,52,52,49,54,0,61,62,0,0,0,,,,,0,,,,48,54,51,52,55,50,56,0,57,58,0,0,0,False,,,0,,,,,,0,50,power_sp,
P6235,John,Doe,1996-04-17,77,231,Unknown,medium,brown,clean_shaven,L,P,,1,RP,RP,,,,,51,,,,50,54,51,50,52,52,55,0,62,65,61,0,0,,,,,0,,,,46,51,46,57,47,53,56,0,63,63,65,0,0,False,,,0,,,,,,0,50,power_rp,
P2312,John,Doe,1990-08-28,69,226,Unknown,light,black,goatee,R,P,,1,RP,SP,,,,,48,,,,48,54,54,51,52,48,53,0,61,62,0,58,0,,,,,0,,,,42,53,44,42,53,41,49,0,59,58,0,48,0,False,,,0,,,,,,0,50,power_sp,
P5273,John,Doe,1992-11-23,71,167,Unknown,medium,brown,beard,L,LF,,0,,,53,53,49,51,48,52,48,50,50,53,,,,,,,,,,,,53,46,45,45,48,0,0,50,46,48,,,,,,,,,,,,False,,,0,,,,,,0,50,,average
P5131,John,Doe,2001-03-15,69,222,Unknown,dark,brown,clean_shaven,L,LF,,0,,,53,52,48,51,50,51,48,52,50,50,,,,,,,,,,,,60,61,59,60,50,0,0,52,64,62,,,,,,,,,,,,False,,,0,,,,,,0,50,,average
P7466,John,Doe,1997-08-31,76,212,Unknown,light,black,mustache,R,1B,,0,,,53,49,51,50,50,52,53,50,50,53,,,,,,,,,,,,53,45,49,52,50,0,0,50,55,53,,,,,,,,,,,,False,,,0,,,,,,0,50,,average
P4312,John,Doe,1994-04-30,69,213,Unknown,medium,red,mustache,L,RF,,0,,,50,53,49,49,52,52,47,50,50,51,,,,,,,,,,,,51,55,51,48,52,0,0,50,50,52,,,,,,,,,,,,False,,,0,,,,,,0,50,,average
P2870,John,Doe,1997-12-23,71,232,Unknown,dark,black,beard,L,1B,,0,,,65,55,53,54,53,46,48,53,52,51,,,,,,,,,,,,63,56,54,52,53,0,0,53,52,46,,,,,,,,,,,,False,,,0,,,,,,0,50,,spray
P9216,John,Doe,1988-03-31,69,244,Unknown,light,brown,clean_shaven,L,1B,,0,,,53,48,53,52,52,53,47,50,52,48,,,,,,,,,,,,46,40,52,47,52,0,0,50,48,40,,,,,,,,,,,,False,,,0,,,,,,0,50,,average
P9765,John,Doe,2004-07-03,77,200,Unknown,dark,brown,clean_shaven,L,RF,,0,,,51,60,51,51,47,51,48,49,52,51,,,,,,,,,,,,78,74,66,71,47,0,0,49,75,70,,,,,,,,,,,,False,,,0,,,,,,0,50,,power
P3808,John,Doe,1989-04-25,69,163,Unknown,light,black,beard,R,1B,,0,,,49,59,53,49,48,54,57,52,51,50,,,,,,,,,,,,46,49,47,40,48,0,0,52,45,47,,,,,,,,,,,,False,,,0,,,,,,0,50,,power
P2874,John,Doe,2005-11-22,78,241,Unknown,light,brown,clean_shaven,R,P,,1,RP,CL,,,,,55,,,,48,54,48,52,52,50,54,0,0,67,0,0,0,,,,,0,,,,59,76,80,63,68,76,67,0,0,77,0,0,0,False,,,0,,,,,,0,50,closer,
P8476,John,Doe,2004-08-27,73,196,Unknown,light,brown,clean_shaven,R,P,,1,RP,SP,,,,,50,,,,50,50,50,51,52,50,50,59,62,57,58,0,0,,,,,0,,,,62,77,68,63,71,75,71,73,79,78,74,0,0,False,,,0,,,,,,0,50,workhorse_sp,
P4253,John,Doe,2007-12-12,77,212,Unknown,light,brown,clean_shaven,R,P,,1,RP,SP,,,,,48,,,,51,50,50,51,52,51,50,63,60,60,0,0,0,,,,,0,,,,72,69,76,66,68,74,65,74,86,71,0,0,0,False,,,0,,,,,,0,50,workhorse_sp,
P2723,John,Doe,2005-05-18,71,198,Unknown,dark,black,mustache,R,P,,1,RP,CL,,,,,52,,,,51,54,50,50,52,52,56,0,0,67,0,0,0,,,,,0,,,,70,84,64,82,71,77,69,0,0,88,0,0,0,False,,,0,,,,,,0,50,closer,
P2397,John,Doe,2005-12-05,74,246,Unknown,dark,blonde,clean_shaven,S,P,,1,RP,SP,,,,,50,,,,49,48,50,51,52,51,53,59,60,58,0,0,0,,,,,0,,,,77,77,63,64,78,74,64,69,76,68,0,0,0,False,,,0,,,,,,0,50,finesse_sp,
P9267,John,Doe,2004-12-04,78,190,Unknown,medium,blonde,clean_shaven,R,LF,,0,,,50,55,49,50,51,50,59,53,51,50,,,,,,,,,,,,79,70,72,70,51,0,0,53,67,67,,,,,,,,,,,,False,,,0,,,,,,0,50,,balanced
P9150,John,Doe,2004-10-12,71,239,Unknown,medium,red,clean_shaven,R,2B,,0,,,60,49,52,57,50,48,59,49,52,50,,,,,,,,,,,,70,78,82,74,50,0,0,49,67,64,,,,,,,,,,,,False,,,0,,,,,,0,50,,spray
P7045,John,Doe,2006-04-17,71,186,Unknown,light,black,clean_shaven,R,1B,,0,,,50,54,52,51,51,49,53,51,47,48,,,,,,,,,,,,78,79,67,74,51,0,0,51,57,67,,,,,,,,,,,,False,,,0,,,,,,0,50,,balanced
P8925,John,Doe,2005-05-18,76,227,Unknown,medium,black,clean_shaven,L,LF,RF,0,,,51,52,52,50,52,51,51,50,50,49,,,,,,,,,,,,69,80,65,76,52,0,0,50,80,68,,,,,,,,,,,,False,,,0,,,,,,0,50,,average
P4821,John,Doe,2006-08-18,73,219,Unknown,dark,blonde,clean_shaven,R,2B,,0,,,53,53,51,54,53,52,58,50,49,50,,,,,,,,,,,,77,75,71,67,53,0,0,50,77,72,,,,,,,,,,,,False,,,0,,,,,,0,50,,balanced
P2508,John,Doe,1999-08-12,76,201,Unknown,light,black,beard,L,P,,1,RP,CL,,,,,55,,,,49,52,50,50,52,50,52,0,59,65,0,0,0,,,,,0,,,,56,60,61,65,57,63,66,0,74,70,0,0,0,False,,,0,,,,,,0,50,closer,
P3616,John,Doe,2001-11-12,71,205,Unknown,light,black,clean_shaven,L,P,,1,RP,SP,,,,,51,,,,49,51,51,51,52,50,52,0,59,61,59,0,0,,,,,0,,,,58,65,66,66,57,62,60,0,66,71,72,0,0,False,,,0,,,,,,0,50,groundball_sp,
P6383,John,Doe,2001-06-02,78,166,Unknown,dark,brown,mustache,R,P,,1,RP,RP,,,,,49,,,,52,53,49,50,52,49,54,0,61,0,0,0,0,,,,,0,,,,63,64,63,61,57,55,67,0,70,0,0,0,0,False,,,0,,,,,,0,50,power_rp,
P6388,John,Doe,2003-03-15,73,217,Unknown,dark,blonde,clean_shaven,L,P,,1,RP,SP,,,,,51,,,,50,47,50,50,52,49,48,60,64,0,60,54,0,,,,,0,,,,57,53,65,67,56,61,63,74,69,0,72,61,0,False,,,0,,,,,,0,50,finesse_sp,
P6945,John,Doe,2003-12-12,77,236,Unknown,medium,black,mustache,R,P,,1,RP,CL,,,,,49,,,,48,52,50,53,61,49,51,60,0,65,0,0,0,,,,,0,,,,54,65,62,76,55,55,60,71,0,72,0,0,0,False,,,0,,,,,,0,50,closer,
P3245,John,Doe,1995-04-05,71,218,Unknown,light,blonde,clean_shaven,S,P,,1,RP,CL,,,,,50,,,,49,54,50,50,52,53,53,0,0,66,0,0,0,,,,,0,,,,46,58,47,49,55,52,57,0,0,70,0,0,0,False,,,0,,,,,,0,50,closer,
P9027,John,Doe,1991-08-19,77,197,Unknown,dark,red,beard,R,P,,1,RP,LR,,,,,52,,,,50,50,51,50,54,49,52,56,0,67,0,0,0,,,,,0,,,,45,42,49,54,48,42,42,55,0,66,0,0,0,False,,,0,,,,,,0,50,long_relief,
P1499,John,Doe,1998-07-17,73,191,Unknown,dark,brown,clean_shaven,L,P,,1,RP,SP,,,,,50,,,,52,50,54,51,54,52,52,57,62,63,0,0,0,,,,,0,,,,66,64,62,67,68,64,58,63,74,78,0,0,0,False,,,0,,,,,,0,50,power_sp,
P2833,John,Doe,1996-08-03,78,199,Unknown,medium,blonde,beard,L,P,,1,RP,SP,,,,,52,,,,52,48,52,53,52,50,52,0,62,62,0,0,0,,,,,0,,,,51,46,51,56,57,47,52,0,59,66,0,0,0,False,,,0,,,,,,0,50,workhorse_sp,
P8624,John,Doe,1993-07-21,75,174,Unknown,dark,black,clean_shaven,L,P,,1,RP,SP,,,,,49,,,,52,53,52,52,53,52,50,0,63,63,0,0,0,,,,,0,,,,46,51,42,46,50,49,50,0,59,61,0,0,0,False,,,0,,,,,,0,50,power_sp,
P1232,John,Doe,2002-05-15,69,222,Unknown,dark,black,clean_shaven,S,P,,1,RP,SP,,,,,48,,,,49,50,51,51,52,50,49,58,62,59,0,55,0,,,,,0,,,,62,55,62,62,56,64,64,72,75,66,0,69,0,False,,,0,,,,,,0,50,balanced_sp,
P5183,John,Doe,2003-10-27,75,221,Unknown,dark,black,clean_shaven,R,C,,0,,,51,61,48,50,47,49,54,49,49,52,,,,,,,,,,,,58,66,58,61,47,0,0,49,58,67,,,,,,,,,,,,False,,,0,,,,,,0,50,,power
P8257,John,Doe,1990-09-04,69,197,Unknown,light,black,beard,R,1B,,0,,,62,53,54,50,49,48,55,50,52,51,,,,,,,,,,,,61,45,50,50,49,0,0,50,47,51,,,,,,,,,,,,False,,,0,,,,,,0,50,,spray
P6893,John,Doe,1989-12-10,68,240,Unknown,medium,black,mustache,R,2B,,0,,,57,48,49,56,53,51,58,51,49,51,,,,,,,,,,,,52,44,39,48,53,0,0,51,40,44,,,,,,,,,,,,False,,,0,,,,,,0,50,,spray
P4977,John,Doe,1992-12-21,69,203,Unknown,dark,brown,clean_shaven,R,3B,,0,,,50,57,47,49,49,52,60,51,52,51,,,,,,,,,,,,43,51,46,46,49,0,0,51,51,50,,,,,,,,,,,,False,,,0,,,,,,0,50,,power
P2507,John,Doe,1994-10-24,76,199,Unknown,light,black,clean_shaven,R,SS,,0,,,49,52,53,49,50,51,58,49,47,48,,,,,,,,,,,,44,48,55,50,50,0,0,49,48,46,,,,,,,,,,,,False,,,0,,,,,,0,50,,balanced
P5319,John,Doe,1997-08-30,76,179,Unknown,medium,black,beard,R,LF,,0,,,51,51,48,52,49,52,55,53,51,50,,,,,,,,,,,,48,46,44,51,49,0,0,53,52,52,,,,,,,,,,,,False,,,0,,,,,,0,50,,average
P8036,John,Doe,1987-03-06,73,162,Unknown,medium,brown,clean_shaven,S,CF,,0,,,50,46,85,49,53,51,50,50,48,48,,,,,,,,,,,,49,41,83,39,53,0,0,50,39,44,,,,,,,,,,,,False,,,0,,,,,,0,50,,elite_speed
P5402,John,Doe,2004-12-19,68,229,Unknown,light,brown,mustache,R,RF,,0,,,48,52,50,51,51,49,54,50,51,51,,,,,,,,,,,,72,82,60,69,51,0,0,50,61,62,,,,,,,,,,,,False,,,0,,,,,,0,50,,average
P4258,John,Doe,1999-03-14,68,193,Unknown,medium,brown,clean_shaven,S,3B,,0,,,49,61,47,50,47,49,53,52,49,52,,,,,,,,,,,,60,70,55,62,47,0,0,52,63,64,,,,,,,,,,,,False,,,0,,,,,,0,50,,power
P8034,John,Doe,1990-05-23,71,182,Unknown,dark,black,clean_shaven,R,3B,,0,,,52,60,51,50,49,49,57,50,48,49,,,,,,,,,,,,47,52,42,48,49,0,0,50,39,40,,,,,,,,,,,,False,,,0,,,,,,0,50,,power
P1972,John,Doe,2001-02-19,70,227,Unknown,dark,black,mustache,R,3B,,0,,,53,59,50,52,46,53,60,49,52,50,,,,,,,,,,,,63,64,57,60,46,0,0,49,67,62,,,,,,,,,,,,False,,,0,,,,,,0,50,,power
P6617,John,Doe,1988-07-26,72,246,Unknown,light,brown,clean_shaven,L,1B,,0,,,53,55,54,50,50,49,49,49,50,49,,,,,,,,,,,,47,47,54,48,50,0,0,49,48,47,,,,,,,,,,,,False,,,0,,,,,,0,50,,balanced
P5113,John,Doe,1996-03-13,69,181,Unknown,dark,brown,clean_shaven,R,1B,,0,,,50,60,48,51,51,52,54,51,52,50,,,,,,,,,,,,48,56,53,50,51,0,0,51,57,52,,,,,,,,,,,,False,,,0,,,,,,0,50,,power
P1294,John,Doe,2000-06-15,68,217,Unknown,medium,brown,clean_shaven,S,RF,CF,0,,,50,49,70,51,53,50,47,49,52,51,,,,,,,,,,,,58,57,81,58,53,0,0,49,63,66,,,,,,,,,,,,False,,,0,,,,,,0,50,,speed
P9355,John,Doe,2001-07-11,72,204,Unknown,dark,brown,clean_shaven,R,P,,1,RP,CL,,,,,55,,,,51,51,49,50,53,49,52,56,58,65,0,0,0,,,,,0,,,,56,56,62,63,64,54,64,61,66,70,0,0,0,False,,,0,,,,,,0,50,closer,
P7056,John,Doe,1990-10-02,76,219,Unknown,light,black,clean_shaven,L,P,,1,RP,RP,,,,,52,,,,50,49,49,51,53,50,52,0,59,63,63,0,0,,,,,0,,,,47,45,43,53,46,46,48,0,59,63,57,0,0,False,,,0,,,,,,0,50,power_rp,
P2748,John,Doe,1998-01-21,69,245,Unknown,dark,red,clean_shaven,L,P,,1,RP,SP,,,,,51,,,,52,50,52,51,52,48,49,58,61,59,61,0,0,,,,,0,,,,57,54,52,49,49,50,45,60,65,63,65,0,0,False,,,0,,,,,,0,50,groundball_sp,
P8389,John,Doe,1992-01-02,72,224,Unknown,medium,brown,clean_shaven,L,P,,1,RP,RP,,,,,49,,,,49,54,53,50,52,49,53,0,61,0,0,0,0,,,,,0,,,,41,49,45,52,53,40,52,0,52,0,0,0,0,False,,,0,,,,,,0,50,power_rp,
P3895,John,Doe,1999-02-10,70,218,Unknown,medium,brown,beard,L,P,,1,RP,RP,,,,,48,,,,51,49,51,50,54,53,54,0,61,64,0,0,0,,,,,0,,,,64,62,58,65,66,58,69,0,75,78,0,0,0,False,,,0,,,,,,0,50,power_rp,
P8173,John,Doe,1997-10-02,71,177,Unknown,medium,blonde,beard,S,P,,1,RP,SP,,,,,50,,,,50,50,50,54,54,49,50,61,60,0,56,57,0,,,,,0,,,,49,51,49,56,52,44,51,59,57,0,54,61,0,False,,,0,,,,,,0,50,finesse_sp,
P2692,John,Doe,1993-04-12,75,244,Unknown,light,black,beard,R,P,,1,RP,SP,,,,,50,,,,51,54,52,50,53,49,52,0,60,62,57,56,0,,,,,0,,,,49,54,47,50,50,49,48,0,54,58,48,53,0,False,,,0,,,,,,0,50,power_sp,
P1469,John,Doe,1999-04-20,68,234,Unknown,dark,red,goatee,R,3B,,0,,,48,50,53,51,47,50,56,51,49,48,,,,,,,,,,,,55,61,67,61,47,0,0,51,59,54,,,,,,,,,,,,False,,,0,,,,,,0,50,,balanced
P9938,John,Doe,1994-11-03,77,232,Unknown,medium,red,clean_shaven,R,LF,,0,,,60,65,47,52,49,53,56,52,49,49,,,,,,,,,,,,58,69,48,52,49,0,0,52,48,50,,,,,,,,,,,,False,,,0,,,,,,0,50,,gap
P6714,John,Doe,1987-05-09,68,226,Unknown,medium,black,clean_shaven,R,RF,,0,,,50,59,47,49,48,54,55,51,51,51,,,,,,,,,,,,45,54,38,39,48,0,0,51,46,46,,,,,,,,,,,,False,,,0,,,,,,0,50,,power
P2901,John,Doe,1996-08-31,69,177,Unknown,medium,black,goatee,L,3B,,0,,,52,60,48,51,48,52,49,52,50,51,,,,,,,,,,,,48,62,53,52,48,0,0,52,53,51,,,,,,,,,,,,False,,,0,,,,,,0,50,,power
P5307,John,Doe,1999-04-18,74,243,Unknown,dark,blonde,clean_shaven,R,1B,,0,,,53,50,70,52,50,51,55,48,49,49,,,,,,,,,,,,60,63,84,66,50,0,0,48,54,54,,,,,,,,,,,,False,,,0,,,,,,0,50,,speed
P1441,John,Doe,1999-06-15,69,182,Unknown,medium,brown,clean_shaven,S,CF,,0,,,53,51,49,50,50,50,46,51,50,50,,,,,,,,,,,,59,60,62,65,50,0,0,51,65,61,,,,,,,,,,,,False,,,0,,,,,,0,50,,balanced
P8874,John,Doe,1989-07-13,71,199,Unknown,medium,brown,mustache,R,1B,,0,,,49,63,48,49,47,51,55,50,51,50,,,,,,,,,,,,44,54,40,46,47,0,0,50,46,42,,,,,,,,,,,,False,,,0,,,,,,0,50,,power
P2848,John,Doe,1994-12-19,75,174,Unknown,dark,blonde,beard,L,LF,RF,0,,,51,49,85,52,50,49,48,50,51,51,,,,,,,,,,,,50,45,89,47,50,0,0,50,48,49,,,,,,,,,,,,False,,,0,,,,,,0,50,,elite_speed
P3375,John,Doe,2006-08-27,74,197,Unknown,medium,blonde,clean_shaven,R,P,,1,RP,CL,,,,,55,,,,51,52,50,51,52,51,54,0,0,65,0,0,0,,,,,0,,,,78,73,80,79,64,80,71,0,0,77,0,0,0,False,,,0,,,,,,0,50,closer,
P6281,John,Doe,2004-09-05,76,164,Unknown,light,blonde,clean_shaven,R,P,,1,RP,SP,,,,,49,,,,49,51,52,50,54,48,49,59,61,61,0,0,0,,,,,0,,,,74,68,70,78,80,73,63,88,80,78,0,0,0,False,,,0,,,,,,0,50,balanced_sp,
P7011,John,Doe,2007-10-05,77,199,Unknown,light,brown,clean_shaven,L,P,,1,RP,CL,,,,,53,,,,52,53,47,50,54,49,54,0,0,65,0,0,0,,,,,0,,,,79,63,64,80,57,71,75,0,0,79,0,0,0,False,,,0,,,,,,0,50,closer,
P9970,John,Doe,2006-05-26,76,240,Unknown,medium,black,clean_shaven,S,P,,1,RP,CL,,,,,49,,,,53,51,47,50,53,51,54,0,0,67,0,0,0,,,,,0,,,,81,77,80,64,59,64,71,0,0,83,0,0,0,False,,,0,,,,,,0,50,closer,
P1347,John,Doe,2005-03-25,73,160,Unknown,light,brown,clean_shaven,R,P,,1,RP,RP,,,,,51,,,,48,50,49,50,52,53,49,61,59,0,0,0,0,,,,,0,,,,59,62,60,82,78,70,68,73,83,0,0,0,0,False,,,0,,,,,,0,50,finesse_rp,
P2997,John,Doe,2004-07-16,71,195,Unknown,light,brown,clean_shaven,R,RF,,0,,,60,52,52,51,49,51,57,51,51,51,,,,,,,,,,,,75,82,68,69,49,0,0,51,79,72,,,,,,,,,,,,False,,,0,,,,,,0,50,,spray
P8276,John,Doe,2006-03-31,70,189,Unknown,light,black,clean_shaven,L,1B,,0,,,63,51,51,51,49,49,48,50,49,51,,,,,,,,,,,,92,63,72,81,49,0,0,50,62,72,,,,,,,,,,,,False,,,0,,,,,,0,50,,spray
P3394,John,Doe,2007-06-28,68,216,Unknown,dark,brown,beard,R,LF,,0,,,54,60,50,53,49,53,58,50,52,53,,,,,,,,,,,,66,85,65,64,49,0,0,50,77,65,,,,,,,,,,,,False,,,0,,,,,,0,50,,power
P4067,John,Doe,2006-09-10,77,163,Unknown,dark,black,clean_shaven,L,1B,,0,,,53,52,70,50,49,52,45,50,49,49,,,,,,,,,,,,74,72,96,74,49,0,0,50,64,72,,,,,,,,,,,,False,,,0,,,,,,0,50,,speed
P9632,John,Doe,2004-12-21,70,193,Unknown,dark,black,clean_shaven,L,2B,,0,,,53,50,49,52,51,50,52,52,49,52,,,,,,,,,,,,83,71,69,68,51,0,0,52,69,81,,,,,,,,,,,,False,,,0,,,,,,0,50,,average
P7840,John,Doe,1998-09-01,71,205,Unknown,dark,brown,clean_shaven,R,P,,1,RP,CL,,,,,55,,,,53,52,51,51,54,53,52,59,57,67,0,0,0,,,,,0,,,,59,62,58,61,65,58,57,64,62,77,0,0,0,False,,,0,,,,,,0,50,closer,
P4150,John,Doe,1989-09-23,78,190,Unknown,medium,brown,clean_shaven,R,P,,1,RP,SP,,,,,50,,,,49,53,53,50,54,48,52,57,59,61,0,0,0,,,,,0,,,,45,46,50,47,50,40,44,55,55,60,0,0,0,False,,,0,,,,,,0,50,power_sp,
P2375,John,Doe,1989-08-16,76,162,Unknown,dark,black,beard,R,P,,1,RP,RP,,,,,54,,,,50,50,51,51,53,51,50,0,0,0,64,0,0,,,,,0,,,,43,49,47,45,44,44,47,0,0,0,63,0,0,False,,,0,,,,,,0,50,groundball_rp,
P1049,John,Doe,1993-12-27,71,235,Unknown,medium,blonde,beard,R,P,,1,RP,SP,,,,,52,,,,51,53,50,54,52,53,51,59,59,0,0,57,0,,,,,0,,,,44,47,49,51,48,45,48,58,55,0,0,52,0,False,,,0,,,,,,0,50,finesse_sp,
P7929,John,Doe,1995-01-05,69,247,Unknown,light,brown,clean_shaven,R,P,,1,RP,RP,,,,,8,,,,51,51,48,50,52,51,52,0,63,63,0,0,0,,,,,10,,,,54,46,53,48,49,55,57,0,58,67,0,0,0,False,,,0,,,,,,0,50,power_rp,
P2883,John,Doe,1989-12-25,75,183,Unknown,light,blonde,clean_shaven,R,P,,1,RP,LR,,,,,51,,,,49,49,49,50,52,49,52,56,0,0,0,0,0,,,,,0,,,,39,46,45,43,45,44,44,46,0,0,0,0,0,False,,,0,,,,,,0,50,long_relief,
P8368,John,Doe,1989-09-19,72,165,Unknown,light,brown,beard,R,P,,1,RP,RP,,,,,56,,,,49,53,49,52,52,49,52,0,61,66,61,0,0,,,,,0,,,,39,46,44,46,40,46,49,0,56,62,53,0,0,False,,,0,,,,,,0,50,groundball_rp,
P8858,John,Doe,1991-12-09,76,186,Unknown,medium,black,clean_shaven,L,P,,1,RP,SP,,,,,52,,,,50,53,53,51,53,49,52,0,60,59,0,0,0,,,,,0,,,,47,53,49,52,47,41,48,0,59,59,0,0,0,False,,,0,,,,,,0,50,power_sp,
P1478,John,Doe,2000-03-09,78,250,Unknown,light,brown,goatee,R,P,,1,RP,SP,,,,,48,,,,49,52,53,51,52,49,54,60,59,62,0,0,0,,,,,0,,,,58,66,58,61,60,55,66,73,65,71,0,0,0,False,,,0,,,,,,0,50,workhorse_sp,
P1664,John,Doe,1991-08-09,72,219,Unknown,light,blonde,clean_shaven,R,P,LF,1,RP,SP,,,,,53,,,,52,52,53,51,52,48,53,0,61,58,60,0,0,,,,,0,,,,44,52,49,42,45,45,47,0,55,51,50,0,0,False,,,0,,,,,,0,50,groundball_sp,
P2398,John,Doe,1990-09-17,74,180,Unknown,dark,brown,goatee,R,P,,1,RP,SP,,,,,51,,,,50,51,54,53,53,51,53,59,62,59,54,0,0,,,,,0,,,,49,49,49,53,45,48,52,49,55,54,44,0,0,False,,,0,,,,,,0,50,balanced_sp,
P5426,John,Doe,1993-05-09,69,176,Unknown,light,blonde,beard,R,C,,0,,,49,50,47,49,49,52,57,52,52,47,,,,,,,,,,,,45,50,38,44,49,0,0,52,43,45,,,,,,,,,,,,False,,,0,,,,,,0,50,,average
P5929,John,Doe,1993-05-24,74,189,Unknown,light,blonde,goatee,R,1B,,0,,,51,58,48,52,49,54,56,49,48,52,,,,,,,,,,,,48,54,42,49,49,0,0,49,40,50,,,,,,,,,,,,False,,,0,,,,,,0,50,,power
P5153,John,Doe,2004-09-06,73,217,Unknown,light,black,beard,R,2B,,0,,,53,51,70,53,49,50,59,49,50,49,,,,,,,,,,,,70,75,94,74,49,0,0,49,75,62,,,,,,,,,,,,False,,,0,,,,,,0,50,,speed
P6340,John,Doe,1995-05-05,69,193,Unknown,dark,black,clean_shaven,R,3B,,0,,,59,56,52,55,46,50,59,51,49,52,,,,,,,,,,,,60,51,49,58,46,0,0,51,46,53,,,,,,,,,,,,False,,,0,,,,,,0,50,,gap
P9129,John,Doe,1993-02-02,70,213,Unknown,dark,blonde,beard,R,SS,,0,,,52,53,49,51,49,51,57,53,53,50,,,,,,,,,,,,51,46,48,46,49,0,0,53,53,48,,,,,,,,,,,,False,,,0,,,,,,0,50,,gap
P4349,John,Doe,2005-01-08,77,164,Unknown,dark,black,mustache,R,LF,,0,,,51,61,47,50,50,51,54,53,53,51,,,,,,,,,,,,68,72,57,73,50,0,0,53,66,70,,,,,,,,,,,,False,,,0,,,,,,0,50,,power
P9137,John,Doe,1999-04-06,69,161,Unknown,light,brown,beard,R,CF,,0,,,60,50,50,52,51,47,57,47,49,48,,,,,,,,,,,,70,62,64,67,51,0,0,47,58,58,,,,,,,,,,,,False,,,0,,,,,,0,50,,spray
P3001,John,Doe,2004-04-08,78,187,Unknown,dark,brown,clean_shaven,S,RF,,0,,,50,52,70,49,52,50,54,49,49,51,,,,,,,,,,,,71,78,92,68,52,0,0,49,76,68,,,,,,,,,,,,False,,,0,,,,,,0,50,,speed
P7974,John,Doe,2002-03-22,69,206,Unknown,dark,black,goatee,R,1B,,0,,,50,63,52,49,51,50,52,48,53,48,,,,,,,,,,,,65,70,65,56,51,0,0,48,64,59,,,,,,,,,,,,False,,,0,,,,,,0,50,,power
P6719,John,Doe,2002-12-27,76,170,Unknown,dark,black,clean_shaven,L,1B,,0,,,52,51,50,51,51,49,44,48,52,50,,,,,,,,,,,,64,58,59,59,51,0,0,48,66,62,,,,,,,,,,,,False,,,0,,,,,,0,50,,balanced
P4802,John,Doe,1990-06-27,71,206,Unknown,dark,black,clean_shaven,R,LF,,0,,,50,63,48,49,47,53,57,51,49,52,,,,,,,,,,,,44,57,42,44,47,0,0,51,45,51,,,,,,,,,,,,False,,,0,,,,,,0,50,,power
P7081,John,Doe,1995-06-15,76,172,Unknown,light,blonde,clean_shaven,R,2B,,0,,,57,57,48,54,48,50,55,49,53,50,,,,,,,,,,,,55,55,43,59,48,0,0,49,55,54,,,,,,,,,,,,False,,,0,,,,,,0,50,,gap
P4024,John,Doe,1989-10-27,68,191,Unknown,medium,blonde,beard,S,2B,,0,,,49,57,52,48,48,52,53,48,49,51,,,,,,,,,,,,41,49,52,45,48,0,0,48,44,49,,,,,,,,,,,,False,,,0,,,,,,0,50,,power
P6429,John,Doe,1990-02-04,73,249,Unknown,dark,brown,clean_shaven,L,LF,,0,,,63,51,48,53,50,51,48,53,49,51,,,,,,,,,,,,57,47,45,48,50,0,0,53,41,49,,,,,,,,,,,,False,,,0,,,,,,0,50,,spray
P2916,John,Doe,2005-02-05,71,206,Unknown,light,black,goatee,L,P,,1,RP,CL,,,,,55,,,,52,54,48,53,59,52,54,56,58,65,0,0,0,,,,,0,,,,76,69,76,77,60,76,72,85,71,81,0,0,0,False,,,0,,,,,,0,50,closer,
P9813,John,Doe,2003-09-11,69,246,Unknown,dark,brown,mustache,S,P,,1,RP,SP,,,,,53,,,,50,53,54,53,52,48,50,60,60,63,0,0,0,,,,,0,,,,58,59,59,60,59,57,58,65,71,68,0,0,0,False,,,0,,,,,,0,50,workhorse_sp,
P8983,John,Doe,1988-03-04,68,163,Unknown,medium,black,clean_shaven,R,P,,1,RP,RP,,,,,51,,,,49,50,49,52,53,50,52,0,0,65,0,0,0,,,,,0,,,,47,42,47,50,49,48,44,0,0,60,0,0,0,False,,,0,,,,,,0,50,power_rp,
P6660,John,Doe,2000-04-27,75,181,Unknown,light,blonde,mustache,L,P,,1,RP,RP,,,,,51,,,,50,51,51,52,52,52,53,0,0,65,0,0,0,,,,,0,,,,63,60,58,65,57,58,61,0,0,73,0,0,0,False,,,0,,,,,,0,50,power_rp,
P4144,John,Doe,2001-11-20,74,196,Unknown,medium,brown,clean_shaven,R,P,RF,1,RP,SP,,,,,51,,,,53,53,50,50,54,51,54,0,63,59,0,0,0,,,,,0,,,,62,61,58,63,59,66,60,0,75,74,0,0,0,False,,,0,,,,,,0,50,power_sp,
P8388,John,Doe,1998-04-27,68,201,Unknown,dark,brown,clean_shaven,R,P,,1,RP,SP,,,,,39,,,,52,49,51,50,52,51,51,61,60,61,0,0,0,,,,,54,,,,67,61,65,65,58,65,60,66,73,66,0,0,0,False,,,0,,,,,,0,50,workhorse_sp,
P7193,John,Doe,1996-11-03,68,178,Unknown,medium,blonde,clean_shaven,L,P,,1,RP,SP,,,,,51,,,,49,49,52,52,54,52,53,59,59,60,0,0,0,,,,,0,,,,47,48,49,58,52,57,56,63,58,59,0,0,0,False,,,0,,,,,,0,50,balanced_sp,
P4200,John,Doe,2004-08-21,69,220,Unknown,medium,brown,clean_shaven,L,SS,,0,,,52,48,84,51,50,50,49,51,49,51,,,,,,,,,,,,67,67,99,81,50,0,0,51,73,78,,,,,,,,,,,,False,,,0,,,,,,0,50,,speed
P3238,John,Doe,1991-04-01,71,168,Unknown,light,red,clean_shaven,L,CF,,0,,,51,51,70,49,51,48,49,51,48,49,,,,,,,,,,,,42,49,60,41,51,0,0,51,38,39,,,,,,,,,,,,False,,,0,,,,,,0,50,,speed
P8970,John,Doe,1992-09-22,74,227,Unknown,light,black,clean_shaven,S,2B,,0,,,52,50,70,51,51,48,56,49,52,51,,,,,,,,,,,,44,47,65,51,51,0,0,49,52,43,,,,,,,,,,,,False,,,0,,,,,,0,50,,speed
P3855,John,Doe,1992-07-23,77,167,Unknown,medium,brown,mustache,R,C,,0,,,52,51,48,51,51,52,59,51,48,51,,,,,,,,,,,,50,45,47,48,51,0,0,51,48,44,,,,,,,,,,,,False,,,0,,,,,,0,50,,average
P8748,John,Doe,1988-06-15,68,199,Unknown,medium,black,beard,L,RF,,0,,,61,53,53,52,53,48,47,49,51,48,,,,,,,,,,,,52,50,52,47,53,0,0,49,49,44,,,,,,,,,,,,False,,,0,,,,,,0,50,,spray
P2490,John,Doe,2001-11-03,68,241,Unknown,medium,black,mustache,R,3B,,0,,,51,58,49,50,46,51,58,50,52,49,,,,,,,,,,,,63,71,59,63,46,0,0,50,61,60,,,,,,,,,,,,False,,,0,,,,,,0,50,,power
P6316,John,Doe,1988-06-12,76,203,Unknown,medium,black,mustache,R,LF,C,0,,,50,61,50,50,47,51,57,51,52,51,,,,,,,,,,,,48,57,46,40,47,0,0,51,43,43,,,,,,,,,,,,False,,,0,,,,,,0,50,,power
P3316,John,Doe,1992-12-23,76,195,Unknown,light,brown,goatee,S,SS,,0,,,51,47,72,53,50,51,56,51,48,51,,,,,,,,,,,,49,37,67,46,50,0,0,51,43,48,,,,,,,,,,,,False,,,0,,,,,,0,50,,speed
P3168,John,Doe,2004-05-05,68,228,Unknown,medium,brown,beard,R,P,,1,RP,CL,,,,,55,,,,49,50,49,53,61,51,54,59,0,65,0,0,0,,,,,0,,,,74,70,67,89,76,68,66,81,0,92,0,0,0,False,,,0,,,,,,0,50,closer,
P5011,John,Doe,2008-01-17,74,220,Unknown,dark,blonde,clean_shaven,R,P,,1,RP,SP,,,,,49,,,,49,48,53,50,52,49,54,60,59,60,0,0,0,,,,,0,,,,60,68,69,82,82,62,81,81,75,77,0,0,0,False,,,0,,,,,,0,50,workhorse_sp,
P8047,John,Doe,2006-10-19,72,193,Unknown,medium,black,clean_shaven,R,P,,1,RP,LR,,,,,53,,,,51,49,52,52,52,52,49,58,60,66,0,0,0,,,,,0,,,,81,69,64,80,80,64,67,73,83,89,0,0,0,False,,,0,,,,,,0,50,long_relief,
P1828,John,Doe,2007-10-25,68,219,Unknown,medium,black,clean_shaven,L,P,,1,RP,SP,,,,,51,,,,49,53,52,50,52,50,53,59,0,61,0,0,0,,,,,0,,,,60,69,69,67,75,79,80,80,0,73,0,0,0,False,,,0,,,,,,0,50,balanced_sp,
P4612,John,Doe,2005-03-27,68,229,Unknown,medium,blonde,clean_shaven,R,P,,1,RP,SP,,,,,49,,,,52,50,52,52,52,51,49,62,64,0,56,54,0,,,,,0,,,,75,70,69,64,78,78,68,86,86,0,72,73,0,False,,,0,,,,,,0,50,finesse_sp,
P6136,John,Doe,2007-04-27,69,167,Unknown,dark,black,mustache,L,LF,,0,,,49,62,47,51,51,53,47,49,51,50,,,,,,,,,,,,77,78,69,68,51,0,0,49,79,72,,,,,,,,,,,,False,,,0,,,,,,0,50,,power
P4470,John,Doe,2007-03-30,69,182,Unknown,dark,blonde,clean_shaven,R,3B,,0,,,57,49,49,52,49,50,58,52,50,51,,,,,,,,,,,,86,74,67,74,49,0,0,52,73,63,,,,,,,,,,,,False,,,0,,,,,,0,50,,spray
P9851,John,Doe,2006-10-04,78,227,Unknown,light,black,clean_shaven,R,2B,,0,,,53,50,85,53,49,50,58,49,52,49,,,,,,,,,,,,69,67,99,67,49,0,0,49,79,74,,,,,,,,,,,,False,,,0,,,,,,0,50,,elite_speed
P3490,John,Doe,2007-04-12,77,197,Unknown,dark,brown,mustache,L,LF,,0,,,50,61,49,49,48,53,48,49,52,49,,,,,,,,,,,,74,77,67,77,48,0,0,49,81,65,,,,,,,,,,,,False,,,0,,,,,,0,50,,power
P6059,John,Doe,2006-09-02,77,247,Unknown,light,brown,mustache,L,CF,,0,,,53,47,75,49,50,52,44,49,48,51,,,,,,,,,,,,66,65,90,74,50,0,0,49,75,79,,,,,,,,,,,,False,,,0,,,,,,0,50,,speed
P8134,John,Doe,1992-12-14,74,224,Unknown,dark,brown,clean_shaven,R,P,,1,RP,CL,,,,,55,,,,51,53,50,52,52,49,55,58,58,66,0,0,0,,,,,0,,,,50,48,43,50,43,46,50,58,56,62,0,0,0,False,,,0,,,,,,0,50,closer,
P6415,John,Doe,1995-10-14,77,177,Unknown,dark,brown,clean_shaven,L,P,,1,RP,RP,,,,,52,,,,52,52,51,50,54,50,56,0,63,0,0,0,0,,,,,0,,,,52,52,47,56,54,45,56,0,59,0,0,0,0,False,,,0,,,,,,0,50,power_rp,
P6018,John,Doe,1992-02-24,70,209,Unknown,medium,brown,beard,L,P,,1,RP,SP,,,,,53,,,,50,51,51,50,53,52,53,59,60,60,60,0,0,,,,,0,,,,50,51,49,46,45,50,53,50,52,51,52,0,0,False,,,0,,,,,,0,50,groundball_sp,
P1501,John,Doe,2002-06-28,73,206,Unknown,dark,blonde,goatee,L,P,,1,RP,RP,,,,,50,,,,52,49,49,50,53,50,49,0,61,0,0,0,0,,,,,0,,,,58,54,58,66,55,65,60,0,74,0,0,0,0,False,,,0,,,,,,0,50,finesse_rp,
P9205,John,Doe,2003-06-11,70,160,Unknown,medium,black,clean_shaven,L,P,,1,RP,SP,,,,,51,,,,52,49,54,51,54,50,50,0,61,60,0,0,0,,,,,0,,,,62,63,65,65,65,56,61,0,74,68,0,0,0,False,,,0,,,,,,0,50,workhorse_sp,
P1440,John,Doe,1988-12-13,78,198,Unknown,light,brown,mustache,R,P,,1,RP,SP,,,,,49,,,,48,53,51,51,53,52,53,61,62,61,56,0,0,,,,,0,,,,38,49,49,48,47,43,47,51,52,58,46,0,0,False,,,0,,,,,,0,50,balanced_sp,
P6382,John,Doe,1993-01-14,69,210,Unknown,dark,brown,mustache,L,P,,1,RP,SP,,,,,50,,,,50,50,54,53,52,48,52,58,59,59,59,0,0,,,,,0,,,,42,46,46,49,49,40,47,51,53,57,59,0,0,False,,,0,,,,,,0,50,groundball_sp,
P5790,John,Doe,2002-01-30,70,227,Unknown,medium,brown,goatee,R,P,,1,RP,SP,,,,,48,,,,50,51,52,50,52,51,54,0,60,61,0,0,0,,,,,0,,,,60,63,63,66,66,56,68,0,75,74,0,0,0,False,,,0,,,,,,0,50,power_sp,
P5908,John,Doe,2003-05-13,76,211,Unknown,light,blonde,clean_shaven,R,P,,1,RP,SP,,,,,49,,,,50,50,54,50,52,53,53,59,62,62,0,0,0,,,,,0,,,,61,64,60,64,64,64,65,72,68,70,0,0,0,False,,,0,,,,,,0,50,finesse_sp,
P9586,John,Doe,2004-07-18,70,250,Unknown,light,brown,clean_shaven,R,P,,1,RP,CL,,,,,50,,,,50,54,50,53,59,50,54,0,0,65,0,0,0,,,,,0,,,,66,80,63,85,76,65,68,0,0,83,0,0,0,False,,,0,,,,,,0,50,closer,
P3447,John,Doe,1990-01-13,72,180,Unknown,light,black,mustache,L,P,,1,RP,SP,,,,,49,,,,52,49,51,50,54,49,51,58,62,0,59,54,0,,,,,0,,,,42,46,45,54,50,41,50,58,54,0,59,47,0,False,,,0,,,,,,0,50,finesse_sp,
P7610,John,Doe,1993-05-19,71,212,Unknown,light,black,mustache,R,C,,0,,,51,52,51,52,50,49,59,50,49,49,,,,,,,,,,,,50,47,42,50,50,0,0,50,40,49,,,,,,,,,,,,False,,,0,,,,,,0,50,,balanced
P1382,John,Doe,1987-04-11,71,240,Unknown,dark,blonde,clean_shaven,L,1B,,0,,,53,60,52,51,49,50,47,52,48,50,,,,,,,,,,,,43,56,52,48,49,0,0,52,39,40,,,,,,,,,,,,False,,,0,,,,,,0,50,,power
P3919,John,Doe,1993-06-10,69,236,Unknown,light,blonde,goatee,S,2B,,0,,,49,48,49,51,49,52,53,49,51,52,,,,,,,,,,,,39,42,48,42,49,0,0,49,42,51,,,,,,,,,,,,False,,,0,,,,,,0,50,,average
P3257,John,Doe,2002-09-13,70,163,Unknown,medium,black,clean_shaven,R,3B,,0,,,51,58,51,49,47,49,58,52,48,49,,,,,,,,,,,,59,64,59,58,47,0,0,52,53,64,,,,,,,,,,,,False,,,0,,,,,,0,50,,power
P3923,John,Doe,2002-01-01,69,199,Unknown,medium,black,clean_shaven,R,SS,,0,,,49,49,52,50,50,47,60,51,52,51,,,,,,,,,,,,59,60,67,56,50,0,0,51,63,59,,,,,,,,,,,,False,,,0,,,,,,0,50,,average
P3044,John,Doe,2000-08-02,75,235,Unknown,medium,brown,beard,R,LF,,0,,,50,58,50,50,52,51,58,51,48,52,,,,,,,,,,,,64,71,65,62,52,0,0,51,62,63,,,,,,,,,,,,False,,,0,,,,,,0,50,,balanced
P2714,John,Doe,1995-05-24,76,177,Unknown,dark,blonde,clean_shaven,R,CF,LF,0,,,50,51,53,50,50,53,58,47,49,50,,,,,,,,,,,,45,56,53,45,50,0,0,47,44,50,,,,,,,,,,,,False,,,0,,,,,,0,50,,average
P6472,John,Doe,1998-01-21,76,206,Unknown,medium,brown,clean_shaven,R,RF,,0,,,49,53,50,49,53,51,52,49,51,52,,,,,,,,,,,,54,53,55,51,53,0,0,49,49,55,,,,,,,,,,,,False,,,0,,,,,,0,50,,average
P2798,John,Doe,2001-10-07,68,233,Unknown,medium,black,clean_shaven,R,SS,,0,,,62,50,50,51,52,50,57,52,53,48,,,,,,,,,,,,70,63,61,62,52,0,0,52,61,61,,,,,,,,,,,,False,,,0,,,,,,0,50,,spray
P9560,John,Doe,1988-06-13,73,192,Unknown,medium,black,clean_shaven,L,LF,,0,,,51,53,52,50,53,52,50,53,50,50,,,,,,,,,,,,46,47,52,49,53,0,0,53,42,47,,,,,,,,,,,,False,,,0,,,,,,0,50,,average
P9080,John,Doe,1996-04-17,73,227,Unknown,light,black,beard,R,CF,,0,,,49,48,85,50,52,49,58,48,50,50,,,,,,,,,,,,53,50,80,46,52,0,0,48,53,51,,,,,,,,,,,,False,,,0,,,,,,0,50,,elite_speed
P1315,John,Doe,1988-08-03,77,183,Unknown,dark,black,beard,R,3B,,0,,,66,61,53,51,48,50,56,49,51,48,,,,,,,,,,,,56,61,45,49,48,0,0,49,42,43,,,,,,,,,,,,False,,,0,,,,,,0,50,,gap
P3864,John,Doe,2002-09-04,74,177,Unknown,dark,brown,clean_shaven,L,RF,LF,0,,,53,49,50,52,50,49,50,50,52,50,,,,,,,,,,,,65,61,57,64,50,0,0,50,62,65,,,,,,,,,,,,False,,,0,,,,,,0,50,,balanced
P2967,John,Doe,1997-09-08,78,207,Unknown,medium,black,beard,S,LF,,0,,,51,63,51,50,49,50,55,48,48,51,,,,,,,,,,,,51,60,48,49,49,0,0,48,46,48,,,,,,,,,,,,False,,,0,,,,,,0,50,,power
P6083,John,Doe,1999-07-12,71,206,Unknown,dark,blonde,goatee,R,P,,1,RP,CL,,,,,55,,,,53,53,48,51,52,52,55,58,60,65,0,0,0,,,,,0,,,,66,61,63,65,55,66,68,68,66,78,0,0,0,False,,,0,,,,,,0,50,closer,
P2960,John,Doe,2004-08-16,69,236,Unknown,dark,brown,clean_shaven,R,P,,1,RP,SP,,,,,51,,,,51,52,52,51,54,51,52,62,63,61,0,54,0,,,,,0,,,,63,67,66,66,65,74,63,91,83,82,0,71,0,False,,,0,,,,,,0,50,workhorse_sp,
P4596,John,Doe,2002-10-29,76,221,Unknown,dark,brown,clean_shaven,S,P,,1,RP,SP,,,,,49,,,,48,53,51,53,52,50,51,61,61,62,0,0,0,,,,,0,,,,54,62,61,60,62,57,62,75,71,75,0,0,0,False,,,0,,,,,,0,50,balanced_sp,
P3892,John,Doe,2001-05-04,74,199,Unknown,dark,brown,clean_shaven,L,P,,1,RP,LR,,,,,53,,,,51,49,49,50,52,51,52,0,62,0,0,0,0,,,,,0,,,,62,64,65,60,54,58,59,0,72,0,0,0,0,False,,,0,,,,,,0,50,long_relief,
P8383,John,Doe,1999-09-25,70,176,Unknown,light,brown,clean_shaven,L,P,,1,RP,SP,,,,,54,,,,50,50,51,52,53,50,54,0,0,62,62,0,0,,,,,0,,,,58,63,59,64,64,65,69,0,0,68,73,0,0,False,,,0,,,,,,0,50,groundball_sp,
P1634,John,Doe,2005-01-17,76,217,Unknown,dark,brown,clean_shaven,S,P,,1,RP,LR,,,,,53,,,,50,53,50,50,52,49,53,57,63,63,0,0,0,,,,,0,,,,72,74,60,76,78,63,64,67,90,87,0,0,0,False,,,0,,,,,,0,50,long_relief,
P9716,John,Doe,2000-06-12,69,201,Unknown,dark,brown,goatee,L,P,,1,RP,SP,,,,,53,,,,49,52,50,53,54,49,50,57,0,0,61,0,0,,,,,0,,,,56,66,58,65,63,54,60,72,0,0,66,0,0,False,,,0,,,,,,0,50,groundball_sp,
P7871,John,Doe,1987-12-27,76,227,Unknown,dark,black,mustache,L,1B,,0,,,49,62,51,50,51,51,44,51,50,52,,,,,,,,,,,,39,57,48,45,51,0,0,51,48,46,,,,,,,,,,,,False,,,0,,,,,,0,50,,power
P7017,John,Doe,1996-03-16,76,237,Unknown,light,blonde,goatee,R,3B,,0,,,51,53,49,49,46,49,56,49,47,51,,,,,,,,,,,,49,53,54,46,46,0,0,49,49,55,,,,,,,,,,,,False,,,0,,,,,,0,50,,gap
P9336,John,Doe,1993-08-04,71,189,Unknown,medium,brown,mustache,L,CF,,0,,,61,50,52,52,50,48,48,48,50,49,,,,,,,,,,,,60,45,51,45,50,0,0,48,41,42,,,,,,,,,,,,False,,,0,,,,,,0,50,,spray
P5371,John,Doe,2002-02-24,77,165,Unknown,dark,brown,clean_shaven,S,C,,0,,,49,49,50,49,48,48,51,52,50,53,,,,,,,,,,,,62,62,63,55,48,0,0,52,55,66,,,,,,,,,,,,False,,,0,,,,,,0,50,,average
P7327,John,Doe,1987-07-13,73,191,Unknown,light,black,beard,R,RF,,0,,,51,59,51,50,50,50,54,51,48,54,,,,,,,,,,,,44,49,48,47,50,0,0,51,41,54,,,,,,,,,,,,False,,,0,,,,,,0,50,,power
P7187,John,Doe,1993-10-12,75,248,Unknown,dark,blonde,beard,R,3B,,0,,,53,51,50,52,51,51,56,51,49,48,,,,,,,,,,,,51,42,48,51,51,0,0,51,48,47,,,,,,,,,,,,False,,,0,,,,,,0,50,,balanced
P8161,John,Doe,1999-01-17,70,193,Unknown,medium,black,mustache,R,SS,,0,,,49,52,53,50,50,51,60,51,51,51,,,,,,,,,,,,54,66,62,62,50,0,0,51,61,62,,,,,,,,,,,,False,,,0,,,,,,0,50,,average
P3988,John,Doe,1994-11-25,76,198,Unknown,light,black,clean_shaven,L,RF,,0,,,48,52,52,50,51,48,50,50,50,51,,,,,,,,,,,,47,55,52,55,51,0,0,50,49,54,,,,,,,,,,,,False,,,0,,,,,,0,50,,average
P3548,John,Doe,2005-08-07,70,216,Unknown,dark,brown,clean_shaven,S,P,,1,RP,CL,,,,,55,,,,50,50,52,51,53,51,56,0,0,65,0,0,0,,,,,0,,,,71,66,77,65,72,75,85,0,0,83,0,0,0,False,,,0,,,,,,0,50,closer,
P5939,John,Doe,2006-05-30,75,196,Unknown,dark,blonde,clean_shaven,R,P,,1,RP,SP,,,,,48,,,,51,50,52,50,52,50,54,61,59,63,0,56,0,,,,,0,,,,74,74,67,77,68,64,81,81,80,85,0,81,0,False,,,0,,,,,,0,50,power_sp,
P2390,John,Doe,2004-11-28,77,233,Unknown,light,black,clean_shaven,R,P,,1,RP,SP,,,,,48,,,,48,52,54,51,52,52,51,0,62,61,0,55,0,,,,,0,,,,65,82,76,78,73,75,67,0,88,91,0,85,0,False,,,0,,,,,,0,50,power_sp,
P1782,John,Doe,2005-07-17,72,249,Unknown,light,red,clean_shaven,R,P,,1,RP,SP,,,,,50,,,,49,48,50,53,53,50,53,61,61,62,59,0,0,,,,,0,,,,68,60,65,80,69,75,76,81,73,77,71,0,0,False,,,0,,,,,,0,50,finesse_sp,
P7438,John,Doe,2004-03-05,75,169,Unknown,light,brown,clean_shaven,L,P,,1,RP,SP,,,,,52,,,,50,50,52,50,53,49,53,0,64,62,58,56,0,,,,,0,,,,71,73,78,63,68,65,82,0,93,72,73,75,0,False,,,0,,,,,,0,50,power_sp,
P1175,John,Doe,2005-07-15,73,240,Unknown,medium,brown,mustache,L,3B,,0,,,52,50,51,52,49,49,47,50,51,50,,,,,,,,,,,,67,70,77,65,49,0,0,50,71,65,,,,,,,,,,,,False,,,0,,,,,,0,50,,balanced
P5938,John,Doe,2007-08-31,75,233,Unknown,dark,black,clean_shaven,R,2B,,0,,,51,47,70,52,54,49,60,53,49,52,,,,,,,,,,,,71,70,93,63,54,0,0,53,68,79,,,,,,,,,,,,False,,,0,,,,,,0,50,,speed
P7084,John,Doe,2007-07-29,77,221,Unknown,light,brown,beard,R,C,,0,,,52,51,85,51,52,50,55,51,51,51,,,,,,,,,,,,64,78,99,74,52,0,0,51,63,80,,,,,,,,,,,,False,,,0,,,,,,0,50,,speed
P5318,John,Doe,2004-10-01,70,182,Unknown,dark,black,clean_shaven,S,LF,,0,,,54,58,51,52,51,49,54,49,50,48,,,,,,,,,,,,84,83,80,75,51,0,0,49,79,74,,,,,,,,,,,,False,,,0,,,,,,0,50,,gap
P6253,John,Doe,2008-02-15,70,195,Unknown,medium,brown,clean_shaven,R,3B,,0,,,51,51,52,52,49,51,58,49,52,50,,,,,,,,,,,,68,77,72,80,49,0,0,49,78,60,,,,,,,,,,,,False,,,0,,,,,,0,50,,balanced
P9185,John,Doe,2002-12-05,76,222,Unknown,medium,brown,mustache,R,P,,1,RP,CL,,,,,55,,,,48,52,47,50,53,50,53,60,60,65,0,0,0,,,,,0,,,,63,64,62,67,59,64,63,74,67,74,0,0,0,False,,,0,,,,,,0,50,closer,
P3614,John,Doe,1994-04-08,74,163,Unknown,medium,blonde,goatee,L,P,,1,RP,SP,,,,,48,,,,52,49,50,51,52,49,49,60,58,59,59,0,0,,,,,0,,,,48,49,46,55,50,44,54,61,58,64,56,0,0,False,,,0,,,,,,0,50,balanced_sp,
P1149,John,Doe,1998-08-20,68,193,Unknown,medium,brown,clean_shaven,L,P,,1,RP,SP,,,,,49,,,,49,49,50,53,53,52,51,62,62,0,0,57,0,,,,,0,,,,61,58,64,62,61,66,56,68,71,0,0,67,0,False,,,0,,,,,,0,50,finesse_sp,
P2477,John,Doe,1996-03-12,76,179,Unknown,light,brown,clean_shaven,S,P,,1,RP,SP,,,,,50,,,,49,51,53,51,52,50,53,59,60,60,0,0,0,,,,,0,,,,54,50,51,50,56,46,48,56,56,60,0,0,0,False,,,0,,,,,,0,50,workhorse_sp,
P6840,John,Doe,1987-06-26,76,225,Unknown,dark,blonde,mustache,R,P,,1,RP,SP,,,,,50,,,,52,50,51,52,54,50,53,59,61,63,0,0,0,,,,,0,,,,50,42,46,52,44,47,50,57,60,59,0,0,0,False,,,0,,,,,,0,50,power_sp,
P8716,John,Doe,1999-07-29,68,226,Unknown,dark,black,clean_shaven,L,P,,1,RP,SP,,,,,50,,,,52,50,52,52,52,50,50,58,60,59,60,0,0,,,,,0,,,,64,63,60,64,67,55,57,71,75,70,72,0,0,False,,,0,,,,,,0,50,groundball_sp,
P6265,John,Doe,1990-09-08,71,206,Unknown,light,blonde,clean_shaven,R,P,,1,RP,CL,,,,,52,,,,52,53,50,50,52,52,53,0,0,67,0,0,0,,,,,0,,,,46,46,49,51,43,47,43,0,0,67,0,0,0,False,,,0,,,,,,0,50,closer,
P4759,John,Doe,2001-03-12,73,165,Unknown,medium,brown,clean_shaven,R,P,,1,RP,SP,,,,,50,,,,50,48,51,52,53,49,50,60,61,58,55,0,0,,,,,0,,,,62,57,63,62,65,61,58,70,75,68,61,0,0,False,,,0,,,,,,0,50,finesse_sp,
P9641,John,Doe,1989-11-14,72,223,Unknown,medium,black,clean_shaven,R,P,,1,RP,SP,,,,,52,,,,51,53,50,50,53,50,50,60,59,61,0,0,0,,,,,0,,,,41,50,40,45,49,44,43,55,49,57,0,0,0,False,,,0,,,,,,0,50,balanced_sp,
P8516,John,Doe,1988-12-08,78,194,Unknown,medium,black,beard,R,P,,1,RP,SP,,,,,49,,,,49,51,54,53,52,49,51,59,60,63,57,0,0,,,,,0,,,,40,44,45,49,52,46,48,54,52,63,56,0,0,False,,,0,,,,,,0,50,balanced_sp,
P2791,John,Doe,2004-08-07,72,249,Unknown,medium,red,beard,R,P,,1,RP,SP,,,,,53,,,,48,49,51,51,53,49,49,0,58,60,60,0,0,,,,,0,,,,60,72,81,75,74,72,73,0,85,89,85,0,0,False,,,0,,,,,,0,50,groundball_sp,
P6788,John,Doe,1993-08-26,74,204,Unknown,medium,black,clean_shaven,R,C,,0,,,61,49,52,51,52,49,58,48,52,49,,,,,,,,,,,,57,44,44,47,52,0,0,48,51,49,,,,,,,,,,,,False,,,0,,,,,,0,50,,spray
P9446,John,Doe,2000-04-25,70,183,Unknown,light,black,beard,R,1B,,0,,,53,52,70,52,53,51,58,49,52,48,,,,,,,,,,,,66,62,78,58,53,0,0,49,61,59,,,,,,,,,,,,False,,,0,,,,,,0,50,,speed
P6652,John,Doe,1990-06-28,71,181,Unknown,medium,red,clean_shaven,L,2B,,0,,,52,51,50,53,50,49,49,51,52,53,,,,,,,,,,,,45,51,47,52,50,0,0,51,50,46,,,,,,,,,,,,False,,,0,,,,,,0,50,,balanced
P9384,John,Doe,2004-01-28,73,175,Unknown,medium,red,clean_shaven,R,3B,,0,,,57,50,51,51,52,51,56,51,51,51,,,,,,,,,,,,66,59,59,62,52,0,0,51,63,56,,,,,,,,,,,,False,,,0,,,,,,0,50,,spray
P8208,John,Doe,2003-05-24,69,179,Unknown,dark,black,clean_shaven,R,SS,,0,,,50,53,53,51,52,49,60,49,52,47,,,,,,,,,,,,61,60,65,58,52,0,0,49,61,60,,,,,,,,,,,,False,,,0,,,,,,0,50,,average
P4657,John,Doe,1989-02-04,70,206,Unknown,light,black,clean_shaven,R,LF,CF,0,,,49,62,51,51,51,53,59,50,53,49,,,,,,,,,,,,41,52,48,41,51,0,0,50,45,48,,,,,,,,,,,,False,,,0,,,,,,0,50,,power
P7261,John,Doe,2002-08-05,69,197,Unknown,dark,black,clean_shaven,R,CF,,0,,,62,50,49,53,54,50,58,48,51,49,,,,,,,,,,,,76,64,64,66,54,0,0,48,57,56,,,,,,,,,,,,False,,,0,,,,,,0,50,,spray
P8467,John,Doe,1989-02-11,73,204,Unknown,light,blonde,beard,L,RF,,0,,,68,52,49,51,50,49,48,49,47,49,,,,,,,,,,,,68,44,39,42,50,0,0,49,37,49,,,,,,,,,,,,False,,,0,,,,,,0,50,,spray
P7490,John,Doe,1991-02-06,74,213,Unknown,medium,brown,beard,R,2B,,0,,,56,48,51,54,52,50,59,52,53,52,,,,,,,,,,,,49,43,45,51,52,0,0,52,48,49,,,,,,,,,,,,False,,,0,,,,,,0,50,,spray
P8886,John,Doe,2003-08-25,74,198,Unknown,light,brown,clean_shaven,L,CF,,0,,,53,49,70,50,52,49,45,50,50,50,,,,,,,,,,,,67,56,81,57,52,0,0,50,55,58,,,,,,,,,,,,False,,,0,,,,,,0,50,,speed
P7114,John,Doe,1993-11-02,73,174,Unknown,light,black,clean_shaven,S,RF,LF,0,,,52,52,52,51,52,51,48,49,53,49,,,,,,,,,,,,45,52,43,41,52,0,0,49,46,44,,,,,,,,,,,,False,,,0,,,,,,0,50,,balanced
P5573,John,Doe,1992-05-08,78,216,Unknown,light,blonde,clean_shaven,R,1B,,0,,,49,52,49,51,51,49,53,52,51,51,,,,,,,,,,,,47,44,43,44,51,0,0,52,44,47,,,,,,,,,,,,False,,,0,,,,,,0,50,,average
P1107,John,Doe,1997-10-28,75,197,Unknown,light,brown,beard,R,CF,RF,0,,,54,50,51,50,53,50,52,50,50,52,,,,,,,,,,,,50,48,52,47,53,0,0,50,50,53,,,,,,,,,,,,False,,,0,,,,,,0,50,,balanced
P9618,John,Doe,2003-03-18,69,198,Unknown,medium,brown,clean_shaven,R,3B,,0,,,51,51,51,51,50,49,55,49,48,48,,,,,,,,,,,,62,66,57,61,50,0,0,49,56,54,,,,,,,,,,,,False,,,0,,,,,,0,50,,average
P2161,John,Doe,2000-05-04,70,202,Unknown,light,black,beard,L,P,,1,RP,CL,,,,,55,,,,50,50,48,50,52,53,53,0,0,67,0,0,0,,,,,0,,,,56,57,63,61,59,63,65,0,0,79,0,0,0,False,,,0,,,,,,0,50,closer,
P9784,John,Doe,1998-02-23,73,178,Unknown,dark,black,mustache,S,P,,1,RP,SP,,,,,48,,,,51,53,50,50,54,52,54,0,64,62,0,0,0,,,,,0,,,,48,50,51,55,55,57,49,0,66,66,0,0,0,False,,,0,,,,,,0,50,power_sp,
P1102,John,Doe,2000-07-03,78,216,Unknown,medium,brown,clean_shaven,L,P,,1,RP,RP,,,,,55,,,,51,48,48,52,52,53,53,0,0,63,61,0,0,,,,,0,,,,60,62,63,65,54,66,62,0,0,77,73,0,0,False,,,0,,,,,,0,50,groundball_rp,
P6815,John,Doe,2004-08-08,76,209,Unknown,dark,brown,mustache,R,P,,1,RP,RP,,,,,49,,,,51,52,50,52,52,50,50,58,0,0,0,0,0,,,,,0,,,,72,62,72,65,60,66,77,74,0,0,0,0,0,False,,,0,,,,,,0,50,finesse_rp,
P1781,John,Doe,1988-11-18,78,223,Unknown,dark,brown,clean_shaven,S,P,,1,RP,SP,,,,,49,,,,50,51,50,50,52,50,50,58,59,60,0,0,0,,,,,0,,,,48,49,49,45,44,45,42,53,58,59,0,0,0,False,,,0,,,,,,0,50,balanced_sp,
P8961,John,Doe,1998-07-14,76,212,Unknown,dark,black,clean_shaven,L,P,,1,RP,SP,,,,,50,,,,52,54,51,52,52,47,50,0,60,58,0,57,0,,,,,0,,,,65,66,58,67,65,54,60,0,73,70,0,68,0,False,,,0,,,,,,0,50,power_sp,
P5383,John,Doe,1994-01-21,76,221,Unknown,medium,blonde,clean_shaven,R,P,,1,RP,SP,,,,,49,,,,50,50,52,50,53,51,53,62,63,60,0,0,0,,,,,0,,,,49,48,40,51,48,45,51,58,63,57,0,0,0,False,,,0,,,,,,0,50,balanced_sp,
P9405,John,Doe,1988-01-24,69,245,Unknown,dark,brown,clean_shaven,S,LF,,0,,,51,62,48,50,47,51,52,51,49,50,,,,,,,,,,,,41,57,38,44,47,0,0,51,40,47,,,,,,,,,,,,False,,,0,,,,,,0,50,,power
P3155,John,Doe,1993-06-15,73,163,Unknown,light,brown,clean_shaven,R,LF,,0,,,49,63,47,48,49,54,57,49,50,50,,,,,,,,,,,,42,56,44,39,49,0,0,49,42,43,,,,,,,,,,,,False,,,0,,,,,,0,50,,power
P5870,John,Doe,1998-02-15,71,232,Unknown,medium,brown,clean_shaven,R,C,,0,,,49,50,48,49,49,53,56,49,48,51,,,,,,,,,,,,50,49,43,46,49,0,0,49,48,47,,,,,,,,,,,,False,,,0,,,,,,0,50,,average
P9788,John,Doe,2001-05-26,73,212,Unknown,medium,brown,clean_shaven,R,C,,0,,,50,51,49,49,52,51,56,51,51,50,,,,,,,,,,,,63,62,57,60,52,0,0,51,65,65,,,,,,,,,,,,False,,,0,,,,,,0,50,,average
P5718,John,Doe,1995-01-21,75,242,Unknown,dark,brown,clean_shaven,L,CF,,0,,,57,50,50,51,49,49,45,52,50,52,,,,,,,,,,,,57,47,47,47,49,0,0,52,51,51,,,,,,,,,,,,False,,,0,,,,,,0,50,,gap
P9849,John,Doe,1988-11-17,75,174,Unknown,medium,blonde,beard,L,RF,,0,,,55,47,52,52,52,48,49,51,48,48,,,,,,,,,,,,49,47,42,45,52,0,0,51,45,44,,,,,,,,,,,,False,,,0,,,,,,0,50,,spray
P1194,John,Doe,1997-07-02,68,170,Unknown,medium,brown,mustache,S,SS,,0,,,54,46,78,51,52,49,55,52,48,49,,,,,,,,,,,,57,47,79,46,52,0,0,52,48,49,,,,,,,,,,,,False,,,0,,,,,,0,50,,speed
P5006,John,Doe,2000-06-07,78,213,Unknown,dark,blonde,goatee,R,SS,,0,,,50,49,78,49,49,48,58,53,50,49,,,,,,,,,,,,64,62,83,63,49,0,0,53,64,60,,,,,,,,,,,,False,,,0,,,,,,0,50,,speed
P8612,John,Doe,2005-04-23,73,234,Unknown,dark,blonde,clean_shaven,R,P,,1,RP,CL,,,,,55,,,,49,50,47,53,60,50,53,58,0,65,0,0,0,,,,,0,,,,68,75,69,70,67,61,80,69,0,91,0,0,0,False,,,0,,,,,,0,50,closer,
P5889,John,Doe,2007-11-18,77,238,Unknown,dark,brown,clean_shaven,R,P,,1,RP,SP,,,,,49,,,,51,51,52,50,52,48,53,61,60,60,58,0,0,,,,,0,,,,81,79,75,65,69,74,74,73,84,82,75,0,0,False,,,0,,,,,,0,50,workhorse_sp,
P8554,John,Doe,2007-01-23,73,230,Unknown,medium,black,clean_shaven,L,P,,1,RP,SP,,,,,51,,,,48,52,50,52,52,51,53,60,62,60,0,0,0,,,,,0,,,,68,67,62,70,69,65,68,80,89,74,0,0,0,False,,,0,,,,,,0,50,finesse_sp,
P5666,John,Doe,2008-02-10,71,212,Unknown,dark,brown,clean_shaven,R,P,,1,RP,SP,,,,,51,,,,50,49,53,52,52,48,49,0,61,60,0,0,0,,,,,0,,,,69,67,70,79,78,63,76,0,87,75,0,0,0,False,,,0,,,,,,0,50,balanced_sp,
P4234,John,Doe,2006-01-07,78,225,Unknown,medium,black,beard,R,P,,1,RP,SP,,,,,51,,,,48,53,54,50,54,49,50,62,59,61,0,0,0,,,,,0,,,,59,74,75,71,71,74,77,90,71,91,0,0,0,False,,,0,,,,,,0,50,power_sp,
P6188,John,Doe,2006-07-23,68,244,Unknown,medium,brown,clean_shaven,R,SS,,0,,,50,50,85,49,51,48,61,51,48,48,,,,,,,,,,,,78,76,99,71,51,0,0,51,63,58,,,,,,,,,,,,False,,,0,,,,,,0,50,,speed
P6917,John,Doe,2005-06-02,70,231,Unknown,medium,black,clean_shaven,R,LF,,0,,,51,53,49,52,48,51,56,51,51,51,,,,,,,,,,,,69,66,78,75,48,0,0,51,79,68,,,,,,,,,,,,False,,,0,,,,,,0,50,,balanced
P3876,John,Doe,2007-12-21,71,184,Unknown,dark,brown,mustache,R,1B,,0,,,50,57,52,50,47,50,53,50,51,49,,,,,,,,,,,,64,85,77,67,47,0,0,50,61,65,,,,,,,,,,,,False,,,0,,,,,,0,50,,gap
P7885,John,Doe,2006-08-25,74,173,Unknown,dark,black,clean_shaven,R,1B,,0,,,51,63,52,50,51,54,57,52,51,49,,,,,,,,,,,,66,85,81,65,51,0,0,52,65,69,,,,,,,,,,,,False,,,0,,,,,,0,50,,power
P5898,John,Doe,2004-09-20,74,191,Unknown,medium,brown,clean_shaven,R,RF,,0,,,49,51,52,50,50,48,56,49,49,48,,,,,,,,,,,,75,64,68,73,50,0,0,49,72,72,,,,,,,,,,,,False,,,0,,,,,,0,50,,balanced
P3465,John,Doe,1989-09-20,69,229,Unknown,medium,brown,goatee,L,P,LF,1,RP,CL,,,,,55,,,,50,52,51,50,52,51,56,0,0,66,0,0,0,,,,,0,,,,42,48,45,52,44,50,51,0,0,62,0,0,0,False,,,0,,,,,,0,50,closer,
P6386,John,Doe,2001-04-27,78,179,Unknown,light,red,goatee,R,P,LF,1,RP,RP,,,,,52,,,,49,53,49,51,52,51,53,0,0,63,0,0,0,,,,,0,,,,55,59,56,67,54,60,63,0,0,70,0,0,0,False,,,0,,,,,,0,50,power_rp,
P2743,John,Doe,2001-11-03,73,197,Unknown,medium,brown,goatee,R,P,,1,RP,SP,,,,,51,,,,51,51,54,50,53,48,52,60,0,62,0,0,0,,,,,0,,,,64,59,61,59,66,62,67,70,0,77,0,0,0,False,,,0,,,,,,0,50,balanced_sp,
P9261,John,Doe,2003-07-03,74,169,Unknown,medium,black,clean_shaven,L,P,,1,RP,SP,,,,,48,,,,53,52,51,50,54,48,51,0,63,60,60,0,0,,,,,0,,,,59,65,56,59,66,60,61,0,71,69,73,0,0,False,,,0,,,,,,0,50,power_sp,
P2565,John,Doe,2002-09-28,78,218,Unknown,dark,black,clean_shaven,L,P,,1,RP,SP,,,,,50,,,,51,51,50,52,52,51,53,61,0,59,57,0,0,,,,,0,,,,63,59,64,65,55,62,60,72,0,74,66,0,0,False,,,0,,,,,,0,50,groundball_sp,
P5004,John,Doe,1995-10-26,75,174,Unknown,medium,brown,clean_shaven,L,P,,1,RP,RP,,,,,52,,,,50,51,50,50,52,52,50,58,60,67,0,0,0,,,,,0,,,,50,54,53,51,54,50,52,61,56,62,0,0,0,False,,,0,,,,,,0,50,finesse_rp,
P1838,John,Doe,2003-08-28,69,162,Unknown,dark,red,clean_shaven,S,P,,1,RP,SP,,,,,50,,,,53,52,51,50,52,50,54,0,59,59,0,55,0,,,,,0,,,,65,59,61,67,65,63,60,0,73,71,0,61,0,False,,,0,,,,,,0,50,power_sp,
P5978,John,Doe,1989-04-01,78,179,Unknown,light,brown,mustache,R,P,,1,RP,SP,,,,,48,,,,50,51,50,50,52,49,54,57,63,61,0,0,0,,,,,0,,,,48,49,40,43,45,40,48,57,60,60,0,0,0,False,,,0,,,,,,0,50,power_sp,
P2385,John,Doe,2001-03-24,69,247,Unknown,dark,black,goatee,S,P,,1,RP,SP,,,,,54,,,,48,49,53,50,54,53,50,58,0,0,61,0,0,,,,,0,,,,63,56,65,60,68,62,55,73,0,0,68,0,0,False,,,0,,,,,,0,50,groundball_sp,
P4975,John,Doe,1998-07-30,70,213,Unknown,medium,brown,goatee,R,P,,1,RP,RP,,,,,53,,,,53,50,49,50,52,52,55,0,0,63,0,0,0,,,,,0,,,,68,60,56,66,63,58,60,0,0,74,0,0,0,False,,,0,,,,,,0,50,power_rp,
P6394,John,Doe,2000-12-01,74,207,Unknown,light,blonde,clean_shaven,L,P,,1,RP,SP,,,,,48,,,,52,50,54,50,52,50,52,61,60,60,0,0,0,,,,,0,,,,64,63,55,67,68,58,64,76,65,75,0,0,0,False,,,0,,,,,,0,50,balanced_sp,
P8403,John,Doe,2000-06-09,78,225,Unknown,light,brown,clean_shaven,R,C,,0,,,66,63,50,53,51,53,55,51,53,50,,,,,,,,,,,,79,70,55,61,51,0,0,51,60,58,,,,,,,,,,,,False,,,0,,,,,,0,50,,gap
P3961,John,Doe,2003-09-23,73,167,Unknown,dark,blonde,mustache,L,1B,,0,,,50,62,49,49,48,54,47,51,52,48,,,,,,,,,,,,65,72,61,59,48,0,0,51,58,59,,,,,,,,,,,,False,,,0,,,,,,0,50,,power
P5989,John,Doe,1990-11-19,78,182,Unknown,light,brown,clean_shaven,L,2B,,0,,,54,48,70,52,52,51,51,51,50,51,,,,,,,,,,,,48,46,63,48,52,0,0,51,44,50,,,,,,,,,,,,False,,,0,,,,,,0,50,,speed
P8334,John,Doe,1992-11-17,72,244,Unknown,light,brown,goatee,R,3B,,0,,,50,51,48,51,51,49,60,52,49,49,,,,,,,,,,,,45,43,38,47,51,0,0,52,40,47,,,,,,,,,,,,False,,,0,,,,,,0,50,,average
P6070,John,Doe,1998-08-28,69,175,Unknown,medium,brown,mustache,R,SS,,0,,,53,50,51,52,50,52,61,49,49,52,,,,,,,,,,,,68,64,56,64,50,0,0,49,58,62,,,,,,,,,,,,False,,,0,,,,,,0,50,,balanced
P9385,John,Doe,2001-06-29,71,229,Unknown,dark,blonde,mustache,R,LF,,0,,,52,53,49,51,52,52,54,51,50,49,,,,,,,,,,,,66,61,63,63,52,0,0,51,61,57,,,,,,,,,,,,False,,,0,,,,,,0,50,,balanced
P2876,John,Doe,1988-10-07,77,208,Unknown,dark,black,mustache,R,CF,,0,,,52,51,51,49,49,51,53,50,50,51,,,,,,,,,,,,45,43,46,41,49,0,0,50,42,47,,,,,,,,,,,,False,,,0,,,,,,0,50,,balanced
P8190,John,Doe,1993-11-26,76,239,Unknown,light,brown,beard,R,RF,,0,,,51,52,51,52,52,51,59,51,49,51,,,,,,,,,,,,41,43,47,46,52,0,0,51,46,49,,,,,,,,,,,,False,,,0,,,,,,0,50,,average
P1539,John,Doe,1998-07-09,78,213,Unknown,medium,brown,clean_shaven,L,LF,,0,,,50,62,50,51,48,53,48,49,49,50,,,,,,,,,,,,62,71,62,61,48,0,0,49,55,62,,,,,,,,,,,,False,,,0,,,,,,0,50,,power
P4648,John,Doe,2001-04-26,75,160,Unknown,medium,black,mustache,S,RF,CF,0,,,50,55,49,51,53,52,51,48,51,48,,,,,,,,,,,,56,61,59,57,53,0,0,48,61,59,,,,,,,,,,,,False,,,0,,,,,,0,50,,balanced
P5742,John,Doe,1988-01-03,71,208,Unknown,light,black,clean_shaven,R,LF,,0,,,53,51,48,51,50,48,59,53,50,53,,,,,,,,,,,,46,43,43,44,50,0,0,53,50,46,,,,,,,,,,,,False,,,0,,,,,,0,50,,balanced
P1364,John,Doe,2001-09-01,71,161,Unknown,dark,brown,clean_shaven,R,3B,,0,,,51,48,85,52,52,50,56,48,48,50,,,,,,,,,,,,57,54,95,58,52,0,0,48,53,57,,,,,,,,,,,,False,,,0,,,,,,0,50,,elite_speed
P5559,John,Doe,1996-03-14,75,239,Unknown,medium,brown,beard,S,1B,,0,,,53,52,52,50,49,48,50,52,52,51,,,,,,,,,,,,49,49,53,48,49,0,0,52,48,54,,,,,,,,,,,,False,,,0,,,,,,0,50,,average
P6045,John,Doe,1991-02-07,68,188,Unknown,light,black,clean_shaven,L,LF,,0,,,49,62,52,51,50,50,46,52,53,49,,,,,,,,,,,,41,54,44,42,50,0,0,52,45,49,,,,,,,,,,,,False,,,0,,,,,,0,50,,power
P6889,John,Doe,1996-05-10,71,196,Unknown,light,brown,clean_shaven,R,P,,1,RP,CL,,,,,55,,,,51,52,48,52,52,52,54,0,60,67,0,0,0,,,,,0,,,,56,57,49,55,53,54,49,0,59,67,0,0,0,False,,,0,,,,,,0,50,closer,
P3382,John,Doe,1995-06-03,69,183,Unknown,dark,black,mustache,R,P,,1,RP,RP,,,,,54,,,,53,49,52,50,53,51,50,55,0,0,60,0,0,,,,,0,,,,51,44,55,58,53,54,49,52,0,0,59,0,0,False,,,0,,,,,,0,50,groundball_rp,
P2112,John,Doe,1994-08-23,69,223,Unknown,light,blonde,clean_shaven,R,P,,1,RP,LR,,,,,49,,,,51,50,53,50,52,51,54,59,62,65,0,0,0,,,,,0,,,,56,45,46,51,56,52,57,62,58,63,0,0,0,False,,,0,,,,,,0,50,long_relief,
P2624,John,Doe,1995-11-05,70,167,Unknown,medium,black,beard,R,P,,1,RP,SP,,,,,49,,,,52,53,50,51,54,48,53,0,60,0,62,0,0,,,,,0,,,,57,55,50,51,53,48,53,0,65,0,57,0,0,False,,,0,,,,,,0,50,groundball_sp,
P7629,John,Doe,2001-04-23,76,244,Unknown,medium,brown,clean_shaven,R,P,,1,RP,SP,,,,,48,,,,52,51,54,54,53,52,49,61,60,57,0,57,0,,,,,0,,,,64,57,66,59,60,65,56,73,70,68,0,71,0,False,,,0,,,,,,0,50,finesse_sp,
P7883,John,Doe,2004-05-25,78,164,Unknown,medium,blonde,clean_shaven,R,P,,1,RP,RP,,,,,48,,,,49,52,50,50,54,53,53,0,0,63,0,0,0,,,,,0,,,,66,68,68,78,66,72,81,0,0,78,0,0,0,False,,,0,,,,,,0,50,power_rp,
P9472,John,Doe,2000-12-31,68,250,Unknown,medium,black,clean_shaven,R,P,,1,RP,SP,,,,,48,,,,49,50,50,54,54,52,49,63,60,0,0,0,0,,,,,0,,,,61,65,67,60,57,63,64,75,74,0,0,0,0,False,,,0,,,,,,0,50,finesse_sp,
P6771,John,Doe,1992-04-10,71,176,Unknown,medium,brown,clean_shaven,R,LF,,0,,,52,52,48,50,53,50,56,51,53,50,,,,,,,,,,,,45,47,48,43,53,0,0,51,47,44,,,,,,,,,,,,False,,,0,,,,,,0,50,,average
P7100,John,Doe,2000-06-07,68,175,Unknown,medium,brown,clean_shaven,L,SS,,0,,,53,53,54,49,49,50,53,51,48,50,,,,,,,,,,,,68,65,60,62,49,0,0,51,59,61,,,,,,,,,,,,False,,,0,,,,,,0,50,,gap
P7975,John,Doe,2002-09-30,68,187,Unknown,light,black,clean_shaven,L,SS,,0,,,51,62,50,50,49,51,51,52,51,51,,,,,,,,,,,,59,72,58,62,49,0,0,52,60,65,,,,,,,,,,,,False,,,0,,,,,,0,50,,power
P1794,John,Doe,1993-04-17,71,175,Unknown,dark,black,mustache,R,RF,,0,,,60,52,50,51,49,49,54,50,51,52,,,,,,,,,,,,59,51,49,47,49,0,0,50,51,49,,,,,,,,,,,,False,,,0,,,,,,0,50,,spray
P6656,John,Doe,1992-08-14,78,222,Unknown,light,brown,clean_shaven,R,SS,,0,,,49,49,52,52,49,48,58,51,51,51,,,,,,,,,,,,41,47,48,45,49,0,0,51,47,45,,,,,,,,,,,,False,,,0,,,,,,0,50,,balanced
P6658,John,Doe,1999-06-12,71,193,Unknown,medium,brown,beard,L,2B,,0,,,54,49,49,53,51,50,49,49,51,51,,,,,,,,,,,,64,55,60,68,51,0,0,49,63,66,,,,,,,,,,,,False,,,0,,,,,,0,50,,balanced
P8873,John,Doe,1987-06-11,70,182,Unknown,dark,black,clean_shaven,R,3B,,0,,,56,49,53,53,50,49,57,51,48,52,,,,,,,,,,,,50,45,43,53,50,0,0,51,39,52,,,,,,,,,,,,False,,,0,,,,,,0,50,,spray
P4316,John,Doe,1994-01-04,68,206,Unknown,medium,black,clean_shaven,R,C,,0,,,51,49,50,50,52,51,57,51,50,50,,,,,,,,,,,,46,43,42,45,52,0,0,51,49,42,,,,,,,,,,,,False,,,0,,,,,,0,50,,average
P6055,John,Doe,2005-04-07,75,228,Unknown,light,black,clean_shaven,L,P,,1,RP,CL,,,,,55,,,,49,53,49,53,58,49,54,0,58,66,0,0,0,,,,,0,,,,76,68,64,78,76,69,80,0,80,94,0,0,0,False,,,0,,,,,,0,50,closer,
P2923,John,Doe,2005-02-16,71,173,Unknown,light,blonde,mustache,S,P,,1,RP,SP,,,,,48,,,,49,53,53,50,52,51,53,61,60,0,0,0,0,,,,,0,,,,70,73,62,78,74,75,63,72,85,0,0,0,0,False,,,0,,,,,,0,50,workhorse_sp,
P7437,John,Doe,2005-03-21,75,239,Unknown,dark,black,clean_shaven,R,P,,1,RP,RP,,,,,52,,,,50,53,52,52,52,53,54,0,63,64,0,0,0,,,,,0,,,,68,77,77,73,81,78,71,0,73,88,0,0,0,False,,,0,,,,,,0,50,power_rp,
P9480,John,Doe,2006-03-17,74,197,Unknown,dark,black,mustache,L,P,,1,RP,SP,,,,,50,,,,49,49,54,50,54,50,53,62,60,0,0,0,0,,,,,0,,,,75,60,79,66,66,66,72,91,74,0,0,0,0,False,,,0,,,,,,0,50,finesse_sp,
P3551,John,Doe,2006-09-30,73,232,Unknown,medium,brown,clean_shaven,R,P,,1,RP,SP,,,,,48,,,,50,50,53,50,53,50,50,0,61,64,0,0,0,,,,,0,,,,71,69,71,74,81,80,60,0,84,84,0,0,0,False,,,0,,,,,,0,50,power_sp,
P3599,John,Doe,2007-09-29,76,212,Unknown,medium,black,clean_shaven,R,RF,,0,,,49,57,49,51,47,52,53,52,51,52,,,,,,,,,,,,59,80,70,81,47,0,0,52,64,80,,,,,,,,,,,,False,,,0,,,,,,0,50,,power
P4559,John,Doe,2007-02-03,74,217,Unknown,medium,brown,clean_shaven,S,1B,,0,,,49,63,51,50,50,50,48,51,48,49,,,,,,,,,,,,70,73,78,70,50,0,0,51,61,59,,,,,,,,,,,,False,,,0,,,,,,0,50,,power
P3529,John,Doe,2007-01-21,77,241,Unknown,medium,brown,clean_shaven,R,C,,0,,,54,54,47,51,48,49,59,49,49,49,,,,,,,,,,,,69,81,70,67,48,0,0,49,75,70,,,,,,,,,,,,False,,,0,,,,,,0,50,,gap
P7156,John,Doe,2008-02-09,73,240,Unknown,medium,blonde,clean_shaven,R,2B,,0,,,58,53,49,55,51,52,60,51,51,51,,,,,,,,,,,,72,73,71,84,51,0,0,51,71,78,,,,,,,,,,,,False,,,0,,,,,,0,50,,gap
P6011,John,Doe,2005-03-09,70,205,Unknown,dark,black,clean_shaven,L,C,,0,,,52,54,51,51,50,49,49,52,52,50,,,,,,,,,,,,67,81,80,73,50,0,0,52,63,72,,,,,,,,,,,,False,,,0,,,,,,0,50,,balanced
P3767,John,Doe,2002-08-07,76,193,Unknown,light,black,goatee,L,P,,1,RP,CL,,,,,55,,,,50,50,50,50,54,50,52,0,0,67,0,0,0,,,,,0,,,,60,60,60,67,55,61,67,0,0,81,0,0,0,False,,,0,,,,,,0,50,closer,
P7308,John,Doe,2000-12-30,71,238,Unknown,dark,brown,clean_shaven,L,P,,1,RP,SP,,,,,51,,,,51,50,51,52,52,53,51,57,0,0,59,0,0,,,,,0,,,,63,61,58,57,61,61,65,65,0,0,74,0,0,False,,,0,,,,,,0,50,groundball_sp,
P2329,John,Doe,2000-01-06,73,205,Unknown,medium,blonde,goatee,L,P,,1,RP,SP,,,,,52,,,,52,51,49,50,53,49,52,61,60,0,0,0,0,,,,,0,,,,62,64,60,58,59,61,60,74,73,0,0,0,0,False,,,0,,,,,,0,50,balanced_sp,
P3470,John,Doe,1996-03-25,76,238,Unknown,medium,brown,beard,R,P,,1,RP,RP,,,,,57,,,,50,49,48,52,54,50,52,0,59,0,60,0,0,,,,,0,,,,54,54,53,49,51,54,52,0,60,0,61,0,0,False,,,0,,,,,,0,50,groundball_rp,
P4110,John,Doe,2002-06-14,68,203,Unknown,medium,brown,clean_shaven,L,P,,1,RP,SP,,,,,52,,,,49,49,50,50,52,52,50,60,59,60,0,54,0,,,,,0,,,,59,61,63,63,58,60,63,74,71,74,0,67,0,False,,,0,,,,,,0,50,balanced_sp,
P2014,John,Doe,1991-03-10,70,186,Unknown,light,black,clean_shaven,R,P,,1,RP,RP,,,,,54,,,,49,51,52,52,52,49,51,0,62,63,62,0,0,,,,,0,,,,39,48,45,48,52,49,49,0,58,56,62,0,0,False,,,0,,,,,,0,50,groundball_rp,
P6614,John,Doe,1998-08-15,75,194,Unknown,dark,blonde,clean_shaven,R,P,,1,RP,SP,,,,,49,,,,50,51,51,50,52,52,49,61,62,0,0,0,0,,,,,0,,,,57,58,55,60,57,65,54,76,69,0,0,0,0,False,,,0,,,,,,0,50,finesse_sp,
P4039,John,Doe,2003-06-17,71,244,Unknown,light,black,clean_shaven,L,P,,1,RP,CL,,,,,52,,,,53,54,50,52,54,52,53,0,58,65,0,0,0,,,,,0,,,,58,60,62,60,59,59,59,0,68,72,0,0,0,False,,,0,,,,,,0,50,closer,
P3376,John,Doe,2002-03-10,76,202,Unknown,dark,brown,beard,R,P,,1,RP,RP,,,,,53,,,,51,53,50,51,52,52,53,0,59,65,0,0,0,,,,,0,,,,62,60,60,61,63,57,64,0,67,71,0,0,0,False,,,0,,,,,,0,50,power_rp,
P2801,John,Doe,1988-02-18,77,194,Unknown,light,blonde,clean_shaven,L,P,,1,RP,LR,,,,,50,,,,53,50,52,51,53,52,54,0,62,0,0,0,0,,,,,0,,,,53,42,44,49,49,46,54,0,59,0,0,0,0,False,,,0,,,,,,0,50,long_relief,
P3070,John,Doe,1999-10-11,72,211,Unknown,dark,black,clean_shaven,L,P,,1,RP,LR,,,,,54,,,,52,52,50,50,52,51,50,59,59,63,0,0,0,,,,,0,,,,57,66,61,60,58,59,65,65,70,71,0,0,0,False,,,0,,,,,,0,50,long_relief,
P8730,John,Doe,1990-08-24,78,237,Unknown,dark,brown,clean_shaven,R,C,,0,,,63,53,51,51,49,49,59,48,52,52,,,,,,,,,,,,63,47,49,45,49,0,0,48,46,49,,,,,,,,,,,,False,,,0,,,,,,0,50,,spray
P9447,John,Doe,2002-01-27,74,164,Unknown,medium,black,clean_shaven,L,1B,,0,,,49,55,50,50,51,53,50,49,52,49,,,,,,,,,,,,61,63,61,63,51,0,0,49,57,56,,,,,,,,,,,,False,,,0,,,,,,0,50,,balanced
P3670,John,Doe,1996-07-02,71,169,Unknown,light,black,beard,R,2B,,0,,,54,53,51,55,48,48,58,50,50,52,,,,,,,,,,,,49,55,51,50,48,0,0,50,55,51,,,,,,,,,,,,False,,,0,,,,,,0,50,,gap
P5351,John,Doe,1991-09-18,74,215,Unknown,light,brown,clean_shaven,L,3B,,0,,,48,51,54,48,48,50,48,51,52,53,,,,,,,,,,,,43,49,44,43,48,0,0,51,45,48,,,,,,,,,,,,False,,,0,,,,,,0,50,,balanced
P4184,John,Doe,1989-01-13,75,180,Unknown,medium,brown,clean_shaven,R,SS,,0,,,53,52,53,51,48,51,59,52,50,49,,,,,,,,,,,,52,50,48,48,48,0,0,52,48,43,,,,,,,,,,,,False,,,0,,,,,,0,50,,balanced
P3489,John,Doe,1999-11-26,77,203,Unknown,light,black,clean_shaven,R,LF,,0,,,53,63,49,49,47,53,57,52,50,51,,,,,,,,,,,,65,70,55,55,47,0,0,52,55,65,,,,,,,,,,,,False,,,0,,,,,,0,50,,power
P3353,John,Doe,1999-08-29,78,174,Unknown,light,brown,mustache,L,CF,,0,,,54,52,53,50,52,51,46,51,47,52,,,,,,,,,,,,67,65,68,56,52,0,0,51,54,59,,,,,,,,,,,,False,,,0,,,,,,0,50,,balanced
P7058,John,Doe,1993-10-12,75,247,Unknown,medium,brown,beard,R,RF,,0,,,49,50,70,50,53,50,54,52,47,52,,,,,,,,,,,,43,47,70,41,53,0,0,52,41,48,,,,,,,,,,,,False,,,0,,,,,,0,50,,speed
P3424,John,Doe,1995-05-05,78,164,Unknown,light,brown,clean_shaven,R,CF,,0,,,58,50,50,53,49,48,54,52,48,50,,,,,,,,,,,,55,53,51,54,49,0,0,52,48,46,,,,,,,,,,,,False,,,0,,,,,,0,50,,spray
P4613,John,Doe,1999-11-29,72,216,Unknown,medium,brown,beard,R,RF,,0,,,53,49,70,51,52,51,54,52,49,48,,,,,,,,,,,,64,64,83,60,52,0,0,52,56,56,,,,,,,,,,,,False,,,0,,,,,,0,50,,speed
P1721,John,Doe,1997-01-08,71,191,Unknown,dark,black,clean_shaven,S,RF,,0,,,66,54,52,50,54,49,54,51,52,49,,,,,,,,,,,,65,59,54,46,54,0,0,51,57,45,,,,,,,,,,,,False,,,0,,,,,,0,50,,spray
P8131,John,Doe,2002-09-15,72,196,Unknown,light,black,beard,S,LF,,0,,,52,58,51,53,48,51,52,51,49,49,,,,,,,,,,,,66,65,58,68,48,0,0,51,61,58,,,,,,,,,,,,False,,,0,,,,,,0,50,,gap
P6343,John,Doe,1993-01-23,71,229,Unknown,dark,brown,clean_shaven,R,SS,,0,,,67,49,50,51,52,47,59,52,51,51,,,,,,,,,,,,65,40,48,44,52,0,0,52,45,45,,,,,,,,,,,,False,,,0,,,,,,0,50,,spray
P4428,John,Doe,1987-08-27,68,205,Unknown,medium,black,goatee,L,1B,,0,,,51,53,52,52,52,53,46,49,50,50,,,,,,,,,,,,50,45,42,44,52,0,0,49,47,43,,,,,,,,,,,,False,,,0,,,,,,0,50,,average
P2066,John,Doe,1994-10-15,70,218,Unknown,medium,black,clean_shaven,S,P,,1,RP,CL,,,,,55,,,,49,54,47,51,52,53,52,0,0,66,0,0,0,,,,,0,,,,51,50,48,50,48,58,52,0,0,70,0,0,0,False,,,0,,,,,,0,50,closer,
P5295,John,Doe,1994-05-15,76,225,Unknown,dark,black,beard,R,P,,1,RP,RP,,,,,55,,,,48,49,50,53,52,49,50,55,0,0,61,0,0,,,,,0,,,,47,51,49,55,47,44,48,57,0,0,60,0,0,False,,,0,,,,,,0,50,groundball_rp,
P5368,John,Doe,2002-02-03,71,189,Unknown,medium,red,clean_shaven,L,P,,1,RP,RP,,,,,49,,,,48,53,52,52,54,53,52,58,60,0,59,0,0,,,,,0,,,,58,59,58,67,64,62,66,72,72,0,68,0,0,False,,,0,,,,,,0,50,finesse_rp,
P1317,John,Doe,1989-07-28,73,249,Unknown,medium,black,mustache,L,P,,1,RP,SP,,,,,48,,,,51,53,52,51,52,48,54,0,64,59,60,0,0,,,,,0,,,,45,52,43,44,42,40,50,0,59,58,50,0,0,False,,,0,,,,,,0,50,power_sp,
P3205,John,Doe,1997-03-29,71,163,Unknown,light,red,clean_shaven,R,P,,1,RP,SP,,,,,48,,,,50,49,54,50,52,48,53,60,59,60,0,57,0,,,,,0,,,,54,54,49,49,54,47,49,59,62,64,0,60,0,False,,,0,,,,,,0,50,workhorse_sp,
P7521,John,Doe,1996-05-18,78,213,Unknown,dark,brown,mustache,L,P,,1,RP,RP,,,,,53,,,,52,50,48,51,53,51,53,0,61,66,0,0,0,,,,,0,,,,51,53,54,58,51,52,52,0,61,61,0,0,0,False,,,0,,,,,,0,50,power_rp,
P6810,John,Doe,2003-05-28,69,179,Unknown,light,black,clean_shaven,R,P,,1,RP,RP,,,,,53,,,,49,52,51,50,53,52,51,0,59,0,61,0,0,,,,,0,,,,64,63,64,64,62,66,59,0,72,0,71,0,0,False,,,0,,,,,,0,50,groundball_rp,
P3931,John,Doe,2001-06-05,68,188,Unknown,dark,brown,clean_shaven,R,C,,0,,,53,50,49,51,49,50,59,49,50,53,,,,,,,,,,,,59,65,61,61,49,0,0,49,55,60,,,,,,,,,,,,False,,,0,,,,,,0,50,,average
P4380,John,Doe,1998-06-26,72,213,Unknown,medium,black,clean_shaven,L,C,,0,,,59,49,48,53,50,47,48,51,51,48,,,,,,,,,,,,73,62,55,61,50,0,0,51,65,56,,,,,,,,,,,,False,,,0,,,,,,0,50,,spray
P9610,John,Doe,2003-06-28,72,215,Unknown,medium,black,clean_shaven,R,1B,,0,,,52,64,49,50,47,51,51,51,50,52,,,,,,,,,,,,65,74,59,56,47,0,0,51,61,67,,,,,,,,,,,,False,,,0,,,,,,0,50,,power
P3002,John,Doe,1996-07-22,71,207,Unknown,medium,brown,clean_shaven,R,CF,,0,,,52,51,49,49,51,51,57,51,49,48,,,,,,,,,,,,49,52,54,53,51,0,0,51,53,51,,,,,,,,,,,,False,,,0,,,,,,0,50,,balanced
P4406,John,Doe,1995-01-05,74,210,Unknown,dark,black,clean_shaven,R,C,,0,,,59,53,51,54,51,48,59,51,51,50,,,,,,,,,,,,61,55,52,55,51,0,0,51,46,55,,,,,,,,,,,,False,,,0,,,,,,0,50,,spray
P2429,John,Doe,1988-01-01,70,187,Unknown,dark,brown,beard,R,2B,,0,,,51,60,49,50,51,50,58,49,49,51,,,,,,,,,,,,46,53,39,41,51,0,0,49,43,47,,,,,,,,,,,,False,,,0,,,,,,0,50,,power
P5290,John,Doe,1988-10-07,70,227,Unknown,light,black,mustache,R,RF,P,0,,,50,57,50,51,50,51,57,0,50,50,,,,,,,,,,,,43,49,44,50,50,0,0,0,48,47,,,,,,,,,,,,False,,,0,,,,,,0,50,,power
P1071,John,Doe,2004-07-27,77,229,Unknown,dark,brown,clean_shaven,R,C,,0,,,53,50,50,52,48,52,57,52,50,51,,,,,,,,,,,,75,72,62,78,48,0,0,52,66,63,,,,,,,,,,,,False,,,0,,,,,,0,50,,balanced
P4411,John,Doe,2005-12-18,78,219,Unknown,dark,blonde,clean_shaven,R,P,,1,RP,CL,,,,,55,,,,52,51,48,52,52,49,55,58,0,65,0,0,0,,,,,0,,,,73,75,81,80,60,79,73,71,0,80,0,0,0,False,,,0,,,,,,0,50,closer,
P7904,John,Doe,2004-06-01,68,203,Unknown,light,black,clean_shaven,S,P,,1,RP,RP,,,,,52,,,,52,51,48,50,53,49,51,57,61,0,0,57,0,,,,,0,,,,73,66,62,73,75,67,64,71,88,0,0,70,0,False,,,0,,,,,,0,50,finesse_rp,
P6140,John,Doe,2006-01-16,72,229,Unknown,medium,brown,clean_shaven,R,P,,1,RP,RP,,,,,53,,,,52,49,50,53,52,48,52,0,58,65,61,0,0,,,,,0,,,,76,79,80,63,62,71,63,0,88,93,78,0,0,False,,,0,,,,,,0,50,groundball_rp,
P5616,John,Doe,2006-12-23,76,226,Unknown,light,brown,beard,R,P,,1,RP,RP,,,,,51,,,,50,53,49,51,52,51,53,0,60,65,0,0,0,,,,,81,,,,67,68,79,62,78,80,64,0,80,81,0,0,0,False,,,0,,,,,,0,50,power_rp,
P4154,John,Doe,2007-03-15,78,178,Unknown,medium,black,clean_shaven,L,P,,1,RP,RP,,,,,51,,,,49,50,48,50,52,50,51,0,63,0,0,0,0,,,,,0,,,,69,64,80,80,72,66,64,0,88,0,0,0,0,False,,,0,,,,,,0,50,power_rp,
P1813,John,Doe,2005-05-26,74,245,Unknown,light,black,clean_shaven,R,SS,,0,,,56,48,50,49,52,49,61,49,49,47,,,,,,,,,,,,82,76,68,70,52,0,0,49,69,74,,,,,,,,,,,,False,,,0,,,,,,0,50,,spray
P9339,John,Doe,2006-05-31,78,202,Unknown,medium,brown,clean_shaven,L,1B,,0,,,53,60,50,52,49,52,44,49,51,52,,,,,,,,,,,,76,75,79,65,49,0,0,49,65,62,,,,,,,,,,,,False,,,0,,,,,,0,50,,gap
P3374,John,Doe,2006-09-21,77,170,Unknown,light,brown,clean_shaven,L,1B,,0,,,53,62,50,50,47,50,49,51,51,48,,,,,,,,,,,,83,78,67,69,47,0,0,51,75,59,,,,,,,,,,,,False,,,0,,,,,,0,50,,power
P8668,John,Doe,2008-02-26,77,168,Unknown,medium,black,clean_shaven,L,CF,,0,,,52,51,53,51,51,50,46,50,48,51,,,,,,,,,,,,77,81,77,66,51,0,0,50,67,62,,,,,,,,,,,,False,,,0,,,,,,0,50,,balanced
P9984,John,Doe,2006-06-13,71,237,Unknown,medium,black,clean_shaven,R,LF,CF,0,,,53,51,70,54,52,49,59,48,51,50,,,,,,,,,,,,63,70,87,76,52,0,0,48,75,75,,,,,,,,,,,,False,,,0,,,,,,0,50,,speed
P6838,John,Doe,1999-01-23,68,189,Unknown,medium,black,clean_shaven,S,P,,1,RP,CL,,,,,55,,,,48,52,47,50,52,53,53,61,62,67,0,0,0,,,,,0,,,,58,60,57,65,52,62,58,74,74,73,0,0,0,False,,,0,,,,,,0,50,closer,
P4210,John,Doe,2000-07-07,75,219,Unknown,dark,black,beard,R,P,,1,RP,RP,,,,,50,,,,50,49,52,50,52,50,53,0,61,66,0,54,0,,,,,0,,,,57,62,62,66,66,62,67,0,72,72,0,61,0,False,,,0,,,,,,0,50,power_rp,
P1046,John,Doe,2002-11-02,69,220,Unknown,dark,black,mustache,L,P,,1,RP,RP,,,,,51,,,,53,54,49,52,52,51,56,0,62,0,0,0,0,,,,,0,,,,64,66,65,67,54,64,71,0,76,0,0,0,0,False,,,0,,,,,,0,50,power_rp,
P6782,John,Doe,1997-03-19,74,170,Unknown,light,red,beard,L,P,,1,RP,CL,,,,,50,,,,50,53,52,50,52,52,53,0,59,65,0,0,0,,,,,0,,,,45,56,54,56,57,55,56,0,57,65,0,0,0,False,,,0,,,,,,0,50,closer,
P8287,John,Doe,1995-12-09,78,168,Unknown,medium,black,clean_shaven,L,P,,1,RP,SP,,,,,51,,,,51,50,51,51,52,50,50,58,60,0,0,0,0,,,,,0,,,,47,50,56,52,54,48,51,55,56,0,0,0,0,False,,,0,,,,,,0,50,finesse_sp,
P8184,John,Doe,1989-06-13,74,232,Unknown,medium,black,clean_shaven,L,P,,1,RP,RP,,,,,57,,,,48,51,50,52,52,49,51,0,60,0,62,0,0,,,,,0,,,,46,50,43,47,41,45,43,0,53,0,55,0,0,False,,,0,,,,,,0,50,groundball_rp,
P6276,John,Doe,1992-03-23,68,236,Unknown,dark,black,beard,R,P,,1,RP,SP,,,,,53,,,,50,52,52,53,54,52,53,58,0,61,0,0,0,,,,,0,,,,43,48,48,46,47,52,52,53,0,60,0,0,0,False,,,0,,,,,,0,50,balanced_sp,
P3682,John,Doe,2002-09-24,70,247,Unknown,dark,blonde,clean_shaven,L,P,,1,RP,RP,,,,,54,,,,49,49,51,50,52,49,51,59,59,0,63,0,0,,,,,0,,,,56,61,63,66,58,64,59,68,70,0,72,0,0,False,,,0,,,,,,0,50,groundball_rp,
P9513,John,Doe,1993-11-09,74,211,Unknown,medium,brown,clean_shaven,R,P,,1,RP,SP,,,,,52,,,,51,54,51,50,53,47,51,0,63,64,0,0,0,,,,,0,,,,48,47,43,51,49,44,45,0,60,58,0,0,0,False,,,0,,,,,,0,50,power_sp,
P9602,John,Doe,1989-06-25,77,233,Unknown,light,brown,beard,S,P,,1,RP,SP,,,,,49,,,,50,48,51,54,54,52,51,61,62,0,58,0,0,,,,,49,,,,48,44,45,48,51,46,45,51,55,0,49,0,0,False,,,0,,,,,,0,50,finesse_sp,
P5353,John,Doe,1994-05-07,68,175,Unknown,medium,black,clean_shaven,L,P,,1,RP,SP,,,,,51,,,,49,53,50,51,54,50,54,60,60,61,0,0,0,,,,,0,,,,45,56,49,59,54,53,55,61,56,57,0,0,0,False,,,0,,,,,,0,50,balanced_sp,
P7039,John,Doe,2003-12-01,70,245,Unknown,medium,brown,clean_shaven,R,C,,0,,,52,50,49,53,51,52,55,49,53,50,,,,,,,,,,,,57,63,56,61,51,0,0,49,68,58,,,,,,,,,,,,False,,,0,,,,,,0,50,,average
P4932,John,Doe,1992-09-26,69,197,Unknown,medium,brown,clean_shaven,L,1B,,0,,,59,66,51,52,49,53,47,50,50,51,,,,,,,,,,,,58,60,46,52,49,0,0,50,42,50,,,,,,,,,,,,False,,,0,,,,,,0,50,,gap
P8075,John,Doe,1999-12-23,76,217,Unknown,medium,brown,clean_shaven,R,2B,,0,,,51,63,50,52,49,51,56,52,53,51,,,,,,,,,,,,57,71,60,57,49,0,0,52,63,62,,,,,,,,,,,,False,,,0,,,,,,0,50,,power
P5141,John,Doe,1997-09-07,73,163,Unknown,medium,blonde,clean_shaven,R,3B,,0,,,49,57,49,48,50,52,57,49,50,52,,,,,,,,,,,,53,58,50,45,50,0,0,49,54,56,,,,,,,,,,,,False,,,0,,,,,,0,50,,power
P2812,John,Doe,1996-08-09,78,171,Unknown,dark,black,clean_shaven,S,SS,3B,0,,,62,50,72,51,52,49,53,48,49,49,,,,,,,,,,,,57,52,67,47,52,0,0,48,47,51,,,,,,,,,,,,False,,,0,,,,,,0,50,,spray
P1143,John,Doe,1987-07-08,76,247,Unknown,dark,brown,beard,L,LF,,0,,,51,51,48,52,49,49,48,50,51,51,,,,,,,,,,,,51,50,44,44,49,0,0,50,43,45,,,,,,,,,,,,False,,,0,,,,,,0,50,,average
P6312,John,Doe,1995-04-02,78,163,Unknown,medium,black,clean_shaven,S,CF,,0,,,49,55,52,48,52,54,49,49,52,51,,,,,,,,,,,,52,51,49,49,52,0,0,49,52,46,,,,,,,,,,,,False,,,0,,,,,,0,50,,power
P4969,John,Doe,2000-10-03,71,240,Unknown,medium,brown,clean_shaven,S,RF,,0,,,54,56,48,53,51,49,49,49,50,53,,,,,,,,,,,,66,67,58,62,51,0,0,49,56,63,,,,,,,,,,,,False,,,0,,,,,,0,50,,balanced
P1361,John,Doe,2002-08-19,74,206,Unknown,medium,black,mustache,R,CF,,0,,,54,53,51,52,51,49,50,51,49,51,,,,,,,,,,,,68,64,56,57,51,0,0,51,59,62,,,,,,,,,,,,False,,,0,,,,,,0,50,,balanced
P1969,John,Doe,2000-12-31,68,247,Unknown,dark,brown,clean_shaven,L,CF,,0,,,52,51,70,51,50,49,43,49,49,49,,,,,,,,,,,,58,61,76,59,50,0,0,49,58,61,,,,,,,,,,,,False,,,0,,,,,,0,50,,speed
P1571,John,Doe,1997-09-02,70,170,Unknown,dark,brown,clean_shaven,R,SS,,0,,,52,52,49,51,48,52,59,50,50,48,,,,,,,,,,,,49,54,51,55,48,0,0,50,55,45,,,,,,,,,,,,False,,,0,,,,,,0,50,,balanced
P1206,John,Doe,1995-09-20,69,179,Unknown,dark,black,mustache,L,2B,,0,,,56,53,52,55,51,52,47,51,52,52,,,,,,,,,,,,51,56,50,52,51,0,0,51,49,48,,,,,,,,,,,,False,,,0,,,,,,0,50,,gap
P4465,John,Doe,2000-02-20,73,179,Unknown,light,brown,goatee,R,1B,,0,,,51,65,53,50,48,50,54,50,52,52,,,,,,,,,,,,56,70,65,56,48,0,0,50,62,67,,,,,,,,,,,,False,,,0,,,,,,0,50,,power
P9770,John,Doe,1989-06-26,74,177,Unknown,light,brown,mustache,L,LF,RF,0,,,50,51,50,49,53,49,49,53,50,48,,,,,,,,,,,,47,51,42,47,53,0,0,53,43,46,,,,,,,,,,,,False,,,0,,,,,,0,50,,balanced
P1619,John,Doe,2004-10-18,74,244,Unknown,light,blonde,mustache,L,P,,1,RP,CL,,,,,55,,,,50,51,49,51,52,50,53,0,59,66,0,0,0,,,,,0,,,,64,75,76,78,75,61,80,0,88,89,0,0,0,False,,,0,,,,,,0,50,closer,
P2364,John,Doe,1990-04-21,73,198,Unknown,light,black,mustache,R,P,,1,RP,SP,,,,,53,,,,48,52,53,50,53,51,51,59,61,57,59,0,0,,,,,0,,,,44,49,45,47,45,51,47,51,56,53,57,0,0,False,,,0,,,,,,0,50,groundball_sp,
P8381,John,Doe,1995-06-12,76,243,Unknown,light,black,clean_shaven,L,P,,1,RP,SP,,,,,48,,,,49,51,50,53,52,48,53,63,59,61,0,58,0,,,,,0,,,,47,51,54,48,45,47,50,64,61,61,0,61,0,False,,,0,,,,,,0,50,balanced_sp,
P7829,John,Doe,1988-08-15,71,213,Unknown,light,brown,mustache,L,P,,1,RP,LR,,,,,52,,,,52,49,49,50,54,52,49,59,0,66,0,0,0,,,,,0,,,,52,44,43,48,47,45,40,54,0,66,0,0,0,False,,,0,,,,,,0,50,long_relief,
P9660,John,Doe,1991-03-16,75,217,Unknown,dark,red,beard,L,P,,1,RP,SP,,,,,52,,,,48,50,52,50,54,49,51,0,60,62,0,0,0,,,,,0,,,,42,40,49,48,52,46,41,0,54,52,0,0,0,False,,,0,,,,,,0,50,power_sp,
P7994,John,Doe,1999-06-01,70,164,Unknown,dark,black,clean_shaven,S,P,,1,RP,SP,,,,,54,,,,53,50,54,51,52,51,53,62,62,57,60,0,0,,,,,0,,,,63,63,65,63,63,65,64,69,76,68,74,0,0,False,,,0,,,,,,0,50,groundball_sp,
P7642,John,Doe,1999-10-15,73,218,Unknown,medium,brown,clean_shaven,L,P,,1,RP,SP,,,,,50,,,,52,51,51,51,52,48,51,58,60,59,0,57,0,,,,,0,,,,64,65,65,60,63,54,57,63,72,73,0,69,0,False,,,0,,,,,,0,50,balanced_sp,
P3535,John,Doe,1987-10-28,78,175,Unknown,medium,brown,goatee,R,SS,,0,,,50,53,51,49,50,48,58,49,48,50,,,,,,,,,,,,50,44,41,49,50,0,0,49,39,44,,,,,,,,,,,,False,,,0,,,,,,0,50,,balanced
P7757,John,Doe,1994-07-31,71,206,Unknown,medium,brown,clean_shaven,L,2B,,0,,,59,48,48,55,50,49,49,52,52,48,,,,,,,,,,,,54,51,46,59,50,0,0,52,56,51,,,,,,,,,,,,False,,,0,,,,,,0,50,,spray
P4458,John,Doe,1987-12-08,69,160,Unknown,light,blonde,beard,R,1B,LF,0,,,52,54,49,49,49,52,58,48,50,48,,,,,,,,,,,,44,53,47,40,49,0,0,48,48,39,,,,,,,,,,,,False,,,0,,,,,,0,50,,average
P4751,John,Doe,1998-04-06,73,233,Unknown,light,black,mustache,R,C,,0,,,52,53,50,52,53,51,58,50,50,49,,,,,,,,,,,,67,67,55,63,53,0,0,50,59,59,,,,,,,,,,,,False,,,0,,,,,,0,50,,balanced
P5310,John,Doe,1998-09-08,71,239,Unknown,medium,black,clean_shaven,R,1B,,0,,,51,59,51,50,50,51,55,52,51,52,,,,,,,,,,,,62,64,59,55,50,0,0,52,66,59,,,,,,,,,,,,False,,,0,,,,,,0,50,,power
P5910,John,Doe,1994-11-11,74,214,Unknown,medium,black,clean_shaven,R,LF,,0,,,58,50,51,55,50,50,56,52,49,53,,,,,,,,,,,,61,54,50,53,50,0,0,52,45,53,,,,,,,,,,,,False,,,0,,,,,,0,50,,spray
P6141,John,Doe,2000-05-12,72,179,Unknown,dark,black,goatee,R,3B,,0,,,52,61,52,49,49,52,58,53,50,52,,,,,,,,,,,,60,66,66,64,49,0,0,53,60,59,,,,,,,,,,,,False,,,0,,,,,,0,50,,power
P7659,John,Doe,2005-01-21,70,162,Unknown,medium,blonde,beard,R,2B,,0,,,53,49,52,52,51,49,60,52,51,48,,,,,,,,,,,,75,76,65,71,51,0,0,52,75,66,,,,,,,,,,,,False,,,0,,,,,,0,50,,balanced
P3274,John,Doe,2007-06-03,68,243,Unknown,light,black,clean_shaven,R,P,,1,RP,CL,,,,,55,,,,52,52,47,50,53,49,53,57,58,65,0,0,0,,,,,0,,,,73,67,64,67,76,72,78,73,82,87,0,0,0,False,,,0,,,,,,0,50,closer,
P1572,John,Doe,2008-01-22,76,189,Unknown,medium,brown,clean_shaven,R,P,,1,RP,RP,,,,,49,,,,49,49,52,53,52,51,50,0,64,0,0,0,0,,,,,0,,,,67,77,82,80,76,64,76,0,92,0,0,0,0,False,,,0,,,,,,0,50,finesse_rp,
P9868,John,Doe,2007-08-06,69,184,Unknown,medium,brown,clean_shaven,R,P,,1,RP,SP,,,,,49,,,,50,52,54,52,53,52,51,0,60,61,0,0,0,,,,,0,,,,61,73,73,76,72,77,77,0,83,73,0,0,0,False,,,0,,,,,,0,50,power_sp,
P2522,John,Doe,2007-09-20,69,165,Unknown,medium,brown,clean_shaven,R,P,,1,RP,SP,,,,,49,,,,53,52,50,51,52,49,53,0,61,60,58,58,0,,,,,0,,,,78,74,67,70,78,76,70,0,74,75,75,82,0,False,,,0,,,,,,0,50,power_sp,
P6672,John,Doe,2004-10-12,72,250,Unknown,dark,brown,clean_shaven,R,P,,1,RP,RP,,,,,56,,,,49,53,51,50,52,52,52,0,60,65,62,0,0,,,,,0,,,,78,74,69,68,79,82,72,0,77,94,80,0,0,False,,,0,,,,,,0,50,groundball_rp,
P3425,John,Doe,2005-12-26,69,243,Unknown,light,brown,beard,S,1B,,0,,,58,53,50,51,49,53,53,50,52,51,,,,,,,,,,,,83,68,68,65,49,0,0,50,80,64,,,,,,,,,,,,False,,,0,,,,,,0,50,,gap
P3125,John,Doe,2005-11-07,72,239,Unknown,light,black,clean_shaven,R,C,,0,,,50,50,48,49,51,52,57,48,49,50,,,,,,,,,,,,61,80,69,69,51,0,0,48,74,80,,,,,,,,,,,,False,,,0,,,,,,0,50,,balanced
P8851,John,Doe,2006-08-27,76,196,Unknown,medium,black,clean_shaven,R,2B,,0,,,49,50,52,50,48,50,58,50,52,53,,,,,,,,,,,,78,70,72,66,48,0,0,50,79,64,,,,,,,,,,,,False,,,0,,,,,,0,50,,balanced
P9590,John,Doe,2005-04-02,71,177,Unknown,dark,black,clean_shaven,R,SS,,0,,,60,49,53,54,49,49,58,53,52,49,,,,,,,,,,,,88,66,81,69,49,0,0,53,79,63,,,,,,,,,,,,False,,,0,,,,,,0,50,,spray
P4531,John,Doe,2004-10-04,69,163,Unknown,medium,brown,clean_shaven,R,C,,0,,,61,53,52,50,52,50,56,50,49,50,,,,,,,,,,,,84,68,63,65,52,0,0,50,67,70,,,,,,,,,,,,False,,,0,,,,,,0,50,,spray
P9399,John,Doe,1997-05-26,69,242,Unknown,light,black,mustache,R,P,,1,RP,CL,,,,,55,,,,49,50,47,51,52,49,53,56,57,65,0,0,0,,,,,0,,,,44,50,51,52,43,52,55,59,58,63,0,0,0,False,,,0,,,,,,0,50,closer,
P2769,John,Doe,1989-09-28,77,229,Unknown,dark,black,goatee,L,P,,1,RP,CL,,,,,51,,,,50,51,51,50,52,53,52,0,60,65,0,0,0,,,,,0,,,,40,47,49,42,50,50,51,0,56,65,0,0,0,False,,,0,,,,,,0,50,closer,
P9486,John,Doe,1992-07-13,69,220,Unknown,light,blonde,goatee,S,P,,1,RP,SP,,,,,53,,,,50,51,52,50,53,51,50,0,61,57,58,0,0,,,,,0,,,,48,46,43,44,42,43,49,0,59,47,57,0,0,False,,,0,,,,,,0,50,groundball_sp,
P5814,John,Doe,1993-03-27,74,237,Unknown,medium,brown,clean_shaven,S,P,,1,RP,CL,,,,,53,,,,49,50,47,50,52,53,52,0,0,66,0,0,0,,,,,0,,,,39,50,40,48,46,50,42,0,0,57,0,0,0,False,,,0,,,,,,0,50,closer,
P2500,John,Doe,1991-05-22,74,214,Unknown,medium,brown,clean_shaven,R,P,,1,RP,RP,,,,,50,,,,51,51,52,51,52,52,51,56,60,0,60,0,0,,,,,0,,,,44,48,42,44,52,49,50,48,60,0,53,0,0,False,,,0,,,,,,0,50,finesse_rp,
P1874,John,Doe,1987-08-22,76,165,Unknown,medium,black,beard,R,P,,1,RP,SP,,,,,50,,,,52,53,50,50,52,48,53,0,64,61,0,0,0,,,,,0,,,,50,48,46,47,40,41,53,0,62,54,0,0,0,False,,,0,,,,,,0,50,power_sp,
P1646,John,Doe,1994-10-27,75,221,Unknown,medium,black,goatee,R,P,,1,RP,SP,,,,,52,,,,48,51,54,53,52,50,50,60,0,0,57,0,0,,,,,0,,,,48,47,54,51,51,54,50,63,0,0,57,0,0,False,,,0,,,,,,0,50,groundball_sp,
P9381,John,Doe,1996-05-03,73,197,Unknown,medium,black,mustache,R,P,,1,RP,SP,,,,,50,,,,49,49,52,50,54,50,50,62,61,60,54,0,0,,,,,0,,,,49,45,50,49,53,54,53,62,64,64,58,0,0,False,,,0,,,,,,0,50,finesse_sp,
P7799,John,Doe,2002-09-06,73,201,Unknown,dark,blonde,clean_shaven,R,P,,1,RP,SP,,,,,52,,,,51,52,54,50,54,51,52,62,59,58,59,0,0,,,,,0,,,,63,62,63,67,59,62,66,73,73,69,72,0,0,False,,,0,,,,,,0,50,groundball_sp,
P6858,John,Doe,1991-10-28,70,205,Unknown,medium,brown,clean_shaven,L,P,,1,RP,SP,,,,,52,,,,50,51,54,52,52,50,49,0,59,58,61,0,0,,,,,0,,,,43,48,49,42,51,48,40,0,59,57,56,0,0,False,,,0,,,,,,0,50,groundball_sp,
P6435,John,Doe,1998-10-27,75,163,Unknown,dark,black,goatee,R,P,,1,RP,SP,,,,,53,,,,50,49,53,50,52,50,49,62,60,60,58,0,0,,,,,0,,,,56,56,55,58,64,59,57,74,66,71,72,0,0,False,,,0,,,,,,0,50,groundball_sp,
P1193,John,Doe,2003-07-18,68,217,Unknown,medium,red,clean_shaven,R,C,,0,,,66,49,52,53,50,48,56,48,52,52,,,,,,,,,,,,80,60,65,67,50,0,0,48,66,64,,,,,,,,,,,,False,,,0,,,,,,0,50,,spray
P8741,John,Doe,2001-08-20,78,169,Unknown,light,brown,goatee,R,1B,,0,,,50,48,78,52,53,49,57,49,52,51,,,,,,,,,,,,57,56,88,58,53,0,0,49,63,62,,,,,,,,,,,,False,,,0,,,,,,0,50,,speed
P8657,John,Doe,1989-04-19,69,214,Unknown,medium,black,mustache,R,2B,,0,,,56,47,70,52,50,52,59,49,52,50,,,,,,,,,,,,53,47,64,52,50,0,0,49,44,41,,,,,,,,,,,,False,,,0,,,,,,0,50,,speed
P1598,John,Doe,2002-07-16,75,220,Unknown,light,black,clean_shaven,R,3B,,0,,,54,49,53,50,47,51,57,49,50,51,,,,,,,,,,,,59,64,61,59,47,0,0,49,61,61,,,,,,,,,,,,False,,,0,,,,,,0,50,,balanced
P2780,John,Doe,1994-09-02,71,195,Unknown,light,black,clean_shaven,R,SS,,0,,,53,49,70,52,53,48,57,50,50,47,,,,,,,,,,,,55,44,69,47,53,0,0,50,50,52,,,,,,,,,,,,False,,,0,,,,,,0,50,,speed
P3088,John,Doe,1999-08-13,76,229,Unknown,medium,brown,clean_shaven,L,LF,,0,,,50,51,85,52,53,48,48,49,50,48,,,,,,,,,,,,61,56,99,67,53,0,0,49,56,56,,,,,,,,,,,,False,,,0,,,,,,0,50,,elite_speed
P4812,John,Doe,2002-07-08,72,227,Unknown,medium,brown,mustache,R,CF,LF,0,,,53,51,75,49,51,51,54,50,49,52,,,,,,,,,,,,66,62,84,60,51,0,0,50,54,58,,,,,,,,,,,,False,,,0,,,,,,0,50,,speed
P2644,John,Doe,1991-10-28,76,217,Unknown,light,black,clean_shaven,R,RF,,0,,,48,60,48,51,51,49,50,51,50,51,,,,,,,,,,,,45,54,39,41,51,0,0,51,40,43,,,,,,,,,,,,False,,,0,,,,,,0,50,,power
P8239,John,Doe,1993-01-01,75,236,Unknown,medium,black,clean_shaven,R,LF,,0,,,50,60,50,51,52,50,58,52,49,51,,,,,,,,,,,,45,59,42,49,52,0,0,52,39,44,,,,,,,,,,,,False,,,0,,,,,,0,50,,power
P8112,John,Doe,1989-07-26,69,198,Unknown,medium,black,clean_shaven,R,2B,,0,,,52,49,51,51,49,48,56,50,53,51,,,,,,,,,,,,48,46,47,49,49,0,0,50,49,42,,,,,,,,,,,,False,,,0,,,,,,0,50,,average
P7576,John,Doe,1994-09-27,70,170,Unknown,dark,brown,mustache,R,SS,,0,,,49,51,53,51,48,51,55,49,49,51,,,,,,,,,,,,45,55,49,50,48,0,0,49,50,47,,,,,,,,,,,,False,,,0,,,,,,0,50,,balanced
P8411,John,Doe,2003-04-11,73,241,Unknown,medium,brown,clean_shaven,R,SS,,0,,,70,51,53,54,50,48,61,48,50,52,,,,,,,,,,,,80,58,59,61,50,0,0,48,60,61,,,,,,,,,,,,False,,,0,,,,,,0,50,,spray
P9100,John,Doe,1988-03-15,78,189,Unknown,light,black,clean_shaven,R,RF,,0,,,59,50,52,50,51,50,57,48,49,52,,,,,,,,,,,,52,47,43,43,51,0,0,48,39,47,,,,,,,,,,,,False,,,0,,,,,,0,50,,spray
P9450,John,Doe,2002-06-07,74,204,Unknown,medium,black,beard,R,2B,,0,,,60,55,52,53,50,48,60,52,50,52,,,,,,,,,,,,70,66,61,65,50,0,0,52,60,58,,,,,,,,,,,,False,,,0,,,,,,0,50,,gap
P4138,John,Doe,1995-07-19,75,166,Unknown,medium,black,clean_shaven,L,P,,1,RP,CL,,,,,55,,,,48,54,47,53,53,51,54,61,61,66,0,0,0,,,,,0,,,,51,56,54,54,50,54,52,59,66,63,0,0,0,False,,,0,,,,,,0,50,closer,
P4882,John,Doe,1999-07-04,75,168,Unknown,light,black,clean_shaven,L,P,,1,RP,RP,,,,,50,,,,51,51,47,50,54,50,53,0,62,63,62,0,0,,,,,0,,,,63,59,56,63,55,65,59,0,68,71,73,0,0,False,,,0,,,,,,0,50,power_rp,
P7007,John,Doe,1990-07-24,78,209,Unknown,dark,brown,clean_shaven,R,P,,1,RP,SP,,,,,52,,,,50,52,53,50,52,47,53,0,61,59,0,0,0,,,,,0,,,,42,46,48,45,43,46,45,0,60,50,0,0,0,False,,,0,,,,,,0,50,power_sp,
P1418,John,Doe,1988-08-09,75,246,Unknown,medium,black,mustache,R,P,1B,1,RP,RP,,,,,52,,,,49,52,50,52,52,50,51,0,0,63,0,0,0,,,,,0,,,,41,44,50,52,42,40,51,0,0,58,0,0,0,False,,,0,,,,,,0,50,power_rp,
P6474,John,Doe,2002-03-13,69,237,Unknown,medium,black,clean_shaven,L,P,,1,RP,SP,,,,,50,,,,50,49,54,52,54,52,49,59,59,60,0,0,0,,,,,0,,,,62,59,62,65,60,60,62,74,74,65,0,0,0,False,,,0,,,,,,0,50,finesse_sp,
P7639,John,Doe,1988-10-14,68,220,Unknown,medium,black,beard,R,P,,1,RP,RP,,,,,50,,,,48,53,50,50,52,51,54,0,61,65,0,0,0,,,,,0,,,,38,48,43,47,45,45,44,0,59,61,0,0,0,False,,,0,,,,,,0,50,power_rp,
P5698,John,Doe,1988-06-04,68,199,Unknown,dark,red,beard,L,P,,1,RP,SP,,,,,50,,,,50,49,51,51,54,51,52,58,63,61,56,0,0,,,,,0,,,,47,39,49,49,44,49,47,51,54,52,49,0,0,False,,,0,,,,,,0,50,finesse_sp,
P5042,John,Doe,2004-03-01,73,161,Unknown,dark,black,clean_shaven,R,SS,,0,,,53,51,70,51,51,47,56,52,51,50,,,,,,,,,,,,64,62,93,76,51,0,0,52,70,78,,,,,,,,,,,,False,,,0,,,,,,0,50,,speed
P3178,John,Doe,1987-09-18,70,222,Unknown,medium,black,clean_shaven,R,2B,,0,,,54,48,70,53,50,51,56,51,49,51,,,,,,,,,,,,53,42,65,51,50,0,0,51,43,45,,,,,,,,,,,,False,,,0,,,,,,0,50,,speed
P2926,John,Doe,1995-02-24,77,221,Unknown,medium,blonde,clean_shaven,L,CF,,0,,,53,47,77,53,53,48,43,51,52,49,,,,,,,,,,,,48,48,74,55,53,0,0,51,51,46,,,,,,,,,,,,False,,,0,,,,,,0,50,,speed
P6953,John,Doe,1992-05-27,72,219,Unknown,light,black,beard,R,2B,,0,,,51,50,52,52,53,48,59,50,48,49,,,,,,,,,,,,45,44,42,50,53,0,0,50,43,47,,,,,,,,,,,,False,,,0,,,,,,0,50,,balanced
P9556,John,Doe,1995-12-21,73,172,Unknown,dark,black,clean_shaven,R,3B,2B,0,,,52,58,51,51,49,52,57,49,48,48,,,,,,,,,,,,56,61,50,53,49,0,0,49,48,48,,,,,,,,,,,,False,,,0,,,,,,0,50,,power
P3445,John,Doe,2003-03-12,74,177,Unknown,light,red,mustache,S,C,,0,,,48,51,48,51,52,49,54,49,51,49,,,,,,,,,,,,60,56,63,66,52,0,0,49,61,64,,,,,,,,,,,,False,,,0,,,,,,0,50,,average
P3784,John,Doe,1992-05-26,71,210,Unknown,dark,black,mustache,R,2B,,0,,,54,52,50,52,51,51,55,48,48,52,,,,,,,,,,,,44,47,43,48,51,0,0,48,41,52,,,,,,,,,,,,False,,,0,,,,,,0,50,,gap
P7104,John,Doe,2004-11-01,72,212,Unknown,medium,brown,beard,R,CF,2B,0,,,57,48,53,52,49,48,53,47,50,52,,,,,,,,,,,,82,70,79,80,49,0,0,47,67,69,,,,,,,,,,,,False,,,0,,,,,,0,50,,spray
P6550,John,Doe,2007-11-08,71,227,Unknown,medium,brown,clean_shaven,L,P,,1,RP,CL,,,,,55,,,,49,50,48,50,54,52,53,58,0,66,0,0,0,,,,,0,,,,59,60,71,74,78,67,76,88,0,87,0,0,0,False,,,0,,,,,,0,50,closer,
P8438,John,Doe,2007-10-13,70,235,Unknown,medium,red,beard,L,P,,1,RP,SP,,,,,48,,,,48,50,54,50,52,51,52,62,0,61,0,0,0,,,,,0,,,,76,77,63,62,65,77,72,90,0,75,0,0,0,False,,,0,,,,,,0,50,workhorse_sp,
P4369,John,Doe,2005-09-14,72,200,Unknown,dark,brown,clean_shaven,S,P,,1,RP,RP,,,,,56,,,,51,52,52,51,52,48,52,0,0,0,62,0,0,,,,,0,,,,71,62,63,71,64,62,78,0,0,0,79,0,0,False,,,0,,,,,,0,50,groundball_rp,
P2721,John,Doe,2007-01-19,69,193,Unknown,medium,brown,clean_shaven,L,P,,1,RP,RP,,,,,49,,,,50,51,53,52,52,53,51,61,63,0,59,0,0,,,,,0,,,,73,65,76,75,75,66,63,81,79,0,70,0,0,False,,,0,,,,,,0,50,finesse_rp,
P4357,John,Doe,2006-03-03,72,185,Unknown,dark,brown,clean_shaven,R,P,,1,RP,RP,,,,,48,,,,48,54,48,50,52,48,54,0,63,0,0,0,0,,,,,0,,,,69,67,60,80,69,61,69,0,86,0,0,0,0,False,,,0,,,,,,0,50,power_rp,
P4073,John,Doe,2008-02-04,78,172,Unknown,light,blonde,clean_shaven,R,3B,,0,,,49,49,52,50,47,52,58,51,50,50,,,,,,,,,,,,64,63,73,73,47,0,0,51,70,65,,,,,,,,,,,,False,,,0,,,,,,0,50,,balanced
P2473,John,Doe,2005-10-05,69,183,Unknown,medium,brown,clean_shaven,S,3B,,0,,,49,51,85,51,54,50,54,49,48,48,,,,,,,,,,,,67,66,99,76,54,0,0,49,75,75,,,,,,,,,,,,False,,,0,,,,,,0,50,,speed
P1007,John,Doe,2007-04-21,71,213,Unknown,light,black,clean_shaven,R,C,,0,,,49,53,50,50,49,52,58,51,49,49,,,,,,,,,,,,71,66,78,77,49,0,0,51,74,73,,,,,,,,,,,,False,,,0,,,,,,0,50,,average
P4991,John,Doe,2007-06-11,73,181,Unknown,dark,black,clean_shaven,R,SS,,0,,,51,51,50,51,50,50,59,49,52,51,,,,,,,,,,,,75,61,74,69,50,0,0,49,76,65,,,,,,,,,,,,False,,,0,,,,,,0,50,,balanced
P6026,John,Doe,2007-07-02,73,213,Unknown,light,brown,clean_shaven,R,LF,,0,,,48,62,51,49,50,52,56,53,49,52,,,,,,,,,,,,76,79,73,59,50,0,0,53,70,76,,,,,,,,,,,,False,,,0,,,,,,0,50,,power
P3119,John,Doe,1988-07-25,68,183,Unknown,medium,brown,clean_shaven,L,P,,1,RP,CL,,,,,55,,,,53,51,48,51,53,49,55,0,62,65,0,0,0,,,,,0,,,,49,49,49,46,40,40,47,0,62,60,0,0,0,False,,,0,,,,,,0,50,closer,
P1997,John,Doe,1995-10-11,77,166,Unknown,dark,black,clean_shaven,S,P,,1,RP,SP,,,,,51,,,,52,49,54,53,52,52,50,61,60,0,61,0,0,,,,,0,,,,53,52,48,48,55,57,52,65,56,0,60,0,0,False,,,0,,,,,,0,50,groundball_sp,
P1896,John,Doe,1988-06-21,76,199,Unknown,light,blonde,mustache,R,P,,1,RP,SP,,,,,48,,,,51,54,51,52,52,50,54,0,60,60,60,56,0,,,,,0,,,,41,46,50,46,48,47,45,0,50,57,58,56,0,False,,,0,,,,,,0,50,power_sp,
P3416,John,Doe,1998-03-20,73,179,Unknown,medium,brown,goatee,S,P,,1,RP,RP,,,,,50,,,,50,51,50,51,52,49,53,0,61,67,0,57,0,,,,,0,,,,57,60,57,60,62,57,67,0,75,74,0,66,0,False,,,0,,,,,,0,50,power_rp,
P1998,John,Doe,1987-06-16,77,187,Unknown,light,black,clean_shaven,L,P,,1,RP,SP,,,,,50,,,,48,52,52,50,53,50,53,59,0,58,0,0,0,,,,,0,,,,43,45,49,50,46,43,53,49,0,49,0,0,0,False,,,0,,,,,,0,50,balanced_sp,
P9152,John,Doe,1995-01-25,77,199,Unknown,medium,black,clean_shaven,R,P,,1,RP,RP,,,,,49,,,,48,53,51,53,52,52,51,0,0,66,0,0,0,,,,,0,,,,53,52,54,57,55,56,47,0,0,67,0,0,0,False,,,0,,,,,,0,50,power_rp,
P5450,John,Doe,1991-12-10,74,195,Unknown,dark,brown,beard,S,P,,1,RP,SP,,,,,53,,,,51,52,51,50,53,50,52,0,59,0,59,0,0,,,,,0,,,,43,45,44,53,44,43,51,0,53,0,57,0,0,False,,,0,,,,,,0,50,groundball_sp,
P3163,John,Doe,1999-12-21,72,168,Unknown,light,brown,beard,R,P,,1,RP,RP,,,,,52,,,,48,51,49,53,53,50,52,60,0,0,0,0,0,,,,,0,,,,54,59,65,62,55,60,61,68,0,0,0,0,0,False,,,0,,,,,,0,50,finesse_rp,
P3206,John,Doe,1988-11-28,76,248,Unknown,medium,brown,clean_shaven,R,P,,1,RP,SP,,,,,50,,,,50,51,52,50,52,48,51,0,63,61,0,0,0,,,,,0,,,,47,50,42,44,50,44,44,0,60,57,0,0,0,False,,,0,,,,,,0,50,power_sp,
P8501,John,Doe,1999-02-02,77,172,Unknown,dark,brown,goatee,R,P,,1,RP,SP,,,,,50,,,,51,52,53,52,52,50,50,59,59,61,0,0,0,,,,,0,,,,56,60,66,63,65,56,55,70,72,75,0,0,0,False,,,0,,,,,,0,50,balanced_sp,
P1216,John,Doe,2004-10-30,77,245,Unknown,light,black,beard,S,P,,1,RP,RP,,,,,57,,,,50,50,49,52,52,49,53,0,0,64,62,0,0,,,,,0,,,,72,63,81,71,73,66,63,0,0,78,86,0,0,False,,,0,,,,,,0,50,groundball_rp,
P3933,John,Doe,1996-12-30,76,213,Unknown,dark,brown,clean_shaven,R,C,,0,,,53,52,52,52,52,48,56,49,51,50,,,,,,,,,,,,58,50,54,56,52,0,0,49,50,49,,,,,,,,,,,,False,,,0,,,,,,0,50,,balanced
P7516,John,Doe,2002-10-28,77,213,Unknown,dark,brown,clean_shaven,L,1B,,0,,,48,61,47,49,50,53,47,50,50,48,,,,,,,,,,,,53,76,56,60,50,0,0,50,65,60,,,,,,,,,,,,False,,,0,,,,,,0,50,,power
P9494,John,Doe,1997-08-20,74,202,Unknown,medium,black,goatee,S,2B,,0,,,63,52,50,54,50,50,55,51,48,49,,,,,,,,,,,,61,53,53,58,50,0,0,51,48,52,,,,,,,,,,,,False,,,0,,,,,,0,50,,spray
P1059,John,Doe,2000-01-12,68,228,Unknown,light,blonde,beard,L,3B,,0,,,49,49,49,49,48,48,50,51,52,48,,,,,,,,,,,,55,60,60,60,48,0,0,51,57,59,,,,,,,,,,,,False,,,0,,,,,,0,50,,balanced
P1719,John,Doe,1995-01-12,68,179,Unknown,medium,black,clean_shaven,R,SS,,0,,,52,50,54,49,50,51,55,49,53,52,,,,,,,,,,,,55,45,49,53,50,0,0,49,54,50,,,,,,,,,,,,False,,,0,,,,,,0,50,,balanced
P1203,John,Doe,1999-01-04,74,167,Unknown,medium,red,clean_shaven,R,LF,,0,,,53,57,50,51,51,50,57,51,48,50,,,,,,,,,,,,64,69,62,63,51,0,0,51,53,60,,,,,,,,,,,,False,,,0,,,,,,0,50,,gap
P8864,John,Doe,1992-04-13,71,192,Unknown,light,brown,clean_shaven,R,CF,,0,,,51,60,48,52,49,52,50,50,51,49,,,,,,,,,,,,51,55,42,43,49,0,0,50,41,41,,,,,,,,,,,,False,,,0,,,,,,0,50,,power
P7378,John,Doe,1989-10-02,76,248,Unknown,dark,black,clean_shaven,S,RF,,0,,,60,47,48,54,51,50,52,50,49,54,,,,,,,,,,,,53,43,44,49,51,0,0,50,45,44,,,,,,,,,,,,False,,,0,,,,,,0,50,,spray
P3212,John,Doe,2004-01-04,72,250,Unknown,dark,blonde,mustache,S,CF,,0,,,50,51,53,50,51,48,47,50,52,52,,,,,,,,,,,,56,65,66,61,51,0,0,50,67,60,,,,,,,,,,,,False,,,0,,,,,,0,50,,balanced
P1888,John,Doe,1998-02-04,72,179,Unknown,light,blonde,clean_shaven,L,CF,,0,,,54,51,52,53,52,51,50,49,47,49,,,,,,,,,,,,49,48,55,50,52,0,0,49,49,50,,,,,,,,,,,,False,,,0,,,,,,0,50,,balanced
P5676,John,Doe,1993-05-15,78,230,Unknown,light,brown,mustache,S,1B,,0,,,50,58,50,49,49,52,47,50,49,48,,,,,,,,,,,,50,48,49,48,49,0,0,50,42,39,,,,,,,,,,,,False,,,0,,,,,,0,50,,power
P9305,John,Doe,1990-01-24,68,184,Unknown,light,black,beard,R,CF,,0,,,49,52,50,50,51,51,52,51,50,50,,,,,,,,,,,,45,48,46,43,51,0,0,51,50,44,,,,,,,,,,,,False,,,0,,,,,,0,50,,average
P5230,John,Doe,1997-07-02,72,198,Unknown,dark,black,clean_shaven,R,CF,,0,,,64,53,49,53,52,47,52,50,49,49,,,,,,,,,,,,64,54,49,50,52,0,0,50,50,45,,,,,,,,,,,,False,,,0,,,,,,0,50,,spray
P4848,John,Doe,1990-03-30,74,226,Unknown,medium,black,clean_shaven,L,LF,,0,,,51,62,49,50,50,54,50,50,52,48,,,,,,,,,,,,45,58,40,44,50,0,0,50,46,43,,,,,,,,,,,,False,,,0,,,,,,0,50,,power
P8943,John,Doe,1987-04-17,71,240,Unknown,medium,brown,beard,S,P,,1,RP,CL,,,,,55,,,,52,52,48,50,52,53,53,0,62,65,0,0,0,,,,,0,,,,52,49,44,52,40,52,43,0,53,56,0,0,0,False,,,0,,,,,,0,50,closer,
P5823,John,Doe,2003-12-13,78,215,Unknown,light,brown,clean_shaven,L,P,,1,RP,SP,,,,,49,,,,48,52,50,50,53,50,49,62,61,61,0,0,0,,,,,0,,,,56,66,63,64,64,60,63,76,68,69,0,0,0,False,,,0,,,,,,0,50,workhorse_sp,
P8837,John,Doe,2003-08-06,70,182,Unknown,light,brown,goatee,R,P,,1,RP,SP,,,,,49,,,,52,49,51,50,52,49,50,62,59,60,0,55,0,,,,,0,,,,64,59,56,67,66,60,63,72,71,68,0,68,0,False,,,0,,,,,,0,50,workhorse_sp,
P8150,John,Doe,1999-08-16,71,200,Unknown,medium,brown,beard,L,P,,1,RP,SP,,,,,51,,,,52,49,53,54,54,53,51,61,62,0,0,57,0,,,,,0,,,,58,56,69,64,65,58,65,73,76,0,0,65,0,False,,,0,,,,,,0,50,finesse_sp,
P8667,John,Doe,1994-12-01,71,246,Unknown,dark,black,clean_shaven,R,P,,1,RP,SP,,,,,51,,,,51,49,52,51,52,50,51,62,60,59,0,0,0,,,,,0,,,,55,46,52,49,49,54,52,57,55,60,0,0,0,False,,,0,,,,,,0,50,balanced_sp,
P1690,John,Doe,1990-11-28,68,202,Unknown,medium,brown,goatee,S,P,,1,RP,SP,,,,,48,,,,51,50,53,50,52,48,52,59,64,61,0,0,0,,,,,0,,,,41,41,40,52,44,46,49,55,57,60,0,0,0,False,,,0,,,,,,0,50,power_sp,
P5539,John,Doe,1989-06-06,73,181,Unknown,dark,brown,mustache,L,P,,1,RP,SP,,,,,51,,,,50,49,52,50,54,50,53,0,0,60,59,0,0,,,,,0,,,,47,48,48,54,44,50,47,0,0,58,59,0,0,False,,,0,,,,,,0,50,groundball_sp,
P1314,John,Doe,2004-01-12,74,239,Unknown,dark,black,clean_shaven,R,2B,,0,,,53,49,50,50,50,52,58,51,52,49,,,,,,,,,,,,60,58,60,58,50,0,0,51,67,57,,,,,,,,,,,,False,,,0,,,,,,0,50,,average
P1445,John,Doe,1993-09-21,69,169,Unknown,medium,brown,clean_shaven,R,2B,CF,0,,,54,52,70,52,50,47,57,50,50,52,,,,,,,,,,,,50,44,70,50,50,0,0,50,47,50,,,,,,,,,,,,False,,,0,,,,,,0,50,,speed
P7881,John,Doe,1997-05-17,74,224,Unknown,medium,black,clean_shaven,S,RF,,0,,,53,52,51,52,51,51,49,51,52,51,,,,,,,,,,,,57,56,50,49,51,0,0,51,55,51,,,,,,,,,,,,False,,,0,,,,,,0,50,,balanced
P5410,John,Doe,1996-04-27,75,178,Unknown,medium,brown,clean_shaven,R,SS,,0,,,50,53,51,49,48,48,58,53,48,48,,,,,,,,,,,,50,55,51,46,48,0,0,53,44,47,,,,,,,,,,,,False,,,0,,,,,,0,50,,balanced
P7820,John,Doe,1988-09-28,68,174,Unknown,dark,brown,beard,R,CF,,0,,,54,49,70,50,52,48,52,48,50,50,,,,,,,,,,,,46,46,70,49,52,0,0,48,50,41,,,,,,,,,,,,False,,,0,,,,,,0,50,,speed
P5917,John,Doe,1989-03-10,75,238,Unknown,light,blonde,beard,R,RF,CF,0,,,48,60,51,50,50,54,54,49,49,49,,,,,,,,,,,,40,54,45,47,50,0,0,49,39,39,,,,,,,,,,,,False,,,0,,,,,,0,50,,power
P5115,John,Doe,2001-03-07,76,217,Unknown,dark,brown,goatee,L,3B,,0,,,48,51,51,49,48,49,52,49,50,51,,,,,,,,,,,,61,56,62,60,48,0,0,49,58,62,,,,,,,,,,,,False,,,0,,,,,,0,50,,balanced
P4575,John,Doe,1990-01-18,69,225,Unknown,dark,brown,beard,S,CF,SS,0,,,51,54,49,50,51,49,54,52,49,51,,,,,,,,,,,,48,45,41,46,51,0,0,52,39,44,,,,,,,,,,,,False,,,0,,,,,,0,50,,gap
P8451,John,Doe,2004-05-22,76,190,Unknown,medium,brown,clean_shaven,L,P,,1,RP,CL,,,,,55,,,,49,50,52,53,60,52,55,0,0,65,0,0,0,,,,,0,,,,63,73,68,71,73,71,66,0,0,79,0,0,0,False,,,0,,,,,,0,50,closer,
P8214,John,Doe,2005-03-26,69,191,Unknown,dark,red,clean_shaven,R,P,,1,RP,CL,,,,,51,,,,49,50,50,51,52,52,53,58,62,65,0,0,0,,,,,0,,,,61,64,76,78,80,74,69,72,77,86,0,0,0,False,,,0,,,,,,0,50,closer,
P5014,John,Doe,2004-05-07,76,176,Unknown,dark,black,clean_shaven,R,P,,1,RP,SP,,,,,50,,,,48,49,54,52,52,50,49,59,61,62,0,55,0,,,,,0,,,,78,68,73,80,66,75,75,71,84,89,0,76,0,False,,,0,,,,,,0,50,balanced_sp,
P1231,John,Doe,2004-06-13,71,245,Unknown,medium,brown,clean_shaven,R,P,,1,RP,RP,,,,,50,,,,48,50,49,52,52,50,52,0,0,67,0,0,0,,,,,0,,,,63,77,66,81,63,80,73,0,0,89,0,0,0,False,,,0,,,,,,0,50,power_rp,
P9661,John,Doe,2005-10-05,76,189,Unknown,dark,brown,beard,L,P,,1,RP,SP,,,,,51,,,,48,52,53,53,54,50,52,60,60,0,58,0,0,,,,,0,,,,69,82,65,73,67,64,78,89,84,0,79,0,0,False,,,0,,,,,,0,50,groundball_sp,
P5495,John,Doe,2007-01-25,77,218,Unknown,medium,black,clean_shaven,R,C,,0,,,53,63,48,51,48,50,57,50,52,50,,,,,,,,,,,,76,88,65,79,48,0,0,50,71,75,,,,,,,,,,,,False,,,0,,,,,,0,50,,power
P9175,John,Doe,2006-06-27,78,164,Unknown,medium,black,beard,R,LF,,0,,,54,60,50,50,49,53,57,50,50,50,,,,,,,,,,,,79,83,71,68,49,0,0,50,64,74,,,,,,,,,,,,False,,,0,,,,,,0,50,,power
P8521,John,Doe,2005-08-31,68,231,Unknown,medium,brown,clean_shaven,L,CF,,0,,,50,51,50,51,49,49,45,50,49,50,,,,,,,,,,,,67,62,79,67,49,0,0,50,63,67,,,,,,,,,,,,False,,,0,,,,,,0,50,,average
P6881,John,Doe,2007-12-30,75,204,Unknown,medium,black,clean_shaven,L,RF,,0,,,50,51,50,50,51,49,46,48,50,48,,,,,,,,,,,,72,64,62,61,51,0,0,48,80,67,,,,,,,,,,,,False,,,0,,,,,,0,50,,balanced
P9609,John,Doe,2006-04-05,69,170,Unknown,light,brown,clean_shaven,L,C,,0,,,49,52,50,52,49,52,51,49,53,51,,,,,,,,,,,,76,68,73,75,49,0,0,49,83,77,,,,,,,,,,,,False,,,0,,,,,,0,50,,average
P9122,John,Doe,2002-09-21,77,234,Unknown,medium,black,goatee,R,P,,1,RP,CL,,,,,55,,,,48,51,50,50,53,50,55,0,61,65,0,0,0,,,,,0,,,,54,57,57,62,56,59,69,0,69,76,0,0,0,False,,,0,,,,,,0,50,closer,
P4462,John,Doe,2002-05-01,77,191,Unknown,dark,brown,clean_shaven,L,P,,1,RP,SP,,,,,49,,,,53,50,53,51,52,51,52,59,59,0,0,0,0,,,,,0,,,,68,65,66,59,66,64,57,64,65,0,0,0,0,False,,,0,,,,,,0,50,balanced_sp,
P2238,John,Doe,1994-04-19,77,240,Unknown,light,black,mustache,L,P,,1,RP,SP,,,,,50,,,,49,50,51,50,52,52,55,60,60,64,0,0,0,,,,,0,,,,51,49,55,53,50,48,50,55,61,59,0,0,0,False,,,0,,,,,,0,50,power_sp,
P7079,John,Doe,1999-10-07,74,233,Unknown,light,black,clean_shaven,R,P,,1,RP,RP,,,,,57,,,,52,51,48,50,54,52,53,0,0,0,61,0,0,,,,,0,,,,66,57,57,68,58,63,68,0,0,0,67,0,0,False,,,0,,,,,,0,50,groundball_rp,
P7540,John,Doe,1999-03-31,78,225,Unknown,medium,black,beard,L,P,,1,RP,SP,,,,,50,,,,50,53,54,53,54,50,53,63,58,59,0,0,0,,,,,0,,,,62,63,63,65,64,61,66,75,68,69,0,0,0,False,,,0,,,,,,0,50,balanced_sp,
P9598,John,Doe,1991-11-08,68,189,Unknown,light,black,clean_shaven,R,P,,1,RP,SP,,,,,50,,,,50,52,54,50,54,50,51,60,0,58,0,0,0,,,,,0,,,,42,45,43,54,51,42,44,50,0,52,0,0,0,False,,,0,,,,,,0,50,balanced_sp,
P6716,John,Doe,2002-01-17,72,216,Unknown,light,brown,clean_shaven,R,P,,1,RP,RP,,,,,52,,,,52,54,51,50,52,50,53,0,60,64,0,0,0,,,,,0,,,,59,64,65,63,58,63,58,0,66,71,0,0,0,False,,,0,,,,,,0,50,power_rp,
P6196,John,Doe,2004-04-13,76,203,Unknown,medium,brown,clean_shaven,R,P,,1,RP,RP,,,,,54,,,,51,49,51,52,52,50,53,56,61,0,0,0,0,,,,,0,,,,78,67,82,64,66,65,66,86,82,0,0,0,0,False,,,0,,,,,,0,50,finesse_rp,
P3929,John,Doe,2001-07-27,73,221,Unknown,medium,black,clean_shaven,R,P,,1,RP,CL,,,,,52,,,,53,50,47,51,52,51,53,57,0,65,0,0,0,,,,,0,,,,68,64,57,67,57,60,63,67,0,78,0,0,0,False,,,0,,,,,,0,50,closer,
P2053,John,Doe,1994-07-14,75,178,Unknown,medium,black,clean_shaven,R,P,,1,RP,RP,,,,,50,,,,52,51,51,51,53,49,54,0,0,63,0,0,0,,,,,0,,,,57,56,55,54,54,49,54,0,0,67,0,0,0,False,,,0,,,,,,0,50,power_rp,
P1277,John,Doe,2003-12-23,73,212,Unknown,light,blonde,clean_shaven,R,P,,1,RP,RP,,,,,49,,,,51,48,52,51,52,53,52,59,59,0,0,0,0,,,,,0,,,,64,56,56,58,61,60,57,65,74,0,0,0,0,False,,,0,,,,,,0,50,finesse_rp,
P5022,John,Doe,2004-06-22,69,162,Unknown,dark,brown,clean_shaven,R,C,,0,,,50,54,49,51,50,48,59,48,50,52,,,,,,,,,,,,77,69,69,74,50,0,0,48,64,74,,,,,,,,,,,,False,,,0,,,,,,0,50,,balanced
P7391,John,Doe,2000-03-03,71,206,Unknown,dark,brown,clean_shaven,L,1B,,0,,,51,65,49,50,48,50,47,49,51,49,,,,,,,,,,,,65,77,59,62,48,0,0,49,58,60,,,,,,,,,,,,False,,,0,,,,,,0,50,,power
P9461,John,Doe,1990-10-18,74,214,Unknown,medium,brown,goatee,S,2B,,0,,,53,49,78,53,53,50,51,50,53,52,,,,,,,,,,,,47,48,76,48,53,0,0,50,47,51,,,,,,,,,,,,False,,,0,,,,,,0,50,,speed
P5447,John,Doe,1989-06-17,78,238,Unknown,light,blonde,beard,L,3B,,0,,,50,59,48,51,46,53,51,48,51,50,,,,,,,,,,,,44,58,40,51,46,0,0,48,42,41,,,,,,,,,,,,False,,,0,,,,,,0,50,,power
P4456,John,Doe,1994-11-23,68,221,Unknown,light,black,clean_shaven,L,SS,,0,,,51,51,54,52,49,48,53,52,51,48,,,,,,,,,,,,52,49,58,48,49,0,0,52,47,45,,,,,,,,,,,,False,,,0,,,,,,0,50,,balanced
P4087,John,Doe,1990-05-08,74,174,Unknown,medium,black,clean_shaven,R,LF,,0,,,54,53,52,50,49,48,57,52,48,53,,,,,,,,,,,,54,48,49,47,49,0,0,52,47,46,,,,,,,,,,,,False,,,0,,,,,,0,50,,balanced
P8358,John,Doe,1996-06-30,75,182,Unknown,light,blonde,goatee,L,CF,,0,,,53,47,77,52,50,49,46,50,50,50,,,,,,,,,,,,50,47,73,56,50,0,0,50,54,50,,,,,,,,,,,,False,,,0,,,,,,0,50,,speed
P3567,John,Doe,1988-03-23,69,172,Unknown,medium,brown,mustache,R,RF,,0,,,50,58,52,50,48,54,58,49,49,53,,,,,,,,,,,,40,52,48,42,48,0,0,49,48,46,,,,,,,,,,,,False,,,0,,,,,,0,50,,power
P7807,John,Doe,1992-05-20,71,222,Unknown,light,black,clean_shaven,R,CF,,0,,,54,47,70,53,54,50,56,53,51,49,,,,,,,,,,,,51,41,70,45,54,0,0,53,48,46,,,,,,,,,,,,False,,,0,,,,,,0,50,,speed
P5885,John,Doe,1992-02-12,73,205,Unknown,medium,black,clean_shaven,R,LF,,0,,,49,53,50,50,52,51,55,51,52,51,,,,,,,,,,,,47,46,44,44,52,0,0,51,52,43,,,,,,,,,,,,False,,,0,,,,,,0,50,,balanced
P4687,John,Doe,1988-11-03,71,229,Unknown,medium,red,beard,L,C,,0,,,51,51,91,52,51,51,51,49,52,48,,,,,,,,,,,,47,43,82,43,51,0,0,49,51,46,,,,,,,,,,,,False,,,0,,,,,,0,50,,speed
P5794,John,Doe,2001-09-24,76,227,Unknown,medium,black,beard,L,RF,,0,,,53,51,70,54,54,50,44,51,50,51,,,,,,,,,,,,58,65,84,63,54,0,0,51,64,62,,,,,,,,,,,,False,,,0,,,,,,0,50,,speed
P9713,John,Doe,1999-12-04,77,246,Unknown,dark,black,clean_shaven,R,2B,,0,,,60,52,48,54,52,48,55,48,52,53,,,,,,,,,,,,66,66,63,68,52,0,0,48,58,65,,,,,,,,,,,,False,,,0,,,,,,0,50,,spray
P5027,John,Doe,1995-07-23,71,230,Unknown,medium,brown,goatee,R,2B,,0,,,50,49,49,52,51,49,61,52,49,49,,,,,,,,,,,,46,51,49,57,51,0,0,52,52,47,,,,,,,,,,,,False,,,0,,,,,,0,50,,average
P8862,John,Doe,1990-02-01,76,186,Unknown,medium,blonde,beard,R,P,,1,RP,CL,,,,,55,,,,49,52,47,50,53,49,55,0,0,65,0,0,0,,,,,0,,,,42,51,47,45,45,44,53,0,0,64,0,0,0,False,,,0,,,,,,0,50,closer,
P7801,John,Doe,1989-09-24,70,221,Unknown,medium,black,goatee,R,P,,1,RP,SP,,,,,52,,,,48,49,50,50,53,52,50,57,63,62,59,0,0,,,,,0,,,,44,47,41,45,48,45,44,55,60,62,56,0,0,False,,,0,,,,,,0,50,groundball_sp,
P4830,John,Doe,2004-07-22,75,173,Unknown,dark,black,clean_shaven,R,P,,1,RP,SP,,,,,49,,,,53,53,51,52,52,50,53,58,62,62,0,56,0,,,,,0,,,,82,64,82,71,79,60,78,81,87,84,0,80,0,False,,,0,,,,,,0,50,balanced_sp,
P9067,John,Doe,1997-08-28,68,248,Unknown,light,brown,beard,L,P,,1,RP,RP,,,,,52,,,,53,50,48,50,52,52,51,59,59,66,0,0,0,,,,,0,,,,49,53,55,50,49,47,51,62,62,64,0,0,0,False,,,0,,,,,,0,50,finesse_rp,
P2752,John,Doe,1991-01-20,76,228,Unknown,medium,blonde,clean_shaven,S,P,,1,RP,LR,,,,,49,,,,51,49,49,51,52,48,49,60,63,63,0,0,0,,,,,0,,,,41,42,44,45,48,48,39,58,58,61,0,0,0,False,,,0,,,,,,0,50,long_relief,
P4244,John,Doe,1997-01-26,71,234,Unknown,light,black,clean_shaven,S,P,,1,RP,SP,,,,,52,,,,51,49,53,51,52,50,53,61,59,60,59,0,0,,,,,0,,,,55,45,54,51,52,51,57,62,56,60,61,0,0,False,,,0,,,,,,0,50,finesse_sp,
P7476,John,Doe,1988-09-13,72,177,Unknown,dark,black,clean_shaven,L,P,,1,RP,SP,,,,,49,,,,49,52,54,52,54,48,52,0,63,62,58,0,0,,,,,0,,,,40,51,52,44,48,46,48,0,61,54,55,0,0,False,,,0,,,,,,0,50,power_sp,
P3182,John,Doe,1989-05-06,69,188,Unknown,dark,brown,goatee,L,RF,,0,,,49,56,48,50,51,48,49,50,49,48,,,,,,,,,,,,45,52,39,41,51,0,0,50,49,48,,,,,,,,,,,,False,,,0,,,,,,0,50,,balanced
P2738,John,Doe,1988-12-15,68,211,Unknown,light,brown,clean_shaven,L,RF,,0,,,52,61,50,51,50,53,49,52,50,52,,,,,,,,,,,,43,55,50,44,50,0,0,52,47,49,,,,,,,,,,,,False,,,0,,,,,,0,50,,power
P1824,John,Doe,1995-08-20,72,212,Unknown,light,brown,mustache,R,C,,0,,,54,51,47,50,53,51,60,49,52,49,,,,,,,,,,,,52,49,44,54,53,0,0,49,48,47,,,,,,,,,,,,False,,,0,,,,,,0,50,,balanced
P6163,John,Doe,2005-02-24,72,185,Unknown,dark,black,beard,R,SS,,0,,,49,51,54,51,49,50,58,50,50,51,,,,,,,,,,,,63,73,66,77,49,0,0,50,71,75,,,,,,,,,,,,False,,,0,,,,,,0,50,,balanced
P5510,John,Doe,2003-03-13,70,198,Unknown,medium,brown,goatee,L,1B,,0,,,65,54,54,51,53,50,48,51,47,51,,,,,,,,,,,,77,69,63,60,53,0,0,51,58,64,,,,,,,,,,,,False,,,0,,,,,,0,50,,spray
P6326,John,Doe,1994-04-19,76,199,Unknown,dark,black,clean_shaven,R,CF,,0,,,52,51,53,51,49,49,56,51,52,50,,,,,,,,,,,,52,53,53,46,49,0,0,51,49,52,,,,,,,,,,,,False,,,0,,,,,,0,50,,balanced
P1485,John,Doe,1997-12-15,77,212,Unknown,dark,black,beard,S,LF,,0,,,50,49,49,50,49,52,55,53,51,52,,,,,,,,,,,,45,52,51,48,49,0,0,53,52,56,,,,,,,,,,,,False,,,0,,,,,,0,50,,average
P8547,John,Doe,1991-07-19,71,166,Unknown,dark,brown,clean_shaven,L,SS,,0,,,59,51,53,53,53,49,53,52,50,50,,,,,,,,,,,,59,43,52,48,53,0,0,52,44,45,,,,,,,,,,,,False,,,0,,,,,,0,50,,spray
P7906,John,Doe,2004-03-07,72,245,Unknown,dark,brown,clean_shaven,R,P,,1,RP,CL,,,,,55,,,,49,50,49,50,52,49,55,0,60,65,0,0,0,,,,,0,,,,67,66,61,75,74,76,70,0,74,81,0,0,0,False,,,0,,,,,,0,50,closer,
P3386,John,Doe,2004-12-07,74,182,Unknown,light,blonde,mustache,R,P,,1,RP,SP,,,,,53,,,,48,52,50,51,54,51,49,61,0,0,60,0,0,,,,,0,,,,70,71,79,77,76,61,79,72,0,0,81,0,0,False,,,0,,,,,,0,50,groundball_sp,
P6355,John,Doe,2005-02-10,76,225,Unknown,light,black,clean_shaven,L,P,,1,RP,SP,,,,,50,,,,51,49,53,50,54,49,51,60,60,59,60,0,0,,,,,0,,,,70,64,75,83,65,63,68,90,89,85,77,0,0,False,,,0,,,,,,0,50,groundball_sp,
P8148,John,Doe,2005-02-17,70,205,Unknown,medium,blonde,clean_shaven,S,P,,1,RP,SP,,,,,54,,,,48,49,52,50,52,50,53,60,59,61,60,0,0,,,,,0,,,,65,67,74,76,77,72,67,73,74,88,87,0,0,False,,,0,,,,,,0,50,groundball_sp,
P9637,John,Doe,2006-05-28,73,176,Unknown,light,black,clean_shaven,R,P,,1,RP,SP,,,,,51,,,,51,48,51,50,53,49,50,60,61,60,0,57,0,,,,,0,,,,74,75,76,69,70,68,60,74,78,89,0,80,0,False,,,0,,,,,,0,50,finesse_sp,
P7371,John,Doe,2005-07-19,77,188,Unknown,dark,black,clean_shaven,L,RF,,0,,,50,50,49,50,52,50,50,51,47,48,,,,,,,,,,,,80,80,66,64,52,0,0,51,68,67,,,,,,,,,,,,False,,,0,,,,,,0,50,,average
P2338,John,Doe,2004-07-06,76,183,Unknown,light,black,mustache,L,RF,,0,,,50,51,49,49,50,52,49,51,48,51,,,,,,,,,,,,63,68,77,69,50,0,0,51,65,69,,,,,,,,,,,,False,,,0,,,,,,0,50,,balanced
P4403,John,Doe,2006-12-26,76,180,Unknown,medium,brown,clean_shaven,R,RF,,0,,,54,47,70,50,51,48,58,48,50,48,,,,,,,,,,,,65,76,90,73,51,0,0,48,63,60,,,,,,,,,,,,False,,,0,,,,,,0,50,,speed
P8090,John,Doe,2004-08-25,75,228,Unknown,medium,brown,clean_shaven,L,CF,,0,,,49,56,52,51,50,50,45,51,52,51,,,,,,,,,,,,72,70,69,75,50,0,0,51,74,68,,,,,,,,,,,,False,,,0,,,,,,0,50,,power
P8482,John,Doe,2006-10-27,78,223,Unknown,medium,black,clean_shaven,R,2B,,0,,,55,50,75,52,53,50,56,50,52,49,,,,,,,,,,,,72,63,89,65,53,0,0,50,82,59,,,,,,,,,,,,False,,,0,,,,,,0,50,,speed
P4309,John,Doe,1996-10-31,71,250,Unknown,medium,red,clean_shaven,L,P,,1,RP,CL,,,,,55,,,,52,52,48,51,52,49,53,0,0,65,0,0,0,,,,,0,,,,57,57,54,49,52,54,52,0,0,70,0,0,0,False,,,0,,,,,,0,50,closer,
P8290,John,Doe,2004-05-14,72,190,Unknown,dark,brown,clean_shaven,S,P,,1,RP,SP,,,,,52,,,,51,51,52,50,54,49,53,0,62,61,0,0,0,,,,,0,,,,80,61,64,84,80,75,71,0,92,77,0,0,0,False,,,0,,,,,,0,50,power_sp,
P6423,John,Doe,1992-04-11,72,206,Unknown,medium,red,clean_shaven,L,P,,1,RP,CL,,,,,49,,,,50,52,52,52,52,51,51,0,0,65,0,0,0,,,,,0,,,,40,49,49,49,43,48,42,0,0,58,0,0,0,False,,,0,,,,,,0,50,closer,
P2459,John,Doe,1999-09-16,76,240,Unknown,dark,black,clean_shaven,R,P,,1,RP,SP,,,,,49,,,,51,53,51,51,53,51,52,0,61,63,0,0,0,,,,,0,,,,57,60,63,64,57,64,65,0,75,78,0,0,0,False,,,0,,,,,,0,50,power_sp,
P5263,John,Doe,1999-11-13,75,218,Unknown,light,black,clean_shaven,R,P,,1,RP,SP,,,,,53,,,,50,51,52,53,54,53,51,58,61,0,62,0,0,,,,,0,,,,56,58,64,68,67,64,60,71,76,0,76,0,0,False,,,0,,,,,,0,50,groundball_sp,
P1676,John,Doe,2000-11-18,77,230,Unknown,dark,blonde,mustache,S,P,,1,RP,SP,,,,,51,,,,50,50,54,51,52,53,50,61,60,60,0,58,0,,,,,0,,,,64,60,58,57,69,63,63,72,72,74,0,63,0,False,,,0,,,,,,0,50,workhorse_sp,
P8746,John,Doe,1989-10-17,68,196,Unknown,light,brown,beard,R,P,,1,RP,RP,,,,,49,,,,51,53,48,52,53,49,49,59,62,0,0,0,0,,,,,0,,,,41,48,48,47,43,46,49,52,62,0,0,0,0,False,,,0,,,,,,0,50,finesse_rp,
P5574,John,Doe,1996-11-27,69,205,Unknown,medium,black,mustache,L,P,,1,RP,RP,,,,,49,,,,48,49,49,53,52,51,53,57,0,0,0,0,0,,,,,0,,,,53,45,58,47,54,54,57,52,0,0,0,0,0,False,,,0,,,,,,0,50,finesse_rp,
P1333,John,Doe,1998-01-31,78,180,Unknown,dark,black,clean_shaven,L,P,,1,RP,SP,,,,,48,,,,52,54,51,50,54,49,52,57,63,59,0,0,0,,,,,0,,,,54,54,52,56,54,54,57,61,58,59,0,0,0,False,,,0,,,,,,0,50,power_sp,
P9926,John,Doe,1999-11-23,76,221,Unknown,dark,brown,clean_shaven,R,P,,1,RP,SP,,,,,52,,,,52,51,50,51,52,50,50,0,61,0,59,0,0,,,,,0,,,,65,64,63,60,60,61,64,0,76,0,66,0,0,False,,,0,,,,,,0,50,groundball_sp,
P2533,John,Doe,1994-05-15,72,199,Unknown,light,blonde,goatee,L,P,,1,RP,RP,,,,,52,,,,50,53,50,50,52,50,55,0,62,63,0,56,0,,,,,0,,,,45,49,49,50,45,52,59,0,63,67,0,57,0,False,,,0,,,,,,0,50,power_rp,
P8588,John,Doe,1989-03-20,74,244,Unknown,dark,black,mustache,R,C,,0,,,51,53,52,50,52,50,59,50,53,48,,,,,,,,,,,,51,43,43,46,52,0,0,50,44,42,,,,,,,,,,,,False,,,0,,,,,,0,50,,average
P5877,John,Doe,1994-04-27,78,190,Unknown,light,blonde,clean_shaven,L,1B,,0,,,49,59,47,49,50,51,49,49,51,50,,,,,,,,,,,,50,59,47,51,50,0,0,49,49,50,,,,,,,,,,,,False,,,0,,,,,,0,50,,power
P1964,John,Doe,1993-12-25,69,211,Unknown,light,black,mustache,R,2B,,0,,,56,48,85,53,50,49,55,48,50,49,,,,,,,,,,,,48,44,84,49,50,0,0,48,42,42,,,,,,,,,,,,False,,,0,,,,,,0,50,,elite_speed
P7692,John,Doe,1999-08-23,77,198,Unknown,light,black,clean_shaven,L,3B,SS,0,,,49,51,51,50,49,52,47,49,48,50,,,,,,,,,,,,64,64,65,55,49,0,0,49,58,60,,,,,,,,,,,,False,,,0,,,,,,0,50,,average
P1980,John,Doe,1995-03-13,71,187,Unknown,medium,black,mustache,R,SS,,0,,,54,53,52,51,48,48,61,50,47,50,,,,,,,,,,,,52,57,49,51,48,0,0,50,44,51,,,,,,,,,,,,False,,,0,,,,,,0,50,,gap
P7094,John,Doe,1991-11-06,73,218,Unknown,light,black,goatee,R,LF,,0,,,51,59,50,50,48,51,59,50,51,52,,,,,,,,,,,,50,58,43,42,48,0,0,50,50,51,,,,,,,,,,,,False,,,0,,,,,,0,50,,power
P3035,John,Doe,1996-11-05,76,218,Unknown,dark,blonde,clean_shaven,R,CF,,0,,,51,51,49,52,52,48,54,50,48,50,,,,,,,,,,,,49,49,48,54,52,0,0,50,45,53,,,,,,,,,,,,False,,,0,,,,,,0,50,,average
P7644,John,Doe,1992-09-14,77,213,Unknown,light,black,mustache,L,RF,,0,,,50,48,85,49,53,48,49,49,52,49,,,,,,,,,,,,48,43,82,42,53,0,0,49,51,40,,,,,,,,,,,,False,,,0,,,,,,0,50,,elite_speed
P6764,John,Doe,1992-07-24,77,241,Unknown,dark,brown,clean_shaven,R,RF,,0,,,59,50,52,52,51,49,56,49,49,50,,,,,,,,,,,,56,43,47,50,51,0,0,49,43,47,,,,,,,,,,,,False,,,0,,,,,,0,50,,spray
P5110,John,Doe,1987-09-21,76,168,Unknown,medium,blonde,mustache,R,1B,,0,,,53,56,52,53,50,51,54,53,49,48,,,,,,,,,,,,46,56,42,52,50,0,0,53,41,48,,,,,,,,,,,,False,,,0,,,,,,0,50,,balanced
P5431,John,Doe,2003-08-30,69,203,Unknown,dark,brown,clean_shaven,L,RF,,0,,,50,52,50,52,48,53,49,50,49,48,,,,,,,,,,,,55,57,55,62,48,0,0,50,57,60,,,,,,,,,,,,False,,,0,,,,,,0,50,,balanced
P6434,John,Doe,2002-11-26,72,237,Unknown,light,black,clean_shaven,L,1B,,0,,,52,61,51,51,49,54,50,53,53,52,,,,,,,,,,,,63,69,56,66,49,0,0,53,67,65,,,,,,,,,,,,False,,,0,,,,,,0,50,,power
P7804,John,Doe,1993-12-26,70,249,Unknown,light,brown,mustache,R,SS,,0,,,51,50,72,51,50,49,57,49,50,52,,,,,,,,,,,,44,50,65,46,50,0,0,49,41,44,,,,,,,,,,,,False,,,0,,,,,,0,50,,speed
P3722,John,Doe,1990-03-24,69,221,Unknown,dark,brown,clean_shaven,L,1B,,0,,,53,57,49,52,50,49,49,51,51,52,,,,,,,,,,,,53,54,44,43,50,0,0,51,46,51,,,,,,,,,,,,False,,,0,,,,,,0,50,,balanced
P3635,John,Doe,1991-07-17,71,193,Unknown,medium,red,clean_shaven,L,P,,1,RP,CL,,,,,55,,,,50,50,50,52,52,51,54,60,0,65,0,0,0,,,,,0,,,,50,45,44,52,50,43,53,55,0,64,0,0,0,False,,,0,,,,,,0,50,closer,
P9946,John,Doe,1996-12-30,68,227,Unknown,dark,red,clean_shaven,S,P,,1,RP,SP,,,,,52,,,,50,50,50,52,52,50,53,0,61,60,0,0,0,,,,,0,,,,45,51,52,55,45,52,52,0,56,57,0,0,0,False,,,0,,,,,,0,50,power_sp,
P5191,John,Doe,1999-06-17,78,225,Unknown,dark,brown,beard,S,P,,1,RP,SP,,,,,50,,,,49,52,54,50,52,50,50,58,62,0,0,0,0,,,,,0,,,,57,65,55,63,66,59,62,64,69,0,0,0,0,False,,,0,,,,,,0,50,workhorse_sp,
P1339,John,Doe,1998-11-14,74,196,Unknown,light,black,clean_shaven,L,P,,1,RP,SP,,,,,51,,,,51,53,50,53,52,50,51,0,63,61,0,0,0,,,,,0,,,,59,65,65,63,58,57,59,0,71,69,0,0,0,False,,,0,,,,,,0,50,power_sp,
P7791,John,Doe,1989-05-06,74,211,Unknown,light,brown,clean_shaven,R,P,,1,RP,SP,,,,,49,,,,49,53,51,50,52,50,52,61,63,62,0,58,0,,,,,0,,,,39,45,47,42,49,44,49,57,63,55,0,54,0,False,,,0,,,,,,0,50,balanced_sp,
P6439,John,Doe,1999-06-08,75,180,Unknown,medium,brown,goatee,R,P,,1,RP,SP,,,,,49,,,,50,50,50,50,52,51,51,59,62,59,0,0,0,,,,,0,,,,56,58,65,61,63,62,60,64,73,74,0,0,0,False,,,0,,,,,,0,50,balanced_sp,
P2979,John,Doe,2002-06-25,70,214,Unknown,dark,black,clean_shaven,R,P,,1,RP,SP,,,,,48,,,,49,50,50,53,54,51,51,0,60,59,0,0,0,,,,,0,,,,55,61,65,69,63,59,59,0,71,74,0,0,0,False,,,0,,,,,,0,50,balanced_sp,
P2165,John,Doe,2001-08-11,76,208,Unknown,light,brown,clean_shaven,R,LF,,0,,,54,62,52,51,49,50,57,53,52,50,,,,,,,,,,,,67,71,62,57,49,0,0,53,59,57,,,,,,,,,,,,False,,,0,,,,,,0,50,,gap
P8352,John,Doe,2003-10-04,76,171,Unknown,medium,black,beard,L,C,,0,,,53,52,48,52,52,53,49,48,49,50,,,,,,,,,,,,68,67,54,65,52,0,0,48,54,64,,,,,,,,,,,,False,,,0,,,,,,0,50,,average
P4254,John,Doe,1989-11-09,68,220,Unknown,dark,brown,beard,R,2B,,0,,,50,52,70,52,54,52,58,48,48,51,,,,,,,,,,,,40,50,64,48,54,0,0,48,40,50,,,,,,,,,,,,False,,,0,,,,,,0,50,,speed
P3976,John,Doe,2003-08-12,74,187,Unknown,medium,blonde,clean_shaven,L,SS,,0,,,62,51,53,53,51,49,50,53,48,50,,,,,,,,,,,,76,66,65,66,51,0,0,53,58,61,,,,,,,,,,,,False,,,0,,,,,,0,50,,spray
P5614,John,Doe,1998-08-02,68,224,Unknown,medium,blonde,goatee,R,2B,SS,0,,,53,50,50,52,48,52,55,52,51,52,,,,,,,,,,,,59,55,62,62,48,0,0,52,65,59,,,,,,,,,,,,False,,,0,,,,,,0,50,,balanced
P5801,John,Doe,2003-11-01,77,170,Unknown,light,black,clean_shaven,S,SS,,0,,,53,47,91,52,51,47,55,51,49,51,,,,,,,,,,,,68,62,99,61,51,0,0,51,56,60,,,,,,,,,,,,False,,,0,,,,,,0,50,,speed
P1322,John,Doe,2000-12-14,69,191,Unknown,medium,brown,clean_shaven,S,1B,,0,,,49,56,48,51,53,49,47,49,49,48,,,,,,,,,,,,64,70,56,58,53,0,0,49,54,59,,,,,,,,,,,,False,,,0,,,,,,0,50,,average
P9752,John,Doe,2001-02-04,76,231,Unknown,light,brown,mustache,R,CF,,0,,,53,63,48,50,51,53,54,48,49,50,,,,,,,,,,,,58,69,57,65,51,0,0,48,57,56,,,,,,,,,,,,False,,,0,,,,,,0,50,,power
P3992,John,Doe,2004-09-17,70,249,Unknown,light,brown,clean_shaven,R,P,,1,RP,CL,,,,,55,,,,49,54,48,50,52,49,54,61,0,67,0,0,0,,,,,0,,,,59,80,77,74,73,70,71,83,0,92,0,0,0,False,,,0,,,,,,0,50,closer,
P3665,John,Doe,2007-06-30,70,190,Unknown,medium,black,clean_shaven,R,P,,1,RP,CL,,,,,48,,,,50,54,52,53,57,53,52,59,0,67,0,0,0,,,,,0,,,,78,66,79,79,79,71,74,88,0,79,0,0,0,False,,,0,,,,,,0,50,closer,
P9603,John,Doe,2004-08-26,70,225,Unknown,dark,brown,clean_shaven,S,P,,1,RP,SP,,,,,49,,,,52,50,53,50,52,49,49,59,62,61,0,54,0,,,,,0,,,,64,73,77,74,63,74,79,71,80,76,0,83,0,False,,,0,,,,,,0,50,balanced_sp,
P2736,John,Doe,2006-04-27,75,184,Unknown,dark,brown,clean_shaven,R,P,,1,RP,RP,,,,,51,,,,52,52,49,53,52,52,53,59,61,0,0,59,0,,,,,0,,,,81,63,71,75,63,71,82,73,89,0,0,70,0,False,,,0,,,,,,0,50,finesse_rp,
P3423,John,Doe,2005-01-02,71,237,Unknown,medium,red,goatee,R,P,,1,RP,SP,,,,,52,,,,51,48,50,50,52,50,51,63,62,62,0,57,0,,,,,0,,,,77,76,77,70,63,66,67,86,80,90,0,81,0,False,,,0,,,,,,0,50,finesse_sp,
P4075,John,Doe,2006-04-23,68,196,Unknown,light,brown,clean_shaven,R,RF,,0,,,53,58,51,52,47,52,58,48,50,48,,,,,,,,,,,,66,77,74,67,47,0,0,48,66,75,,,,,,,,,,,,False,,,0,,,,,,0,50,,gap
P8244,John,Doe,2005-05-08,75,236,Unknown,dark,black,clean_shaven,L,CF,,0,,,49,49,53,51,53,53,45,48,52,49,,,,,,,,,,,,70,63,78,63,53,0,0,48,66,63,,,,,,,,,,,,False,,,0,,,,,,0,50,,balanced
P7487,John,Doe,2006-04-02,69,180,Unknown,light,blonde,clean_shaven,S,1B,,0,,,51,56,51,52,49,52,50,48,52,51,,,,,,,,,,,,70,83,79,62,49,0,0,48,69,70,,,,,,,,,,,,False,,,0,,,,,,0,50,,balanced
P8397,John,Doe,2007-12-01,68,244,Unknown,light,brown,clean_shaven,S,3B,,0,,,56,49,49,51,49,48,53,48,48,49,,,,,,,,,,,,80,69,64,71,49,0,0,48,64,77,,,,,,,,,,,,False,,,0,,,,,,0,50,,spray
P5576,John,Doe,2006-12-13,78,227,Unknown,medium,brown,clean_shaven,L,1B,,0,,,53,59,48,49,50,50,48,51,48,49,,,,,,,,,,,,79,87,64,72,50,0,0,51,59,77,,,,,,,,,,,,False,,,0,,,,,,0,50,,power
P1380,John,Doe,2000-10-07,72,179,Unknown,dark,brown,mustache,R,P,,1,RP,CL,,,,,55,,,,48,54,52,52,52,53,55,0,0,65,0,0,0,,,,,0,,,,56,59,66,63,64,58,70,0,0,77,0,0,0,False,,,0,,,,,,0,50,closer,
P7173,John,Doe,1993-12-22,78,242,Unknown,dark,black,clean_shaven,R,P,,1,RP,CL,,,,,51,,,,52,54,50,51,52,52,54,57,0,65,0,0,0,,,,,0,,,,50,46,41,52,48,48,44,49,0,59,0,0,0,False,,,0,,,,,,0,50,closer,
P2085,John,Doe,1996-10-22,77,163,Unknown,medium,brown,clean_shaven,L,P,,1,RP,RP,,,,,53,,,,51,49,52,51,52,50,53,0,60,0,61,0,0,,,,,0,,,,46,54,48,50,55,54,54,0,56,0,56,0,0,False,,,0,,,,,,0,50,groundball_rp,
P9923,John,Doe,1997-04-15,78,232,Unknown,medium,black,clean_shaven,S,P,,1,RP,SP,,,,,48,,,,50,49,50,51,52,51,53,0,62,61,0,0,0,,,,,0,,,,46,48,47,54,52,48,50,0,62,62,0,0,0,False,,,0,,,,,,0,50,balanced_sp,
P8936,John,Doe,1998-01-19,76,240,Unknown,medium,brown,beard,S,P,,1,RP,SP,,,,,50,,,,52,52,53,50,52,51,50,61,62,59,0,0,0,,,,,0,,,,51,50,52,54,56,55,52,59,60,55,0,0,0,False,,,0,,,,,,0,50,workhorse_sp,
P4881,John,Doe,2004-07-25,75,233,Unknown,light,black,clean_shaven,R,P,,1,RP,RP,,,,,50,,,,48,53,52,51,53,53,51,61,62,0,0,0,0,,,,,0,,,,72,69,69,69,67,65,79,72,86,0,0,0,0,False,,,0,,,,,,0,50,finesse_rp,
P6009,John,Doe,2004-08-02,78,167,Unknown,medium,brown,mustache,R,P,,1,RP,SP,,,,,51,,,,52,51,51,51,53,52,50,60,63,60,0,53,0,,,,,0,,,,63,73,77,68,68,68,62,90,78,76,0,81,0,False,,,0,,,,,,0,50,power_sp,
P7063,John,Doe,2004-02-22,78,192,Unknown,medium,black,mustache,L,P,,1,RP,SP,,,,,49,,,,52,52,50,51,52,47,54,0,61,61,0,54,0,,,,,0,,,,63,65,64,61,64,55,59,0,66,66,0,67,0,False,,,0,,,,,,0,50,power_sp,
P5729,John,Doe,1994-07-20,69,183,Unknown,medium,brown,beard,L,P,,1,RP,SP,,,,,53,,,,48,50,51,52,53,50,50,0,63,60,0,0,0,,,,,0,,,,47,49,48,50,55,48,48,0,61,56,0,0,0,False,,,0,,,,,,0,50,balanced_sp,
P2039,John,Doe,1991-09-09,69,223,Unknown,medium,brown,clean_shaven,L,P,,1,RP,RP,,,,,53,,,,49,51,50,50,52,51,50,58,61,0,61,0,0,,,,,0,,,,49,48,48,47,48,49,40,55,56,0,56,0,0,False,,,0,,,,,,0,50,finesse_rp,
P8995,John,Doe,1987-04-25,70,180,Unknown,light,brown,clean_shaven,L,P,,1,RP,RP,,,,,50,,,,51,54,51,51,52,51,52,0,63,65,0,0,0,,,,,0,,,,46,50,43,51,44,41,48,0,54,65,0,0,0,False,,,0,,,,,,0,50,power_rp,
P7455,John,Doe,1988-06-24,70,192,Unknown,light,blonde,beard,R,C,,0,,,49,53,48,50,50,51,56,49,49,52,,,,,,,,,,,,43,45,42,46,50,0,0,49,40,52,,,,,,,,,,,,False,,,0,,,,,,0,50,,average
P6020,John,Doe,2001-07-07,69,236,Unknown,dark,brown,beard,L,1B,,0,,,50,63,53,49,47,52,46,49,49,53,,,,,,,,,,,,62,77,60,60,47,0,0,49,56,59,,,,,,,,,,,,False,,,0,,,,,,0,50,,power
P9217,John,Doe,1997-11-16,78,246,Unknown,light,blonde,clean_shaven,R,2B,,0,,,52,52,50,52,53,48,58,51,52,52,,,,,,,,,,,,49,56,53,50,53,0,0,51,48,52,,,,,,,,,,,,False,,,0,,,,,,0,50,,balanced
P5401,John,Doe,1992-09-09,69,171,Unknown,medium,brown,beard,R,3B,,0,,,49,52,50,49,49,52,56,51,52,52,,,,,,,,,,,,45,43,44,42,49,0,0,51,52,43,,,,,,,,,,,,False,,,0,,,,,,0,50,,balanced
P4934,John,Doe,1992-06-03,76,226,Unknown,dark,brown,clean_shaven,R,SS,,0,,,50,48,50,51,50,52,59,48,51,49,,,,,,,,,,,,42,38,40,42,50,0,0,48,46,41,,,,,,,,,,,,False,,,0,,,,,,0,50,,average
P6242,John,Doe,2004-10-15,74,215,Unknown,light,black,clean_shaven,L,LF,,0,,,49,64,52,51,51,50,48,53,52,48,,,,,,,,,,,,77,88,62,69,51,0,0,53,78,72,,,,,,,,,,,,False,,,0,,,,,,0,50,,power
P9663,John,Doe,2002-10-25,71,202,Unknown,medium,brown,goatee,R,CF,,0,,,53,48,51,52,49,50,51,51,51,52,,,,,,,,,,,,59,57,64,57,49,0,0,51,64,61,,,,,,,,,,,,False,,,0,,,,,,0,50,,average
P2249,John,Doe,2000-04-15,74,196,Unknown,light,brown,beard,L,RF,,0,,,51,51,50,52,51,53,50,52,49,50,,,,,,,,,,,,56,64,57,57,51,0,0,52,57,63,,,,,,,,,,,,False,,,0,,,,,,0,50,,balanced
P8336,John,Doe,1996-04-16,77,195,Unknown,medium,brown,beard,L,LF,,0,,,55,48,92,51,51,48,49,50,51,51,,,,,,,,,,,,58,46,89,49,51,0,0,50,55,55,,,,,,,,,,,,False,,,0,,,,,,0,50,,elite_speed
P8113,John,Doe,1991-11-27,73,181,Unknown,dark,red,clean_shaven,R,C,,0,,,50,50,51,51,48,50,57,52,52,48,,,,,,,,,,,,42,47,45,44,48,0,0,52,44,42,,,,,,,,,,,,False,,,0,,,,,,0,50,,balanced
P2218,John,Doe,1998-04-02,78,208,Unknown,light,blonde,beard,L,C,,0,,,51,52,49,52,52,53,49,51,50,49,,,,,,,,,,,,63,57,60,67,52,0,0,51,62,61,,,,,,,,,,,,False,,,0,,,,,,0,50,,average
P5482,John,Doe,1987-06-28,69,218,Unknown,medium,brown,beard,R,1B,,0,,,57,51,50,50,50,50,52,51,48,52,,,,,,,,,,,,57,48,50,40,50,0,0,51,43,48,,,,,,,,,,,,False,,,0,,,,,,0,50,,gap
P8793,John,Doe,2000-02-28,77,190,Unknown,dark,black,clean_shaven,R,C,,0,,,54,51,51,52,49,51,58,50,51,53,,,,,,,,,,,,66,66,59,66,49,0,0,50,64,65,,,,,,,,,,,,False,,,0,,,,,,0,50,,balanced
P9087,John,Doe,1989-02-15,73,247,Unknown,dark,brown,beard,R,C,,0,,,58,53,48,54,48,49,58,52,51,52,,,,,,,,,,,,54,47,43,49,48,0,0,52,43,46,,,,,,,,,,,,False,,,0,,,,,,0,50,,gap
P9437,John,Doe,1991-11-08,71,169,Unknown,medium,black,goatee,S,P,,1,RP,CL,,,,,55,,,,51,51,49,52,52,51,52,0,59,65,0,0,0,,,,,0,,,,51,50,50,47,47,45,50,0,51,56,0,0,0,False,,,0,,,,,,0,50,closer,
P6936,John,Doe,1997-05-11,68,202,Unknown,light,brown,mustache,R,P,,1,RP,SP,,,,,49,,,,48,49,52,50,53,50,51,60,59,58,0,0,0,,,,,0,,,,43,49,52,55,51,55,56,57,55,58,0,0,0,False,,,0,,,,,,0,50,finesse_sp,
P4748,John,Doe,1996-05-15,76,227,Unknown,light,blonde,clean_shaven,R,P,,1,RP,SP,,,,,49,,,,48,50,52,50,52,51,49,62,61,0,0,0,0,,,,,0,,,,43,46,52,53,51,51,50,61,65,0,0,0,0,False,,,0,,,,,,0,50,workhorse_sp,
P7200,John,Doe,2003-01-02,69,196,Unknown,light,blonde,clean_shaven,R,P,,1,RP,RP,,,,,51,,,,49,49,51,51,52,49,54,0,60,0,0,0,0,,,,,0,,,,55,57,59,57,66,54,69,0,68,0,0,0,0,False,,,0,,,,,,0,50,power_rp,
P9936,John,Doe,1994-05-12,73,211,Unknown,dark,blonde,beard,L,P,,1,RP,RP,,,,,54,,,,50,51,49,52,53,51,50,58,63,65,0,0,0,,,,,0,,,,47,54,56,57,49,55,52,54,58,62,0,0,0,False,,,0,,,,,,0,50,finesse_rp,
P7125,John,Doe,1998-05-07,76,172,Unknown,medium,brown,beard,R,P,,1,RP,CL,,,,,50,,,,53,50,49,53,54,52,55,0,0,65,0,0,0,,,,,0,,,,67,59,63,69,58,62,69,0,0,76,0,0,0,False,,,0,,,,,,0,50,closer,
P5095,John,Doe,1989-10-24,73,222,Unknown,dark,brown,mustache,S,P,,1,RP,SP,,,,,51,,,,50,51,53,50,54,50,53,61,59,61,57,0,0,,,,,0,,,,47,47,46,53,44,48,46,60,53,55,47,0,0,False,,,0,,,,,,0,50,balanced_sp,
P5768,John,Doe,2004-04-05,74,226,Unknown,dark,brown,beard,R,2B,,0,,,49,53,52,50,48,52,59,48,51,50,,,,,,,,,,,,72,67,77,72,48,0,0,48,79,78,,,,,,,,,,,,False,,,0,,,,,,0,50,,balanced
P9781,John,Doe,2004-01-12,77,199,Unknown,medium,black,clean_shaven,R,LF,,0,,,62,51,54,51,52,52,59,51,48,50,,,,,,,,,,,,68,58,64,65,52,0,0,51,54,58,,,,,,,,,,,,False,,,0,,,,,,0,50,,spray
P2944,John,Doe,1991-06-21,71,163,Unknown,dark,black,clean_shaven,R,2B,,0,,,52,49,78,53,52,52,58,48,51,52,,,,,,,,,,,,51,45,68,50,52,0,0,48,46,47,,,,,,,,,,,,False,,,0,,,,,,0,50,,speed
P9287,John,Doe,1995-07-03,78,195,Unknown,light,brown,goatee,L,LF,,0,,,52,52,51,52,47,50,51,50,49,50,,,,,,,,,,,,50,53,52,55,47,0,0,50,51,49,,,,,,,,,,,,False,,,0,,,,,,0,50,,gap
P7030,John,Doe,2001-09-05,78,205,Unknown,light,brown,clean_shaven,R,C,,0,,,50,54,48,49,53,50,57,52,51,52,,,,,,,,,,,,56,66,61,56,53,0,0,52,57,57,,,,,,,,,,,,False,,,0,,,,,,0,50,,balanced
P5226,John,Doe,1989-12-17,71,195,Unknown,dark,brown,beard,L,LF,,0,,,55,49,49,54,50,50,50,52,53,53,,,,,,,,,,,,53,47,42,50,50,0,0,52,44,44,,,,,,,,,,,,False,,,0,,,,,,0,50,,spray
P8771,John,Doe,1996-12-05,76,232,Unknown,medium,blonde,clean_shaven,R,SS,,0,,,50,51,53,51,49,52,58,51,49,51,,,,,,,,,,,,53,50,58,47,49,0,0,51,46,48,,,,,,,,,,,,False,,,0,,,,,,0,50,,balanced
P5671,John,Doe,2004-09-29,74,217,Unknown,medium,blonde,beard,R,RF,,0,,,50,49,48,51,52,50,55,50,51,49,,,,,,,,,,,,71,75,66,81,52,0,0,50,63,71,,,,,,,,,,,,False,,,0,,,,,,0,50,,average
P4299,John,Doe,2005-02-11,71,239,Unknown,medium,brown,clean_shaven,R,P,,1,RP,CL,,,,,55,,,,51,50,48,53,61,49,54,0,58,65,0,0,0,,,,,0,,,,66,71,77,86,77,78,76,0,88,91,0,0,0,False,,,0,,,,,,0,50,closer,
P5337,John,Doe,2005-10-29,75,217,Unknown,light,brown,clean_shaven,R,P,,1,RP,SP,,,,,48,,,,52,51,52,50,52,51,49,59,61,0,0,0,0,,,,,0,,,,75,65,68,66,79,76,74,80,83,0,0,0,0,False,,,0,,,,,,0,50,finesse_sp,
P3010,John,Doe,2008-01-25,77,206,Unknown,medium,brown,clean_shaven,S,P,,1,RP,SP,,,,,50,,,,49,49,53,52,52,50,50,58,59,62,61,0,0,,,,,0,,,,76,76,81,62,78,77,62,87,77,81,91,0,0,False,,,0,,,,,,0,50,groundball_sp,
P7199,John,Doe,2007-11-16,74,225,Unknown,light,black,clean_shaven,L,P,,1,RP,RP,,,,,53,,,,49,53,48,52,52,51,52,0,0,63,0,0,0,,,,,0,,,,64,73,71,77,74,63,71,0,0,77,0,0,0,False,,,0,,,,,,0,50,power_rp,
P1591,John,Doe,2006-08-02,69,212,Unknown,dark,red,clean_shaven,L,P,,1,RP,RP,,,,,51,,,,48,51,49,50,53,51,52,59,63,63,0,0,0,,,,,0,,,,78,68,79,81,60,68,62,81,82,83,0,0,0,False,,,0,,,,,,0,50,finesse_rp,
P2850,John,Doe,2007-11-20,74,222,Unknown,dark,red,clean_shaven,R,SS,,0,,,52,52,51,52,49,51,57,50,50,50,,,,,,,,,,,,64,70,71,67,49,0,0,50,73,66,,,,,,,,,,,,False,,,0,,,,,,0,50,,balanced
P9638,John,Doe,2007-04-13,73,237,Unknown,dark,black,clean_shaven,L,1B,,0,,,49,52,51,48,51,50,50,52,51,52,,,,,,,,,,,,73,67,79,73,51,0,0,52,78,65,,,,,,,,,,,,False,,,0,,,,,,0,50,,balanced
P5075,John,Doe,2005-02-03,73,176,Unknown,medium,blonde,clean_shaven,R,1B,,0,,,52,58,51,51,51,50,51,50,50,52,,,,,,,,,,,,62,74,68,77,51,0,0,50,70,80,,,,,,,,,,,,False,,,0,,,,,,0,50,,gap
P2152,John,Doe,2007-02-15,70,218,Unknown,light,black,clean_shaven,R,2B,,0,,,51,52,50,50,52,53,58,50,51,51,,,,,,,,,,,,81,78,70,67,52,0,0,50,66,68,,,,,,,,,,,,False,,,0,,,,,,0,50,,average
P1905,John,Doe,2005-07-30,68,193,Unknown,dark,brown,clean_shaven,S,1B,,0,,,65,53,50,52,49,47,53,50,50,50,,,,,,,,,,,,93,67,70,63,49,0,0,50,72,71,,,,,,,,,,,,False,,,0,,,,,,0,50,,spray
P4957,John,Doe,1999-02-18,74,183,Unknown,medium,black,goatee,R,P,,1,RP,CL,,,,,55,,,,53,53,47,50,54,51,51,61,0,65,0,0,0,,,,,0,,,,58,61,57,67,55,62,63,67,0,79,0,0,0,False,,,0,,,,,,0,50,closer,
P8443,John,Doe,2001-10-31,74,174,Unknown,medium,black,clean_shaven,R,P,,1,RP,RP,,,,,55,,,,52,53,49,53,52,52,51,0,58,66,62,0,0,,,,,0,,,,59,59,65,66,57,66,66,0,70,75,71,0,0,False,,,0,,,,,,0,50,groundball_rp,
P5045,John,Doe,2000-10-05,71,184,Unknown,medium,black,beard,L,P,,1,RP,SP,,,,,50,,,,52,53,52,53,52,49,52,0,61,0,58,0,0,,,,,0,,,,58,58,64,60,61,56,60,0,71,0,69,0,0,False,,,0,,,,,,0,50,groundball_sp,
P4464,John,Doe,1996-09-18,68,165,Unknown,medium,brown,clean_shaven,L,P,,1,RP,SP,,,,,51,,,,51,50,49,52,53,51,53,0,61,61,0,0,0,,,,,0,,,,49,47,55,58,45,56,55,0,62,64,0,0,0,False,,,0,,,,,,0,50,balanced_sp,
P4422,John,Doe,2003-11-13,69,187,Unknown,medium,blonde,goatee,R,P,,1,RP,SP,,,,,49,,,,49,51,51,51,52,49,52,0,62,59,57,56,0,,,,,0,,,,63,56,61,57,60,57,61,0,69,64,72,63,0,False,,,0,,,,,,0,50,power_sp,
P5395,John,Doe,1991-08-31,77,207,Unknown,light,black,clean_shaven,L,P,,1,RP,RP,,,,,49,,,,52,51,51,50,52,53,54,58,63,0,0,58,0,,,,,0,,,,45,45,48,49,46,50,48,54,55,0,0,53,0,False,,,0,,,,,,0,50,finesse_rp,
P2297,John,Doe,1992-05-15,78,178,Unknown,medium,black,clean_shaven,R,P,,1,RP,SP,,,,,52,,,,51,52,51,51,52,50,49,59,62,60,0,0,0,,,,,0,,,,47,50,51,49,47,49,40,53,52,60,0,0,0,False,,,0,,,,,,0,50,balanced_sp,
P1862,John,Doe,1997-05-17,74,208,Unknown,medium,black,goatee,R,P,,1,RP,RP,,,,,53,,,,48,53,51,50,52,51,51,0,57,0,63,0,0,,,,,0,,,,43,48,55,48,56,49,53,0,58,0,62,0,0,False,,,0,,,,,,0,50,groundball_rp,
P2837,John,Doe,1988-12-23,78,218,Unknown,light,red,clean_shaven,L,P,,1,RP,SP,,,,,47,,,,49,53,50,50,52,50,53,60,61,60,0,54,0,,,,,0,,,,48,47,47,51,46,47,46,59,58,60,0,47,0,False,,,0,,,,,,0,50,finesse_sp,
P3902,John,Doe,1996-01-14,71,228,Unknown,light,blonde,beard,L,P,,1,RP,SP,,,,,52,,,,50,52,51,50,54,53,53,59,0,59,57,0,0,,,,,0,,,,54,47,48,59,51,48,48,55,0,60,62,0,0,False,,,0,,,,,,0,50,groundball_sp,
P8985,John,Doe,2000-12-23,72,225,Unknown,medium,black,clean_shaven,L,P,,1,RP,SP,,,,,47,,,,49,53,53,50,53,47,50,0,63,62,0,57,0,,,,,0,,,,62,63,55,63,60,53,65,0,77,76,0,65,0,False,,,0,,,,,,0,50,power_sp,
P4576,John,Doe,2003-11-07,76,189,Unknown,light,blonde,clean_shaven,R,C,,0,,,52,50,48,52,49,49,58,52,48,52,,,,,,,,,,,,59,65,54,67,49,0,0,52,60,65,,,,,,,,,,,,False,,,0,,,,,,0,50,,balanced
P8348,John,Doe,1998-03-19,71,249,Unknown,medium,black,beard,R,1B,,0,,,49,63,52,48,52,53,53,51,50,49,,,,,,,,,,,,54,68,63,58,52,0,0,51,64,60,,,,,,,,,,,,False,,,0,,,,,,0,50,,power
P7010,John,Doe,1989-03-09,71,182,Unknown,light,brown,mustache,R,2B,,0,,,51,49,49,53,52,49,59,51,52,50,,,,,,,,,,,,41,42,42,53,52,0,0,51,50,48,,,,,,,,,,,,False,,,0,,,,,,0,50,,average
P4238,John,Doe,1988-01-11,77,240,Unknown,light,black,clean_shaven,S,3B,,0,,,50,50,52,49,46,50,55,51,52,50,,,,,,,,,,,,43,45,51,41,46,0,0,51,51,46,,,,,,,,,,,,False,,,0,,,,,,0,50,,gap
P4145,John,Doe,1995-10-26,75,227,Unknown,light,black,mustache,R,SS,,0,,,60,48,68,52,52,49,61,49,52,49,,,,,,,,,,,,65,45,64,56,52,0,0,49,48,46,,,,,,,,,,,,False,,,0,,,,,,0,50,,spray
P5517,John,Doe,1989-01-15,72,204,Unknown,light,brown,clean_shaven,R,LF,,0,,,50,61,50,50,49,53,58,49,49,49,,,,,,,,,,,,49,61,45,41,49,0,0,49,41,45,,,,,,,,,,,,False,,,0,,,,,,0,50,,power
P7774,John,Doe,1996-03-20,77,182,Unknown,light,brown,clean_shaven,R,CF,,0,,,63,51,54,55,52,48,53,48,51,49,,,,,,,,,,,,58,50,54,54,52,0,0,48,55,50,,,,,,,,,,,,False,,,0,,,,,,0,50,,spray
P9830,John,Doe,1996-09-02,69,206,Unknown,light,blonde,clean_shaven,L,RF,,0,,,54,51,48,52,48,49,46,52,51,49,,,,,,,,,,,,56,56,43,52,48,0,0,52,50,49,,,,,,,,,,,,False,,,0,,,,,,0,50,,balanced
P4250,John,Doe,2002-01-15,68,166,Unknown,dark,blonde,clean_shaven,R,CF,,0,,,51,50,51,49,52,52,54,51,49,52,,,,,,,,,,,,61,58,62,57,52,0,0,51,56,60,,,,,,,,,,,,False,,,0,,,,,,0,50,,balanced
P7473,John,Doe,1997-04-07,70,191,Unknown,light,black,beard,R,3B,,0,,,48,60,50,49,50,50,56,49,52,48,,,,,,,,,,,,44,59,48,52,50,0,0,49,57,49,,,,,,,,,,,,False,,,0,,,,,,0,50,,power
P8891,John,Doe,2004-06-21,77,214,Unknown,dark,brown,clean_shaven,S,3B,,0,,,49,57,49,51,46,50,54,52,50,52,,,,,,,,,,,,64,70,63,71,46,0,0,52,64,71,,,,,,,,,,,,False,,,0,,,,,,0,50,,power
P9995,John,Doe,2004-01-24,69,182,Unknown,light,blonde,clean_shaven,S,RF,,0,,,49,58,51,49,51,51,47,47,51,53,,,,,,,,,,,,55,66,58,56,51,0,0,47,65,66,,,,,,,,,,,,False,,,0,,,,,,0,50,,power
P7390,John,Doe,1997-10-13,73,183,Unknown,medium,brown,clean_shaven,R,C,,0,,,54,50,76,53,53,51,58,50,49,48,,,,,,,,,,,,55,54,74,58,53,0,0,50,54,53,,,,,,,,,,,,False,,,0,,,,,,0,50,,speed
P5940,John,Doe,1994-09-27,77,178,Unknown,medium,brown,clean_shaven,S,2B,,0,,,53,49,51,50,48,48,54,51,48,51,,,,,,,,,,,,56,45,55,47,48,0,0,51,45,49,,,,,,,,,,,,False,,,0,,,,,,0,50,,average
P4201,John,Doe,1993-08-01,76,242,Unknown,medium,brown,goatee,R,P,,1,RP,CL,,,,,55,,,,48,52,49,50,52,50,53,58,59,65,0,0,0,,,,,0,,,,48,43,42,45,48,43,48,55,54,62,0,0,0,False,,,0,,,,,,0,50,closer,
P9625,John,Doe,2003-07-18,78,191,Unknown,dark,blonde,goatee,L,P,,1,RP,RP,,,,,56,,,,49,52,51,50,52,52,52,0,61,0,59,0,0,,,,,0,,,,56,61,62,60,60,57,65,0,76,0,64,0,0,False,,,0,,,,,,0,50,groundball_rp,
P6579,John,Doe,1990-09-17,68,178,Unknown,dark,brown,mustache,L,P,,1,RP,SP,,,,,51,,,,49,51,53,51,53,51,50,0,59,58,59,0,0,,,,,0,,,,49,43,50,45,44,48,46,0,53,53,51,0,0,False,,,0,,,,,,0,50,groundball_sp,
P1127,John,Doe,2001-12-30,75,181,Unknown,dark,brown,clean_shaven,R,P,,1,RP,SP,,,,,50,,,,48,51,54,50,53,50,51,60,60,61,0,0,0,,,,,0,,,,56,63,58,64,61,58,60,65,69,71,0,0,0,False,,,0,,,,,,0,50,workhorse_sp,
P6569,John,Doe,1999-02-23,69,223,Unknown,medium,black,beard,L,P,,1,RP,RP,,,,,52,,,,50,51,51,50,52,50,52,0,59,64,0,55,0,,,,,0,,,,55,58,60,67,59,57,57,0,67,73,0,69,0,False,,,0,,,,,,0,50,power_rp,
P8037,John,Doe,1990-04-28,77,219,Unknown,dark,blonde,clean_shaven,R,P,,1,RP,SP,,,,,54,,,,49,53,51,51,54,49,53,58,0,60,62,0,0,,,,,0,,,,45,44,48,49,41,40,52,55,0,52,52,0,0,False,,,0,,,,,,0,50,groundball_sp,
P1052,John,Doe,1987-11-24,72,203,Unknown,light,brown,goatee,R,P,,1,RP,RP,,,,,57,,,,50,52,49,50,52,49,53,0,0,0,62,0,0,,,,,0,,,,46,45,41,47,39,43,49,0,0,0,54,0,0,False,,,0,,,,,,0,50,groundball_rp,
P1031,John,Doe,2001-08-17,75,240,Unknown,medium,black,clean_shaven,S,1B,,0,,,52,61,51,49,51,53,53,49,50,52,,,,,,,,,,,,67,75,60,61,51,0,0,49,61,64,,,,,,,,,,,,False,,,0,,,,,,0,50,,power
P5088,John,Doe,1993-01-11,76,205,Unknown,light,brown,mustache,R,2B,,0,,,58,48,70,55,51,51,55,50,50,49,,,,,,,,,,,,55,44,63,45,51,0,0,50,40,42,,,,,,,,,,,,False,,,0,,,,,,0,50,,speed
P4907,John,Doe,1995-12-30,77,167,Unknown,light,brown,beard,R,C,,0,,,52,52,50,49,52,49,59,51,52,52,,,,,,,,,,,,48,50,45,49,52,0,0,51,52,47,,,,,,,,,,,,False,,,0,,,,,,0,50,,balanced
P3904,John,Doe,2001-03-25,72,187,Unknown,medium,black,clean_shaven,R,3B,,0,,,51,52,51,50,51,50,60,52,48,50,,,,,,,,,,,,63,57,60,64,51,0,0,52,61,57,,,,,,,,,,,,False,,,0,,,,,,0,50,,balanced
P4453,John,Doe,1993-07-20,77,247,Unknown,medium,blonde,clean_shaven,R,CF,,0,,,50,58,51,49,51,51,54,50,51,53,,,,,,,,,,,,41,51,51,48,51,0,0,50,43,44,,,,,,,,,,,,False,,,0,,,,,,0,50,,power
P6941,John,Doe,2003-10-22,72,174,Unknown,light,black,goatee,R,CF,,0,,,48,53,52,48,50,50,50,48,49,52,,,,,,,,,,,,60,59,67,61,50,0,0,48,59,62,,,,,,,,,,,,False,,,0,,,,,,0,50,,average
P7182,John,Doe,1995-01-02,69,232,Unknown,light,black,clean_shaven,R,SS,,0,,,60,62,51,51,50,50,55,48,49,49,,,,,,,,,,,,57,65,54,56,50,0,0,48,47,54,,,,,,,,,,,,False,,,0,,,,,,0,50,,gap
P6526,John,Doe,1993-04-27,76,162,Unknown,light,brown,clean_shaven,L,RF,,0,,,51,58,52,50,50,51,50,50,52,51,,,,,,,,,,,,49,53,43,40,50,0,0,50,51,44,,,,,,,,,,,,False,,,0,,,,,,0,50,,balanced
P8033,John,Doe,2006-01-13,76,247,Unknown,light,brown,clean_shaven,R,P,,1,RP,CL,,,,,55,,,,49,50,48,52,53,52,52,56,58,65,0,0,0,,,,,0,,,,76,78,69,78,76,64,65,69,82,89,0,0,0,False,,,0,,,,,,0,50,closer,
P2023,John,Doe,2007-06-16,77,186,Unknown,medium,brown,beard,R,P,,1,RP,SP,,,,,50,,,,49,52,53,50,52,48,52,58,59,0,59,0,0,,,,,0,,,,62,76,72,64,77,66,70,82,76,0,75,0,0,False,,,0,,,,,,0,50,groundball_sp,
P5078,John,Doe,2007-09-08,71,184,Unknown,medium,black,beard,R,P,,1,RP,SP,,,,,52,,,,50,51,54,51,52,49,50,60,0,0,58,0,0,,,,,0,,,,69,61,69,80,64,72,62,84,0,0,87,0,0,False,,,0,,,,,,0,50,groundball_sp,
P4171,John,Doe,2006-05-03,69,176,Unknown,light,black,beard,L,P,,1,RP,SP,,,,,47,,,,51,54,54,50,54,49,53,0,62,58,0,0,0,,,,,0,,,,76,82,65,66,69,63,74,0,83,75,0,0,0,False,,,0,,,,,,0,50,power_sp,
P9895,John,Doe,2007-04-07,76,179,Unknown,light,black,clean_shaven,R,P,,1,RP,RP,,,,,49,,,,50,51,52,50,53,53,54,0,62,67,0,58,0,,,,,0,,,,73,62,80,69,72,74,79,0,79,85,0,70,0,False,,,0,,,,,,0,50,power_rp,
P3081,John,Doe,2005-06-09,68,220,Unknown,dark,black,clean_shaven,L,CF,,0,,,50,54,49,51,49,51,49,52,49,48,,,,,,,,,,,,72,75,68,65,49,0,0,52,76,75,,,,,,,,,,,,False,,,0,,,,,,0,50,,balanced
P3695,John,Doe,2006-09-24,74,161,Unknown,medium,brown,clean_shaven,R,LF,,0,,,61,50,52,52,50,48,55,51,53,49,,,,,,,,,,,,81,72,70,65,50,0,0,51,78,70,,,,,,,,,,,,False,,,0,,,,,,0,50,,spray
P4378,John,Doe,2007-09-15,71,227,Unknown,light,brown,clean_shaven,R,3B,,0,,,48,52,51,50,51,48,56,49,51,50,,,,,,,,,,,,78,73,65,61,51,0,0,49,77,62,,,,,,,,,,,,False,,,0,,,,,,0,50,,average
P5709,John,Doe,2004-09-03,71,201,Unknown,light,black,clean_shaven,R,LF,CF,0,,,53,62,49,51,49,52,58,53,52,52,,,,,,,,,,,,73,78,62,61,49,0,0,53,71,81,,,,,,,,,,,,False,,,0,,,,,,0,50,,power
P4222,John,Doe,2004-11-14,77,218,Unknown,light,brown,clean_shaven,R,LF,,0,,,51,49,72,53,52,51,59,51,51,51,,,,,,,,,,,,76,64,85,82,52,0,0,51,75,77,,,,,,,,,,,,False,,,0,,,,,,0,50,,speed
P4749,John,Doe,1999-06-17,78,190,Unknown,light,brown,beard,R,P,,1,RP,CL,,,,,55,,,,48,51,47,53,53,48,56,59,58,66,0,0,0,,,,,0,,,,62,59,63,58,54,63,63,68,67,72,0,0,0,False,,,0,,,,,,0,50,closer,
P5899,John,Doe,2004-01-14,73,191,Unknown,dark,black,goatee,R,P,,1,RP,SP,,,,,50,,,,52,52,54,51,52,52,51,58,63,59,60,0,0,,,,,0,,,,62,59,58,67,63,65,64,72,77,72,71,0,0,False,,,0,,,,,,0,50,power_sp,
P9916,John,Doe,2003-07-03,74,199,Unknown,medium,black,goatee,L,P,,1,RP,CL,,,,,51,,,,49,54,49,52,52,51,54,60,62,66,0,0,0,,,,,0,,,,60,66,67,62,63,61,68,74,70,81,0,0,0,False,,,0,,,,,,0,50,closer,
P1799,John,Doe,1998-06-20,76,211,Unknown,dark,black,clean_shaven,R,P,,1,RP,CL,,,,,50,,,,52,53,51,52,53,49,55,57,61,65,0,0,0,,,,,0,,,,60,58,61,64,63,55,60,72,76,75,0,0,0,False,,,0,,,,,,0,50,closer,
P3177,John,Doe,2000-02-17,69,192,Unknown,light,brown,beard,R,P,,1,RP,LR,,,,,53,,,,53,53,53,50,54,51,52,56,0,63,0,0,0,,,,,0,,,,59,64,58,66,67,59,58,69,0,77,0,0,0,False,,,0,,,,,,0,50,long_relief,
P5013,John,Doe,2000-05-22,78,169,Unknown,light,blonde,beard,R,P,,1,RP,RP,,,,,52,,,,50,52,52,50,52,51,52,58,62,63,0,0,0,,,,,0,,,,61,65,65,63,61,64,66,67,73,74,0,0,0,False,,,0,,,,,,0,50,power_rp,
P9990,John,Doe,2000-05-23,73,187,Unknown,light,black,goatee,L,P,,1,RP,RP,,,,,51,,,,52,50,52,50,54,51,51,59,63,63,0,0,0,,,,,0,,,,61,56,65,64,66,60,58,68,74,73,0,0,0,False,,,0,,,,,,0,50,finesse_rp,
P3365,John,Doe,2003-06-09,74,190,Unknown,medium,brown,clean_shaven,R,P,,1,RP,SP,,,,,48,,,,51,50,51,50,52,48,50,58,0,60,0,0,0,,,,,0,,,,66,61,65,59,65,55,55,64,0,70,0,0,0,False,,,0,,,,,,0,50,workhorse_sp,
P9275,John,Doe,1998-06-27,78,204,Unknown,medium,black,clean_shaven,L,P,,1,RP,SP,,,,,50,,,,50,49,51,50,52,53,53,59,0,0,60,0,0,,,,,0,,,,62,57,56,62,65,65,67,70,0,0,65,0,0,False,,,0,,,,,,0,50,groundball_sp,
P2381,John,Doe,1992-11-09,70,219,Unknown,light,brown,clean_shaven,L,P,,1,RP,LR,,,,,51,,,,48,49,50,50,52,50,53,58,63,65,0,0,0,,,,,0,,,,48,45,43,46,48,48,51,56,63,63,0,0,0,False,,,0,,,,,,0,50,long_relief,
P6396,John,Doe,1991-08-20,72,201,Unknown,dark,brown,clean_shaven,R,P,,1,RP,RP,,,,,54,,,,50,50,49,52,54,53,49,59,0,0,0,0,0,,,,,0,,,,46,45,50,48,43,50,44,54,0,0,0,0,0,False,,,0,,,,,,0,50,finesse_rp,
P3340,John,Doe,1993-02-22,69,182,Unknown,medium,brown,clean_shaven,R,C,,0,,,54,50,50,52,49,51,58,51,53,50,,,,,,,,,,,,47,47,49,47,49,0,0,51,50,42,,,,,,,,,,,,False,,,0,,,,,,0,50,,balanced
P8452,John,Doe,1996-02-04,78,194,Unknown,dark,black,beard,S,1B,,0,,,52,60,48,51,50,54,53,48,50,52,,,,,,,,,,,,47,55,43,53,50,0,0,48,47,51,,,,,,,,,,,,False,,,0,,,,,,0,50,,power
P3793,John,Doe,1997-11-28,68,225,Unknown,medium,brown,goatee,R,2B,,0,,,58,51,48,54,51,51,55,51,49,52,,,,,,,,,,,,54,54,52,57,51,0,0,51,44,49,,,,,,,,,,,,False,,,0,,,,,,0,50,,gap
P1351,John,Doe,2001-03-02,71,169,Unknown,dark,black,goatee,R,3B,,0,,,59,52,53,53,51,48,60,51,49,53,,,,,,,,,,,,67,67,60,68,51,0,0,51,63,59,,,,,,,,,,,,False,,,0,,,,,,0,50,,spray
P2662,John,Doe,1993-07-16,75,226,Unknown,medium,blonde,clean_shaven,R,SS,,0,,,50,49,51,51,49,48,55,51,50,49,,,,,,,,,,,,46,48,45,49,49,0,0,51,42,46,,,,,,,,,,,,False,,,0,,,,,,0,50,,average
P9532,John,Doe,2004-10-22,78,170,Unknown,medium,brown,clean_shaven,R,LF,,0,,,54,50,51,51,49,52,58,49,52,52,,,,,,,,,,,,66,65,75,74,49,0,0,49,66,79,,,,,,,,,,,,False,,,0,,,,,,0,50,,balanced
P6327,John,Doe,1989-09-09,69,186,Unknown,light,black,clean_shaven,S,CF,,0,,,62,50,49,53,50,46,53,50,51,49,,,,,,,,,,,,53,45,41,51,50,0,0,50,46,47,,,,,,,,,,,,False,,,0,,,,,,0,50,,spray
P7435,John,Doe,2002-12-19,70,207,Unknown,light,black,clean_shaven,L,RF,,0,,,52,55,49,50,48,52,47,49,50,52,,,,,,,,,,,,61,66,56,61,48,0,0,49,63,64,,,,,,,,,,,,False,,,0,,,,,,0,50,,gap
P1655,John,Doe,1988-10-23,74,213,Unknown,light,brown,mustache,L,LF,,0,,,52,63,52,51,51,50,49,51,51,52,,,,,,,,,,,,44,54,48,43,51,0,0,51,42,50,,,,,,,,,,,,False,,,0,,,,,,0,50,,power
P1647,John,Doe,2000-03-31,69,179,Unknown,dark,brown,clean_shaven,R,1B,,0,,,53,56,52,52,49,53,55,51,52,52,,,,,,,,,,,,59,71,60,58,49,0,0,51,62,60,,,,,,,,,,,,False,,,0,,,,,,0,50,,balanced
P2083,John,Doe,1994-06-17,71,218,Unknown,medium,black,mustache,L,2B,,0,,,68,51,49,53,54,51,52,49,52,52,,,,,,,,,,,,65,55,50,57,54,0,0,49,52,54,,,,,,,,,,,,False,,,0,,,,,,0,50,,spray
P4196,John,Doe,1990-11-10,77,186,Unknown,medium,black,mustache,L,1B,,0,,,59,61,49,51,48,51,50,52,49,49,,,,,,,,,,,,55,53,41,46,48,0,0,52,40,42,,,,,,,,,,,,False,,,0,,,,,,0,50,,gap
P8914,John,Doe,2003-12-26,69,188,Unknown,light,brown,clean_shaven,R,SS,,0,,,58,50,51,52,53,46,58,50,48,48,,,,,,,,,,,,68,58,62,62,53,0,0,50,61,59,,,,,,,,,,,,False,,,0,,,,,,0,50,,spray
P2141,John,Doe,1999-01-20,68,247,Unknown,medium,brown,beard,L,CF,,0,,,52,53,49,51,52,52,45,49,52,51,,,,,,,,,,,,67,68,63,65,52,0,0,49,67,60,,,,,,,,,,,,False,,,0,,,,,,0,50,,balanced
P3132,John,Doe,1994-06-19,74,165,Unknown,dark,black,clean_shaven,R,P,,1,RP,CL,,,,,55,,,,49,54,49,52,52,52,52,58,62,65,0,0,0,,,,,0,,,,46,55,50,50,44,49,55,62,61,62,0,0,0,False,,,0,,,,,,0,50,closer,
P4607,John,Doe,2000-12-05,70,163,Unknown,medium,brown,clean_shaven,R,P,,1,RP,SP,,,,,48,,,,51,50,50,50,52,48,51,0,63,63,56,54,0,,,,,0,,,,66,56,64,64,63,60,56,0,78,71,65,67,0,False,,,0,,,,,,0,50,power_sp,
P3562,John,Doe,1990-12-18,75,211,Unknown,medium,blonde,beard,L,P,,1,RP,RP,,,,,55,,,,50,52,48,53,52,49,53,59,0,66,63,0,0,,,,,0,,,,40,48,53,42,48,49,44,59,0,63,60,0,0,False,,,0,,,,,,0,50,groundball_rp,
P3519,John,Doe,1997-10-13,70,195,Unknown,dark,black,beard,S,P,,1,RP,SP,,,,,51,,,,52,50,54,50,52,50,51,63,59,0,0,58,0,,,,,0,,,,55,55,53,55,58,55,49,66,56,0,0,59,0,False,,,0,,,,,,0,50,finesse_sp,
P7696,John,Doe,1995-07-09,72,210,Unknown,light,blonde,clean_shaven,R,P,,1,RP,RP,,,,,49,,,,52,50,52,51,54,50,50,0,62,0,0,0,0,,,,,0,,,,53,48,48,58,56,52,49,0,58,0,0,0,0,False,,,0,,,,,,0,50,finesse_rp,
P5964,John,Doe,1989-10-08,68,247,Unknown,dark,brown,clean_shaven,S,P,,1,RP,SP,,,,,48,,,,52,51,50,51,52,50,53,61,59,61,0,0,0,,,,,0,,,,44,41,41,45,47,41,47,58,56,57,0,0,0,False,,,0,,,,,,0,50,workhorse_sp,
P1897,John,Doe,2004-02-24,76,174,Unknown,dark,black,clean_shaven,R,P,,1,RP,CL,,,,,51,,,,52,53,47,51,53,49,54,0,0,65,0,0,0,,,,,0,,,,58,59,56,61,62,59,63,0,0,73,0,0,0,False,,,0,,,,,,0,50,closer,
P4810,John,Doe,1989-09-10,78,225,Unknown,medium,black,mustache,R,RF,,0,,,51,48,52,50,49,52,58,49,51,52,,,,,,,,,,,,44,45,50,46,49,0,0,49,49,43,,,,,,,,,,,,False,,,0,,,,,,0,50,,average
P1534,John,Doe,2001-08-01,75,238,Unknown,medium,brown,goatee,R,C,,0,,,51,54,53,52,50,53,55,49,49,50,,,,,,,,,,,,63,66,61,64,50,0,0,49,55,60,,,,,,,,,,,,False,,,0,,,,,,0,50,,balanced
P2668,John,Doe,1999-11-18,73,216,Unknown,dark,brown,clean_shaven,R,2B,,0,,,50,49,52,51,51,48,56,50,48,52,,,,,,,,,,,,63,55,61,61,51,0,0,50,62,59,,,,,,,,,,,,False,,,0,,,,,,0,50,,average
P3067,John,Doe,1994-09-08,75,238,Unknown,light,brown,clean_shaven,L,CF,,0,,,50,51,52,50,49,51,43,47,50,50,,,,,,,,,,,,53,54,48,52,49,0,0,47,55,49,,,,,,,,,,,,False,,,0,,,,,,0,50,,average
P5370,John,Doe,1988-04-19,68,201,Unknown,light,black,beard,S,2B,,0,,,53,65,51,52,47,51,54,49,48,48,,,,,,,,,,,,47,57,47,46,47,0,0,49,46,47,,,,,,,,,,,,False,,,0,,,,,,0,50,,power
P2388,John,Doe,1991-03-09,78,173,Unknown,dark,black,mustache,R,C,,0,,,51,57,52,52,49,50,58,49,52,53,,,,,,,,,,,,48,50,48,45,49,0,0,49,42,48,,,,,,,,,,,,False,,,0,,,,,,0,50,,gap
P8863,John,Doe,1994-07-15,70,202,Unknown,medium,brown,goatee,R,RF,,0,,,51,51,50,51,52,52,51,51,48,52,,,,,,,,,,,,53,49,47,55,52,0,0,51,46,56,,,,,,,,,,,,False,,,0,,,,,,0,50,,balanced
P8060,John,Doe,1992-12-13,75,207,Unknown,medium,black,mustache,L,RF,,0,,,52,61,50,50,49,49,50,51,50,52,,,,,,,,,,,,49,58,41,49,49,0,0,51,42,48,,,,,,,,,,,,False,,,0,,,,,,0,50,,power
P5994,John,Doe,2007-09-15,71,243,Unknown,medium,brown,clean_shaven,R,P,,1,RP,CL,,,,,55,,,,48,52,47,53,57,49,52,0,0,65,0,0,0,,,,,0,,,,61,67,74,73,66,71,74,0,0,91,0,0,0,False,,,0,,,,,,0,50,closer,
P4467,John,Doe,2007-07-01,74,243,Unknown,dark,brown,clean_shaven,L,P,,1,RP,SP,,,,,47,,,,48,52,51,51,53,49,54,0,60,62,0,0,0,,,,,0,,,,72,75,69,63,66,73,69,0,85,87,0,0,0,False,,,0,,,,,,0,50,power_sp,
P7598,John,Doe,2006-08-18,70,175,Unknown,dark,black,clean_shaven,L,P,,1,RP,RP,,,,,52,,,,50,51,49,52,52,51,55,0,62,65,0,56,0,,,,,0,,,,77,64,80,80,71,77,82,0,74,91,0,71,0,False,,,0,,,,,,0,50,power_rp,
P8946,John,Doe,2004-06-29,77,235,Unknown,light,black,clean_shaven,R,P,,1,RP,SP,,,,,48,,,,51,52,51,50,54,53,52,63,63,61,0,55,0,,,,,0,,,,74,69,62,72,73,75,76,79,81,75,0,80,0,False,,,0,,,,,,0,50,finesse_sp,
P1308,John,Doe,2005-09-02,71,210,Unknown,medium,brown,clean_shaven,S,P,,1,RP,SP,,,,,50,,,,48,49,50,51,53,53,53,60,63,0,57,0,0,,,,,0,,,,67,67,69,69,65,72,69,88,75,0,73,0,0,False,,,0,,,,,,0,50,finesse_sp,
P2219,John,Doe,2006-04-18,70,217,Unknown,light,brown,clean_shaven,R,SS,,0,,,65,52,50,54,51,48,57,52,50,51,,,,,,,,,,,,92,80,78,76,51,0,0,52,76,61,,,,,,,,,,,,False,,,0,,,,,,0,50,,spray
P7337,John,Doe,2005-10-31,76,163,Unknown,light,blonde,clean_shaven,R,3B,,0,,,51,50,50,50,51,51,57,52,50,52,,,,,,,,,,,,72,70,69,60,51,0,0,52,74,71,,,,,,,,,,,,False,,,0,,,,,,0,50,,balanced
P3658,John,Doe,2006-03-26,78,231,Unknown,dark,brown,mustache,R,1B,,0,,,52,53,53,50,53,49,53,49,50,50,,,,,,,,,,,,62,73,71,76,53,0,0,49,76,73,,,,,,,,,,,,False,,,0,,,,,,0,50,,average
P8881,John,Doe,2006-02-09,74,190,Unknown,dark,blonde,clean_shaven,R,LF,1B,0,,,51,52,51,50,49,53,55,49,49,52,,,,,,,,,,,,61,72,63,70,49,0,0,49,74,77,,,,,,,,,,,,False,,,0,,,,,,0,50,,average
P5866,John,Doe,2007-02-15,76,212,Unknown,dark,black,clean_shaven,R,3B,,0,,,51,60,49,50,50,50,56,52,49,50,,,,,,,,,,,,61,75,64,64,50,0,0,52,65,66,,,,,,,,,,,,False,,,0,,,,,,0,50,,power
P7990,John,Doe,1996-12-08,68,194,Unknown,medium,brown,clean_shaven,S,P,,1,RP,CL,,,,,55,,,,52,54,48,50,54,52,53,0,0,65,0,0,0,,,,,0,,,,51,59,48,53,47,55,55,0,0,66,0,0,0,False,,,0,,,,,,0,50,closer,
P2855,John,Doe,1993-05-13,74,236,Unknown,medium,blonde,clean_shaven,R,P,,1,RP,SP,,,,,51,,,,50,51,54,50,54,51,54,61,64,62,0,0,0,,,,,0,,,,50,49,47,47,46,45,48,54,58,53,0,0,0,False,,,0,,,,,,0,50,power_sp,
P5774,John,Doe,1996-11-10,74,235,Unknown,dark,black,clean_shaven,R,P,,1,RP,SP,,,,,49,,,,49,49,54,54,52,51,52,62,60,58,0,0,0,,,,,0,,,,53,45,54,55,59,54,54,67,59,62,0,0,0,False,,,0,,,,,,0,50,finesse_sp,
P4106,John,Doe,1988-10-20,70,188,Unknown,light,red,beard,R,P,,1,RP,SP,,,,,52,,,,52,49,51,50,53,50,50,0,63,58,0,0,0,,,,,0,,,,47,44,46,52,48,43,42,0,59,51,0,0,0,False,,,0,,,,,,0,50,power_sp,
P9213,John,Doe,2003-01-15,70,236,Unknown,light,black,clean_shaven,L,P,,1,RP,SP,,,,,50,,,,48,53,52,50,52,48,53,60,63,61,0,0,0,,,,,0,,,,54,67,63,63,58,55,59,67,71,69,0,0,0,False,,,0,,,,,,0,50,balanced_sp,
P7584,John,Doe,1994-12-04,77,232,Unknown,light,black,clean_shaven,L,P,,1,RP,RP,,,,,54,,,,50,51,50,50,54,51,51,0,58,0,60,0,0,,,,,0,,,,50,46,55,54,48,54,49,0,62,0,60,0,0,False,,,0,,,,,,0,50,groundball_rp,
P1707,John,Doe,2002-01-01,73,243,Unknown,dark,brown,goatee,R,P,,1,RP,RP,,,,,50,,,,50,50,48,52,52,49,53,0,60,0,0,0,0,,,,,0,,,,61,57,63,61,59,55,59,0,68,0,0,0,0,False,,,0,,,,,,0,50,power_rp,
P6621,John,Doe,2004-01-14,78,178,Unknown,medium,black,mustache,R,P,,1,RP,RP,,,,,53,,,,52,50,50,50,52,52,52,0,0,67,0,0,0,,,,,0,,,,62,56,55,61,60,60,63,0,0,74,0,0,0,False,,,0,,,,,,0,50,power_rp,
P9593,John,Doe,1988-09-16,73,233,Unknown,dark,brown,clean_shaven,L,P,,1,RP,SP,,,,,51,,,,52,50,54,53,52,52,50,60,60,58,54,0,0,,,,,0,,,,50,43,43,49,50,44,47,54,60,52,52,0,0,False,,,0,,,,,,0,50,workhorse_sp,
P5209,John,Doe,1988-12-22,77,247,Unknown,dark,brown,mustache,S,P,,1,RP,CL,,,,,51,,,,48,50,49,50,52,52,51,0,0,65,0,0,0,,,,,0,,,,43,43,40,43,49,48,42,0,0,61,0,0,0,False,,,0,,,,,,0,50,closer,
P4598,John,Doe,1987-04-09,78,234,Unknown,dark,black,beard,L,P,,1,RP,SP,,,,,50,,,,51,50,52,51,52,51,52,60,0,0,60,0,0,,,,,0,,,,47,46,48,45,47,47,42,51,0,0,56,0,0,False,,,0,,,,,,0,50,groundball_sp,
P6304,John,Doe,1998-08-18,75,230,Unknown,light,red,goatee,R,C,,0,,,52,47,85,53,52,48,59,50,52,48,,,,,,,,,,,,61,56,99,65,52,0,0,50,63,54,,,,,,,,,,,,False,,,0,,,,,,0,50,,speed
P6611,John,Doe,2003-10-19,73,205,Unknown,light,brown,clean_shaven,L,1B,,0,,,51,60,48,52,47,54,47,52,52,52,,,,,,,,,,,,58,66,62,62,47,0,0,52,66,57,,,,,,,,,,,,False,,,0,,,,,,0,50,,power
P3781,John,Doe,1992-09-14,73,173,Unknown,dark,black,clean_shaven,S,2B,,0,,,51,47,51,49,49,51,54,52,51,51,,,,,,,,,,,,43,42,45,40,49,0,0,52,51,42,,,,,,,,,,,,False,,,0,,,,,,0,50,,average
P6499,John,Doe,1998-06-27,70,190,Unknown,medium,red,clean_shaven,R,3B,,0,,,53,51,83,52,51,50,56,53,47,49,,,,,,,,,,,,60,56,96,59,51,0,0,53,55,59,,,,,,,,,,,,False,,,0,,,,,,0,50,,speed
P5335,John,Doe,2004-09-15,76,225,Unknown,medium,brown,clean_shaven,R,SS,,0,,,57,50,52,54,53,51,59,50,50,49,,,,,,,,,,,,79,61,77,77,53,0,0,50,64,66,,,,,,,,,,,,False,,,0,,,,,,0,50,,spray
P1622,John,Doe,1999-03-06,70,240,Unknown,light,black,clean_shaven,R,LF,,0,,,63,50,52,53,53,50,54,52,50,52,,,,,,,,,,,,78,56,58,68,53,0,0,52,61,66,,,,,,,,,,,,False,,,0,,,,,,0,50,,spray
P1099,John,Doe,2004-03-09,77,247,Unknown,dark,brown,beard,R,CF,,0,,,61,47,51,53,53,50,51,48,51,53,,,,,,,,,,,,91,73,79,68,53,0,0,48,69,80,,,,,,,,,,,,False,,,0,,,,,,0,50,,spray
P2614,John,Doe,2002-05-01,72,236,Unknown,dark,brown,clean_shaven,R,RF,,0,,,51,62,50,49,48,52,54,52,51,52,,,,,,,,,,,,58,77,63,60,48,0,0,52,59,58,,,,,,,,,,,,False,,,0,,,,,,0,50,,power
P7509,John,Doe,1990-01-25,70,161,Unknown,medium,blonde,beard,R,3B,,0,,,53,48,50,52,48,51,56,53,49,50,,,,,,,,,,,,48,43,41,42,48,0,0,53,45,50,,,,,,,,,,,,False,,,0,,,,,,0,50,,average
P3152,John,Doe,1998-09-18,71,173,Unknown,dark,black,mustache,L,SS,,0,,,52,51,49,51,51,48,48,53,51,47,,,,,,,,,,,,67,58,55,59,51,0,0,53,56,56,,,,,,,,,,,,False,,,0,,,,,,0,50,,average
P5488,John,Doe,2004-11-26,76,208,Unknown,medium,black,clean_shaven,L,LF,,0,,,51,56,51,52,51,51,50,50,49,52,,,,,,,,,,,,76,81,67,78,51,0,0,50,72,65,,,,,,,,,,,,False,,,0,,,,,,0,50,,gap
P5350,John,Doe,1992-04-25,74,213,Unknown,medium,brown,clean_shaven,L,1B,,0,,,54,57,51,51,49,52,46,49,52,52,,,,,,,,,,,,52,54,50,46,49,0,0,49,50,46,,,,,,,,,,,,False,,,0,,,,,,0,50,,gap
P8558,John,Doe,1988-06-27,75,241,Unknown,dark,blonde,clean_shaven,R,RF,3B,0,,,51,51,52,49,52,53,57,48,52,50,,,,,,,,,,,,41,44,42,39,52,0,0,48,44,48,,,,,,,,,,,,False,,,0,,,,,,0,50,,average
P9191,John,Doe,1993-02-08,70,211,Unknown,light,brown,clean_shaven,R,C,,0,,,49,61,50,49,48,50,56,51,50,49,,,,,,,,,,,,39,54,46,49,48,0,0,51,42,43,,,,,,,,,,,,False,,,0,,,,,,0,50,,power
P5424,John,Doe,1998-08-31,72,205,Unknown,medium,black,beard,R,P,,1,RP,CL,,,,,55,,,,48,51,52,51,52,50,53,57,58,65,0,0,0,,,,,0,,,,56,65,58,66,67,62,60,63,63,73,0,0,0,False,,,0,,,,,,0,50,closer,
P7699,John,Doe,1988-11-21,76,246,Unknown,medium,brown,beard,L,P,,1,RP,SP,,,,,52,,,,52,50,53,52,54,52,50,59,59,60,57,0,0,,,,,0,,,,50,43,43,47,52,46,46,58,53,56,47,0,0,False,,,0,,,,,,0,50,groundball_sp,
P3186,John,Doe,1987-04-13,69,192,Unknown,dark,brown,beard,R,P,,1,RP,LR,,,,,50,,,,48,51,51,51,52,52,54,60,61,65,0,0,0,,,,,0,,,,43,47,41,50,51,44,45,60,51,59,0,0,0,False,,,0,,,,,,0,50,long_relief,
P4159,John,Doe,2000-06-11,75,201,Unknown,medium,black,beard,L,P,,1,RP,LR,,,,,51,,,,47,52,49,51,54,48,51,61,0,0,0,0,0,,,,,0,,,,57,66,61,69,63,59,61,66,0,0,0,0,0,False,,,0,,,,,,0,50,long_relief,
P5448,John,Doe,1989-08-30,76,236,Unknown,dark,brown,mustache,R,P,,1,RP,SP,,,,,52,,,,53,53,50,52,54,51,51,0,62,59,0,54,0,,,,,0,,,,50,46,47,50,47,51,50,0,62,53,0,46,0,False,,,0,,,,,,0,50,power_sp,
P2138,John,Doe,1995-02-03,68,193,Unknown,medium,black,mustache,R,P,,1,RP,SP,,,,,51,,,,50,49,52,53,53,52,49,0,59,61,0,0,0,,,,,0,,,,53,47,51,58,48,48,50,0,55,57,0,0,0,False,,,0,,,,,,0,50,balanced_sp,
P1547,John,Doe,1995-09-05,69,215,Unknown,medium,brown,clean_shaven,L,P,,1,RP,SP,,,,,52,,,,49,49,53,51,53,50,49,59,62,0,0,0,0,,,,,0,,,,51,51,51,55,53,46,50,59,62,0,0,0,0,False,,,0,,,,,,0,50,finesse_sp,
P2055,John,Doe,1991-04-06,77,167,Unknown,dark,black,clean_shaven,R,C,,0,,,48,54,50,49,48,50,56,53,48,48,,,,,,,,,,,,48,48,41,47,48,0,0,53,38,48,,,,,,,,,,,,False,,,0,,,,,,0,50,,power
P6944,John,Doe,2004-04-30,76,240,Unknown,dark,blonde,clean_shaven,L,3B,,0,,,51,50,70,52,53,51,49,52,48,50,,,,,,,,,,,,68,78,95,68,53,0,0,52,72,72,,,,,,,,,,,,False,,,0,,,,,,0,50,,speed
P3956,John,Doe,2005-01-26,72,233,Unknown,medium,black,clean_shaven,L,LF,,0,,,54,56,51,50,49,48,48,51,52,51,,,,,,,,,,,,80,78,65,69,49,0,0,51,66,65,,,,,,,,,,,,False,,,0,,,,,,0,50,,balanced
P6094,John,Doe,1996-06-10,68,203,Unknown,medium,brown,clean_shaven,R,CF,,0,,,52,51,51,51,50,50,54,50,50,52,,,,,,,,,,,,50,55,50,52,50,0,0,50,47,50,,,,,,,,,,,,False,,,0,,,,,,0,50,,gap
P7299,John,Doe,2001-10-12,68,231,Unknown,light,brown,clean_shaven,R,LF,RF,0,,,49,56,51,50,49,50,54,53,52,49,,,,,,,,,,,,64,64,57,61,49,0,0,53,57,61,,,,,,,,,,,,False,,,0,,,,,,0,50,,balanced
P3387,John,Doe,1988-02-01,73,166,Unknown,medium,brown,mustache,R,2B,,0,,,57,51,51,56,53,47,58,48,51,49,,,,,,,,,,,,49,49,47,51,53,0,0,48,47,45,,,,,,,,,,,,False,,,0,,,,,,0,50,,spray
P9650,John,Doe,1995-08-12,71,176,Unknown,medium,brown,mustache,L,LF,,0,,,52,58,53,51,52,49,49,50,50,52,,,,,,,,,,,,53,57,53,56,52,0,0,50,52,53,,,,,,,,,,,,False,,,0,,,,,,0,50,,gap
P3319,John,Doe,2002-07-13,78,242,Unknown,light,black,clean_shaven,R,RF,,0,,,51,58,49,51,50,52,50,52,52,48,,,,,,,,,,,,56,68,58,62,50,0,0,52,57,56,,,,,,,,,,,,False,,,0,,,,,,0,50,,gap
P2284,John,Doe,2007-07-04,77,178,Unknown,dark,blonde,clean_shaven,R,P,,1,RP,CL,,,,,55,,,,53,52,48,50,52,53,56,0,0,65,0,0,0,,,,,0,,,,70,75,79,76,60,78,86,0,0,95,0,0,0,False,,,0,,,,,,0,50,closer,
P8297,John,Doe,2005-09-11,69,231,Unknown,medium,brown,clean_shaven,R,P,,1,RP,RP,,,,,51,,,,52,51,52,50,52,51,51,58,63,0,0,56,0,,,,,0,,,,69,62,78,74,64,62,75,86,76,0,0,86,0,False,,,0,,,,,,0,50,finesse_rp,
P8440,John,Doe,2005-06-03,73,162,Unknown,dark,black,clean_shaven,R,P,,1,RP,RP,,,,,53,,,,50,51,52,50,54,51,53,0,59,64,62,0,0,,,,,0,,,,75,75,71,80,74,78,80,0,78,75,81,0,0,False,,,0,,,,,,0,50,power_rp,
P4158,John,Doe,2007-11-14,69,233,Unknown,medium,black,clean_shaven,R,P,,1,RP,SP,,,,,48,,,,51,50,49,53,54,48,51,0,62,62,0,0,0,,,,,0,,,,76,61,69,75,69,68,64,0,76,87,0,0,0,False,,,0,,,,,,0,50,balanced_sp,
P3645,John,Doe,2006-06-10,71,208,Unknown,medium,brown,clean_shaven,S,P,,1,RP,RP,,,,,52,,,,50,51,49,50,52,49,51,62,60,0,0,0,0,,,,,0,,,,71,70,70,72,69,67,62,73,76,0,0,0,0,False,,,0,,,,,,0,50,finesse_rp,
P9700,John,Doe,2006-10-07,72,221,Unknown,dark,brown,clean_shaven,S,3B,,0,,,52,52,48,51,51,53,55,52,49,51,,,,,,,,,,,,62,63,73,74,51,0,0,52,60,64,,,,,,,,,,,,False,,,0,,,,,,0,50,,balanced
P6791,John,Doe,2006-12-23,69,242,Unknown,medium,black,clean_shaven,R,CF,,0,,,54,48,51,50,53,46,53,51,51,49,,,,,,,,,,,,76,74,74,79,53,0,0,51,80,67,,,,,,,,,,,,False,,,0,,,,,,0,50,,spray
P2849,John,Doe,2004-05-18,72,245,Unknown,light,black,mustache,L,LF,,0,,,51,57,52,51,52,50,48,49,49,51,,,,,,,,,,,,75,72,71,77,52,0,0,49,61,73,,,,,,,,,,,,False,,,0,,,,,,0,50,,balanced
P7201,John,Doe,2005-04-26,74,240,Unknown,dark,black,clean_shaven,R,3B,,0,,,50,60,49,50,48,50,56,50,49,50,,,,,,,,,,,,68,82,68,76,48,0,0,50,69,77,,,,,,,,,,,,False,,,0,,,,,,0,50,,power
P7364,John,Doe,2008-01-03,77,233,Unknown,medium,black,clean_shaven,R,CF,,0,,,50,51,50,51,52,52,57,51,49,52,,,,,,,,,,,,70,66,65,73,52,0,0,51,68,76,,,,,,,,,,,,False,,,0,,,,,,0,50,,balanced
P1011,John,Doe,1999-04-04,77,211,Unknown,dark,blonde,clean_shaven,L,P,,1,RP,CL,,,,,55,,,,48,54,47,53,58,51,53,0,61,65,0,0,0,,,,,0,,,,55,66,68,70,60,57,65,0,72,80,0,0,0,False,,,0,,,,,,0,50,closer,
P2214,John,Doe,2000-10-12,78,199,Unknown,dark,brown,goatee,R,P,,1,RP,RP,,,,,52,,,,51,50,52,50,53,53,53,60,62,67,0,0,0,,,,,0,,,,65,56,59,59,59,62,64,67,75,73,0,0,0,False,,,0,,,,,,0,50,finesse_rp,
P2206,John,Doe,1988-03-04,75,225,Unknown,medium,blonde,clean_shaven,S,P,,1,RP,RP,,,,,50,,,,48,49,50,50,54,50,50,0,60,66,0,0,0,,,,,0,,,,38,40,43,45,43,46,49,0,53,66,0,0,0,False,,,0,,,,,,0,50,power_rp,
P5758,John,Doe,1992-02-09,73,182,Unknown,medium,black,clean_shaven,L,P,,1,RP,RP,,,,,52,,,,50,51,50,52,53,53,52,59,0,0,0,0,0,,,,,0,,,,45,44,44,44,41,43,48,58,0,0,0,0,0,False,,,0,,,,,,0,50,finesse_rp,
P4966,John,Doe,1999-09-30,76,240,Unknown,medium,black,clean_shaven,S,P,,1,RP,RP,,,,,54,,,,49,48,50,53,54,50,53,0,0,0,60,0,0,,,,,0,,,,54,56,62,69,58,55,67,0,0,0,75,0,0,False,,,0,,,,,,0,50,groundball_rp,
P9215,John,Doe,1989-02-27,70,168,Unknown,dark,brown,clean_shaven,L,P,,1,RP,SP,,,,,48,,,,48,48,50,52,53,50,49,61,62,0,58,0,0,,,,,0,,,,42,43,46,47,48,45,49,57,54,0,55,0,0,False,,,0,,,,,,0,50,finesse_sp,
P4561,John,Doe,2000-05-24,68,242,Unknown,medium,blonde,clean_shaven,R,P,,1,RP,SP,,,,,50,,,,53,48,51,53,54,51,49,0,62,59,59,0,0,,,,,0,,,,60,55,66,65,65,63,59,0,76,68,66,0,0,False,,,0,,,,,,0,50,groundball_sp,
P1141,John,Doe,1996-02-16,68,187,Unknown,light,black,clean_shaven,L,P,,1,RP,SP,,,,,52,,,,49,50,54,53,52,49,50,0,62,61,59,0,0,,,,,0,,,,48,49,57,54,49,48,51,0,66,57,54,0,0,False,,,0,,,,,,0,50,groundball_sp,
P8054,John,Doe,2002-12-23,68,240,Unknown,light,black,clean_shaven,L,P,,1,RP,RP,,,,,53,,,,50,49,52,50,54,53,50,58,0,0,0,0,0,,,,,0,,,,65,64,56,66,65,59,57,63,0,0,0,0,0,False,,,0,,,,,,0,50,finesse_rp,
P3602,John,Doe,1993-02-03,69,238,Unknown,light,blonde,beard,R,P,,1,RP,RP,,,,,54,,,,50,50,49,50,52,49,52,0,0,66,59,0,0,,,,,0,,,,41,41,46,49,39,49,52,0,0,61,52,0,0,False,,,0,,,,,,0,50,groundball_rp,
P3269,John,Doe,1995-11-06,74,176,Unknown,medium,blonde,clean_shaven,R,P,,1,RP,RP,,,,,52,,,,50,51,51,50,53,50,55,56,59,66,0,0,0,,,,,0,,,,46,53,51,58,46,53,52,59,55,61,0,0,0,False,,,0,,,,,,0,50,power_rp,
P6595,John,Doe,1999-02-16,73,231,Unknown,medium,brown,clean_shaven,R,C,,0,,,52,52,51,51,49,49,55,53,49,53,,,,,,,,,,,,57,59,66,62,49,0,0,53,57,63,,,,,,,,,,,,False,,,0,,,,,,0,50,,balanced
P3297,John,Doe,1991-04-25,72,228,Unknown,dark,black,clean_shaven,L,1B,,0,,,50,62,53,51,50,49,44,49,53,49,,,,,,,,,,,,50,57,43,44,50,0,0,49,43,46,,,,,,,,,,,,False,,,0,,,,,,0,50,,power
P9333,John,Doe,1987-12-18,73,223,Unknown,dark,brown,beard,R,2B,,0,,,59,51,51,53,53,48,59,52,49,51,,,,,,,,,,,,52,44,45,46,53,0,0,52,43,45,,,,,,,,,,,,False,,,0,,,,,,0,50,,spray
P1762,John,Doe,2002-07-01,73,250,Unknown,light,black,clean_shaven,R,3B,,0,,,62,64,52,52,49,49,56,51,51,50,,,,,,,,,,,,74,77,64,66,49,0,0,51,63,56,,,,,,,,,,,,False,,,0,,,,,,0,50,,gap
P1458,John,Doe,1993-06-25,71,212,Unknown,dark,red,beard,R,SS,,0,,,59,51,51,50,50,50,59,53,50,50,,,,,,,,,,,,55,51,47,47,50,0,0,53,48,45,,,,,,,,,,,,False,,,0,,,,,,0,50,,spray
P7008,John,Doe,2002-01-23,71,188,Unknown,medium,brown,clean_shaven,S,LF,,0,,,50,52,52,49,50,49,52,51,52,48,,,,,,,,,,,,59,61,64,61,50,0,0,51,66,62,,,,,,,,,,,,False,,,0,,,,,,0,50,,average
P6577,John,Doe,1991-10-26,72,225,Unknown,light,red,clean_shaven,S,CF,,0,,,54,48,70,53,51,50,53,49,52,53,,,,,,,,,,,,52,38,60,50,51,0,0,49,52,51,,,,,,,,,,,,False,,,0,,,,,,0,50,,speed
P3017,John,Doe,1992-07-24,77,177,Unknown,dark,brown,goatee,S,RF,,0,,,53,65,51,52,50,52,50,48,49,52,,,,,,,,,,,,46,55,46,42,50,0,0,48,43,44,,,,,,,,,,,,False,,,0,,,,,,0,50,,power
P1855,John,Doe,1989-08-29,69,176,Unknown,light,brown,clean_shaven,R,SS,,0,,,51,49,79,54,52,47,62,50,49,49,,,,,,,,,,,,51,43,69,47,52,0,0,50,49,40,,,,,,,,,,,,False,,,0,,,,,,0,50,,speed
P8828,John,Doe,2001-09-23,78,198,Unknown,dark,brown,clean_shaven,L,CF,,0,,,51,48,72,52,53,49,46,47,50,51,,,,,,,,,,,,57,57,79,67,53,0,0,47,55,63,,,,,,,,,,,,False,,,0,,,,,,0,50,,speed
P5032,John,Doe,1998-06-07,70,167,Unknown,light,black,clean_shaven,L,LF,,0,,,50,51,51,49,52,52,49,48,48,51,,,,,,,,,,,,61,60,59,56,52,0,0,48,62,59,,,,,,,,,,,,False,,,0,,,,,,0,50,,average
P4663,John,Doe,2002-03-17,71,165,Unknown,dark,black,goatee,R,2B,,0,,,65,47,48,55,52,47,55,52,51,49,,,,,,,,,,,,77,58,63,70,52,0,0,52,57,54,,,,,,,,,,,,False,,,0,,,,,,0,50,,spray
P7608,John,Doe,2003-10-27,69,210,Unknown,dark,blonde,beard,L,LF,,0,,,48,58,47,49,51,51,50,49,52,49,,,,,,,,,,,,63,63,53,55,51,0,0,49,64,64,,,,,,,,,,,,False,,,0,,,,,,0,50,,power
P1484,John,Doe,2002-12-09,78,161,Unknown,medium,brown,beard,R,SS,,0,,,52,58,51,49,50,51,57,50,51,51,,,,,,,,,,,,57,66,62,63,50,0,0,50,65,65,,,,,,,,,,,,False,,,0,,,,,,0,50,,power
P1541,John,Doe,1998-09-15,73,176,Unknown,light,blonde,clean_shaven,R,P,,1,RP,CL,,,,,55,,,,49,53,51,51,54,53,54,0,0,65,0,0,0,,,,,0,,,,60,68,64,63,62,58,65,0,0,78,0,0,0,False,,,0,,,,,,0,50,closer,
P2411,John,Doe,1998-08-23,76,244,Unknown,medium,brown,mustache,R,P,,1,RP,CL,,,,,49,,,,49,54,50,50,52,48,54,60,58,65,0,0,0,,,,,0,,,,59,63,61,58,57,62,65,66,65,79,0,0,0,False,,,0,,,,,,0,50,closer,
P6278,John,Doe,2004-09-14,78,189,Unknown,dark,brown,beard,R,P,,1,RP,SP,,,,,50,,,,50,51,54,53,52,49,52,61,63,61,58,0,0,,,,,0,,,,64,78,65,77,71,79,62,89,89,89,86,0,0,False,,,0,,,,,,0,50,groundball_sp,
P1854,John,Doe,1991-07-23,68,233,Unknown,light,blonde,clean_shaven,R,P,,1,RP,SP,,,,,49,,,,52,51,53,51,52,51,52,0,62,62,58,55,0,,,,,0,,,,50,47,44,48,46,44,49,0,57,54,50,53,0,False,,,0,,,,,,0,50,power_sp,
P1974,John,Doe,1989-11-15,78,184,Unknown,medium,brown,clean_shaven,L,P,,1,RP,RP,,,,,51,,,,50,53,50,53,53,53,54,0,60,63,0,55,0,,,,,0,,,,50,44,44,46,43,51,52,0,54,53,0,54,0,False,,,0,,,,,,0,50,power_rp,
P5957,John,Doe,1997-02-25,68,183,Unknown,medium,blonde,mustache,R,P,,1,RP,SP,,,,,50,,,,51,48,49,51,53,49,51,60,59,0,0,0,0,,,,,0,,,,56,45,48,54,45,45,55,63,55,0,0,0,0,False,,,0,,,,,,0,50,finesse_sp,
P2332,John,Doe,1990-05-17,75,202,Unknown,dark,brown,goatee,R,P,,1,RP,RP,,,,,55,,,,49,53,49,50,52,51,52,57,0,0,62,0,0,,,,,0,,,,42,52,40,49,46,50,47,47,0,0,56,0,0,False,,,0,,,,,,0,50,groundball_rp,
P7256,John,Doe,1999-09-30,76,234,Unknown,medium,brown,clean_shaven,R,C,,0,,,58,51,52,54,51,50,58,49,50,52,,,,,,,,,,,,70,60,63,59,51,0,0,49,63,59,,,,,,,,,,,,False,,,0,,,,,,0,50,,spray
P4014,John,Doe,1996-09-11,75,175,Unknown,light,black,clean_shaven,R,CF,,0,,,51,54,53,49,52,50,51,51,52,50,,,,,,,,,,,,48,57,49,54,52,0,0,51,52,54,,,,,,,,,,,,False,,,0,,,,,,0,50,,balanced
P2572,John,Doe,2004-02-23,76,172,Unknown,light,brown,clean_shaven,R,CF,,0,,,51,57,49,49,52,54,57,53,47,49,,,,,,,,,,,,56,63,59,54,52,0,0,53,59,59,,,,,,,,,,,,False,,,0,,,,,,0,50,,power
P7374,John,Doe,2004-04-29,69,235,Unknown,light,red,clean_shaven,R,3B,,0,,,57,49,52,53,53,48,57,48,49,53,,,,,,,,,,,,67,73,80,80,53,0,0,48,64,82,,,,,,,,,,,,False,,,0,,,,,,0,50,,spray
P3399,John,Doe,1987-07-06,78,184,Unknown,dark,black,clean_shaven,R,CF,,0,,,53,51,49,52,50,53,57,48,49,50,,,,,,,,,,,,47,45,47,42,50,0,0,48,49,41,,,,,,,,,,,,False,,,0,,,,,,0,50,,balanced
P2183,John,Doe,2004-12-21,68,160,Unknown,light,black,clean_shaven,L,CF,,0,,,53,51,49,50,51,50,47,48,47,51,,,,,,,,,,,,76,76,79,73,51,0,0,48,69,71,,,,,,,,,,,,False,,,0,,,,,,0,50,,balanced
P1749,John,Doe,1989-01-28,75,169,Unknown,medium,black,beard,L,RF,,0,,,52,63,49,52,51,52,50,52,50,52,,,,,,,,,,,,48,58,48,46,51,0,0,52,50,48,,,,,,,,,,,,False,,,0,,,,,,0,50,,power
P9832,John,Doe,1998-04-12,68,209,Unknown,dark,brown,beard,R,3B,,0,,,50,48,49,52,52,50,60,49,50,47,,,,,,,,,,,,64,56,58,58,52,0,0,49,60,61,,,,,,,,,,,,False,,,0,,,,,,0,50,,average
P7960,John,Doe,2007-10-30,75,205,Unknown,medium,brown,clean_shaven,L,P,,1,RP,CL,,,,,55,,,,49,53,52,52,53,49,54,57,0,66,0,0,0,,,,,0,,,,79,71,78,75,72,61,71,83,0,82,0,0,0,False,,,0,,,,,,0,50,closer,
P5119,John,Doe,2006-06-19,68,233,Unknown,light,black,beard,S,P,,1,RP,SP,,,,,50,,,,50,52,50,51,54,50,51,59,62,62,0,0,0,,,,,0,,,,62,70,76,66,71,76,72,87,88,84,0,0,0,False,,,0,,,,,,0,50,workhorse_sp,
P6784,John,Doe,2006-08-28,74,221,Unknown,dark,brown,clean_shaven,R,P,,1,RP,RP,,,,,49,,,,52,49,50,50,52,53,53,59,61,0,0,0,0,,,,,0,,,,80,75,76,75,78,67,65,73,75,0,0,0,0,False,,,0,,,,,,0,50,finesse_rp,
P7712,John,Doe,2007-04-30,73,193,Unknown,dark,black,clean_shaven,L,P,,1,RP,SP,,,,,48,,,,51,53,51,53,52,52,52,0,62,58,0,0,0,,,,,0,,,,66,79,72,69,63,70,62,0,79,69,0,0,0,False,,,0,,,,,,0,50,power_sp,
P5635,John,Doe,2007-05-04,70,242,Unknown,dark,blonde,goatee,R,P,,1,RP,SP,,,,,52,,,,50,50,53,52,54,53,51,60,63,59,0,0,0,,,,,0,,,,75,72,79,70,75,73,63,86,93,84,0,0,0,False,,,0,,,,,,0,50,power_sp,
P4213,John,Doe,2007-05-07,68,165,Unknown,medium,brown,clean_shaven,R,3B,,0,,,52,63,48,52,49,50,59,53,50,48,,,,,,,,,,,,68,90,65,81,49,0,0,53,69,64,,,,,,,,,,,,False,,,0,,,,,,0,50,,power
P3591,John,Doe,2005-10-26,70,175,Unknown,medium,black,clean_shaven,S,3B,,0,,,50,61,48,51,49,52,53,48,52,52,,,,,,,,,,,,79,84,63,63,49,0,0,48,68,77,,,,,,,,,,,,False,,,0,,,,,,0,50,,power
P6015,John,Doe,2007-09-03,71,186,Unknown,dark,brown,clean_shaven,L,LF,,0,,,63,51,49,54,53,47,51,48,49,53,,,,,,,,,,,,73,77,59,70,53,0,0,48,74,69,,,,,,,,,,,,False,,,0,,,,,,0,50,,spray
P6330,John,Doe,2008-01-28,70,229,Unknown,dark,brown,beard,L,1B,,0,,,49,53,49,51,53,51,45,48,50,51,,,,,,,,,,,,75,71,64,75,53,0,0,48,71,71,,,,,,,,,,,,False,,,0,,,,,,0,50,,average
P3509,John,Doe,2006-04-05,68,201,Unknown,medium,brown,mustache,R,CF,,0,,,50,52,52,50,51,50,54,51,49,49,,,,,,,,,,,,67,77,63,76,51,0,0,51,73,78,,,,,,,,,,,,False,,,0,,,,,,0,50,,gap
P9742,John,Doe,2001-10-06,75,189,Unknown,dark,black,beard,R,P,,1,RP,CL,,,,,55,,,,49,52,49,50,52,52,55,0,0,67,0,0,0,,,,,0,,,,57,60,64,57,64,67,60,0,0,79,0,0,0,False,,,0,,,,,,0,50,closer,
P2012,John,Doe,2002-04-17,76,231,Unknown,medium,black,goatee,L,P,,1,RP,RP,,,,,54,,,,48,51,53,50,52,53,50,0,0,0,59,0,0,,,,,0,,,,59,57,62,66,63,63,64,0,0,0,66,0,0,False,,,0,,,,,,0,50,groundball_rp,
P9652,John,Doe,1997-03-11,78,240,Unknown,dark,brown,mustache,L,P,,1,RP,LR,,,,,51,,,,52,50,51,51,54,48,53,56,58,0,0,0,0,,,,,0,,,,52,45,48,57,46,43,52,60,63,0,0,0,0,False,,,0,,,,,,0,50,long_relief,
P8202,John,Doe,1990-03-19,73,171,Unknown,dark,red,clean_shaven,L,P,,1,RP,SP,,,,,51,,,,49,54,52,50,52,51,53,0,64,61,58,57,0,,,,,0,,,,48,44,40,50,44,49,50,0,56,53,55,53,0,False,,,0,,,,,,0,50,power_sp,
P6300,John,Doe,1999-05-13,76,204,Unknown,medium,black,clean_shaven,R,P,,1,RP,SP,,,,,48,,,,52,52,54,51,52,52,53,60,62,0,57,54,0,,,,,0,,,,64,66,65,59,59,66,63,73,77,0,63,60,0,False,,,0,,,,,,0,50,finesse_sp,
P2121,John,Doe,1990-01-04,71,165,Unknown,dark,black,clean_shaven,L,P,,1,RP,SP,,,,,50,,,,52,50,54,50,54,50,56,0,59,61,60,57,0,,,,,0,,,,42,50,40,50,47,47,54,0,57,60,55,47,0,False,,,0,,,,,,0,50,power_sp,
P4038,John,Doe,1992-05-05,69,178,Unknown,dark,blonde,mustache,R,P,,1,RP,SP,,,,,50,,,,51,48,50,52,52,51,51,62,60,61,0,0,0,,,,,0,,,,42,45,45,44,43,45,50,54,59,54,0,0,0,False,,,0,,,,,,0,50,finesse_sp,
P1546,John,Doe,1999-06-22,69,200,Unknown,dark,black,clean_shaven,S,P,,1,RP,CL,,,,,50,,,,49,53,51,50,54,52,56,59,62,65,0,0,0,,,,,0,,,,57,67,64,67,62,66,63,67,77,70,0,0,0,False,,,0,,,,,,0,50,closer,
P9107,John,Doe,1993-09-27,68,177,Unknown,medium,brown,beard,S,P,,1,RP,SP,,,,,51,,,,48,49,50,50,52,50,52,0,63,60,0,0,0,,,,,0,,,,45,49,45,48,46,47,51,0,57,57,0,0,0,False,,,0,,,,,,0,50,balanced_sp,
P1255,John,Doe,1993-11-01,76,244,Unknown,light,black,clean_shaven,R,P,,1,RP,SP,,,,,51,,,,51,52,51,51,53,50,52,63,60,60,0,0,0,,,,,0,,,,48,43,45,51,48,43,46,56,57,53,0,0,0,False,,,0,,,,,,0,50,balanced_sp,
P2557,John,Doe,1987-11-29,76,203,Unknown,light,brown,beard,L,P,,1,RP,RP,,,,,54,,,,52,51,47,53,52,49,51,61,60,0,58,0,0,,,,,0,,,,45,47,46,47,46,39,44,57,56,0,50,0,0,False,,,0,,,,,,0,50,finesse_rp,
P9086,John,Doe,1993-10-27,74,231,Unknown,dark,brown,mustache,R,C,,0,,,49,55,48,49,50,52,56,49,49,51,,,,,,,,,,,,45,50,41,43,50,0,0,49,39,42,,,,,,,,,,,,False,,,0,,,,,,0,50,,power
P9744,John,Doe,1996-12-04,76,241,Unknown,dark,brown,clean_shaven,S,1B,C,0,,,51,56,50,50,51,53,49,48,50,52,,,,,,,,,,,,50,55,48,51,51,0,0,48,51,55,,,,,,,,,,,,False,,,0,,,,,,0,50,,balanced
P2289,John,Doe,1991-10-06,70,190,Unknown,medium,brown,clean_shaven,R,2B,,0,,,51,52,50,53,51,48,55,50,51,52,,,,,,,,,,,,42,46,44,53,51,0,0,50,50,49,,,,,,,,,,,,False,,,0,,,,,,0,50,,balanced
P9010,John,Doe,1997-06-03,68,237,Unknown,dark,brown,goatee,R,3B,,0,,,49,48,48,50,49,50,59,50,52,51,,,,,,,,,,,,47,52,50,51,49,0,0,50,54,54,,,,,,,,,,,,False,,,0,,,,,,0,50,,balanced
P8182,John,Doe,1990-08-20,69,212,Unknown,dark,black,mustache,L,SS,,0,,,52,53,53,51,48,51,51,48,51,52,,,,,,,,,,,,42,45,49,48,48,0,0,48,46,47,,,,,,,,,,,,False,,,0,,,,,,0,50,,balanced
P7981,John,Doe,1994-01-29,68,214,Unknown,dark,brown,beard,S,LF,CF,0,,,60,53,54,52,53,50,55,49,48,53,,,,,,,,,,,,51,43,54,49,53,0,0,49,48,45,,,,,,,,,,,,False,,,0,,,,,,0,50,,spray
P2412,John,Doe,1995-04-25,69,160,Unknown,light,black,clean_shaven,L,CF,,0,,,51,50,70,52,52,50,47,51,49,51,,,,,,,,,,,,53,47,74,50,52,0,0,51,46,51,,,,,,,,,,,,False,,,0,,,,,,0,50,,speed
P6124,John,Doe,2002-01-12,76,196,Unknown,light,brown,clean_shaven,L,RF,,0,,,52,62,48,51,50,53,42,50,52,49,,,,,,,,,,,,59,76,54,66,50,0,0,50,67,54,,,,,,,,,,,,False,,,0,,,,,,0,50,,power
P5332,John,Doe,1987-10-17,74,227,Unknown,dark,blonde,beard,R,2B,,0,,,57,52,53,52,52,50,57,48,50,51,,,,,,,,,,,,51,44,50,48,52,0,0,48,40,41,,,,,,,,,,,,False,,,0,,,,,,0,50,,balanced
P2515,John,Doe,1996-11-30,77,232,Unknown,dark,brown,beard,R,RF,,0,,,50,49,70,51,53,47,54,49,48,53,,,,,,,,,,,,51,50,71,51,53,0,0,49,45,56,,,,,,,,,,,,False,,,0,,,,,,0,50,,speed
P7865,John,Doe,1991-05-03,76,224,Unknown,dark,brown,beard,L,RF,,0,,,48,63,52,50,49,51,47,49,49,49,,,,,,,,,,,,47,60,47,46,49,0,0,49,46,40,,,,,,,,,,,,False,,,0,,,,,,0,50,,power
P8569,John,Doe,1996-04-15,76,189,Unknown,medium,black,beard,L,SS,,0,,,50,53,51,49,53,48,49,52,50,50,,,,,,,,,,,,53,51,53,47,53,0,0,52,55,52,,,,,,,,,,,,False,,,0,,,,,,0,50,,average
P5650,John,Doe,1988-06-13,71,195,Unknown,medium,brown,beard,L,C,,0,,,52,52,70,51,51,48,51,49,49,51,,,,,,,,,,,,47,44,67,45,51,0,0,49,41,46,,,,,,,,,,,,False,,,0,,,,,,0,50,,speed
P3960,John,Doe,2001-08-20,75,238,Unknown,medium,blonde,mustache,S,RF,,0,,,53,63,48,51,49,51,51,47,49,50,,,,,,,,,,,,67,71,59,63,49,0,0,47,63,65,,,,,,,,,,,,False,,,0,,,,,,0,50,,power
P7360,John,Doe,1994-01-05,68,249,Unknown,dark,black,beard,L,P,,1,RP,CL,,,,,55,,,,49,52,48,50,52,49,55,57,61,67,0,0,0,,,,,0,,,,48,43,50,45,40,39,55,52,57,58,0,0,0,False,,,0,,,,,,0,50,closer,
P4185,John,Doe,1987-03-25,76,188,Unknown,dark,black,clean_shaven,L,P,,1,RP,CL,,,,,51,,,,49,52,47,51,54,50,53,0,0,65,0,0,0,,,,,0,,,,39,52,42,54,46,50,50,0,0,60,0,0,0,False,,,0,,,,,,0,50,closer,
P4095,John,Doe,1998-01-05,69,193,Unknown,medium,black,beard,R,P,,1,RP,RP,,,,,49,,,,51,49,52,54,52,52,52,59,61,0,0,0,0,,,,,0,,,,54,52,50,56,49,55,50,62,61,0,0,0,0,False,,,0,,,,,,0,50,finesse_rp,
P3193,John,Doe,1994-02-23,72,182,Unknown,dark,brown,clean_shaven,R,P,,1,RP,SP,,,,,51,,,,50,50,50,51,52,48,51,59,60,60,0,0,0,,,,,0,,,,41,46,51,45,48,40,44,52,57,58,0,0,0,False,,,0,,,,,,0,50,balanced_sp,
P7129,John,Doe,1995-06-01,70,211,Unknown,light,black,clean_shaven,R,P,,1,RP,SP,,,,,51,,,,52,51,50,50,52,52,54,62,63,59,57,0,0,,,,,0,,,,52,46,49,56,48,52,55,65,66,62,59,0,0,False,,,0,,,,,,0,50,power_sp,
P7768,John,Doe,2002-12-17,77,218,Unknown,medium,black,clean_shaven,R,P,,1,RP,SP,,,,,52,,,,50,53,52,50,52,49,52,61,59,61,58,0,0,,,,,0,,,,56,61,65,61,57,64,67,68,68,76,71,0,0,False,,,0,,,,,,0,50,balanced_sp,
P5296,John,Doe,1997-06-15,76,235,Unknown,light,brown,clean_shaven,L,P,,1,RP,RP,,,,,51,,,,51,51,52,51,53,52,51,59,60,0,0,0,0,,,,,0,,,,49,53,47,54,51,51,46,61,62,0,0,0,0,False,,,0,,,,,,0,50,finesse_rp,
P8221,John,Doe,1992-10-23,72,244,Unknown,light,brown,mustache,S,CF,,0,,,53,54,51,49,49,51,50,51,51,49,,,,,,,,,,,,47,48,42,47,49,0,0,51,43,45,,,,,,,,,,,,False,,,0,,,,,,0,50,,balanced
P5366,John,Doe,1997-08-15,73,247,Unknown,medium,blonde,clean_shaven,L,C,,0,,,49,52,48,51,51,49,50,49,52,48,,,,,,,,,,,,54,53,46,47,51,0,0,49,55,49,,,,,,,,,,,,False,,,0,,,,,,0,50,,balanced
P3539,John,Doe,2000-04-04,78,229,Unknown,medium,brown,clean_shaven,L,LF,,0,,,50,63,51,49,47,52,48,52,53,51,,,,,,,,,,,,62,75,59,57,47,0,0,52,58,58,,,,,,,,,,,,False,,,0,,,,,,0,50,,power
P3863,John,Doe,1995-07-18,78,180,Unknown,light,black,clean_shaven,R,LF,,0,,,58,52,54,53,52,48,58,52,51,51,,,,,,,,,,,,57,53,49,56,52,0,0,52,50,49,,,,,,,,,,,,False,,,0,,,,,,0,50,,spray
P3833,John,Doe,1989-08-07,72,247,Unknown,dark,brown,clean_shaven,L,CF,,0,,,50,53,50,50,52,48,48,51,49,51,,,,,,,,,,,,47,49,44,41,52,0,0,51,46,49,,,,,,,,,,,,False,,,0,,,,,,0,50,,balanced
P3304,John,Doe,1992-04-11,75,225,Unknown,light,black,beard,R,2B,,0,,,54,50,52,53,53,51,54,48,50,50,,,,,,,,,,,,54,43,47,52,53,0,0,48,47,49,,,,,,,,,,,,False,,,0,,,,,,0,50,,balanced
P8223,John,Doe,1992-02-26,69,232,Unknown,medium,brown,clean_shaven,R,2B,,0,,,60,47,50,57,49,50,54,48,52,50,,,,,,,,,,,,56,38,45,54,49,0,0,48,50,46,,,,,,,,,,,,False,,,0,,,,,,0,50,,spray
P7884,John,Doe,2002-06-11,68,169,Unknown,dark,black,mustache,R,2B,,0,,,51,50,85,52,52,52,58,53,51,51,,,,,,,,,,,,64,55,95,65,52,0,0,53,58,57,,,,,,,,,,,,False,,,0,,,,,,0,50,,elite_speed
P5942,John,Doe,2007-09-17,74,162,Unknown,light,black,clean_shaven,R,P,,1,RP,CL,,,,,55,,,,50,52,51,50,52,52,52,58,61,65,0,0,0,,,,,0,,,,67,62,60,69,79,70,79,82,80,77,0,0,0,False,,,0,,,,,,0,50,closer,
P5312,John,Doe,2005-07-31,69,207,Unknown,light,brown,clean_shaven,L,P,,1,RP,SP,,,,,49,,,,52,52,51,50,52,48,52,0,62,59,0,0,0,,,,,0,,,,80,81,77,65,80,65,80,0,87,87,0,0,0,False,,,0,,,,,,0,50,power_sp,
P1857,John,Doe,2007-03-25,77,187,Unknown,medium,brown,clean_shaven,R,P,,1,RP,SP,,,,,51,,,,52,53,53,53,52,49,52,0,62,61,0,0,0,,,,,0,,,,80,65,74,63,72,72,64,0,92,74,0,0,0,False,,,0,,,,,,0,50,balanced_sp,
P7930,John,Doe,2004-06-10,71,203,Unknown,dark,brown,goatee,L,P,,1,RP,RP,,,,,51,,,,50,51,49,50,52,53,54,59,59,67,0,0,0,,,,,0,,,,67,65,62,80,69,74,73,87,70,92,0,0,0,False,,,0,,,,,,0,50,power_rp,
P3832,John,Doe,2007-03-12,70,227,Unknown,light,brown,clean_shaven,L,P,,1,RP,RP,,,,,54,,,,51,49,49,50,53,50,51,0,61,0,61,0,0,,,,,0,,,,70,59,62,78,65,69,77,0,76,0,90,0,0,False,,,0,,,,,,0,50,groundball_rp,
P7285,John,Doe,2004-12-17,78,233,Unknown,dark,red,mustache,R,CF,,0,,,56,48,50,52,53,48,53,49,48,48,,,,,,,,,,,,71,76,62,79,53,0,0,49,68,72,,,,,,,,,,,,False,,,0,,,,,,0,50,,spray
P1550,John,Doe,2004-09-23,77,177,Unknown,light,red,clean_shaven,R,3B,,0,,,52,49,50,53,50,53,55,50,52,52,,,,,,,,,,,,74,79,66,70,50,0,0,50,78,66,,,,,,,,,,,,False,,,0,,,,,,0,50,,balanced
P2868,John,Doe,2005-05-23,74,237,Unknown,dark,black,clean_shaven,R,2B,,0,,,52,49,49,52,52,48,58,51,51,51,,,,,,,,,,,,66,59,71,76,52,0,0,51,76,70,,,,,,,,,,,,False,,,0,,,,,,0,50,,balanced
P9562,John,Doe,2005-12-29,75,200,Unknown,light,black,clean_shaven,R,RF,,0,,,52,56,52,51,52,50,56,47,49,51,,,,,,,,,,,,78,69,78,63,52,0,0,47,68,81,,,,,,,,,,,,False,,,0,,,,,,0,50,,balanced
P6118,John,Doe,2005-10-03,74,202,Unknown,medium,blonde,clean_shaven,R,CF,,0,,,49,51,52,50,53,50,54,51,51,50,,,,,,,,,,,,72,80,71,78,53,0,0,51,74,78,,,,,,,,,,,,False,,,0,,,,,,0,50,,average
