player_id,first_name,last_name,birthdate,height,weight,ethnicity,skin_tone,hair_color,facial_hair,bats,primary_position,other_positions,is_pitcher,role,preferred_pitching_role,ch,ph,sp,eye,gf,pl,vl,sc,fa,arm,endurance,control,movement,hold_runner,fb,cu,cb,sl,si,scb,kn,pot_ch,pot_ph,pot_sp,pot_eye,pot_gf,pot_pl,pot_vl,pot_sc,pot_fa,pot_arm,pot_control,pot_movement,pot_endurance,pot_hold_runner,pot_fb,pot_cu,pot_cb,pot_sl,pot_si,pot_scb,pot_kn,injured,injury_description,return_date,ready,injury_list,injury_start_date,injury_minimum_days,injury_eligible_date,injury_rehab_assignment,injury_rehab_days,durability,pitcher_archetype,hitter_archetype
P6889,Rafael,Sanchez,1999-11-23,78,171,Hispanic,medium,red,goatee,L,P,,1,RP,CL,,,,,55,,,,51,50,49,51,52,51,52,60,0,65,0,0,0,,,,,0,,,,56,64,63,60,58,58,65,65,0,70,0,0,0,False,,,0,,,,,,0,50,closer,
P1972,Isaias,Seise,2003-08-08,69,230,Anglo,medium,black,clean_shaven,L,P,LF,1,RP,RP,,,,,56,,,,52,50,52,50,52,51,52,0,0,0,60,0,0,,,,,0,,,,62,64,56,60,60,60,63,0,0,0,66,0,0,False,,,0,,,,,,0,50,groundball_rp,
P1759,Sung,Tanaka,2001-02-16,74,212,Asian,medium,brown,clean_shaven,R,P,,1,RP,RP,,,,,49,,,,48,52,48,50,52,51,53,0,59,0,0,0,0,,,,,0,,,,57,60,61,62,59,66,66,0,71,0,0,0,0,False,,,0,,,,,,0,50,power_rp,
P5148,Darnell,Wright,1993-02-09,75,201,African,dark,brown,clean_shaven,R,P,,1,RP,RP,,,,,51,,,,52,53,49,51,52,50,51,56,63,65,0,0,0,,,,,0,,,,51,48,43,44,45,42,43,46,54,62,0,0,0,False,,,0,,,,,,0,50,power_rp,
P4396,Ricardo,Castillo,1990-02-24,77,173,Hispanic,medium,brown,clean_shaven,L,P,,1,RP,LR,,,,,49,,,,49,49,49,52,52,53,50,0,60,65,0,0,0,,,,,0,,,,41,42,45,45,46,52,40,0,52,56,0,0,0,False,,,0,,,,,,0,50,long_relief,
P7086,Tyrone,Jackson,2003-12-23,71,243,African,dark,black,beard,R,P,,1,RP,RP,,,,,52,,,,52,54,52,52,52,52,53,0,0,66,0,0,0,,,,,0,,,,65,67,61,63,59,65,58,0,0,74,0,0,0,False,,,0,,,,,,0,50,power_rp,
P9661,Deshawn,Scott,2001-05-04,75,215,African,dark,black,clean_shaven,L,P,,1,RP,SP,,,,,52,,,,53,53,53,52,52,52,50,62,61,0,0,0,0,,,,,0,,,,65,61,60,63,65,57,55,75,67,0,0,0,0,False,,,0,,,,,,0,50,finesse_sp,
P8550,Fernando,Castillo,1992-02-05,74,250,Hispanic,medium,black,mustache,S,P,,1,RP,SP,,,,,49,,,,50,53,53,52,52,48,51,62,63,62,0,0,0,,,,,0,,,,44,49,44,46,43,46,49,61,55,58,0,0,0,False,,,0,,,,,,0,50,balanced_sp,
P8841,Yong,Yamamoto,2000-09-24,73,238,Asian,light,black,clean_shaven,S,P,,1,RP,SP,,,,,50,,,,48,50,53,51,52,48,49,0,62,60,62,0,0,,,,,0,,,,60,61,60,60,65,63,54,0,73,75,67,0,0,False,,,0,,,,,,0,50,groundball_sp,
P2697,Tyrone,Young,1996-02-19,77,161,African,dark,black,clean_shaven,S,P,,1,RP,RP,,,,,48,,,,49,52,52,50,54,51,52,59,61,0,0,0,0,,,,,0,,,,46,57,51,52,49,52,47,54,59,0,0,0,0,False,,,0,,,,,,0,50,finesse_rp,
P8219,Sung,Yamamoto,1999-12-15,72,174,Asian,light,black,mustache,R,P,,1,RP,RP,,,,,57,,,,51,52,51,52,52,52,52,60,0,0,59,0,0,,,,,0,,,,61,60,64,61,60,67,58,69,0,0,68,0,0,False,,,0,,,,,,0,50,groundball_rp,
P3077,Ricky,Barbarin,2000-07-04,76,181,Anglo,light,black,goatee,R,C,,0,,,59,62,48,52,50,51,57,49,51,52,,,,,,,,,,,,66,70,54,58,50,0,0,49,57,60,,,,,,,,,,,,False,,,0,,,,,,0,50,,gap
P7700,Kristofer,Katoa,1996-09-24,70,200,Anglo,medium,red,clean_shaven,R,1B,,0,,,48,61,50,50,48,54,56,50,48,48,,,,,,,,,,,,43,64,53,49,48,0,0,50,50,53,,,,,,,,,,,,False,,,0,,,,,,0,50,,power
P2888,Leroy,Robinson,1990-12-25,68,183,African,medium,brown,clean_shaven,R,2B,,0,,,53,51,49,50,53,48,54,51,51,50,,,,,,,,,,,,45,47,49,43,53,0,0,51,43,48,,,,,,,,,,,,False,,,0,,,,,,0,50,,average
P9141,Yong,Liu,2002-02-25,69,222,Asian,medium,black,clean_shaven,L,3B,,0,,,49,52,53,50,49,49,48,51,50,49,,,,,,,,,,,,62,58,61,58,49,0,0,51,61,64,,,,,,,,,,,,False,,,0,,,,,,0,50,,balanced
P3039,Kraig,Jabiro,1995-06-14,70,195,Anglo,light,blonde,clean_shaven,L,SS,,0,,,50,49,85,52,51,49,47,48,51,52,,,,,,,,,,,,49,44,82,49,51,0,0,48,56,57,,,,,,,,,,,,False,,,0,,,,,,0,50,,elite_speed
P3545,Titus,Shearin,1988-01-08,78,213,Anglo,medium,brown,mustache,R,LF,,0,,,50,60,53,49,53,51,57,49,53,49,,,,,,,,,,,,43,57,53,43,53,0,0,49,45,43,,,,,,,,,,,,False,,,0,,,,,,0,50,,balanced
P2087,Fernando,Gomez,1988-08-02,76,181,Hispanic,light,black,beard,L,CF,,0,,,49,51,51,50,51,50,49,47,52,48,,,,,,,,,,,,47,48,41,40,51,0,0,47,46,47,,,,,,,,,,,,False,,,0,,,,,,0,50,,average
P8941,Juan,Sanchez,1988-04-17,76,228,Hispanic,light,brown,clean_shaven,S,RF,,0,,,52,50,85,50,51,52,49,48,50,49,,,,,,,,,,,,51,46,85,40,51,0,0,48,49,45,,,,,,,,,,,,False,,,0,,,,,,0,50,,elite_speed
P8727,Manuel,Castillo,1995-12-15,77,216,Hispanic,medium,brown,clean_shaven,L,CF,,0,,,67,50,52,53,51,50,50,49,52,53,,,,,,,,,,,,66,53,56,49,51,0,0,49,52,54,,,,,,,,,,,,False,,,0,,,,,,0,50,,spray
P8683,Andre,Ghrist,1987-09-18,77,224,Anglo,medium,black,mustache,L,CF,,0,,,52,50,72,53,50,49,46,49,49,49,,,,,,,,,,,,50,42,62,46,50,0,0,49,40,45,,,,,,,,,,,,False,,,0,,,,,,0,50,,speed
P4606,Rafael,Rodriguez,1989-05-16,74,243,Hispanic,medium,brown,clean_shaven,R,SS,,0,,,58,51,53,52,50,50,58,52,49,49,,,,,,,,,,,,48,48,50,52,50,0,0,52,48,46,,,,,,,,,,,,False,,,0,,,,,,0,50,,spray
P1116,Franklin,Harding,1990-10-12,75,191,Anglo,light,brown,clean_shaven,L,C,,0,,,67,52,50,52,51,47,49,49,52,49,,,,,,,,,,,,58,52,43,52,51,0,0,49,45,40,,,,,,,,,,,,False,,,0,,,,,,0,50,,spray
P3661,Yong,Khan,1995-01-08,74,226,Asian,light,black,clean_shaven,R,CF,,0,,,61,51,51,55,49,50,55,51,48,50,,,,,,,,,,,,66,46,49,52,49,0,0,51,46,50,,,,,,,,,,,,False,,,0,,,,,,0,50,,spray
P9474,Yong,Chen,2004-10-26,71,219,Asian,medium,black,clean_shaven,L,1B,,0,,,54,60,51,53,49,51,44,49,49,49,,,,,,,,,,,,79,74,66,68,49,0,0,49,64,60,,,,,,,,,,,,False,,,0,,,,,,0,50,,gap
P3488,Rufus,Mitchell,1988-06-10,77,165,African,medium,black,goatee,R,P,,1,RP,CL,,,,,55,,,,51,51,48,53,59,53,54,0,59,65,0,0,0,,,,,0,,,,48,43,52,58,48,45,44,0,51,58,0,0,0,False,,,0,,,,,,0,50,closer,
P8569,Yong,Pham,1990-12-20,68,244,Asian,medium,black,clean_shaven,R,P,,1,RP,SP,,,,,48,,,,53,53,54,52,52,51,50,57,63,62,0,54,0,,,,,0,,,,46,52,47,50,53,44,40,53,58,53,0,45,0,False,,,0,,,,,,0,50,power_sp,
P3606,Antonio,Flores,1991-01-29,72,184,Hispanic,dark,brown,clean_shaven,R,P,,1,RP,RP,,,,,51,,,,51,51,50,51,54,50,54,0,60,64,59,0,0,,,,,0,,,,49,44,47,45,41,50,54,0,50,58,52,0,0,False,,,0,,,,,,0,50,power_rp,
P5638,Xavier,Young,2000-02-17,78,234,African,dark,brown,mustache,R,P,,1,RP,SP,,,,,50,,,,51,49,53,51,53,51,50,59,60,58,57,0,0,,,,,0,,,,62,54,57,59,60,58,62,73,75,73,72,0,0,False,,,0,,,,,,0,50,finesse_sp,
P8106,Yong,Zhang,1993-04-12,77,196,Asian,light,black,clean_shaven,R,P,,1,RP,SP,,,,,49,,,,50,54,54,52,52,51,53,0,64,62,58,0,0,,,,,0,,,,42,52,50,52,50,42,43,0,55,54,53,0,0,False,,,0,,,,,,0,50,power_sp,
P6413,Malik,Baker,1988-04-10,74,217,African,dark,brown,mustache,L,P,,1,RP,SP,,,,,50,,,,52,47,53,50,52,50,51,59,60,0,59,57,0,,,,,0,,,,42,41,43,51,53,48,41,55,59,0,50,48,0,False,,,0,,,,,,0,50,finesse_sp,
P7710,Hector,Cruz,2000-07-09,75,242,Hispanic,light,black,beard,L,P,,1,RP,SP,,,,,52,,,,48,51,51,50,52,49,50,0,62,58,60,0,0,,,,,0,,,,63,59,61,60,59,63,60,0,68,65,75,0,0,False,,,0,,,,,,0,50,groundball_sp,
P5053,Lorenzo,Unkn,1996-11-28,73,189,Anglo,medium,black,mustache,R,LF,,0,,,53,58,50,49,51,51,60,50,51,49,,,,,,,,,,,,53,56,55,46,51,0,0,50,56,54,,,,,,,,,,,,False,,,0,,,,,,0,50,,balanced
P7600,Jermaine,Mitchell,1989-05-24,70,220,African,medium,black,clean_shaven,R,2B,,0,,,51,50,51,51,49,48,57,52,49,52,,,,,,,,,,,,50,48,46,49,49,0,0,52,42,50,,,,,,,,,,,,False,,,0,,,,,,0,50,,balanced
P2826,Carlos,Rodriguez,1992-02-05,68,186,Hispanic,dark,blonde,beard,R,3B,,0,,,49,48,52,50,48,52,56,49,51,52,,,,,,,,,,,,47,43,48,41,48,0,0,49,43,43,,,,,,,,,,,,False,,,0,,,,,,0,50,,balanced
P3759,Manuel,Rodriguez,1999-11-23,71,221,Hispanic,medium,blonde,clean_shaven,S,LF,RF,0,,,53,49,50,52,52,48,53,51,52,49,,,,,,,,,,,,62,56,57,61,52,0,0,51,63,61,,,,,,,,,,,,False,,,0,,,,,,0,50,,average
P4232,Sung,Zhang,2004-02-06,69,240,Asian,medium,black,clean_shaven,L,1B,,0,,,48,59,51,48,50,51,50,52,50,48,,,,,,,,,,,,60,65,62,61,50,0,0,52,57,61,,,,,,,,,,,,False,,,0,,,,,,0,50,,power
P7636,Teddy,Pong,1996-01-16,77,212,Anglo,light,black,beard,R,2B,,0,,,52,62,50,52,48,52,58,48,49,48,,,,,,,,,,,,50,62,48,53,48,0,0,48,46,45,,,,,,,,,,,,False,,,0,,,,,,0,50,,power
P4452,Sung,Patel,2003-03-19,68,177,Asian,light,black,clean_shaven,R,RF,,0,,,54,48,50,50,50,49,57,49,47,51,,,,,,,,,,,,67,57,58,63,50,0,0,49,58,57,,,,,,,,,,,,False,,,0,,,,,,0,50,,spray
P1546,Roderick,Grieb,1990-02-12,72,195,Anglo,light,brown,clean_shaven,L,LF,,0,,,49,61,49,51,47,51,51,53,51,52,,,,,,,,,,,,49,56,41,50,47,0,0,53,50,47,,,,,,,,,,,,False,,,0,,,,,,0,50,,power
P9904,Jamal,Young,2004-09-06,77,212,African,dark,black,clean_shaven,R,P,,1,RP,CL,,,,,55,,,,51,52,48,53,54,51,53,0,0,66,0,0,0,,,,,0,,,,62,62,81,66,78,68,73,0,0,76,0,0,0,False,,,0,,,,,,0,50,closer,
P2746,Sung,Hassan,2005-11-13,69,175,Asian,medium,black,clean_shaven,L,P,,1,RP,SP,,,,,48,,,,49,53,50,52,52,52,55,0,62,63,0,0,0,,,,,0,,,,64,73,78,75,61,81,84,0,75,82,0,0,0,False,,,0,,,,,,0,50,power_sp,
P3673,Jorge,Hernandez,2007-12-09,73,238,Hispanic,dark,brown,beard,L,P,,1,RP,RP,,,,,52,,,,49,51,53,52,54,51,52,59,62,0,0,0,0,,,,,0,,,,59,63,71,76,73,61,67,89,88,0,0,0,0,False,,,0,,,,,,0,50,finesse_rp,
P2470,Francisco,Perez,2004-08-18,77,212,Hispanic,light,brown,clean_shaven,R,P,,1,RP,SP,,,,,52,,,,49,53,50,50,52,52,50,58,62,61,59,0,0,,,,,0,,,,62,73,70,68,70,64,70,70,86,83,86,0,0,False,,,0,,,,,,0,50,balanced_sp,
P2159,Yong,Lin,2006-12-30,70,209,Asian,medium,brown,clean_shaven,R,P,,1,RP,SP,,,,,50,,,,49,53,52,53,54,48,51,61,0,57,59,0,0,,,,,0,,,,79,71,70,82,65,59,79,82,0,68,72,0,0,False,,,0,,,,,,0,50,groundball_sp,
P8888,Marshall,Griffis,2004-04-30,71,178,Anglo,light,black,beard,R,1B,,0,,,51,61,48,49,49,52,57,50,51,52,,,,,,,,,,,,75,89,68,62,49,0,0,50,68,70,,,,,,,,,,,,False,,,0,,,,,,0,50,,power
P6281,Willis,Matheney,2006-10-03,74,247,Anglo,medium,black,clean_shaven,S,CF,,0,,,51,50,85,50,49,47,49,48,51,51,,,,,,,,,,,,69,71,99,80,49,0,0,48,64,66,,,,,,,,,,,,False,,,0,,,,,,0,50,,elite_speed
P1292,Yong,Wang,2007-12-31,77,213,Asian,dark,black,clean_shaven,R,2B,,0,,,51,49,52,51,50,50,58,49,49,52,,,,,,,,,,,,81,70,77,79,50,0,0,49,61,81,,,,,,,,,,,,False,,,0,,,,,,0,50,,balanced
P6060,Garth,Dispirito,2004-04-18,68,205,Anglo,dark,brown,clean_shaven,L,CF,,0,,,58,50,52,54,53,48,46,52,50,50,,,,,,,,,,,,69,74,62,65,53,0,0,52,63,76,,,,,,,,,,,,False,,,0,,,,,,0,50,,spray
P5340,Juan,Guerrero,2004-08-23,74,224,Hispanic,medium,brown,clean_shaven,L,1B,,0,,,59,51,54,51,51,46,43,50,50,48,,,,,,,,,,,,86,81,67,67,51,0,0,50,72,59,,,,,,,,,,,,False,,,0,,,,,,0,50,,spray
P3615,Antonio,Rivera,2004-05-27,72,215,Hispanic,dark,brown,clean_shaven,R,P,,1,RP,CL,,,,,55,,,,51,54,49,50,53,50,56,58,59,65,0,0,0,,,,,0,,,,73,64,76,68,76,70,79,84,71,84,0,0,0,False,,,0,,,,,,0,50,closer,
P1459,Jose,Castillo,2003-11-05,77,203,Hispanic,medium,black,goatee,L,P,,1,RP,LR,,,,,51,,,,52,48,49,53,52,51,54,57,0,63,0,0,0,,,,,0,,,,60,63,59,58,61,64,60,63,0,73,0,0,0,False,,,0,,,,,,0,50,long_relief,
P2993,Johnnie,Kinaj,2002-04-12,76,223,Anglo,light,blonde,clean_shaven,R,P,,1,RP,CL,,,,,51,,,,48,50,50,52,52,49,56,61,62,65,0,0,0,,,,,0,,,,61,60,67,60,62,54,69,73,75,77,0,0,0,False,,,0,,,,,,0,50,closer,
P4425,Jamal,Mitchell,1997-06-10,75,246,African,dark,black,mustache,R,P,,1,RP,SP,,,,,52,,,,52,51,54,53,54,51,52,59,60,63,0,0,0,,,,,0,,,,52,55,48,49,56,54,52,63,56,60,0,0,0,False,,,0,,,,,,0,50,balanced_sp,
P9145,Yong,Kim,1994-05-28,69,206,Asian,medium,black,clean_shaven,L,P,,1,RP,SP,,,,,48,,,,49,51,51,50,53,52,49,59,63,0,0,0,0,,,,,0,,,,53,47,55,53,50,52,45,59,63,0,0,0,0,False,,,0,,,,,,0,50,finesse_sp,
P5469,Yong,Li,1988-09-02,75,215,Asian,light,black,beard,L,P,,1,RP,SP,,,,,51,,,,51,50,53,53,52,51,52,0,59,62,0,0,0,,,,,0,,,,45,41,49,44,48,49,44,0,59,60,0,0,0,False,,,0,,,,,,0,50,power_sp,
P4977,Clifton,Ussery,1998-04-10,74,221,Anglo,light,brown,clean_shaven,L,P,,1,RP,SP,,,,,48,,,,48,53,53,52,53,49,49,58,59,63,0,58,0,,,,,0,,,,53,59,63,68,66,54,58,70,67,75,0,63,0,False,,,0,,,,,,0,50,balanced_sp,
P4492,Yong,Tanaka,2000-01-17,77,223,Asian,medium,black,clean_shaven,S,P,,1,RP,SP,,,,,49,,,,48,53,52,50,52,52,53,0,63,61,0,0,0,,,,,0,,,,60,62,55,57,61,66,67,0,77,71,0,0,0,False,,,0,,,,,,0,50,power_sp,
P3623,Luis,Diaz,1992-04-01,78,201,Hispanic,light,brown,goatee,R,P,,1,RP,RP,,,,,50,,,,52,50,49,52,53,50,52,58,0,0,0,0,0,,,,,0,,,,44,45,49,45,44,40,48,51,0,0,0,0,0,False,,,0,,,,,,0,50,finesse_rp,
P7588,Jermaine,Jefferson,1996-02-26,69,175,African,dark,black,clean_shaven,L,P,,1,RP,SP,,,,,52,,,,49,50,50,50,52,50,51,61,62,60,61,0,0,,,,,0,,,,48,55,46,48,46,51,50,64,63,61,57,0,0,False,,,0,,,,,,0,50,groundball_sp,
P9211,Rufus,White,1999-04-24,69,166,African,light,black,clean_shaven,S,P,,1,RP,SP,,,,,48,,,,51,51,50,50,54,51,50,58,60,58,0,55,0,,,,,0,,,,65,60,57,68,55,58,55,67,71,69,0,65,0,False,,,0,,,,,,0,50,power_sp,
P8786,Francisco,Delgado,1987-10-23,72,160,Hispanic,light,brown,beard,S,C,,0,,,52,51,49,50,49,53,52,52,53,52,,,,,,,,,,,,47,41,47,40,49,0,0,52,53,52,,,,,,,,,,,,False,,,0,,,,,,0,50,,balanced
P4001,Colin,Suben,1994-06-21,72,167,Anglo,light,blonde,clean_shaven,R,1B,,0,,,50,63,49,49,51,54,54,50,49,51,,,,,,,,,,,,54,63,51,50,51,0,0,50,49,54,,,,,,,,,,,,False,,,0,,,,,,0,50,,power
P4649,Malik,White,1996-11-16,70,247,African,dark,black,clean_shaven,R,2B,,0,,,59,52,52,53,50,50,54,49,53,51,,,,,,,,,,,,60,55,48,55,50,0,0,49,52,54,,,,,,,,,,,,False,,,0,,,,,,0,50,,gap
P1217,Hector,Gomez,2001-09-30,70,168,Hispanic,medium,brown,clean_shaven,R,3B,,0,,,52,50,52,51,48,50,59,51,47,47,,,,,,,,,,,,58,55,63,60,48,0,0,51,54,58,,,,,,,,,,,,False,,,0,,,,,,0,50,,balanced
P8708,Yong,Choi,1993-04-22,77,218,Asian,medium,black,clean_shaven,R,SS,,0,,,53,53,53,50,49,52,55,49,48,48,,,,,,,,,,,,49,48,50,47,49,0,0,49,43,45,,,,,,,,,,,,False,,,0,,,,,,0,50,,balanced
P4233,Darnell,White,1988-02-16,69,184,African,medium,brown,clean_shaven,L,LF,,0,,,62,53,51,52,51,47,49,52,50,50,,,,,,,,,,,,54,43,49,51,51,0,0,52,40,49,,,,,,,,,,,,False,,,0,,,,,,0,50,,spray
P4814,Cristopher,Kole,2004-09-28,69,242,Anglo,medium,blonde,clean_shaven,R,CF,,0,,,53,49,71,50,50,48,52,49,48,51,,,,,,,,,,,,83,79,99,76,50,0,0,49,73,81,,,,,,,,,,,,False,,,0,,,,,,0,50,,speed
P9802,Percy,Baker,1991-10-11,75,243,African,dark,brown,clean_shaven,R,RF,,0,,,51,51,52,50,53,50,58,50,48,49,,,,,,,,,,,,51,49,49,49,53,0,0,50,44,43,,,,,,,,,,,,False,,,0,,,,,,0,50,,average
P1776,Carlos,Mendoza,1996-10-04,71,187,Hispanic,light,black,mustache,R,LF,,0,,,51,60,48,51,49,51,57,50,52,52,,,,,,,,,,,,51,55,48,52,49,0,0,50,57,52,,,,,,,,,,,,False,,,0,,,,,,0,50,,power
P6129,Antonio,Vasquez,1992-01-29,77,177,Hispanic,medium,brown,clean_shaven,R,LF,,0,,,50,61,50,49,48,51,57,53,51,52,,,,,,,,,,,,41,59,43,48,48,0,0,53,44,42,,,,,,,,,,,,False,,,0,,,,,,0,50,,power
P4954,Jerrold,Bemo,1990-09-21,72,197,Anglo,medium,brown,mustache,R,3B,,0,,,49,52,51,48,50,53,59,50,48,51,,,,,,,,,,,,45,45,48,43,50,0,0,50,42,43,,,,,,,,,,,,False,,,0,,,,,,0,50,,balanced
P3816,Jewel,Nesseth,1997-02-05,73,197,Anglo,light,black,clean_shaven,L,1B,,0,,,59,54,52,50,48,52,46,49,49,51,,,,,,,,,,,,54,55,56,47,48,0,0,49,48,52,,,,,,,,,,,,False,,,0,,,,,,0,50,,gap
P6969,Sung,Khan,1989-07-20,71,205,Asian,light,black,clean_shaven,S,C,,0,,,48,54,49,49,51,50,54,48,49,52,,,,,,,,,,,,42,44,41,45,51,0,0,48,46,50,,,,,,,,,,,,False,,,0,,,,,,0,50,,average
P8639,Jerald,Shaklee,1993-12-19,74,199,Anglo,medium,brown,clean_shaven,L,LF,,0,,,52,52,49,53,52,50,46,49,48,48,,,,,,,,,,,,43,45,46,52,52,0,0,49,45,41,,,,,,,,,,,,False,,,0,,,,,,0,50,,balanced
P3674,Rufus,Walker,1987-09-12,71,233,African,dark,black,clean_shaven,R,P,,1,RP,CL,,,,,55,,,,52,50,49,52,53,51,52,58,0,66,0,0,0,,,,,0,,,,43,48,45,50,44,47,48,51,0,60,0,0,0,False,,,0,,,,,,0,50,closer,
P7620,Rufus,Washington,1995-01-23,78,183,African,medium,black,clean_shaven,R,P,,1,RP,SP,,,,,49,,,,48,49,50,50,54,48,52,0,61,58,62,0,0,,,,,0,,,,48,46,49,58,46,44,49,0,62,63,67,0,0,False,,,0,,,,,,0,50,groundball_sp,
P6600,Francisco,Martinez,1989-09-14,69,209,Hispanic,medium,brown,goatee,L,P,,1,RP,SP,,,,,54,,,,51,53,54,51,52,53,53,0,59,62,61,0,0,,,,,0,,,,41,51,50,43,54,48,47,0,52,62,54,0,0,False,,,0,,,,,,0,50,groundball_sp,
P2197,Sung,Le,2004-09-25,69,234,Asian,medium,brown,clean_shaven,R,P,,1,RP,SP,,,,,54,,,,52,50,50,52,52,52,53,59,0,59,61,0,0,,,,,0,,,,78,70,72,80,63,75,65,77,0,85,77,0,0,False,,,0,,,,,,0,50,groundball_sp,
P7776,Rafael,Ortiz,1999-03-20,74,164,Hispanic,medium,black,clean_shaven,S,P,,1,RP,SP,,,,,50,,,,50,50,52,52,53,50,50,58,58,62,61,0,0,,,,,0,,,,55,63,60,65,61,60,61,67,65,70,71,0,0,False,,,0,,,,,,0,50,groundball_sp,
P9691,Juan,Diaz,2002-02-21,70,216,Hispanic,medium,blonde,goatee,L,P,,1,RP,SP,,,,,48,,,,49,50,50,53,54,50,51,61,59,0,57,0,0,,,,,0,,,,61,58,64,63,59,64,57,72,64,0,65,0,0,False,,,0,,,,,,0,50,finesse_sp,
P6149,Sung,Kim,2001-06-05,68,236,Asian,medium,black,clean_shaven,L,P,,1,RP,SP,,,,,48,,,,51,52,52,50,52,50,52,0,63,62,0,0,0,,,,,0,,,,61,66,61,63,61,61,61,0,78,74,0,0,0,False,,,0,,,,,,0,50,balanced_sp,
P7730,Yong,Nguyen,2002-07-04,68,232,Asian,medium,black,goatee,L,3B,,0,,,51,49,49,50,48,51,49,51,49,52,,,,,,,,,,,,60,55,64,65,48,0,0,51,64,62,,,,,,,,,,,,False,,,0,,,,,,0,50,,balanced
P5606,Darnell,Scott,1991-12-25,77,187,African,medium,black,clean_shaven,L,CF,,0,,,51,51,70,51,53,51,49,49,52,48,,,,,,,,,,,,44,44,60,44,53,0,0,49,51,45,,,,,,,,,,,,False,,,0,,,,,,0,50,,speed
P7007,Cedric,Young,2001-10-08,69,213,African,medium,black,clean_shaven,L,RF,,0,,,50,58,49,50,50,52,49,47,50,49,,,,,,,,,,,,61,68,56,55,50,0,0,47,57,59,,,,,,,,,,,,False,,,0,,,,,,0,50,,power
P8228,Eduardo,Torres,2000-07-11,68,197,Hispanic,medium,black,goatee,R,C,,0,,,53,51,48,52,49,52,59,50,51,51,,,,,,,,,,,,63,63,53,62,49,0,0,50,63,56,,,,,,,,,,,,False,,,0,,,,,,0,50,,average
P3947,Sung,Choi,2004-11-17,73,222,Asian,light,black,clean_shaven,R,2B,SS,0,,,60,50,49,53,52,50,56,52,51,52,,,,,,,,,,,,72,70,60,75,52,0,0,52,73,78,,,,,,,,,,,,False,,,0,,,,,,0,50,,spray
P8118,Sung,Huang,1997-03-14,70,222,Asian,medium,black,clean_shaven,R,C,,0,,,54,54,50,53,48,52,55,51,53,51,,,,,,,,,,,,52,59,53,56,48,0,0,51,56,56,,,,,,,,,,,,False,,,0,,,,,,0,50,,gap
P8524,Galen,Marchuk,1999-02-08,76,176,Anglo,medium,black,clean_shaven,R,RF,,0,,,53,60,49,49,50,50,50,52,51,53,,,,,,,,,,,,67,75,57,56,50,0,0,52,56,60,,,,,,,,,,,,False,,,0,,,,,,0,50,,power
P3890,Felton,Shuptrine,1995-12-09,74,192,Anglo,medium,red,goatee,R,3B,,0,,,51,50,49,52,52,50,58,53,49,52,,,,,,,,,,,,56,55,49,47,52,0,0,53,53,49,,,,,,,,,,,,False,,,0,,,,,,0,50,,average
P1338,Miguel,Gomez,2004-04-19,71,225,Hispanic,medium,blonde,mustache,R,P,,1,RP,CL,,,,,55,,,,48,50,48,50,54,52,53,0,0,65,0,0,0,,,,,0,,,,58,69,62,71,74,74,70,0,0,80,0,0,0,False,,,0,,,,,,0,50,closer,
P9409,Sung,Pham,2007-09-18,73,166,Asian,light,brown,clean_shaven,L,P,,1,RP,RP,,,,,56,,,,49,52,52,50,54,52,52,0,0,66,61,0,0,,,,,0,,,,64,69,80,71,71,74,78,0,0,80,79,0,0,False,,,0,,,,,,0,50,groundball_rp,
P7183,Yong,Singh,2006-04-25,78,221,Asian,medium,black,clean_shaven,R,P,,1,RP,SP,,,,,50,,,,51,53,52,51,52,52,52,58,60,60,0,0,0,,,,,0,,,,67,69,71,68,72,74,70,87,87,78,0,0,0,False,,,0,,,,,,0,50,balanced_sp,
P3649,Sung,Wang,2005-04-04,75,185,Asian,medium,black,clean_shaven,R,P,,1,RP,RP,,,,,57,,,,49,52,50,50,52,49,51,55,0,0,62,0,0,,,,,0,,,,75,82,60,79,77,77,78,72,0,0,80,0,0,False,,,0,,,,,,0,50,groundball_rp,
P1278,Miguel,Garcia,2007-07-18,78,216,Hispanic,medium,black,clean_shaven,R,P,,1,RP,SP,,,,,51,,,,51,53,52,53,52,50,52,62,62,61,0,0,0,,,,,0,,,,71,65,66,81,73,77,82,91,88,84,0,0,0,False,,,0,,,,,,0,50,power_sp,
P9945,Domingo,Flaherty,2006-07-24,78,225,Anglo,light,brown,clean_shaven,R,CF,,0,,,53,50,85,50,49,52,51,51,49,52,,,,,,,,,,,,70,76,99,79,49,0,0,51,77,71,,,,,,,,,,,,False,,,0,,,,,,0,50,,elite_speed
P3090,Basil,Montore,2004-04-11,74,225,Anglo,light,blonde,beard,R,LF,,0,,,53,52,48,51,51,50,56,53,50,52,,,,,,,,,,,,79,79,60,76,51,0,0,53,63,81,,,,,,,,,,,,False,,,0,,,,,,0,50,,average
P7277,Percy,Harris,2008-02-20,69,181,African,dark,black,mustache,R,RF,1B,0,,,53,50,51,52,52,50,54,48,50,51,,,,,,,,,,,,77,68,81,75,52,0,0,48,68,79,,,,,,,,,,,,False,,,0,,,,,,0,50,,average
P7680,Darnell,King,2006-01-25,69,219,African,dark,black,clean_shaven,S,1B,,0,,,50,52,78,51,50,47,47,50,51,52,,,,,,,,,,,,67,73,99,64,50,0,0,50,65,65,,,,,,,,,,,,False,,,0,,,,,,0,50,,speed
P2860,Juan,Castillo,2007-06-25,74,239,Hispanic,dark,blonde,clean_shaven,R,C,,0,,,49,53,49,49,53,52,57,52,51,52,,,,,,,,,,,,61,72,64,65,53,0,0,52,63,80,,,,,,,,,,,,False,,,0,,,,,,0,50,,average
P3080,Rafael,Reyes,1995-05-06,73,203,Hispanic,dark,black,clean_shaven,R,P,,1,RP,CL,,,,,55,,,,51,50,48,50,54,49,56,0,0,67,0,0,0,,,,,0,,,,48,54,45,57,50,45,56,0,0,68,0,0,0,False,,,0,,,,,,0,50,closer,
P1849,Jermaine,White,1989-02-18,69,199,African,dark,black,beard,L,P,,1,RP,SP,,,,,49,,,,52,53,51,51,54,47,54,0,61,63,0,58,0,,,,,0,,,,51,53,42,48,49,38,50,0,57,55,0,53,0,False,,,0,,,,,,0,50,power_sp,
P1653,Juan,Perez,1995-01-21,76,163,Hispanic,medium,brown,beard,L,P,,1,RP,RP,,,,,49,,,,47,52,49,50,52,48,50,0,0,65,0,0,0,,,,,0,,,,49,55,55,48,52,45,54,0,0,70,0,0,0,False,,,0,,,,,,0,50,power_rp,
P4815,Leroy,Scott,2000-12-16,71,209,African,dark,black,clean_shaven,L,P,,1,RP,RP,,,,,53,,,,49,50,50,53,53,53,51,0,62,0,0,0,0,,,,,0,,,,59,65,66,62,56,64,62,0,71,0,0,0,0,False,,,0,,,,,,0,50,finesse_rp,
P7933,Werner,Canzoneri,1994-05-01,71,246,Anglo,light,black,goatee,L,P,,1,RP,SP,,,,,51,,,,52,52,50,54,53,52,52,61,62,57,0,57,0,,,,,0,,,,57,54,57,58,54,53,57,57,62,53,0,52,0,False,,,0,,,,,,0,50,finesse_sp,
P8007,Yong,Park,1997-04-04,69,165,Asian,light,black,beard,S,P,,1,RP,SP,,,,,50,,,,52,51,53,52,52,51,50,58,61,60,0,0,0,,,,,0,,,,48,56,53,51,58,51,55,58,66,65,0,0,0,False,,,0,,,,,,0,50,workhorse_sp,
P6279,Yong,Le,1988-03-09,70,203,Asian,medium,black,clean_shaven,R,P,,1,RP,RP,,,,,53,,,,52,49,48,50,53,49,51,56,60,0,60,0,0,,,,,0,,,,44,41,44,52,47,46,48,48,54,0,50,0,0,False,,,0,,,,,,0,50,groundball_rp,
P9469,Juan,Cruz,1994-03-19,71,185,Hispanic,medium,blonde,clean_shaven,L,P,,1,RP,SP,,,,,51,,,,49,51,51,53,52,52,52,62,59,61,0,0,0,,,,,0,,,,44,46,58,54,54,48,56,59,62,59,0,0,0,False,,,0,,,,,,0,50,balanced_sp,
P6724,Enoch,Vielle,2000-03-15,76,238,Anglo,medium,black,beard,R,P,,1,RP,SP,,,,,49,,,,49,50,50,53,52,50,51,58,0,62,0,0,0,,,,,0,,,,54,55,61,59,61,65,59,69,0,67,0,0,0,False,,,0,,,,,,0,50,workhorse_sp,
P7743,Deshawn,Washington,1992-04-11,72,249,African,dark,black,clean_shaven,L,P,,1,RP,RP,,,,,54,,,,48,54,50,50,54,49,53,0,64,65,0,0,0,,,,,0,,,,48,48,46,46,47,42,48,0,54,60,0,0,0,False,,,0,,,,,,0,50,power_rp,
P1932,Sung,Tran,1996-12-26,73,196,Asian,medium,black,clean_shaven,R,P,,1,RP,SP,,,,,48,,,,49,54,53,52,52,48,50,62,64,58,54,0,0,,,,,0,,,,51,57,48,54,58,50,45,67,63,61,51,0,0,False,,,0,,,,,,0,50,power_sp,
P3170,Jamal,Harris,1999-04-18,75,180,African,medium,black,clean_shaven,S,C,,0,,,63,53,49,54,50,46,55,50,53,48,,,,,,,,,,,,73,61,63,64,50,0,0,50,60,59,,,,,,,,,,,,False,,,0,,,,,,0,50,,spray
P5761,Luis,Torres,1993-07-15,75,223,Hispanic,medium,brown,beard,S,1B,,0,,,52,64,49,52,49,54,53,49,51,51,,,,,,,,,,,,42,59,45,51,49,0,0,49,49,47,,,,,,,,,,,,False,,,0,,,,,,0,50,,power
P1408,Fredrick,Wohlers,2001-05-26,74,160,Anglo,light,brown,clean_shaven,R,2B,,0,,,54,51,52,53,52,51,55,50,52,49,,,,,,,,,,,,65,56,60,66,52,0,0,50,65,56,,,,,,,,,,,,False,,,0,,,,,,0,50,,balanced
P8827,Agustin,Barillaro,1997-11-28,71,221,Anglo,light,red,beard,R,3B,,0,,,52,61,50,51,47,49,56,51,50,53,,,,,,,,,,,,52,57,53,52,47,0,0,51,49,58,,,,,,,,,,,,False,,,0,,,,,,0,50,,power
P2361,Yong,Patel,2001-09-20,75,160,Asian,light,black,clean_shaven,R,SS,,0,,,61,49,52,54,48,48,57,53,51,50,,,,,,,,,,,,76,60,64,60,48,0,0,53,63,56,,,,,,,,,,,,False,,,0,,,,,,0,50,,spray
P3269,Yong,Tran,1990-11-15,77,180,Asian,medium,black,clean_shaven,R,LF,,0,,,59,53,52,52,50,51,56,53,51,52,,,,,,,,,,,,51,46,51,51,50,0,0,53,47,51,,,,,,,,,,,,False,,,0,,,,,,0,50,,spray
P2407,Donovan,Pencek,1989-08-14,69,187,Anglo,medium,blonde,mustache,R,CF,,0,,,53,50,76,52,54,51,53,50,51,53,,,,,,,,,,,,46,45,74,44,54,0,0,50,44,43,,,,,,,,,,,,False,,,0,,,,,,0,50,,speed
P6442,Yong,Huang,2000-06-12,71,176,Asian,light,black,clean_shaven,R,RF,,0,,,51,51,49,51,52,51,57,50,51,48,,,,,,,,,,,,62,64,59,56,52,0,0,50,56,53,,,,,,,,,,,,False,,,0,,,,,,0,50,,average
P3898,Alejandro,Gonzalez,2001-02-18,71,181,Hispanic,light,brown,clean_shaven,R,C,LF,0,,,51,49,48,52,51,50,57,49,52,50,,,,,,,,,,,,59,59,56,63,51,0,0,49,67,63,,,,,,,,,,,,False,,,0,,,,,,0,50,,balanced
P1623,Rufus,Robinson,1998-12-05,69,171,African,dark,black,clean_shaven,S,CF,,0,,,50,48,70,49,49,48,48,51,51,48,,,,,,,,,,,,63,54,80,54,49,0,0,51,58,63,,,,,,,,,,,,False,,,0,,,,,,0,50,,speed
P9240,Yong,Hassan,2002-02-10,71,235,Asian,medium,brown,clean_shaven,R,RF,,0,,,60,51,48,52,53,50,55,52,50,52,,,,,,,,,,,,70,56,58,61,53,0,0,52,58,62,,,,,,,,,,,,False,,,0,,,,,,0,50,,spray
P2083,Russ,Tomlinson,1989-04-21,74,220,Anglo,light,brown,mustache,R,C,,0,,,51,51,48,52,53,51,59,48,50,48,,,,,,,,,,,,51,50,47,42,53,0,0,48,45,47,,,,,,,,,,,,False,,,0,,,,,,0,50,,average
P4337,Rufus,Carter,2002-04-12,68,221,African,medium,black,clean_shaven,R,SS,,0,,,49,53,50,50,51,50,59,49,47,49,,,,,,,,,,,,58,64,58,57,51,0,0,49,57,59,,,,,,,,,,,,False,,,0,,,,,,0,50,,balanced
P8442,Sung,Liu,1994-02-26,72,222,Asian,light,black,clean_shaven,R,3B,,0,,,58,48,49,54,50,48,59,52,49,49,,,,,,,,,,,,52,43,49,52,50,0,0,52,39,49,,,,,,,,,,,,False,,,0,,,,,,0,50,,spray
P1648,Sung,Nguyen,1992-10-04,73,172,Asian,light,black,clean_shaven,L,P,,1,RP,CL,,,,,55,,,,49,52,51,50,53,53,54,56,62,65,0,0,0,,,,,51,,,,49,51,43,53,43,47,46,51,58,58,0,0,0,False,,,0,,,,,,0,50,closer,
P8640,Malik,Wright,1990-08-22,74,168,African,dark,black,mustache,L,P,,1,RP,LR,,,,,54,,,,52,50,53,50,52,51,50,56,58,67,0,0,0,,,,,0,,,,45,49,42,45,44,47,49,47,54,63,0,0,0,False,,,0,,,,,,0,50,long_relief,
P9496,Miguel,Cruz,1989-09-27,72,202,Hispanic,medium,blonde,beard,L,P,,1,RP,SP,,,,,50,,,,52,49,50,50,52,49,52,63,62,61,0,0,0,,,,,0,,,,42,47,41,42,50,46,47,53,62,61,0,0,0,False,,,0,,,,,,0,50,balanced_sp,
P7827,Sung,Lin,1994-08-09,74,166,Asian,medium,black,clean_shaven,R,P,,1,RP,RP,,,,,54,,,,49,52,50,50,53,53,51,0,0,63,62,0,0,,,,,0,,,,49,54,48,55,45,51,54,0,0,64,58,0,0,False,,,0,,,,,,0,50,groundball_rp,
P1933,Hector,Rivera,1993-01-28,75,169,Hispanic,medium,brown,clean_shaven,R,P,,1,RP,SP,,,,,53,,,,52,49,51,53,52,51,49,0,0,59,57,0,0,,,,,0,,,,43,46,46,52,48,50,47,0,0,58,50,0,0,False,,,0,,,,,,0,50,groundball_sp,
P4220,Tyrone,Allen,1987-10-25,77,246,African,dark,black,mustache,R,P,,1,RP,RP,,,,,51,,,,51,52,50,52,52,50,50,58,59,0,0,0,0,,,,,0,,,,43,51,42,44,47,42,49,53,56,0,0,0,0,False,,,0,,,,,,0,50,finesse_rp,
P1081,Sung,Chen,2004-07-23,69,231,Asian,dark,black,clean_shaven,R,P,,1,RP,SP,,,,,48,,,,48,53,54,51,54,48,53,61,62,61,0,56,0,,,,,0,,,,68,71,62,77,76,70,71,85,77,73,0,74,0,False,,,0,,,,,,0,50,workhorse_sp,
P3180,Sung,Park,2000-07-08,71,210,Asian,medium,black,clean_shaven,R,2B,,0,,,58,49,48,54,53,49,60,52,50,53,,,,,,,,,,,,70,57,55,60,53,0,0,52,56,62,,,,,,,,,,,,False,,,0,,,,,,0,50,,spray
P2839,Luis,Ramirez,1989-10-26,73,191,Hispanic,dark,brown,beard,R,LF,,0,,,53,50,51,52,49,51,55,51,49,52,,,,,,,,,,,,46,48,44,46,49,0,0,51,39,47,,,,,,,,,,,,False,,,0,,,,,,0,50,,average
P5141,Malik,Green,1993-09-25,71,187,African,dark,black,clean_shaven,R,2B,,0,,,58,51,70,54,52,48,55,51,49,50,,,,,,,,,,,,50,49,60,50,52,0,0,51,45,41,,,,,,,,,,,,False,,,0,,,,,,0,50,,speed
P3916,Fernando,Mendoza,1990-10-13,77,168,Hispanic,medium,black,clean_shaven,R,LF,,0,,,53,50,52,50,53,50,58,49,50,49,,,,,,,,,,,,49,48,47,45,53,0,0,49,48,48,,,,,,,,,,,,False,,,0,,,,,,0,50,,average
P6742,Pedro,Garcia,2004-01-19,77,185,Hispanic,light,brown,goatee,R,C,,0,,,51,54,49,50,53,49,59,49,50,52,,,,,,,,,,,,61,69,54,56,53,0,0,49,62,66,,,,,,,,,,,,False,,,0,,,,,,0,50,,balanced
P8274,Sung,Singh,1993-05-23,78,211,Asian,medium,black,clean_shaven,R,1B,,0,,,49,63,50,50,48,50,55,53,52,51,,,,,,,,,,,,47,61,48,46,48,0,0,53,46,47,,,,,,,,,,,,False,,,0,,,,,,0,50,,power
P3470,Olen,Spirer,1990-06-16,72,175,Anglo,light,brown,goatee,R,CF,,0,,,50,48,85,49,52,49,58,48,52,52,,,,,,,,,,,,47,47,84,48,52,0,0,48,50,49,,,,,,,,,,,,False,,,0,,,,,,0,50,,elite_speed
P5090,Manuel,Torres,2004-10-26,77,173,Hispanic,dark,black,clean_shaven,R,C,,0,,,50,59,51,51,48,53,59,49,52,51,,,,,,,,,,,,68,78,78,64,48,0,0,49,81,70,,,,,,,,,,,,False,,,0,,,,,,0,50,,power
P1384,Dwain,Heape,2007-09-28,74,203,Anglo,light,blonde,clean_shaven,R,P,,1,RP,CL,,,,,55,,,,50,53,48,51,53,53,56,56,0,65,0,0,0,,,,,0,,,,69,65,75,82,62,72,83,70,0,77,0,0,0,False,,,0,,,,,,0,50,closer,
P2198,Hector,Vasquez,2004-10-04,72,230,Hispanic,light,black,clean_shaven,R,P,,1,RP,SP,,,,,49,,,,52,50,51,53,52,50,53,60,59,62,0,54,0,,,,,0,,,,77,62,65,77,74,68,76,87,72,90,0,75,0,False,,,0,,,,,,0,50,balanced_sp,
P4907,Sung,Li,2005-08-15,77,192,Asian,light,black,clean_shaven,L,P,,1,RP,CL,,,,,54,,,,53,53,51,53,59,49,52,60,59,67,0,0,0,,,,,0,,,,82,78,71,78,67,59,65,77,86,88,0,0,0,False,,,0,,,,,,0,50,closer,
P4775,Eduardo,Hernandez,2006-09-26,78,235,Hispanic,medium,black,clean_shaven,R,P,,1,RP,SP,,,,,52,,,,49,50,53,53,52,52,50,60,62,60,0,57,0,,,,,0,,,,67,72,70,81,72,74,73,84,75,79,0,84,0,False,,,0,,,,,,0,50,balanced_sp,
P9846,Juan,Torres,2005-07-10,72,220,Hispanic,light,red,clean_shaven,L,P,,1,RP,SP,,,,,51,,,,50,54,50,50,54,51,51,0,64,63,0,0,0,,,,,0,,,,64,73,80,79,79,71,65,0,86,81,0,0,0,False,,,0,,,,,,0,50,power_sp,
P1075,Jermaine,Green,2005-08-11,70,168,African,dark,black,clean_shaven,R,3B,,0,,,51,61,52,50,47,53,59,48,49,49,,,,,,,,,,,,71,75,78,63,47,0,0,48,79,62,,,,,,,,,,,,False,,,0,,,,,,0,50,,power
P2587,Jose,Hernandez,2007-01-11,72,216,Hispanic,medium,black,goatee,R,2B,3B,0,,,54,52,51,53,48,48,56,51,51,53,,,,,,,,,,,,66,82,78,82,48,0,0,51,69,79,,,,,,,,,,,,False,,,0,,,,,,0,50,,average
P6070,Scott,Bourgois,2005-08-26,76,224,Anglo,medium,black,clean_shaven,R,2B,,0,,,53,52,49,54,49,52,59,53,51,51,,,,,,,,,,,,73,70,63,73,49,0,0,53,80,73,,,,,,,,,,,,False,,,0,,,,,,0,50,,average
P7389,Antonio,Castillo,2007-12-10,69,230,Hispanic,medium,brown,goatee,R,C,,0,,,50,49,83,51,53,50,57,51,52,50,,,,,,,,,,,,78,75,94,80,53,0,0,51,65,79,,,,,,,,,,,,False,,,0,,,,,,0,50,,speed
P2446,Abraham,Slane,2007-08-22,76,163,Anglo,light,brown,clean_shaven,R,LF,,0,,,52,53,70,50,53,52,60,49,49,51,,,,,,,,,,,,70,82,82,67,53,0,0,49,63,67,,,,,,,,,,,,False,,,0,,,,,,0,50,,speed
P2617,Manual,Brasseux,1993-08-05,73,238,Anglo,dark,black,clean_shaven,R,P,,1,RP,CL,,,,,55,,,,48,51,51,50,53,50,53,58,60,65,0,0,0,,,,,0,,,,43,44,44,48,44,45,50,52,60,62,0,0,0,False,,,0,,,,,,0,50,closer,
P1173,Juan,Vargas,1998-02-20,73,224,Hispanic,dark,black,clean_shaven,R,P,,1,RP,RP,,,,,55,,,,52,50,51,50,52,53,51,56,57,0,62,0,0,,,,,0,,,,53,47,53,55,52,48,52,53,53,0,65,0,0,False,,,0,,,,,,0,50,groundball_rp,
P9161,Malik,Scott,1989-01-02,70,167,African,dark,black,clean_shaven,R,P,,1,RP,SP,,,,,50,,,,51,53,52,52,52,52,52,62,0,0,61,0,0,,,,,0,,,,44,50,50,49,47,51,48,59,0,0,52,0,0,False,,,0,,,,,,0,50,groundball_sp,
P8870,Luis,Gomez,1993-05-12,69,215,Hispanic,medium,red,goatee,S,P,,1,RP,SP,,,,,50,,,,50,52,53,50,52,51,53,61,60,59,59,0,0,,,,,0,,,,48,42,48,47,46,45,49,61,50,56,53,0,0,False,,,0,,,,,,0,50,groundball_sp,
P6907,Leroy,Jackson,1993-06-26,77,235,African,dark,black,clean_shaven,L,P,,1,RP,RP,,,,,53,,,,49,50,48,50,52,49,56,0,0,66,0,0,0,,,,,0,,,,44,43,50,52,45,45,50,0,0,63,0,0,0,False,,,0,,,,,,0,50,power_rp,
P9878,Raul,Gomez,1992-05-18,71,196,Hispanic,medium,brown,goatee,S,P,,1,RP,SP,,,,,49,,,,48,49,53,53,52,48,52,63,59,61,0,57,0,,,,,0,,,,46,42,48,45,44,39,44,58,56,61,0,53,0,False,,,0,,,,,,0,50,workhorse_sp,
P8663,Percy,Walker,1994-03-18,72,201,African,dark,black,goatee,R,P,,1,RP,LR,,,,,49,,,,50,50,53,52,53,52,50,57,61,64,0,0,0,,,,,0,,,,50,45,53,55,49,50,51,57,66,63,0,0,0,False,,,0,,,,,,0,50,long_relief,
P4987,Antonio,Martinez,1989-11-04,74,207,Hispanic,light,brown,clean_shaven,L,P,,1,RP,SP,,,,,54,,,,52,53,51,50,54,49,50,59,60,59,59,0,0,,,,,0,,,,47,53,48,54,46,41,50,53,56,51,51,0,0,False,,,0,,,,,,0,50,groundball_sp,
P8386,Francisco,Vasquez,1999-05-24,75,217,Hispanic,light,brown,beard,R,P,,1,RP,LR,,,,,51,,,,50,49,51,53,53,49,52,58,59,63,0,0,0,,,,,0,,,,55,54,67,60,56,56,57,63,73,71,0,0,0,False,,,0,,,,,,0,50,long_relief,
P5337,Rosario,Denyes,1994-07-19,76,218,Anglo,medium,black,beard,L,P,,1,RP,RP,,,,,50,,,,50,51,50,51,52,51,51,57,61,0,0,0,0,,,,,0,,,,53,48,51,52,47,49,53,61,64,0,0,0,0,False,,,0,,,,,,0,50,finesse_rp,
P5087,Darnell,Baker,1999-12-08,68,183,African,dark,black,goatee,R,P,,1,RP,SP,,,,,52,,,,52,49,49,53,52,52,50,62,63,0,57,0,0,,,,,0,,,,67,63,66,66,57,63,57,71,71,0,68,0,0,False,,,0,,,,,,0,50,finesse_sp,
P2015,Chauncey,Wyles,1998-10-06,72,250,Anglo,light,brown,beard,R,C,,0,,,52,51,51,51,53,49,58,51,49,48,,,,,,,,,,,,67,64,56,58,53,0,0,51,58,58,,,,,,,,,,,,False,,,0,,,,,,0,50,,balanced
P8084,Clifford,Sandoral,1994-12-20,77,203,Anglo,light,red,clean_shaven,R,1B,,0,,,53,51,53,49,50,49,54,52,49,51,,,,,,,,,,,,54,56,52,47,50,0,0,52,47,50,,,,,,,,,,,,False,,,0,,,,,,0,50,,average
P3061,Leroy,Allen,1988-01-13,68,217,African,dark,black,clean_shaven,R,2B,,0,,,52,50,50,50,50,49,57,52,52,51,,,,,,,,,,,,44,50,42,46,50,0,0,52,49,47,,,,,,,,,,,,False,,,0,,,,,,0,50,,average
P8799,James,Curro,2001-06-13,76,249,Anglo,light,brown,beard,R,3B,,0,,,52,52,49,51,51,53,57,49,51,49,,,,,,,,,,,,67,61,55,61,51,0,0,49,57,56,,,,,,,,,,,,False,,,0,,,,,,0,50,,average
P9678,Jayson,Masell,1988-02-09,68,197,Anglo,medium,blonde,goatee,R,SS,,0,,,50,51,52,50,48,49,61,49,49,49,,,,,,,,,,,,40,41,42,45,48,0,0,49,47,39,,,,,,,,,,,,False,,,0,,,,,,0,50,,average
P8868,Alejandro,Guerrero,1988-02-03,70,191,Hispanic,medium,blonde,clean_shaven,L,LF,,0,,,51,61,48,50,51,53,51,51,49,52,,,,,,,,,,,,46,56,38,46,51,0,0,51,40,42,,,,,,,,,,,,False,,,0,,,,,,0,50,,power
P2424,Rigoberto,Minert,1989-08-02,68,169,Anglo,light,brown,beard,R,CF,,0,,,50,49,49,50,50,52,51,51,51,52,,,,,,,,,,,,44,41,45,43,50,0,0,51,44,47,,,,,,,,,,,,False,,,0,,,,,,0,50,,balanced
P9487,Alejandro,Diaz,1991-03-11,77,172,Hispanic,medium,brown,clean_shaven,R,RF,LF,0,,,49,50,47,51,52,50,54,49,53,51,,,,,,,,,,,,48,40,42,48,52,0,0,49,44,44,,,,,,,,,,,,False,,,0,,,,,,0,50,,average
P4144,Rufus,Taylor,1998-12-01,74,228,African,dark,black,clean_shaven,L,SS,,0,,,51,49,85,50,50,47,50,50,51,50,,,,,,,,,,,,65,58,93,58,50,0,0,50,64,62,,,,,,,,,,,,False,,,0,,,,,,0,50,,elite_speed
P3534,Darnell,Green,2001-07-20,74,178,African,dark,black,clean_shaven,R,LF,,0,,,53,49,85,52,51,49,59,52,53,53,,,,,,,,,,,,65,60,95,57,51,0,0,52,66,59,,,,,,,,,,,,False,,,0,,,,,,0,50,,elite_speed
P1891,Stanford,Sanders,2004-09-20,75,209,Anglo,light,black,clean_shaven,R,C,,0,,,49,54,49,50,53,50,59,52,50,49,,,,,,,,,,,,68,75,79,80,53,0,0,52,68,67,,,,,,,,,,,,False,,,0,,,,,,0,50,,average
P6058,Cyrus,Humpal,2001-06-16,73,177,Anglo,medium,brown,clean_shaven,S,LF,,0,,,63,51,51,53,49,51,53,53,52,52,,,,,,,,,,,,68,57,56,61,49,0,0,53,58,63,,,,,,,,,,,,False,,,0,,,,,,0,50,,spray
P6135,Fernando,Ramos,2003-07-20,74,167,Hispanic,dark,blonde,mustache,R,C,,0,,,52,53,51,53,49,52,60,49,52,51,,,,,,,,,,,,67,64,58,62,49,0,0,49,63,65,,,,,,,,,,,,False,,,0,,,,,,0,50,,average
P2546,Micah,Reichmann,1989-06-04,77,233,Anglo,light,blonde,goatee,R,3B,,0,,,52,49,50,51,51,52,57,51,50,50,,,,,,,,,,,,42,46,40,51,51,0,0,51,46,50,,,,,,,,,,,,False,,,0,,,,,,0,50,,balanced
P2501,Jose,Garcia,1993-06-05,69,197,Hispanic,dark,black,goatee,L,P,,1,RP,CL,,,,,55,,,,49,54,48,50,52,49,55,0,0,65,0,0,0,,,,,0,,,,48,44,49,50,41,44,53,0,0,58,0,0,0,False,,,0,,,,,,0,50,closer,
P6848,Cedric,Taylor,1992-01-18,68,201,African,dark,black,clean_shaven,R,P,RF,1,RP,RP,,,,,57,,,,48,53,49,50,52,52,52,0,0,66,62,0,0,,,,,0,,,,41,50,40,46,45,43,52,0,0,63,60,0,0,False,,,0,,,,,,0,50,groundball_rp,
P4644,Jose,Rodriguez,1994-05-04,77,203,Hispanic,medium,blonde,mustache,R,P,,1,RP,RP,,,,,53,,,,50,52,49,50,52,50,50,60,61,0,0,0,0,,,,,0,,,,53,48,50,53,45,49,52,65,61,0,0,0,0,False,,,0,,,,,,0,50,finesse_rp,
P4455,Cordell,Panke,1997-11-28,68,191,Anglo,light,brown,beard,L,P,,1,RP,RP,,,,,51,,,,53,51,49,50,52,49,55,56,59,65,0,0,0,,,,,0,,,,58,51,50,51,46,46,52,56,64,70,0,0,0,False,,,0,,,,,,0,50,power_rp,
P2629,Leroy,Wright,1987-09-04,73,213,African,dark,black,mustache,L,P,,1,RP,RP,,,,,53,,,,52,49,51,53,53,50,54,61,64,0,0,57,0,,,,,0,,,,52,40,50,47,41,49,51,52,62,0,0,53,0,False,,,0,,,,,,0,50,finesse_rp,
P9368,Hector,Reyes,2001-10-25,76,230,Hispanic,medium,red,clean_shaven,R,P,,1,RP,SP,,,,,50,,,,48,50,54,52,54,50,51,0,61,58,0,0,0,,,,,0,,,,54,63,63,59,62,65,58,0,70,69,0,0,0,False,,,0,,,,,,0,50,power_sp,
P9998,Parker,Overdorf,1999-09-17,70,174,Anglo,medium,brown,goatee,L,P,,1,RP,SP,,,,,50,,,,51,50,54,53,53,51,50,59,59,59,61,0,0,,,,,0,,,,61,61,65,67,65,60,59,64,66,68,75,0,0,False,,,0,,,,,,0,50,groundball_sp,
P8006,Alejandro,Lopez,1993-05-17,72,241,Hispanic,dark,black,beard,R,1B,,0,,,52,54,49,51,52,52,52,52,48,51,,,,,,,,,,,,52,52,43,42,52,0,0,52,39,51,,,,,,,,,,,,False,,,0,,,,,,0,50,,average
P6978,Len,Neis,2003-06-10,74,226,Anglo,light,black,clean_shaven,R,2B,,0,,,50,53,51,50,52,50,56,51,48,51,,,,,,,,,,,,56,68,61,65,52,0,0,51,54,62,,,,,,,,,,,,False,,,0,,,,,,0,50,,balanced
P7071,Ricardo,Diaz,1993-12-13,76,171,Hispanic,dark,brown,clean_shaven,L,3B,,0,,,63,65,51,53,48,49,49,50,52,49,,,,,,,,,,,,60,60,44,50,48,0,0,50,47,48,,,,,,,,,,,,False,,,0,,,,,,0,50,,gap
P1393,Jose,Martinez,1993-04-19,77,173,Hispanic,light,black,beard,R,SS,,0,,,50,51,50,49,49,50,59,50,48,47,,,,,,,,,,,,48,45,47,39,49,0,0,50,42,46,,,,,,,,,,,,False,,,0,,,,,,0,50,,average
P9269,Jamal,Robinson,1995-07-08,68,222,African,dark,brown,clean_shaven,L,C,,0,,,52,50,85,50,49,49,51,52,51,52,,,,,,,,,,,,56,54,88,51,49,0,0,52,56,56,,,,,,,,,,,,False,,,0,,,,,,0,50,,elite_speed
P6972,Malik,Harris,1998-02-20,78,166,African,dark,black,beard,R,CF,,0,,,53,49,70,54,50,51,57,50,51,50,,,,,,,,,,,,48,47,69,54,50,0,0,50,54,55,,,,,,,,,,,,False,,,0,,,,,,0,50,,speed
P9889,Pedro,Gomez,1996-09-10,75,230,Hispanic,light,black,goatee,R,2B,,0,,,53,50,52,51,50,50,57,50,49,49,,,,,,,,,,,,52,46,53,55,50,0,0,50,45,46,,,,,,,,,,,,False,,,0,,,,,,0,50,,balanced
P4268,Antonio,Hernandez,1994-10-18,68,233,Hispanic,medium,blonde,beard,S,LF,,0,,,49,52,51,52,50,48,54,52,50,53,,,,,,,,,,,,44,47,50,50,50,0,0,52,50,48,,,,,,,,,,,,False,,,0,,,,,,0,50,,average
P1227,Ike,Skyers,2004-08-10,76,190,Anglo,light,blonde,clean_shaven,S,P,,1,RP,CL,,,,,55,,,,51,53,48,50,54,53,54,0,59,66,0,0,0,,,,,0,,,,70,76,62,64,62,83,68,0,69,83,0,0,0,False,,,0,,,,,,0,50,closer,
P2030,Jose,Gonzalez,2007-06-26,71,173,Hispanic,light,black,clean_shaven,R,P,,1,RP,SP,,,,,50,,,,52,52,54,51,52,51,53,61,59,59,0,57,0,,,,,0,,,,62,68,78,80,79,72,83,88,74,70,0,84,0,False,,,0,,,,,,0,50,balanced_sp,
P6076,Luis,Sanchez,2004-12-08,76,193,Hispanic,medium,black,clean_shaven,S,P,,1,RP,RP,,,,,53,,,,52,49,51,53,52,49,49,57,62,0,0,0,0,,,,,0,,,,76,70,81,78,61,61,76,87,75,0,0,0,0,False,,,0,,,,,,0,50,finesse_rp,
P3879,Rodger,Net,2004-08-13,72,207,Anglo,light,black,clean_shaven,L,P,,1,RP,SP,,,,,49,,,,49,53,50,50,52,52,51,60,61,0,0,0,0,,,,,0,,,,59,83,75,69,72,73,71,79,85,0,0,0,0,False,,,0,,,,,,0,50,balanced_sp,
P1258,Van,Servedio,2004-11-23,72,174,Anglo,light,black,beard,R,P,,1,RP,RP,,,,,48,,,,49,52,48,50,53,51,55,0,62,66,0,0,0,,,,,0,,,,71,81,70,76,74,78,81,0,77,78,0,0,0,False,,,0,,,,,,0,50,power_rp,
P3034,Will,Wiegard,2005-10-29,76,197,Anglo,medium,black,clean_shaven,R,3B,,0,,,51,49,48,50,49,50,57,52,48,50,,,,,,,,,,,,67,68,58,71,49,0,0,52,64,65,,,,,,,,,,,,False,,,0,,,,,,0,50,,average
P9666,Darnell,Taylor,2006-11-23,70,164,African,dark,black,beard,L,1B,,0,,,50,62,53,49,48,50,43,53,53,48,,,,,,,,,,,,63,92,67,75,48,0,0,53,71,62,,,,,,,,,,,,False,,,0,,,,,,0,50,,power
P3621,Malik,Washington,2005-06-26,75,225,African,medium,black,clean_shaven,R,CF,,0,,,52,49,70,52,54,49,54,52,48,53,,,,,,,,,,,,74,59,83,78,54,0,0,52,64,75,,,,,,,,,,,,False,,,0,,,,,,0,50,,speed
P4834,Gabriel,Sandhoff,2007-06-06,70,217,Anglo,light,brown,beard,R,LF,,0,,,50,63,48,51,48,52,59,51,49,49,,,,,,,,,,,,79,91,67,79,48,0,0,51,69,74,,,,,,,,,,,,False,,,0,,,,,,0,50,,power
P1662,Brad,Camire,2005-08-24,75,216,Anglo,light,brown,clean_shaven,L,RF,,0,,,52,51,70,52,53,51,45,49,49,51,,,,,,,,,,,,73,65,80,71,53,0,0,49,78,62,,,,,,,,,,,,False,,,0,,,,,,0,50,,speed
P1906,Marco,Skarke,1996-11-14,75,196,Anglo,light,blonde,beard,L,P,,1,RP,CL,,,,,55,,,,50,50,51,51,52,50,56,60,0,67,0,0,0,,,,,0,,,,53,49,46,56,48,55,60,57,0,68,0,0,0,False,,,0,,,,,,0,50,closer,
P7753,Ricardo,Mendoza,1988-07-26,76,237,Hispanic,light,black,goatee,S,P,,1,RP,SP,,,,,49,,,,50,52,51,51,53,50,55,59,59,59,0,0,0,,,,,0,,,,48,48,41,43,50,49,45,52,59,57,0,0,0,False,,,0,,,,,,0,50,power_sp,
P2195,Jamal,Jefferson,2000-07-28,71,205,African,medium,black,clean_shaven,L,P,,1,RP,SP,,,,,50,,,,52,52,53,51,52,52,51,62,58,62,61,0,0,,,,,0,,,,60,57,64,61,58,66,66,75,67,73,76,0,0,False,,,0,,,,,,0,50,groundball_sp,
P3496,Timmy,Altschuler,2002-03-25,68,239,Anglo,medium,brown,clean_shaven,L,P,,1,RP,RP,,,,,49,,,,49,50,48,50,52,49,55,60,62,67,0,0,0,,,,,0,,,,62,60,57,58,62,61,68,74,74,75,0,0,0,False,,,0,,,,,,0,50,power_rp,
P6962,Zachery,Greet,1988-06-05,78,247,Anglo,light,black,clean_shaven,L,P,,1,RP,SP,,,,,47,,,,51,54,53,50,52,49,52,0,62,63,0,0,0,,,,,0,,,,42,47,46,48,47,39,52,0,56,56,0,0,0,False,,,0,,,,,,0,50,power_sp,
P8020,Jermaine,Washington,1990-07-10,68,193,African,dark,black,clean_shaven,L,P,,1,RP,CL,,,,,51,,,,49,54,51,51,54,51,54,57,0,65,0,0,0,,,,,0,,,,47,52,46,45,44,43,47,51,0,60,0,0,0,False,,,0,,,,,,0,50,closer,
P9510,Hector,Flores,2000-01-14,78,238,Hispanic,dark,brown,goatee,R,P,,1,RP,CL,,,,,51,,,,49,51,49,50,52,53,56,56,60,67,0,0,0,,,,,0,,,,59,66,62,61,64,68,62,64,69,74,0,0,0,False,,,0,,,,,,0,50,closer,
P6291,Garland,Remaley,1992-01-22,73,166,Anglo,medium,red,clean_shaven,R,P,,1,RP,LR,,,,,50,,,,49,52,52,50,54,53,54,58,0,64,0,0,0,,,,,0,,,,47,51,50,46,49,45,46,58,0,58,0,0,0,False,,,0,,,,,,0,50,long_relief,
P7649,Alejandro,Flores,1995-12-30,70,176,Hispanic,medium,black,mustache,L,P,,1,RP,RP,,,,,53,,,,51,53,53,50,52,50,52,0,0,0,63,0,0,,,,,0,,,,53,53,51,52,53,48,54,0,0,0,68,0,0,False,,,0,,,,,,0,50,groundball_rp,
P7645,Hector,Ramos,1990-10-09,70,164,Hispanic,dark,black,clean_shaven,R,P,,1,RP,SP,,,,,49,,,,53,53,53,51,52,51,54,0,62,63,0,0,0,,,,,0,,,,46,52,43,52,47,41,48,0,58,62,0,0,0,False,,,0,,,,,,0,50,power_sp,
P8142,Cedric,Green,1989-02-10,75,210,African,dark,black,goatee,R,P,,1,RP,SP,,,,,51,,,,51,50,52,50,54,52,50,61,60,0,0,0,0,,,,,0,,,,50,41,42,48,44,52,43,60,50,0,0,0,0,False,,,0,,,,,,0,50,workhorse_sp,
P9728,Roberto,Cruz,1993-10-11,68,166,Hispanic,light,brown,clean_shaven,S,C,,0,,,52,49,49,50,49,53,53,52,52,52,,,,,,,,,,,,44,46,47,42,49,0,0,52,46,43,,,,,,,,,,,,False,,,0,,,,,,0,50,,average
P3476,Malik,Jackson,1988-04-19,72,189,African,dark,black,clean_shaven,L,1B,,0,,,53,57,54,52,47,50,44,53,50,50,,,,,,,,,,,,52,56,54,44,47,0,0,53,46,43,,,,,,,,,,,,False,,,0,,,,,,0,50,,gap
P2706,Percy,Washington,2003-11-05,77,170,African,dark,black,clean_shaven,R,2B,,0,,,51,50,51,52,53,51,57,51,48,48,,,,,,,,,,,,58,63,62,65,53,0,0,51,63,55,,,,,,,,,,,,False,,,0,,,,,,0,50,,average
P2871,Cedric,Walker,1988-02-24,72,166,African,medium,black,mustache,R,3B,,0,,,51,50,70,50,52,49,59,53,49,52,,,,,,,,,,,,51,45,67,47,52,0,0,53,45,47,,,,,,,,,,,,False,,,0,,,,,,0,50,,speed
P9592,Tyrone,Green,1997-07-15,70,182,African,dark,black,clean_shaven,L,SS,,0,,,50,61,52,49,48,51,50,50,53,52,,,,,,,,,,,,48,64,53,49,48,0,0,50,54,53,,,,,,,,,,,,False,,,0,,,,,,0,50,,power
P8838,Pedro,Vargas,1993-12-02,75,242,Hispanic,medium,brown,mustache,L,LF,,0,,,64,49,52,50,53,51,48,52,52,50,,,,,,,,,,,,58,41,48,50,53,0,0,52,50,47,,,,,,,,,,,,False,,,0,,,,,,0,50,,spray
P3650,Jermaine,Allen,1995-12-07,77,201,African,light,brown,beard,L,CF,,0,,,56,50,51,52,49,50,48,48,48,49,,,,,,,,,,,,52,55,55,50,49,0,0,48,52,48,,,,,,,,,,,,False,,,0,,,,,,0,50,,gap
P2227,Raul,Flores,2000-07-05,78,184,Hispanic,light,black,goatee,L,RF,,0,,,48,51,49,50,50,51,51,49,51,51,,,,,,,,,,,,54,61,64,63,50,0,0,49,56,58,,,,,,,,,,,,False,,,0,,,,,,0,50,,average
P9202,Mose,Hadson,1995-01-20,75,220,Anglo,light,brown,clean_shaven,L,1B,,0,,,62,52,53,50,52,48,45,51,50,48,,,,,,,,,,,,62,53,53,52,52,0,0,51,49,53,,,,,,,,,,,,False,,,0,,,,,,0,50,,spray
P4192,Florentino,Labuff,1995-12-30,70,182,Anglo,medium,brown,clean_shaven,L,RF,,0,,,52,52,49,51,48,53,47,51,50,51,,,,,,,,,,,,54,52,48,47,48,0,0,51,51,55,,,,,,,,,,,,False,,,0,,,,,,0,50,,average
P1652,Darnell,Allen,1994-09-02,78,212,African,dark,black,goatee,L,LF,,0,,,54,51,50,50,49,52,50,49,52,51,,,,,,,,,,,,58,47,48,52,49,0,0,49,50,51,,,,,,,,,,,,False,,,0,,,,,,0,50,,balanced
P5160,Ricardo,Martinez,1999-04-30,77,161,Hispanic,light,black,clean_shaven,R,C,,0,,,49,47,86,50,52,50,54,49,51,50,,,,,,,,,,,,64,57,91,56,52,0,0,49,61,58,,,,,,,,,,,,False,,,0,,,,,,0,50,,speed
P3591,Jermaine,Baker,1989-03-08,74,236,African,medium,black,mustache,R,2B,,0,,,51,61,51,49,51,53,56,49,52,53,,,,,,,,,,,,47,52,50,45,51,0,0,49,47,51,,,,,,,,,,,,False,,,0,,,,,,0,50,,power
P1689,Deshawn,White,1995-12-23,78,207,African,dark,black,goatee,L,SS,,0,,,61,53,50,52,51,46,50,52,48,47,,,,,,,,,,,,56,57,53,48,51,0,0,52,43,46,,,,,,,,,,,,False,,,0,,,,,,0,50,,spray
P5226,Francisco,Lopez,1989-04-03,72,203,Hispanic,light,black,clean_shaven,R,P,,1,RP,CL,,,,,55,,,,52,52,48,53,57,49,56,0,0,65,0,0,0,,,,,0,,,,42,43,50,48,44,49,56,0,0,64,0,0,0,False,,,0,,,,,,0,50,closer,
P9798,Virgil,Zettlemoyer,1992-04-03,68,172,Anglo,light,black,goatee,S,P,,1,RP,RP,,,,,52,,,,50,51,49,52,52,53,51,0,61,66,0,54,0,,,,,0,,,,43,46,46,44,41,43,42,0,57,62,0,50,0,False,,,0,,,,,,0,50,power_rp,
P4218,Santiago,Dusky,1987-08-31,69,228,Anglo,light,brown,clean_shaven,S,P,,1,RP,SP,,,,,48,,,,49,51,52,52,52,52,53,63,62,60,0,0,0,,,,,0,,,,49,47,48,47,51,43,47,57,61,57,0,0,0,False,,,0,,,,,,0,50,workhorse_sp,
P1483,Hector,Sanchez,1987-07-01,70,248,Hispanic,medium,brown,beard,R,P,,1,RP,RP,,,,,51,,,,51,52,49,53,52,53,52,57,59,0,0,54,0,,,,,0,,,,48,43,52,43,44,47,51,48,49,0,0,50,0,False,,,0,,,,,,0,50,finesse_rp,
P7440,Tyrone,White,2001-11-07,68,227,African,light,black,clean_shaven,R,P,,1,RP,RP,,,,,53,,,,52,53,52,52,52,53,48,0,62,0,0,0,0,,,,,0,,,,63,64,67,60,59,59,63,0,71,0,0,0,0,False,,,0,,,,,,0,50,finesse_rp,
P5924,Salvatore,Jaeschke,1997-04-10,72,221,Anglo,light,brown,clean_shaven,R,P,,1,RP,RP,,,,,56,,,,47,49,49,50,52,52,49,0,0,66,62,0,0,,,,,0,,,,43,46,47,47,52,54,48,0,0,65,66,0,0,False,,,0,,,,,,0,50,groundball_rp,
P8992,Myles,Hales,1991-12-15,74,250,Anglo,dark,blonde,beard,S,P,,1,RP,SP,,,,,48,,,,49,51,53,51,52,50,54,57,64,60,0,0,0,,,,,0,,,,43,44,43,45,51,47,54,50,60,56,0,0,0,False,,,0,,,,,,0,50,power_sp,
P4652,Cedric,King,1989-10-08,78,203,African,medium,black,beard,R,RF,,0,,,50,52,48,51,50,51,56,52,51,48,,,,,,,,,,,,45,42,38,42,50,0,0,52,47,41,,,,,,,,,,,,False,,,0,,,,,,0,50,,gap
P6958,Eduardo,Ortiz,2004-08-13,75,194,Hispanic,light,black,mustache,L,3B,LF,0,,,52,59,52,49,51,51,48,50,52,50,,,,,,,,,,,,80,84,77,67,51,0,0,50,63,70,,,,,,,,,,,,False,,,0,,,,,,0,50,,power
P1167,Carlos,Vasquez,2004-05-05,78,243,Hispanic,medium,black,clean_shaven,S,C,,0,,,50,51,70,50,51,48,52,51,49,52,,,,,,,,,,,,70,69,89,60,51,0,0,51,75,71,,,,,,,,,,,,False,,,0,,,,,,0,50,,speed
P1488,Jamal,Green,1998-05-05,75,207,African,medium,black,beard,S,CF,,0,,,54,53,49,51,48,49,50,49,48,52,,,,,,,,,,,,66,60,54,56,48,0,0,49,61,63,,,,,,,,,,,,False,,,0,,,,,,0,50,,gap
P9604,Cedric,Harris,1990-08-29,75,247,African,dark,black,clean_shaven,L,CF,,0,,,49,52,49,50,52,50,46,52,51,52,,,,,,,,,,,,40,50,48,49,52,0,0,52,47,50,,,,,,,,,,,,False,,,0,,,,,,0,50,,balanced
P1532,Percy,Mitchell,1994-11-17,69,172,African,dark,black,clean_shaven,L,3B,RF,0,,,49,58,51,48,47,50,50,52,48,50,,,,,,,,,,,,50,59,46,51,47,0,0,52,47,52,,,,,,,,,,,,False,,,0,,,,,,0,50,,power
P8582,German,Vence,1999-05-19,74,248,Anglo,dark,blonde,clean_shaven,R,3B,2B,0,,,50,49,52,49,50,48,58,49,51,49,,,,,,,,,,,,63,59,63,59,50,0,0,49,56,56,,,,,,,,,,,,False,,,0,,,,,,0,50,,average
P2283,Hector,Gonzalez,1997-07-02,75,190,Hispanic,dark,brown,clean_shaven,L,1B,,0,,,49,60,50,51,51,50,45,51,52,52,,,,,,,,,,,,44,59,50,56,51,0,0,51,47,55,,,,,,,,,,,,False,,,0,,,,,,0,50,,power
P5997,Leroy,Green,2005-09-11,75,246,African,dark,black,clean_shaven,R,P,,1,RP,CL,,,,,55,,,,49,53,49,50,52,49,56,0,61,65,0,0,0,,,,,0,,,,64,83,67,80,72,68,72,0,91,79,0,0,0,False,,,0,,,,,,0,50,closer,
P8437,Felton,Wach,2006-03-11,70,236,Anglo,light,brown,clean_shaven,L,P,,1,RP,RP,,,,,51,,,,50,50,52,50,52,50,53,58,58,63,0,0,0,,,,,0,,,,72,66,69,73,78,68,67,88,85,83,0,0,0,False,,,0,,,,,,0,50,power_rp,
P8180,Rafael,Martinez,2005-07-15,73,161,Hispanic,medium,brown,mustache,L,P,,1,RP,RP,,,,,54,,,,51,51,49,52,53,49,49,0,0,0,60,0,0,,,,,0,,,,71,79,75,71,68,76,73,0,0,0,70,0,0,False,,,0,,,,,,0,50,groundball_rp,
P4095,Jermaine,Robinson,2007-03-03,76,173,African,dark,black,goatee,S,P,,1,RP,RP,,,,,50,,,,50,53,52,50,53,49,53,0,60,66,0,0,0,,,,,0,,,,63,64,62,70,74,73,64,0,76,78,0,0,0,False,,,0,,,,,,0,50,power_rp,
P4785,Alejandro,Castillo,2006-09-12,77,199,Hispanic,light,black,clean_shaven,R,P,,1,RP,SP,,,,,52,,,,49,52,54,50,54,52,52,60,63,59,0,55,0,,,,,0,,,,67,66,72,82,73,74,75,86,80,78,0,71,0,False,,,0,,,,,,0,50,balanced_sp,
P9774,Donny,Cassity,2007-08-23,71,238,Anglo,light,blonde,clean_shaven,L,RF,CF,0,,,50,58,49,49,50,52,48,49,47,48,,,,,,,,,,,,69,73,66,64,50,0,0,49,70,60,,,,,,,,,,,,False,,,0,,,,,,0,50,,power
P4759,Tyrone,King,2005-11-24,69,242,African,dark,black,mustache,L,C,,0,,,64,53,52,50,49,47,51,49,52,50,,,,,,,,,,,,80,78,76,68,49,0,0,49,62,69,,,,,,,,,,,,False,,,0,,,,,,0,50,,spray
P5969,Darnell,Mitchell,2006-06-20,76,237,African,medium,black,clean_shaven,R,3B,,0,,,48,52,50,49,49,53,56,53,52,48,,,,,,,,,,,,74,71,69,65,49,0,0,53,74,59,,,,,,,,,,,,False,,,0,,,,,,0,50,,balanced
P2156,Ricardo,Vasquez,2004-04-12,71,229,Hispanic,medium,black,goatee,R,1B,,0,,,50,58,51,51,48,50,54,52,47,49,,,,,,,,,,,,62,77,64,67,48,0,0,52,70,70,,,,,,,,,,,,False,,,0,,,,,,0,50,,gap
P2032,Tom,Vlach,2006-06-10,73,248,Anglo,medium,blonde,clean_shaven,L,LF,,0,,,51,51,53,52,52,53,52,50,50,52,,,,,,,,,,,,68,61,73,76,52,0,0,50,74,66,,,,,,,,,,,,False,,,0,,,,,,0,50,,average
P2442,Jorge,Vasquez,1996-10-01,72,217,Hispanic,medium,brown,clean_shaven,L,P,,1,RP,CL,,,,,55,,,,51,54,50,50,52,53,54,0,0,66,0,0,0,,,,,0,,,,46,57,51,50,53,55,53,0,0,68,0,0,0,False,,,0,,,,,,0,50,closer,
P1625,Pedro,Sanchez,2000-08-24,68,187,Hispanic,light,black,clean_shaven,S,P,RF,1,RP,RP,,,,,50,,,,49,53,49,50,52,51,53,0,62,64,0,0,0,,,,,0,,,,55,65,59,59,57,60,65,0,77,73,0,0,0,False,,,0,,,,,,0,50,power_rp,
P8379,Merrill,Quilliam,2003-01-18,71,194,Anglo,light,brown,clean_shaven,R,P,,1,RP,SP,,,,,51,,,,50,49,54,50,52,51,49,61,59,0,0,55,0,,,,,0,,,,57,64,64,63,67,58,57,70,73,0,0,61,0,False,,,0,,,,,,0,50,finesse_sp,
P2628,Rufus,Gaines,1995-10-20,75,181,African,medium,black,clean_shaven,R,P,,1,RP,SP,,,,,48,,,,51,51,54,52,53,51,49,0,59,60,0,0,0,,,,,0,,,,50,46,49,56,53,46,49,0,59,58,0,0,0,False,,,0,,,,,,0,50,balanced_sp,
P7750,Thurman,Arcilla,1990-01-23,71,178,Anglo,medium,blonde,mustache,R,P,,1,RP,SP,,,,,52,,,,52,50,50,50,52,51,52,62,63,0,0,0,0,,,,,0,,,,43,45,44,45,50,41,45,52,63,0,0,0,0,False,,,0,,,,,,0,50,workhorse_sp,
P4291,Ferdinand,Berning,2004-09-23,76,183,Anglo,light,black,mustache,L,P,,1,RP,SP,,,,,47,,,,50,49,52,50,54,51,52,0,59,59,57,0,0,,,,,0,,,,73,68,80,73,77,65,70,0,69,76,68,0,0,False,,,0,,,,,,0,50,power_sp,
P9874,Ariel,Bossen,1989-06-09,68,168,Anglo,light,brown,mustache,S,P,,1,RP,RP,,,,,54,,,,50,50,49,50,52,50,51,57,0,63,61,0,0,,,,,0,,,,47,41,50,42,46,46,49,51,0,63,60,0,0,False,,,0,,,,,,0,50,groundball_rp,
P3108,Tyrone,Walker,1989-06-25,74,212,African,dark,black,mustache,R,P,,1,RP,RP,,,,,50,,,,50,51,51,50,52,52,51,0,63,0,0,0,0,,,,,0,,,,46,51,41,43,41,43,50,0,61,0,0,0,0,False,,,0,,,,,,0,50,finesse_rp,
P6073,Jude,Scharf,2002-09-12,69,186,Anglo,light,black,goatee,L,P,,1,RP,SP,,,,,47,,,,49,51,50,50,52,48,52,0,63,60,0,0,0,,,,,0,,,,57,60,55,66,58,61,67,0,73,75,0,0,0,False,,,0,,,,,,0,50,power_sp,
P4094,Florencio,Gizinski,1997-09-21,77,191,Anglo,medium,black,beard,R,P,,1,RP,SP,,,,,49,,,,51,51,54,52,52,52,53,63,60,0,0,58,0,,,,,0,,,,50,53,48,52,52,50,58,66,65,0,0,55,0,False,,,0,,,,,,0,50,finesse_sp,
P5674,Malik,Jefferson,1999-08-09,70,239,African,dark,brown,clean_shaven,R,P,,1,RP,SP,,,,,50,,,,51,53,52,53,53,51,52,0,0,59,59,0,0,,,,,0,,,,62,61,62,64,61,60,58,0,0,71,66,0,0,False,,,0,,,,,,0,50,groundball_sp,
P3697,Jorge,Ortiz,1989-06-09,69,237,Hispanic,light,brown,clean_shaven,S,C,,0,,,53,54,47,53,50,51,56,52,50,50,,,,,,,,,,,,48,47,39,50,50,0,0,52,45,48,,,,,,,,,,,,False,,,0,,,,,,0,50,,balanced
P5237,Luis,Ramos,1994-08-19,69,168,Hispanic,medium,blonde,clean_shaven,L,1B,,0,,,49,55,49,50,48,50,46,52,52,51,,,,,,,,,,,,45,58,52,53,48,0,0,52,50,48,,,,,,,,,,,,False,,,0,,,,,,0,50,,average
P8047,Alejandro,Hernandez,2004-11-11,74,199,Hispanic,light,brown,clean_shaven,R,2B,3B,0,,,59,52,49,53,51,50,57,52,53,52,,,,,,,,,,,,78,80,61,81,51,0,0,52,64,79,,,,,,,,,,,,False,,,0,,,,,,0,50,,spray
P7747,Hector,Lopez,2003-12-22,71,238,Hispanic,medium,brown,beard,R,3B,,0,,,51,48,52,52,50,52,59,51,50,48,,,,,,,,,,,,60,60,66,63,50,0,0,51,61,56,,,,,,,,,,,,False,,,0,,,,,,0,50,,balanced
P5931,Percy,Robinson,1995-02-28,73,250,African,dark,black,mustache,S,SS,,0,,,65,63,52,54,48,49,51,49,50,49,,,,,,,,,,,,65,67,48,53,48,0,0,49,51,51,,,,,,,,,,,,False,,,0,,,,,,0,50,,gap
P8295,Francisco,Garcia,1997-07-16,78,170,Hispanic,medium,brown,clean_shaven,R,LF,CF,0,,,51,54,50,51,48,48,58,49,53,49,,,,,,,,,,,,49,53,48,52,48,0,0,49,57,52,,,,,,,,,,,,False,,,0,,,,,,0,50,,gap
P5058,Carol,Gosney,2002-03-07,78,194,Anglo,medium,blonde,clean_shaven,R,CF,LF,0,,,54,54,52,52,49,49,54,51,48,48,,,,,,,,,,,,66,62,61,65,49,0,0,51,54,58,,,,,,,,,,,,False,,,0,,,,,,0,50,,balanced
P4552,Juan,Martinez,1991-08-27,77,182,Hispanic,light,brown,clean_shaven,L,RF,,0,,,53,61,48,50,50,51,48,52,48,54,,,,,,,,,,,,47,52,47,42,50,0,0,52,44,44,,,,,,,,,,,,False,,,0,,,,,,0,50,,power
P3231,Fernando,Vasquez,2004-08-10,71,180,Hispanic,dark,black,clean_shaven,L,1B,,0,,,61,50,54,50,50,51,48,48,51,49,,,,,,,,,,,,88,76,65,75,50,0,0,48,77,74,,,,,,,,,,,,False,,,0,,,,,,0,50,,spray
P6171,Roberto,Vargas,2002-07-31,73,222,Hispanic,medium,brown,clean_shaven,S,RF,,0,,,50,53,51,49,49,48,48,51,49,50,,,,,,,,,,,,55,65,66,62,49,0,0,51,61,64,,,,,,,,,,,,False,,,0,,,,,,0,50,,balanced
P1645,Cedric,Allen,2000-05-13,76,203,African,dark,black,clean_shaven,R,SS,,0,,,61,48,51,56,49,51,59,49,48,53,,,,,,,,,,,,71,62,66,71,49,0,0,49,62,68,,,,,,,,,,,,False,,,0,,,,,,0,50,,spray
P5327,Eduardo,Morales,1994-08-29,74,230,Hispanic,medium,black,clean_shaven,S,RF,,0,,,53,61,51,50,47,52,53,47,51,49,,,,,,,,,,,,51,60,52,47,47,0,0,47,51,49,,,,,,,,,,,,False,,,0,,,,,,0,50,,power
P6457,Scot,Mccarter,2003-10-20,71,224,Anglo,light,brown,mustache,R,CF,,0,,,50,53,50,51,52,51,58,51,50,52,,,,,,,,,,,,61,60,61,64,52,0,0,51,62,66,,,,,,,,,,,,False,,,0,,,,,,0,50,,balanced
P6634,Numbers,Charest,2001-12-07,73,174,Anglo,light,brown,mustache,R,2B,SS,0,,,50,47,85,51,51,48,55,50,49,50,,,,,,,,,,,,63,62,99,56,51,0,0,50,62,58,,,,,,,,,,,,False,,,0,,,,,,0,50,,elite_speed
P3374,Jefferson,Constante,1990-07-21,68,245,Anglo,light,brown,clean_shaven,R,P,,1,RP,CL,,,,,55,,,,50,54,50,51,52,50,55,58,57,65,0,0,0,,,,,0,,,,47,49,43,46,48,42,55,52,47,64,0,0,0,False,,,0,,,,,,0,50,closer,
P3991,Carlos,Gonzalez,2002-10-07,78,202,Hispanic,dark,black,beard,L,P,,1,RP,SP,,,,,53,,,,51,52,50,53,53,50,51,61,61,58,62,0,0,,,,,0,,,,56,58,60,58,59,59,59,75,76,63,76,0,0,False,,,0,,,,,,0,50,groundball_sp,
P7812,Alejandro,Perez,1992-09-30,72,179,Hispanic,medium,red,mustache,L,P,,1,RP,SP,,,,,49,,,,52,50,53,52,52,50,52,62,59,59,0,57,0,,,,,0,,,,48,41,42,47,51,43,48,59,54,57,0,56,0,False,,,0,,,,,,0,50,balanced_sp,
P4106,Merrill,Lowy,2003-09-22,71,198,Anglo,light,brown,clean_shaven,L,P,RF,1,RP,SP,,,,,51,,,,49,50,53,51,52,49,52,58,61,59,0,54,0,,,,,0,,,,55,65,63,64,65,62,64,65,75,69,0,63,0,False,,,0,,,,,,0,50,workhorse_sp,
P8553,Jermaine,Carter,2001-01-25,75,160,African,dark,black,mustache,R,P,,1,RP,RP,,,,,49,,,,53,50,48,50,52,50,53,0,62,64,0,55,0,,,,,0,,,,64,58,63,60,62,59,66,0,70,75,0,67,0,False,,,0,,,,,,0,50,power_rp,
P5935,Luis,Cruz,1987-09-07,68,194,Hispanic,light,black,beard,L,P,,1,RP,LR,,,,,52,,,,51,52,50,50,54,48,54,60,0,0,0,0,0,,,,,0,,,,45,49,46,54,40,41,54,59,0,0,0,0,0,False,,,0,,,,,,0,50,long_relief,
P6479,Francisco,Rodriguez,2004-01-19,76,232,Hispanic,light,brown,clean_shaven,R,P,,1,RP,SP,,,,,51,,,,50,51,49,52,54,52,50,0,60,60,60,0,0,,,,,0,,,,58,59,66,66,61,58,64,0,71,67,71,0,0,False,,,0,,,,,,0,50,groundball_sp,
P3838,Raul,Mendoza,1995-10-24,68,215,Hispanic,light,black,clean_shaven,L,2B,,0,,,53,47,50,54,52,50,50,53,50,52,,,,,,,,,,,,49,47,45,53,52,0,0,53,47,54,,,,,,,,,,,,False,,,0,,,,,,0,50,,spray
P1799,Rayford,Hotelling,1992-03-28,74,217,Anglo,medium,brown,clean_shaven,R,CF,,0,,,53,52,50,52,50,48,50,47,49,48,,,,,,,,,,,,51,50,49,46,50,0,0,47,46,41,,,,,,,,,,,,False,,,0,,,,,,0,50,,balanced
P9386,Lanny,Sonkin,1992-09-22,71,247,Anglo,light,brown,clean_shaven,R,SS,,0,,,50,50,54,50,52,51,58,53,52,52,,,,,,,,,,,,42,41,49,46,52,0,0,53,45,51,,,,,,,,,,,,False,,,0,,,,,,0,50,,average
P4231,Percy,King,1997-04-08,76,231,African,dark,black,mustache,R,LF,,0,,,53,48,74,53,51,48,54,52,51,52,,,,,,,,,,,,57,44,70,48,51,0,0,52,47,55,,,,,,,,,,,,False,,,0,,,,,,0,50,,speed
P3335,Fernando,Cruz,1989-04-25,69,236,Hispanic,light,blonde,mustache,R,C,,0,,,49,50,50,51,52,49,58,53,52,51,,,,,,,,,,,,42,45,45,50,52,0,0,53,45,51,,,,,,,,,,,,False,,,0,,,,,,0,50,,average
P6935,Darnell,Jackson,1994-03-31,76,162,African,dark,black,clean_shaven,L,3B,,0,,,52,64,48,51,46,54,48,49,51,49,,,,,,,,,,,,52,60,49,49,46,0,0,49,51,47,,,,,,,,,,,,False,,,0,,,,,,0,50,,power
P9488,Cedric,Gaines,1987-04-20,74,200,African,medium,brown,goatee,L,2B,,0,,,51,58,49,52,48,52,49,51,50,52,,,,,,,,,,,,47,48,46,44,48,0,0,51,44,48,,,,,,,,,,,,False,,,0,,,,,,0,50,,power
P5948,Percy,Jackson,1989-10-12,76,209,African,dark,black,mustache,R,1B,,0,,,52,52,78,50,51,50,57,49,50,53,,,,,,,,,,,,50,42,75,44,51,0,0,49,44,44,,,,,,,,,,,,False,,,0,,,,,,0,50,,speed
P4592,Carlos,Sanchez,2007-12-30,72,210,Hispanic,light,brown,mustache,R,P,,1,RP,CL,,,,,55,,,,50,50,47,50,53,51,54,59,59,65,0,0,0,,,,,0,,,,78,67,61,67,60,77,70,82,74,77,0,0,0,False,,,0,,,,,,0,50,closer,
P9525,Fabian,Gullickson,2004-07-30,72,195,Anglo,light,blonde,clean_shaven,R,P,,1,RP,SP,,,,,47,,,,52,53,53,51,54,51,54,61,59,59,60,0,0,,,,,0,,,,63,80,61,72,79,63,65,89,87,86,86,0,0,False,,,0,,,,,,0,50,power_sp,
P2810,Abdul,Koepf,2007-10-26,70,205,Anglo,light,black,clean_shaven,L,P,,1,RP,SP,,,,,49,,,,51,49,50,50,53,50,52,0,0,60,57,0,0,,,,,0,,,,80,68,66,63,79,65,72,0,0,87,72,0,0,False,,,0,,,,,,0,50,groundball_sp,
P4167,Xavier,Wright,2005-04-29,73,183,African,dark,brown,clean_shaven,R,P,,1,RP,RP,,,,,56,,,,49,53,49,51,54,52,50,0,60,0,61,0,0,,,,,0,,,,65,71,77,70,59,81,68,0,85,0,74,0,0,False,,,0,,,,,,0,50,groundball_rp,
P3480,Roberto,Hernandez,2005-12-30,69,179,Hispanic,medium,brown,goatee,R,P,,1,RP,SP,,,,,51,,,,53,52,54,50,54,48,54,0,63,62,54,0,0,,,,,0,,,,64,69,74,74,83,62,70,0,78,73,72,0,0,False,,,0,,,,,,0,50,power_sp,
P3419,Juan,Ramos,2007-08-08,78,250,Hispanic,medium,red,goatee,R,1B,,0,,,52,61,52,49,50,51,57,48,51,51,,,,,,,,,,,,79,71,64,76,50,0,0,48,64,67,,,,,,,,,,,,False,,,0,,,,,,0,50,,power
P2179,Fred,Bienvenu,2004-03-09,72,168,Anglo,medium,blonde,clean_shaven,R,LF,,0,,,52,51,70,53,54,50,57,52,50,48,,,,,,,,,,,,78,75,93,64,54,0,0,52,76,73,,,,,,,,,,,,False,,,0,,,,,,0,50,,speed
P7396,Raul,Rivera,2005-12-10,73,172,Hispanic,medium,blonde,clean_shaven,R,C,,0,,,52,51,52,52,50,50,57,50,53,48,,,,,,,,,,,,71,78,63,78,50,0,0,50,71,60,,,,,,,,,,,,False,,,0,,,,,,0,50,,gap
P5243,Cedric,White,2006-01-19,70,188,African,dark,brown,clean_shaven,R,SS,,0,,,53,49,53,51,51,50,58,51,52,47,,,,,,,,,,,,71,59,80,78,51,0,0,51,63,65,,,,,,,,,,,,False,,,0,,,,,,0,50,,average
P4102,Damian,Kapuscinski,2007-07-11,68,232,Anglo,medium,black,clean_shaven,R,C,,0,,,56,49,49,55,49,48,56,49,51,50,,,,,,,,,,,,80,63,59,85,49,0,0,49,73,60,,,,,,,,,,,,False,,,0,,,,,,0,50,,spray
P3825,Fernando,Torres,2001-01-25,70,224,Hispanic,medium,black,clean_shaven,R,P,,1,RP,CL,,,,,55,,,,52,53,51,53,61,51,56,0,61,65,0,0,0,,,,,0,,,,66,61,68,66,60,63,71,0,76,72,0,0,0,False,,,0,,,,,,0,50,closer,
P2544,Jorge,Rivera,1989-02-14,75,226,Hispanic,medium,black,goatee,L,P,,1,RP,SP,,,,,49,,,,51,54,51,50,52,48,50,0,59,59,0,0,0,,,,,0,,,,50,44,46,43,46,47,43,0,54,50,0,0,0,False,,,0,,,,,,0,50,power_sp,
P5398,Rufus,King,1992-09-03,71,162,African,dark,black,mustache,R,P,,1,RP,RP,,,,,57,,,,52,51,49,53,53,50,51,0,0,0,61,0,0,,,,,0,,,,45,46,45,51,40,40,46,0,0,0,54,0,0,False,,,0,,,,,,0,50,groundball_rp,
P8275,Francisco,Flores,1995-04-07,74,240,Hispanic,light,brown,clean_shaven,L,P,,1,RP,RP,,,,,49,,,,49,51,48,50,52,48,56,0,59,0,0,0,0,,,,,0,,,,51,53,45,56,51,50,52,0,55,0,0,0,0,False,,,0,,,,,,0,50,power_rp,
P3445,Rafael,Cruz,1994-03-29,74,209,Hispanic,light,black,beard,L,P,,1,RP,SP,,,,,48,,,,50,54,50,50,52,50,54,0,60,59,0,56,0,,,,,0,,,,53,55,49,52,49,46,50,0,64,57,0,54,0,False,,,0,,,,,,0,50,power_sp,
P3923,Dion,Groshek,1996-02-03,71,232,Anglo,medium,brown,beard,L,P,,1,RP,LR,,,,,53,,,,50,52,51,50,52,49,49,0,0,64,0,0,0,,,,,0,,,,54,49,45,52,52,44,44,0,0,64,0,0,0,False,,,0,,,,,,0,50,long_relief,
P9495,Jorge,Lopez,1996-02-06,70,170,Hispanic,medium,brown,clean_shaven,R,P,,1,RP,SP,,,,,51,,,,50,49,51,51,53,50,50,60,60,58,61,0,0,,,,,0,,,,50,51,47,55,47,53,52,57,60,60,60,0,0,False,,,0,,,,,,0,50,finesse_sp,
P1134,Carlos,Flores,1989-11-05,68,165,Hispanic,dark,blonde,mustache,L,P,,1,RP,RP,,,,,52,,,,50,52,50,51,52,51,51,57,60,0,62,0,0,,,,,0,,,,42,45,46,50,42,43,42,53,56,0,59,0,0,False,,,0,,,,,,0,50,finesse_rp,
P9450,Sterling,Godnick,1994-03-02,68,162,Anglo,medium,blonde,clean_shaven,R,P,,1,RP,SP,,,,,52,,,,52,51,52,53,52,53,53,0,0,58,59,0,0,,,,,0,,,,47,53,48,53,55,49,53,0,0,61,55,0,0,False,,,0,,,,,,0,50,groundball_sp,
P9557,Ricardo,Vargas,1988-07-02,69,173,Hispanic,light,blonde,beard,R,P,,1,RP,RP,,,,,52,,,,49,49,50,52,52,52,49,62,60,0,0,0,0,,,,,0,,,,45,46,52,46,44,44,43,52,52,0,0,0,0,False,,,0,,,,,,0,50,finesse_rp,
P1515,Tyron,Reau,1999-07-23,68,216,Anglo,light,red,beard,L,P,,1,RP,RP,,,,,57,,,,49,50,52,50,52,50,51,0,0,64,63,0,0,,,,,0,,,,60,59,62,65,66,59,62,0,0,71,75,0,0,False,,,0,,,,,,0,50,groundball_rp,
P5946,Rufus,Green,2003-04-15,75,240,African,dark,black,beard,R,C,,0,,,58,52,50,53,49,48,58,49,49,49,,,,,,,,,,,,73,64,61,60,49,0,0,49,60,57,,,,,,,,,,,,False,,,0,,,,,,0,50,,spray
P9914,Alberto,Viscome,1988-06-02,76,214,Anglo,light,brown,beard,R,1B,,0,,,50,54,49,50,52,52,52,48,48,49,,,,,,,,,,,,47,46,46,41,52,0,0,48,44,40,,,,,,,,,,,,False,,,0,,,,,,0,50,,average
P7226,Glenn,Freehling,1998-08-15,71,203,Anglo,dark,blonde,clean_shaven,R,2B,,0,,,56,51,70,55,50,51,59,51,52,52,,,,,,,,,,,,71,62,81,69,50,0,0,51,59,60,,,,,,,,,,,,False,,,0,,,,,,0,50,,speed
P8462,Luis,Vasquez,1987-09-22,69,218,Hispanic,medium,black,goatee,R,3B,,0,,,51,50,50,50,49,47,56,51,51,52,,,,,,,,,,,,41,48,50,40,49,0,0,51,42,51,,,,,,,,,,,,False,,,0,,,,,,0,50,,average
P8812,Fausto,Cummer,1991-03-27,71,171,Anglo,medium,black,clean_shaven,R,SS,,0,,,51,49,51,49,48,51,59,51,52,51,,,,,,,,,,,,42,48,51,43,48,0,0,51,52,47,,,,,,,,,,,,False,,,0,,,,,,0,50,,average
P2563,Tyrone,Scott,1999-04-28,71,246,African,dark,black,mustache,R,LF,,0,,,54,50,51,50,51,53,58,53,50,52,,,,,,,,,,,,61,61,64,55,51,0,0,53,60,61,,,,,,,,,,,,False,,,0,,,,,,0,50,,balanced
P9100,Tyrone,Robinson,2003-04-16,73,248,African,medium,black,clean_shaven,S,CF,,0,,,52,49,51,51,52,52,54,47,50,51,,,,,,,,,,,,65,58,62,62,52,0,0,47,61,56,,,,,,,,,,,,False,,,0,,,,,,0,50,,average
P1025,Tod,Violett,2003-02-05,71,203,Anglo,light,red,clean_shaven,R,RF,,0,,,65,53,49,49,50,50,57,53,47,48,,,,,,,,,,,,72,63,61,64,50,0,0,53,53,63,,,,,,,,,,,,False,,,0,,,,,,0,50,,spray
P4840,Leroy,Jefferson,2004-09-08,75,231,African,dark,black,mustache,L,RF,,0,,,63,51,53,50,51,48,49,50,53,49,,,,,,,,,,,,90,80,65,67,51,0,0,50,64,63,,,,,,,,,,,,False,,,0,,,,,,0,50,,spray
P5129,Jose,Perez,1989-08-17,69,223,Hispanic,medium,black,goatee,R,2B,,0,,,52,51,50,53,49,50,54,52,50,52,,,,,,,,,,,,46,46,44,44,49,0,0,52,43,42,,,,,,,,,,,,False,,,0,,,,,,0,50,,balanced
P6494,Andrew,Pfeiffer,1988-11-27,76,189,Anglo,light,blonde,clean_shaven,R,CF,,0,,,52,48,70,53,53,51,54,48,48,51,,,,,,,,,,,,47,39,65,47,53,0,0,48,48,42,,,,,,,,,,,,False,,,0,,,,,,0,50,,speed
P9032,Benjamin,Jeffris,2003-12-03,76,233,Anglo,light,blonde,goatee,S,1B,,0,,,51,57,51,50,51,52,50,52,50,49,,,,,,,,,,,,60,66,65,56,51,0,0,52,59,61,,,,,,,,,,,,False,,,0,,,,,,0,50,,balanced
P5302,Carol,Warncke,1994-07-30,75,182,Anglo,medium,black,clean_shaven,R,LF,,0,,,51,53,52,51,50,49,55,52,53,53,,,,,,,,,,,,46,53,55,53,50,0,0,52,50,56,,,,,,,,,,,,False,,,0,,,,,,0,50,,average
P6109,Miguel,Ramos,1994-10-28,72,194,Hispanic,medium,brown,clean_shaven,L,1B,,0,,,52,56,52,50,49,49,43,49,50,49,,,,,,,,,,,,47,55,55,48,49,0,0,49,49,53,,,,,,,,,,,,False,,,0,,,,,,0,50,,balanced
P6243,Leroy,White,1991-02-18,73,164,African,dark,black,clean_shaven,L,P,,1,RP,CL,,,,,55,,,,49,54,48,50,52,50,52,0,0,65,0,0,0,,,,,0,,,,42,48,43,50,46,50,47,0,0,61,0,0,0,False,,,0,,,,,,0,50,closer,
P7751,Deshawn,Jefferson,2003-04-17,71,204,African,dark,black,clean_shaven,L,P,,1,RP,RP,,,,,57,,,,48,51,51,50,52,50,49,0,57,0,62,0,0,,,,,0,,,,58,57,65,59,65,63,64,0,72,0,75,0,0,False,,,0,,,,,,0,50,groundball_rp,
P5918,Deshawn,Taylor,1993-08-11,75,213,African,dark,brown,clean_shaven,L,P,,1,RP,LR,,,,,52,,,,53,49,52,53,52,52,53,60,0,0,0,0,0,,,,,0,,,,50,41,49,50,49,44,44,52,0,0,0,0,0,False,,,0,,,,,,0,50,long_relief,
P6633,Mauro,Pavelich,2002-12-14,78,206,Anglo,light,blonde,clean_shaven,S,P,,1,RP,SP,,,,,51,,,,47,50,54,50,53,49,53,59,64,63,0,0,0,,,,,0,,,,55,61,57,65,63,60,68,69,73,72,0,0,0,False,,,0,,,,,,0,50,power_sp,
P1370,Roberto,Morales,1993-08-07,77,225,Hispanic,medium,blonde,clean_shaven,R,P,,1,RP,RP,,,,,53,,,,52,53,53,50,52,49,49,0,61,0,0,0,0,,,,,0,,,,48,47,43,46,44,45,40,0,58,0,0,0,0,False,,,0,,,,,,0,50,finesse_rp,
P6595,Jarrett,Faulkner,2001-06-11,69,235,Anglo,light,blonde,clean_shaven,R,P,,1,RP,SP,,,,,51,,,,49,50,50,51,52,51,49,59,62,58,0,0,0,,,,,0,,,,55,55,62,65,64,62,59,72,77,67,0,0,0,False,,,0,,,,,,0,50,balanced_sp,
P3786,Val,Coffie,1995-03-07,69,238,Anglo,light,blonde,clean_shaven,R,P,,1,RP,RP,,,,,52,,,,50,51,51,50,53,52,52,61,62,0,0,0,0,,,,,0,,,,55,50,50,49,49,49,51,65,66,0,0,0,0,False,,,0,,,,,,0,50,finesse_rp,
P6719,Darnell,Walker,1991-07-01,77,200,African,dark,black,clean_shaven,R,3B,,0,,,58,52,52,52,52,50,58,50,51,51,,,,,,,,,,,,53,50,49,45,52,0,0,50,51,48,,,,,,,,,,,,False,,,0,,,,,,0,50,,spray
P8417,Roberto,Perez,1998-05-03,77,174,Hispanic,light,blonde,beard,R,C,,0,,,54,52,48,54,49,48,58,50,51,51,,,,,,,,,,,,59,66,53,66,49,0,0,50,63,66,,,,,,,,,,,,False,,,0,,,,,,0,50,,gap
P8625,Pedro,Flores,1988-11-28,77,171,Hispanic,dark,black,beard,R,C,,0,,,49,55,51,48,52,52,56,52,52,49,,,,,,,,,,,,42,48,47,40,52,0,0,52,47,40,,,,,,,,,,,,False,,,0,,,,,,0,50,,power
P3401,Antonio,Vargas,2000-05-28,73,184,Hispanic,dark,brown,mustache,R,2B,CF,0,,,57,50,50,54,51,50,59,51,52,50,,,,,,,,,,,,62,56,62,62,51,0,0,51,67,62,,,,,,,,,,,,False,,,0,,,,,,0,50,,spray
P2955,Pedro,Lopez,2004-04-24,72,204,Hispanic,dark,red,clean_shaven,R,C,,0,,,51,63,52,52,50,53,57,50,50,50,,,,,,,,,,,,64,89,63,75,50,0,0,50,67,61,,,,,,,,,,,,False,,,0,,,,,,0,50,,power
P4208,Miguel,Rodriguez,1999-03-05,69,169,Hispanic,dark,brown,mustache,R,CF,,0,,,52,48,52,50,53,50,53,48,52,50,,,,,,,,,,,,62,54,60,65,53,0,0,48,66,61,,,,,,,,,,,,False,,,0,,,,,,0,50,,balanced
P8435,Kent,Guerreiro,1989-08-02,68,168,Anglo,dark,blonde,mustache,R,SS,,0,,,52,51,49,50,53,48,57,49,50,48,,,,,,,,,,,,42,45,39,44,53,0,0,49,41,42,,,,,,,,,,,,False,,,0,,,,,,0,50,,balanced
P8133,Xavier,Walker,1993-11-11,71,168,African,dark,black,beard,L,LF,,0,,,51,50,50,52,51,49,48,53,52,51,,,,,,,,,,,,50,42,50,50,51,0,0,53,47,46,,,,,,,,,,,,False,,,0,,,,,,0,50,,balanced
P1665,Roberto,Garcia,2006-11-01,76,200,Hispanic,light,black,clean_shaven,R,P,,1,RP,CL,,,,,55,,,,49,50,51,52,52,53,53,0,59,65,0,0,0,,,,,0,,,,62,73,63,69,78,73,68,0,74,76,0,0,0,False,,,0,,,,,,0,50,closer,
P8322,Cedric,Washington,2005-10-18,69,183,African,dark,brown,clean_shaven,R,P,,1,RP,SP,,,,,52,,,,49,50,51,50,52,49,52,0,61,0,59,0,0,,,,,0,,,,78,70,64,79,66,74,71,0,72,0,72,0,0,False,,,0,,,,,,0,50,groundball_sp,
P9320,Alonzo,Strait,2008-01-16,74,168,Anglo,medium,brown,clean_shaven,R,P,,1,RP,SP,,,,,49,,,,49,50,51,51,52,49,52,60,60,60,0,0,0,,,,,0,,,,61,67,64,81,79,76,78,86,86,79,0,0,0,False,,,0,,,,,,0,50,balanced_sp,
P3647,Eduardo,Gonzalez,2004-10-07,78,194,Hispanic,light,blonde,clean_shaven,L,P,,1,RP,SP,,,,,52,,,,49,53,52,53,54,50,52,0,63,60,0,0,0,,,,,0,,,,78,77,69,78,78,64,79,0,89,83,0,0,0,False,,,0,,,,,,0,50,balanced_sp,
P1773,Percy,Young,2005-04-15,71,174,African,dark,brown,clean_shaven,R,P,,1,RP,CL,,,,,51,,,,52,52,50,51,52,50,55,0,0,66,0,0,0,,,,,0,,,,69,79,76,79,62,63,80,0,0,85,0,0,0,False,,,0,,,,,,0,50,closer,
P3646,Jose,Cruz,2006-10-31,75,218,Hispanic,medium,brown,clean_shaven,R,LF,,0,,,51,55,47,52,50,52,55,52,52,50,,,,,,,,,,,,61,73,75,65,50,0,0,52,79,63,,,,,,,,,,,,False,,,0,,,,,,0,50,,balanced
P5655,Carlos,Martinez,2005-08-17,69,212,Hispanic,medium,blonde,clean_shaven,R,CF,,0,,,51,47,70,50,52,49,58,47,48,49,,,,,,,,,,,,72,75,94,74,52,0,0,47,74,67,,,,,,,,,,,,False,,,0,,,,,,0,50,,speed
P5994,Manuel,Vargas,2005-07-22,71,220,Hispanic,medium,black,clean_shaven,R,1B,,0,,,51,52,70,50,49,49,57,50,52,48,,,,,,,,,,,,69,68,83,60,49,0,0,50,78,75,,,,,,,,,,,,False,,,0,,,,,,0,50,,speed
P9881,Russell,Read,2005-03-27,69,192,Anglo,light,red,clean_shaven,R,LF,,0,,,49,60,50,50,50,52,55,53,53,49,,,,,,,,,,,,59,88,65,80,50,0,0,53,68,63,,,,,,,,,,,,False,,,0,,,,,,0,50,,power
P9067,Terrell,Michniak,2007-08-06,78,206,Anglo,light,blonde,clean_shaven,L,LF,,0,,,57,50,51,51,51,48,49,52,50,48,,,,,,,,,,,,68,73,70,61,51,0,0,52,70,72,,,,,,,,,,,,False,,,0,,,,,,0,50,,spray
P7944,Randy,Escorcia,1992-02-16,71,176,Anglo,light,black,clean_shaven,R,P,,1,RP,CL,,,,,55,,,,49,51,47,50,54,49,51,0,62,65,0,0,0,,,,,0,,,,48,50,42,54,44,39,44,0,62,56,0,0,0,False,,,0,,,,,,0,50,closer,
P5809,Antonio,Reyes,1991-02-06,72,160,Hispanic,light,brown,beard,S,P,,1,RP,SP,,,,,50,,,,49,53,52,52,52,52,53,59,59,0,0,0,0,,,,,0,,,,39,53,44,48,46,44,46,57,51,0,0,0,0,False,,,0,,,,,,0,50,balanced_sp,
P6862,Nicholas,Taruer,1988-08-11,71,217,Anglo,light,blonde,beard,R,P,,1,RP,RP,,,,,56,,,,52,51,51,50,52,50,54,0,0,0,59,0,0,,,,,0,,,,43,50,42,45,45,50,50,0,0,0,54,0,0,False,,,0,,,,,,0,50,groundball_rp,
P7523,Deshawn,Harris,2004-10-27,73,212,African,dark,black,clean_shaven,R,P,,1,RP,SP,,,,,52,,,,48,50,52,50,54,51,50,62,62,63,0,0,0,,,,,0,,,,62,66,80,81,70,76,76,72,89,80,0,0,0,False,,,0,,,,,,0,50,workhorse_sp,
P6577,Roberto,Ortiz,1989-08-18,74,186,Hispanic,light,brown,beard,R,P,,1,RP,SP,,,,,50,,,,51,51,52,53,52,53,53,60,61,0,0,0,0,,,,,0,,,,42,43,50,46,52,43,52,53,54,0,0,0,0,False,,,0,,,,,,0,50,balanced_sp,
P4967,Xavier,Harris,2003-10-13,68,249,African,medium,black,goatee,R,P,,1,RP,SP,,,,,53,,,,51,49,52,50,54,49,51,0,61,60,60,0,0,,,,,0,,,,64,54,63,65,62,62,64,0,75,74,69,0,0,False,,,0,,,,,,0,50,groundball_sp,
P3356,Miguel,Flores,1999-09-03,70,196,Hispanic,medium,blonde,clean_shaven,R,P,,1,RP,SP,,,,,49,,,,52,52,51,53,53,50,49,61,63,0,0,0,0,,,,,0,,,,60,59,64,66,56,56,62,68,76,0,0,0,0,False,,,0,,,,,,0,50,finesse_sp,
P2325,Hector,Mendoza,1996-11-07,71,166,Hispanic,light,brown,goatee,R,P,,1,RP,RP,,,,,56,,,,49,49,50,53,52,51,50,59,0,0,64,0,0,,,,,0,,,,45,48,55,54,47,46,51,56,0,0,66,0,0,False,,,0,,,,,,0,50,groundball_rp,
P8752,Fredrick,Schneidtmille,2004-09-16,77,207,Anglo,light,black,clean_shaven,R,P,,1,RP,SP,,,,,51,,,,48,50,53,51,52,49,49,58,59,62,0,0,0,,,,,0,,,,73,69,80,70,65,72,65,68,83,90,0,0,0,False,,,0,,,,,,0,50,balanced_sp,
P9922,Leroy,Carter,1997-06-12,68,169,African,dark,black,clean_shaven,R,P,,1,RP,SP,,,,,52,,,,52,49,52,51,52,51,53,61,0,61,59,0,0,,,,,0,,,,55,44,52,48,50,51,51,60,0,62,60,0,0,False,,,0,,,,,,0,50,groundball_sp,
P3212,Floyd,Lataquin,1990-10-04,73,180,Anglo,light,brown,clean_shaven,L,P,,1,RP,SP,,,,,51,,,,48,51,51,52,52,50,52,0,60,58,0,0,0,,,,,0,,,,41,47,42,48,44,42,50,0,53,52,0,0,0,False,,,0,,,,,,0,50,power_sp,
P7674,Tyrone,Wright,1987-03-04,68,238,African,dark,brown,mustache,R,C,,0,,,57,49,53,52,49,49,57,49,50,52,,,,,,,,,,,,50,41,52,48,49,0,0,49,42,50,,,,,,,,,,,,False,,,0,,,,,,0,50,,spray
P2450,Miquel,Natt,2001-03-21,72,216,Anglo,medium,black,clean_shaven,L,1B,,0,,,58,50,52,53,51,48,44,52,50,50,,,,,,,,,,,,69,61,65,64,51,0,0,52,61,63,,,,,,,,,,,,False,,,0,,,,,,0,50,,spray
P8479,Xavier,Mitchell,1996-09-13,76,216,African,dark,brown,beard,S,2B,,0,,,53,51,70,54,51,51,54,49,51,50,,,,,,,,,,,,50,54,66,52,51,0,0,49,54,49,,,,,,,,,,,,False,,,0,,,,,,0,50,,speed
P1570,Fernando,Reyes,1990-01-20,72,201,Hispanic,light,blonde,clean_shaven,R,3B,,0,,,49,51,52,49,50,48,56,52,49,52,,,,,,,,,,,,39,43,52,46,50,0,0,52,49,51,,,,,,,,,,,,False,,,0,,,,,,0,50,,average
P8703,Xavier,Carter,1993-11-19,74,177,African,light,brown,beard,R,SS,,0,,,50,52,54,49,51,50,57,50,49,49,,,,,,,,,,,,41,48,52,49,51,0,0,50,46,49,,,,,,,,,,,,False,,,0,,,,,,0,50,,balanced
P7684,Manuel,Hernandez,1988-06-08,70,197,Hispanic,medium,brown,mustache,R,LF,,0,,,52,60,51,52,47,52,57,48,50,52,,,,,,,,,,,,46,55,49,50,47,0,0,48,50,52,,,,,,,,,,,,False,,,0,,,,,,0,50,,power
P1717,Deshawn,Baker,2001-06-30,77,201,African,dark,black,clean_shaven,S,CF,,0,,,62,51,52,51,50,50,54,53,51,50,,,,,,,,,,,,68,60,64,58,50,0,0,53,63,59,,,,,,,,,,,,False,,,0,,,,,,0,50,,spray
P1445,Luis,Garcia,2003-09-02,73,237,Hispanic,medium,red,clean_shaven,R,RF,,0,,,49,52,52,48,52,53,53,51,50,50,,,,,,,,,,,,55,59,66,61,52,0,0,51,63,56,,,,,,,,,,,,False,,,0,,,,,,0,50,,average
P9179,Ulysses,Wassell,1997-02-27,78,216,Anglo,dark,blonde,clean_shaven,L,CF,,0,,,62,49,52,54,53,50,48,53,49,49,,,,,,,,,,,,57,45,53,54,53,0,0,53,48,51,,,,,,,,,,,,False,,,0,,,,,,0,50,,spray
P6602,Pedro,Morales,2001-08-19,78,205,Hispanic,light,blonde,clean_shaven,S,C,,0,,,52,53,48,51,50,49,53,48,50,50,,,,,,,,,,,,62,66,54,64,50,0,0,48,60,63,,,,,,,,,,,,False,,,0,,,,,,0,50,,average
P6154,Jorge,Martinez,1991-05-19,73,199,Hispanic,light,black,clean_shaven,L,CF,,0,,,62,50,54,50,51,47,46,51,50,49,,,,,,,,,,,,60,48,53,47,51,0,0,51,47,46,,,,,,,,,,,,False,,,0,,,,,,0,50,,spray
P3543,Jerald,Kut,2002-05-29,76,161,Anglo,light,brown,clean_shaven,R,1B,RF,0,,,49,60,50,51,47,53,54,53,49,52,,,,,,,,,,,,60,71,63,62,47,0,0,53,56,62,,,,,,,,,,,,False,,,0,,,,,,0,50,,power
P8125,Rufus,Allen,2003-11-29,77,233,African,dark,black,mustache,S,1B,LF,0,,,50,58,53,51,50,52,49,51,51,49,,,,,,,,,,,,55,64,61,64,50,0,0,51,61,61,,,,,,,,,,,,False,,,0,,,,,,0,50,,balanced
P9052,Kelly,Elsaesser,1987-09-08,75,214,Anglo,light,blonde,clean_shaven,R,CF,,0,,,53,51,49,50,49,50,54,49,49,51,,,,,,,,,,,,46,44,40,40,49,0,0,49,40,49,,,,,,,,,,,,False,,,0,,,,,,0,50,,average
P1647,Leroy,King,2002-10-03,73,199,African,dark,brown,mustache,L,P,,1,RP,CL,,,,,55,,,,48,53,50,53,57,49,55,0,0,65,0,0,0,,,,,0,,,,62,61,63,71,60,56,64,0,0,73,0,0,0,False,,,0,,,,,,0,50,closer,
P7775,Rocco,Guidrey,1996-10-01,74,179,Anglo,light,black,clean_shaven,L,P,,1,RP,RP,,,,,50,,,,51,52,49,53,52,49,51,58,60,0,0,58,0,,,,,0,,,,47,50,48,55,52,44,54,59,55,0,0,61,0,False,,,0,,,,,,0,50,finesse_rp,
P6501,Deshawn,King,1991-12-11,71,237,African,dark,black,clean_shaven,L,P,,1,RP,SP,,,,,50,,,,48,50,50,51,52,50,53,60,62,62,0,0,0,,,,,0,,,,44,41,42,49,46,46,51,50,55,61,0,0,0,False,,,0,,,,,,0,50,workhorse_sp,
P1330,Xavier,Jefferson,1994-01-06,68,232,African,dark,black,clean_shaven,R,P,,1,RP,SP,,,,,49,,,,50,53,50,50,52,52,52,0,64,62,0,0,0,,,,,0,,,,45,47,49,49,40,46,48,0,60,54,0,0,0,False,,,0,,,,,,0,50,power_sp,
P7881,Darnell,Gaines,1999-05-08,75,162,African,dark,brown,beard,R,P,,1,RP,SP,,,,,49,,,,50,53,50,51,52,50,54,0,61,61,0,0,0,,,,,0,,,,58,59,56,67,56,57,67,0,73,71,0,0,0,False,,,0,,,,,,0,50,power_sp,
P7490,Antonio,Gonzalez,1989-10-11,76,164,Hispanic,medium,red,clean_shaven,R,P,,1,RP,SP,,,,,51,,,,51,50,50,50,52,50,50,63,63,58,55,0,0,,,,,0,,,,45,44,47,48,40,49,48,61,55,56,46,0,0,False,,,0,,,,,,0,50,balanced_sp,
P3109,Rufus,Harris,2000-07-01,71,232,African,dark,black,mustache,R,P,,1,RP,SP,,,,,49,,,,52,52,51,50,53,50,53,61,59,59,0,53,0,,,,,0,,,,62,61,59,59,64,59,63,68,71,74,0,64,0,False,,,0,,,,,,0,50,finesse_sp,
P2767,Omar,Surina,1994-09-07,71,214,Anglo,light,black,clean_shaven,R,SS,,0,,,50,53,50,51,52,52,59,52,51,51,,,,,,,,,,,,52,56,47,48,52,0,0,52,49,48,,,,,,,,,,,,False,,,0,,,,,,0,50,,balanced
P6616,Manuel,Sanchez,1991-08-24,70,222,Hispanic,medium,brown,mustache,R,LF,,0,,,54,54,53,53,48,53,56,51,50,49,,,,,,,,,,,,44,48,44,49,48,0,0,51,48,42,,,,,,,,,,,,False,,,0,,,,,,0,50,,gap
P4400,Antonio,Ramos,2003-10-09,75,232,Hispanic,medium,black,clean_shaven,R,SS,,0,,,53,49,71,49,49,49,60,51,49,51,,,,,,,,,,,,63,55,80,56,49,0,0,51,60,64,,,,,,,,,,,,False,,,0,,,,,,0,50,,speed
P3582,Carlos,Hernandez,2003-07-29,78,239,Hispanic,light,black,clean_shaven,R,1B,,0,,,67,69,51,50,47,53,57,51,48,50,,,,,,,,,,,,75,83,66,65,47,0,0,51,59,61,,,,,,,,,,,,False,,,0,,,,,,0,50,,gap
P6303,Roberto,Gonzalez,2001-03-08,71,208,Hispanic,medium,brown,goatee,R,2B,,0,,,53,51,49,51,50,48,58,49,52,52,,,,,,,,,,,,61,59,59,57,50,0,0,49,63,66,,,,,,,,,,,,False,,,0,,,,,,0,50,,balanced
P7345,Dana,Retter,1996-03-18,70,204,Anglo,medium,blonde,goatee,L,RF,3B,0,,,53,61,48,52,50,50,46,51,48,50,,,,,,,,,,,,55,58,53,57,50,0,0,51,51,52,,,,,,,,,,,,False,,,0,,,,,,0,50,,power
P7237,Erin,Tencer,2000-01-06,69,176,Anglo,light,brown,clean_shaven,S,RF,,0,,,51,60,49,50,51,54,48,51,50,52,,,,,,,,,,,,65,65,63,65,51,0,0,51,61,60,,,,,,,,,,,,False,,,0,,,,,,0,50,,power
P6953,Francisco,Morales,1990-01-31,69,206,Hispanic,medium,black,mustache,L,C,,0,,,49,51,50,49,51,50,49,49,50,53,,,,,,,,,,,,45,45,50,45,51,0,0,49,48,44,,,,,,,,,,,,False,,,0,,,,,,0,50,,average
P3014,Malik,Allen,2005-04-06,69,245,African,dark,black,clean_shaven,R,P,,1,RP,CL,,,,,55,,,,51,54,48,51,52,52,51,0,0,66,0,0,0,,,,,0,,,,73,69,74,67,58,73,73,0,0,92,0,0,0,False,,,0,,,,,,0,50,closer,
P7705,Hector,Rodriguez,2004-05-24,77,178,Hispanic,light,brown,clean_shaven,L,P,,1,RP,RP,,,,,53,,,,49,49,52,50,52,52,52,0,59,0,0,0,0,,,,,0,,,,59,66,71,82,73,82,72,0,73,0,0,0,0,False,,,0,,,,,,0,50,finesse_rp,
P2824,Tyrone,Jefferson,2006-01-12,77,199,African,medium,black,clean_shaven,S,P,,1,RP,SP,,,,,50,,,,52,52,52,50,54,51,52,59,59,59,55,0,0,,,,,0,,,,69,75,76,69,76,76,79,88,83,82,71,0,0,False,,,0,,,,,,0,50,balanced_sp,
P7420,Olen,Isaacsen,2008-01-13,72,216,Anglo,medium,brown,goatee,L,P,,1,RP,RP,,,,,51,,,,49,52,49,54,52,50,49,58,0,0,0,0,0,,,,,0,,,,75,64,80,65,59,63,59,83,0,0,0,0,0,False,,,0,,,,,,0,50,finesse_rp,
P5748,Marshall,Sidoti,2007-12-04,72,171,Anglo,light,brown,clean_shaven,R,P,,1,RP,RP,,,,,54,,,,50,50,52,50,54,50,54,56,58,0,59,0,0,,,,,0,,,,76,71,75,72,63,73,73,81,78,0,72,0,0,False,,,0,,,,,,0,50,groundball_rp,
P5100,Carlos,Ortiz,2004-08-15,69,203,Hispanic,light,brown,clean_shaven,S,SS,,0,,,50,48,85,52,49,50,51,50,48,48,,,,,,,,,,,,78,73,99,75,49,0,0,50,63,77,,,,,,,,,,,,False,,,0,,,,,,0,50,,elite_speed
P9266,Roderick,Kodama,2007-08-26,68,188,Anglo,light,blonde,clean_shaven,R,RF,,0,,,49,58,49,50,48,52,54,51,49,52,,,,,,,,,,,,67,82,71,76,48,0,0,51,70,75,,,,,,,,,,,,False,,,0,,,,,,0,50,,power
P5771,Erwin,Pry,2004-05-30,78,216,Anglo,medium,red,clean_shaven,R,LF,,0,,,54,55,51,52,50,50,56,49,52,52,,,,,,,,,,,,77,82,77,69,50,0,0,49,78,70,,,,,,,,,,,,False,,,0,,,,,,0,50,,balanced
P8023,Jamal,Gaines,2005-10-02,77,232,African,dark,black,goatee,R,C,,0,,,50,51,51,51,52,52,58,52,50,52,,,,,,,,,,,,74,75,66,69,52,0,0,52,77,63,,,,,,,,,,,,False,,,0,,,,,,0,50,,average
P6173,Lacy,Lutwin,2007-07-16,73,189,Anglo,light,red,clean_shaven,R,2B,,0,,,53,51,70,54,51,47,56,49,52,52,,,,,,,,,,,,77,63,85,73,51,0,0,49,65,64,,,,,,,,,,,,False,,,0,,,,,,0,50,,speed
P2468,Malik,King,1992-03-25,76,175,African,dark,black,mustache,R,P,,1,RP,CL,,,,,55,,,,51,52,48,51,52,51,54,0,0,65,0,0,0,,,,,0,,,,42,52,41,47,46,47,47,0,0,62,0,0,0,False,,,0,,,,,,0,50,closer,
P7799,Fernando,Martinez,1989-07-20,78,220,Hispanic,medium,blonde,clean_shaven,R,P,,1,RP,SP,,,,,48,,,,48,47,53,52,52,50,53,62,62,0,0,0,0,,,,,0,,,,40,39,46,49,43,44,48,57,54,0,0,0,0,False,,,0,,,,,,0,50,finesse_sp,
P2358,Hector,Hernandez,1995-08-29,72,204,Hispanic,light,brown,mustache,R,P,,1,RP,LR,,,,,49,,,,48,50,50,52,53,49,49,0,0,64,0,0,0,,,,,0,,,,49,53,47,56,55,44,45,0,0,59,0,0,0,False,,,0,,,,,,0,50,long_relief,
P7127,Salvador,Otomo,2002-05-18,72,161,Anglo,light,brown,clean_shaven,R,P,,1,RP,SP,,,,,51,,,,49,50,51,53,54,48,49,59,62,58,57,0,0,,,,,0,,,,56,55,65,69,66,56,62,67,74,69,69,0,0,False,,,0,,,,,,0,50,balanced_sp,
P3524,Tyrell,Leonpacher,2001-03-08,68,230,Anglo,medium,brown,clean_shaven,R,P,,1,RP,SP,,,,,50,,,,52,49,54,52,52,50,51,61,0,0,58,0,0,,,,,0,,,,58,62,60,64,66,63,59,75,0,0,66,0,0,False,,,0,,,,,,0,50,groundball_sp,
P1228,Angel,Hollenbaugh,1993-02-07,74,187,Anglo,medium,black,clean_shaven,L,P,,1,RP,SP,,,,,52,,,,51,49,54,50,53,50,49,0,60,58,0,0,0,,,,,0,,,,44,41,50,48,47,46,41,0,59,57,0,0,0,False,,,0,,,,,,0,50,balanced_sp,
P8797,Tyrone,Washington,1987-11-24,78,176,African,dark,brown,beard,L,P,,1,RP,SP,,,,,50,,,,49,48,50,50,52,49,51,62,62,61,0,56,0,,,,,0,,,,42,47,43,47,44,48,43,55,62,54,0,53,0,False,,,0,,,,,,0,50,finesse_sp,
P6748,Burt,Dailey,2002-01-06,73,200,Anglo,light,red,clean_shaven,L,P,,1,RP,RP,,,,,53,,,,52,51,50,52,52,51,53,0,0,0,61,0,0,,,,,0,,,,67,61,57,60,61,64,67,0,0,0,71,0,0,False,,,0,,,,,,0,50,groundball_rp,
P5901,Alejandro,Cruz,1991-11-06,73,247,Hispanic,medium,brown,clean_shaven,R,P,,1,RP,SP,,,,,51,,,,49,50,53,50,52,50,51,60,60,61,54,0,0,,,,,0,,,,45,47,45,49,44,44,42,58,51,55,52,0,0,False,,,0,,,,,,0,50,balanced_sp,
P1853,Jermaine,Gaines,1993-05-05,73,199,African,medium,black,goatee,L,P,,1,RP,SP,,,,,50,,,,51,53,53,52,52,48,50,60,60,61,54,0,0,,,,,0,,,,44,45,46,49,49,42,48,57,51,55,54,0,0,False,,,0,,,,,,0,50,balanced_sp,
P5106,Quentin,Harker,1994-04-28,76,242,Anglo,light,brown,clean_shaven,R,P,,1,RP,SP,,,,,51,,,,49,53,51,51,52,49,53,62,59,63,0,56,0,,,,,0,,,,50,58,52,51,55,48,48,57,64,67,0,56,0,False,,,0,,,,,,0,50,workhorse_sp,
P5347,Augustus,Mainz,1997-10-16,75,195,Anglo,light,brown,beard,L,C,,0,,,50,53,52,49,48,53,52,48,52,52,,,,,,,,,,,,54,53,49,48,48,0,0,48,52,51,,,,,,,,,,,,False,,,0,,,,,,0,50,,balanced
P8886,Roberto,Gomez,1997-05-06,73,204,Hispanic,light,brown,clean_shaven,R,1B,,0,,,50,55,51,49,51,50,52,51,51,51,,,,,,,,,,,,55,55,50,45,51,0,0,51,56,46,,,,,,,,,,,,False,,,0,,,,,,0,50,,balanced
P5365,Ricardo,Sanchez,1991-01-13,68,210,Hispanic,light,black,mustache,R,2B,,0,,,53,50,70,52,53,52,56,49,51,52,,,,,,,,,,,,51,50,67,43,53,0,0,49,45,46,,,,,,,,,,,,False,,,0,,,,,,0,50,,speed
P1540,Alejandro,Rivera,1999-05-30,71,209,Hispanic,light,blonde,clean_shaven,R,3B,,0,,,51,51,49,50,51,53,59,50,52,50,,,,,,,,,,,,56,57,55,65,51,0,0,50,65,58,,,,,,,,,,,,False,,,0,,,,,,0,50,,average
P7897,Jermaine,King,1991-09-10,78,249,African,dark,black,clean_shaven,R,SS,,0,,,54,53,50,51,51,51,57,49,51,49,,,,,,,,,,,,47,48,42,51,51,0,0,49,47,45,,,,,,,,,,,,False,,,0,,,,,,0,50,,balanced
P7450,Antonio,Mendoza,2002-05-10,74,181,Hispanic,light,brown,clean_shaven,R,LF,,0,,,50,51,70,52,54,49,55,53,52,49,,,,,,,,,,,,64,60,79,63,54,0,0,53,57,56,,,,,,,,,,,,False,,,0,,,,,,0,50,,speed
P7506,Gerald,Eugley,2002-03-30,77,174,Anglo,light,blonde,clean_shaven,R,CF,,0,,,52,53,50,49,50,49,52,49,52,49,,,,,,,,,,,,58,65,65,59,50,0,0,49,64,58,,,,,,,,,,,,False,,,0,,,,,,0,50,,average
P2006,Gayle,Lieb,2004-11-07,72,201,Anglo,medium,brown,clean_shaven,L,RF,,0,,,51,51,49,52,49,50,42,49,51,49,,,,,,,,,,,,79,76,79,79,49,0,0,49,63,65,,,,,,,,,,,,False,,,0,,,,,,0,50,,balanced
P7795,Carlos,Ramos,1987-04-30,72,173,Hispanic,medium,red,mustache,R,RF,,0,,,49,59,47,50,48,53,51,51,51,49,,,,,,,,,,,,43,53,43,50,48,0,0,51,46,40,,,,,,,,,,,,False,,,0,,,,,,0,50,,power
P2622,Tyrone,Carter,1989-12-17,70,210,African,dark,black,clean_shaven,S,3B,,0,,,49,48,49,51,49,49,52,51,52,51,,,,,,,,,,,,49,38,44,48,49,0,0,51,52,48,,,,,,,,,,,,False,,,0,,,,,,0,50,,average
P4051,Dwight,Mccowan,1999-02-28,78,239,Anglo,dark,blonde,clean_shaven,R,C,,0,,,49,52,51,52,50,52,60,53,48,52,,,,,,,,,,,,64,66,56,60,50,0,0,53,62,63,,,,,,,,,,,,False,,,0,,,,,,0,50,,balanced
P9259,Deshawn,Green,2000-07-07,72,191,African,medium,black,clean_shaven,S,C,,0,,,50,54,50,51,49,48,55,49,51,50,,,,,,,,,,,,62,69,55,61,49,0,0,49,61,59,,,,,,,,,,,,False,,,0,,,,,,0,50,,gap
P3863,Jermaine,Harris,2000-03-18,69,163,African,dark,black,clean_shaven,R,1B,,0,,,51,54,52,49,52,53,57,50,51,49,,,,,,,,,,,,60,60,66,62,52,0,0,50,66,63,,,,,,,,,,,,False,,,0,,,,,,0,50,,balanced
P1052,Tyrone,Mitchell,1993-04-10,73,182,African,dark,black,clean_shaven,L,CF,,0,,,53,51,70,50,50,52,45,50,48,52,,,,,,,,,,,,51,50,61,47,50,0,0,50,40,51,,,,,,,,,,,,False,,,0,,,,,,0,50,,speed
P6283,Darnell,Robinson,1997-03-31,68,179,African,dark,brown,clean_shaven,R,P,,1,RP,CL,,,,,55,,,,50,50,49,50,52,51,53,0,0,67,0,0,0,,,,,0,,,,48,52,48,57,53,50,58,0,0,67,0,0,0,False,,,0,,,,,,0,50,closer,
P1421,Dustin,Romero,1996-10-09,71,181,Anglo,light,red,clean_shaven,L,P,,1,RP,RP,,,,,52,,,,50,52,48,50,53,50,52,61,62,0,0,0,0,,,,,0,,,,45,53,45,51,49,45,56,65,59,0,0,0,0,False,,,0,,,,,,0,50,finesse_rp,
P5006,Barton,Figuroa,1988-01-11,76,173,Anglo,light,brown,goatee,R,P,,1,RP,RP,,,,,50,,,,50,52,51,52,52,49,53,0,0,66,0,0,0,,,,,0,,,,42,49,52,49,42,49,44,0,0,56,0,0,0,False,,,0,,,,,,0,50,power_rp,
P6083,Luke,Glessner,1993-05-09,76,231,Anglo,light,brown,clean_shaven,L,P,1B,1,RP,RP,,,,,55,,,,50,50,52,52,52,51,51,0,58,64,61,0,0,,,,,0,,,,47,40,43,46,43,42,50,0,55,64,56,0,0,False,,,0,,,,,,0,50,groundball_rp,
P8903,Jorge,Reyes,1993-04-13,71,244,Hispanic,light,black,clean_shaven,R,P,,1,RP,SP,,,,,52,,,,52,51,54,50,52,52,50,60,61,62,0,0,0,,,,,0,,,,46,43,42,47,44,45,41,54,55,55,0,0,0,False,,,0,,,,,,0,50,workhorse_sp,
P2150,Carlos,Reyes,2003-07-03,77,161,Hispanic,medium,black,clean_shaven,S,P,,1,RP,RP,,,,,50,,,,52,49,52,51,52,53,50,0,64,0,0,0,0,,,,,0,,,,64,62,61,61,62,65,63,0,74,0,0,0,0,False,,,0,,,,,,0,50,finesse_rp,
P8935,Duane,Esfahani,1993-06-26,71,217,Anglo,medium,blonde,beard,L,P,,1,RP,RP,,,,,55,,,,48,53,51,50,52,50,53,60,60,0,63,0,0,,,,,0,,,,39,47,41,45,49,42,44,50,58,0,58,0,0,False,,,0,,,,,,0,50,groundball_rp,
P7733,Percy,Gaines,2001-07-20,73,172,African,dark,black,mustache,L,C,,0,,,56,54,51,53,49,51,50,52,50,50,,,,,,,,,,,,62,66,56,61,49,0,0,52,63,59,,,,,,,,,,,,False,,,0,,,,,,0,50,,gap
P7446,Hector,Martinez,1987-09-21,75,192,Hispanic,medium,black,goatee,R,C,,0,,,54,51,52,51,47,51,58,49,49,51,,,,,,,,,,,,50,43,44,48,47,0,0,49,48,45,,,,,,,,,,,,False,,,0,,,,,,0,50,,gap
P4747,Malik,Young,1994-12-08,70,235,African,dark,brown,mustache,L,SS,,0,,,49,51,49,50,51,50,49,49,52,47,,,,,,,,,,,,52,50,45,53,51,0,0,49,51,45,,,,,,,,,,,,False,,,0,,,,,,0,50,,gap
P7029,Jose,Gomez,1994-04-26,70,246,Hispanic,light,black,clean_shaven,R,3B,,0,,,50,51,51,49,49,50,58,50,51,50,,,,,,,,,,,,50,50,47,51,49,0,0,50,47,50,,,,,,,,,,,,False,,,0,,,,,,0,50,,average
P3158,Raul,Ramirez,1996-11-20,77,244,Hispanic,light,brown,clean_shaven,R,C,,0,,,54,54,49,51,49,51,57,52,49,49,,,,,,,,,,,,57,49,44,53,49,0,0,52,44,53,,,,,,,,,,,,False,,,0,,,,,,0,50,,balanced
P2756,Delbert,Wilner,1997-04-09,75,223,Anglo,light,brown,beard,R,CF,,0,,,52,50,70,51,50,52,57,50,48,51,,,,,,,,,,,,56,54,73,56,50,0,0,50,47,47,,,,,,,,,,,,False,,,0,,,,,,0,50,,speed
P1149,Ricardo,Ortiz,1987-03-07,74,243,Hispanic,medium,black,clean_shaven,L,CF,,0,,,54,53,52,54,49,50,46,48,49,49,,,,,,,,,,,,51,50,42,54,49,0,0,48,39,42,,,,,,,,,,,,False,,,0,,,,,,0,50,,gap
P2028,Roberto,Reyes,2000-03-23,75,224,Hispanic,medium,brown,clean_shaven,L,CF,,0,,,48,50,50,48,52,53,50,51,51,51,,,,,,,,,,,,61,61,61,57,52,0,0,51,64,61,,,,,,,,,,,,False,,,0,,,,,,0,50,,average
P1160,Roberto,Rivera,2005-07-09,69,194,Hispanic,medium,black,clean_shaven,L,P,,1,RP,CL,,,,,55,,,,52,53,49,50,54,49,52,0,0,67,0,0,0,,,,,0,,,,73,68,61,79,68,65,65,0,0,92,0,0,0,False,,,0,,,,,,0,50,closer,
P7911,Rico,Banfield,2006-03-21,77,228,Anglo,medium,brown,clean_shaven,R,P,,1,RP,RP,,,,,52,,,,50,52,52,52,52,50,52,57,62,0,0,0,0,,,,,0,,,,76,77,76,72,65,69,78,87,75,0,0,0,0,False,,,0,,,,,,0,50,finesse_rp,
P8814,Millard,Kappe,2007-01-06,76,200,Anglo,dark,red,clean_shaven,R,P,,1,RP,RP,,,,,55,,,,48,52,50,50,53,50,52,0,0,0,61,0,0,,,,,0,,,,64,65,69,74,77,77,73,0,0,0,82,0,0,False,,,0,,,,,,0,50,groundball_rp,
P3576,Pedro,Martinez,2006-05-15,68,229,Hispanic,medium,blonde,clean_shaven,S,P,,1,RP,CL,,,,,53,,,,52,52,49,50,52,49,53,0,0,66,0,0,0,,,,,0,,,,82,67,64,77,64,72,63,0,0,96,0,0,0,False,,,0,,,,,,0,50,closer,
P3904,Rafael,Morales,2006-04-16,76,218,Hispanic,dark,red,clean_shaven,R,P,,1,RP,RP,,,,,51,,,,50,50,49,51,52,49,53,0,60,65,0,58,0,,,,,0,,,,77,63,78,69,79,63,63,0,88,82,0,71,0,False,,,0,,,,,,0,50,power_rp,
P7139,Tuan,Shipe,2008-02-21,74,175,Anglo,light,blonde,beard,R,LF,,0,,,52,52,50,50,50,52,56,49,49,51,,,,,,,,,,,,68,74,62,73,50,0,0,49,65,76,,,,,,,,,,,,False,,,0,,,,,,0,50,,average
P9703,Otto,Mclagan,2007-03-16,76,230,Anglo,light,brown,clean_shaven,R,RF,,0,,,50,51,50,51,48,49,54,52,48,49,,,,,,,,,,,,62,64,74,77,48,0,0,52,66,60,,,,,,,,,,,,False,,,0,,,,,,0,50,,average
P9804,Darnell,Carter,2004-09-16,73,198,African,dark,brown,clean_shaven,R,2B,,0,,,53,53,49,52,52,53,55,51,52,52,,,,,,,,,,,,72,66,62,71,52,0,0,51,69,80,,,,,,,,,,,,False,,,0,,,,,,0,50,,balanced
P6772,Man,Gabaree,2006-04-14,69,166,Anglo,light,brown,clean_shaven,L,1B,,0,,,52,56,51,51,48,53,46,53,50,51,,,,,,,,,,,,66,82,68,69,48,0,0,53,61,62,,,,,,,,,,,,False,,,0,,,,,,0,50,,balanced
P9720,Luis,Flores,2006-06-01,73,233,Hispanic,dark,brown,clean_shaven,R,CF,,0,,,52,50,50,51,50,50,54,49,52,52,,,,,,,,,,,,77,70,62,67,50,0,0,49,70,77,,,,,,,,,,,,False,,,0,,,,,,0,50,,balanced
P7424,Jorge,Gonzalez,1993-10-01,72,219,Hispanic,medium,black,clean_shaven,R,P,,1,RP,CL,,,,,55,,,,50,52,49,50,52,49,56,0,63,65,0,0,0,,,,,0,,,,40,44,47,45,39,40,49,0,53,57,0,0,0,False,,,0,,,,,,0,50,closer,
P7706,Guadalupe,Brickel,2001-06-18,77,168,Anglo,light,brown,clean_shaven,L,P,,1,RP,LR,,,,,50,,,,52,53,52,51,52,48,53,57,0,0,0,0,0,,,,,0,,,,59,63,57,66,63,60,66,62,0,0,0,0,0,False,,,0,,,,,,0,50,long_relief,
P2552,Leroy,Gaines,1989-04-26,76,205,African,dark,black,goatee,L,P,,1,RP,CL,,,,,52,,,,49,52,49,50,52,52,52,0,0,65,0,0,0,,,,,0,,,,45,49,41,50,46,50,45,0,0,63,0,0,0,False,,,0,,,,,,0,50,closer,
P1582,Alejandro,Ortiz,2003-07-09,75,182,Hispanic,light,brown,mustache,R,P,,1,RP,SP,,,,,48,,,,48,53,51,52,52,50,50,58,62,59,0,54,0,,,,,0,,,,62,68,58,66,59,62,63,63,71,71,0,67,0,False,,,0,,,,,,0,50,power_sp,
P7435,Jamal,Walker,1989-06-10,70,214,African,dark,black,mustache,L,P,,1,RP,SP,,,,,48,,,,49,50,54,52,52,53,51,62,59,0,57,0,0,,,,,0,,,,41,48,50,45,51,44,46,55,51,0,56,0,0,False,,,0,,,,,,0,50,finesse_sp,
P7103,Deshawn,Gaines,1987-05-12,69,227,African,dark,black,mustache,S,P,,1,RP,SP,,,,,51,,,,50,52,53,52,54,49,52,58,0,58,0,0,0,,,,,0,,,,43,49,46,50,44,45,45,55,0,50,0,0,0,False,,,0,,,,,,0,50,balanced_sp,
P5617,Anton,Wraight,1997-11-08,69,235,Anglo,medium,brown,clean_shaven,L,P,,1,RP,SP,,,,,51,,,,50,53,50,50,54,48,52,59,58,62,55,0,0,,,,,0,,,,47,53,46,49,51,51,50,55,58,64,54,0,0,False,,,0,,,,,,0,50,balanced_sp,
P6167,Cedric,Mitchell,1991-01-05,75,209,African,dark,brown,clean_shaven,R,P,,1,RP,RP,,,,,52,,,,51,48,52,53,53,52,48,58,0,0,0,0,0,,,,,0,,,,47,40,52,48,45,50,38,53,0,0,0,0,0,False,,,0,,,,,,0,50,finesse_rp,
P5835,Carlos,Gomez,2002-11-10,77,174,Hispanic,dark,black,mustache,L,P,,1,RP,SP,,,,,50,,,,52,49,50,52,54,51,50,0,62,61,0,0,0,,,,,0,,,,59,58,62,63,63,66,56,0,70,76,0,0,0,False,,,0,,,,,,0,50,balanced_sp,
P8695,Cedric,Carter,2001-12-11,76,224,African,light,black,clean_shaven,R,P,LF,1,RP,SP,,,,,52,,,,48,49,52,51,52,52,49,62,59,0,60,0,0,,,,,0,,,,53,55,57,65,64,64,55,74,74,0,69,0,0,False,,,0,,,,,,0,50,finesse_sp,
P4049,Raul,Delgado,1990-04-22,69,192,Hispanic,medium,blonde,beard,L,P,,1,RP,SP,,,,,48,,,,48,49,53,50,52,48,52,60,59,0,0,0,0,,,,,0,,,,39,42,45,43,52,44,52,58,53,0,0,0,0,False,,,0,,,,,,0,50,workhorse_sp,
P4395,Rufus,Young,1993-11-05,77,227,African,dark,black,beard,R,C,,0,,,50,58,50,50,48,50,58,52,52,49,,,,,,,,,,,,43,52,43,49,48,0,0,52,44,46,,,,,,,,,,,,False,,,0,,,,,,0,50,,power
P2078,Jorge,Perez,1988-04-09,68,225,Hispanic,medium,black,clean_shaven,R,1B,,0,,,51,59,51,51,49,52,56,51,51,51,,,,,,,,,,,,48,55,49,47,49,0,0,51,48,48,,,,,,,,,,,,False,,,0,,,,,,0,50,,gap
P5557,Hassan,Prehoda,2004-06-29,69,230,Anglo,medium,blonde,clean_shaven,R,2B,,0,,,52,49,50,52,52,51,55,50,52,48,,,,,,,,,,,,74,76,76,72,52,0,0,50,78,60,,,,,,,,,,,,False,,,0,,,,,,0,50,,average
P4585,Miguel,Diaz,1993-07-15,68,164,Hispanic,dark,black,goatee,L,3B,,0,,,49,52,51,50,51,50,49,51,48,51,,,,,,,,,,,,43,44,47,47,51,0,0,51,47,45,,,,,,,,,,,,False,,,0,,,,,,0,50,,balanced
P5837,Jamal,Jackson,1992-04-06,71,247,African,dark,brown,goatee,R,SS,,0,,,58,48,70,51,51,51,59,52,50,48,,,,,,,,,,,,54,41,65,46,51,0,0,52,48,40,,,,,,,,,,,,False,,,0,,,,,,0,50,,spray
P8458,Jorge,Delgado,1992-03-27,70,222,Hispanic,light,brown,goatee,L,LF,,0,,,51,62,49,49,51,50,52,51,52,51,,,,,,,,,,,,42,54,43,40,51,0,0,51,42,42,,,,,,,,,,,,False,,,0,,,,,,0,50,,power
P1309,Fausto,Runions,1993-04-11,74,215,Anglo,dark,blonde,clean_shaven,R,CF,,0,,,52,47,85,53,53,49,50,51,51,48,,,,,,,,,,,,48,38,79,53,53,0,0,51,41,38,,,,,,,,,,,,False,,,0,,,,,,0,50,,elite_speed
P1871,Pedro,Reyes,1998-07-02,75,249,Hispanic,light,blonde,beard,R,RF,,0,,,59,50,52,52,51,47,54,48,48,52,,,,,,,,,,,,64,56,60,61,51,0,0,48,61,66,,,,,,,,,,,,False,,,0,,,,,,0,50,,spray
P9639,John,Shatswell,1991-11-19,77,203,Anglo,medium,red,beard,R,C,,0,,,51,61,48,49,48,53,56,53,53,52,,,,,,,,,,,,44,60,38,42,48,0,0,53,44,42,,,,,,,,,,,,False,,,0,,,,,,0,50,,power
P2492,Eduardo,Garcia,1989-09-03,77,163,Hispanic,medium,black,beard,R,LF,,0,,,51,52,53,51,48,50,59,52,52,48,,,,,,,,,,,,48,43,45,48,48,0,0,52,51,45,,,,,,,,,,,,False,,,0,,,,,,0,50,,balanced
P9006,Marcelo,Rubulcaba,2004-05-30,70,224,Anglo,light,blonde,clean_shaven,L,CF,,0,,,52,62,48,51,50,50,42,52,48,51,,,,,,,,,,,,69,85,65,61,50,0,0,52,60,77,,,,,,,,,,,,False,,,0,,,,,,0,50,,power
P1500,Eduardo,Cruz,1989-12-07,69,217,Hispanic,medium,black,clean_shaven,R,C,,0,,,49,48,87,50,51,47,56,50,53,50,,,,,,,,,,,,42,46,80,47,51,0,0,50,45,44,,,,,,,,,,,,False,,,0,,,,,,0,50,,speed
P3928,Len,Lesa,1988-08-08,77,181,Anglo,medium,blonde,clean_shaven,S,C,,0,,,48,57,47,49,47,49,53,48,51,52,,,,,,,,,,,,39,48,46,40,47,0,0,48,51,44,,,,,,,,,,,,False,,,0,,,,,,0,50,,power
P6589,Jose,Vargas,1993-03-23,78,213,Hispanic,dark,blonde,clean_shaven,R,2B,,0,,,63,50,52,55,53,47,54,50,52,48,,,,,,,,,,,,58,45,49,51,53,0,0,50,43,39,,,,,,,,,,,,False,,,0,,,,,,0,50,,spray
P9779,Shaun,Viessman,1995-02-17,69,242,Anglo,medium,black,clean_shaven,R,P,,1,RP,CL,,,,,55,,,,52,53,48,53,54,50,54,58,62,66,0,0,0,,,,,0,,,,48,58,50,50,43,45,59,58,61,62,0,0,0,False,,,0,,,,,,0,50,closer,
P6411,Malik,Carter,2000-02-01,76,190,African,dark,black,clean_shaven,S,P,,1,RP,CL,,,,,51,,,,50,50,51,50,52,52,56,0,0,65,0,0,0,,,,,0,,,,59,63,62,66,61,59,71,0,0,77,0,0,0,False,,,0,,,,,,0,50,closer,
P8744,Leroy,Young,1998-10-26,69,188,African,dark,black,goatee,R,P,,1,RP,RP,,,,,51,,,,50,50,49,50,53,51,51,60,61,66,0,0,0,,,,,0,,,,55,60,62,60,54,56,63,74,67,73,0,0,0,False,,,0,,,,,,0,50,power_rp,
P7209,Cornell,Hubbell,1989-12-12,71,180,Anglo,light,brown,mustache,R,P,,1,RP,SP,,,,,52,,,,49,53,54,50,53,51,51,0,63,60,0,0,0,,,,,0,,,,44,47,49,46,54,47,46,0,57,51,0,0,0,False,,,0,,,,,,0,50,balanced_sp,
P8906,Eduardo,Vasquez,2000-12-29,69,223,Hispanic,light,black,mustache,R,P,,1,RP,SP,,,,,49,,,,52,52,50,51,52,48,55,0,62,62,0,0,0,,,,,0,,,,66,60,65,60,61,63,64,0,73,70,0,0,0,False,,,0,,,,,,0,50,power_sp,
P4458,Jamal,Taylor,2003-01-02,71,243,African,dark,brown,beard,R,P,,1,RP,RP,,,,,55,,,,49,50,48,51,54,49,51,0,0,0,62,0,0,,,,,0,,,,57,56,63,65,59,57,63,0,0,0,67,0,0,False,,,0,,,,,,0,50,groundball_rp,
P8955,Manuel,Gomez,1996-09-03,76,182,Hispanic,medium,brown,clean_shaven,R,P,,1,RP,RP,,,,,52,,,,52,51,52,50,53,49,54,0,59,64,0,0,0,,,,,0,,,,54,52,54,52,56,54,49,0,55,68,0,0,0,False,,,0,,,,,,0,50,power_rp,
P1369,Jamal,Carter,1988-08-01,68,210,African,dark,black,beard,L,3B,,0,,,52,51,52,51,49,51,50,53,51,51,,,,,,,,,,,,45,42,44,45,49,0,0,53,41,48,,,,,,,,,,,,False,,,0,,,,,,0,50,,balanced
P6781,Arnoldo,Finister,2000-02-07,73,184,Anglo,light,brown,goatee,R,LF,,0,,,59,58,50,54,50,51,58,50,49,50,,,,,,,,,,,,71,70,57,59,50,0,0,50,61,60,,,,,,,,,,,,False,,,0,,,,,,0,50,,gap
P1888,Jermaine,Walker,1994-12-01,70,183,African,dark,black,goatee,R,SS,,0,,,49,57,49,48,52,52,58,49,48,49,,,,,,,,,,,,47,54,49,47,52,0,0,49,51,50,,,,,,,,,,,,False,,,0,,,,,,0,50,,power
P6797,Ricardo,Garcia,1995-03-23,74,226,Hispanic,light,blonde,clean_shaven,R,CF,,0,,,53,54,51,51,51,48,55,51,47,48,,,,,,,,,,,,53,51,47,48,51,0,0,51,42,48,,,,,,,,,,,,False,,,0,,,,,,0,50,,gap
P5944,Lamont,Mosqueda,1999-05-01,73,168,Anglo,light,brown,mustache,R,C,,0,,,53,51,50,51,53,53,55,50,51,49,,,,,,,,,,,,60,66,57,63,53,0,0,50,58,63,,,,,,,,,,,,False,,,0,,,,,,0,50,,average
P3651,Fernando,Garcia,2001-07-15,78,173,Hispanic,medium,blonde,clean_shaven,L,RF,,0,,,48,58,47,48,48,54,48,51,50,52,,,,,,,,,,,,59,68,60,61,48,0,0,51,55,57,,,,,,,,,,,,False,,,0,,,,,,0,50,,power
P1869,Adolph,Buske,1991-07-14,70,185,Anglo,light,black,clean_shaven,R,2B,,0,,,50,56,50,51,49,53,57,48,49,51,,,,,,,,,,,,41,55,45,42,49,0,0,48,46,49,,,,,,,,,,,,False,,,0,,,,,,0,50,,power
P6945,Jose,Torres,2000-06-05,68,233,Hispanic,medium,brown,clean_shaven,R,C,,0,,,53,54,51,50,49,51,59,51,51,51,,,,,,,,,,,,60,62,58,59,49,0,0,51,56,63,,,,,,,,,,,,False,,,0,,,,,,0,50,,gap
P8849,Percy,Allen,2004-07-09,71,163,African,medium,black,mustache,R,P,,1,RP,CL,,,,,55,,,,48,53,51,50,52,52,55,60,62,67,0,0,0,,,,,0,,,,73,76,68,62,78,75,73,73,91,95,0,0,0,False,,,0,,,,,,0,50,closer,
P5683,Malik,Taylor,2007-06-04,69,194,African,medium,black,clean_shaven,S,P,,1,RP,SP,,,,,51,,,,51,50,52,54,52,51,53,60,60,0,57,55,0,,,,,0,,,,79,62,84,74,73,80,63,72,72,0,85,76,0,False,,,0,,,,,,0,50,finesse_sp,
P9785,Raul,Castillo,2007-07-01,72,224,Hispanic,light,brown,clean_shaven,S,P,,1,RP,SP,,,,,52,,,,48,49,53,51,52,50,51,59,61,62,0,0,0,,,,,0,,,,66,78,78,63,71,75,78,77,84,87,0,0,0,False,,,0,,,,,,0,50,balanced_sp,
P8619,Cedric,Baker,2007-01-12,75,186,African,medium,black,clean_shaven,L,P,,1,RP,SP,,,,,52,,,,51,53,50,53,52,49,54,0,0,61,61,0,0,,,,,0,,,,75,83,65,68,72,74,71,0,0,90,83,0,0,False,,,0,,,,,,0,50,groundball_sp,
P5064,Gerald,Gangestad,2004-08-12,71,173,Anglo,light,brown,mustache,S,P,,1,RP,SP,,,,,51,,,,51,54,54,50,52,48,55,62,59,63,0,55,0,,,,,0,,,,67,66,62,63,72,69,84,86,78,89,0,81,0,False,,,0,,,,,,0,50,power_sp,
P6567,Hector,Ortiz,2005-09-03,73,203,Hispanic,dark,black,clean_shaven,R,C,,0,,,52,52,50,50,50,52,55,49,52,51,,,,,,,,,,,,71,63,67,65,50,0,0,49,63,81,,,,,,,,,,,,False,,,0,,,,,,0,50,,average
P7003,Alvaro,Ketron,2006-08-28,75,216,Anglo,medium,brown,clean_shaven,R,LF,,0,,,53,49,70,53,53,51,54,50,49,51,,,,,,,,,,,,80,62,99,65,53,0,0,50,70,80,,,,,,,,,,,,False,,,0,,,,,,0,50,,speed
P6187,Leroy,Walker,2006-10-07,69,239,African,medium,black,clean_shaven,R,3B,,0,,,50,58,51,49,49,52,56,50,50,50,,,,,,,,,,,,63,81,64,76,49,0,0,50,73,78,,,,,,,,,,,,False,,,0,,,,,,0,50,,power
P8053,Reinaldo,Pilgreen,2005-08-17,76,191,Anglo,medium,brown,clean_shaven,R,3B,,0,,,51,60,50,51,49,51,55,50,49,49,,,,,,,,,,,,72,77,76,62,49,0,0,50,73,63,,,,,,,,,,,,False,,,0,,,,,,0,50,,power
P8853,Glenn,Klaja,2007-05-11,69,202,Anglo,light,brown,goatee,S,C,,0,,,50,50,49,52,51,49,56,52,53,51,,,,,,,,,,,,73,73,76,79,51,0,0,52,65,77,,,,,,,,,,,,False,,,0,,,,,,0,50,,average
P9336,Tyrone,Baker,1990-08-27,72,185,African,dark,black,clean_shaven,L,P,,1,RP,CL,,,,,55,,,,52,53,50,50,54,51,51,0,62,65,0,0,0,,,,,0,,,,45,52,43,47,45,47,49,0,54,56,0,0,0,False,,,0,,,,,,0,50,closer,
P8157,Raul,Diaz,1995-10-06,68,194,Hispanic,medium,brown,clean_shaven,R,P,,1,RP,SP,,,,,48,,,,53,49,54,50,52,51,49,60,61,61,58,0,0,,,,,0,,,,49,49,55,54,52,55,54,57,60,64,54,0,0,False,,,0,,,,,,0,50,balanced_sp,
P3432,Xavier,Washington,1996-02-01,70,174,African,dark,black,clean_shaven,R,P,,1,RP,RP,,,,,56,,,,47,52,47,50,54,49,53,58,0,63,59,0,0,,,,,0,,,,48,49,48,53,45,53,57,58,0,61,60,0,0,False,,,0,,,,,,0,50,groundball_rp,
P7261,Aldo,Beliard,1994-05-04,77,169,Anglo,light,brown,clean_shaven,L,P,,1,RP,LR,,,,,52,,,,52,49,49,50,52,48,53,0,59,0,0,0,0,,,,,0,,,,53,53,47,52,48,48,58,0,60,0,0,0,0,False,,,0,,,,,,0,50,long_relief,
P9638,Kevin,Saxena,1987-08-15,78,204,Anglo,medium,black,clean_shaven,L,P,,1,RP,RP,,,,,50,,,,48,50,48,50,54,51,55,0,62,67,0,0,0,,,,,0,,,,44,47,41,44,39,43,45,0,54,67,0,0,0,False,,,0,,,,,,0,50,power_rp,
P5284,Rufus,Jackson,1993-07-14,72,217,African,medium,black,mustache,R,P,,1,RP,SP,,,,,51,,,,48,51,49,53,54,52,51,58,59,0,59,0,0,,,,,0,,,,45,50,45,50,49,45,42,57,55,0,50,0,0,False,,,0,,,,,,0,50,groundball_sp,
P7945,Trinidad,Brownsberger,1987-09-30,69,166,Anglo,light,blonde,beard,L,P,,1,RP,LR,,,,,50,,,,48,51,52,50,54,49,54,0,62,0,0,0,0,,,,,0,,,,38,42,48,49,51,40,51,0,58,0,0,0,0,False,,,0,,,,,,0,50,long_relief,
P1517,Terence,Sossamon,1998-12-16,73,207,Anglo,light,black,mustache,R,P,,1,RP,SP,,,,,51,,,,50,52,50,51,53,51,52,61,57,0,60,0,0,,,,,0,,,,60,65,60,66,65,58,66,67,65,0,69,0,0,False,,,0,,,,,,0,50,groundball_sp,
P8229,Doyle,Camerena,1999-09-17,78,193,Anglo,light,blonde,beard,S,P,,1,RP,RP,,,,,54,,,,48,49,53,53,52,53,52,0,60,0,62,0,0,,,,,0,,,,59,59,59,66,66,68,59,0,73,0,77,0,0,False,,,0,,,,,,0,50,groundball_rp,
P1261,Clemente,Binner,1997-07-26,74,172,Anglo,light,brown,beard,R,P,,1,RP,SP,,,,,50,,,,48,54,50,52,52,53,50,58,62,60,0,55,0,,,,,0,,,,45,55,49,57,48,56,50,62,64,58,0,60,0,False,,,0,,,,,,0,50,power_sp,
P3318,Hubert,Rommelfanger,1990-09-18,70,238,Anglo,medium,blonde,clean_shaven,L,P,,1,RP,SP,,,,,50,,,,52,53,50,52,54,50,52,60,62,0,0,0,0,,,,,0,,,,42,43,47,44,44,50,49,60,60,0,0,0,0,False,,,0,,,,,,0,50,finesse_sp,
P5059,Percy,Carter,1997-04-17,72,242,African,dark,brown,beard,R,C,,0,,,50,50,48,49,51,50,59,51,50,49,,,,,,,,,,,,48,50,47,48,51,0,0,51,55,50,,,,,,,,,,,,False,,,0,,,,,,0,50,,average
P5532,Mikel,Bogaert,1995-07-29,69,186,Anglo,light,black,clean_shaven,L,1B,,0,,,51,54,49,50,52,50,47,49,50,48,,,,,,,,,,,,52,57,49,52,52,0,0,49,47,53,,,,,,,,,,,,False,,,0,,,,,,0,50,,balanced
P9254,Hal,Chauncey,1995-03-03,70,172,Anglo,light,black,beard,R,2B,,0,,,52,48,70,55,50,50,58,49,51,50,,,,,,,,,,,,52,48,72,55,50,0,0,49,53,52,,,,,,,,,,,,False,,,0,,,,,,0,50,,speed
P6893,Otto,Parlor,1992-05-27,73,167,Anglo,light,red,mustache,S,3B,,0,,,67,49,51,53,49,49,55,49,48,49,,,,,,,,,,,,67,48,41,51,49,0,0,49,39,45,,,,,,,,,,,,False,,,0,,,,,,0,50,,spray
P9656,Anderson,Molinski,1989-12-21,69,193,Anglo,medium,brown,beard,R,SS,,0,,,52,50,92,49,49,48,60,48,52,49,,,,,,,,,,,,52,43,91,39,49,0,0,48,51,42,,,,,,,,,,,,False,,,0,,,,,,0,50,,elite_speed
P7068,Xavier,Baker,1993-08-02,73,223,African,dark,black,clean_shaven,L,LF,,0,,,51,63,51,51,48,52,48,49,48,49,,,,,,,,,,,,44,54,48,45,48,0,0,49,43,39,,,,,,,,,,,,False,,,0,,,,,,0,50,,power
P2830,Darnell,Jefferson,1991-09-19,77,244,African,dark,black,clean_shaven,L,CF,,0,,,54,51,78,52,53,52,45,49,47,52,,,,,,,,,,,,54,51,69,50,53,0,0,49,41,46,,,,,,,,,,,,False,,,0,,,,,,0,50,,speed
P3962,Tyrone,Gaines,2002-12-23,70,218,African,medium,brown,goatee,S,RF,,0,,,51,54,49,50,48,51,50,47,49,50,,,,,,,,,,,,56,63,56,65,48,0,0,47,62,63,,,,,,,,,,,,False,,,0,,,,,,0,50,,average
P6294,Anthony,Gouthier,1993-11-27,78,197,Anglo,light,brown,goatee,R,3B,,0,,,51,53,51,50,52,51,59,49,51,48,,,,,,,,,,,,49,47,48,44,52,0,0,49,47,38,,,,,,,,,,,,False,,,0,,,,,,0,50,,balanced
P4629,Cedric,Jackson,1998-03-13,73,165,African,dark,black,mustache,L,1B,,0,,,50,58,49,51,52,52,47,52,48,51,,,,,,,,,,,,56,67,61,61,52,0,0,52,61,64,,,,,,,,,,,,False,,,0,,,,,,0,50,,balanced
P3654,Thanh,Wellen,2004-04-03,70,243,Anglo,light,black,clean_shaven,L,1B,,0,,,53,59,53,50,48,50,49,53,50,51,,,,,,,,,,,,70,72,68,60,48,0,0,53,64,65,,,,,,,,,,,,False,,,0,,,,,,0,50,,balanced
P8873,Tommy,Hanlon,2003-09-18,74,227,Anglo,medium,brown,clean_shaven,R,LF,,0,,,52,49,53,52,48,52,57,49,51,53,,,,,,,,,,,,60,57,60,67,48,0,0,49,64,62,,,,,,,,,,,,False,,,0,,,,,,0,50,,balanced
P5227,Xavier,Jackson,1994-05-30,77,184,African,dark,brown,clean_shaven,L,3B,,0,,,60,48,51,50,51,49,50,50,48,49,,,,,,,,,,,,61,48,55,53,51,0,0,50,43,44,,,,,,,,,,,,False,,,0,,,,,,0,50,,spray
P4276,Emerson,Mcgraff,2001-04-23,77,205,Anglo,light,brown,clean_shaven,R,2B,,0,,,57,48,53,56,53,49,58,50,49,51,,,,,,,,,,,,67,59,66,65,53,0,0,50,57,56,,,,,,,,,,,,False,,,0,,,,,,0,50,,spray
P4479,Tyrone,Taylor,2003-10-17,69,184,African,dark,black,clean_shaven,S,P,,1,RP,CL,,,,,55,,,,53,52,49,52,52,51,55,58,0,67,0,0,0,,,,,0,,,,66,64,62,57,58,58,69,64,0,76,0,0,0,False,,,0,,,,,,0,50,closer,
P7297,Hunter,Chmura,1987-06-07,73,224,Anglo,light,brown,clean_shaven,L,P,,1,RP,SP,,,,,48,,,,53,48,54,51,52,53,53,62,60,60,58,0,0,,,,,0,,,,44,38,51,45,46,47,46,58,57,51,51,0,0,False,,,0,,,,,,0,50,balanced_sp,
P4277,Dannie,Ercolano,2002-03-22,78,199,Anglo,medium,black,mustache,R,P,,1,RP,SP,,,,,51,,,,49,51,51,50,54,50,52,60,59,60,0,54,0,,,,,0,,,,62,56,62,69,58,62,61,67,69,68,0,62,0,False,,,0,,,,,,0,50,balanced_sp,
P3522,Jarod,Wedner,1992-11-01,71,245,Anglo,medium,black,clean_shaven,R,P,,1,RP,RP,,,,,53,,,,51,49,47,50,54,52,52,61,62,0,0,0,0,,,,,0,,,,48,40,45,54,45,48,42,55,59,0,0,0,0,False,,,0,,,,,,0,50,finesse_rp,
P7055,Todd,Denoyer,1992-07-07,78,224,Anglo,light,black,mustache,L,P,,1,RP,RP,,,,,52,,,,47,50,53,53,52,52,51,58,60,65,0,0,0,,,,,0,,,,42,44,45,52,44,46,48,57,55,62,0,0,0,False,,,0,,,,,,0,50,finesse_rp,
P2335,Percy,Taylor,1999-03-27,69,183,African,dark,brown,beard,R,P,,1,RP,RP,,,,,49,,,,50,51,50,50,52,51,56,0,60,0,0,0,0,,,,,0,,,,63,60,56,62,62,56,68,0,75,0,0,0,0,False,,,0,,,,,,0,50,power_rp,
P1908,Cedric,Jefferson,2001-05-29,73,205,African,dark,black,clean_shaven,L,P,,1,RP,RP,,,,,53,,,,51,49,51,50,52,50,54,0,59,0,0,0,0,,,,,0,,,,63,61,65,63,61,55,60,0,74,0,0,0,0,False,,,0,,,,,,0,50,power_rp,
P2068,Tim,Wannamaker,2001-07-13,74,203,Anglo,light,brown,clean_shaven,R,RF,,0,,,48,48,50,50,51,52,50,51,49,52,,,,,,,,,,,,63,63,56,57,51,0,0,51,54,59,,,,,,,,,,,,False,,,0,,,,,,0,50,,average
P9568,Antonia,Eliezrie,1993-01-28,75,201,Anglo,medium,brown,mustache,L,1B,,0,,,49,51,70,51,50,47,48,52,50,50,,,,,,,,,,,,43,42,67,45,50,0,0,52,42,50,,,,,,,,,,,,False,,,0,,,,,,0,50,,speed
P7746,Archie,Sillitti,2003-05-27,74,246,Anglo,medium,black,clean_shaven,L,1B,,0,,,51,48,70,52,50,52,43,51,52,51,,,,,,,,,,,,64,57,79,65,50,0,0,51,62,57,,,,,,,,,,,,False,,,0,,,,,,0,50,,speed
P2780,Weldon,Caughman,1996-10-07,75,185,Anglo,medium,brown,beard,L,C,,0,,,52,52,50,51,50,49,51,51,51,49,,,,,,,,,,,,53,49,49,49,50,0,0,51,51,50,,,,,,,,,,,,False,,,0,,,,,,0,50,,average
P3040,Chang,Imbesi,1988-08-31,71,212,Anglo,medium,red,beard,R,SS,,0,,,51,49,83,49,50,48,58,49,51,49,,,,,,,,,,,,48,48,77,47,50,0,0,49,43,45,,,,,,,,,,,,False,,,0,,,,,,0,50,,speed
P4418,Curt,Jozsa,1997-12-18,76,199,Anglo,light,black,beard,R,SS,,0,,,51,51,70,49,51,47,62,51,50,50,,,,,,,,,,,,47,50,75,53,51,0,0,51,45,55,,,,,,,,,,,,False,,,0,,,,,,0,50,,speed
P5634,Austin,Reginaldo,2002-07-09,69,227,Anglo,light,brown,clean_shaven,R,3B,,0,,,61,60,49,51,50,51,57,51,52,51,,,,,,,,,,,,76,66,64,61,50,0,0,51,63,62,,,,,,,,,,,,False,,,0,,,,,,0,50,,gap
P2414,Don,Leaks,1997-03-29,75,243,Anglo,medium,red,goatee,R,2B,,0,,,56,48,49,55,51,46,55,50,49,52,,,,,,,,,,,,54,47,48,52,51,0,0,50,53,55,,,,,,,,,,,,False,,,0,,,,,,0,50,,spray
P4970,Kyle,Henley,2007-09-29,68,212,Anglo,light,black,clean_shaven,S,P,,1,RP,CL,,,,,55,,,,48,50,52,52,52,53,55,0,0,66,0,0,0,,,,,0,,,,62,75,63,73,66,69,71,0,0,77,0,0,0,False,,,0,,,,,,0,50,closer,
P7765,Seymour,Grew,2008-02-07,70,169,Anglo,light,brown,clean_shaven,R,P,,1,RP,SP,,,,,51,,,,50,54,53,51,52,49,53,0,64,61,55,0,0,,,,,0,,,,65,70,65,73,63,65,63,0,93,84,67,0,0,False,,,0,,,,,,0,50,power_sp,
P4032,Jamal,Washington,2007-09-07,73,172,African,dark,black,clean_shaven,S,P,,1,RP,RP,,,,,51,,,,49,49,48,52,53,49,48,60,60,0,0,0,0,,,,,0,,,,70,59,79,75,74,74,69,88,89,0,0,0,0,False,,,0,,,,,,0,50,finesse_rp,
P7414,Rupert,Dafonte,2006-02-26,77,241,Anglo,dark,blonde,clean_shaven,R,P,,1,RP,SP,,,,,49,,,,51,54,54,50,52,49,54,62,63,60,0,55,0,,,,,0,,,,63,76,61,77,71,73,84,84,76,73,0,75,0,False,,,0,,,,,,0,50,power_sp,
P2199,Xavier,King,2006-01-24,74,180,African,dark,black,goatee,R,P,,1,RP,SP,,,,,50,,,,49,52,54,53,52,52,53,60,0,62,0,0,0,,,,,0,,,,73,79,76,69,66,78,80,90,0,91,0,0,0,False,,,0,,,,,,0,50,balanced_sp,
P2794,Jermaine,Jackson,2007-07-02,78,208,African,dark,black,clean_shaven,S,3B,,0,,,62,52,49,52,51,51,56,53,50,52,,,,,,,,,,,,82,64,71,76,51,0,0,53,74,65,,,,,,,,,,,,False,,,0,,,,,,0,50,,spray
P8542,Malik,Gaines,2005-08-10,78,172,African,dark,black,clean_shaven,R,C,,0,,,62,51,48,50,53,50,57,52,50,50,,,,,,,,,,,,87,64,65,78,53,0,0,52,78,65,,,,,,,,,,,,False,,,0,,,,,,0,50,,spray
P6773,Neal,Vollman,2004-05-14,71,241,Anglo,light,brown,clean_shaven,R,2B,,0,,,57,49,48,54,51,50,55,50,50,48,,,,,,,,,,,,87,65,71,78,51,0,0,50,77,59,,,,,,,,,,,,False,,,0,,,,,,0,50,,balanced
P8282,Louis,Chancy,2004-07-06,75,169,Anglo,medium,brown,clean_shaven,R,CF,,0,,,60,53,52,52,53,50,57,51,48,51,,,,,,,,,,,,77,77,65,65,53,0,0,51,66,61,,,,,,,,,,,,False,,,0,,,,,,0,50,,spray
P3312,Kendrick,Denogean,2006-06-07,77,167,Anglo,light,brown,mustache,L,RF,,0,,,49,58,49,48,48,51,48,49,51,51,,,,,,,,,,,,69,70,72,75,48,0,0,49,72,78,,,,,,,,,,,,False,,,0,,,,,,0,50,,power
P4918,Jacinto,Kupchinsky,2003-06-06,70,162,Anglo,dark,blonde,clean_shaven,S,P,,1,RP,CL,,,,,55,,,,49,53,51,53,57,50,55,58,59,65,0,0,0,,,,,0,,,,61,61,64,70,59,65,70,65,72,71,0,0,0,False,,,0,,,,,,0,50,closer,
P9494,Todd,Andreoni,1989-09-10,69,172,Anglo,light,black,clean_shaven,L,P,,1,RP,RP,,,,,52,,,,49,49,49,51,54,50,50,58,62,0,0,0,0,,,,,0,,,,42,47,49,46,41,46,49,53,61,0,0,0,0,False,,,0,,,,,,0,50,finesse_rp,
P6682,Asa,Marchell,1989-12-14,73,197,Anglo,light,black,clean_shaven,L,P,,1,RP,SP,,,,,51,,,,52,51,51,51,52,49,50,60,62,57,58,0,0,,,,,0,,,,51,51,47,48,51,45,48,58,59,52,48,0,0,False,,,0,,,,,,0,50,groundball_sp,
P1429,Deandre,Eshlerman,1990-09-07,75,219,Anglo,light,black,clean_shaven,S,P,,1,RP,SP,,,,,48,,,,50,51,54,53,53,50,51,61,59,0,59,58,0,,,,,0,,,,43,48,51,45,54,43,43,57,59,0,49,49,0,False,,,0,,,,,,0,50,finesse_sp,
P1289,Jonas,Moser,1998-02-28,68,203,Anglo,light,brown,clean_shaven,S,P,,1,RP,SP,,,,,50,,,,52,52,51,53,52,51,54,0,60,61,58,0,0,,,,,0,,,,52,47,53,56,46,55,55,0,59,63,59,0,0,False,,,0,,,,,,0,50,groundball_sp,
P7351,Nigel,Bielecki,1995-01-03,72,232,Anglo,medium,blonde,goatee,R,P,,1,RP,RP,,,,,52,,,,50,50,49,52,53,53,50,58,60,64,0,0,0,,,,,0,,,,50,52,47,49,54,57,51,60,65,68,0,0,0,False,,,0,,,,,,0,50,finesse_rp,
P8781,Kurt,Vangompel,1989-03-28,73,250,Anglo,dark,red,mustache,R,P,,1,RP,SP,,,,,49,,,,52,53,52,53,54,49,49,59,59,60,0,0,0,,,,,0,,,,50,44,47,44,48,43,48,56,56,54,0,0,0,False,,,0,,,,,,0,50,workhorse_sp,
P7982,Odis,Carney,2004-12-07,77,163,Anglo,light,black,clean_shaven,L,P,,1,RP,SP,,,,,49,,,,49,53,51,51,52,49,54,0,60,62,0,0,0,,,,,0,,,,75,64,81,74,63,66,70,0,75,87,0,0,0,False,,,0,,,,,,0,50,power_sp,
P7369,Reed,Hohiudden,1992-09-25,69,160,Anglo,light,blonde,clean_shaven,R,P,,1,RP,CL,,,,,49,,,,49,53,51,50,53,49,55,0,0,65,0,0,0,,,,,0,,,,45,50,40,53,43,48,46,0,0,56,0,0,0,False,,,0,,,,,,0,50,closer,
P9936,Jason,Wunderlich,1999-09-05,75,205,Anglo,light,brown,beard,R,P,,1,RP,RP,,,,,50,,,,50,52,49,50,52,52,53,0,59,0,0,0,0,,,,,0,,,,59,57,58,63,64,67,59,0,71,0,0,0,0,False,,,0,,,,,,0,50,power_rp,
P5793,Milford,Hickernell,1993-04-27,72,184,Anglo,dark,black,goatee,R,P,,1,RP,SP,,,,,49,,,,49,52,52,51,54,50,50,63,60,0,0,0,0,,,,,0,,,,42,42,48,47,46,43,47,54,60,0,0,0,0,False,,,0,,,,,,0,50,finesse_sp,
P1952,Adan,Gradillas,1989-06-25,78,174,Anglo,light,brown,mustache,L,C,,0,,,53,51,48,51,52,52,47,51,50,48,,,,,,,,,,,,48,49,47,50,52,0,0,51,48,43,,,,,,,,,,,,False,,,0,,,,,,0,50,,balanced
P8461,Dexter,Chirco,1996-01-24,74,172,Anglo,light,blonde,clean_shaven,R,1B,,0,,,51,63,51,49,50,54,55,53,48,51,,,,,,,,,,,,53,65,46,51,50,0,0,53,45,47,,,,,,,,,,,,False,,,0,,,,,,0,50,,power
P8974,Silas,Layell,1994-07-14,78,167,Anglo,light,brown,beard,R,2B,,0,,,59,49,50,56,53,48,54,52,52,52,,,,,,,,,,,,61,47,50,51,53,0,0,52,49,51,,,,,,,,,,,,False,,,0,,,,,,0,50,,spray
P3640,Gail,Vickery,1996-05-11,68,214,Anglo,light,blonde,beard,L,3B,,0,,,50,53,49,51,49,51,50,49,48,48,,,,,,,,,,,,52,56,48,53,49,0,0,49,45,51,,,,,,,,,,,,False,,,0,,,,,,0,50,,balanced
P8163,Luther,Weirauch,1995-01-20,75,178,Anglo,dark,brown,clean_shaven,S,SS,,0,,,49,50,51,51,51,50,51,49,48,51,,,,,,,,,,,,53,45,53,55,51,0,0,49,46,47,,,,,,,,,,,,False,,,0,,,,,,0,50,,average
P2653,Isiah,Cruikshank,2002-03-28,69,210,Anglo,light,red,clean_shaven,R,LF,,0,,,48,59,48,49,49,53,55,49,51,50,,,,,,,,,,,,62,71,60,58,49,0,0,49,65,64,,,,,,,,,,,,False,,,0,,,,,,0,50,,power
P9229,Bryan,Mclennon,2001-01-23,73,167,Anglo,light,blonde,clean_shaven,S,CF,,0,,,50,50,52,51,53,49,52,48,48,52,,,,,,,,,,,,60,63,66,56,53,0,0,48,53,67,,,,,,,,,,,,False,,,0,,,,,,0,50,,balanced
P3754,Alexis,Hadsall,1995-05-28,73,228,Anglo,light,brown,clean_shaven,R,RF,,0,,,50,49,50,50,49,53,56,49,48,50,,,,,,,,,,,,46,46,47,52,49,0,0,49,44,55,,,,,,,,,,,,False,,,0,,,,,,0,50,,average
P4117,Arlie,Kostka,1992-06-28,78,250,Anglo,light,brown,clean_shaven,R,C,,0,,,64,53,52,51,51,50,59,49,49,50,,,,,,,,,,,,58,51,46,46,51,0,0,49,46,44,,,,,,,,,,,,False,,,0,,,,,,0,50,,spray
P6580,Donald,Wollard,1995-07-12,73,211,Anglo,medium,blonde,clean_shaven,L,1B,,0,,,60,52,50,50,49,50,49,50,50,50,,,,,,,,,,,,59,56,50,46,49,0,0,50,49,55,,,,,,,,,,,,False,,,0,,,,,,0,50,,spray
P2755,Dewayne,Kuhr,1999-10-25,68,197,Anglo,light,red,clean_shaven,R,LF,,0,,,52,51,51,50,50,49,57,49,48,49,,,,,,,,,,,,60,61,63,56,50,0,0,49,57,55,,,,,,,,,,,,False,,,0,,,,,,0,50,,average
P7909,Francesco,Camferdam,1992-07-16,75,211,Anglo,medium,brown,clean_shaven,R,SS,2B,0,,,61,49,54,53,51,50,55,50,49,48,,,,,,,,,,,,59,41,46,44,51,0,0,50,46,42,,,,,,,,,,,,False,,,0,,,,,,0,50,,spray
P5828,Terrance,Sidi,1987-09-08,72,227,Anglo,light,brown,beard,L,RF,,0,,,53,50,49,51,51,51,43,50,51,53,,,,,,,,,,,,52,42,39,48,51,0,0,50,45,43,,,,,,,,,,,,False,,,0,,,,,,0,50,,average
P7154,Margarito,Mako,1996-03-24,78,168,Anglo,light,red,clean_shaven,L,1B,,0,,,51,60,49,49,50,51,48,52,48,52,,,,,,,,,,,,54,61,46,47,50,0,0,52,52,47,,,,,,,,,,,,False,,,0,,,,,,0,50,,power
P9330,Anderson,Wieben,2004-12-17,78,180,Anglo,light,brown,clean_shaven,R,P,,1,RP,CL,,,,,55,,,,51,52,48,50,52,49,55,0,58,67,0,0,0,,,,,0,,,,68,81,61,70,76,59,77,0,84,94,0,0,0,False,,,0,,,,,,0,50,closer,
P4154,Chauncey,Thomison,1988-08-04,69,186,Anglo,light,blonde,clean_shaven,R,P,,1,RP,CL,,,,,52,,,,52,53,49,52,52,49,52,0,0,66,0,0,0,,,,,0,,,,45,52,46,45,48,47,45,0,0,64,0,0,0,False,,,0,,,,,,0,50,closer,
P4256,Shawn,Peralto,1989-10-18,70,214,Anglo,light,black,clean_shaven,L,P,,1,RP,SP,,,,,51,,,,52,53,53,53,53,53,53,0,62,0,59,0,0,,,,,0,,,,50,52,51,50,53,44,43,0,54,0,51,0,0,False,,,0,,,,,,0,50,groundball_sp,
P5788,Keith,Postuci,1998-05-29,76,162,Anglo,light,black,clean_shaven,R,P,,1,RP,SP,,,,,50,,,,49,51,52,51,53,49,51,59,62,58,61,0,0,,,,,0,,,,57,59,61,63,65,64,66,69,68,72,72,0,0,False,,,0,,,,,,0,50,groundball_sp,
P8863,Kerry,Demer,1991-05-21,73,220,Anglo,light,brown,clean_shaven,R,P,,1,RP,RP,,,,,49,,,,51,52,49,53,52,52,52,59,0,0,0,0,0,,,,,0,,,,44,46,44,46,40,51,52,54,0,0,0,0,0,False,,,0,,,,,,0,50,finesse_rp,
P9916,Jarod,Deconti,1992-03-05,75,169,Anglo,medium,black,beard,R,P,,1,RP,SP,,,,,48,,,,47,52,51,53,52,51,54,59,59,62,56,0,0,,,,,0,,,,40,50,51,44,45,50,51,56,56,61,53,0,0,False,,,0,,,,,,0,50,power_sp,
P1695,Abel,Bernhagen,1998-06-03,78,218,Anglo,light,brown,mustache,R,P,,1,RP,SP,,,,,51,,,,50,50,54,50,52,52,52,60,60,57,58,0,0,,,,,0,,,,56,59,61,59,62,64,59,65,67,71,65,0,0,False,,,0,,,,,,0,50,groundball_sp,
P1600,Dwain,Zoldesy,1992-07-29,68,168,Anglo,dark,blonde,goatee,R,1B,,0,,,52,64,49,49,51,49,58,50,52,52,,,,,,,,,,,,45,61,41,41,51,0,0,50,45,51,,,,,,,,,,,,False,,,0,,,,,,0,50,,power
P8220,David,Tuten,1987-12-03,77,220,Anglo,light,black,clean_shaven,R,3B,,0,,,55,48,54,51,53,51,56,48,52,53,,,,,,,,,,,,52,39,54,47,53,0,0,48,51,52,,,,,,,,,,,,False,,,0,,,,,,0,50,,spray
P7413,Felipe,Goodwater,2000-06-03,72,199,Anglo,light,brown,clean_shaven,R,1B,,0,,,48,52,52,51,51,50,54,52,52,50,,,,,,,,,,,,63,67,62,57,51,0,0,52,59,58,,,,,,,,,,,,False,,,0,,,,,,0,50,,average
P7996,Albert,Bertagnolli,1993-08-01,77,244,Anglo,light,brown,clean_shaven,L,LF,,0,,,50,64,46,49,48,52,49,52,49,51,,,,,,,,,,,,41,54,44,49,48,0,0,52,40,48,,,,,,,,,,,,False,,,0,,,,,,0,50,,power
P2793,Shirley,Arbetman,1990-05-18,77,179,Anglo,light,brown,clean_shaven,R,CF,,0,,,50,50,70,49,52,51,55,50,50,53,,,,,,,,,,,,40,49,70,47,52,0,0,50,43,47,,,,,,,,,,,,False,,,0,,,,,,0,50,,speed
P2326,Edwardo,Priore,2000-02-16,72,173,Anglo,light,blonde,clean_shaven,R,3B,,0,,,50,51,49,50,51,47,58,51,50,48,,,,,,,,,,,,58,58,55,56,51,0,0,51,65,60,,,,,,,,,,,,False,,,0,,,,,,0,50,,gap
P8545,Bruno,Stimage,1989-10-27,73,183,Anglo,light,red,goatee,R,C,,0,,,52,53,50,52,51,51,57,51,49,51,,,,,,,,,,,,49,44,47,42,51,0,0,51,49,46,,,,,,,,,,,,False,,,0,,,,,,0,50,,balanced
P8900,Shane,Polselli,2003-01-06,69,239,Anglo,light,black,clean_shaven,L,3B,,0,,,49,63,50,50,49,54,47,51,52,52,,,,,,,,,,,,64,75,62,60,49,0,0,51,60,66,,,,,,,,,,,,False,,,0,,,,,,0,50,,power
P9692,Gregorio,Cadle,2006-11-12,76,212,Anglo,medium,blonde,clean_shaven,L,P,,1,RP,CL,,,,,55,,,,50,50,48,50,52,50,55,57,60,65,0,0,0,,,,,0,,,,76,69,64,77,70,76,82,75,90,87,0,0,0,False,,,0,,,,,,0,50,closer,
P2550,Kristofer,Kinstle,2007-11-23,68,216,Anglo,dark,blonde,clean_shaven,S,P,,1,RP,RP,,,,,56,,,,48,53,50,52,52,49,52,60,0,0,62,0,0,,,,,0,,,,64,63,79,79,76,70,72,80,0,0,85,0,0,False,,,0,,,,,,0,50,groundball_rp,
P8621,Sam,Thamphia,2005-11-22,71,222,Anglo,light,black,clean_shaven,L,P,,1,RP,SP,,,,,52,,,,48,52,51,50,54,51,50,61,0,61,0,0,0,,,,,0,,,,77,68,60,68,76,67,63,89,0,81,0,0,0,False,,,0,,,,,,0,50,balanced_sp,
P9122,Lynn,Orrego,2005-10-15,74,214,Anglo,dark,black,beard,L,P,,1,RP,SP,,,,,51,,,,53,48,50,52,54,50,51,62,63,58,0,0,0,,,,,0,,,,67,67,75,66,71,65,69,82,92,82,0,0,0,False,,,0,,,,,,0,50,balanced_sp,
P4026,Margarito,Gouras,2007-05-18,74,212,Anglo,light,blonde,mustache,R,P,,1,RP,RP,,,,,53,,,,48,51,48,50,53,48,50,0,0,0,62,0,0,,,,,0,,,,72,68,73,78,72,61,80,0,0,0,78,0,0,False,,,0,,,,,,0,50,groundball_rp,
P6641,Newton,Schuetz,2007-08-01,70,238,Anglo,light,black,clean_shaven,S,LF,,0,,,54,57,52,53,49,49,52,49,49,49,,,,,,,,,,,,64,69,66,72,49,0,0,49,79,61,,,,,,,,,,,,False,,,0,,,,,,0,50,,gap
P5385,Ira,Chomka,2007-01-20,75,238,Anglo,light,brown,clean_shaven,R,2B,,0,,,58,48,50,54,49,48,57,51,51,53,,,,,,,,,,,,71,65,77,66,49,0,0,51,77,70,,,,,,,,,,,,False,,,0,,,,,,0,50,,spray
P1391,Pierre,Kolb,2007-03-13,75,217,Anglo,light,blonde,clean_shaven,L,3B,,0,,,51,49,52,52,50,49,48,49,50,48,,,,,,,,,,,,61,61,67,66,50,0,0,49,72,78,,,,,,,,,,,,False,,,0,,,,,,0,50,,balanced
P3341,Laurence,Camus,2007-08-23,77,161,Anglo,medium,brown,clean_shaven,L,RF,,0,,,49,58,50,50,53,50,50,51,51,49,,,,,,,,,,,,74,73,77,67,53,0,0,51,69,59,,,,,,,,,,,,False,,,0,,,,,,0,50,,balanced
P7652,Daron,Harmison,2006-05-18,72,209,Anglo,light,blonde,clean_shaven,R,SS,,0,,,51,53,52,52,51,49,59,51,49,49,,,,,,,,,,,,63,83,78,76,51,0,0,51,76,66,,,,,,,,,,,,False,,,0,,,,,,0,50,,gap
P1921,John,Doe,1999-09-13,68,171,Unknown,light,black,mustache,R,P,,1,RP,CL,,,,,55,,,,49,54,50,51,52,49,54,57,63,65,0,0,0,,,,,0,,,,64,59,58,60,60,61,62,68,68,70,0,0,0,False,,,0,,,,,,0,50,closer,
P7170,John,Doe,1998-04-15,72,180,Unknown,dark,black,clean_shaven,L,P,,1,RP,SP,,,,,48,,,,50,49,50,52,52,49,53,60,62,0,55,53,0,,,,,0,,,,63,63,65,61,58,61,64,68,67,0,60,64,0,False,,,0,,,,,,0,50,finesse_sp,
P7160,John,Doe,2002-07-03,69,208,Unknown,medium,brown,beard,L,P,,1,RP,CL,,,,,50,,,,51,53,50,53,61,50,52,0,0,65,0,0,0,,,,,0,,,,57,61,67,70,58,62,67,0,0,76,0,0,0,False,,,0,,,,,,0,50,closer,
P2537,John,Doe,1990-03-03,71,222,Unknown,medium,red,beard,R,P,,1,RP,SP,,,,,50,,,,51,51,51,51,54,52,49,60,60,61,0,0,0,,,,,0,,,,46,41,51,53,41,45,42,56,55,61,0,0,0,False,,,0,,,,,,0,50,balanced_sp,
P5753,John,Doe,1991-07-13,71,174,Unknown,light,brown,clean_shaven,R,P,,1,RP,SP,,,,,48,,,,52,49,52,51,52,50,53,61,0,62,0,0,0,,,,,0,,,,48,47,48,44,46,42,52,55,0,52,0,0,0,False,,,0,,,,,,0,50,balanced_sp,
P7227,John,Doe,2002-08-21,73,187,Unknown,dark,brown,clean_shaven,L,P,,1,RP,SP,,,,,54,,,,50,51,52,52,52,50,50,60,62,0,62,0,0,,,,,0,,,,61,59,63,65,61,65,56,66,71,0,72,0,0,False,,,0,,,,,,0,50,groundball_sp,
P5633,John,Doe,2000-08-30,74,224,Unknown,light,blonde,beard,L,P,,1,RP,RP,,,,,50,,,,49,49,50,50,54,50,52,0,62,67,0,0,0,,,,,0,,,,58,59,61,64,64,59,61,0,74,78,0,0,0,False,,,0,,,,,,0,50,power_rp,
P2239,John,Doe,1991-08-07,68,204,Unknown,medium,black,beard,L,P,,1,RP,RP,,,,,56,,,,51,50,49,51,54,53,52,0,0,0,62,0,0,,,,,0,,,,49,40,43,48,48,46,45,0,0,0,54,0,0,False,,,0,,,,,,0,50,groundball_rp,
P6768,John,Doe,2000-01-27,78,225,Unknown,medium,black,beard,S,P,,1,RP,SP,,,,,52,,,,51,52,54,50,52,51,54,58,62,63,58,0,0,,,,,0,,,,63,64,58,61,66,59,62,69,72,74,68,0,0,False,,,0,,,,,,0,50,power_sp,
P1014,John,Doe,1992-11-02,69,236,Unknown,medium,brown,clean_shaven,R,P,,1,RP,RP,,,,,55,,,,49,48,51,50,54,51,53,0,0,0,64,0,0,,,,,0,,,,42,42,44,46,41,46,48,0,0,0,57,0,0,False,,,0,,,,,,0,50,groundball_rp,
P4193,John,Doe,1988-07-09,68,244,Unknown,light,brown,mustache,R,P,,1,RP,SP,,,,,54,,,,49,51,54,51,54,53,53,60,59,0,59,0,0,,,,,0,,,,39,45,41,51,50,47,52,58,53,0,49,0,0,False,,,0,,,,,,0,50,groundball_sp,
P8090,John,Doe,1998-12-30,72,244,Unknown,dark,black,clean_shaven,R,C,,0,,,52,52,51,52,52,53,57,52,52,49,,,,,,,,,,,,61,57,62,66,52,0,0,52,57,61,,,,,,,,,,,,False,,,0,,,,,,0,50,,balanced
P4058,John,Doe,2002-11-13,70,240,Unknown,dark,brown,clean_shaven,R,1B,,0,,,51,61,53,50,49,53,56,52,52,52,,,,,,,,,,,,60,74,60,60,49,0,0,52,67,63,,,,,,,,,,,,False,,,0,,,,,,0,50,,power
P6917,John,Doe,1996-03-04,68,236,Unknown,light,brown,clean_shaven,R,2B,,0,,,54,49,52,50,51,50,58,50,49,50,,,,,,,,,,,,59,50,49,47,51,0,0,50,51,48,,,,,,,,,,,,False,,,0,,,,,,0,50,,balanced
P7890,John,Doe,1992-12-15,73,163,Unknown,light,black,clean_shaven,R,3B,,0,,,56,49,52,51,51,50,59,49,51,50,,,,,,,,,,,,47,39,45,41,51,0,0,49,46,47,,,,,,,,,,,,False,,,0,,,,,,0,50,,spray
P5684,John,Doe,1987-08-16,69,239,Unknown,light,brown,beard,R,SS,,0,,,50,50,78,52,53,47,58,52,52,50,,,,,,,,,,,,45,46,72,45,53,0,0,52,46,48,,,,,,,,,,,,False,,,0,,,,,,0,50,,speed
P2687,John,Doe,1994-08-06,69,185,Unknown,dark,blonde,beard,S,LF,,0,,,60,49,49,53,51,47,53,49,48,51,,,,,,,,,,,,65,51,51,55,51,0,0,49,53,51,,,,,,,,,,,,False,,,0,,,,,,0,50,,spray
P9407,John,Doe,1987-05-15,72,167,Unknown,dark,blonde,beard,R,CF,,0,,,52,47,72,53,52,49,54,49,48,51,,,,,,,,,,,,51,42,72,46,52,0,0,49,40,45,,,,,,,,,,,,False,,,0,,,,,,0,50,,speed
P2381,John,Doe,1998-07-24,68,176,Unknown,medium,black,clean_shaven,R,RF,LF,0,,,52,58,51,50,49,54,58,51,50,49,,,,,,,,,,,,59,67,57,59,49,0,0,51,65,62,,,,,,,,,,,,False,,,0,,,,,,0,50,,power
P3568,John,Doe,1992-07-27,75,240,Unknown,dark,blonde,beard,S,3B,LF,0,,,50,53,51,51,51,51,53,50,49,49,,,,,,,,,,,,42,53,42,45,51,0,0,50,45,45,,,,,,,,,,,,False,,,0,,,,,,0,50,,balanced
P1796,John,Doe,1998-05-04,74,210,Unknown,dark,brown,clean_shaven,R,2B,SS,0,,,51,49,48,52,53,49,57,49,48,52,,,,,,,,,,,,63,62,56,59,53,0,0,49,60,63,,,,,,,,,,,,False,,,0,,,,,,0,50,,balanced
P4029,John,Doe,1997-02-04,69,227,Unknown,dark,brown,mustache,S,3B,,0,,,52,58,49,51,47,53,53,49,52,51,,,,,,,,,,,,50,57,53,48,47,0,0,49,51,56,,,,,,,,,,,,False,,,0,,,,,,0,50,,power
P3474,John,Doe,2002-05-31,70,163,Unknown,dark,black,goatee,R,C,,0,,,52,54,51,52,49,51,58,49,50,50,,,,,,,,,,,,67,62,59,59,49,0,0,49,57,57,,,,,,,,,,,,False,,,0,,,,,,0,50,,balanced
P8712,John,Doe,1987-04-17,77,219,Unknown,medium,black,clean_shaven,L,RF,,0,,,63,51,49,54,53,49,47,51,47,51,,,,,,,,,,,,63,44,41,47,53,0,0,51,37,44,,,,,,,,,,,,False,,,0,,,,,,0,50,,spray
P3799,John,Doe,2004-03-22,68,205,Unknown,medium,brown,mustache,L,RF,,0,,,50,63,47,52,50,52,46,52,51,48,,,,,,,,,,,,67,86,76,70,50,0,0,52,70,60,,,,,,,,,,,,False,,,0,,,,,,0,50,,power
P5114,John,Doe,2000-10-13,72,210,Unknown,medium,brown,clean_shaven,R,P,,1,RP,CL,,,,,55,,,,48,52,49,50,52,52,53,56,59,65,0,0,0,,,,,0,,,,63,64,57,58,60,64,59,70,66,74,0,0,0,False,,,0,,,,,,0,50,closer,
P9348,John,Doe,1997-08-08,78,170,Unknown,dark,black,beard,S,P,,1,RP,SP,,,,,49,,,,53,48,52,53,54,48,53,62,62,61,0,53,0,,,,,0,,,,53,47,51,53,48,46,54,63,58,61,0,56,0,False,,,0,,,,,,0,50,workhorse_sp,
P6345,John,Doe,1993-10-18,68,238,Unknown,medium,brown,clean_shaven,R,P,,1,RP,SP,,,,,50,,,,53,50,54,51,54,50,54,0,61,62,0,0,0,,,,,0,,,,45,50,51,49,52,47,48,0,58,59,0,0,0,False,,,0,,,,,,0,50,power_sp,
P1976,John,Doe,1997-07-06,77,212,Unknown,medium,red,goatee,R,P,,1,RP,RP,,,,,53,,,,52,54,50,50,52,51,54,0,60,64,0,58,0,,,,,0,,,,47,57,46,56,55,50,51,0,58,65,0,57,0,False,,,0,,,,,,0,50,power_rp,
P3689,John,Doe,1991-10-27,68,222,Unknown,light,brown,goatee,R,P,,1,RP,SP,,,,,50,,,,48,50,53,51,52,48,50,60,60,62,0,57,0,,,,,0,,,,47,45,42,50,47,42,49,59,57,58,0,54,0,False,,,0,,,,,,0,50,power_sp,
P6197,John,Doe,2002-07-23,69,225,Unknown,medium,brown,mustache,S,P,,1,RP,SP,,,,,50,,,,51,53,53,52,52,49,52,60,61,61,0,0,0,,,,,0,,,,61,62,66,67,61,60,57,73,72,73,0,0,0,False,,,0,,,,,,0,50,balanced_sp,
P3630,John,Doe,1993-11-06,76,229,Unknown,medium,brown,clean_shaven,R,P,,1,RP,RP,,,,,54,,,,50,52,50,50,52,51,53,0,0,0,61,0,0,,,,,0,,,,47,43,44,42,48,46,49,0,0,0,54,0,0,False,,,0,,,,,,0,50,groundball_rp,
P6112,John,Doe,2004-06-07,69,202,Unknown,light,black,clean_shaven,R,2B,,0,,,67,50,53,57,51,49,58,48,49,53,,,,,,,,,,,,82,75,63,70,51,0,0,48,63,76,,,,,,,,,,,,False,,,0,,,,,,0,50,,spray
P1720,John,Doe,1995-09-17,69,186,Unknown,medium,brown,clean_shaven,L,SS,,0,,,52,49,50,51,52,51,47,51,50,48,,,,,,,,,,,,54,53,48,48,52,0,0,51,55,44,,,,,,,,,,,,False,,,0,,,,,,0,50,,average
P4667,John,Doe,1994-02-14,75,207,Unknown,light,black,clean_shaven,R,2B,,0,,,58,48,49,56,49,47,57,50,49,50,,,,,,,,,,,,50,45,49,49,49,0,0,50,46,49,,,,,,,,,,,,False,,,0,,,,,,0,50,,spray
P6463,John,Doe,2000-09-28,75,220,Unknown,dark,brown,beard,R,LF,,0,,,52,51,49,53,51,50,59,49,49,49,,,,,,,,,,,,62,61,60,60,51,0,0,49,55,55,,,,,,,,,,,,False,,,0,,,,,,0,50,,average
P6153,John,Doe,1994-04-22,75,198,Unknown,light,blonde,clean_shaven,S,C,,0,,,51,50,50,49,53,51,52,52,53,52,,,,,,,,,,,,46,45,50,44,53,0,0,52,58,55,,,,,,,,,,,,False,,,0,,,,,,0,50,,balanced
P3394,John,Doe,1989-01-08,71,238,Unknown,light,black,clean_shaven,R,SS,,0,,,52,48,85,51,52,50,60,50,51,51,,,,,,,,,,,,46,41,85,45,52,0,0,50,47,49,,,,,,,,,,,,False,,,0,,,,,,0,50,,elite_speed
P9935,John,Doe,1992-10-14,70,195,Unknown,medium,red,beard,R,3B,,0,,,53,49,48,49,50,52,59,53,50,50,,,,,,,,,,,,53,41,46,49,50,0,0,53,49,43,,,,,,,,,,,,False,,,0,,,,,,0,50,,average
P7923,John,Doe,1997-02-16,73,243,Unknown,medium,brown,mustache,R,C,,0,,,53,51,87,54,50,51,55,48,51,53,,,,,,,,,,,,55,52,83,51,50,0,0,48,53,56,,,,,,,,,,,,False,,,0,,,,,,0,50,,speed
P1563,John,Doe,2007-09-09,77,211,Unknown,medium,brown,clean_shaven,R,P,,1,RP,CL,,,,,55,,,,49,50,52,50,52,51,52,56,60,66,0,0,0,,,,,0,,,,77,75,62,78,75,76,78,67,84,90,0,0,0,False,,,0,,,,,,0,50,closer,
P5769,John,Doe,2005-12-20,77,213,Unknown,light,brown,clean_shaven,R,P,,1,RP,LR,,,,,53,,,,52,50,52,52,52,49,49,60,60,0,0,0,0,,,,,0,,,,75,65,63,82,66,70,62,82,74,0,0,0,0,False,,,0,,,,,,0,50,long_relief,
P7102,John,Doe,2007-12-23,78,250,Unknown,dark,brown,clean_shaven,L,P,,1,RP,SP,,,,,51,,,,48,54,52,51,52,50,53,61,63,59,0,53,0,,,,,0,,,,76,82,70,68,63,73,69,80,82,86,0,77,0,False,,,0,,,,,,0,50,power_sp,
P8428,John,Doe,2004-12-14,68,173,Unknown,dark,black,goatee,L,P,,1,RP,SP,,,,,54,,,,48,53,52,52,52,51,52,60,61,0,61,0,0,,,,,0,,,,73,73,81,73,77,73,75,84,83,0,71,0,0,False,,,0,,,,,,0,50,groundball_sp,
P3345,John,Doe,2004-05-17,75,232,Unknown,dark,black,clean_shaven,L,P,,1,RP,SP,,,,,48,,,,49,52,50,50,52,49,50,59,60,59,0,55,0,,,,,0,,,,71,78,66,71,63,62,64,82,87,87,0,80,0,False,,,0,,,,,,0,50,balanced_sp,
P6355,John,Doe,2005-11-12,70,247,Unknown,dark,black,clean_shaven,S,2B,,0,,,66,61,49,54,51,51,53,52,50,50,,,,,,,,,,,,91,74,72,77,51,0,0,52,70,74,,,,,,,,,,,,False,,,0,,,,,,0,50,,gap
P4076,John,Doe,2005-04-28,78,224,Unknown,dark,brown,beard,R,1B,,0,,,49,61,48,50,48,51,53,51,52,49,,,,,,,,,,,,67,89,61,63,48,0,0,51,80,60,,,,,,,,,,,,False,,,0,,,,,,0,50,,power
P6876,John,Doe,2006-07-15,75,200,Unknown,light,brown,clean_shaven,S,C,1B,0,,,49,50,49,50,52,49,55,48,51,50,,,,,,,,,,,,68,79,63,60,52,0,0,48,68,68,,,,,,,,,,,,False,,,0,,,,,,0,50,,average
P4351,John,Doe,2006-12-14,70,200,Unknown,light,brown,clean_shaven,L,SS,,0,,,52,50,85,52,50,47,51,51,52,47,,,,,,,,,,,,82,67,99,63,50,0,0,51,67,60,,,,,,,,,,,,False,,,0,,,,,,0,50,,elite_speed
P9722,John,Doe,2006-09-01,72,188,Unknown,light,blonde,mustache,R,C,,0,,,53,49,51,52,52,53,60,51,50,48,,,,,,,,,,,,64,60,73,81,52,0,0,51,61,76,,,,,,,,,,,,False,,,0,,,,,,0,50,,average
P3796,John,Doe,1987-04-28,72,202,Unknown,light,blonde,clean_shaven,R,P,,1,RP,CL,,,,,55,,,,51,51,50,51,52,52,52,0,0,67,0,0,0,,,,,0,,,,42,47,49,43,47,42,51,0,0,67,0,0,0,False,,,0,,,,,,0,50,closer,
P1903,John,Doe,1989-07-23,69,239,Unknown,light,black,clean_shaven,L,P,,1,RP,LR,,,,,52,,,,49,52,52,50,54,51,53,0,61,0,0,0,0,,,,,0,,,,43,42,43,53,43,42,52,0,59,0,0,0,0,False,,,0,,,,,,0,50,long_relief,
P6727,John,Doe,2001-12-30,73,212,Unknown,medium,black,mustache,L,P,,1,RP,RP,,,,,54,,,,52,51,49,51,52,51,51,59,0,0,0,0,0,,,,,0,,,,59,56,66,63,61,64,62,69,0,0,0,0,0,False,,,0,,,,,,0,50,finesse_rp,
P5031,John,Doe,1996-11-16,75,181,Unknown,medium,brown,mustache,S,P,,1,RP,RP,,,,,49,,,,51,53,52,50,52,53,54,0,64,63,0,0,0,,,,,0,,,,56,58,50,49,51,50,51,0,61,59,0,0,0,False,,,0,,,,,,0,50,power_rp,
P2867,John,Doe,1989-12-27,76,218,Unknown,light,black,mustache,L,P,,1,RP,SP,,,,,49,,,,52,49,54,50,53,48,51,59,62,61,0,0,0,,,,,0,,,,48,48,46,52,45,45,51,54,59,52,0,0,0,False,,,0,,,,,,0,50,balanced_sp,
P7485,John,Doe,1987-05-22,70,195,Unknown,medium,black,goatee,R,P,,1,RP,SP,,,,,48,,,,52,53,54,52,52,51,53,61,0,59,0,0,0,,,,,0,,,,46,50,49,48,51,44,50,55,0,49,0,0,0,False,,,0,,,,,,0,50,balanced_sp,
P1244,John,Doe,1995-03-12,76,197,Unknown,dark,brown,clean_shaven,R,P,,1,RP,CL,,,,,52,,,,50,53,50,51,52,50,55,61,62,65,0,0,0,,,,,0,,,,45,48,55,48,52,53,51,62,65,69,0,0,0,False,,,0,,,,,,0,50,closer,
P8397,John,Doe,2000-01-30,71,164,Unknown,dark,black,clean_shaven,R,P,,1,RP,SP,,,,,48,,,,49,52,51,53,52,51,49,61,59,61,0,0,0,,,,,0,,,,62,66,62,67,59,58,61,73,66,70,0,0,0,False,,,0,,,,,,0,50,finesse_sp,
P3084,John,Doe,1996-03-23,69,225,Unknown,light,black,goatee,R,P,,1,RP,RP,,,,,49,,,,52,54,51,50,53,52,53,59,61,66,0,0,0,,,,,0,,,,50,58,54,55,50,53,50,55,64,67,0,0,0,False,,,0,,,,,,0,50,power_rp,
P1110,John,Doe,2004-01-30,70,187,Unknown,light,black,clean_shaven,L,P,,1,RP,RP,,,,,53,,,,52,49,52,51,52,52,55,0,64,0,0,0,0,,,,,0,,,,57,58,63,64,61,63,65,0,69,0,0,0,0,False,,,0,,,,,,0,50,power_rp,
P1974,John,Doe,2004-09-26,70,245,Unknown,light,brown,clean_shaven,R,P,,1,RP,LR,,,,,54,,,,49,52,49,50,52,51,53,0,59,0,0,0,0,,,,,0,,,,79,66,64,82,60,80,71,0,72,0,0,0,0,False,,,0,,,,,,0,50,long_relief,
P4339,John,Doe,1999-07-25,75,187,Unknown,light,black,clean_shaven,R,C,,0,,,52,51,50,51,49,51,60,50,52,51,,,,,,,,,,,,66,58,55,56,49,0,0,50,60,60,,,,,,,,,,,,False,,,0,,,,,,0,50,,balanced
P5934,John,Doe,1992-03-04,73,210,Unknown,medium,brown,beard,R,1B,,0,,,48,58,51,48,48,51,56,51,48,52,,,,,,,,,,,,46,54,46,39,48,0,0,51,41,42,,,,,,,,,,,,False,,,0,,,,,,0,50,,power
P7580,John,Doe,1992-11-02,72,179,Unknown,dark,black,clean_shaven,R,2B,,0,,,56,49,50,53,51,52,57,50,53,50,,,,,,,,,,,,46,43,49,47,51,0,0,50,53,43,,,,,,,,,,,,False,,,0,,,,,,0,50,,balanced
P8144,John,Doe,1991-08-08,74,185,Unknown,dark,black,clean_shaven,L,3B,,0,,,55,49,49,50,52,50,49,53,52,49,,,,,,,,,,,,51,42,45,43,52,0,0,53,51,48,,,,,,,,,,,,False,,,0,,,,,,0,50,,spray
P1325,John,Doe,1994-07-08,68,223,Unknown,medium,brown,clean_shaven,R,SS,,0,,,51,48,52,50,51,50,59,53,52,50,,,,,,,,,,,,47,48,54,48,51,0,0,53,57,51,,,,,,,,,,,,False,,,0,,,,,,0,50,,average
P4093,John,Doe,2001-06-16,75,213,Unknown,light,black,clean_shaven,L,LF,,0,,,49,61,51,51,47,49,48,49,50,51,,,,,,,,,,,,55,66,66,65,47,0,0,49,57,60,,,,,,,,,,,,False,,,0,,,,,,0,50,,power
P5951,John,Doe,1994-04-07,78,204,Unknown,medium,brown,clean_shaven,R,CF,,0,,,51,50,70,51,53,49,54,48,47,48,,,,,,,,,,,,56,52,73,52,53,0,0,48,49,48,,,,,,,,,,,,False,,,0,,,,,,0,50,,speed
P5510,John,Doe,1989-03-31,77,237,Unknown,medium,red,clean_shaven,S,RF,,0,,,62,63,50,53,48,49,48,51,53,51,,,,,,,,,,,,58,60,50,45,48,0,0,51,53,48,,,,,,,,,,,,False,,,0,,,,,,0,50,,gap
P2009,John,Doe,1989-12-19,78,185,Unknown,light,blonde,beard,L,RF,,0,,,59,51,51,50,49,48,46,50,48,53,,,,,,,,,,,,54,46,43,43,49,0,0,50,39,45,,,,,,,,,,,,False,,,0,,,,,,0,50,,spray
P6545,John,Doe,1992-12-29,75,203,Unknown,dark,brown,mustache,R,C,,0,,,49,52,51,50,49,51,57,51,49,53,,,,,,,,,,,,45,44,43,47,49,0,0,51,46,46,,,,,,,,,,,,False,,,0,,,,,,0,50,,average
P3342,John,Doe,1997-10-09,73,208,Unknown,medium,black,clean_shaven,L,1B,,0,,,49,58,50,49,47,53,47,52,51,49,,,,,,,,,,,,49,54,54,52,47,0,0,52,50,45,,,,,,,,,,,,False,,,0,,,,,,0,50,,power
P7856,John,Doe,1990-03-01,75,244,Unknown,medium,brown,clean_shaven,R,2B,,0,,,52,51,77,54,54,50,60,49,50,48,,,,,,,,,,,,48,49,73,44,54,0,0,49,47,44,,,,,,,,,,,,False,,,0,,,,,,0,50,,speed
P7093,John,Doe,2002-02-02,72,217,Unknown,light,black,clean_shaven,R,LF,,0,,,54,48,50,52,53,47,55,51,50,51,,,,,,,,,,,,65,59,61,60,53,0,0,51,59,64,,,,,,,,,,,,False,,,0,,,,,,0,50,,spray
P9421,John,Doe,2002-02-17,74,173,Unknown,light,brown,clean_shaven,L,SS,,0,,,51,50,86,50,53,50,52,52,48,49,,,,,,,,,,,,58,59,95,59,53,0,0,52,62,63,,,,,,,,,,,,False,,,0,,,,,,0,50,,elite_speed
P5750,John,Doe,2000-05-13,71,194,Unknown,medium,black,clean_shaven,R,P,,1,RP,CL,,,,,55,,,,51,51,48,50,52,53,53,0,0,65,0,0,0,,,,,0,,,,66,60,58,66,56,64,58,0,0,80,0,0,0,False,,,0,,,,,,0,50,closer,
P1638,John,Doe,1991-05-14,78,183,Unknown,light,brown,beard,R,P,,1,RP,SP,,,,,53,,,,49,51,53,52,52,50,49,0,60,60,61,0,0,,,,,0,,,,47,46,46,44,52,41,47,0,57,60,61,0,0,False,,,0,,,,,,0,50,groundball_sp,
P3221,John,Doe,1994-06-18,71,232,Unknown,dark,black,clean_shaven,L,P,,1,RP,SP,,,,,51,,,,50,49,51,53,53,50,53,59,61,0,0,54,0,,,,,0,,,,48,48,49,50,56,48,53,60,57,0,0,56,0,False,,,0,,,,,,0,50,finesse_sp,
P1298,John,Doe,1988-03-06,69,202,Unknown,medium,black,beard,R,P,,1,RP,RP,,,,,57,,,,53,51,50,50,53,51,50,0,0,0,63,0,0,,,,,0,,,,46,42,50,44,50,43,45,0,0,0,58,0,0,False,,,0,,,,,,0,50,groundball_rp,
P4669,John,Doe,1999-10-31,69,217,Unknown,medium,black,mustache,L,P,,1,RP,RP,,,,,49,,,,49,51,52,52,52,51,53,61,62,0,0,0,0,,,,,0,,,,62,60,63,64,64,61,66,69,71,0,0,0,0,False,,,0,,,,,,0,50,finesse_rp,
P8592,John,Doe,2004-11-11,76,172,Unknown,medium,red,clean_shaven,R,P,,1,RP,LR,,,,,53,,,,49,50,50,51,52,51,53,58,0,66,0,0,0,,,,,0,,,,71,68,71,73,79,80,63,71,0,93,0,0,0,False,,,0,,,,,,0,50,long_relief,
P2203,John,Doe,1999-12-04,75,228,Unknown,light,brown,clean_shaven,S,P,,1,RP,SP,,,,,51,,,,50,51,52,53,52,51,52,59,60,59,55,0,0,,,,,0,,,,63,62,64,64,66,58,67,64,75,70,61,0,0,False,,,0,,,,,,0,50,finesse_sp,
P2292,John,Doe,1990-05-02,70,235,Unknown,medium,red,goatee,R,C,,0,,,54,54,51,53,52,51,59,50,52,50,,,,,,,,,,,,53,50,50,47,52,0,0,50,51,42,,,,,,,,,,,,False,,,0,,,,,,0,50,,balanced
P2302,John,Doe,1998-10-22,74,231,Unknown,medium,black,goatee,R,C,,0,,,51,53,50,52,52,49,57,52,49,52,,,,,,,,,,,,59,58,61,60,52,0,0,52,59,57,,,,,,,,,,,,False,,,0,,,,,,0,50,,balanced
P5695,John,Doe,2004-02-28,70,187,Unknown,light,black,clean_shaven,R,1B,,0,,,52,59,48,50,49,54,56,52,49,52,,,,,,,,,,,,82,78,64,74,49,0,0,52,74,66,,,,,,,,,,,,False,,,0,,,,,,0,50,,power
P6218,John,Doe,2001-04-10,68,200,Unknown,dark,brown,clean_shaven,R,LF,CF,0,,,52,62,48,49,50,50,59,50,50,53,,,,,,,,,,,,61,77,63,60,50,0,0,50,61,67,,,,,,,,,,,,False,,,0,,,,,,0,50,,power
P2689,John,Doe,2000-05-28,69,169,Unknown,medium,brown,clean_shaven,L,LF,1B,0,,,53,48,70,52,51,51,51,50,50,53,,,,,,,,,,,,65,59,80,66,51,0,0,50,56,63,,,,,,,,,,,,False,,,0,,,,,,0,50,,speed
P2949,John,Doe,1990-09-27,76,199,Unknown,dark,blonde,mustache,R,C,,0,,,60,48,50,50,49,48,56,49,52,49,,,,,,,,,,,,50,42,44,49,49,0,0,49,52,44,,,,,,,,,,,,False,,,0,,,,,,0,50,,spray
P3270,John,Doe,1995-03-09,72,244,Unknown,light,brown,goatee,R,2B,,0,,,52,49,48,52,51,51,55,50,52,52,,,,,,,,,,,,52,44,46,50,51,0,0,50,48,53,,,,,,,,,,,,False,,,0,,,,,,0,50,,average
P8259,John,Doe,2000-05-27,69,188,Unknown,dark,black,clean_shaven,L,1B,,0,,,53,61,47,52,49,49,47,52,50,51,,,,,,,,,,,,64,72,61,61,49,0,0,52,62,62,,,,,,,,,,,,False,,,0,,,,,,0,50,,power
P2368,John,Doe,2004-03-13,77,194,Unknown,dark,black,clean_shaven,R,P,,1,RP,CL,,,,,55,,,,52,52,52,51,52,50,54,0,0,65,0,0,0,,,,,0,,,,75,67,62,76,63,65,70,0,0,94,0,0,0,False,,,0,,,,,,0,50,closer,
P3131,John,Doe,2005-09-06,76,218,Unknown,light,blonde,clean_shaven,L,P,,1,RP,SP,,,,,48,,,,50,51,51,52,52,53,50,61,59,59,0,0,0,,,,,0,,,,74,72,64,68,73,79,63,76,84,70,0,0,0,False,,,0,,,,,,0,50,balanced_sp,
P8684,John,Doe,2004-06-01,70,239,Unknown,medium,black,mustache,R,P,,1,RP,SP,,,,,50,,,,49,52,51,52,52,52,52,60,0,60,62,0,0,,,,,0,,,,77,73,77,75,62,70,67,90,0,88,88,0,0,False,,,0,,,,,,0,50,groundball_sp,
P7448,John,Doe,2006-05-21,74,249,Unknown,dark,red,clean_shaven,R,P,,1,RP,RP,,,,,53,,,,51,50,49,52,52,49,50,0,61,0,0,0,0,,,,,0,,,,69,73,80,72,73,73,61,0,73,0,0,0,0,False,,,0,,,,,,0,50,finesse_rp,
P8500,John,Doe,2005-08-27,77,230,Unknown,light,black,clean_shaven,R,P,,1,RP,RP,,,,,48,,,,52,51,49,50,52,52,54,0,61,64,0,54,0,,,,,0,,,,81,70,65,65,66,65,77,0,79,83,0,69,0,False,,,0,,,,,,0,50,power_rp,
P7773,John,Doe,2007-03-27,70,193,Unknown,medium,black,clean_shaven,R,CF,,0,,,54,50,51,50,52,51,52,48,48,50,,,,,,,,,,,,77,79,80,77,52,0,0,48,72,65,,,,,,,,,,,,False,,,0,,,,,,0,50,,balanced
P1894,John,Doe,2004-11-25,72,209,Unknown,light,brown,clean_shaven,L,SS,,0,,,52,59,54,50,48,49,47,50,50,51,,,,,,,,,,,,66,77,64,69,48,0,0,50,73,81,,,,,,,,,,,,False,,,0,,,,,,0,50,,power
P3659,John,Doe,2004-06-13,75,193,Unknown,dark,red,clean_shaven,R,3B,,0,,,52,51,52,51,49,49,57,52,51,51,,,,,,,,,,,,66,78,69,68,49,0,0,52,62,75,,,,,,,,,,,,False,,,0,,,,,,0,50,,average
P6746,John,Doe,2006-02-06,77,227,Unknown,dark,brown,clean_shaven,R,LF,,0,,,64,52,50,49,54,50,56,51,52,51,,,,,,,,,,,,91,80,68,73,54,0,0,51,78,64,,,,,,,,,,,,False,,,0,,,,,,0,50,,spray
P9799,John,Doe,2006-05-19,78,244,Unknown,medium,black,beard,R,2B,,0,,,66,71,51,56,50,49,58,52,48,52,,,,,,,,,,,,87,86,70,70,50,0,0,52,61,67,,,,,,,,,,,,False,,,0,,,,,,0,50,,gap
P3739,John,Doe,1989-03-21,78,173,Unknown,dark,brown,goatee,R,P,,1,RP,CL,,,,,55,,,,51,54,50,50,52,50,55,57,60,66,0,0,0,,,,,0,,,,48,45,48,48,47,45,52,54,57,56,0,0,0,False,,,0,,,,,,0,50,closer,
P2230,John,Doe,1988-09-14,78,200,Unknown,medium,brown,clean_shaven,R,P,,1,RP,SP,,,,,48,,,,48,53,54,50,52,50,52,0,60,64,54,53,0,,,,,0,,,,45,49,40,52,52,40,50,0,60,61,52,45,0,False,,,0,,,,,,0,50,power_sp,
P7519,John,Doe,1987-10-01,76,231,Unknown,dark,blonde,clean_shaven,R,P,,1,RP,RP,,,,,53,,,,49,50,52,50,52,50,54,60,0,67,62,0,0,,,,,0,,,,41,46,42,44,48,48,47,55,0,58,56,0,0,False,,,0,,,,,,0,50,groundball_rp,
P3163,John,Doe,1997-05-29,74,193,Unknown,medium,brown,mustache,S,P,,1,RP,SP,,,,,48,,,,52,53,52,50,52,52,53,62,61,59,54,0,0,,,,,0,,,,56,52,54,55,52,50,50,61,64,57,57,0,0,False,,,0,,,,,,0,50,balanced_sp,
P9555,John,Doe,2002-04-10,75,196,Unknown,light,brown,clean_shaven,R,P,,1,RP,SP,,,,,51,,,,52,52,53,51,52,49,52,61,0,62,0,0,0,,,,,0,,,,60,59,59,58,64,62,66,76,0,67,0,0,0,False,,,0,,,,,,0,50,balanced_sp,
P6693,John,Doe,1996-01-27,69,186,Unknown,light,brown,clean_shaven,L,P,,1,RP,LR,,,,,52,,,,50,53,52,51,54,50,54,56,0,67,0,0,0,,,,,0,,,,45,53,49,52,47,45,55,52,0,68,0,0,0,False,,,0,,,,,,0,50,long_relief,
P1782,John,Doe,2004-02-16,72,237,Unknown,dark,brown,clean_shaven,R,P,,1,RP,SP,,,,,47,,,,48,51,54,51,52,49,53,59,60,61,56,0,0,,,,,0,,,,53,66,57,66,64,61,66,67,66,67,65,0,0,False,,,0,,,,,,0,50,power_sp,
P8232,John,Doe,2002-09-10,78,208,Unknown,medium,brown,mustache,R,P,,1,RP,SP,,,,,51,,,,52,50,52,50,52,53,51,0,59,57,60,0,0,,,,,0,,,,65,65,62,57,60,64,61,0,74,65,72,0,0,False,,,0,,,,,,0,50,groundball_sp,
P8564,John,Doe,2001-07-17,75,211,Unknown,light,black,clean_shaven,S,P,,1,RP,RP,,,,,53,,,,51,54,48,50,52,51,54,0,60,0,0,0,0,,,,,0,,,,60,60,56,59,59,65,68,0,66,0,0,0,0,False,,,0,,,,,,0,50,power_rp,
P8662,John,Doe,2002-05-25,70,207,Unknown,dark,brown,clean_shaven,R,P,,1,RP,RP,,,,,49,,,,48,50,50,52,53,48,54,0,59,65,0,0,0,,,,,0,,,,53,55,59,66,59,55,62,0,73,80,0,0,0,False,,,0,,,,,,0,50,power_rp,
P8230,John,Doe,1999-05-24,74,185,Unknown,dark,brown,clean_shaven,R,P,,1,RP,RP,,,,,50,,,,49,53,49,50,53,50,51,60,62,0,0,58,0,,,,,0,,,,61,66,65,62,54,57,66,71,72,0,0,71,0,False,,,0,,,,,,0,50,finesse_rp,
P4687,John,Doe,2004-07-11,73,192,Unknown,medium,blonde,clean_shaven,R,C,,0,,,50,49,49,49,49,52,55,52,52,50,,,,,,,,,,,,63,69,72,64,49,0,0,52,79,75,,,,,,,,,,,,False,,,0,,,,,,0,50,,average
P7244,John,Doe,1990-05-22,71,240,Unknown,light,brown,clean_shaven,L,1B,,0,,,51,58,50,51,49,51,48,52,52,48,,,,,,,,,,,,45,49,42,47,49,0,0,52,51,47,,,,,,,,,,,,False,,,0,,,,,,0,50,,power
P1064,John,Doe,1992-10-26,73,241,Unknown,medium,brown,clean_shaven,R,2B,,0,,,51,51,70,50,51,48,57,50,51,51,,,,,,,,,,,,45,51,64,42,51,0,0,50,44,46,,,,,,,,,,,,False,,,0,,,,,,0,50,,speed
P4778,John,Doe,2001-02-04,69,248,Unknown,light,brown,clean_shaven,R,3B,,0,,,48,48,49,49,48,51,58,49,48,49,,,,,,,,,,,,61,58,63,56,48,0,0,49,59,59,,,,,,,,,,,,False,,,0,,,,,,0,50,,average
P5081,John,Doe,1993-11-06,72,205,Unknown,light,brown,goatee,L,SS,,0,,,52,49,70,52,49,51,49,50,48,49,,,,,,,,,,,,46,41,67,43,49,0,0,50,40,47,,,,,,,,,,,,False,,,0,,,,,,0,50,,speed
P2223,John,Doe,1989-07-12,71,248,Unknown,dark,black,beard,S,LF,,0,,,53,49,70,53,54,52,54,49,50,51,,,,,,,,,,,,48,47,64,53,54,0,0,49,42,42,,,,,,,,,,,,False,,,0,,,,,,0,50,,speed
P8759,John,Doe,2000-06-16,69,237,Unknown,medium,brown,clean_shaven,R,CF,,0,,,50,47,70,52,53,49,53,50,51,50,,,,,,,,,,,,56,54,79,58,53,0,0,50,59,60,,,,,,,,,,,,False,,,0,,,,,,0,50,,speed
P1698,John,Doe,1992-10-26,73,178,Unknown,light,black,mustache,R,RF,,0,,,49,50,52,51,50,48,52,51,52,48,,,,,,,,,,,,41,41,48,45,50,0,0,51,44,45,,,,,,,,,,,,False,,,0,,,,,,0,50,,average
P1181,John,Doe,2002-01-15,73,172,Unknown,dark,black,beard,R,LF,,0,,,49,58,49,51,47,52,55,52,48,51,,,,,,,,,,,,62,66,56,60,47,0,0,52,55,66,,,,,,,,,,,,False,,,0,,,,,,0,50,,power
P8091,John,Doe,1989-04-16,72,174,Unknown,medium,brown,goatee,R,SS,,0,,,59,51,53,51,49,49,59,53,50,51,,,,,,,,,,,,54,41,47,47,49,0,0,53,43,42,,,,,,,,,,,,False,,,0,,,,,,0,50,,spray
P8908,John,Doe,2002-05-15,71,205,Unknown,medium,brown,clean_shaven,R,2B,,0,,,58,50,49,52,53,46,60,50,48,49,,,,,,,,,,,,72,59,61,64,53,0,0,50,63,58,,,,,,,,,,,,False,,,0,,,,,,0,50,,spray
P2901,John,Doe,1998-11-14,76,224,Unknown,light,brown,clean_shaven,R,RF,,0,,,50,57,51,51,50,51,51,49,52,48,,,,,,,,,,,,61,66,64,62,50,0,0,49,67,58,,,,,,,,,,,,False,,,0,,,,,,0,50,,power
P1962,John,Doe,1996-02-06,74,191,Unknown,medium,black,clean_shaven,R,SS,,0,,,53,49,87,50,50,49,58,50,51,51,,,,,,,,,,,,51,44,89,46,50,0,0,50,48,55,,,,,,,,,,,,False,,,0,,,,,,0,50,,speed
P1790,John,Doe,2001-09-01,74,213,Unknown,dark,brown,beard,R,RF,,0,,,52,61,48,49,48,52,55,49,50,52,,,,,,,,,,,,61,76,63,58,48,0,0,49,62,61,,,,,,,,,,,,False,,,0,,,,,,0,50,,power
P7217,John,Doe,1996-02-10,77,218,Unknown,dark,blonde,clean_shaven,L,P,,1,RP,CL,,,,,55,,,,50,52,50,50,54,51,55,0,61,65,0,0,0,,,,,0,,,,48,49,49,54,53,55,51,0,66,65,0,0,0,False,,,0,,,,,,0,50,closer,
P3593,John,Doe,1989-12-16,73,172,Unknown,medium,black,mustache,L,P,,1,RP,SP,,,,,49,,,,51,52,54,50,52,48,53,63,61,59,0,54,0,,,,,0,,,,45,47,47,44,50,46,52,55,51,52,0,47,0,False,,,0,,,,,,0,50,finesse_sp,
P2334,John,Doe,1992-09-22,68,232,Unknown,light,brown,clean_shaven,L,P,,1,RP,SP,,,,,51,,,,48,50,51,51,52,48,51,59,60,62,57,0,0,,,,,0,,,,45,47,44,51,48,41,42,56,60,54,51,0,0,False,,,0,,,,,,0,50,workhorse_sp,
P6297,John,Doe,1993-11-22,77,172,Unknown,dark,brown,goatee,L,P,,1,RP,SP,,,,,50,,,,48,52,52,52,53,49,51,63,60,58,0,0,0,,,,,0,,,,43,48,52,45,48,46,42,59,52,51,0,0,0,False,,,0,,,,,,0,50,balanced_sp,
P9851,John,Doe,1988-08-16,75,173,Unknown,medium,brown,clean_shaven,R,P,,1,RP,RP,,,,,49,,,,51,51,47,52,53,50,52,0,60,0,0,0,0,,,,,0,,,,41,43,44,47,41,41,47,0,58,0,0,0,0,False,,,0,,,,,,0,50,power_rp,
P3725,John,Doe,1997-11-29,78,179,Unknown,medium,black,clean_shaven,L,P,,1,RP,RP,,,,,53,,,,50,52,52,52,53,53,52,0,59,63,59,0,0,,,,,0,,,,54,56,54,55,54,56,55,0,54,58,64,0,0,False,,,0,,,,,,0,50,groundball_rp,
P5373,John,Doe,1997-11-28,75,202,Unknown,light,black,clean_shaven,R,P,,1,RP,SP,,,,,50,,,,51,50,54,50,54,53,51,58,64,62,0,56,0,,,,,0,,,,55,54,54,49,49,56,54,60,60,62,0,58,0,False,,,0,,,,,,0,50,power_sp,
P8993,John,Doe,2003-04-10,76,228,Unknown,dark,brown,clean_shaven,R,SS,,0,,,51,52,49,50,49,51,60,48,52,50,,,,,,,,,,,,62,60,62,64,49,0,0,48,61,62,,,,,,,,,,,,False,,,0,,,,,,0,50,,average
P1397,John,Doe,1999-03-13,72,174,Unknown,dark,brown,mustache,R,3B,,0,,,51,57,50,50,49,49,55,50,50,51,,,,,,,,,,,,61,68,60,64,49,0,0,50,55,61,,,,,,,,,,,,False,,,0,,,,,,0,50,,power
P2751,John,Doe,1994-09-22,70,222,Unknown,medium,blonde,clean_shaven,L,SS,,0,,,51,46,70,50,50,49,48,51,50,50,,,,,,,,,,,,51,50,68,45,50,0,0,51,53,47,,,,,,,,,,,,False,,,0,,,,,,0,50,,speed
P1819,John,Doe,1998-09-06,77,207,Unknown,medium,black,clean_shaven,R,RF,,0,,,50,49,70,49,50,52,56,52,50,48,,,,,,,,,,,,64,59,85,58,50,0,0,52,57,53,,,,,,,,,,,,False,,,0,,,,,,0,50,,speed
P9501,John,Doe,1995-09-13,74,226,Unknown,medium,brown,mustache,L,RF,,0,,,58,51,49,50,49,47,44,51,50,50,,,,,,,,,,,,63,46,53,54,49,0,0,51,51,54,,,,,,,,,,,,False,,,0,,,,,,0,50,,spray
P7723,John,Doe,1990-03-02,74,238,Unknown,light,black,beard,R,LF,,0,,,50,53,49,50,51,51,57,51,51,50,,,,,,,,,,,,45,45,39,48,51,0,0,51,42,48,,,,,,,,,,,,False,,,0,,,,,,0,50,,average
P2930,John,Doe,1988-05-24,68,225,Unknown,light,black,clean_shaven,R,RF,,0,,,52,63,51,50,51,53,55,48,50,51,,,,,,,,,,,,44,63,48,40,51,0,0,48,40,44,,,,,,,,,,,,False,,,0,,,,,,0,50,,power
P2577,John,Doe,2002-09-20,68,241,Unknown,dark,black,goatee,R,C,,0,,,53,53,50,52,51,51,58,51,52,53,,,,,,,,,,,,68,60,59,57,51,0,0,51,63,68,,,,,,,,,,,,False,,,0,,,,,,0,50,,balanced
P6182,John,Doe,2006-08-26,76,228,Unknown,light,black,clean_shaven,R,P,,1,RP,CL,,,,,55,,,,52,51,47,52,52,50,51,59,60,65,0,0,0,,,,,0,,,,79,74,62,72,69,62,64,85,80,91,0,0,0,False,,,0,,,,,,0,50,closer,
P4960,John,Doe,2006-12-19,73,196,Unknown,dark,brown,clean_shaven,S,P,,1,RP,SP,,,,,54,,,,51,53,52,51,52,52,52,60,59,59,61,0,0,,,,,0,,,,68,83,61,71,72,72,79,73,89,84,78,0,0,False,,,0,,,,,,0,50,groundball_sp,
P4855,John,Doe,2006-07-25,77,202,Unknown,dark,black,mustache,L,P,,1,RP,RP,,,,,53,,,,50,53,50,50,53,49,53,0,60,63,0,0,0,,,,,0,,,,72,70,67,78,62,76,63,0,79,73,0,0,0,False,,,0,,,,,,0,50,power_rp,
P4861,John,Doe,2005-06-16,76,224,Unknown,dark,black,clean_shaven,S,P,,1,RP,SP,,,,,52,,,,53,49,52,53,54,52,52,59,0,61,0,0,0,,,,,0,,,,72,67,74,77,69,73,69,80,0,76,0,0,0,False,,,0,,,,,,0,50,workhorse_sp,
P9139,John,Doe,2005-03-25,71,195,Unknown,light,blonde,clean_shaven,R,P,,1,RP,SP,,,,,49,,,,50,54,52,50,52,51,53,0,62,60,0,0,0,,,,,0,,,,80,70,62,76,71,71,75,0,78,78,0,0,0,False,,,0,,,,,,0,50,power_sp,
P2779,John,Doe,2004-04-14,76,224,Unknown,dark,black,clean_shaven,R,1B,,0,,,50,62,49,50,48,53,53,52,48,52,,,,,,,,,,,,61,78,68,76,48,0,0,52,73,62,,,,,,,,,,,,False,,,0,,,,,,0,50,,power
P5382,John,Doe,2007-01-12,69,217,Unknown,dark,brown,clean_shaven,L,RF,LF,0,,,57,51,48,54,51,50,43,50,50,52,,,,,,,,,,,,71,78,72,81,51,0,0,50,68,72,,,,,,,,,,,,False,,,0,,,,,,0,50,,spray
P8430,John,Doe,2004-08-30,75,243,Unknown,dark,brown,clean_shaven,R,2B,,0,,,60,47,50,56,52,49,56,49,49,50,,,,,,,,,,,,75,70,64,86,52,0,0,49,66,65,,,,,,,,,,,,False,,,0,,,,,,0,50,,spray
P6821,John,Doe,2004-04-17,75,166,Unknown,medium,blonde,clean_shaven,R,SS,,0,,,54,51,51,51,49,51,60,51,53,48,,,,,,,,,,,,69,73,71,78,49,0,0,51,77,63,,,,,,,,,,,,False,,,0,,,,,,0,50,,gap
P1862,John,Doe,2005-10-03,68,176,Unknown,medium,brown,clean_shaven,R,LF,,0,,,55,49,53,52,53,48,58,49,51,50,,,,,,,,,,,,76,68,64,72,53,0,0,49,65,74,,,,,,,,,,,,False,,,0,,,,,,0,50,,spray
P2371,John,Doe,2000-08-22,68,165,Unknown,light,blonde,goatee,R,P,,1,RP,CL,,,,,55,,,,49,52,49,51,52,53,56,0,60,65,0,0,0,,,,,0,,,,60,65,57,60,56,62,63,0,75,72,0,0,0,False,,,0,,,,,,0,50,closer,
P8636,John,Doe,1988-03-29,71,227,Unknown,light,black,clean_shaven,R,P,,1,RP,LR,,,,,50,,,,49,51,52,52,52,53,53,60,0,0,0,0,0,,,,,0,,,,46,49,46,45,42,46,47,60,0,0,0,0,0,False,,,0,,,,,,0,50,long_relief,
P5308,John,Doe,1994-11-22,68,196,Unknown,dark,brown,beard,R,P,,1,RP,SP,,,,,49,,,,50,49,54,53,52,53,50,63,59,60,0,0,0,,,,,0,,,,48,54,48,55,54,50,45,65,61,59,0,0,0,False,,,0,,,,,,0,50,finesse_sp,
P1229,John,Doe,1989-11-27,74,216,Unknown,medium,blonde,beard,R,P,,1,RP,SP,,,,,52,,,,50,52,52,50,52,52,51,60,60,60,61,0,0,,,,,0,,,,46,43,44,44,44,52,48,53,57,50,60,0,0,False,,,0,,,,,,0,50,groundball_sp,
P4221,John,Doe,1992-02-11,75,223,Unknown,dark,black,clean_shaven,L,P,,1,RP,SP,,,,,48,,,,49,48,52,50,53,50,51,59,62,59,0,0,0,,,,,0,,,,48,39,40,47,49,43,45,59,52,58,0,0,0,False,,,0,,,,,,0,50,balanced_sp,
P7252,John,Doe,2001-06-22,75,202,Unknown,medium,blonde,clean_shaven,S,P,,1,RP,RP,,,,,51,,,,52,49,50,52,52,52,52,0,60,0,0,0,0,,,,,0,,,,62,56,62,62,60,60,63,0,72,0,0,0,0,False,,,0,,,,,,0,50,finesse_rp,
P2740,John,Doe,1990-03-23,76,220,Unknown,medium,blonde,goatee,L,P,,1,RP,SP,,,,,53,,,,53,51,52,50,52,52,52,58,59,60,59,0,0,,,,,0,,,,47,50,42,51,42,47,50,48,53,50,58,0,0,False,,,0,,,,,,0,50,groundball_sp,
P1295,John,Doe,1999-04-09,76,181,Unknown,medium,brown,clean_shaven,R,P,,1,RP,RP,,,,,49,,,,49,49,48,51,53,51,51,57,60,0,0,0,0,,,,,0,,,,58,60,59,63,56,56,56,62,69,0,0,0,0,False,,,0,,,,,,0,50,finesse_rp,
P9238,John,Doe,1992-03-18,77,217,Unknown,medium,black,clean_shaven,L,P,,1,RP,RP,,,,,49,,,,48,50,52,50,52,49,51,57,0,0,0,0,0,,,,,0,,,,41,47,44,48,48,39,43,50,0,0,0,0,0,False,,,0,,,,,,0,50,finesse_rp,
P7353,John,Doe,1991-01-09,73,233,Unknown,dark,black,clean_shaven,R,P,,1,RP,SP,,,,,54,,,,51,50,51,51,54,52,52,0,0,60,62,0,0,,,,,0,,,,51,48,49,46,41,52,44,0,0,60,54,0,0,False,,,0,,,,,,0,50,groundball_sp,
P7035,John,Doe,2001-09-06,76,173,Unknown,medium,brown,mustache,R,P,,1,RP,SP,,,,,52,,,,48,52,50,53,53,50,52,62,63,0,0,0,0,,,,,0,,,,57,65,59,58,65,63,62,68,71,0,0,0,0,False,,,0,,,,,,0,50,balanced_sp,
P2821,John,Doe,1991-07-23,70,194,Unknown,dark,brown,mustache,R,C,,0,,,53,53,52,49,49,51,55,51,52,49,,,,,,,,,,,,51,48,44,45,49,0,0,51,50,42,,,,,,,,,,,,False,,,0,,,,,,0,50,,average
P3250,John,Doe,1997-08-23,78,162,Unknown,light,black,goatee,S,1B,,0,,,48,62,51,48,49,50,52,49,51,51,,,,,,,,,,,,49,62,54,44,49,0,0,49,48,49,,,,,,,,,,,,False,,,0,,,,,,0,50,,power
P2508,John,Doe,1995-03-08,73,175,Unknown,medium,brown,mustache,R,2B,,0,,,51,48,50,50,49,51,55,50,50,51,,,,,,,,,,,,46,45,54,47,49,0,0,50,49,48,,,,,,,,,,,,False,,,0,,,,,,0,50,,balanced
P6509,John,Doe,1987-06-18,75,191,Unknown,medium,blonde,beard,R,3B,,0,,,53,51,50,51,47,52,56,49,52,52,,,,,,,,,,,,52,44,49,41,47,0,0,49,46,42,,,,,,,,,,,,False,,,0,,,,,,0,50,,average
P4453,John,Doe,2000-09-19,77,173,Unknown,medium,black,clean_shaven,R,SS,,0,,,52,50,52,51,53,49,57,51,51,49,,,,,,,,,,,,62,59,62,66,53,0,0,51,66,58,,,,,,,,,,,,False,,,0,,,,,,0,50,,balanced
P7738,John,Doe,2003-09-13,76,228,Unknown,dark,brown,goatee,S,LF,,0,,,51,59,52,51,47,49,52,49,51,51,,,,,,,,,,,,57,69,64,63,47,0,0,49,66,57,,,,,,,,,,,,False,,,0,,,,,,0,50,,gap
P3918,John,Doe,1990-06-07,77,188,Unknown,light,black,mustache,R,CF,,0,,,53,46,70,51,53,50,57,51,52,49,,,,,,,,,,,,47,45,64,43,53,0,0,51,47,41,,,,,,,,,,,,False,,,0,,,,,,0,50,,speed
P8964,John,Doe,1992-09-26,72,166,Unknown,light,brown,clean_shaven,L,RF,,0,,,50,52,50,49,48,51,49,47,52,50,,,,,,,,,,,,46,49,50,48,48,0,0,47,43,50,,,,,,,,,,,,False,,,0,,,,,,0,50,,balanced
P4553,John,Doe,2004-05-20,75,161,Unknown,dark,black,clean_shaven,L,1B,,0,,,53,49,74,52,51,50,49,51,53,48,,,,,,,,,,,,76,65,88,70,51,0,0,51,63,61,,,,,,,,,,,,False,,,0,,,,,,0,50,,speed
P7509,John,Doe,1992-02-20,73,232,Unknown,dark,blonde,clean_shaven,R,C,,0,,,50,51,70,51,49,48,55,49,49,49,,,,,,,,,,,,42,48,60,44,49,0,0,49,46,48,,,,,,,,,,,,False,,,0,,,,,,0,50,,speed
P6026,John,Doe,1987-08-25,68,241,Unknown,dark,brown,beard,R,RF,,0,,,52,49,78,52,53,52,55,49,50,49,,,,,,,,,,,,51,42,75,43,53,0,0,49,40,44,,,,,,,,,,,,False,,,0,,,,,,0,50,,speed
P8119,John,Doe,1994-11-28,73,215,Unknown,light,blonde,beard,R,CF,,0,,,53,48,70,54,54,48,56,50,50,48,,,,,,,,,,,,56,47,75,53,54,0,0,50,55,52,,,,,,,,,,,,False,,,0,,,,,,0,50,,speed
P6808,John,Doe,1987-04-23,78,175,Unknown,light,brown,clean_shaven,L,1B,,0,,,51,52,70,51,51,51,48,49,52,51,,,,,,,,,,,,51,50,64,48,51,0,0,49,42,41,,,,,,,,,,,,False,,,0,,,,,,0,50,,speed
P8191,John,Doe,1991-02-11,70,228,Unknown,medium,blonde,mustache,R,1B,,0,,,50,57,49,51,50,52,53,52,49,51,,,,,,,,,,,,46,54,41,45,50,0,0,52,46,48,,,,,,,,,,,,False,,,0,,,,,,0,50,,balanced
P3018,John,Doe,1991-04-18,78,209,Unknown,medium,brown,clean_shaven,R,P,,1,RP,CL,,,,,55,,,,52,52,49,52,52,51,53,56,59,65,0,0,0,,,,,0,,,,46,47,48,45,41,47,44,53,49,61,0,0,0,False,,,0,,,,,,0,50,closer,
P4548,John,Doe,1990-04-06,75,202,Unknown,dark,brown,beard,L,P,,1,RP,SP,,,,,48,,,,48,51,54,53,52,49,52,61,62,0,0,0,0,,,,,0,,,,42,42,49,47,48,48,46,52,53,0,0,0,0,False,,,0,,,,,,0,50,finesse_sp,
P4206,John,Doe,1991-07-28,76,191,Unknown,medium,black,goatee,L,P,,1,RP,SP,,,,,51,,,,52,52,50,50,52,50,49,60,0,0,58,0,0,,,,,0,,,,47,45,42,45,42,42,47,52,0,0,49,0,0,False,,,0,,,,,,0,50,groundball_sp,
P5233,John,Doe,1990-08-21,70,212,Unknown,dark,brown,clean_shaven,L,P,,1,RP,CL,,,,,50,,,,51,54,50,51,54,50,54,0,60,67,0,0,0,,,,,0,,,,51,45,47,46,45,46,53,0,58,66,0,0,0,False,,,0,,,,,,0,50,closer,
P8127,John,Doe,2003-02-16,75,179,Unknown,dark,blonde,clean_shaven,R,P,,1,RP,SP,,,,,48,,,,51,53,53,50,54,50,54,60,63,0,0,0,0,,,,,0,,,,62,65,60,68,58,55,65,66,74,0,0,0,0,False,,,0,,,,,,0,50,balanced_sp,
P5685,John,Doe,1993-12-01,68,167,Unknown,medium,brown,clean_shaven,L,P,,1,RP,RP,,,,,49,,,,49,53,52,52,54,53,53,0,59,65,60,0,0,,,,,0,,,,47,52,52,50,44,51,50,0,54,58,58,0,0,False,,,0,,,,,,0,50,power_rp,
P7233,John,Doe,2002-02-27,71,220,Unknown,light,black,beard,S,P,,1,RP,RP,,,,,56,,,,52,50,52,52,52,53,52,0,59,0,60,0,0,,,,,0,,,,63,61,61,58,67,58,63,0,65,0,66,0,0,False,,,0,,,,,,0,50,groundball_rp,
P7878,John,Doe,1994-12-12,75,235,Unknown,medium,brown,clean_shaven,R,LF,,0,,,51,51,49,51,49,52,57,51,52,52,,,,,,,,,,,,56,53,52,55,49,0,0,51,49,50,,,,,,,,,,,,False,,,0,,,,,,0,50,,average
P6327,John,Doe,2001-01-04,70,242,Unknown,medium,brown,mustache,L,3B,,0,,,54,48,70,51,52,49,50,50,52,49,,,,,,,,,,,,65,63,84,62,52,0,0,50,65,60,,,,,,,,,,,,False,,,0,,,,,,0,50,,speed
P5619,John,Doe,2002-08-09,76,193,Unknown,medium,black,clean_shaven,R,1B,,0,,,50,64,50,51,47,50,56,49,48,50,,,,,,,,,,,,61,74,61,61,47,0,0,49,56,60,,,,,,,,,,,,False,,,0,,,,,,0,50,,power
P8137,John,Doe,1995-11-06,70,179,Unknown,light,brown,clean_shaven,S,1B,,0,,,51,59,48,50,49,54,50,51,49,49,,,,,,,,,,,,50,61,45,50,49,0,0,51,48,50,,,,,,,,,,,,False,,,0,,,,,,0,50,,power
P6937,John,Doe,1991-10-05,70,213,Unknown,medium,black,clean_shaven,R,SS,,0,,,49,50,49,49,53,52,58,49,49,52,,,,,,,,,,,,47,44,40,39,53,0,0,49,39,43,,,,,,,,,,,,False,,,0,,,,,,0,50,,balanced
P7950,John,Doe,2004-09-12,73,225,Unknown,dark,red,clean_shaven,L,C,,0,,,49,50,47,50,52,49,50,51,51,50,,,,,,,,,,,,71,62,75,66,52,0,0,51,75,60,,,,,,,,,,,,False,,,0,,,,,,0,50,,average
P7347,John,Doe,1992-06-01,71,210,Unknown,dark,brown,clean_shaven,L,1B,,0,,,50,62,52,51,51,50,48,50,51,49,,,,,,,,,,,,40,59,44,49,51,0,0,50,48,47,,,,,,,,,,,,False,,,0,,,,,,0,50,,power
P6435,John,Doe,2000-07-28,69,208,Unknown,medium,brown,clean_shaven,R,2B,,0,,,51,50,85,52,49,50,57,50,50,48,,,,,,,,,,,,64,62,99,67,49,0,0,50,55,54,,,,,,,,,,,,False,,,0,,,,,,0,50,,elite_speed
P1166,John,Doe,2006-03-16,70,233,Unknown,medium,black,clean_shaven,L,P,,1,RP,CL,,,,,55,,,,51,54,47,50,52,52,54,0,0,65,0,0,0,,,,,0,,,,66,84,61,67,59,80,84,0,0,80,0,0,0,False,,,0,,,,,,0,50,closer,
P4596,John,Doe,2006-08-23,77,248,Unknown,dark,brown,goatee,R,P,,1,RP,LR,,,,,50,,,,49,53,52,53,52,52,52,59,60,63,0,0,0,,,,,0,,,,70,72,65,66,66,62,70,73,74,75,0,0,0,False,,,0,,,,,,0,50,long_relief,
P4424,John,Doe,2004-08-26,74,249,Unknown,light,brown,clean_shaven,L,P,,1,RP,SP,,,,,52,,,,50,50,52,50,54,50,51,0,63,62,0,0,0,,,,,0,,,,62,67,70,64,66,73,80,0,79,76,0,0,0,False,,,0,,,,,,0,50,workhorse_sp,
P9298,John,Doe,2006-06-07,72,227,Unknown,medium,brown,clean_shaven,S,P,,1,RP,SP,,,,,50,,,,49,51,51,53,52,51,50,0,62,61,0,0,0,,,,,0,,,,71,64,78,82,81,74,80,0,74,71,0,0,0,False,,,0,,,,,,0,50,workhorse_sp,
P2098,John,Doe,2005-06-02,71,236,Unknown,medium,brown,clean_shaven,L,P,,1,RP,RP,,,,,54,,,,52,51,51,53,54,49,53,0,0,0,63,0,0,,,,,0,,,,81,75,68,77,66,66,65,0,0,0,75,0,0,False,,,0,,,,,,0,50,groundball_rp,
P7253,John,Doe,2007-05-31,68,202,Unknown,dark,black,clean_shaven,R,LF,,0,,,62,50,53,50,51,50,58,51,52,49,,,,,,,,,,,,79,78,69,72,51,0,0,51,73,79,,,,,,,,,,,,False,,,0,,,,,,0,50,,spray
P7532,John,Doe,2005-07-30,71,250,Unknown,light,brown,beard,R,SS,,0,,,68,49,52,53,50,51,58,53,50,51,,,,,,,,,,,,82,62,81,79,50,0,0,53,62,73,,,,,,,,,,,,False,,,0,,,,,,0,50,,spray
P1053,John,Doe,2006-05-20,73,222,Unknown,medium,brown,clean_shaven,R,SS,,0,,,50,50,51,49,49,52,60,49,53,49,,,,,,,,,,,,63,65,61,71,49,0,0,49,83,62,,,,,,,,,,,,False,,,0,,,,,,0,50,,balanced
P8852,John,Doe,2005-10-26,78,175,Unknown,medium,brown,beard,L,1B,,0,,,53,59,51,52,52,50,46,52,52,48,,,,,,,,,,,,63,80,68,74,52,0,0,52,79,67,,,,,,,,,,,,False,,,0,,,,,,0,50,,gap
P3473,John,Doe,2005-11-13,73,197,Unknown,medium,black,clean_shaven,L,LF,,0,,,52,50,47,50,48,52,48,52,49,50,,,,,,,,,,,,62,66,76,77,48,0,0,52,77,78,,,,,,,,,,,,False,,,0,,,,,,0,50,,average
