player_id,first_name,last_name,birthdate,height,weight,ethnicity,skin_tone,hair_color,facial_hair,bats,primary_position,other_positions,is_pitcher,role,preferred_pitching_role,ch,ph,sp,eye,gf,pl,vl,sc,fa,arm,endurance,control,movement,hold_runner,fb,cu,cb,sl,si,scb,kn,pot_ch,pot_ph,pot_sp,pot_eye,pot_gf,pot_pl,pot_vl,pot_sc,pot_fa,pot_arm,pot_control,pot_movement,pot_endurance,pot_hold_runner,pot_fb,pot_cu,pot_cb,pot_sl,pot_si,pot_scb,pot_kn,injured,injury_description,return_date,ready,injury_list,injury_start_date,injury_minimum_days,injury_eligible_date,injury_rehab_assignment,injury_rehab_days,durability,pitcher_archetype,hitter_archetype
P3638,Sung,Le,1989-08-13,68,194,Asian,light,brown,beard,R,P,,1,RP,CL,,,,,55,,,,93,73,45,99,99,99,98,97,99,99,0,0,0,,,,,0,,,,87,67,96,93,43,98,90,88,92,99,0,0,0,False,,,0,,,,,,0,50,closer,
P5458,John,Doe,1991-03-12,74,183,Unknown,dark,black,clean_shaven,L,P,,1,RP,RP,,,,,53,,,,98,70,52,99,99,97,99,0,0,0,99,0,0,,,,,0,,,,94,61,92,95,52,89,96,0,0,0,93,0,0,False,,,0,,,,,,0,50,groundball_rp,
P3934,Sung,Nguyen,1993-12-09,72,216,Asian,medium,black,clean_shaven,L,P,,1,SP,SP,,,,,49,,,,91,68,72,99,54,99,97,99,99,0,98,99,0,,,,,0,,,,89,62,94,46,63,96,97,94,89,0,90,89,0,False,,,0,,,,,,0,50,finesse_sp,
P4637,Eduardo,Morales,2004-09-09,74,230,Hispanic,dark,black,clean_shaven,R,P,,1,RP,RP,,,,,53,,,,99,74,47,99,99,99,97,0,98,0,99,0,0,,,,,0,,,,99,94,99,99,74,99,99,0,99,0,99,0,0,False,,,0,,,,,,0,50,groundball_rp,
P6137,Jose,Gomez,1996-10-04,73,204,Hispanic,dark,black,beard,L,P,,1,SP,SP,,,,,51,,,,95,69,70,97,54,99,99,0,99,99,99,99,0,,,,,0,,,,92,68,96,49,70,99,98,0,94,98,99,94,0,False,,,0,,,,,,0,50,power_sp,
P3168,Sung,Li,1997-03-25,70,201,Asian,medium,black,mustache,R,P,,1,SP,SP,,,,,51,,,,89,68,69,97,55,98,97,99,99,99,0,0,0,,,,,0,,,,89,71,97,56,64,99,94,99,94,99,0,0,0,False,,,0,,,,,,0,50,balanced_sp,
P8081,Clemente,Binner,1997-01-26,74,203,Anglo,medium,black,clean_shaven,S,P,,1,RP,RP,,,,,53,,,,97,74,46,97,92,99,99,0,0,99,0,0,0,,,,,0,,,,95,77,99,89,51,99,99,0,0,99,0,0,0,False,,,0,,,,,,0,50,power_rp,
P8127,Yong,Zhang,1998-11-28,72,197,Asian,medium,black,clean_shaven,R,P,,1,RP,RP,,,,,57,,,,99,70,47,98,98,98,97,0,0,0,98,0,0,,,,,0,,,,99,76,99,99,55,99,99,0,0,0,99,0,0,False,,,0,,,,,,0,50,groundball_rp,
P1410,Jermaine,Jefferson,1996-12-24,75,171,African,dark,black,mustache,S,P,,1,SP,SP,,,,,51,,,,91,65,70,99,52,98,99,99,99,98,0,99,0,,,,,0,,,,87,69,94,57,75,96,99,96,95,99,0,97,0,False,,,0,,,,,,0,50,finesse_sp,
P6071,Antonio,Castillo,2004-08-16,73,247,Hispanic,medium,black,goatee,L,P,,1,RP,RP,,,,,55,,,,98,73,49,99,99,99,99,0,99,99,0,98,0,,,,,0,,,,99,91,99,99,66,99,99,0,99,99,0,99,0,False,,,0,,,,,,0,50,power_rp,
P1859,Sung,Hassan,1997-05-09,71,171,Asian,medium,black,clean_shaven,R,P,,1,RP,CL,,,,,53,,,,97,73,46,99,99,99,99,99,0,97,0,0,0,,,,,0,,,,95,70,95,99,48,99,94,96,0,95,0,0,0,False,,,0,,,,,,0,50,closer,
P6711,Manuel,Gomez,1989-06-02,75,162,Hispanic,medium,brown,goatee,R,C,,0,,,95,95,29,83,50,51,64,52,89,56,,,,,,,,,,,,90,91,22,76,50,0,0,52,80,46,,,,,,,,,,,,False,,,0,,,,,,0,50,,average
P7979,Darnell,Jackson,1988-04-11,70,230,African,medium,brown,beard,L,1B,,0,,,99,96,42,84,50,50,43,48,95,58,,,,,,,,,,,,98,89,39,77,50,0,0,48,87,58,,,,,,,,,,,,False,,,0,,,,,,0,50,,spray
P9586,Raul,Gomez,2003-04-24,73,192,Hispanic,medium,black,clean_shaven,R,2B,,0,,,98,86,91,86,53,50,64,52,92,58,,,,,,,,,,,,99,92,99,99,53,0,0,52,97,72,,,,,,,,,,,,False,,,0,,,,,,0,50,,speed
P3886,Deshawn,Harris,1999-01-27,78,210,African,dark,black,clean_shaven,R,3B,,0,,,97,95,85,83,49,52,65,49,97,59,,,,,,,,,,,,99,99,90,88,49,0,0,49,99,71,,,,,,,,,,,,False,,,0,,,,,,0,50,,elite_speed
P7959,Eduardo,Vasquez,2002-06-01,71,168,Hispanic,medium,brown,clean_shaven,L,SS,,0,,,97,97,59,83,53,51,58,49,95,64,,,,,,,,,,,,99,99,72,93,53,0,0,49,99,77,,,,,,,,,,,,False,,,0,,,,,,0,50,,balanced
P6996,Otto,Parlor,1990-04-03,69,208,Anglo,light,blonde,mustache,R,LF,,0,,,97,99,64,84,51,52,61,52,99,62,,,,,,,,,,,,95,95,55,74,51,0,0,52,92,57,,,,,,,,,,,,False,,,0,,,,,,0,50,,average
P9444,Yong,Kim,1996-05-03,77,218,Asian,medium,black,clean_shaven,L,CF,,0,,,97,99,66,84,52,49,50,50,98,63,,,,,,,,,,,,99,95,69,80,52,0,0,50,99,58,,,,,,,,,,,,False,,,0,,,,,,0,50,,gap
P1202,Malik,Harris,1990-03-15,74,242,African,dark,black,beard,R,RF,,0,,,93,94,39,72,48,51,54,50,77,56,,,,,,,,,,,,87,87,33,72,48,0,0,50,73,48,,,,,,,,,,,,False,,,0,,,,,,0,50,,balanced
P9004,Francesco,Camferdam,1988-07-13,71,250,Anglo,light,blonde,clean_shaven,S,C,,0,,,91,93,31,80,49,49,60,50,99,56,,,,,,,,,,,,85,90,24,70,49,0,0,50,93,48,,,,,,,,,,,,False,,,0,,,,,,0,50,,average
P9249,Rafael,Reyes,1993-10-12,77,245,Hispanic,dark,black,clean_shaven,L,2B,,0,,,99,99,57,86,53,49,52,48,99,63,,,,,,,,,,,,95,98,54,78,53,0,0,48,93,55,,,,,,,,,,,,False,,,0,,,,,,0,50,,spray
P1215,Fabian,Gullickson,1989-05-01,75,229,Anglo,light,brown,clean_shaven,L,SS,,0,,,99,98,55,85,51,47,56,52,97,64,,,,,,,,,,,,97,91,51,78,51,0,0,52,96,56,,,,,,,,,,,,False,,,0,,,,,,0,50,,balanced
P2861,Yong,Patel,2004-07-11,73,205,Asian,medium,brown,clean_shaven,L,RF,,0,,,84,99,22,74,48,53,51,52,88,54,,,,,,,,,,,,94,99,42,91,48,0,0,52,99,80,,,,,,,,,,,,False,,,0,,,,,,0,50,,power
P9566,Sung,Park,2001-10-25,72,204,Asian,medium,black,mustache,L,LF,,0,,,99,97,58,85,52,53,51,50,99,63,,,,,,,,,,,,99,99,69,93,52,0,0,50,99,70,,,,,,,,,,,,False,,,0,,,,,,0,50,,balanced
P3385,Xavier,Wright,1993-08-26,78,193,African,dark,black,clean_shaven,R,RF,,0,,,99,96,35,86,51,49,56,53,94,55,,,,,,,,,,,,96,95,26,78,51,0,0,53,89,49,,,,,,,,,,,,False,,,0,,,,,,0,50,,spray
P1707,Cedric,Harris,2003-04-27,69,195,African,medium,black,clean_shaven,L,P,,1,RP,CL,,,,,55,,,,93,72,46,98,99,98,97,99,0,99,0,0,0,,,,,0,,,,99,87,99,99,60,99,99,99,0,99,0,0,0,False,,,0,,,,,,0,50,closer,
P3749,Marcelo,Rubulcaba,2000-08-16,76,221,Anglo,medium,black,clean_shaven,S,P,,1,SP,SP,,,,,50,,,,86,65,70,99,54,96,99,99,98,99,99,0,0,,,,,0,,,,96,76,99,61,78,99,99,99,99,99,99,0,0,False,,,0,,,,,,0,50,balanced_sp,
P9817,Arnoldo,Finister,1997-09-16,76,222,Anglo,light,brown,mustache,R,P,,1,SP,SP,,,,,51,,,,95,67,72,97,52,97,99,0,99,98,0,0,0,,,,,0,,,,95,63,94,50,68,99,99,0,96,97,0,0,0,False,,,0,,,,,,0,50,balanced_sp,
P1419,Shirley,Arbetman,2001-10-16,72,237,Anglo,light,brown,goatee,R,P,,1,RP,RP,,,,,54,,,,96,71,48,97,99,99,99,99,99,0,98,0,0,,,,,0,,,,99,78,99,99,57,99,99,99,99,0,99,0,0,False,,,0,,,,,,0,50,groundball_rp,
P8118,Sung,Lin,1993-07-17,75,183,Asian,medium,black,clean_shaven,R,P,,1,RP,RP,,,,,56,,,,97,75,51,99,90,97,97,0,0,98,0,0,0,,,,,0,,,,89,74,98,81,50,91,92,0,0,89,0,0,0,False,,,0,,,,,,0,50,power_rp,
P8547,Rufus,Walker,1997-06-16,78,197,African,dark,black,clean_shaven,S,P,,1,SP,SP,,,,,49,,,,97,69,69,99,53,99,99,98,99,98,99,0,0,,,,,0,,,,96,66,99,50,71,99,99,97,94,99,97,0,0,False,,,0,,,,,,0,50,finesse_sp,
P2719,Angel,Hollenbaugh,2000-01-23,70,195,Anglo,medium,black,beard,R,P,,1,SP,SP,,,,,51,,,,93,67,71,99,54,99,97,97,99,97,0,0,0,,,,,0,,,,99,76,99,61,81,99,99,99,99,99,0,0,0,False,,,0,,,,,,0,50,finesse_sp,
P6515,Sung,Kim,2001-03-06,72,204,Asian,light,black,clean_shaven,R,2B,,0,,,99,99,32,86,51,48,66,50,93,60,,,,,,,,,,,,99,99,47,94,51,0,0,50,99,65,,,,,,,,,,,,False,,,0,,,,,,0,50,,power
P4114,Rosario,Denyes,2000-10-10,68,247,Anglo,light,black,clean_shaven,R,SS,,0,,,99,99,55,86,54,49,63,50,95,64,,,,,,,,,,,,99,99,63,99,54,0,0,50,99,69,,,,,,,,,,,,False,,,0,,,,,,0,50,,balanced
P1229,Rufus,Harris,1995-08-29,68,241,African,dark,brown,clean_shaven,R,C,,0,,,96,89,76,85,52,50,65,52,97,59,,,,,,,,,,,,93,86,75,89,52,0,0,52,99,64,,,,,,,,,,,,False,,,0,,,,,,0,50,,speed
P2006,Alejandro,Flores,2000-10-21,69,236,Hispanic,dark,brown,beard,S,RF,,0,,,99,98,49,85,48,46,53,48,93,55,,,,,,,,,,,,99,99,57,92,48,0,0,48,99,66,,,,,,,,,,,,False,,,0,,,,,,0,50,,spray
P9265,Yong,Yamamoto,2002-10-15,78,228,Asian,medium,black,clean_shaven,L,LF,,0,,,97,99,59,83,52,49,52,54,99,62,,,,,,,,,,,,99,99,65,89,52,0,0,54,99,72,,,,,,,,,,,,False,,,0,,,,,,0,50,,average
P8698,Sung,Yamamoto,2000-07-22,75,227,Asian,light,black,goatee,R,3B,,0,,,98,99,41,85,48,49,64,51,99,62,,,,,,,,,,,,99,99,52,94,48,0,0,51,99,73,,,,,,,,,,,,False,,,0,,,,,,0,50,,balanced
P1350,Juan,Cruz,1998-09-24,74,184,Hispanic,light,brown,goatee,R,C,,0,,,96,90,85,83,50,52,64,52,84,56,,,,,,,,,,,,99,99,99,88,50,0,0,52,92,67,,,,,,,,,,,,False,,,0,,,,,,0,50,,elite_speed
P3914,Mose,Hadson,1997-08-20,71,224,Anglo,light,brown,clean_shaven,L,SS,,0,,,99,99,69,86,52,48,54,52,96,65,,,,,,,,,,,,98,98,69,82,52,0,0,52,94,61,,,,,,,,,,,,False,,,0,,,,,,0,50,,gap
P1986,Leroy,Green,2004-11-07,76,188,African,dark,black,mustache,L,P,,1,RP,CL,,,,,55,,,,94,74,45,98,99,99,99,97,98,99,0,0,0,,,,,0,,,,99,86,99,99,61,99,99,99,99,99,0,0,0,False,,,0,,,,,,0,50,closer,
P9380,Cedric,Green,2006-11-20,78,182,African,dark,black,clean_shaven,R,P,,1,RP,RP,,,,,55,,,,98,70,51,98,99,99,98,99,0,0,0,0,0,,,,,0,,,,99,99,99,99,78,99,99,99,0,0,0,0,0,False,,,0,,,,,,0,50,finesse_rp,
P8098,Rufus,Robinson,2007-02-18,73,209,African,dark,black,clean_shaven,R,P,,1,SP,SP,,,,,52,,,,96,69,70,97,56,96,98,99,99,97,0,99,0,,,,,0,,,,99,92,99,82,85,99,99,99,99,99,0,99,0,False,,,0,,,,,,0,50,power_sp,
P7003,Sung,Tran,2007-04-13,74,180,Asian,medium,black,clean_shaven,R,P,,1,RP,RP,,,,,56,,,,96,72,52,97,97,99,99,0,99,0,0,0,0,,,,,0,,,,99,95,99,99,71,99,99,0,99,0,0,0,0,False,,,0,,,,,,0,50,finesse_rp,
P9532,Jose,Rodriguez,2007-05-30,75,231,Hispanic,dark,black,clean_shaven,S,P,,1,SP,SP,,,,,50,,,,96,69,70,99,56,98,99,98,99,0,0,0,0,,,,,0,,,,99,84,99,83,93,99,99,99,99,0,0,0,0,False,,,0,,,,,,0,50,finesse_sp,
P6151,Jermaine,Jackson,2007-04-29,70,180,African,dark,black,clean_shaven,R,LF,,0,,,99,97,62,86,54,51,57,53,99,65,,,,,,,,,,,,99,99,87,99,54,0,0,53,99,88,,,,,,,,,,,,False,,,0,,,,,,0,50,,spray
P9797,Jorge,Lopez,2007-03-25,70,194,Hispanic,medium,black,clean_shaven,R,RF,,0,,,98,96,40,80,51,52,56,49,88,55,,,,,,,,,,,,99,99,67,97,51,0,0,49,99,85,,,,,,,,,,,,False,,,0,,,,,,0,50,,balanced
P2341,Jamal,Green,2005-05-14,76,166,African,light,black,beard,L,RF,1B,0,,,82,84,70,81,48,50,49,49,89,53,,,,,,,,,,,,99,99,89,99,48,0,0,49,99,83,,,,,,,,,,,,False,,,0,,,,,,0,50,,speed
P3488,Darnell,Jefferson,2005-11-08,77,169,African,dark,black,clean_shaven,R,SS,,0,,,97,99,55,84,48,53,64,52,95,59,,,,,,,,,,,,99,99,68,99,48,0,0,52,99,77,,,,,,,,,,,,False,,,0,,,,,,0,50,,power
P8701,Percy,Mitchell,2006-10-21,78,189,African,dark,black,clean_shaven,R,LF,,0,,,99,99,60,85,49,53,57,51,99,67,,,,,,,,,,,,99,99,71,99,49,0,0,51,99,79,,,,,,,,,,,,False,,,0,,,,,,0,50,,average
P8706,Percy,Washington,1999-05-15,76,213,African,dark,black,goatee,L,P,,1,RP,CL,,,,,55,,,,92,75,50,97,99,99,97,0,0,99,0,0,0,,,,,0,,,,99,83,99,99,62,99,99,0,0,99,0,0,0,False,,,0,,,,,,0,50,closer,
P5741,Jose,Castillo,1988-02-08,73,229,Hispanic,medium,black,beard,R,P,,1,SP,SP,,,,,51,,,,92,73,72,99,53,99,99,0,99,99,0,0,0,,,,,0,,,,84,68,96,51,66,91,89,0,90,96,0,0,0,False,,,0,,,,,,0,50,power_sp,
P1427,Chang,Imbesi,1996-05-15,77,164,Anglo,light,brown,clean_shaven,S,P,,1,SP,SP,,,,,52,,,,91,69,68,98,57,99,99,98,0,98,98,0,0,,,,,0,,,,87,73,96,58,69,99,99,99,0,99,95,0,0,False,,,0,,,,,,0,50,groundball_sp,
P5247,Dwain,Zoldesy,2000-06-25,76,173,Anglo,light,brown,clean_shaven,L,P,,1,SP,SP,,,,,52,,,,89,71,71,97,54,99,98,99,99,97,0,0,0,,,,,0,,,,99,82,99,62,81,99,99,99,99,99,0,0,0,False,,,0,,,,,,0,50,balanced_sp,
P7446,Yong,Tanaka,1998-08-13,78,196,Asian,medium,black,clean_shaven,L,P,,1,RP,RP,,,,,54,,,,98,74,49,97,99,98,99,0,99,97,99,0,0,,,,,0,,,,99,82,99,99,60,99,99,0,99,99,99,0,0,False,,,0,,,,,,0,50,power_rp,
P5416,Hector,Martinez,1999-01-12,68,206,Hispanic,light,brown,beard,L,P,,1,RP,RP,,,,,54,,,,92,75,45,99,98,98,97,0,0,97,0,0,0,,,,,0,,,,99,86,99,99,50,99,99,0,0,99,0,0,0,False,,,0,,,,,,0,50,power_rp,
P1942,Man,Gabaree,2000-05-15,77,174,Anglo,light,red,beard,L,P,,1,SP,SP,,,,,52,,,,91,65,70,99,55,99,99,99,97,0,0,0,0,,,,,0,,,,99,80,99,62,84,99,99,99,99,0,0,0,0,False,,,0,,,,,,0,50,finesse_sp,
P5441,Yong,Lin,2003-05-06,69,223,Asian,medium,black,mustache,R,P,,1,SP,SP,,,,,51,,,,97,70,70,98,54,97,99,0,98,99,98,99,0,,,,,0,,,,99,85,99,60,85,99,99,0,99,99,99,99,0,False,,,0,,,,,,0,50,power_sp,
P8775,Jorge,Rivera,1995-05-10,68,182,Hispanic,medium,black,mustache,R,P,,1,SP,SP,,,,,50,,,,98,68,70,97,54,99,99,99,98,99,0,0,0,,,,,0,,,,99,64,92,57,75,99,95,98,95,96,0,0,0,False,,,0,,,,,,0,50,balanced_sp,
P3130,Silas,Layell,1990-11-24,68,214,Anglo,light,blonde,clean_shaven,L,P,,1,SP,SP,,,,,49,,,,97,69,70,99,53,99,97,98,98,97,0,99,0,,,,,0,,,,90,69,92,50,64,91,92,96,92,92,0,89,0,False,,,0,,,,,,0,50,workhorse_sp,
P1207,Jorge,Gonzalez,2003-01-16,71,249,Hispanic,light,blonde,clean_shaven,R,P,,1,RP,RP,,,,,55,,,,96,70,49,97,93,97,99,0,98,0,98,0,0,,,,,0,,,,99,75,99,99,60,99,99,0,99,0,99,0,0,False,,,0,,,,,,0,50,groundball_rp,
P2892,Sung,Singh,1992-04-25,72,222,Asian,medium,black,clean_shaven,L,C,,0,,,93,99,33,80,50,52,59,49,96,56,,,,,,,,,,,,85,91,33,74,50,0,0,49,95,49,,,,,,,,,,,,False,,,0,,,,,,0,50,,power
P5698,Yong,Liu,1997-07-29,75,164,Asian,medium,black,clean_shaven,L,1B,,0,,,98,99,37,83,51,52,47,48,95,60,,,,,,,,,,,,99,99,37,82,51,0,0,48,94,63,,,,,,,,,,,,False,,,0,,,,,,0,50,,balanced
P4146,Emerson,Mcgraff,1995-02-14,78,217,Anglo,medium,blonde,beard,L,2B,,0,,,97,87,73,83,50,46,54,53,98,59,,,,,,,,,,,,92,84,73,79,50,0,0,53,97,56,,,,,,,,,,,,False,,,0,,,,,,0,50,,speed
P2509,Alejandro,Gonzalez,1996-03-16,73,166,Hispanic,light,black,clean_shaven,R,3B,,0,,,96,99,39,83,50,49,64,49,98,59,,,,,,,,,,,,94,96,40,81,50,0,0,49,98,54,,,,,,,,,,,,False,,,0,,,,,,0,50,,average
P6350,Sung,Tanaka,2000-03-26,78,169,Asian,medium,black,mustache,R,SS,,0,,,99,88,87,87,50,51,67,53,96,64,,,,,,,,,,,,99,99,99,92,50,0,0,53,99,71,,,,,,,,,,,,False,,,0,,,,,,0,50,,speed
P9139,Kerry,Demer,1993-07-03,68,189,Anglo,medium,brown,clean_shaven,R,LF,,0,,,99,99,47,86,50,51,57,51,99,64,,,,,,,,,,,,89,89,38,79,50,0,0,51,90,54,,,,,,,,,,,,False,,,0,,,,,,0,50,,average
P4844,Alejandro,Lopez,1988-07-02,77,196,Hispanic,dark,brown,beard,L,CF,,0,,,99,99,67,86,50,49,50,48,99,64,,,,,,,,,,,,94,92,63,80,50,0,0,48,94,55,,,,,,,,,,,,False,,,0,,,,,,0,50,,gap
P3619,Fernando,Mendoza,1995-08-10,70,231,Hispanic,dark,black,clean_shaven,S,RF,,0,,,94,99,40,79,48,48,54,51,96,55,,,,,,,,,,,,99,97,36,82,48,0,0,51,92,55,,,,,,,,,,,,False,,,0,,,,,,0,50,,balanced
P9649,Jermaine,Carter,1992-04-22,69,241,African,dark,black,beard,R,3B,2B,0,,,97,99,39,82,48,53,65,52,99,60,,,,,,,,,,,,94,89,36,82,48,0,0,52,93,56,,,,,,,,,,,,False,,,0,,,,,,0,50,,power
P1831,Luke,Glessner,1998-11-08,78,180,Anglo,light,black,beard,R,1B,,0,,,94,99,42,82,47,54,55,51,98,55,,,,,,,,,,,,99,99,56,93,47,0,0,51,99,63,,,,,,,,,,,,False,,,0,,,,,,0,50,,power
P8823,Rufus,Carter,1988-04-10,70,209,African,dark,black,beard,L,LF,,0,,,98,99,52,83,50,50,51,50,99,66,,,,,,,,,,,,93,99,48,80,50,0,0,50,89,59,,,,,,,,,,,,False,,,0,,,,,,0,50,,balanced
P4886,Sung,Chen,1998-01-19,72,226,Asian,dark,black,goatee,S,3B,,0,,,99,99,42,86,47,48,59,51,99,61,,,,,,,,,,,,96,99,46,86,47,0,0,51,99,62,,,,,,,,,,,,False,,,0,,,,,,0,50,,gap
P8615,Deshawn,Scott,2003-07-23,77,184,African,medium,brown,clean_shaven,R,SS,,0,,,97,92,85,86,53,50,64,51,93,58,,,,,,,,,,,,99,99,97,99,53,0,0,51,99,69,,,,,,,,,,,,False,,,0,,,,,,0,50,,speed
P3029,Rufus,Washington,1991-08-15,72,223,African,dark,black,clean_shaven,L,CF,,0,,,99,98,69,86,54,48,46,52,97,66,,,,,,,,,,,,96,97,65,80,54,0,0,52,90,58,,,,,,,,,,,,False,,,0,,,,,,0,50,,spray
P1901,Yong,Hassan,1996-07-03,77,203,Asian,medium,black,clean_shaven,R,P,,1,RP,CL,,,,,55,,,,97,73,43,97,99,97,99,99,98,98,0,0,0,,,,,0,,,,98,76,95,99,43,93,99,99,98,99,0,0,0,False,,,0,,,,,,0,50,closer,
P2229,Felton,Wach,1995-05-16,71,188,Anglo,light,brown,clean_shaven,L,P,,1,RP,RP,,,,,55,,,,98,71,46,99,97,99,98,98,98,0,0,0,0,,,,,0,,,,95,76,94,97,49,99,94,96,96,0,0,0,0,False,,,0,,,,,,0,50,finesse_rp,
P8754,Alvaro,Ketron,1992-12-30,72,195,Anglo,medium,brown,clean_shaven,R,P,,1,RP,RP,,,,,57,,,,95,71,48,99,99,99,98,0,97,0,99,0,0,,,,,0,,,,87,67,91,97,47,91,91,0,88,0,98,0,0,False,,,0,,,,,,0,50,groundball_rp,
P8549,Yong,Pham,1991-11-27,71,173,Asian,medium,black,clean_shaven,R,P,,1,RP,RP,,,,,52,,,,94,72,49,99,98,99,98,0,99,99,0,0,0,,,,,0,,,,84,63,90,92,45,91,95,0,93,91,0,0,0,False,,,0,,,,,,0,50,power_rp,
P2863,Leroy,Young,1994-01-24,68,162,African,dark,black,clean_shaven,R,P,,1,RP,RP,,,,,55,,,,94,73,52,99,98,99,99,99,98,0,97,0,0,,,,,0,,,,87,67,89,95,52,91,91,98,97,0,96,0,0,False,,,0,,,,,,0,50,groundball_rp,
P3350,Fredrick,Wohlers,1990-10-14,69,236,Anglo,medium,black,clean_shaven,R,P,,1,SP,SP,,,,,55,,,,90,66,71,97,55,99,99,0,98,0,98,0,0,,,,,0,,,,89,65,88,55,69,95,92,0,96,0,97,0,0,False,,,0,,,,,,0,50,groundball_sp,
P1083,Yong,Wang,1992-04-25,77,166,Asian,medium,black,clean_shaven,S,P,,1,RP,RP,,,,,54,,,,98,73,49,99,99,97,99,99,99,0,97,0,0,,,,,0,,,,98,70,93,96,44,93,92,96,94,0,87,0,0,False,,,0,,,,,,0,50,finesse_rp,
P2297,Sung,Huang,1994-11-11,75,231,Asian,dark,black,clean_shaven,L,1B,,0,,,96,99,32,85,50,53,47,53,96,61,,,,,,,,,,,,93,99,36,80,50,0,0,53,92,57,,,,,,,,,,,,False,,,0,,,,,,0,50,,power
P1059,Thanh,Wellen,1991-02-04,76,238,Anglo,light,red,clean_shaven,R,LF,,0,,,99,99,62,85,50,53,57,49,98,64,,,,,,,,,,,,89,99,52,78,50,0,0,49,94,63,,,,,,,,,,,,False,,,0,,,,,,0,50,,average
P8154,Shawn,Peralto,1995-04-03,72,200,Anglo,light,black,clean_shaven,R,CF,,0,,,99,99,66,84,49,50,59,53,99,64,,,,,,,,,,,,98,95,64,85,49,0,0,53,96,63,,,,,,,,,,,,False,,,0,,,,,,0,50,,balanced
P3018,Jerald,Shaklee,1997-05-26,73,214,Anglo,light,red,goatee,L,SS,,0,,,97,99,66,86,50,50,55,51,98,62,,,,,,,,,,,,97,97,66,87,50,0,0,51,94,66,,,,,,,,,,,,False,,,0,,,,,,0,50,,balanced
P8166,Hector,Ramos,2001-10-09,77,246,Hispanic,light,black,clean_shaven,R,C,1B,0,,,92,95,30,83,52,52,67,52,96,55,,,,,,,,,,,,99,99,38,88,52,0,0,52,99,66,,,,,,,,,,,,False,,,0,,,,,,0,50,,average
P7332,Tyrell,Leonpacher,1996-07-05,73,180,Anglo,medium,blonde,clean_shaven,R,RF,,0,,,84,82,36,68,50,53,56,52,94,52,,,,,,,,,,,,86,82,37,63,50,0,0,52,91,48,,,,,,,,,,,,False,,,0,,,,,,0,50,,average
P5624,Jermaine,White,1990-01-03,72,166,African,dark,black,goatee,S,CF,,0,,,99,98,67,86,52,52,52,49,99,62,,,,,,,,,,,,96,94,62,86,52,0,0,49,94,62,,,,,,,,,,,,False,,,0,,,,,,0,50,,balanced
P2159,Jorge,Reyes,1989-06-12,73,173,Hispanic,light,brown,mustache,R,C,P,0,,,92,92,33,81,51,52,65,0,96,58,,,,,,,,,,,,85,92,32,72,51,0,0,0,96,54,,,,,,,,,,,,False,,,0,,,,,,0,50,,average
P9682,Adan,Gradillas,2006-11-28,73,186,Anglo,dark,brown,mustache,R,P,RF,1,RP,CL,,,,,55,,,,98,72,46,97,99,98,99,0,99,97,0,0,0,,,,,0,,,,99,83,99,99,67,99,99,0,99,99,0,0,0,False,,,0,,,,,,0,50,closer,
P9083,Antonio,Gonzalez,2004-07-17,71,173,Hispanic,medium,brown,clean_shaven,L,P,,1,SP,SP,,,,,50,,,,90,68,72,97,52,97,98,99,97,97,0,0,0,,,,,0,,,,99,97,99,74,92,99,99,99,99,99,0,0,0,False,,,0,,,,,,0,50,power_sp,
P2570,Yong,Nguyen,2006-06-02,74,213,Asian,light,black,clean_shaven,R,P,,1,SP,SP,,,,,52,,,,99,68,70,99,54,96,99,98,99,97,0,99,0,,,,,0,,,,99,94,99,65,92,99,99,99,99,99,0,99,0,False,,,0,,,,,,0,50,balanced_sp,
P7259,Percy,Gaines,2005-12-16,74,187,African,dark,black,beard,R,P,,1,SP,SP,,,,,50,,,,95,72,69,99,54,99,98,0,98,99,0,0,0,,,,,0,,,,99,88,99,65,83,99,99,0,99,99,0,0,0,False,,,0,,,,,,0,50,power_sp,
P6134,Sung,Pham,2005-12-16,74,213,Asian,medium,black,clean_shaven,S,P,,1,SP,SP,,,,,48,,,,93,73,71,97,55,96,98,0,99,99,0,98,0,,,,,0,,,,99,85,99,82,86,99,99,0,99,99,0,99,0,False,,,0,,,,,,0,50,power_sp,
P7725,Sung,Patel,2006-04-27,70,179,Asian,medium,black,mustache,L,C,,0,,,99,95,30,86,54,48,58,51,98,61,,,,,,,,,,,,99,99,43,99,54,0,0,51,99,91,,,,,,,,,,,,False,,,0,,,,,,0,50,,spray
P9086,Yong,Khan,2006-10-27,69,183,Asian,medium,black,clean_shaven,R,3B,,0,,,98,98,36,85,48,49,65,51,98,59,,,,,,,,,,,,99,99,49,99,48,0,0,51,99,80,,,,,,,,,,,,False,,,0,,,,,,0,50,,average
P7544,Jermaine,Washington,2006-12-27,76,202,African,dark,black,goatee,R,RF,,0,,,99,99,42,84,51,51,56,51,86,57,,,,,,,,,,,,99,99,71,98,51,0,0,51,99,74,,,,,,,,,,,,False,,,0,,,,,,0,50,,gap
P1940,Sung,Choi,2008-01-08,77,161,Asian,light,black,mustache,R,3B,,0,,,98,99,38,85,46,49,63,53,99,59,,,,,,,,,,,,99,99,54,99,46,0,0,53,99,86,,,,,,,,,,,,False,,,0,,,,,,0,50,,gap
P7980,Merrill,Quilliam,2004-06-05,76,168,Anglo,medium,blonde,goatee,R,3B,,0,,,97,98,40,83,51,51,63,49,99,58,,,,,,,,,,,,99,99,58,95,51,0,0,49,99,88,,,,,,,,,,,,False,,,0,,,,,,0,50,,gap
P8465,Malik,King,2004-12-07,76,228,African,dark,black,beard,R,P,,1,RP,CL,,,,,55,,,,97,75,48,99,99,97,97,98,98,97,0,0,0,,,,,0,,,,99,99,99,99,66,99,99,99,99,99,0,0,0,False,,,0,,,,,,0,50,closer,
P3257,Leroy,Robinson,1995-01-29,68,240,African,dark,black,beard,R,P,,1,RP,RP,,,,,52,,,,96,74,44,99,98,97,97,0,99,99,98,0,0,,,,,0,,,,93,77,95,99,48,95,93,0,98,98,93,0,0,False,,,0,,,,,,0,50,power_rp,
P3065,Yong,Tran,1992-11-29,69,173,Asian,light,brown,clean_shaven,S,P,,1,SP,SP,,,,,50,,,,99,69,70,98,55,97,99,0,0,99,99,0,0,,,,,0,,,,89,69,88,52,65,90,94,0,0,91,98,0,0,False,,,0,,,,,,0,50,groundball_sp,
P1733,Raul,Diaz,1997-03-07,69,190,Hispanic,medium,brown,clean_shaven,R,P,,1,RP,RP,,,,,57,,,,96,70,46,99,98,97,99,0,99,98,99,0,0,,,,,0,,,,94,66,98,97,42,99,97,0,99,99,98,0,0,False,,,0,,,,,,0,50,groundball_rp,
P8270,Carlos,Ramos,1997-11-26,75,193,Hispanic,dark,brown,goatee,R,P,,1,RP,RP,,,,,52,,,,99,73,49,99,91,97,99,0,99,0,0,0,0,,,,,0,,,,99,74,99,89,51,99,99,0,95,0,0,0,0,False,,,0,,,,,,0,50,power_rp,
P3524,Francisco,Rodriguez,1987-11-21,71,194,Hispanic,medium,blonde,clean_shaven,L,P,,1,SP,SP,,,,,51,,,,97,69,73,99,54,99,98,0,99,98,0,0,0,,,,,0,,,,93,68,93,50,69,98,91,0,92,96,0,0,0,False,,,0,,,,,,0,50,power_sp,
P1737,Malik,White,1998-12-30,70,204,African,dark,black,clean_shaven,R,P,,1,RP,RP,,,,,54,,,,97,74,49,99,99,97,97,0,99,0,0,0,0,,,,,0,,,,99,88,99,99,57,99,99,0,99,0,0,0,0,False,,,0,,,,,,0,50,power_rp,
P9846,Sung,Zhang,1994-07-12,73,227,Asian,light,black,clean_shaven,L,P,,1,SP,SP,,,,,49,,,,86,65,73,97,55,99,99,98,97,0,98,0,0,,,,,0,,,,91,66,95,59,70,99,97,97,97,0,93,0,0,False,,,0,,,,,,0,50,finesse_sp,
P1922,Yong,Singh,1991-08-29,77,182,Asian,medium,black,beard,L,P,,1,RP,RP,,,,,56,,,,99,72,49,98,91,99,99,0,98,98,99,0,0,,,,,0,,,,99,70,89,84,44,98,93,0,88,95,91,0,0,False,,,0,,,,,,0,50,power_rp,
P8829,Sung,Wang,1996-04-21,70,213,Asian,light,black,beard,L,P,,1,SP,SP,,,,,49,,,,92,66,72,99,53,99,99,99,99,98,98,0,0,,,,,0,,,,89,70,99,50,73,99,99,97,98,93,98,0,0,False,,,0,,,,,,0,50,finesse_sp,
P2484,Ricardo,Garcia,1999-09-02,78,247,Hispanic,dark,brown,beard,L,P,,1,SP,SP,,,,,53,,,,89,70,70,97,56,99,98,99,99,99,99,0,0,,,,,0,,,,94,83,99,67,77,99,99,99,99,99,99,0,0,False,,,0,,,,,,0,50,balanced_sp,
P8830,Yong,Li,1988-08-28,74,229,Asian,medium,brown,mustache,R,C,,0,,,94,95,32,84,51,50,63,53,99,61,,,,,,,,,,,,94,91,27,77,51,0,0,53,90,61,,,,,,,,,,,,False,,,0,,,,,,0,50,,average
P2904,Yong,Le,1998-07-04,69,221,Asian,light,black,clean_shaven,R,1B,,0,,,99,99,38,84,51,51,56,48,96,56,,,,,,,,,,,,99,99,45,98,51,0,0,48,99,65,,,,,,,,,,,,False,,,0,,,,,,0,50,,gap
P3349,Cedric,Carter,1999-12-17,69,161,African,dark,brown,clean_shaven,R,2B,,0,,,99,96,87,85,55,50,66,51,97,58,,,,,,,,,,,,99,99,97,95,55,0,0,51,99,70,,,,,,,,,,,,False,,,0,,,,,,0,50,,speed
P5028,Anton,Wraight,2005-01-30,71,215,Anglo,light,black,goatee,R,3B,,0,,,97,99,39,86,47,50,65,49,96,57,,,,,,,,,,,,99,99,58,98,47,0,0,49,99,83,,,,,,,,,,,,False,,,0,,,,,,0,50,,average
P7853,Juan,Guerrero,2002-07-19,71,167,Hispanic,light,blonde,mustache,R,SS,,0,,,98,99,58,85,50,51,66,54,96,62,,,,,,,,,,,,99,99,68,99,50,0,0,54,99,69,,,,,,,,,,,,False,,,0,,,,,,0,50,,power
P4427,Yong,Huang,1995-11-23,78,223,Asian,light,black,clean_shaven,R,LF,,0,,,98,99,84,87,51,49,57,51,98,62,,,,,,,,,,,,97,94,84,88,51,0,0,51,99,57,,,,,,,,,,,,False,,,0,,,,,,0,50,,speed
P5324,Alejandro,Hernandez,1991-03-19,78,250,Hispanic,light,black,goatee,L,CF,,0,,,97,98,65,86,50,50,48,48,99,65,,,,,,,,,,,,93,94,58,81,50,0,0,48,93,56,,,,,,,,,,,,False,,,0,,,,,,0,50,,balanced
P7542,Sung,Liu,2004-04-21,78,180,Asian,medium,black,clean_shaven,R,RF,,0,,,94,95,77,84,53,50,55,52,85,56,,,,,,,,,,,,99,99,90,92,53,0,0,52,93,70,,,,,,,,,,,,False,,,0,,,,,,0,50,,speed
P1089,Yong,Choi,2003-06-12,70,228,Asian,light,black,clean_shaven,R,CF,RF,0,,,99,99,69,86,52,51,61,50,98,65,,,,,,,,,,,,99,99,81,95,52,0,0,50,99,80,,,,,,,,,,,,False,,,0,,,,,,0,50,,balanced
P9579,Xavier,Washington,1996-08-02,75,230,African,dark,black,clean_shaven,R,3B,,0,,,96,97,43,85,47,51,63,51,97,61,,,,,,,,,,,,91,93,40,85,47,0,0,51,99,58,,,,,,,,,,,,False,,,0,,,,,,0,50,,balanced
P1411,Jermaine,Robinson,2004-09-05,69,237,African,light,black,clean_shaven,S,LF,,0,,,99,99,62,85,50,50,58,53,99,64,,,,,,,,,,,,99,99,81,99,50,0,0,53,99,77,,,,,,,,,,,,False,,,0,,,,,,0,50,,spray
P4701,Hector,Reyes,1998-05-26,70,161,Hispanic,light,brown,goatee,R,CF,,0,,,97,99,66,84,50,48,60,50,96,63,,,,,,,,,,,,99,99,75,98,50,0,0,50,99,68,,,,,,,,,,,,False,,,0,,,,,,0,50,,balanced
P9073,Sterling,Godnick,1998-02-07,70,184,Anglo,medium,brown,beard,L,RF,,0,,,99,96,38,84,51,46,51,48,85,54,,,,,,,,,,,,99,98,43,83,51,0,0,48,82,53,,,,,,,,,,,,False,,,0,,,,,,0,50,,spray
P3891,Roberto,Vargas,1988-02-20,78,161,Hispanic,medium,black,clean_shaven,R,3B,,0,,,98,98,70,85,48,48,65,52,99,57,,,,,,,,,,,,91,97,63,81,48,0,0,52,92,47,,,,,,,,,,,,False,,,0,,,,,,0,50,,speed
P3595,Anthony,Gouthier,1990-09-15,73,165,Anglo,medium,brown,beard,L,P,,1,RP,CL,,,,,55,,,,95,72,48,97,99,99,99,98,99,98,0,0,0,,,,,0,,,,93,65,95,95,39,91,98,95,95,96,0,0,0,False,,,0,,,,,,0,50,closer,
P3087,Juan,Torres,2000-04-18,68,187,Hispanic,medium,blonde,clean_shaven,L,P,,1,RP,RP,,,,,53,,,,99,71,49,99,97,99,98,0,99,98,98,0,0,,,,,0,,,,99,85,99,99,54,99,99,0,99,99,99,0,0,False,,,0,,,,,,0,50,power_rp,
P7575,Darnell,Wright,1999-03-11,78,166,African,dark,black,clean_shaven,R,P,,1,RP,RP,,,,,57,,,,99,69,51,98,97,98,99,99,0,97,99,0,0,,,,,0,,,,99,84,99,99,62,99,99,99,0,99,99,0,0,False,,,0,,,,,,0,50,groundball_rp,
P6575,Terence,Sossamon,1993-11-30,71,225,Anglo,medium,brown,beard,R,P,,1,RP,RP,,,,,55,,,,99,70,49,99,99,97,98,0,0,99,99,0,0,,,,,0,,,,92,60,90,94,39,94,91,0,0,89,93,0,0,False,,,0,,,,,,0,50,groundball_rp,
P7606,Darnell,Robinson,1997-09-11,76,245,African,dark,black,beard,L,P,,1,SP,SP,,,,,12,,,,96,66,70,97,52,99,98,97,99,99,99,0,0,,,,,14,,,,96,67,97,51,72,99,97,92,99,95,99,0,0,False,,,0,,,,,,0,50,groundball_sp,
P4269,Miguel,Rodriguez,1993-07-30,78,238,Hispanic,dark,black,beard,R,P,,1,RP,RP,,,,,55,,,,97,74,49,98,98,97,99,0,99,0,99,0,0,,,,,0,,,,94,74,88,93,44,95,93,0,97,0,93,0,0,False,,,0,,,,,,0,50,groundball_rp,
P7928,Rufus,Gaines,1993-06-05,75,195,African,dark,black,mustache,S,P,,1,SP,SP,,,,,51,,,,90,68,72,99,52,98,99,99,99,97,99,0,0,,,,,0,,,,82,58,91,51,65,91,95,90,98,94,97,0,0,False,,,0,,,,,,0,50,finesse_sp,
P8560,Percy,Jackson,2001-12-03,76,220,African,dark,black,clean_shaven,R,1B,,0,,,99,99,37,84,47,49,57,51,98,63,,,,,,,,,,,,99,99,42,91,47,0,0,51,99,70,,,,,,,,,,,,False,,,0,,,,,,0,50,,balanced
P3884,Antonio,Mendoza,1999-02-07,73,161,Hispanic,light,brown,clean_shaven,R,C,,0,,,96,99,34,81,49,52,61,52,99,55,,,,,,,,,,,,99,99,49,93,49,0,0,52,99,67,,,,,,,,,,,,False,,,0,,,,,,0,50,,average
P9227,Kyle,Henley,2000-09-07,70,239,Anglo,light,brown,goatee,R,C,1B,0,,,92,99,34,79,49,53,63,51,97,55,,,,,,,,,,,,99,99,44,93,49,0,0,51,99,66,,,,,,,,,,,,False,,,0,,,,,,0,50,,power
P1298,Delbert,Wilner,1998-08-13,73,164,Anglo,medium,red,clean_shaven,R,CF,,0,,,99,98,82,84,54,50,56,50,97,62,,,,,,,,,,,,99,99,93,97,54,0,0,50,99,73,,,,,,,,,,,,False,,,0,,,,,,0,50,,speed
P4582,Tyrone,White,1996-07-29,76,220,African,dark,black,beard,L,1B,,0,,,99,99,43,87,51,48,51,52,99,58,,,,,,,,,,,,95,98,42,88,51,0,0,52,97,63,,,,,,,,,,,,False,,,0,,,,,,0,50,,spray
P5436,Francisco,Vasquez,1995-05-24,72,205,Hispanic,light,black,clean_shaven,S,2B,,0,,,98,91,63,83,51,46,61,50,97,58,,,,,,,,,,,,95,88,65,81,51,0,0,50,99,59,,,,,,,,,,,,False,,,0,,,,,,0,50,,spray
P4245,Manuel,Sanchez,1993-02-12,75,202,Hispanic,light,brown,clean_shaven,R,RF,,0,,,94,93,32,70,50,53,56,51,96,55,,,,,,,,,,,,86,92,24,64,50,0,0,51,95,51,,,,,,,,,,,,False,,,0,,,,,,0,50,,average
P8099,Jamal,Young,1998-01-14,74,218,African,medium,brown,clean_shaven,R,RF,,0,,,86,99,32,73,48,54,55,53,88,54,,,,,,,,,,,,88,96,28,76,48,0,0,53,86,49,,,,,,,,,,,,False,,,0,,,,,,0,50,,power
P9398,Raul,Flores,2008-04-17,72,181,Hispanic,medium,black,mustache,L,P,,1,RP,CL,,,,,55,,,,98,74,46,99,99,99,98,99,0,98,0,0,0,,,,,0,,,,99,93,99,99,74,99,99,99,0,99,0,0,0,False,,,0,,,,,,0,50,closer,
P1021,Roberto,Garcia,2004-09-17,69,204,Hispanic,dark,black,clean_shaven,R,P,,1,RP,RP,,,,,53,,,,96,72,46,99,99,98,97,0,99,0,0,0,0,,,,,0,,,,99,99,99,99,76,99,99,0,99,0,0,0,0,False,,,0,,,,,,0,50,power_rp,
P9898,Hal,Chauncey,2005-06-25,74,239,Anglo,light,brown,clean_shaven,L,P,,1,SP,SP,,,,,52,,,,99,68,69,99,54,99,99,98,98,0,0,0,0,,,,,0,,,,99,82,99,77,85,99,99,99,99,0,0,0,0,False,,,0,,,,,,0,50,finesse_sp,
P8051,Percy,Robinson,2006-08-22,68,230,African,light,black,mustache,L,P,,1,SP,SP,,,,,50,,,,90,67,71,97,52,99,98,97,99,99,99,0,0,,,,,0,,,,99,82,99,81,94,99,99,99,99,99,99,0,0,False,,,0,,,,,,0,50,groundball_sp,
P8119,Virgil,Zettlemoyer,2006-11-12,71,197,Anglo,medium,brown,clean_shaven,R,P,,1,RP,RP,,,,,56,,,,99,71,45,97,98,97,97,99,98,0,0,0,0,,,,,0,,,,99,99,99,99,56,99,99,99,99,0,0,0,0,False,,,0,,,,,,0,50,finesse_rp,
P6887,Jamal,Taylor,2005-11-29,73,162,African,dark,black,clean_shaven,R,RF,,0,,,99,96,49,83,49,52,55,49,87,54,,,,,,,,,,,,99,99,59,99,49,0,0,49,97,73,,,,,,,,,,,,False,,,0,,,,,,0,50,,spray
P6518,Fausto,Runions,2007-12-31,75,185,Anglo,dark,black,clean_shaven,R,SS,,0,,,99,96,53,84,49,50,66,52,99,64,,,,,,,,,,,,99,99,63,99,49,0,0,52,99,81,,,,,,,,,,,,False,,,0,,,,,,0,50,,spray
P6097,Hector,Ortiz,2004-08-01,73,166,Hispanic,dark,black,clean_shaven,R,3B,,0,,,99,99,41,86,51,50,67,52,99,59,,,,,,,,,,,,99,99,69,99,51,0,0,52,99,88,,,,,,,,,,,,False,,,0,,,,,,0,50,,gap
P7790,Leroy,Jackson,2007-10-27,68,219,African,dark,brown,clean_shaven,L,LF,,0,,,99,97,63,86,52,46,53,48,99,66,,,,,,,,,,,,99,99,73,99,52,0,0,48,99,80,,,,,,,,,,,,False,,,0,,,,,,0,50,,spray
P1131,Luis,Flores,2008-04-15,71,184,Hispanic,medium,brown,goatee,R,LF,,0,,,99,97,61,85,52,49,59,52,98,64,,,,,,,,,,,,99,99,89,99,52,0,0,52,99,77,,,,,,,,,,,,False,,,0,,,,,,0,50,,spray
P3561,Basil,Montore,1995-11-17,74,189,Anglo,light,black,mustache,R,P,,1,RP,CL,,,,,56,,,,96,74,47,99,99,99,99,99,0,99,0,0,0,,,,,0,,,,91,73,99,99,52,99,95,97,0,99,0,0,0,False,,,0,,,,,,0,50,closer,
P8043,Val,Coffie,2005-02-23,73,186,Anglo,medium,brown,clean_shaven,S,P,,1,RP,RP,,,,,55,,,,97,70,46,97,98,99,98,99,0,97,99,0,0,,,,,0,,,,99,99,99,99,63,99,99,99,0,99,99,0,0,False,,,0,,,,,,0,50,groundball_rp,
P5878,Malik,Green,1990-02-14,73,225,African,dark,black,clean_shaven,L,P,,1,RP,CL,,,,,52,,,,96,76,46,99,99,97,99,0,97,98,0,0,0,,,,,0,,,,87,66,90,96,39,87,98,0,96,98,0,0,0,False,,,0,,,,,,0,50,closer,
P4770,Margarito,Mako,1999-10-23,77,222,Anglo,medium,brown,beard,R,P,,1,SP,SP,,,,,49,,,,99,70,73,99,56,99,97,0,99,97,0,99,0,,,,,0,,,,99,78,99,71,84,99,99,0,99,99,0,99,0,False,,,0,,,,,,0,50,power_sp,
P9169,Percy,Harris,1998-06-23,70,229,African,dark,black,beard,L,P,,1,RP,RP,,,,,54,,,,98,73,48,99,99,97,99,0,99,98,0,0,0,,,,,0,,,,99,87,99,99,58,99,99,0,99,99,0,0,0,False,,,0,,,,,,0,50,power_rp,
P5622,Roberto,Rivera,1994-05-13,68,245,Hispanic,dark,brown,clean_shaven,R,P,,1,SP,SP,,,,,52,,,,89,66,72,97,54,99,99,97,99,99,99,0,0,,,,,0,,,,85,66,99,56,69,99,95,99,99,99,99,0,0,False,,,0,,,,,,0,50,groundball_sp,
P3354,Hector,Sanchez,2002-04-27,73,203,Hispanic,medium,black,goatee,R,P,,1,SP,SP,,,,,53,,,,99,73,72,99,54,96,97,97,99,98,98,0,0,,,,,0,,,,99,79,99,67,83,99,99,99,99,99,99,0,0,False,,,0,,,,,,0,50,power_sp,
P5447,Jamal,Carter,2000-04-06,78,200,African,dark,black,clean_shaven,L,P,,1,RP,RP,,,,,55,,,,99,73,48,99,99,97,97,98,0,0,97,0,0,,,,,0,,,,99,83,99,99,63,99,99,99,0,0,99,0,0,False,,,0,,,,,,0,50,groundball_rp,
P9206,Anderson,Wieben,2004-06-05,74,186,Anglo,light,brown,clean_shaven,R,P,,1,SP,SP,,,,,49,,,,91,71,72,99,54,97,97,0,97,99,0,99,0,,,,,0,,,,99,85,99,80,97,99,99,0,99,99,0,99,0,False,,,0,,,,,,0,50,power_sp,
P6725,Deshawn,Taylor,1988-10-30,70,240,African,dark,black,beard,R,P,,1,RP,CL,,,,,51,,,,95,72,47,99,99,99,97,99,0,99,0,0,0,,,,,0,,,,95,70,97,96,38,93,89,92,0,90,0,0,0,False,,,0,,,,,,0,50,closer,
P7992,Dexter,Chirco,2003-03-22,68,249,Anglo,light,blonde,goatee,R,P,,1,SP,SP,,,,,49,,,,93,70,70,99,52,96,99,0,98,99,99,0,0,,,,,0,,,,99,78,99,60,77,99,99,0,99,99,99,0,0,False,,,0,,,,,,0,50,power_sp,
P2201,Rodger,Net,1998-04-11,72,180,Anglo,light,blonde,clean_shaven,R,C,,0,,,99,90,44,84,55,48,61,51,99,57,,,,,,,,,,,,99,85,41,79,55,0,0,51,96,53,,,,,,,,,,,,False,,,0,,,,,,0,50,,spray
P2727,Francisco,Lopez,1988-03-25,70,214,Hispanic,light,brown,beard,L,1B,,0,,,96,99,28,84,46,54,48,48,97,56,,,,,,,,,,,,92,89,26,80,46,0,0,48,92,52,,,,,,,,,,,,False,,,0,,,,,,0,50,,power
P8794,Rafael,Ortiz,1990-06-12,75,245,Hispanic,medium,blonde,goatee,R,2B,,0,,,97,99,31,84,51,51,60,49,93,64,,,,,,,,,,,,87,96,22,84,51,0,0,49,86,57,,,,,,,,,,,,False,,,0,,,,,,0,50,,power
P1462,Cedric,Jefferson,1992-05-16,69,237,African,dark,black,goatee,R,3B,,0,,,98,98,42,85,49,52,65,52,99,58,,,,,,,,,,,,92,90,34,82,49,0,0,52,90,50,,,,,,,,,,,,False,,,0,,,,,,0,50,,balanced
P7924,Tod,Violett,1993-05-27,74,231,Anglo,light,red,clean_shaven,R,SS,,0,,,97,99,55,85,47,48,65,52,94,62,,,,,,,,,,,,95,94,47,83,47,0,0,52,86,62,,,,,,,,,,,,False,,,0,,,,,,0,50,,gap
P1967,Rufus,King,1992-02-07,77,230,African,dark,black,goatee,R,LF,,0,,,98,99,61,84,49,51,63,52,99,62,,,,,,,,,,,,93,93,60,78,49,0,0,52,95,60,,,,,,,,,,,,False,,,0,,,,,,0,50,,gap
P8951,Rico,Banfield,1996-03-23,74,193,Anglo,light,brown,clean_shaven,R,CF,,0,,,99,99,67,84,54,50,59,49,97,64,,,,,,,,,,,,94,99,67,86,54,0,0,49,92,63,,,,,,,,,,,,False,,,0,,,,,,0,50,,spray
P3636,Leroy,Walker,1989-12-17,74,169,African,dark,black,beard,L,RF,,0,,,86,90,37,69,50,49,46,48,94,58,,,,,,,,,,,,81,83,35,68,50,0,0,48,85,55,,,,,,,,,,,,False,,,0,,,,,,0,50,,average
P5572,Damian,Kapuscinski,2002-10-02,68,236,Anglo,light,brown,clean_shaven,R,2B,,0,,,98,99,51,84,50,51,62,52,96,62,,,,,,,,,,,,99,99,64,95,50,0,0,52,99,68,,,,,,,,,,,,False,,,0,,,,,,0,50,,balanced
P1214,Ike,Skyers,2000-08-06,71,165,Anglo,light,red,beard,R,RF,,0,,,98,95,70,83,51,52,56,52,90,52,,,,,,,,,,,,99,99,76,94,51,0,0,52,99,67,,,,,,,,,,,,False,,,0,,,,,,0,50,,speed
P8369,Malik,Jackson,2003-12-25,74,165,African,dark,brown,clean_shaven,R,3B,,0,,,96,99,41,84,47,47,65,49,96,59,,,,,,,,,,,,99,99,56,92,47,0,0,49,99,74,,,,,,,,,,,,False,,,0,,,,,,0,50,,gap
P5985,Jamal,Harris,1995-05-09,75,223,African,dark,black,clean_shaven,R,3B,,0,,,98,99,34,85,50,52,66,51,99,59,,,,,,,,,,,,99,99,37,87,50,0,0,51,95,56,,,,,,,,,,,,False,,,0,,,,,,0,50,,power
P5506,Leroy,Scott,1991-06-15,72,193,African,medium,black,goatee,R,CF,,0,,,98,97,65,84,51,48,57,50,97,63,,,,,,,,,,,,88,90,63,82,51,0,0,50,95,61,,,,,,,,,,,,False,,,0,,,,,,0,50,,average
P9181,Fredrick,Schneidtmille,1990-12-12,70,209,Anglo,light,brown,clean_shaven,R,2B,,0,,,99,98,62,84,51,49,62,53,97,58,,,,,,,,,,,,91,93,52,84,51,0,0,53,89,58,,,,,,,,,,,,False,,,0,,,,,,0,50,,balanced
P9159,Juan,Castillo,1998-09-07,74,184,Hispanic,medium,blonde,mustache,R,P,,1,RP,CL,,,,,55,,,,97,72,46,99,99,99,97,97,0,98,0,0,0,,,,,0,,,,99,82,99,99,61,99,99,99,0,99,0,0,0,False,,,0,,,,,,0,50,closer,
P3822,Darnell,Baker,1988-12-21,75,172,African,light,black,goatee,S,P,,1,SP,SP,,,,,50,,,,97,70,69,98,54,97,98,99,99,99,0,0,0,,,,,0,,,,92,68,92,54,64,89,89,93,91,91,0,0,0,False,,,0,,,,,,0,50,balanced_sp,
P8864,Pedro,Gomez,2003-12-18,74,199,Hispanic,dark,brown,mustache,L,P,,1,RP,RP,,,,,53,,,,99,74,45,99,97,99,99,99,0,0,0,0,0,,,,,0,,,,99,79,99,99,55,99,99,99,0,0,0,0,0,False,,,0,,,,,,0,50,finesse_rp,
P5615,Miguel,Garcia,1989-10-12,73,187,Hispanic,medium,brown,mustache,R,P,,1,SP,SP,,,,,49,,,,92,67,73,99,53,99,99,99,99,97,0,99,0,,,,,0,,,,92,60,97,44,64,97,93,93,93,96,0,93,0,False,,,0,,,,,,0,50,balanced_sp,
P4568,Thurman,Arcilla,1997-06-24,73,179,Anglo,light,black,clean_shaven,S,P,,1,RP,RP,,,,,54,,,,99,73,50,99,99,99,98,0,99,0,0,0,0,,,,,0,,,,99,77,94,99,53,99,97,0,99,0,0,0,0,False,,,0,,,,,,0,50,power_rp,
P2322,Jason,Wunderlich,2001-04-27,70,173,Anglo,medium,black,beard,R,P,,1,RP,RP,,,,,55,,,,91,73,47,97,98,99,99,0,98,97,98,0,0,,,,,0,,,,99,87,99,99,59,99,99,0,99,99,99,0,0,False,,,0,,,,,,0,50,groundball_rp,
P3676,Jermaine,Walker,2004-11-04,76,238,African,dark,brown,clean_shaven,R,P,,1,RP,RP,,,,,56,,,,99,73,49,99,97,99,97,0,0,0,98,0,0,,,,,0,,,,99,98,99,99,60,99,99,0,0,0,99,0,0,False,,,0,,,,,,0,50,groundball_rp,
P1297,Malik,Taylor,1997-08-02,70,191,African,medium,brown,clean_shaven,R,3B,,0,,,99,98,36,85,48,50,63,49,99,61,,,,,,,,,,,,97,99,40,86,48,0,0,49,97,62,,,,,,,,,,,,False,,,0,,,,,,0,50,,average
P2888,Jermaine,Mitchell,2001-07-02,73,194,African,dark,black,clean_shaven,L,LF,,0,,,99,99,42,85,51,50,51,52,99,63,,,,,,,,,,,,99,99,56,99,51,0,0,52,99,72,,,,,,,,,,,,False,,,0,,,,,,0,50,,power
P8630,Hector,Hernandez,2003-03-04,72,173,Hispanic,dark,black,goatee,R,C,,0,,,99,97,32,84,49,53,64,50,92,55,,,,,,,,,,,,99,99,38,94,49,0,0,50,99,68,,,,,,,,,,,,False,,,0,,,,,,0,50,,average
P4615,Gerald,Eugley,2004-08-14,78,174,Anglo,light,blonde,clean_shaven,L,LF,,0,,,99,99,49,84,52,52,54,51,99,65,,,,,,,,,,,,99,99,69,99,52,0,0,51,99,86,,,,,,,,,,,,False,,,0,,,,,,0,50,,power
P6213,Luis,Vasquez,2002-05-18,77,249,Hispanic,medium,black,goatee,R,2B,,0,,,99,99,55,84,52,51,60,50,98,57,,,,,,,,,,,,99,99,67,90,52,0,0,50,99,70,,,,,,,,,,,,False,,,0,,,,,,0,50,,gap
P1696,Jose,Hernandez,2001-05-21,78,249,Hispanic,dark,black,clean_shaven,S,3B,,0,,,99,99,39,85,47,48,62,53,99,61,,,,,,,,,,,,99,99,45,91,47,0,0,53,99,72,,,,,,,,,,,,False,,,0,,,,,,0,50,,gap
P7638,Louis,Chancy,2001-09-25,68,222,Anglo,light,brown,clean_shaven,L,C,,0,,,94,93,33,81,52,52,54,53,98,59,,,,,,,,,,,,99,99,40,95,52,0,0,53,99,73,,,,,,,,,,,,False,,,0,,,,,,0,50,,average
P7793,Eduardo,Cruz,1997-12-31,78,167,Hispanic,medium,black,clean_shaven,L,RF,,0,,,86,87,41,76,52,53,50,51,88,51,,,,,,,,,,,,84,87,41,78,52,0,0,51,85,48,,,,,,,,,,,,False,,,0,,,,,,0,50,,balanced
P7368,Lanny,Sonkin,2008-04-21,73,235,Anglo,light,blonde,clean_shaven,S,P,,1,RP,CL,,,,,57,,,,98,76,50,99,99,97,99,0,99,97,0,0,0,,,,,0,,,,99,99,99,99,67,99,99,0,99,99,0,0,0,False,,,0,,,,,,0,50,closer,
P7891,Roberto,Gomez,2004-07-16,71,195,Hispanic,medium,brown,beard,R,P,,1,SP,SP,,,,,52,,,,90,67,70,99,56,99,98,99,99,97,0,97,0,,,,,0,,,,99,96,99,79,83,99,99,99,99,99,0,99,0,False,,,0,,,,,,0,50,finesse_sp,
P5451,Leroy,Jefferson,2008-02-23,71,195,African,dark,black,clean_shaven,L,P,,1,RP,RP,,,,,55,,,,93,72,46,97,99,99,97,98,0,0,98,0,0,,,,,0,,,,99,82,99,99,63,99,99,99,0,0,99,0,0,False,,,0,,,,,,0,50,groundball_rp,
P7411,Carlos,Vasquez,2008-03-13,70,247,Hispanic,dark,black,clean_shaven,R,P,RF,1,SP,SP,,,,,51,,,,99,72,73,97,55,99,97,97,99,97,0,99,0,,,,,0,,,,99,95,99,82,98,99,99,99,99,99,0,99,0,False,,,0,,,,,,0,50,power_sp,
P9957,Hector,Gomez,2005-02-24,73,177,Hispanic,medium,black,clean_shaven,R,P,,1,SP,SP,,,,,51,,,,94,69,70,97,53,97,99,98,0,98,0,0,0,,,,,0,,,,99,82,99,66,89,99,99,99,0,99,0,0,0,False,,,0,,,,,,0,50,balanced_sp,
P3946,Alonzo,Strait,2005-02-03,72,234,Anglo,dark,blonde,clean_shaven,R,2B,,0,,,97,97,59,84,51,50,65,49,96,55,,,,,,,,,,,,99,99,80,96,51,0,0,49,99,67,,,,,,,,,,,,False,,,0,,,,,,0,50,,balanced
P6459,Darnell,White,2005-05-14,72,201,African,dark,black,clean_shaven,S,2B,,0,,,99,96,62,84,51,51,58,48,98,59,,,,,,,,,,,,99,99,79,99,51,0,0,48,99,75,,,,,,,,,,,,False,,,0,,,,,,0,50,,balanced
P3996,Jorge,Delgado,2004-12-16,73,198,Hispanic,light,blonde,clean_shaven,L,SS,,0,,,99,96,89,84,51,47,57,49,98,58,,,,,,,,,,,,99,99,99,98,51,0,0,49,99,77,,,,,,,,,,,,False,,,0,,,,,,0,50,,speed
P8986,Chauncey,Thomison,2007-04-01,77,186,Anglo,medium,brown,clean_shaven,R,3B,,0,,,97,96,70,86,52,50,64,50,99,58,,,,,,,,,,,,99,99,88,99,52,0,0,50,99,79,,,,,,,,,,,,False,,,0,,,,,,0,50,,speed
P6643,Percy,Carter,2005-06-22,77,230,African,medium,black,mustache,R,2B,,0,,,99,95,60,85,51,50,59,51,90,57,,,,,,,,,,,,99,99,75,99,51,0,0,51,99,76,,,,,,,,,,,,False,,,0,,,,,,0,50,,spray
P7675,Salvatore,Jaeschke,1994-02-09,75,162,Anglo,dark,blonde,clean_shaven,R,P,,1,RP,CL,,,,,55,,,,99,74,43,97,99,99,99,97,99,99,0,0,0,,,,,0,,,,97,68,89,91,33,90,93,87,97,95,0,0,0,False,,,0,,,,,,0,50,closer,
P9729,Alejandro,Castillo,1991-10-12,72,248,Hispanic,medium,black,goatee,R,P,,1,SP,SP,,,,,49,,,,96,69,70,99,53,99,98,97,98,98,99,0,0,,,,,0,,,,95,65,90,52,64,92,96,87,91,88,98,0,0,False,,,0,,,,,,0,50,balanced_sp,
P8531,Myles,Hales,2001-07-29,78,184,Anglo,medium,blonde,clean_shaven,R,P,,1,SP,SP,,,,,52,,,,98,68,73,99,52,96,97,99,99,99,0,99,0,,,,,0,,,,99,74,99,61,83,99,99,99,99,99,0,99,0,False,,,0,,,,,,0,50,workhorse_sp,
P7673,Deshawn,White,1993-11-05,75,174,African,dark,brown,mustache,L,P,,1,SP,SP,,,,,51,,,,89,71,69,97,52,96,99,99,99,99,0,0,0,,,,,0,,,,79,67,91,44,69,88,98,94,90,99,0,0,0,False,,,0,,,,,,0,50,balanced_sp,
P7041,Roberto,Gonzalez,1994-04-27,71,239,Hispanic,dark,brown,beard,L,P,,1,SP,SP,,,,,49,,,,92,68,72,99,55,99,99,99,98,99,98,0,0,,,,,0,,,,97,65,98,51,73,99,99,99,97,98,99,0,0,False,,,0,,,,,,0,50,balanced_sp,
P3738,Arlie,Kostka,1993-11-13,78,190,Anglo,light,blonde,clean_shaven,R,P,,1,RP,RP,,,,,54,,,,95,76,50,97,97,97,97,0,99,99,0,0,0,,,,,0,,,,85,72,91,89,49,87,93,0,89,93,0,0,0,False,,,0,,,,,,0,50,power_rp,
P9689,Jose,Gonzalez,1993-01-25,69,209,Hispanic,light,blonde,clean_shaven,S,P,,1,RP,RP,,,,,53,,,,97,71,49,99,99,99,99,99,97,0,98,0,0,,,,,0,,,,94,65,92,91,49,92,97,95,90,0,88,0,0,False,,,0,,,,,,0,50,finesse_rp,
P3956,Cedric,Mitchell,1992-03-05,71,189,African,dark,black,goatee,R,P,,1,SP,SP,,,,,52,,,,89,69,73,99,52,97,99,99,97,97,0,0,0,,,,,0,,,,87,59,99,52,68,97,93,94,87,93,0,0,0,False,,,0,,,,,,0,50,balanced_sp,
P8009,Leroy,Carter,1990-08-21,73,209,African,dark,black,goatee,S,P,,1,SP,SP,,,,,51,,,,94,67,68,97,54,96,97,99,98,0,99,0,0,,,,,0,,,,85,67,91,51,64,96,95,97,97,0,97,0,0,False,,,0,,,,,,0,50,groundball_sp,
P3121,Malik,Wright,1993-11-01,73,198,African,dark,black,clean_shaven,R,P,,1,SP,SP,,,,,53,,,,98,70,70,98,55,95,98,0,97,99,0,99,0,,,,,0,,,,97,60,94,46,70,93,94,0,91,94,0,98,0,False,,,0,,,,,,0,50,power_sp,
P2577,Rocco,Guidrey,1992-05-28,77,221,Anglo,light,red,beard,L,P,,1,SP,SP,,,,,53,,,,88,67,71,98,55,98,98,99,97,98,99,0,0,,,,,0,,,,87,66,95,51,69,91,89,89,88,98,95,0,0,False,,,0,,,,,,0,50,balanced_sp,
P5356,Abdul,Koepf,2002-02-26,69,182,Anglo,light,black,beard,R,C,1B,0,,,92,93,32,81,53,51,65,52,89,58,,,,,,,,,,,,99,99,43,88,53,0,0,52,98,72,,,,,,,,,,,,False,,,0,,,,,,0,50,,average
P8876,Cedric,Allen,1989-09-08,69,177,African,dark,black,clean_shaven,L,1B,,0,,,97,99,29,86,50,52,48,51,98,59,,,,,,,,,,,,93,89,29,84,50,0,0,51,93,49,,,,,,,,,,,,False,,,0,,,,,,0,50,,power
P6178,Xavier,Walker,1993-08-21,77,179,African,dark,black,clean_shaven,R,2B,,0,,,98,95,53,84,53,47,63,51,95,55,,,,,,,,,,,,93,92,46,76,53,0,0,51,85,48,,,,,,,,,,,,False,,,0,,,,,,0,50,,balanced
P4399,Omar,Surina,1992-12-22,77,211,Anglo,dark,blonde,beard,R,3B,,0,,,99,99,40,84,51,50,64,50,97,59,,,,,,,,,,,,94,98,39,83,51,0,0,50,89,58,,,,,,,,,,,,False,,,0,,,,,,0,50,,balanced
P2964,Darnell,Walker,1994-04-06,76,171,African,dark,black,clean_shaven,R,SS,,0,,,99,95,69,86,51,49,66,52,94,64,,,,,,,,,,,,91,86,63,83,51,0,0,52,87,57,,,,,,,,,,,,False,,,0,,,,,,0,50,,spray
P1790,Eduardo,Gonzalez,1990-07-21,75,193,Hispanic,medium,brown,clean_shaven,S,LF,,0,,,98,99,59,85,50,52,54,49,98,63,,,,,,,,,,,,97,92,52,85,50,0,0,49,95,59,,,,,,,,,,,,False,,,0,,,,,,0,50,,average
P5158,Manuel,Hernandez,1995-07-17,70,232,Hispanic,medium,black,goatee,R,CF,,0,,,97,97,65,83,51,49,58,49,98,62,,,,,,,,,,,,99,98,63,79,51,0,0,49,95,63,,,,,,,,,,,,False,,,0,,,,,,0,50,,balanced
P8632,Jose,Garcia,1998-10-16,72,217,Hispanic,medium,brown,clean_shaven,L,RF,,0,,,99,99,35,86,48,46,47,52,77,54,,,,,,,,,,,,99,99,45,93,48,0,0,52,88,66,,,,,,,,,,,,False,,,0,,,,,,0,50,,spray
P6365,Roberto,Ortiz,2002-07-12,70,172,Hispanic,dark,brown,clean_shaven,L,1B,,0,,,99,98,41,84,51,49,51,52,97,59,,,,,,,,,,,,99,99,53,92,51,0,0,52,99,64,,,,,,,,,,,,False,,,0,,,,,,0,50,,gap
P2052,Will,Wiegard,1992-05-28,68,229,Anglo,light,brown,mustache,R,C,,0,,,95,96,29,82,54,49,65,54,95,56,,,,,,,,,,,,90,95,27,82,54,0,0,54,93,47,,,,,,,,,,,,False,,,0,,,,,,0,50,,average
P6861,Xavier,Harris,1989-04-29,77,198,African,dark,brown,clean_shaven,S,CF,,0,,,98,98,65,85,52,48,52,50,96,61,,,,,,,,,,,,97,98,61,81,52,0,0,50,88,59,,,,,,,,,,,,False,,,0,,,,,,0,50,,gap
P7173,Carlos,Gomez,1991-08-21,77,175,Hispanic,medium,brown,goatee,R,2B,,0,,,99,86,58,84,52,49,64,51,95,56,,,,,,,,,,,,95,86,58,81,52,0,0,51,85,52,,,,,,,,,,,,False,,,0,,,,,,0,50,,spray
P1874,Dwain,Heape,2004-11-27,77,236,Anglo,light,blonde,clean_shaven,R,3B,,0,,,99,98,42,86,51,50,62,52,99,60,,,,,,,,,,,,99,99,63,99,51,0,0,52,99,79,,,,,,,,,,,,False,,,0,,,,,,0,50,,spray
P6362,Alejandro,Rivera,1993-06-24,73,222,Hispanic,medium,brown,clean_shaven,R,2B,,0,,,99,99,60,86,52,47,61,53,99,59,,,,,,,,,,,,90,90,56,81,52,0,0,53,94,50,,,,,,,,,,,,False,,,0,,,,,,0,50,,gap
P7269,Percy,Baker,1988-11-30,74,215,African,medium,black,clean_shaven,L,P,,1,RP,CL,,,,,56,,,,99,73,47,97,98,99,97,97,0,99,0,0,0,,,,,0,,,,95,68,88,92,44,91,89,91,0,91,0,0,0,False,,,0,,,,,,0,50,closer,
P9685,Teddy,Pong,1993-10-31,75,180,Anglo,dark,brown,mustache,S,P,,1,RP,RP,,,,,53,,,,99,73,50,99,98,99,99,99,97,99,0,0,0,,,,,0,,,,95,71,98,91,47,92,91,98,89,94,0,0,0,False,,,0,,,,,,0,50,power_rp,
P2878,David,Tuten,1996-03-27,74,179,Anglo,light,black,goatee,L,P,,1,RP,RP,,,,,52,,,,96,75,48,97,99,99,99,99,97,97,0,0,0,,,,,0,,,,98,75,99,99,47,99,99,96,99,99,0,0,0,False,,,0,,,,,,0,50,power_rp,
P3823,Xavier,King,1993-05-13,73,207,African,dark,black,clean_shaven,S,P,,1,RP,LR,,,,,54,,,,95,69,55,99,99,99,99,99,99,99,0,0,0,,,,,0,,,,86,62,91,94,46,96,98,89,93,96,0,0,0,False,,,0,,,,,,0,50,long_relief,
P3683,Austin,Reginaldo,1998-01-26,78,234,Anglo,medium,black,mustache,R,P,,1,SP,SP,,,,,54,,,,99,66,70,99,54,98,99,99,99,99,0,0,0,,,,,0,,,,99,70,98,53,74,97,96,99,99,97,0,0,0,False,,,0,,,,,,0,50,balanced_sp,
P8291,Manuel,Castillo,1996-02-05,72,190,Hispanic,medium,blonde,goatee,R,P,,1,SP,SP,,,,,53,,,,95,66,73,97,52,99,99,97,97,99,0,0,0,,,,,0,,,,99,66,94,57,77,99,99,96,97,99,0,0,0,False,,,0,,,,,,0,50,workhorse_sp,
P2776,Jose,Cruz,2002-08-31,72,206,Hispanic,light,black,beard,L,P,,1,RP,RP,,,,,57,,,,99,75,49,99,98,98,98,0,99,0,0,0,0,,,,,0,,,,99,84,99,99,64,99,99,0,99,0,0,0,0,False,,,0,,,,,,0,50,power_rp,
P6486,Deandre,Eshlerman,2002-12-12,68,221,Anglo,light,blonde,clean_shaven,R,SS,,0,,,99,99,53,86,51,47,66,53,99,62,,,,,,,,,,,,99,99,67,96,51,0,0,53,99,75,,,,,,,,,,,,False,,,0,,,,,,0,50,,balanced
P8937,Alejandro,Perez,1998-07-26,69,224,Hispanic,medium,brown,clean_shaven,L,2B,,0,,,99,99,61,84,53,51,58,50,97,57,,,,,,,,,,,,99,99,75,90,53,0,0,50,99,70,,,,,,,,,,,,False,,,0,,,,,,0,50,,balanced
P6570,Cedric,White,1989-04-28,73,221,African,dark,black,beard,L,2B,SS,0,,,99,94,95,84,50,47,53,50,93,59,,,,,,,,,,,,99,94,94,84,50,0,0,50,87,56,,,,,,,,,,,,False,,,0,,,,,,0,50,,elite_speed
P1661,Hector,Rodriguez,2001-08-04,76,180,Hispanic,medium,brown,goatee,S,LF,,0,,,99,98,59,85,49,51,56,50,99,66,,,,,,,,,,,,99,99,65,95,49,0,0,50,99,80,,,,,,,,,,,,False,,,0,,,,,,0,50,,balanced
P1716,Manuel,Rodriguez,2000-11-18,77,184,Hispanic,light,brown,clean_shaven,L,1B,,0,,,93,99,37,83,47,52,45,52,97,63,,,,,,,,,,,,99,99,52,96,47,0,0,52,99,71,,,,,,,,,,,,False,,,0,,,,,,0,50,,power
P1335,Bryan,Mclennon,1990-11-13,69,182,Anglo,dark,blonde,beard,L,LF,,0,,,99,99,62,86,49,51,55,50,99,64,,,,,,,,,,,,97,92,60,80,49,0,0,50,92,58,,,,,,,,,,,,False,,,0,,,,,,0,50,,balanced
P4319,Jorge,Vasquez,1990-01-29,73,198,Hispanic,medium,blonde,clean_shaven,R,3B,,0,,,96,99,42,83,50,49,65,49,97,59,,,,,,,,,,,,88,95,35,76,50,0,0,49,97,49,,,,,,,,,,,,False,,,0,,,,,,0,50,,average
P6039,Doyle,Camerena,2000-01-12,72,223,Anglo,light,black,goatee,R,RF,,0,,,81,98,30,70,46,49,58,49,86,53,,,,,,,,,,,,87,99,35,83,46,0,0,49,93,64,,,,,,,,,,,,False,,,0,,,,,,0,50,,power
P9145,Jose,Perez,2005-12-01,70,241,Hispanic,light,blonde,clean_shaven,R,P,,1,RP,CL,,,,,56,,,,99,72,47,97,99,99,99,0,0,98,0,0,0,,,,,0,,,,99,90,99,99,76,99,99,0,0,99,0,0,0,False,,,0,,,,,,0,50,closer,
P9804,Nicholas,Taruer,2005-10-17,74,160,Anglo,light,black,beard,R,P,,1,SP,SP,,,,,52,,,,91,67,68,99,54,98,99,99,99,0,98,99,0,,,,,0,,,,99,90,99,74,81,99,99,99,99,0,99,99,0,False,,,0,,,,,,0,50,finesse_sp,
P7898,Antonio,Ramos,2005-04-14,76,229,Hispanic,dark,black,clean_shaven,R,P,,1,RP,RP,,,,,54,,,,98,70,47,99,98,99,98,0,99,0,0,0,0,,,,,0,,,,99,87,99,99,76,99,99,0,99,0,0,0,0,False,,,0,,,,,,0,50,finesse_rp,
P6983,Malik,Jefferson,2005-08-05,72,195,African,dark,black,goatee,R,P,,1,SP,SP,,,,,53,,,,95,68,72,99,53,99,99,97,97,0,0,0,0,,,,,0,,,,99,87,99,79,94,99,99,99,99,0,0,0,0,False,,,0,,,,,,0,50,finesse_sp,
P7191,Leroy,Wright,2006-01-25,68,165,African,dark,black,clean_shaven,L,P,,1,SP,SP,,,,,52,,,,97,66,72,98,55,96,97,97,97,99,0,0,0,,,,,0,,,,99,78,99,76,97,99,99,99,99,99,0,0,0,False,,,0,,,,,,0,50,workhorse_sp,
P6797,Hector,Vasquez,2007-04-07,72,249,Hispanic,light,blonde,goatee,R,3B,LF,0,,,98,99,38,85,48,50,64,48,99,57,,,,,,,,,,,,99,99,52,99,48,0,0,48,99,76,,,,,,,,,,,,False,,,0,,,,,,0,50,,power
P6604,Jermaine,Allen,2006-01-18,73,176,African,medium,brown,clean_shaven,R,SS,2B,0,,,99,95,54,86,52,49,63,53,94,68,,,,,,,,,,,,99,99,66,98,52,0,0,53,99,97,,,,,,,,,,,,False,,,0,,,,,,0,50,,average
P8764,Kelly,Elsaesser,2006-06-08,75,187,Anglo,light,blonde,clean_shaven,S,RF,,0,,,83,93,85,76,49,52,54,48,88,54,,,,,,,,,,,,99,99,99,90,49,0,0,48,99,67,,,,,,,,,,,,False,,,0,,,,,,0,50,,elite_speed
P7690,Roberto,Morales,2008-02-27,74,229,Hispanic,medium,brown,goatee,L,RF,,0,,,85,91,37,75,50,50,46,52,93,53,,,,,,,,,,,,97,99,56,87,50,0,0,52,99,79,,,,,,,,,,,,False,,,0,,,,,,0,50,,average
P6296,Darnell,Mitchell,2005-07-29,78,189,African,dark,black,clean_shaven,L,RF,,0,,,87,87,32,70,52,51,47,53,95,54,,,,,,,,,,,,98,99,44,94,52,0,0,53,99,72,,,,,,,,,,,,False,,,0,,,,,,0,50,,average
P1163,Tuan,Shipe,2001-06-17,77,188,Anglo,dark,black,goatee,L,P,,1,RP,CL,,,,,55,,,,98,74,47,97,99,99,99,0,0,99,0,0,0,,,,,0,,,,99,82,99,99,57,99,99,0,0,99,0,0,0,False,,,0,,,,,,0,50,closer,
P4908,Andre,Ghrist,2002-09-04,75,181,Anglo,medium,black,clean_shaven,L,P,,1,SP,SP,,,,,53,,,,98,70,71,99,56,99,99,98,0,99,99,0,0,,,,,0,,,,99,79,99,66,85,99,99,99,0,99,99,0,0,False,,,0,,,,,,0,50,groundball_sp,
P2211,Tyrone,Jackson,1988-10-30,76,198,African,dark,black,clean_shaven,L,P,,1,SP,SP,,,,,53,,,,96,70,69,99,53,97,99,0,98,99,0,0,0,,,,,0,,,,89,63,89,45,62,94,97,0,92,91,0,0,0,False,,,0,,,,,,0,50,power_sp,
P3797,Deshawn,Green,1988-07-11,77,214,African,dark,brown,goatee,R,P,,1,SP,SP,,,,,53,,,,95,70,72,99,54,97,99,98,97,0,0,0,0,,,,,0,,,,89,70,89,50,63,97,96,96,93,0,0,0,0,False,,,0,,,,,,0,50,workhorse_sp,
P4214,Manual,Brasseux,1995-12-25,74,225,Anglo,medium,blonde,mustache,R,P,,1,RP,RP,,,,,52,,,,99,69,46,97,99,98,97,97,0,0,0,0,0,,,,,0,,,,98,64,96,99,50,99,99,99,0,0,0,0,0,False,,,0,,,,,,0,50,finesse_rp,
P3499,Tyrone,Young,1997-06-16,77,209,African,dark,black,mustache,R,P,,1,SP,SP,,,,,51,,,,96,70,71,97,54,95,99,0,97,97,97,97,0,,,,,0,,,,99,69,95,52,76,95,99,0,99,99,92,99,0,False,,,0,,,,,,0,50,power_sp,
P6244,Percy,Walker,1998-03-13,78,217,African,dark,black,clean_shaven,R,P,,1,SP,SP,,,,,52,,,,97,69,71,98,56,99,97,99,99,0,0,0,0,,,,,0,,,,97,74,99,55,76,94,99,99,96,0,0,0,0,False,,,0,,,,,,0,50,finesse_sp,
P9667,Rafael,Cruz,2004-07-05,75,203,Hispanic,medium,brown,goatee,R,P,,1,RP,LR,,,,,57,,,,98,71,52,98,99,98,97,99,0,99,0,0,0,,,,,0,,,,99,97,99,99,80,99,99,99,0,99,0,0,0,False,,,0,,,,,,0,50,long_relief,
P3579,Rufus,Green,1988-09-29,71,217,African,dark,black,mustache,R,P,,1,SP,SP,,,,,50,,,,94,67,69,97,55,98,99,98,98,97,97,0,0,,,,,0,,,,85,67,95,55,67,97,94,90,94,96,96,0,0,False,,,0,,,,,,0,50,groundball_sp,
P1875,Tyrone,Carter,1989-05-25,71,248,African,dark,black,beard,R,P,,1,SP,SP,,,,,49,,,,88,68,69,98,52,99,98,97,97,98,0,0,0,,,,,0,,,,87,68,92,42,69,99,97,92,92,91,0,0,0,False,,,0,,,,,,0,50,finesse_sp,
P8336,Florencio,Gizinski,2000-05-05,71,235,Anglo,medium,red,clean_shaven,R,P,,1,SP,SP,,,,,51,,,,95,67,68,97,52,99,97,99,0,98,0,0,0,,,,,0,,,,99,78,99,58,80,99,99,99,0,99,0,0,0,False,,,0,,,,,,0,50,balanced_sp,
P2540,Gregorio,Cadle,1989-09-14,72,219,Anglo,light,blonde,beard,L,C,,0,,,99,96,29,85,52,51,58,51,97,60,,,,,,,,,,,,99,88,28,81,52,0,0,51,88,54,,,,,,,,,,,,False,,,0,,,,,,0,50,,balanced
P5870,Rafael,Rodriguez,2002-04-03,70,205,Hispanic,light,black,clean_shaven,R,1B,,0,,,93,99,21,85,49,55,59,52,97,57,,,,,,,,,,,,99,99,31,95,49,0,0,52,99,63,,,,,,,,,,,,False,,,0,,,,,,0,50,,power
P9562,Darnell,Scott,1998-05-11,72,204,African,medium,black,goatee,R,2B,,0,,,99,94,73,85,55,47,60,48,94,58,,,,,,,,,,,,99,99,83,99,55,0,0,48,99,73,,,,,,,,,,,,False,,,0,,,,,,0,50,,speed
P9078,Manuel,Torres,2004-05-31,72,228,Hispanic,medium,black,clean_shaven,L,3B,,0,,,97,99,42,85,47,51,59,50,98,58,,,,,,,,,,,,99,99,53,99,47,0,0,50,99,84,,,,,,,,,,,,False,,,0,,,,,,0,50,,balanced
P8801,Juan,Diaz,2004-12-30,71,219,Hispanic,medium,brown,clean_shaven,S,SS,,0,,,99,99,65,87,50,48,63,54,98,61,,,,,,,,,,,,99,99,86,99,50,0,0,54,99,78,,,,,,,,,,,,False,,,0,,,,,,0,50,,gap
P2531,Raul,Rivera,1988-05-15,70,236,Hispanic,medium,black,mustache,R,LF,,0,,,97,99,70,84,51,47,62,50,99,64,,,,,,,,,,,,89,98,62,78,51,0,0,50,92,64,,,,,,,,,,,,False,,,0,,,,,,0,50,,speed
P3688,Ricardo,Martinez,2004-03-28,77,191,Hispanic,light,black,clean_shaven,R,CF,,0,,,99,99,66,86,49,52,61,52,99,64,,,,,,,,,,,,99,99,73,94,49,0,0,52,99,70,,,,,,,,,,,,False,,,0,,,,,,0,50,,power
P2663,Jamal,Jackson,2001-06-28,69,205,African,dark,black,clean_shaven,L,RF,LF,0,,,99,97,47,80,51,50,46,49,81,55,,,,,,,,,,,,99,99,55,88,51,0,0,49,89,65,,,,,,,,,,,,False,,,0,,,,,,0,50,,spray
P1415,Tyrone,Jefferson,1993-02-08,74,171,African,dark,brown,clean_shaven,S,CF,RF,0,,,98,98,67,86,51,51,54,51,98,66,,,,,,,,,,,,98,97,64,77,51,0,0,51,92,57,,,,,,,,,,,,False,,,0,,,,,,0,50,,average
P4423,Dustin,Romero,2004-06-19,71,205,Anglo,medium,blonde,clean_shaven,R,2B,,0,,,99,82,92,84,54,50,60,50,93,58,,,,,,,,,,,,99,99,99,99,54,0,0,50,99,86,,,,,,,,,,,,False,,,0,,,,,,0,50,,speed
P5366,Deshawn,Washington,1993-11-01,70,224,African,medium,black,clean_shaven,L,LF,,0,,,98,98,86,85,54,51,56,48,98,66,,,,,,,,,,,,96,95,77,79,54,0,0,48,91,62,,,,,,,,,,,,False,,,0,,,,,,0,50,,speed
P7339,Margarito,Gouras,1998-12-13,70,249,Anglo,light,black,clean_shaven,R,CF,,0,,,99,97,68,84,50,46,60,51,98,65,,,,,,,,,,,,99,99,80,94,50,0,0,51,99,75,,,,,,,,,,,,False,,,0,,,,,,0,50,,spray
P8141,Malik,Carter,1993-01-06,77,246,African,dark,black,beard,L,RF,,0,,,99,92,39,84,51,49,47,50,86,55,,,,,,,,,,,,91,82,39,84,51,0,0,50,79,47,,,,,,,,,,,,False,,,0,,,,,,0,50,,spray
P7500,Isaias,Seise,1988-07-27,71,250,Anglo,medium,red,clean_shaven,L,LF,,0,,,97,99,49,84,50,53,49,49,98,65,,,,,,,,,,,,93,90,45,80,50,0,0,49,94,59,,,,,,,,,,,,False,,,0,,,,,,0,50,,power
P4266,Carlos,Flores,2002-11-24,72,160,Hispanic,light,black,clean_shaven,S,P,,1,RP,CL,,,,,55,,,,97,74,44,99,99,99,99,99,99,99,0,0,0,,,,,0,,,,99,88,99,99,59,99,99,99,99,99,0,0,0,False,,,0,,,,,,0,50,closer,
P7800,Miguel,Flores,1993-08-07,69,197,Hispanic,light,black,mustache,R,P,,1,RP,RP,,,,,56,,,,97,71,48,99,97,99,97,97,99,99,0,0,0,,,,,0,,,,93,66,98,96,42,96,89,94,96,94,0,0,0,False,,,0,,,,,,0,50,finesse_rp,
P3183,Cedric,Young,1994-07-13,76,218,African,dark,black,mustache,L,P,,1,SP,SP,,,,,52,,,,89,69,69,98,52,99,99,99,99,99,97,0,0,,,,,0,,,,94,72,97,47,72,99,94,96,96,97,99,0,0,False,,,0,,,,,,0,50,balanced_sp,
P1122,Eduardo,Torres,1989-10-10,74,200,Hispanic,light,brown,goatee,R,P,,1,SP,SP,,,,,52,,,,87,72,69,97,53,99,97,99,99,99,0,0,0,,,,,0,,,,84,65,97,48,69,91,97,98,95,92,0,0,0,False,,,0,,,,,,0,50,power_sp,
P1883,Tyrone,Wright,1991-11-20,72,168,African,dark,black,clean_shaven,L,P,,1,SP,SP,,,,,48,,,,90,70,71,97,55,96,98,0,99,99,0,97,0,,,,,0,,,,81,64,88,48,66,95,90,0,95,90,0,89,0,False,,,0,,,,,,0,50,power_sp,
P6404,Tyrone,Robinson,1997-04-11,70,226,African,dark,black,clean_shaven,S,P,,1,SP,SP,,,,,52,,,,96,66,72,99,54,99,99,98,98,99,0,98,0,,,,,0,,,,99,66,99,49,71,98,99,93,96,96,0,99,0,False,,,0,,,,,,0,50,workhorse_sp,
P5093,Jamal,Walker,1988-08-22,71,220,African,dark,black,clean_shaven,S,P,,1,SP,SP,,,,,51,,,,96,68,70,99,55,99,99,0,0,99,99,0,0,,,,,0,,,,86,68,98,46,62,95,99,0,0,89,99,0,0,False,,,0,,,,,,0,50,groundball_sp,
P4718,Cedric,Walker,1990-09-27,74,215,African,dark,brown,clean_shaven,R,SS,,0,,,99,99,59,85,50,48,66,51,94,58,,,,,,,,,,,,91,98,58,84,50,0,0,51,94,53,,,,,,,,,,,,False,,,0,,,,,,0,50,,balanced
P9882,Jude,Scharf,1990-12-13,68,210,Anglo,light,black,clean_shaven,R,RF,,0,,,81,97,30,68,48,51,58,50,90,53,,,,,,,,,,,,76,94,25,61,48,0,0,50,89,52,,,,,,,,,,,,False,,,0,,,,,,0,50,,power
P9903,Cedric,Baker,1995-11-15,71,227,African,medium,black,clean_shaven,S,LF,,0,,,99,99,46,85,50,52,56,50,98,65,,,,,,,,,,,,94,97,42,90,50,0,0,50,94,65,,,,,,,,,,,,False,,,0,,,,,,0,50,,power
P1909,Olen,Isaacsen,1990-04-08,74,249,Anglo,medium,brown,clean_shaven,R,C,,0,,,96,91,70,84,51,53,65,48,92,59,,,,,,,,,,,,94,86,66,84,51,0,0,48,85,52,,,,,,,,,,,,False,,,0,,,,,,0,50,,speed
P4303,Darnell,Taylor,2004-10-25,71,245,African,dark,brown,clean_shaven,R,1B,,0,,,98,99,39,84,50,53,59,49,99,59,,,,,,,,,,,,99,99,54,94,50,0,0,49,99,80,,,,,,,,,,,,False,,,0,,,,,,0,50,,gap
P8349,Pedro,Vargas,2001-02-10,72,201,Hispanic,dark,brown,clean_shaven,L,LF,,0,,,99,99,47,86,53,52,51,53,99,67,,,,,,,,,,,,99,99,62,92,53,0,0,53,99,81,,,,,,,,,,,,False,,,0,,,,,,0,50,,average
P8322,Terrance,Sidi,2001-07-23,73,218,Anglo,light,brown,clean_shaven,S,SS,,0,,,99,95,59,87,49,49,59,52,96,60,,,,,,,,,,,,99,99,66,93,49,0,0,52,99,71,,,,,,,,,,,,False,,,0,,,,,,0,50,,balanced
P2735,Deshawn,Gaines,1999-11-15,70,173,African,dark,black,clean_shaven,R,C,,0,,,93,99,30,82,49,51,65,52,99,58,,,,,,,,,,,,99,99,40,96,49,0,0,52,99,68,,,,,,,,,,,,False,,,0,,,,,,0,50,,average
P8956,Brad,Camire,2007-05-13,74,194,Anglo,light,black,clean_shaven,R,P,,1,RP,CL,,,,,55,,,,97,72,44,98,99,98,99,0,0,99,0,0,0,,,,,0,,,,99,92,99,99,72,99,99,0,0,99,0,0,0,False,,,0,,,,,,0,50,closer,
P1292,Miguel,Cruz,2005-06-08,77,246,Hispanic,light,black,goatee,R,P,,1,RP,RP,,,,,53,,,,96,70,50,99,91,99,97,0,0,0,99,0,0,,,,,0,,,,99,98,99,99,60,99,99,0,0,0,99,0,0,False,,,0,,,,,,0,50,groundball_rp,
P3684,Glenn,Klaja,2007-11-20,71,246,Anglo,medium,brown,clean_shaven,S,P,,1,RP,CL,,,,,54,,,,99,71,50,99,99,99,99,99,97,99,0,0,0,,,,,0,,,,99,87,99,99,64,99,99,99,99,99,0,0,0,False,,,0,,,,,,0,50,closer,
P1173,Tyrone,Taylor,2006-10-27,72,228,African,dark,black,mustache,R,P,,1,RP,CL,,,,,53,,,,99,76,48,98,98,98,97,0,0,99,0,0,0,,,,,0,,,,99,99,99,99,68,99,99,0,0,99,0,0,0,False,,,0,,,,,,0,50,closer,
P7564,Fernando,Ramos,2006-03-16,78,201,Hispanic,dark,black,mustache,S,P,,1,SP,SP,,,,,52,,,,96,70,73,98,55,97,99,97,99,98,99,0,0,,,,,0,,,,99,98,99,68,99,99,99,99,99,99,99,0,0,False,,,0,,,,,,0,50,workhorse_sp,
P3372,Jamal,Washington,2005-12-02,68,239,African,medium,black,clean_shaven,R,CF,,0,,,99,96,85,87,50,47,56,53,96,65,,,,,,,,,,,,99,99,99,99,50,0,0,53,99,86,,,,,,,,,,,,False,,,0,,,,,,0,50,,elite_speed
P4299,James,Curro,2005-09-05,78,204,Anglo,light,black,clean_shaven,R,2B,,0,,,99,97,63,84,53,50,60,53,95,57,,,,,,,,,,,,99,99,85,99,53,0,0,53,99,82,,,,,,,,,,,,False,,,0,,,,,,0,50,,balanced
P4544,Eduardo,Ortiz,2006-09-21,68,204,Hispanic,light,black,beard,S,2B,,0,,,99,98,61,87,54,49,59,49,97,56,,,,,,,,,,,,99,99,86,99,54,0,0,49,99,86,,,,,,,,,,,,False,,,0,,,,,,0,50,,spray
P3756,Leroy,Allen,2004-11-02,69,192,African,dark,black,clean_shaven,R,C,,0,,,96,93,85,83,53,51,65,52,92,62,,,,,,,,,,,,99,99,99,96,53,0,0,52,99,72,,,,,,,,,,,,False,,,0,,,,,,0,50,,elite_speed
P1393,Rufus,White,2007-12-10,76,240,African,dark,black,clean_shaven,L,1B,LF,0,,,97,99,28,82,48,50,45,52,97,57,,,,,,,,,,,,99,99,38,99,48,0,0,52,99,75,,,,,,,,,,,,False,,,0,,,,,,0,50,,power
P9679,Tyrone,Washington,2001-09-29,69,160,African,dark,black,clean_shaven,L,P,,1,RP,CL,,,,,55,,,,99,74,48,99,99,99,98,99,0,99,0,0,0,,,,,0,,,,99,81,99,99,56,99,99,99,0,99,0,0,0,False,,,0,,,,,,0,50,closer,
P4394,Jamal,Jefferson,2000-07-03,78,205,African,dark,black,goatee,L,P,,1,SP,SP,,,,,52,,,,93,68,69,99,54,98,99,98,99,0,0,0,0,,,,,0,,,,99,80,99,61,84,99,99,99,99,0,0,0,0,False,,,0,,,,,,0,50,finesse_sp,
P4647,Pedro,Garcia,1997-06-07,74,186,Hispanic,medium,black,clean_shaven,S,P,,1,RP,RP,,,,,53,,,,99,71,51,99,99,99,97,97,0,97,99,0,0,,,,,0,,,,99,70,99,99,46,97,92,94,0,97,99,0,0,False,,,0,,,,,,0,50,groundball_rp,
P5629,Werner,Canzoneri,2004-11-08,68,237,Anglo,dark,blonde,clean_shaven,R,P,,1,SP,SP,,,,,52,,,,95,70,70,99,54,98,99,99,0,99,0,0,0,,,,,0,,,,99,80,99,72,83,99,99,99,0,99,0,0,0,False,,,0,,,,,,0,50,workhorse_sp,
P3972,Raul,Mendoza,2000-07-20,68,218,Hispanic,light,black,mustache,R,P,,1,SP,SP,,,,,50,,,,94,67,71,99,54,99,99,0,99,99,98,0,0,,,,,0,,,,99,74,99,59,77,99,99,0,99,99,99,0,0,False,,,0,,,,,,0,50,groundball_sp,
P2399,Percy,King,1991-09-25,75,164,African,dark,black,clean_shaven,L,P,,1,SP,SP,,,,,50,,,,98,67,71,99,56,98,99,97,98,99,99,0,0,,,,,0,,,,90,59,95,52,69,97,92,92,97,90,89,0,0,False,,,0,,,,,,0,50,workhorse_sp,
P2489,Pedro,Martinez,1988-03-09,74,174,Hispanic,medium,black,goatee,R,P,,1,SP,SP,,,,,51,,,,88,66,71,98,52,99,99,98,0,97,0,0,0,,,,,0,,,,79,59,97,46,71,99,92,90,0,97,0,0,0,False,,,0,,,,,,0,50,balanced_sp,
P4380,Lynn,Orrego,1997-03-24,72,213,Anglo,light,blonde,goatee,R,P,1B,1,RP,RP,,,,,55,,,,97,74,46,99,89,99,97,0,98,99,0,99,0,,,,,0,,,,97,75,99,94,45,99,96,0,98,96,0,99,0,False,,,0,,,,,,0,50,power_rp,
P2168,Miguel,Diaz,2001-10-23,74,249,Hispanic,medium,red,clean_shaven,R,P,,1,RP,RP,,,,,56,,,,99,71,50,98,97,99,97,0,0,97,97,0,0,,,,,0,,,,99,85,99,99,65,99,99,0,0,99,99,0,0,False,,,0,,,,,,0,50,groundball_rp,
P7090,Len,Lesa,1989-09-15,77,221,Anglo,dark,black,mustache,R,P,,1,RP,LR,,,,,56,,,,96,71,49,99,99,98,99,0,0,99,0,0,0,,,,,0,,,,89,67,91,96,47,92,97,0,0,93,0,0,0,False,,,0,,,,,,0,50,long_relief,
P1623,Fernando,Martinez,1998-08-10,78,228,Hispanic,medium,blonde,clean_shaven,R,P,,1,SP,SP,,,,,53,,,,97,69,70,99,52,98,99,97,99,99,99,0,0,,,,,0,,,,99,76,99,58,79,99,99,99,99,99,99,0,0,False,,,0,,,,,,0,50,groundball_sp,
P1823,Leroy,King,1997-01-10,75,169,African,light,black,mustache,R,C,,0,,,93,99,29,81,49,51,65,50,89,60,,,,,,,,,,,,97,99,24,76,49,0,0,50,86,57,,,,,,,,,,,,False,,,0,,,,,,0,50,,power
P5514,John,Shatswell,1988-07-27,70,206,Anglo,light,red,goatee,L,1B,,0,,,99,97,40,85,49,49,45,51,99,56,,,,,,,,,,,,98,93,36,84,49,0,0,51,97,52,,,,,,,,,,,,False,,,0,,,,,,0,50,,balanced
P6021,Randy,Escorcia,1990-10-07,78,188,Anglo,dark,red,goatee,R,2B,,0,,,99,97,53,86,51,50,64,51,96,59,,,,,,,,,,,,97,93,51,79,51,0,0,51,95,54,,,,,,,,,,,,False,,,0,,,,,,0,50,,average
P2192,Leroy,White,1996-03-03,72,231,African,dark,black,goatee,L,3B,,0,,,99,98,37,86,48,48,57,53,96,59,,,,,,,,,,,,98,93,32,88,48,0,0,53,93,64,,,,,,,,,,,,False,,,0,,,,,,0,50,,balanced
P5728,Malik,Scott,1998-03-29,73,199,African,dark,black,goatee,R,SS,,0,,,99,99,45,84,52,52,65,51,96,58,,,,,,,,,,,,97,99,47,88,52,0,0,51,95,57,,,,,,,,,,,,False,,,0,,,,,,0,50,,power
P3550,Tim,Wannamaker,2004-02-01,77,205,Anglo,light,brown,clean_shaven,L,LF,,0,,,97,99,87,83,54,51,52,52,99,63,,,,,,,,,,,,99,99,98,89,54,0,0,52,99,70,,,,,,,,,,,,False,,,0,,,,,,0,50,,elite_speed
P7483,Tyrone,Scott,1997-12-25,69,226,African,medium,brown,clean_shaven,L,CF,,0,,,97,98,92,84,56,47,50,50,99,65,,,,,,,,,,,,92,94,93,84,56,0,0,50,99,64,,,,,,,,,,,,False,,,0,,,,,,0,50,,speed
P8598,Jewel,Nesseth,2004-08-08,73,175,Anglo,medium,black,clean_shaven,R,RF,,0,,,81,99,18,71,49,52,57,49,97,53,,,,,,,,,,,,94,99,42,91,49,0,0,49,99,65,,,,,,,,,,,,False,,,0,,,,,,0,50,,power
P2246,Kendrick,Denogean,1999-10-24,68,169,Anglo,medium,red,beard,R,2B,,0,,,97,99,56,83,51,50,62,50,94,57,,,,,,,,,,,,99,99,62,89,51,0,0,50,99,72,,,,,,,,,,,,False,,,0,,,,,,0,50,,balanced
P9745,Miguel,Gomez,1995-11-16,77,226,Hispanic,medium,black,clean_shaven,R,2B,,0,,,97,99,52,84,50,49,60,49,96,55,,,,,,,,,,,,99,99,55,83,50,0,0,49,99,58,,,,,,,,,,,,False,,,0,,,,,,0,50,,average
P6793,Pedro,Sanchez,2005-01-28,71,202,Hispanic,medium,black,clean_shaven,S,3B,,0,,,99,97,41,84,50,49,60,48,99,61,,,,,,,,,,,,99,99,51,99,50,0,0,48,99,74,,,,,,,,,,,,False,,,0,,,,,,0,50,,balanced
P8898,Percy,Young,1990-10-25,68,243,African,dark,black,clean_shaven,S,RF,,0,,,91,88,37,73,48,51,56,52,93,56,,,,,,,,,,,,88,86,29,66,48,0,0,52,93,51,,,,,,,,,,,,False,,,0,,,,,,0,50,,average
P7349,Keith,Postuci,1992-08-18,71,226,Anglo,medium,black,clean_shaven,S,C,,0,,,94,99,32,81,48,50,63,51,92,54,,,,,,,,,,,,89,89,30,75,48,0,0,51,91,51,,,,,,,,,,,,False,,,0,,,,,,0,50,,power
P7132,Dana,Retter,1997-10-06,77,195,Anglo,medium,blonde,goatee,R,C,,0,,,96,93,36,85,53,51,66,52,96,58,,,,,,,,,,,,91,92,34,85,53,0,0,52,99,58,,,,,,,,,,,,False,,,0,,,,,,0,50,,average
P4344,Cedric,Taylor,2004-07-08,76,195,African,dark,black,clean_shaven,L,P,,1,RP,CL,,,,,55,,,,99,76,46,98,99,97,98,0,0,99,0,0,0,,,,,0,,,,99,86,99,99,68,99,99,0,0,99,0,0,0,False,,,0,,,,,,0,50,closer,
P4267,Rufus,Allen,2003-01-03,74,205,African,dark,brown,clean_shaven,L,P,,1,RP,RP,,,,,56,,,,97,71,50,97,99,99,99,99,98,0,99,0,0,,,,,0,,,,99,85,99,99,61,99,99,99,99,0,99,0,0,False,,,0,,,,,,0,50,finesse_rp,
P1005,Luis,Gomez,1988-01-04,78,181,Hispanic,medium,brown,mustache,R,P,,1,SP,SP,,,,,52,,,,97,68,71,99,53,98,99,99,97,97,0,0,0,,,,,0,,,,96,66,97,49,70,89,95,92,97,97,0,0,0,False,,,0,,,,,,0,50,workhorse_sp,
P8377,Anderson,Molinski,2004-06-01,71,224,Anglo,medium,brown,goatee,R,P,,1,SP,SP,,,,,49,,,,89,69,68,98,55,99,98,99,99,99,0,99,0,,,,,0,,,,99,80,99,79,96,99,99,99,99,99,0,99,0,False,,,0,,,,,,0,50,balanced_sp,
P8616,Gail,Vickery,2003-06-08,71,198,Anglo,light,black,clean_shaven,L,P,,1,SP,SP,,,,,52,,,,87,66,71,99,56,99,98,97,97,99,99,0,0,,,,,0,,,,97,77,99,61,83,99,99,99,99,99,99,0,0,False,,,0,,,,,,0,50,finesse_sp,
P5942,Francisco,Flores,1988-04-21,71,194,Hispanic,light,blonde,beard,R,P,,1,SP,SP,,,,,52,,,,89,68,70,99,52,98,99,98,99,98,0,0,0,,,,,0,,,,79,61,97,51,70,96,89,94,95,89,0,0,0,False,,,0,,,,,,0,50,workhorse_sp,
P8841,Fernando,Garcia,2003-09-10,70,218,Hispanic,medium,brown,clean_shaven,R,P,,1,RP,CL,,,,,56,,,,99,74,46,98,99,99,99,99,99,97,0,0,0,,,,,0,,,,99,81,99,99,58,99,99,99,99,99,0,0,0,False,,,0,,,,,,0,50,closer,
P7899,Fernando,Cruz,1993-11-06,69,236,Hispanic,light,black,clean_shaven,R,1B,,0,,,99,99,26,84,46,51,56,50,96,58,,,,,,,,,,,,90,97,25,80,46,0,0,50,92,48,,,,,,,,,,,,False,,,0,,,,,,0,50,,power
P7848,Florentino,Labuff,2002-09-02,75,236,Anglo,light,blonde,beard,L,CF,,0,,,99,99,68,84,55,48,50,52,99,65,,,,,,,,,,,,99,99,78,94,55,0,0,52,99,75,,,,,,,,,,,,False,,,0,,,,,,0,50,,spray
P4462,Luis,Diaz,2000-08-16,74,172,Hispanic,medium,blonde,clean_shaven,R,LF,,0,,,99,97,61,85,52,51,62,53,99,65,,,,,,,,,,,,99,99,66,99,52,0,0,53,99,79,,,,,,,,,,,,False,,,0,,,,,,0,50,,spray
P6216,Carlos,Gonzalez,1996-01-01,72,181,Hispanic,medium,brown,clean_shaven,R,CF,,0,,,99,99,67,84,48,49,61,51,97,62,,,,,,,,,,,,99,94,72,80,48,0,0,51,99,61,,,,,,,,,,,,False,,,0,,,,,,0,50,,gap
P4604,Dion,Groshek,2000-12-28,77,163,Anglo,medium,black,beard,R,1B,,0,,,96,99,34,85,49,53,58,50,99,58,,,,,,,,,,,,99,99,47,95,49,0,0,50,99,67,,,,,,,,,,,,False,,,0,,,,,,0,50,,power
P1053,Jorge,Perez,1989-04-03,77,228,Hispanic,light,brown,beard,L,1B,,0,,,99,99,38,86,53,51,51,52,96,59,,,,,,,,,,,,99,89,36,84,53,0,0,52,92,58,,,,,,,,,,,,False,,,0,,,,,,0,50,,spray
P7471,Tyrone,Walker,2002-06-16,73,201,African,dark,black,clean_shaven,R,RF,,0,,,86,92,41,73,50,50,56,49,93,54,,,,,,,,,,,,95,99,56,85,50,0,0,49,99,59,,,,,,,,,,,,False,,,0,,,,,,0,50,,balanced
P4916,Malik,Gaines,1992-02-29,68,242,African,dark,brown,goatee,R,C,,0,,,99,94,42,86,54,50,67,49,99,54,,,,,,,,,,,,96,85,41,86,54,0,0,49,99,47,,,,,,,,,,,,False,,,0,,,,,,0,50,,spray
P7818,Trinidad,Brownsberger,2006-07-15,68,213,Anglo,light,brown,clean_shaven,L,P,,1,RP,CL,,,,,55,,,,99,76,49,99,99,99,99,0,0,99,0,0,0,,,,,0,,,,99,91,99,99,77,99,99,0,0,99,0,0,0,False,,,0,,,,,,0,50,closer,
P9530,Tyrone,Mitchell,2005-10-06,77,243,African,dark,black,clean_shaven,R,P,,1,SP,SP,,,,,51,,,,96,68,73,99,55,98,99,99,98,99,0,97,0,,,,,0,,,,99,95,99,80,89,99,99,99,99,99,0,99,0,False,,,0,,,,,,0,50,finesse_sp,
P2482,Deshawn,Jefferson,2007-04-20,74,220,African,dark,black,clean_shaven,R,P,,1,SP,SP,,,,,50,,,,88,69,69,99,52,99,99,99,98,98,97,0,0,,,,,0,,,,99,91,99,75,86,99,99,99,99,99,99,0,0,False,,,0,,,,,,0,50,power_sp,
P4791,Marshall,Sidoti,2006-05-20,75,197,Anglo,medium,black,clean_shaven,S,P,,1,SP,SP,,,,,51,,,,93,64,73,99,56,98,99,98,99,99,0,0,0,,,,,0,,,,99,92,99,83,93,99,99,99,99,99,0,0,0,False,,,0,,,,,,0,50,finesse_sp,
P9507,Eduardo,Hernandez,2005-02-03,68,242,Hispanic,medium,blonde,clean_shaven,R,P,,1,SP,SP,,,,,52,,,,95,70,68,99,56,99,99,97,99,97,98,0,0,,,,,0,,,,99,83,99,83,90,99,99,99,99,99,99,0,0,False,,,0,,,,,,0,50,balanced_sp,
P7527,Jamal,Gaines,2008-03-07,69,220,African,dark,black,clean_shaven,L,C,,0,,,92,96,31,82,51,49,54,52,94,54,,,,,,,,,,,,99,99,45,99,51,0,0,52,99,68,,,,,,,,,,,,False,,,0,,,,,,0,50,,average
P3993,Antonio,Vargas,2004-05-05,68,230,Hispanic,medium,brown,beard,S,CF,,0,,,99,99,66,84,52,48,54,49,99,63,,,,,,,,,,,,99,99,79,97,52,0,0,49,99,81,,,,,,,,,,,,False,,,0,,,,,,0,50,,gap
P2449,Xavier,Baker,2004-06-27,77,173,African,dark,black,mustache,S,LF,,0,,,99,97,53,84,49,49,55,52,99,63,,,,,,,,,,,,99,99,76,99,49,0,0,52,99,86,,,,,,,,,,,,False,,,0,,,,,,0,50,,average
P6249,Darnell,Green,2005-09-04,69,178,African,dark,black,mustache,S,C,,0,,,95,99,34,83,48,54,59,52,96,56,,,,,,,,,,,,99,99,48,99,48,0,0,52,99,71,,,,,,,,,,,,False,,,0,,,,,,0,50,,power
P6468,Rafael,Sanchez,2006-02-18,71,208,Hispanic,medium,blonde,clean_shaven,R,C,,0,,,95,99,29,84,50,50,62,52,98,59,,,,,,,,,,,,99,99,46,99,50,0,0,52,99,76,,,,,,,,,,,,False,,,0,,,,,,0,50,,power
P1196,Darnell,Carter,1991-07-09,74,170,African,dark,black,mustache,R,P,,1,RP,CL,,,,,55,,,,99,73,48,99,99,99,97,0,0,99,0,0,0,,,,,0,,,,94,71,92,99,41,96,96,0,0,95,0,0,0,False,,,0,,,,,,0,50,closer,
P9237,Scot,Mccarter,1995-06-30,68,231,Anglo,light,brown,clean_shaven,R,P,,1,SP,SP,,,,,49,,,,89,66,71,98,53,97,99,99,97,0,0,0,0,,,,,0,,,,91,62,99,55,70,96,99,99,99,0,0,0,0,False,,,0,,,,,,0,50,workhorse_sp,
P8813,Antonio,Hernandez,2000-07-24,69,230,Hispanic,light,blonde,clean_shaven,L,P,,1,RP,RP,,,,,57,,,,99,69,45,99,98,99,99,0,99,0,0,0,0,,,,,0,,,,99,77,99,99,55,99,99,0,99,0,0,0,0,False,,,0,,,,,,0,50,finesse_rp,
P6304,Garth,Dispirito,1994-10-29,76,245,Anglo,light,blonde,beard,R,P,,1,SP,SP,,,,,51,,,,98,67,70,99,55,98,99,98,97,99,0,0,0,,,,,0,,,,93,67,97,59,75,97,98,96,92,99,0,0,0,False,,,0,,,,,,0,50,workhorse_sp,
P9905,Lorenzo,Unkn,1993-09-27,70,161,Anglo,light,brown,clean_shaven,R,P,,1,SP,SP,,,,,49,,,,94,69,72,98,57,99,99,99,99,0,0,0,0,,,,,0,,,,91,65,93,53,69,90,93,91,95,0,0,0,0,False,,,0,,,,,,0,50,finesse_sp,
P5122,Edwardo,Priore,1993-07-05,68,250,Anglo,medium,black,clean_shaven,R,P,,1,SP,SP,,,,,49,,,,91,71,68,99,53,97,99,99,99,99,99,0,0,,,,,0,,,,91,66,96,53,62,91,89,99,99,96,96,0,0,False,,,0,,,,,,0,50,balanced_sp,
P6626,Seymour,Grew,1991-04-29,78,185,Anglo,light,black,clean_shaven,R,P,,1,SP,SP,,,,,54,,,,88,66,68,98,54,99,99,99,0,98,99,0,0,,,,,0,,,,82,66,92,47,64,97,97,90,0,94,90,0,0,False,,,0,,,,,,0,50,groundball_sp,
P6126,Xavier,Carter,2000-07-01,68,232,African,dark,black,mustache,R,P,,1,SP,SP,,,,,53,,,,98,66,72,99,53,99,99,97,99,99,0,99,0,,,,,0,,,,99,78,99,59,78,99,99,99,99,99,0,99,0,False,,,0,,,,,,0,50,finesse_sp,
P1107,Darnell,Gaines,1993-07-04,78,188,African,dark,brown,beard,L,P,,1,SP,SP,,,,,52,,,,93,68,69,98,55,97,98,99,99,97,0,99,0,,,,,0,,,,93,65,95,48,64,87,88,89,90,95,0,92,0,False,,,0,,,,,,0,50,power_sp,
P6992,Alejandro,Cruz,1988-01-06,68,249,Hispanic,medium,brown,clean_shaven,L,P,,1,SP,SP,,,,,49,,,,91,67,71,98,53,96,97,99,98,98,0,0,0,,,,,0,,,,85,63,94,48,70,90,90,99,97,88,0,0,0,False,,,0,,,,,,0,50,balanced_sp,
P1428,Roberto,Cruz,1988-10-19,74,160,Hispanic,medium,black,mustache,R,P,,1,RP,RP,,,,,56,,,,99,72,49,97,99,97,99,99,99,0,0,0,0,,,,,0,,,,99,64,91,94,47,91,94,93,98,0,0,0,0,False,,,0,,,,,,0,50,finesse_rp,
P5027,Van,Servedio,2000-10-03,77,212,Anglo,light,blonde,clean_shaven,R,C,,0,,,95,94,35,84,52,50,66,51,91,58,,,,,,,,,,,,99,99,40,89,52,0,0,51,99,65,,,,,,,,,,,,False,,,0,,,,,,0,50,,average
P5388,Antonio,Vasquez,1999-02-19,74,249,Hispanic,medium,blonde,mustache,L,1B,,0,,,95,99,41,83,50,52,44,50,98,59,,,,,,,,,,,,99,99,46,96,50,0,0,50,99,66,,,,,,,,,,,,False,,,0,,,,,,0,50,,power
P7344,Jermaine,Gaines,1989-04-25,75,231,African,dark,brown,clean_shaven,S,2B,,0,,,98,99,44,85,52,51,59,51,95,61,,,,,,,,,,,,93,97,35,77,52,0,0,51,89,52,,,,,,,,,,,,False,,,0,,,,,,0,50,,power
P8188,Jarod,Deconti,1998-07-13,68,221,Anglo,light,black,clean_shaven,S,3B,,0,,,99,99,39,83,49,50,59,53,97,59,,,,,,,,,,,,99,99,49,92,49,0,0,53,99,70,,,,,,,,,,,,False,,,0,,,,,,0,50,,gap
P2167,Ricardo,Vasquez,1996-06-26,68,230,Hispanic,medium,brown,clean_shaven,R,SS,,0,,,99,91,69,86,53,48,64,49,94,66,,,,,,,,,,,,99,87,66,87,53,0,0,49,96,64,,,,,,,,,,,,False,,,0,,,,,,0,50,,spray
P8933,Sam,Thamphia,1987-11-04,78,247,Anglo,medium,brown,mustache,L,LF,,0,,,97,99,61,86,53,51,53,51,99,66,,,,,,,,,,,,91,99,56,85,53,0,0,51,98,59,,,,,,,,,,,,False,,,0,,,,,,0,50,,gap
P6388,Jacinto,Kupchinsky,2004-08-24,77,203,Anglo,medium,red,clean_shaven,L,CF,,0,,,99,97,84,84,56,47,49,52,97,62,,,,,,,,,,,,99,99,99,94,56,0,0,52,99,76,,,,,,,,,,,,False,,,0,,,,,,0,50,,speed
P2042,Xavier,Jackson,1988-02-07,77,161,African,dark,brown,beard,R,RF,,0,,,93,96,33,76,48,53,57,48,95,53,,,,,,,,,,,,83,91,26,70,48,0,0,48,85,52,,,,,,,,,,,,False,,,0,,,,,,0,50,,balanced
P7501,Malik,Baker,1992-12-20,76,177,African,dark,black,mustache,S,LF,,0,,,99,99,60,86,52,51,58,52,99,65,,,,,,,,,,,,97,93,51,77,52,0,0,52,92,55,,,,,,,,,,,,False,,,0,,,,,,0,50,,balanced
P3899,Marshall,Griffis,2000-12-07,76,194,Anglo,light,blonde,clean_shaven,R,SS,,0,,,99,91,58,88,50,49,67,51,95,64,,,,,,,,,,,,99,98,69,97,50,0,0,51,99,79,,,,,,,,,,,,False,,,0,,,,,,0,50,,spray
P3300,Jose,Torres,2004-02-05,68,172,Hispanic,medium,black,clean_shaven,S,CF,,0,,,99,98,66,85,50,52,56,51,99,60,,,,,,,,,,,,99,99,81,95,50,0,0,51,99,72,,,,,,,,,,,,False,,,0,,,,,,0,50,,average
P9712,Ricky,Barbarin,2000-12-08,73,182,Anglo,light,brown,beard,R,RF,,0,,,99,99,41,82,49,53,55,51,86,54,,,,,,,,,,,,99,99,50,90,49,0,0,51,99,66,,,,,,,,,,,,False,,,0,,,,,,0,50,,gap
P8389,Millard,Kappe,1999-04-06,76,203,Anglo,light,brown,clean_shaven,R,LF,,0,,,98,98,62,85,52,50,63,51,97,67,,,,,,,,,,,,99,99,75,99,52,0,0,51,99,74,,,,,,,,,,,,False,,,0,,,,,,0,50,,gap
P8568,Deshawn,King,1989-11-11,78,193,African,light,black,mustache,L,LF,,0,,,99,99,45,84,48,50,49,53,99,64,,,,,,,,,,,,99,91,35,75,48,0,0,53,98,54,,,,,,,,,,,,False,,,0,,,,,,0,50,,power
P7832,Jermaine,Green,1996-02-25,77,193,African,dark,black,clean_shaven,R,P,,1,RP,CL,,,,,55,,,,98,76,46,99,99,99,99,0,98,99,0,0,0,,,,,0,,,,93,77,99,99,43,94,99,0,95,99,0,0,0,False,,,0,,,,,,0,50,closer,
P5520,Rufus,Young,2002-05-31,75,244,African,medium,brown,clean_shaven,R,P,,1,RP,RP,,,,,55,,,,99,71,47,99,99,99,97,0,99,0,0,0,0,,,,,0,,,,99,81,99,99,52,99,99,0,99,0,0,0,0,False,,,0,,,,,,0,50,finesse_rp,
P4883,Juan,Ramos,1997-12-21,75,206,Hispanic,light,blonde,goatee,S,P,,1,SP,SP,,,,,50,,,,97,67,74,97,56,99,98,99,98,99,0,0,0,,,,,0,,,,96,65,92,54,77,99,97,99,96,95,0,0,0,False,,,0,,,,,,0,50,workhorse_sp,
P2392,Jarrett,Faulkner,1991-08-13,76,162,Anglo,light,black,clean_shaven,R,P,,1,SP,SP,,,,,52,,,,95,71,72,98,54,96,98,99,99,99,98,0,0,,,,,0,,,,85,71,89,50,67,91,94,96,99,99,94,0,0,False,,,0,,,,,,0,50,balanced_sp,
P2204,Cedric,Gaines,2004-09-17,72,249,African,dark,black,mustache,S,P,,1,RP,CL,,,,,57,,,,98,74,48,99,99,99,99,0,0,98,0,0,0,,,,,0,,,,99,85,99,99,76,99,99,0,0,99,0,0,0,False,,,0,,,,,,0,50,closer,
P7657,Barton,Figuroa,1990-06-04,68,180,Anglo,light,black,clean_shaven,R,P,,1,SP,SP,,,,,52,,,,96,68,70,99,52,97,99,0,0,97,98,0,0,,,,,0,,,,96,59,90,45,62,94,99,0,0,96,92,0,0,False,,,0,,,,,,0,50,groundball_sp,
P6952,Dannie,Ercolano,1996-01-11,69,232,Anglo,light,red,clean_shaven,S,P,,1,SP,SP,,,,,50,,,,96,71,71,99,53,97,98,0,99,99,0,0,0,,,,,0,,,,94,69,99,57,76,94,99,0,99,96,0,0,0,False,,,0,,,,,,0,50,power_sp,
P9629,Rufus,Mitchell,1990-11-23,77,180,African,dark,black,beard,R,C,,0,,,96,99,37,81,53,52,61,52,93,56,,,,,,,,,,,,89,92,34,81,53,0,0,52,93,53,,,,,,,,,,,,False,,,0,,,,,,0,50,,power
P7260,Jermaine,Harris,1987-12-07,71,160,African,dark,black,mustache,L,SS,2B,0,,,98,88,88,84,53,50,55,51,92,57,,,,,,,,,,,,94,84,82,82,53,0,0,51,90,55,,,,,,,,,,,,False,,,0,,,,,,0,50,,speed
P2522,Terrell,Michniak,1987-12-04,74,244,Anglo,light,brown,clean_shaven,L,CF,RF,0,,,99,98,66,85,51,50,53,53,98,65,,,,,,,,,,,,97,88,64,77,51,0,0,53,93,58,,,,,,,,,,,,False,,,0,,,,,,0,50,,spray
P8235,Quentin,Harker,1994-02-21,69,236,Anglo,light,blonde,goatee,L,RF,,0,,,76,99,34,72,50,54,47,48,90,55,,,,,,,,,,,,73,96,28,70,50,0,0,48,80,54,,,,,,,,,,,,False,,,0,,,,,,0,50,,power
P1506,Shane,Polselli,2002-07-09,71,199,Anglo,light,brown,mustache,R,1B,,0,,,97,99,40,82,48,51,58,51,95,57,,,,,,,,,,,,99,99,49,89,48,0,0,51,99,68,,,,,,,,,,,,False,,,0,,,,,,0,50,,power
P7221,Milford,Hickernell,1987-10-16,69,222,Anglo,light,brown,mustache,R,2B,,0,,,99,97,54,86,51,48,60,52,92,59,,,,,,,,,,,,91,96,45,76,51,0,0,52,89,58,,,,,,,,,,,,False,,,0,,,,,,0,50,,spray
P1318,Luis,Cruz,1987-12-17,77,172,Hispanic,medium,blonde,clean_shaven,R,C,,0,,,95,99,32,82,49,53,63,51,96,58,,,,,,,,,,,,85,90,24,80,49,0,0,51,96,57,,,,,,,,,,,,False,,,0,,,,,,0,50,,power
P9235,Jamal,Robinson,1993-08-02,75,190,African,dark,black,clean_shaven,L,C,,0,,,98,97,41,84,52,50,58,52,94,54,,,,,,,,,,,,89,96,39,77,52,0,0,52,92,45,,,,,,,,,,,,False,,,0,,,,,,0,50,,balanced
P6155,Jarod,Wedner,2005-12-13,72,175,Anglo,light,brown,clean_shaven,S,P,,1,RP,CL,,,,,55,,,,95,73,42,98,99,99,99,0,0,99,0,0,0,,,,,0,,,,99,98,99,99,54,99,99,0,0,99,0,0,0,False,,,0,,,,,,0,50,closer,
P1304,Pierre,Kolb,2006-06-17,76,235,Anglo,medium,brown,goatee,R,P,,1,SP,SP,,,,,53,,,,96,69,73,97,53,99,98,99,99,99,0,97,0,,,,,0,,,,99,94,99,77,99,99,99,99,99,99,0,99,0,False,,,0,,,,,,0,50,finesse_sp,
P1588,Andrew,Pfeiffer,2007-02-14,77,236,Anglo,light,brown,clean_shaven,R,P,,1,RP,LR,,,,,54,,,,97,72,51,99,99,99,97,97,0,0,0,0,0,,,,,0,,,,99,99,99,99,75,99,99,99,0,0,0,0,0,False,,,0,,,,,,0,50,long_relief,
P8865,Ricardo,Ortiz,2007-09-30,69,165,Hispanic,light,red,goatee,R,P,,1,RP,RP,,,,,55,,,,99,75,49,99,97,99,99,0,99,0,0,0,0,,,,,0,,,,99,91,99,99,78,99,99,0,99,0,0,0,0,False,,,0,,,,,,0,50,power_rp,
P9915,Tyrone,King,2006-08-24,73,234,African,dark,black,clean_shaven,R,P,,1,RP,RP,,,,,55,,,,99,71,48,99,97,99,99,0,99,0,0,0,0,,,,,0,,,,99,88,99,99,74,99,99,0,99,0,0,0,0,False,,,0,,,,,,0,50,finesse_rp,
P8684,Odis,Carney,2005-05-11,76,250,Anglo,medium,blonde,clean_shaven,R,RF,,0,,,98,98,37,80,52,51,55,50,95,51,,,,,,,,,,,,99,99,51,95,52,0,0,50,99,71,,,,,,,,,,,,False,,,0,,,,,,0,50,,gap
P2893,Kraig,Jabiro,2007-07-12,76,187,Anglo,light,blonde,clean_shaven,R,RF,,0,,,99,90,41,85,49,51,60,50,87,56,,,,,,,,,,,,99,99,59,99,49,0,0,50,99,86,,,,,,,,,,,,False,,,0,,,,,,0,50,,spray
P2058,Asa,Marchell,2005-02-19,75,162,Anglo,dark,brown,beard,S,1B,,0,,,94,99,32,85,48,52,53,52,96,58,,,,,,,,,,,,99,99,45,99,48,0,0,52,99,73,,,,,,,,,,,,False,,,0,,,,,,0,50,,power
P1524,Jamal,Mitchell,2005-02-02,71,161,African,dark,black,clean_shaven,R,C,,0,,,99,97,35,84,54,50,62,53,94,60,,,,,,,,,,,,99,99,60,99,54,0,0,53,99,80,,,,,,,,,,,,False,,,0,,,,,,0,50,,spray
P1759,Percy,Allen,2006-11-15,72,178,African,dark,brown,clean_shaven,R,C,,0,,,99,93,31,86,51,49,65,51,97,61,,,,,,,,,,,,99,99,48,99,51,0,0,51,99,75,,,,,,,,,,,,False,,,0,,,,,,0,50,,spray
P4376,Benjamin,Jeffris,1987-07-24,69,210,Anglo,medium,brown,clean_shaven,R,P,,1,RP,CL,,,,,55,,,,94,72,45,97,99,99,98,99,99,97,0,0,0,,,,,0,,,,92,67,95,99,40,93,93,91,98,97,0,0,0,False,,,0,,,,,,0,50,closer,
P4830,Daron,Harmison,1995-02-26,68,182,Anglo,light,brown,mustache,R,P,,1,SP,SP,,,,,52,,,,96,73,70,99,52,98,99,99,99,99,99,0,0,,,,,0,,,,99,76,99,49,71,95,94,97,99,99,99,0,0,False,,,0,,,,,,0,50,power_sp,
P5025,Percy,Taylor,1999-11-19,73,236,African,dark,black,clean_shaven,R,P,,1,RP,LR,,,,,54,,,,97,69,51,97,99,99,99,98,0,99,0,0,0,,,,,0,,,,99,81,99,99,58,99,99,99,0,99,0,0,0,False,,,0,,,,,,0,50,long_relief,
P9753,Malik,Young,1991-06-28,69,173,African,light,black,clean_shaven,S,P,,1,SP,SP,,,,,53,,,,91,68,71,99,54,98,97,0,99,99,0,0,0,,,,,0,,,,84,62,91,50,63,96,93,0,94,94,0,0,0,False,,,0,,,,,,0,50,workhorse_sp,
P7812,Mauro,Pavelich,2000-01-19,73,237,Anglo,light,black,goatee,L,P,,1,RP,RP,,,,,52,,,,98,73,48,99,97,98,99,99,99,99,0,0,0,,,,,0,,,,99,80,99,99,53,99,99,99,99,99,0,0,0,False,,,0,,,,,,0,50,power_rp,
P3412,Neal,Vollman,1997-11-09,72,200,Anglo,light,black,clean_shaven,R,P,,1,RP,CL,,,,,53,,,,98,75,46,99,99,98,99,99,98,99,0,0,0,,,,,0,,,,96,75,94,98,42,99,99,95,99,94,0,0,0,False,,,0,,,,,,0,50,closer,
P8803,Ricardo,Sanchez,1988-09-03,70,196,Hispanic,dark,black,clean_shaven,R,P,,1,SP,SP,,,,,49,,,,91,70,69,99,54,99,99,97,97,0,98,99,0,,,,,0,,,,89,62,98,45,67,96,94,95,95,0,93,98,0,False,,,0,,,,,,0,50,finesse_sp,
P1473,Carlos,Rodriguez,1992-03-30,75,195,Hispanic,light,brown,beard,L,P,,1,RP,RP,,,,,52,,,,97,71,52,99,99,99,99,0,0,99,0,0,0,,,,,0,,,,87,66,97,99,47,99,99,0,0,89,0,0,0,False,,,0,,,,,,0,50,power_rp,
P6156,Malik,Allen,1989-07-22,73,209,African,dark,black,beard,R,P,,1,SP,SP,,,,,49,,,,90,66,73,98,56,99,99,99,99,99,99,0,0,,,,,0,,,,84,63,95,46,63,90,94,91,89,99,95,0,0,False,,,0,,,,,,0,50,balanced_sp,
P9292,Russ,Tomlinson,1990-12-18,70,203,Anglo,light,black,goatee,S,P,,1,SP,SP,,,,,51,,,,95,70,70,99,55,96,99,98,99,99,0,99,0,,,,,0,,,,91,61,91,51,70,92,98,93,98,92,0,95,0,False,,,0,,,,,,0,50,power_sp,
P4119,Carlos,Sanchez,1991-12-22,68,214,Hispanic,light,brown,clean_shaven,R,P,,1,SP,SP,,,,,49,,,,90,66,71,99,53,99,98,98,97,0,97,99,0,,,,,0,,,,81,65,94,52,61,90,91,95,93,0,94,96,0,False,,,0,,,,,,0,50,finesse_sp,
P7320,Fernando,Castillo,1991-07-21,73,207,Hispanic,medium,black,beard,L,C,,0,,,93,96,32,81,52,51,57,52,90,57,,,,,,,,,,,,90,87,31,80,52,0,0,52,85,52,,,,,,,,,,,,False,,,0,,,,,,0,50,,average
P3500,Juan,Martinez,1997-04-11,72,220,Hispanic,medium,brown,clean_shaven,R,1B,,0,,,99,99,40,84,50,48,52,52,99,62,,,,,,,,,,,,99,99,45,80,50,0,0,52,97,57,,,,,,,,,,,,False,,,0,,,,,,0,50,,spray
P1305,Fernando,Vasquez,2004-09-12,73,206,Hispanic,dark,brown,clean_shaven,R,2B,,0,,,97,97,59,85,50,48,63,52,96,60,,,,,,,,,,,,99,99,83,99,50,0,0,52,99,72,,,,,,,,,,,,False,,,0,,,,,,0,50,,balanced
P8362,Xavier,Jefferson,1990-07-11,77,220,African,dark,black,clean_shaven,R,3B,,0,,,98,99,42,84,51,48,63,49,99,59,,,,,,,,,,,,97,99,37,79,51,0,0,49,90,55,,,,,,,,,,,,False,,,0,,,,,,0,50,,balanced
P7122,Antonio,Reyes,2000-03-02,69,222,Hispanic,medium,brown,clean_shaven,L,SS,,0,,,97,99,53,84,52,51,56,50,97,66,,,,,,,,,,,,99,99,63,94,52,0,0,50,99,73,,,,,,,,,,,,False,,,0,,,,,,0,50,,power
P4743,Antonio,Flores,1993-08-29,69,181,Hispanic,medium,black,clean_shaven,R,LF,,0,,,98,99,96,85,49,48,59,50,99,66,,,,,,,,,,,,92,97,92,76,49,0,0,50,94,57,,,,,,,,,,,,False,,,0,,,,,,0,50,,elite_speed
P1962,Felton,Shuptrine,1996-03-11,68,194,Anglo,medium,blonde,clean_shaven,L,CF,,0,,,99,96,84,86,51,48,48,51,96,61,,,,,,,,,,,,99,91,85,81,51,0,0,51,99,64,,,,,,,,,,,,False,,,0,,,,,,0,50,,speed
P4012,Roberto,Perez,1999-05-20,68,231,Hispanic,light,red,clean_shaven,L,RF,,0,,,86,86,33,71,49,51,48,50,86,55,,,,,,,,,,,,94,96,46,80,49,0,0,50,99,60,,,,,,,,,,,,False,,,0,,,,,,0,50,,balanced
P3030,Garland,Remaley,2005-04-12,75,190,Anglo,light,blonde,clean_shaven,R,CF,,0,,,99,99,88,84,54,49,58,50,98,64,,,,,,,,,,,,99,99,99,96,54,0,0,50,99,75,,,,,,,,,,,,False,,,0,,,,,,0,50,,speed
P6191,Francisco,Martinez,1989-05-23,68,214,Hispanic,medium,black,mustache,R,C,,0,,,98,98,35,83,50,49,63,54,95,60,,,,,,,,,,,,98,89,26,75,50,0,0,54,86,57,,,,,,,,,,,,False,,,0,,,,,,0,50,,average
P1688,Ricardo,Mendoza,1987-10-10,71,194,Hispanic,light,brown,beard,L,1B,,0,,,99,97,38,84,48,49,47,51,97,63,,,,,,,,,,,,97,90,29,78,48,0,0,51,92,54,,,,,,,,,,,,False,,,0,,,,,,0,50,,balanced
P4481,Jermaine,Baker,1996-07-09,68,229,African,medium,black,clean_shaven,R,C,,0,,,99,92,33,87,53,49,64,54,94,56,,,,,,,,,,,,99,88,37,89,53,0,0,54,94,57,,,,,,,,,,,,False,,,0,,,,,,0,50,,spray
P1493,Tyrone,Green,1997-04-30,73,216,African,dark,black,goatee,R,3B,,0,,,99,99,36,86,49,53,67,52,99,58,,,,,,,,,,,,99,95,31,88,49,0,0,52,94,53,,,,,,,,,,,,False,,,0,,,,,,0,50,,power
P1120,Tyrone,Gaines,1993-03-17,75,234,African,dark,black,clean_shaven,L,RF,,0,,,84,98,35,75,50,54,48,49,85,52,,,,,,,,,,,,79,92,33,65,50,0,0,49,77,50,,,,,,,,,,,,False,,,0,,,,,,0,50,,power
P5599,Nigel,Bielecki,2003-07-08,77,196,Anglo,light,black,mustache,L,P,,1,RP,CL,,,,,56,,,,97,75,44,97,99,98,99,98,0,99,0,0,0,,,,,0,,,,99,83,99,99,58,99,99,99,0,99,0,0,0,False,,,0,,,,,,0,50,closer,
P6168,Darnell,King,1994-10-30,68,227,African,medium,black,beard,S,P,,1,RP,RP,,,,,53,,,,97,71,48,99,92,97,99,99,97,98,0,0,0,,,,,0,,,,92,73,99,91,45,98,95,95,92,94,0,0,0,False,,,0,,,,,,0,50,power_rp,
P7252,Carlos,Martinez,2004-02-27,77,220,Hispanic,medium,brown,clean_shaven,L,P,,1,SP,SP,,,,,52,,,,97,67,71,99,55,96,99,99,99,0,99,0,0,,,,,0,,,,99,74,99,69,84,99,99,99,99,0,99,0,0,False,,,0,,,,,,0,50,groundball_sp,
P2554,Ricardo,Diaz,1989-09-08,68,217,Hispanic,medium,brown,beard,L,P,,1,SP,SP,,,,,52,,,,94,71,72,99,53,99,99,98,99,97,99,0,0,,,,,0,,,,87,71,95,51,69,97,96,90,92,92,98,0,0,False,,,0,,,,,,0,50,balanced_sp,
P5328,Tyrone,Baker,2002-10-30,70,189,African,dark,brown,clean_shaven,R,P,,1,SP,SP,,,,,52,,,,97,70,71,99,56,99,99,99,99,98,98,0,0,,,,,0,,,,99,78,99,68,80,99,99,99,99,99,99,0,0,False,,,0,,,,,,0,50,power_sp,
P8891,Francisco,Perez,1994-04-13,68,196,Hispanic,light,brown,beard,S,P,,1,SP,SP,,,,,53,,,,87,71,70,98,53,99,99,99,99,99,0,99,0,,,,,0,,,,86,70,92,49,70,95,92,94,92,96,0,99,0,False,,,0,,,,,,0,50,power_sp,
P7649,Xavier,Young,1999-02-28,68,197,African,dark,black,mustache,R,P,,1,RP,RP,,,,,55,,,,98,70,47,99,99,99,99,99,0,0,0,0,0,,,,,0,,,,99,77,99,99,60,99,99,99,0,0,0,0,0,False,,,0,,,,,,0,50,finesse_rp,
P9708,Roberto,Reyes,1995-08-23,78,193,Hispanic,light,brown,clean_shaven,L,1B,,0,,,99,97,40,85,49,50,49,52,96,59,,,,,,,,,,,,94,99,39,85,49,0,0,52,96,60,,,,,,,,,,,,False,,,0,,,,,,0,50,,spray
P8129,Rufus,Jackson,1989-03-10,71,243,African,dark,black,clean_shaven,R,RF,,0,,,83,97,16,72,51,54,56,49,95,53,,,,,,,,,,,,79,88,10,71,51,0,0,49,89,45,,,,,,,,,,,,False,,,0,,,,,,0,50,,power
P6498,Carlos,Hernandez,2000-01-14,73,179,Hispanic,medium,red,clean_shaven,R,LF,,0,,,99,98,62,85,50,46,57,50,99,63,,,,,,,,,,,,99,99,71,94,50,0,0,50,99,74,,,,,,,,,,,,False,,,0,,,,,,0,50,,spray
P4799,Cedric,Jackson,1998-10-27,69,215,African,dark,black,beard,R,SS,,0,,,99,93,69,87,53,50,66,53,98,66,,,,,,,,,,,,99,99,81,98,53,0,0,53,99,71,,,,,,,,,,,,False,,,0,,,,,,0,50,,spray
P6981,Xavier,Mitchell,1995-01-06,70,172,African,dark,black,clean_shaven,R,C,,0,,,94,99,32,81,49,50,62,50,88,57,,,,,,,,,,,,89,96,35,82,49,0,0,50,89,57,,,,,,,,,,,,False,,,0,,,,,,0,50,,power
P1777,Deshawn,Baker,1992-02-15,74,181,African,dark,black,clean_shaven,R,C,1B,0,,,94,95,34,82,53,53,66,51,94,62,,,,,,,,,,,,91,92,29,75,53,0,0,51,92,58,,,,,,,,,,,,False,,,0,,,,,,0,50,,average
P7819,Raul,Castillo,1995-07-17,74,164,Hispanic,light,brown,clean_shaven,R,SS,,0,,,99,96,57,84,51,47,65,54,96,66,,,,,,,,,,,,94,99,62,86,51,0,0,54,99,71,,,,,,,,,,,,False,,,0,,,,,,0,50,,spray
P4735,Rufus,Taylor,1992-03-18,75,219,African,medium,brown,beard,R,2B,,0,,,99,95,57,86,51,48,64,52,95,59,,,,,,,,,,,,96,95,48,78,51,0,0,52,90,59,,,,,,,,,,,,False,,,0,,,,,,0,50,,average
P8126,Roberto,Hernandez,2004-07-05,72,243,Hispanic,light,brown,beard,S,P,,1,RP,CL,,,,,55,,,,95,75,45,99,99,98,99,99,99,97,0,0,0,,,,,0,,,,99,99,99,99,62,99,99,99,99,99,0,0,0,False,,,0,,,,,,0,50,closer,
P2899,Darnell,Allen,2004-12-12,69,237,African,dark,black,clean_shaven,R,P,,1,RP,CL,,,,,54,,,,97,73,47,97,99,99,99,0,0,99,0,0,0,,,,,0,,,,99,83,99,99,57,99,99,0,0,99,0,0,0,False,,,0,,,,,,0,50,closer,
P3260,Cedric,Washington,2007-01-01,68,166,African,dark,black,clean_shaven,S,P,,1,RP,RP,,,,,55,,,,99,69,47,99,99,99,97,0,99,0,0,0,0,,,,,0,,,,99,82,99,99,76,99,99,0,99,0,0,0,0,False,,,0,,,,,,0,50,finesse_rp,
P2514,Titus,Shearin,2007-01-09,72,223,Anglo,light,brown,mustache,R,P,,1,RP,RP,,,,,56,,,,96,73,49,99,97,99,99,99,0,97,99,0,0,,,,,0,,,,99,93,99,99,74,99,99,99,0,99,99,0,0,False,,,0,,,,,,0,50,groundball_rp,
P3709,Clifton,Ussery,2006-02-17,77,237,Anglo,light,blonde,clean_shaven,R,P,,1,SP,SP,,,,,49,,,,96,66,69,99,57,99,99,99,99,0,0,99,0,,,,,0,,,,99,80,99,74,88,99,99,99,99,0,0,99,0,False,,,0,,,,,,0,50,finesse_sp,
P1679,Ricardo,Vargas,2004-08-25,68,235,Hispanic,light,blonde,beard,S,1B,,0,,,97,99,40,83,48,53,51,51,99,59,,,,,,,,,,,,99,99,59,99,48,0,0,51,99,71,,,,,,,,,,,,False,,,0,,,,,,0,50,,average
P4150,Francisco,Delgado,2007-11-21,70,175,Hispanic,medium,black,goatee,R,LF,,0,,,99,97,64,84,53,50,58,50,98,65,,,,,,,,,,,,99,99,80,97,53,0,0,50,99,75,,,,,,,,,,,,False,,,0,,,,,,0,50,,balanced
P4085,Curt,Jozsa,2007-02-17,72,222,Anglo,light,blonde,clean_shaven,R,LF,,0,,,99,99,62,86,52,51,59,50,99,65,,,,,,,,,,,,99,99,89,99,52,0,0,50,99,77,,,,,,,,,,,,False,,,0,,,,,,0,50,,power
P2710,Ricardo,Castillo,2006-01-03,70,196,Hispanic,light,blonde,clean_shaven,S,3B,,0,,,96,97,42,83,51,51,57,51,99,57,,,,,,,,,,,,99,99,54,99,51,0,0,51,99,75,,,,,,,,,,,,False,,,0,,,,,,0,50,,balanced
P5587,Glenn,Freehling,2005-06-04,77,214,Anglo,light,brown,clean_shaven,S,3B,,0,,,96,99,42,86,49,53,59,48,99,57,,,,,,,,,,,,99,99,59,98,49,0,0,48,99,79,,,,,,,,,,,,False,,,0,,,,,,0,50,,power
P6766,Rayford,Hotelling,2001-01-28,77,204,Anglo,light,black,clean_shaven,S,P,,1,RP,CL,,,,,55,,,,91,75,47,99,99,99,98,99,0,99,0,0,0,,,,,0,,,,99,80,99,99,56,99,99,99,0,99,0,0,0,False,,,0,,,,,,0,50,closer,
P2791,Juan,Perez,1992-04-23,69,215,Hispanic,dark,brown,mustache,L,P,,1,SP,SP,,,,,27,,,,96,69,73,99,53,99,98,97,99,0,97,0,0,,,,,18,,,,86,61,96,47,65,92,97,91,95,0,95,0,0,False,,,0,,,,,,0,50,groundball_sp,
P7810,Luis,Sanchez,1992-07-10,76,176,Hispanic,dark,black,clean_shaven,L,P,,1,SP,SP,,,,,52,,,,94,65,70,99,54,97,99,0,0,97,99,0,0,,,,,0,,,,94,61,96,52,70,94,90,0,0,96,96,0,0,False,,,0,,,,,,0,50,groundball_sp,
P2153,Len,Neis,1987-11-05,70,216,Anglo,light,black,mustache,R,P,,1,RP,RP,,,,,52,,,,97,73,49,99,98,97,99,0,99,0,0,0,0,,,,,0,,,,95,68,97,94,43,89,99,0,95,0,0,0,0,False,,,0,,,,,,0,50,power_rp,
P5516,Raul,Ramirez,1988-11-24,78,206,Hispanic,medium,black,beard,R,P,,1,SP,SP,,,,,53,,,,95,68,71,99,57,99,97,98,99,99,0,0,0,,,,,0,,,,87,59,99,51,65,89,87,96,96,98,0,0,0,False,,,0,,,,,,0,50,balanced_sp,
P7647,Burt,Dailey,1998-11-24,73,228,Anglo,light,brown,clean_shaven,R,P,,1,SP,SP,,,,,50,,,,94,67,72,99,57,98,99,99,99,0,0,0,0,,,,,0,,,,99,81,99,69,80,99,99,99,99,0,0,0,0,False,,,0,,,,,,0,50,finesse_sp,
P7241,Cornell,Hubbell,2001-09-01,77,179,Anglo,light,blonde,goatee,L,P,,1,SP,SP,,,,,49,,,,89,68,71,97,52,99,99,0,99,99,0,98,0,,,,,0,,,,99,79,99,60,84,99,99,0,99,99,0,99,0,False,,,0,,,,,,0,50,power_sp,
P4569,Carlos,Ortiz,1999-08-02,77,200,Hispanic,light,red,mustache,L,P,,1,SP,SP,,,,,50,,,,89,68,69,99,55,98,99,99,98,97,0,0,0,,,,,0,,,,95,80,99,69,80,99,99,99,99,99,0,0,0,False,,,0,,,,,,0,50,workhorse_sp,
P4044,Pedro,Reyes,1991-02-06,69,198,Hispanic,medium,brown,clean_shaven,R,P,,1,SP,SP,,,,,52,,,,94,69,69,99,53,99,97,97,97,99,0,0,0,,,,,0,,,,91,67,96,52,66,96,87,90,88,92,0,0,0,False,,,0,,,,,,0,50,power_sp,
P6710,Carlos,Reyes,1998-07-02,72,198,Hispanic,medium,blonde,beard,L,P,,1,RP,RP,,,,,55,,,,97,72,47,99,99,99,97,0,99,99,0,98,0,,,,,0,,,,99,77,99,99,59,99,99,0,99,99,0,99,0,False,,,0,,,,,,0,50,power_rp,
P1802,Carlos,Mendoza,2003-06-01,68,230,Hispanic,medium,black,goatee,L,P,LF,1,RP,RP,,,,,55,,,,99,72,52,97,99,97,98,0,97,99,0,0,0,,,,,0,,,,99,81,99,99,66,99,99,0,99,99,0,0,0,False,,,0,,,,,,0,50,power_rp,
P1793,Francisco,Morales,1995-03-03,78,214,Hispanic,medium,brown,clean_shaven,R,C,,0,,,95,97,33,82,54,51,68,49,96,59,,,,,,,,,,,,98,97,31,77,54,0,0,49,99,63,,,,,,,,,,,,False,,,0,,,,,,0,50,,average
P6462,Pedro,Morales,2003-06-28,78,202,Hispanic,medium,black,clean_shaven,R,1B,,0,,,99,99,45,84,47,50,54,51,97,56,,,,,,,,,,,,99,99,54,95,47,0,0,51,99,65,,,,,,,,,,,,False,,,0,,,,,,0,50,,gap
P8652,Jorge,Ortiz,1997-06-19,75,168,Hispanic,dark,brown,mustache,R,2B,,0,,,99,99,45,85,52,50,60,51,96,61,,,,,,,,,,,,99,99,41,86,52,0,0,51,99,61,,,,,,,,,,,,False,,,0,,,,,,0,50,,balanced
P5052,Hunter,Chmura,1996-12-25,72,244,Anglo,dark,red,clean_shaven,R,3B,,0,,,96,99,41,83,48,53,61,50,95,60,,,,,,,,,,,,92,99,36,83,48,0,0,50,95,58,,,,,,,,,,,,False,,,0,,,,,,0,50,,average
P3452,Gerald,Gangestad,1988-12-06,68,184,Anglo,light,black,mustache,R,SS,,0,,,99,93,86,86,52,51,64,50,95,65,,,,,,,,,,,,90,90,78,79,52,0,0,50,89,57,,,,,,,,,,,,False,,,0,,,,,,0,50,,speed
P8010,German,Vence,1988-10-10,72,165,Anglo,dark,brown,mustache,S,LF,,0,,,99,99,50,86,49,48,56,53,99,61,,,,,,,,,,,,90,89,43,84,49,0,0,53,89,53,,,,,,,,,,,,False,,,0,,,,,,0,50,,average
P3613,Manuel,Vargas,1995-12-22,76,245,Hispanic,medium,black,goatee,S,CF,,0,,,99,99,69,85,52,48,55,52,97,62,,,,,,,,,,,,94,99,64,81,52,0,0,52,93,57,,,,,,,,,,,,False,,,0,,,,,,0,50,,gap
P6769,Mikel,Bogaert,1993-05-17,69,250,Anglo,medium,black,clean_shaven,R,RF,,0,,,86,99,38,73,47,51,59,49,85,57,,,,,,,,,,,,85,95,32,63,47,0,0,49,75,57,,,,,,,,,,,,False,,,0,,,,,,0,50,,power
P7156,Gabriel,Sandhoff,1988-02-13,77,191,Anglo,light,black,beard,S,SS,,0,,,99,95,67,84,50,48,61,48,94,64,,,,,,,,,,,,91,94,66,78,50,0,0,48,87,62,,,,,,,,,,,,False,,,0,,,,,,0,50,,balanced
P2344,Dewayne,Kuhr,1990-10-21,78,233,Anglo,medium,black,clean_shaven,R,C,,0,,,98,92,47,83,55,51,66,49,88,58,,,,,,,,,,,,91,86,45,75,55,0,0,49,87,58,,,,,,,,,,,,False,,,0,,,,,,0,50,,spray
P4405,Luis,Ramirez,2005-01-18,76,250,Hispanic,light,brown,clean_shaven,R,LF,,0,,,99,98,65,86,54,49,63,52,99,64,,,,,,,,,,,,99,99,87,99,54,0,0,52,99,93,,,,,,,,,,,,False,,,0,,,,,,0,50,,spray
P6571,Fernando,Gomez,2003-07-25,72,242,Hispanic,medium,brown,clean_shaven,R,SS,,0,,,99,96,60,85,53,52,66,51,98,65,,,,,,,,,,,,99,99,71,93,53,0,0,51,99,71,,,,,,,,,,,,False,,,0,,,,,,0,50,,balanced
P4846,Alejandro,Ortiz,1991-04-26,68,166,Hispanic,light,black,mustache,R,CF,,0,,,99,99,65,84,52,49,55,48,96,62,,,,,,,,,,,,93,93,56,76,52,0,0,48,95,52,,,,,,,,,,,,False,,,0,,,,,,0,50,,gap
P5279,Donny,Cassity,2004-01-03,74,222,Anglo,light,blonde,goatee,R,CF,,0,,,99,98,69,86,56,48,60,50,96,62,,,,,,,,,,,,99,99,76,96,56,0,0,50,99,76,,,,,,,,,,,,False,,,0,,,,,,0,50,,spray
P4700,Antonio,Rivera,1990-01-07,74,199,Hispanic,dark,brown,beard,L,P,,1,RP,CL,,,,,55,,,,95,74,46,98,99,99,98,0,99,99,0,0,0,,,,,0,,,,95,73,89,91,39,96,93,0,94,96,0,0,0,False,,,0,,,,,,0,50,closer,
P4080,Hector,Cruz,1988-07-30,76,171,Hispanic,medium,brown,goatee,R,P,,1,RP,RP,,,,,52,,,,98,73,46,99,99,99,99,0,0,99,0,0,0,,,,,0,,,,94,65,98,91,41,94,97,0,0,89,0,0,0,False,,,0,,,,,,0,50,power_rp,
P7403,Tommy,Hanlon,2004-06-04,70,211,Anglo,dark,brown,clean_shaven,R,P,,1,RP,RP,,,,,54,,,,97,72,50,98,99,99,99,97,0,0,99,0,0,,,,,0,,,,99,88,99,99,68,99,99,99,0,0,99,0,0,False,,,0,,,,,,0,50,groundball_rp,
P8425,Alejandro,Diaz,1990-03-16,76,204,Hispanic,medium,black,mustache,R,P,,1,SP,SP,,,,,50,,,,99,71,70,97,52,97,98,0,97,99,0,99,0,,,,,0,,,,98,66,94,46,62,97,94,0,92,91,0,92,0,False,,,0,,,,,,0,50,power_sp,
P3155,Antonio,Martinez,1992-01-03,78,187,Hispanic,light,brown,beard,R,P,,1,SP,SP,,,,,51,,,,96,67,71,99,53,98,99,98,97,0,0,0,0,,,,,0,,,,89,58,95,51,62,94,92,93,95,0,0,0,0,False,,,0,,,,,,0,50,finesse_sp,
P6528,Jorge,Martinez,2000-01-16,68,209,Hispanic,medium,brown,clean_shaven,R,P,,1,SP,SP,,,,,52,,,,91,70,71,99,56,96,99,98,0,0,97,0,0,,,,,0,,,,99,80,99,64,76,99,99,99,0,0,99,0,0,False,,,0,,,,,,0,50,groundball_sp,
P3748,Rafael,Martinez,1990-09-13,78,190,Hispanic,medium,black,beard,L,P,,1,SP,SP,,,,,50,,,,90,66,72,99,53,97,99,99,99,0,0,97,0,,,,,0,,,,89,57,93,53,68,96,94,90,92,0,0,93,0,False,,,0,,,,,,0,50,finesse_sp,
P9994,Juan,Sanchez,1997-02-12,77,209,Hispanic,light,black,clean_shaven,R,C,,0,,,96,96,34,86,49,53,62,51,92,55,,,,,,,,,,,,96,99,39,81,49,0,0,51,92,53,,,,,,,,,,,,False,,,0,,,,,,0,50,,balanced
P7210,Miguel,Ramos,1987-06-20,76,206,Hispanic,dark,black,mustache,L,RF,,0,,,84,99,35,74,50,54,47,51,92,55,,,,,,,,,,,,76,98,35,68,50,0,0,51,91,50,,,,,,,,,,,,False,,,0,,,,,,0,50,,power
P8153,Hector,Flores,2000-02-04,73,179,Hispanic,light,brown,beard,S,LF,,0,,,99,97,70,85,49,49,58,49,99,65,,,,,,,,,,,,99,99,78,98,49,0,0,49,99,74,,,,,,,,,,,,False,,,0,,,,,,0,50,,speed
P1259,Luther,Weirauch,1989-07-29,76,224,Anglo,light,brown,clean_shaven,S,1B,,0,,,99,99,40,84,46,54,48,52,99,56,,,,,,,,,,,,98,97,34,81,46,0,0,52,94,50,,,,,,,,,,,,False,,,0,,,,,,0,50,,power
P3540,Jonas,Moser,2001-07-24,74,179,Anglo,light,brown,clean_shaven,S,3B,,0,,,98,99,70,85,50,52,61,50,97,59,,,,,,,,,,,,99,99,78,93,50,0,0,50,99,70,,,,,,,,,,,,False,,,0,,,,,,0,50,,speed
P8075,Luis,Torres,1987-11-20,70,225,Hispanic,medium,black,clean_shaven,R,C,,0,,,94,99,33,80,49,54,64,52,94,58,,,,,,,,,,,,86,98,32,74,49,0,0,52,91,54,,,,,,,,,,,,False,,,0,,,,,,0,50,,power
P5380,Hector,Rivera,1998-10-20,68,170,Hispanic,medium,blonde,goatee,R,RF,,0,,,81,99,31,71,50,55,58,48,86,55,,,,,,,,,,,,89,99,42,81,50,0,0,48,93,69,,,,,,,,,,,,False,,,0,,,,,,0,50,,power
P5096,Pedro,Flores,1989-12-07,72,165,Hispanic,light,black,clean_shaven,L,RF,,0,,,93,91,33,74,50,51,49,51,88,53,,,,,,,,,,,,91,86,32,73,50,0,0,51,85,52,,,,,,,,,,,,False,,,0,,,,,,0,50,,average
P3381,Jorge,Hernandez,2007-03-13,69,236,Hispanic,medium,brown,goatee,S,P,,1,RP,CL,,,,,55,,,,99,73,45,98,99,99,99,99,97,99,0,0,0,,,,,0,,,,99,84,99,99,75,99,99,99,99,99,0,0,0,False,,,0,,,,,,0,50,closer,
P7902,Floyd,Lataquin,2004-09-24,71,201,Anglo,dark,brown,clean_shaven,L,P,,1,RP,CL,,,,,54,,,,98,76,48,99,99,99,98,99,99,99,0,0,0,,,,,0,,,,99,99,99,99,73,99,99,99,99,99,0,0,0,False,,,0,,,,,,0,50,closer,
P4130,Tyron,Reau,2005-09-17,73,225,Anglo,light,brown,clean_shaven,R,P,,1,RP,RP,,,,,55,,,,98,71,48,99,99,98,97,0,98,98,0,0,0,,,,,0,,,,99,99,99,99,73,99,99,0,99,99,0,0,0,False,,,0,,,,,,0,50,power_rp,
P6371,Rafael,Morales,2007-06-07,69,203,Hispanic,medium,brown,clean_shaven,R,P,,1,SP,SP,,,,,49,,,,89,69,69,99,54,98,99,0,99,99,0,0,0,,,,,0,,,,99,85,99,82,84,99,99,0,99,99,0,0,0,False,,,0,,,,,,0,50,power_sp,
P6567,Laurence,Camus,2007-12-06,78,177,Anglo,medium,black,clean_shaven,S,P,,1,SP,SP,,,,,51,,,,92,66,68,99,55,98,99,97,99,99,0,0,0,,,,,0,,,,99,86,99,77,95,99,99,99,99,99,0,0,0,False,,,0,,,,,,0,50,balanced_sp,
P6947,Jerald,Kut,2006-05-20,77,205,Anglo,light,brown,clean_shaven,R,SS,,0,,,99,97,56,84,50,51,65,49,99,63,,,,,,,,,,,,99,99,76,99,50,0,0,49,99,92,,,,,,,,,,,,False,,,0,,,,,,0,50,,average
P6618,Tom,Vlach,2004-12-22,72,176,Anglo,dark,brown,clean_shaven,R,1B,,0,,,99,99,42,86,48,52,56,51,98,58,,,,,,,,,,,,99,99,67,99,48,0,0,51,99,79,,,,,,,,,,,,False,,,0,,,,,,0,50,,gap
P8617,Hector,Lopez,2007-03-08,76,163,Hispanic,light,black,beard,R,LF,,0,,,99,99,64,86,51,47,56,50,99,67,,,,,,,,,,,,99,99,89,98,51,0,0,50,99,85,,,,,,,,,,,,False,,,0,,,,,,0,50,,spray
P6790,Luis,Ramos,2005-09-06,69,176,Hispanic,medium,black,clean_shaven,L,LF,,0,,,99,99,62,86,51,53,56,51,99,63,,,,,,,,,,,,99,99,85,99,51,0,0,51,99,77,,,,,,,,,,,,False,,,0,,,,,,0,50,,balanced
P7526,Don,Leaks,2004-11-22,76,233,Anglo,light,brown,beard,R,3B,,0,,,99,99,43,85,49,49,64,50,99,61,,,,,,,,,,,,99,99,64,99,49,0,0,50,99,89,,,,,,,,,,,,False,,,0,,,,,,0,50,,balanced
P9245,Francisco,Garcia,1995-11-24,68,228,Hispanic,medium,black,mustache,R,P,,1,RP,CL,,,,,55,,,,96,74,48,97,99,99,99,98,99,99,0,0,0,,,,,0,,,,97,79,96,99,53,96,97,99,99,99,0,0,0,False,,,0,,,,,,0,50,closer,
P5379,Raul,Delgado,2000-06-24,72,200,Hispanic,medium,brown,beard,S,P,,1,SP,SP,,,,,50,,,,93,67,69,99,55,95,99,99,97,98,0,0,0,,,,,0,,,,99,80,99,66,76,99,99,99,99,99,0,0,0,False,,,0,,,,,,0,50,balanced_sp,
P6933,Bruno,Stimage,2002-06-09,72,220,Anglo,light,blonde,clean_shaven,R,P,,1,RP,RP,,,,,53,,,,97,73,50,98,92,99,99,0,99,0,0,0,0,,,,,0,,,,99,83,99,99,59,99,99,0,99,0,0,0,0,False,,,0,,,,,,0,50,power_rp,
P7629,Hector,Gonzalez,1991-11-16,75,226,Hispanic,dark,black,clean_shaven,L,P,,1,SP,SP,,,,,49,,,,99,71,73,97,56,99,97,0,99,99,0,0,0,,,,,0,,,,89,69,96,50,65,95,91,0,93,95,0,0,0,False,,,0,,,,,,0,50,power_sp,
P1127,Jose,Martinez,1989-05-21,75,198,Hispanic,medium,red,mustache,R,P,,1,SP,SP,,,,,49,,,,96,70,68,99,55,99,97,0,99,97,0,0,0,,,,,0,,,,93,68,94,46,60,92,95,0,89,96,0,0,0,False,,,0,,,,,,0,50,power_sp,
P1233,Donald,Wollard,1990-11-21,76,221,Anglo,light,blonde,clean_shaven,R,P,,1,SP,SP,,,,,53,,,,90,70,70,99,53,99,99,97,97,99,99,0,0,,,,,0,,,,83,68,97,51,68,97,95,91,92,91,96,0,0,False,,,0,,,,,,0,50,balanced_sp,
P4167,Olen,Spirer,1997-05-05,76,212,Anglo,light,black,clean_shaven,S,P,,1,SP,SP,,,,,53,,,,95,68,69,98,53,98,99,99,0,0,97,0,0,,,,,0,,,,98,66,97,52,66,99,98,99,0,0,99,0,0,False,,,0,,,,,,0,50,groundball_sp,
P8978,Augustus,Mainz,1993-01-20,73,208,Anglo,light,brown,clean_shaven,R,P,,1,SP,SP,,,,,50,,,,96,68,70,99,57,97,98,99,98,0,0,0,0,,,,,0,,,,88,61,90,57,62,91,95,92,98,0,0,0,0,False,,,0,,,,,,0,50,finesse_sp,
P9453,Chauncey,Wyles,1998-05-20,68,162,Anglo,light,blonde,clean_shaven,R,P,,1,SP,SP,,,,,51,,,,96,71,71,99,55,99,99,0,99,97,0,0,0,,,,,0,,,,99,81,99,65,81,99,99,0,99,99,0,0,0,False,,,0,,,,,,0,50,workhorse_sp,
P2828,Ulysses,Wassell,1991-01-21,78,249,Anglo,light,blonde,mustache,R,P,,1,RP,RP,,,,,57,,,,99,71,48,99,99,97,97,98,99,0,0,99,0,,,,,0,,,,95,67,98,99,43,91,96,88,97,0,0,92,0,False,,,0,,,,,,0,50,finesse_rp,
P3001,Archie,Sillitti,1990-10-04,70,178,Anglo,light,brown,clean_shaven,R,P,,1,RP,RP,,,,,57,,,,96,72,48,99,93,98,99,0,0,0,98,0,0,,,,,0,,,,93,72,93,86,47,90,90,0,0,0,93,0,0,False,,,0,,,,,,0,50,groundball_rp,
P7830,Hector,Mendoza,1994-12-15,78,219,Hispanic,medium,blonde,clean_shaven,S,C,,0,,,99,95,47,87,52,49,62,52,99,56,,,,,,,,,,,,98,97,48,89,52,0,0,52,99,60,,,,,,,,,,,,False,,,0,,,,,,0,50,,spray
P9982,Cristopher,Kole,1987-08-14,76,223,Anglo,light,brown,clean_shaven,R,1B,,0,,,93,99,40,85,50,52,57,52,98,63,,,,,,,,,,,,85,95,40,81,50,0,0,52,89,53,,,,,,,,,,,,False,,,0,,,,,,0,50,,power
P5850,Eduardo,Garcia,1994-11-04,77,238,Hispanic,medium,brown,mustache,L,2B,,0,,,99,95,57,87,53,50,54,51,90,57,,,,,,,,,,,,99,93,58,92,53,0,0,51,89,52,,,,,,,,,,,,False,,,0,,,,,,0,50,,spray
P6044,Adolph,Buske,1989-12-23,77,162,Anglo,light,black,clean_shaven,R,3B,,0,,,98,98,41,84,47,49,61,53,99,59,,,,,,,,,,,,97,89,41,75,47,0,0,53,99,56,,,,,,,,,,,,False,,,0,,,,,,0,50,,balanced
P3327,Salvador,Otomo,1994-09-09,74,231,Anglo,light,blonde,goatee,R,SS,,0,,,97,87,84,85,54,51,66,51,99,63,,,,,,,,,,,,96,88,81,86,54,0,0,51,95,59,,,,,,,,,,,,False,,,0,,,,,,0,50,,speed
P6223,Numbers,Charest,1990-10-09,69,166,Anglo,medium,brown,beard,L,LF,,0,,,97,99,48,83,48,52,52,49,99,65,,,,,,,,,,,,88,95,38,81,48,0,0,49,97,56,,,,,,,,,,,,False,,,0,,,,,,0,50,,power
P9789,Albert,Bertagnolli,2003-01-19,68,217,Anglo,light,red,clean_shaven,S,CF,,0,,,97,99,84,83,56,49,57,50,96,62,,,,,,,,,,,,99,99,92,92,56,0,0,50,99,73,,,,,,,,,,,,False,,,0,,,,,,0,50,,speed
P9081,Marco,Skarke,1989-09-01,70,230,Anglo,light,black,clean_shaven,L,RF,,0,,,99,99,37,83,47,50,49,53,86,52,,,,,,,,,,,,94,99,30,75,47,0,0,53,77,52,,,,,,,,,,,,False,,,0,,,,,,0,50,,gap
P7669,Fernando,Torres,1997-06-23,76,167,Hispanic,medium,brown,clean_shaven,R,1B,,0,,,99,99,43,86,53,49,54,49,96,60,,,,,,,,,,,,97,94,46,91,53,0,0,49,93,57,,,,,,,,,,,,False,,,0,,,,,,0,50,,spray
P2740,Ferdinand,Berning,1993-06-03,71,198,Anglo,dark,brown,goatee,R,1B,,0,,,99,97,41,84,47,51,53,49,96,63,,,,,,,,,,,,96,95,33,83,47,0,0,49,88,60,,,,,,,,,,,,False,,,0,,,,,,0,50,,gap
P5639,Zachery,Greet,2004-01-04,68,249,Anglo,light,black,clean_shaven,S,3B,,0,,,96,99,70,83,53,49,60,48,97,57,,,,,,,,,,,,99,99,83,91,53,0,0,48,99,65,,,,,,,,,,,,False,,,0,,,,,,0,50,,speed
P3199,Pedro,Lopez,2001-01-22,69,244,Hispanic,dark,brown,clean_shaven,L,RF,,0,,,88,94,40,74,51,49,46,53,93,56,,,,,,,,,,,,99,99,52,88,51,0,0,53,99,62,,,,,,,,,,,,False,,,0,,,,,,0,50,,average
P2038,Miquel,Natt,1996-07-06,73,244,Anglo,light,brown,mustache,R,LF,,0,,,99,98,59,84,51,49,60,51,97,65,,,,,,,,,,,,99,99,62,85,51,0,0,51,96,60,,,,,,,,,,,,False,,,0,,,,,,0,50,,spray
P1038,Juan,Vargas,1996-10-06,73,228,Hispanic,medium,black,beard,R,CF,,0,,,97,97,66,84,53,52,57,50,97,64,,,,,,,,,,,,99,98,69,88,53,0,0,50,99,69,,,,,,,,,,,,False,,,0,,,,,,0,50,,balanced
P2040,Santiago,Dusky,1989-12-24,68,189,Anglo,light,brown,clean_shaven,R,P,,1,RP,CL,,,,,55,,,,96,71,47,97,99,99,99,0,0,99,0,0,0,,,,,0,,,,89,65,96,91,45,90,89,0,0,98,0,0,0,False,,,0,,,,,,0,50,closer,
P6510,Fernando,Reyes,2001-04-17,78,211,Hispanic,dark,brown,goatee,L,P,,1,SP,SP,,,,,52,,,,94,71,72,97,53,98,99,99,99,99,0,0,0,,,,,0,,,,99,84,99,62,83,99,99,99,99,99,0,0,0,False,,,0,,,,,,0,50,power_sp,
P1789,Fausto,Cummer,2005-01-22,70,218,Anglo,light,brown,clean_shaven,R,P,,1,SP,SP,,,,,49,,,,93,68,69,97,55,99,99,99,99,0,0,0,0,,,,,0,,,,99,86,99,78,97,99,99,99,99,0,0,0,0,False,,,0,,,,,,0,50,finesse_sp,
P5900,Colin,Suben,1995-07-08,70,214,Anglo,light,black,clean_shaven,R,P,,1,SP,SP,,,,,49,,,,96,67,70,99,56,99,99,99,99,0,99,97,0,,,,,0,,,,96,70,97,52,71,98,95,97,99,0,98,99,0,False,,,0,,,,,,0,50,finesse_sp,
P7908,Alejandro,Guerrero,1999-11-22,77,194,Hispanic,medium,black,mustache,R,P,,1,SP,SP,,,,,52,,,,86,67,69,99,52,98,98,97,0,98,0,0,0,,,,,0,,,,97,77,99,62,75,99,99,99,0,99,0,0,0,False,,,0,,,,,,0,50,workhorse_sp,
P6085,Ariel,Bossen,1989-02-28,78,219,Anglo,light,brown,clean_shaven,L,P,,1,RP,RP,,,,,54,,,,99,73,44,97,90,99,97,0,0,99,0,0,0,,,,,0,,,,95,70,95,85,42,99,92,0,0,91,0,0,0,False,,,0,,,,,,0,50,power_rp,
P2657,Aldo,Beliard,1991-02-25,71,173,Anglo,light,brown,clean_shaven,L,P,,1,SP,SP,,,,,50,,,,96,69,72,99,54,97,98,97,97,0,0,0,0,,,,,0,,,,89,60,97,44,70,91,97,96,96,0,0,0,0,False,,,0,,,,,,0,50,finesse_sp,
P2521,Cyrus,Humpal,1999-10-30,78,247,Anglo,light,blonde,beard,R,3B,,0,,,99,99,43,84,51,51,67,51,99,58,,,,,,,,,,,,99,99,56,96,51,0,0,51,99,63,,,,,,,,,,,,False,,,0,,,,,,0,50,,spray
P4536,Todd,Denoyer,1988-11-18,73,212,Anglo,light,brown,mustache,R,CF,,0,,,99,98,86,86,54,49,56,51,98,62,,,,,,,,,,,,90,90,81,76,54,0,0,51,96,55,,,,,,,,,,,,False,,,0,,,,,,0,50,,speed
P4408,Scott,Bourgois,1998-05-07,75,180,Anglo,light,blonde,beard,L,LF,,0,,,99,97,66,85,52,47,55,49,99,67,,,,,,,,,,,,99,99,77,93,52,0,0,49,99,81,,,,,,,,,,,,False,,,0,,,,,,0,50,,spray
P8768,Kristofer,Katoa,1990-10-30,75,164,Anglo,medium,blonde,goatee,S,LF,,0,,,97,99,70,84,51,48,57,52,98,62,,,,,,,,,,,,91,89,68,78,51,0,0,52,92,56,,,,,,,,,,,,False,,,0,,,,,,0,50,,speed
P6316,Agustin,Barillaro,1994-06-20,71,208,Anglo,medium,black,clean_shaven,R,C,,0,,,99,91,46,85,53,52,65,50,99,60,,,,,,,,,,,,97,93,51,82,53,0,0,50,99,59,,,,,,,,,,,,False,,,0,,,,,,0,50,,spray
P4007,Galen,Marchuk,2000-05-15,76,250,Anglo,light,black,beard,R,C,,0,,,97,96,33,82,51,51,65,53,91,57,,,,,,,,,,,,99,99,38,90,51,0,0,53,99,63,,,,,,,,,,,,False,,,0,,,,,,0,50,,balanced
P8229,Lacy,Lutwin,1988-01-16,68,202,Anglo,light,blonde,beard,R,C,,0,,,95,96,29,82,49,51,63,49,97,54,,,,,,,,,,,,89,96,22,77,49,0,0,49,90,50,,,,,,,,,,,,False,,,0,,,,,,0,50,,balanced
P4537,Roderick,Kodama,1998-06-10,73,224,Anglo,light,brown,beard,R,3B,,0,,,99,98,42,86,51,47,63,49,99,60,,,,,,,,,,,,99,99,51,94,51,0,0,49,99,67,,,,,,,,,,,,False,,,0,,,,,,0,50,,spray
P2035,Alexis,Hadsall,2005-09-07,73,191,Anglo,medium,black,clean_shaven,L,P,,1,RP,CL,,,,,55,,,,96,71,47,98,99,98,99,99,97,99,0,0,0,,,,,0,,,,99,95,99,99,69,99,99,99,99,99,0,0,0,False,,,0,,,,,,0,50,closer,
P3789,Russell,Read,2005-02-03,71,247,Anglo,dark,black,clean_shaven,L,P,,1,SP,SP,,,,,54,,,,91,66,70,99,53,99,97,0,98,98,0,0,0,,,,,0,,,,99,82,99,78,80,99,99,0,99,99,0,0,0,False,,,0,,,,,,0,50,workhorse_sp,
P1367,Roderick,Grieb,2007-04-12,76,170,Anglo,light,black,mustache,R,P,,1,SP,SP,,,,,54,,,,92,65,73,99,55,99,99,98,0,98,99,0,0,,,,,0,,,,99,75,99,72,94,99,99,99,0,99,99,0,0,False,,,0,,,,,,0,50,groundball_sp,
P4905,Micah,Reichmann,2007-07-28,77,225,Anglo,light,blonde,clean_shaven,R,P,,1,RP,RP,,,,,55,,,,97,72,45,98,99,99,98,0,99,0,0,0,0,,,,,0,,,,99,86,99,99,59,99,99,0,99,0,0,0,0,False,,,0,,,,,,0,50,finesse_rp,
P9064,Stanford,Sanders,2007-07-23,78,208,Anglo,medium,brown,beard,L,P,,1,RP,RP,,,,,56,,,,96,76,48,99,92,98,97,99,98,99,0,0,0,,,,,0,,,,99,97,99,99,65,99,99,99,99,99,0,0,0,False,,,0,,,,,,0,50,power_rp,
P4400,Kevin,Saxena,2004-07-28,78,231,Anglo,light,brown,clean_shaven,L,CF,,0,,,99,98,96,86,54,49,53,49,96,61,,,,,,,,,,,,99,99,99,99,54,0,0,49,99,84,,,,,,,,,,,,False,,,0,,,,,,0,50,,speed
P8625,Clifford,Sandoral,2007-08-07,74,245,Anglo,dark,blonde,mustache,R,RF,,0,,,97,89,38,84,51,47,56,48,92,55,,,,,,,,,,,,99,99,57,99,51,0,0,48,99,74,,,,,,,,,,,,False,,,0,,,,,,0,50,,spray
P1332,Cordell,Panke,2005-10-20,71,221,Anglo,medium,blonde,clean_shaven,R,3B,,0,,,99,99,37,86,50,50,64,51,99,62,,,,,,,,,,,,99,99,53,99,50,0,0,51,99,79,,,,,,,,,,,,False,,,0,,,,,,0,50,,average
P6210,Antonia,Eliezrie,2006-07-17,76,194,Anglo,light,black,clean_shaven,L,RF,,0,,,99,95,43,83,51,52,49,52,86,54,,,,,,,,,,,,99,99,60,99,51,0,0,52,99,84,,,,,,,,,,,,False,,,0,,,,,,0,50,,spray
P1617,Ira,Chomka,2005-09-28,72,238,Anglo,light,black,clean_shaven,R,3B,,0,,,97,97,39,84,48,53,62,49,97,57,,,,,,,,,,,,99,99,61,99,48,0,0,49,99,78,,,,,,,,,,,,False,,,0,,,,,,0,50,,balanced
P3194,Domingo,Flaherty,1994-05-09,68,170,Anglo,medium,black,clean_shaven,L,P,,1,RP,CL,,,,,56,,,,99,74,48,97,98,99,99,0,0,99,0,0,0,,,,,0,,,,95,76,92,99,51,95,94,0,0,99,0,0,0,False,,,0,,,,,,0,50,closer,
P9728,Carol,Warncke,1989-02-13,72,225,Anglo,light,blonde,clean_shaven,R,P,,1,SP,SP,,,,,50,,,,90,69,73,99,53,97,99,0,99,97,0,0,0,,,,,0,,,,83,59,94,51,70,89,93,0,99,89,0,0,0,False,,,0,,,,,,0,50,workhorse_sp,
P5323,Lamont,Mosqueda,1993-02-02,77,217,Anglo,light,brown,beard,L,P,,1,SP,SP,,,,,51,,,,95,69,70,99,52,98,99,98,99,0,0,0,0,,,,,0,,,,94,67,97,52,70,88,93,94,99,0,0,0,0,False,,,0,,,,,,0,50,balanced_sp,
P4219,Franklin,Harding,1995-02-06,72,179,Anglo,light,brown,beard,L,P,,1,RP,RP,,,,,54,,,,97,68,48,99,99,99,99,99,98,0,0,98,0,,,,,0,,,,95,64,99,95,52,99,98,97,93,0,0,98,0,False,,,0,,,,,,0,50,finesse_rp,
P6638,Weldon,Caughman,1998-09-05,74,161,Anglo,light,brown,clean_shaven,R,P,,1,RP,RP,,,,,56,,,,99,70,45,97,98,98,97,99,97,0,0,0,0,,,,,0,,,,99,75,99,99,51,99,99,99,99,0,0,0,0,False,,,0,,,,,,0,50,finesse_rp,
P7224,Donovan,Pencek,1987-11-02,78,235,Anglo,light,blonde,clean_shaven,L,P,,1,RP,RP,,,,,55,,,,97,70,47,99,97,98,99,99,98,0,99,0,0,,,,,0,,,,90,64,90,90,47,96,98,99,97,0,97,0,0,False,,,0,,,,,,0,50,finesse_rp,
P1125,Rupert,Dafonte,1996-01-14,70,191,Anglo,medium,blonde,clean_shaven,L,P,,1,RP,RP,,,,,56,,,,98,75,51,99,99,98,99,0,98,99,0,99,0,,,,,0,,,,99,71,99,99,55,98,99,0,97,94,0,98,0,False,,,0,,,,,,0,50,power_rp,
P6090,Otto,Mclagan,1993-10-03,69,203,Anglo,light,black,beard,S,P,,1,RP,RP,,,,,54,,,,99,70,47,99,99,97,99,97,0,98,99,0,0,,,,,0,,,,97,70,98,90,45,88,92,93,0,93,94,0,0,False,,,0,,,,,,0,50,groundball_rp,
P8496,Felipe,Goodwater,1996-10-18,77,175,Anglo,dark,blonde,clean_shaven,R,P,,1,RP,RP,,,,,56,,,,99,70,50,98,98,99,99,0,99,99,99,0,0,,,,,0,,,,99,74,95,93,51,99,99,0,99,95,99,0,0,False,,,0,,,,,,0,50,groundball_rp,
P8060,Jefferson,Constante,1996-11-12,69,188,Anglo,dark,brown,clean_shaven,L,P,,1,SP,SP,,,,,51,,,,92,69,72,99,53,95,99,98,99,99,99,0,0,,,,,0,,,,91,65,94,58,70,97,99,94,96,99,99,0,0,False,,,0,,,,,,0,50,workhorse_sp,
P4122,Newton,Schuetz,1999-12-15,70,217,Anglo,light,brown,clean_shaven,L,P,,1,RP,RP,,,,,54,,,,98,74,47,98,97,99,97,0,99,98,0,0,0,,,,,0,,,,99,84,99,99,62,99,99,0,99,99,0,0,0,False,,,0,,,,,,0,50,power_rp,
P3831,Gayle,Lieb,1998-08-24,68,163,Anglo,light,brown,mustache,R,C,,0,,,99,99,43,83,54,50,66,50,95,55,,,,,,,,,,,,99,99,57,91,54,0,0,50,99,69,,,,,,,,,,,,False,,,0,,,,,,0,50,,spray
P3072,Willis,Matheney,2001-12-03,77,234,Anglo,medium,brown,mustache,L,1B,,0,,,99,97,39,86,49,50,48,52,97,60,,,,,,,,,,,,99,99,48,99,49,0,0,52,99,65,,,,,,,,,,,,False,,,0,,,,,,0,50,,spray
P5964,Timmy,Altschuler,1998-12-17,68,206,Anglo,light,brown,clean_shaven,R,2B,,0,,,98,99,46,85,51,51,62,49,97,58,,,,,,,,,,,,99,99,61,92,51,0,0,49,99,70,,,,,,,,,,,,False,,,0,,,,,,0,50,,balanced
P8557,Johnnie,Kinaj,1993-01-16,76,202,Anglo,medium,black,beard,L,3B,,0,,,99,97,36,85,50,49,53,52,99,62,,,,,,,,,,,,96,92,26,80,50,0,0,52,97,60,,,,,,,,,,,,False,,,0,,,,,,0,50,,average
P8253,Abraham,Slane,2000-11-27,76,210,Anglo,medium,black,clean_shaven,R,SS,,0,,,99,95,67,86,53,51,64,52,93,63,,,,,,,,,,,,99,99,74,99,53,0,0,52,99,73,,,,,,,,,,,,False,,,0,,,,,,0,50,,balanced
P5045,Guadalupe,Brickel,1989-11-06,69,186,Anglo,light,black,clean_shaven,R,LF,,0,,,98,99,60,86,50,50,58,51,99,65,,,,,,,,,,,,90,98,55,78,50,0,0,51,99,63,,,,,,,,,,,,False,,,0,,,,,,0,50,,power
P3484,Merrill,Lowy,2000-02-09,73,236,Anglo,medium,red,beard,R,CF,,0,,,99,99,86,86,54,49,55,51,97,64,,,,,,,,,,,,99,99,99,99,54,0,0,51,99,74,,,,,,,,,,,,False,,,0,,,,,,0,50,,speed
P7724,Dwight,Mccowan,2001-05-14,76,181,Anglo,dark,brown,clean_shaven,L,RF,,0,,,87,88,95,78,52,49,50,49,87,54,,,,,,,,,,,,95,97,99,93,52,0,0,49,99,68,,,,,,,,,,,,False,,,0,,,,,,0,50,,elite_speed
P4942,Alberto,Viscome,2000-06-13,68,204,Anglo,light,brown,clean_shaven,R,1B,,0,,,98,99,27,80,50,52,57,50,97,59,,,,,,,,,,,,99,99,37,88,50,0,0,50,99,71,,,,,,,,,,,,False,,,0,,,,,,0,50,,power
P2737,Carol,Gosney,1991-08-03,78,202,Anglo,light,blonde,beard,R,LF,,0,,,99,99,62,85,52,51,63,50,99,63,,,,,,,,,,,,97,99,52,85,52,0,0,50,98,58,,,,,,,,,,,,False,,,0,,,,,,0,50,,power
P5429,Abel,Bernhagen,2002-01-15,76,205,Anglo,medium,black,clean_shaven,R,C,,0,,,93,99,40,82,50,51,67,51,88,59,,,,,,,,,,,,99,99,52,90,50,0,0,51,94,68,,,,,,,,,,,,False,,,0,,,,,,0,50,,balanced
P8934,Isiah,Cruikshank,2000-03-04,75,172,Anglo,light,black,beard,L,1B,,0,,,98,99,45,85,51,50,51,53,97,60,,,,,,,,,,,,99,99,59,92,51,0,0,53,99,72,,,,,,,,,,,,False,,,0,,,,,,0,50,,balanced
P1171,Enoch,Vielle,1996-03-27,74,189,Anglo,light,blonde,beard,R,CF,,0,,,99,99,67,85,54,51,60,50,99,62,,,,,,,,,,,,99,99,65,84,54,0,0,50,99,63,,,,,,,,,,,,False,,,0,,,,,,0,50,,average
P3290,Erin,Tencer,1997-03-19,78,197,Anglo,dark,blonde,clean_shaven,R,RF,,0,,,95,98,35,76,51,49,56,51,85,56,,,,,,,,,,,,91,97,34,81,51,0,0,51,86,53,,,,,,,,,,,,False,,,0,,,,,,0,50,,balanced
P2414,Jayson,Masell,1996-01-04,72,162,Anglo,light,brown,clean_shaven,R,P,,1,RP,CL,,,,,56,,,,98,74,49,99,99,99,99,99,0,99,0,0,0,,,,,0,,,,96,78,97,99,46,98,97,94,0,98,0,0,0,False,,,0,,,,,,0,50,closer,
P9775,Todd,Andreoni,2003-11-04,69,177,Anglo,light,black,clean_shaven,L,P,,1,SP,SP,,,,,53,,,,94,68,68,99,52,99,99,97,98,99,0,0,0,,,,,0,,,,99,76,99,63,75,99,99,99,99,99,0,0,0,False,,,0,,,,,,0,50,balanced_sp,
P8637,Jerrold,Bemo,1991-01-16,76,218,Anglo,light,brown,clean_shaven,R,P,,1,SP,SP,,,,,51,,,,96,73,73,97,53,97,99,99,99,98,0,99,0,,,,,0,,,,93,72,96,44,70,94,96,98,99,90,0,94,0,False,,,0,,,,,,0,50,power_sp,
P1187,Kristofer,Kinstle,2003-01-24,72,239,Anglo,light,brown,clean_shaven,R,P,,1,SP,SP,,,,,50,,,,87,71,71,99,54,95,99,97,98,98,0,99,0,,,,,0,,,,99,76,99,65,83,99,99,99,99,99,0,99,0,False,,,0,,,,,,0,50,power_sp,
P3149,Reinaldo,Pilgreen,1998-03-28,69,240,Anglo,light,brown,beard,S,P,,1,SP,SP,,,,,52,,,,92,69,71,99,52,96,99,98,99,99,0,99,0,,,,,0,,,,93,71,97,56,70,91,99,95,99,99,0,99,0,False,,,0,,,,,,0,50,workhorse_sp,
P1489,Duane,Esfahani,2004-09-26,72,175,Anglo,dark,brown,clean_shaven,R,P,,1,RP,RP,,,,,57,,,,96,72,49,97,99,97,99,0,0,0,99,0,0,,,,,0,,,,99,88,99,99,70,99,99,0,0,0,99,0,0,False,,,0,,,,,,0,50,groundball_rp,
P8460,Erwin,Pry,1995-05-23,72,170,Anglo,dark,brown,clean_shaven,L,P,,1,RP,RP,,,,,55,,,,98,71,47,99,99,97,99,0,99,0,0,0,0,,,,,0,,,,99,73,94,94,51,97,99,0,99,0,0,0,0,False,,,0,,,,,,0,50,finesse_rp,
P4257,Reed,Hohiudden,1997-03-27,72,208,Anglo,light,red,beard,R,C,,0,,,94,98,30,81,53,51,65,51,92,56,,,,,,,,,,,,99,99,28,80,53,0,0,51,88,53,,,,,,,,,,,,False,,,0,,,,,,0,50,,average
P6856,Rigoberto,Minert,2003-08-26,68,216,Anglo,light,blonde,clean_shaven,R,RF,,0,,,99,99,38,84,50,50,57,50,90,55,,,,,,,,,,,,99,99,50,93,50,0,0,50,99,64,,,,,,,,,,,,False,,,0,,,,,,0,50,,gap
P7456,John,Doe,2000-02-12,70,198,Unknown,light,brown,clean_shaven,R,CF,,0,,,97,97,65,83,53,51,56,49,99,61,,,,,,,,,,,,99,99,72,93,53,0,0,49,99,73,,,,,,,,,,,,False,,,0,,,,,,0,50,,average
P8647,John,Doe,1996-03-12,73,161,Unknown,medium,brown,clean_shaven,L,1B,,0,,,99,98,44,84,47,52,50,52,98,57,,,,,,,,,,,,98,99,41,84,47,0,0,52,93,61,,,,,,,,,,,,False,,,0,,,,,,0,50,,balanced
P9677,John,Doe,1994-07-05,76,172,Unknown,light,black,clean_shaven,R,2B,,0,,,98,87,97,85,51,49,64,48,93,63,,,,,,,,,,,,97,88,95,87,51,0,0,48,98,67,,,,,,,,,,,,False,,,0,,,,,,0,50,,elite_speed
P4094,John,Doe,2003-03-31,75,211,Unknown,light,black,clean_shaven,S,1B,,0,,,95,98,43,82,48,54,54,52,99,55,,,,,,,,,,,,99,99,56,91,48,0,0,52,99,66,,,,,,,,,,,,False,,,0,,,,,,0,50,,balanced
P5117,John,Doe,1993-10-13,78,197,Unknown,dark,brown,beard,R,C,,0,,,97,95,29,83,52,49,63,49,91,59,,,,,,,,,,,,96,91,28,74,52,0,0,49,89,57,,,,,,,,,,,,False,,,0,,,,,,0,50,,average
P5437,John,Doe,1995-10-23,70,176,Unknown,medium,blonde,goatee,S,C,,0,,,91,99,33,80,53,54,60,49,96,56,,,,,,,,,,,,93,97,34,85,53,0,0,49,99,51,,,,,,,,,,,,False,,,0,,,,,,0,50,,power
P2866,John,Doe,2006-12-05,70,179,Unknown,dark,black,clean_shaven,R,P,,1,RP,CL,,,,,55,,,,99,74,46,97,97,99,99,0,98,99,0,0,0,,,,,0,,,,99,85,99,99,58,99,99,0,99,99,0,0,0,False,,,0,,,,,,0,50,closer,
P1221,John,Doe,2006-01-27,68,230,Unknown,dark,brown,clean_shaven,R,P,,1,SP,SP,,,,,51,,,,93,68,71,97,54,97,99,98,99,99,99,0,0,,,,,0,,,,99,78,99,71,99,99,99,99,99,99,99,0,0,False,,,0,,,,,,0,50,groundball_sp,
P9917,John,Doe,2004-10-06,69,194,Unknown,light,black,clean_shaven,R,P,,1,SP,SP,,,,,49,,,,93,69,70,97,54,98,99,99,97,0,0,0,0,,,,,0,,,,99,91,99,82,91,99,99,99,99,0,0,0,0,False,,,0,,,,,,0,50,balanced_sp,
P4441,John,Doe,2005-11-16,78,190,Unknown,light,black,goatee,R,P,,1,SP,SP,,,,,50,,,,88,67,69,99,53,95,99,98,99,99,0,0,0,,,,,0,,,,99,79,99,63,99,99,99,99,99,99,0,0,0,False,,,0,,,,,,0,50,balanced_sp,
P8691,John,Doe,2004-12-16,70,218,Unknown,medium,black,clean_shaven,R,P,,1,RP,RP,,,,,52,,,,98,70,47,98,99,99,98,99,99,0,0,97,0,,,,,0,,,,99,82,99,99,68,99,99,99,99,0,0,99,0,False,,,0,,,,,,0,50,finesse_rp,
P4509,John,Doe,2005-12-19,69,190,Unknown,medium,black,clean_shaven,L,1B,,0,,,97,99,39,83,50,50,51,50,99,58,,,,,,,,,,,,99,99,60,93,50,0,0,50,99,74,,,,,,,,,,,,False,,,0,,,,,,0,50,,power
P3528,John,Doe,2007-06-28,68,209,Unknown,light,brown,clean_shaven,S,CF,,0,,,99,99,66,84,54,48,53,48,99,61,,,,,,,,,,,,99,99,78,99,54,0,0,48,99,73,,,,,,,,,,,,False,,,0,,,,,,0,50,,balanced
P4075,John,Doe,2005-02-08,74,179,Unknown,light,brown,clean_shaven,R,LF,,0,,,99,99,61,84,51,53,58,49,99,63,,,,,,,,,,,,99,99,86,99,51,0,0,49,99,87,,,,,,,,,,,,False,,,0,,,,,,0,50,,balanced
P9612,John,Doe,2005-07-26,78,182,Unknown,dark,brown,mustache,S,C,,0,,,94,95,33,82,52,50,63,51,88,60,,,,,,,,,,,,99,99,54,99,52,0,0,51,99,71,,,,,,,,,,,,False,,,0,,,,,,0,50,,average
P3377,John,Doe,2005-09-28,75,219,Unknown,medium,brown,mustache,R,2B,,0,,,99,95,73,84,52,49,61,53,97,59,,,,,,,,,,,,99,99,85,99,52,0,0,53,99,80,,,,,,,,,,,,False,,,0,,,,,,0,50,,speed
