player_id,first_name,last_name,birthdate,height,weight,ethnicity,skin_tone,hair_color,facial_hair,bats,primary_position,other_positions,is_pitcher,role,preferred_pitching_role,ch,ph,sp,eye,gf,pl,vl,sc,fa,arm,endurance,control,movement,hold_runner,fb,cu,cb,sl,si,scb,kn,pot_ch,pot_ph,pot_sp,pot_eye,pot_gf,pot_pl,pot_vl,pot_sc,pot_fa,pot_arm,pot_control,pot_movement,pot_endurance,pot_hold_runner,pot_fb,pot_cu,pot_cb,pot_sl,pot_si,pot_scb,pot_kn,injured,injury_description,return_date,ready,injury_list,injury_start_date,injury_minimum_days,injury_eligible_date,injury_rehab_assignment,injury_rehab_days,durability,pitcher_archetype,hitter_archetype
P7734,Rufus,King,1990-01-29,73,218,African,dark,brown,goatee,L,P,,1,RP,CL,,,,,55,,,,50,53,49,50,53,53,55,0,58,65,0,0,0,,,,,0,,,,47,51,42,46,46,44,47,0,54,58,0,0,0,False,,,0,,,,,,0,50,closer,
P2062,Sam,Thamphia,1987-06-19,72,182,Anglo,medium,blonde,beard,R,P,,1,RP,RP,,,,,49,,,,50,50,52,52,54,52,52,59,0,0,0,0,0,,,,,0,,,,50,46,42,54,45,44,47,58,0,0,0,0,0,False,,,0,,,,,,0,50,finesse_rp,
P9611,Yong,Park,2000-07-26,76,190,Asian,light,black,goatee,R,P,,1,RP,RP,,,,,52,,,,52,53,50,52,52,50,51,59,62,0,60,0,0,,,,,0,,,,61,62,67,59,64,63,58,66,74,0,71,0,0,False,,,0,,,,,,0,50,finesse_rp,
P8262,Chang,Imbesi,1990-07-31,72,204,Anglo,light,brown,goatee,L,P,,1,RP,SP,,,,,51,,,,52,50,52,51,53,50,52,59,64,60,0,58,0,,,,,0,,,,44,47,46,51,51,47,43,49,62,57,0,58,0,False,,,0,,,,,,0,50,power_sp,
P7872,Cedric,Washington,1988-04-27,74,200,African,medium,black,mustache,S,P,,1,RP,SP,,,,,52,,,,52,53,52,53,52,48,50,59,63,62,0,0,0,,,,,0,,,,45,48,51,45,46,40,47,59,55,56,0,0,0,False,,,0,,,,,,0,50,balanced_sp,
P4905,Dwight,Mccowan,1988-07-06,71,215,Anglo,light,brown,beard,R,P,,1,RP,CL,,,,,51,,,,51,53,50,50,53,52,52,60,60,65,0,0,0,,,,,0,,,,44,50,40,50,44,52,46,50,50,64,0,0,0,False,,,0,,,,,,0,50,closer,
P7259,Hector,Hernandez,2000-03-29,72,162,Hispanic,light,black,clean_shaven,R,P,,1,RP,SP,,,,,51,,,,51,49,53,50,53,50,54,62,63,61,0,0,0,,,,,0,,,,59,61,60,65,58,57,60,74,77,70,0,0,0,False,,,0,,,,,,0,50,workhorse_sp,
P9262,Ricardo,Sanchez,2000-09-06,72,247,Hispanic,dark,black,clean_shaven,L,P,,1,RP,SP,,,,,48,,,,49,49,54,50,52,50,50,58,60,59,0,55,0,,,,,0,,,,63,61,63,59,69,56,55,73,65,69,0,66,0,False,,,0,,,,,,0,50,balanced_sp,
P7507,Adan,Gradillas,1991-03-07,72,166,Anglo,light,brown,clean_shaven,R,P,,1,RP,LR,,,,,50,,,,49,50,52,50,53,50,50,0,59,63,0,0,0,,,,,0,,,,43,45,48,49,46,43,42,0,50,61,0,0,0,False,,,0,,,,,,0,50,long_relief,
P4291,Sung,Huang,2002-01-09,68,193,Asian,medium,black,clean_shaven,R,P,,1,RP,SP,,,,,50,,,,48,51,53,50,53,49,52,0,62,64,58,57,0,,,,,0,,,,53,63,58,68,64,63,62,0,77,79,70,62,0,False,,,0,,,,,,0,50,power_sp,
P1512,Jose,Perez,2003-06-07,68,215,Hispanic,medium,brown,clean_shaven,S,P,,1,RP,SP,,,,,48,,,,49,53,51,53,54,48,54,0,64,61,55,0,0,,,,,0,,,,63,68,63,67,57,56,68,0,75,66,70,0,0,False,,,0,,,,,,0,50,power_sp,
P5958,Rufus,Young,1989-06-15,78,248,African,dark,black,mustache,R,C,,0,,,52,50,48,52,48,51,58,51,50,52,,,,,,,,,,,,51,44,47,52,48,0,0,51,43,44,,,,,,,,,,,,False,,,0,,,,,,0,50,,gap
P1872,Jermaine,Baker,1989-03-29,74,199,African,dark,black,clean_shaven,R,1B,,0,,,50,60,49,49,51,50,53,48,50,52,,,,,,,,,,,,41,51,44,43,51,0,0,48,49,50,,,,,,,,,,,,False,,,0,,,,,,0,50,,power
P6079,Sung,Chen,1991-12-30,68,197,Asian,light,black,clean_shaven,R,2B,,0,,,62,48,52,54,50,49,55,53,52,51,,,,,,,,,,,,60,41,49,49,50,0,0,53,43,44,,,,,,,,,,,,False,,,0,,,,,,0,50,,spray
P8424,Merrill,Quilliam,2003-11-17,75,236,Anglo,light,brown,clean_shaven,L,3B,,0,,,51,48,49,50,50,53,49,53,49,49,,,,,,,,,,,,66,61,61,63,50,0,0,53,56,59,,,,,,,,,,,,False,,,0,,,,,,0,50,,average
P9373,Luis,Gomez,2000-05-16,76,216,Hispanic,light,brown,clean_shaven,R,SS,,0,,,56,50,50,56,50,50,59,50,52,48,,,,,,,,,,,,62,60,59,65,50,0,0,50,65,56,,,,,,,,,,,,False,,,0,,,,,,0,50,,spray
P5851,Rodger,Net,1988-10-09,74,209,Anglo,medium,blonde,mustache,R,LF,,0,,,61,53,51,52,54,51,60,51,48,50,,,,,,,,,,,,61,51,44,46,54,0,0,51,47,43,,,,,,,,,,,,False,,,0,,,,,,0,50,,spray
P9792,Yong,Kim,1990-02-16,75,203,Asian,dark,black,clean_shaven,L,CF,,0,,,52,48,72,52,54,52,44,48,48,50,,,,,,,,,,,,42,47,65,51,54,0,0,48,47,45,,,,,,,,,,,,False,,,0,,,,,,0,50,,speed
P4086,Titus,Shearin,1998-04-16,70,236,Anglo,light,red,beard,R,RF,CF,0,,,53,61,48,50,49,53,51,50,50,54,,,,,,,,,,,,63,69,61,65,49,0,0,50,56,64,,,,,,,,,,,,False,,,0,,,,,,0,50,,power
P5683,Carlos,Ortiz,1999-01-28,71,211,Hispanic,dark,black,clean_shaven,R,3B,,0,,,53,51,53,50,50,49,56,50,48,52,,,,,,,,,,,,64,57,62,57,50,0,0,50,59,67,,,,,,,,,,,,False,,,0,,,,,,0,50,,balanced
P3320,Raul,Diaz,1991-10-06,76,205,Hispanic,light,brown,clean_shaven,R,SS,,0,,,59,50,51,53,53,49,60,49,50,49,,,,,,,,,,,,54,40,44,48,53,0,0,49,47,47,,,,,,,,,,,,False,,,0,,,,,,0,50,,spray
P8400,Jarod,Wedner,2000-06-30,69,226,Anglo,light,blonde,clean_shaven,L,CF,,0,,,52,50,48,49,49,52,46,52,49,51,,,,,,,,,,,,67,59,54,64,49,0,0,52,60,58,,,,,,,,,,,,False,,,0,,,,,,0,50,,balanced
P2586,Yong,Chen,2000-03-22,75,245,Asian,medium,brown,clean_shaven,R,CF,,0,,,50,51,51,50,53,52,54,51,51,53,,,,,,,,,,,,63,61,66,60,53,0,0,51,58,68,,,,,,,,,,,,False,,,0,,,,,,0,50,,balanced
P1961,Yong,Li,1993-10-03,73,211,Asian,medium,black,beard,R,2B,,0,,,50,57,47,52,48,49,57,48,48,51,,,,,,,,,,,,44,53,41,47,48,0,0,48,40,45,,,,,,,,,,,,False,,,0,,,,,,0,50,,power
P9567,Darnell,Wright,1994-03-17,69,199,African,dark,black,clean_shaven,R,C,,0,,,50,57,49,51,50,53,59,49,51,51,,,,,,,,,,,,50,61,44,56,50,0,0,49,55,53,,,,,,,,,,,,False,,,0,,,,,,0,50,,power
P6037,Len,Lesa,2002-03-05,78,246,Anglo,light,blonde,clean_shaven,L,P,,1,RP,CL,,,,,55,,,,51,54,48,50,54,50,54,56,0,65,0,0,0,,,,,0,,,,60,64,59,67,63,65,60,61,0,79,0,0,0,False,,,0,,,,,,0,50,closer,
P7877,Newton,Schuetz,1994-11-03,77,160,Anglo,medium,brown,beard,L,P,RF,1,RP,SP,,,,,50,,,,48,50,50,51,52,49,54,0,63,59,55,0,0,,,,,0,,,,43,45,53,50,46,52,50,0,65,60,52,0,0,False,,,0,,,,,,0,50,power_sp,
P5449,Hector,Ramos,1991-04-08,68,213,Hispanic,light,black,clean_shaven,R,P,,1,RP,CL,,,,,49,,,,49,51,47,51,54,49,55,56,61,65,0,0,0,,,,,0,,,,48,43,45,52,40,46,52,53,60,55,0,0,0,False,,,0,,,,,,0,50,closer,
P6534,Tyrone,Green,1992-11-16,78,245,African,dark,black,clean_shaven,R,P,,1,RP,SP,,,,,49,,,,49,51,51,51,53,49,50,62,62,62,0,54,0,,,,,0,,,,44,47,43,47,41,47,42,56,59,53,0,45,0,False,,,0,,,,,,0,50,finesse_sp,
P2568,Tyrone,Jefferson,2002-04-02,69,197,African,dark,black,mustache,R,P,,1,RP,SP,,,,,50,,,,50,53,52,51,53,47,53,62,63,62,0,0,0,,,,,0,,,,56,66,62,60,63,57,62,75,77,74,0,0,0,False,,,0,,,,,,0,50,workhorse_sp,
P2337,Yong,Liu,1995-06-06,76,200,Asian,medium,black,mustache,R,P,,1,RP,LR,,,,,51,,,,50,49,52,52,52,52,53,59,0,65,0,0,0,,,,,0,,,,54,47,55,49,49,53,48,58,0,63,0,0,0,False,,,0,,,,,,0,50,long_relief,
P9193,Xavier,Washington,1992-12-23,78,184,African,dark,black,mustache,R,P,,1,RP,SP,,,,,51,,,,52,50,51,50,54,50,53,0,62,0,60,0,0,,,,,0,,,,49,40,48,44,43,48,49,0,61,0,51,0,0,False,,,0,,,,,,0,50,groundball_sp,
P3737,Sung,Choi,2000-09-25,71,173,Asian,light,black,goatee,L,1B,,0,,,59,49,49,52,50,50,47,51,47,48,,,,,,,,,,,,64,55,56,64,50,0,0,51,60,57,,,,,,,,,,,,False,,,0,,,,,,0,50,,spray
P1392,Austin,Reginaldo,2004-11-21,74,235,Anglo,light,black,clean_shaven,R,1B,,0,,,54,59,51,53,48,49,54,52,53,51,,,,,,,,,,,,81,88,61,67,48,0,0,52,70,76,,,,,,,,,,,,False,,,0,,,,,,0,50,,gap
P6350,German,Vence,2004-08-23,70,239,Anglo,dark,brown,goatee,R,SS,,0,,,61,52,54,50,50,50,59,50,51,48,,,,,,,,,,,,83,66,68,69,50,0,0,50,70,70,,,,,,,,,,,,False,,,0,,,,,,0,50,,spray
P8846,Raul,Rivera,2003-03-06,73,220,Hispanic,medium,brown,mustache,R,C,,0,,,64,52,49,52,50,52,59,50,52,50,,,,,,,,,,,,70,58,55,58,50,0,0,50,57,58,,,,,,,,,,,,False,,,0,,,,,,0,50,,spray
P7411,Numbers,Charest,2004-09-11,73,184,Anglo,light,brown,clean_shaven,R,SS,,0,,,58,50,53,52,54,47,58,51,51,47,,,,,,,,,,,,79,68,72,67,54,0,0,51,67,65,,,,,,,,,,,,False,,,0,,,,,,0,50,,spray
P6270,Sung,Kim,1998-09-06,72,240,Asian,medium,black,goatee,R,C,,0,,,53,49,53,49,50,51,59,49,51,48,,,,,,,,,,,,62,59,66,54,50,0,0,49,63,63,,,,,,,,,,,,False,,,0,,,,,,0,50,,balanced
P5320,Leroy,Wright,1989-05-22,76,207,African,dark,black,clean_shaven,R,2B,,0,,,49,49,50,51,48,48,58,52,50,48,,,,,,,,,,,,45,44,40,48,48,0,0,52,47,48,,,,,,,,,,,,False,,,0,,,,,,0,50,,average
P2795,Tyrone,Mitchell,2001-03-25,68,180,African,dark,black,mustache,R,C,,0,,,63,52,51,49,52,51,58,50,52,50,,,,,,,,,,,,78,59,66,63,52,0,0,50,64,60,,,,,,,,,,,,False,,,0,,,,,,0,50,,spray
P6705,Isaias,Seise,2004-10-06,76,193,Anglo,light,brown,clean_shaven,R,P,,1,RP,CL,,,,,55,,,,52,52,47,50,54,52,54,60,63,65,0,0,0,,,,,0,,,,73,67,67,67,74,66,81,77,90,90,0,0,0,False,,,0,,,,,,0,50,closer,
P9255,Darnell,Gaines,2007-07-18,72,240,African,dark,black,clean_shaven,L,P,,1,RP,SP,,,,,52,,,,48,52,50,51,52,50,51,57,62,58,57,0,0,,,,,0,,,,69,69,62,74,63,70,74,79,77,86,69,0,0,False,,,0,,,,,,0,50,groundball_sp,
P2972,Rufus,Allen,2007-03-16,74,250,African,dark,black,clean_shaven,R,P,,1,RP,SP,,,,,52,,,,49,49,51,53,52,49,53,63,63,0,0,0,0,,,,,0,,,,68,59,74,73,69,79,65,87,76,0,0,0,0,False,,,0,,,,,,0,50,finesse_sp,
P5709,Luis,Vasquez,2006-06-12,68,238,Hispanic,light,black,mustache,L,P,,1,RP,RP,,,,,52,,,,48,53,52,51,52,50,55,0,59,67,0,57,0,,,,,0,,,,69,82,74,64,80,60,84,0,70,80,0,81,0,False,,,0,,,,,,0,50,power_rp,
P9347,Jermaine,White,2004-06-05,78,206,African,dark,black,beard,R,P,,1,RP,SP,,,,,52,,,,50,49,54,50,52,51,49,0,58,59,0,0,0,,,,,0,,,,67,78,66,69,67,78,66,0,86,84,0,0,0,False,,,0,,,,,,0,50,balanced_sp,
P1644,Felipe,Goodwater,2006-12-27,76,226,Anglo,light,brown,clean_shaven,R,CF,,0,,,48,48,48,51,53,51,52,52,48,52,,,,,,,,,,,,71,65,67,77,53,0,0,52,66,62,,,,,,,,,,,,False,,,0,,,,,,0,50,,average
P3445,Ariel,Bossen,2007-10-25,71,214,Anglo,light,blonde,clean_shaven,R,2B,,0,,,49,53,51,50,48,49,58,49,48,53,,,,,,,,,,,,72,73,62,70,48,0,0,49,68,69,,,,,,,,,,,,False,,,0,,,,,,0,50,,average
P9272,Yong,Lin,2006-12-13,70,221,Asian,medium,black,mustache,R,2B,,0,,,58,49,50,54,50,46,56,48,50,52,,,,,,,,,,,,88,71,80,80,50,0,0,48,66,70,,,,,,,,,,,,False,,,0,,,,,,0,50,,spray
P7326,Yong,Patel,2006-04-16,72,233,Asian,light,black,clean_shaven,R,CF,,0,,,52,58,50,50,46,53,58,48,48,50,,,,,,,,,,,,64,84,62,75,46,0,0,48,77,74,,,,,,,,,,,,False,,,0,,,,,,0,50,,power
P7883,Sung,Wang,2005-11-07,70,208,Asian,light,black,clean_shaven,R,1B,,0,,,51,55,52,50,50,49,53,52,51,52,,,,,,,,,,,,71,78,76,74,50,0,0,52,65,64,,,,,,,,,,,,False,,,0,,,,,,0,50,,gap
P5738,Malik,Allen,1990-11-18,71,231,African,dark,brown,clean_shaven,R,P,,1,RP,CL,,,,,55,,,,51,50,52,52,52,51,53,60,61,66,0,0,0,,,,,0,,,,42,43,44,46,48,45,43,58,56,62,0,0,0,False,,,0,,,,,,0,50,closer,
P3891,Juan,Ramos,1999-06-11,77,215,Hispanic,dark,red,beard,R,P,,1,RP,SP,,,,,52,,,,48,50,52,51,52,50,52,0,62,62,0,0,0,,,,,0,,,,63,62,62,65,61,56,59,0,75,72,0,0,0,False,,,0,,,,,,0,50,workhorse_sp,
P2773,Antonio,Castillo,1996-03-07,77,226,Hispanic,medium,brown,clean_shaven,L,P,,1,RP,CL,,,,,51,,,,48,51,51,51,52,53,55,58,61,67,0,0,0,,,,,0,,,,49,46,49,52,47,54,57,63,62,65,0,0,0,False,,,0,,,,,,0,50,closer,
P8948,Leroy,Jackson,2003-09-22,68,227,African,dark,black,clean_shaven,L,P,,1,RP,SP,,,,,52,,,,49,48,53,50,52,51,50,63,59,0,0,55,0,,,,,0,,,,56,53,60,57,61,63,61,78,65,0,0,67,0,False,,,0,,,,,,0,50,finesse_sp,
P3268,Xavier,Mitchell,1994-12-23,77,200,African,dark,black,clean_shaven,S,P,,1,RP,RP,,,,,56,,,,49,48,49,53,52,49,50,60,0,60,64,0,0,,,,,0,,,,47,53,49,53,48,49,49,56,0,65,62,0,0,False,,,0,,,,,,0,50,groundball_rp,
P2521,Rufus,Harris,1991-06-21,71,178,African,dark,black,mustache,R,P,,1,RP,SP,,,,,49,,,,50,49,53,52,52,51,49,58,64,57,0,0,0,,,,,0,,,,48,47,47,48,51,46,49,49,56,48,0,0,0,False,,,0,,,,,,0,50,finesse_sp,
P9599,Jermaine,Robinson,2002-10-31,74,249,African,dark,black,clean_shaven,L,P,,1,RP,SP,,,,,47,,,,51,52,53,51,52,48,54,57,62,60,56,0,0,,,,,0,,,,65,57,56,64,63,62,62,65,73,66,65,0,0,False,,,0,,,,,,0,50,power_sp,
P3227,Deshawn,Washington,2004-01-22,68,204,African,dark,black,clean_shaven,R,P,,1,RP,RP,,,,,53,,,,48,50,51,50,53,49,54,0,0,0,60,0,0,,,,,0,,,,61,65,62,58,58,60,59,0,0,0,71,0,0,False,,,0,,,,,,0,50,groundball_rp,
P6458,Luis,Ramos,1996-10-24,74,174,Hispanic,light,black,clean_shaven,L,P,,1,RP,RP,,,,,55,,,,49,53,53,53,54,51,54,56,0,65,59,0,0,,,,,0,,,,47,53,54,55,54,53,53,61,0,61,58,0,0,False,,,0,,,,,,0,50,groundball_rp,
P7003,Jamal,Jackson,1989-03-13,78,168,African,medium,black,goatee,L,P,,1,RP,RP,,,,,49,,,,47,51,51,52,54,50,55,0,60,65,0,58,0,,,,,0,,,,40,43,43,47,42,48,46,0,51,56,0,48,0,False,,,0,,,,,,0,50,power_rp,
P8386,Olen,Spirer,1992-10-15,73,202,Anglo,light,brown,beard,R,P,,1,RP,SP,,,,,52,,,,49,51,52,54,52,49,50,63,64,0,0,0,0,,,,,0,,,,41,49,54,44,46,39,48,56,60,0,0,0,0,False,,,0,,,,,,0,50,finesse_sp,
P3514,Dexter,Chirco,2000-12-16,71,220,Anglo,light,brown,clean_shaven,L,C,,0,,,51,50,49,51,48,48,48,53,53,47,,,,,,,,,,,,60,59,61,61,48,0,0,53,62,54,,,,,,,,,,,,False,,,0,,,,,,0,50,,balanced
P5223,Yong,Tanaka,1987-10-11,75,242,Asian,light,brown,clean_shaven,R,1B,,0,,,49,65,50,48,51,53,55,48,49,50,,,,,,,,,,,,42,57,40,46,51,0,0,48,44,47,,,,,,,,,,,,False,,,0,,,,,,0,50,,power
P9202,Xavier,Baker,1997-08-21,69,221,African,dark,black,clean_shaven,L,2B,,0,,,52,47,70,52,53,50,47,51,51,52,,,,,,,,,,,,48,51,75,53,53,0,0,51,49,53,,,,,,,,,,,,False,,,0,,,,,,0,50,,speed
P4292,Yong,Wang,2002-05-23,78,219,Asian,medium,black,clean_shaven,R,3B,,0,,,51,53,51,52,47,48,59,51,48,52,,,,,,,,,,,,65,58,65,58,47,0,0,51,59,59,,,,,,,,,,,,False,,,0,,,,,,0,50,,balanced
P9148,Sung,Khan,1991-09-14,76,162,Asian,light,black,clean_shaven,R,SS,,0,,,51,50,52,52,50,48,55,52,52,47,,,,,,,,,,,,47,43,51,52,50,0,0,52,50,47,,,,,,,,,,,,False,,,0,,,,,,0,50,,balanced
P6857,Hector,Gonzalez,1995-04-24,69,226,Hispanic,medium,black,goatee,R,LF,,0,,,58,47,52,54,49,50,60,50,50,52,,,,,,,,,,,,60,48,52,51,49,0,0,50,50,50,,,,,,,,,,,,False,,,0,,,,,,0,50,,spray
P6835,Alejandro,Hernandez,2000-12-21,69,240,Hispanic,medium,blonde,beard,R,CF,,0,,,53,51,70,52,51,47,58,52,48,51,,,,,,,,,,,,63,60,84,66,51,0,0,52,62,56,,,,,,,,,,,,False,,,0,,,,,,0,50,,speed
P4515,Francisco,Flores,1993-07-21,69,249,Hispanic,light,black,clean_shaven,L,RF,,0,,,53,52,49,51,48,52,48,49,51,49,,,,,,,,,,,,52,48,49,47,48,0,0,49,44,44,,,,,,,,,,,,False,,,0,,,,,,0,50,,average
P5698,Juan,Vargas,1987-12-01,76,226,Hispanic,medium,brown,beard,L,LF,,0,,,52,51,53,51,50,52,50,50,51,51,,,,,,,,,,,,51,51,47,50,50,0,0,50,45,43,,,,,,,,,,,,False,,,0,,,,,,0,50,,balanced
P8163,Jose,Garcia,1995-06-19,68,198,Hispanic,dark,brown,mustache,L,1B,,0,,,59,52,50,50,51,48,46,48,52,51,,,,,,,,,,,,62,52,51,48,51,0,0,48,57,54,,,,,,,,,,,,False,,,0,,,,,,0,50,,spray
P8956,Fernando,Ramos,1995-11-02,71,243,Hispanic,medium,brown,mustache,R,2B,,0,,,59,52,48,53,52,51,58,50,51,53,,,,,,,,,,,,61,50,43,54,52,0,0,50,53,57,,,,,,,,,,,,False,,,0,,,,,,0,50,,gap
P7583,Antonio,Vargas,1996-03-19,74,240,Hispanic,medium,brown,clean_shaven,R,LF,,0,,,52,61,51,50,47,52,55,52,52,49,,,,,,,,,,,,57,63,51,51,47,0,0,52,48,51,,,,,,,,,,,,False,,,0,,,,,,0,50,,power
P9529,Miguel,Gomez,2000-09-19,78,240,Hispanic,medium,brown,clean_shaven,R,SS,,0,,,48,51,52,51,52,48,56,52,52,53,,,,,,,,,,,,55,65,60,62,52,0,0,52,57,68,,,,,,,,,,,,False,,,0,,,,,,0,50,,average
P8977,Yong,Yamamoto,2003-10-10,77,179,Asian,dark,black,clean_shaven,R,CF,,0,,,60,53,49,49,50,51,54,49,52,51,,,,,,,,,,,,73,58,62,62,50,0,0,49,65,56,,,,,,,,,,,,False,,,0,,,,,,0,50,,spray
P9297,Jamal,Mitchell,1988-06-27,72,199,African,medium,black,mustache,R,P,,1,RP,CL,,,,,55,,,,51,50,50,50,52,49,55,59,58,65,0,0,0,,,,,0,,,,49,43,50,46,44,41,47,52,48,62,0,0,0,False,,,0,,,,,,0,50,closer,
P6631,Yong,Choi,1996-08-27,69,193,Asian,light,black,goatee,S,P,,1,RP,SP,,,,,50,,,,49,51,51,54,52,49,51,60,59,0,58,55,0,,,,,0,,,,45,50,52,55,48,51,55,65,60,0,62,57,0,False,,,0,,,,,,0,50,finesse_sp,
P6689,Yong,Le,1999-11-20,77,230,Asian,light,black,goatee,R,P,,1,RP,SP,,,,,53,,,,49,51,52,53,54,49,52,0,0,60,62,0,0,,,,,0,,,,54,61,65,59,63,57,66,0,0,69,68,0,0,False,,,0,,,,,,0,50,groundball_sp,
P2965,Damian,Kapuscinski,2003-01-10,73,226,Anglo,light,brown,clean_shaven,L,P,,1,RP,SP,,,,,49,,,,50,49,50,52,52,49,50,60,60,59,0,0,0,,,,,0,,,,62,55,59,66,58,60,55,73,65,68,0,0,0,False,,,0,,,,,,0,50,balanced_sp,
P1300,Miguel,Garcia,1997-02-23,68,216,Hispanic,light,brown,goatee,L,P,,1,RP,SP,,,,,47,,,,48,52,50,50,52,50,49,59,59,0,0,0,0,,,,,0,,,,50,55,55,50,50,51,44,54,63,0,0,0,0,False,,,0,,,,,,0,50,finesse_sp,
P7188,Malik,Young,1987-08-13,71,162,African,dark,brown,beard,R,P,,1,RP,SP,,,,,51,,,,49,50,51,53,53,49,51,62,58,60,0,57,0,,,,,0,,,,47,44,50,43,46,39,45,62,58,59,0,54,0,False,,,0,,,,,,0,50,workhorse_sp,
P2839,Mikel,Bogaert,1997-08-19,78,216,Anglo,medium,black,clean_shaven,S,P,,1,RP,CL,,,,,49,,,,50,51,51,50,53,49,52,59,58,65,0,0,0,,,,,0,,,,45,56,53,48,50,54,56,58,60,61,0,0,0,False,,,0,,,,,,0,50,closer,
P6463,Sung,Nguyen,1997-12-27,77,160,Asian,medium,black,beard,R,LF,,0,,,53,60,47,50,48,50,58,51,50,52,,,,,,,,,,,,53,55,42,47,48,0,0,51,49,51,,,,,,,,,,,,False,,,0,,,,,,0,50,,power
P1648,Tyrone,Jackson,1997-04-21,74,229,African,medium,black,mustache,R,LF,,0,,,60,53,54,54,49,51,57,48,48,48,,,,,,,,,,,,55,51,57,50,49,0,0,48,48,51,,,,,,,,,,,,False,,,0,,,,,,0,50,,spray
P4183,Luis,Diaz,1992-11-11,69,243,Hispanic,medium,brown,beard,R,C,,0,,,50,49,52,51,50,51,59,51,52,47,,,,,,,,,,,,46,45,47,47,50,0,0,51,42,43,,,,,,,,,,,,False,,,0,,,,,,0,50,,average
P1142,Jason,Wunderlich,1991-11-14,77,197,Anglo,dark,black,clean_shaven,R,SS,,0,,,49,47,78,49,52,49,61,53,50,48,,,,,,,,,,,,39,47,69,47,52,0,0,53,43,45,,,,,,,,,,,,False,,,0,,,,,,0,50,,speed
P1970,Neal,Vollman,1992-01-29,71,189,Anglo,medium,red,beard,R,1B,,0,,,51,58,51,51,48,50,58,50,49,52,,,,,,,,,,,,45,54,43,43,48,0,0,50,42,47,,,,,,,,,,,,False,,,0,,,,,,0,50,,gap
P8640,Sung,Park,1987-10-22,76,201,Asian,light,black,mustache,S,2B,,0,,,62,50,49,55,53,47,54,49,51,50,,,,,,,,,,,,52,48,46,48,53,0,0,49,42,42,,,,,,,,,,,,False,,,0,,,,,,0,50,,spray
P2360,Roberto,Perez,1999-07-02,69,176,Hispanic,dark,brown,clean_shaven,L,RF,,0,,,49,59,47,50,52,53,48,51,51,50,,,,,,,,,,,,64,73,61,59,52,0,0,51,63,59,,,,,,,,,,,,False,,,0,,,,,,0,50,,power
P9727,Felton,Shuptrine,1987-03-12,68,174,Anglo,medium,brown,beard,R,RF,,0,,,50,62,48,51,51,51,54,48,49,49,,,,,,,,,,,,48,61,42,42,51,0,0,48,40,48,,,,,,,,,,,,False,,,0,,,,,,0,50,,power
P4860,Sung,Lin,2006-12-30,75,218,Asian,medium,black,clean_shaven,L,P,,1,RP,CL,,,,,55,,,,48,50,48,50,53,50,54,59,59,66,0,0,0,,,,,0,,,,75,67,77,66,74,79,73,87,70,96,0,0,0,False,,,0,,,,,,0,50,closer,
P2440,Yong,Khan,2004-10-09,71,249,Asian,medium,black,clean_shaven,L,P,,1,RP,SP,,,,,49,,,,49,52,50,50,53,51,52,61,0,58,0,0,0,,,,,0,,,,62,79,77,66,63,81,74,71,0,87,0,0,0,False,,,0,,,,,,0,50,workhorse_sp,
P5640,Leroy,Jefferson,2004-07-24,74,166,African,dark,black,mustache,R,P,,1,RP,SP,,,,,51,,,,51,51,52,51,54,52,53,62,63,61,56,0,0,,,,,0,,,,72,79,74,80,67,81,77,83,82,83,75,0,0,False,,,0,,,,,,0,50,balanced_sp,
P7551,Rayford,Hotelling,2004-08-28,76,192,Anglo,medium,black,mustache,L,P,,1,RP,SP,,,,,50,,,,52,50,54,51,52,48,50,0,62,63,0,0,0,,,,,0,,,,69,72,79,66,67,63,78,0,85,80,0,0,0,False,,,0,,,,,,0,50,power_sp,
P9360,Manuel,Gomez,2006-02-05,77,171,Hispanic,dark,brown,clean_shaven,R,P,,1,RP,RP,,,,,55,,,,50,50,50,51,52,48,50,0,61,0,59,0,0,,,,,0,,,,65,74,66,77,65,78,77,0,74,0,74,0,0,False,,,0,,,,,,0,50,groundball_rp,
P1160,Darnell,Taylor,2006-02-22,68,160,African,dark,black,clean_shaven,R,RF,,0,,,50,53,51,52,50,52,58,53,51,51,,,,,,,,,,,,65,66,66,67,50,0,0,53,76,79,,,,,,,,,,,,False,,,0,,,,,,0,50,,gap
P8756,Sung,Patel,2005-11-28,76,243,Asian,medium,black,clean_shaven,R,3B,,0,,,49,52,52,51,47,48,56,50,52,51,,,,,,,,,,,,71,73,78,81,47,0,0,50,69,73,,,,,,,,,,,,False,,,0,,,,,,0,50,,balanced
P9674,Jose,Cruz,2006-06-23,69,192,Hispanic,medium,black,beard,R,RF,,0,,,50,60,52,49,48,52,52,49,51,51,,,,,,,,,,,,76,83,81,65,48,0,0,49,76,62,,,,,,,,,,,,False,,,0,,,,,,0,50,,balanced
P9227,Sung,Tran,2007-04-29,74,217,Asian,medium,black,clean_shaven,R,LF,,0,,,48,60,47,49,48,50,58,49,50,53,,,,,,,,,,,,58,78,69,64,48,0,0,49,74,80,,,,,,,,,,,,False,,,0,,,,,,0,50,,power
P4695,Antonio,Ramos,2007-03-23,72,203,Hispanic,medium,black,beard,L,LF,,0,,,49,63,47,50,47,50,49,51,48,53,,,,,,,,,,,,78,81,63,64,47,0,0,51,72,72,,,,,,,,,,,,False,,,0,,,,,,0,50,,power
P2249,Sung,Le,1989-05-04,71,163,Asian,light,black,clean_shaven,R,P,,1,RP,CL,,,,,55,,,,50,50,51,50,52,51,53,0,0,65,0,0,0,,,,,0,,,,48,40,40,42,45,49,51,0,0,56,0,0,0,False,,,0,,,,,,0,50,closer,
P2576,Yong,Zhang,2004-12-31,70,237,Asian,medium,black,clean_shaven,L,P,,1,RP,SP,,,,,49,,,,53,52,53,50,52,53,51,59,62,62,0,55,0,,,,,0,,,,78,81,74,69,70,67,79,84,75,80,0,65,0,False,,,0,,,,,,0,50,finesse_sp,
P6519,Sung,Yamamoto,2002-12-07,76,248,Asian,light,black,clean_shaven,R,P,,1,RP,RP,,,,,53,,,,53,50,51,53,52,50,54,60,0,0,0,0,0,,,,,0,,,,64,56,63,63,57,55,69,75,0,0,0,0,0,False,,,0,,,,,,0,50,finesse_rp,
P5171,Sung,Tanaka,1995-08-04,78,232,Asian,medium,black,mustache,R,P,,1,RP,SP,,,,,53,,,,49,52,53,52,53,51,50,63,63,61,0,0,0,,,,,0,,,,53,56,56,58,48,51,53,68,61,59,0,0,0,False,,,0,,,,,,0,50,balanced_sp,
P6194,Yong,Nguyen,1994-07-10,69,168,Asian,light,black,clean_shaven,R,P,,1,RP,RP,,,,,57,,,,49,52,50,50,52,53,49,0,0,0,62,0,0,,,,,0,,,,52,50,53,52,50,53,48,0,0,0,67,0,0,False,,,0,,,,,,0,50,groundball_rp,
P5752,Tyron,Reau,1988-02-01,77,176,Anglo,light,blonde,beard,R,P,,1,RP,SP,,,,,49,,,,52,53,51,50,52,53,53,61,60,62,0,55,0,,,,,0,,,,43,43,44,44,41,45,44,52,56,60,0,50,0,False,,,0,,,,,,0,50,workhorse_sp,
P4845,Rufus,Robinson,1995-10-11,71,164,African,dark,brown,clean_shaven,R,P,,1,RP,SP,,,,,50,,,,52,53,50,50,52,50,53,59,0,60,0,0,0,,,,,0,,,,54,50,47,48,49,54,55,62,0,62,0,0,0,False,,,0,,,,,,0,50,balanced_sp,
P3185,Tyrone,Washington,1992-11-07,71,228,African,dark,black,beard,R,P,,1,RP,SP,,,,,54,,,,50,53,51,50,53,51,53,59,61,58,60,0,0,,,,,0,,,,50,51,45,50,48,44,47,55,54,51,52,0,0,False,,,0,,,,,,0,50,groundball_sp,
P7531,Roberto,Gomez,2001-05-03,72,197,Hispanic,medium,black,goatee,R,P,,1,RP,RP,,,,,52,,,,49,52,51,52,52,49,56,0,59,67,0,0,0,,,,,0,,,,58,57,57,60,59,56,66,0,68,82,0,0,0,False,,,0,,,,,,0,50,power_rp,
P3180,Roberto,Ortiz,1989-10-22,69,163,Hispanic,light,black,beard,R,P,,1,RP,RP,,,,,54,,,,52,49,51,51,52,50,53,58,58,0,62,0,0,,,,,0,,,,44,43,46,47,47,48,45,54,55,0,59,0,0,False,,,0,,,,,,0,50,groundball_rp,
P7609,Leroy,Green,1990-03-21,71,214,African,dark,black,goatee,R,P,,1,RP,SP,,,,,49,,,,50,52,50,52,52,53,53,62,63,0,0,0,0,,,,,0,,,,44,46,51,44,44,43,44,54,59,0,0,0,0,False,,,0,,,,,,0,50,balanced_sp,
P4537,Gayle,Lieb,2003-08-13,71,169,Anglo,light,brown,clean_shaven,R,C,,0,,,49,49,50,50,53,50,60,52,52,51,,,,,,,,,,,,57,54,61,64,53,0,0,52,66,59,,,,,,,,,,,,False,,,0,,,,,,0,50,,average
P5569,Alejandro,Perez,2002-02-05,78,248,Hispanic,light,black,mustache,L,1B,,0,,,50,65,53,51,49,54,48,50,51,51,,,,,,,,,,,,61,73,62,59,49,0,0,50,66,62,,,,,,,,,,,,False,,,0,,,,,,0,50,,power
P6677,Xavier,Jefferson,1994-03-13,77,189,African,medium,black,clean_shaven,R,2B,,0,,,53,51,70,55,52,52,58,52,49,49,,,,,,,,,,,,56,54,73,58,52,0,0,52,51,53,,,,,,,,,,,,False,,,0,,,,,,0,50,,speed
P8728,Sung,Zhang,1990-07-17,74,238,Asian,light,black,clean_shaven,R,3B,,0,,,50,50,49,52,51,48,56,52,51,51,,,,,,,,,,,,40,41,44,44,51,0,0,52,46,43,,,,,,,,,,,,False,,,0,,,,,,0,50,,balanced
P7046,Jorge,Reyes,2004-07-16,75,160,Hispanic,light,black,clean_shaven,R,SS,,0,,,51,51,87,52,53,50,61,49,52,49,,,,,,,,,,,,65,73,99,77,53,0,0,49,72,65,,,,,,,,,,,,False,,,0,,,,,,0,50,,elite_speed
P9424,Roberto,Rivera,1997-05-15,73,185,Hispanic,light,brown,clean_shaven,S,LF,,0,,,51,59,49,51,48,52,56,52,49,51,,,,,,,,,,,,46,57,53,50,48,0,0,52,46,54,,,,,,,,,,,,False,,,0,,,,,,0,50,,power
P6121,Malik,Green,1995-05-27,77,174,African,medium,black,clean_shaven,R,CF,,0,,,50,52,51,51,48,49,53,51,51,49,,,,,,,,,,,,50,48,53,51,48,0,0,51,55,44,,,,,,,,,,,,False,,,0,,,,,,0,50,,balanced
P2318,Jamal,Washington,1989-06-11,76,221,African,dark,black,mustache,R,RF,,0,,,51,57,51,50,47,50,52,50,49,52,,,,,,,,,,,,49,57,49,50,47,0,0,50,49,46,,,,,,,,,,,,False,,,0,,,,,,0,50,,balanced
P6510,Leroy,White,1995-12-02,71,165,African,dark,black,goatee,R,3B,,0,,,52,51,49,50,51,50,60,52,51,50,,,,,,,,,,,,51,51,49,45,51,0,0,52,50,54,,,,,,,,,,,,False,,,0,,,,,,0,50,,balanced
P6445,Tyrone,King,1988-04-30,78,172,African,dark,black,clean_shaven,L,LF,3B,0,,,61,66,48,52,48,49,51,51,50,52,,,,,,,,,,,,60,60,48,51,48,0,0,51,42,45,,,,,,,,,,,,False,,,0,,,,,,0,50,,gap
P2906,Percy,Baker,1997-04-30,69,241,African,dark,black,clean_shaven,R,SS,,0,,,48,46,85,49,49,48,55,52,49,52,,,,,,,,,,,,48,50,84,49,49,0,0,52,44,48,,,,,,,,,,,,False,,,0,,,,,,0,50,,elite_speed
P5101,Brad,Camire,2003-06-18,71,234,Anglo,medium,blonde,goatee,L,2B,,0,,,52,52,51,52,49,48,51,51,50,52,,,,,,,,,,,,61,62,63,58,49,0,0,51,57,61,,,,,,,,,,,,False,,,0,,,,,,0,50,,average
P4900,Tyrone,Young,1991-07-23,77,176,African,light,black,clean_shaven,R,3B,,0,,,53,51,50,51,50,51,57,49,48,52,,,,,,,,,,,,44,47,49,48,50,0,0,49,46,50,,,,,,,,,,,,False,,,0,,,,,,0,50,,gap
P5979,Carlos,Hernandez,1995-12-31,68,195,Hispanic,light,blonde,clean_shaven,R,C,,0,,,52,51,51,52,49,50,58,52,52,51,,,,,,,,,,,,49,46,51,51,49,0,0,52,51,49,,,,,,,,,,,,False,,,0,,,,,,0,50,,balanced
P3242,Cedric,Gaines,1989-09-25,76,236,African,dark,black,beard,R,P,,1,RP,CL,,,,,55,,,,50,53,47,53,53,50,53,0,0,65,0,0,0,,,,,0,,,,48,48,45,46,41,49,47,0,0,59,0,0,0,False,,,0,,,,,,0,50,closer,
P9610,Jermaine,Carter,2001-02-04,74,169,African,dark,black,clean_shaven,L,P,,1,RP,RP,,,,,55,,,,52,51,48,50,52,48,52,0,0,64,59,0,0,,,,,0,,,,63,66,60,59,57,53,62,0,0,72,65,0,0,False,,,0,,,,,,0,50,groundball_rp,
P6442,Nicholas,Taruer,2000-03-25,73,218,Anglo,medium,brown,goatee,R,P,,1,RP,CL,,,,,48,,,,49,53,49,50,52,52,56,0,0,65,0,0,0,,,,,0,,,,56,59,56,61,58,64,62,0,0,72,0,0,0,False,,,0,,,,,,0,50,closer,
P8509,Jermaine,Gaines,1997-04-15,76,227,African,dark,black,beard,R,P,,1,RP,SP,,,,,51,,,,49,52,51,51,52,52,51,59,62,59,60,0,0,,,,,0,,,,54,56,48,50,52,52,56,54,62,62,56,0,0,False,,,0,,,,,,0,50,finesse_sp,
P3440,Yong,Pham,2002-09-28,69,182,Asian,medium,black,clean_shaven,L,P,,1,RP,RP,,,,,57,,,,50,53,51,53,54,50,49,0,59,0,62,0,0,,,,,0,,,,60,63,59,66,58,55,60,0,64,0,75,0,0,False,,,0,,,,,,0,50,groundball_rp,
P8021,Ricky,Barbarin,2003-09-28,75,207,Anglo,light,red,clean_shaven,L,P,,1,RP,SP,,,,,53,,,,48,53,53,52,52,51,52,0,0,59,60,0,0,,,,,0,,,,62,62,60,63,66,64,64,0,0,74,73,0,0,False,,,0,,,,,,0,50,groundball_sp,
P8372,Miguel,Rodriguez,1989-08-12,76,246,Hispanic,dark,black,clean_shaven,R,P,,1,RP,CL,,,,,50,,,,53,54,48,50,52,51,54,0,61,65,0,0,0,,,,,0,,,,50,52,50,50,39,45,48,0,52,64,0,0,0,False,,,0,,,,,,0,50,closer,
P8579,Yong,Singh,1994-02-25,73,247,Asian,light,black,clean_shaven,R,SS,,0,,,52,48,51,49,53,48,58,51,51,52,,,,,,,,,,,,44,45,45,45,53,0,0,51,50,46,,,,,,,,,,,,False,,,0,,,,,,0,50,,average
P9450,Miguel,Diaz,1999-07-10,77,197,Hispanic,dark,brown,mustache,R,C,,0,,,49,53,49,50,52,52,59,49,50,48,,,,,,,,,,,,59,63,61,58,52,0,0,49,65,57,,,,,,,,,,,,False,,,0,,,,,,0,50,,average
P1344,Yong,Tran,2001-12-10,74,188,Asian,light,black,mustache,R,SS,,0,,,52,50,52,51,48,49,59,50,49,50,,,,,,,,,,,,65,65,64,57,48,0,0,50,57,63,,,,,,,,,,,,False,,,0,,,,,,0,50,,balanced
P9956,Antonio,Flores,1987-05-03,69,163,Hispanic,medium,brown,beard,S,LF,,0,,,54,53,94,52,52,51,55,48,51,51,,,,,,,,,,,,52,43,87,50,52,0,0,48,46,51,,,,,,,,,,,,False,,,0,,,,,,0,50,,elite_speed
P3614,Barton,Figuroa,1999-09-17,76,229,Anglo,light,blonde,clean_shaven,R,RF,LF,0,,,53,55,50,51,47,51,58,47,48,48,,,,,,,,,,,,63,63,57,63,47,0,0,47,53,57,,,,,,,,,,,,False,,,0,,,,,,0,50,,balanced
P3240,Daron,Harmison,1990-08-28,73,169,Anglo,light,brown,clean_shaven,L,CF,,0,,,50,48,70,53,52,52,48,51,51,52,,,,,,,,,,,,40,48,69,50,52,0,0,51,49,42,,,,,,,,,,,,False,,,0,,,,,,0,50,,speed
P8239,Raul,Gomez,1994-08-01,78,174,Hispanic,medium,brown,clean_shaven,L,1B,,0,,,53,55,50,49,50,47,44,51,50,51,,,,,,,,,,,,56,60,54,46,50,0,0,51,52,48,,,,,,,,,,,,False,,,0,,,,,,0,50,,gap
P8515,Sung,Li,2001-04-26,78,189,Asian,light,black,mustache,R,LF,,0,,,54,47,51,51,52,48,55,50,50,49,,,,,,,,,,,,68,58,66,65,52,0,0,50,65,60,,,,,,,,,,,,False,,,0,,,,,,0,50,,spray
P2861,Dustin,Romero,2006-04-16,70,181,Anglo,medium,brown,beard,R,P,,1,RP,CL,,,,,55,,,,52,52,49,53,57,53,56,0,58,65,0,0,0,,,,,0,,,,76,68,68,69,64,74,66,0,82,86,0,0,0,False,,,0,,,,,,0,50,closer,
P8677,Luis,Cruz,2004-07-20,77,234,Hispanic,medium,blonde,clean_shaven,S,P,,1,RP,RP,,,,,55,,,,51,49,51,51,52,50,53,0,0,0,61,0,0,,,,,0,,,,62,74,81,80,69,62,73,0,0,0,77,0,0,False,,,0,,,,,,0,50,groundball_rp,
P3072,Antonio,Mendoza,2006-02-21,72,209,Hispanic,medium,black,clean_shaven,L,P,,1,RP,SP,,,,,50,,,,52,52,53,51,52,49,51,62,59,59,0,0,0,,,,,0,,,,78,74,62,81,67,70,70,79,78,87,0,0,0,False,,,0,,,,,,0,50,workhorse_sp,
P2093,Alexis,Hadsall,2006-06-18,74,211,Anglo,light,brown,mustache,L,P,,1,RP,SP,,,,,52,,,,48,49,52,52,52,51,52,61,0,0,61,0,0,,,,,0,,,,63,78,71,64,70,66,63,75,0,0,80,0,0,False,,,0,,,,,,0,50,groundball_sp,
P9897,Lynn,Orrego,2004-09-02,72,241,Anglo,light,brown,clean_shaven,L,P,,1,RP,RP,,,,,57,,,,52,49,48,50,53,50,51,57,0,65,59,0,0,,,,,0,,,,63,71,66,79,74,69,72,70,0,76,69,0,0,False,,,0,,,,,,0,50,groundball_rp,
P6584,Carlos,Gonzalez,2005-09-16,78,166,Hispanic,light,black,clean_shaven,R,CF,,0,,,56,49,53,54,52,50,50,50,51,49,,,,,,,,,,,,71,67,82,72,52,0,0,50,64,70,,,,,,,,,,,,False,,,0,,,,,,0,50,,spray
P5042,Hector,Rivera,2005-04-29,71,216,Hispanic,light,black,clean_shaven,L,LF,,0,,,50,58,50,51,50,50,47,49,48,51,,,,,,,,,,,,64,79,74,67,50,0,0,49,70,78,,,,,,,,,,,,False,,,0,,,,,,0,50,,power
P9646,Xavier,Walker,2007-05-17,68,205,African,medium,brown,clean_shaven,R,RF,3B,0,,,49,57,47,50,47,49,55,51,51,50,,,,,,,,,,,,65,79,68,63,47,0,0,51,72,67,,,,,,,,,,,,False,,,0,,,,,,0,50,,power
P4113,Francisco,Martinez,2005-08-25,69,161,Hispanic,medium,brown,goatee,R,2B,,0,,,50,48,51,51,49,51,54,52,49,49,,,,,,,,,,,,70,72,69,68,49,0,0,52,60,65,,,,,,,,,,,,False,,,0,,,,,,0,50,,balanced
P7224,Alejandro,Flores,2004-08-31,78,203,Hispanic,medium,brown,goatee,R,1B,,0,,,53,59,52,53,52,52,54,50,51,51,,,,,,,,,,,,76,71,75,65,52,0,0,50,65,72,,,,,,,,,,,,False,,,0,,,,,,0,50,,balanced
P4811,Percy,Gaines,1988-02-08,72,246,African,dark,black,clean_shaven,R,P,,1,RP,CL,,,,,55,,,,52,52,50,52,52,49,55,0,0,66,0,0,0,,,,,0,,,,44,45,50,49,41,41,52,0,0,64,0,0,0,False,,,0,,,,,,0,50,closer,
P3883,Yong,Huang,1988-06-08,72,249,Asian,light,black,beard,R,P,,1,RP,CL,,,,,50,,,,49,51,48,52,54,51,53,0,0,67,0,0,0,,,,,0,,,,47,51,46,49,48,49,50,0,0,65,0,0,0,False,,,0,,,,,,0,50,closer,
P7431,Deshawn,King,2003-06-29,75,195,African,medium,black,clean_shaven,L,P,,1,RP,SP,,,,,49,,,,52,50,52,51,54,49,48,63,63,0,0,0,0,,,,,0,,,,59,60,63,62,61,56,56,76,72,0,0,0,0,False,,,0,,,,,,0,50,finesse_sp,
P9322,Kristofer,Katoa,2001-09-27,75,197,Anglo,medium,black,goatee,R,P,,1,RP,SP,,,,,50,,,,48,52,54,51,52,49,53,60,62,0,0,0,0,,,,,0,,,,56,66,59,64,64,55,64,66,70,0,0,0,0,False,,,0,,,,,,0,50,workhorse_sp,
P3661,Manuel,Hernandez,1998-07-14,77,171,Hispanic,medium,red,clean_shaven,L,P,,1,RP,CL,,,,,51,,,,50,53,48,52,52,50,56,57,0,65,0,0,0,,,,,0,,,,62,60,57,63,61,65,67,67,0,70,0,0,0,False,,,0,,,,,,0,50,closer,
P5378,Jamal,Green,2001-11-15,72,160,African,light,black,mustache,S,P,,1,RP,SP,,,,,52,,,,51,50,52,53,52,51,51,0,63,60,0,55,0,,,,,0,,,,66,61,60,60,63,58,58,0,72,70,0,64,0,False,,,0,,,,,,0,50,power_sp,
P4440,Pedro,Reyes,1993-04-04,73,241,Hispanic,medium,brown,goatee,L,P,,1,RP,SP,,,,,48,,,,50,51,54,50,52,51,52,0,63,63,57,0,0,,,,,0,,,,50,47,50,47,46,51,47,0,58,58,49,0,0,False,,,0,,,,,,0,50,power_sp,
P2303,Jermaine,Mitchell,1998-06-05,77,236,African,dark,black,clean_shaven,L,P,,1,RP,SP,,,,,53,,,,50,50,52,51,54,49,52,59,62,59,60,0,0,,,,,0,,,,56,64,57,59,58,64,60,67,69,72,75,0,0,False,,,0,,,,,,0,50,groundball_sp,
P4406,Ricardo,Castillo,1992-03-15,70,213,Hispanic,medium,black,clean_shaven,S,P,,1,RP,SP,,,,,50,,,,52,52,54,51,52,48,50,0,62,60,58,0,0,,,,,0,,,,47,49,42,52,45,42,48,0,52,59,50,0,0,False,,,0,,,,,,0,50,groundball_sp,
P4882,Cedric,White,2002-02-27,73,250,African,dark,black,clean_shaven,S,P,,1,RP,RP,,,,,51,,,,49,53,48,50,54,52,55,0,64,67,0,0,0,,,,,0,,,,62,64,60,60,63,59,64,0,74,81,0,0,0,False,,,0,,,,,,0,50,power_rp,
P7027,Francisco,Vasquez,1994-09-12,72,237,Hispanic,medium,black,clean_shaven,S,P,,1,RP,LR,,,,,52,,,,50,52,52,51,52,52,52,59,60,0,0,0,0,,,,,0,,,,54,50,49,54,55,57,47,62,65,0,0,0,0,False,,,0,,,,,,0,50,long_relief,
P5832,Roberto,Reyes,2003-01-21,73,205,Hispanic,light,blonde,goatee,L,C,,0,,,57,50,53,54,49,47,51,50,52,49,,,,,,,,,,,,69,57,62,61,49,0,0,50,57,60,,,,,,,,,,,,False,,,0,,,,,,0,50,,spray
P2100,Sung,Liu,1988-02-21,74,177,Asian,medium,black,clean_shaven,L,1B,,0,,,50,56,50,50,49,49,49,49,49,49,,,,,,,,,,,,40,52,45,47,49,0,0,49,49,42,,,,,,,,,,,,False,,,0,,,,,,0,50,,gap
P4225,Scott,Bourgois,1994-12-10,77,186,Anglo,light,brown,clean_shaven,R,2B,,0,,,50,53,49,51,50,51,57,50,50,51,,,,,,,,,,,,53,51,52,49,50,0,0,50,45,56,,,,,,,,,,,,False,,,0,,,,,,0,50,,balanced
P3971,Guadalupe,Brickel,2002-12-11,78,250,Anglo,light,brown,goatee,R,3B,,0,,,62,50,51,54,52,47,57,49,50,48,,,,,,,,,,,,75,61,65,63,52,0,0,49,58,53,,,,,,,,,,,,False,,,0,,,,,,0,50,,spray
P8175,Hector,Mendoza,1988-10-21,76,206,Hispanic,medium,brown,beard,R,SS,,0,,,56,54,50,50,50,48,58,52,51,51,,,,,,,,,,,,48,51,42,50,50,0,0,52,49,43,,,,,,,,,,,,False,,,0,,,,,,0,50,,gap
P8526,Clifton,Ussery,1991-04-05,71,239,Anglo,light,brown,beard,R,LF,,0,,,54,50,70,50,53,50,59,50,52,52,,,,,,,,,,,,51,40,64,40,53,0,0,50,50,48,,,,,,,,,,,,False,,,0,,,,,,0,50,,speed
P3659,Manuel,Castillo,1992-08-10,78,242,Hispanic,medium,brown,clean_shaven,R,CF,,0,,,54,50,51,50,52,53,52,48,51,52,,,,,,,,,,,,51,41,45,46,52,0,0,48,50,52,,,,,,,,,,,,False,,,0,,,,,,0,50,,balanced
P5574,Francisco,Delgado,1989-01-18,76,166,Hispanic,dark,brown,beard,S,RF,,0,,,50,53,52,51,47,52,50,48,49,50,,,,,,,,,,,,47,53,51,44,47,0,0,48,46,46,,,,,,,,,,,,False,,,0,,,,,,0,50,,balanced
P5742,Rufus,Taylor,1993-05-17,72,202,African,dark,black,clean_shaven,S,3B,,0,,,51,49,77,51,54,49,53,48,51,49,,,,,,,,,,,,43,47,75,41,54,0,0,48,48,47,,,,,,,,,,,,False,,,0,,,,,,0,50,,speed
P4807,Tyrone,Wright,1996-12-27,77,164,African,dark,black,clean_shaven,L,C,,0,,,60,49,51,56,53,47,50,49,52,51,,,,,,,,,,,,60,45,50,61,53,0,0,49,54,51,,,,,,,,,,,,False,,,0,,,,,,0,50,,spray
P4896,Manuel,Torres,1996-03-28,76,175,Hispanic,medium,brown,goatee,S,SS,,0,,,51,48,50,52,50,48,53,49,49,51,,,,,,,,,,,,55,52,55,55,50,0,0,49,50,51,,,,,,,,,,,,False,,,0,,,,,,0,50,,average
P7736,Malik,Wright,2004-08-19,74,217,African,medium,black,goatee,L,1B,,0,,,61,53,51,52,51,52,49,49,51,51,,,,,,,,,,,,91,81,63,63,51,0,0,49,70,79,,,,,,,,,,,,False,,,0,,,,,,0,50,,spray
P3230,Rafael,Martinez,1994-10-30,78,244,Hispanic,light,red,mustache,L,LF,,0,,,60,50,53,54,53,49,48,50,52,53,,,,,,,,,,,,56,51,56,50,53,0,0,50,56,54,,,,,,,,,,,,False,,,0,,,,,,0,50,,spray
P5040,Alejandro,Diaz,1996-01-13,76,247,Hispanic,dark,blonde,clean_shaven,R,LF,,0,,,50,50,48,50,49,52,56,50,51,51,,,,,,,,,,,,52,46,50,53,49,0,0,50,46,48,,,,,,,,,,,,False,,,0,,,,,,0,50,,average
P2930,Yong,Hassan,1991-09-26,71,192,Asian,light,black,goatee,R,P,,1,RP,CL,,,,,55,,,,52,53,51,50,53,53,56,60,60,65,0,0,0,,,,,0,,,,50,46,44,47,46,51,53,54,59,62,0,0,0,False,,,0,,,,,,0,50,closer,
P1857,Ricardo,Diaz,1989-10-01,78,190,Hispanic,dark,black,mustache,S,P,,1,RP,RP,,,,,52,,,,48,52,50,53,52,52,53,59,59,0,60,0,0,,,,,0,,,,46,50,51,49,45,47,52,56,53,0,55,0,0,False,,,0,,,,,,0,50,finesse_rp,
P8821,Alejandro,Ortiz,1997-11-08,71,206,Hispanic,medium,blonde,mustache,R,P,,1,RP,SP,,,,,51,,,,47,53,52,50,52,50,50,58,63,0,0,0,0,,,,,0,,,,52,48,52,57,48,53,55,62,66,0,0,0,0,False,,,0,,,,,,0,50,workhorse_sp,
P5452,Jamal,Robinson,1995-11-15,71,210,African,dark,black,beard,R,P,LF,1,RP,SP,,,,,50,,,,49,52,49,50,52,51,51,60,63,60,0,0,0,,,,,0,,,,48,54,50,57,44,50,51,63,67,60,0,0,0,False,,,0,,,,,,0,50,balanced_sp,
P8126,Jamal,Carter,1987-07-12,71,175,African,dark,black,beard,R,P,,1,RP,SP,,,,,51,,,,51,50,53,52,52,52,53,61,0,0,58,0,0,,,,,0,,,,41,40,46,45,53,43,47,52,0,0,48,0,0,False,,,0,,,,,,0,50,groundball_sp,
P4914,Percy,Robinson,1989-07-15,74,167,African,dark,black,clean_shaven,S,P,,1,RP,SP,,,,,48,,,,49,51,52,53,52,50,53,59,62,58,56,0,0,,,,,0,,,,44,45,48,43,48,44,46,59,55,57,46,0,0,False,,,0,,,,,,0,50,power_sp,
P7848,Roberto,Garcia,1999-12-20,76,198,Hispanic,light,black,goatee,R,P,,1,RP,RP,,,,,48,,,,52,53,48,52,52,50,52,0,59,65,0,56,0,,,,,0,,,,63,68,59,66,63,56,58,0,73,75,0,62,0,False,,,0,,,,,,0,50,power_rp,
P5433,Floyd,Lataquin,1999-06-19,75,193,Anglo,medium,black,goatee,R,SS,,0,,,62,52,50,51,50,48,56,53,47,49,,,,,,,,,,,,74,58,56,57,50,0,0,53,60,62,,,,,,,,,,,,False,,,0,,,,,,0,50,,spray
P3158,Duane,Esfahani,1999-03-23,70,216,Anglo,light,brown,mustache,L,C,,0,,,59,50,53,55,52,50,51,50,51,47,,,,,,,,,,,,71,62,67,60,52,0,0,50,61,57,,,,,,,,,,,,False,,,0,,,,,,0,50,,spray
P9990,Darnell,Allen,1993-11-06,77,205,African,dark,black,clean_shaven,R,RF,,0,,,50,60,51,51,51,51,54,47,49,52,,,,,,,,,,,,47,57,46,41,51,0,0,47,46,50,,,,,,,,,,,,False,,,0,,,,,,0,50,,power
P7424,Percy,Mitchell,2003-03-16,71,215,African,medium,brown,clean_shaven,R,SS,,0,,,53,51,86,52,49,47,56,53,47,51,,,,,,,,,,,,59,64,97,61,49,0,0,53,62,60,,,,,,,,,,,,False,,,0,,,,,,0,50,,speed
P9031,Tyrone,Scott,1996-04-21,78,168,African,medium,black,clean_shaven,R,LF,,0,,,50,57,51,50,51,51,56,49,50,52,,,,,,,,,,,,50,57,55,46,51,0,0,49,54,52,,,,,,,,,,,,False,,,0,,,,,,0,50,,balanced
P7683,Sung,Pham,1998-12-10,69,245,Asian,medium,black,mustache,R,C,,0,,,49,54,52,50,50,51,55,50,50,48,,,,,,,,,,,,64,59,60,55,50,0,0,50,65,60,,,,,,,,,,,,False,,,0,,,,,,0,50,,balanced
P7588,Otto,Parlor,2000-05-25,78,166,Anglo,light,black,clean_shaven,L,1B,,0,,,50,62,53,50,48,50,45,49,51,49,,,,,,,,,,,,57,73,62,59,48,0,0,49,63,55,,,,,,,,,,,,False,,,0,,,,,,0,50,,power
P6521,Zachery,Greet,1999-05-28,76,165,Anglo,light,black,clean_shaven,R,LF,,0,,,53,51,70,52,51,51,58,50,50,53,,,,,,,,,,,,65,62,84,61,51,0,0,50,63,60,,,,,,,,,,,,False,,,0,,,,,,0,50,,speed
P6484,Jarrett,Faulkner,2004-09-24,78,202,Anglo,light,red,mustache,S,P,,1,RP,CL,,,,,55,,,,50,52,47,51,54,49,54,0,63,66,0,0,0,,,,,0,,,,61,77,67,71,76,72,67,0,89,95,0,0,0,False,,,0,,,,,,0,50,closer,
P9296,Percy,King,2006-01-21,68,227,African,dark,black,goatee,S,P,,1,RP,SP,,,,,48,,,,48,51,52,50,53,52,53,61,60,62,0,0,0,,,,,0,,,,70,61,75,79,76,68,81,88,70,80,0,0,0,False,,,0,,,,,,0,50,balanced_sp,
P5405,Raul,Castillo,2005-07-21,75,187,Hispanic,light,black,clean_shaven,L,P,,1,RP,RP,,,,,50,,,,52,52,50,50,52,51,54,0,60,64,0,0,0,,,,,0,,,,82,64,70,65,73,73,64,0,71,82,0,0,0,False,,,0,,,,,,0,50,power_rp,
P8253,Hector,Cruz,2004-08-27,74,180,Hispanic,medium,brown,clean_shaven,L,P,,1,RP,SP,,,,,52,,,,49,51,53,50,52,52,53,0,62,58,0,0,0,,,,,0,,,,63,67,62,65,74,80,74,0,88,72,0,0,0,False,,,0,,,,,,0,50,power_sp,
P2274,Benjamin,Jeffris,2007-12-18,72,169,Anglo,medium,blonde,clean_shaven,R,P,,1,RP,CL,,,,,48,,,,50,52,49,50,52,48,53,60,60,65,0,0,0,,,,,0,,,,69,66,68,77,62,69,65,71,74,90,0,0,0,False,,,0,,,,,,0,50,closer,
P3795,Sterling,Godnick,2006-02-13,73,188,Anglo,dark,black,clean_shaven,R,CF,,0,,,49,47,77,50,54,51,54,49,50,49,,,,,,,,,,,,63,69,91,64,54,0,0,49,67,68,,,,,,,,,,,,False,,,0,,,,,,0,50,,speed
P3151,Sung,Singh,2007-02-24,75,247,Asian,dark,black,clean_shaven,L,RF,,0,,,52,54,49,51,51,49,42,48,49,52,,,,,,,,,,,,81,65,67,81,51,0,0,48,76,64,,,,,,,,,,,,False,,,0,,,,,,0,50,,gap
P6842,Chauncey,Thomison,2008-01-06,71,193,Anglo,light,blonde,clean_shaven,R,C,,0,,,51,61,47,50,51,49,57,48,50,51,,,,,,,,,,,,73,80,76,66,51,0,0,48,74,67,,,,,,,,,,,,False,,,0,,,,,,0,50,,power
P5952,Domingo,Flaherty,2004-09-13,75,236,Anglo,light,brown,clean_shaven,R,C,,0,,,56,50,50,52,53,47,59,53,48,50,,,,,,,,,,,,76,78,63,63,53,0,0,53,76,78,,,,,,,,,,,,False,,,0,,,,,,0,50,,spray
P5619,Hector,Gomez,2004-06-07,75,218,Hispanic,medium,brown,clean_shaven,R,2B,,0,,,52,64,48,53,47,49,55,52,50,50,,,,,,,,,,,,63,78,75,75,47,0,0,52,66,69,,,,,,,,,,,,False,,,0,,,,,,0,50,,power
P7593,Hector,Martinez,1987-10-03,69,188,Hispanic,light,brown,beard,S,P,,1,RP,CL,,,,,55,,,,51,52,50,51,52,49,54,0,0,65,0,0,0,,,,,0,,,,45,46,50,45,41,40,48,0,0,56,0,0,0,False,,,0,,,,,,0,50,closer,
P8216,Antonio,Hernandez,2005-01-23,77,166,Hispanic,medium,black,clean_shaven,L,P,,1,RP,SP,,,,,49,,,,51,53,52,52,52,50,52,60,59,0,59,0,0,,,,,0,,,,68,71,80,82,67,75,76,75,87,0,76,0,0,False,,,0,,,,,,0,50,finesse_sp,
P5186,Parker,Overdorf,1988-08-25,75,211,Anglo,light,black,mustache,R,P,,1,RP,SP,,,,,50,,,,51,48,53,51,52,50,49,58,60,58,56,0,0,,,,,0,,,,45,38,51,48,53,47,47,49,59,57,52,0,0,False,,,0,,,,,,0,50,finesse_sp,
P7684,Sung,Hassan,1994-01-30,71,196,Asian,light,black,clean_shaven,L,P,,1,RP,LR,,,,,50,,,,52,51,50,51,54,50,52,60,0,0,0,0,0,,,,,0,,,,43,46,45,53,49,49,45,58,0,0,0,0,0,False,,,0,,,,,,0,50,long_relief,
P9404,Tyrone,Robinson,1988-09-15,78,164,African,dark,black,goatee,L,P,,1,RP,RP,,,,,55,,,,50,51,51,52,52,52,51,0,0,0,62,0,0,,,,,0,,,,50,43,46,45,44,48,49,0,0,0,60,0,0,False,,,0,,,,,,0,50,groundball_rp,
P5327,Jamal,Walker,2001-04-11,71,215,African,dark,black,goatee,R,P,,1,RP,RP,,,,,56,,,,50,50,49,52,54,49,51,0,0,0,60,0,0,,,,,0,,,,61,58,66,65,54,57,65,0,0,0,74,0,0,False,,,0,,,,,,0,50,groundball_rp,
P6960,Olen,Isaacsen,1989-04-20,74,194,Anglo,light,black,clean_shaven,L,P,,1,RP,SP,,,,,49,,,,48,54,51,52,52,49,54,0,64,62,0,0,0,,,,,0,,,,45,45,44,43,45,45,47,0,63,62,0,0,0,False,,,0,,,,,,0,50,power_sp,
P5404,Deshawn,Green,2005-01-23,68,184,African,medium,brown,clean_shaven,R,P,,1,RP,SP,,,,,51,,,,48,50,51,51,52,49,51,61,63,64,57,0,0,,,,,0,,,,74,67,71,66,72,66,73,77,87,89,80,0,0,False,,,0,,,,,,0,50,power_sp,
P4532,Jorge,Perez,1988-10-08,72,181,Hispanic,medium,black,beard,L,P,1B,1,RP,SP,,,,,48,,,,51,51,51,50,52,50,50,60,62,59,0,0,0,,,,,0,,,,44,50,42,47,49,40,46,51,53,49,0,0,0,False,,,0,,,,,,0,50,balanced_sp,
P8576,Rafael,Morales,1989-01-13,69,204,Hispanic,dark,brown,beard,L,P,,1,RP,LR,,,,,52,,,,51,51,51,51,53,49,51,61,0,0,0,0,0,,,,,0,,,,51,41,45,44,41,41,50,51,0,0,0,0,0,False,,,0,,,,,,0,50,long_relief,
P6735,Luis,Flores,1999-01-17,78,227,Hispanic,medium,black,beard,R,P,,1,RP,SP,,,,,48,,,,50,52,52,53,53,49,50,0,59,60,0,56,0,,,,,0,,,,65,60,61,67,57,61,55,0,69,68,0,67,0,False,,,0,,,,,,0,50,power_sp,
P9766,Manuel,Rodriguez,1990-11-09,72,164,Hispanic,medium,black,goatee,S,C,,0,,,59,53,51,52,52,52,55,52,50,52,,,,,,,,,,,,55,45,48,48,52,0,0,52,42,44,,,,,,,,,,,,False,,,0,,,,,,0,50,,spray
P6334,Cedric,Green,2002-02-02,77,212,African,dark,black,clean_shaven,R,1B,,0,,,53,56,54,52,49,49,55,49,49,49,,,,,,,,,,,,61,71,60,59,49,0,0,49,64,63,,,,,,,,,,,,False,,,0,,,,,,0,50,,gap
P3464,Eduardo,Hernandez,1990-05-22,71,174,Hispanic,medium,black,goatee,R,2B,,0,,,64,58,48,55,50,51,56,50,49,50,,,,,,,,,,,,55,55,42,49,50,0,0,50,41,44,,,,,,,,,,,,False,,,0,,,,,,0,50,,gap
P8989,Xavier,Carter,1997-05-11,73,189,African,dark,black,clean_shaven,R,3B,,0,,,48,58,53,50,46,52,57,52,47,48,,,,,,,,,,,,44,53,54,52,46,0,0,52,50,52,,,,,,,,,,,,False,,,0,,,,,,0,50,,power
P8044,Darnell,Robinson,1988-05-01,74,222,African,dark,black,beard,R,SS,,0,,,53,53,49,51,50,47,60,51,48,48,,,,,,,,,,,,51,45,49,51,50,0,0,51,40,40,,,,,,,,,,,,False,,,0,,,,,,0,50,,balanced
P1563,Fernando,Reyes,1997-09-08,77,231,Hispanic,medium,black,beard,R,LF,CF,0,,,60,52,50,51,52,47,58,53,50,53,,,,,,,,,,,,60,56,50,52,52,0,0,53,54,54,,,,,,,,,,,,False,,,0,,,,,,0,50,,spray
P1509,Leroy,Scott,2004-12-20,77,230,African,medium,brown,clean_shaven,L,CF,,0,,,54,51,51,53,47,53,45,51,50,49,,,,,,,,,,,,75,76,61,81,47,0,0,51,69,66,,,,,,,,,,,,False,,,0,,,,,,0,50,,gap
P5364,Kraig,Jabiro,1987-07-18,69,223,Anglo,medium,black,clean_shaven,L,RF,,0,,,51,53,51,50,48,52,46,49,51,52,,,,,,,,,,,,50,52,45,40,48,0,0,49,43,46,,,,,,,,,,,,False,,,0,,,,,,0,50,,balanced
P6957,Jose,Martinez,1990-11-21,72,210,Hispanic,light,brown,clean_shaven,L,LF,RF,0,,,52,49,49,51,50,48,51,53,50,50,,,,,,,,,,,,52,46,46,43,50,0,0,53,50,49,,,,,,,,,,,,False,,,0,,,,,,0,50,,average
P2601,Marshall,Griffis,1990-06-02,78,165,Anglo,light,brown,clean_shaven,R,2B,,0,,,54,47,85,54,50,50,59,52,51,52,,,,,,,,,,,,45,40,84,45,50,0,0,52,51,48,,,,,,,,,,,,False,,,0,,,,,,0,50,,elite_speed
P9026,Juan,Cruz,1987-12-16,76,218,Hispanic,light,blonde,mustache,R,LF,,0,,,53,49,49,52,48,50,58,51,49,52,,,,,,,,,,,,46,48,46,51,48,0,0,51,40,49,,,,,,,,,,,,False,,,0,,,,,,0,50,,balanced
P3081,Jermaine,Harris,1999-01-31,78,226,African,medium,black,clean_shaven,R,CF,,0,,,59,51,52,53,54,50,54,47,47,51,,,,,,,,,,,,69,61,57,65,54,0,0,47,58,60,,,,,,,,,,,,False,,,0,,,,,,0,50,,spray
P1058,Cedric,Jefferson,1999-12-13,72,171,African,dark,brown,goatee,R,C,,0,,,52,52,50,53,53,52,56,52,50,51,,,,,,,,,,,,60,66,57,60,53,0,0,52,62,65,,,,,,,,,,,,False,,,0,,,,,,0,50,,average
P3554,Carlos,Gomez,1988-02-05,77,176,Hispanic,light,brown,beard,R,C,,0,,,49,50,48,49,53,52,59,52,52,50,,,,,,,,,,,,49,48,47,48,53,0,0,52,48,46,,,,,,,,,,,,False,,,0,,,,,,0,50,,average
P2076,Francisco,Garcia,1999-08-23,68,212,Hispanic,medium,brown,beard,R,P,,1,RP,CL,,,,,55,,,,52,54,51,50,52,52,54,58,62,67,0,0,0,,,,,0,,,,61,60,63,58,58,66,63,67,67,79,0,0,0,False,,,0,,,,,,0,50,closer,
P7192,Jose,Rodriguez,1994-04-24,74,166,Hispanic,medium,brown,mustache,R,P,,1,RP,CL,,,,,53,,,,48,51,50,50,52,51,54,0,62,67,0,0,0,,,,,0,,,,52,53,45,48,49,47,49,0,63,63,0,0,0,False,,,0,,,,,,0,50,closer,
P8708,Silas,Layell,1997-02-03,69,211,Anglo,medium,brown,clean_shaven,R,P,,1,RP,RP,,,,,51,,,,51,52,50,51,52,50,49,59,60,0,0,0,0,,,,,0,,,,51,54,48,48,52,55,52,63,65,0,0,0,0,False,,,0,,,,,,0,50,finesse_rp,
P6798,Deshawn,White,1989-02-26,71,197,African,dark,brown,beard,R,P,RF,1,RP,RP,,,,,50,,,,53,50,53,53,52,52,49,0,62,0,0,0,0,,,,,0,,,,51,48,43,49,48,45,48,0,54,0,0,0,0,False,,,0,,,,,,0,50,finesse_rp,
P4056,Kurt,Vangompel,1992-10-16,77,171,Anglo,medium,brown,beard,R,P,,1,RP,SP,,,,,49,,,,52,54,53,52,53,49,54,0,60,61,54,58,0,,,,,0,,,,47,46,43,50,45,41,51,0,56,56,52,57,0,False,,,0,,,,,,0,50,power_sp,
P7816,Rufus,Jackson,2002-07-14,75,174,African,medium,black,clean_shaven,R,P,,1,RP,RP,,,,,50,,,,49,54,51,52,52,51,55,0,63,65,0,57,0,,,,,0,,,,59,64,63,60,58,62,62,0,71,77,0,65,0,False,,,0,,,,,,0,50,power_rp,
P7847,Lacy,Lutwin,1999-06-27,77,228,Anglo,light,black,beard,L,P,,1,RP,RP,,,,,51,,,,52,51,51,50,52,53,52,0,62,0,0,0,0,,,,,0,,,,57,65,57,57,59,68,64,0,71,0,0,0,0,False,,,0,,,,,,0,50,power_rp,
P8007,Dewayne,Kuhr,1994-11-22,73,166,Anglo,light,black,clean_shaven,L,CF,,0,,,58,49,52,53,50,48,44,49,51,51,,,,,,,,,,,,62,48,52,57,50,0,0,49,55,56,,,,,,,,,,,,False,,,0,,,,,,0,50,,spray
P1998,Percy,Allen,2002-11-23,76,244,African,medium,black,mustache,R,C,,0,,,49,50,84,51,53,49,59,52,51,51,,,,,,,,,,,,64,59,91,58,53,0,0,52,56,59,,,,,,,,,,,,False,,,0,,,,,,0,50,,speed
P1382,Abel,Bernhagen,1988-06-19,72,182,Anglo,dark,brown,clean_shaven,R,3B,,0,,,51,60,50,52,49,49,59,51,51,51,,,,,,,,,,,,42,58,43,47,49,0,0,51,46,41,,,,,,,,,,,,False,,,0,,,,,,0,50,,power
P5953,Hector,Ortiz,1990-06-09,76,244,Hispanic,medium,black,goatee,R,RF,,0,,,51,58,49,50,49,50,54,52,51,49,,,,,,,,,,,,42,58,48,44,49,0,0,52,46,39,,,,,,,,,,,,False,,,0,,,,,,0,50,,power
P2302,Percy,Carter,1999-08-07,73,227,African,medium,black,clean_shaven,L,CF,,0,,,50,52,50,51,53,52,44,48,49,50,,,,,,,,,,,,57,63,56,56,53,0,0,48,63,62,,,,,,,,,,,,False,,,0,,,,,,0,50,,average
P4195,Xavier,Young,1999-12-09,70,223,African,dark,black,clean_shaven,R,SS,,0,,,52,48,71,51,52,48,58,52,50,50,,,,,,,,,,,,57,53,81,56,52,0,0,52,61,57,,,,,,,,,,,,False,,,0,,,,,,0,50,,speed
P4391,Dwain,Heape,1995-04-09,73,189,Anglo,medium,blonde,clean_shaven,R,3B,,0,,,50,53,49,50,48,50,57,50,50,52,,,,,,,,,,,,48,52,44,54,48,0,0,50,47,53,,,,,,,,,,,,False,,,0,,,,,,0,50,,gap
P2004,Pedro,Flores,2001-04-23,77,244,Hispanic,light,black,clean_shaven,L,3B,,0,,,53,60,48,52,46,49,51,49,51,49,,,,,,,,,,,,61,74,59,58,46,0,0,49,61,61,,,,,,,,,,,,False,,,0,,,,,,0,50,,power
P5909,Carlos,Sanchez,2005-06-06,68,170,Hispanic,medium,red,clean_shaven,R,P,,1,RP,CL,,,,,55,,,,49,51,50,51,53,51,51,59,0,66,0,0,0,,,,,0,,,,79,65,75,65,67,67,68,89,0,90,0,0,0,False,,,0,,,,,,0,50,closer,
P7007,Jermaine,King,2006-11-12,78,188,African,dark,black,clean_shaven,L,P,,1,RP,SP,,,,,52,,,,50,51,54,52,52,52,50,0,60,61,59,0,0,,,,,0,,,,63,75,68,70,79,78,73,0,71,75,81,0,0,False,,,0,,,,,,0,50,groundball_sp,
P5676,Leroy,Allen,2005-05-11,69,178,African,medium,black,clean_shaven,S,P,,1,RP,SP,,,,,49,,,,52,49,50,50,53,51,53,0,62,63,0,0,0,,,,,0,,,,78,73,70,80,70,68,74,0,84,75,0,0,0,False,,,0,,,,,,0,50,power_sp,
P5593,Antonio,Vasquez,2004-03-19,71,218,Hispanic,medium,black,beard,S,P,,1,RP,SP,,,,,53,,,,51,50,51,50,54,52,50,0,60,0,62,0,0,,,,,0,,,,62,78,70,81,80,64,69,0,72,0,72,0,0,False,,,0,,,,,,0,50,groundball_sp,
P3714,Rufus,Gaines,2004-08-19,76,201,African,dark,black,clean_shaven,L,P,,1,RP,SP,,,,,49,,,,52,48,50,51,54,48,50,59,63,61,0,0,0,,,,,0,,,,75,72,75,84,63,75,69,76,93,86,0,0,0,False,,,0,,,,,,0,50,workhorse_sp,
P3214,Aldo,Beliard,2006-08-23,76,161,Anglo,light,black,goatee,R,C,LF,0,,,52,52,52,50,53,52,55,53,50,51,,,,,,,,,,,,81,76,78,80,53,0,0,53,77,76,,,,,,,,,,,,False,,,0,,,,,,0,50,,balanced
P1114,Jorge,Martinez,2005-04-22,74,211,Hispanic,light,brown,goatee,R,C,,0,,,51,52,51,52,48,51,59,49,51,50,,,,,,,,,,,,66,73,69,77,48,0,0,49,70,63,,,,,,,,,,,,False,,,0,,,,,,0,50,,balanced
P1927,Jose,Hernandez,2004-07-01,75,230,Hispanic,dark,brown,clean_shaven,R,LF,,0,,,51,53,50,51,49,50,59,48,49,51,,,,,,,,,,,,62,79,70,73,49,0,0,48,69,70,,,,,,,,,,,,False,,,0,,,,,,0,50,,balanced
P7776,Carlos,Vasquez,2006-02-26,74,197,Hispanic,dark,blonde,mustache,L,RF,,0,,,51,61,49,50,47,53,46,47,49,52,,,,,,,,,,,,64,80,77,73,47,0,0,47,67,80,,,,,,,,,,,,False,,,0,,,,,,0,50,,power
P8367,Deshawn,Taylor,2007-10-04,74,177,African,dark,black,clean_shaven,R,SS,,0,,,56,49,51,52,49,48,60,53,49,52,,,,,,,,,,,,74,60,66,79,49,0,0,53,68,65,,,,,,,,,,,,False,,,0,,,,,,0,50,,gap
P5315,Rafael,Cruz,1991-09-26,74,229,Hispanic,medium,black,clean_shaven,R,P,,1,RP,CL,,,,,55,,,,48,52,51,50,52,49,54,57,0,67,0,0,0,,,,,0,,,,40,44,50,52,49,43,50,55,0,61,0,0,0,False,,,0,,,,,,0,50,closer,
P1187,Cristopher,Kole,1991-02-23,76,229,Anglo,light,black,beard,R,P,,1,RP,SP,,,,,51,,,,51,51,50,50,52,49,53,0,61,61,58,57,0,,,,,0,,,,43,48,45,51,40,41,50,0,61,51,57,57,0,False,,,0,,,,,,0,50,power_sp,
P3149,Rufus,Carter,2004-10-22,74,241,African,dark,black,clean_shaven,R,P,,1,RP,RP,,,,,53,,,,50,52,51,52,54,52,50,0,0,0,61,0,0,,,,,0,,,,78,73,63,80,77,64,73,0,0,0,88,0,0,False,,,0,,,,,,0,50,groundball_rp,
P5578,Felton,Wach,1995-01-25,68,168,Anglo,light,blonde,beard,R,P,,1,RP,SP,,,,,48,,,,53,49,52,51,52,51,50,60,60,0,0,0,0,,,,,0,,,,48,49,55,52,57,54,54,59,62,0,0,0,0,False,,,0,,,,,,0,50,workhorse_sp,
P5769,Florentino,Labuff,1995-11-16,75,225,Anglo,light,blonde,clean_shaven,R,P,,1,RP,CL,,,,,30,,,,50,53,52,52,54,53,52,0,0,65,0,0,0,,,,,34,,,,50,50,53,54,48,55,48,0,0,70,0,0,0,False,,,0,,,,,,0,50,closer,
P1067,Jermaine,Walker,1988-04-13,69,240,African,dark,black,mustache,R,P,,1,RP,RP,,,,,57,,,,51,52,53,50,53,51,52,56,59,0,59,0,0,,,,,0,,,,44,43,45,48,51,43,44,51,50,0,58,0,0,False,,,0,,,,,,0,50,groundball_rp,
P1629,Xavier,Jackson,2001-04-03,76,172,African,dark,black,clean_shaven,S,P,,1,RP,SP,,,,,51,,,,53,53,54,53,52,52,53,59,61,0,0,0,0,,,,,0,,,,67,67,59,65,68,62,67,70,67,0,0,0,0,False,,,0,,,,,,0,50,balanced_sp,
P6211,Leroy,Walker,1993-11-16,71,163,African,dark,black,clean_shaven,R,P,,1,RP,SP,,,,,51,,,,50,51,52,51,52,51,54,0,62,59,58,0,0,,,,,0,,,,42,46,51,49,47,48,51,0,58,55,56,0,0,False,,,0,,,,,,0,50,power_sp,
P9987,Deshawn,Gaines,1998-10-16,73,167,African,medium,black,clean_shaven,L,P,,1,RP,SP,,,,,52,,,,48,49,53,51,52,49,49,58,62,59,0,0,0,,,,,0,,,,55,63,61,65,62,60,60,71,76,72,0,0,0,False,,,0,,,,,,0,50,workhorse_sp,
P3910,Darnell,King,1987-10-10,68,188,African,medium,black,clean_shaven,S,P,,1,RP,SP,,,,,50,,,,49,50,50,51,54,53,52,61,62,0,61,56,0,,,,,0,,,,39,50,42,48,40,43,48,54,55,0,59,47,0,False,,,0,,,,,,0,50,finesse_sp,
P6749,Raul,Ramirez,1994-12-18,75,240,Hispanic,medium,blonde,clean_shaven,R,P,,1,RP,LR,,,,,52,,,,49,53,50,50,54,51,54,0,59,0,0,0,0,,,,,0,,,,52,54,50,49,45,52,59,0,62,0,0,0,0,False,,,0,,,,,,0,50,long_relief,
P8472,Hubert,Rommelfanger,1998-05-30,70,217,Anglo,medium,black,goatee,R,C,,0,,,50,52,70,51,51,49,55,51,50,52,,,,,,,,,,,,60,61,76,57,51,0,0,51,61,66,,,,,,,,,,,,False,,,0,,,,,,0,50,,speed
P9203,Pedro,Lopez,1995-08-22,70,175,Hispanic,light,brown,beard,L,1B,,0,,,51,64,49,51,48,50,47,52,50,49,,,,,,,,,,,,47,61,54,56,48,0,0,52,54,44,,,,,,,,,,,,False,,,0,,,,,,0,50,,power
P4768,Tyrone,Gaines,2003-05-09,78,247,African,medium,black,clean_shaven,R,2B,,0,,,53,48,85,53,50,48,57,49,50,52,,,,,,,,,,,,68,63,92,60,50,0,0,49,58,58,,,,,,,,,,,,False,,,0,,,,,,0,50,,elite_speed
P4253,Cedric,Baker,1996-09-07,68,235,African,medium,black,beard,R,3B,,0,,,57,49,52,52,52,48,59,52,49,52,,,,,,,,,,,,54,52,56,56,52,0,0,52,49,53,,,,,,,,,,,,False,,,0,,,,,,0,50,,spray
P2922,Jose,Vargas,1988-10-25,72,237,Hispanic,dark,brown,clean_shaven,L,SS,,0,,,57,51,72,53,53,49,51,51,51,52,,,,,,,,,,,,48,43,67,53,53,0,0,51,45,45,,,,,,,,,,,,False,,,0,,,,,,0,50,,spray
P8709,Rufus,Mitchell,1995-09-15,78,165,African,medium,black,mustache,R,LF,,0,,,52,53,47,51,52,53,56,53,52,53,,,,,,,,,,,,52,56,46,53,52,0,0,53,49,55,,,,,,,,,,,,False,,,0,,,,,,0,50,,average
P9237,Deshawn,Jefferson,1998-01-03,69,206,African,dark,black,clean_shaven,L,CF,,0,,,52,53,49,51,51,52,46,49,49,52,,,,,,,,,,,,53,49,50,47,51,0,0,49,50,52,,,,,,,,,,,,False,,,0,,,,,,0,50,,balanced
P7366,Rafael,Rodriguez,1987-11-15,70,201,Hispanic,dark,black,beard,R,RF,,0,,,51,61,50,50,47,50,51,51,50,51,,,,,,,,,,,,48,57,42,42,47,0,0,51,47,44,,,,,,,,,,,,False,,,0,,,,,,0,50,,power
P2355,Alejandro,Rivera,1995-10-21,69,207,Hispanic,light,brown,clean_shaven,R,2B,,0,,,56,53,51,54,52,51,57,50,53,51,,,,,,,,,,,,58,55,46,50,52,0,0,50,48,49,,,,,,,,,,,,False,,,0,,,,,,0,50,,balanced
P5435,Alejandro,Guerrero,1992-10-12,68,203,Hispanic,medium,brown,clean_shaven,R,CF,,0,,,57,54,52,52,47,52,53,52,52,52,,,,,,,,,,,,55,54,52,43,47,0,0,52,42,43,,,,,,,,,,,,False,,,0,,,,,,0,50,,gap
P1641,Rupert,Dafonte,2001-06-29,74,177,Anglo,medium,blonde,clean_shaven,R,SS,,0,,,59,51,54,53,48,47,57,53,50,47,,,,,,,,,,,,65,56,61,65,48,0,0,53,65,54,,,,,,,,,,,,False,,,0,,,,,,0,50,,spray
P7386,Antonio,Rivera,1996-10-13,74,237,Hispanic,dark,black,mustache,L,1B,LF,0,,,66,50,52,54,49,46,46,50,49,52,,,,,,,,,,,,66,45,53,58,49,0,0,50,47,51,,,,,,,,,,,,False,,,0,,,,,,0,50,,spray
P4444,Fernando,Cruz,1990-06-29,68,213,Hispanic,medium,blonde,clean_shaven,R,CF,,0,,,63,51,52,52,53,49,56,51,51,49,,,,,,,,,,,,61,44,50,46,53,0,0,51,41,43,,,,,,,,,,,,False,,,0,,,,,,0,50,,spray
P5853,Rufus,Washington,1989-09-12,70,166,African,dark,black,clean_shaven,R,2B,,0,,,59,52,49,52,52,48,58,52,51,50,,,,,,,,,,,,54,49,48,46,52,0,0,52,45,48,,,,,,,,,,,,False,,,0,,,,,,0,50,,spray
P2689,Jorge,Delgado,1990-02-21,77,222,Hispanic,medium,black,clean_shaven,R,P,,1,RP,CL,,,,,55,,,,52,52,48,50,52,49,55,0,0,67,0,0,0,,,,,0,,,,48,51,48,45,46,44,53,0,0,65,0,0,0,False,,,0,,,,,,0,50,closer,
P8922,Jermaine,Jefferson,1995-11-28,74,249,African,dark,brown,mustache,R,P,,1,RP,SP,,,,,50,,,,52,50,51,52,52,52,49,62,62,0,0,58,0,,,,,0,,,,50,46,50,53,53,49,48,60,64,0,0,55,0,False,,,0,,,,,,0,50,finesse_sp,
P8918,Francisco,Morales,2002-09-07,74,215,Hispanic,medium,black,clean_shaven,R,P,,1,RP,SP,,,,,49,,,,53,50,54,52,52,51,51,0,60,58,0,0,0,,,,,0,,,,63,63,61,62,69,60,63,0,73,69,0,0,0,False,,,0,,,,,,0,50,power_sp,
P2289,Anthony,Gouthier,1990-07-22,78,188,Anglo,light,brown,goatee,R,P,,1,RP,SP,,,,,48,,,,49,53,54,50,52,51,53,0,61,58,0,0,0,,,,,0,,,,42,44,50,46,52,48,45,0,55,57,0,0,0,False,,,0,,,,,,0,50,power_sp,
P6627,Jamal,Young,1989-05-15,75,166,African,dark,black,clean_shaven,S,P,,1,RP,SP,,,,,51,,,,51,53,54,52,52,52,49,59,61,62,0,0,0,,,,,0,,,,41,45,49,44,51,44,43,54,57,60,0,0,0,False,,,0,,,,,,0,50,balanced_sp,
P4092,Cedric,King,1995-07-12,75,243,African,dark,black,goatee,S,P,,1,RP,SP,,,,,48,,,,52,51,51,50,52,50,52,0,61,63,0,0,0,,,,,0,,,,50,47,51,56,51,52,52,0,56,66,0,0,0,False,,,0,,,,,,0,50,power_sp,
P9794,Odis,Carney,1995-11-11,77,239,Anglo,light,brown,clean_shaven,R,P,,1,RP,RP,,,,,53,,,,48,48,50,50,54,50,50,58,59,0,0,0,0,,,,,0,,,,49,50,46,53,45,54,49,63,60,0,0,0,0,False,,,0,,,,,,0,50,finesse_rp,
P1468,John,Shatswell,1998-07-23,72,247,Anglo,light,blonde,mustache,R,C,,0,,,55,49,50,52,49,50,57,53,52,48,,,,,,,,,,,,61,63,59,66,49,0,0,53,61,58,,,,,,,,,,,,False,,,0,,,,,,0,50,,spray
P3807,Jamal,Gaines,1991-02-04,74,234,African,dark,black,goatee,R,SS,,0,,,65,58,52,53,49,51,57,52,51,51,,,,,,,,,,,,60,54,49,51,49,0,0,52,45,43,,,,,,,,,,,,False,,,0,,,,,,0,50,,gap
P7409,Hassan,Prehoda,1997-12-11,78,163,Anglo,medium,blonde,beard,R,RF,,0,,,52,47,78,50,49,50,51,49,51,49,,,,,,,,,,,,52,43,77,45,49,0,0,49,54,47,,,,,,,,,,,,False,,,0,,,,,,0,50,,speed
P5436,Cedric,Allen,1989-06-15,72,211,African,medium,black,beard,R,2B,,0,,,53,47,70,54,53,48,56,50,50,53,,,,,,,,,,,,47,43,70,49,53,0,0,50,48,43,,,,,,,,,,,,False,,,0,,,,,,0,50,,speed
P3284,Carlos,Ramos,1997-06-04,77,248,Hispanic,dark,brown,clean_shaven,S,C,,0,,,49,49,50,49,52,50,54,52,51,50,,,,,,,,,,,,51,48,45,50,52,0,0,52,49,50,,,,,,,,,,,,False,,,0,,,,,,0,50,,average
P2354,Shane,Polselli,2002-01-11,75,189,Anglo,light,brown,clean_shaven,R,C,,0,,,51,58,47,51,47,53,59,50,50,50,,,,,,,,,,,,57,73,61,59,47,0,0,50,62,59,,,,,,,,,,,,False,,,0,,,,,,0,50,,power
P5350,Antonia,Eliezrie,2003-04-13,74,228,Anglo,light,black,clean_shaven,R,2B,,0,,,50,48,70,52,50,47,58,50,51,49,,,,,,,,,,,,61,57,79,66,50,0,0,50,58,59,,,,,,,,,,,,False,,,0,,,,,,0,50,,speed
P4797,Pedro,Vargas,1996-05-13,68,199,Hispanic,medium,blonde,clean_shaven,R,C,,0,,,58,59,52,51,48,50,59,50,50,52,,,,,,,,,,,,55,58,51,51,48,0,0,50,55,55,,,,,,,,,,,,False,,,0,,,,,,0,50,,gap
P7427,Fernando,Martinez,2005-11-02,72,180,Hispanic,medium,black,mustache,L,P,,1,RP,CL,,,,,55,,,,49,51,48,52,52,51,56,57,59,67,0,0,0,,,,,0,,,,70,67,72,79,78,71,82,75,75,79,0,0,0,False,,,0,,,,,,0,50,closer,
P2917,Carlos,Martinez,2007-11-09,78,166,Hispanic,medium,red,clean_shaven,L,P,,1,RP,SP,,,,,54,,,,52,49,52,50,52,48,51,62,59,62,0,54,0,,,,,68,,,,80,66,73,75,70,58,66,85,83,88,0,73,0,False,,,0,,,,,,0,50,balanced_sp,
P7977,Luis,Garcia,2005-05-20,76,170,Hispanic,medium,brown,mustache,S,P,,1,RP,CL,,,,,53,,,,49,52,52,52,52,53,52,59,0,65,0,0,0,,,,,0,,,,60,63,70,70,78,66,74,76,0,82,0,0,0,False,,,0,,,,,,0,50,closer,
P7627,Jonas,Moser,2005-04-06,76,179,Anglo,light,blonde,clean_shaven,L,P,,1,RP,SP,,,,,52,,,,52,51,50,50,52,52,52,59,61,62,0,56,0,,,,,0,,,,71,71,76,75,72,63,77,79,87,75,0,76,0,False,,,0,,,,,,0,50,finesse_sp,
P3211,Leroy,Young,2007-10-14,72,199,African,medium,black,clean_shaven,R,P,,1,RP,SP,,,,,51,,,,50,50,54,53,53,53,53,0,57,57,61,0,0,,,,,0,,,,71,76,80,76,83,69,63,0,87,79,86,0,0,False,,,0,,,,,,0,50,groundball_sp,
P2793,Percy,Harris,2006-09-23,75,224,African,dark,black,clean_shaven,R,1B,,0,,,52,56,51,49,49,51,58,53,47,50,,,,,,,,,,,,75,82,62,77,49,0,0,53,62,78,,,,,,,,,,,,False,,,0,,,,,,0,50,,balanced
P4854,Manuel,Sanchez,2007-08-16,71,227,Hispanic,light,brown,clean_shaven,R,RF,,0,,,61,52,51,51,53,50,58,49,50,53,,,,,,,,,,,,88,72,63,62,53,0,0,49,72,70,,,,,,,,,,,,False,,,0,,,,,,0,50,,spray
P1721,Luis,Sanchez,2004-12-08,72,226,Hispanic,medium,brown,clean_shaven,L,1B,,0,,,55,49,50,50,50,52,49,48,49,50,,,,,,,,,,,,83,63,65,64,50,0,0,48,70,74,,,,,,,,,,,,False,,,0,,,,,,0,50,,spray
P4822,Juan,Martinez,2006-11-19,68,178,Hispanic,dark,brown,clean_shaven,L,1B,,0,,,50,59,51,51,51,50,44,51,51,51,,,,,,,,,,,,63,88,68,64,51,0,0,51,65,81,,,,,,,,,,,,False,,,0,,,,,,0,50,,balanced
P7818,Darnell,Scott,2007-09-21,73,219,African,dark,black,clean_shaven,S,LF,1B,0,,,52,61,51,51,47,53,52,50,52,49,,,,,,,,,,,,76,84,71,65,47,0,0,50,75,71,,,,,,,,,,,,False,,,0,,,,,,0,50,,power
P2350,Rufus,White,1988-06-14,70,201,African,dark,black,mustache,R,P,,1,RP,CL,,,,,55,,,,52,50,48,53,56,50,52,0,0,65,0,0,0,,,,,0,,,,44,50,48,49,40,46,43,0,0,61,0,0,0,False,,,0,,,,,,0,50,closer,
P5545,Raul,Mendoza,1994-12-10,78,225,Hispanic,medium,brown,clean_shaven,R,P,RF,1,RP,SP,,,,,49,,,,51,50,54,50,52,50,53,0,64,60,0,0,0,,,,,0,,,,48,45,48,49,53,47,56,0,63,55,0,0,0,False,,,0,,,,,,0,50,power_sp,
P3878,Carlos,Flores,1990-02-07,76,216,Hispanic,medium,brown,mustache,R,P,,1,RP,RP,,,,,53,,,,50,52,51,53,54,53,50,60,61,0,62,0,0,,,,,0,,,,50,52,43,51,49,53,47,50,57,0,53,0,0,False,,,0,,,,,,0,50,finesse_rp,
P2765,Tyrone,Taylor,1992-09-06,78,199,African,dark,black,clean_shaven,R,P,,1,RP,SP,,,,,53,,,,48,52,53,52,53,49,53,61,0,61,61,0,0,,,,,0,,,,44,49,48,50,44,42,45,55,0,51,61,0,0,False,,,0,,,,,,0,50,groundball_sp,
P7369,Deshawn,Harris,1997-04-27,69,174,African,medium,brown,clean_shaven,R,P,,1,RP,SP,,,,,51,,,,49,52,51,51,52,50,52,60,59,59,0,57,0,,,,,0,,,,53,53,55,52,48,50,48,65,61,57,0,54,0,False,,,0,,,,,,0,50,balanced_sp,
P6205,Stanford,Sanders,2001-07-06,76,184,Anglo,light,blonde,clean_shaven,S,P,,1,RP,RP,,,,,57,,,,52,52,51,50,54,53,54,0,0,64,61,0,0,,,,,0,,,,59,59,56,61,57,58,64,0,0,76,70,0,0,False,,,0,,,,,,0,50,groundball_rp,
P7299,Leroy,King,1994-04-02,68,169,African,dark,brown,clean_shaven,R,P,,1,RP,SP,,,,,52,,,,49,50,54,50,53,50,51,0,60,62,0,0,0,,,,,0,,,,50,48,50,48,58,52,55,0,57,63,0,0,0,False,,,0,,,,,,0,50,workhorse_sp,
P8995,Tommy,Hanlon,1993-05-13,70,223,Anglo,medium,red,clean_shaven,L,P,,1,RP,CL,,,,,51,,,,48,51,49,52,54,50,56,60,60,65,0,0,0,,,,,0,,,,47,43,43,54,46,40,55,56,53,64,0,0,0,False,,,0,,,,,,0,50,closer,
P4700,Percy,Washington,1992-09-20,70,238,African,medium,black,beard,L,P,,1,RP,SP,,,,,48,,,,49,51,50,52,52,49,51,0,64,60,0,0,0,,,,,0,,,,49,48,50,52,43,42,49,0,61,54,0,0,0,False,,,0,,,,,,0,50,power_sp,
P8795,Rafael,Reyes,1988-11-12,77,197,Hispanic,medium,black,mustache,L,P,,1,RP,CL,,,,,52,,,,48,54,51,52,52,51,54,0,0,67,0,0,0,,,,,0,,,,45,46,46,42,45,41,51,0,0,61,0,0,0,False,,,0,,,,,,0,50,closer,
P2438,Fernando,Mendoza,1997-01-11,68,247,Hispanic,medium,brown,beard,R,P,,1,RP,RP,,,,,51,,,,53,51,51,51,52,52,51,58,59,65,0,0,0,,,,,0,,,,53,49,55,54,52,53,49,56,62,66,0,0,0,False,,,0,,,,,,0,50,finesse_rp,
P4158,Gregorio,Cadle,2000-04-02,78,173,Anglo,light,black,beard,R,C,,0,,,53,50,52,52,53,52,59,50,50,50,,,,,,,,,,,,66,62,57,64,53,0,0,50,58,62,,,,,,,,,,,,False,,,0,,,,,,0,50,,average
P9403,Donny,Cassity,1998-10-20,73,199,Anglo,light,brown,beard,S,1B,,0,,,48,55,54,48,52,52,53,50,51,48,,,,,,,,,,,,63,68,61,56,52,0,0,50,61,53,,,,,,,,,,,,False,,,0,,,,,,0,50,,balanced
P8901,Hector,Vasquez,1992-05-20,74,220,Hispanic,light,brown,goatee,R,2B,,0,,,59,49,51,55,54,51,56,49,49,50,,,,,,,,,,,,57,49,48,53,54,0,0,49,46,41,,,,,,,,,,,,False,,,0,,,,,,0,50,,spray
P5071,Jose,Castillo,2000-11-09,76,207,Hispanic,medium,brown,beard,R,3B,,0,,,53,50,50,52,47,51,60,48,50,50,,,,,,,,,,,,64,62,55,58,47,0,0,48,55,56,,,,,,,,,,,,False,,,0,,,,,,0,50,,gap
P2047,Cedric,Jackson,1989-05-08,69,247,African,dark,black,goatee,S,SS,,0,,,59,49,68,52,53,50,57,53,51,49,,,,,,,,,,,,49,46,66,42,53,0,0,53,49,45,,,,,,,,,,,,False,,,0,,,,,,0,50,,spray
P6808,Miguel,Ramos,1993-02-14,69,183,Hispanic,dark,blonde,goatee,L,LF,,0,,,59,53,51,51,53,49,49,48,49,53,,,,,,,,,,,,55,52,44,49,53,0,0,48,48,51,,,,,,,,,,,,False,,,0,,,,,,0,50,,spray
P5372,Jorge,Lopez,2003-06-24,69,239,Hispanic,light,black,clean_shaven,R,CF,,0,,,51,48,70,50,53,51,52,49,51,49,,,,,,,,,,,,65,60,79,56,53,0,0,49,56,58,,,,,,,,,,,,False,,,0,,,,,,0,50,,speed
P8934,Hal,Chauncey,1998-12-03,77,237,Anglo,medium,blonde,clean_shaven,R,RF,,0,,,61,67,52,50,48,51,54,49,48,52,,,,,,,,,,,,67,74,66,60,48,0,0,49,62,57,,,,,,,,,,,,False,,,0,,,,,,0,50,,gap
P2338,Jarod,Deconti,1997-06-24,78,229,Anglo,light,black,beard,R,SS,,0,,,51,49,50,51,49,52,61,49,50,49,,,,,,,,,,,,50,46,45,47,49,0,0,49,50,46,,,,,,,,,,,,False,,,0,,,,,,0,50,,balanced
P8172,Fausto,Runions,1999-12-11,71,240,Anglo,light,brown,clean_shaven,R,CF,,0,,,50,46,70,51,52,49,53,52,51,48,,,,,,,,,,,,61,60,85,59,52,0,0,52,62,62,,,,,,,,,,,,False,,,0,,,,,,0,50,,speed
P1079,Eduardo,Ortiz,1996-07-09,77,205,Hispanic,medium,black,clean_shaven,L,RF,,0,,,50,60,48,50,51,53,48,48,50,48,,,,,,,,,,,,46,57,45,46,51,0,0,48,52,49,,,,,,,,,,,,False,,,0,,,,,,0,50,,power
P3491,Tim,Wannamaker,1996-05-17,68,188,Anglo,dark,black,mustache,R,2B,,0,,,50,49,75,52,51,49,58,52,50,50,,,,,,,,,,,,48,53,72,53,51,0,0,52,55,55,,,,,,,,,,,,False,,,0,,,,,,0,50,,speed
P6036,Malik,Washington,2003-03-09,71,238,African,medium,black,mustache,R,2B,,0,,,58,51,52,54,53,51,56,52,52,49,,,,,,,,,,,,69,58,58,61,53,0,0,52,66,54,,,,,,,,,,,,False,,,0,,,,,,0,50,,spray
P9511,Antonio,Reyes,1999-10-21,68,161,Hispanic,light,brown,clean_shaven,S,LF,,0,,,50,56,49,51,48,51,56,50,51,49,,,,,,,,,,,,62,65,62,61,48,0,0,50,58,57,,,,,,,,,,,,False,,,0,,,,,,0,50,,balanced
P4283,Jermaine,Green,2000-07-11,71,192,African,dark,black,mustache,S,P,,1,RP,CL,,,,,55,,,,49,50,48,51,52,53,55,58,0,65,0,0,0,,,,,0,,,,58,56,61,63,60,67,61,64,0,78,0,0,0,False,,,0,,,,,,0,50,closer,
P6732,Malik,Jackson,1989-11-09,68,213,African,dark,brown,beard,L,P,,1,RP,RP,,,,,52,,,,53,54,50,51,52,51,54,0,0,67,0,0,0,,,,,0,,,,43,51,43,49,44,51,49,0,0,61,0,0,0,False,,,0,,,,,,0,50,power_rp,
P9440,Tyrone,White,1995-09-18,76,185,African,dark,brown,clean_shaven,R,P,,1,RP,SP,,,,,49,,,,50,51,50,51,52,49,49,63,61,0,60,0,0,,,,,0,,,,50,56,55,54,50,49,45,58,65,0,62,0,0,False,,,0,,,,,,0,50,finesse_sp,
P5142,Percy,Walker,1998-03-12,78,211,African,medium,black,beard,L,P,,1,RP,SP,,,,,51,,,,48,54,50,50,52,48,54,0,60,61,60,55,0,,,,,0,,,,54,67,55,61,61,60,63,0,69,70,73,64,0,False,,,0,,,,,,0,50,power_sp,
P7291,Percy,Young,1987-05-20,68,213,African,dark,black,mustache,L,P,,1,RP,LR,,,,,49,,,,48,49,53,50,54,49,52,0,60,0,0,0,0,,,,,0,,,,40,40,46,46,48,49,45,0,56,0,0,0,0,False,,,0,,,,,,0,50,long_relief,
P7268,Antonio,Gonzalez,1995-10-01,77,201,Hispanic,light,brown,goatee,R,P,,1,RP,RP,,,,,54,,,,51,53,48,50,52,50,53,60,0,0,61,0,0,,,,,0,,,,47,52,45,48,51,46,49,55,0,0,66,0,0,False,,,0,,,,,,0,50,groundball_rp,
P7153,Antonio,Martinez,1988-11-28,73,246,Hispanic,light,brown,beard,L,P,1B,1,RP,SP,,,,,51,,,,49,53,50,52,52,48,54,61,62,64,0,0,0,,,,,0,,,,47,44,48,50,40,48,47,61,60,56,0,0,0,False,,,0,,,,,,0,50,power_sp,
P2370,Luther,Weirauch,1987-07-08,77,200,Anglo,light,red,clean_shaven,R,LF,,0,,,54,49,51,53,52,51,57,51,49,52,,,,,,,,,,,,47,43,46,48,52,0,0,51,47,49,,,,,,,,,,,,False,,,0,,,,,,0,50,,average
P2561,Tyrone,Allen,1999-02-16,73,196,African,medium,black,clean_shaven,S,CF,,0,,,49,54,50,49,51,52,50,50,48,51,,,,,,,,,,,,62,63,64,63,51,0,0,50,57,63,,,,,,,,,,,,False,,,0,,,,,,0,50,,balanced
P4262,Darnell,Carter,1999-07-24,71,219,African,dark,black,mustache,R,CF,,0,,,54,51,52,53,50,54,52,47,51,50,,,,,,,,,,,,66,60,62,63,50,0,0,47,61,62,,,,,,,,,,,,False,,,0,,,,,,0,50,,balanced
P6945,Cedric,Walker,1998-12-08,74,233,African,dark,black,goatee,R,SS,,0,,,51,49,52,52,50,50,56,50,50,53,,,,,,,,,,,,61,63,65,67,50,0,0,50,65,67,,,,,,,,,,,,False,,,0,,,,,,0,50,,balanced
P9316,Lorenzo,Unkn,1997-01-24,78,247,Anglo,dark,brown,clean_shaven,R,C,,0,,,53,50,50,50,53,53,59,52,51,49,,,,,,,,,,,,57,50,52,49,53,0,0,52,54,47,,,,,,,,,,,,False,,,0,,,,,,0,50,,balanced
P4118,Albert,Bertagnolli,1988-02-02,70,202,Anglo,light,brown,beard,R,CF,,0,,,53,52,49,51,51,53,56,50,51,53,,,,,,,,,,,,53,51,47,42,51,0,0,50,49,50,,,,,,,,,,,,False,,,0,,,,,,0,50,,balanced
P5798,Luis,Torres,2002-03-23,77,230,Hispanic,medium,black,clean_shaven,R,3B,,0,,,64,62,49,51,47,51,60,53,49,53,,,,,,,,,,,,73,70,59,62,47,0,0,53,61,58,,,,,,,,,,,,False,,,0,,,,,,0,50,,gap
P9048,Leroy,Gaines,1989-12-20,69,205,African,dark,black,mustache,L,RF,,0,,,53,50,50,51,51,50,48,50,51,52,,,,,,,,,,,,43,43,49,47,51,0,0,50,44,44,,,,,,,,,,,,False,,,0,,,,,,0,50,,balanced
P5828,Bruno,Stimage,2005-01-31,75,210,Anglo,medium,red,clean_shaven,R,P,,1,RP,CL,,,,,55,,,,53,53,51,52,54,50,51,0,0,67,0,0,0,,,,,0,,,,72,80,68,82,65,73,74,0,0,78,0,0,0,False,,,0,,,,,,0,50,closer,
P2967,Roberto,Gonzalez,2007-09-10,68,175,Hispanic,medium,black,clean_shaven,R,P,,1,RP,SP,,,,,52,,,,50,47,52,50,52,49,51,62,60,0,0,0,0,,,,,0,,,,70,61,77,62,68,76,67,78,86,0,0,0,0,False,,,0,,,,,,0,50,finesse_sp,
P5083,Pedro,Sanchez,2004-09-23,73,170,Hispanic,light,brown,clean_shaven,R,P,,1,RP,LR,,,,,53,,,,48,49,52,51,52,51,51,58,0,66,0,0,0,,,,,0,,,,59,68,63,77,78,67,61,68,0,95,0,0,0,False,,,0,,,,,,0,50,long_relief,
P3925,Ricardo,Martinez,2007-03-28,76,221,Hispanic,medium,black,mustache,R,P,,1,RP,SP,,,,,52,,,,52,49,51,51,54,51,51,59,63,61,0,0,0,,,,,0,,,,66,69,70,68,77,66,73,78,84,81,0,0,0,False,,,0,,,,,,0,50,finesse_sp,
P1334,Fernando,Vasquez,2004-04-09,70,225,Hispanic,medium,brown,clean_shaven,L,P,,1,RP,SP,,,,,50,,,,48,51,50,53,52,52,50,0,58,0,62,0,0,,,,,0,,,,69,81,67,81,64,72,80,0,69,0,90,0,0,False,,,0,,,,,,0,50,groundball_sp,
P8208,Jorge,Vasquez,2004-05-17,68,234,Hispanic,medium,brown,clean_shaven,R,2B,,0,,,54,47,78,53,54,50,57,50,49,49,,,,,,,,,,,,68,71,96,70,54,0,0,50,79,67,,,,,,,,,,,,False,,,0,,,,,,0,50,,speed
P4342,Jermaine,Washington,2007-06-11,75,240,African,dark,black,clean_shaven,R,3B,,0,,,50,56,51,49,48,53,60,49,51,49,,,,,,,,,,,,76,84,73,71,48,0,0,49,74,78,,,,,,,,,,,,False,,,0,,,,,,0,50,,power
P9886,Francisco,Lopez,2006-11-06,76,200,Hispanic,medium,blonde,clean_shaven,R,2B,,0,,,58,51,50,54,50,51,56,53,49,48,,,,,,,,,,,,69,61,63,82,50,0,0,53,72,71,,,,,,,,,,,,False,,,0,,,,,,0,50,,spray
P9775,Eduardo,Torres,2007-03-08,70,177,Hispanic,medium,brown,goatee,R,RF,,0,,,50,57,48,49,48,51,58,51,50,50,,,,,,,,,,,,70,79,69,64,48,0,0,51,63,63,,,,,,,,,,,,False,,,0,,,,,,0,50,,power
P1869,Kendrick,Denogean,2007-09-04,74,168,Anglo,medium,red,beard,R,CF,,0,,,49,51,51,50,49,52,51,50,48,49,,,,,,,,,,,,59,77,68,60,49,0,0,50,59,70,,,,,,,,,,,,False,,,0,,,,,,0,50,,average
P6264,Asa,Marchell,1990-04-12,71,193,Anglo,light,brown,mustache,L,P,,1,RP,CL,,,,,55,,,,49,54,50,52,52,50,54,60,62,65,0,0,0,,,,,0,,,,41,50,51,50,42,49,54,54,59,62,0,0,0,False,,,0,,,,,,0,50,closer,
P5414,Darnell,Baker,1991-12-17,75,162,African,dark,brown,goatee,R,P,,1,RP,SP,,,,,51,,,,50,50,51,51,52,50,53,59,59,0,0,0,0,,,,,0,,,,47,45,42,52,45,41,43,49,54,0,0,0,0,False,,,0,,,,,,0,50,workhorse_sp,
P6980,Juan,Torres,1990-04-29,75,240,Hispanic,medium,black,clean_shaven,R,P,,1,RP,RP,,,,,51,,,,51,53,50,50,54,51,54,0,63,0,0,0,0,,,,,0,,,,46,50,48,51,46,51,51,0,55,0,0,0,0,False,,,0,,,,,,0,50,power_rp,
P3749,Tyrone,Baker,2004-03-03,70,239,African,dark,black,beard,R,P,,1,RP,RP,,,,,54,,,,51,50,50,53,52,53,50,59,60,0,62,0,0,,,,,0,,,,74,68,70,62,73,72,69,80,77,0,84,0,0,False,,,0,,,,,,0,50,groundball_rp,
P1775,Deshawn,Baker,2005-01-13,71,245,African,light,brown,mustache,R,P,,1,RP,RP,,,,,53,,,,50,49,52,50,53,50,53,0,0,0,64,0,0,,,,,0,,,,74,63,70,65,81,66,67,0,0,0,78,0,0,False,,,0,,,,,,0,50,groundball_rp,
P7215,Fernando,Gomez,1995-01-29,72,241,Hispanic,dark,brown,beard,R,P,,1,RP,RP,,,,,49,,,,51,49,48,51,52,52,50,61,0,0,0,0,0,,,,,0,,,,55,45,52,49,49,55,52,61,0,0,0,0,0,False,,,0,,,,,,0,50,finesse_rp,
P8128,Jorge,Ortiz,2004-05-30,77,224,Hispanic,medium,black,clean_shaven,L,P,,1,RP,SP,,,,,51,,,,52,49,50,51,52,53,53,62,62,0,61,0,0,,,,,0,,,,73,69,80,79,80,77,78,88,89,0,82,0,0,False,,,0,,,,,,0,50,finesse_sp,
P6347,Anderson,Molinski,1999-08-15,69,230,Anglo,dark,black,clean_shaven,L,P,,1,RP,LR,,,,,54,,,,50,50,53,53,52,53,52,61,58,66,0,0,0,,,,,0,,,,64,64,58,65,66,59,67,68,72,79,0,0,0,False,,,0,,,,,,0,50,long_relief,
P9844,Malik,Scott,1997-08-09,69,230,African,medium,black,beard,R,P,,1,RP,SP,,,,,52,,,,50,49,53,52,54,48,49,60,61,61,57,0,0,,,,,0,,,,54,47,53,50,50,44,54,57,65,65,59,0,0,False,,,0,,,,,,0,50,balanced_sp,
P7231,Rocco,Guidrey,1989-12-10,71,169,Anglo,light,brown,mustache,L,P,,1,RP,SP,,,,,48,,,,52,51,53,52,52,49,55,0,59,61,0,54,0,,,,,0,,,,52,48,47,51,45,42,45,0,53,57,0,50,0,False,,,0,,,,,,0,50,power_sp,
P9086,Jamal,Harris,1996-09-16,74,182,African,medium,brown,clean_shaven,R,P,,1,RP,LR,,,,,53,,,,49,49,51,51,52,49,52,59,58,65,0,0,0,,,,,0,,,,54,51,56,48,46,49,50,56,53,67,0,0,0,False,,,0,,,,,,0,50,long_relief,
P8158,Cedric,Mitchell,2004-10-04,72,214,African,dark,black,mustache,S,C,,0,,,54,53,51,52,49,48,51,53,49,48,,,,,,,,,,,,64,71,79,68,49,0,0,53,66,76,,,,,,,,,,,,False,,,0,,,,,,0,50,,gap
P6497,Anton,Wraight,2000-03-20,77,224,Anglo,light,brown,clean_shaven,S,1B,,0,,,52,64,51,52,51,52,49,52,52,48,,,,,,,,,,,,59,74,58,58,51,0,0,52,61,62,,,,,,,,,,,,False,,,0,,,,,,0,50,,power
P2147,Werner,Canzoneri,1996-02-20,71,213,Anglo,medium,brown,clean_shaven,R,2B,,0,,,59,49,52,56,50,49,56,52,48,53,,,,,,,,,,,,57,54,52,60,50,0,0,52,44,54,,,,,,,,,,,,False,,,0,,,,,,0,50,,spray
P7016,Jorge,Gonzalez,1993-08-19,78,232,Hispanic,dark,black,clean_shaven,R,3B,,0,,,49,50,48,52,49,48,56,52,48,50,,,,,,,,,,,,42,47,41,44,49,0,0,52,42,44,,,,,,,,,,,,False,,,0,,,,,,0,50,,balanced
P6969,Man,Gabaree,1996-10-30,69,241,Anglo,light,black,beard,R,SS,,0,,,53,51,49,50,52,52,60,51,53,48,,,,,,,,,,,,58,50,48,47,52,0,0,51,48,47,,,,,,,,,,,,False,,,0,,,,,,0,50,,balanced
P7752,Malik,King,1990-08-02,71,250,African,medium,black,goatee,R,LF,,0,,,51,59,51,52,48,54,56,52,49,53,,,,,,,,,,,,41,49,50,45,48,0,0,52,45,45,,,,,,,,,,,,False,,,0,,,,,,0,50,,power
P2068,Colin,Suben,2004-05-12,70,212,Anglo,dark,blonde,clean_shaven,R,CF,,0,,,54,51,70,53,51,51,52,47,49,49,,,,,,,,,,,,72,65,83,69,51,0,0,47,65,62,,,,,,,,,,,,False,,,0,,,,,,0,50,,speed
P4651,Alejandro,Cruz,2004-03-21,71,218,Hispanic,medium,brown,clean_shaven,L,RF,,0,,,52,49,52,51,50,49,47,49,50,49,,,,,,,,,,,,63,71,63,64,50,0,0,49,79,76,,,,,,,,,,,,False,,,0,,,,,,0,50,,average
P7439,Lanny,Sonkin,1997-06-08,72,239,Anglo,medium,black,beard,L,C,,0,,,51,50,48,50,50,52,50,48,53,50,,,,,,,,,,,,56,55,44,45,50,0,0,48,57,55,,,,,,,,,,,,False,,,0,,,,,,0,50,,average
P2290,Miguel,Flores,1996-02-21,72,247,Hispanic,medium,black,beard,R,C,,0,,,64,53,51,53,52,48,54,52,50,48,,,,,,,,,,,,59,52,46,49,52,0,0,52,48,43,,,,,,,,,,,,False,,,0,,,,,,0,50,,spray
P3552,Xavier,Harris,2001-11-04,69,170,African,dark,black,mustache,R,3B,RF,0,,,52,48,50,50,50,49,60,49,49,48,,,,,,,,,,,,57,54,62,62,50,0,0,49,55,55,,,,,,,,,,,,False,,,0,,,,,,0,50,,average
P2441,Rafael,Sanchez,1993-08-09,77,184,Hispanic,light,brown,clean_shaven,S,CF,,0,,,50,50,52,51,49,53,48,49,49,50,,,,,,,,,,,,44,47,50,43,49,0,0,49,41,49,,,,,,,,,,,,False,,,0,,,,,,0,50,,average
P2584,Jamal,Taylor,1992-05-11,78,183,African,dark,black,beard,R,CF,,0,,,54,50,52,50,51,49,50,49,48,49,,,,,,,,,,,,52,41,43,49,51,0,0,49,40,49,,,,,,,,,,,,False,,,0,,,,,,0,50,,balanced
P9969,Jewel,Nesseth,1997-05-13,72,220,Anglo,medium,blonde,beard,L,LF,,0,,,51,52,49,52,49,48,51,52,51,48,,,,,,,,,,,,56,48,53,55,49,0,0,52,52,53,,,,,,,,,,,,False,,,0,,,,,,0,50,,average
P2037,Roberto,Vargas,1987-04-10,74,207,Hispanic,light,brown,beard,L,P,,1,RP,CL,,,,,55,,,,53,50,49,50,52,51,55,0,60,65,0,0,0,,,,,0,,,,51,43,40,44,46,50,48,0,59,64,0,0,0,False,,,0,,,,,,0,50,closer,
P7929,Hector,Rodriguez,1989-08-28,73,245,Hispanic,light,brown,mustache,R,P,,1,RP,RP,,,,,49,,,,50,53,51,53,53,50,53,0,60,0,0,0,0,,,,,0,,,,50,49,43,53,50,42,49,0,53,0,0,0,0,False,,,0,,,,,,0,50,finesse_rp,
P3741,Pedro,Garcia,1996-08-13,69,209,Hispanic,medium,brown,clean_shaven,L,P,,1,RP,RP,,,,,53,,,,50,52,53,52,52,52,51,60,60,0,62,0,0,,,,,0,,,,54,48,54,54,52,51,49,56,61,0,62,0,0,False,,,0,,,,,,0,50,groundball_rp,
P4068,Raul,Delgado,1999-05-30,69,162,Hispanic,light,black,clean_shaven,R,P,,1,RP,SP,,,,,48,,,,50,52,50,50,52,50,52,62,60,61,58,0,0,,,,,0,,,,57,66,62,61,60,64,64,68,71,72,67,0,0,False,,,0,,,,,,0,50,workhorse_sp,
P7582,Malik,Carter,1999-04-17,76,227,African,medium,black,beard,R,P,,1,RP,LR,,,,,50,,,,48,51,52,51,52,49,50,57,58,64,0,0,0,,,,,0,,,,62,57,62,61,59,64,65,68,71,71,0,0,0,False,,,0,,,,,,0,50,long_relief,
P7062,Darnell,White,1990-08-28,68,160,African,dark,brown,mustache,R,P,,1,RP,RP,,,,,56,,,,49,53,50,50,52,51,50,57,0,0,59,0,0,,,,,0,,,,44,49,40,50,50,43,45,50,0,0,50,0,0,False,,,0,,,,,,0,50,groundball_rp,
P8992,Reed,Hohiudden,1993-08-17,72,215,Anglo,light,brown,goatee,R,P,,1,RP,RP,,,,,55,,,,52,51,50,53,52,51,52,0,0,67,64,0,0,,,,,0,,,,43,46,50,47,46,42,52,0,0,62,58,0,0,False,,,0,,,,,,0,50,groundball_rp,
P5669,Juan,Guerrero,1993-04-06,77,236,Hispanic,dark,blonde,clean_shaven,L,1B,,0,,,51,58,49,50,51,51,48,51,51,51,,,,,,,,,,,,51,52,46,48,51,0,0,51,50,41,,,,,,,,,,,,False,,,0,,,,,,0,50,,balanced
P9799,Fernando,Torres,2002-05-11,69,218,Hispanic,medium,brown,mustache,L,3B,RF,0,,,53,49,51,52,50,53,49,50,51,50,,,,,,,,,,,,67,56,62,58,50,0,0,50,64,58,,,,,,,,,,,,False,,,0,,,,,,0,50,,balanced
P7475,Darnell,Jackson,1993-12-10,77,185,African,dark,black,clean_shaven,L,RF,,0,,,48,50,51,49,50,48,46,47,50,53,,,,,,,,,,,,45,50,42,41,50,0,0,47,48,43,,,,,,,,,,,,False,,,0,,,,,,0,50,,average
P1658,Todd,Andreoni,1996-12-29,76,195,Anglo,light,blonde,beard,R,C,,0,,,53,53,47,52,49,53,55,48,50,49,,,,,,,,,,,,55,57,49,52,49,0,0,48,52,54,,,,,,,,,,,,False,,,0,,,,,,0,50,,average
P8819,Jose,Gomez,2002-10-26,71,239,Hispanic,medium,black,mustache,R,CF,,0,,,60,51,50,51,50,48,54,48,48,52,,,,,,,,,,,,66,57,62,57,50,0,0,48,60,59,,,,,,,,,,,,False,,,0,,,,,,0,50,,spray
P1733,Malik,Harris,2004-07-11,72,238,African,dark,black,mustache,L,LF,,0,,,54,49,52,50,51,50,48,49,52,50,,,,,,,,,,,,72,68,80,78,51,0,0,49,79,60,,,,,,,,,,,,False,,,0,,,,,,0,50,,balanced
P6984,Terence,Sossamon,1995-12-15,70,201,Anglo,light,black,clean_shaven,R,3B,LF,0,,,49,48,50,50,52,50,60,51,49,49,,,,,,,,,,,,48,47,51,47,52,0,0,51,46,49,,,,,,,,,,,,False,,,0,,,,,,0,50,,average
P9983,Juan,Castillo,1992-11-22,69,240,Hispanic,light,black,goatee,R,1B,,0,,,51,52,53,50,52,49,53,53,48,48,,,,,,,,,,,,41,47,45,42,52,0,0,53,38,44,,,,,,,,,,,,False,,,0,,,,,,0,50,,balanced
P2713,Cornell,Hubbell,2005-05-24,73,214,Anglo,light,red,clean_shaven,S,P,,1,RP,CL,,,,,55,,,,51,53,50,50,52,53,54,58,0,66,0,0,0,,,,,0,,,,69,76,71,68,64,66,72,78,0,94,0,0,0,False,,,0,,,,,,0,50,closer,
P4727,Tyrone,Carter,2007-06-27,75,196,African,medium,brown,clean_shaven,L,P,,1,RP,RP,,,,,50,,,,52,50,48,50,54,52,52,0,62,0,0,0,0,,,,,0,,,,71,63,61,77,73,81,75,0,75,0,0,0,0,False,,,0,,,,,,0,50,power_rp,
P9016,Ricardo,Garcia,2004-06-26,74,203,Hispanic,medium,brown,clean_shaven,L,P,,1,RP,RP,,,,,49,,,,50,53,49,51,52,51,53,0,59,65,0,0,0,,,,,0,,,,62,65,71,75,71,81,71,0,87,76,0,0,0,False,,,0,,,,,,0,50,power_rp,
P6714,Darnell,Walker,2004-04-21,68,212,African,medium,black,clean_shaven,R,P,,1,RP,RP,,,,,53,,,,50,53,51,50,52,51,52,0,59,0,0,0,0,,,,,0,,,,67,79,68,75,69,74,75,0,77,0,0,0,0,False,,,0,,,,,,0,50,power_rp,
P3954,Percy,Jackson,2007-10-20,69,181,African,medium,brown,clean_shaven,R,P,,1,RP,RP,,,,,51,,,,50,53,49,51,54,49,56,0,0,66,0,0,0,,,,,0,,,,65,68,67,80,64,62,76,0,0,91,0,0,0,False,,,0,,,,,,0,50,power_rp,
P8145,Anderson,Wieben,2006-05-29,74,192,Anglo,light,black,clean_shaven,R,3B,,0,,,52,62,50,52,50,53,57,53,48,52,,,,,,,,,,,,73,84,76,69,50,0,0,53,71,82,,,,,,,,,,,,False,,,0,,,,,,0,50,,power
P4448,Ricardo,Vasquez,2005-09-09,74,167,Hispanic,light,brown,beard,S,LF,,0,,,50,63,50,51,51,51,53,49,52,50,,,,,,,,,,,,68,82,72,80,51,0,0,49,66,63,,,,,,,,,,,,False,,,0,,,,,,0,50,,power
P7360,Jose,Torres,2005-10-31,76,182,Hispanic,medium,brown,beard,R,LF,,0,,,52,52,52,51,48,50,55,50,49,51,,,,,,,,,,,,73,72,81,75,48,0,0,50,59,80,,,,,,,,,,,,False,,,0,,,,,,0,50,,average
P7577,Andre,Ghrist,2006-05-02,68,180,Anglo,light,black,clean_shaven,L,CF,,0,,,50,49,51,49,53,52,45,47,48,52,,,,,,,,,,,,61,66,66,72,53,0,0,47,75,80,,,,,,,,,,,,False,,,0,,,,,,0,50,,average
P3510,Malik,Baker,2006-04-30,70,190,African,dark,brown,clean_shaven,R,LF,,0,,,51,50,50,52,52,53,59,51,51,49,,,,,,,,,,,,79,64,68,80,52,0,0,51,64,75,,,,,,,,,,,,False,,,0,,,,,,0,50,,average
P7270,Chauncey,Wyles,1998-01-03,71,211,Anglo,medium,blonde,clean_shaven,L,P,,1,RP,CL,,,,,55,,,,51,52,51,50,52,53,52,58,59,65,0,0,0,,,,,0,,,,51,50,50,48,49,50,57,60,57,62,0,0,0,False,,,0,,,,,,0,50,closer,
P5867,Malik,White,2004-03-18,73,233,African,dark,black,clean_shaven,S,P,,1,RP,RP,,,,,50,,,,49,50,49,50,52,53,48,0,60,0,0,0,0,,,,,0,,,,79,78,76,67,63,75,65,0,86,0,0,0,0,False,,,0,,,,,,0,50,finesse_rp,
P5988,Eduardo,Garcia,1994-08-02,75,214,Hispanic,medium,blonde,beard,L,P,,1,RP,SP,,,,,48,,,,49,51,51,52,52,48,52,61,0,63,0,0,0,,,,,0,,,,47,53,49,57,46,52,48,63,0,60,0,0,0,False,,,0,,,,,,0,50,workhorse_sp,
P3484,Abraham,Slane,2004-08-29,73,187,Anglo,light,black,clean_shaven,L,P,,1,RP,SP,,,,,48,,,,48,51,51,50,52,51,51,59,63,62,0,53,0,,,,,0,,,,70,63,66,71,69,67,65,87,92,89,0,78,0,False,,,0,,,,,,0,50,workhorse_sp,
P9882,James,Curro,2000-08-04,75,173,Anglo,light,brown,beard,L,P,,1,RP,RP,,,,,49,,,,50,53,52,50,52,52,52,59,61,63,0,0,0,,,,,0,,,,62,66,65,58,62,57,60,72,73,78,0,0,0,False,,,0,,,,,,0,50,power_rp,
P9653,Juan,Sanchez,2001-09-12,70,184,Hispanic,medium,brown,clean_shaven,R,P,,1,RP,SP,,,,,52,,,,51,52,50,50,52,50,49,60,59,58,0,0,0,,,,,0,,,,66,57,61,61,63,57,59,73,70,68,0,0,0,False,,,0,,,,,,0,50,workhorse_sp,
P6786,Jamal,Jefferson,1997-03-01,75,211,African,medium,black,clean_shaven,L,P,,1,RP,SP,,,,,49,,,,50,52,51,53,52,52,51,0,64,63,0,0,0,,,,,0,,,,49,49,56,49,47,53,49,0,60,62,0,0,0,False,,,0,,,,,,0,50,power_sp,
P6271,Clemente,Binner,1991-04-01,73,243,Anglo,light,black,clean_shaven,R,P,,1,RP,SP,,,,,50,,,,52,49,52,51,52,51,52,61,62,62,0,54,0,,,,,0,,,,51,48,46,49,51,42,43,60,62,60,0,52,0,False,,,0,,,,,,0,50,balanced_sp,
P3617,Carol,Gosney,1990-02-16,78,188,Anglo,medium,black,beard,R,P,,1,RP,RP,,,,,51,,,,52,53,52,50,54,51,53,0,63,0,0,0,0,,,,,0,,,,42,43,48,44,42,45,45,0,60,0,0,0,0,False,,,0,,,,,,0,50,finesse_rp,
P4673,Fernando,Garcia,1998-06-16,68,174,Hispanic,light,black,clean_shaven,L,P,,1,RP,SP,,,,,54,,,,51,50,50,52,54,51,50,61,0,0,60,0,0,,,,,0,,,,64,63,58,59,59,60,58,66,0,0,73,0,0,False,,,0,,,,,,0,50,groundball_sp,
P4842,Rufus,Green,1998-12-24,69,212,African,dark,brown,beard,L,P,,1,RP,SP,,,,,51,,,,51,51,53,50,52,52,53,59,63,59,57,0,0,,,,,0,,,,61,56,55,66,62,57,60,66,70,67,68,0,0,False,,,0,,,,,,0,50,balanced_sp,
P4652,Marcelo,Rubulcaba,1992-08-09,74,248,Anglo,medium,brown,mustache,L,C,,0,,,54,50,51,50,52,49,51,50,50,50,,,,,,,,,,,,49,48,48,42,52,0,0,50,45,49,,,,,,,,,,,,False,,,0,,,,,,0,50,,gap
P8316,Will,Wiegard,2002-07-28,76,209,Anglo,light,black,goatee,R,1B,,0,,,52,51,51,50,51,51,51,49,52,48,,,,,,,,,,,,64,59,64,59,51,0,0,49,61,59,,,,,,,,,,,,False,,,0,,,,,,0,50,,average
P3842,Ricardo,Vargas,1997-05-30,72,190,Hispanic,medium,brown,goatee,S,2B,,0,,,51,53,48,51,49,50,51,48,52,53,,,,,,,,,,,,49,55,45,46,49,0,0,48,55,48,,,,,,,,,,,,False,,,0,,,,,,0,50,,balanced
P2618,Pedro,Martinez,2004-10-14,69,222,Hispanic,medium,brown,clean_shaven,R,3B,,0,,,52,62,48,50,50,51,55,48,51,51,,,,,,,,,,,,80,76,68,64,50,0,0,48,72,65,,,,,,,,,,,,False,,,0,,,,,,0,50,,power
P6820,Jorge,Hernandez,1987-07-10,71,167,Hispanic,medium,brown,clean_shaven,R,SS,,0,,,58,49,54,50,53,47,60,49,48,52,,,,,,,,,,,,52,46,54,49,53,0,0,49,48,42,,,,,,,,,,,,False,,,0,,,,,,0,50,,spray
P5995,Percy,Taylor,1996-12-12,76,168,African,dark,black,mustache,R,LF,,0,,,54,51,70,53,53,51,58,49,53,51,,,,,,,,,,,,50,49,70,50,53,0,0,49,51,56,,,,,,,,,,,,False,,,0,,,,,,0,50,,speed
P8786,Roberto,Hernandez,1994-06-18,71,173,Hispanic,medium,black,clean_shaven,L,CF,,0,,,51,51,53,51,52,54,46,51,48,51,,,,,,,,,,,,54,48,50,51,52,0,0,51,52,55,,,,,,,,,,,,False,,,0,,,,,,0,50,,average
P5689,Hector,Lopez,1997-05-01,72,192,Hispanic,dark,brown,goatee,R,RF,,0,,,58,50,53,50,52,49,52,51,51,51,,,,,,,,,,,,62,55,56,50,52,0,0,51,54,46,,,,,,,,,,,,False,,,0,,,,,,0,50,,spray
P2025,Erin,Tencer,1996-01-26,71,214,Anglo,medium,blonde,clean_shaven,R,1B,,0,,,50,61,48,49,50,52,54,50,52,49,,,,,,,,,,,,55,59,43,46,50,0,0,50,53,46,,,,,,,,,,,,False,,,0,,,,,,0,50,,power
P9313,Deshawn,Scott,2003-03-23,68,168,African,dark,black,clean_shaven,L,SS,,0,,,52,50,80,50,51,47,48,50,47,50,,,,,,,,,,,,62,61,86,58,51,0,0,50,56,56,,,,,,,,,,,,False,,,0,,,,,,0,50,,speed
P3836,Fernando,Castillo,2004-09-18,77,227,Hispanic,light,black,clean_shaven,R,RF,,0,,,51,63,48,50,48,50,55,49,53,50,,,,,,,,,,,,73,87,64,78,48,0,0,49,70,66,,,,,,,,,,,,False,,,0,,,,,,0,50,,power
P3250,Malik,Jefferson,1992-12-17,72,232,African,dark,brown,clean_shaven,R,1B,,0,,,49,63,52,50,47,52,55,53,50,52,,,,,,,,,,,,42,63,47,41,47,0,0,53,40,52,,,,,,,,,,,,False,,,0,,,,,,0,50,,power
P5901,Jose,Gonzalez,1995-12-27,71,236,Hispanic,medium,black,goatee,L,C,,0,,,52,54,51,49,52,49,51,51,51,50,,,,,,,,,,,,49,59,47,48,52,0,0,51,49,50,,,,,,,,,,,,False,,,0,,,,,,0,50,,balanced
P3725,Hector,Reyes,2001-10-27,71,223,Hispanic,dark,blonde,clean_shaven,L,1B,,0,,,50,55,49,49,49,53,48,49,48,50,,,,,,,,,,,,65,60,56,58,49,0,0,49,59,59,,,,,,,,,,,,False,,,0,,,,,,0,50,,average
P9047,Eduardo,Vasquez,1997-06-15,75,245,Hispanic,light,black,mustache,R,P,,1,RP,CL,,,,,55,,,,52,54,51,52,52,51,56,56,0,65,0,0,0,,,,,0,,,,56,52,53,47,48,52,53,57,0,60,0,0,0,False,,,0,,,,,,0,50,closer,
P2401,Cyrus,Humpal,1987-11-05,77,218,Anglo,light,blonde,clean_shaven,R,P,,1,RP,SP,,,,,50,,,,48,53,49,53,52,49,52,60,0,61,0,0,0,,,,,0,,,,48,45,51,52,49,42,46,59,0,51,0,0,0,False,,,0,,,,,,0,50,balanced_sp,
P5704,Tyrone,Walker,1989-10-09,69,222,African,dark,black,beard,L,P,,1,RP,RP,,,,,53,,,,49,52,51,53,52,49,51,58,0,0,0,0,0,,,,,0,,,,46,49,45,48,44,44,49,52,0,0,0,0,0,False,,,0,,,,,,0,50,finesse_rp,
P5777,Manuel,Vargas,2003-12-17,76,229,Hispanic,medium,brown,clean_shaven,S,P,,1,RP,RP,,,,,54,,,,48,48,48,52,52,50,53,58,0,0,61,0,0,,,,,0,,,,61,58,67,60,59,56,68,65,0,0,67,0,0,False,,,0,,,,,,0,50,groundball_rp,
P7023,Ricardo,Ortiz,1997-08-31,69,229,Hispanic,medium,brown,beard,R,P,,1,RP,SP,,,,,53,,,,49,51,51,50,53,50,53,0,62,0,60,0,0,,,,,0,,,,51,51,52,58,55,51,50,0,59,0,65,0,0,False,,,0,,,,,,0,50,groundball_sp,
P8204,Jermaine,Allen,1998-05-17,75,172,African,dark,black,beard,R,P,,1,RP,SP,,,,,53,,,,50,51,54,50,53,50,51,59,62,58,0,0,0,,,,,0,,,,57,63,61,65,61,65,58,68,70,66,0,0,0,False,,,0,,,,,,0,50,balanced_sp,
P6814,Clifford,Sandoral,1993-03-27,73,189,Anglo,light,blonde,clean_shaven,L,P,,1,RP,RP,,,,,53,,,,52,52,48,50,53,53,52,0,0,0,62,0,0,,,,,0,,,,44,46,46,47,42,49,46,0,0,0,52,0,0,False,,,0,,,,,,0,50,groundball_rp,
P1575,Fausto,Cummer,1992-10-03,78,208,Anglo,dark,brown,beard,L,RF,,0,,,54,51,51,53,51,50,45,49,50,49,,,,,,,,,,,,52,50,46,53,51,0,0,49,48,40,,,,,,,,,,,,False,,,0,,,,,,0,50,,balanced
P6464,Dion,Groshek,1998-10-26,69,216,Anglo,light,black,beard,L,1B,,0,,,48,61,48,48,51,49,48,49,48,49,,,,,,,,,,,,63,76,54,55,51,0,0,49,58,58,,,,,,,,,,,,False,,,0,,,,,,0,50,,power
P7256,Francisco,Perez,1996-05-05,75,216,Hispanic,light,black,clean_shaven,R,C,,0,,,52,62,49,51,48,50,60,50,49,50,,,,,,,,,,,,51,67,49,53,48,0,0,50,50,50,,,,,,,,,,,,False,,,0,,,,,,0,50,,power
P5825,Darnell,Mitchell,2005-01-01,72,227,African,light,black,clean_shaven,L,C,,0,,,50,51,52,51,49,50,48,51,51,49,,,,,,,,,,,,63,67,66,76,49,0,0,51,73,61,,,,,,,,,,,,False,,,0,,,,,,0,50,,average
P7185,Luis,Ramirez,1995-07-17,70,237,Hispanic,light,brown,mustache,R,RF,,0,,,55,50,91,52,53,48,55,51,50,54,,,,,,,,,,,,56,54,93,56,53,0,0,51,51,57,,,,,,,,,,,,False,,,0,,,,,,0,50,,elite_speed
P8584,Fred,Bienvenu,2003-01-03,72,231,Anglo,light,blonde,beard,R,C,,0,,,53,52,83,54,52,48,58,51,52,48,,,,,,,,,,,,65,64,93,69,52,0,0,51,67,61,,,,,,,,,,,,False,,,0,,,,,,0,50,,speed
P1325,Roberto,Cruz,1989-06-02,70,217,Hispanic,dark,brown,beard,S,CF,,0,,,61,51,52,53,53,48,50,48,52,51,,,,,,,,,,,,57,45,47,46,53,0,0,48,43,50,,,,,,,,,,,,False,,,0,,,,,,0,50,,spray
P9850,Johnnie,Kinaj,1993-04-17,77,249,Anglo,light,brown,clean_shaven,R,C,,0,,,64,52,52,52,52,46,57,50,52,50,,,,,,,,,,,,61,44,42,51,52,0,0,50,43,49,,,,,,,,,,,,False,,,0,,,,,,0,50,,spray
P6181,Keith,Postuci,2005-11-09,70,188,Anglo,light,blonde,beard,L,P,,1,RP,CL,,,,,55,,,,50,50,51,53,57,49,55,0,60,65,0,0,0,,,,,0,,,,62,68,77,75,66,68,68,0,90,79,0,0,0,False,,,0,,,,,,0,50,closer,
P9670,Agustin,Barillaro,2006-01-07,72,240,Anglo,light,brown,clean_shaven,L,P,,1,RP,RP,,,,,49,,,,52,51,51,50,53,50,54,0,0,63,0,0,0,,,,,0,,,,71,70,78,67,73,67,82,0,0,91,0,0,0,False,,,0,,,,,,0,50,power_rp,
P8446,Laurence,Camus,2005-09-02,77,231,Anglo,medium,black,beard,S,P,,1,RP,SP,,,,,51,,,,48,53,53,53,52,48,52,62,62,62,0,57,0,,,,,0,,,,70,76,77,70,80,61,77,87,83,83,0,72,0,False,,,0,,,,,,0,50,balanced_sp,
P4609,Gerald,Gangestad,2004-05-10,78,162,Anglo,medium,blonde,clean_shaven,R,P,,1,RP,SP,,,,,52,,,,51,51,54,53,52,51,50,62,63,0,0,0,0,,,,,0,,,,69,65,82,79,68,79,77,80,92,0,0,0,0,False,,,0,,,,,,0,50,finesse_sp,
P3563,Juan,Perez,2005-02-13,73,218,Hispanic,light,black,clean_shaven,S,P,,1,RP,RP,,,,,53,,,,50,49,49,52,52,50,51,58,61,67,0,0,0,,,,,0,,,,79,69,74,80,72,76,65,69,76,89,0,0,0,False,,,0,,,,,,0,50,finesse_rp,
P6846,Leroy,Carter,2004-10-15,75,246,African,dark,black,clean_shaven,R,3B,,0,,,63,52,53,52,51,47,55,52,49,50,,,,,,,,,,,,91,70,67,63,51,0,0,52,74,76,,,,,,,,,,,,False,,,0,,,,,,0,50,,spray
P3023,Miguel,Cruz,2004-03-23,73,182,Hispanic,medium,brown,clean_shaven,R,SS,,0,,,65,58,51,53,48,50,61,53,52,50,,,,,,,,,,,,93,69,81,74,48,0,0,53,75,72,,,,,,,,,,,,False,,,0,,,,,,0,50,,gap
P5374,Cedric,Young,2006-08-05,76,231,African,dark,black,clean_shaven,R,1B,,0,,,50,64,51,49,51,54,58,48,49,49,,,,,,,,,,,,65,74,81,72,51,0,0,48,59,72,,,,,,,,,,,,False,,,0,,,,,,0,50,,power
P4459,Darnell,Green,2007-04-19,75,245,African,dark,black,mustache,S,1B,,0,,,50,59,52,49,51,52,52,49,51,48,,,,,,,,,,,,73,84,79,69,51,0,0,49,69,62,,,,,,,,,,,,False,,,0,,,,,,0,50,,power
P8357,Gail,Vickery,2007-10-20,69,248,Anglo,dark,brown,clean_shaven,S,2B,,0,,,60,52,48,56,50,48,55,53,53,49,,,,,,,,,,,,79,72,58,74,50,0,0,53,79,71,,,,,,,,,,,,False,,,0,,,,,,0,50,,spray
P8265,Hector,Flores,1994-07-17,77,225,Hispanic,medium,black,clean_shaven,S,P,,1,RP,CL,,,,,55,,,,48,54,50,50,54,52,52,0,0,65,0,0,0,,,,,0,,,,43,54,55,57,52,47,48,0,0,67,0,0,0,False,,,0,,,,,,0,50,closer,
P4377,Darnell,Jefferson,1997-12-28,76,234,African,dark,black,beard,R,P,,1,RP,SP,,,,,51,,,,50,50,52,53,52,49,49,59,63,60,0,0,0,,,,,0,,,,50,55,54,55,48,54,50,55,63,58,0,0,0,False,,,0,,,,,,0,50,workhorse_sp,
P2110,Carol,Warncke,1993-05-30,76,192,Anglo,dark,blonde,beard,R,P,,1,RP,SP,,,,,50,,,,50,50,50,52,52,48,49,59,59,60,58,0,0,,,,,0,,,,49,40,49,52,50,48,40,55,54,50,51,0,0,False,,,0,,,,,,0,50,groundball_sp,
P6852,Malik,Gaines,1987-03-06,68,239,African,dark,black,clean_shaven,R,P,,1,RP,RP,,,,,50,,,,49,51,48,51,52,50,52,58,60,0,0,0,0,,,,,0,,,,46,45,47,45,44,43,51,53,52,0,0,0,0,False,,,0,,,,,,0,50,finesse_rp,
P1864,Roberto,Morales,2001-01-16,76,222,Hispanic,medium,black,goatee,R,P,,1,RP,RP,,,,,48,,,,52,50,48,50,52,52,55,59,63,66,0,0,0,,,,,0,,,,60,60,64,67,61,64,63,65,69,73,0,0,0,False,,,0,,,,,,0,50,power_rp,
P8218,Alejandro,Lopez,1994-07-15,73,169,Hispanic,medium,brown,mustache,R,P,,1,RP,RP,,,,,56,,,,50,53,52,53,52,53,51,56,0,67,60,0,0,,,,,0,,,,55,49,52,54,48,56,46,51,0,68,61,0,0,False,,,0,,,,,,0,50,groundball_rp,
P3906,Xavier,King,2004-10-05,69,214,African,dark,black,clean_shaven,R,P,,1,RP,RP,,,,,53,,,,51,52,48,52,53,53,52,0,0,0,62,0,0,,,,,0,,,,76,80,68,82,71,78,62,0,0,0,81,0,0,False,,,0,,,,,,0,50,groundball_rp,
P7761,Malik,Taylor,1987-09-28,71,214,African,light,black,clean_shaven,S,P,,1,RP,SP,,,,,52,,,,48,48,52,54,54,50,50,61,60,59,0,57,0,,,,,0,,,,46,38,53,54,45,49,42,58,52,52,0,56,0,False,,,0,,,,,,0,50,finesse_sp,
P2279,Deandre,Eshlerman,2004-11-11,75,215,Anglo,medium,blonde,clean_shaven,R,P,,1,RP,RP,,,,,49,,,,47,48,49,50,53,49,48,58,63,67,0,0,0,,,,,0,,,,58,70,69,70,71,66,69,70,88,87,0,0,0,False,,,0,,,,,,0,50,finesse_rp,
P4185,Rufus,Walker,1994-03-21,76,173,African,medium,brown,clean_shaven,S,P,,1,RP,SP,,,,,48,,,,51,50,50,51,54,49,54,63,60,61,0,0,0,,,,,0,,,,47,54,51,59,45,45,51,67,57,57,0,0,0,False,,,0,,,,,,0,50,balanced_sp,
P9408,Ricardo,Mendoza,2001-12-18,71,222,Hispanic,medium,black,mustache,R,P,,1,RP,SP,,,,,49,,,,51,50,53,51,52,51,54,62,62,58,0,0,0,,,,,0,,,,62,56,63,62,60,56,68,75,73,70,0,0,0,False,,,0,,,,,,0,50,power_sp,
P7303,Cedric,Taylor,2002-06-11,74,187,African,dark,brown,clean_shaven,R,C,,0,,,52,50,48,51,51,51,59,51,53,47,,,,,,,,,,,,61,59,62,57,51,0,0,51,66,53,,,,,,,,,,,,False,,,0,,,,,,0,50,,average
P2436,Leroy,Robinson,1997-02-08,78,242,African,dark,brown,clean_shaven,L,1B,,0,,,51,62,49,49,48,52,47,52,51,48,,,,,,,,,,,,56,63,48,53,48,0,0,52,53,48,,,,,,,,,,,,False,,,0,,,,,,0,50,,power
P4866,Jermaine,Jackson,1992-07-23,75,174,African,dark,black,clean_shaven,R,2B,,0,,,53,52,48,53,52,49,57,53,51,51,,,,,,,,,,,,45,51,48,43,52,0,0,53,49,47,,,,,,,,,,,,False,,,0,,,,,,0,50,,average
P3074,Luke,Glessner,1989-03-04,75,243,Anglo,light,brown,beard,R,3B,,0,,,56,56,51,51,51,50,58,53,51,53,,,,,,,,,,,,55,53,43,43,51,0,0,53,46,45,,,,,,,,,,,,False,,,0,,,,,,0,50,,gap
P4416,Myles,Hales,2000-01-31,73,173,Anglo,light,black,clean_shaven,R,SS,,0,,,53,52,51,49,49,49,57,50,49,51,,,,,,,,,,,,64,64,64,54,49,0,0,50,57,58,,,,,,,,,,,,False,,,0,,,,,,0,50,,balanced
P3678,Pierre,Kolb,2002-08-20,75,214,Anglo,dark,black,clean_shaven,L,LF,,0,,,59,51,53,55,53,48,48,51,52,50,,,,,,,,,,,,64,60,61,70,53,0,0,51,58,61,,,,,,,,,,,,False,,,0,,,,,,0,50,,spray
P3945,Cedric,Harris,1990-08-16,73,193,African,dark,brown,beard,S,CF,,0,,,52,50,51,51,52,49,54,48,52,53,,,,,,,,,,,,46,48,51,46,52,0,0,48,46,45,,,,,,,,,,,,False,,,0,,,,,,0,50,,balanced
P3582,Xavier,Wright,1998-03-04,74,203,African,dark,black,mustache,R,RF,,0,,,52,60,51,51,49,51,55,49,49,49,,,,,,,,,,,,57,67,56,59,49,0,0,49,61,60,,,,,,,,,,,,False,,,0,,,,,,0,50,,power
P6240,Cedric,Carter,1991-08-21,72,237,African,dark,black,beard,R,CF,,0,,,52,54,49,49,49,49,55,50,51,49,,,,,,,,,,,,49,47,39,47,49,0,0,50,46,46,,,,,,,,,,,,False,,,0,,,,,,0,50,,gap
P4519,Eduardo,Gonzalez,1991-08-29,70,202,Hispanic,medium,black,clean_shaven,L,3B,,0,,,50,57,47,50,47,53,48,51,48,50,,,,,,,,,,,,43,47,45,40,47,0,0,51,38,46,,,,,,,,,,,,False,,,0,,,,,,0,50,,power
P1856,Carlos,Reyes,1995-12-10,77,202,Hispanic,light,black,clean_shaven,L,LF,,0,,,52,47,85,53,48,48,48,50,52,51,,,,,,,,,,,,53,48,82,56,48,0,0,50,49,52,,,,,,,,,,,,False,,,0,,,,,,0,50,,elite_speed
P3706,Archie,Sillitti,1995-04-17,77,244,Anglo,medium,blonde,beard,R,2B,,0,,,55,49,49,52,51,51,56,53,52,50,,,,,,,,,,,,53,52,45,50,51,0,0,53,57,53,,,,,,,,,,,,False,,,0,,,,,,0,50,,gap
P6014,Alejandro,Castillo,1999-02-10,69,180,Hispanic,medium,brown,mustache,L,1B,,0,,,52,54,50,49,51,52,46,51,49,49,,,,,,,,,,,,64,64,59,63,51,0,0,51,63,63,,,,,,,,,,,,False,,,0,,,,,,0,50,,balanced
P9700,Lamont,Mosqueda,1997-08-16,78,226,Anglo,medium,brown,clean_shaven,L,LF,,0,,,61,49,51,52,50,50,48,53,51,52,,,,,,,,,,,,66,44,54,56,50,0,0,53,55,55,,,,,,,,,,,,False,,,0,,,,,,0,50,,spray
P7328,Juan,Diaz,1987-08-19,78,186,Hispanic,medium,brown,goatee,R,P,,1,RP,CL,,,,,55,,,,50,50,48,50,54,52,53,0,0,66,0,0,0,,,,,0,,,,43,45,40,48,39,46,47,0,0,60,0,0,0,False,,,0,,,,,,0,50,closer,
P8331,Glenn,Freehling,2002-12-26,72,219,Anglo,light,brown,clean_shaven,L,P,,1,RP,SP,,,,,52,,,,48,50,51,50,52,51,50,62,63,59,0,0,0,,,,,0,,,,62,57,55,62,64,62,57,73,68,68,0,0,0,False,,,0,,,,,,0,50,balanced_sp,
P5624,Omar,Surina,1996-06-29,71,178,Anglo,light,brown,clean_shaven,L,P,,1,RP,SP,,,,,49,,,,51,50,54,50,54,52,52,0,60,64,0,55,0,,,,,0,,,,47,46,52,49,50,54,53,0,64,61,0,57,0,False,,,0,,,,,,0,50,power_sp,
P3016,Shirley,Arbetman,2000-10-14,75,221,Anglo,light,black,clean_shaven,R,P,,1,RP,RP,,,,,54,,,,51,51,49,50,52,52,50,0,59,65,62,0,0,,,,,0,,,,66,56,60,60,62,65,59,0,71,73,68,0,0,False,,,0,,,,,,0,50,groundball_rp,
P7239,Kevin,Saxena,2001-06-19,75,205,Anglo,medium,black,clean_shaven,R,P,,1,RP,SP,,,,,51,,,,49,47,53,50,52,52,51,63,61,0,0,0,0,,,,,0,,,,55,59,55,62,64,58,58,75,72,0,0,0,0,False,,,0,,,,,,0,50,finesse_sp,
P3152,Weldon,Caughman,1996-11-22,77,227,Anglo,light,blonde,mustache,L,P,,1,RP,LR,,,,,50,,,,50,50,51,50,53,51,54,61,58,65,0,0,0,,,,,0,,,,48,54,51,55,54,56,50,58,53,60,0,0,0,False,,,0,,,,,,0,50,long_relief,
P8074,Carlos,Rodriguez,1992-06-13,78,167,Hispanic,medium,black,goatee,S,P,,1,RP,SP,,,,,52,,,,51,51,53,50,54,52,53,60,0,0,59,0,0,,,,,0,,,,46,46,47,50,48,47,47,52,0,0,59,0,0,False,,,0,,,,,,0,50,groundball_sp,
P1523,Jayson,Masell,1998-04-20,71,160,Anglo,medium,brown,beard,S,CF,,0,,,54,48,70,52,53,49,50,49,49,51,,,,,,,,,,,,64,60,78,60,53,0,0,49,59,64,,,,,,,,,,,,False,,,0,,,,,,0,50,,speed
P3014,Dwain,Zoldesy,2003-06-01,73,233,Anglo,medium,brown,clean_shaven,R,3B,,0,,,51,52,53,50,51,52,55,49,48,49,,,,,,,,,,,,59,60,63,58,51,0,0,49,58,56,,,,,,,,,,,,False,,,0,,,,,,0,50,,average
P3260,Adolph,Buske,2000-11-24,68,204,Anglo,light,blonde,clean_shaven,R,LF,,0,,,53,61,47,52,47,52,55,50,49,52,,,,,,,,,,,,60,70,54,57,47,0,0,50,56,63,,,,,,,,,,,,False,,,0,,,,,,0,50,,power
P2132,Alejandro,Gonzalez,2004-03-09,74,195,Hispanic,dark,brown,clean_shaven,R,3B,,0,,,48,49,51,49,51,50,59,53,52,48,,,,,,,,,,,,58,68,80,69,51,0,0,53,66,74,,,,,,,,,,,,False,,,0,,,,,,0,50,,average
P4203,Terrance,Sidi,1988-08-09,69,194,Anglo,medium,red,beard,R,3B,,0,,,58,47,50,52,53,47,59,50,50,51,,,,,,,,,,,,57,37,43,47,53,0,0,50,49,41,,,,,,,,,,,,False,,,0,,,,,,0,50,,spray
P5472,Eduardo,Morales,1993-07-20,78,220,Hispanic,light,brown,clean_shaven,R,SS,,0,,,57,49,71,54,53,49,58,52,49,52,,,,,,,,,,,,49,41,68,53,53,0,0,52,40,51,,,,,,,,,,,,False,,,0,,,,,,0,50,,spray
P7203,Raul,Flores,1996-07-23,72,196,Hispanic,light,black,goatee,R,SS,,0,,,62,53,53,53,52,48,56,51,52,50,,,,,,,,,,,,60,52,57,52,52,0,0,51,53,45,,,,,,,,,,,,False,,,0,,,,,,0,50,,spray
P1756,Tuan,Shipe,1997-09-29,71,242,Anglo,medium,brown,clean_shaven,R,SS,3B,0,,,50,51,50,49,52,51,58,51,53,50,,,,,,,,,,,,48,54,48,48,52,0,0,51,48,55,,,,,,,,,,,,False,,,0,,,,,,0,50,,average
P9167,Miquel,Natt,2007-10-28,75,198,Anglo,medium,black,clean_shaven,R,P,,1,RP,CL,,,,,55,,,,52,54,48,53,54,52,52,58,0,65,0,0,0,,,,,0,,,,63,84,65,83,58,79,67,80,0,75,0,0,0,False,,,0,,,,,,0,50,closer,
P6481,Jorge,Rivera,2005-01-10,75,236,Hispanic,dark,brown,goatee,R,P,,1,RP,RP,,,,,52,,,,49,49,52,50,52,50,51,0,59,67,61,0,0,,,,,0,,,,69,72,66,81,63,69,65,0,87,85,73,0,0,False,,,0,,,,,,0,50,power_rp,
P8014,Burt,Dailey,2005-10-13,77,247,Anglo,medium,red,clean_shaven,R,P,,1,RP,RP,,,,,54,,,,48,52,51,51,53,49,51,0,0,67,63,0,0,,,,,0,,,,65,74,76,82,66,71,78,0,0,85,76,0,0,False,,,0,,,,,,0,50,groundball_rp,
P5117,Curt,Jozsa,2007-11-19,70,236,Anglo,medium,brown,beard,R,P,,1,RP,RP,,,,,50,,,,48,53,51,51,52,49,54,0,62,0,0,0,0,,,,,0,,,,64,65,75,65,69,62,80,0,77,0,0,0,0,False,,,0,,,,,,0,50,power_rp,
P3032,Pedro,Gomez,2005-05-05,72,164,Hispanic,light,brown,clean_shaven,R,P,,1,RP,SP,,,,,48,,,,51,52,54,50,52,48,52,59,60,62,0,0,0,,,,,0,,,,75,66,71,62,71,71,80,74,74,86,0,0,0,False,,,0,,,,,,0,50,balanced_sp,
P6115,Pedro,Morales,2007-10-12,75,234,Hispanic,light,brown,clean_shaven,R,C,,0,,,52,51,50,51,50,52,57,51,48,53,,,,,,,,,,,,62,71,72,79,50,0,0,51,58,80,,,,,,,,,,,,False,,,0,,,,,,0,50,,balanced
P8428,Garland,Remaley,2006-11-25,76,214,Anglo,light,black,beard,R,3B,,0,,,49,50,49,49,49,49,59,51,48,50,,,,,,,,,,,,66,75,64,69,49,0,0,51,60,62,,,,,,,,,,,,False,,,0,,,,,,0,50,,balanced
P7272,Eduardo,Cruz,2007-09-26,77,161,Hispanic,light,brown,clean_shaven,R,CF,,0,,,67,62,52,54,52,51,53,50,50,51,,,,,,,,,,,,91,82,65,82,52,0,0,50,61,61,,,,,,,,,,,,False,,,0,,,,,,0,50,,gap
P1381,Hector,Sanchez,2007-12-09,71,168,Hispanic,medium,brown,goatee,L,RF,,0,,,61,64,53,51,49,52,45,52,51,49,,,,,,,,,,,,76,79,63,72,49,0,0,52,70,73,,,,,,,,,,,,False,,,0,,,,,,0,50,,gap
P8777,Rafael,Ortiz,2005-05-31,76,215,Hispanic,dark,brown,mustache,R,1B,,0,,,51,61,51,51,48,51,50,53,48,49,,,,,,,,,,,,70,72,69,63,48,0,0,53,72,78,,,,,,,,,,,,False,,,0,,,,,,0,50,,power
P7457,Tom,Vlach,1988-05-06,68,239,Anglo,medium,black,beard,R,P,,1,RP,CL,,,,,55,,,,51,52,51,50,53,52,56,60,61,65,0,0,0,,,,,0,,,,47,46,42,50,41,49,46,60,60,63,0,0,0,False,,,0,,,,,,0,50,closer,
P2283,Mose,Hadson,1996-04-11,77,208,Anglo,light,blonde,clean_shaven,R,P,,1,RP,SP,,,,,51,,,,52,52,50,51,52,51,50,59,62,62,55,0,0,,,,,0,,,,53,56,56,47,51,53,45,58,61,67,52,0,0,False,,,0,,,,,,0,50,power_sp,
P4945,Donovan,Pencek,2001-03-12,78,169,Anglo,light,brown,clean_shaven,R,P,,1,RP,SP,,,,,51,,,,53,49,53,50,53,51,50,60,0,0,59,0,0,,,,,0,,,,65,60,55,61,59,64,62,74,0,0,68,0,0,False,,,0,,,,,,0,50,groundball_sp,
P7173,Carlos,Mendoza,2004-07-06,73,192,Hispanic,medium,brown,clean_shaven,R,P,,1,RP,RP,,,,,56,,,,51,53,48,53,54,50,53,57,0,0,63,0,0,,,,,0,,,,78,72,83,82,60,78,70,79,0,0,91,0,0,False,,,0,,,,,,0,50,groundball_rp,
P8115,Francisco,Rodriguez,2004-03-19,73,219,Hispanic,medium,black,clean_shaven,S,P,,1,RP,SP,,,,,54,,,,51,52,54,50,54,53,53,60,62,61,57,0,0,,,,,0,,,,76,82,72,69,83,80,71,74,79,71,71,0,0,False,,,0,,,,,,0,50,groundball_sp,
P6022,Kyle,Henley,2001-02-14,78,226,Anglo,light,brown,beard,R,P,,1,RP,RP,,,,,55,,,,51,53,49,50,52,52,52,0,60,0,63,0,0,,,,,0,,,,58,61,65,62,56,67,63,0,71,0,75,0,0,False,,,0,,,,,,0,50,groundball_rp,
P2165,Kerry,Demer,2002-09-07,69,187,Anglo,light,brown,clean_shaven,R,P,,1,RP,SP,,,,,49,,,,50,50,53,50,52,53,52,58,62,59,0,58,0,,,,,0,,,,58,56,58,60,64,68,57,66,74,74,0,68,0,False,,,0,,,,,,0,50,workhorse_sp,
P9607,Ferdinand,Berning,1991-08-04,70,202,Anglo,light,black,beard,S,P,,1,RP,SP,,,,,50,,,,51,53,52,50,53,49,52,60,62,61,0,58,0,,,,,0,,,,43,51,43,43,45,46,46,53,53,52,0,55,0,False,,,0,,,,,,0,50,balanced_sp,
P5723,Terrell,Michniak,1987-10-13,69,165,Anglo,light,brown,beard,R,P,,1,RP,RP,,,,,52,,,,49,49,51,50,52,50,51,60,61,0,0,56,0,,,,,0,,,,45,49,44,50,41,49,44,56,54,0,0,53,0,False,,,0,,,,,,0,50,finesse_rp,
P5754,Jerald,Shaklee,1993-07-19,77,196,Anglo,light,brown,mustache,S,P,,1,RP,SP,,,,,52,,,,49,53,50,50,54,51,52,60,60,63,0,56,0,,,,,0,,,,44,44,48,46,40,43,47,53,54,63,0,52,0,False,,,0,,,,,,0,50,power_sp,
P4544,Enoch,Vielle,1997-08-29,71,190,Anglo,light,blonde,mustache,L,P,,1,RP,CL,,,,,50,,,,50,50,48,51,52,52,54,56,62,67,0,0,0,,,,,0,,,,55,46,49,50,47,52,55,61,60,71,0,0,0,False,,,0,,,,,,0,50,closer,
P1722,Edwardo,Priore,2003-08-13,70,187,Anglo,medium,blonde,clean_shaven,R,C,,0,,,53,53,49,50,52,48,57,52,52,49,,,,,,,,,,,,67,66,57,61,52,0,0,52,62,63,,,,,,,,,,,,False,,,0,,,,,,0,50,,average
P9015,Jude,Scharf,1994-04-05,72,192,Anglo,medium,blonde,goatee,L,1B,,0,,,50,53,52,51,50,49,47,52,51,48,,,,,,,,,,,,55,51,49,47,50,0,0,52,47,43,,,,,,,,,,,,False,,,0,,,,,,0,50,,average
P6420,Marshall,Sidoti,1993-07-10,72,215,Anglo,light,brown,goatee,R,2B,,0,,,53,51,75,52,50,52,55,50,50,52,,,,,,,,,,,,45,41,66,52,50,0,0,50,40,52,,,,,,,,,,,,False,,,0,,,,,,0,50,,speed
P8049,Louis,Chancy,1992-11-14,73,205,Anglo,light,brown,beard,L,3B,,0,,,53,48,48,49,51,53,50,52,49,51,,,,,,,,,,,,46,40,38,44,51,0,0,52,44,43,,,,,,,,,,,,False,,,0,,,,,,0,50,,balanced
P2394,Kristofer,Kinstle,1994-06-14,78,202,Anglo,light,brown,clean_shaven,S,SS,,0,,,53,52,70,50,52,47,52,52,53,47,,,,,,,,,,,,52,51,66,47,52,0,0,52,57,51,,,,,,,,,,,,False,,,0,,,,,,0,50,,speed
P5941,Alberto,Viscome,2001-02-18,76,239,Anglo,medium,brown,clean_shaven,S,LF,,0,,,54,53,53,53,51,52,52,52,48,49,,,,,,,,,,,,69,60,63,65,51,0,0,52,54,59,,,,,,,,,,,,False,,,0,,,,,,0,50,,balanced
P2389,Arlie,Kostka,1995-12-27,72,221,Anglo,medium,blonde,clean_shaven,R,CF,,0,,,54,50,77,52,51,53,51,48,50,50,,,,,,,,,,,,57,51,73,56,51,0,0,48,48,50,,,,,,,,,,,,False,,,0,,,,,,0,50,,speed
P4094,Reinaldo,Pilgreen,1992-03-06,77,200,Anglo,medium,black,goatee,R,RF,,0,,,50,64,50,49,52,52,57,51,51,52,,,,,,,,,,,,44,58,46,48,52,0,0,51,42,46,,,,,,,,,,,,False,,,0,,,,,,0,50,,power
P6779,Basil,Montore,1999-04-18,74,167,Anglo,light,black,clean_shaven,L,CF,,0,,,52,47,85,52,50,49,50,52,48,49,,,,,,,,,,,,66,61,95,65,50,0,0,52,54,54,,,,,,,,,,,,False,,,0,,,,,,0,50,,elite_speed
P5086,Micah,Reichmann,1996-05-04,78,227,Anglo,light,black,beard,R,CF,,0,,,52,54,50,50,48,50,53,48,48,49,,,,,,,,,,,,54,49,52,55,48,0,0,48,48,47,,,,,,,,,,,,False,,,0,,,,,,0,50,,balanced
P3435,Roderick,Grieb,2003-02-05,71,195,Anglo,light,brown,beard,R,3B,,0,,,48,50,49,50,50,50,56,50,49,50,,,,,,,,,,,,57,61,54,63,50,0,0,50,56,60,,,,,,,,,,,,False,,,0,,,,,,0,50,,balanced
P9207,Fredrick,Schneidtmille,1997-12-02,72,208,Anglo,light,red,clean_shaven,R,3B,,0,,,49,51,53,49,48,50,57,49,48,51,,,,,,,,,,,,45,52,48,46,48,0,0,49,46,49,,,,,,,,,,,,False,,,0,,,,,,0,50,,balanced
P8176,Willis,Matheney,1992-05-05,78,229,Anglo,medium,brown,clean_shaven,S,LF,,0,,,50,51,48,51,50,53,54,49,52,48,,,,,,,,,,,,41,41,40,44,50,0,0,49,44,48,,,,,,,,,,,,False,,,0,,,,,,0,50,,balanced
P5543,Len,Neis,1988-11-10,74,163,Anglo,light,blonde,beard,R,RF,,0,,,53,47,70,51,50,47,51,49,48,50,,,,,,,,,,,,53,44,63,47,50,0,0,49,44,48,,,,,,,,,,,,False,,,0,,,,,,0,50,,speed
P7352,Emerson,Mcgraff,2000-06-16,68,242,Anglo,medium,brown,clean_shaven,L,P,,1,RP,CL,,,,,55,,,,51,52,52,50,52,52,54,0,0,65,0,0,0,,,,,0,,,,60,67,55,62,58,61,69,0,0,76,0,0,0,False,,,0,,,,,,0,50,closer,
P2395,Florencio,Gizinski,1990-03-26,71,207,Anglo,light,brown,clean_shaven,R,P,,1,RP,SP,,,,,54,,,,50,50,52,50,54,49,51,0,60,0,62,0,0,,,,,0,,,,49,42,41,48,43,43,44,0,58,0,57,0,0,False,,,0,,,,,,0,50,groundball_sp,
P2760,Fabian,Gullickson,1987-04-25,69,227,Anglo,light,blonde,clean_shaven,R,P,,1,RP,SP,,,,,48,,,,51,49,53,50,54,50,52,62,59,62,0,56,0,,,,,0,,,,49,45,40,44,49,45,51,53,52,54,0,46,0,False,,,0,,,,,,0,50,balanced_sp,
P4600,Marco,Skarke,1998-11-07,69,191,Anglo,light,red,beard,L,P,,1,RP,SP,,,,,50,,,,50,53,52,53,52,52,50,61,63,60,0,0,0,,,,,0,,,,55,64,61,61,57,62,64,72,78,69,0,0,0,False,,,0,,,,,,0,50,balanced_sp,
P9064,Milford,Hickernell,2000-06-03,74,211,Anglo,light,black,goatee,R,P,,1,RP,RP,,,,,56,,,,52,51,49,53,52,53,51,0,0,0,60,0,0,,,,,0,,,,63,66,65,60,56,58,64,0,0,0,65,0,0,False,,,0,,,,,,0,50,groundball_rp,
P4303,Salvador,Otomo,2000-10-26,73,213,Anglo,light,brown,mustache,S,P,,1,RP,RP,,,,,49,,,,51,50,49,51,52,49,50,0,61,0,0,0,0,,,,,0,,,,63,56,66,66,55,59,65,0,76,0,0,0,0,False,,,0,,,,,,0,50,finesse_rp,
P4560,Donald,Wollard,1999-03-16,69,190,Anglo,light,blonde,clean_shaven,L,P,,1,RP,RP,,,,,54,,,,48,52,49,50,54,50,54,0,61,0,60,0,0,,,,,0,,,,61,59,56,62,61,65,59,0,74,0,69,0,0,False,,,0,,,,,,0,50,groundball_rp,
P4986,Ira,Chomka,1990-01-28,76,180,Anglo,medium,black,clean_shaven,L,RF,,0,,,49,60,50,50,49,54,48,48,49,49,,,,,,,,,,,,48,60,40,45,49,0,0,48,44,42,,,,,,,,,,,,False,,,0,,,,,,0,50,,power
P6672,Ulysses,Wassell,2001-09-15,69,221,Anglo,light,blonde,clean_shaven,L,1B,,0,,,49,62,53,49,51,51,43,49,52,49,,,,,,,,,,,,58,69,60,60,51,0,0,49,67,62,,,,,,,,,,,,False,,,0,,,,,,0,50,,power
P9331,Santiago,Dusky,1996-10-18,77,176,Anglo,light,red,beard,R,CF,,0,,,51,52,49,50,50,50,50,51,52,53,,,,,,,,,,,,47,49,49,55,50,0,0,51,54,56,,,,,,,,,,,,False,,,0,,,,,,0,50,,balanced
P5780,Francesco,Camferdam,2003-06-15,70,207,Anglo,light,blonde,mustache,L,CF,,0,,,63,60,51,52,51,52,47,52,51,50,,,,,,,,,,,,75,71,59,66,51,0,0,52,57,61,,,,,,,,,,,,False,,,0,,,,,,0,50,,gap
P5178,Otto,Mclagan,1994-09-15,75,179,Anglo,light,brown,clean_shaven,S,3B,RF,0,,,51,60,52,50,46,50,55,49,48,51,,,,,,,,,,,,54,56,54,54,46,0,0,49,51,46,,,,,,,,,,,,False,,,0,,,,,,0,50,,power
P5779,Hunter,Chmura,1995-01-05,68,231,Anglo,light,brown,beard,S,2B,,0,,,58,51,76,54,52,51,52,49,53,53,,,,,,,,,,,,62,54,80,53,52,0,0,49,49,51,,,,,,,,,,,,False,,,0,,,,,,0,50,,speed
P5818,Thurman,Arcilla,2004-06-18,68,207,Anglo,light,brown,clean_shaven,L,C,,0,,,51,52,49,52,51,51,51,50,49,51,,,,,,,,,,,,77,71,68,64,51,0,0,50,73,76,,,,,,,,,,,,False,,,0,,,,,,0,50,,gap
P7349,Kelly,Elsaesser,2004-02-12,69,242,Anglo,medium,brown,goatee,S,RF,,0,,,67,51,51,51,51,48,49,49,50,51,,,,,,,,,,,,78,57,57,56,51,0,0,49,64,57,,,,,,,,,,,,False,,,0,,,,,,0,50,,spray
P9276,Millard,Kappe,2004-03-29,78,246,Anglo,medium,brown,clean_shaven,S,P,,1,RP,CL,,,,,55,,,,53,50,48,50,52,52,52,0,58,65,0,0,0,,,,,0,,,,68,79,68,70,62,68,79,0,85,86,0,0,0,False,,,0,,,,,,0,50,closer,
P1489,Tyrell,Leonpacher,2005-07-07,75,193,Anglo,light,red,clean_shaven,L,P,,1,RP,RP,,,,,49,,,,49,52,49,52,54,50,52,60,60,67,0,0,0,,,,,0,,,,60,66,66,67,74,80,65,82,84,80,0,0,0,False,,,0,,,,,,0,50,finesse_rp,
P3205,Andrew,Pfeiffer,2005-03-04,77,249,Anglo,medium,brown,clean_shaven,R,P,,1,RP,SP,,,,,52,,,,48,53,49,50,54,53,53,0,58,59,58,0,0,,,,,0,,,,63,63,77,80,73,79,71,0,72,79,73,0,0,False,,,0,,,,,,0,50,groundball_sp,
P4328,Doyle,Camerena,2006-07-11,68,222,Anglo,dark,blonde,clean_shaven,R,P,,1,RP,RP,,,,,50,,,,48,50,51,51,52,52,54,0,0,64,0,0,0,,,,,0,,,,72,65,61,75,78,74,76,0,0,75,0,0,0,False,,,0,,,,,,0,50,power_rp,
P8214,Delbert,Wilner,2007-03-16,69,216,Anglo,light,brown,clean_shaven,R,P,,1,RP,RP,,,,,53,,,,53,50,52,50,52,49,52,0,0,65,63,0,0,,,,,0,,,,80,65,61,74,74,60,62,0,0,92,87,0,0,False,,,0,,,,,,0,50,groundball_rp,
P7155,Rosario,Denyes,2006-01-16,73,184,Anglo,light,brown,beard,L,CF,,0,,,51,49,70,52,52,51,47,51,48,50,,,,,,,,,,,,78,67,93,79,52,0,0,51,68,78,,,,,,,,,,,,False,,,0,,,,,,0,50,,speed
P3179,Cordell,Panke,2007-07-25,71,243,Anglo,light,black,clean_shaven,R,2B,,0,,,53,47,70,53,52,46,57,49,49,52,,,,,,,,,,,,72,63,85,66,52,0,0,49,78,63,,,,,,,,,,,,False,,,0,,,,,,0,50,,speed
P7679,Tod,Violett,2005-05-26,68,182,Anglo,light,blonde,clean_shaven,L,RF,,0,,,52,49,70,51,54,47,47,51,53,50,,,,,,,,,,,,72,76,97,76,54,0,0,51,67,63,,,,,,,,,,,,False,,,0,,,,,,0,50,,speed
P6365,David,Tuten,2005-11-08,73,207,Anglo,light,blonde,clean_shaven,R,2B,,0,,,50,50,50,50,51,51,56,49,50,52,,,,,,,,,,,,67,71,60,67,51,0,0,49,68,67,,,,,,,,,,,,False,,,0,,,,,,0,50,,balanced
P9677,Jerrold,Bemo,2007-05-29,78,194,Anglo,light,blonde,goatee,L,CF,,0,,,51,50,70,51,49,48,47,48,49,50,,,,,,,,,,,,78,66,96,80,49,0,0,48,74,63,,,,,,,,,,,,False,,,0,,,,,,0,50,,speed
P4184,Jefferson,Constante,1989-12-08,68,169,Anglo,light,black,goatee,R,P,,1,RP,CL,,,,,55,,,,51,50,50,51,52,50,55,59,58,65,0,0,0,,,,,0,,,,45,48,41,45,49,46,49,51,55,64,0,0,0,False,,,0,,,,,,0,50,closer,
P2490,Dannie,Ercolano,1994-08-21,70,202,Anglo,light,brown,clean_shaven,R,P,,1,RP,SP,,,,,49,,,,51,52,50,52,52,52,52,59,59,59,0,0,0,,,,,0,,,,54,51,55,48,52,50,47,61,60,64,0,0,0,False,,,0,,,,,,0,50,workhorse_sp,
P3302,Dana,Retter,2005-01-28,76,229,Anglo,medium,brown,clean_shaven,L,P,,1,RP,SP,,,,,51,,,,49,48,52,51,53,49,48,60,63,0,56,57,0,,,,,0,,,,62,68,68,71,76,74,76,90,86,0,74,76,0,False,,,0,,,,,,0,50,finesse_sp,
P8765,Shawn,Peralto,1997-04-12,78,223,Anglo,light,brown,beard,R,P,,1,RP,SP,,,,,49,,,,48,50,52,51,52,50,53,62,61,62,0,0,0,,,,,0,,,,53,54,48,56,53,54,52,64,61,57,0,0,0,False,,,0,,,,,,0,50,power_sp,
P8180,Trinidad,Brownsberger,1998-05-09,73,210,Anglo,medium,blonde,clean_shaven,R,P,,1,RP,RP,,,,,50,,,,49,49,48,51,52,50,50,0,62,0,0,0,0,,,,,0,,,,58,58,66,57,53,55,56,0,76,0,0,0,0,False,,,0,,,,,,0,50,finesse_rp,
P8945,Garth,Dispirito,1992-06-16,69,176,Anglo,light,blonde,mustache,R,P,,1,RP,SP,,,,,48,,,,51,50,52,50,52,51,50,60,59,62,0,0,0,,,,,0,,,,45,48,48,43,46,47,41,60,52,53,0,0,0,False,,,0,,,,,,0,50,power_sp,
P7225,Kent,Guerreiro,1996-08-22,72,247,Anglo,dark,red,clean_shaven,R,P,,1,RP,SP,,,,,47,,,,49,52,51,50,53,48,53,0,61,60,0,0,0,,,,,0,,,,52,56,53,57,48,48,58,0,62,55,0,0,0,False,,,0,,,,,,0,50,power_sp,
P6131,Todd,Denoyer,1997-10-11,77,190,Anglo,dark,blonde,mustache,R,P,,1,RP,RP,,,,,55,,,,49,50,53,52,53,52,49,0,0,0,62,0,0,,,,,0,,,,44,51,50,49,57,54,54,0,0,0,64,0,0,False,,,0,,,,,,0,50,groundball_rp,
P2797,Gabriel,Sandhoff,1994-02-14,71,221,Anglo,medium,red,clean_shaven,L,P,,1,RP,SP,,,,,52,,,,51,50,53,53,53,49,53,58,59,59,56,0,0,,,,,0,,,,49,40,44,43,50,41,52,58,59,59,55,0,0,False,,,0,,,,,,0,50,workhorse_sp,
P7054,Abdul,Koepf,1997-03-14,77,191,Anglo,light,brown,clean_shaven,S,P,,1,RP,SP,,,,,48,,,,49,53,54,50,54,51,54,62,59,61,56,0,0,,,,,0,,,,49,56,50,49,53,48,58,66,54,58,54,0,0,False,,,0,,,,,,0,50,power_sp,
P5511,Quentin,Harker,1999-12-05,73,206,Anglo,medium,brown,beard,L,P,,1,RP,SP,,,,,51,,,,50,52,52,50,52,52,52,62,63,60,0,0,0,,,,,0,,,,58,61,58,62,58,60,58,75,76,72,0,0,0,False,,,0,,,,,,0,50,power_sp,
P9162,Bryan,Mclennon,1987-09-03,76,229,Anglo,light,red,mustache,R,C,,0,,,53,53,49,50,49,49,58,49,50,51,,,,,,,,,,,,51,52,48,47,49,0,0,49,41,45,,,,,,,,,,,,False,,,0,,,,,,0,50,,average
P8392,Seymour,Grew,2005-01-07,78,220,Anglo,medium,black,mustache,R,1B,,0,,,48,61,52,48,49,50,54,50,49,48,,,,,,,,,,,,76,91,68,66,49,0,0,50,66,58,,,,,,,,,,,,False,,,0,,,,,,0,50,,power
P7720,Manual,Brasseux,2004-02-01,69,210,Anglo,medium,brown,mustache,R,2B,,0,,,57,47,48,54,53,48,59,50,49,53,,,,,,,,,,,,67,55,53,62,53,0,0,50,58,62,,,,,,,,,,,,False,,,0,,,,,,0,50,,spray
P4244,Don,Leaks,1989-11-14,69,180,Anglo,light,blonde,clean_shaven,R,3B,,0,,,48,48,53,51,48,49,57,50,50,48,,,,,,,,,,,,45,40,47,51,48,0,0,50,48,40,,,,,,,,,,,,False,,,0,,,,,,0,50,,average
P6879,Arnoldo,Finister,2000-09-03,70,175,Anglo,light,brown,beard,R,SS,,0,,,53,47,87,52,50,51,58,49,50,48,,,,,,,,,,,,59,53,95,57,50,0,0,49,61,56,,,,,,,,,,,,False,,,0,,,,,,0,50,,speed
P8535,Shaun,Viessman,2004-10-28,74,195,Anglo,light,black,clean_shaven,R,LF,,0,,,63,53,52,53,49,51,58,51,52,51,,,,,,,,,,,,89,83,73,66,49,0,0,51,76,72,,,,,,,,,,,,False,,,0,,,,,,0,50,,spray
P2585,Rico,Banfield,2004-01-11,77,192,Anglo,medium,red,clean_shaven,S,CF,,0,,,51,53,53,50,50,53,46,49,51,51,,,,,,,,,,,,66,60,66,61,50,0,0,49,66,58,,,,,,,,,,,,False,,,0,,,,,,0,50,,balanced
P4843,Augustus,Mainz,1997-08-31,77,246,Anglo,dark,black,clean_shaven,R,RF,,0,,,53,56,48,51,47,50,55,50,49,52,,,,,,,,,,,,58,52,44,49,47,0,0,50,53,57,,,,,,,,,,,,False,,,0,,,,,,0,50,,balanced
P6195,Franklin,Harding,1993-10-12,74,166,Anglo,light,black,clean_shaven,R,1B,,0,,,52,61,47,49,50,52,51,50,49,51,,,,,,,,,,,,50,56,39,43,50,0,0,50,46,41,,,,,,,,,,,,False,,,0,,,,,,0,50,,power
P6487,Jacinto,Kupchinsky,1991-04-06,77,214,Anglo,light,brown,beard,S,1B,,0,,,51,65,48,52,47,52,53,50,52,48,,,,,,,,,,,,44,62,40,46,47,0,0,50,48,43,,,,,,,,,,,,False,,,0,,,,,,0,50,,power
P7807,Russell,Read,1998-01-04,78,197,Anglo,light,blonde,goatee,R,3B,,0,,,52,48,49,52,50,50,58,52,52,51,,,,,,,,,,,,57,52,45,56,50,0,0,52,53,52,,,,,,,,,,,,False,,,0,,,,,,0,50,,average
P4178,Russ,Tomlinson,1992-08-24,70,246,Anglo,medium,brown,clean_shaven,R,C,,0,,,66,50,51,53,49,47,59,52,52,51,,,,,,,,,,,,56,42,42,50,49,0,0,52,42,50,,,,,,,,,,,,False,,,0,,,,,,0,50,,spray
P1360,Randy,Escorcia,1988-12-10,77,162,Anglo,light,red,clean_shaven,L,CF,,0,,,48,48,50,50,53,50,47,51,49,52,,,,,,,,,,,,40,44,50,44,53,0,0,51,48,48,,,,,,,,,,,,False,,,0,,,,,,0,50,,average
P8134,Van,Servedio,1993-09-27,73,175,Anglo,medium,blonde,beard,R,SS,,0,,,51,54,50,51,49,52,57,52,52,51,,,,,,,,,,,,51,54,47,42,49,0,0,52,44,46,,,,,,,,,,,,False,,,0,,,,,,0,50,,balanced
P8077,Gerald,Eugley,2004-11-06,78,200,Anglo,medium,blonde,clean_shaven,R,P,,1,RP,CL,,,,,55,,,,51,51,49,50,52,48,55,0,0,65,0,0,0,,,,,0,,,,66,63,63,80,79,67,82,0,0,75,0,0,0,False,,,0,,,,,,0,50,closer,
P2692,Nigel,Bielecki,1990-06-30,75,235,Anglo,light,black,clean_shaven,R,P,,1,RP,RP,,,,,52,,,,48,50,50,50,53,49,49,58,61,0,0,0,0,,,,,0,,,,48,41,47,44,42,45,47,50,52,0,0,0,0,False,,,0,,,,,,0,50,finesse_rp,
P7518,Galen,Marchuk,1989-03-25,72,203,Anglo,light,black,goatee,L,P,,1,RP,SP,,,,,51,,,,50,50,54,50,52,52,52,62,60,0,61,0,0,,,,,0,,,,41,48,49,42,48,45,50,54,60,0,53,0,0,False,,,0,,,,,,0,50,groundball_sp,
P3720,Roderick,Kodama,1998-02-02,72,233,Anglo,light,blonde,mustache,L,P,,1,RP,SP,,,,,50,,,,49,50,53,53,52,49,51,62,61,58,0,55,0,,,,,0,,,,47,49,48,48,49,53,53,59,65,57,0,52,0,False,,,0,,,,,,0,50,balanced_sp,
P7711,Salvatore,Jaeschke,1994-01-16,73,171,Anglo,light,brown,clean_shaven,R,P,,1,RP,SP,,,,,50,,,,53,50,50,51,53,53,50,59,0,0,60,0,0,,,,,0,,,,53,43,46,43,40,44,42,50,0,0,60,0,0,False,,,0,,,,,,0,50,groundball_sp,
P5312,Rigoberto,Minert,1996-10-11,74,164,Anglo,light,brown,clean_shaven,R,P,,1,RP,SP,,,,,47,,,,51,53,54,50,52,51,50,0,62,58,0,0,0,,,,,0,,,,50,55,49,50,49,53,48,0,62,59,0,0,0,False,,,0,,,,,,0,50,power_sp,
P7907,Jerald,Kut,2003-03-06,75,225,Anglo,medium,brown,clean_shaven,S,P,,1,RP,SP,,,,,51,,,,48,51,53,50,52,49,51,59,0,58,0,0,0,,,,,0,,,,60,61,57,60,63,57,58,66,0,66,0,0,0,False,,,0,,,,,,0,50,workhorse_sp,
P9280,Angel,Hollenbaugh,2000-02-17,74,215,Anglo,medium,blonde,clean_shaven,R,RF,,0,,,54,48,53,52,52,49,56,47,52,51,,,,,,,,,,,,69,59,64,61,52,0,0,47,62,66,,,,,,,,,,,,False,,,0,,,,,,0,50,,spray
P4327,Val,Coffie,1998-06-26,77,165,Anglo,light,brown,clean_shaven,R,2B,,0,,,52,52,49,51,50,50,59,48,52,49,,,,,,,,,,,,58,59,59,59,50,0,0,48,57,58,,,,,,,,,,,,False,,,0,,,,,,0,50,,balanced
P8286,Ike,Skyers,2003-10-15,75,188,Anglo,light,black,clean_shaven,R,LF,CF,0,,,52,51,49,51,49,52,56,49,49,49,,,,,,,,,,,,64,60,60,65,49,0,0,49,54,60,,,,,,,,,,,,False,,,0,,,,,,0,50,,balanced
P1534,Teddy,Pong,1999-12-03,68,212,Anglo,light,black,clean_shaven,S,RF,,0,,,49,62,47,48,50,53,54,51,51,49,,,,,,,,,,,,64,67,55,60,50,0,0,51,66,63,,,,,,,,,,,,False,,,0,,,,,,0,50,,power
P6826,Margarito,Gouras,2002-05-06,72,213,Anglo,medium,black,beard,L,RF,,0,,,51,51,48,50,53,48,49,47,48,50,,,,,,,,,,,,63,66,58,65,53,0,0,47,61,63,,,,,,,,,,,,False,,,0,,,,,,0,50,,balanced
P8109,Virgil,Zettlemoyer,2003-10-14,68,161,Anglo,light,brown,clean_shaven,R,2B,,0,,,54,50,51,50,53,51,57,51,49,50,,,,,,,,,,,,61,65,56,62,53,0,0,51,59,57,,,,,,,,,,,,False,,,0,,,,,,0,50,,average
P1593,Alvaro,Ketron,2003-03-01,76,184,Anglo,medium,blonde,goatee,L,2B,,0,,,53,52,52,50,50,48,48,48,48,50,,,,,,,,,,,,62,62,58,62,50,0,0,48,60,58,,,,,,,,,,,,False,,,0,,,,,,0,50,,average
P3326,Fredrick,Wohlers,1993-03-15,76,226,Anglo,light,brown,clean_shaven,L,RF,,0,,,48,48,52,51,48,52,42,51,50,52,,,,,,,,,,,,44,47,43,49,48,0,0,51,44,45,,,,,,,,,,,,False,,,0,,,,,,0,50,,average
P6832,Margarito,Mako,2006-05-16,69,223,Anglo,medium,brown,clean_shaven,L,P,,1,RP,CL,,,,,55,,,,51,50,49,52,52,52,53,59,0,65,0,0,0,,,,,0,,,,69,77,73,64,64,67,81,72,0,84,0,0,0,False,,,0,,,,,,0,50,closer,
P7739,Glenn,Klaja,2005-03-06,70,191,Anglo,light,brown,clean_shaven,R,P,,1,RP,CL,,,,,49,,,,52,51,50,50,53,49,55,58,62,65,0,0,0,,,,,0,,,,66,64,75,82,64,77,71,78,86,94,0,0,0,False,,,0,,,,,,0,50,closer,
P8582,Alonzo,Strait,2007-02-26,75,198,Anglo,light,brown,clean_shaven,R,P,,1,RP,SP,,,,,49,,,,49,51,52,53,52,51,53,0,60,62,0,0,0,,,,,0,,,,70,63,72,63,76,63,67,0,78,83,0,0,0,False,,,0,,,,,,0,50,workhorse_sp,
P8928,Mauro,Pavelich,2005-09-18,76,243,Anglo,medium,brown,goatee,L,P,,1,RP,SP,,,,,51,,,,52,49,54,52,54,52,51,63,61,62,0,0,0,,,,,0,,,,75,72,69,80,83,78,77,84,71,91,0,0,0,False,,,0,,,,,,0,50,balanced_sp,
P7925,Timmy,Altschuler,2007-12-12,73,177,Anglo,medium,black,clean_shaven,R,P,,1,RP,RP,,,,,51,,,,48,51,49,50,52,51,50,58,63,63,0,0,0,,,,,0,,,,75,64,74,71,63,78,63,81,77,85,0,0,0,False,,,0,,,,,,0,50,power_rp,
P8450,Isiah,Cruikshank,2006-04-02,78,230,Anglo,medium,blonde,clean_shaven,R,1B,,0,,,49,64,52,51,49,52,53,52,50,51,,,,,,,,,,,,66,89,70,69,49,0,0,52,63,63,,,,,,,,,,,,False,,,0,,,,,,0,50,,power
P5480,Erwin,Pry,2007-11-04,72,242,Anglo,light,brown,clean_shaven,L,1B,,0,,,52,56,50,51,49,52,45,48,50,48,,,,,,,,,,,,76,84,76,68,49,0,0,48,79,74,,,,,,,,,,,,False,,,0,,,,,,0,50,,average
P6903,Merrill,Lowy,2006-02-26,68,163,Anglo,light,black,beard,R,SS,,0,,,59,48,53,52,53,51,57,49,53,51,,,,,,,,,,,,84,78,80,69,53,0,0,49,66,75,,,,,,,,,,,,False,,,0,,,,,,0,50,,spray
P6436,Scot,Mccarter,2006-07-24,78,189,Anglo,medium,blonde,clean_shaven,R,C,,0,,,51,49,50,50,53,50,56,52,50,49,,,,,,,,,,,,76,68,63,72,53,0,0,52,67,76,,,,,,,,,,,,False,,,0,,,,,,0,50,,average
P7172,Thanh,Wellen,2005-10-24,73,200,Anglo,medium,blonde,clean_shaven,R,C,,0,,,50,50,48,51,50,52,57,48,52,51,,,,,,,,,,,,75,60,64,79,50,0,0,48,78,74,,,,,,,,,,,,False,,,0,,,,,,0,50,,balanced
P9057,John,Doe,1994-08-11,71,230,Unknown,dark,red,clean_shaven,S,P,,1,RP,CL,,,,,55,,,,51,50,48,50,52,52,52,58,58,66,0,0,0,,,,,0,,,,52,46,52,50,46,55,51,54,54,71,0,0,0,False,,,0,,,,,,0,50,closer,
P1100,John,Doe,1992-12-13,70,183,Unknown,medium,black,beard,R,P,,1,RP,SP,,,,,51,,,,52,49,52,52,53,51,51,58,0,61,0,0,0,,,,,0,,,,50,46,49,46,51,49,45,54,0,53,0,0,0,False,,,0,,,,,,0,50,balanced_sp,
P5788,John,Doe,1998-07-29,73,249,Unknown,light,black,goatee,R,P,,1,RP,SP,,,,,52,,,,51,52,52,53,54,50,52,62,63,61,0,54,0,,,,,0,,,,65,67,63,68,57,58,62,68,78,67,0,59,0,False,,,0,,,,,,0,50,balanced_sp,
P2085,John,Doe,1997-12-18,70,222,Unknown,light,brown,clean_shaven,R,P,,1,RP,RP,,,,,55,,,,47,52,49,50,53,51,51,60,61,0,59,0,0,,,,,0,,,,50,53,48,50,53,47,52,59,58,0,59,0,0,False,,,0,,,,,,0,50,groundball_rp,
P3341,John,Doe,1995-12-02,77,192,Unknown,dark,brown,clean_shaven,R,P,,1,RP,SP,,,,,49,,,,48,48,53,50,52,50,52,61,62,0,0,0,0,,,,,0,,,,50,50,53,51,58,46,57,61,65,0,0,0,0,False,,,0,,,,,,0,50,finesse_sp,
P8811,John,Doe,1997-10-26,78,188,Unknown,dark,blonde,goatee,L,P,,1,RP,SP,,,,,50,,,,49,50,53,53,52,50,52,60,59,0,0,54,0,,,,,0,,,,50,55,48,54,49,50,56,63,60,0,0,51,0,False,,,0,,,,,,0,50,finesse_sp,
P7280,John,Doe,1995-05-30,68,208,Unknown,medium,black,goatee,L,P,,1,RP,CL,,,,,49,,,,50,54,47,51,52,52,53,60,60,67,0,0,0,,,,,0,,,,45,49,56,54,43,51,51,61,58,64,0,0,0,False,,,0,,,,,,0,50,closer,
P9890,John,Doe,1991-09-17,68,247,Unknown,medium,brown,mustache,L,P,,1,RP,SP,,,,,50,,,,50,50,50,50,54,52,52,58,60,0,0,54,0,,,,,0,,,,50,41,41,44,45,47,46,54,53,0,0,54,0,False,,,0,,,,,,0,50,finesse_sp,
P3094,John,Doe,1994-01-04,74,235,Unknown,dark,black,clean_shaven,S,P,,1,RP,SP,,,,,51,,,,50,51,52,50,52,53,54,63,59,61,0,0,0,,,,,0,,,,46,47,49,45,51,48,49,62,54,51,0,0,0,False,,,0,,,,,,0,50,balanced_sp,
P1103,John,Doe,1996-05-14,69,210,Unknown,light,black,clean_shaven,S,P,,1,RP,RP,,,,,50,,,,52,49,51,50,53,50,50,60,0,0,0,0,0,,,,,0,,,,50,49,53,52,49,51,55,64,0,0,0,0,0,False,,,0,,,,,,0,50,finesse_rp,
P8478,John,Doe,1994-06-26,77,190,Unknown,medium,brown,beard,R,P,,1,RP,SP,,,,,51,,,,50,54,52,53,52,49,53,61,62,62,58,0,0,,,,,0,,,,54,50,50,50,55,45,50,57,62,58,58,0,0,False,,,0,,,,,,0,50,power_sp,
P7460,John,Doe,1993-11-11,76,242,Unknown,dark,blonde,beard,R,C,,0,,,51,50,48,51,50,49,57,49,49,53,,,,,,,,,,,,49,46,43,46,50,0,0,49,46,53,,,,,,,,,,,,False,,,0,,,,,,0,50,,gap
P5306,John,Doe,1996-05-26,69,204,Unknown,light,black,goatee,L,1B,,0,,,59,53,53,52,52,48,43,51,52,51,,,,,,,,,,,,61,50,52,56,52,0,0,51,49,51,,,,,,,,,,,,False,,,0,,,,,,0,50,,spray
P7398,John,Doe,2002-08-20,69,246,Unknown,dark,black,clean_shaven,R,2B,,0,,,53,52,51,53,51,52,56,49,52,49,,,,,,,,,,,,66,58,65,66,51,0,0,49,67,64,,,,,,,,,,,,False,,,0,,,,,,0,50,,balanced
P3128,John,Doe,2003-01-16,69,193,Unknown,dark,brown,goatee,R,3B,,0,,,52,50,50,50,52,47,56,51,48,49,,,,,,,,,,,,58,58,56,55,52,0,0,51,58,56,,,,,,,,,,,,False,,,0,,,,,,0,50,,average
P3003,John,Doe,1994-12-19,78,185,Unknown,dark,black,clean_shaven,R,SS,,0,,,56,47,52,52,49,49,58,49,49,47,,,,,,,,,,,,59,45,57,52,49,0,0,49,51,50,,,,,,,,,,,,False,,,0,,,,,,0,50,,spray
P5559,John,Doe,1991-03-25,78,212,Unknown,medium,brown,mustache,R,LF,,0,,,51,63,48,52,49,49,58,52,49,50,,,,,,,,,,,,43,60,45,43,49,0,0,52,46,44,,,,,,,,,,,,False,,,0,,,,,,0,50,,power
P4493,John,Doe,2004-03-13,77,213,Unknown,light,black,clean_shaven,L,CF,,0,,,51,49,49,51,50,51,47,52,49,53,,,,,,,,,,,,74,76,69,78,50,0,0,52,72,67,,,,,,,,,,,,False,,,0,,,,,,0,50,,balanced
P3425,John,Doe,1994-07-26,73,239,Unknown,light,brown,clean_shaven,L,RF,,0,,,59,51,49,51,53,47,44,50,48,51,,,,,,,,,,,,55,46,49,54,53,0,0,50,51,51,,,,,,,,,,,,False,,,0,,,,,,0,50,,spray
P8835,John,Doe,2000-07-01,70,191,Unknown,dark,black,clean_shaven,L,C,,0,,,50,61,52,51,47,52,50,51,49,50,,,,,,,,,,,,65,71,59,57,47,0,0,51,59,61,,,,,,,,,,,,False,,,0,,,,,,0,50,,power
P5954,John,Doe,1998-11-19,72,190,Unknown,medium,brown,mustache,R,RF,,0,,,53,63,48,49,47,53,54,50,48,51,,,,,,,,,,,,59,75,57,60,47,0,0,50,55,60,,,,,,,,,,,,False,,,0,,,,,,0,50,,power
P9122,John,Doe,1998-05-29,70,243,Unknown,medium,blonde,goatee,S,LF,,0,,,52,51,50,51,50,49,54,52,52,50,,,,,,,,,,,,61,65,62,57,50,0,0,52,61,60,,,,,,,,,,,,False,,,0,,,,,,0,50,,balanced
P4120,John,Doe,1996-09-30,72,169,Unknown,light,blonde,clean_shaven,R,RF,,0,,,50,57,49,50,49,54,51,50,48,51,,,,,,,,,,,,55,60,51,50,49,0,0,50,44,53,,,,,,,,,,,,False,,,0,,,,,,0,50,,power
P3855,John,Doe,2000-04-25,68,230,Unknown,medium,black,goatee,L,RF,,0,,,49,62,48,50,51,51,43,49,49,49,,,,,,,,,,,,55,76,63,56,51,0,0,49,58,59,,,,,,,,,,,,False,,,0,,,,,,0,50,,power
P4239,John,Doe,1988-09-03,72,216,Unknown,medium,blonde,clean_shaven,R,2B,,0,,,55,52,52,54,50,48,59,49,48,52,,,,,,,,,,,,47,47,43,48,50,0,0,49,39,47,,,,,,,,,,,,False,,,0,,,,,,0,50,,balanced
P4390,John,Doe,2004-07-07,69,215,Unknown,medium,black,clean_shaven,R,P,,1,RP,CL,,,,,55,,,,51,54,52,53,57,51,54,58,0,67,0,0,0,,,,,0,,,,67,65,65,69,68,71,82,86,0,78,0,0,0,False,,,0,,,,,,0,50,closer,
P7552,John,Doe,2002-01-08,69,208,Unknown,light,red,clean_shaven,L,P,RF,1,RP,SP,,,,,48,,,,48,53,51,50,52,51,50,62,61,58,0,58,0,,,,,0,,,,60,58,64,57,66,65,58,71,75,69,0,66,0,False,,,0,,,,,,0,50,balanced_sp,
P3181,John,Doe,2003-07-24,75,236,Unknown,light,brown,clean_shaven,L,P,,1,RP,SP,,,,,52,,,,48,49,50,53,52,50,48,60,59,59,0,0,0,,,,,0,,,,55,55,62,59,61,59,59,68,66,65,0,0,0,False,,,0,,,,,,0,50,finesse_sp,
P9854,John,Doe,1990-09-24,73,223,Unknown,dark,blonde,beard,S,P,,1,RP,SP,,,,,52,,,,52,50,54,53,52,52,49,62,60,60,58,0,0,,,,,0,,,,47,42,51,46,54,47,43,52,52,58,48,0,0,False,,,0,,,,,,0,50,workhorse_sp,
P7024,John,Doe,1996-11-24,75,195,Unknown,medium,black,clean_shaven,R,P,,1,RP,SP,,,,,50,,,,52,53,50,52,53,51,53,62,59,0,0,0,0,,,,,0,,,,52,49,47,56,52,53,58,59,56,0,0,0,0,False,,,0,,,,,,0,50,finesse_sp,
P7717,John,Doe,1998-02-15,77,224,Unknown,dark,blonde,clean_shaven,R,P,,1,RP,SP,,,,,51,,,,50,50,52,52,53,53,49,63,62,0,60,54,0,,,,,0,,,,53,52,56,55,47,53,45,68,61,0,63,58,0,False,,,0,,,,,,0,50,finesse_sp,
P2775,John,Doe,1995-07-17,71,190,Unknown,light,brown,clean_shaven,R,P,,1,RP,SP,,,,,50,,,,51,48,51,53,53,49,53,61,61,0,0,0,0,,,,,0,,,,54,46,54,50,56,51,48,56,59,0,0,0,0,False,,,0,,,,,,0,50,finesse_sp,
P6084,John,Doe,1992-12-09,78,177,Unknown,medium,black,clean_shaven,R,3B,,0,,,50,58,47,49,49,51,59,50,49,49,,,,,,,,,,,,41,50,38,41,49,0,0,50,40,41,,,,,,,,,,,,False,,,0,,,,,,0,50,,power
P4284,John,Doe,2005-01-20,69,234,Unknown,dark,black,clean_shaven,R,LF,,0,,,50,64,50,51,50,51,58,50,49,49,,,,,,,,,,,,75,94,80,70,50,0,0,50,76,60,,,,,,,,,,,,False,,,0,,,,,,0,50,,power
P5937,John,Doe,2000-04-29,71,226,Unknown,dark,brown,clean_shaven,R,3B,,0,,,58,57,53,53,50,49,57,51,50,52,,,,,,,,,,,,63,71,59,64,50,0,0,51,61,58,,,,,,,,,,,,False,,,0,,,,,,0,50,,gap
P5140,John,Doe,1997-05-29,68,186,Unknown,dark,black,clean_shaven,L,C,,0,,,50,51,51,51,53,51,46,53,51,47,,,,,,,,,,,,50,49,50,55,53,0,0,53,51,49,,,,,,,,,,,,False,,,0,,,,,,0,50,,average
P8034,John,Doe,2002-04-26,77,222,Unknown,dark,brown,clean_shaven,R,SS,,0,,,51,51,48,50,49,48,60,52,50,49,,,,,,,,,,,,66,58,61,60,49,0,0,52,62,56,,,,,,,,,,,,False,,,0,,,,,,0,50,,average
P3899,John,Doe,2001-03-08,72,171,Unknown,medium,brown,clean_shaven,R,LF,1B,0,,,52,51,48,51,53,50,57,48,48,52,,,,,,,,,,,,61,56,58,61,53,0,0,48,58,57,,,,,,,,,,,,False,,,0,,,,,,0,50,,average
P3758,John,Doe,1988-07-25,70,243,Unknown,light,brown,clean_shaven,L,SS,,0,,,51,52,49,50,52,51,48,52,47,47,,,,,,,,,,,,45,50,39,50,52,0,0,52,41,41,,,,,,,,,,,,False,,,0,,,,,,0,50,,gap
P7211,John,Doe,1991-12-16,72,247,Unknown,medium,black,clean_shaven,L,LF,,0,,,52,62,48,53,50,49,51,49,49,52,,,,,,,,,,,,42,57,48,52,50,0,0,49,47,45,,,,,,,,,,,,False,,,0,,,,,,0,50,,power
P9705,John,Doe,2004-08-23,68,185,Unknown,dark,black,clean_shaven,R,P,,1,RP,CL,,,,,55,,,,49,54,51,52,54,49,56,58,58,66,0,0,0,,,,,0,,,,66,82,69,73,63,63,76,72,85,94,0,0,0,False,,,0,,,,,,0,50,closer,
P5332,John,Doe,2007-10-22,75,189,Unknown,light,black,clean_shaven,R,P,,1,RP,SP,,,,,47,,,,50,51,53,50,53,52,53,0,63,59,56,0,0,,,,,0,,,,66,81,74,79,80,78,64,0,87,80,79,0,0,False,,,0,,,,,,0,50,power_sp,
P9446,John,Doe,2005-10-03,71,160,Unknown,medium,black,beard,R,P,,1,RP,RP,,,,,57,,,,52,49,50,52,54,49,51,59,0,65,62,0,0,,,,,0,,,,76,68,81,79,63,69,62,84,0,84,73,0,0,False,,,0,,,,,,0,50,groundball_rp,
P8009,John,Doe,2005-09-26,75,204,Unknown,dark,blonde,beard,L,P,,1,RP,RP,,,,,52,,,,48,52,49,50,52,49,54,0,62,66,0,0,0,,,,,0,,,,66,66,62,79,74,72,73,0,87,87,0,0,0,False,,,0,,,,,,0,50,power_rp,
P8993,John,Doe,2007-09-03,74,177,Unknown,dark,black,clean_shaven,R,P,,1,RP,RP,,,,,53,,,,52,50,51,50,52,50,53,0,64,63,0,0,0,,,,,0,,,,64,61,72,74,74,75,70,0,91,88,0,0,0,False,,,0,,,,,,0,50,power_rp,
P9808,John,Doe,2004-11-26,69,225,Unknown,light,brown,clean_shaven,L,RF,,0,,,49,51,51,49,48,52,50,49,50,48,,,,,,,,,,,,66,65,78,67,48,0,0,49,72,77,,,,,,,,,,,,False,,,0,,,,,,0,50,,average
P5004,John,Doe,2006-01-20,72,170,Unknown,light,black,mustache,R,LF,,0,,,53,60,51,52,47,51,56,49,48,49,,,,,,,,,,,,65,85,81,75,47,0,0,49,63,64,,,,,,,,,,,,False,,,0,,,,,,0,50,,power
P4711,John,Doe,2007-03-29,69,163,Unknown,light,brown,clean_shaven,S,LF,,0,,,52,59,47,49,48,52,51,52,50,52,,,,,,,,,,,,77,77,77,71,48,0,0,52,77,79,,,,,,,,,,,,False,,,0,,,,,,0,50,,power
P3838,John,Doe,2007-10-23,69,193,Unknown,dark,black,clean_shaven,R,SS,,0,,,59,50,52,52,53,46,61,53,50,49,,,,,,,,,,,,76,75,79,63,53,0,0,53,74,70,,,,,,,,,,,,False,,,0,,,,,,0,50,,spray
P1503,John,Doe,2005-11-12,77,234,Unknown,light,brown,clean_shaven,R,3B,,0,,,49,54,49,48,49,49,60,52,50,52,,,,,,,,,,,,73,71,76,77,49,0,0,52,78,78,,,,,,,,,,,,False,,,0,,,,,,0,50,,balanced
P7716,John,Doe,1991-06-02,77,236,Unknown,dark,brown,mustache,S,P,,1,RP,CL,,,,,55,,,,48,53,50,52,52,51,52,0,0,65,0,0,0,,,,,0,,,,39,43,42,44,41,43,47,0,0,61,0,0,0,False,,,0,,,,,,0,50,closer,
P7402,John,Doe,1987-04-29,75,213,Unknown,light,brown,beard,L,P,,1,RP,SP,,,,,50,,,,50,51,50,51,54,53,51,61,61,0,59,0,0,,,,,0,,,,40,43,46,48,42,52,49,52,57,0,59,0,0,False,,,0,,,,,,0,50,groundball_sp,
P9906,John,Doe,1993-12-05,71,176,Unknown,light,brown,beard,L,P,,1,RP,SP,,,,,50,,,,51,51,52,52,52,50,51,59,63,59,0,56,0,,,,,0,,,,51,49,48,50,48,40,49,53,62,56,0,52,0,False,,,0,,,,,,0,50,finesse_sp,
P8853,John,Doe,2002-08-30,76,217,Unknown,medium,black,clean_shaven,R,P,,1,RP,SP,,,,,49,,,,48,51,54,52,53,48,54,59,62,58,0,0,0,,,,,0,,,,59,65,66,68,64,61,66,65,70,67,0,0,0,False,,,0,,,,,,0,50,balanced_sp,
P3371,John,Doe,1998-05-23,69,204,Unknown,medium,black,clean_shaven,L,P,,1,RP,LR,,,,,52,,,,50,49,50,53,52,50,54,0,60,0,0,0,0,,,,,0,,,,58,64,64,64,61,65,64,0,68,0,0,0,0,False,,,0,,,,,,0,50,long_relief,
P9540,John,Doe,1994-03-12,76,192,Unknown,dark,black,clean_shaven,L,P,,1,RP,SP,,,,,51,,,,53,49,51,50,53,50,50,58,60,0,0,0,0,,,,,0,,,,56,54,49,49,50,50,48,59,63,0,0,0,0,False,,,0,,,,,,0,50,balanced_sp,
P7283,John,Doe,1987-10-27,75,171,Unknown,light,brown,mustache,S,P,,1,RP,SP,,,,,49,,,,48,50,50,50,52,52,49,59,0,60,0,0,0,,,,,0,,,,48,45,44,44,46,44,44,53,0,50,0,0,0,False,,,0,,,,,,0,50,balanced_sp,
P4358,John,Doe,1991-08-30,72,168,Unknown,light,black,clean_shaven,L,P,,1,RP,SP,,,,,51,,,,50,48,53,50,54,52,49,61,64,58,0,0,0,,,,,0,,,,44,48,49,49,52,48,46,52,58,57,0,0,0,False,,,0,,,,,,0,50,finesse_sp,
P4326,John,Doe,1989-05-25,76,171,Unknown,medium,brown,mustache,S,P,,1,RP,RP,,,,,56,,,,49,50,49,50,53,49,53,0,57,0,61,0,0,,,,,0,,,,44,44,41,52,47,49,49,0,52,0,61,0,0,False,,,0,,,,,,0,50,groundball_rp,
P5284,John,Doe,2004-01-08,68,243,Unknown,light,black,clean_shaven,L,P,,1,RP,SP,,,,,51,,,,52,49,50,52,52,51,53,62,63,0,0,0,0,,,,,0,,,,67,54,67,66,60,65,59,73,75,0,0,0,0,False,,,0,,,,,,0,50,workhorse_sp,
P3471,John,Doe,2000-07-29,78,160,Unknown,medium,brown,clean_shaven,R,P,,1,RP,RP,,,,,56,,,,50,53,48,51,53,50,50,0,58,0,61,0,0,,,,,0,,,,57,60,63,62,63,60,55,0,63,0,76,0,0,False,,,0,,,,,,0,50,groundball_rp,
P9037,John,Doe,1989-07-27,72,160,Unknown,light,black,clean_shaven,R,C,,0,,,49,56,50,51,52,50,57,52,50,48,,,,,,,,,,,,48,50,45,48,52,0,0,52,43,44,,,,,,,,,,,,False,,,0,,,,,,0,50,,power
P4177,John,Doe,1995-02-11,76,198,Unknown,dark,blonde,mustache,L,1B,,0,,,51,65,53,50,48,50,45,49,52,51,,,,,,,,,,,,54,66,49,55,48,0,0,49,55,48,,,,,,,,,,,,False,,,0,,,,,,0,50,,power
P6017,John,Doe,1995-06-26,78,234,Unknown,medium,brown,clean_shaven,R,2B,,0,,,50,49,51,49,51,48,55,48,49,50,,,,,,,,,,,,50,48,46,46,51,0,0,48,50,51,,,,,,,,,,,,False,,,0,,,,,,0,50,,balanced
P9289,John,Doe,1995-10-06,73,160,Unknown,dark,blonde,clean_shaven,R,3B,SS,0,,,48,59,48,50,49,51,57,49,50,49,,,,,,,,,,,,50,60,52,46,49,0,0,49,47,51,,,,,,,,,,,,False,,,0,,,,,,0,50,,power
P8707,John,Doe,1997-06-06,71,180,Unknown,light,brown,beard,R,SS,,0,,,69,53,52,56,51,47,61,51,51,48,,,,,,,,,,,,66,53,48,54,51,0,0,51,53,45,,,,,,,,,,,,False,,,0,,,,,,0,50,,spray
P6029,John,Doe,2004-03-27,70,238,Unknown,light,black,clean_shaven,R,LF,,0,,,52,52,48,52,49,48,58,49,48,53,,,,,,,,,,,,80,68,69,81,49,0,0,49,71,66,,,,,,,,,,,,False,,,0,,,,,,0,50,,average
P3084,John,Doe,1992-02-21,75,197,Unknown,dark,brown,clean_shaven,R,CF,,0,,,51,53,51,51,53,51,52,47,50,49,,,,,,,,,,,,49,45,43,51,53,0,0,47,41,43,,,,,,,,,,,,False,,,0,,,,,,0,50,,average
P1005,John,Doe,1995-08-14,78,238,Unknown,dark,brown,clean_shaven,R,RF,,0,,,51,58,51,50,50,53,58,49,51,52,,,,,,,,,,,,54,54,51,45,50,0,0,49,53,53,,,,,,,,,,,,False,,,0,,,,,,0,50,,power
P7584,John,Doe,1993-01-17,72,178,Unknown,dark,brown,clean_shaven,R,C,,0,,,63,51,50,52,53,47,58,53,52,49,,,,,,,,,,,,59,51,48,44,53,0,0,53,50,45,,,,,,,,,,,,False,,,0,,,,,,0,50,,spray
P8492,John,Doe,2001-05-21,77,185,Unknown,medium,black,clean_shaven,R,RF,,0,,,52,52,48,49,52,50,54,52,53,48,,,,,,,,,,,,66,58,57,58,52,0,0,52,67,61,,,,,,,,,,,,False,,,0,,,,,,0,50,,average
P2494,John,Doe,1995-03-12,68,245,Unknown,medium,blonde,clean_shaven,R,1B,,0,,,54,55,53,53,50,50,56,53,51,49,,,,,,,,,,,,52,53,52,53,50,0,0,53,48,50,,,,,,,,,,,,False,,,0,,,,,,0,50,,balanced
P3061,John,Doe,2000-06-04,68,212,Unknown,dark,blonde,clean_shaven,R,3B,,0,,,57,58,48,55,49,50,55,49,48,49,,,,,,,,,,,,68,70,53,60,49,0,0,49,54,58,,,,,,,,,,,,False,,,0,,,,,,0,50,,gap
P5121,John,Doe,2000-11-07,68,206,Unknown,medium,brown,goatee,R,3B,,0,,,55,51,92,50,53,49,58,51,48,49,,,,,,,,,,,,64,58,99,64,53,0,0,51,61,54,,,,,,,,,,,,False,,,0,,,,,,0,50,,elite_speed
P3529,John,Doe,1997-09-09,76,202,Unknown,medium,blonde,clean_shaven,L,RF,,0,,,49,60,51,50,49,50,47,49,49,49,,,,,,,,,,,,52,61,50,49,49,0,0,49,48,44,,,,,,,,,,,,False,,,0,,,,,,0,50,,power
P7568,John,Doe,1993-06-03,71,223,Unknown,dark,black,beard,L,P,,1,RP,CL,,,,,55,,,,50,50,48,51,53,51,54,0,0,67,0,0,0,,,,,0,,,,41,41,45,48,42,41,44,0,0,59,0,0,0,False,,,0,,,,,,0,50,closer,
P2250,John,Doe,1990-06-14,69,236,Unknown,light,blonde,beard,R,P,,1,RP,SP,,,,,51,,,,50,50,50,53,52,47,53,0,63,60,0,0,0,,,,,0,,,,48,44,50,51,43,41,48,0,60,59,0,0,0,False,,,0,,,,,,0,50,power_sp,
P7442,John,Doe,1999-08-12,78,236,Unknown,light,black,clean_shaven,R,P,,1,RP,RP,,,,,51,,,,51,54,52,51,52,52,54,58,63,65,0,0,0,,,,,0,,,,62,61,60,65,67,65,60,73,69,77,0,0,0,False,,,0,,,,,,0,50,power_rp,
P9863,John,Doe,1989-12-18,76,227,Unknown,light,black,beard,R,P,,1,RP,SP,,,,,49,,,,51,53,52,51,52,51,53,58,60,58,0,54,0,,,,,0,,,,49,44,41,50,45,50,46,53,59,52,0,51,0,False,,,0,,,,,,0,50,power_sp,
P4621,John,Doe,1993-11-26,73,195,Unknown,medium,black,mustache,L,P,,1,RP,RP,,,,,56,,,,52,51,49,52,53,49,51,58,62,0,64,0,0,,,,,0,,,,48,47,48,45,40,46,49,51,61,0,58,0,0,False,,,0,,,,,,0,50,groundball_rp,
P2532,John,Doe,1998-09-13,77,204,Unknown,dark,black,goatee,L,P,,1,RP,RP,,,,,49,,,,48,49,51,50,52,53,52,60,61,67,0,0,0,,,,,0,,,,62,64,55,62,61,63,65,71,71,73,0,0,0,False,,,0,,,,,,0,50,power_rp,
P4701,John,Doe,1999-07-04,68,212,Unknown,light,black,clean_shaven,L,P,,1,RP,SP,,,,,50,,,,50,48,51,52,52,52,50,61,58,60,58,0,0,,,,,0,,,,59,58,61,66,64,60,59,68,73,75,64,0,0,False,,,0,,,,,,0,50,groundball_sp,
P4135,John,Doe,1991-06-11,72,230,Unknown,dark,black,clean_shaven,R,3B,,0,,,52,52,70,51,50,48,58,51,51,49,,,,,,,,,,,,47,47,63,41,50,0,0,51,42,44,,,,,,,,,,,,False,,,0,,,,,,0,50,,speed
P7869,John,Doe,1992-05-07,78,233,Unknown,light,blonde,mustache,R,C,,0,,,50,53,47,52,49,51,57,51,52,49,,,,,,,,,,,,49,53,39,50,49,0,0,51,49,43,,,,,,,,,,,,False,,,0,,,,,,0,50,,average
P3171,John,Doe,2004-03-15,71,226,Unknown,dark,brown,clean_shaven,L,1B,,0,,,67,55,50,51,53,51,43,51,50,50,,,,,,,,,,,,84,69,77,67,53,0,0,51,76,68,,,,,,,,,,,,False,,,0,,,,,,0,50,,spray
P9012,John,Doe,1991-06-02,72,183,Unknown,dark,blonde,mustache,R,3B,,0,,,62,52,49,51,50,47,56,53,51,50,,,,,,,,,,,,61,46,40,51,50,0,0,53,45,44,,,,,,,,,,,,False,,,0,,,,,,0,50,,spray
P4059,John,Doe,1990-10-05,74,233,Unknown,medium,blonde,clean_shaven,R,SS,,0,,,49,50,53,51,52,52,60,49,51,52,,,,,,,,,,,,48,40,47,41,52,0,0,49,45,49,,,,,,,,,,,,False,,,0,,,,,,0,50,,average
P4916,John,Doe,1987-09-07,71,188,Unknown,light,blonde,beard,R,2B,,0,,,67,49,48,55,50,49,60,48,52,51,,,,,,,,,,,,61,40,42,52,50,0,0,48,45,44,,,,,,,,,,,,False,,,0,,,,,,0,50,,spray
P5585,John,Doe,1994-12-19,75,179,Unknown,light,black,mustache,R,RF,,0,,,50,58,52,52,48,52,55,51,48,51,,,,,,,,,,,,52,59,53,49,48,0,0,51,46,52,,,,,,,,,,,,False,,,0,,,,,,0,50,,balanced
P9541,John,Doe,1992-02-10,71,187,Unknown,light,black,clean_shaven,R,3B,,0,,,49,51,48,50,51,50,57,50,51,49,,,,,,,,,,,,42,44,40,44,51,0,0,50,41,41,,,,,,,,,,,,False,,,0,,,,,,0,50,,average
P2286,John,Doe,2005-10-27,70,198,Unknown,dark,brown,goatee,R,P,,1,RP,CL,,,,,55,,,,50,53,50,52,52,51,54,59,60,65,0,0,0,,,,,0,,,,76,67,68,81,79,65,73,72,77,95,0,0,0,False,,,0,,,,,,0,50,closer,
P8601,John,Doe,2007-02-21,78,188,Unknown,dark,blonde,mustache,R,P,,1,RP,SP,,,,,51,,,,49,53,51,53,53,48,52,0,63,62,0,57,0,,,,,0,,,,70,78,83,66,74,62,75,0,83,80,0,70,0,False,,,0,,,,,,0,50,power_sp,
P6127,John,Doe,2006-10-20,71,238,Unknown,light,black,clean_shaven,R,P,,1,RP,SP,,,,,52,,,,49,49,52,51,54,52,50,0,60,58,0,0,0,,,,,0,,,,76,74,74,67,73,69,75,0,80,71,0,0,0,False,,,0,,,,,,0,50,balanced_sp,
P7377,John,Doe,2004-06-06,78,163,Unknown,light,brown,goatee,R,P,,1,RP,RP,,,,,57,,,,53,52,52,52,53,50,52,0,0,0,60,0,0,,,,,0,,,,69,73,72,64,75,71,72,0,0,0,83,0,0,False,,,0,,,,,,0,50,groundball_rp,
P1626,John,Doe,2006-09-26,74,225,Unknown,medium,black,goatee,L,P,,1,RP,SP,,,,,50,,,,51,50,53,53,54,52,51,0,59,59,0,0,0,,,,,0,,,,63,79,76,67,68,76,75,0,84,81,0,0,0,False,,,0,,,,,,0,50,workhorse_sp,
P6917,John,Doe,2005-11-22,72,167,Unknown,dark,brown,clean_shaven,R,LF,,0,,,49,52,52,52,53,52,60,49,49,49,,,,,,,,,,,,71,72,65,77,53,0,0,49,72,63,,,,,,,,,,,,False,,,0,,,,,,0,50,,average
P1494,John,Doe,2005-03-30,70,215,Unknown,dark,black,clean_shaven,R,3B,,0,,,51,50,52,52,47,50,58,50,48,52,,,,,,,,,,,,77,72,71,80,47,0,0,50,74,66,,,,,,,,,,,,False,,,0,,,,,,0,50,,balanced
P9613,John,Doe,2007-12-11,75,222,Unknown,light,brown,beard,R,C,,0,,,50,52,48,51,53,53,58,53,51,50,,,,,,,,,,,,77,79,58,66,53,0,0,53,68,61,,,,,,,,,,,,False,,,0,,,,,,0,50,,balanced
P7353,John,Doe,2007-11-20,75,168,Unknown,light,brown,clean_shaven,R,2B,,0,,,51,50,49,51,51,52,55,49,51,53,,,,,,,,,,,,74,75,73,77,51,0,0,49,69,82,,,,,,,,,,,,False,,,0,,,,,,0,50,,balanced
P8351,John,Doe,2004-04-16,75,201,Unknown,dark,blonde,clean_shaven,R,2B,,0,,,54,53,51,51,51,48,55,49,49,48,,,,,,,,,,,,77,75,76,65,51,0,0,49,71,58,,,,,,,,,,,,False,,,0,,,,,,0,50,,gap
P9731,John,Doe,1998-12-16,73,170,Unknown,medium,red,clean_shaven,R,P,,1,RP,CL,,,,,55,,,,49,53,51,51,52,53,54,0,0,65,0,0,0,,,,,0,,,,55,60,62,62,57,60,60,0,0,71,0,0,0,False,,,0,,,,,,0,50,closer,
P9248,John,Doe,1988-01-31,70,225,Unknown,dark,black,clean_shaven,L,P,,1,RP,RP,,,,,51,,,,52,51,51,53,53,49,50,62,60,0,61,0,0,,,,,0,,,,45,43,46,52,48,43,45,59,56,0,52,0,0,False,,,0,,,,,,0,50,finesse_rp,
P4802,John,Doe,1989-03-06,73,192,Unknown,dark,black,goatee,R,P,,1,RP,SP,,,,,50,,,,49,51,54,50,52,53,51,0,60,62,60,0,0,,,,,0,,,,48,42,43,45,44,46,41,0,51,59,60,0,0,False,,,0,,,,,,0,50,power_sp,
P6824,John,Doe,1996-08-29,69,249,Unknown,medium,blonde,mustache,R,P,,1,RP,SP,,,,,49,,,,52,49,53,53,54,50,53,59,0,61,0,0,0,,,,,0,,,,47,48,58,58,48,48,52,55,0,58,0,0,0,False,,,0,,,,,,0,50,workhorse_sp,
P9025,John,Doe,1991-08-09,70,213,Unknown,medium,brown,clean_shaven,L,P,,1,RP,SP,,,,,51,,,,50,53,52,50,52,50,53,61,61,62,56,0,0,,,,,0,,,,43,49,44,44,46,43,47,55,57,58,56,0,0,False,,,0,,,,,,0,50,balanced_sp,
P3036,John,Doe,1995-03-28,69,181,Unknown,dark,blonde,clean_shaven,L,P,,1,RP,SP,,,,,50,,,,51,50,54,51,52,48,50,61,0,58,0,0,0,,,,,0,,,,49,47,46,56,57,51,47,57,0,57,0,0,0,False,,,0,,,,,,0,50,workhorse_sp,
P5831,John,Doe,1988-09-23,76,203,Unknown,light,black,beard,R,P,,1,RP,SP,,,,,50,,,,50,52,53,50,52,53,51,0,0,60,62,0,0,,,,,0,,,,40,47,49,44,50,47,44,0,0,60,54,0,0,False,,,0,,,,,,0,50,groundball_sp,
P8308,John,Doe,2003-10-17,76,160,Unknown,dark,black,beard,R,P,,1,RP,SP,,,,,51,,,,51,53,52,53,52,49,52,59,63,61,0,0,0,,,,,0,,,,56,59,61,59,62,62,60,67,70,69,0,0,0,False,,,0,,,,,,0,50,balanced_sp,
P4395,John,Doe,2000-11-27,73,208,Unknown,medium,blonde,clean_shaven,R,P,,1,RP,RP,,,,,57,,,,47,52,52,50,54,50,49,0,58,0,61,0,0,,,,,0,,,,56,57,62,66,67,64,56,0,72,0,75,0,0,False,,,0,,,,,,0,50,groundball_rp,
P4692,John,Doe,1988-01-29,73,209,Unknown,medium,brown,clean_shaven,R,P,,1,RP,SP,,,,,49,,,,49,53,53,51,52,52,53,62,0,61,0,0,0,,,,,0,,,,39,53,50,44,43,52,51,56,0,52,0,0,0,False,,,0,,,,,,0,50,workhorse_sp,
P7864,John,Doe,2003-09-16,76,206,Unknown,medium,brown,clean_shaven,R,P,,1,RP,SP,,,,,50,,,,51,50,52,52,52,52,53,60,59,62,56,0,0,,,,,0,,,,60,64,64,57,66,65,61,65,68,73,66,0,0,False,,,0,,,,,,0,50,workhorse_sp,
P7287,John,Doe,1995-07-10,73,230,Unknown,light,black,beard,R,C,,0,,,53,65,51,53,47,49,57,51,53,48,,,,,,,,,,,,56,60,55,56,47,0,0,51,58,50,,,,,,,,,,,,False,,,0,,,,,,0,50,,power
P1149,John,Doe,1996-10-18,78,178,Unknown,medium,blonde,clean_shaven,L,1B,,0,,,60,50,53,51,50,50,46,52,49,50,,,,,,,,,,,,58,51,58,53,50,0,0,52,47,48,,,,,,,,,,,,False,,,0,,,,,,0,50,,spray
P3489,John,Doe,1999-11-28,76,249,Unknown,light,black,beard,R,2B,,0,,,58,51,50,55,48,50,60,49,50,48,,,,,,,,,,,,66,63,58,70,48,0,0,49,65,59,,,,,,,,,,,,False,,,0,,,,,,0,50,,balanced
P1689,John,Doe,1995-12-02,78,188,Unknown,light,brown,clean_shaven,R,3B,,0,,,49,53,52,49,51,49,59,50,51,48,,,,,,,,,,,,52,51,55,53,51,0,0,50,51,46,,,,,,,,,,,,False,,,0,,,,,,0,50,,balanced
P4788,John,Doe,2003-06-09,73,163,Unknown,light,black,clean_shaven,R,SS,,0,,,52,53,50,52,53,52,56,52,49,50,,,,,,,,,,,,64,65,64,64,53,0,0,52,60,64,,,,,,,,,,,,False,,,0,,,,,,0,50,,balanced
P5111,John,Doe,1989-07-04,72,239,Unknown,dark,blonde,beard,R,LF,,0,,,53,63,47,50,48,51,57,51,48,53,,,,,,,,,,,,44,55,44,47,48,0,0,51,46,47,,,,,,,,,,,,False,,,0,,,,,,0,50,,power
P1958,John,Doe,2000-02-28,68,182,Unknown,medium,black,clean_shaven,L,CF,,0,,,60,48,52,53,53,49,50,51,51,48,,,,,,,,,,,,68,54,67,66,53,0,0,51,57,57,,,,,,,,,,,,False,,,0,,,,,,0,50,,spray
P9887,John,Doe,1993-02-22,74,189,Unknown,light,brown,mustache,R,RF,,0,,,50,53,50,51,50,53,52,52,50,48,,,,,,,,,,,,41,50,49,46,50,0,0,52,44,47,,,,,,,,,,,,False,,,0,,,,,,0,50,,balanced
P1825,John,Doe,1996-12-08,74,182,Unknown,light,brown,beard,L,SS,,0,,,50,49,86,51,52,49,49,50,47,52,,,,,,,,,,,,53,50,83,53,52,0,0,50,42,54,,,,,,,,,,,,False,,,0,,,,,,0,50,,speed
P2902,John,Doe,1993-06-28,72,195,Unknown,dark,brown,goatee,S,LF,,0,,,52,50,53,52,52,50,52,51,50,51,,,,,,,,,,,,43,44,47,44,52,0,0,51,40,42,,,,,,,,,,,,False,,,0,,,,,,0,50,,balanced
P7481,John,Doe,1987-08-24,74,161,Unknown,dark,black,mustache,R,1B,,0,,,53,61,49,50,47,53,52,52,49,50,,,,,,,,,,,,43,52,49,48,47,0,0,52,49,45,,,,,,,,,,,,False,,,0,,,,,,0,50,,gap
P3494,John,Doe,1992-09-30,77,245,Unknown,light,black,clean_shaven,R,3B,,0,,,52,58,51,51,50,50,55,52,49,48,,,,,,,,,,,,49,51,45,41,50,0,0,52,48,38,,,,,,,,,,,,False,,,0,,,,,,0,50,,power
P1612,John,Doe,1988-09-26,78,185,Unknown,light,blonde,clean_shaven,R,LF,,0,,,49,62,52,50,51,50,55,50,53,50,,,,,,,,,,,,43,61,44,50,51,0,0,50,44,40,,,,,,,,,,,,False,,,0,,,,,,0,50,,power
P2536,John,Doe,1992-05-12,72,239,Unknown,medium,black,beard,L,1B,,0,,,52,59,52,52,48,51,48,50,48,51,,,,,,,,,,,,48,58,44,42,48,0,0,50,41,46,,,,,,,,,,,,False,,,0,,,,,,0,50,,balanced
P8554,John,Doe,1993-11-06,69,186,Unknown,dark,black,goatee,S,P,,1,RP,CL,,,,,55,,,,50,52,51,53,59,49,55,0,0,67,0,0,0,,,,,0,,,,40,46,49,56,50,41,46,0,0,65,0,0,0,False,,,0,,,,,,0,50,closer,
P3291,John,Doe,2004-05-01,77,167,Unknown,medium,black,clean_shaven,L,P,,1,RP,SP,,,,,51,,,,49,52,52,50,52,50,51,0,60,60,57,54,0,,,,,0,,,,66,66,70,74,63,67,65,0,75,87,72,74,0,False,,,0,,,,,,0,50,power_sp,
P6351,John,Doe,2000-01-05,68,214,Unknown,dark,black,clean_shaven,R,P,,1,RP,SP,,,,,50,,,,50,50,54,51,52,48,54,0,62,63,0,53,0,,,,,0,,,,61,64,66,58,61,59,69,0,77,73,0,60,0,False,,,0,,,,,,0,50,power_sp,
P2815,John,Doe,1999-04-09,72,235,Unknown,dark,blonde,clean_shaven,L,P,,1,RP,SP,,,,,48,,,,52,48,50,52,54,49,53,62,0,61,0,0,0,,,,,0,,,,60,61,64,60,55,61,65,69,0,70,0,0,0,False,,,0,,,,,,0,50,workhorse_sp,
P1453,John,Doe,1999-02-13,78,177,Unknown,medium,brown,clean_shaven,L,P,,1,RP,CL,,,,,52,,,,50,54,51,50,52,50,53,0,0,67,0,0,0,,,,,0,,,,64,66,62,60,57,59,61,0,0,72,0,0,0,False,,,0,,,,,,0,50,closer,
P6423,John,Doe,1993-11-20,78,215,Unknown,light,black,mustache,R,P,,1,RP,SP,,,,,54,,,,50,49,51,50,52,49,53,61,60,57,61,0,0,,,,,0,,,,46,43,48,45,41,48,49,56,52,51,60,0,0,False,,,0,,,,,,0,50,groundball_sp,
P2609,John,Doe,1999-09-07,70,167,Unknown,dark,blonde,clean_shaven,R,P,,1,RP,RP,,,,,52,,,,47,53,50,52,52,52,52,62,60,63,0,0,0,,,,,0,,,,61,68,66,65,56,61,67,71,74,69,0,0,0,False,,,0,,,,,,0,50,finesse_rp,
P4893,John,Doe,1999-02-06,73,248,Unknown,medium,blonde,beard,L,CF,,0,,,51,49,70,51,54,49,47,51,49,48,,,,,,,,,,,,63,60,76,65,54,0,0,51,63,63,,,,,,,,,,,,False,,,0,,,,,,0,50,,speed
P7227,John,Doe,1994-05-17,76,164,Unknown,medium,black,goatee,R,LF,,0,,,53,55,49,50,49,51,56,53,53,48,,,,,,,,,,,,53,50,53,51,49,0,0,53,54,49,,,,,,,,,,,,False,,,0,,,,,,0,50,,balanced
P2686,John,Doe,1997-01-09,70,197,Unknown,dark,brown,clean_shaven,R,3B,,0,,,50,49,50,49,49,53,59,52,51,49,,,,,,,,,,,,53,48,46,50,49,0,0,52,50,48,,,,,,,,,,,,False,,,0,,,,,,0,50,,balanced
P4570,John,Doe,1996-08-04,70,188,Unknown,medium,brown,mustache,L,RF,C,0,,,50,62,50,49,52,51,47,53,48,51,,,,,,,,,,,,50,67,54,54,52,0,0,53,45,47,,,,,,,,,,,,False,,,0,,,,,,0,50,,power
P1049,John,Doe,1996-11-05,74,163,Unknown,dark,red,clean_shaven,L,1B,,0,,,49,62,49,50,49,49,47,53,48,48,,,,,,,,,,,,50,65,53,47,49,0,0,53,44,50,,,,,,,,,,,,False,,,0,,,,,,0,50,,power
P9791,John,Doe,1997-10-13,69,183,Unknown,light,black,clean_shaven,R,CF,,0,,,48,56,50,48,48,50,56,50,49,53,,,,,,,,,,,,47,59,54,52,48,0,0,50,54,49,,,,,,,,,,,,False,,,0,,,,,,0,50,,power
P1303,John,Doe,1989-02-08,75,233,Unknown,dark,black,mustache,S,C,,0,,,56,50,51,53,49,49,53,53,53,52,,,,,,,,,,,,51,46,47,48,49,0,0,53,51,48,,,,,,,,,,,,False,,,0,,,,,,0,50,,spray
P6559,John,Doe,1992-09-16,72,245,Unknown,light,brown,clean_shaven,L,3B,,0,,,53,51,50,52,52,50,50,53,50,50,,,,,,,,,,,,44,49,46,45,52,0,0,53,42,44,,,,,,,,,,,,False,,,0,,,,,,0,50,,average
P6652,John,Doe,2004-12-05,76,224,Unknown,dark,brown,clean_shaven,L,P,,1,RP,CL,,,,,55,,,,50,51,48,51,52,51,53,57,0,65,0,0,0,,,,,0,,,,64,64,70,78,61,72,80,70,0,83,0,0,0,False,,,0,,,,,,0,50,closer,
P4524,John,Doe,2006-07-11,78,220,Unknown,dark,brown,beard,L,P,,1,RP,RP,,,,,50,,,,51,53,48,50,52,50,54,0,60,65,0,0,0,,,,,0,,,,67,64,80,70,66,78,79,0,70,75,0,0,0,False,,,0,,,,,,0,50,power_rp,
P8548,John,Doe,2007-04-17,72,220,Unknown,light,black,clean_shaven,L,P,,1,RP,SP,,,,,49,,,,51,52,53,50,52,50,51,59,60,0,57,0,0,,,,,0,,,,68,72,64,65,63,61,76,77,75,0,84,0,0,False,,,0,,,,,,0,50,finesse_sp,
P2859,John,Doe,2006-08-06,68,216,Unknown,dark,blonde,clean_shaven,R,P,,1,RP,LR,,,,,51,,,,49,49,53,50,54,49,52,59,0,0,0,0,0,,,,,0,,,,65,76,74,79,64,61,79,87,0,0,0,0,0,False,,,0,,,,,,0,50,long_relief,
P4850,John,Doe,2004-10-08,70,227,Unknown,light,brown,beard,R,P,,1,RP,SP,,,,,49,,,,48,51,53,52,52,53,53,59,0,62,58,0,0,,,,,0,,,,75,62,77,82,81,72,64,75,0,73,76,0,0,False,,,0,,,,,,0,50,groundball_sp,
P2379,John,Doe,2006-12-14,76,200,Unknown,medium,brown,clean_shaven,R,SS,,0,,,51,63,47,51,50,51,58,50,52,51,,,,,,,,,,,,74,81,57,78,50,0,0,50,64,75,,,,,,,,,,,,False,,,0,,,,,,0,50,,power
P5424,John,Doe,2006-08-12,69,238,Unknown,dark,black,clean_shaven,L,C,,0,,,50,51,48,51,49,52,51,49,53,51,,,,,,,,,,,,70,64,69,74,49,0,0,49,66,66,,,,,,,,,,,,False,,,0,,,,,,0,50,,average
P6392,John,Doe,2007-06-20,78,203,Unknown,medium,brown,clean_shaven,R,3B,,0,,,53,51,51,53,49,49,56,53,49,50,,,,,,,,,,,,72,75,74,72,49,0,0,53,70,67,,,,,,,,,,,,False,,,0,,,,,,0,50,,average
P5984,John,Doe,2005-03-24,76,232,Unknown,medium,black,clean_shaven,L,C,,0,,,51,52,53,50,51,49,51,52,51,50,,,,,,,,,,,,64,80,76,65,51,0,0,52,64,71,,,,,,,,,,,,False,,,0,,,,,,0,50,,balanced
P9163,John,Doe,2005-11-07,71,162,Unknown,medium,brown,beard,R,RF,,0,,,52,58,47,51,50,53,54,49,51,48,,,,,,,,,,,,66,71,59,77,50,0,0,49,76,61,,,,,,,,,,,,False,,,0,,,,,,0,50,,power
P2059,John,Doe,1992-08-29,76,190,Unknown,medium,black,clean_shaven,S,P,,1,RP,CL,,,,,55,,,,50,52,52,51,52,50,51,59,59,66,0,0,0,,,,,0,,,,48,50,50,52,48,43,44,53,49,56,0,0,0,False,,,0,,,,,,0,50,closer,
P8983,John,Doe,2002-04-22,72,208,Unknown,dark,brown,clean_shaven,L,P,,1,RP,RP,,,,,53,,,,50,50,50,50,54,52,50,59,61,0,0,0,0,,,,,0,,,,59,56,57,65,59,67,64,64,68,0,0,0,0,False,,,0,,,,,,0,50,finesse_rp,
P6453,John,Doe,1993-04-21,68,243,Unknown,light,black,beard,L,P,,1,RP,RP,,,,,50,,,,50,52,48,51,52,49,51,0,59,64,60,0,0,,,,,0,,,,42,42,41,47,46,41,47,0,53,61,50,0,0,False,,,0,,,,,,0,50,power_rp,
P4467,John,Doe,1997-11-20,77,171,Unknown,medium,black,clean_shaven,R,P,,1,RP,RP,,,,,53,,,,47,49,48,50,52,49,52,57,61,0,0,0,0,,,,,0,,,,43,51,52,57,51,46,56,62,63,0,0,0,0,False,,,0,,,,,,0,50,finesse_rp,
P3387,John,Doe,1994-12-22,70,194,Unknown,dark,blonde,clean_shaven,S,P,,1,RP,SP,,,,,49,,,,48,52,52,52,54,53,51,63,62,57,56,0,0,,,,,0,,,,51,52,47,50,47,56,54,66,66,62,57,0,0,False,,,0,,,,,,0,50,finesse_sp,
P1433,John,Doe,2002-11-12,75,250,Unknown,dark,brown,clean_shaven,R,P,,1,RP,SP,,,,,53,,,,48,50,54,50,53,51,50,62,63,62,0,0,0,,,,,0,,,,60,61,63,67,61,65,63,67,72,71,0,0,0,False,,,0,,,,,,0,50,workhorse_sp,
P7647,John,Doe,2003-04-11,72,230,Unknown,medium,brown,clean_shaven,L,P,,1,RP,RP,,,,,49,,,,50,54,48,52,52,49,53,0,60,0,0,0,0,,,,,0,,,,57,60,58,63,59,62,67,0,73,0,0,0,0,False,,,0,,,,,,0,50,power_rp,
P9213,John,Doe,1998-11-14,71,160,Unknown,medium,brown,clean_shaven,L,P,,1,RP,RP,,,,,53,,,,51,49,51,50,52,49,50,0,62,63,59,0,0,,,,,0,,,,56,56,58,59,58,61,65,0,75,68,65,0,0,False,,,0,,,,,,0,50,power_rp,
P1112,John,Doe,2002-06-22,70,188,Unknown,light,brown,clean_shaven,R,P,,1,RP,SP,,,,,51,,,,52,50,53,50,54,50,51,58,0,0,57,0,0,,,,,0,,,,62,56,57,61,61,63,59,65,0,0,62,0,0,False,,,0,,,,,,0,50,groundball_sp,
P3897,John,Doe,2002-03-17,78,210,Unknown,medium,brown,clean_shaven,L,P,,1,RP,SP,,,,,51,,,,50,53,54,51,54,51,55,0,63,62,58,55,0,,,,,0,,,,62,61,58,68,64,57,62,0,68,77,66,70,0,False,,,0,,,,,,0,50,power_sp,
P7762,John,Doe,1988-10-31,68,211,Unknown,light,brown,goatee,S,P,,1,RP,SP,,,,,49,,,,51,51,50,50,52,51,51,58,63,60,58,0,0,,,,,0,,,,43,51,44,42,50,48,45,55,55,53,48,0,0,False,,,0,,,,,,0,50,workhorse_sp,
P3145,John,Doe,1998-10-15,74,248,Unknown,medium,blonde,clean_shaven,R,C,,0,,,51,59,48,50,52,52,58,52,52,52,,,,,,,,,,,,61,74,55,56,52,0,0,52,61,66,,,,,,,,,,,,False,,,0,,,,,,0,50,,power
P2968,John,Doe,2003-09-05,71,241,Unknown,medium,blonde,clean_shaven,R,1B,,0,,,49,58,50,50,49,50,57,49,50,52,,,,,,,,,,,,54,65,63,64,49,0,0,49,59,67,,,,,,,,,,,,False,,,0,,,,,,0,50,,balanced
P9812,John,Doe,2004-07-21,75,186,Unknown,dark,black,clean_shaven,R,2B,,0,,,64,58,51,53,48,50,56,50,48,49,,,,,,,,,,,,83,68,78,76,48,0,0,50,77,77,,,,,,,,,,,,False,,,0,,,,,,0,50,,gap
P6802,John,Doe,1998-07-11,73,189,Unknown,medium,black,beard,R,3B,,0,,,58,50,52,53,49,50,58,53,48,52,,,,,,,,,,,,73,61,65,65,49,0,0,53,57,62,,,,,,,,,,,,False,,,0,,,,,,0,50,,spray
P3539,John,Doe,2002-07-07,73,221,Unknown,medium,black,clean_shaven,R,SS,,0,,,70,63,53,54,49,48,58,48,51,52,,,,,,,,,,,,83,72,59,64,49,0,0,48,61,66,,,,,,,,,,,,False,,,0,,,,,,0,50,,gap
P4812,John,Doe,1998-04-08,73,188,Unknown,dark,brown,clean_shaven,R,LF,,0,,,52,53,49,51,49,51,57,53,48,52,,,,,,,,,,,,63,61,56,56,49,0,0,53,54,57,,,,,,,,,,,,False,,,0,,,,,,0,50,,average
P4555,John,Doe,1993-08-29,73,165,Unknown,light,brown,clean_shaven,L,CF,,0,,,50,52,51,49,52,53,45,48,51,52,,,,,,,,,,,,42,48,46,47,52,0,0,48,45,52,,,,,,,,,,,,False,,,0,,,,,,0,50,,balanced
P2779,John,Doe,2003-12-18,75,169,Unknown,light,blonde,clean_shaven,R,RF,,0,,,51,50,51,51,51,52,54,49,48,50,,,,,,,,,,,,57,65,61,58,51,0,0,49,57,57,,,,,,,,,,,,False,,,0,,,,,,0,50,,balanced
P2231,John,Doe,2002-12-13,73,185,Unknown,light,brown,clean_shaven,R,2B,,0,,,51,57,48,49,50,51,59,51,50,53,,,,,,,,,,,,59,63,56,60,50,0,0,51,58,60,,,,,,,,,,,,False,,,0,,,,,,0,50,,power
P1259,John,Doe,2002-04-15,68,164,Unknown,medium,blonde,beard,L,SS,,0,,,50,51,50,51,51,48,50,50,52,47,,,,,,,,,,,,61,58,65,60,51,0,0,50,60,54,,,,,,,,,,,,False,,,0,,,,,,0,50,,balanced
P5236,John,Doe,1989-05-30,71,189,Unknown,light,brown,clean_shaven,R,3B,,0,,,52,53,49,51,48,53,58,49,49,49,,,,,,,,,,,,42,49,43,42,48,0,0,49,41,43,,,,,,,,,,,,False,,,0,,,,,,0,50,,balanced
P3889,John,Doe,1998-11-01,76,186,Unknown,dark,black,beard,S,CF,,0,,,50,52,52,49,52,51,51,51,51,48,,,,,,,,,,,,60,58,57,62,52,0,0,51,66,53,,,,,,,,,,,,False,,,0,,,,,,0,50,,balanced
P5519,John,Doe,1992-06-15,71,208,Unknown,dark,brown,clean_shaven,L,3B,,0,,,49,52,52,51,48,47,50,51,49,51,,,,,,,,,,,,45,46,45,43,48,0,0,51,42,47,,,,,,,,,,,,False,,,0,,,,,,0,50,,balanced
P7002,John,Doe,1988-05-27,77,173,Unknown,dark,brown,clean_shaven,S,C,,0,,,51,53,48,51,52,52,51,53,51,51,,,,,,,,,,,,51,48,43,49,52,0,0,53,44,41,,,,,,,,,,,,False,,,0,,,,,,0,50,,average
P2758,John,Doe,1989-04-19,75,243,Unknown,light,brown,mustache,R,P,,1,RP,CL,,,,,55,,,,50,50,49,52,52,50,54,58,59,65,0,0,0,,,,,0,,,,49,45,48,46,39,49,49,58,49,57,0,0,0,False,,,0,,,,,,0,50,closer,
P3943,John,Doe,1996-05-15,75,202,Unknown,light,brown,clean_shaven,R,P,,1,RP,SP,,,,,50,,,,48,53,51,50,52,48,52,0,62,60,0,0,0,,,,,0,,,,43,53,46,50,55,44,54,0,66,58,0,0,0,False,,,0,,,,,,0,50,power_sp,
P8056,John,Doe,1989-05-20,76,236,Unknown,light,brown,mustache,L,P,,1,RP,SP,,,,,48,,,,50,53,50,50,52,49,51,58,59,62,0,58,0,,,,,0,,,,48,51,47,43,43,40,42,49,50,60,0,50,0,False,,,0,,,,,,0,50,balanced_sp,
P1570,John,Doe,2002-09-19,77,188,Unknown,light,black,clean_shaven,R,P,,1,RP,SP,,,,,52,,,,51,52,52,50,54,49,52,60,61,60,59,0,0,,,,,0,,,,56,62,57,60,63,57,67,66,69,68,66,0,0,False,,,0,,,,,,0,50,groundball_sp,
P4330,John,Doe,1996-07-09,76,203,Unknown,medium,black,beard,L,P,,1,RP,RP,,,,,51,,,,50,53,53,51,53,50,52,59,0,0,0,0,0,,,,,0,,,,53,50,53,58,53,52,56,60,0,0,0,0,0,False,,,0,,,,,,0,50,finesse_rp,
P1349,John,Doe,1994-04-22,68,219,Unknown,medium,brown,mustache,S,P,,1,RP,SP,,,,,48,,,,47,50,50,50,52,49,49,63,64,0,0,0,0,,,,,0,,,,47,49,46,55,45,44,51,59,59,0,0,0,0,False,,,0,,,,,,0,50,finesse_sp,
P8245,John,Doe,2002-01-27,68,189,Unknown,light,blonde,mustache,R,P,,1,RP,SP,,,,,53,,,,50,51,54,50,52,50,49,57,60,61,58,0,0,,,,,0,,,,57,57,56,63,61,58,64,63,73,67,70,0,0,False,,,0,,,,,,0,50,groundball_sp,
P6871,John,Doe,1998-06-25,69,227,Unknown,light,brown,clean_shaven,R,2B,,0,,,53,48,48,52,50,50,57,53,52,52,,,,,,,,,,,,59,55,56,58,50,0,0,53,60,65,,,,,,,,,,,,False,,,0,,,,,,0,50,,average
P4755,John,Doe,1988-02-11,70,175,Unknown,light,black,clean_shaven,R,2B,,0,,,54,49,49,54,48,48,57,50,52,50,,,,,,,,,,,,50,43,40,48,48,0,0,50,48,42,,,,,,,,,,,,False,,,0,,,,,,0,50,,gap
P4464,John,Doe,1998-01-16,78,199,Unknown,light,blonde,clean_shaven,R,RF,,0,,,51,54,51,52,48,49,57,51,52,52,,,,,,,,,,,,50,58,46,51,48,0,0,51,56,55,,,,,,,,,,,,False,,,0,,,,,,0,50,,balanced
P8003,John,Doe,1998-12-28,68,213,Unknown,medium,red,clean_shaven,R,SS,,0,,,53,51,53,51,48,49,59,51,52,51,,,,,,,,,,,,66,62,59,58,48,0,0,51,65,66,,,,,,,,,,,,False,,,0,,,,,,0,50,,balanced
P7882,John,Doe,2000-02-08,71,232,Unknown,light,black,mustache,R,3B,,0,,,49,52,52,50,52,51,58,52,48,50,,,,,,,,,,,,60,59,62,61,52,0,0,52,62,56,,,,,,,,,,,,False,,,0,,,,,,0,50,,average
P3026,John,Doe,1989-05-20,68,187,Unknown,medium,brown,clean_shaven,S,LF,,0,,,58,50,52,51,51,50,55,53,52,51,,,,,,,,,,,,57,48,42,42,51,0,0,53,50,43,,,,,,,,,,,,False,,,0,,,,,,0,50,,spray
P6417,John,Doe,1998-08-25,77,230,Unknown,light,blonde,clean_shaven,R,2B,,0,,,57,52,48,54,49,52,55,52,50,51,,,,,,,,,,,,71,60,62,66,49,0,0,52,63,61,,,,,,,,,,,,False,,,0,,,,,,0,50,,balanced
P6524,John,Doe,1994-11-26,74,205,Unknown,medium,brown,clean_shaven,R,CF,,0,,,49,51,48,49,49,52,52,53,47,51,,,,,,,,,,,,53,50,45,48,49,0,0,53,51,51,,,,,,,,,,,,False,,,0,,,,,,0,50,,average
P3476,John,Doe,2006-03-12,76,210,Unknown,medium,black,clean_shaven,S,P,,1,RP,CL,,,,,55,,,,50,51,52,52,52,53,55,58,58,65,0,0,0,,,,,0,,,,80,77,81,81,74,64,67,87,78,95,0,0,0,False,,,0,,,,,,0,50,closer,
P8527,John,Doe,2006-03-24,73,187,Unknown,light,brown,clean_shaven,R,P,,1,RP,SP,,,,,52,,,,48,51,53,53,52,51,51,0,62,62,0,0,0,,,,,0,,,,70,72,78,65,76,76,71,0,72,84,0,0,0,False,,,0,,,,,,0,50,power_sp,
P4273,John,Doe,2005-03-10,77,225,Unknown,light,black,mustache,R,P,,1,RP,SP,,,,,50,,,,53,49,50,50,53,50,52,58,63,0,0,0,0,,,,,0,,,,72,76,71,70,66,62,65,73,90,0,0,0,0,False,,,0,,,,,,0,50,finesse_sp,
P7078,John,Doe,2004-07-27,73,230,Unknown,light,brown,mustache,R,P,,1,RP,SP,,,,,51,,,,53,51,50,50,53,53,49,59,61,61,60,0,0,,,,,0,,,,74,65,65,71,74,72,61,75,84,81,83,0,0,False,,,0,,,,,,0,50,groundball_sp,
P8599,John,Doe,2006-08-29,76,184,Unknown,dark,brown,clean_shaven,R,P,,1,RP,LR,,,,,50,,,,50,50,51,51,53,50,53,59,60,0,0,0,0,,,,,0,,,,61,78,69,76,67,70,65,72,74,0,0,0,0,False,,,0,,,,,,0,50,long_relief,
P3429,John,Doe,2007-02-24,68,197,Unknown,dark,brown,beard,R,C,,0,,,51,54,52,50,48,52,57,50,49,53,,,,,,,,,,,,78,73,82,64,48,0,0,50,79,70,,,,,,,,,,,,False,,,0,,,,,,0,50,,gap
P3806,John,Doe,2006-11-07,78,200,Unknown,medium,brown,clean_shaven,R,2B,,0,,,54,50,50,51,50,49,57,52,51,51,,,,,,,,,,,,69,76,67,75,50,0,0,52,62,72,,,,,,,,,,,,False,,,0,,,,,,0,50,,balanced
P7317,John,Doe,2004-11-30,74,170,Unknown,dark,black,clean_shaven,R,CF,,0,,,48,51,51,49,51,54,52,53,49,49,,,,,,,,,,,,61,69,78,71,51,0,0,53,62,75,,,,,,,,,,,,False,,,0,,,,,,0,50,,balanced
P5748,John,Doe,2004-08-14,73,224,Unknown,medium,brown,goatee,R,CF,,0,,,58,51,52,55,49,50,54,47,48,50,,,,,,,,,,,,74,75,78,84,49,0,0,47,65,80,,,,,,,,,,,,False,,,0,,,,,,0,50,,spray
P6950,John,Doe,2006-05-29,75,217,Unknown,dark,black,mustache,R,LF,,0,,,51,63,51,51,48,51,57,49,51,52,,,,,,,,,,,,64,74,62,69,48,0,0,49,71,79,,,,,,,,,,,,False,,,0,,,,,,0,50,,power
