player_id,first_name,last_name,birthdate,height,weight,ethnicity,skin_tone,hair_color,facial_hair,bats,primary_position,other_positions,is_pitcher,role,preferred_pitching_role,ch,ph,sp,eye,gf,pl,vl,sc,fa,arm,endurance,control,movement,hold_runner,fb,cu,cb,sl,si,scb,kn,pot_ch,pot_ph,pot_sp,pot_eye,pot_gf,pot_pl,pot_vl,pot_sc,pot_fa,pot_arm,pot_control,pot_movement,pot_endurance,pot_hold_runner,pot_fb,pot_cu,pot_cb,pot_sl,pot_si,pot_scb,pot_kn,injured,injury_description,return_date,ready,injury_list,injury_start_date,injury_minimum_days,injury_eligible_date,injury_rehab_assignment,injury_rehab_days,durability,pitcher_archetype,hitter_archetype
P9465,Malik,Carter,1999-05-08,72,202,African,dark,black,beard,L,P,,1,RP,CL,,,,,55,,,,52,50,51,50,53,51,56,0,62,65,0,0,0,,,,,0,,,,67,65,56,62,65,56,68,0,67,75,0,0,0,False,,,0,,,,,,0,50,closer,
P9544,Gail,Vickery,2002-09-10,69,208,Anglo,medium,brown,clean_shaven,L,P,,1,RP,SP,,,,,47,,,,51,50,52,53,52,52,51,62,62,0,0,0,0,,,,,0,,,,58,55,59,64,64,60,65,72,76,0,0,0,0,False,,,0,,,,,,0,50,finesse_sp,
P4924,Rufus,Taylor,1997-09-24,76,177,African,dark,brown,beard,R,P,,1,RP,SP,,,,,50,,,,51,52,49,53,52,51,52,63,59,61,0,0,0,,,,,0,,,,46,52,52,48,50,50,55,68,55,63,0,0,0,False,,,0,,,,,,0,50,balanced_sp,
P1188,Rufus,Mitchell,2003-05-13,75,195,African,dark,black,clean_shaven,R,P,,1,RP,RP,,,,,50,,,,49,53,49,51,52,51,54,0,59,65,0,0,0,,,,,0,,,,55,64,63,62,62,59,67,0,70,75,0,0,0,False,,,0,,,,,,0,50,power_rp,
P2323,Jermaine,King,1996-09-09,68,183,African,dark,black,goatee,R,P,,1,RP,RP,,,,,48,,,,50,50,52,50,52,50,50,0,61,63,0,0,0,,,,,0,,,,52,46,55,52,57,46,52,0,63,66,0,0,0,False,,,0,,,,,,0,50,power_rp,
P1131,Sung,Singh,1991-08-01,70,180,Asian,medium,black,clean_shaven,L,P,,1,RP,SP,,,,,51,,,,52,50,52,50,52,49,49,61,58,58,60,0,0,,,,,0,,,,43,48,47,45,48,45,44,56,50,52,59,0,0,False,,,0,,,,,,0,50,groundball_sp,
P1834,Jamal,Robinson,1991-12-20,70,203,African,dark,black,beard,R,P,,1,RP,RP,,,,,51,,,,49,49,52,52,53,53,48,61,59,0,0,54,0,,,,,0,,,,47,41,51,44,43,46,39,57,56,0,0,48,0,False,,,0,,,,,,0,50,finesse_rp,
P3289,Jermaine,Baker,2000-02-05,78,182,African,dark,brown,beard,R,P,,1,RP,RP,,,,,51,,,,49,50,49,50,52,50,49,60,61,0,0,0,0,,,,,0,,,,59,60,60,62,58,63,63,68,67,0,0,0,0,False,,,0,,,,,,0,50,finesse_rp,
P1038,Cedric,Green,2004-06-17,72,212,African,dark,black,beard,S,P,,1,RP,LR,,,,,54,,,,50,50,53,52,54,49,49,0,0,65,0,0,0,,,,,0,,,,75,67,78,76,75,74,70,0,0,75,0,0,0,False,,,0,,,,,,0,50,long_relief,
P8469,Leroy,Walker,2000-01-08,76,186,African,dark,black,beard,R,P,,1,RP,SP,,,,,53,,,,51,50,50,51,52,48,53,0,0,60,60,0,0,,,,,0,,,,58,57,61,59,59,61,59,0,0,71,75,0,0,False,,,0,,,,,,0,50,groundball_sp,
P5724,Yong,Pham,1997-02-13,68,197,Asian,medium,black,clean_shaven,R,P,,1,RP,SP,,,,,53,,,,51,50,51,51,52,50,51,58,62,62,62,0,0,,,,,0,,,,47,49,55,53,51,48,52,55,65,67,57,0,0,False,,,0,,,,,,0,50,groundball_sp,
P6701,Shane,Polselli,1996-04-10,71,241,Anglo,medium,blonde,clean_shaven,L,C,,0,,,57,51,54,54,51,47,50,48,53,49,,,,,,,,,,,,56,48,57,53,51,0,0,48,57,49,,,,,,,,,,,,False,,,0,,,,,,0,50,,spray
P3911,Rosario,Denyes,2004-05-24,70,249,Anglo,light,black,clean_shaven,R,1B,,0,,,51,61,49,49,48,51,55,49,49,48,,,,,,,,,,,,81,86,77,75,48,0,0,49,73,62,,,,,,,,,,,,False,,,0,,,,,,0,50,,power
P2335,Manual,Brasseux,1989-01-21,76,165,Anglo,medium,brown,beard,R,2B,3B,0,,,62,48,51,56,49,51,54,50,49,50,,,,,,,,,,,,55,48,45,51,49,0,0,50,44,46,,,,,,,,,,,,False,,,0,,,,,,0,50,,spray
P9959,Tyrone,Jackson,1997-01-15,71,244,African,medium,black,mustache,R,3B,,0,,,52,51,50,52,48,49,59,50,51,47,,,,,,,,,,,,47,47,55,52,48,0,0,50,46,47,,,,,,,,,,,,False,,,0,,,,,,0,50,,balanced
P4260,Xavier,Washington,1991-02-09,68,221,African,dark,black,clean_shaven,L,SS,,0,,,62,50,69,53,53,47,50,50,52,50,,,,,,,,,,,,62,49,65,45,53,0,0,50,43,41,,,,,,,,,,,,False,,,0,,,,,,0,50,,spray
P8720,Sung,Park,1998-01-09,77,196,Asian,medium,black,clean_shaven,S,LF,,0,,,51,51,49,52,48,48,51,53,51,53,,,,,,,,,,,,50,49,44,51,48,0,0,53,52,52,,,,,,,,,,,,False,,,0,,,,,,0,50,,average
P6386,Ricky,Barbarin,1989-07-02,72,220,Anglo,light,black,clean_shaven,L,CF,,0,,,58,52,49,55,51,50,46,53,52,49,,,,,,,,,,,,55,44,45,52,51,0,0,53,46,48,,,,,,,,,,,,False,,,0,,,,,,0,50,,gap
P6361,Rufus,Green,2004-06-20,77,184,African,dark,black,clean_shaven,S,RF,,0,,,54,51,93,50,48,50,48,49,50,50,,,,,,,,,,,,77,62,99,69,48,0,0,49,66,72,,,,,,,,,,,,False,,,0,,,,,,0,50,,elite_speed
P2792,Yong,Wang,1999-09-29,73,202,Asian,light,black,clean_shaven,S,SS,,0,,,52,50,52,51,50,49,52,53,49,49,,,,,,,,,,,,59,60,64,58,50,0,0,53,55,60,,,,,,,,,,,,False,,,0,,,,,,0,50,,balanced
P3045,Anderson,Wieben,1993-11-19,76,220,Anglo,light,black,clean_shaven,R,3B,,0,,,52,61,50,49,49,53,56,51,52,52,,,,,,,,,,,,49,56,42,47,49,0,0,51,43,42,,,,,,,,,,,,False,,,0,,,,,,0,50,,power
P9969,Hector,Sanchez,1999-12-19,70,240,Hispanic,medium,red,beard,L,1B,,0,,,52,54,51,50,49,48,49,53,49,51,,,,,,,,,,,,62,61,61,60,49,0,0,53,60,64,,,,,,,,,,,,False,,,0,,,,,,0,50,,balanced
P6937,Yong,Choi,1996-11-22,76,180,Asian,light,black,clean_shaven,R,SS,,0,,,57,47,71,54,49,48,59,49,50,48,,,,,,,,,,,,57,44,69,50,49,0,0,49,47,45,,,,,,,,,,,,False,,,0,,,,,,0,50,,spray
P5550,Sung,Zhang,1992-07-26,77,163,Asian,light,black,clean_shaven,R,CF,,0,,,55,48,50,54,50,47,53,51,51,49,,,,,,,,,,,,47,42,43,46,50,0,0,51,43,46,,,,,,,,,,,,False,,,0,,,,,,0,50,,spray
P6321,Scot,Mccarter,1994-11-30,70,164,Anglo,light,brown,clean_shaven,S,LF,,0,,,52,64,51,49,50,52,54,51,50,51,,,,,,,,,,,,48,59,49,51,50,0,0,51,55,50,,,,,,,,,,,,False,,,0,,,,,,0,50,,power
P6343,Yong,Khan,1992-06-09,68,173,Asian,medium,black,clean_shaven,R,P,,1,RP,CL,,,,,55,,,,51,54,47,50,52,50,55,60,62,65,0,0,0,,,,,0,,,,48,49,44,50,37,43,48,57,52,62,0,0,0,False,,,0,,,,,,0,50,closer,
P2571,Sung,Choi,1989-08-22,70,180,Asian,medium,black,goatee,L,P,,1,RP,SP,,,,,54,,,,53,49,51,50,52,49,51,59,61,0,57,0,0,,,,,0,,,,47,49,47,43,46,39,45,53,57,0,53,0,0,False,,,0,,,,,,0,50,groundball_sp,
P7613,Luis,Gomez,1999-04-06,77,206,Hispanic,medium,black,mustache,R,P,,1,RP,SP,,,,,52,,,,51,51,51,50,54,52,53,57,60,59,61,0,0,,,,,0,,,,66,62,61,59,56,59,59,64,74,65,70,0,0,False,,,0,,,,,,0,50,groundball_sp,
P7312,Yong,Singh,2002-01-05,71,195,Asian,medium,black,clean_shaven,S,P,,1,RP,SP,,,,,50,,,,52,49,50,51,52,48,49,61,0,62,0,0,0,,,,,0,,,,64,59,59,60,65,55,62,70,0,75,0,0,0,False,,,0,,,,,,0,50,balanced_sp,
P8798,Cedric,Gaines,2002-01-24,73,179,African,dark,black,clean_shaven,L,P,,1,RP,RP,,,,,52,,,,49,49,50,50,52,53,49,56,0,0,0,0,0,,,,,0,,,,54,58,63,62,58,62,63,66,0,0,0,0,0,False,,,0,,,,,,0,50,finesse_rp,
P1589,Manuel,Hernandez,1989-04-06,68,198,Hispanic,medium,brown,goatee,L,P,,1,RP,RP,,,,,49,,,,51,49,51,51,52,52,51,0,60,0,0,0,0,,,,,0,,,,46,39,51,49,44,50,50,0,59,0,0,0,0,False,,,0,,,,,,0,50,finesse_rp,
P8584,Yong,Yamamoto,1988-02-22,74,173,Asian,medium,black,clean_shaven,R,P,,1,RP,SP,,,,,48,,,,52,52,50,50,52,52,51,61,63,60,58,0,0,,,,,0,,,,46,44,42,52,44,43,51,56,53,57,58,0,0,False,,,0,,,,,,0,50,balanced_sp,
P7775,Rufus,Harris,1992-03-12,68,232,African,dark,black,clean_shaven,L,3B,,0,,,50,51,50,51,48,53,49,50,51,50,,,,,,,,,,,,46,44,44,49,48,0,0,50,43,46,,,,,,,,,,,,False,,,0,,,,,,0,50,,average
P1973,Jamal,Walker,1994-02-16,72,242,African,dark,black,clean_shaven,R,C,,0,,,50,49,49,51,49,50,56,50,52,50,,,,,,,,,,,,40,41,46,51,49,0,0,50,49,41,,,,,,,,,,,,False,,,0,,,,,,0,50,,balanced
P7912,Lacy,Lutwin,1997-04-30,73,186,Anglo,light,blonde,clean_shaven,L,1B,,0,,,53,57,52,52,49,49,46,50,50,52,,,,,,,,,,,,54,61,56,49,49,0,0,50,50,53,,,,,,,,,,,,False,,,0,,,,,,0,50,,balanced
P6413,Malik,Gaines,1991-12-26,76,212,African,dark,brown,beard,R,SS,,0,,,50,49,71,51,51,47,55,52,52,49,,,,,,,,,,,,46,48,63,50,51,0,0,52,52,49,,,,,,,,,,,,False,,,0,,,,,,0,50,,speed
P1316,Francisco,Delgado,2000-06-23,68,223,Hispanic,medium,brown,clean_shaven,R,2B,,0,,,51,48,79,52,51,49,55,52,52,52,,,,,,,,,,,,63,58,84,60,51,0,0,52,60,59,,,,,,,,,,,,False,,,0,,,,,,0,50,,speed
P9980,Tyrone,Baker,2002-01-27,72,225,African,light,black,clean_shaven,R,3B,,0,,,50,49,70,49,49,48,58,53,48,52,,,,,,,,,,,,58,55,82,59,49,0,0,53,53,60,,,,,,,,,,,,False,,,0,,,,,,0,50,,speed
P3432,Miguel,Ramos,2003-01-04,75,222,Hispanic,dark,brown,goatee,L,CF,,0,,,51,52,50,50,51,48,47,52,51,51,,,,,,,,,,,,61,61,59,60,51,0,0,52,59,61,,,,,,,,,,,,False,,,0,,,,,,0,50,,average
P1816,Rafael,Martinez,2004-02-10,78,167,Hispanic,light,brown,clean_shaven,R,1B,,0,,,52,61,53,51,48,50,51,50,51,52,,,,,,,,,,,,60,71,63,60,48,0,0,50,62,62,,,,,,,,,,,,False,,,0,,,,,,0,50,,power
P3391,Marshall,Sidoti,2005-03-09,70,195,Anglo,light,blonde,clean_shaven,S,P,,1,RP,CL,,,,,55,,,,49,53,51,50,52,49,53,57,60,65,0,0,0,,,,,0,,,,72,74,79,66,62,79,82,74,86,82,0,0,0,False,,,0,,,,,,0,50,closer,
P3041,Sung,Tanaka,2008-02-21,68,163,Asian,light,black,clean_shaven,R,P,,1,RP,RP,,,,,51,,,,52,51,49,52,52,53,55,0,61,63,60,0,0,,,,,0,,,,71,64,76,73,67,78,69,0,82,73,72,0,0,False,,,0,,,,,,0,50,power_rp,
P9722,Archie,Sillitti,2008-02-25,68,232,Anglo,dark,brown,clean_shaven,L,P,,1,RP,SP,,,,,48,,,,52,51,53,50,53,49,53,60,61,60,60,0,0,,,,,0,,,,72,79,60,70,74,79,77,80,71,85,89,0,0,False,,,0,,,,,,0,50,finesse_sp,
P9150,Deshawn,Baker,2005-02-22,73,184,African,dark,black,clean_shaven,R,P,,1,RP,RP,,,,,50,,,,51,54,50,51,53,53,54,0,62,67,60,0,0,,,,,0,,,,80,74,80,82,80,82,65,0,88,85,86,0,0,False,,,0,,,,,,0,50,power_rp,
P5055,Dana,Retter,2005-09-21,69,209,Anglo,light,black,goatee,S,P,,1,RP,SP,,,,,52,,,,48,50,51,53,53,48,53,60,63,0,0,0,0,,,,,0,,,,74,71,69,73,71,74,66,87,86,0,0,0,0,False,,,0,,,,,,0,50,finesse_sp,
P3818,Jayson,Masell,2004-05-04,68,175,Anglo,light,brown,clean_shaven,R,2B,,0,,,58,49,50,54,52,52,59,49,50,48,,,,,,,,,,,,69,72,71,76,52,0,0,49,60,59,,,,,,,,,,,,False,,,0,,,,,,0,50,,balanced
P8040,Yong,Hassan,2007-08-17,76,228,Asian,medium,black,clean_shaven,S,1B,,0,,,52,61,53,51,48,52,53,52,51,51,,,,,,,,,,,,76,79,73,72,48,0,0,52,64,61,,,,,,,,,,,,False,,,0,,,,,,0,50,,power
P6712,Jorge,Delgado,2005-11-09,78,221,Hispanic,medium,black,beard,R,2B,,0,,,54,52,48,53,53,51,57,50,51,50,,,,,,,,,,,,65,77,78,64,53,0,0,50,67,77,,,,,,,,,,,,False,,,0,,,,,,0,50,,average
P6163,Cedric,Carter,2005-05-26,71,241,African,dark,brown,clean_shaven,L,CF,,0,,,50,48,51,49,52,52,47,47,50,52,,,,,,,,,,,,71,62,69,76,52,0,0,47,67,78,,,,,,,,,,,,False,,,0,,,,,,0,50,,balanced
P7364,Xavier,Jackson,2006-10-06,70,237,African,dark,brown,beard,R,RF,LF,0,,,50,48,70,49,53,52,57,52,49,49,,,,,,,,,,,,68,64,99,77,53,0,0,52,65,74,,,,,,,,,,,,False,,,0,,,,,,0,50,,speed
P2376,Hector,Flores,2000-04-30,74,231,Hispanic,dark,black,mustache,R,P,,1,RP,CL,,,,,55,,,,52,51,50,50,54,52,55,0,0,65,0,0,0,,,,,0,,,,66,58,59,61,62,64,66,0,0,79,0,0,0,False,,,0,,,,,,0,50,closer,
P5646,Cedric,Mitchell,1997-04-08,71,163,African,medium,black,clean_shaven,L,P,,1,RP,SP,,,,,50,,,,51,49,50,50,53,49,52,63,62,59,0,57,0,,,,,0,,,,56,54,50,56,50,54,52,64,67,55,0,53,0,False,,,0,,,,,,0,50,finesse_sp,
P5075,Felton,Wach,1993-10-26,78,206,Anglo,light,blonde,mustache,L,P,,1,RP,SP,,,,,52,,,,48,50,50,51,52,48,52,57,63,58,58,0,0,,,,,0,,,,38,48,46,50,42,38,51,55,61,51,55,0,0,False,,,0,,,,,,0,50,power_sp,
P8290,Cedric,Jackson,2001-02-23,70,198,African,dark,black,beard,S,P,,1,RP,RP,,,,,49,,,,51,49,49,51,52,53,53,57,61,0,63,0,0,,,,,0,,,,60,58,64,64,55,59,58,66,66,0,75,0,0,False,,,0,,,,,,0,50,finesse_rp,
P2501,Rafael,Sanchez,2003-08-04,72,191,Hispanic,medium,brown,clean_shaven,S,P,,1,RP,CL,,,,,50,,,,52,51,47,51,52,51,54,0,0,66,0,0,0,,,,,0,,,,57,61,64,59,57,56,66,0,0,71,0,0,0,False,,,0,,,,,,0,50,closer,
P1618,Jose,Perez,2002-11-05,78,178,Hispanic,medium,black,clean_shaven,L,P,,1,RP,RP,,,,,57,,,,51,52,48,52,53,53,53,57,0,0,62,0,0,,,,,0,,,,57,62,64,67,57,59,59,71,0,0,67,0,0,False,,,0,,,,,,0,50,groundball_rp,
P5735,Dwain,Heape,1987-03-06,73,235,Anglo,light,blonde,mustache,L,P,,1,RP,RP,,,,,54,,,,49,51,52,52,52,53,53,0,0,0,62,0,0,,,,,0,,,,48,42,48,47,43,46,45,0,0,0,56,0,0,False,,,0,,,,,,0,50,groundball_rp,
P4250,Chang,Imbesi,1995-09-16,78,236,Anglo,medium,red,clean_shaven,R,P,,1,RP,SP,,,,,48,,,,50,52,54,50,54,50,52,59,0,60,0,0,0,,,,,0,,,,47,50,47,59,59,54,51,58,0,56,0,0,0,False,,,0,,,,,,0,50,workhorse_sp,
P1831,Sung,Huang,1988-02-18,69,164,Asian,medium,black,mustache,R,P,,1,RP,SP,,,,,50,,,,52,50,50,52,52,48,54,0,61,59,0,0,0,,,,,0,,,,48,45,51,43,46,41,51,0,61,57,0,0,0,False,,,0,,,,,,0,50,power_sp,
P1440,Felipe,Goodwater,1990-11-25,71,164,Anglo,dark,brown,clean_shaven,R,P,,1,RP,SP,,,,,48,,,,49,52,50,52,52,51,52,0,63,60,0,55,0,,,,,0,,,,45,47,45,48,40,44,48,0,63,50,0,50,0,False,,,0,,,,,,0,50,power_sp,
P2880,Darnell,Mitchell,2001-08-11,76,163,African,dark,black,goatee,R,P,,1,RP,RP,,,,,54,,,,51,53,52,50,53,51,52,0,58,63,59,0,0,,,,,0,,,,65,67,62,62,58,57,57,0,65,76,73,0,0,False,,,0,,,,,,0,50,groundball_rp,
P3195,Rocco,Guidrey,1990-02-26,71,176,Anglo,light,brown,beard,R,C,,0,,,57,52,49,53,50,47,54,52,49,51,,,,,,,,,,,,52,45,43,53,50,0,0,52,47,50,,,,,,,,,,,,False,,,0,,,,,,0,50,,gap
P9596,Sung,Pham,1994-03-04,71,249,Asian,medium,black,clean_shaven,L,1B,,0,,,69,52,51,50,52,48,47,51,49,52,,,,,,,,,,,,65,57,56,55,52,0,0,51,52,49,,,,,,,,,,,,False,,,0,,,,,,0,50,,spray
P3883,Yong,Kim,2004-07-27,74,169,Asian,light,black,clean_shaven,L,2B,,0,,,62,50,48,56,52,51,50,53,50,51,,,,,,,,,,,,91,70,69,86,52,0,0,53,79,65,,,,,,,,,,,,False,,,0,,,,,,0,50,,spray
P3784,Fernando,Torres,1998-07-16,72,235,Hispanic,medium,black,clean_shaven,R,3B,,0,,,60,52,49,51,52,48,56,52,49,49,,,,,,,,,,,,71,65,57,62,52,0,0,52,57,56,,,,,,,,,,,,False,,,0,,,,,,0,50,,spray
P6881,Yong,Zhang,1990-11-10,74,169,Asian,light,black,clean_shaven,R,SS,,0,,,49,51,52,48,48,48,62,49,49,49,,,,,,,,,,,,40,48,50,39,48,0,0,49,45,45,,,,,,,,,,,,False,,,0,,,,,,0,50,,average
P1066,Hector,Reyes,2002-02-16,75,165,Hispanic,medium,brown,clean_shaven,R,LF,,0,,,53,47,50,52,54,50,56,49,52,49,,,,,,,,,,,,67,56,60,58,54,0,0,49,67,56,,,,,,,,,,,,False,,,0,,,,,,0,50,,spray
P8026,Ricardo,Sanchez,1996-03-26,70,165,Hispanic,medium,black,clean_shaven,R,CF,,0,,,53,49,70,52,54,51,52,49,49,50,,,,,,,,,,,,49,47,75,55,54,0,0,49,47,52,,,,,,,,,,,,False,,,0,,,,,,0,50,,speed
P6845,Leroy,Wright,2002-08-09,72,173,African,dark,black,clean_shaven,L,RF,1B,0,,,53,62,50,52,51,50,44,51,49,48,,,,,,,,,,,,61,74,61,57,51,0,0,51,54,59,,,,,,,,,,,,False,,,0,,,,,,0,50,,power
P7360,Darnell,Wright,1997-04-13,75,170,African,dark,brown,beard,S,LF,RF,0,,,53,64,51,52,48,54,52,50,52,53,,,,,,,,,,,,52,61,47,47,48,0,0,50,51,57,,,,,,,,,,,,False,,,0,,,,,,0,50,,power
P6021,Fernando,Ramos,2001-07-25,74,173,Hispanic,medium,black,clean_shaven,R,2B,,0,,,50,49,52,50,52,50,58,53,53,52,,,,,,,,,,,,64,63,58,56,52,0,0,53,59,58,,,,,,,,,,,,False,,,0,,,,,,0,50,,balanced
P9099,Francisco,Morales,2001-06-25,72,226,Hispanic,dark,brown,clean_shaven,R,C,,0,,,51,52,51,52,48,52,56,51,48,48,,,,,,,,,,,,56,62,58,59,48,0,0,51,63,61,,,,,,,,,,,,False,,,0,,,,,,0,50,,balanced
P2643,Tyrone,Young,2001-03-01,72,208,African,dark,black,mustache,R,2B,,0,,,53,51,70,54,49,51,56,48,48,48,,,,,,,,,,,,58,56,83,65,49,0,0,48,62,62,,,,,,,,,,,,False,,,0,,,,,,0,50,,speed
P2749,Sung,Yamamoto,1991-12-26,70,233,Asian,light,black,beard,R,SS,,0,,,51,52,70,51,52,49,59,49,50,51,,,,,,,,,,,,42,42,65,46,52,0,0,49,40,43,,,,,,,,,,,,False,,,0,,,,,,0,50,,speed
P3350,Yong,Tran,2000-03-24,74,203,Asian,light,black,clean_shaven,R,LF,,0,,,62,59,52,50,47,48,58,49,50,53,,,,,,,,,,,,73,67,61,59,47,0,0,49,64,68,,,,,,,,,,,,False,,,0,,,,,,0,50,,gap
P5692,Rufus,Young,2001-08-07,78,178,African,dark,brown,beard,R,P,,1,RP,CL,,,,,55,,,,49,50,51,50,54,49,52,57,61,65,0,0,0,,,,,0,,,,61,62,57,66,63,59,60,68,73,78,0,0,0,False,,,0,,,,,,0,50,closer,
P6402,Luis,Flores,1991-02-12,71,167,Hispanic,medium,blonde,goatee,L,P,,1,RP,SP,,,,,48,,,,50,49,53,52,52,49,50,62,62,58,0,0,0,,,,,0,,,,45,40,48,42,50,44,43,62,61,50,0,0,0,False,,,0,,,,,,0,50,workhorse_sp,
P9931,Tyrone,White,2002-11-04,76,181,African,medium,black,clean_shaven,L,P,,1,RP,RP,,,,,53,,,,52,53,48,50,53,51,50,59,60,0,0,58,0,,,,,0,,,,66,63,65,63,55,61,55,65,71,0,0,69,0,False,,,0,,,,,,0,50,finesse_rp,
P2276,Donny,Cassity,2001-04-18,70,182,Anglo,medium,blonde,clean_shaven,R,P,,1,RP,CL,,,,,51,,,,49,53,49,52,52,52,54,56,0,66,0,0,0,,,,,0,,,,64,61,59,64,55,61,61,67,0,73,0,0,0,False,,,0,,,,,,0,50,closer,
P7006,Leroy,Carter,1998-10-01,68,168,African,dark,black,goatee,S,P,,1,RP,SP,,,,,51,,,,49,51,51,50,52,52,54,0,63,62,0,0,0,,,,,0,,,,57,57,56,66,64,65,63,0,74,67,0,0,0,False,,,0,,,,,,0,50,power_sp,
P4370,Yong,Le,1996-07-18,75,201,Asian,medium,black,clean_shaven,R,P,,1,RP,RP,,,,,54,,,,50,52,52,53,52,49,54,59,0,0,62,0,0,,,,,0,,,,52,48,54,53,50,47,57,58,0,0,58,0,0,False,,,0,,,,,,0,50,groundball_rp,
P9630,Cristopher,Kole,1990-10-16,72,237,Anglo,light,black,clean_shaven,R,P,,1,RP,SP,,,,,50,,,,52,53,54,53,52,52,50,59,60,0,0,0,0,,,,,0,,,,44,50,44,43,48,51,41,49,52,0,0,0,0,False,,,0,,,,,,0,50,finesse_sp,
P4171,Yong,Patel,2003-09-05,68,244,Asian,light,black,clean_shaven,L,1B,,0,,,50,62,49,51,47,50,47,50,51,52,,,,,,,,,,,,59,71,61,66,47,0,0,50,62,62,,,,,,,,,,,,False,,,0,,,,,,0,50,,power
P1229,Pedro,Sanchez,1999-04-24,73,206,Hispanic,dark,black,clean_shaven,R,3B,,0,,,52,49,51,52,48,53,59,50,48,52,,,,,,,,,,,,57,64,61,57,48,0,0,50,58,64,,,,,,,,,,,,False,,,0,,,,,,0,50,,balanced
P6851,Luther,Weirauch,1998-04-24,74,173,Anglo,light,brown,clean_shaven,S,SS,,0,,,52,62,52,50,48,49,56,49,52,48,,,,,,,,,,,,67,70,62,65,48,0,0,49,57,55,,,,,,,,,,,,False,,,0,,,,,,0,50,,power
P3425,Jamal,Washington,1998-11-17,68,243,African,dark,black,clean_shaven,L,1B,,0,,,53,57,50,53,51,53,50,51,50,49,,,,,,,,,,,,68,63,60,67,51,0,0,51,59,60,,,,,,,,,,,,False,,,0,,,,,,0,50,,balanced
P5631,German,Vence,1995-12-19,68,239,Anglo,light,black,clean_shaven,R,2B,,0,,,51,53,52,51,49,49,58,52,50,52,,,,,,,,,,,,54,49,50,56,49,0,0,52,47,57,,,,,,,,,,,,False,,,0,,,,,,0,50,,balanced
P7694,Yong,Tanaka,1987-04-10,76,200,Asian,light,black,beard,S,2B,,0,,,60,51,51,54,52,50,51,52,49,50,,,,,,,,,,,,56,50,48,52,52,0,0,52,48,40,,,,,,,,,,,,False,,,0,,,,,,0,50,,spray
P1457,Malik,Allen,1990-04-24,74,225,African,dark,black,clean_shaven,L,CF,,0,,,53,48,70,54,51,51,46,50,49,51,,,,,,,,,,,,47,41,67,49,51,0,0,50,42,46,,,,,,,,,,,,False,,,0,,,,,,0,50,,speed
P8280,Erin,Tencer,2004-01-20,76,162,Anglo,light,brown,clean_shaven,L,LF,,0,,,54,55,52,50,50,49,48,50,52,51,,,,,,,,,,,,64,69,66,55,50,0,0,50,64,66,,,,,,,,,,,,False,,,0,,,,,,0,50,,balanced
P7086,Rufus,White,2006-07-22,69,246,African,light,black,goatee,R,P,1B,1,RP,CL,,,,,55,,,,49,53,47,50,52,53,51,57,57,66,0,0,0,,,,,0,,,,74,80,78,76,62,65,67,79,69,83,0,0,0,False,,,0,,,,,,0,50,closer,
P4648,Eduardo,Cruz,2006-06-01,78,185,Hispanic,medium,blonde,clean_shaven,L,P,,1,RP,SP,,,,,51,,,,52,53,51,52,54,49,54,60,63,61,56,0,0,,,,,0,,,,80,74,77,74,69,66,83,70,86,75,77,0,0,False,,,0,,,,,,0,50,power_sp,
P1355,Sung,Hassan,2006-05-07,71,200,Asian,light,black,clean_shaven,S,P,,1,RP,SP,,,,,50,,,,52,52,51,50,52,52,51,62,62,58,60,0,0,,,,,0,,,,75,70,69,76,66,65,65,90,86,85,82,0,0,False,,,0,,,,,,0,50,balanced_sp,
P8455,Jamal,Harris,2007-11-16,75,200,African,dark,brown,clean_shaven,R,P,,1,RP,SP,,,,,52,,,,48,53,52,52,54,49,52,61,60,61,0,0,0,,,,,0,,,,64,75,78,74,74,79,78,89,72,79,0,0,0,False,,,0,,,,,,0,50,finesse_sp,
P3068,David,Tuten,2004-12-08,72,176,Anglo,light,blonde,goatee,S,P,,1,RP,SP,,,,,47,,,,48,52,50,50,52,50,52,0,63,58,55,54,0,,,,,0,,,,59,75,79,62,72,80,63,0,93,83,70,78,0,False,,,0,,,,,,0,50,power_sp,
P7658,Tyrone,Robinson,2004-07-31,77,227,African,dark,black,mustache,R,C,,0,,,52,50,52,52,50,52,57,50,49,51,,,,,,,,,,,,80,77,78,79,50,0,0,50,59,72,,,,,,,,,,,,False,,,0,,,,,,0,50,,average
P6416,Terrance,Sidi,2007-01-18,70,202,Anglo,dark,blonde,clean_shaven,R,LF,,0,,,49,53,51,49,51,48,60,49,52,50,,,,,,,,,,,,60,81,74,63,51,0,0,49,75,65,,,,,,,,,,,,False,,,0,,,,,,0,50,,average
P1363,Sung,Chen,2006-01-29,70,185,Asian,medium,black,goatee,R,C,,0,,,53,62,52,52,52,51,59,51,51,51,,,,,,,,,,,,75,92,70,81,52,0,0,51,69,79,,,,,,,,,,,,False,,,0,,,,,,0,50,,power
P7419,Miguel,Diaz,2006-11-14,74,204,Hispanic,medium,blonde,beard,S,LF,,0,,,53,53,52,52,49,53,55,50,51,52,,,,,,,,,,,,80,71,66,78,49,0,0,50,81,64,,,,,,,,,,,,False,,,0,,,,,,0,50,,average
P9485,Darnell,Taylor,2004-03-07,71,183,African,dark,brown,goatee,L,CF,,0,,,57,49,54,56,52,48,47,51,51,51,,,,,,,,,,,,78,78,84,73,52,0,0,51,62,74,,,,,,,,,,,,False,,,0,,,,,,0,50,,spray
P4002,Antonio,Martinez,1992-11-15,76,209,Hispanic,light,black,goatee,R,P,,1,RP,CL,,,,,55,,,,50,52,47,50,52,50,55,56,0,65,0,0,0,,,,,0,,,,41,42,44,44,43,48,49,53,0,62,0,0,0,False,,,0,,,,,,0,50,closer,
P1952,Cedric,Jefferson,1992-08-08,76,199,African,dark,black,clean_shaven,L,P,,1,RP,RP,,,,,53,,,,52,53,48,51,52,52,53,0,60,65,0,57,0,,,,,0,,,,49,44,47,49,47,52,52,0,55,64,0,54,0,False,,,0,,,,,,0,50,power_rp,
P1174,Gerald,Gangestad,1994-06-24,70,205,Anglo,medium,brown,beard,R,P,,1,RP,SP,,,,,50,,,,49,51,51,53,54,49,49,0,59,60,0,0,0,,,,,0,,,,54,48,48,59,49,44,47,0,63,62,0,0,0,False,,,0,,,,,,0,50,workhorse_sp,
P6751,Malik,Jackson,2004-05-23,68,230,African,dark,black,clean_shaven,R,P,,1,RP,RP,,,,,50,,,,50,50,50,50,52,49,55,0,63,0,0,0,0,,,,,0,,,,76,60,80,82,62,70,67,0,81,0,0,0,0,False,,,0,,,,,,0,50,power_rp,
P6452,Sung,Nguyen,1996-05-15,75,182,Asian,dark,black,clean_shaven,S,P,,1,RP,SP,,,,,52,,,,51,51,50,53,54,48,50,62,60,62,0,0,0,,,,,0,,,,46,56,52,58,55,45,46,62,55,61,0,0,0,False,,,0,,,,,,0,50,balanced_sp,
P8021,Ricardo,Castillo,2003-03-22,76,175,Hispanic,light,black,clean_shaven,S,P,,1,RP,SP,,,,,52,,,,51,50,53,50,52,52,52,60,63,62,0,0,0,,,,,0,,,,57,63,64,57,65,58,60,75,71,76,0,0,0,False,,,0,,,,,,0,50,balanced_sp,
P1688,Yong,Lin,1988-09-24,68,247,Asian,medium,black,beard,R,P,,1,RP,RP,,,,,50,,,,51,49,52,52,52,52,49,61,0,0,0,0,0,,,,,0,,,,42,46,48,47,42,48,39,57,0,0,0,0,0,False,,,0,,,,,,0,50,finesse_rp,
P8017,Sung,Tran,1990-11-22,73,193,Asian,medium,black,clean_shaven,R,P,,1,RP,CL,,,,,53,,,,52,54,47,50,53,52,53,0,0,66,0,0,0,,,,,0,,,,42,54,43,47,47,45,44,0,0,58,0,0,0,False,,,0,,,,,,0,50,closer,
P2541,Nicholas,Taruer,1994-08-25,78,163,Anglo,light,blonde,clean_shaven,L,P,,1,RP,SP,,,,,50,,,,49,49,54,52,54,49,50,60,60,58,56,0,0,,,,,0,,,,53,50,49,55,57,46,51,56,65,55,55,0,0,False,,,0,,,,,,0,50,workhorse_sp,
P3383,Jewel,Nesseth,1988-08-05,77,228,Anglo,light,brown,beard,R,P,,1,RP,RP,,,,,51,,,,52,53,51,50,52,49,51,0,60,0,0,0,0,,,,,0,,,,48,53,50,46,46,42,50,0,59,0,0,0,0,False,,,0,,,,,,0,50,power_rp,
P7406,Cordell,Panke,1987-09-27,76,224,Anglo,light,blonde,clean_shaven,S,P,,1,RP,RP,,,,,51,,,,52,52,48,52,54,52,52,60,62,0,0,59,0,,,,,0,,,,47,50,45,47,39,52,52,56,58,0,0,57,0,False,,,0,,,,,,0,50,finesse_rp,
P1455,Ricardo,Martinez,2001-03-27,78,164,Hispanic,medium,blonde,clean_shaven,R,C,,0,,,49,50,48,50,50,50,55,51,50,49,,,,,,,,,,,,60,63,57,60,50,0,0,51,63,60,,,,,,,,,,,,False,,,0,,,,,,0,50,,average
P7714,Silas,Layell,1993-02-18,73,173,Anglo,light,brown,beard,R,1B,,0,,,51,61,50,50,49,53,51,50,51,49,,,,,,,,,,,,44,61,43,46,49,0,0,50,45,46,,,,,,,,,,,,False,,,0,,,,,,0,50,,power
P9880,Emerson,Mcgraff,1992-07-28,76,191,Anglo,light,brown,clean_shaven,R,2B,,0,,,51,48,70,51,52,50,56,52,52,53,,,,,,,,,,,,51,43,70,42,52,0,0,52,44,44,,,,,,,,,,,,False,,,0,,,,,,0,50,,speed
P8281,Yong,Chen,1993-10-17,77,184,Asian,light,black,mustache,R,3B,,0,,,48,50,85,50,50,48,60,53,51,49,,,,,,,,,,,,43,46,82,48,50,0,0,53,49,43,,,,,,,,,,,,False,,,0,,,,,,0,50,,elite_speed
P6298,Sung,Li,1987-04-19,74,170,Asian,medium,black,mustache,R,SS,,0,,,51,53,53,52,51,52,58,50,52,49,,,,,,,,,,,,49,51,43,43,51,0,0,50,46,49,,,,,,,,,,,,False,,,0,,,,,,0,50,,balanced
P7495,Sung,Wang,1993-01-25,73,179,Asian,medium,black,mustache,R,LF,,0,,,53,52,50,52,49,49,57,53,52,51,,,,,,,,,,,,46,51,49,45,49,0,0,53,48,49,,,,,,,,,,,,False,,,0,,,,,,0,50,,average
P3697,Sung,Liu,1993-01-07,71,186,Asian,light,black,clean_shaven,L,CF,,0,,,51,50,50,50,49,51,48,49,52,52,,,,,,,,,,,,43,40,42,43,49,0,0,49,44,47,,,,,,,,,,,,False,,,0,,,,,,0,50,,average
P4934,Carol,Warncke,1990-09-24,75,204,Anglo,dark,brown,clean_shaven,R,RF,CF,0,,,53,60,48,51,49,50,55,52,50,52,,,,,,,,,,,,53,58,45,45,49,0,0,52,42,43,,,,,,,,,,,,False,,,0,,,,,,0,50,,power
P9158,Francisco,Rodriguez,1995-10-24,70,229,Hispanic,medium,red,clean_shaven,R,2B,,0,,,59,49,52,56,53,49,54,49,51,53,,,,,,,,,,,,60,47,47,51,53,0,0,49,49,48,,,,,,,,,,,,False,,,0,,,,,,0,50,,spray
P6174,Carlos,Martinez,1996-06-07,77,186,Hispanic,medium,blonde,mustache,R,C,,0,,,52,51,52,51,49,49,59,49,51,49,,,,,,,,,,,,51,46,57,54,49,0,0,49,47,52,,,,,,,,,,,,False,,,0,,,,,,0,50,,average
P1266,Jermaine,Mitchell,1996-02-27,74,188,African,medium,black,beard,L,RF,,0,,,53,62,50,52,49,51,42,50,49,48,,,,,,,,,,,,49,61,47,50,49,0,0,50,47,49,,,,,,,,,,,,False,,,0,,,,,,0,50,,power
P8406,Ricardo,Garcia,1993-07-31,69,162,Hispanic,light,brown,clean_shaven,R,RF,,0,,,52,54,50,53,53,50,51,49,48,52,,,,,,,,,,,,46,49,43,50,53,0,0,49,43,46,,,,,,,,,,,,False,,,0,,,,,,0,50,,average
P1765,Sung,Patel,1992-01-23,77,165,Asian,medium,black,clean_shaven,L,RF,,0,,,50,59,49,49,49,51,43,49,47,49,,,,,,,,,,,,42,53,39,41,49,0,0,49,37,40,,,,,,,,,,,,False,,,0,,,,,,0,50,,power
P8960,Yong,Park,2000-07-14,76,197,Asian,medium,black,clean_shaven,L,LF,,0,,,52,52,47,51,50,50,50,49,52,52,,,,,,,,,,,,62,64,54,63,50,0,0,49,57,67,,,,,,,,,,,,False,,,0,,,,,,0,50,,average
P9830,Juan,Vargas,2001-01-18,76,245,Hispanic,light,blonde,clean_shaven,R,P,,1,RP,CL,,,,,55,,,,52,50,49,50,54,52,51,0,59,67,0,0,0,,,,,0,,,,59,59,59,60,60,63,64,0,74,72,0,0,0,False,,,0,,,,,,0,50,closer,
P5842,Rufus,Allen,1989-03-24,69,183,African,dark,black,beard,L,P,,1,RP,SP,,,,,50,,,,49,53,51,50,54,50,51,0,63,61,58,0,0,,,,,0,,,,39,51,42,54,50,50,42,0,61,51,52,0,0,False,,,0,,,,,,0,50,power_sp,
P7792,Jermaine,Jackson,1999-04-02,69,160,African,dark,black,clean_shaven,S,P,,1,RP,CL,,,,,49,,,,48,51,50,50,52,51,54,0,0,65,0,0,0,,,,,0,,,,62,61,65,64,60,65,69,0,0,73,0,0,0,False,,,0,,,,,,0,50,closer,
P5484,Tyrone,Gaines,1994-05-10,68,236,African,dark,black,clean_shaven,R,P,,1,RP,RP,,,,,51,,,,48,52,50,51,53,50,50,61,62,0,0,0,0,,,,,0,,,,47,49,55,50,48,49,45,61,65,0,0,0,0,False,,,0,,,,,,0,50,finesse_rp,
P5519,Sung,Khan,1990-07-03,77,237,Asian,medium,black,clean_shaven,R,P,,1,RP,RP,,,,,53,,,,52,51,52,53,54,51,50,58,61,0,0,0,0,,,,,0,,,,42,42,45,52,50,50,40,49,51,0,0,0,0,False,,,0,,,,,,0,50,finesse_rp,
P1954,Hector,Ramos,1997-09-27,71,240,Hispanic,light,red,beard,R,P,,1,RP,SP,,,,,49,,,,50,53,54,51,54,52,53,59,60,60,59,0,0,,,,,0,,,,47,50,55,59,50,49,52,56,61,58,59,0,0,False,,,0,,,,,,0,50,workhorse_sp,
P1895,Jorge,Ortiz,1991-10-27,70,242,Hispanic,medium,black,goatee,R,P,,1,RP,SP,,,,,49,,,,53,52,52,50,52,49,51,60,62,58,0,0,0,,,,,0,,,,44,51,46,43,50,42,41,54,57,53,0,0,0,False,,,0,,,,,,0,50,workhorse_sp,
P5832,Sung,Kim,1995-01-03,69,182,Asian,light,black,clean_shaven,L,1B,,0,,,48,62,49,49,51,51,45,53,52,51,,,,,,,,,,,,44,61,52,46,51,0,0,53,57,48,,,,,,,,,,,,False,,,0,,,,,,0,50,,power
P1314,Hassan,Prehoda,2003-08-28,69,216,Anglo,light,black,clean_shaven,R,2B,,0,,,53,51,52,52,53,52,59,51,49,49,,,,,,,,,,,,62,63,61,66,53,0,0,51,62,55,,,,,,,,,,,,False,,,0,,,,,,0,50,,average
P6764,Rupert,Dafonte,2002-08-24,72,203,Anglo,light,brown,beard,R,RF,,0,,,51,50,51,51,53,53,55,50,50,50,,,,,,,,,,,,60,64,62,63,53,0,0,50,57,58,,,,,,,,,,,,False,,,0,,,,,,0,50,,average
P8816,Leroy,Gaines,1999-03-03,77,200,African,dark,brown,beard,R,C,,0,,,60,50,52,52,51,49,60,52,52,52,,,,,,,,,,,,70,60,65,58,51,0,0,52,67,61,,,,,,,,,,,,False,,,0,,,,,,0,50,,spray
P2204,Pedro,Garcia,1994-07-10,74,213,Hispanic,light,brown,clean_shaven,R,SS,,0,,,51,50,49,49,50,48,59,49,50,49,,,,,,,,,,,,52,47,48,47,50,0,0,49,53,44,,,,,,,,,,,,False,,,0,,,,,,0,50,,balanced
P5894,Malik,Baker,2000-04-14,75,217,African,dark,black,beard,R,1B,,0,,,53,61,49,50,48,51,52,51,50,51,,,,,,,,,,,,67,68,59,58,48,0,0,51,60,61,,,,,,,,,,,,False,,,0,,,,,,0,50,,gap
P4801,Jose,Hernandez,1999-07-18,70,238,Hispanic,medium,brown,clean_shaven,R,C,,0,,,51,51,51,52,52,49,59,52,51,50,,,,,,,,,,,,58,64,63,57,52,0,0,52,62,62,,,,,,,,,,,,False,,,0,,,,,,0,50,,balanced
P8361,Antonio,Flores,1991-01-29,71,226,Hispanic,medium,black,mustache,L,SS,,0,,,51,52,52,52,48,51,50,49,50,49,,,,,,,,,,,,43,42,45,47,48,0,0,49,41,48,,,,,,,,,,,,False,,,0,,,,,,0,50,,balanced
P3558,Eduardo,Morales,2007-11-24,68,162,Hispanic,medium,brown,clean_shaven,R,P,,1,RP,CL,,,,,55,,,,49,54,48,51,52,49,56,56,59,65,0,0,0,,,,,0,,,,68,71,70,81,72,77,70,68,81,90,0,0,0,False,,,0,,,,,,0,50,closer,
P8356,Fernando,Garcia,2007-12-18,72,223,Hispanic,light,black,mustache,L,P,,1,RP,SP,,,,,51,,,,52,54,51,51,52,48,52,0,60,60,0,0,0,,,,,0,,,,69,73,72,73,61,60,67,0,81,87,0,0,0,False,,,0,,,,,,0,50,power_sp,
P6204,Luis,Ramos,2007-03-17,68,176,Hispanic,medium,brown,goatee,R,P,,1,RP,RP,,,,,52,,,,50,51,53,51,52,52,54,57,0,0,0,0,0,,,,,0,,,,60,81,67,63,74,71,71,83,0,0,0,0,0,False,,,0,,,,,,0,50,finesse_rp,
P6914,Sung,Le,2006-03-14,75,184,Asian,light,black,clean_shaven,R,P,,1,RP,SP,,,,,49,,,,53,53,53,53,52,49,50,60,60,60,0,56,0,,,,,0,,,,77,64,75,77,69,67,60,72,79,77,0,83,0,False,,,0,,,,,,0,50,workhorse_sp,
P5905,Fausto,Cummer,2005-03-01,74,210,Anglo,light,blonde,mustache,R,P,,1,RP,SP,,,,,49,,,,51,50,54,50,52,51,51,0,61,61,0,0,0,,,,,0,,,,70,61,76,78,75,69,74,0,81,78,0,0,0,False,,,0,,,,,,0,50,power_sp,
P4378,Omar,Surina,2006-12-14,75,250,Anglo,medium,brown,clean_shaven,S,C,,0,,,49,51,49,50,48,51,55,51,52,48,,,,,,,,,,,,63,81,63,71,48,0,0,51,70,66,,,,,,,,,,,,False,,,0,,,,,,0,50,,average
P6846,Florentino,Labuff,2004-11-17,68,223,Anglo,dark,brown,clean_shaven,R,CF,RF,0,,,52,54,48,51,53,48,50,49,48,52,,,,,,,,,,,,82,75,64,71,53,0,0,49,63,68,,,,,,,,,,,,False,,,0,,,,,,0,50,,gap
P6580,Jermaine,White,2006-07-28,68,190,African,dark,black,beard,S,2B,,0,,,50,50,48,52,53,48,53,50,49,50,,,,,,,,,,,,76,71,77,79,53,0,0,50,78,60,,,,,,,,,,,,False,,,0,,,,,,0,50,,balanced
P9759,Cedric,Washington,2004-11-28,72,217,African,dark,black,clean_shaven,R,1B,,0,,,48,63,48,48,50,49,56,51,53,48,,,,,,,,,,,,65,86,59,63,50,0,0,51,81,77,,,,,,,,,,,,False,,,0,,,,,,0,50,,power
P3933,Margarito,Gouras,2007-04-30,74,177,Anglo,medium,red,mustache,R,RF,,0,,,50,61,51,51,51,51,58,51,49,50,,,,,,,,,,,,80,91,64,78,51,0,0,51,76,80,,,,,,,,,,,,False,,,0,,,,,,0,50,,power
P5813,Manuel,Castillo,1990-10-18,74,200,Hispanic,medium,brown,clean_shaven,L,P,,1,RP,CL,,,,,55,,,,53,52,51,51,52,53,55,0,0,66,0,0,0,,,,,0,,,,45,50,50,50,49,46,55,0,0,65,0,0,0,False,,,0,,,,,,0,50,closer,
P9932,Yong,Nguyen,1994-10-02,75,198,Asian,light,black,clean_shaven,L,P,,1,RP,RP,,,,,52,,,,48,50,50,50,52,49,54,0,0,65,0,0,0,,,,,0,,,,50,48,47,57,46,47,49,0,0,62,0,0,0,False,,,0,,,,,,0,50,power_rp,
P4749,Carlos,Gonzalez,1991-09-01,74,246,Hispanic,medium,blonde,clean_shaven,S,P,,1,RP,RP,,,,,48,,,,48,52,51,52,52,51,52,0,0,67,0,0,0,,,,,0,,,,47,51,47,52,48,41,43,0,0,67,0,0,0,False,,,0,,,,,,0,50,power_rp,
P4221,Tyrone,Taylor,2001-07-29,77,202,African,dark,black,beard,L,P,,1,RP,SP,,,,,50,,,,48,53,51,52,52,51,53,0,59,62,0,0,0,,,,,0,,,,61,65,60,58,66,57,58,0,71,67,0,0,0,False,,,0,,,,,,0,50,power_sp,
P9371,Ferdinand,Berning,1997-12-31,77,243,Anglo,light,brown,clean_shaven,R,P,,1,RP,SP,,,,,51,,,,51,49,50,50,52,50,53,0,0,60,58,0,0,,,,,0,,,,52,46,50,50,48,50,57,0,0,64,59,0,0,False,,,0,,,,,,0,50,groundball_sp,
P1858,Eduardo,Torres,1996-05-02,78,186,Hispanic,medium,black,clean_shaven,R,P,,1,RP,SP,,,,,50,,,,51,52,52,53,52,51,50,0,60,59,59,0,0,,,,,0,,,,56,57,57,54,52,51,55,0,57,57,55,0,0,False,,,0,,,,,,0,50,groundball_sp,
P8028,Yong,Li,1999-01-04,72,186,Asian,light,brown,clean_shaven,R,P,,1,RP,SP,,,,,48,,,,50,52,52,53,52,53,50,63,62,62,0,0,0,,,,,0,,,,61,65,65,59,67,68,58,75,75,69,0,0,0,False,,,0,,,,,,0,50,finesse_sp,
P1276,Yong,Liu,1989-08-10,70,211,Asian,light,brown,beard,L,P,,1,RP,SP,,,,,51,,,,52,50,52,51,53,50,52,0,62,61,61,0,0,,,,,0,,,,44,41,48,46,43,44,47,0,58,54,52,0,0,False,,,0,,,,,,0,50,groundball_sp,
P6670,Kerry,Demer,1997-09-12,72,248,Anglo,dark,red,clean_shaven,L,P,,1,RP,CL,,,,,51,,,,53,50,50,52,53,48,52,57,59,65,0,0,0,,,,,0,,,,54,51,56,50,52,43,51,61,57,62,0,0,0,False,,,0,,,,,,0,50,closer,
P7041,Yong,Huang,1994-12-23,77,191,Asian,medium,black,clean_shaven,R,P,,1,RP,SP,,,,,49,,,,49,53,52,50,52,50,50,60,62,0,0,0,0,,,,,0,,,,49,58,46,55,56,52,50,62,61,0,0,0,0,False,,,0,,,,,,0,50,finesse_sp,
P5569,Leroy,Scott,1992-08-28,69,236,African,dark,black,clean_shaven,R,P,,1,RP,SP,,,,,48,,,,50,49,52,51,52,49,51,59,63,60,54,0,0,,,,,0,,,,44,45,43,52,49,39,50,49,53,54,54,0,0,False,,,0,,,,,,0,50,balanced_sp,
P2383,Kristofer,Kinstle,1991-09-16,69,171,Anglo,medium,black,clean_shaven,R,C,,0,,,49,59,51,49,52,51,56,51,49,51,,,,,,,,,,,,41,56,48,42,52,0,0,51,41,48,,,,,,,,,,,,False,,,0,,,,,,0,50,,power
P1494,Ulysses,Wassell,2002-09-08,72,201,Anglo,light,blonde,mustache,R,1B,,0,,,53,53,49,50,49,53,57,49,50,49,,,,,,,,,,,,59,67,58,55,49,0,0,49,63,64,,,,,,,,,,,,False,,,0,,,,,,0,50,,balanced
P9672,Sung,Lin,1994-04-02,75,190,Asian,medium,black,clean_shaven,R,2B,,0,,,53,52,52,52,51,53,56,50,51,51,,,,,,,,,,,,53,51,52,54,51,0,0,50,48,48,,,,,,,,,,,,False,,,0,,,,,,0,50,,balanced
P5085,Carlos,Rodriguez,1991-03-22,69,243,Hispanic,dark,blonde,beard,R,3B,,0,,,52,49,48,49,52,48,59,51,52,52,,,,,,,,,,,,52,47,45,44,52,0,0,51,51,44,,,,,,,,,,,,False,,,0,,,,,,0,50,,average
P8307,Deshawn,Harris,1987-08-21,77,187,African,dark,black,goatee,R,SS,,0,,,49,51,49,50,51,52,58,50,48,47,,,,,,,,,,,,49,46,44,41,51,0,0,50,46,43,,,,,,,,,,,,False,,,0,,,,,,0,50,,average
P8394,Xavier,Baker,1996-06-24,69,211,African,dark,black,mustache,S,LF,,0,,,49,53,48,48,53,53,52,51,48,52,,,,,,,,,,,,53,55,53,43,53,0,0,51,45,47,,,,,,,,,,,,False,,,0,,,,,,0,50,,balanced
P8556,Bryan,Mclennon,1994-03-03,76,163,Anglo,medium,black,clean_shaven,R,CF,LF,0,,,57,51,49,54,51,51,52,51,48,50,,,,,,,,,,,,54,46,48,57,51,0,0,51,51,52,,,,,,,,,,,,False,,,0,,,,,,0,50,,spray
P4016,Darnell,Scott,2001-05-06,71,237,African,dark,black,clean_shaven,R,RF,,0,,,62,50,52,53,51,49,55,47,50,53,,,,,,,,,,,,72,55,58,66,51,0,0,47,64,60,,,,,,,,,,,,False,,,0,,,,,,0,50,,spray
P9749,Deshawn,Gaines,1990-07-30,76,169,African,dark,black,clean_shaven,L,RF,,0,,,52,52,51,51,48,51,50,49,48,53,,,,,,,,,,,,47,46,49,44,48,0,0,49,39,46,,,,,,,,,,,,False,,,0,,,,,,0,50,,average
P2464,Rufus,Robinson,1987-12-03,70,237,African,dark,black,mustache,R,RF,,0,,,52,56,48,52,52,51,57,48,50,52,,,,,,,,,,,,45,55,46,45,52,0,0,48,41,43,,,,,,,,,,,,False,,,0,,,,,,0,50,,balanced
P2415,Jermaine,Green,2004-05-15,69,248,African,dark,black,clean_shaven,L,LF,,0,,,53,60,50,52,48,49,50,50,48,49,,,,,,,,,,,,76,79,76,77,48,0,0,50,60,59,,,,,,,,,,,,False,,,0,,,,,,0,50,,power
P2401,Teddy,Pong,1998-11-04,75,219,Anglo,light,red,clean_shaven,R,SS,,0,,,50,53,52,50,52,50,57,50,50,53,,,,,,,,,,,,61,58,59,55,52,0,0,50,57,68,,,,,,,,,,,,False,,,0,,,,,,0,50,,balanced
P9549,Jorge,Reyes,1987-06-15,78,201,Hispanic,light,brown,clean_shaven,S,RF,,0,,,50,51,49,52,48,52,52,48,52,50,,,,,,,,,,,,40,46,45,44,48,0,0,48,42,49,,,,,,,,,,,,False,,,0,,,,,,0,50,,gap
P4486,Jose,Gonzalez,1994-01-01,68,172,Hispanic,dark,brown,mustache,S,CF,,0,,,53,52,50,52,52,52,53,50,51,53,,,,,,,,,,,,45,44,42,42,52,0,0,50,50,44,,,,,,,,,,,,False,,,0,,,,,,0,50,,balanced
P3061,Jose,Torres,1995-06-13,68,240,Hispanic,dark,brown,clean_shaven,L,P,,1,RP,CL,,,,,55,,,,50,50,51,50,54,51,52,0,0,67,0,0,0,,,,,0,,,,49,52,51,49,56,55,52,0,0,67,0,0,0,False,,,0,,,,,,0,50,closer,
P8551,Aldo,Beliard,1989-08-03,74,222,Anglo,light,brown,clean_shaven,R,P,,1,RP,LR,,,,,52,,,,52,51,50,51,53,53,53,57,59,0,0,0,0,,,,,0,,,,45,44,42,45,40,45,52,47,53,0,0,0,0,False,,,0,,,,,,0,50,long_relief,
P7157,Jorge,Rivera,1990-07-31,77,198,Hispanic,dark,black,beard,L,P,,1,RP,SP,,,,,50,,,,49,52,54,51,52,49,54,0,60,60,0,0,0,,,,,0,,,,48,42,46,49,49,39,53,0,60,56,0,0,0,False,,,0,,,,,,0,50,power_sp,
P3667,Quentin,Harker,1996-05-05,76,184,Anglo,light,red,beard,R,P,,1,RP,SP,,,,,49,,,,50,49,53,50,52,51,50,60,0,61,0,0,0,,,,,0,,,,53,48,45,53,48,54,46,56,0,57,0,0,0,False,,,0,,,,,,0,50,balanced_sp,
P3161,Malik,Jefferson,2002-01-19,71,231,African,dark,black,clean_shaven,L,P,,1,RP,RP,,,,,53,,,,51,50,51,51,52,51,53,0,62,63,61,0,0,,,,,0,,,,64,65,59,61,64,63,64,0,72,73,70,0,0,False,,,0,,,,,,0,50,groundball_rp,
P6300,Reed,Hohiudden,1997-04-20,71,208,Anglo,light,black,clean_shaven,R,P,,1,RP,SP,,,,,53,,,,52,52,51,53,52,48,51,0,0,60,58,0,0,,,,,0,,,,51,49,48,50,49,43,51,0,0,58,61,0,0,False,,,0,,,,,,0,50,groundball_sp,
P1063,Alejandro,Diaz,1993-12-11,70,187,Hispanic,dark,black,clean_shaven,R,P,,1,RP,SP,,,,,47,,,,53,51,51,50,52,51,49,0,64,60,0,0,0,,,,,0,,,,52,46,40,42,44,42,46,0,54,59,0,0,0,False,,,0,,,,,,0,50,power_sp,
P7095,Mauro,Pavelich,1996-10-31,74,207,Anglo,medium,blonde,clean_shaven,R,1B,,0,,,67,51,51,52,49,46,55,52,48,51,,,,,,,,,,,,63,48,55,53,49,0,0,52,48,56,,,,,,,,,,,,False,,,0,,,,,,0,50,,spray
P8230,Darnell,Walker,2004-05-27,75,231,African,dark,black,clean_shaven,R,LF,,0,,,52,60,51,52,50,49,58,49,50,52,,,,,,,,,,,,63,72,71,73,50,0,0,49,61,64,,,,,,,,,,,,False,,,0,,,,,,0,50,,gap
P7647,Man,Gabaree,1998-01-11,73,188,Anglo,medium,blonde,goatee,R,C,,0,,,50,49,49,51,53,52,55,52,49,51,,,,,,,,,,,,46,48,53,56,53,0,0,52,47,51,,,,,,,,,,,,False,,,0,,,,,,0,50,,average
P8308,Malik,Scott,2001-05-02,70,176,African,dark,black,clean_shaven,R,SS,,0,,,52,52,86,53,53,48,59,49,53,47,,,,,,,,,,,,67,65,99,62,53,0,0,49,64,56,,,,,,,,,,,,False,,,0,,,,,,0,50,,speed
P9222,Doyle,Camerena,2000-01-26,76,204,Anglo,dark,red,clean_shaven,R,LF,,0,,,48,62,50,48,48,52,58,49,51,52,,,,,,,,,,,,63,69,56,55,48,0,0,49,63,65,,,,,,,,,,,,False,,,0,,,,,,0,50,,power
P2607,Fernando,Castillo,2001-02-12,71,242,Hispanic,medium,brown,mustache,R,LF,,0,,,61,51,48,52,49,49,55,50,52,49,,,,,,,,,,,,76,64,57,67,49,0,0,50,66,64,,,,,,,,,,,,False,,,0,,,,,,0,50,,spray
P2864,Miguel,Gomez,1997-12-12,69,218,Hispanic,light,brown,clean_shaven,R,3B,,0,,,57,49,50,53,49,50,55,51,50,50,,,,,,,,,,,,60,46,55,58,49,0,0,51,55,49,,,,,,,,,,,,False,,,0,,,,,,0,50,,spray
P1212,Anton,Wraight,1996-07-09,75,188,Anglo,dark,brown,clean_shaven,R,CF,,0,,,51,52,51,52,52,48,53,51,50,50,,,,,,,,,,,,53,53,46,56,52,0,0,51,49,48,,,,,,,,,,,,False,,,0,,,,,,0,50,,balanced
P9019,Adan,Gradillas,2007-08-03,71,249,Anglo,light,black,goatee,R,P,,1,RP,CL,,,,,55,,,,51,53,52,53,61,52,52,0,58,67,0,0,0,,,,,0,,,,65,82,71,89,66,62,65,0,71,91,0,0,0,False,,,0,,,,,,0,50,closer,
P6083,Leroy,Jefferson,2005-07-20,75,188,African,dark,brown,clean_shaven,L,P,,1,RP,SP,,,,,49,,,,52,50,53,51,53,52,49,63,64,61,0,0,0,,,,,0,,,,77,65,75,83,74,78,70,91,80,78,0,0,0,False,,,0,,,,,,0,50,finesse_sp,
P8726,Enoch,Vielle,2007-03-23,75,182,Anglo,light,brown,clean_shaven,R,P,,1,RP,RP,,,,,56,,,,51,52,50,50,52,49,52,59,62,0,61,0,0,,,,,0,,,,67,74,76,76,61,71,79,72,81,0,78,0,0,False,,,0,,,,,,0,50,groundball_rp,
P3533,Percy,Baker,2004-04-05,69,235,African,dark,brown,clean_shaven,R,P,,1,RP,SP,,,,,51,,,,50,51,52,52,52,51,52,60,62,58,0,0,0,,,,,0,,,,72,67,76,73,72,77,65,70,91,76,0,0,0,False,,,0,,,,,,0,50,balanced_sp,
P4622,Hector,Gomez,2008-02-23,69,244,Hispanic,medium,red,clean_shaven,R,P,,1,RP,SP,,,,,50,,,,52,50,51,50,54,50,53,60,59,57,61,0,0,,,,,0,,,,81,72,67,69,77,80,76,78,78,72,90,0,0,False,,,0,,,,,,0,50,groundball_sp,
P1388,Percy,King,2004-04-10,78,171,African,light,black,clean_shaven,R,LF,,0,,,50,61,51,50,51,50,58,50,49,49,,,,,,,,,,,,69,72,76,78,51,0,0,50,78,69,,,,,,,,,,,,False,,,0,,,,,,0,50,,power
P2316,Jose,Gomez,2006-03-25,77,175,Hispanic,medium,black,goatee,R,LF,,0,,,53,62,48,49,51,50,57,49,52,48,,,,,,,,,,,,69,85,60,63,51,0,0,49,64,73,,,,,,,,,,,,False,,,0,,,,,,0,50,,power
P6186,Percy,Gaines,2007-07-03,69,229,African,light,black,clean_shaven,R,RF,,0,,,50,56,50,51,51,52,55,51,48,52,,,,,,,,,,,,64,81,65,70,51,0,0,51,65,72,,,,,,,,,,,,False,,,0,,,,,,0,50,,gap
P8342,Millard,Kappe,2006-12-26,75,217,Anglo,dark,blonde,clean_shaven,L,SS,,0,,,50,54,51,51,52,49,51,48,49,48,,,,,,,,,,,,77,76,69,62,52,0,0,48,59,62,,,,,,,,,,,,False,,,0,,,,,,0,50,,balanced
P8376,Burt,Dailey,2005-11-19,74,217,Anglo,medium,black,clean_shaven,R,LF,,0,,,50,50,70,52,50,52,56,52,50,52,,,,,,,,,,,,62,79,93,75,50,0,0,52,66,76,,,,,,,,,,,,False,,,0,,,,,,0,50,,speed
P9388,Percy,Young,1995-11-09,73,214,African,medium,brown,clean_shaven,R,P,,1,RP,CL,,,,,55,,,,51,52,50,50,52,53,55,0,59,65,0,0,0,,,,,0,,,,52,56,48,56,55,56,60,0,58,65,0,0,0,False,,,0,,,,,,0,50,closer,
P7111,Daron,Harmison,2001-08-25,74,182,Anglo,dark,brown,clean_shaven,S,P,,1,RP,SP,,,,,51,,,,51,51,52,51,52,48,50,61,60,58,0,0,0,,,,,0,,,,64,58,59,64,64,53,58,71,75,72,0,0,0,False,,,0,,,,,,0,50,workhorse_sp,
P1710,Cedric,Taylor,1995-04-13,74,186,African,dark,black,beard,R,P,,1,RP,SP,,,,,48,,,,51,49,54,50,54,53,49,59,60,0,0,0,0,,,,,0,,,,47,46,50,53,58,49,47,59,55,0,0,0,0,False,,,0,,,,,,0,50,workhorse_sp,
P2625,Deshawn,King,2000-11-22,78,183,African,dark,black,clean_shaven,R,P,,1,RP,SP,,,,,52,,,,51,49,53,53,52,50,53,62,60,59,0,0,0,,,,,0,,,,65,61,58,64,59,65,58,69,67,71,0,0,0,False,,,0,,,,,,0,50,workhorse_sp,
P2602,Cedric,Baker,1987-07-05,73,229,African,medium,black,mustache,R,P,,1,RP,SP,,,,,50,,,,52,53,50,53,52,52,50,62,60,58,59,0,0,,,,,0,,,,42,53,49,43,44,42,44,59,54,54,50,0,0,False,,,0,,,,,,0,50,balanced_sp,
P9640,Cornell,Hubbell,1998-06-10,75,228,Anglo,light,brown,clean_shaven,R,P,,1,RP,SP,,,,,50,,,,49,51,53,53,52,50,51,63,0,63,0,0,0,,,,,0,,,,60,65,58,60,66,55,63,78,0,76,0,0,0,False,,,0,,,,,,0,50,workhorse_sp,
P7104,Jamal,Taylor,1997-12-16,69,227,African,dark,black,clean_shaven,L,P,,1,RP,SP,,,,,49,,,,51,51,51,50,53,47,53,0,60,58,0,58,0,,,,,0,,,,47,55,46,51,50,48,53,0,63,59,0,53,0,False,,,0,,,,,,0,50,power_sp,
P4142,Hunter,Chmura,1990-12-15,70,232,Anglo,medium,brown,mustache,S,P,,1,RP,RP,,,,,56,,,,49,52,50,52,53,49,51,59,61,0,63,0,0,,,,,0,,,,43,50,47,48,45,49,49,59,61,0,55,0,0,False,,,0,,,,,,0,50,groundball_rp,
P7043,Eduardo,Gonzalez,2001-04-14,69,215,Hispanic,medium,red,clean_shaven,L,P,,1,RP,SP,,,,,53,,,,52,53,54,51,52,50,51,57,59,61,59,0,0,,,,,0,,,,65,64,63,58,67,58,58,64,64,74,73,0,0,False,,,0,,,,,,0,50,groundball_sp,
P9580,Tyrone,Scott,2004-12-26,76,241,African,dark,black,mustache,R,P,,1,RP,SP,,,,,50,,,,52,51,52,50,54,51,53,0,63,63,0,0,0,,,,,0,,,,78,75,78,69,78,76,67,0,87,74,0,0,0,False,,,0,,,,,,0,50,power_sp,
P2528,Roberto,Hernandez,2001-10-09,76,226,Hispanic,light,brown,beard,R,P,,1,RP,RP,,,,,52,,,,48,49,51,50,52,50,51,59,60,65,0,0,0,,,,,0,,,,63,63,64,64,60,59,57,67,67,80,0,0,0,False,,,0,,,,,,0,50,power_rp,
P2289,Antonio,Ramos,1998-09-09,77,231,Hispanic,medium,red,clean_shaven,L,C,,0,,,51,51,51,52,50,49,47,48,51,51,,,,,,,,,,,,62,57,60,64,50,0,0,48,56,65,,,,,,,,,,,,False,,,0,,,,,,0,50,,balanced
P2729,Olen,Spirer,2000-01-12,71,186,Anglo,light,brown,beard,R,1B,,0,,,51,58,51,52,51,50,56,51,50,52,,,,,,,,,,,,60,63,65,61,51,0,0,51,61,62,,,,,,,,,,,,False,,,0,,,,,,0,50,,gap
P4788,Jason,Wunderlich,2002-09-25,72,250,Anglo,medium,black,clean_shaven,R,2B,,0,,,55,50,50,52,51,51,57,51,52,48,,,,,,,,,,,,60,62,65,66,51,0,0,51,61,54,,,,,,,,,,,,False,,,0,,,,,,0,50,,balanced
P3886,Salvador,Otomo,1997-06-27,72,225,Anglo,light,brown,beard,R,3B,LF,0,,,49,50,48,50,48,51,57,49,52,51,,,,,,,,,,,,47,49,53,49,48,0,0,49,51,56,,,,,,,,,,,,False,,,0,,,,,,0,50,,balanced
P7644,Xavier,Jefferson,1994-02-26,70,185,African,dark,black,clean_shaven,L,SS,,0,,,50,53,51,51,53,48,52,52,52,50,,,,,,,,,,,,50,48,50,49,53,0,0,52,49,44,,,,,,,,,,,,False,,,0,,,,,,0,50,,balanced
P5506,Carlos,Reyes,1998-07-01,72,228,Hispanic,medium,red,mustache,R,LF,,0,,,61,50,51,50,50,50,59,52,51,52,,,,,,,,,,,,76,55,65,60,50,0,0,52,66,60,,,,,,,,,,,,False,,,0,,,,,,0,50,,spray
P7733,Hubert,Rommelfanger,1991-07-26,68,226,Anglo,light,red,goatee,R,CF,,0,,,49,50,49,51,50,51,50,51,48,48,,,,,,,,,,,,41,44,40,45,50,0,0,51,41,45,,,,,,,,,,,,False,,,0,,,,,,0,50,,balanced
P6551,Weldon,Caughman,1998-09-01,71,199,Anglo,light,black,clean_shaven,R,RF,C,0,,,49,52,52,48,50,51,57,49,50,49,,,,,,,,,,,,64,58,58,62,50,0,0,49,58,56,,,,,,,,,,,,False,,,0,,,,,,0,50,,balanced
P2937,Luis,Vasquez,1999-10-29,76,186,Hispanic,light,blonde,goatee,R,C,,0,,,50,49,49,51,51,52,59,48,50,52,,,,,,,,,,,,65,54,59,65,51,0,0,48,64,62,,,,,,,,,,,,False,,,0,,,,,,0,50,,average
P1297,Cedric,Allen,2000-11-17,70,160,African,light,black,mustache,R,RF,LF,0,,,51,57,52,49,49,50,55,50,48,49,,,,,,,,,,,,61,62,61,54,49,0,0,50,59,56,,,,,,,,,,,,False,,,0,,,,,,0,50,,power
P7326,Percy,Carter,2003-07-16,74,164,African,medium,black,clean_shaven,R,LF,,0,,,51,49,70,50,51,51,55,53,49,53,,,,,,,,,,,,61,55,81,63,51,0,0,53,64,58,,,,,,,,,,,,False,,,0,,,,,,0,50,,speed
P9773,Alonzo,Strait,1991-10-13,70,201,Anglo,dark,blonde,clean_shaven,L,1B,,0,,,51,63,48,49,52,51,46,52,51,50,,,,,,,,,,,,48,60,39,45,52,0,0,52,51,49,,,,,,,,,,,,False,,,0,,,,,,0,50,,power
P8978,Jermaine,Harris,1994-03-12,76,180,African,light,black,clean_shaven,R,SS,,0,,,47,63,52,49,48,51,60,52,51,48,,,,,,,,,,,,51,59,55,50,48,0,0,52,56,50,,,,,,,,,,,,False,,,0,,,,,,0,50,,power
P3868,Jorge,Vasquez,1994-11-22,77,197,Hispanic,medium,brown,goatee,R,C,,0,,,55,50,94,51,50,51,55,52,53,50,,,,,,,,,,,,53,50,94,48,50,0,0,52,52,51,,,,,,,,,,,,False,,,0,,,,,,0,50,,elite_speed
P8420,Sam,Thamphia,1990-12-18,78,232,Anglo,medium,brown,clean_shaven,R,P,,1,RP,CL,,,,,55,,,,51,50,48,52,54,49,56,58,0,65,0,0,0,,,,,0,,,,51,44,49,44,44,40,50,48,0,58,0,0,0,False,,,0,,,,,,0,50,closer,
P7873,Fernando,Reyes,2001-08-09,74,168,Hispanic,dark,black,mustache,R,P,,1,RP,SP,,,,,48,,,,48,52,52,52,53,52,54,62,63,63,0,0,0,,,,,0,,,,61,66,57,62,58,60,68,67,75,73,0,0,0,False,,,0,,,,,,0,50,balanced_sp,
P4280,Luis,Torres,1998-06-09,72,176,Hispanic,dark,black,clean_shaven,R,P,,1,RP,RP,,,,,55,,,,53,51,50,50,52,52,52,57,60,0,63,0,0,,,,,0,,,,60,64,63,64,60,57,61,68,75,0,78,0,0,False,,,0,,,,,,0,50,groundball_rp,
P7951,Jamal,Young,1999-03-16,73,208,African,dark,black,clean_shaven,L,P,,1,RP,SP,,,,,48,,,,51,51,53,50,52,51,49,60,61,61,56,0,0,,,,,0,,,,61,66,57,63,59,62,61,71,68,75,64,0,0,False,,,0,,,,,,0,50,balanced_sp,
P3779,Duane,Esfahani,2001-11-12,68,246,Anglo,light,brown,goatee,R,P,,1,RP,RP,,,,,53,,,,48,51,53,50,53,52,51,0,0,0,62,0,0,,,,,0,,,,54,57,56,67,68,57,61,0,0,0,73,0,0,False,,,0,,,,,,0,50,groundball_rp,
P3162,Erwin,Pry,1994-04-26,70,218,Anglo,medium,brown,clean_shaven,R,P,,1,RP,RP,,,,,50,,,,53,49,48,53,52,51,51,60,61,0,0,0,0,,,,,0,,,,57,46,54,56,48,47,49,63,59,0,0,0,0,False,,,0,,,,,,0,50,finesse_rp,
P1983,Fernando,Vasquez,2004-12-05,78,199,Hispanic,dark,brown,clean_shaven,R,P,,1,RP,CL,,,,,50,,,,48,51,52,50,52,50,55,57,0,67,0,0,0,,,,,0,,,,63,80,73,69,78,68,84,74,0,88,0,0,0,False,,,0,,,,,,0,50,closer,
P2695,Deshawn,Scott,1996-12-29,74,175,African,dark,black,clean_shaven,R,C,,0,,,53,59,51,49,52,50,57,52,52,50,,,,,,,,,,,,48,58,50,45,52,0,0,52,56,45,,,,,,,,,,,,False,,,0,,,,,,0,50,,power
P1092,Xavier,King,1993-12-02,76,161,African,light,black,beard,R,3B,,0,,,59,63,49,49,48,50,57,50,50,50,,,,,,,,,,,,53,54,41,47,48,0,0,50,42,49,,,,,,,,,,,,False,,,0,,,,,,0,50,,gap
P1052,Leroy,White,1999-09-20,76,228,African,medium,black,mustache,L,CF,RF,0,,,51,61,48,52,51,54,43,49,48,50,,,,,,,,,,,,58,74,58,58,51,0,0,49,54,62,,,,,,,,,,,,False,,,0,,,,,,0,50,,power
P6382,Jamal,Green,2000-08-09,77,185,African,dark,black,clean_shaven,L,LF,1B,0,,,62,50,52,53,51,50,48,51,49,52,,,,,,,,,,,,69,58,58,64,51,0,0,51,55,63,,,,,,,,,,,,False,,,0,,,,,,0,50,,spray
P7846,Deshawn,White,1999-06-16,71,229,African,dark,black,goatee,S,1B,,0,,,53,54,52,52,49,52,49,52,50,50,,,,,,,,,,,,64,61,66,61,49,0,0,52,65,63,,,,,,,,,,,,False,,,0,,,,,,0,50,,balanced
P7521,Tyrone,Washington,1999-09-21,72,241,African,dark,black,beard,S,C,,0,,,51,47,70,52,50,49,52,50,52,51,,,,,,,,,,,,66,52,84,61,50,0,0,50,60,61,,,,,,,,,,,,False,,,0,,,,,,0,50,,speed
P4771,Jose,Martinez,1991-10-22,77,246,Hispanic,medium,black,mustache,R,SS,,0,,,51,50,50,50,51,51,55,48,50,48,,,,,,,,,,,,46,41,47,43,51,0,0,48,46,48,,,,,,,,,,,,False,,,0,,,,,,0,50,,balanced
P2469,Leroy,King,1988-11-20,78,184,African,medium,black,clean_shaven,R,CF,,0,,,51,59,49,51,49,50,56,48,51,51,,,,,,,,,,,,41,49,49,44,49,0,0,48,48,44,,,,,,,,,,,,False,,,0,,,,,,0,50,,power
P3486,Tod,Violett,2007-09-25,73,227,Anglo,dark,blonde,clean_shaven,R,P,,1,RP,CL,,,,,55,,,,52,53,51,50,53,52,56,56,0,65,0,0,0,,,,,0,,,,74,80,60,66,64,64,79,76,0,91,0,0,0,False,,,0,,,,,,0,50,closer,
P5306,Fernando,Gomez,2008-01-10,75,175,Hispanic,light,brown,clean_shaven,R,P,,1,RP,SP,,,,,49,,,,53,51,49,52,52,51,52,61,62,0,0,55,0,,,,,0,,,,76,70,65,68,66,77,65,84,88,0,0,75,0,False,,,0,,,,,,0,50,finesse_sp,
P8892,Jarod,Deconti,2005-05-13,75,216,Anglo,medium,brown,mustache,L,P,,1,RP,CL,,,,,50,,,,49,50,51,52,52,49,54,0,0,66,0,0,0,,,,,0,,,,66,72,76,75,76,62,75,0,0,82,0,0,0,False,,,0,,,,,,0,50,closer,
P3721,Chauncey,Thomison,2005-05-08,78,233,Anglo,medium,brown,clean_shaven,L,P,,1,RP,SP,,,,,49,,,,49,52,54,50,54,48,50,60,59,0,0,0,0,,,,,0,,,,78,67,79,69,64,59,72,82,88,0,0,0,0,False,,,0,,,,,,0,50,workhorse_sp,
P3936,Gayle,Lieb,2004-10-10,70,241,Anglo,dark,blonde,clean_shaven,R,P,,1,RP,SP,,,,,49,,,,51,50,49,52,52,52,50,58,61,60,0,0,0,,,,,0,,,,68,80,69,67,68,66,65,83,78,76,0,0,0,False,,,0,,,,,,0,50,finesse_sp,
P1351,Malik,Washington,2007-01-30,77,179,African,dark,black,clean_shaven,R,SS,,0,,,51,50,87,51,53,48,58,49,48,48,,,,,,,,,,,,63,80,99,65,53,0,0,49,78,64,,,,,,,,,,,,False,,,0,,,,,,0,50,,speed
P7909,Rufus,Carter,2007-06-17,71,220,African,medium,black,mustache,R,C,,0,,,51,51,49,52,49,52,59,50,51,51,,,,,,,,,,,,65,79,76,69,49,0,0,50,80,79,,,,,,,,,,,,False,,,0,,,,,,0,50,,average
P8788,Roberto,Morales,2008-02-04,70,189,Hispanic,medium,black,clean_shaven,S,SS,,0,,,53,51,50,49,50,48,53,49,52,51,,,,,,,,,,,,82,75,60,61,50,0,0,49,65,64,,,,,,,,,,,,False,,,0,,,,,,0,50,,average
P2802,Rufus,Walker,2006-11-29,78,200,African,dark,black,clean_shaven,S,1B,,0,,,55,53,50,50,48,49,49,52,52,50,,,,,,,,,,,,69,68,79,79,48,0,0,52,76,79,,,,,,,,,,,,False,,,0,,,,,,0,50,,gap
P6366,Roberto,Rivera,2006-10-17,70,209,Hispanic,dark,brown,clean_shaven,R,C,,0,,,51,50,50,51,50,51,58,52,52,48,,,,,,,,,,,,77,63,69,75,50,0,0,52,69,70,,,,,,,,,,,,False,,,0,,,,,,0,50,,average
P1042,Myles,Hales,2004-09-03,75,232,Anglo,medium,blonde,clean_shaven,R,P,,1,RP,CL,,,,,55,,,,48,53,49,53,61,50,55,0,0,65,0,0,0,,,,,0,,,,67,80,83,80,59,75,83,0,0,80,0,0,0,False,,,0,,,,,,0,50,closer,
P5811,Manuel,Torres,1996-02-11,75,170,Hispanic,medium,brown,clean_shaven,R,P,,1,RP,CL,,,,,52,,,,50,50,51,51,53,48,51,0,0,65,0,0,0,,,,,0,,,,46,54,53,55,46,51,52,0,0,66,0,0,0,False,,,0,,,,,,0,50,closer,
P6417,Pedro,Reyes,2001-10-09,71,229,Hispanic,dark,brown,clean_shaven,L,P,,1,RP,LR,,,,,52,,,,50,52,49,51,52,51,51,58,62,66,0,0,0,,,,,0,,,,60,67,62,59,58,59,63,72,68,72,0,0,0,False,,,0,,,,,,0,50,long_relief,
P5797,Darnell,Jefferson,1995-07-13,70,169,African,light,black,clean_shaven,R,P,,1,RP,SP,,,,,52,,,,48,54,52,51,54,52,54,60,62,59,60,0,0,,,,,0,,,,48,58,49,55,57,48,55,64,60,64,57,0,0,False,,,0,,,,,,0,50,power_sp,
P3669,Tyrone,Mitchell,2002-11-03,69,167,African,medium,black,mustache,S,P,,1,RP,SP,,,,,51,,,,52,51,49,54,53,51,53,62,63,0,0,0,0,,,,,0,,,,62,61,65,58,62,66,64,71,68,0,0,0,0,False,,,0,,,,,,0,50,finesse_sp,
P5039,Clifton,Ussery,2001-08-09,74,232,Anglo,light,brown,clean_shaven,R,P,,1,RP,SP,,,,,53,,,,50,49,51,51,52,48,51,60,62,58,58,0,0,,,,,0,,,,62,56,58,66,58,53,65,66,70,73,72,0,0,False,,,0,,,,,,0,50,groundball_sp,
P1175,Alejandro,Lopez,1987-07-27,69,226,Hispanic,light,black,beard,R,P,,1,RP,SP,,,,,49,,,,51,50,52,50,52,50,52,60,60,58,0,58,0,,,,,0,,,,46,41,46,44,50,49,49,57,51,55,0,53,0,False,,,0,,,,,,0,50,balanced_sp,
P9775,Tyron,Reau,2004-08-22,78,179,Anglo,light,brown,clean_shaven,L,P,,1,RP,CL,,,,,50,,,,51,52,48,51,52,51,56,0,0,67,0,0,0,,,,,0,,,,71,73,69,76,62,63,74,0,0,87,0,0,0,False,,,0,,,,,,0,50,closer,
P4878,Raul,Delgado,2001-03-15,71,220,Hispanic,medium,black,goatee,S,P,,1,RP,SP,,,,,49,,,,53,53,52,51,52,50,53,0,59,59,0,0,0,,,,,0,,,,63,60,56,61,61,65,63,0,74,71,0,0,0,False,,,0,,,,,,0,50,power_sp,
P3949,Ricardo,Vargas,1987-10-22,71,211,Hispanic,light,black,clean_shaven,R,P,,1,RP,CL,,,,,50,,,,48,53,50,50,52,53,55,59,62,66,0,0,0,,,,,0,,,,42,47,44,47,44,49,55,51,55,56,0,0,0,False,,,0,,,,,,0,50,closer,
P4867,Darnell,Jackson,1994-12-20,68,160,African,dark,black,clean_shaven,R,P,,1,RP,SP,,,,,49,,,,50,48,53,51,54,50,53,0,60,61,0,0,0,,,,,0,,,,47,45,50,55,51,51,52,0,57,65,0,0,0,False,,,0,,,,,,0,50,workhorse_sp,
P2627,Hector,Hernandez,1991-02-23,72,177,Hispanic,dark,brown,clean_shaven,R,C,,0,,,53,52,50,50,49,53,55,49,51,49,,,,,,,,,,,,46,49,41,43,49,0,0,49,48,49,,,,,,,,,,,,False,,,0,,,,,,0,50,,balanced
P5919,Manuel,Rodriguez,2002-12-27,75,185,Hispanic,medium,black,mustache,R,1B,,0,,,54,57,51,50,50,51,55,53,51,51,,,,,,,,,,,,59,62,60,63,50,0,0,53,63,60,,,,,,,,,,,,False,,,0,,,,,,0,50,,gap
P9774,Jude,Scharf,1993-05-02,75,219,Anglo,dark,brown,goatee,R,2B,SS,0,,,53,59,51,50,48,53,54,49,51,51,,,,,,,,,,,,51,54,49,46,48,0,0,49,48,48,,,,,,,,,,,,False,,,0,,,,,,0,50,,power
P6170,Francisco,Lopez,1995-06-04,72,221,Hispanic,medium,brown,clean_shaven,R,3B,,0,,,48,62,48,49,48,50,55,52,49,50,,,,,,,,,,,,51,64,50,47,48,0,0,52,48,46,,,,,,,,,,,,False,,,0,,,,,,0,50,,power
P5898,Kurt,Vangompel,1988-08-07,73,218,Anglo,medium,blonde,clean_shaven,S,SS,,0,,,53,54,51,51,51,51,54,49,50,52,,,,,,,,,,,,48,45,43,45,51,0,0,49,50,44,,,,,,,,,,,,False,,,0,,,,,,0,50,,balanced
P5805,Francisco,Perez,2002-05-02,69,220,Hispanic,light,black,clean_shaven,R,LF,,0,,,54,51,70,51,51,50,59,49,51,48,,,,,,,,,,,,62,61,82,59,51,0,0,49,64,62,,,,,,,,,,,,False,,,0,,,,,,0,50,,speed
P4216,Dion,Groshek,1988-01-23,77,167,Anglo,light,brown,beard,L,CF,,0,,,50,50,50,49,53,53,45,49,52,52,,,,,,,,,,,,45,50,42,45,53,0,0,49,50,46,,,,,,,,,,,,False,,,0,,,,,,0,50,,balanced
P9009,Tyrone,Allen,2000-01-11,75,167,African,dark,black,beard,R,RF,,0,,,51,51,51,50,51,50,58,50,52,49,,,,,,,,,,,,59,66,66,63,51,0,0,50,66,54,,,,,,,,,,,,False,,,0,,,,,,0,50,,average
P5830,Percy,Allen,1997-05-09,70,170,African,dark,black,clean_shaven,R,1B,,0,,,63,55,52,53,52,47,55,48,52,51,,,,,,,,,,,,59,55,48,53,52,0,0,48,50,51,,,,,,,,,,,,False,,,0,,,,,,0,50,,spray
P4432,Malik,Taylor,1987-03-12,77,244,African,dark,black,clean_shaven,R,C,,0,,,51,58,49,50,49,52,58,51,52,49,,,,,,,,,,,,48,53,47,42,49,0,0,51,50,46,,,,,,,,,,,,False,,,0,,,,,,0,50,,power
P1087,Luis,Garcia,2004-01-18,71,225,Hispanic,light,brown,clean_shaven,R,LF,,0,,,52,60,50,52,50,51,59,50,52,52,,,,,,,,,,,,58,66,59,67,50,0,0,50,65,60,,,,,,,,,,,,False,,,0,,,,,,0,50,,power
P9589,Jose,Rodriguez,1995-09-27,72,177,Hispanic,medium,brown,goatee,R,3B,RF,0,,,59,52,53,52,54,51,57,51,49,50,,,,,,,,,,,,56,54,49,56,54,0,0,51,51,46,,,,,,,,,,,,False,,,0,,,,,,0,50,,spray
P3540,Roberto,Cruz,2001-04-06,69,245,Hispanic,light,black,clean_shaven,R,2B,,0,,,49,50,52,50,50,49,57,52,48,51,,,,,,,,,,,,56,61,59,61,50,0,0,52,59,60,,,,,,,,,,,,False,,,0,,,,,,0,50,,average
P9550,Odis,Carney,1990-10-22,70,235,Anglo,medium,red,clean_shaven,R,RF,,0,,,56,56,53,49,48,50,58,48,48,51,,,,,,,,,,,,49,47,43,40,48,0,0,48,42,42,,,,,,,,,,,,False,,,0,,,,,,0,50,,gap
P7132,Hector,Cruz,1999-03-22,71,191,Hispanic,dark,brown,goatee,R,P,,1,RP,CL,,,,,55,,,,52,53,47,50,52,52,53,0,0,66,0,0,0,,,,,0,,,,60,62,60,61,54,66,59,0,0,76,0,0,0,False,,,0,,,,,,0,50,closer,
P3812,Cedric,King,1989-02-03,75,177,African,medium,brown,clean_shaven,R,P,,1,RP,SP,,,,,50,,,,52,51,54,51,52,49,51,0,0,59,61,0,0,,,,,0,,,,48,44,45,46,44,46,44,0,0,58,60,0,0,False,,,0,,,,,,0,50,groundball_sp,
P6196,Darnell,Robinson,1990-01-29,74,214,African,dark,black,goatee,R,P,,1,RP,RP,,,,,52,,,,48,51,48,50,53,51,52,0,61,63,59,0,0,,,,,0,,,,41,46,43,52,43,42,43,0,51,57,51,0,0,False,,,0,,,,,,0,50,power_rp,
P5342,Xavier,Harris,2002-07-21,72,241,African,dark,black,clean_shaven,R,P,,1,RP,SP,,,,,48,,,,51,51,51,54,53,50,51,62,61,0,0,0,0,,,,,0,,,,58,59,59,58,57,64,62,68,69,0,0,0,0,False,,,0,,,,,,0,50,finesse_sp,
P9008,Luis,Diaz,1996-02-17,78,216,Hispanic,medium,black,clean_shaven,R,P,,1,RP,LR,,,,,53,,,,52,51,49,53,53,52,49,60,61,0,0,0,0,,,,,0,,,,49,46,53,49,49,48,51,55,59,0,0,0,0,False,,,0,,,,,,0,50,long_relief,
P4756,Darnell,Baker,1998-05-14,72,218,African,dark,black,beard,L,P,,1,RP,RP,,,,,52,,,,52,53,48,51,53,52,54,0,0,65,0,0,0,,,,,0,,,,67,65,66,67,55,60,62,0,0,76,0,0,0,False,,,0,,,,,,0,50,power_rp,
P2977,Jamal,Gaines,1990-04-05,76,160,African,dark,black,beard,R,P,,1,RP,SP,,,,,50,,,,48,51,54,50,52,48,50,61,0,62,61,0,0,,,,,0,,,,40,50,41,52,52,38,49,59,0,60,52,0,0,False,,,0,,,,,,0,50,groundball_sp,
P9167,Manuel,Sanchez,1990-02-25,75,202,Hispanic,light,black,beard,L,RF,,0,,,52,51,50,52,52,51,50,51,51,51,,,,,,,,,,,,48,45,49,48,52,0,0,51,43,48,,,,,,,,,,,,False,,,0,,,,,,0,50,,balanced
P3588,Augustus,Mainz,1987-10-16,78,204,Anglo,medium,black,goatee,R,2B,,0,,,57,54,49,56,49,52,55,50,50,53,,,,,,,,,,,,54,54,49,52,49,0,0,50,44,51,,,,,,,,,,,,False,,,0,,,,,,0,50,,gap
P9210,Dustin,Romero,1998-11-24,77,165,Anglo,medium,black,clean_shaven,L,LF,,0,,,50,47,85,53,53,50,48,49,49,49,,,,,,,,,,,,58,59,95,67,53,0,0,49,58,56,,,,,,,,,,,,False,,,0,,,,,,0,50,,elite_speed
P9027,Tyrone,Wright,1992-06-13,69,188,African,dark,black,clean_shaven,L,1B,LF,0,,,53,62,52,52,50,53,43,51,49,51,,,,,,,,,,,,44,60,51,44,50,0,0,51,44,50,,,,,,,,,,,,False,,,0,,,,,,0,50,,power
P1153,Percy,Jackson,1995-01-28,74,228,African,dark,black,clean_shaven,R,3B,,0,,,60,52,51,52,48,50,56,50,48,51,,,,,,,,,,,,59,53,51,47,48,0,0,50,52,46,,,,,,,,,,,,False,,,0,,,,,,0,50,,spray
P1841,Hector,Gonzalez,1993-11-14,72,206,Hispanic,medium,red,mustache,L,CF,,0,,,55,49,53,53,53,51,49,47,52,51,,,,,,,,,,,,45,45,51,52,53,0,0,47,48,50,,,,,,,,,,,,False,,,0,,,,,,0,50,,spray
P5714,Abel,Bernhagen,2002-11-13,69,228,Anglo,medium,brown,clean_shaven,R,LF,,0,,,52,50,53,52,52,53,57,50,53,52,,,,,,,,,,,,63,62,67,62,52,0,0,50,62,67,,,,,,,,,,,,False,,,0,,,,,,0,50,,average
P3806,Rufus,Washington,1987-11-03,70,214,African,dark,black,beard,L,LF,,0,,,53,59,48,51,48,50,51,50,52,49,,,,,,,,,,,,43,59,41,51,48,0,0,50,43,47,,,,,,,,,,,,False,,,0,,,,,,0,50,,power
P6911,Roberto,Vargas,2006-09-23,69,234,Hispanic,medium,brown,clean_shaven,R,P,,1,RP,CL,,,,,55,,,,49,54,47,50,52,53,55,58,61,66,0,0,0,,,,,0,,,,70,78,69,63,64,80,70,87,89,77,0,0,0,False,,,0,,,,,,0,50,closer,
P9653,Jamal,Carter,2005-04-06,71,237,African,dark,black,mustache,L,P,,1,RP,RP,,,,,49,,,,49,51,51,52,54,50,52,56,59,65,0,0,0,,,,,0,,,,78,78,68,70,81,72,69,74,75,76,0,0,0,False,,,0,,,,,,0,50,power_rp,
P6531,Juan,Torres,2007-05-28,72,211,Hispanic,medium,blonde,clean_shaven,R,P,,1,RP,SP,,,,,54,,,,51,50,52,51,53,49,51,0,59,0,60,0,0,,,,,0,,,,69,69,63,82,64,72,69,0,80,0,72,0,0,False,,,0,,,,,,0,50,groundball_sp,
P9999,Antonio,Gonzalez,2006-05-08,71,233,Hispanic,light,black,clean_shaven,L,P,,1,RP,SP,,,,,50,,,,48,54,53,52,52,51,52,0,62,60,0,0,0,,,,,0,,,,63,81,73,68,82,66,63,0,85,72,0,0,0,False,,,0,,,,,,0,50,power_sp,
P4157,Alberto,Viscome,2005-03-17,75,231,Anglo,dark,black,clean_shaven,S,P,,1,RP,SP,,,,,52,,,,51,52,54,50,53,49,50,61,61,0,62,0,0,,,,,0,,,,70,73,62,67,70,63,63,80,75,0,90,0,0,False,,,0,,,,,,0,50,groundball_sp,
P3735,Clemente,Binner,2005-02-15,76,196,Anglo,medium,red,clean_shaven,R,C,,0,,,52,50,91,50,52,52,59,49,51,48,,,,,,,,,,,,81,73,99,69,52,0,0,49,64,67,,,,,,,,,,,,False,,,0,,,,,,0,50,,speed
P1061,Glenn,Freehling,2006-07-07,73,163,Anglo,light,blonde,clean_shaven,R,1B,,0,,,52,59,51,51,50,50,58,52,53,50,,,,,,,,,,,,64,86,61,62,50,0,0,52,81,61,,,,,,,,,,,,False,,,0,,,,,,0,50,,gap
P9964,Carlos,Mendoza,2007-08-18,70,223,Hispanic,light,brown,clean_shaven,R,RF,1B,0,,,60,53,52,53,53,48,56,52,48,52,,,,,,,,,,,,76,68,72,78,53,0,0,52,65,74,,,,,,,,,,,,False,,,0,,,,,,0,50,,spray
P3427,Leroy,Young,2006-01-25,76,164,African,dark,black,clean_shaven,R,C,1B,0,,,53,52,53,52,51,51,57,53,52,48,,,,,,,,,,,,67,63,79,82,51,0,0,53,65,76,,,,,,,,,,,,False,,,0,,,,,,0,50,,balanced
P3651,Kristofer,Katoa,2007-04-10,77,176,Anglo,medium,brown,clean_shaven,R,RF,,0,,,50,59,49,49,49,54,57,49,48,49,,,,,,,,,,,,64,83,77,62,49,0,0,49,63,71,,,,,,,,,,,,False,,,0,,,,,,0,50,,power
P5727,Ricardo,Vasquez,1988-11-21,74,196,Hispanic,dark,brown,mustache,R,P,,1,RP,CL,,,,,55,,,,53,51,48,51,54,51,53,60,61,65,0,0,0,,,,,0,,,,44,51,51,54,38,42,43,52,52,65,0,0,0,False,,,0,,,,,,0,50,closer,
P5775,Leroy,Robinson,1995-06-12,72,216,African,dark,black,mustache,R,P,,1,RP,RP,,,,,57,,,,51,50,49,52,52,49,53,0,61,65,63,0,0,,,,,0,,,,53,47,56,54,53,48,54,0,56,65,63,0,0,False,,,0,,,,,,0,50,groundball_rp,
P2692,Cedric,Harris,1994-10-07,78,170,African,medium,black,clean_shaven,R,P,,1,RP,RP,,,,,33,,,,48,53,49,53,52,51,51,0,61,0,0,0,0,,,,,35,,,,49,48,57,49,51,51,46,0,63,0,0,0,0,False,,,0,,,,,,0,50,finesse_rp,
P2134,Xavier,Mitchell,1990-03-07,73,226,African,dark,black,clean_shaven,S,P,,1,RP,RP,,,,,50,,,,50,52,50,50,52,51,51,0,62,64,0,0,0,,,,,0,,,,48,44,42,43,43,44,46,0,53,56,0,0,0,False,,,0,,,,,,0,50,power_rp,
P4680,Pedro,Vargas,1989-06-27,78,193,Hispanic,dark,red,goatee,R,P,,1,RP,SP,,,,,52,,,,53,50,54,50,52,50,49,0,61,62,0,0,0,,,,,0,,,,50,48,49,45,53,47,39,0,53,57,0,0,0,False,,,0,,,,,,0,50,workhorse_sp,
P2163,James,Curro,1992-09-15,68,231,Anglo,light,blonde,beard,R,P,,1,RP,SP,,,,,50,,,,49,49,53,50,53,49,52,0,60,63,55,57,0,,,,,0,,,,42,49,48,44,49,39,42,0,59,57,49,53,0,False,,,0,,,,,,0,50,power_sp,
P8384,Gabriel,Sandhoff,1992-07-11,78,169,Anglo,light,brown,beard,R,P,,1,RP,RP,,,,,54,,,,47,53,52,50,53,52,52,0,58,62,63,0,0,,,,,0,,,,40,47,50,53,48,42,52,0,52,52,62,0,0,False,,,0,,,,,,0,50,groundball_rp,
P9615,Alejandro,Flores,2004-03-09,71,210,Hispanic,light,black,clean_shaven,R,P,,1,RP,CL,,,,,50,,,,53,51,49,51,52,50,53,57,0,65,0,0,0,,,,,0,,,,78,81,76,79,65,63,70,83,0,92,0,0,0,False,,,0,,,,,,0,50,closer,
P9109,Cedric,White,1988-04-29,78,179,African,light,black,mustache,R,P,,1,RP,SP,,,,,51,,,,50,50,50,53,52,49,50,62,59,0,58,54,0,,,,,0,,,,42,46,43,46,40,40,40,61,57,0,56,47,0,False,,,0,,,,,,0,50,finesse_sp,
P7670,Darnell,Gaines,1989-12-14,74,230,African,dark,black,mustache,R,P,,1,RP,RP,,,,,50,,,,51,50,50,50,52,49,50,61,63,0,0,0,0,,,,,0,,,,44,45,40,43,46,48,49,54,57,0,0,0,0,False,,,0,,,,,,0,50,finesse_rp,
P9804,Ricardo,Ortiz,1995-12-15,76,246,Hispanic,dark,black,mustache,R,P,,1,RP,CL,,,,,53,,,,52,52,47,52,53,51,54,59,60,66,0,0,0,,,,,0,,,,53,50,52,58,42,53,56,59,55,66,0,0,0,False,,,0,,,,,,0,50,closer,
P7945,Malik,Green,1990-01-13,70,245,African,dark,black,beard,R,C,,0,,,54,54,53,53,50,51,57,49,49,51,,,,,,,,,,,,53,45,53,51,50,0,0,49,48,46,,,,,,,,,,,,False,,,0,,,,,,0,50,,balanced
P6354,Adolph,Buske,1994-09-21,72,162,Anglo,medium,brown,beard,L,1B,,0,,,52,57,49,51,52,51,45,52,51,51,,,,,,,,,,,,57,62,48,46,52,0,0,52,55,50,,,,,,,,,,,,False,,,0,,,,,,0,50,,gap
P5089,Pierre,Kolb,2001-04-23,68,247,Anglo,light,black,clean_shaven,R,2B,,0,,,61,53,50,56,47,49,58,49,51,50,,,,,,,,,,,,66,64,58,65,47,0,0,49,56,65,,,,,,,,,,,,False,,,0,,,,,,0,50,,gap
P6667,Reinaldo,Pilgreen,1995-01-27,73,234,Anglo,medium,brown,beard,L,3B,LF,0,,,52,49,50,51,51,48,51,51,50,52,,,,,,,,,,,,48,44,45,47,51,0,0,51,50,54,,,,,,,,,,,,False,,,0,,,,,,0,50,,average
P1774,Malik,White,2004-10-27,70,184,African,dark,black,clean_shaven,L,SS,,0,,,51,60,54,50,49,50,50,51,49,49,,,,,,,,,,,,68,73,65,65,49,0,0,51,59,74,,,,,,,,,,,,False,,,0,,,,,,0,50,,power
P6142,Darnell,Allen,1988-02-20,73,183,African,medium,black,beard,R,LF,,0,,,63,68,51,54,47,48,58,49,50,48,,,,,,,,,,,,59,64,41,52,47,0,0,49,43,46,,,,,,,,,,,,False,,,0,,,,,,0,50,,gap
P4284,Fredrick,Schneidtmille,1992-10-19,78,217,Anglo,medium,red,clean_shaven,R,CF,,0,,,53,47,49,52,50,48,53,48,51,52,,,,,,,,,,,,51,46,41,43,50,0,0,48,49,49,,,,,,,,,,,,False,,,0,,,,,,0,50,,average
P7749,Jamal,Mitchell,1996-08-24,69,163,African,dark,black,goatee,R,RF,,0,,,53,47,70,53,51,52,55,50,50,51,,,,,,,,,,,,57,48,72,54,51,0,0,50,54,47,,,,,,,,,,,,False,,,0,,,,,,0,50,,speed
P7573,Antonio,Rivera,1997-04-30,71,212,Hispanic,medium,black,clean_shaven,L,LF,,0,,,56,54,50,51,49,48,48,52,50,52,,,,,,,,,,,,53,59,54,54,49,0,0,52,45,47,,,,,,,,,,,,False,,,0,,,,,,0,50,,gap
P1991,Percy,Walker,1990-11-08,76,191,African,dark,black,goatee,R,SS,,0,,,64,63,49,51,47,48,56,52,49,50,,,,,,,,,,,,57,56,42,50,47,0,0,52,45,49,,,,,,,,,,,,False,,,0,,,,,,0,50,,gap
P2554,Miguel,Garcia,1992-05-18,73,170,Hispanic,light,black,clean_shaven,R,CF,,0,,,54,47,70,53,53,51,55,49,52,50,,,,,,,,,,,,44,47,62,53,53,0,0,49,50,40,,,,,,,,,,,,False,,,0,,,,,,0,50,,speed
P2032,Numbers,Charest,1989-06-01,78,175,Anglo,light,black,beard,R,RF,,0,,,50,51,48,50,48,48,58,50,50,50,,,,,,,,,,,,42,46,44,49,48,0,0,50,47,41,,,,,,,,,,,,False,,,0,,,,,,0,50,,average
P5729,Otto,Parlor,1990-05-22,68,237,Anglo,light,brown,beard,R,CF,,0,,,57,51,54,54,49,47,51,47,49,49,,,,,,,,,,,,55,41,49,44,49,0,0,47,44,48,,,,,,,,,,,,False,,,0,,,,,,0,50,,spray
P4068,Dewayne,Kuhr,1999-01-08,78,194,Anglo,medium,black,clean_shaven,L,C,,0,,,50,51,53,50,49,49,49,48,51,51,,,,,,,,,,,,58,60,66,57,49,0,0,48,61,61,,,,,,,,,,,,False,,,0,,,,,,0,50,,balanced
P1352,Rafael,Reyes,1998-12-25,73,218,Hispanic,light,brown,clean_shaven,R,P,,1,RP,CL,,,,,55,,,,51,53,50,53,60,50,52,56,61,65,0,0,0,,,,,0,,,,66,64,62,67,63,60,61,62,68,77,0,0,0,False,,,0,,,,,,0,50,closer,
P8324,Jermaine,Jefferson,2001-08-25,73,221,African,medium,black,clean_shaven,R,P,,1,RP,SP,,,,,48,,,,48,49,51,54,53,50,50,59,64,0,0,0,0,,,,,0,,,,63,55,66,68,57,57,55,73,79,0,0,0,0,False,,,0,,,,,,0,50,finesse_sp,
P8080,Domingo,Flaherty,1997-08-22,74,249,Anglo,medium,black,clean_shaven,R,P,,1,RP,SP,,,,,52,,,,50,53,51,50,54,50,49,58,0,59,62,0,0,,,,,0,,,,50,58,55,50,49,46,51,60,0,54,58,0,0,False,,,0,,,,,,0,50,groundball_sp,
P9604,Stanford,Sanders,1989-09-20,75,205,Anglo,light,blonde,clean_shaven,R,P,,1,RP,RP,,,,,57,,,,48,50,52,50,53,50,49,0,56,0,63,0,0,,,,,0,,,,39,49,49,50,50,41,42,0,49,0,63,0,0,False,,,0,,,,,,0,50,groundball_rp,
P3346,Donovan,Pencek,1998-05-31,70,186,Anglo,light,brown,beard,L,P,,1,RP,RP,,,,,50,,,,52,49,51,53,52,52,53,61,60,0,0,0,0,,,,,0,,,,63,63,64,62,63,58,59,66,67,0,0,0,0,False,,,0,,,,,,0,50,finesse_rp,
P1205,Antonio,Vargas,1993-02-17,68,232,Hispanic,dark,black,clean_shaven,R,P,,1,RP,SP,,,,,52,,,,50,50,51,52,52,48,52,61,0,60,0,0,0,,,,,0,,,,50,50,47,50,46,41,52,52,0,60,0,0,0,False,,,0,,,,,,0,50,workhorse_sp,
P5142,Alejandro,Gonzalez,1988-09-21,76,215,Hispanic,light,blonde,beard,S,P,,1,RP,SP,,,,,50,,,,49,50,50,50,52,49,52,59,64,60,0,0,0,,,,,0,,,,44,49,48,48,45,40,42,58,56,51,0,0,0,False,,,0,,,,,,0,50,power_sp,
P4329,Lorenzo,Unkn,2000-04-17,72,183,Anglo,medium,black,mustache,R,LF,,0,,,54,50,70,53,50,49,56,51,49,53,,,,,,,,,,,,69,60,83,62,50,0,0,51,54,64,,,,,,,,,,,,False,,,0,,,,,,0,50,,speed
P5221,Francisco,Garcia,2002-10-25,70,208,Hispanic,medium,brown,beard,R,RF,,0,,,60,66,48,53,47,49,58,48,52,52,,,,,,,,,,,,65,81,55,62,47,0,0,48,58,58,,,,,,,,,,,,False,,,0,,,,,,0,50,,gap
P5949,Malik,Harris,1996-07-08,68,164,African,dark,black,clean_shaven,S,LF,,0,,,53,60,50,52,50,53,50,51,51,50,,,,,,,,,,,,50,55,45,48,50,0,0,51,46,55,,,,,,,,,,,,False,,,0,,,,,,0,50,,power
P6165,Rodger,Net,1991-10-18,69,192,Anglo,light,brown,beard,R,2B,,0,,,49,48,50,50,53,52,58,50,52,50,,,,,,,,,,,,41,42,42,49,53,0,0,50,51,42,,,,,,,,,,,,False,,,0,,,,,,0,50,,average
P1412,Francisco,Vasquez,2002-05-08,71,177,Hispanic,medium,brown,goatee,S,3B,,0,,,52,51,51,49,51,52,52,49,50,48,,,,,,,,,,,,67,64,65,54,51,0,0,49,65,62,,,,,,,,,,,,False,,,0,,,,,,0,50,,balanced
P6370,Percy,Mitchell,1988-06-03,78,180,African,dark,black,mustache,L,2B,,0,,,51,59,51,50,51,52,46,49,50,50,,,,,,,,,,,,49,49,43,45,51,0,0,49,44,43,,,,,,,,,,,,False,,,0,,,,,,0,50,,power
P8965,Cedric,Walker,2004-09-04,68,209,African,dark,black,clean_shaven,R,C,,0,,,48,50,50,50,50,51,59,50,50,50,,,,,,,,,,,,58,70,65,75,50,0,0,50,78,73,,,,,,,,,,,,False,,,0,,,,,,0,50,,average
P6849,Eduardo,Garcia,1995-09-07,78,180,Hispanic,light,blonde,clean_shaven,R,3B,,0,,,65,49,49,53,50,50,58,50,49,52,,,,,,,,,,,,67,53,46,52,50,0,0,50,46,47,,,,,,,,,,,,False,,,0,,,,,,0,50,,spray
P3878,Leroy,Jackson,2007-02-18,72,162,African,dark,black,clean_shaven,R,P,,1,RP,CL,,,,,55,,,,50,53,50,52,52,52,52,0,0,65,0,0,0,,,,,0,,,,60,70,73,82,70,66,69,0,0,89,0,0,0,False,,,0,,,,,,0,50,closer,
P3858,Carol,Gosney,2007-06-27,72,170,Anglo,medium,blonde,clean_shaven,L,P,,1,RP,LR,,,,,51,,,,52,49,53,50,52,50,50,60,0,63,0,0,0,,,,,0,,,,73,60,78,63,77,69,66,70,0,73,0,0,0,False,,,0,,,,,,0,50,long_relief,
P5371,Jamal,Jefferson,2004-07-19,75,230,African,dark,black,clean_shaven,R,P,,1,RP,SP,,,,,49,,,,48,50,51,50,53,52,50,60,62,0,59,0,0,,,,,0,,,,74,78,69,73,74,78,71,70,86,0,80,0,0,False,,,0,,,,,,0,50,finesse_sp,
P9651,Rafael,Morales,2006-03-10,78,214,Hispanic,light,black,mustache,L,P,,1,RP,RP,,,,,51,,,,49,49,51,51,54,53,49,58,63,0,0,55,0,,,,,0,,,,72,78,66,81,65,82,77,70,78,0,0,82,0,False,,,0,,,,,,0,50,finesse_rp,
P7865,Juan,Ramos,2005-12-29,74,246,Hispanic,dark,black,clean_shaven,L,P,,1,RP,SP,,,,,54,,,,51,53,51,50,53,48,52,0,61,59,59,0,0,,,,,0,,,,66,77,64,77,71,69,82,0,87,84,82,0,0,False,,,0,,,,,,0,50,groundball_sp,
P2837,Alejandro,Perez,2007-07-21,74,164,Hispanic,medium,brown,beard,R,C,,0,,,52,52,47,50,53,51,58,51,50,49,,,,,,,,,,,,80,68,57,63,53,0,0,51,64,66,,,,,,,,,,,,False,,,0,,,,,,0,50,,average
P4862,Miguel,Cruz,2004-05-05,72,210,Hispanic,medium,blonde,clean_shaven,L,3B,,0,,,53,64,49,49,47,52,50,53,50,52,,,,,,,,,,,,81,90,60,63,47,0,0,53,79,76,,,,,,,,,,,,False,,,0,,,,,,0,50,,power
P4308,Hector,Vasquez,2006-01-01,76,240,Hispanic,dark,brown,clean_shaven,R,CF,,0,,,50,50,50,51,52,48,50,50,49,52,,,,,,,,,,,,66,69,69,73,52,0,0,50,79,64,,,,,,,,,,,,False,,,0,,,,,,0,50,,average
P7163,Manuel,Gomez,2007-03-13,78,231,Hispanic,medium,blonde,clean_shaven,R,CF,,0,,,52,51,71,53,52,52,55,49,52,49,,,,,,,,,,,,77,80,92,82,52,0,0,49,68,77,,,,,,,,,,,,False,,,0,,,,,,0,50,,speed
P5965,Malik,King,2004-07-10,77,194,African,dark,black,beard,R,2B,,0,,,52,51,52,52,51,53,57,49,51,49,,,,,,,,,,,,77,75,69,73,51,0,0,49,69,64,,,,,,,,,,,,False,,,0,,,,,,0,50,,average
P1614,Kelly,Elsaesser,2004-12-11,74,170,Anglo,light,blonde,clean_shaven,L,P,,1,RP,CL,,,,,55,,,,49,53,51,52,52,49,53,0,0,65,0,0,0,,,,,0,,,,60,64,74,69,68,77,73,0,0,83,0,0,0,False,,,0,,,,,,0,50,closer,
P4750,Leroy,Green,1998-07-16,71,248,African,dark,black,goatee,L,P,,1,RP,SP,,,,,51,,,,50,51,52,50,52,50,52,63,61,57,0,0,0,,,,,0,,,,55,61,59,61,58,56,58,74,75,68,0,0,0,False,,,0,,,,,,0,50,finesse_sp,
P9606,Florencio,Gizinski,2001-01-19,72,233,Anglo,light,black,clean_shaven,S,P,,1,RP,RP,,,,,52,,,,47,53,49,50,52,49,52,60,62,65,0,0,0,,,,,0,,,,58,63,62,60,62,59,59,68,72,70,0,0,0,False,,,0,,,,,,0,50,finesse_rp,
P9649,Pedro,Martinez,1999-10-08,70,216,Hispanic,medium,brown,clean_shaven,R,P,,1,RP,SP,,,,,50,,,,50,49,51,53,52,49,51,58,60,60,0,0,0,,,,,0,,,,63,64,66,67,62,57,66,67,71,73,0,0,0,False,,,0,,,,,,0,50,workhorse_sp,
P3754,Jamal,Jackson,1989-10-22,72,174,African,dark,black,mustache,R,P,,1,RP,SP,,,,,49,,,,51,50,50,51,52,48,53,0,62,58,0,57,0,,,,,0,,,,46,46,51,50,48,48,50,0,60,58,0,50,0,False,,,0,,,,,,0,50,power_sp,
P7455,Luis,Ramirez,1999-11-27,72,230,Hispanic,medium,black,clean_shaven,R,P,,1,RP,LR,,,,,53,,,,52,48,53,50,52,49,53,59,62,67,0,0,0,,,,,0,,,,61,61,62,63,58,64,63,69,76,73,0,0,0,False,,,0,,,,,,0,50,long_relief,
P1378,Antonio,Hernandez,1990-10-30,75,228,Hispanic,light,black,clean_shaven,S,P,,1,RP,RP,,,,,50,,,,49,51,50,50,52,53,51,58,63,66,0,0,0,,,,,0,,,,39,51,45,50,41,43,50,58,57,56,0,0,0,False,,,0,,,,,,0,50,power_rp,
P2700,Dexter,Chirco,2002-10-03,74,194,Anglo,light,black,mustache,R,P,,1,RP,SP,,,,,52,,,,50,49,50,52,54,49,51,61,64,0,0,56,0,,,,,0,,,,55,60,61,64,57,60,60,69,75,0,0,63,0,False,,,0,,,,,,0,50,finesse_sp,
P5104,Clifford,Sandoral,1990-11-16,73,170,Anglo,medium,brown,beard,L,P,,1,RP,RP,,,,,48,,,,52,49,49,52,53,50,53,0,61,0,0,0,0,,,,,0,,,,50,41,51,44,48,41,48,0,58,0,0,0,0,False,,,0,,,,,,0,50,power_rp,
P1058,Malik,Young,1998-01-26,76,199,African,dark,black,beard,R,P,,1,RP,RP,,,,,48,,,,48,52,50,50,52,48,50,0,59,65,0,0,0,,,,,0,,,,47,50,52,52,46,52,48,0,56,61,0,0,0,False,,,0,,,,,,0,50,power_rp,
P1294,Jerald,Shaklee,1998-06-13,73,238,Anglo,medium,brown,clean_shaven,S,P,,1,RP,SP,,,,,48,,,,50,52,54,50,52,49,51,61,62,0,0,0,0,,,,,0,,,,62,59,61,62,66,54,60,72,71,0,0,0,0,False,,,0,,,,,,0,50,workhorse_sp,
P8350,Dannie,Ercolano,2003-01-10,76,240,Anglo,light,brown,clean_shaven,R,C,,0,,,51,50,51,49,50,53,55,52,52,52,,,,,,,,,,,,62,64,66,60,50,0,0,52,58,62,,,,,,,,,,,,False,,,0,,,,,,0,50,,average
P7907,Carlos,Gomez,2002-05-14,72,249,Hispanic,dark,blonde,goatee,L,1B,,0,,,50,54,51,51,48,52,47,51,48,48,,,,,,,,,,,,62,65,66,66,48,0,0,51,59,63,,,,,,,,,,,,False,,,0,,,,,,0,50,,gap
P6781,Milford,Hickernell,1994-07-28,69,209,Anglo,light,black,clean_shaven,R,2B,,0,,,59,53,50,53,50,51,57,51,50,48,,,,,,,,,,,,62,48,50,49,50,0,0,51,48,45,,,,,,,,,,,,False,,,0,,,,,,0,50,,gap
P8956,Val,Coffie,1997-08-28,72,207,Anglo,medium,black,mustache,S,3B,,0,,,52,59,47,51,47,50,56,52,49,48,,,,,,,,,,,,50,57,45,51,47,0,0,52,53,45,,,,,,,,,,,,False,,,0,,,,,,0,50,,power
P4813,Deshawn,Taylor,2002-01-28,76,203,African,dark,brown,clean_shaven,R,SS,,0,,,53,48,70,51,53,50,58,48,52,51,,,,,,,,,,,,68,53,76,66,53,0,0,48,63,65,,,,,,,,,,,,False,,,0,,,,,,0,50,,speed
P8075,Marco,Skarke,1994-06-29,72,215,Anglo,medium,brown,clean_shaven,R,LF,,0,,,49,50,48,49,51,50,56,52,48,49,,,,,,,,,,,,49,45,51,44,51,0,0,52,46,49,,,,,,,,,,,,False,,,0,,,,,,0,50,,balanced
P5531,Andre,Ghrist,1990-11-05,74,234,Anglo,light,blonde,goatee,R,CF,,0,,,51,47,70,50,54,50,50,49,50,49,,,,,,,,,,,,51,37,68,48,54,0,0,49,40,42,,,,,,,,,,,,False,,,0,,,,,,0,50,,speed
P8518,Darnell,Green,1998-12-16,76,224,African,dark,black,clean_shaven,L,RF,,0,,,59,51,50,54,51,50,46,50,51,52,,,,,,,,,,,,67,59,62,68,51,0,0,50,64,58,,,,,,,,,,,,False,,,0,,,,,,0,50,,spray
P5105,Percy,Robinson,1990-11-01,72,212,African,dark,black,beard,R,RF,,0,,,57,51,50,53,49,47,54,48,51,50,,,,,,,,,,,,52,45,47,47,49,0,0,48,49,41,,,,,,,,,,,,False,,,0,,,,,,0,50,,spray
P9975,Jerrold,Bemo,1991-11-08,68,214,Anglo,light,brown,beard,R,CF,,0,,,52,60,50,52,48,50,53,49,47,49,,,,,,,,,,,,50,54,49,42,48,0,0,49,41,41,,,,,,,,,,,,False,,,0,,,,,,0,50,,power
P8450,Tyrone,Jefferson,2004-07-24,75,192,African,dark,black,clean_shaven,R,3B,,0,,,52,49,50,50,48,49,57,52,52,50,,,,,,,,,,,,70,70,65,63,48,0,0,52,68,74,,,,,,,,,,,,False,,,0,,,,,,0,50,,average
P2536,Mose,Hadson,1994-08-11,77,214,Anglo,light,brown,clean_shaven,R,CF,,0,,,64,52,48,51,52,48,54,49,48,49,,,,,,,,,,,,66,52,48,52,52,0,0,49,44,44,,,,,,,,,,,,False,,,0,,,,,,0,50,,spray
P8257,Cedric,Young,1997-10-21,68,243,African,dark,black,goatee,R,C,,0,,,50,49,85,51,51,51,58,50,50,49,,,,,,,,,,,,45,48,84,53,51,0,0,50,53,45,,,,,,,,,,,,False,,,0,,,,,,0,50,,elite_speed
P6329,Roderick,Kodama,1988-01-23,76,245,Anglo,light,brown,mustache,L,CF,,0,,,50,49,48,51,51,51,48,49,49,52,,,,,,,,,,,,42,42,43,43,51,0,0,49,47,42,,,,,,,,,,,,False,,,0,,,,,,0,50,,average
P4659,Darnell,Carter,1988-12-04,72,194,African,dark,black,beard,L,P,,1,RP,CL,,,,,55,,,,51,53,47,50,53,51,52,0,0,65,0,0,0,,,,,0,,,,45,44,48,52,38,43,44,0,0,63,0,0,0,False,,,0,,,,,,0,50,closer,
P2175,Manuel,Vargas,1997-10-08,74,184,Hispanic,medium,brown,clean_shaven,S,P,,1,RP,SP,,,,,53,,,,52,53,50,53,52,50,52,60,62,59,61,0,0,,,,,0,,,,54,53,58,48,54,55,51,63,57,60,56,0,0,False,,,0,,,,,,0,50,groundball_sp,
P9105,Ike,Skyers,1994-01-05,74,160,Anglo,dark,brown,mustache,R,P,,1,RP,RP,,,,,57,,,,53,49,50,51,52,49,52,0,0,0,62,0,0,,,,,0,,,,48,42,46,48,40,39,42,0,0,0,55,0,0,False,,,0,,,,,,0,50,groundball_rp,
P2769,Rafael,Rodriguez,1993-06-21,72,164,Hispanic,medium,black,clean_shaven,R,P,,1,RP,SP,,,,,52,,,,52,53,52,51,53,49,51,58,62,60,0,0,0,,,,,0,,,,51,46,44,53,52,48,51,48,54,53,0,0,0,False,,,0,,,,,,0,50,balanced_sp,
P2981,Terence,Sossamon,2000-07-03,68,225,Anglo,dark,black,goatee,R,P,,1,RP,LR,,,,,50,,,,50,49,52,50,53,49,53,59,63,0,0,0,0,,,,,0,,,,56,54,58,59,65,59,59,70,71,0,0,0,0,False,,,0,,,,,,0,50,long_relief,
P2637,Jermaine,Allen,1998-03-25,72,214,African,dark,black,mustache,R,P,,1,RP,SP,,,,,51,,,,49,51,53,52,52,49,53,57,61,59,0,57,0,,,,,0,,,,63,61,58,66,68,58,67,66,70,70,0,67,0,False,,,0,,,,,,0,50,power_sp,
P8623,Jonas,Moser,1991-01-22,73,191,Anglo,light,black,clean_shaven,R,P,,1,RP,SP,,,,,49,,,,50,49,51,53,54,51,50,58,60,59,0,0,0,,,,,0,,,,46,41,43,45,50,43,47,49,59,49,0,0,0,False,,,0,,,,,,0,50,workhorse_sp,
P7289,Malik,Wright,2000-10-01,77,167,African,dark,black,clean_shaven,L,C,,0,,,50,54,47,51,51,49,47,52,49,52,,,,,,,,,,,,55,59,57,62,51,0,0,52,56,63,,,,,,,,,,,,False,,,0,,,,,,0,50,,balanced
P4117,Tyrone,Carter,1997-02-03,75,183,African,dark,black,clean_shaven,R,RF,,0,,,52,58,49,52,50,50,53,49,49,52,,,,,,,,,,,,51,63,51,48,50,0,0,49,52,52,,,,,,,,,,,,False,,,0,,,,,,0,50,,power
P5711,Raul,Castillo,1993-10-16,74,206,Hispanic,light,black,clean_shaven,L,3B,,0,,,48,48,51,49,50,51,50,51,50,51,,,,,,,,,,,,43,47,51,41,50,0,0,51,47,43,,,,,,,,,,,,False,,,0,,,,,,0,50,,average
P7800,Juan,Castillo,2001-05-18,75,198,Hispanic,light,brown,clean_shaven,R,SS,,0,,,52,62,51,51,50,49,57,50,49,51,,,,,,,,,,,,57,74,59,64,50,0,0,50,63,63,,,,,,,,,,,,False,,,0,,,,,,0,50,,power
P4963,Len,Lesa,1987-06-09,77,230,Anglo,light,brown,clean_shaven,L,SS,,0,,,49,48,51,49,50,50,52,50,50,50,,,,,,,,,,,,39,40,42,46,50,0,0,50,40,41,,,,,,,,,,,,False,,,0,,,,,,0,50,,average
P1026,Jorge,Lopez,1988-03-16,71,218,Hispanic,medium,black,beard,S,1B,,0,,,68,52,52,53,49,52,53,51,50,50,,,,,,,,,,,,66,47,47,47,49,0,0,51,50,45,,,,,,,,,,,,False,,,0,,,,,,0,50,,spray
P2174,Xavier,Carter,2003-06-26,76,224,African,dark,brown,clean_shaven,R,1B,,0,,,51,58,49,52,47,52,55,51,52,52,,,,,,,,,,,,60,65,54,66,47,0,0,51,62,59,,,,,,,,,,,,False,,,0,,,,,,0,50,,gap
P8787,Merrill,Lowy,1990-10-28,75,167,Anglo,medium,black,clean_shaven,R,1B,,0,,,52,63,48,49,51,50,56,50,52,50,,,,,,,,,,,,48,63,39,41,51,0,0,50,47,46,,,,,,,,,,,,False,,,0,,,,,,0,50,,power
P5754,Francisco,Martinez,2007-09-08,78,242,Hispanic,medium,black,mustache,R,P,,1,RP,CL,,,,,55,,,,49,51,50,53,59,50,52,58,0,66,0,0,0,,,,,0,,,,60,75,71,87,76,69,82,77,0,80,0,0,0,False,,,0,,,,,,0,50,closer,
P3095,Deshawn,Jefferson,2004-07-30,78,245,African,dark,black,goatee,L,P,,1,RP,SP,,,,,52,,,,48,51,54,50,52,52,54,0,61,58,0,54,0,,,,,0,,,,67,63,78,77,70,82,73,0,89,72,0,82,0,False,,,0,,,,,,0,50,power_sp,
P4893,Tyrone,King,2007-05-07,75,236,African,medium,black,clean_shaven,L,P,,1,RP,SP,,,,,52,,,,50,49,50,52,54,51,51,60,61,61,0,54,0,,,,,0,,,,71,66,69,72,70,73,71,83,83,87,0,84,0,False,,,0,,,,,,0,50,balanced_sp,
P6484,Merrill,Quilliam,2005-12-11,69,231,Anglo,light,brown,mustache,R,P,,1,RP,RP,,,,,52,,,,53,54,53,50,54,51,52,0,60,66,0,54,0,,,,,0,,,,70,77,79,76,64,70,82,0,82,92,0,81,0,False,,,0,,,,,,0,50,power_rp,
P9961,Dwain,Zoldesy,2005-11-05,78,174,Anglo,light,brown,clean_shaven,L,P,,1,RP,RP,,,,,53,,,,49,50,48,54,52,50,53,0,60,0,0,0,0,,,,,0,,,,74,68,69,77,76,78,76,0,74,0,0,0,0,False,,,0,,,,,,0,50,finesse_rp,
P3342,Marshall,Griffis,2006-02-22,75,165,Anglo,light,brown,mustache,R,SS,,0,,,53,48,87,53,51,51,60,50,51,50,,,,,,,,,,,,72,75,99,66,51,0,0,50,68,60,,,,,,,,,,,,False,,,0,,,,,,0,50,,speed
P2099,Darnell,King,2005-12-16,74,231,African,dark,black,goatee,S,1B,,0,,,52,59,48,50,48,54,53,50,52,48,,,,,,,,,,,,68,80,69,62,48,0,0,50,69,62,,,,,,,,,,,,False,,,0,,,,,,0,50,,power
P1060,Barton,Figuroa,2006-01-13,73,203,Anglo,light,blonde,clean_shaven,R,SS,,0,,,67,61,53,53,51,50,58,48,47,52,,,,,,,,,,,,82,72,64,76,51,0,0,48,66,82,,,,,,,,,,,,False,,,0,,,,,,0,50,,gap
P4621,Jermaine,Robinson,2005-04-04,73,234,African,dark,black,beard,L,1B,,0,,,51,61,48,52,51,53,44,49,50,50,,,,,,,,,,,,67,77,63,72,51,0,0,49,75,80,,,,,,,,,,,,False,,,0,,,,,,0,50,,power
P1165,Darnell,White,2004-03-28,70,174,African,dark,black,beard,L,CF,,0,,,52,51,70,53,50,48,46,47,51,51,,,,,,,,,,,,77,81,81,81,50,0,0,47,79,68,,,,,,,,,,,,False,,,0,,,,,,0,50,,speed
P1002,Sterling,Godnick,2002-02-22,70,186,Anglo,light,black,clean_shaven,L,P,,1,RP,CL,,,,,55,,,,52,53,48,50,53,49,55,0,0,66,0,0,0,,,,,0,,,,63,65,61,65,54,63,70,0,0,72,0,0,0,False,,,0,,,,,,0,50,closer,
P3813,Xavier,Walker,1990-04-18,69,225,African,dark,black,clean_shaven,L,P,,1,RP,RP,,,,,53,,,,52,53,50,50,54,52,55,0,0,64,0,0,0,,,,,0,,,,42,53,49,50,43,42,54,0,0,60,0,0,0,False,,,0,,,,,,0,50,power_rp,
P8005,Garland,Remaley,1989-08-26,77,200,Anglo,medium,blonde,beard,R,P,,1,RP,SP,,,,,49,,,,49,52,54,50,54,52,50,59,62,62,58,0,0,,,,,0,,,,46,50,44,54,54,51,44,51,55,52,54,0,0,False,,,0,,,,,,0,50,balanced_sp,
P5033,Antonio,Mendoza,2001-05-14,68,186,Hispanic,medium,blonde,goatee,L,P,,1,RP,SP,,,,,49,,,,49,52,53,52,54,50,52,60,61,58,0,0,0,,,,,0,,,,63,63,60,62,68,60,65,74,74,71,0,0,0,False,,,0,,,,,,0,50,balanced_sp,
P5072,Percy,Washington,1999-03-13,77,197,African,dark,black,clean_shaven,L,P,,1,RP,SP,,,,,51,,,,50,54,52,50,52,49,54,0,64,61,0,0,0,,,,,0,,,,62,69,62,65,65,62,68,0,75,67,0,0,0,False,,,0,,,,,,0,50,power_sp,
P5986,Hector,Mendoza,1997-04-16,70,196,Hispanic,light,black,clean_shaven,S,P,,1,RP,SP,,,,,66,,,,52,52,54,50,53,49,49,61,59,58,59,0,0,,,,,71,,,,52,51,55,54,51,51,45,64,64,61,54,0,0,False,,,0,,,,,,0,50,workhorse_sp,
P6114,Miguel,Rodriguez,1991-10-16,77,163,Hispanic,light,red,clean_shaven,S,P,,1,RP,SP,,,,,51,,,,48,49,51,50,52,52,50,61,59,59,58,0,0,,,,,0,,,,38,41,47,43,42,42,49,61,50,51,54,0,0,False,,,0,,,,,,0,50,groundball_sp,
P8163,Jermaine,Gaines,2000-08-06,76,164,African,dark,black,clean_shaven,R,P,,1,RP,CL,,,,,51,,,,52,52,48,51,53,51,52,0,0,65,0,0,0,,,,,0,,,,59,62,63,67,57,62,67,0,0,72,0,0,0,False,,,0,,,,,,0,50,closer,
P4257,Neal,Vollman,1999-12-23,68,203,Anglo,light,blonde,clean_shaven,R,P,,1,RP,LR,,,,,54,,,,49,52,53,52,52,50,50,58,60,0,0,0,0,,,,,0,,,,61,62,66,66,62,63,57,69,70,0,0,0,0,False,,,0,,,,,,0,50,long_relief,
P8093,Arnoldo,Finister,1995-08-22,70,202,Anglo,light,brown,clean_shaven,L,P,,1,RP,SP,,,,,49,,,,51,50,54,53,52,49,52,62,61,63,0,0,0,,,,,0,,,,51,49,51,56,52,48,52,60,57,63,0,0,0,False,,,0,,,,,,0,50,balanced_sp,
P3781,Carlos,Flores,1989-10-29,73,207,Hispanic,medium,black,goatee,R,P,,1,RP,SP,,,,,51,,,,51,49,50,50,54,49,50,62,61,60,61,0,0,,,,,0,,,,46,44,42,47,47,47,41,61,51,57,51,0,0,False,,,0,,,,,,0,50,finesse_sp,
P1021,Rufus,Jackson,1998-03-18,76,233,African,dark,black,clean_shaven,R,C,,0,,,54,49,70,53,53,48,56,52,51,53,,,,,,,,,,,,64,63,78,61,53,0,0,52,57,67,,,,,,,,,,,,False,,,0,,,,,,0,50,,speed
P3028,Kyle,Henley,1995-09-12,78,203,Anglo,light,blonde,beard,L,1B,,0,,,60,51,51,51,49,48,45,48,50,48,,,,,,,,,,,,64,56,52,46,49,0,0,48,51,43,,,,,,,,,,,,False,,,0,,,,,,0,50,,spray
P5774,Damian,Kapuscinski,1991-08-22,74,217,Anglo,dark,red,beard,R,2B,,0,,,49,53,49,50,51,51,55,51,51,49,,,,,,,,,,,,42,53,47,50,51,0,0,51,43,41,,,,,,,,,,,,False,,,0,,,,,,0,50,,balanced
P3501,Fernando,Mendoza,1994-07-02,77,233,Hispanic,medium,black,clean_shaven,L,3B,,0,,,51,51,50,50,49,47,51,51,51,49,,,,,,,,,,,,51,50,52,50,49,0,0,51,51,50,,,,,,,,,,,,False,,,0,,,,,,0,50,,balanced
P5113,Deshawn,Washington,1988-10-15,76,242,African,dark,black,goatee,S,SS,,0,,,58,52,52,53,51,50,53,53,52,52,,,,,,,,,,,,50,49,51,49,51,0,0,53,47,47,,,,,,,,,,,,False,,,0,,,,,,0,50,,gap
P4187,Tyrone,Walker,2000-01-01,74,171,African,medium,black,beard,R,LF,,0,,,54,53,51,50,49,49,57,51,50,49,,,,,,,,,,,,65,65,65,58,49,0,0,51,56,54,,,,,,,,,,,,False,,,0,,,,,,0,50,,average
P6046,Hector,Lopez,1999-09-26,78,239,Hispanic,light,black,mustache,R,CF,,0,,,54,65,48,52,50,52,51,50,51,49,,,,,,,,,,,,65,71,55,60,50,0,0,50,65,63,,,,,,,,,,,,False,,,0,,,,,,0,50,,power
P7330,Garth,Dispirito,1988-12-25,70,241,Anglo,light,red,clean_shaven,L,RF,,0,,,49,51,52,50,53,53,46,52,49,50,,,,,,,,,,,,42,43,44,45,53,0,0,52,42,49,,,,,,,,,,,,False,,,0,,,,,,0,50,,average
P8743,Percy,Taylor,1991-05-06,73,188,African,dark,black,clean_shaven,S,2B,,0,,,58,53,48,54,48,50,50,52,51,49,,,,,,,,,,,,49,47,38,51,48,0,0,52,43,44,,,,,,,,,,,,False,,,0,,,,,,0,50,,gap
P6133,Rufus,Gaines,1998-01-03,76,187,African,dark,black,clean_shaven,R,2B,,0,,,53,50,70,51,51,52,57,49,51,50,,,,,,,,,,,,48,47,71,52,51,0,0,49,51,52,,,,,,,,,,,,False,,,0,,,,,,0,50,,speed
P3462,Jermaine,Walker,1990-10-29,70,177,African,dark,black,clean_shaven,L,LF,,0,,,54,50,70,53,52,50,47,52,51,53,,,,,,,,,,,,46,46,70,45,52,0,0,52,50,43,,,,,,,,,,,,False,,,0,,,,,,0,50,,speed
P4477,Xavier,Young,1989-11-02,77,162,African,dark,black,beard,R,LF,,0,,,60,65,52,52,52,51,56,49,48,50,,,,,,,,,,,,50,59,52,47,52,0,0,49,38,45,,,,,,,,,,,,False,,,0,,,,,,0,50,,gap
P4135,Juan,Sanchez,1992-03-25,68,166,Hispanic,dark,blonde,clean_shaven,S,RF,,0,,,53,52,50,52,49,52,52,49,52,51,,,,,,,,,,,,46,50,50,51,49,0,0,49,47,50,,,,,,,,,,,,False,,,0,,,,,,0,50,,balanced
P5250,Jose,Castillo,2002-07-07,72,245,Hispanic,medium,brown,clean_shaven,R,RF,,0,,,58,50,49,52,54,50,53,48,49,50,,,,,,,,,,,,69,60,60,65,54,0,0,48,61,63,,,,,,,,,,,,False,,,0,,,,,,0,50,,spray
P4968,Roberto,Perez,2002-12-17,78,199,Hispanic,dark,blonde,clean_shaven,R,P,,1,RP,CL,,,,,55,,,,48,54,52,51,53,50,56,57,62,65,0,0,0,,,,,0,,,,58,61,66,63,62,58,68,67,74,78,0,0,0,False,,,0,,,,,,0,50,closer,
P8465,Leroy,Allen,1995-10-15,75,237,African,dark,black,mustache,L,P,,1,RP,CL,,,,,49,,,,50,51,49,51,52,50,51,0,0,65,0,0,0,,,,,0,,,,46,55,49,56,50,50,47,0,0,69,0,0,0,False,,,0,,,,,,0,50,closer,
P9379,Xavier,Wright,1988-02-06,69,183,African,dark,black,mustache,L,P,,1,RP,SP,,,,,49,,,,48,52,52,51,52,52,52,63,60,62,0,0,0,,,,,0,,,,40,46,48,47,42,50,44,53,58,53,0,0,0,False,,,0,,,,,,0,50,balanced_sp,
P6878,Hector,Rodriguez,1997-11-18,72,182,Hispanic,medium,brown,clean_shaven,R,P,,1,RP,RP,,,,,49,,,,49,53,49,50,52,52,53,0,62,0,0,0,0,,,,,0,,,,44,54,55,47,52,48,54,0,57,0,0,0,0,False,,,0,,,,,,0,50,power_rp,
P9327,Hector,Ortiz,1993-04-22,70,194,Hispanic,medium,red,clean_shaven,L,P,,1,RP,SP,,,,,51,,,,48,49,54,50,54,53,49,0,59,0,60,0,0,,,,,0,,,,44,45,41,47,50,43,46,0,51,0,52,0,0,False,,,0,,,,,,0,50,groundball_sp,
P6926,Francesco,Camferdam,1995-08-05,75,232,Anglo,light,brown,clean_shaven,R,P,,1,RP,SP,,,,,51,,,,49,48,51,50,53,51,49,61,60,0,0,0,0,,,,,0,,,,54,44,46,56,49,49,52,63,55,0,0,0,0,False,,,0,,,,,,0,50,finesse_sp,
P5239,Jermaine,Washington,1991-02-14,71,181,African,dark,black,mustache,L,P,,1,RP,RP,,,,,49,,,,48,52,51,50,52,50,48,58,60,67,0,0,0,,,,,0,,,,41,45,47,45,41,43,43,56,60,62,0,0,0,False,,,0,,,,,,0,50,finesse_rp,
P1056,Deshawn,Green,1993-05-05,74,240,African,dark,black,clean_shaven,R,1B,,0,,,52,58,51,51,51,49,55,50,51,50,,,,,,,,,,,,48,50,41,47,51,0,0,50,49,41,,,,,,,,,,,,False,,,0,,,,,,0,50,,gap
P9146,Rafael,Ortiz,2000-07-20,68,225,Hispanic,light,black,mustache,L,1B,,0,,,62,48,51,51,50,48,45,51,50,51,,,,,,,,,,,,71,60,63,57,50,0,0,51,62,63,,,,,,,,,,,,False,,,0,,,,,,0,50,,spray
P2616,Jorge,Perez,1993-06-09,76,222,Hispanic,light,brown,mustache,R,3B,,0,,,60,51,51,52,49,49,55,51,51,51,,,,,,,,,,,,54,41,42,49,49,0,0,51,41,47,,,,,,,,,,,,False,,,0,,,,,,0,50,,spray
P2304,Rufus,King,1996-06-20,71,161,African,dark,black,clean_shaven,R,CF,,0,,,54,51,50,51,52,52,57,51,49,48,,,,,,,,,,,,59,48,48,46,52,0,0,51,48,49,,,,,,,,,,,,False,,,0,,,,,,0,50,,balanced
P5941,Kendrick,Denogean,1991-12-21,77,178,Anglo,medium,blonde,clean_shaven,R,3B,2B,0,,,53,59,48,52,51,49,57,51,51,52,,,,,,,,,,,,52,52,38,47,51,0,0,51,41,49,,,,,,,,,,,,False,,,0,,,,,,0,50,,power
P9856,Galen,Marchuk,1993-02-22,68,164,Anglo,light,brown,clean_shaven,L,C,,0,,,53,49,70,51,51,51,49,52,49,49,,,,,,,,,,,,47,47,70,49,51,0,0,52,43,40,,,,,,,,,,,,False,,,0,,,,,,0,50,,speed
P3920,Juan,Guerrero,2004-05-08,70,249,Hispanic,light,black,clean_shaven,R,RF,LF,0,,,51,52,49,52,51,51,56,50,50,52,,,,,,,,,,,,61,62,70,78,51,0,0,50,68,69,,,,,,,,,,,,False,,,0,,,,,,0,50,,average
P9825,Percy,Harris,1991-02-28,70,196,African,dark,black,mustache,R,CF,,0,,,53,49,54,52,53,49,53,51,50,51,,,,,,,,,,,,53,42,49,45,53,0,0,51,46,46,,,,,,,,,,,,False,,,0,,,,,,0,50,,balanced
P2213,Eduardo,Ortiz,2006-03-26,69,195,Hispanic,dark,red,mustache,R,P,,1,RP,CL,,,,,55,,,,51,53,50,50,53,51,54,0,62,65,0,0,0,,,,,0,,,,74,83,74,82,64,75,75,0,79,91,0,0,0,False,,,0,,,,,,0,50,closer,
P2983,Jermaine,Carter,2004-12-20,70,243,African,dark,brown,clean_shaven,L,P,,1,RP,RP,,,,,51,,,,49,52,50,50,54,49,52,0,63,67,59,0,0,,,,,0,,,,73,65,71,78,66,79,72,0,88,87,76,0,0,False,,,0,,,,,,0,50,power_rp,
P1492,Alejandro,Cruz,2005-12-16,77,238,Hispanic,medium,black,clean_shaven,L,P,,1,RP,SP,,,,,52,,,,48,51,54,50,54,52,51,59,61,58,0,0,0,,,,,0,,,,62,76,69,82,72,64,78,80,73,85,0,0,0,False,,,0,,,,,,0,50,workhorse_sp,
P1534,Carlos,Vasquez,2004-11-05,69,184,Hispanic,medium,brown,clean_shaven,L,P,,1,RP,RP,,,,,53,,,,52,53,49,50,53,51,52,0,0,66,0,0,0,,,,,0,,,,65,81,70,81,76,73,68,0,0,89,0,0,0,False,,,0,,,,,,0,50,power_rp,
P2044,Roberto,Gonzalez,2007-03-18,72,248,Hispanic,medium,brown,goatee,R,P,,1,RP,CL,,,,,50,,,,49,54,50,53,53,49,51,60,0,65,0,0,0,,,,,0,,,,70,81,71,77,65,75,65,71,0,81,0,0,0,False,,,0,,,,,,0,50,closer,
P2610,Ira,Chomka,2008-01-21,74,211,Anglo,light,red,clean_shaven,S,1B,,0,,,64,69,49,49,48,50,46,52,50,51,,,,,,,,,,,,85,82,62,59,48,0,0,52,74,80,,,,,,,,,,,,False,,,0,,,,,,0,50,,gap
P4974,Fernando,Cruz,2005-05-15,72,177,Hispanic,dark,blonde,mustache,R,LF,,0,,,52,61,51,51,48,51,55,50,51,49,,,,,,,,,,,,75,85,68,77,48,0,0,50,61,70,,,,,,,,,,,,False,,,0,,,,,,0,50,,power
P9533,Tyrone,Green,2005-12-13,69,219,African,dark,black,clean_shaven,R,3B,,0,,,49,50,51,48,50,52,55,52,49,49,,,,,,,,,,,,63,65,75,58,50,0,0,52,75,78,,,,,,,,,,,,False,,,0,,,,,,0,50,,average
P4725,Will,Wiegard,2004-10-24,77,230,Anglo,light,black,mustache,L,LF,,0,,,49,61,47,49,47,50,47,52,50,51,,,,,,,,,,,,64,74,73,66,47,0,0,52,74,76,,,,,,,,,,,,False,,,0,,,,,,0,50,,power
P1660,Eduardo,Vasquez,2006-10-27,68,193,Hispanic,medium,brown,beard,R,CF,,0,,,51,52,51,49,53,50,50,48,48,52,,,,,,,,,,,,69,80,77,75,53,0,0,48,61,77,,,,,,,,,,,,False,,,0,,,,,,0,50,,average
P2208,Roberto,Garcia,1995-10-10,74,171,Hispanic,medium,brown,beard,R,P,,1,RP,CL,,,,,55,,,,49,54,49,51,52,48,54,0,61,66,0,0,0,,,,,0,,,,46,51,55,56,50,53,59,0,56,67,0,0,0,False,,,0,,,,,,0,50,closer,
P5943,Alejandro,Guerrero,1995-02-03,78,188,Hispanic,medium,red,mustache,S,P,,1,RP,RP,,,,,57,,,,50,52,52,52,53,52,50,57,0,0,60,0,0,,,,,0,,,,54,56,51,49,47,54,46,55,0,0,60,0,0,False,,,0,,,,,,0,50,groundball_rp,
P5633,Rigoberto,Minert,2004-09-17,75,250,Anglo,light,brown,beard,L,P,,1,RP,RP,,,,,53,,,,53,50,48,50,53,49,51,0,60,0,0,0,0,,,,,0,,,,65,64,76,83,59,66,63,0,72,0,0,0,0,False,,,0,,,,,,0,50,power_rp,
P7490,Colin,Suben,1992-06-18,78,193,Anglo,medium,blonde,clean_shaven,R,P,,1,RP,SP,,,,,52,,,,53,50,50,54,53,51,48,59,64,0,58,0,0,,,,,0,,,,49,42,44,53,50,42,42,49,59,0,58,0,0,False,,,0,,,,,,0,50,finesse_sp,
P8206,Brad,Camire,1997-01-02,75,195,Anglo,medium,brown,clean_shaven,S,P,,1,RP,SP,,,,,49,,,,48,49,52,53,52,50,51,60,61,0,0,0,0,,,,,0,,,,44,44,50,54,47,48,56,57,62,0,0,0,0,False,,,0,,,,,,0,50,finesse_sp,
P3417,Scott,Bourgois,1995-12-08,75,203,Anglo,light,blonde,beard,L,P,,1,RP,SP,,,,,49,,,,52,54,51,50,54,52,53,58,59,61,56,0,0,,,,,0,,,,51,57,46,53,53,54,55,55,57,63,52,0,0,False,,,0,,,,,,0,50,power_sp,
P2242,Ariel,Bossen,2000-09-05,68,196,Anglo,medium,brown,clean_shaven,R,P,,1,RP,SP,,,,,52,,,,52,50,52,52,52,50,51,0,60,61,57,0,0,,,,,0,,,,67,60,67,61,65,59,65,0,69,67,67,0,0,False,,,0,,,,,,0,50,power_sp,
P9084,Antonia,Eliezrie,1989-02-16,74,240,Anglo,medium,brown,beard,L,P,,1,RP,RP,,,,,63,,,,53,53,52,51,52,51,53,0,58,67,0,0,0,,,,,55,,,,49,43,46,49,50,47,49,0,49,59,0,0,0,False,,,0,,,,,,0,50,power_rp,
P4904,Fernando,Martinez,1989-03-15,74,246,Hispanic,medium,blonde,clean_shaven,R,P,,1,RP,RP,,,,,50,,,,52,49,49,53,52,52,51,58,62,64,0,0,0,,,,,0,,,,44,42,51,45,42,45,51,53,57,55,0,0,0,False,,,0,,,,,,0,50,finesse_rp,
P5572,Russell,Read,2003-04-06,74,193,Anglo,light,blonde,goatee,S,P,,1,RP,SP,,,,,52,,,,52,52,51,52,54,48,51,0,62,0,58,0,0,,,,,0,,,,63,61,59,64,56,61,66,0,68,0,67,0,0,False,,,0,,,,,,0,50,groundball_sp,
P1361,Alejandro,Rivera,1999-07-17,78,244,Hispanic,medium,black,goatee,R,P,,1,RP,RP,,,,,53,,,,50,49,52,53,53,49,51,0,0,0,60,0,0,,,,,0,,,,63,56,62,64,61,64,60,0,0,0,73,0,0,False,,,0,,,,,,0,50,groundball_rp,
P4812,Lanny,Sonkin,2002-04-02,68,218,Anglo,medium,red,goatee,R,C,,0,,,53,65,52,50,47,52,58,50,51,52,,,,,,,,,,,,67,73,67,65,47,0,0,50,59,61,,,,,,,,,,,,False,,,0,,,,,,0,50,,power
P9362,Alejandro,Castillo,2000-12-13,74,201,Hispanic,light,blonde,clean_shaven,R,1B,,0,,,60,66,50,52,50,52,57,51,50,52,,,,,,,,,,,,74,73,55,66,50,0,0,51,58,64,,,,,,,,,,,,False,,,0,,,,,,0,50,,gap
P6612,Roberto,Ortiz,1993-06-07,71,160,Hispanic,dark,red,mustache,R,2B,,0,,,53,50,48,50,49,51,58,49,48,50,,,,,,,,,,,,53,42,48,49,49,0,0,49,40,46,,,,,,,,,,,,False,,,0,,,,,,0,50,,balanced
P9088,Randy,Escorcia,2004-12-21,73,179,Anglo,medium,blonde,clean_shaven,R,3B,,0,,,53,48,53,50,52,47,56,51,49,50,,,,,,,,,,,,64,65,66,70,52,0,0,51,79,79,,,,,,,,,,,,False,,,0,,,,,,0,50,,balanced
P6499,Santiago,Dusky,1991-12-15,71,233,Anglo,light,brown,clean_shaven,R,SS,,0,,,51,48,85,50,49,52,62,52,48,52,,,,,,,,,,,,46,44,85,46,49,0,0,52,47,43,,,,,,,,,,,,False,,,0,,,,,,0,50,,speed
P9316,Miguel,Flores,2004-05-29,73,220,Hispanic,medium,brown,clean_shaven,R,LF,,0,,,50,54,48,51,52,50,60,52,50,49,,,,,,,,,,,,60,66,65,74,52,0,0,52,72,72,,,,,,,,,,,,False,,,0,,,,,,0,50,,balanced
P1661,Luis,Sanchez,2001-03-04,71,195,Hispanic,dark,brown,clean_shaven,L,CF,,0,,,53,61,48,49,49,52,45,51,48,52,,,,,,,,,,,,60,72,62,61,49,0,0,51,56,60,,,,,,,,,,,,False,,,0,,,,,,0,50,,power
P9426,John,Shatswell,2001-07-12,76,232,Anglo,light,red,clean_shaven,R,RF,,0,,,54,48,49,52,49,47,57,52,52,53,,,,,,,,,,,,68,54,56,61,49,0,0,52,66,59,,,,,,,,,,,,False,,,0,,,,,,0,50,,spray
P2998,Virgil,Zettlemoyer,2002-02-19,70,175,Anglo,medium,blonde,clean_shaven,L,RF,,0,,,48,52,53,49,51,48,48,51,48,51,,,,,,,,,,,,54,59,58,57,51,0,0,51,63,59,,,,,,,,,,,,False,,,0,,,,,,0,50,,balanced
P9842,Ricardo,Diaz,1991-08-24,69,220,Hispanic,medium,brown,clean_shaven,R,2B,,0,,,64,52,54,54,50,48,57,52,51,51,,,,,,,,,,,,63,42,54,49,50,0,0,52,42,49,,,,,,,,,,,,False,,,0,,,,,,0,50,,spray
P8299,Roberto,Reyes,1997-10-02,70,184,Hispanic,medium,black,beard,L,LF,,0,,,53,48,70,52,51,52,50,50,49,48,,,,,,,,,,,,49,53,68,49,51,0,0,50,53,49,,,,,,,,,,,,False,,,0,,,,,,0,50,,speed
P3060,Carlos,Hernandez,1994-07-05,78,238,Hispanic,medium,brown,clean_shaven,R,RF,,0,,,49,49,49,50,53,51,58,52,51,53,,,,,,,,,,,,47,46,47,47,53,0,0,52,49,55,,,,,,,,,,,,False,,,0,,,,,,0,50,,average
P4267,Austin,Reginaldo,2001-01-19,78,162,Anglo,dark,brown,mustache,R,3B,,0,,,53,51,51,52,51,50,55,51,52,49,,,,,,,,,,,,60,61,57,64,51,0,0,51,62,58,,,,,,,,,,,,False,,,0,,,,,,0,50,,gap
P2325,Dwight,Mccowan,2004-03-20,75,234,Anglo,light,brown,mustache,R,C,,0,,,54,51,70,53,50,49,55,50,52,50,,,,,,,,,,,,67,71,94,78,50,0,0,50,68,62,,,,,,,,,,,,False,,,0,,,,,,0,50,,speed
P5971,Luis,Cruz,1990-10-24,78,182,Hispanic,dark,brown,beard,R,P,,1,RP,CL,,,,,55,,,,51,53,50,52,52,53,55,0,0,66,0,0,0,,,,,0,,,,43,44,47,50,44,50,55,0,0,56,0,0,0,False,,,0,,,,,,0,50,closer,
P7344,Anderson,Molinski,1993-07-13,74,166,Anglo,light,brown,clean_shaven,L,P,,1,RP,RP,,,,,55,,,,50,51,52,51,52,49,51,0,0,0,63,0,0,,,,,0,,,,42,45,44,47,43,45,47,0,0,0,58,0,0,False,,,0,,,,,,0,50,groundball_rp,
P1654,Hal,Chauncey,1999-08-28,74,223,Anglo,light,brown,beard,S,P,,1,RP,SP,,,,,48,,,,49,49,54,51,52,48,51,59,63,58,57,0,0,,,,,0,,,,54,58,60,59,68,62,65,64,74,64,68,0,0,False,,,0,,,,,,0,50,balanced_sp,
P7284,Guadalupe,Brickel,1991-05-03,72,172,Anglo,light,black,clean_shaven,S,P,,1,RP,SP,,,,,49,,,,51,50,51,53,54,51,51,62,59,62,60,0,0,,,,,0,,,,43,41,48,48,45,48,43,62,58,60,51,0,0,False,,,0,,,,,,0,50,balanced_sp,
P6597,Abdul,Koepf,2001-02-19,75,190,Anglo,medium,red,beard,R,P,,1,RP,SP,,,,,49,,,,48,48,50,52,52,52,52,59,62,59,60,0,0,,,,,0,,,,56,61,58,59,59,65,57,68,77,66,68,0,0,False,,,0,,,,,,0,50,finesse_sp,
P7246,Felton,Shuptrine,1994-03-11,77,243,Anglo,light,brown,mustache,S,P,,1,RP,RP,,,,,56,,,,51,51,50,50,53,49,50,58,59,0,62,0,0,,,,,0,,,,50,46,48,52,54,46,53,54,61,0,64,0,0,False,,,0,,,,,,0,50,groundball_rp,
P6201,Russ,Tomlinson,1989-11-03,72,226,Anglo,light,brown,beard,R,P,,1,RP,SP,,,,,48,,,,49,53,50,50,52,51,52,0,63,60,55,53,0,,,,,0,,,,47,50,45,52,40,42,49,0,53,58,48,43,0,False,,,0,,,,,,0,50,power_sp,
P7639,Eduardo,Hernandez,1993-04-22,75,180,Hispanic,medium,brown,clean_shaven,R,3B,,0,,,54,49,71,53,50,51,58,49,50,51,,,,,,,,,,,,49,49,70,49,50,0,0,49,40,50,,,,,,,,,,,,False,,,0,,,,,,0,50,,speed
P7042,Alejandro,Hernandez,1996-01-02,69,197,Hispanic,medium,brown,mustache,L,LF,,0,,,50,64,49,51,47,52,48,50,48,50,,,,,,,,,,,,51,67,45,56,47,0,0,50,48,51,,,,,,,,,,,,False,,,0,,,,,,0,50,,power
P5155,Pedro,Morales,1994-04-07,69,193,Hispanic,dark,brown,clean_shaven,R,C,,0,,,50,53,52,51,52,51,55,53,51,49,,,,,,,,,,,,48,48,47,54,52,0,0,53,53,50,,,,,,,,,,,,False,,,0,,,,,,0,50,,balanced
P7835,Alexis,Hadsall,2002-06-12,71,169,Anglo,light,brown,clean_shaven,L,RF,,0,,,55,49,50,52,51,50,49,47,49,53,,,,,,,,,,,,61,58,56,63,51,0,0,47,57,61,,,,,,,,,,,,False,,,0,,,,,,0,50,,spray
P1249,Fausto,Runions,1987-09-16,78,236,Anglo,light,red,mustache,R,CF,,0,,,54,48,49,52,52,51,52,48,48,50,,,,,,,,,,,,47,46,39,46,52,0,0,48,44,48,,,,,,,,,,,,False,,,0,,,,,,0,50,,spray
P7169,Jose,Garcia,2001-08-14,78,246,Hispanic,medium,red,mustache,S,SS,,0,,,53,49,53,51,48,48,51,52,50,50,,,,,,,,,,,,68,55,59,59,48,0,0,52,64,57,,,,,,,,,,,,False,,,0,,,,,,0,50,,average
P1604,Pedro,Gomez,1993-08-06,74,232,Hispanic,light,brown,clean_shaven,R,LF,,0,,,51,50,52,51,51,52,57,50,49,51,,,,,,,,,,,,45,40,52,49,51,0,0,50,41,49,,,,,,,,,,,,False,,,0,,,,,,0,50,,balanced
P7193,Alejandro,Ortiz,1990-09-03,78,183,Hispanic,light,black,mustache,R,RF,,0,,,52,57,49,49,47,52,55,51,52,49,,,,,,,,,,,,52,56,43,46,47,0,0,51,51,42,,,,,,,,,,,,False,,,0,,,,,,0,50,,gap
P9186,Hector,Martinez,2007-01-29,74,243,Hispanic,medium,black,goatee,R,P,,1,RP,CL,,,,,55,,,,49,54,51,50,52,49,54,0,0,67,0,0,0,,,,,0,,,,67,69,74,70,73,72,79,0,0,80,0,0,0,False,,,0,,,,,,0,50,closer,
P4492,Alvaro,Ketron,2007-09-05,76,234,Anglo,medium,red,clean_shaven,L,P,,1,RP,SP,,,,,51,,,,48,50,50,52,52,50,49,62,0,0,57,0,0,,,,,0,,,,69,80,70,65,71,60,72,72,0,0,87,0,0,False,,,0,,,,,,0,50,groundball_sp,
P5328,Antonio,Castillo,2006-08-15,77,163,Hispanic,medium,brown,clean_shaven,L,P,,1,RP,SP,,,,,50,,,,51,49,50,51,52,51,49,62,61,58,57,0,0,,,,,0,,,,61,68,74,78,72,69,65,74,90,83,87,0,0,False,,,0,,,,,,0,50,workhorse_sp,
P1607,Isaias,Seise,2006-11-16,74,181,Anglo,light,brown,clean_shaven,L,P,,1,RP,SP,,,,,49,,,,52,47,54,53,54,52,52,60,59,0,0,0,0,,,,,0,,,,78,61,72,73,70,67,72,90,85,0,0,0,0,False,,,0,,,,,,0,50,finesse_sp,
P7652,Jacinto,Kupchinsky,2007-03-14,69,208,Anglo,medium,brown,goatee,L,P,,1,RP,RP,,,,,53,,,,49,51,50,50,54,51,51,0,62,64,0,0,0,,,,,0,,,,60,63,62,68,72,64,62,0,83,90,0,0,0,False,,,0,,,,,,0,50,power_rp,
P9908,Newton,Schuetz,2004-08-07,74,245,Anglo,medium,black,clean_shaven,R,2B,,0,,,50,47,85,54,52,50,54,49,49,49,,,,,,,,,,,,64,65,99,70,52,0,0,49,60,64,,,,,,,,,,,,False,,,0,,,,,,0,50,,elite_speed
P3378,Basil,Montore,2008-02-08,68,209,Anglo,dark,brown,goatee,R,C,,0,,,50,54,48,51,50,53,57,52,51,51,,,,,,,,,,,,76,74,76,61,50,0,0,52,75,64,,,,,,,,,,,,False,,,0,,,,,,0,50,,average
P3000,Carlos,Ortiz,2005-02-05,69,197,Hispanic,medium,black,clean_shaven,R,LF,,0,,,50,59,49,51,49,52,59,51,51,48,,,,,,,,,,,,76,76,69,73,49,0,0,51,77,60,,,,,,,,,,,,False,,,0,,,,,,0,50,,power
P3901,Marcelo,Rubulcaba,2006-06-05,75,197,Anglo,medium,black,clean_shaven,L,RF,,0,,,58,53,49,52,50,48,50,51,51,49,,,,,,,,,,,,73,83,76,72,50,0,0,51,68,65,,,,,,,,,,,,False,,,0,,,,,,0,50,,gap
P4355,Seymour,Grew,2008-02-02,77,198,Anglo,medium,blonde,clean_shaven,L,LF,,0,,,53,53,51,50,51,52,50,52,50,51,,,,,,,,,,,,73,68,69,79,51,0,0,52,65,64,,,,,,,,,,,,False,,,0,,,,,,0,50,,average
P9229,Carlos,Sanchez,1990-04-01,75,206,Hispanic,dark,black,goatee,L,P,,1,RP,CL,,,,,55,,,,52,51,47,51,52,49,54,61,0,65,0,0,0,,,,,0,,,,51,47,47,43,45,43,47,55,0,63,0,0,0,False,,,0,,,,,,0,50,closer,
P8100,Jorge,Hernandez,2000-06-21,73,202,Hispanic,medium,blonde,goatee,L,P,,1,RP,SP,,,,,52,,,,50,49,53,50,52,48,53,0,63,62,0,0,0,,,,,0,,,,57,58,55,66,59,63,64,0,68,71,0,0,0,False,,,0,,,,,,0,50,balanced_sp,
P8293,Jerald,Kut,2002-11-25,78,192,Anglo,medium,black,clean_shaven,L,P,,1,RP,RP,,,,,57,,,,52,50,52,52,54,53,53,0,0,0,60,0,0,,,,,0,,,,57,57,58,62,67,65,59,0,0,0,68,0,0,False,,,0,,,,,,0,50,groundball_rp,
P1405,Raul,Flores,1996-02-28,69,239,Hispanic,light,blonde,clean_shaven,L,P,,1,RP,SP,,,,,50,,,,51,52,50,50,52,52,50,60,60,0,60,0,0,,,,,0,,,,48,49,54,50,55,57,50,57,65,0,57,0,0,False,,,0,,,,,,0,50,groundball_sp,
P1663,Olen,Isaacsen,1998-10-22,75,162,Anglo,medium,black,goatee,L,P,,1,RP,SP,,,,,49,,,,49,52,50,50,52,52,52,63,61,62,0,0,0,,,,,0,,,,57,66,63,64,63,64,62,68,72,76,0,0,0,False,,,0,,,,,,0,50,workhorse_sp,
P2475,Todd,Andreoni,1988-08-15,73,174,Anglo,light,brown,goatee,R,P,,1,RP,SP,,,,,54,,,,52,51,54,50,53,53,49,59,60,0,61,0,0,,,,,0,,,,51,49,46,52,47,52,44,53,55,0,59,0,0,False,,,0,,,,,,0,50,groundball_sp,
P9184,Tim,Wannamaker,1991-02-03,70,173,Anglo,light,brown,clean_shaven,L,P,,1,RP,SP,,,,,51,,,,51,53,51,51,52,51,50,58,0,58,62,0,0,,,,,0,,,,46,45,47,42,44,46,49,53,0,58,52,0,0,False,,,0,,,,,,0,50,groundball_sp,
P3271,Rayford,Hotelling,1990-05-05,68,172,Anglo,dark,brown,goatee,R,P,,1,RP,LR,,,,,51,,,,51,52,50,50,54,53,52,56,59,63,0,0,0,,,,,0,,,,44,47,45,49,40,45,50,50,50,63,0,0,0,False,,,0,,,,,,0,50,long_relief,
P9265,Todd,Denoyer,1998-11-11,78,202,Anglo,light,red,clean_shaven,R,P,,1,RP,CL,,,,,53,,,,53,54,47,52,52,48,53,60,58,65,0,0,0,,,,,0,,,,58,68,58,61,60,63,68,72,72,74,0,0,0,False,,,0,,,,,,0,50,closer,
P7462,Francisco,Flores,1993-02-09,73,244,Hispanic,light,blonde,clean_shaven,R,P,,1,RP,SP,,,,,49,,,,51,48,50,54,53,53,53,63,59,61,0,0,0,,,,,0,,,,47,45,45,49,49,51,53,61,57,56,0,0,0,False,,,0,,,,,,0,50,finesse_sp,
P8427,Jose,Vargas,1993-11-16,72,227,Hispanic,dark,black,goatee,L,P,,1,RP,CL,,,,,49,,,,49,52,51,50,52,51,53,0,0,66,0,0,0,,,,,0,,,,40,50,46,47,47,43,43,0,0,57,0,0,0,False,,,0,,,,,,0,50,closer,
P2450,Rafael,Cruz,1988-12-22,75,197,Hispanic,medium,black,beard,L,C,,0,,,49,58,49,52,49,52,47,52,49,52,,,,,,,,,,,,46,56,48,47,49,0,0,52,47,51,,,,,,,,,,,,False,,,0,,,,,,0,50,,power
P6547,Raul,Ramirez,2004-05-06,76,160,Hispanic,medium,brown,beard,R,1B,,0,,,50,51,70,49,51,53,51,50,50,48,,,,,,,,,,,,67,78,87,64,51,0,0,50,71,59,,,,,,,,,,,,False,,,0,,,,,,0,50,,speed
P5181,Pedro,Lopez,2002-08-13,69,221,Hispanic,dark,blonde,clean_shaven,R,2B,,0,,,49,48,70,51,49,50,56,49,53,52,,,,,,,,,,,,55,61,79,62,49,0,0,49,65,61,,,,,,,,,,,,False,,,0,,,,,,0,50,,speed
P7962,Raul,Rivera,2001-02-06,74,211,Hispanic,light,brown,clean_shaven,L,3B,,0,,,51,62,50,52,50,51,50,49,50,48,,,,,,,,,,,,56,70,62,64,50,0,0,49,59,55,,,,,,,,,,,,False,,,0,,,,,,0,50,,power
P6707,Antonio,Reyes,1996-09-07,69,212,Hispanic,dark,black,mustache,R,SS,,0,,,63,51,70,52,50,48,57,52,50,48,,,,,,,,,,,,59,51,74,53,50,0,0,52,53,50,,,,,,,,,,,,False,,,0,,,,,,0,50,,spray
P9679,Jarrett,Faulkner,1987-12-31,77,212,Anglo,dark,brown,mustache,L,LF,,0,,,54,53,70,53,51,48,49,50,50,51,,,,,,,,,,,,46,52,63,45,51,0,0,50,45,48,,,,,,,,,,,,False,,,0,,,,,,0,50,,speed
P3075,Juan,Perez,1990-10-20,75,218,Hispanic,light,brown,beard,R,CF,,0,,,59,51,49,54,50,47,54,48,49,48,,,,,,,,,,,,49,46,39,45,50,0,0,48,45,48,,,,,,,,,,,,False,,,0,,,,,,0,50,,spray
P9112,Glenn,Klaja,1991-05-11,68,165,Anglo,light,brown,clean_shaven,R,RF,,0,,,52,54,52,51,52,48,57,49,51,49,,,,,,,,,,,,47,51,50,47,52,0,0,49,50,46,,,,,,,,,,,,False,,,0,,,,,,0,50,,balanced
P4890,Fabian,Gullickson,1998-03-23,75,226,Anglo,medium,black,beard,R,3B,,0,,,57,56,48,50,46,50,57,49,48,49,,,,,,,,,,,,72,70,59,57,46,0,0,49,55,55,,,,,,,,,,,,False,,,0,,,,,,0,50,,gap
P1231,Juan,Martinez,2001-09-13,72,200,Hispanic,light,black,clean_shaven,R,3B,,0,,,49,49,53,51,51,51,58,49,48,49,,,,,,,,,,,,59,63,61,57,51,0,0,49,54,56,,,,,,,,,,,,False,,,0,,,,,,0,50,,average
P1786,Salvatore,Jaeschke,1988-06-23,77,173,Anglo,light,blonde,goatee,R,2B,,0,,,53,50,52,53,48,51,55,49,48,48,,,,,,,,,,,,48,41,52,52,48,0,0,49,45,46,,,,,,,,,,,,False,,,0,,,,,,0,50,,balanced
P2878,Cyrus,Humpal,1999-05-24,76,211,Anglo,light,blonde,mustache,L,LF,,0,,,51,63,53,52,49,51,49,52,49,49,,,,,,,,,,,,56,72,60,63,49,0,0,52,64,59,,,,,,,,,,,,False,,,0,,,,,,0,50,,power
P5972,Micah,Reichmann,1996-04-23,77,228,Anglo,medium,black,clean_shaven,R,1B,,0,,,52,54,51,51,50,52,57,52,50,51,,,,,,,,,,,,50,57,50,46,50,0,0,52,55,46,,,,,,,,,,,,False,,,0,,,,,,0,50,,average
P4034,Hector,Rivera,1994-06-08,74,230,Hispanic,light,brown,clean_shaven,R,C,,0,,,62,58,52,54,53,52,57,52,51,49,,,,,,,,,,,,59,63,47,51,53,0,0,52,53,45,,,,,,,,,,,,False,,,0,,,,,,0,50,,gap
P9955,Jose,Cruz,1987-09-03,75,241,Hispanic,light,brown,mustache,L,P,,1,RP,CL,,,,,55,,,,50,54,52,50,53,52,53,0,62,65,0,0,0,,,,,0,,,,49,54,42,48,47,45,48,0,54,63,0,0,0,False,,,0,,,,,,0,50,closer,
P3401,Anthony,Gouthier,2004-09-26,75,177,Anglo,light,black,clean_shaven,L,P,,1,RP,RP,,,,,54,,,,47,49,52,51,54,52,50,58,59,0,0,56,0,,,,,0,,,,60,69,68,76,67,75,73,74,84,0,0,67,0,False,,,0,,,,,,0,50,finesse_rp,
P3685,Pedro,Flores,1990-06-03,69,190,Hispanic,medium,blonde,clean_shaven,R,P,,1,RP,CL,,,,,49,,,,52,54,48,53,57,52,55,60,58,65,0,0,0,,,,,0,,,,43,54,48,55,40,48,51,50,55,57,0,0,0,False,,,0,,,,,,0,50,closer,
P9356,Jorge,Martinez,1998-05-16,71,186,Hispanic,medium,brown,clean_shaven,L,P,,1,RP,SP,,,,,54,,,,49,49,52,50,53,50,50,0,61,58,60,0,0,,,,,0,,,,63,64,64,60,66,62,56,0,69,63,69,0,0,False,,,0,,,,,,0,50,groundball_sp,
P6327,Ricardo,Mendoza,2003-12-08,70,218,Hispanic,medium,blonde,clean_shaven,R,P,,1,RP,LR,,,,,52,,,,51,49,53,50,52,52,49,61,62,65,0,0,0,,,,,0,,,,61,64,62,67,60,61,63,68,74,80,0,0,0,False,,,0,,,,,,0,50,long_relief,
P8692,Parker,Overdorf,1991-07-21,70,182,Anglo,light,brown,clean_shaven,R,P,,1,RP,SP,,,,,53,,,,51,52,53,51,52,52,52,0,60,61,61,0,0,,,,,0,,,,50,45,48,46,45,47,48,0,53,54,57,0,0,False,,,0,,,,,,0,50,groundball_sp,
P2550,Roberto,Gomez,1998-01-08,70,238,Hispanic,medium,brown,clean_shaven,S,P,,1,RP,SP,,,,,50,,,,49,48,53,53,53,50,50,0,0,61,59,0,0,,,,,0,,,,46,45,53,55,51,51,55,0,0,59,61,0,0,False,,,0,,,,,,0,50,groundball_sp,
P5835,Jorge,Gonzalez,2000-10-02,71,228,Hispanic,medium,blonde,clean_shaven,S,RF,,0,,,53,59,52,50,50,50,48,51,47,53,,,,,,,,,,,,66,71,60,57,50,0,0,51,55,66,,,,,,,,,,,,False,,,0,,,,,,0,50,,power
P9626,Shawn,Peralto,1999-12-01,72,232,Anglo,light,brown,goatee,R,1B,,0,,,50,60,49,49,51,52,52,51,52,48,,,,,,,,,,,,61,73,55,62,51,0,0,51,63,54,,,,,,,,,,,,False,,,0,,,,,,0,50,,power
P5023,Carlos,Ramos,1999-02-04,77,219,Hispanic,medium,brown,clean_shaven,R,SS,,0,,,53,48,72,53,52,51,62,53,51,50,,,,,,,,,,,,66,62,77,62,52,0,0,53,64,63,,,,,,,,,,,,False,,,0,,,,,,0,50,,speed
P5636,Lamont,Mosqueda,1991-03-28,77,231,Anglo,medium,black,clean_shaven,R,1B,,0,,,51,54,70,50,49,48,56,49,53,51,,,,,,,,,,,,49,44,67,49,49,0,0,49,45,45,,,,,,,,,,,,False,,,0,,,,,,0,50,,speed
P6360,Raul,Mendoza,2004-05-07,71,182,Hispanic,dark,blonde,mustache,R,LF,,0,,,58,50,49,53,51,49,59,49,52,52,,,,,,,,,,,,87,64,76,81,51,0,0,49,65,82,,,,,,,,,,,,False,,,0,,,,,,0,50,,spray
P5140,Antonio,Vasquez,1996-03-23,73,166,Hispanic,light,blonde,goatee,R,1B,,0,,,49,55,49,50,51,49,55,49,48,48,,,,,,,,,,,,47,58,51,49,51,0,0,49,48,47,,,,,,,,,,,,False,,,0,,,,,,0,50,,balanced
P1602,Raul,Gomez,2002-11-30,72,249,Hispanic,light,brown,clean_shaven,R,1B,,0,,,51,63,52,50,49,54,54,51,51,50,,,,,,,,,,,,61,69,63,56,49,0,0,51,65,62,,,,,,,,,,,,False,,,0,,,,,,0,50,,power
P6494,Juan,Cruz,1994-03-22,73,197,Hispanic,medium,brown,clean_shaven,R,C,,0,,,62,52,51,51,51,48,56,50,50,53,,,,,,,,,,,,57,49,53,53,51,0,0,50,46,53,,,,,,,,,,,,False,,,0,,,,,,0,50,,spray
P4546,Luke,Glessner,2006-11-25,69,213,Anglo,light,brown,clean_shaven,R,P,,1,RP,CL,,,,,55,,,,50,54,47,50,52,50,53,0,59,65,0,0,0,,,,,0,,,,73,68,60,78,72,74,83,0,83,94,0,0,0,False,,,0,,,,,,0,50,closer,
P7323,Len,Neis,2007-08-26,75,202,Anglo,light,brown,clean_shaven,S,P,,1,RP,SP,,,,,49,,,,51,51,52,50,52,52,51,58,62,0,56,56,0,,,,,0,,,,63,62,66,76,77,69,74,69,76,0,78,68,0,False,,,0,,,,,,0,50,finesse_sp,
P3991,Kevin,Saxena,2004-04-20,73,174,Anglo,light,blonde,clean_shaven,R,P,,1,RP,RP,,,,,50,,,,51,51,49,53,54,48,52,0,61,66,0,56,0,,,,,0,,,,75,64,67,80,67,64,75,0,90,93,0,76,0,False,,,0,,,,,,0,50,power_rp,
P2126,Arlie,Kostka,2005-04-21,78,238,Anglo,light,black,beard,S,P,,1,RP,RP,,,,,51,,,,50,48,49,53,53,52,51,61,60,0,0,0,0,,,,,0,,,,76,65,79,69,64,73,62,75,90,0,0,0,0,False,,,0,,,,,,0,50,finesse_rp,
P6099,Titus,Shearin,2007-01-22,75,190,Anglo,medium,blonde,mustache,L,P,,1,RP,SP,,,,,50,,,,49,50,52,52,52,50,51,60,59,60,59,0,0,,,,,0,,,,67,65,75,65,74,80,79,82,80,71,73,0,0,False,,,0,,,,,,0,50,balanced_sp,
P1523,Juan,Diaz,2004-03-10,72,166,Hispanic,light,black,goatee,L,CF,,0,,,52,50,50,53,50,52,44,49,52,48,,,,,,,,,,,,77,74,63,72,50,0,0,49,69,64,,,,,,,,,,,,False,,,0,,,,,,0,50,,balanced
P5936,Raul,Diaz,2004-04-04,71,194,Hispanic,medium,black,mustache,R,3B,,0,,,49,62,52,50,47,51,58,49,51,50,,,,,,,,,,,,65,87,82,65,47,0,0,49,79,71,,,,,,,,,,,,False,,,0,,,,,,0,50,,power
P2394,Keith,Postuci,2004-08-27,78,186,Anglo,light,black,clean_shaven,R,SS,,0,,,50,50,51,51,52,49,60,53,50,48,,,,,,,,,,,,65,73,81,77,52,0,0,53,72,66,,,,,,,,,,,,False,,,0,,,,,,0,50,,balanced
P5301,Gregorio,Cadle,2004-03-04,70,185,Anglo,medium,brown,clean_shaven,R,1B,,0,,,53,52,70,52,52,48,53,52,53,51,,,,,,,,,,,,81,73,93,73,52,0,0,52,71,62,,,,,,,,,,,,False,,,0,,,,,,0,50,,speed
P2663,Tommy,Hanlon,2005-06-21,77,183,Anglo,dark,brown,clean_shaven,R,LF,1B,0,,,54,49,85,53,52,49,59,51,49,51,,,,,,,,,,,,75,71,97,75,52,0,0,51,70,71,,,,,,,,,,,,False,,,0,,,,,,0,50,,elite_speed
P9320,Timmy,Altschuler,2001-03-10,74,184,Anglo,medium,black,clean_shaven,S,P,,1,RP,CL,,,,,55,,,,52,51,48,50,52,51,53,0,0,65,0,0,0,,,,,0,,,,67,65,65,64,62,64,58,0,0,72,0,0,0,False,,,0,,,,,,0,50,closer,
P5816,Franklin,Harding,1989-01-15,69,171,Anglo,light,brown,clean_shaven,L,P,,1,RP,SP,,,,,50,,,,50,52,53,51,53,49,55,0,61,61,0,0,0,,,,,0,,,,41,44,41,45,45,48,50,0,52,51,0,0,0,False,,,0,,,,,,0,50,power_sp,
P2442,Donald,Wollard,1991-08-19,68,238,Anglo,light,black,mustache,L,P,,1,RP,CL,,,,,49,,,,49,51,47,50,52,50,56,58,0,67,0,0,0,,,,,0,,,,39,48,46,45,42,49,49,56,0,59,0,0,0,False,,,0,,,,,,0,50,closer,
P3178,Kraig,Jabiro,1989-01-27,73,250,Anglo,light,brown,clean_shaven,L,P,,1,RP,RP,,,,,54,,,,52,53,50,51,52,51,52,59,0,0,63,0,0,,,,,0,,,,50,43,50,43,45,44,52,54,0,0,60,0,0,False,,,0,,,,,,0,50,groundball_rp,
P7537,Shaun,Viessman,2004-06-12,70,214,Anglo,light,blonde,clean_shaven,S,P,,1,RP,SP,,,,,52,,,,52,52,53,52,54,49,50,60,0,61,63,0,0,,,,,0,,,,76,68,77,68,63,63,60,73,0,74,74,0,0,False,,,0,,,,,,0,50,groundball_sp,
P3760,Trinidad,Brownsberger,2004-07-21,68,242,Anglo,light,blonde,clean_shaven,S,P,,1,RP,SP,,,,,47,,,,51,54,51,52,53,49,54,0,61,64,0,0,0,,,,,0,,,,75,76,66,79,69,68,70,0,87,81,0,0,0,False,,,0,,,,,,0,50,power_sp,
P5853,Van,Servedio,2004-11-13,69,238,Anglo,light,black,clean_shaven,S,P,,1,RP,RP,,,,,56,,,,50,49,48,50,54,49,49,0,0,0,62,0,0,,,,,0,,,,62,74,65,84,71,60,78,0,0,0,82,0,0,False,,,0,,,,,,0,50,groundball_rp,
P5887,Mikel,Bogaert,2004-08-30,73,160,Anglo,dark,brown,clean_shaven,L,P,,1,RP,RP,,,,,49,,,,50,53,52,50,53,50,55,59,64,64,0,0,0,,,,,0,,,,72,74,78,67,65,72,69,76,92,78,0,0,0,False,,,0,,,,,,0,50,power_rp,
P6075,Curt,Jozsa,1991-03-28,78,205,Anglo,medium,blonde,clean_shaven,R,P,,1,RP,RP,,,,,52,,,,51,51,52,50,52,50,53,61,63,0,0,0,0,,,,,0,,,,50,50,43,46,44,42,49,52,57,0,0,0,0,False,,,0,,,,,,0,50,finesse_rp,
P3870,Werner,Canzoneri,2002-09-22,74,212,Anglo,light,brown,clean_shaven,R,P,,1,RP,RP,,,,,54,,,,51,50,50,51,52,53,53,0,60,0,59,0,0,,,,,0,,,,61,57,62,58,62,59,64,0,67,0,69,0,0,False,,,0,,,,,,0,50,groundball_rp,
P2993,Benjamin,Jeffris,2001-05-09,76,209,Anglo,medium,brown,goatee,S,P,,1,RP,LR,,,,,51,,,,49,50,50,51,53,51,52,58,60,64,0,0,0,,,,,0,,,,64,56,56,61,61,59,66,73,66,77,0,0,0,False,,,0,,,,,,0,50,long_relief,
P1611,Shirley,Arbetman,2004-08-17,75,189,Anglo,light,black,clean_shaven,R,C,,0,,,49,50,52,52,49,50,60,52,49,51,,,,,,,,,,,,61,69,71,64,49,0,0,52,73,72,,,,,,,,,,,,False,,,0,,,,,,0,50,,balanced
P4306,Deandre,Eshlerman,1988-08-18,77,166,Anglo,light,black,clean_shaven,L,1B,,0,,,57,51,52,50,53,49,45,52,50,52,,,,,,,,,,,,47,42,44,40,53,0,0,52,49,46,,,,,,,,,,,,False,,,0,,,,,,0,50,,spray
P8382,Kent,Guerreiro,2004-08-12,68,197,Anglo,light,blonde,clean_shaven,R,2B,,0,,,57,50,50,53,54,48,56,52,52,53,,,,,,,,,,,,71,78,62,63,54,0,0,52,62,70,,,,,,,,,,,,False,,,0,,,,,,0,50,,spray
P5542,Edwardo,Priore,1991-07-06,72,180,Anglo,light,black,clean_shaven,L,3B,,0,,,50,52,49,49,50,51,49,49,48,49,,,,,,,,,,,,42,47,48,43,50,0,0,49,40,49,,,,,,,,,,,,False,,,0,,,,,,0,50,,average
P6769,Delbert,Wilner,2002-03-31,76,182,Anglo,light,blonde,clean_shaven,R,SS,,0,,,58,49,51,54,50,49,58,48,49,47,,,,,,,,,,,,67,56,58,68,50,0,0,48,63,60,,,,,,,,,,,,False,,,0,,,,,,0,50,,spray
P4266,Angel,Hollenbaugh,1994-08-01,71,247,Anglo,light,red,beard,R,LF,,0,,,51,56,53,51,49,52,58,49,52,51,,,,,,,,,,,,52,61,56,51,49,0,0,49,54,46,,,,,,,,,,,,False,,,0,,,,,,0,50,,balanced
P2321,Abraham,Slane,1997-05-21,69,174,Anglo,dark,red,goatee,S,CF,LF,0,,,54,50,70,53,53,50,52,50,48,50,,,,,,,,,,,,58,53,69,54,53,0,0,50,53,55,,,,,,,,,,,,False,,,0,,,,,,0,50,,speed
P2390,Otto,Mclagan,1988-07-23,70,222,Anglo,dark,blonde,mustache,R,RF,,0,,,48,60,47,48,47,54,53,49,50,50,,,,,,,,,,,,43,59,39,44,47,0,0,49,44,45,,,,,,,,,,,,False,,,0,,,,,,0,50,,power
P6632,Willis,Matheney,2001-12-28,78,223,Anglo,medium,black,mustache,R,3B,,0,,,52,49,51,52,48,52,57,49,48,50,,,,,,,,,,,,62,64,61,61,48,0,0,49,62,65,,,,,,,,,,,,False,,,0,,,,,,0,50,,average
P9577,Tuan,Shipe,1997-09-22,71,238,Anglo,light,blonde,beard,R,C,,0,,,53,52,51,52,52,51,59,49,52,51,,,,,,,,,,,,51,57,56,57,52,0,0,49,50,54,,,,,,,,,,,,False,,,0,,,,,,0,50,,balanced
P1049,Thurman,Arcilla,2004-10-18,72,248,Anglo,light,black,clean_shaven,R,LF,,0,,,49,62,50,49,49,52,55,52,48,49,,,,,,,,,,,,68,84,74,69,49,0,0,52,58,78,,,,,,,,,,,,False,,,0,,,,,,0,50,,power
P9557,Isiah,Cruikshank,1987-07-07,68,237,Anglo,light,blonde,beard,R,C,,0,,,63,53,53,52,49,50,60,50,48,52,,,,,,,,,,,,58,51,46,52,49,0,0,50,45,47,,,,,,,,,,,,False,,,0,,,,,,0,50,,spray
P8364,Fredrick,Wohlers,2003-11-26,73,173,Anglo,light,black,clean_shaven,R,LF,,0,,,54,52,51,50,52,49,59,50,51,53,,,,,,,,,,,,64,57,59,56,52,0,0,50,65,61,,,,,,,,,,,,False,,,0,,,,,,0,50,,balanced
P4141,Tom,Vlach,1987-08-20,77,169,Anglo,light,brown,beard,S,CF,,0,,,51,48,70,53,52,50,49,52,48,51,,,,,,,,,,,,41,38,63,52,52,0,0,52,47,50,,,,,,,,,,,,False,,,0,,,,,,0,50,,speed
P1935,Lynn,Orrego,1998-01-01,70,192,Anglo,medium,brown,clean_shaven,R,P,,1,RP,CL,,,,,55,,,,49,50,47,52,52,53,51,0,0,67,0,0,0,,,,,0,,,,47,53,49,54,48,53,46,0,0,67,0,0,0,False,,,0,,,,,,0,50,closer,
P5407,Agustin,Barillaro,1997-03-07,75,182,Anglo,light,blonde,mustache,R,P,,1,RP,SP,,,,,49,,,,50,51,52,50,52,52,51,61,63,62,0,55,0,,,,,0,,,,52,56,48,50,51,51,49,60,59,61,0,57,0,False,,,0,,,,,,0,50,balanced_sp,
P4736,Thanh,Wellen,1987-03-05,77,168,Anglo,light,brown,mustache,L,P,,1,RP,SP,,,,,47,,,,52,51,54,51,54,48,51,58,61,59,0,0,0,,,,,0,,,,43,41,50,45,50,48,42,51,51,54,0,0,0,False,,,0,,,,,,0,50,power_sp,
P6168,Nigel,Bielecki,1989-04-05,69,169,Anglo,light,black,beard,R,P,,1,RP,SP,,,,,48,,,,51,52,50,52,52,52,54,0,63,64,0,0,0,,,,,0,,,,42,44,46,48,42,43,45,0,63,59,0,0,0,False,,,0,,,,,,0,50,power_sp,
P6357,Gerald,Eugley,1996-10-31,70,226,Anglo,light,brown,goatee,L,P,,1,RP,RP,,,,,53,,,,48,51,50,50,52,52,51,0,61,0,61,0,0,,,,,0,,,,53,55,48,50,48,53,53,0,64,0,60,0,0,False,,,0,,,,,,0,50,groundball_rp,
P6261,Albert,Bertagnolli,1995-02-04,76,189,Anglo,light,brown,clean_shaven,L,P,,1,RP,SP,,,,,52,,,,50,49,51,53,52,51,50,62,61,58,0,0,0,,,,,0,,,,45,50,52,52,51,49,51,62,66,58,0,0,0,False,,,0,,,,,,0,50,balanced_sp,
P9843,Chauncey,Wyles,1990-01-04,78,173,Anglo,light,blonde,clean_shaven,R,P,,1,RP,SP,,,,,49,,,,51,51,52,51,52,51,51,0,61,58,0,0,0,,,,,0,,,,43,51,43,52,44,41,50,0,57,57,0,0,0,False,,,0,,,,,,0,50,workhorse_sp,
P2051,Bruno,Stimage,1995-10-19,70,238,Anglo,light,black,clean_shaven,R,RF,,0,,,50,48,70,50,52,52,58,49,52,51,,,,,,,,,,,,50,50,68,48,52,0,0,49,55,50,,,,,,,,,,,,False,,,0,,,,,,0,50,,speed
P8318,Jarod,Wedner,1995-06-06,69,216,Anglo,light,black,clean_shaven,S,RF,,0,,,50,60,50,51,48,53,47,49,51,49,,,,,,,,,,,,53,57,51,48,48,0,0,49,54,49,,,,,,,,,,,,False,,,0,,,,,,0,50,,power
P9134,Roderick,Grieb,2000-02-19,71,181,Anglo,light,black,beard,L,C,,0,,,49,60,47,51,49,54,50,49,51,53,,,,,,,,,,,,61,68,59,65,49,0,0,49,56,59,,,,,,,,,,,,False,,,0,,,,,,0,50,,power
P9991,Asa,Marchell,1997-09-01,75,235,Anglo,light,black,clean_shaven,S,3B,,0,,,49,51,50,49,49,49,54,49,50,52,,,,,,,,,,,,44,49,51,53,49,0,0,49,54,53,,,,,,,,,,,,False,,,0,,,,,,0,50,,balanced
P3298,Rico,Banfield,1998-06-09,71,165,Anglo,light,brown,clean_shaven,R,2B,CF,0,,,58,53,50,54,49,49,55,50,49,50,,,,,,,,,,,,68,64,62,60,49,0,0,50,63,60,,,,,,,,,,,,False,,,0,,,,,,0,50,,balanced
P6018,Tyrell,Leonpacher,1992-02-03,68,221,Anglo,medium,brown,clean_shaven,R,C,,0,,,52,50,50,50,49,53,59,52,49,51,,,,,,,,,,,,44,49,47,48,49,0,0,52,39,46,,,,,,,,,,,,False,,,0,,,,,,0,50,,balanced
P1320,Laurence,Camus,1997-10-17,74,202,Anglo,dark,brown,goatee,R,SS,,0,,,50,52,84,49,51,48,60,49,52,47,,,,,,,,,,,,54,51,82,44,51,0,0,49,57,52,,,,,,,,,,,,False,,,0,,,,,,0,50,,speed
P8611,Zachery,Greet,1989-01-21,77,166,Anglo,light,brown,clean_shaven,S,1B,,0,,,49,60,50,51,47,50,54,52,53,48,,,,,,,,,,,,45,56,47,48,47,0,0,52,49,41,,,,,,,,,,,,False,,,0,,,,,,0,50,,power
P3515,Don,Leaks,2007-10-20,71,182,Anglo,light,brown,clean_shaven,S,P,,1,RP,CL,,,,,55,,,,52,52,50,52,52,50,53,57,58,65,0,0,0,,,,,0,,,,70,76,72,69,77,62,74,79,72,89,0,0,0,False,,,0,,,,,,0,50,closer,
P8372,Terrell,Michniak,2004-11-25,76,177,Anglo,medium,brown,clean_shaven,L,P,,1,RP,SP,,,,,51,,,,50,53,53,52,52,50,53,0,58,0,62,0,0,,,,,0,,,,77,69,81,66,81,79,64,0,85,0,83,0,0,False,,,0,,,,,,0,50,groundball_sp,
P7722,Johnnie,Kinaj,2004-08-06,72,228,Anglo,light,blonde,goatee,L,P,,1,RP,RP,,,,,49,,,,48,49,52,50,52,53,51,0,58,67,0,58,0,,,,,0,,,,70,69,64,70,82,67,69,0,87,87,0,71,0,False,,,0,,,,,,0,50,power_rp,
P2203,Jefferson,Constante,2006-05-09,77,236,Anglo,light,brown,beard,R,P,,1,RP,SP,,,,,49,,,,52,52,54,50,52,53,53,0,60,61,0,0,0,,,,,0,,,,81,75,79,82,67,82,64,0,70,84,0,0,0,False,,,0,,,,,,0,50,power_sp,
P7827,Fred,Bienvenu,2007-07-22,77,193,Anglo,light,black,clean_shaven,L,P,,1,RP,RP,,,,,50,,,,51,54,52,51,53,49,51,60,58,64,0,0,0,,,,,0,,,,80,75,72,79,78,59,66,70,74,81,0,0,0,False,,,0,,,,,,0,50,power_rp,
P1244,Floyd,Lataquin,2006-05-22,71,171,Anglo,dark,black,clean_shaven,R,SS,,0,,,52,49,53,51,51,49,61,48,51,50,,,,,,,,,,,,68,69,75,71,51,0,0,48,68,62,,,,,,,,,,,,False,,,0,,,,,,0,50,,gap
P3363,Miquel,Natt,2007-12-02,78,184,Anglo,dark,black,clean_shaven,L,1B,LF,0,,,64,71,50,49,51,49,45,53,49,49,,,,,,,,,,,,83,99,78,63,51,0,0,53,66,66,,,,,,,,,,,,False,,,0,,,,,,0,50,,gap
P3231,Margarito,Mako,2007-05-04,77,204,Anglo,light,red,clean_shaven,L,3B,,0,,,53,53,50,52,49,51,51,48,52,53,,,,,,,,,,,,63,66,60,81,49,0,0,48,81,71,,,,,,,,,,,,False,,,0,,,,,,0,50,,balanced
P8693,Andrew,Pfeiffer,2005-06-27,77,172,Anglo,light,black,mustache,R,C,,0,,,50,51,52,49,49,53,57,52,49,49,,,,,,,,,,,,78,69,69,76,49,0,0,52,61,70,,,,,,,,,,,,False,,,0,,,,,,0,50,,balanced
P2926,Louis,Chancy,2004-09-21,78,240,Anglo,light,blonde,clean_shaven,L,3B,,0,,,49,49,71,50,52,52,52,49,48,49,,,,,,,,,,,,78,67,96,67,52,0,0,49,66,61,,,,,,,,,,,,False,,,0,,,,,,0,50,,speed
P9624,John,Doe,1991-05-14,73,226,Unknown,light,black,mustache,L,P,,1,RP,CL,,,,,55,,,,51,52,47,52,52,52,52,57,63,65,0,0,0,,,,,0,,,,46,51,52,51,44,51,43,52,62,59,0,0,0,False,,,0,,,,,,0,50,closer,
P7952,John,Doe,1994-08-07,73,206,Unknown,light,black,goatee,R,P,,1,RP,RP,,,,,49,,,,50,50,49,50,52,50,52,57,61,65,0,0,0,,,,,0,,,,49,49,54,57,49,49,56,53,66,65,0,0,0,False,,,0,,,,,,0,50,power_rp,
P5504,John,Doe,1995-02-20,73,187,Unknown,dark,black,clean_shaven,L,P,,1,RP,SP,,,,,52,,,,48,51,50,52,52,52,49,60,60,0,0,0,0,,,,,0,,,,43,50,57,47,54,57,53,55,61,0,0,0,0,False,,,0,,,,,,0,50,finesse_sp,
P5509,John,Doe,1995-04-23,77,223,Unknown,medium,brown,mustache,R,P,,1,RP,RP,,,,,54,,,,50,53,48,50,54,51,54,0,0,0,64,0,0,,,,,0,,,,48,56,54,51,45,54,55,0,0,0,68,0,0,False,,,0,,,,,,0,50,groundball_rp,
P4456,John,Doe,1999-05-02,73,214,Unknown,medium,brown,clean_shaven,L,P,,1,RP,RP,,,,,49,,,,52,53,52,50,52,50,53,0,0,67,0,0,0,,,,,0,,,,57,65,56,58,63,63,61,0,0,81,0,0,0,False,,,0,,,,,,0,50,power_rp,
P8999,John,Doe,1997-02-09,76,205,Unknown,medium,brown,goatee,L,P,,1,RP,SP,,,,,51,,,,48,50,50,50,52,49,51,62,58,59,59,0,0,,,,,0,,,,52,48,49,53,45,49,48,63,58,55,55,0,0,False,,,0,,,,,,0,50,groundball_sp,
P3408,John,Doe,1992-02-20,77,232,Unknown,dark,brown,clean_shaven,R,P,,1,RP,SP,,,,,51,,,,51,49,50,54,54,52,53,61,63,62,60,0,0,,,,,0,,,,41,49,51,47,48,46,47,58,63,52,57,0,0,False,,,0,,,,,,0,50,finesse_sp,
P7466,John,Doe,1999-01-17,76,243,Unknown,medium,brown,clean_shaven,R,P,,1,RP,RP,,,,,53,,,,51,54,51,50,52,50,52,0,63,64,0,0,0,,,,,0,,,,63,69,58,66,63,55,59,0,73,77,0,0,0,False,,,0,,,,,,0,50,power_rp,
P6072,John,Doe,2001-01-05,71,166,Unknown,medium,black,clean_shaven,L,P,,1,RP,SP,,,,,50,,,,51,51,50,51,53,53,50,0,60,64,58,56,0,,,,,0,,,,59,63,59,59,55,62,61,0,72,78,72,68,0,False,,,0,,,,,,0,50,power_sp,
P9056,John,Doe,1987-10-31,73,175,Unknown,light,blonde,clean_shaven,L,P,,1,RP,SP,,,,,49,,,,52,47,52,51,52,50,50,62,63,60,0,0,0,,,,,0,,,,51,37,47,47,45,43,42,60,57,60,0,0,0,False,,,0,,,,,,0,50,finesse_sp,
P5351,John,Doe,1994-10-12,76,167,Unknown,medium,blonde,goatee,L,P,,1,RP,CL,,,,,51,,,,50,54,50,50,54,52,55,0,0,65,0,0,0,,,,,0,,,,50,53,48,51,53,47,51,0,0,69,0,0,0,False,,,0,,,,,,0,50,closer,
P1102,John,Doe,2005-01-30,74,204,Unknown,dark,brown,mustache,R,C,,0,,,52,51,84,51,53,49,60,48,50,51,,,,,,,,,,,,62,66,99,78,53,0,0,48,76,61,,,,,,,,,,,,False,,,0,,,,,,0,50,,speed
P1341,John,Doe,1987-06-29,73,194,Unknown,medium,brown,clean_shaven,L,1B,,0,,,50,52,51,51,52,49,48,50,51,50,,,,,,,,,,,,48,45,41,48,52,0,0,50,44,40,,,,,,,,,,,,False,,,0,,,,,,0,50,,balanced
P6048,John,Doe,2005-01-25,69,174,Unknown,medium,black,clean_shaven,R,2B,,0,,,54,49,85,50,50,48,56,52,50,50,,,,,,,,,,,,76,64,99,66,50,0,0,52,78,67,,,,,,,,,,,,False,,,0,,,,,,0,50,,elite_speed
P1325,John,Doe,1989-05-28,69,236,Unknown,dark,blonde,clean_shaven,R,3B,,0,,,50,48,48,51,50,52,60,53,49,50,,,,,,,,,,,,46,42,47,48,50,0,0,53,43,48,,,,,,,,,,,,False,,,0,,,,,,0,50,,balanced
P4818,John,Doe,1987-06-15,73,187,Unknown,light,brown,beard,R,SS,,0,,,50,48,52,51,51,47,57,50,50,48,,,,,,,,,,,,46,46,45,50,51,0,0,50,49,39,,,,,,,,,,,,False,,,0,,,,,,0,50,,balanced
P7801,John,Doe,1989-02-09,74,229,Unknown,light,black,beard,R,LF,1B,0,,,50,49,51,51,50,49,59,52,50,51,,,,,,,,,,,,43,41,42,44,50,0,0,52,48,44,,,,,,,,,,,,False,,,0,,,,,,0,50,,average
P4996,John,Doe,2002-12-10,77,224,Unknown,dark,red,clean_shaven,S,CF,,0,,,50,61,51,49,51,53,54,48,50,50,,,,,,,,,,,,58,72,63,62,51,0,0,48,56,64,,,,,,,,,,,,False,,,0,,,,,,0,50,,power
P5059,John,Doe,2002-08-26,69,218,Unknown,medium,red,goatee,R,RF,,0,,,49,59,51,49,48,52,58,50,51,52,,,,,,,,,,,,63,73,56,54,48,0,0,50,59,62,,,,,,,,,,,,False,,,0,,,,,,0,50,,power
P7090,John,Doe,1997-11-13,69,208,Unknown,light,black,clean_shaven,R,1B,,0,,,51,58,50,50,49,48,52,53,50,49,,,,,,,,,,,,56,56,48,55,49,0,0,53,51,53,,,,,,,,,,,,False,,,0,,,,,,0,50,,gap
P3627,John,Doe,2000-12-08,75,238,Unknown,medium,brown,mustache,R,SS,,0,,,63,52,49,52,53,49,58,51,48,49,,,,,,,,,,,,78,62,58,66,53,0,0,51,54,58,,,,,,,,,,,,False,,,0,,,,,,0,50,,spray
P5772,John,Doe,1997-06-03,70,246,Unknown,medium,brown,clean_shaven,R,LF,,0,,,53,63,47,52,49,50,57,51,51,50,,,,,,,,,,,,52,66,50,48,49,0,0,51,46,45,,,,,,,,,,,,False,,,0,,,,,,0,50,,power
P5725,John,Doe,2002-02-05,76,175,Unknown,light,brown,mustache,R,C,,0,,,59,48,50,51,50,48,58,51,51,49,,,,,,,,,,,,69,54,57,59,50,0,0,51,61,59,,,,,,,,,,,,False,,,0,,,,,,0,50,,spray
P7343,John,Doe,2004-09-22,70,243,Unknown,dark,brown,clean_shaven,S,RF,,0,,,65,50,50,50,49,49,51,51,51,48,,,,,,,,,,,,80,79,69,64,49,0,0,51,78,61,,,,,,,,,,,,False,,,0,,,,,,0,50,,spray
P3742,John,Doe,1992-06-22,71,243,Unknown,medium,black,clean_shaven,L,LF,,0,,,51,52,49,52,51,48,50,51,48,48,,,,,,,,,,,,44,51,48,44,51,0,0,51,47,40,,,,,,,,,,,,False,,,0,,,,,,0,50,,balanced
P9243,John,Doe,1993-05-06,69,231,Unknown,dark,brown,beard,R,P,,1,RP,CL,,,,,55,,,,49,50,48,51,53,49,54,0,62,65,0,0,0,,,,,0,,,,39,48,42,43,39,47,48,0,59,62,0,0,0,False,,,0,,,,,,0,50,closer,
P1795,John,Doe,2003-12-16,72,218,Unknown,medium,brown,clean_shaven,S,P,,1,RP,SP,,,,,52,,,,49,49,50,50,52,51,49,62,60,58,59,0,0,,,,,0,,,,55,63,58,63,65,60,63,68,74,73,72,0,0,False,,,0,,,,,,0,50,groundball_sp,
P9870,John,Doe,1987-12-22,73,178,Unknown,medium,black,beard,R,P,,1,RP,SP,,,,,48,,,,49,53,52,50,53,49,50,0,63,60,56,0,0,,,,,0,,,,45,45,49,43,42,39,44,0,57,56,46,0,0,False,,,0,,,,,,0,50,power_sp,
P4058,John,Doe,1992-11-29,77,187,Unknown,light,black,goatee,L,P,,1,RP,SP,,,,,51,,,,48,51,50,53,52,51,51,62,62,59,0,55,0,,,,,0,,,,40,43,44,52,48,44,41,62,59,49,0,48,0,False,,,0,,,,,,0,50,power_sp,
P9597,John,Doe,1993-09-06,75,184,Unknown,light,blonde,clean_shaven,R,P,,1,RP,SP,,,,,49,,,,51,51,53,52,52,52,50,62,63,58,0,0,0,,,,,0,,,,46,51,48,45,46,45,40,57,59,57,0,0,0,False,,,0,,,,,,0,50,balanced_sp,
P4694,John,Doe,1997-07-25,71,249,Unknown,light,black,mustache,L,P,,1,RP,SP,,,,,52,,,,48,53,51,53,52,49,53,61,59,59,0,55,0,,,,,0,,,,47,54,52,54,48,51,51,60,56,58,0,57,0,False,,,0,,,,,,0,50,workhorse_sp,
P1726,John,Doe,1995-02-06,74,175,Unknown,dark,brown,clean_shaven,L,P,,1,RP,RP,,,,,53,,,,52,53,50,52,54,52,53,58,58,65,0,0,0,,,,,0,,,,48,58,54,53,54,56,49,62,55,67,0,0,0,False,,,0,,,,,,0,50,power_rp,
P5365,John,Doe,1990-07-21,71,179,Unknown,medium,black,clean_shaven,R,LF,,0,,,51,52,50,52,50,53,55,52,53,50,,,,,,,,,,,,45,49,50,50,50,0,0,52,53,50,,,,,,,,,,,,False,,,0,,,,,,0,50,,average
P2493,John,Doe,2002-08-04,75,240,Unknown,dark,brown,clean_shaven,R,C,,0,,,49,53,51,51,53,49,57,51,49,52,,,,,,,,,,,,56,67,66,60,53,0,0,51,57,61,,,,,,,,,,,,False,,,0,,,,,,0,50,,average
P4393,John,Doe,2003-02-04,76,200,Unknown,light,black,clean_shaven,R,LF,,0,,,49,59,49,52,51,50,58,51,52,49,,,,,,,,,,,,64,73,59,64,51,0,0,51,58,58,,,,,,,,,,,,False,,,0,,,,,,0,50,,power
P3694,John,Doe,1993-07-24,72,223,Unknown,light,brown,beard,L,RF,3B,0,,,52,57,52,51,49,53,49,50,51,51,,,,,,,,,,,,42,56,43,42,49,0,0,50,44,43,,,,,,,,,,,,False,,,0,,,,,,0,50,,balanced
P9611,John,Doe,2004-02-06,70,164,Unknown,light,black,clean_shaven,L,C,,0,,,50,50,51,51,51,48,49,50,50,50,,,,,,,,,,,,63,59,56,66,51,0,0,50,55,64,,,,,,,,,,,,False,,,0,,,,,,0,50,,balanced
P5102,John,Doe,1992-03-20,73,221,Unknown,dark,brown,clean_shaven,S,1B,,0,,,51,52,52,50,47,51,47,48,49,53,,,,,,,,,,,,45,43,51,44,47,0,0,48,49,43,,,,,,,,,,,,False,,,0,,,,,,0,50,,balanced
P8850,John,Doe,1987-04-17,76,171,Unknown,dark,red,beard,R,2B,,0,,,51,51,48,50,53,51,55,53,49,49,,,,,,,,,,,,47,41,48,49,53,0,0,53,49,47,,,,,,,,,,,,False,,,0,,,,,,0,50,,balanced
P8833,John,Doe,1997-09-05,75,249,Unknown,light,black,clean_shaven,R,CF,,0,,,51,49,49,50,50,50,51,49,51,51,,,,,,,,,,,,56,45,47,54,50,0,0,49,48,47,,,,,,,,,,,,False,,,0,,,,,,0,50,,average
P9878,John,Doe,2006-07-07,76,195,Unknown,dark,black,clean_shaven,L,P,,1,RP,CL,,,,,55,,,,52,50,52,50,52,51,52,0,0,65,0,0,0,,,,,0,,,,77,75,64,67,80,64,68,0,0,92,0,0,0,False,,,0,,,,,,0,50,closer,
P5376,John,Doe,2007-04-20,69,166,Unknown,dark,brown,clean_shaven,R,P,,1,RP,RP,,,,,56,,,,49,53,50,50,52,52,52,0,0,64,63,0,0,,,,,0,,,,70,70,76,77,66,71,81,0,0,74,75,0,0,False,,,0,,,,,,0,50,groundball_rp,
P4337,John,Doe,2006-08-25,77,196,Unknown,medium,brown,mustache,L,P,,1,RP,RP,,,,,53,,,,49,51,52,50,52,50,52,56,63,0,0,55,0,,,,,0,,,,63,72,61,71,75,70,68,82,86,0,0,85,0,False,,,0,,,,,,0,50,finesse_rp,
P7579,John,Doe,2007-04-28,74,204,Unknown,medium,black,clean_shaven,S,P,,1,RP,SP,,,,,51,,,,51,53,53,50,53,50,53,59,61,60,0,0,0,,,,,0,,,,76,76,78,71,83,60,69,76,87,71,0,0,0,False,,,0,,,,,,0,50,power_sp,
P3964,John,Doe,2005-01-07,71,216,Unknown,medium,black,clean_shaven,S,P,,1,RP,RP,,,,,57,,,,50,52,51,50,52,50,52,57,0,0,60,0,0,,,,,0,,,,64,75,74,76,80,78,75,83,0,0,88,0,0,False,,,0,,,,,,0,50,groundball_rp,
P7441,John,Doe,2006-10-08,76,214,Unknown,medium,blonde,mustache,R,2B,,0,,,55,48,70,54,52,49,57,52,51,49,,,,,,,,,,,,73,78,89,70,52,0,0,52,62,79,,,,,,,,,,,,False,,,0,,,,,,0,50,,speed
P6314,John,Doe,2004-08-17,74,176,Unknown,dark,black,mustache,R,3B,,0,,,51,53,51,52,48,51,60,52,49,50,,,,,,,,,,,,66,82,78,77,48,0,0,52,71,79,,,,,,,,,,,,False,,,0,,,,,,0,50,,gap
P3554,John,Doe,2005-06-14,77,240,Unknown,medium,brown,clean_shaven,S,3B,,0,,,49,51,50,50,50,48,55,49,52,48,,,,,,,,,,,,65,62,78,71,50,0,0,49,78,72,,,,,,,,,,,,False,,,0,,,,,,0,50,,balanced
P2420,John,Doe,2006-10-15,77,213,Unknown,dark,brown,clean_shaven,L,1B,,0,,,51,51,50,50,48,52,45,48,48,51,,,,,,,,,,,,63,80,78,74,48,0,0,48,61,78,,,,,,,,,,,,False,,,0,,,,,,0,50,,balanced
P4356,John,Doe,2007-03-27,78,180,Unknown,dark,brown,clean_shaven,L,C,,0,,,49,48,70,52,52,48,49,50,50,49,,,,,,,,,,,,63,60,84,77,52,0,0,50,64,60,,,,,,,,,,,,False,,,0,,,,,,0,50,,speed
P6171,John,Doe,1990-06-19,76,182,Unknown,medium,brown,beard,R,P,,1,RP,CL,,,,,55,,,,48,50,51,52,52,49,52,59,61,65,0,0,0,,,,,0,,,,46,49,52,50,42,40,50,59,53,62,0,0,0,False,,,0,,,,,,0,50,closer,
P3748,John,Doe,2001-11-22,70,207,Unknown,medium,blonde,clean_shaven,L,P,,1,RP,RP,,,,,49,,,,49,51,52,50,52,50,51,0,61,0,0,0,0,,,,,0,,,,55,59,56,62,65,65,66,0,71,0,0,0,0,False,,,0,,,,,,0,50,power_rp,
P4461,John,Doe,1998-08-31,77,189,Unknown,medium,black,clean_shaven,R,P,,1,RP,SP,,,,,50,,,,48,49,53,52,54,52,50,0,61,0,58,0,0,,,,,0,,,,60,56,64,69,67,57,60,0,75,0,72,0,0,False,,,0,,,,,,0,50,groundball_sp,
P3039,John,Doe,1990-07-13,68,173,Unknown,light,brown,clean_shaven,R,P,,1,RP,RP,,,,,51,,,,49,54,52,50,54,49,56,0,60,67,0,0,0,,,,,0,,,,46,44,41,54,49,41,48,0,51,58,0,0,0,False,,,0,,,,,,0,50,power_rp,
P5395,John,Doe,1999-01-28,70,238,Unknown,medium,brown,clean_shaven,R,P,,1,RP,SP,,,,,50,,,,51,49,51,52,53,50,50,0,60,61,59,0,0,,,,,0,,,,65,61,57,67,58,61,59,0,75,71,73,0,0,False,,,0,,,,,,0,50,groundball_sp,
P3415,John,Doe,1997-06-04,68,241,Unknown,medium,black,clean_shaven,L,P,,1,RP,RP,,,,,54,,,,52,49,48,51,52,52,51,59,60,0,0,0,0,,,,,59,,,,57,49,56,57,46,51,47,64,60,0,0,0,0,False,,,0,,,,,,0,50,finesse_rp,
P7010,John,Doe,2002-05-25,71,230,Unknown,dark,brown,clean_shaven,R,P,,1,RP,SP,,,,,50,,,,50,50,50,50,53,51,50,61,59,0,0,54,0,,,,,0,,,,55,61,61,67,64,56,60,70,66,0,0,59,0,False,,,0,,,,,,0,50,finesse_sp,
P4207,John,Doe,1990-08-27,73,235,Unknown,light,black,clean_shaven,R,P,,1,RP,SP,,,,,51,,,,51,51,50,51,52,49,55,0,63,59,57,55,0,,,,,0,,,,50,45,47,47,48,40,49,0,62,53,47,50,0,False,,,0,,,,,,0,50,power_sp,
P3767,John,Doe,1996-10-25,77,228,Unknown,light,brown,clean_shaven,R,P,,1,RP,SP,,,,,51,,,,48,54,52,53,53,48,52,60,64,58,0,0,0,,,,,0,,,,47,52,54,50,51,43,50,64,68,53,0,0,0,False,,,0,,,,,,0,50,power_sp,
P7838,John,Doe,1987-04-01,78,227,Unknown,light,brown,clean_shaven,L,P,,1,RP,SP,,,,,49,,,,51,50,52,50,52,50,50,0,62,59,0,0,0,,,,,0,,,,44,40,42,50,45,42,42,0,59,50,0,0,0,False,,,0,,,,,,0,50,power_sp,
P8588,John,Doe,1989-02-13,77,241,Unknown,medium,black,mustache,L,P,,1,RP,SP,,,,,50,,,,52,51,50,53,52,48,50,0,62,60,56,0,0,,,,,0,,,,51,42,49,48,46,45,47,0,56,55,46,0,0,False,,,0,,,,,,0,50,power_sp,
P4753,John,Doe,1997-11-01,78,163,Unknown,dark,black,clean_shaven,R,C,,0,,,51,52,52,50,52,53,55,51,50,52,,,,,,,,,,,,53,50,47,48,52,0,0,51,51,56,,,,,,,,,,,,False,,,0,,,,,,0,50,,average
P4880,John,Doe,1990-06-23,68,242,Unknown,medium,brown,clean_shaven,S,1B,,0,,,49,64,53,50,50,54,51,50,49,49,,,,,,,,,,,,46,56,51,49,50,0,0,50,43,40,,,,,,,,,,,,False,,,0,,,,,,0,50,,power
P6399,John,Doe,1995-08-09,73,190,Unknown,light,brown,clean_shaven,L,2B,,0,,,56,47,48,55,52,50,48,51,52,52,,,,,,,,,,,,54,51,46,59,52,0,0,51,51,48,,,,,,,,,,,,False,,,0,,,,,,0,50,,spray
P2614,John,Doe,2000-02-02,75,200,Unknown,medium,black,clean_shaven,R,3B,,0,,,48,61,48,49,49,54,56,50,51,50,,,,,,,,,,,,60,66,53,57,49,0,0,50,59,57,,,,,,,,,,,,False,,,0,,,,,,0,50,,power
P9914,John,Doe,1987-05-13,75,193,Unknown,light,blonde,goatee,R,SS,,0,,,53,51,50,51,53,49,61,52,51,49,,,,,,,,,,,,52,43,47,43,53,0,0,52,41,48,,,,,,,,,,,,False,,,0,,,,,,0,50,,balanced
P7071,John,Doe,1995-06-05,69,208,Unknown,light,red,clean_shaven,R,LF,RF,0,,,50,50,49,51,53,50,58,48,51,53,,,,,,,,,,,,46,54,54,53,53,0,0,48,55,52,,,,,,,,,,,,False,,,0,,,,,,0,50,,balanced
P8775,John,Doe,2003-07-11,77,244,Unknown,light,black,clean_shaven,S,CF,,0,,,52,53,52,50,51,51,51,53,50,49,,,,,,,,,,,,67,60,67,58,51,0,0,53,57,58,,,,,,,,,,,,False,,,0,,,,,,0,50,,balanced
P9758,John,Doe,2003-10-10,78,167,Unknown,dark,black,clean_shaven,L,RF,,0,,,50,53,52,50,51,51,48,50,50,52,,,,,,,,,,,,61,67,61,59,51,0,0,50,59,62,,,,,,,,,,,,False,,,0,,,,,,0,50,,balanced
P1017,John,Doe,1989-06-30,75,243,Unknown,medium,brown,mustache,R,3B,,0,,,50,50,50,50,48,51,56,49,50,50,,,,,,,,,,,,48,46,46,49,48,0,0,49,42,45,,,,,,,,,,,,False,,,0,,,,,,0,50,,average
P4288,John,Doe,1996-11-05,73,250,Unknown,medium,brown,clean_shaven,R,C,,0,,,51,51,50,51,49,49,55,49,48,51,,,,,,,,,,,,47,48,46,46,49,0,0,49,46,47,,,,,,,,,,,,False,,,0,,,,,,0,50,,balanced
P9438,John,Doe,1989-07-25,76,175,Unknown,medium,black,clean_shaven,R,3B,,0,,,54,57,53,52,48,49,59,49,50,51,,,,,,,,,,,,47,54,52,43,48,0,0,49,49,46,,,,,,,,,,,,False,,,0,,,,,,0,50,,gap
P6689,John,Doe,1995-03-12,75,191,Unknown,light,black,clean_shaven,R,1B,,0,,,61,54,49,50,53,49,56,49,49,53,,,,,,,,,,,,61,54,50,53,53,0,0,49,50,57,,,,,,,,,,,,False,,,0,,,,,,0,50,,spray
P8423,John,Doe,2003-01-30,70,219,Unknown,dark,black,goatee,R,C,,0,,,51,51,52,50,53,49,59,53,53,52,,,,,,,,,,,,61,60,58,62,53,0,0,53,60,62,,,,,,,,,,,,False,,,0,,,,,,0,50,,average
P1617,John,Doe,1999-07-19,77,205,Unknown,light,black,clean_shaven,L,C,,0,,,53,50,49,51,50,51,49,49,51,47,,,,,,,,,,,,62,62,60,57,50,0,0,49,57,56,,,,,,,,,,,,False,,,0,,,,,,0,50,,balanced
P7202,John,Doe,1992-08-19,76,227,Unknown,light,black,goatee,R,P,,1,RP,CL,,,,,55,,,,48,51,50,52,52,48,55,0,0,65,0,0,0,,,,,0,,,,41,41,52,43,44,42,52,0,0,64,0,0,0,False,,,0,,,,,,0,50,closer,
P8533,John,Doe,2001-10-23,70,222,Unknown,dark,black,clean_shaven,R,P,,1,RP,RP,,,,,56,,,,51,53,49,50,54,49,51,0,0,0,61,0,0,,,,,0,,,,58,63,61,69,59,64,56,0,0,0,76,0,0,False,,,0,,,,,,0,50,groundball_rp,
P2263,John,Doe,2001-10-29,78,182,Unknown,medium,black,clean_shaven,R,P,,1,RP,SP,,,,,52,,,,48,49,52,50,52,49,53,60,63,62,0,0,0,,,,,0,,,,57,63,59,57,67,59,66,68,75,70,0,0,0,False,,,0,,,,,,0,50,workhorse_sp,
P8209,John,Doe,1989-03-22,68,181,Unknown,light,brown,mustache,S,P,,1,RP,SP,,,,,52,,,,51,51,53,52,54,47,51,0,63,59,56,53,0,,,,,0,,,,47,50,42,52,49,38,45,0,53,58,48,48,0,False,,,0,,,,,,0,50,power_sp,
P3897,John,Doe,1988-07-21,71,246,Unknown,dark,brown,beard,L,P,,1,RP,RP,,,,,50,,,,48,53,49,52,52,51,54,0,58,0,0,0,0,,,,,0,,,,42,47,48,48,39,47,47,0,58,0,0,0,0,False,,,0,,,,,,0,50,power_rp,
P4762,John,Doe,1988-11-13,74,235,Unknown,dark,black,beard,R,P,,1,RP,RP,,,,,50,,,,49,52,48,52,52,49,50,0,63,66,0,0,0,,,,,0,,,,47,50,49,50,45,42,48,0,57,62,0,0,0,False,,,0,,,,,,0,50,power_rp,
P4574,John,Doe,1995-01-07,68,193,Unknown,dark,brown,mustache,S,P,,1,RP,RP,,,,,50,,,,48,50,51,51,52,52,52,57,59,0,60,0,0,,,,,0,,,,44,51,53,53,53,48,53,56,57,0,58,0,0,False,,,0,,,,,,0,50,finesse_rp,
P8838,John,Doe,2004-07-26,78,228,Unknown,dark,brown,clean_shaven,R,CF,,0,,,48,51,49,51,52,54,54,50,50,50,,,,,,,,,,,,72,77,69,64,52,0,0,50,75,72,,,,,,,,,,,,False,,,0,,,,,,0,50,,balanced
P9745,John,Doe,1988-03-21,68,164,Unknown,medium,blonde,mustache,L,CF,,0,,,57,47,50,50,50,47,47,51,48,49,,,,,,,,,,,,57,39,43,41,50,0,0,51,41,48,,,,,,,,,,,,False,,,0,,,,,,0,50,,spray
P6538,John,Doe,1990-04-02,73,243,Unknown,dark,brown,goatee,R,LF,CF,0,,,49,58,47,48,48,51,58,53,48,50,,,,,,,,,,,,43,58,46,47,48,0,0,53,40,44,,,,,,,,,,,,False,,,0,,,,,,0,50,,power
P5060,John,Doe,1990-11-23,75,202,Unknown,medium,brown,clean_shaven,R,C,,0,,,49,51,52,50,52,52,56,50,50,51,,,,,,,,,,,,44,44,48,46,52,0,0,50,49,42,,,,,,,,,,,,False,,,0,,,,,,0,50,,average
P7070,John,Doe,1999-07-19,69,238,Unknown,dark,black,beard,L,RF,,0,,,51,53,48,51,53,53,42,50,52,52,,,,,,,,,,,,58,60,54,66,53,0,0,50,62,63,,,,,,,,,,,,False,,,0,,,,,,0,50,,average
P2232,John,Doe,2003-11-24,73,226,Unknown,dark,black,mustache,R,LF,RF,0,,,51,52,49,52,49,51,59,51,51,50,,,,,,,,,,,,62,59,59,63,49,0,0,51,65,61,,,,,,,,,,,,False,,,0,,,,,,0,50,,balanced
P5349,John,Doe,1998-11-19,70,184,Unknown,light,blonde,clean_shaven,R,LF,,0,,,55,49,48,51,52,50,59,52,52,49,,,,,,,,,,,,61,60,63,56,52,0,0,52,60,55,,,,,,,,,,,,False,,,0,,,,,,0,50,,spray
P1228,John,Doe,1990-10-02,78,224,Unknown,dark,brown,goatee,L,LF,,0,,,51,63,51,51,48,52,51,50,52,53,,,,,,,,,,,,43,63,46,42,48,0,0,50,43,48,,,,,,,,,,,,False,,,0,,,,,,0,50,,power
P9654,John,Doe,2006-03-13,69,236,Unknown,dark,black,mustache,L,P,,1,RP,CL,,,,,55,,,,50,50,51,50,52,50,55,0,0,67,0,0,0,,,,,0,,,,69,64,65,77,72,77,82,0,0,84,0,0,0,False,,,0,,,,,,0,50,closer,
P9748,John,Doe,2004-04-29,69,180,Unknown,medium,black,clean_shaven,R,P,,1,RP,SP,,,,,52,,,,48,51,52,51,52,49,52,59,57,0,60,0,0,,,,,0,,,,76,66,73,76,74,73,76,86,73,0,86,0,0,False,,,0,,,,,,0,50,groundball_sp,
P9248,John,Doe,2004-04-25,69,184,Unknown,light,brown,clean_shaven,R,P,,1,RP,SP,,,,,67,,,,50,53,50,51,52,50,50,62,60,60,0,57,0,,,,,82,,,,74,75,65,69,79,64,78,88,72,83,0,81,0,False,,,0,,,,,,0,50,balanced_sp,
P4692,John,Doe,2006-02-20,75,173,Unknown,dark,brown,goatee,L,P,,1,RP,SP,,,,,52,,,,48,53,51,51,53,52,53,58,59,61,56,0,0,,,,,0,,,,75,76,65,78,78,75,63,82,85,90,86,0,0,False,,,0,,,,,,0,50,balanced_sp,
P4804,John,Doe,2004-05-09,75,213,Unknown,dark,black,clean_shaven,R,P,,1,RP,RP,,,,,25,,,,49,53,48,50,52,53,51,0,0,0,62,0,0,,,,,52,,,,76,80,70,63,62,73,80,0,0,0,81,0,0,False,,,0,,,,,,0,50,groundball_rp,
P7669,John,Doe,2007-11-04,74,240,Unknown,medium,black,clean_shaven,R,C,,0,,,59,51,49,52,53,51,58,52,49,48,,,,,,,,,,,,79,61,65,70,53,0,0,52,60,64,,,,,,,,,,,,False,,,0,,,,,,0,50,,spray
P5867,John,Doe,2006-04-01,75,247,Unknown,medium,blonde,clean_shaven,L,1B,,0,,,51,62,48,50,49,54,44,48,52,51,,,,,,,,,,,,78,76,67,64,49,0,0,48,77,75,,,,,,,,,,,,False,,,0,,,,,,0,50,,power
P7357,John,Doe,2005-02-09,70,248,Unknown,light,black,mustache,S,LF,,0,,,54,53,51,52,51,52,52,52,50,49,,,,,,,,,,,,70,72,73,67,51,0,0,52,68,60,,,,,,,,,,,,False,,,0,,,,,,0,50,,average
P3067,John,Doe,2004-07-05,69,202,Unknown,dark,brown,clean_shaven,R,CF,,0,,,58,49,50,55,51,50,52,52,49,50,,,,,,,,,,,,86,75,65,78,51,0,0,52,72,71,,,,,,,,,,,,False,,,0,,,,,,0,50,,spray
P8104,John,Doe,2006-04-08,78,189,Unknown,dark,red,goatee,R,LF,,0,,,49,64,51,48,50,52,58,50,49,51,,,,,,,,,,,,66,85,74,74,50,0,0,50,69,62,,,,,,,,,,,,False,,,0,,,,,,0,50,,power
P9829,John,Doe,1987-03-04,73,180,Unknown,medium,blonde,beard,L,P,,1,RP,CL,,,,,55,,,,50,51,48,51,52,50,52,57,62,66,0,0,0,,,,,0,,,,46,44,46,46,39,48,46,48,58,58,0,0,0,False,,,0,,,,,,0,50,closer,
P4435,John,Doe,1987-09-03,73,184,Unknown,medium,black,clean_shaven,R,P,,1,RP,CL,,,,,52,,,,50,51,51,51,53,52,55,57,59,66,0,0,0,,,,,0,,,,40,43,42,49,41,47,54,54,51,59,0,0,0,False,,,0,,,,,,0,50,closer,
P5307,John,Doe,1995-07-23,70,168,Unknown,light,brown,goatee,S,P,,1,RP,CL,,,,,52,,,,49,54,50,50,52,52,51,0,0,66,0,0,0,,,,,0,,,,45,58,45,53,55,55,50,0,0,62,0,0,0,False,,,0,,,,,,0,50,closer,
P2635,John,Doe,2001-05-23,78,217,Unknown,medium,brown,clean_shaven,R,P,,1,RP,SP,,,,,49,,,,49,49,52,50,52,49,53,61,60,60,54,0,0,,,,,0,,,,58,57,56,64,59,62,62,67,73,67,61,0,0,False,,,0,,,,,,0,50,balanced_sp,
P8544,John,Doe,2004-05-29,68,219,Unknown,light,blonde,clean_shaven,L,P,,1,RP,CL,,,,,52,,,,51,52,50,52,52,51,54,0,0,66,0,0,0,,,,,0,,,,78,76,80,76,67,73,80,0,0,78,0,0,0,False,,,0,,,,,,0,50,closer,
P6870,John,Doe,1994-11-08,69,228,Unknown,light,black,clean_shaven,L,P,,1,RP,SP,,,,,50,,,,50,54,52,50,52,48,50,60,61,62,0,0,0,,,,,0,,,,45,49,45,56,56,43,54,60,61,57,0,0,0,False,,,0,,,,,,0,50,power_sp,
P3935,John,Doe,1997-10-15,76,219,Unknown,light,brown,mustache,L,P,,1,RP,RP,,,,,57,,,,51,50,52,50,54,53,53,0,61,0,0,0,0,,,,,55,,,,47,48,46,52,54,56,56,0,58,0,0,0,0,False,,,0,,,,,,0,50,finesse_rp,
P6167,John,Doe,2002-06-25,68,212,Unknown,medium,brown,mustache,R,P,,1,RP,SP,,,,,52,,,,50,50,52,50,52,51,53,60,61,60,0,0,0,,,,,0,,,,55,58,55,62,66,57,68,75,68,75,0,0,0,False,,,0,,,,,,0,50,workhorse_sp,
P3037,John,Doe,1993-05-18,69,245,Unknown,light,black,clean_shaven,S,P,,1,RP,RP,,,,,53,,,,48,53,49,50,52,51,54,57,62,66,0,0,0,,,,,0,,,,38,49,48,43,40,47,53,54,57,63,0,0,0,False,,,0,,,,,,0,50,power_rp,
P3438,John,Doe,1994-11-06,70,224,Unknown,dark,red,beard,L,P,,1,RP,SP,,,,,49,,,,51,51,50,50,52,52,51,59,61,58,59,0,0,,,,,0,,,,56,50,45,49,54,48,52,61,58,56,58,0,0,False,,,0,,,,,,0,50,groundball_sp,
P3366,John,Doe,1994-03-09,71,245,Unknown,dark,brown,clean_shaven,R,P,,1,RP,SP,,,,,53,,,,51,51,52,53,53,49,51,62,0,0,58,0,0,,,,,0,,,,51,47,52,51,49,54,53,63,0,0,63,0,0,False,,,0,,,,,,0,50,groundball_sp,
P6337,John,Doe,1993-02-09,77,216,Unknown,medium,black,beard,L,C,,0,,,49,53,50,51,52,52,50,53,52,51,,,,,,,,,,,,45,53,48,42,52,0,0,53,44,43,,,,,,,,,,,,False,,,0,,,,,,0,50,,average
P8160,John,Doe,1998-05-06,73,183,Unknown,dark,black,clean_shaven,L,1B,,0,,,50,65,51,51,50,50,46,49,49,48,,,,,,,,,,,,55,79,62,60,50,0,0,49,62,62,,,,,,,,,,,,False,,,0,,,,,,0,50,,power
P3224,John,Doe,2002-05-30,69,170,Unknown,medium,brown,clean_shaven,R,2B,,0,,,62,48,50,56,49,50,57,48,50,49,,,,,,,,,,,,75,58,62,62,49,0,0,48,65,56,,,,,,,,,,,,False,,,0,,,,,,0,50,,spray
P6438,John,Doe,1995-08-13,73,166,Unknown,light,blonde,clean_shaven,R,3B,,0,,,56,50,50,51,52,48,55,51,52,48,,,,,,,,,,,,61,47,46,46,52,0,0,51,55,48,,,,,,,,,,,,False,,,0,,,,,,0,50,,spray
P3971,John,Doe,1988-08-31,71,190,Unknown,light,brown,clean_shaven,R,SS,,0,,,50,50,49,51,48,49,59,53,47,52,,,,,,,,,,,,46,42,49,43,48,0,0,53,47,44,,,,,,,,,,,,False,,,0,,,,,,0,50,,balanced
P3775,John,Doe,1987-05-20,72,248,Unknown,light,brown,beard,R,LF,,0,,,52,49,48,53,52,52,56,49,48,50,,,,,,,,,,,,42,46,41,45,52,0,0,49,47,50,,,,,,,,,,,,False,,,0,,,,,,0,50,,average
P3140,John,Doe,2003-05-06,70,175,Unknown,light,black,clean_shaven,R,CF,,0,,,53,49,72,52,54,48,52,49,48,51,,,,,,,,,,,,65,59,77,59,54,0,0,49,63,61,,,,,,,,,,,,False,,,0,,,,,,0,50,,speed
P7690,John,Doe,1999-06-27,77,195,Unknown,dark,brown,goatee,R,RF,,0,,,51,61,50,50,51,52,53,53,51,51,,,,,,,,,,,,57,69,60,60,51,0,0,53,65,57,,,,,,,,,,,,False,,,0,,,,,,0,50,,power
P2903,John,Doe,1993-09-23,74,171,Unknown,light,brown,clean_shaven,R,2B,,0,,,52,52,51,53,52,51,59,53,51,51,,,,,,,,,,,,51,47,45,53,52,0,0,53,49,44,,,,,,,,,,,,False,,,0,,,,,,0,50,,average
P6805,John,Doe,1998-05-16,77,229,Unknown,dark,black,clean_shaven,L,2B,,0,,,50,51,52,50,50,48,52,50,50,51,,,,,,,,,,,,58,57,61,56,50,0,0,50,59,59,,,,,,,,,,,,False,,,0,,,,,,0,50,,balanced
P1204,John,Doe,2000-11-29,71,220,Unknown,light,brown,clean_shaven,R,CF,,0,,,63,62,49,52,50,51,52,48,51,52,,,,,,,,,,,,74,76,64,63,50,0,0,48,58,65,,,,,,,,,,,,False,,,0,,,,,,0,50,,gap
P7978,John,Doe,1996-07-05,72,165,Unknown,dark,black,clean_shaven,L,1B,,0,,,50,65,53,51,48,54,46,51,51,48,,,,,,,,,,,,45,64,57,54,48,0,0,51,50,51,,,,,,,,,,,,False,,,0,,,,,,0,50,,power
P2811,John,Doe,2001-03-16,72,225,Unknown,light,black,beard,R,3B,,0,,,60,48,49,52,53,48,59,51,49,50,,,,,,,,,,,,71,61,61,59,53,0,0,51,61,65,,,,,,,,,,,,False,,,0,,,,,,0,50,,spray
P6649,John,Doe,1992-01-25,69,207,Unknown,dark,black,clean_shaven,R,LF,,0,,,52,58,50,53,52,51,58,48,52,50,,,,,,,,,,,,44,58,41,49,52,0,0,48,45,44,,,,,,,,,,,,False,,,0,,,,,,0,50,,gap
P4656,John,Doe,2004-08-31,77,234,Unknown,dark,black,clean_shaven,R,P,,1,RP,CL,,,,,55,,,,51,54,51,53,59,49,55,60,0,66,0,0,0,,,,,0,,,,72,75,79,77,63,68,85,74,0,77,0,0,0,False,,,0,,,,,,0,50,closer,
P3253,John,Doe,2001-03-02,69,161,Unknown,dark,blonde,clean_shaven,L,P,,1,RP,LR,,,,,52,,,,50,53,52,50,52,53,52,58,60,63,0,0,0,,,,,0,,,,60,64,60,61,62,61,62,67,72,78,0,0,0,False,,,0,,,,,,0,50,long_relief,
P2202,John,Doe,1990-03-14,76,215,Unknown,medium,black,clean_shaven,L,P,,1,RP,CL,,,,,51,,,,52,52,48,52,52,53,52,0,0,66,0,0,0,,,,,0,,,,49,47,46,42,39,51,48,0,0,64,0,0,0,False,,,0,,,,,,0,50,closer,
P1190,John,Doe,1993-05-18,73,191,Unknown,light,red,clean_shaven,L,P,,1,RP,SP,,,,,49,,,,50,50,54,50,52,49,53,58,61,61,0,0,0,,,,,0,,,,48,48,42,52,54,47,49,57,56,54,0,0,0,False,,,0,,,,,,0,50,power_sp,
P1913,John,Doe,2000-05-28,70,167,Unknown,dark,brown,clean_shaven,L,P,,1,RP,SP,,,,,49,,,,52,50,52,53,52,48,51,58,0,60,0,0,0,,,,,0,,,,66,64,58,59,59,62,57,73,0,65,0,0,0,False,,,0,,,,,,0,50,workhorse_sp,
P7826,John,Doe,1991-01-08,70,188,Unknown,light,brown,beard,R,P,,1,RP,SP,,,,,51,,,,48,53,53,53,54,51,52,61,59,62,0,0,0,,,,,0,,,,47,45,47,48,51,51,44,57,59,54,0,0,0,False,,,0,,,,,,0,50,balanced_sp,
P8241,John,Doe,1996-06-18,70,191,Unknown,dark,black,clean_shaven,L,P,,1,RP,RP,,,,,52,,,,53,48,50,50,54,50,51,0,60,0,0,0,0,,,,,0,,,,51,50,55,53,51,53,50,0,61,0,0,0,0,False,,,0,,,,,,0,50,finesse_rp,
P2047,John,Doe,1989-01-24,77,216,Unknown,light,black,beard,R,C,,0,,,52,52,49,52,52,52,57,51,53,50,,,,,,,,,,,,42,45,41,42,52,0,0,51,52,41,,,,,,,,,,,,False,,,0,,,,,,0,50,,average
P3835,John,Doe,2001-09-09,74,204,Unknown,medium,blonde,clean_shaven,R,CF,,0,,,54,48,71,53,53,49,50,53,50,52,,,,,,,,,,,,65,58,77,60,53,0,0,53,59,61,,,,,,,,,,,,False,,,0,,,,,,0,50,,speed
P6482,John,Doe,1998-05-18,71,185,Unknown,dark,black,clean_shaven,R,1B,,0,,,54,60,50,53,47,53,57,53,50,50,,,,,,,,,,,,60,71,63,64,47,0,0,53,56,60,,,,,,,,,,,,False,,,0,,,,,,0,50,,gap
P6947,John,Doe,1988-03-02,74,242,Unknown,dark,brown,beard,L,RF,,0,,,52,59,51,52,51,53,46,51,52,53,,,,,,,,,,,,49,56,45,47,51,0,0,51,52,43,,,,,,,,,,,,False,,,0,,,,,,0,50,,power
P1248,John,Doe,1994-04-15,78,234,Unknown,light,brown,clean_shaven,S,RF,,0,,,53,53,49,52,51,51,50,47,50,51,,,,,,,,,,,,49,56,49,55,51,0,0,47,53,48,,,,,,,,,,,,False,,,0,,,,,,0,50,,gap
P5999,John,Doe,1993-05-30,78,164,Unknown,dark,brown,clean_shaven,L,2B,3B,0,,,50,52,49,50,50,49,49,48,50,52,,,,,,,,,,,,44,43,49,41,50,0,0,48,43,51,,,,,,,,,,,,False,,,0,,,,,,0,50,,balanced
P9960,John,Doe,1996-06-09,72,183,Unknown,light,black,clean_shaven,R,3B,,0,,,50,50,48,49,49,52,56,53,52,52,,,,,,,,,,,,51,51,46,51,49,0,0,53,50,52,,,,,,,,,,,,False,,,0,,,,,,0,50,,balanced
P4084,John,Doe,2002-12-01,68,177,Unknown,light,black,clean_shaven,L,LF,,0,,,51,53,51,49,50,51,48,50,50,51,,,,,,,,,,,,64,61,58,62,50,0,0,50,62,63,,,,,,,,,,,,False,,,0,,,,,,0,50,,balanced
P2240,John,Doe,2004-03-17,78,247,Unknown,medium,brown,goatee,R,P,,1,RP,CL,,,,,55,,,,49,50,51,50,52,49,52,0,0,65,0,0,0,,,,,0,,,,75,66,77,69,80,59,71,0,0,91,0,0,0,False,,,0,,,,,,0,50,closer,
P1246,John,Doe,2008-02-22,69,231,Unknown,light,brown,beard,R,P,,1,RP,RP,,,,,49,,,,50,49,51,50,54,51,49,58,61,0,0,0,0,,,,,0,,,,73,74,75,73,80,61,59,69,89,0,0,0,0,False,,,0,,,,,,0,50,finesse_rp,
P2916,John,Doe,2007-06-27,77,235,Unknown,medium,blonde,clean_shaven,R,P,,1,RP,LR,,,,,51,,,,49,51,49,50,53,52,50,58,62,67,0,0,0,,,,,0,,,,75,64,79,66,63,76,79,87,80,78,0,0,0,False,,,0,,,,,,0,50,long_relief,
P4518,John,Doe,2006-05-26,70,207,Unknown,light,brown,clean_shaven,S,P,,1,RP,SP,,,,,53,,,,48,52,50,50,54,49,53,59,0,0,59,0,0,,,,,0,,,,74,74,78,73,67,79,71,78,0,0,85,0,0,False,,,0,,,,,,0,50,groundball_sp,
P2145,John,Doe,2006-06-16,78,174,Unknown,light,black,mustache,L,P,,1,RP,SP,,,,,52,,,,49,53,50,50,52,50,52,0,63,59,0,0,0,,,,,0,,,,72,69,78,64,71,76,79,0,76,70,0,0,0,False,,,0,,,,,,0,50,power_sp,
P7145,John,Doe,2005-01-24,78,176,Unknown,medium,black,clean_shaven,R,LF,,0,,,49,62,47,50,51,54,59,49,49,50,,,,,,,,,,,,65,80,73,73,51,0,0,49,69,80,,,,,,,,,,,,False,,,0,,,,,,0,50,,power
P1220,John,Doe,2007-11-30,78,212,Unknown,light,brown,clean_shaven,R,LF,,0,,,53,61,49,52,47,52,58,51,51,51,,,,,,,,,,,,83,82,65,73,47,0,0,51,68,67,,,,,,,,,,,,False,,,0,,,,,,0,50,,power
P6271,John,Doe,2006-07-07,74,175,Unknown,medium,brown,clean_shaven,L,RF,,0,,,58,50,52,53,52,46,50,53,52,49,,,,,,,,,,,,75,78,70,73,52,0,0,53,67,68,,,,,,,,,,,,False,,,0,,,,,,0,50,,spray
P2472,John,Doe,2007-07-20,74,163,Unknown,light,black,goatee,R,LF,1B,0,,,61,69,51,53,50,49,58,51,51,51,,,,,,,,,,,,83,99,70,66,50,0,0,51,76,71,,,,,,,,,,,,False,,,0,,,,,,0,50,,gap
P6569,John,Doe,2007-08-09,74,210,Unknown,medium,brown,clean_shaven,R,SS,,0,,,49,53,51,49,48,50,58,53,48,48,,,,,,,,,,,,71,73,80,78,48,0,0,53,61,61,,,,,,,,,,,,False,,,0,,,,,,0,50,,balanced
P2904,John,Doe,2002-02-15,75,175,Unknown,medium,brown,clean_shaven,R,P,,1,RP,CL,,,,,55,,,,53,50,50,50,52,51,53,60,59,65,0,0,0,,,,,0,,,,61,55,57,65,62,64,60,67,65,71,0,0,0,False,,,0,,,,,,0,50,closer,
P7717,John,Doe,2000-08-23,77,188,Unknown,light,brown,clean_shaven,L,P,,1,RP,SP,,,,,52,,,,51,50,53,52,53,50,52,0,0,58,61,0,0,,,,,0,,,,62,58,59,59,65,62,57,0,0,71,69,0,0,False,,,0,,,,,,0,50,groundball_sp,
P7171,John,Doe,1991-07-17,72,191,Unknown,light,brown,goatee,S,P,,1,RP,SP,,,,,48,,,,48,52,52,50,52,49,52,59,63,58,0,0,0,,,,,0,,,,40,46,48,50,48,48,51,58,55,50,0,0,0,False,,,0,,,,,,0,50,balanced_sp,
P9245,John,Doe,2003-04-19,78,188,Unknown,dark,brown,clean_shaven,R,P,,1,RP,SP,,,,,50,,,,49,51,52,52,52,49,53,63,61,0,54,0,0,,,,,0,,,,62,58,64,63,63,56,65,68,66,0,68,0,0,False,,,0,,,,,,0,50,finesse_sp,
P7081,John,Doe,1996-07-07,69,166,Unknown,dark,brown,clean_shaven,R,P,,1,RP,SP,,,,,53,,,,52,50,50,51,52,50,51,0,60,60,59,0,0,,,,,0,,,,54,53,51,57,51,54,46,0,62,65,62,0,0,False,,,0,,,,,,0,50,groundball_sp,
P7824,John,Doe,1996-03-30,76,185,Unknown,medium,brown,clean_shaven,R,P,,1,RP,SP,,,,,50,,,,49,50,53,50,52,51,53,63,59,61,0,54,0,,,,,0,,,,53,52,55,57,56,50,54,64,63,65,0,57,0,False,,,0,,,,,,0,50,balanced_sp,
P4445,John,Doe,2001-08-28,74,185,Unknown,light,black,clean_shaven,R,P,,1,RP,RP,,,,,53,,,,52,52,51,52,52,51,48,57,58,0,63,0,0,,,,,0,,,,67,59,61,61,62,62,60,65,72,0,76,0,0,False,,,0,,,,,,0,50,groundball_rp,
P9078,John,Doe,1994-03-12,69,177,Unknown,medium,brown,clean_shaven,R,P,,1,RP,SP,,,,,52,,,,48,53,52,53,52,52,53,61,60,60,0,0,0,,,,,0,,,,53,57,49,52,49,53,48,66,58,59,0,0,0,False,,,0,,,,,,0,50,workhorse_sp,
P6917,John,Doe,1995-12-25,78,174,Unknown,medium,black,clean_shaven,R,P,,1,RP,SP,,,,,50,,,,48,53,51,51,53,49,53,59,62,60,0,0,0,,,,,0,,,,43,50,56,56,49,54,51,61,64,61,0,0,0,False,,,0,,,,,,0,50,balanced_sp,
P9539,John,Doe,2002-06-11,72,238,Unknown,medium,black,clean_shaven,L,P,,1,RP,SP,,,,,51,,,,52,52,53,50,53,52,53,0,62,62,58,57,0,,,,,0,,,,63,64,57,66,61,64,66,0,70,76,71,66,0,False,,,0,,,,,,0,50,power_sp,
P1784,John,Doe,2002-02-11,69,231,Unknown,dark,brown,clean_shaven,L,P,,1,RP,SP,,,,,54,,,,49,50,50,50,52,51,51,0,57,61,61,0,0,,,,,0,,,,60,56,65,65,63,63,65,0,64,70,71,0,0,False,,,0,,,,,,0,50,groundball_sp,
P1241,John,Doe,2001-11-01,68,250,Unknown,medium,black,goatee,L,C,,0,,,54,50,48,52,48,51,50,49,51,48,,,,,,,,,,,,69,56,53,61,48,0,0,49,59,55,,,,,,,,,,,,False,,,0,,,,,,0,50,,balanced
P4403,John,Doe,2003-09-23,78,167,Unknown,dark,brown,clean_shaven,R,1B,,0,,,53,61,49,52,49,53,54,49,50,51,,,,,,,,,,,,62,75,55,65,49,0,0,49,60,60,,,,,,,,,,,,False,,,0,,,,,,0,50,,power
P9044,John,Doe,1998-01-01,75,209,Unknown,light,brown,beard,S,2B,,0,,,51,51,51,52,48,48,51,49,48,51,,,,,,,,,,,,48,52,55,53,48,0,0,49,46,50,,,,,,,,,,,,False,,,0,,,,,,0,50,,balanced
P7926,John,Doe,2002-07-30,75,221,Unknown,light,brown,clean_shaven,R,3B,,0,,,48,58,51,49,48,53,56,50,52,50,,,,,,,,,,,,57,68,64,59,48,0,0,50,58,65,,,,,,,,,,,,False,,,0,,,,,,0,50,,power
P1530,John,Doe,1994-01-31,72,242,Unknown,medium,brown,goatee,L,SS,,0,,,62,50,53,51,53,48,53,50,49,47,,,,,,,,,,,,54,46,49,47,53,0,0,50,45,40,,,,,,,,,,,,False,,,0,,,,,,0,50,,spray
P5885,John,Doe,2004-04-11,75,197,Unknown,dark,brown,mustache,R,LF,,0,,,53,57,47,52,48,52,59,50,50,50,,,,,,,,,,,,65,73,67,81,48,0,0,50,65,66,,,,,,,,,,,,False,,,0,,,,,,0,50,,balanced
P4501,John,Doe,1995-10-29,71,161,Unknown,light,black,clean_shaven,S,CF,,0,,,53,49,54,52,49,51,49,49,51,51,,,,,,,,,,,,50,53,53,49,49,0,0,49,48,46,,,,,,,,,,,,False,,,0,,,,,,0,50,,balanced
P1545,John,Doe,1990-06-06,77,160,Unknown,medium,brown,mustache,R,RF,CF,0,,,53,59,52,52,50,51,56,50,48,51,,,,,,,,,,,,50,54,48,42,50,0,0,50,41,50,,,,,,,,,,,,False,,,0,,,,,,0,50,,power
P1860,John,Doe,1994-05-07,76,237,Unknown,dark,red,beard,R,3B,,0,,,51,58,51,50,48,51,57,51,47,49,,,,,,,,,,,,55,53,56,55,48,0,0,51,48,50,,,,,,,,,,,,False,,,0,,,,,,0,50,,power
P4055,John,Doe,1996-10-05,78,244,Unknown,medium,black,beard,R,RF,,0,,,51,52,48,50,50,49,54,51,49,50,,,,,,,,,,,,51,51,50,50,50,0,0,51,44,49,,,,,,,,,,,,False,,,0,,,,,,0,50,,balanced
P7491,John,Doe,2002-10-10,76,200,Unknown,medium,blonde,clean_shaven,R,C,,0,,,52,47,79,52,53,50,56,53,48,50,,,,,,,,,,,,61,61,91,59,53,0,0,53,54,62,,,,,,,,,,,,False,,,0,,,,,,0,50,,speed
P1820,John,Doe,1988-05-24,71,227,Unknown,dark,blonde,clean_shaven,R,2B,,0,,,58,47,85,53,53,47,56,50,50,49,,,,,,,,,,,,57,45,80,49,53,0,0,50,44,47,,,,,,,,,,,,False,,,0,,,,,,0,50,,elite_speed
P9059,John,Doe,1988-04-17,71,193,Unknown,medium,brown,clean_shaven,S,LF,,0,,,52,60,47,51,48,52,55,53,48,51,,,,,,,,,,,,44,53,39,51,48,0,0,53,42,45,,,,,,,,,,,,False,,,0,,,,,,0,50,,power
P8264,John,Doe,2004-02-24,69,227,Unknown,light,brown,clean_shaven,R,RF,,0,,,52,51,52,52,52,50,54,53,51,51,,,,,,,,,,,,65,56,60,66,52,0,0,53,66,64,,,,,,,,,,,,False,,,0,,,,,,0,50,,average
P5143,John,Doe,1990-08-14,76,244,Unknown,medium,black,goatee,R,P,,1,RP,CL,,,,,55,,,,52,51,48,50,52,50,52,0,60,66,0,0,0,,,,,0,,,,48,48,44,52,47,42,45,0,58,62,0,0,0,False,,,0,,,,,,0,50,closer,
P4164,John,Doe,1994-02-28,78,217,Unknown,light,red,clean_shaven,R,P,,1,RP,LR,,,,,53,,,,48,50,50,50,52,53,50,58,0,65,0,0,0,,,,,0,,,,45,42,45,46,43,53,40,50,0,61,0,0,0,False,,,0,,,,,,0,50,long_relief,
P3608,John,Doe,1997-05-26,73,202,Unknown,light,brown,clean_shaven,L,P,,1,RP,LR,,,,,51,,,,52,52,51,50,54,52,54,0,58,64,0,0,0,,,,,0,,,,47,56,54,57,49,57,58,0,58,68,0,0,0,False,,,0,,,,,,0,50,long_relief,
P4975,John,Doe,1996-11-05,71,193,Unknown,dark,brown,goatee,R,P,,1,RP,SP,,,,,53,,,,52,49,53,53,52,51,51,61,58,0,57,0,0,,,,,0,,,,53,44,51,47,55,54,56,61,58,0,57,0,0,False,,,0,,,,,,0,50,groundball_sp,
P3291,John,Doe,2002-01-03,76,203,Unknown,medium,blonde,beard,R,P,,1,RP,RP,,,,,56,,,,52,52,52,53,52,52,52,55,0,0,61,0,0,,,,,0,,,,63,64,68,66,67,66,58,64,0,0,67,0,0,False,,,0,,,,,,0,50,groundball_rp,
P5312,John,Doe,1988-06-12,68,233,Unknown,medium,black,mustache,R,P,,1,RP,RP,,,,,53,,,,50,53,48,50,52,48,52,0,60,65,0,56,0,,,,,0,,,,47,47,47,48,42,42,49,0,56,62,0,54,0,False,,,0,,,,,,0,50,power_rp,
P1166,John,Doe,2004-07-02,69,191,Unknown,dark,brown,clean_shaven,R,P,,1,RP,SP,,,,,51,,,,48,52,51,50,53,48,52,61,61,0,60,0,0,,,,,0,,,,76,80,74,79,62,69,71,81,86,0,77,0,0,False,,,0,,,,,,0,50,finesse_sp,
P2524,John,Doe,1992-04-25,78,172,Unknown,medium,black,clean_shaven,R,2B,,0,,,54,48,70,53,50,48,56,49,50,51,,,,,,,,,,,,47,40,64,46,50,0,0,49,46,51,,,,,,,,,,,,False,,,0,,,,,,0,50,,speed
P5084,John,Doe,1996-09-24,76,185,Unknown,dark,brown,clean_shaven,R,3B,,0,,,52,51,49,51,48,49,59,51,52,51,,,,,,,,,,,,49,55,51,52,48,0,0,51,50,46,,,,,,,,,,,,False,,,0,,,,,,0,50,,balanced
P3649,John,Doe,1994-04-01,77,211,Unknown,medium,blonde,clean_shaven,L,1B,,0,,,52,51,50,51,50,51,47,51,50,52,,,,,,,,,,,,53,48,48,48,50,0,0,51,51,48,,,,,,,,,,,,False,,,0,,,,,,0,50,,average
P4661,John,Doe,1991-06-17,78,228,Unknown,dark,blonde,goatee,R,C,,0,,,55,49,49,51,49,50,56,51,49,51,,,,,,,,,,,,51,43,46,43,49,0,0,51,43,51,,,,,,,,,,,,False,,,0,,,,,,0,50,,spray
P7737,John,Doe,2000-07-24,76,178,Unknown,dark,brown,clean_shaven,R,LF,,0,,,52,53,48,51,50,49,56,51,49,53,,,,,,,,,,,,57,63,59,64,50,0,0,51,56,58,,,,,,,,,,,,False,,,0,,,,,,0,50,,average
P3130,John,Doe,1999-07-22,72,239,Unknown,light,brown,beard,L,1B,,0,,,60,48,54,49,50,48,44,52,50,48,,,,,,,,,,,,74,63,66,61,50,0,0,52,65,60,,,,,,,,,,,,False,,,0,,,,,,0,50,,spray
P5807,John,Doe,1987-09-24,69,231,Unknown,dark,brown,clean_shaven,L,3B,,0,,,51,59,51,51,48,51,51,50,51,50,,,,,,,,,,,,43,59,50,45,48,0,0,50,47,44,,,,,,,,,,,,False,,,0,,,,,,0,50,,power
P7680,John,Doe,1991-05-03,76,173,Unknown,medium,brown,clean_shaven,R,RF,,0,,,50,51,49,50,53,50,56,48,51,52,,,,,,,,,,,,46,46,44,40,53,0,0,48,41,49,,,,,,,,,,,,False,,,0,,,,,,0,50,,average
P2231,John,Doe,2005-10-23,75,160,Unknown,light,black,clean_shaven,R,P,,1,RP,CL,,,,,55,,,,48,50,51,52,54,50,55,56,59,66,0,0,0,,,,,0,,,,66,68,80,73,73,75,70,72,84,86,0,0,0,False,,,0,,,,,,0,50,closer,
P5944,John,Doe,2007-07-15,70,250,Unknown,medium,brown,clean_shaven,R,P,,1,RP,SP,,,,,51,,,,52,49,54,50,52,50,53,59,64,0,0,0,0,,,,,0,,,,82,59,65,82,83,60,70,82,77,0,0,0,0,False,,,0,,,,,,0,50,finesse_sp,
P6928,John,Doe,2004-08-03,71,212,Unknown,light,brown,clean_shaven,R,P,,1,RP,SP,,,,,50,,,,48,49,53,51,52,51,49,62,63,62,0,0,0,,,,,0,,,,72,72,68,72,67,69,75,90,79,74,0,0,0,False,,,0,,,,,,0,50,balanced_sp,
P7373,John,Doe,2004-07-12,73,196,Unknown,medium,blonde,clean_shaven,L,P,,1,RP,RP,,,,,49,,,,52,51,50,50,52,51,52,59,0,0,0,0,0,,,,,0,,,,63,74,67,78,62,70,76,75,0,0,0,0,0,False,,,0,,,,,,0,50,finesse_rp,
P6726,John,Doe,2005-07-18,68,227,Unknown,light,blonde,clean_shaven,S,P,,1,RP,SP,,,,,52,,,,49,51,52,52,54,49,49,60,0,60,0,0,0,,,,,0,,,,61,76,67,72,70,72,75,77,0,84,0,0,0,False,,,0,,,,,,0,50,balanced_sp,
P8496,John,Doe,2008-02-17,74,185,Unknown,medium,black,clean_shaven,R,C,,0,,,50,50,52,51,49,52,56,50,53,48,,,,,,,,,,,,61,71,70,66,49,0,0,50,79,59,,,,,,,,,,,,False,,,0,,,,,,0,50,,balanced
P2593,John,Doe,2007-01-23,78,224,Unknown,light,black,clean_shaven,L,CF,,0,,,52,50,51,51,52,51,46,48,51,48,,,,,,,,,,,,70,79,62,76,52,0,0,48,63,65,,,,,,,,,,,,False,,,0,,,,,,0,50,,balanced
P6211,John,Doe,2004-06-16,69,242,Unknown,dark,black,clean_shaven,L,C,,0,,,51,54,48,50,50,53,48,49,50,50,,,,,,,,,,,,75,78,66,66,50,0,0,49,79,66,,,,,,,,,,,,False,,,0,,,,,,0,50,,gap
P1667,John,Doe,2004-04-02,75,241,Unknown,medium,blonde,clean_shaven,R,C,,0,,,53,53,52,49,49,50,59,49,53,49,,,,,,,,,,,,63,65,66,72,49,0,0,49,77,69,,,,,,,,,,,,False,,,0,,,,,,0,50,,average
P2465,John,Doe,2006-05-17,78,190,Unknown,light,red,clean_shaven,S,SS,,0,,,60,50,54,51,50,50,54,49,48,51,,,,,,,,,,,,75,76,74,69,50,0,0,49,70,66,,,,,,,,,,,,False,,,0,,,,,,0,50,,spray
