player_id,first_name,last_name,birthdate,height,weight,ethnicity,skin_tone,hair_color,facial_hair,bats,primary_position,other_positions,is_pitcher,role,preferred_pitching_role,ch,ph,sp,eye,gf,pl,vl,sc,fa,arm,endurance,control,movement,hold_runner,fb,cu,cb,sl,si,scb,kn,pot_ch,pot_ph,pot_sp,pot_eye,pot_gf,pot_pl,pot_vl,pot_sc,pot_fa,pot_arm,pot_control,pot_movement,pot_endurance,pot_hold_runner,pot_fb,pot_cu,pot_cb,pot_sl,pot_si,pot_scb,pot_kn,injured,injury_description,return_date,ready,injury_list,injury_start_date,injury_minimum_days,injury_eligible_date,injury_rehab_assignment,injury_rehab_days,durability,pitcher_archetype,hitter_archetype
P7960,Basil,Montore,1996-06-24,76,186,Anglo,light,blonde,beard,L,P,,1,RP,CL,,,,,55,,,,49,53,49,50,54,50,53,0,60,66,0,0,0,,,,,0,,,,50,52,54,50,54,47,57,0,59,69,0,0,0,False,,,0,,,,,,0,50,closer,
P8969,Yong,Li,1988-01-18,77,234,Asian,light,black,clean_shaven,R,P,,1,RP,RP,,,,,52,,,,50,54,48,52,53,49,51,57,63,67,0,0,0,,,,,0,,,,46,46,42,52,42,49,47,47,54,60,0,0,0,False,,,0,,,,,,0,50,power_rp,
P3367,Juan,Castillo,2002-08-12,68,168,Hispanic,light,brown,clean_shaven,L,P,,1,RP,SP,,,,,52,,,,50,53,53,50,52,49,52,0,64,60,54,57,0,,,,,0,,,,64,62,65,63,62,58,64,0,75,68,64,63,0,False,,,0,,,,,,0,50,power_sp,
P6561,Tyrone,Young,2002-07-19,75,244,African,dark,brown,beard,R,P,,1,RP,CL,,,,,49,,,,49,50,50,50,53,53,53,59,63,65,0,0,0,,,,,0,,,,62,61,60,65,61,58,63,65,76,71,0,0,0,False,,,0,,,,,,0,50,closer,
P1488,Leroy,White,1992-06-30,73,180,African,dark,black,clean_shaven,L,P,,1,RP,RP,,,,,53,,,,48,54,52,50,54,50,51,0,63,0,0,0,0,,,,,0,,,,45,46,46,44,51,40,43,0,62,0,0,0,0,False,,,0,,,,,,0,50,power_rp,
P6075,Agustin,Barillaro,1994-01-26,77,247,Anglo,medium,blonde,clean_shaven,L,P,,1,RP,RP,,,,,57,,,,50,51,49,50,52,50,53,0,62,65,61,0,0,,,,,0,,,,42,41,47,49,49,42,45,0,54,63,53,0,0,False,,,0,,,,,,0,50,groundball_rp,
P3445,Sung,Choi,2000-11-26,75,192,Asian,medium,black,clean_shaven,L,P,,1,RP,CL,,,,,51,,,,51,50,49,50,53,53,56,57,61,65,0,0,0,,,,,0,,,,62,61,60,65,54,68,65,64,69,71,0,0,0,False,,,0,,,,,,0,50,closer,
P9001,Yong,Wang,1987-07-30,75,228,Asian,medium,black,beard,R,P,,1,RP,SP,,,,,49,,,,52,54,51,52,52,48,55,0,61,61,0,0,0,,,,,0,,,,44,44,42,48,47,43,53,0,53,53,0,0,0,False,,,0,,,,,,0,50,power_sp,
P6265,Ulysses,Wassell,2003-11-05,71,228,Anglo,light,red,goatee,R,P,,1,RP,RP,,,,,52,,,,52,50,52,50,52,52,52,0,61,63,0,55,0,,,,,0,,,,61,63,58,60,64,62,63,0,66,77,0,60,0,False,,,0,,,,,,0,50,power_rp,
P4107,Sung,Huang,1999-12-30,76,197,Asian,medium,black,beard,R,P,,1,RP,CL,,,,,51,,,,50,53,51,50,53,50,53,0,0,66,0,0,0,,,,,0,,,,61,64,58,62,66,56,62,0,0,80,0,0,0,False,,,0,,,,,,0,50,closer,
P6438,Malik,Taylor,1991-02-11,68,168,African,dark,brown,beard,R,P,,1,RP,RP,,,,,49,,,,52,53,50,52,52,52,51,0,60,0,0,0,0,,,,,0,,,,51,47,44,44,46,46,49,0,57,0,0,0,0,False,,,0,,,,,,0,50,finesse_rp,
P7274,Darnell,Allen,2002-04-20,75,222,African,dark,brown,clean_shaven,R,C,,0,,,51,51,70,50,49,50,57,49,50,48,,,,,,,,,,,,62,60,78,60,49,0,0,49,56,63,,,,,,,,,,,,False,,,0,,,,,,0,50,,speed
P5611,Colin,Suben,2004-09-18,68,198,Anglo,light,blonde,goatee,R,1B,,0,,,49,58,49,50,48,49,56,50,50,52,,,,,,,,,,,,63,78,73,66,48,0,0,50,61,63,,,,,,,,,,,,False,,,0,,,,,,0,50,,power
P6280,Jose,Torres,2000-07-03,76,172,Hispanic,dark,brown,beard,R,2B,,0,,,52,60,47,52,49,49,57,48,51,53,,,,,,,,,,,,66,71,59,67,49,0,0,48,65,60,,,,,,,,,,,,False,,,0,,,,,,0,50,,power
P1867,Juan,Vargas,2003-05-09,68,224,Hispanic,medium,brown,clean_shaven,L,3B,,0,,,50,50,52,50,48,51,51,51,48,53,,,,,,,,,,,,65,62,59,64,48,0,0,51,60,65,,,,,,,,,,,,False,,,0,,,,,,0,50,,balanced
P4612,Kevin,Saxena,1997-07-12,78,228,Anglo,medium,brown,clean_shaven,R,SS,,0,,,49,51,50,50,49,48,60,50,48,51,,,,,,,,,,,,52,53,49,52,49,0,0,50,50,50,,,,,,,,,,,,False,,,0,,,,,,0,50,,balanced
P5427,Len,Neis,1990-02-10,75,170,Anglo,light,brown,mustache,R,LF,,0,,,50,53,48,52,49,51,57,49,53,49,,,,,,,,,,,,42,43,40,46,49,0,0,49,46,40,,,,,,,,,,,,False,,,0,,,,,,0,50,,balanced
P9984,Luis,Diaz,1988-08-28,78,176,Hispanic,dark,brown,clean_shaven,S,CF,,0,,,57,50,52,52,49,51,50,51,49,50,,,,,,,,,,,,49,49,52,51,49,0,0,51,43,43,,,,,,,,,,,,False,,,0,,,,,,0,50,,spray
P2709,Jermaine,Robinson,1999-11-11,70,242,African,medium,black,clean_shaven,R,RF,,0,,,48,51,48,49,51,51,55,52,51,50,,,,,,,,,,,,58,56,63,61,51,0,0,52,66,56,,,,,,,,,,,,False,,,0,,,,,,0,50,,average
P6358,Aldo,Beliard,1995-01-31,69,226,Anglo,dark,blonde,beard,L,C,,0,,,53,51,51,53,52,53,50,51,51,50,,,,,,,,,,,,55,48,50,55,52,0,0,51,50,54,,,,,,,,,,,,False,,,0,,,,,,0,50,,balanced
P7092,Jamal,Taylor,1997-10-03,68,238,African,medium,black,clean_shaven,R,2B,,0,,,54,50,49,51,50,48,54,53,50,53,,,,,,,,,,,,50,49,44,46,50,0,0,53,53,54,,,,,,,,,,,,False,,,0,,,,,,0,50,,gap
P5659,Sung,Hassan,2005-01-22,76,182,Asian,medium,black,clean_shaven,L,SS,,0,,,50,51,53,51,49,52,51,51,50,49,,,,,,,,,,,,69,80,73,79,49,0,0,51,64,62,,,,,,,,,,,,False,,,0,,,,,,0,50,,balanced
P3754,Hector,Ramos,1999-12-26,73,216,Hispanic,dark,black,beard,S,2B,,0,,,58,50,52,55,54,52,53,52,52,51,,,,,,,,,,,,68,57,63,60,54,0,0,52,65,66,,,,,,,,,,,,False,,,0,,,,,,0,50,,spray
P5816,Pedro,Lopez,2003-07-13,74,220,Hispanic,medium,brown,clean_shaven,R,LF,,0,,,51,49,52,52,51,49,58,53,51,51,,,,,,,,,,,,66,56,67,64,51,0,0,53,60,63,,,,,,,,,,,,False,,,0,,,,,,0,50,,balanced
P6042,Manuel,Castillo,2000-04-14,72,192,Hispanic,dark,blonde,beard,S,C,,0,,,49,50,70,50,51,49,51,53,52,50,,,,,,,,,,,,60,59,75,62,51,0,0,53,62,58,,,,,,,,,,,,False,,,0,,,,,,0,50,,speed
P3085,Sung,Lin,1998-01-21,75,193,Asian,light,black,clean_shaven,R,P,,1,RP,CL,,,,,55,,,,50,51,47,51,53,53,54,0,0,67,0,0,0,,,,,0,,,,53,53,54,51,42,49,54,0,0,69,0,0,0,False,,,0,,,,,,0,50,closer,
P8367,Sung,Zhang,1998-09-05,69,196,Asian,dark,black,clean_shaven,L,P,,1,RP,RP,,,,,51,,,,50,50,51,51,52,49,51,0,0,64,0,0,0,,,,,0,,,,57,65,59,61,61,60,56,0,0,70,0,0,0,False,,,0,,,,,,0,50,power_rp,
P9570,Alexis,Hadsall,1998-06-04,77,207,Anglo,medium,brown,clean_shaven,L,P,,1,RP,LR,,,,,51,,,,50,51,49,51,54,52,50,60,63,65,0,0,0,,,,,0,,,,64,58,61,64,58,65,63,69,68,75,0,0,0,False,,,0,,,,,,0,50,long_relief,
P4634,Yong,Chen,1987-03-31,72,179,Asian,medium,brown,beard,L,P,,1,RP,RP,,,,,51,,,,51,49,51,50,54,51,54,0,61,66,0,55,0,,,,,0,,,,42,45,46,53,48,47,49,0,54,64,0,48,0,False,,,0,,,,,,0,50,power_rp,
P2282,Tyrone,Carter,2000-11-28,78,172,African,dark,black,beard,R,P,,1,RP,SP,,,,,52,,,,51,52,51,50,54,52,53,0,0,59,57,0,0,,,,,0,,,,56,59,57,68,66,65,59,0,0,65,71,0,0,False,,,0,,,,,,0,50,groundball_sp,
P3052,Roberto,Gomez,1991-10-08,75,225,Hispanic,light,brown,clean_shaven,R,P,,1,RP,SP,,,,,48,,,,48,50,54,52,52,52,52,0,61,63,0,55,0,,,,,0,,,,42,50,50,52,46,42,52,0,57,61,0,52,0,False,,,0,,,,,,0,50,power_sp,
P7430,Tyrone,Taylor,1992-03-15,73,214,African,medium,black,mustache,L,P,,1,RP,SP,,,,,52,,,,49,49,54,53,54,51,50,61,60,59,62,0,0,,,,,0,,,,39,39,48,54,48,45,50,57,60,56,52,0,0,False,,,0,,,,,,0,50,groundball_sp,
P6135,Rafael,Ortiz,1990-12-02,73,189,Hispanic,medium,brown,beard,R,C,,0,,,62,52,51,52,50,47,60,49,49,51,,,,,,,,,,,,58,52,45,45,50,0,0,49,39,50,,,,,,,,,,,,False,,,0,,,,,,0,50,,spray
P1078,Roberto,Hernandez,1991-06-03,73,170,Hispanic,dark,black,mustache,R,RF,,0,,,52,52,51,51,53,53,57,48,51,51,,,,,,,,,,,,49,52,42,46,53,0,0,48,41,48,,,,,,,,,,,,False,,,0,,,,,,0,50,,average
P5360,Salvatore,Jaeschke,2003-12-17,71,168,Anglo,light,brown,clean_shaven,L,CF,,0,,,52,49,50,51,52,53,46,50,52,51,,,,,,,,,,,,62,55,65,58,52,0,0,50,60,56,,,,,,,,,,,,False,,,0,,,,,,0,50,,balanced
P8826,Sung,Patel,1992-11-30,72,238,Asian,medium,brown,clean_shaven,R,SS,,0,,,52,47,85,51,53,47,58,51,51,50,,,,,,,,,,,,45,41,82,49,53,0,0,51,46,46,,,,,,,,,,,,False,,,0,,,,,,0,50,,elite_speed
P9939,Sung,Le,2000-03-05,68,190,Asian,medium,black,clean_shaven,R,LF,,0,,,53,50,50,52,49,50,54,50,50,49,,,,,,,,,,,,58,61,56,64,49,0,0,50,55,54,,,,,,,,,,,,False,,,0,,,,,,0,50,,balanced
P2398,Yong,Hassan,2003-06-06,73,181,Asian,light,black,clean_shaven,R,RF,,0,,,53,49,50,50,50,50,57,51,49,50,,,,,,,,,,,,60,61,56,55,50,0,0,51,58,57,,,,,,,,,,,,False,,,0,,,,,,0,50,,balanced
P6638,Roberto,Perez,1995-05-13,70,227,Hispanic,medium,brown,clean_shaven,R,SS,,0,,,50,48,50,49,52,50,58,49,50,52,,,,,,,,,,,,47,46,45,49,52,0,0,49,54,47,,,,,,,,,,,,False,,,0,,,,,,0,50,,average
P4377,Fernando,Vasquez,2000-02-05,74,193,Hispanic,medium,black,beard,S,1B,,0,,,49,56,50,51,52,52,50,48,52,50,,,,,,,,,,,,64,61,60,57,52,0,0,48,58,58,,,,,,,,,,,,False,,,0,,,,,,0,50,,balanced
P5901,Darnell,King,2007-02-16,74,169,African,light,brown,clean_shaven,L,P,,1,RP,CL,,,,,55,,,,51,50,48,50,54,49,52,0,0,67,0,0,0,,,,,0,,,,79,68,77,72,71,65,80,0,0,89,0,0,0,False,,,0,,,,,,0,50,closer,
P6465,Bruno,Stimage,2005-11-19,77,247,Anglo,light,brown,goatee,R,P,,1,RP,RP,,,,,50,,,,51,50,49,50,52,51,52,0,63,65,58,0,0,,,,,0,,,,73,63,61,66,62,68,78,0,85,87,85,0,0,False,,,0,,,,,,0,50,power_rp,
P6376,Yong,Tran,2006-09-09,71,180,Asian,medium,black,clean_shaven,R,P,,1,RP,CL,,,,,49,,,,49,52,52,50,53,51,53,57,60,65,0,0,0,,,,,0,,,,72,70,60,70,81,77,76,68,71,91,0,0,0,False,,,0,,,,,,0,50,closer,
P6218,Yong,Choi,2007-08-28,78,250,Asian,light,black,goatee,L,P,,1,RP,RP,,,,,52,,,,52,51,52,50,52,50,51,0,61,63,61,0,0,,,,,0,,,,82,72,60,78,76,63,67,0,74,87,71,0,0,False,,,0,,,,,,0,50,power_rp,
P2991,Curt,Jozsa,2006-07-03,72,229,Anglo,light,black,clean_shaven,L,P,,1,RP,SP,,,,,48,,,,49,51,53,51,52,49,52,59,62,0,0,0,0,,,,,0,,,,68,71,73,74,82,73,73,83,82,0,0,0,0,False,,,0,,,,,,0,50,balanced_sp,
P3195,Ricardo,Sanchez,2006-05-16,75,242,Hispanic,dark,brown,clean_shaven,S,RF,,0,,,64,50,52,54,53,52,54,50,48,51,,,,,,,,,,,,74,70,70,66,53,0,0,50,68,77,,,,,,,,,,,,False,,,0,,,,,,0,50,,spray
P7903,Darnell,Taylor,2008-02-18,71,212,African,dark,brown,clean_shaven,R,2B,,0,,,52,54,52,54,48,48,55,48,51,48,,,,,,,,,,,,79,73,62,72,48,0,0,48,71,61,,,,,,,,,,,,False,,,0,,,,,,0,50,,gap
P9378,Sung,Pham,2007-04-24,68,242,Asian,medium,black,clean_shaven,R,C,,0,,,52,52,49,50,52,50,57,52,50,52,,,,,,,,,,,,80,62,76,66,52,0,0,52,68,64,,,,,,,,,,,,False,,,0,,,,,,0,50,,average
P1351,Pedro,Flores,2006-11-02,76,244,Hispanic,medium,brown,clean_shaven,R,RF,,0,,,50,52,52,49,52,49,56,48,49,51,,,,,,,,,,,,67,62,63,74,52,0,0,48,77,64,,,,,,,,,,,,False,,,0,,,,,,0,50,,average
P1066,Darnell,Carter,2005-05-11,76,212,African,dark,black,beard,R,2B,,0,,,57,50,48,55,51,51,58,53,48,49,,,,,,,,,,,,81,73,78,71,51,0,0,53,60,69,,,,,,,,,,,,False,,,0,,,,,,0,50,,spray
P1442,Hubert,Rommelfanger,1998-12-08,75,218,Anglo,light,black,beard,R,P,,1,RP,CL,,,,,55,,,,48,52,50,51,52,49,54,0,0,66,0,0,0,,,,,0,,,,63,62,61,57,58,56,63,0,0,77,0,0,0,False,,,0,,,,,,0,50,closer,
P9681,Yong,Tanaka,1989-09-27,73,166,Asian,light,black,beard,R,P,,1,RP,SP,,,,,52,,,,47,50,52,52,53,52,49,61,62,58,54,0,0,,,,,0,,,,38,41,46,49,46,43,39,58,61,55,52,0,0,False,,,0,,,,,,0,50,balanced_sp,
P9607,Anthony,Gouthier,1990-10-14,68,241,Anglo,light,black,clean_shaven,R,P,,1,RP,CL,,,,,52,,,,49,54,51,51,52,51,54,58,0,66,0,0,0,,,,,0,,,,42,53,48,51,49,49,47,54,0,57,0,0,0,False,,,0,,,,,,0,50,closer,
P9213,Yong,Kim,1987-08-28,68,201,Asian,medium,black,beard,R,P,,1,RP,RP,,,,,54,,,,52,51,51,52,53,51,53,0,0,0,61,0,0,,,,,0,,,,45,43,49,49,46,47,48,0,0,0,58,0,0,False,,,0,,,,,,0,50,groundball_rp,
P3796,Sung,Chen,1991-02-23,72,232,Asian,medium,black,clean_shaven,R,P,,1,RP,SP,,,,,50,,,,52,50,51,50,53,52,51,59,0,62,0,0,0,,,,,0,,,,47,49,42,45,48,49,47,49,0,53,0,0,0,False,,,0,,,,,,0,50,balanced_sp,
P2685,Hector,Rivera,1995-02-05,70,230,Hispanic,light,blonde,clean_shaven,R,P,,1,RP,SP,,,,,50,,,,49,53,53,52,54,49,55,57,62,61,0,0,0,,,,,0,,,,48,51,49,57,58,44,52,61,63,61,0,0,0,False,,,0,,,,,,0,50,power_sp,
P1769,Sung,Nguyen,1998-05-12,73,210,Asian,medium,black,clean_shaven,R,P,,1,RP,SP,,,,,50,,,,52,51,52,51,52,49,51,0,62,62,0,0,0,,,,,0,,,,62,59,56,59,59,60,58,0,77,77,0,0,0,False,,,0,,,,,,0,50,power_sp,
P3801,Francesco,Camferdam,2002-05-22,69,212,Anglo,light,blonde,clean_shaven,R,P,,1,RP,RP,,,,,48,,,,51,54,48,50,53,51,52,0,62,66,0,0,0,,,,,0,,,,59,66,56,65,54,56,66,0,77,80,0,0,0,False,,,0,,,,,,0,50,power_rp,
P2257,Cedric,Green,2000-11-12,75,238,African,dark,brown,beard,R,P,,1,RP,RP,,,,,53,,,,49,51,48,50,54,52,50,59,0,66,61,0,0,,,,,0,,,,62,63,58,63,57,63,56,67,0,74,68,0,0,False,,,0,,,,,,0,50,groundball_rp,
P6368,Terrance,Sidi,1993-10-01,77,217,Anglo,light,brown,clean_shaven,R,P,,1,RP,RP,,,,,23,,,,52,51,48,50,52,53,51,0,0,63,63,0,0,,,,,13,,,,42,48,47,45,39,45,41,0,0,63,60,0,0,False,,,0,,,,,,0,50,groundball_rp,
P1293,Sung,Singh,2000-10-30,71,194,Asian,medium,black,clean_shaven,R,P,,1,RP,SP,,,,,50,,,,48,53,50,51,53,50,52,58,62,62,56,0,0,,,,,0,,,,62,67,61,61,60,62,60,70,74,72,61,0,0,False,,,0,,,,,,0,50,balanced_sp,
P2563,Werner,Canzoneri,1992-02-10,75,178,Anglo,medium,brown,clean_shaven,R,C,,0,,,53,54,52,52,53,51,55,49,51,49,,,,,,,,,,,,48,48,49,52,53,0,0,49,49,45,,,,,,,,,,,,False,,,0,,,,,,0,50,,balanced
P4719,Yong,Singh,1992-03-20,72,241,Asian,medium,black,clean_shaven,R,1B,,0,,,61,53,52,53,50,47,54,52,48,50,,,,,,,,,,,,55,44,45,46,50,0,0,52,44,42,,,,,,,,,,,,False,,,0,,,,,,0,50,,spray
P3735,Jefferson,Constante,1992-02-20,68,240,Anglo,medium,red,goatee,R,2B,,0,,,66,58,52,56,51,49,57,49,50,49,,,,,,,,,,,,66,49,44,52,51,0,0,49,50,40,,,,,,,,,,,,False,,,0,,,,,,0,50,,gap
P2643,Ricardo,Vasquez,2000-11-02,73,243,Hispanic,medium,black,clean_shaven,R,3B,,0,,,51,57,52,49,50,51,56,51,52,52,,,,,,,,,,,,61,67,58,56,50,0,0,51,61,64,,,,,,,,,,,,False,,,0,,,,,,0,50,,power
P3146,Darnell,Walker,1992-02-02,77,243,African,dark,black,clean_shaven,S,SS,,0,,,53,52,52,51,53,49,56,53,53,50,,,,,,,,,,,,45,48,50,48,53,0,0,53,52,50,,,,,,,,,,,,False,,,0,,,,,,0,50,,balanced
P5387,Yong,Huang,2002-01-24,77,244,Asian,light,brown,mustache,S,LF,,0,,,51,49,49,52,49,51,55,52,53,51,,,,,,,,,,,,60,58,61,66,49,0,0,52,68,63,,,,,,,,,,,,False,,,0,,,,,,0,50,,average
P9024,Willis,Matheney,1998-09-03,69,196,Anglo,medium,black,beard,R,CF,,0,,,48,55,49,49,51,53,52,47,48,49,,,,,,,,,,,,62,68,64,55,51,0,0,47,57,56,,,,,,,,,,,,False,,,0,,,,,,0,50,,power
P4008,Fernando,Torres,1996-08-22,78,187,Hispanic,light,brown,clean_shaven,R,RF,,0,,,49,52,52,51,48,48,58,49,52,52,,,,,,,,,,,,48,49,57,46,48,0,0,49,52,55,,,,,,,,,,,,False,,,0,,,,,,0,50,,average
P4384,Antonio,Mendoza,1995-10-21,75,190,Hispanic,medium,black,beard,L,RF,,0,,,51,62,49,52,47,52,47,49,52,50,,,,,,,,,,,,54,57,52,53,47,0,0,49,53,54,,,,,,,,,,,,False,,,0,,,,,,0,50,,power
P1797,Sung,Liu,1988-06-27,74,201,Asian,light,black,mustache,S,SS,,0,,,52,60,50,52,50,51,51,48,51,51,,,,,,,,,,,,50,58,48,47,50,0,0,48,48,41,,,,,,,,,,,,False,,,0,,,,,,0,50,,power
P1619,Cedric,Allen,2003-11-15,76,179,African,dark,black,goatee,R,SS,,0,,,52,51,91,53,49,49,58,49,48,50,,,,,,,,,,,,60,56,99,59,49,0,0,49,62,65,,,,,,,,,,,,False,,,0,,,,,,0,50,,speed
P9877,Erin,Tencer,1990-09-19,73,165,Anglo,dark,black,clean_shaven,R,3B,,0,,,49,49,51,51,52,52,58,52,51,52,,,,,,,,,,,,43,48,42,48,52,0,0,52,41,43,,,,,,,,,,,,False,,,0,,,,,,0,50,,average
P1539,Yong,Lin,1991-02-21,68,191,Asian,medium,black,goatee,S,RF,,0,,,49,54,49,52,51,49,53,50,51,50,,,,,,,,,,,,40,50,45,44,51,0,0,50,43,50,,,,,,,,,,,,False,,,0,,,,,,0,50,,average
P9539,Miguel,Cruz,1990-02-12,77,244,Hispanic,dark,brown,clean_shaven,R,LF,,0,,,59,49,52,55,53,48,59,52,49,51,,,,,,,,,,,,58,48,45,50,53,0,0,52,40,45,,,,,,,,,,,,False,,,0,,,,,,0,50,,spray
P4332,Yong,Pham,1998-07-23,72,162,Asian,medium,black,mustache,R,P,,1,RP,CL,,,,,55,,,,51,50,49,50,53,52,52,0,61,67,0,0,0,,,,,0,,,,64,60,62,64,60,65,62,0,68,79,0,0,0,False,,,0,,,,,,0,50,closer,
P7224,Deshawn,Green,1999-01-26,77,246,African,dark,black,clean_shaven,R,P,,1,RP,SP,,,,,51,,,,49,50,50,51,53,50,51,59,59,60,0,0,0,,,,,0,,,,55,58,63,65,62,58,62,74,74,73,0,0,0,False,,,0,,,,,,0,50,power_sp,
P9176,Luis,Ramirez,2002-01-07,73,219,Hispanic,dark,black,mustache,R,P,,1,RP,RP,,,,,51,,,,51,53,51,52,52,53,53,58,61,0,62,0,0,,,,,0,,,,59,67,58,64,61,64,68,64,74,0,68,0,0,False,,,0,,,,,,0,50,finesse_rp,
P9088,Jarod,Deconti,1989-09-13,68,228,Anglo,dark,black,mustache,R,P,,1,RP,SP,,,,,51,,,,51,54,52,50,53,52,53,59,63,64,0,0,0,,,,,0,,,,41,48,50,53,47,50,50,49,55,61,0,0,0,False,,,0,,,,,,0,50,power_sp,
P7181,Sung,Li,1990-11-17,69,183,Asian,medium,black,clean_shaven,L,P,,1,RP,SP,,,,,50,,,,50,50,52,52,53,52,51,58,59,60,0,0,0,,,,,0,,,,41,47,42,49,43,44,46,48,58,54,0,0,0,False,,,0,,,,,,0,50,power_sp,
P8371,Emerson,Mcgraff,1999-01-28,75,221,Anglo,light,brown,clean_shaven,R,P,,1,RP,SP,,,,,49,,,,48,53,51,50,52,51,52,60,61,57,0,55,0,,,,,0,,,,59,68,56,61,66,59,61,66,70,69,0,61,0,False,,,0,,,,,,0,50,finesse_sp,
P7231,Eduardo,Garcia,1998-06-03,70,236,Hispanic,dark,brown,clean_shaven,R,P,,1,RP,RP,,,,,50,,,,50,52,49,50,54,50,53,0,60,63,0,0,0,,,,,0,,,,64,57,56,69,61,55,67,0,73,72,0,0,0,False,,,0,,,,,,0,50,power_rp,
P3049,Yong,Yamamoto,1999-10-29,73,189,Asian,light,black,clean_shaven,R,CF,,0,,,50,49,70,53,51,49,53,47,51,49,,,,,,,,,,,,64,56,83,61,51,0,0,47,64,63,,,,,,,,,,,,False,,,0,,,,,,0,50,,speed
P1694,Percy,Washington,1992-05-28,72,180,African,dark,black,clean_shaven,L,RF,,0,,,61,51,52,51,50,46,49,50,51,52,,,,,,,,,,,,55,44,50,49,50,0,0,50,41,49,,,,,,,,,,,,False,,,0,,,,,,0,50,,spray
P1375,Cedric,Jefferson,1989-12-10,77,163,African,dark,brown,mustache,R,LF,,0,,,60,53,50,52,52,47,56,49,52,51,,,,,,,,,,,,52,46,40,48,52,0,0,49,51,51,,,,,,,,,,,,False,,,0,,,,,,0,50,,spray
P5956,Guadalupe,Brickel,1990-02-11,76,177,Anglo,light,black,goatee,L,2B,,0,,,50,50,49,50,49,49,50,51,48,48,,,,,,,,,,,,45,43,40,48,49,0,0,51,46,40,,,,,,,,,,,,False,,,0,,,,,,0,50,,balanced
P8758,Leroy,Allen,1987-12-30,76,217,African,dark,black,goatee,R,SS,,0,,,51,52,54,50,49,50,59,49,49,48,,,,,,,,,,,,49,49,48,43,49,0,0,49,44,43,,,,,,,,,,,,False,,,0,,,,,,0,50,,average
P6096,Miguel,Gomez,2002-08-24,72,172,Hispanic,dark,black,goatee,S,C,,0,,,64,52,50,50,52,51,56,48,49,52,,,,,,,,,,,,78,60,55,58,52,0,0,48,57,65,,,,,,,,,,,,False,,,0,,,,,,0,50,,spray
P3988,Rufus,Carter,1989-09-17,71,166,African,dark,black,clean_shaven,R,3B,,0,,,60,49,50,54,53,47,56,52,51,50,,,,,,,,,,,,52,46,40,48,53,0,0,52,41,44,,,,,,,,,,,,False,,,0,,,,,,0,50,,spray
P2040,Jamal,Carter,2004-12-16,71,242,African,light,brown,mustache,L,LF,,0,,,51,57,49,50,51,51,52,51,52,53,,,,,,,,,,,,63,70,62,60,51,0,0,51,73,79,,,,,,,,,,,,False,,,0,,,,,,0,50,,balanced
P7072,Jermaine,Walker,2004-11-12,74,250,African,dark,black,clean_shaven,L,P,,1,RP,CL,,,,,55,,,,48,53,52,53,53,52,52,58,0,65,0,0,0,,,,,0,,,,65,80,79,73,80,66,76,69,0,87,0,0,0,False,,,0,,,,,,0,50,closer,
P9696,Rafael,Cruz,2004-08-19,74,161,Hispanic,dark,brown,clean_shaven,R,P,,1,RP,SP,,,,,49,,,,52,51,53,52,52,48,53,60,59,61,0,0,0,,,,,0,,,,80,69,74,79,80,74,83,82,74,80,0,0,0,False,,,0,,,,,,0,50,balanced_sp,
P6340,Galen,Marchuk,2005-07-30,69,238,Anglo,light,black,clean_shaven,R,P,,1,RP,SP,,,,,52,,,,51,51,50,52,53,49,48,0,62,0,60,0,0,,,,,0,,,,74,63,67,64,66,77,69,0,89,0,81,0,0,False,,,0,,,,,,0,50,groundball_sp,
P9769,Cedric,Taylor,2006-05-04,69,246,African,dark,black,clean_shaven,S,P,,1,RP,RP,,,,,53,,,,49,49,51,52,53,52,53,59,0,66,60,0,0,,,,,0,,,,77,72,68,76,71,66,76,81,0,93,84,0,0,False,,,0,,,,,,0,50,groundball_rp,
P1328,Adan,Gradillas,2005-10-26,72,188,Anglo,light,brown,clean_shaven,L,P,,1,RP,RP,,,,,51,,,,48,51,51,52,52,52,51,0,60,0,0,0,0,,,,,0,,,,61,68,76,75,65,69,73,0,89,0,0,0,0,False,,,0,,,,,,0,50,power_rp,
P3991,Ferdinand,Berning,2007-04-25,77,218,Anglo,light,black,clean_shaven,L,1B,,0,,,52,63,49,49,51,53,46,50,48,52,,,,,,,,,,,,78,89,61,66,51,0,0,50,58,82,,,,,,,,,,,,False,,,0,,,,,,0,50,,power
P2769,Sung,Wang,2005-03-27,76,164,Asian,medium,black,goatee,L,2B,,0,,,53,61,49,53,50,53,47,50,52,49,,,,,,,,,,,,73,89,76,76,50,0,0,50,78,64,,,,,,,,,,,,False,,,0,,,,,,0,50,,power
P8888,Luis,Sanchez,2007-05-13,69,207,Hispanic,medium,black,clean_shaven,S,RF,,0,,,52,59,52,52,48,53,50,50,50,50,,,,,,,,,,,,66,72,71,74,48,0,0,50,69,72,,,,,,,,,,,,False,,,0,,,,,,0,50,,power
P9801,Sung,Tanaka,2007-08-09,75,170,Asian,light,black,clean_shaven,R,CF,,0,,,50,49,48,51,50,52,52,51,51,51,,,,,,,,,,,,68,65,65,77,50,0,0,51,74,66,,,,,,,,,,,,False,,,0,,,,,,0,50,,average
P2187,Manuel,Vargas,2004-12-27,73,240,Hispanic,dark,red,mustache,S,CF,,0,,,51,50,48,51,52,53,47,48,47,50,,,,,,,,,,,,73,78,58,73,52,0,0,48,75,69,,,,,,,,,,,,False,,,0,,,,,,0,50,,average
P7754,Yong,Zhang,1991-10-09,69,235,Asian,medium,black,beard,R,P,,1,RP,CL,,,,,55,,,,51,54,49,50,53,50,54,57,59,65,0,0,0,,,,,0,,,,43,52,47,46,48,44,49,53,55,62,0,0,0,False,,,0,,,,,,0,50,closer,
P6061,Yong,Patel,1993-08-17,74,210,Asian,medium,black,clean_shaven,L,P,,1,RP,SP,,,,,51,,,,51,50,50,50,53,50,50,58,59,58,62,0,0,,,,,0,,,,49,40,49,50,46,47,47,57,54,50,60,0,0,False,,,0,,,,,,0,50,groundball_sp,
P1805,Yong,Nguyen,2002-12-22,71,163,Asian,light,black,clean_shaven,S,P,,1,RP,SP,,,,,53,,,,50,53,53,50,53,48,53,61,0,58,0,0,0,,,,,0,,,,56,67,65,65,58,61,62,68,0,69,0,0,0,False,,,0,,,,,,0,50,workhorse_sp,
P9944,Alejandro,Guerrero,1991-04-01,71,165,Hispanic,medium,black,clean_shaven,L,P,,1,RP,SP,,,,,51,,,,49,50,50,52,53,51,50,62,63,0,0,0,0,,,,,0,,,,47,47,43,51,49,44,47,54,60,0,0,0,0,False,,,0,,,,,,0,50,finesse_sp,
P9486,Fernando,Gomez,1993-05-03,76,182,Hispanic,medium,black,clean_shaven,L,P,,1,RP,RP,,,,,54,,,,50,50,49,52,53,51,51,0,0,0,61,0,0,,,,,0,,,,43,45,51,47,40,48,45,0,0,0,57,0,0,False,,,0,,,,,,0,50,groundball_rp,
P3501,Hector,Gomez,2002-09-10,68,247,Hispanic,dark,blonde,clean_shaven,R,P,,1,RP,SP,,,,,52,,,,51,51,53,51,54,52,53,59,58,62,58,0,0,,,,,0,,,,63,56,64,64,67,57,66,68,73,67,71,0,0,False,,,0,,,,,,0,50,groundball_sp,
P5934,Cedric,Baker,1995-09-07,73,171,African,medium,black,mustache,L,P,,1,RP,SP,,,,,49,,,,52,49,52,52,52,50,50,60,63,61,0,0,0,,,,,0,,,,56,52,51,54,53,48,52,65,65,66,0,0,0,False,,,0,,,,,,0,50,balanced_sp,
P4485,Raul,Delgado,2002-10-04,73,220,Hispanic,medium,black,clean_shaven,L,P,,1,RP,RP,,,,,49,,,,48,53,53,51,52,51,49,58,60,0,0,0,0,,,,,0,,,,62,61,61,59,63,59,64,71,71,0,0,0,0,False,,,0,,,,,,0,50,finesse_rp,
P1536,Hector,Sanchez,1987-09-23,76,174,Hispanic,medium,brown,clean_shaven,R,P,,1,RP,RP,,,,,48,,,,51,49,50,50,52,49,54,0,0,67,0,0,0,,,,,0,,,,46,44,42,42,50,40,49,0,0,67,0,0,0,False,,,0,,,,,,0,50,power_rp,
P1799,Rufus,Harris,2003-01-15,76,204,African,dark,black,beard,L,P,,1,RP,SP,,,,,51,,,,48,53,50,51,52,48,51,0,62,63,0,0,0,,,,,0,,,,55,65,66,65,64,61,58,0,67,74,0,0,0,False,,,0,,,,,,0,50,power_sp,
P7926,Sung,Yamamoto,1989-06-17,68,233,Asian,light,black,clean_shaven,R,P,,1,RP,SP,,,,,51,,,,49,51,53,53,52,51,54,0,0,58,59,0,0,,,,,0,,,,44,41,43,47,43,51,45,0,0,57,53,0,0,False,,,0,,,,,,0,50,groundball_sp,
P4389,Raul,Flores,1998-06-11,78,185,Hispanic,medium,black,mustache,R,C,RF,0,,,53,50,49,53,51,50,56,53,51,51,,,,,,,,,,,,59,62,55,65,51,0,0,53,61,57,,,,,,,,,,,,False,,,0,,,,,,0,50,,average
P6770,Yong,Park,1992-09-26,78,247,Asian,light,black,clean_shaven,L,1B,,0,,,70,70,54,51,51,50,45,50,52,50,,,,,,,,,,,,67,62,46,50,51,0,0,50,52,49,,,,,,,,,,,,False,,,0,,,,,,0,50,,gap
P7368,Jose,Castillo,1987-03-20,73,192,Hispanic,light,brown,beard,L,2B,3B,0,,,50,48,83,54,52,49,49,52,52,51,,,,,,,,,,,,42,39,75,52,52,0,0,52,49,42,,,,,,,,,,,,False,,,0,,,,,,0,50,,speed
P7817,Jamal,Mitchell,2002-05-26,68,189,African,medium,black,mustache,R,3B,,0,,,49,50,50,51,51,52,57,49,49,52,,,,,,,,,,,,58,61,65,65,51,0,0,49,64,57,,,,,,,,,,,,False,,,0,,,,,,0,50,,balanced
P8656,Santiago,Dusky,1992-06-28,76,214,Anglo,medium,brown,beard,R,SS,,0,,,51,53,51,50,49,49,59,50,51,49,,,,,,,,,,,,44,48,41,46,49,0,0,50,49,41,,,,,,,,,,,,False,,,0,,,,,,0,50,,balanced
P5020,Jorge,Perez,1991-04-10,74,197,Hispanic,medium,brown,clean_shaven,R,LF,RF,0,,,50,51,50,52,49,50,59,51,52,48,,,,,,,,,,,,48,49,50,51,49,0,0,51,50,48,,,,,,,,,,,,False,,,0,,,,,,0,50,,balanced
P7813,Percy,Walker,1996-04-16,77,223,African,dark,black,beard,R,CF,,0,,,51,51,49,52,51,49,52,52,48,51,,,,,,,,,,,,53,50,44,50,51,0,0,52,47,49,,,,,,,,,,,,False,,,0,,,,,,0,50,,balanced
P4273,Tyrone,Scott,1990-10-17,77,246,African,dark,black,goatee,R,RF,,0,,,53,53,52,51,53,49,56,49,48,52,,,,,,,,,,,,51,52,51,49,53,0,0,49,41,47,,,,,,,,,,,,False,,,0,,,,,,0,50,,balanced
P4860,Tom,Vlach,2001-10-11,73,228,Anglo,medium,blonde,clean_shaven,R,2B,,0,,,52,52,76,51,51,49,60,52,50,50,,,,,,,,,,,,65,63,81,60,51,0,0,52,63,57,,,,,,,,,,,,False,,,0,,,,,,0,50,,speed
P9367,Sung,Khan,1997-03-08,76,236,Asian,medium,black,clean_shaven,R,LF,,0,,,52,49,48,50,52,51,55,50,48,49,,,,,,,,,,,,56,52,51,52,52,0,0,50,47,49,,,,,,,,,,,,False,,,0,,,,,,0,50,,average
P3758,Kyle,Henley,2001-04-07,74,175,Anglo,light,blonde,clean_shaven,L,1B,,0,,,54,51,52,50,49,51,48,51,52,51,,,,,,,,,,,,63,57,67,61,49,0,0,51,64,63,,,,,,,,,,,,False,,,0,,,,,,0,50,,balanced
P6254,Jacinto,Kupchinsky,1993-10-09,70,170,Anglo,light,blonde,clean_shaven,R,SS,,0,,,51,64,51,52,50,52,57,48,50,51,,,,,,,,,,,,46,59,43,42,50,0,0,48,45,45,,,,,,,,,,,,False,,,0,,,,,,0,50,,power
P7787,Austin,Reginaldo,2004-07-26,76,190,Anglo,medium,brown,goatee,R,SS,,0,,,53,49,52,52,51,50,59,48,50,50,,,,,,,,,,,,70,68,63,65,51,0,0,48,71,76,,,,,,,,,,,,False,,,0,,,,,,0,50,,balanced
P7979,Sung,Kim,1990-08-19,71,183,Asian,medium,black,clean_shaven,R,LF,,0,,,52,56,48,52,50,51,56,52,53,53,,,,,,,,,,,,50,52,43,48,50,0,0,52,51,43,,,,,,,,,,,,False,,,0,,,,,,0,50,,balanced
P6900,Sung,Tran,1994-01-21,74,248,Asian,light,black,goatee,R,P,,1,RP,CL,,,,,55,,,,50,53,51,52,53,50,52,56,60,66,0,0,0,,,,,0,,,,46,43,43,44,49,45,44,48,56,63,0,0,0,False,,,0,,,,,,0,50,closer,
P1527,Darnell,Robinson,2002-09-01,69,185,African,dark,black,mustache,R,P,,1,RP,SP,,,,,50,,,,49,52,52,50,52,53,49,59,61,59,59,0,0,,,,,0,,,,63,64,65,61,59,67,63,72,72,68,64,0,0,False,,,0,,,,,,0,50,groundball_sp,
P4090,Malik,Carter,2000-08-30,73,165,African,dark,black,clean_shaven,R,P,,1,RP,SP,,,,,50,,,,52,48,52,52,52,52,49,59,62,0,0,58,0,,,,,0,,,,57,55,60,64,61,58,62,72,73,0,0,63,0,False,,,0,,,,,,0,50,finesse_sp,
P8953,Yong,Le,1999-07-09,68,237,Asian,medium,black,clean_shaven,R,P,,1,RP,SP,,,,,48,,,,51,49,53,53,52,52,52,59,61,61,56,0,0,,,,,0,,,,60,61,68,59,59,60,63,65,75,72,63,0,0,False,,,0,,,,,,0,50,workhorse_sp,
P8196,Tommy,Hanlon,1993-01-26,68,221,Anglo,light,blonde,clean_shaven,S,P,,1,RP,SP,,,,,48,,,,51,54,50,51,52,49,50,0,61,60,0,0,0,,,,,0,,,,41,50,41,47,46,41,42,0,59,57,0,0,0,False,,,0,,,,,,0,50,power_sp,
P7009,Yong,Liu,1999-07-08,75,207,Asian,light,black,clean_shaven,L,P,,1,RP,SP,,,,,52,,,,52,50,51,52,52,50,49,58,59,0,0,0,0,,,,,0,,,,66,60,62,58,64,65,60,70,64,0,0,0,0,False,,,0,,,,,,0,50,balanced_sp,
P4520,Jermaine,King,1991-10-14,71,219,African,dark,black,clean_shaven,L,P,,1,RP,RP,,,,,51,,,,48,54,48,50,52,51,55,59,63,65,0,0,0,,,,,0,,,,46,49,47,51,48,49,53,53,62,60,0,0,0,False,,,0,,,,,,0,50,power_rp,
P5170,Yong,Khan,1993-12-02,72,242,Asian,medium,black,clean_shaven,L,RF,,0,,,50,51,50,51,50,52,48,49,49,51,,,,,,,,,,,,50,43,48,42,50,0,0,49,49,41,,,,,,,,,,,,False,,,0,,,,,,0,50,,average
P1835,Barton,Figuroa,1998-09-02,75,197,Anglo,light,blonde,beard,R,SS,3B,0,,,53,53,50,50,48,50,60,48,47,52,,,,,,,,,,,,65,63,59,62,48,0,0,48,56,60,,,,,,,,,,,,False,,,0,,,,,,0,50,,balanced
P6210,Sung,Park,1997-10-25,69,212,Asian,medium,brown,clean_shaven,R,2B,,0,,,51,49,48,52,52,48,57,48,52,52,,,,,,,,,,,,46,54,53,52,52,0,0,48,52,57,,,,,,,,,,,,False,,,0,,,,,,0,50,,balanced
P6459,Cedric,Carter,1990-07-01,76,164,African,dark,black,goatee,R,C,,0,,,59,51,51,50,53,47,58,51,51,51,,,,,,,,,,,,56,50,48,48,53,0,0,51,42,46,,,,,,,,,,,,False,,,0,,,,,,0,50,,spray
P4061,Antonia,Eliezrie,1994-05-04,76,232,Anglo,light,blonde,clean_shaven,L,1B,,0,,,54,58,50,52,51,49,47,49,50,49,,,,,,,,,,,,53,57,47,48,51,0,0,49,46,46,,,,,,,,,,,,False,,,0,,,,,,0,50,,gap
P5543,Jermaine,Baker,1995-10-08,68,224,African,medium,black,clean_shaven,R,CF,,0,,,54,50,75,53,51,48,51,50,51,51,,,,,,,,,,,,51,53,74,56,51,0,0,50,53,51,,,,,,,,,,,,False,,,0,,,,,,0,50,,speed
P2397,Zachery,Greet,1999-05-20,68,172,Anglo,dark,blonde,clean_shaven,R,1B,,0,,,66,62,50,51,51,49,52,51,53,51,,,,,,,,,,,,71,71,63,62,51,0,0,51,66,65,,,,,,,,,,,,False,,,0,,,,,,0,50,,gap
P9872,Pierre,Kolb,1996-03-11,70,189,Anglo,dark,black,clean_shaven,R,C,,0,,,52,52,50,51,52,49,57,51,49,53,,,,,,,,,,,,52,55,55,52,52,0,0,51,44,48,,,,,,,,,,,,False,,,0,,,,,,0,50,,average
P1660,Numbers,Charest,2006-12-11,78,181,Anglo,medium,brown,clean_shaven,R,P,,1,RP,CL,,,,,55,,,,48,53,48,53,54,52,52,0,0,66,0,0,0,,,,,0,,,,58,63,77,75,60,69,79,0,0,96,0,0,0,False,,,0,,,,,,0,50,closer,
P8562,Percy,Robinson,2004-03-14,70,195,African,light,black,mustache,R,P,,1,RP,SP,,,,,48,,,,52,50,51,50,54,51,52,62,58,62,0,54,0,,,,,0,,,,81,73,61,82,75,75,77,85,82,92,0,69,0,False,,,0,,,,,,0,50,balanced_sp,
P7145,Percy,Gaines,2007-12-11,72,182,African,dark,black,beard,R,P,,1,RP,SP,,,,,51,,,,49,51,52,52,52,52,51,61,62,61,0,0,0,,,,,0,,,,71,66,63,65,66,74,62,81,92,77,0,0,0,False,,,0,,,,,,0,50,finesse_sp,
P7138,Malik,Young,2004-12-23,73,167,African,dark,black,goatee,L,P,,1,RP,SP,,,,,51,,,,50,52,52,50,52,50,55,59,63,62,0,57,0,,,,,0,,,,76,65,72,65,77,71,66,87,85,79,0,79,0,False,,,0,,,,,,0,50,power_sp,
P5059,Hector,Martinez,2007-07-10,74,197,Hispanic,light,black,mustache,R,P,,1,RP,SP,,,,,51,,,,49,49,50,51,52,53,49,61,59,57,59,0,0,,,,,0,,,,72,75,65,75,78,74,62,75,88,69,70,0,0,False,,,0,,,,,,0,50,finesse_sp,
P9013,Leroy,King,2007-05-05,69,168,African,dark,black,clean_shaven,L,2B,,0,,,52,49,85,51,51,49,50,48,48,51,,,,,,,,,,,,68,68,96,71,51,0,0,48,69,61,,,,,,,,,,,,False,,,0,,,,,,0,50,,elite_speed
P3080,Hector,Mendoza,2007-10-21,72,199,Hispanic,light,black,mustache,R,2B,,0,,,54,50,70,54,54,48,60,48,52,53,,,,,,,,,,,,71,76,81,81,54,0,0,48,77,76,,,,,,,,,,,,False,,,0,,,,,,0,50,,speed
P5626,Isaias,Seise,2005-09-27,72,200,Anglo,light,brown,goatee,L,1B,,0,,,57,62,52,49,48,49,46,51,50,51,,,,,,,,,,,,78,80,68,59,48,0,0,51,80,66,,,,,,,,,,,,False,,,0,,,,,,0,50,,gap
P6162,David,Tuten,2006-08-19,78,207,Anglo,light,blonde,goatee,R,1B,,0,,,51,54,70,52,50,47,57,51,50,49,,,,,,,,,,,,62,78,83,75,50,0,0,51,78,72,,,,,,,,,,,,False,,,0,,,,,,0,50,,speed
P6637,Leroy,Wright,2006-10-31,73,244,African,medium,black,mustache,L,1B,,0,,,51,61,50,51,50,52,45,50,51,51,,,,,,,,,,,,75,86,75,71,50,0,0,50,73,67,,,,,,,,,,,,False,,,0,,,,,,0,50,,power
P8341,Newton,Schuetz,1999-07-22,75,250,Anglo,light,brown,clean_shaven,L,P,,1,RP,CL,,,,,55,,,,49,54,50,50,53,49,55,59,62,65,0,0,0,,,,,0,,,,54,68,59,59,63,55,61,64,69,77,0,0,0,False,,,0,,,,,,0,50,closer,
P9649,Raul,Gomez,2000-03-23,68,188,Hispanic,light,brown,beard,R,P,,1,RP,SP,,,,,51,,,,50,51,52,53,52,50,53,61,61,61,0,0,0,,,,,0,,,,59,60,66,64,66,60,58,72,70,69,0,0,0,False,,,0,,,,,,0,50,balanced_sp,
P6914,Antonio,Martinez,2002-10-01,71,226,Hispanic,medium,brown,clean_shaven,R,P,,1,RP,SP,,,,,52,,,,50,49,53,52,52,52,50,61,62,61,0,0,0,,,,,0,,,,58,64,64,58,62,66,61,75,68,76,0,0,0,False,,,0,,,,,,0,50,workhorse_sp,
P8046,Miguel,Rodriguez,2000-10-23,71,177,Hispanic,medium,brown,clean_shaven,R,P,,1,RP,SP,,,,,50,,,,48,50,51,53,52,53,50,60,61,0,0,56,0,,,,,0,,,,59,59,68,66,66,68,64,68,67,0,0,68,0,False,,,0,,,,,,0,50,finesse_sp,
P1272,Xavier,Harris,1989-11-11,78,205,African,dark,black,beard,R,P,,1,RP,RP,,,,,57,,,,48,53,49,50,53,51,51,0,0,0,61,0,0,,,,,0,,,,46,45,49,47,41,45,45,0,0,0,51,0,0,False,,,0,,,,,,0,50,groundball_rp,
P2841,Percy,Baker,2004-04-26,73,175,African,dark,black,clean_shaven,L,P,,1,RP,SP,,,,,49,,,,52,50,53,50,52,48,50,60,59,58,59,0,0,,,,,0,,,,76,72,80,69,71,78,80,82,71,81,79,0,0,False,,,0,,,,,,0,50,groundball_sp,
P5199,Jamal,Green,1994-12-22,75,189,African,dark,black,mustache,S,P,,1,RP,RP,,,,,52,,,,50,51,51,53,52,50,53,59,62,0,59,0,0,,,,,0,,,,50,53,55,53,54,54,50,60,59,0,61,0,0,False,,,0,,,,,,0,50,finesse_rp,
P2784,Darnell,Mitchell,1999-07-31,76,201,African,dark,black,mustache,S,P,,1,RP,RP,,,,,49,,,,52,52,51,52,52,53,55,0,63,63,58,0,0,,,,,0,,,,58,57,64,58,62,64,70,0,68,71,70,0,0,False,,,0,,,,,,0,50,power_rp,
P8614,Rufus,Mitchell,2001-01-29,68,191,African,light,brown,mustache,R,P,,1,RP,LR,,,,,52,,,,50,51,50,53,54,49,50,58,0,66,0,0,0,,,,,0,,,,61,59,60,64,55,63,60,73,0,81,0,0,0,False,,,0,,,,,,0,50,long_relief,
P8678,Rufus,Jackson,1988-01-16,70,232,African,dark,brown,clean_shaven,R,P,,1,RP,SP,,,,,51,,,,53,52,50,51,52,52,50,63,61,58,0,0,0,,,,,0,,,,51,47,47,43,41,49,45,63,60,51,0,0,0,False,,,0,,,,,,0,50,finesse_sp,
P7499,Jamal,Washington,1994-07-18,71,225,African,dark,black,clean_shaven,R,P,,1,RP,SP,,,,,51,,,,49,51,53,53,52,49,54,0,63,61,58,0,0,,,,,0,,,,50,47,49,48,48,52,54,0,66,59,59,0,0,False,,,0,,,,,,0,50,power_sp,
P4068,Fernando,Ramos,1992-01-12,70,194,Hispanic,medium,black,clean_shaven,L,C,,0,,,60,50,49,50,53,46,49,52,51,47,,,,,,,,,,,,53,43,48,42,53,0,0,52,51,37,,,,,,,,,,,,False,,,0,,,,,,0,50,,spray
P3647,Jermaine,Jefferson,1987-06-23,78,224,African,medium,black,goatee,R,1B,,0,,,52,54,48,51,50,49,52,49,49,50,,,,,,,,,,,,51,51,46,48,50,0,0,49,48,48,,,,,,,,,,,,False,,,0,,,,,,0,50,,average
P1635,Reinaldo,Pilgreen,1988-04-20,78,217,Anglo,light,black,clean_shaven,S,2B,,0,,,49,48,52,49,52,51,54,51,49,49,,,,,,,,,,,,48,41,44,41,52,0,0,51,42,41,,,,,,,,,,,,False,,,0,,,,,,0,50,,average
P4279,Thanh,Wellen,1993-12-19,68,167,Anglo,light,black,beard,R,3B,,0,,,52,53,48,51,48,50,57,52,48,50,,,,,,,,,,,,50,45,38,45,48,0,0,52,48,40,,,,,,,,,,,,False,,,0,,,,,,0,50,,balanced
P4591,Xavier,Walker,2001-07-01,77,164,African,dark,black,clean_shaven,S,SS,,0,,,59,52,71,56,51,49,56,51,51,49,,,,,,,,,,,,65,64,76,63,51,0,0,51,58,57,,,,,,,,,,,,False,,,0,,,,,,0,50,,spray
P2901,Fernando,Castillo,2004-09-19,78,220,Hispanic,light,brown,clean_shaven,S,LF,,0,,,50,53,50,50,49,53,51,51,48,51,,,,,,,,,,,,62,73,66,80,49,0,0,51,64,77,,,,,,,,,,,,False,,,0,,,,,,0,50,,average
P2746,Percy,Harris,1996-12-06,71,181,African,medium,brown,mustache,S,CF,,0,,,51,47,70,53,50,50,54,49,50,53,,,,,,,,,,,,50,45,66,51,50,0,0,49,48,56,,,,,,,,,,,,False,,,0,,,,,,0,50,,speed
P4892,Tyrone,Gaines,1989-05-28,77,173,African,medium,brown,clean_shaven,R,RF,,0,,,53,53,48,52,51,50,57,52,49,52,,,,,,,,,,,,51,48,38,42,51,0,0,52,49,42,,,,,,,,,,,,False,,,0,,,,,,0,50,,balanced
P9266,Leroy,Robinson,1997-08-10,73,240,African,dark,black,beard,R,SS,,0,,,49,49,50,51,50,47,57,50,51,51,,,,,,,,,,,,45,50,48,54,50,0,0,50,46,52,,,,,,,,,,,,False,,,0,,,,,,0,50,,average
P2910,Tyrone,Jackson,1997-02-18,71,221,African,dark,black,clean_shaven,S,CF,,0,,,58,51,53,51,53,49,50,49,49,48,,,,,,,,,,,,62,49,53,55,53,0,0,49,52,43,,,,,,,,,,,,False,,,0,,,,,,0,50,,spray
P4402,Francisco,Martinez,2001-01-22,74,205,Hispanic,light,blonde,clean_shaven,R,C,,0,,,60,51,51,50,51,48,59,51,51,48,,,,,,,,,,,,67,60,57,56,51,0,0,51,61,58,,,,,,,,,,,,False,,,0,,,,,,0,50,,spray
P8069,Miguel,Flores,1997-01-05,78,164,Hispanic,dark,black,mustache,R,LF,RF,0,,,54,54,49,53,49,51,59,52,51,51,,,,,,,,,,,,58,52,49,53,49,0,0,52,50,49,,,,,,,,,,,,False,,,0,,,,,,0,50,,balanced
P6735,Clifford,Sandoral,1991-10-05,77,217,Anglo,light,blonde,clean_shaven,S,C,,0,,,53,48,70,51,49,50,55,51,50,51,,,,,,,,,,,,44,43,64,51,49,0,0,51,40,51,,,,,,,,,,,,False,,,0,,,,,,0,50,,speed
P5829,Anderson,Wieben,2001-12-17,75,226,Anglo,medium,black,clean_shaven,R,SS,,0,,,57,56,50,54,50,51,57,49,49,49,,,,,,,,,,,,62,66,63,60,50,0,0,49,58,54,,,,,,,,,,,,False,,,0,,,,,,0,50,,gap
P3486,Donald,Wollard,1991-03-08,72,226,Anglo,light,red,clean_shaven,L,P,,1,RP,CL,,,,,55,,,,53,51,50,52,52,52,54,0,0,65,0,0,0,,,,,0,,,,49,51,51,46,45,46,46,0,0,57,0,0,0,False,,,0,,,,,,0,50,closer,
P6494,Todd,Andreoni,1989-07-13,73,216,Anglo,medium,brown,beard,L,P,,1,RP,SP,,,,,52,,,,48,52,50,53,52,49,52,57,59,62,0,0,0,,,,,0,,,,43,44,53,50,40,42,48,57,53,52,0,0,0,False,,,0,,,,,,0,50,power_sp,
P4104,Kelly,Elsaesser,2000-04-22,75,188,Anglo,medium,black,beard,R,P,,1,RP,SP,,,,,53,,,,47,50,51,50,52,53,50,62,0,62,61,0,0,,,,,0,,,,52,62,61,66,66,62,65,71,0,70,75,0,0,False,,,0,,,,,,0,50,groundball_sp,
P2616,Cedric,Mitchell,1998-12-16,70,204,African,dark,black,clean_shaven,S,P,,1,RP,SP,,,,,51,,,,51,51,54,51,52,50,51,60,58,0,60,0,0,,,,,0,,,,60,56,61,65,65,63,61,74,64,0,75,0,0,False,,,0,,,,,,0,50,groundball_sp,
P2909,Antonio,Hernandez,1991-01-08,78,190,Hispanic,medium,brown,clean_shaven,L,P,,1,RP,RP,,,,,49,,,,50,52,50,53,52,50,53,58,0,0,0,0,0,,,,,0,,,,49,50,53,50,43,41,49,57,0,0,0,0,0,False,,,0,,,,,,0,50,finesse_rp,
P4446,Darnell,Baker,1989-10-15,78,244,African,dark,black,beard,R,P,,1,RP,RP,,,,,56,,,,52,48,48,52,52,49,50,0,0,0,61,0,0,,,,,0,,,,45,40,47,52,48,45,50,0,0,0,52,0,0,False,,,0,,,,,,0,50,groundball_rp,
P3268,Roberto,Vargas,2002-03-04,70,165,Hispanic,light,black,mustache,R,P,,1,RP,RP,,,,,50,,,,52,54,51,51,52,53,53,0,63,67,0,0,0,,,,,0,,,,57,62,63,57,62,65,64,0,78,77,0,0,0,False,,,0,,,,,,0,50,power_rp,
P5539,Eduardo,Cruz,2000-12-31,71,165,Hispanic,medium,brown,beard,L,LF,,0,,,52,48,85,53,48,48,48,49,50,50,,,,,,,,,,,,64,57,95,63,48,0,0,49,65,57,,,,,,,,,,,,False,,,0,,,,,,0,50,,elite_speed
P4263,Alejandro,Cruz,1989-11-13,72,240,Hispanic,medium,brown,beard,L,1B,,0,,,50,64,49,49,49,52,44,49,53,50,,,,,,,,,,,,49,61,47,49,49,0,0,49,51,49,,,,,,,,,,,,False,,,0,,,,,,0,50,,power
P7701,Silas,Layell,1994-10-10,78,245,Anglo,medium,brown,goatee,S,1B,,0,,,51,62,53,49,51,53,52,51,51,50,,,,,,,,,,,,51,60,53,51,51,0,0,51,49,54,,,,,,,,,,,,False,,,0,,,,,,0,50,,power
P3039,Tyrone,Wright,1996-05-20,75,213,African,medium,black,clean_shaven,R,RF,LF,0,,,51,48,50,50,51,50,57,48,50,50,,,,,,,,,,,,48,46,48,55,51,0,0,48,52,45,,,,,,,,,,,,False,,,0,,,,,,0,50,,average
P7462,Dexter,Chirco,1993-06-20,71,163,Anglo,light,blonde,clean_shaven,R,RF,,0,,,51,53,50,50,52,50,57,50,52,50,,,,,,,,,,,,42,51,50,40,52,0,0,50,42,43,,,,,,,,,,,,False,,,0,,,,,,0,50,,average
P7436,Tyrone,Walker,1987-11-05,72,193,African,dark,black,clean_shaven,L,C,RF,0,,,52,50,51,50,49,52,48,53,52,52,,,,,,,,,,,,42,41,43,43,49,0,0,53,49,45,,,,,,,,,,,,False,,,0,,,,,,0,50,,gap
P1007,Hector,Lopez,2001-06-08,76,215,Hispanic,medium,brown,beard,R,C,,0,,,59,49,51,51,49,50,60,50,49,49,,,,,,,,,,,,74,58,66,58,49,0,0,50,58,59,,,,,,,,,,,,False,,,0,,,,,,0,50,,spray
P2195,Percy,Carter,1999-12-20,68,193,African,dark,black,clean_shaven,L,3B,,0,,,50,53,50,52,47,51,47,52,48,53,,,,,,,,,,,,60,60,63,61,47,0,0,52,58,67,,,,,,,,,,,,False,,,0,,,,,,0,50,,gap
P5100,Malik,Baker,2007-03-29,76,235,African,dark,black,clean_shaven,R,P,,1,RP,CL,,,,,55,,,,49,50,47,51,53,51,51,0,0,65,0,0,0,,,,,0,,,,70,78,73,83,65,79,65,0,0,82,0,0,0,False,,,0,,,,,,0,50,closer,
P3041,Rufus,Allen,2004-06-04,78,200,African,dark,black,clean_shaven,L,P,,1,RP,SP,,,,,48,,,,47,51,51,50,52,53,53,61,63,0,0,56,0,,,,,0,,,,58,63,76,78,62,71,66,81,76,0,0,77,0,False,,,0,,,,,,0,50,finesse_sp,
P6370,Roberto,Garcia,2007-12-24,74,189,Hispanic,dark,blonde,clean_shaven,L,P,,1,RP,CL,,,,,49,,,,51,53,52,52,53,53,54,0,0,66,0,0,0,,,,,0,,,,71,81,63,75,81,75,78,0,0,95,0,0,0,False,,,0,,,,,,0,50,closer,
P1019,Francisco,Garcia,2004-09-04,77,205,Hispanic,medium,black,clean_shaven,R,P,,1,RP,SP,,,,,52,,,,53,49,50,50,52,51,49,61,0,0,59,0,0,,,,,0,,,,66,76,64,76,73,74,64,84,0,0,72,0,0,False,,,0,,,,,,0,50,groundball_sp,
P9138,Xavier,Wright,2005-07-20,70,167,African,dark,black,clean_shaven,R,P,,1,RP,SP,,,,,52,,,,52,50,49,51,53,48,51,63,59,62,57,0,0,,,,,0,,,,73,60,65,73,60,59,68,79,81,73,87,0,0,False,,,0,,,,,,0,50,balanced_sp,
P8505,Todd,Denoyer,2007-02-28,73,195,Anglo,dark,red,goatee,L,SS,,0,,,58,50,70,51,50,49,49,48,51,51,,,,,,,,,,,,77,61,89,74,50,0,0,48,78,63,,,,,,,,,,,,False,,,0,,,,,,0,50,,spray
P2184,Seymour,Grew,2006-01-04,72,235,Anglo,dark,brown,clean_shaven,R,RF,,0,,,51,61,48,51,51,49,52,51,49,51,,,,,,,,,,,,70,81,77,80,51,0,0,51,79,71,,,,,,,,,,,,False,,,0,,,,,,0,50,,power
P1803,Roderick,Kodama,2007-08-14,76,248,Anglo,medium,brown,clean_shaven,R,2B,,0,,,58,54,52,54,50,49,58,52,50,51,,,,,,,,,,,,68,79,82,77,50,0,0,52,69,81,,,,,,,,,,,,False,,,0,,,,,,0,50,,gap
P7078,Tyrone,King,2007-09-26,73,214,African,dark,black,clean_shaven,R,3B,,0,,,48,60,52,48,50,53,56,50,50,49,,,,,,,,,,,,68,89,73,70,50,0,0,50,78,70,,,,,,,,,,,,False,,,0,,,,,,0,50,,power
P6479,Malik,Jackson,2006-11-18,70,161,African,dark,black,beard,R,RF,1B,0,,,50,61,52,51,49,50,55,48,51,50,,,,,,,,,,,,78,72,65,62,49,0,0,48,67,68,,,,,,,,,,,,False,,,0,,,,,,0,50,,power
P3785,Antonio,Ramos,1997-02-07,78,236,Hispanic,medium,blonde,clean_shaven,R,P,,1,RP,CL,,,,,55,,,,51,54,51,50,54,53,56,0,0,65,0,0,0,,,,,0,,,,47,53,51,52,56,57,53,0,0,60,0,0,0,False,,,0,,,,,,0,50,closer,
P9006,Teddy,Pong,1992-01-12,77,245,Anglo,light,black,clean_shaven,L,P,,1,RP,SP,,,,,49,,,,48,52,51,50,54,48,54,58,60,61,0,57,0,,,,,0,,,,44,48,40,54,50,39,54,55,58,61,0,55,0,False,,,0,,,,,,0,50,power_sp,
P3332,Rufus,Young,1987-12-06,78,238,African,dark,black,clean_shaven,L,P,,1,RP,SP,,,,,52,,,,49,53,53,52,52,48,49,58,61,59,59,0,0,,,,,0,,,,39,44,44,44,52,47,42,58,55,58,58,0,0,False,,,0,,,,,,0,50,groundball_sp,
P7189,Jermaine,Mitchell,1988-05-02,77,197,African,medium,black,mustache,R,P,,1,RP,SP,,,,,49,,,,49,50,50,52,52,50,54,0,61,62,0,0,0,,,,,0,,,,41,50,48,50,44,50,53,0,60,53,0,0,0,False,,,0,,,,,,0,50,workhorse_sp,
P2903,Hector,Reyes,1998-07-21,70,178,Hispanic,medium,black,clean_shaven,R,P,,1,RP,SP,,,,,52,,,,48,54,52,52,52,52,53,61,61,59,56,0,0,,,,,0,,,,53,60,61,60,64,63,64,74,66,73,61,0,0,False,,,0,,,,,,0,50,power_sp,
P5990,Jayson,Masell,1990-05-15,69,165,Anglo,medium,black,beard,S,P,,1,RP,SP,,,,,48,,,,50,50,51,50,52,51,49,61,62,0,0,0,0,,,,,0,,,,40,41,42,44,49,49,46,54,57,0,0,0,0,False,,,0,,,,,,0,50,finesse_sp,
P8723,Deshawn,Jefferson,2004-10-06,75,182,African,dark,black,clean_shaven,L,P,,1,RP,RP,,,,,51,,,,49,52,53,51,52,49,55,0,60,67,61,0,0,,,,,0,,,,73,81,69,70,68,69,80,0,70,93,81,0,0,False,,,0,,,,,,0,50,power_rp,
P6717,Jose,Gonzalez,1991-01-27,77,185,Hispanic,medium,black,goatee,R,P,,1,RP,RP,,,,,49,,,,48,52,49,50,52,52,53,62,63,0,0,0,0,,,,,0,,,,41,44,41,50,47,52,50,55,53,0,0,0,0,False,,,0,,,,,,0,50,finesse_rp,
P7619,Tyrone,Robinson,2004-06-16,71,162,African,dark,brown,beard,R,P,,1,RP,SP,,,,,50,,,,48,49,54,50,54,52,53,61,63,58,0,57,0,,,,,0,,,,60,76,78,71,81,73,71,77,87,88,0,72,0,False,,,0,,,,,,0,50,finesse_sp,
P8111,Malik,King,2003-03-22,76,173,African,dark,black,clean_shaven,L,P,,1,RP,SP,,,,,50,,,,49,53,53,53,52,49,51,0,60,60,0,0,0,,,,,0,,,,55,68,65,62,64,57,59,0,70,70,0,0,0,False,,,0,,,,,,0,50,workhorse_sp,
P3167,Eduardo,Vasquez,1998-08-19,76,183,Hispanic,medium,brown,beard,S,P,,1,RP,SP,,,,,53,,,,53,48,53,52,54,48,50,60,60,57,58,0,0,,,,,0,,,,60,55,65,69,64,60,56,70,72,71,67,0,0,False,,,0,,,,,,0,50,groundball_sp,
P5606,Ricardo,Martinez,1989-02-13,69,170,Hispanic,medium,black,clean_shaven,S,C,,0,,,49,49,51,49,51,52,55,50,53,51,,,,,,,,,,,,45,41,43,44,51,0,0,50,47,49,,,,,,,,,,,,False,,,0,,,,,,0,50,,average
P1674,Francisco,Perez,1999-11-15,73,174,Hispanic,medium,brown,mustache,L,1B,,0,,,61,53,51,52,49,48,47,53,53,49,,,,,,,,,,,,71,59,57,63,49,0,0,53,63,54,,,,,,,,,,,,False,,,0,,,,,,0,50,,spray
P5991,Alberto,Viscome,1995-05-22,73,234,Anglo,medium,brown,goatee,R,2B,,0,,,50,47,51,51,53,52,54,49,50,48,,,,,,,,,,,,49,50,55,50,53,0,0,49,46,46,,,,,,,,,,,,False,,,0,,,,,,0,50,,average
P4040,Salvador,Otomo,1995-03-12,68,166,Anglo,medium,brown,mustache,S,3B,,0,,,53,48,50,53,51,51,52,50,51,50,,,,,,,,,,,,58,46,46,53,51,0,0,50,53,48,,,,,,,,,,,,False,,,0,,,,,,0,50,,average
P1786,Jose,Rodriguez,1988-04-27,75,211,Hispanic,medium,black,beard,R,SS,,0,,,53,50,49,51,48,50,59,49,49,48,,,,,,,,,,,,50,46,48,49,48,0,0,49,49,40,,,,,,,,,,,,False,,,0,,,,,,0,50,,balanced
P1810,Xavier,Washington,2003-08-24,72,219,African,medium,black,mustache,R,LF,,0,,,65,49,50,53,52,50,57,51,50,51,,,,,,,,,,,,72,58,56,58,52,0,0,51,56,58,,,,,,,,,,,,False,,,0,,,,,,0,50,,spray
P2105,Jermaine,Gaines,1988-10-13,78,165,African,dark,brown,mustache,R,CF,,0,,,48,56,52,49,51,54,54,48,48,48,,,,,,,,,,,,39,55,52,42,51,0,0,48,43,42,,,,,,,,,,,,False,,,0,,,,,,0,50,,power
P7033,Jamal,Walker,1988-01-04,77,220,African,dark,black,clean_shaven,L,RF,,0,,,51,49,48,50,52,53,51,51,49,48,,,,,,,,,,,,49,43,43,41,52,0,0,51,42,41,,,,,,,,,,,,False,,,0,,,,,,0,50,,balanced
P5758,Leroy,Jefferson,2001-10-14,75,187,African,dark,black,mustache,L,CF,,0,,,51,52,53,52,53,51,47,51,50,52,,,,,,,,,,,,57,63,60,63,53,0,0,51,57,66,,,,,,,,,,,,False,,,0,,,,,,0,50,,balanced
P3150,Abel,Bernhagen,1992-10-06,69,234,Anglo,dark,brown,clean_shaven,R,2B,,0,,,56,48,49,54,51,48,54,50,49,51,,,,,,,,,,,,55,38,40,45,51,0,0,50,45,43,,,,,,,,,,,,False,,,0,,,,,,0,50,,spray
P4530,Alejandro,Gonzalez,2002-12-12,77,222,Hispanic,dark,black,clean_shaven,R,2B,,0,,,54,49,70,53,54,51,59,49,49,51,,,,,,,,,,,,62,59,85,62,54,0,0,49,64,65,,,,,,,,,,,,False,,,0,,,,,,0,50,,speed
P1790,Donny,Cassity,2003-05-30,77,238,Anglo,medium,blonde,clean_shaven,R,SS,,0,,,60,49,50,50,53,50,57,52,53,53,,,,,,,,,,,,67,63,62,60,53,0,0,52,58,61,,,,,,,,,,,,False,,,0,,,,,,0,50,,spray
P5404,Alonzo,Strait,1990-06-11,69,182,Anglo,medium,brown,beard,L,1B,,0,,,58,49,49,53,52,50,48,52,48,50,,,,,,,,,,,,49,41,47,48,52,0,0,52,45,40,,,,,,,,,,,,False,,,0,,,,,,0,50,,spray
P2669,Miguel,Ramos,1994-11-18,76,221,Hispanic,light,blonde,mustache,L,RF,,0,,,52,58,51,50,47,50,47,49,49,50,,,,,,,,,,,,48,59,53,47,47,0,0,49,49,54,,,,,,,,,,,,False,,,0,,,,,,0,50,,gap
P6525,Jose,Gomez,1992-05-11,76,211,Hispanic,dark,brown,beard,R,P,RF,1,RP,CL,,,,,55,,,,52,51,50,50,52,49,56,59,0,65,0,0,0,,,,,0,,,,49,45,47,48,43,40,53,54,0,59,0,0,0,False,,,0,,,,,,0,50,closer,
P8804,Tyrone,White,2003-12-25,71,244,African,dark,black,mustache,L,P,,1,RP,SP,,,,,51,,,,50,53,52,52,52,50,50,62,60,0,0,0,0,,,,,0,,,,62,58,62,60,66,62,63,67,65,0,0,0,0,False,,,0,,,,,,0,50,balanced_sp,
P1233,Kent,Guerreiro,1992-07-08,70,209,Anglo,light,brown,clean_shaven,S,P,,1,RP,SP,,,,,54,,,,51,51,54,50,52,51,52,0,61,0,58,0,0,,,,,0,,,,51,51,49,42,48,43,51,0,56,0,50,0,0,False,,,0,,,,,,0,50,groundball_sp,
P9167,Eduardo,Morales,1991-11-16,70,172,Hispanic,light,red,clean_shaven,R,P,,1,RP,SP,,,,,50,,,,50,52,50,51,52,51,52,59,62,59,0,0,0,,,,,0,,,,46,49,45,47,40,51,43,53,58,53,0,0,0,False,,,0,,,,,,0,50,power_sp,
P5468,Francisco,Delgado,2003-07-27,69,186,Hispanic,dark,black,clean_shaven,R,P,,1,RP,RP,,,,,51,,,,51,54,53,52,53,51,50,0,59,65,0,0,0,,,,,0,,,,58,63,66,66,60,58,55,0,70,73,0,0,0,False,,,0,,,,,,0,50,power_rp,
P5223,Eduardo,Ortiz,1987-07-04,78,196,Hispanic,medium,blonde,beard,R,P,,1,RP,SP,,,,,54,,,,52,49,51,51,53,50,51,60,61,0,59,0,0,,,,,0,,,,44,42,46,49,42,49,41,59,59,0,52,0,0,False,,,0,,,,,,0,50,groundball_sp,
P8212,Tyrone,Washington,1996-05-29,68,182,African,dark,black,mustache,L,P,,1,RP,CL,,,,,52,,,,48,52,49,52,53,52,51,0,0,65,0,0,0,,,,,0,,,,44,51,51,54,53,49,47,0,0,64,0,0,0,False,,,0,,,,,,0,50,closer,
P1855,Russ,Tomlinson,1999-11-24,71,229,Anglo,medium,brown,clean_shaven,L,RF,,0,,,53,60,51,52,52,51,47,49,51,49,,,,,,,,,,,,63,72,61,61,52,0,0,49,62,56,,,,,,,,,,,,False,,,0,,,,,,0,50,,gap
P7102,Fausto,Runions,1992-05-13,68,228,Anglo,light,blonde,mustache,R,3B,,0,,,51,48,93,51,51,50,56,49,50,49,,,,,,,,,,,,41,43,87,43,51,0,0,49,48,39,,,,,,,,,,,,False,,,0,,,,,,0,50,,speed
P7343,Pedro,Gomez,1997-07-15,71,178,Hispanic,medium,brown,clean_shaven,R,RF,,0,,,51,53,48,50,48,52,59,51,48,50,,,,,,,,,,,,53,51,52,50,48,0,0,51,49,47,,,,,,,,,,,,False,,,0,,,,,,0,50,,gap
P9989,Adolph,Buske,1996-01-23,78,185,Anglo,light,brown,clean_shaven,R,C,,0,,,50,51,48,52,52,49,57,51,52,50,,,,,,,,,,,,53,52,48,50,52,0,0,51,51,45,,,,,,,,,,,,False,,,0,,,,,,0,50,,average
P3679,Kraig,Jabiro,2001-07-17,71,171,Anglo,light,brown,goatee,L,1B,,0,,,48,62,51,49,50,54,49,50,48,52,,,,,,,,,,,,56,67,63,56,50,0,0,50,55,66,,,,,,,,,,,,False,,,0,,,,,,0,50,,power
P8580,Val,Coffie,2000-06-26,76,240,Anglo,light,brown,clean_shaven,R,RF,,0,,,62,51,51,51,49,46,54,47,50,52,,,,,,,,,,,,70,66,63,59,49,0,0,47,60,65,,,,,,,,,,,,False,,,0,,,,,,0,50,,spray
P3586,Dewayne,Kuhr,1991-12-06,75,160,Anglo,light,brown,clean_shaven,L,1B,,0,,,52,53,53,49,52,51,46,48,51,50,,,,,,,,,,,,49,52,46,39,52,0,0,48,50,40,,,,,,,,,,,,False,,,0,,,,,,0,50,,balanced
P1955,Isiah,Cruikshank,1995-02-20,71,204,Anglo,light,brown,clean_shaven,R,RF,,0,,,51,57,51,51,48,50,59,50,52,50,,,,,,,,,,,,54,62,53,51,48,0,0,50,54,49,,,,,,,,,,,,False,,,0,,,,,,0,50,,balanced
P5162,Darnell,Scott,2004-07-03,70,206,African,dark,black,clean_shaven,S,P,,1,RP,CL,,,,,55,,,,48,51,49,51,52,52,53,0,0,66,0,0,0,,,,,0,,,,65,77,67,72,71,75,63,0,0,81,0,0,0,False,,,0,,,,,,0,50,closer,
P5519,Rufus,Walker,2005-05-04,74,234,African,dark,black,clean_shaven,R,P,,1,RP,SP,,,,,48,,,,52,52,51,52,52,49,52,58,63,59,58,0,0,,,,,0,,,,78,74,79,78,76,62,63,79,77,85,69,0,0,False,,,0,,,,,,0,50,finesse_sp,
P5942,Cedric,Young,2004-07-13,78,203,African,dark,black,clean_shaven,R,P,,1,RP,SP,,,,,51,,,,50,54,50,51,54,52,53,62,63,62,0,56,0,,,,,0,,,,77,64,79,66,63,67,69,74,85,90,0,66,0,False,,,0,,,,,,0,50,power_sp,
P3888,Ricardo,Garcia,2004-07-10,72,227,Hispanic,medium,blonde,clean_shaven,R,P,,1,RP,SP,,,,,50,,,,51,53,53,50,52,50,50,58,62,61,59,0,0,,,,,0,,,,74,75,70,75,69,71,78,77,83,86,72,0,0,False,,,0,,,,,,0,50,groundball_sp,
P9218,Darnell,Gaines,2004-11-10,74,224,African,dark,black,clean_shaven,R,P,,1,RP,RP,,,,,57,,,,52,53,49,53,52,48,50,58,0,65,63,0,0,,,,,0,,,,66,82,65,82,64,78,68,84,0,81,89,0,0,False,,,0,,,,,,0,50,groundball_rp,
P5065,Eduardo,Torres,2004-05-22,69,240,Hispanic,medium,black,clean_shaven,R,LF,RF,0,,,48,62,50,49,47,50,56,50,51,50,,,,,,,,,,,,76,80,65,66,47,0,0,50,64,60,,,,,,,,,,,,False,,,0,,,,,,0,50,,power
P3858,Felipe,Goodwater,2005-08-24,78,202,Anglo,light,red,clean_shaven,R,C,,0,,,49,53,50,51,53,51,55,49,51,50,,,,,,,,,,,,65,74,63,72,53,0,0,49,80,63,,,,,,,,,,,,False,,,0,,,,,,0,50,,average
P2672,Jamal,Jefferson,2004-11-03,74,205,African,dark,black,clean_shaven,R,LF,,0,,,50,59,52,50,49,52,54,50,50,48,,,,,,,,,,,,65,89,69,78,49,0,0,50,74,68,,,,,,,,,,,,False,,,0,,,,,,0,50,,balanced
P9586,Deshawn,White,2005-04-22,75,227,African,dark,black,clean_shaven,R,3B,1B,0,,,48,60,52,49,50,54,56,48,51,49,,,,,,,,,,,,76,70,76,68,50,0,0,48,64,65,,,,,,,,,,,,False,,,0,,,,,,0,50,,power
P3212,Edwardo,Priore,2007-05-11,74,169,Anglo,medium,brown,clean_shaven,R,2B,,0,,,56,49,51,53,49,50,58,48,50,51,,,,,,,,,,,,73,59,73,72,49,0,0,48,80,74,,,,,,,,,,,,False,,,0,,,,,,0,50,,spray
P7395,Tyrone,Green,2003-05-17,71,164,African,medium,black,clean_shaven,L,P,,1,RP,CL,,,,,55,,,,50,54,48,50,52,50,56,0,0,67,0,0,0,,,,,0,,,,59,65,62,59,55,61,66,0,0,76,0,0,0,False,,,0,,,,,,0,50,closer,
P3221,Gregorio,Cadle,1993-03-25,73,194,Anglo,light,blonde,clean_shaven,S,P,,1,RP,SP,,,,,50,,,,52,50,52,50,54,48,52,0,63,58,0,0,0,,,,,0,,,,45,41,49,50,42,42,45,0,53,58,0,0,0,False,,,0,,,,,,0,50,power_sp,
P5578,Raul,Castillo,1992-03-31,70,239,Hispanic,dark,brown,goatee,R,P,,1,RP,SP,,,,,51,,,,52,51,54,51,54,52,51,59,61,62,0,0,0,,,,,0,,,,46,42,49,46,53,45,46,53,61,61,0,0,0,False,,,0,,,,,,0,50,workhorse_sp,
P6521,Juan,Cruz,2003-06-21,73,197,Hispanic,medium,blonde,clean_shaven,S,P,,1,RP,RP,,,,,54,,,,48,53,47,50,52,50,52,0,0,67,63,0,0,,,,,0,,,,61,67,58,60,59,59,61,0,0,78,73,0,0,False,,,0,,,,,,0,50,groundball_rp,
P9296,Dana,Retter,1998-10-30,77,199,Anglo,light,blonde,clean_shaven,R,P,,1,RP,LR,,,,,49,,,,49,50,52,52,52,52,50,0,0,63,0,0,0,,,,,0,,,,55,60,63,67,67,63,61,0,0,74,0,0,0,False,,,0,,,,,,0,50,long_relief,
P7511,Xavier,Baker,1999-10-19,75,187,African,dark,black,mustache,R,P,,1,RP,SP,,,,,48,,,,51,54,51,50,52,48,53,0,60,61,0,0,0,,,,,0,,,,62,63,60,62,62,63,65,0,71,74,0,0,0,False,,,0,,,,,,0,50,power_sp,
P4610,Alejandro,Rivera,1996-02-21,71,196,Hispanic,dark,brown,beard,L,P,,1,RP,SP,,,,,51,,,,51,52,50,51,52,49,51,60,60,60,0,0,0,,,,,0,,,,51,54,53,55,51,46,48,64,64,56,0,0,0,False,,,0,,,,,,0,50,workhorse_sp,
P3294,Fredrick,Schneidtmille,1999-12-16,70,233,Anglo,light,blonde,clean_shaven,R,P,,1,RP,SP,,,,,48,,,,51,49,53,53,52,49,53,63,63,0,0,0,0,,,,,0,,,,63,56,62,61,60,64,58,69,72,0,0,0,0,False,,,0,,,,,,0,50,finesse_sp,
P2067,Trinidad,Brownsberger,2004-05-17,69,168,Anglo,medium,brown,mustache,L,P,,1,RP,SP,,,,,47,,,,48,50,52,50,52,50,52,61,62,62,0,53,0,,,,,0,,,,64,70,60,65,63,71,63,71,88,75,0,75,0,False,,,0,,,,,,0,50,power_sp,
P8671,Gayle,Lieb,1992-04-15,72,231,Anglo,light,brown,mustache,R,P,,1,RP,SP,,,,,51,,,,49,50,49,50,53,52,53,59,0,61,0,0,0,,,,,0,,,,39,42,47,49,42,44,49,52,0,57,0,0,0,False,,,0,,,,,,0,50,balanced_sp,
P6777,Will,Wiegard,1996-10-20,76,204,Anglo,light,brown,clean_shaven,R,P,,1,RP,RP,,,,,52,,,,52,52,52,50,52,51,54,0,59,64,59,0,0,,,,,0,,,,56,53,53,51,55,52,58,0,62,67,54,0,0,False,,,0,,,,,,0,50,power_rp,
P3891,Hector,Ortiz,1989-10-18,76,179,Hispanic,light,brown,goatee,R,C,,0,,,51,53,49,52,50,52,57,49,50,51,,,,,,,,,,,,41,44,43,49,50,0,0,49,48,45,,,,,,,,,,,,False,,,0,,,,,,0,50,,gap
P5949,Pedro,Martinez,1987-09-17,74,245,Hispanic,medium,black,clean_shaven,L,1B,,0,,,52,61,48,51,50,49,50,52,48,50,,,,,,,,,,,,45,52,41,44,50,0,0,52,47,43,,,,,,,,,,,,False,,,0,,,,,,0,50,,power
P5173,Deshawn,Washington,2002-01-08,70,224,African,dark,black,mustache,R,2B,,0,,,52,50,49,53,52,50,57,52,52,53,,,,,,,,,,,,67,60,54,64,52,0,0,52,65,63,,,,,,,,,,,,False,,,0,,,,,,0,50,,balanced
P4442,Enoch,Vielle,1997-04-29,72,211,Anglo,light,blonde,beard,R,3B,,0,,,56,50,51,53,51,48,57,52,49,49,,,,,,,,,,,,57,46,48,51,51,0,0,52,51,50,,,,,,,,,,,,False,,,0,,,,,,0,50,,spray
P8635,Alejandro,Hernandez,1999-07-30,70,249,Hispanic,medium,black,mustache,R,SS,,0,,,51,49,70,50,53,47,58,49,50,51,,,,,,,,,,,,57,56,81,55,53,0,0,49,60,61,,,,,,,,,,,,False,,,0,,,,,,0,50,,speed
P2845,Rufus,Taylor,1993-01-05,75,167,African,dark,black,clean_shaven,R,LF,,0,,,51,51,51,50,50,49,57,53,52,50,,,,,,,,,,,,48,49,50,43,50,0,0,53,51,49,,,,,,,,,,,,False,,,0,,,,,,0,50,,average
P7321,Jermaine,Washington,1993-09-16,75,187,African,dark,black,clean_shaven,R,CF,,0,,,51,49,50,52,50,52,55,48,51,48,,,,,,,,,,,,49,40,45,46,50,0,0,48,41,42,,,,,,,,,,,,False,,,0,,,,,,0,50,,balanced
P7537,Xavier,Jackson,1992-12-24,76,163,African,medium,black,beard,R,RF,,0,,,51,59,50,52,50,53,54,49,50,52,,,,,,,,,,,,48,58,50,46,50,0,0,49,40,42,,,,,,,,,,,,False,,,0,,,,,,0,50,,power
P8957,Luis,Garcia,1993-05-17,76,188,Hispanic,medium,red,clean_shaven,L,1B,,0,,,50,48,70,50,53,51,47,51,50,52,,,,,,,,,,,,40,41,70,42,53,0,0,51,45,52,,,,,,,,,,,,False,,,0,,,,,,0,50,,speed
P9273,Darnell,White,1993-09-23,69,164,African,dark,brown,clean_shaven,L,3B,,0,,,52,51,53,51,49,53,51,51,49,51,,,,,,,,,,,,47,45,43,41,49,0,0,51,49,48,,,,,,,,,,,,False,,,0,,,,,,0,50,,average
P4831,Pedro,Garcia,1989-12-27,73,169,Hispanic,medium,brown,mustache,R,2B,,0,,,50,48,76,51,54,49,55,50,53,52,,,,,,,,,,,,46,38,75,47,54,0,0,50,53,49,,,,,,,,,,,,False,,,0,,,,,,0,50,,speed
P3452,Deshawn,Gaines,1987-07-24,68,241,African,dark,brown,beard,R,CF,,0,,,49,47,70,52,54,49,56,52,52,51,,,,,,,,,,,,42,39,63,46,54,0,0,52,42,43,,,,,,,,,,,,False,,,0,,,,,,0,50,,speed
P6917,Kristofer,Katoa,1994-12-08,78,161,Anglo,light,blonde,goatee,L,3B,,0,,,53,53,48,52,51,53,50,51,48,48,,,,,,,,,,,,53,48,46,47,51,0,0,51,45,47,,,,,,,,,,,,False,,,0,,,,,,0,50,,balanced
P2144,Daron,Harmison,2000-02-14,68,226,Anglo,light,brown,clean_shaven,R,CF,,0,,,53,60,53,52,49,50,57,49,48,53,,,,,,,,,,,,60,69,65,62,49,0,0,49,55,58,,,,,,,,,,,,False,,,0,,,,,,0,50,,power
P4847,Doyle,Camerena,2000-09-05,77,225,Anglo,light,brown,clean_shaven,L,P,,1,RP,CL,,,,,55,,,,50,54,50,52,53,49,54,0,61,65,0,0,0,,,,,0,,,,63,68,63,61,59,56,67,0,67,76,0,0,0,False,,,0,,,,,,0,50,closer,
P4005,Roberto,Ortiz,1993-08-05,69,179,Hispanic,medium,black,clean_shaven,R,P,,1,RP,SP,,,,,51,,,,49,52,51,50,54,52,50,61,60,60,0,0,0,,,,,0,,,,47,43,49,48,51,47,44,52,57,59,0,0,0,False,,,0,,,,,,0,50,balanced_sp,
P8880,Titus,Shearin,2004-10-24,70,160,Anglo,light,brown,goatee,R,P,,1,RP,SP,,,,,47,,,,48,47,53,53,52,52,50,60,60,0,60,58,0,,,,,0,,,,70,58,80,71,63,68,71,84,88,0,86,78,0,False,,,0,,,,,,0,50,finesse_sp,
P3602,Ricardo,Mendoza,2000-10-16,73,218,Hispanic,light,red,beard,L,P,,1,RP,SP,,,,,50,,,,50,50,51,52,54,48,52,0,59,60,0,0,0,,,,,0,,,,60,64,61,69,57,53,61,0,67,70,0,0,0,False,,,0,,,,,,0,50,power_sp,
P4221,Jarod,Wedner,1998-06-26,76,174,Anglo,medium,brown,clean_shaven,L,P,,1,RP,SP,,,,,50,,,,51,49,53,51,52,50,52,61,0,0,61,0,0,,,,,0,,,,66,57,61,60,66,65,58,70,0,0,67,0,0,False,,,0,,,,,,0,50,groundball_sp,
P5699,Margarito,Gouras,2003-07-23,78,248,Anglo,medium,blonde,clean_shaven,R,P,,1,RP,SP,,,,,51,,,,51,50,53,53,52,51,50,0,62,0,57,0,0,,,,,0,,,,57,59,59,59,63,63,55,0,71,0,62,0,0,False,,,0,,,,,,0,50,groundball_sp,
P9636,Darnell,Jefferson,1996-06-25,74,189,African,dark,black,beard,L,P,,1,RP,SP,,,,,48,,,,52,51,50,52,54,48,51,63,61,60,0,58,0,,,,,0,,,,52,51,49,53,52,50,50,65,58,56,0,53,0,False,,,0,,,,,,0,50,balanced_sp,
P9691,Luis,Ramos,1990-12-28,69,210,Hispanic,medium,black,clean_shaven,R,CF,,0,,,54,51,53,50,49,53,51,50,51,50,,,,,,,,,,,,46,51,48,42,49,0,0,50,43,44,,,,,,,,,,,,False,,,0,,,,,,0,50,,balanced
P8430,Cedric,Washington,1990-10-03,77,161,African,dark,black,clean_shaven,R,RF,,0,,,51,50,52,50,48,48,57,51,51,53,,,,,,,,,,,,42,43,49,43,48,0,0,51,44,46,,,,,,,,,,,,False,,,0,,,,,,0,50,,balanced
P4841,Marshall,Griffis,1991-07-23,72,177,Anglo,light,brown,clean_shaven,R,SS,,0,,,50,49,84,51,51,50,58,49,50,51,,,,,,,,,,,,40,41,79,48,51,0,0,49,40,51,,,,,,,,,,,,False,,,0,,,,,,0,50,,speed
P1083,Deshawn,Baker,1991-08-08,78,175,African,dark,black,clean_shaven,R,2B,,0,,,50,63,48,50,49,53,58,51,49,49,,,,,,,,,,,,43,53,45,48,49,0,0,51,39,39,,,,,,,,,,,,False,,,0,,,,,,0,50,,power
P3057,Cordell,Panke,1997-04-17,69,182,Anglo,medium,black,clean_shaven,R,SS,,0,,,58,50,52,52,50,46,58,52,51,49,,,,,,,,,,,,59,47,53,56,50,0,0,52,52,53,,,,,,,,,,,,False,,,0,,,,,,0,50,,spray
P1504,Rufus,Green,1988-05-08,70,230,African,dark,black,beard,L,SS,,0,,,49,52,50,50,51,51,50,52,50,51,,,,,,,,,,,,45,47,43,44,51,0,0,52,49,48,,,,,,,,,,,,False,,,0,,,,,,0,50,,average
P6076,Cedric,Jackson,1995-07-25,72,217,African,medium,black,clean_shaven,S,2B,,0,,,50,47,70,49,52,51,52,49,49,49,,,,,,,,,,,,54,48,65,46,52,0,0,49,48,44,,,,,,,,,,,,False,,,0,,,,,,0,50,,speed
P5227,Leroy,Carter,1987-03-04,77,234,African,dark,black,clean_shaven,R,RF,,0,,,53,50,70,52,50,52,57,50,50,52,,,,,,,,,,,,43,42,67,47,50,0,0,50,41,43,,,,,,,,,,,,False,,,0,,,,,,0,50,,speed
P9102,Percy,Allen,2007-05-12,76,203,African,dark,black,clean_shaven,L,P,,1,RP,CL,,,,,55,,,,53,52,49,50,54,52,52,0,59,65,0,0,0,,,,,0,,,,71,68,63,70,68,78,71,0,76,84,0,0,0,False,,,0,,,,,,0,50,closer,
P4268,Donovan,Pencek,2006-12-25,69,192,Anglo,dark,brown,beard,R,P,,1,RP,CL,,,,,53,,,,49,52,48,50,52,50,55,59,0,65,0,0,0,,,,,0,,,,67,63,69,62,65,73,78,85,0,79,0,0,0,False,,,0,,,,,,0,50,closer,
P4768,Malik,White,2008-02-06,70,181,African,dark,black,beard,L,P,,1,RP,RP,,,,,50,,,,50,50,50,52,54,51,54,0,62,63,63,0,0,,,,,0,,,,71,77,66,81,65,81,75,0,72,78,83,0,0,False,,,0,,,,,,0,50,power_rp,
P1719,Cedric,King,2005-11-10,74,244,African,dark,black,clean_shaven,S,P,,1,RP,SP,,,,,48,,,,50,53,50,51,52,47,51,61,60,63,0,0,0,,,,,0,,,,73,79,72,71,74,68,68,83,74,74,0,0,0,False,,,0,,,,,,0,50,power_sp,
P1507,Jorge,Hernandez,2006-02-13,71,221,Hispanic,medium,brown,clean_shaven,L,P,,1,RP,RP,,,,,50,,,,53,51,50,51,52,50,51,0,59,65,0,0,0,,,,,0,,,,82,73,61,74,64,70,65,0,72,88,0,0,0,False,,,0,,,,,,0,50,power_rp,
P7761,Xavier,Jefferson,2006-01-13,71,174,African,light,black,mustache,R,CF,,0,,,53,49,70,52,49,52,58,52,49,50,,,,,,,,,,,,67,67,92,75,49,0,0,52,76,74,,,,,,,,,,,,False,,,0,,,,,,0,50,,speed
P6026,Carlos,Vasquez,2006-10-31,72,165,Hispanic,light,brown,clean_shaven,L,1B,,0,,,53,55,50,49,49,52,47,49,52,52,,,,,,,,,,,,80,68,61,65,49,0,0,49,67,81,,,,,,,,,,,,False,,,0,,,,,,0,50,,average
P1945,Jude,Scharf,2004-10-31,72,167,Anglo,light,black,goatee,R,RF,,0,,,53,51,70,52,49,51,55,53,48,49,,,,,,,,,,,,81,73,81,67,49,0,0,53,65,64,,,,,,,,,,,,False,,,0,,,,,,0,50,,speed
P7265,Jamal,Robinson,2004-12-21,69,215,African,dark,brown,beard,R,LF,,0,,,54,61,49,51,51,50,59,52,51,49,,,,,,,,,,,,79,87,76,67,51,0,0,52,69,65,,,,,,,,,,,,False,,,0,,,,,,0,50,,power
P9132,Roberto,Rivera,2004-12-23,76,193,Hispanic,light,red,goatee,R,C,,0,,,49,53,49,51,49,53,56,50,51,50,,,,,,,,,,,,74,81,78,76,49,0,0,50,79,63,,,,,,,,,,,,False,,,0,,,,,,0,50,,average
P5367,Clemente,Binner,1997-03-03,78,163,Anglo,light,black,clean_shaven,S,P,,1,RP,CL,,,,,55,,,,52,54,51,51,52,51,52,0,0,67,0,0,0,,,,,51,,,,47,58,46,54,47,55,49,0,0,71,0,0,0,False,,,0,,,,,,0,50,closer,
P7942,Olen,Isaacsen,1989-08-29,70,220,Anglo,light,red,beard,L,P,,1,RP,SP,,,,,50,,,,50,49,53,52,52,50,52,0,63,62,0,0,0,,,,,0,,,,40,39,51,49,46,46,48,0,63,58,0,0,0,False,,,0,,,,,,0,50,balanced_sp,
P8159,Jorge,Vasquez,1994-02-25,76,233,Hispanic,dark,black,clean_shaven,S,P,,1,RP,SP,,,,,48,,,,50,49,52,50,54,53,50,58,59,61,0,0,0,,,,,0,,,,44,48,43,50,44,46,46,56,54,51,0,0,0,False,,,0,,,,,,0,50,workhorse_sp,
P9302,Deshawn,King,2003-05-12,71,189,African,dark,brown,beard,S,P,,1,RP,RP,,,,,49,,,,49,53,51,50,53,51,55,0,0,65,0,0,0,,,,,0,,,,55,59,63,67,64,59,70,0,0,70,0,0,0,False,,,0,,,,,,0,50,power_rp,
P1687,Malik,Jefferson,1991-04-12,78,183,African,dark,black,mustache,R,P,,1,RP,SP,,,,,51,,,,52,52,50,52,54,48,51,59,62,59,0,0,0,,,,,0,,,,51,44,51,49,47,39,51,54,62,58,0,0,0,False,,,0,,,,,,0,50,balanced_sp,
P2382,Jorge,Delgado,2002-01-05,68,205,Hispanic,light,brown,clean_shaven,R,P,,1,RP,SP,,,,,48,,,,52,50,51,51,52,50,50,0,60,58,0,0,0,,,,,0,,,,58,57,63,65,64,59,58,0,75,63,0,0,0,False,,,0,,,,,,0,50,workhorse_sp,
P6466,Juan,Perez,1989-05-12,76,187,Hispanic,light,black,mustache,S,P,,1,RP,LR,,,,,50,,,,53,49,53,50,52,48,49,0,62,0,0,0,0,,,,,0,,,,47,47,50,47,52,39,43,0,52,0,0,0,0,False,,,0,,,,,,0,50,long_relief,
P2117,Deshawn,Scott,1995-04-06,68,235,African,dark,black,goatee,L,P,,1,RP,SP,,,,,50,,,,50,54,53,50,52,52,53,0,60,60,0,56,0,,,,,0,,,,45,50,53,48,52,55,50,0,56,59,0,54,0,False,,,0,,,,,,0,50,power_sp,
P2422,Deshawn,Taylor,1988-02-03,68,215,African,dark,black,clean_shaven,L,P,,1,RP,SP,,,,,52,,,,48,50,53,52,52,49,53,0,0,58,61,0,0,,,,,0,,,,47,41,46,46,44,49,51,0,0,57,56,0,0,False,,,0,,,,,,0,50,groundball_sp,
P1188,Francisco,Morales,1987-10-28,72,243,Hispanic,medium,blonde,beard,R,P,,1,RP,SP,,,,,51,,,,49,52,53,53,52,49,51,62,63,0,0,0,0,,,,,0,,,,47,47,45,50,48,42,50,57,55,0,0,0,0,False,,,0,,,,,,0,50,finesse_sp,
P9295,Jose,Martinez,2004-10-22,69,238,Hispanic,dark,black,clean_shaven,R,P,,1,RP,LR,,,,,53,,,,48,50,52,50,52,51,52,57,0,64,0,0,0,,,,,0,,,,63,72,72,78,72,75,73,84,0,86,0,0,0,False,,,0,,,,,,0,50,long_relief,
P4103,Tyrone,Allen,1997-08-25,69,248,African,dark,brown,clean_shaven,S,C,,0,,,52,53,49,52,49,49,53,49,53,51,,,,,,,,,,,,47,48,44,54,49,0,0,49,49,47,,,,,,,,,,,,False,,,0,,,,,,0,50,,average
P7306,Xavier,King,1998-09-08,69,165,African,medium,black,clean_shaven,R,1B,,0,,,51,63,49,50,51,52,57,52,48,52,,,,,,,,,,,,65,78,62,57,51,0,0,52,56,62,,,,,,,,,,,,False,,,0,,,,,,0,50,,power
P5648,Pedro,Reyes,1991-04-18,73,169,Hispanic,dark,blonde,clean_shaven,L,2B,,0,,,51,51,50,50,51,52,50,52,50,52,,,,,,,,,,,,46,44,50,42,51,0,0,52,47,52,,,,,,,,,,,,False,,,0,,,,,,0,50,,balanced
P6546,Cedric,Gaines,1990-12-25,68,201,African,dark,black,mustache,R,3B,,0,,,52,48,53,52,50,47,56,51,49,51,,,,,,,,,,,,48,41,47,46,50,0,0,51,46,49,,,,,,,,,,,,False,,,0,,,,,,0,50,,balanced
P8568,Florentino,Labuff,2004-05-08,78,207,Anglo,medium,red,clean_shaven,R,SS,,0,,,51,52,51,50,48,51,59,52,49,51,,,,,,,,,,,,68,70,61,73,48,0,0,52,65,69,,,,,,,,,,,,False,,,0,,,,,,0,50,,balanced
P4339,Deshawn,Harris,1996-11-25,74,181,African,medium,black,mustache,L,LF,1B,0,,,49,63,52,48,47,51,49,51,53,49,,,,,,,,,,,,52,65,48,48,47,0,0,51,54,52,,,,,,,,,,,,False,,,0,,,,,,0,50,,power
P3022,Percy,Jackson,1990-06-02,71,167,African,dark,black,clean_shaven,L,CF,,0,,,53,51,51,52,51,52,43,49,50,51,,,,,,,,,,,,51,48,48,46,51,0,0,49,48,41,,,,,,,,,,,,False,,,0,,,,,,0,50,,gap
P7283,Leroy,Green,1997-11-07,68,172,African,dark,black,clean_shaven,R,RF,,0,,,51,52,85,51,52,47,55,48,50,49,,,,,,,,,,,,48,52,81,50,52,0,0,48,50,48,,,,,,,,,,,,False,,,0,,,,,,0,50,,elite_speed
P6252,Abdul,Koepf,1987-12-01,68,188,Anglo,light,blonde,mustache,R,2B,,0,,,57,51,49,56,50,48,55,52,48,52,,,,,,,,,,,,50,44,41,54,50,0,0,52,46,52,,,,,,,,,,,,False,,,0,,,,,,0,50,,spray
P7786,Jamal,Jackson,1997-03-14,68,215,African,dark,brown,beard,R,3B,,0,,,65,50,50,53,49,47,57,48,50,49,,,,,,,,,,,,63,50,47,54,49,0,0,48,51,47,,,,,,,,,,,,False,,,0,,,,,,0,50,,spray
P7689,Jamal,Young,1996-07-15,71,189,African,dark,black,clean_shaven,R,C,,0,,,53,47,86,52,52,51,57,51,51,53,,,,,,,,,,,,51,43,83,49,52,0,0,51,52,50,,,,,,,,,,,,False,,,0,,,,,,0,50,,elite_speed
P4032,Malik,Allen,1993-03-20,70,163,African,medium,black,clean_shaven,R,2B,,0,,,52,50,49,50,48,48,59,52,53,51,,,,,,,,,,,,43,41,39,48,48,0,0,52,44,42,,,,,,,,,,,,False,,,0,,,,,,0,50,,balanced
P3932,Luis,Torres,2002-03-07,75,229,Hispanic,light,black,clean_shaven,L,1B,,0,,,49,64,51,50,49,53,49,52,47,52,,,,,,,,,,,,61,78,56,63,49,0,0,52,52,64,,,,,,,,,,,,False,,,0,,,,,,0,50,,power
P5259,Rufus,Gaines,2001-04-30,69,184,African,dark,black,clean_shaven,S,3B,,0,,,48,58,53,48,50,50,54,49,49,49,,,,,,,,,,,,63,66,64,57,50,0,0,49,60,60,,,,,,,,,,,,False,,,0,,,,,,0,50,,power
P6795,Malik,Washington,1989-08-14,74,186,African,dark,black,beard,R,P,,1,RP,CL,,,,,55,,,,48,54,50,50,53,49,56,0,60,65,0,0,0,,,,,0,,,,48,48,50,49,41,43,52,0,59,57,0,0,0,False,,,0,,,,,,0,50,closer,
P6926,Jermaine,White,1992-12-01,75,222,African,dark,black,clean_shaven,L,P,,1,RP,SP,,,,,54,,,,50,49,49,50,52,51,52,0,0,61,57,0,0,,,,,0,,,,49,43,42,42,48,51,51,0,0,55,57,0,0,False,,,0,,,,,,0,50,groundball_sp,
P9225,Alejandro,Lopez,1993-05-20,74,250,Hispanic,medium,brown,clean_shaven,L,P,,1,RP,SP,,,,,49,,,,47,53,51,52,54,49,51,62,61,0,0,0,0,,,,,0,,,,46,45,43,53,46,49,42,61,52,0,0,0,0,False,,,0,,,,,,0,50,finesse_sp,
P3449,Tyrell,Leonpacher,1994-01-03,74,228,Anglo,light,blonde,clean_shaven,R,P,,1,RP,SP,,,,,53,,,,50,52,50,50,53,52,50,60,60,59,0,0,0,,,,,0,,,,41,43,47,53,43,51,48,51,54,49,0,0,0,False,,,0,,,,,,0,50,balanced_sp,
P5442,Jason,Wunderlich,1992-10-18,76,170,Anglo,light,black,clean_shaven,R,P,,1,RP,SP,,,,,52,,,,51,51,51,52,52,48,53,63,59,61,0,0,0,,,,,0,,,,45,42,43,52,46,38,51,53,56,56,0,0,0,False,,,0,,,,,,0,50,workhorse_sp,
P6391,Jerrold,Bemo,1995-06-17,76,213,Anglo,medium,brown,clean_shaven,L,P,,1,RP,SP,,,,,48,,,,49,53,51,52,52,52,52,58,59,62,0,0,0,,,,,0,,,,44,52,56,49,46,57,48,57,63,63,0,0,0,False,,,0,,,,,,0,50,power_sp,
P8262,Eduardo,Hernandez,1993-02-27,75,205,Hispanic,dark,black,beard,R,P,,1,RP,SP,,,,,49,,,,51,53,54,50,53,49,53,60,60,63,0,0,0,,,,,0,,,,47,53,43,44,49,43,44,50,54,55,0,0,0,False,,,0,,,,,,0,50,workhorse_sp,
P1854,Antonio,Castillo,2003-01-06,76,222,Hispanic,medium,black,clean_shaven,R,2B,,0,,,53,51,50,52,50,51,56,52,50,52,,,,,,,,,,,,60,60,57,67,50,0,0,52,57,63,,,,,,,,,,,,False,,,0,,,,,,0,50,,balanced
P1339,Rupert,Dafonte,1993-11-01,73,169,Anglo,light,blonde,beard,L,1B,,0,,,49,58,50,50,50,50,50,53,49,52,,,,,,,,,,,,40,53,42,45,50,0,0,53,46,50,,,,,,,,,,,,False,,,0,,,,,,0,50,,balanced
P5325,Luis,Gomez,2001-12-06,74,199,Hispanic,medium,brown,clean_shaven,L,3B,,0,,,49,49,70,50,52,48,49,51,47,51,,,,,,,,,,,,55,55,78,64,52,0,0,51,57,56,,,,,,,,,,,,False,,,0,,,,,,0,50,,speed
P9090,Rocco,Guidrey,1996-10-22,75,168,Anglo,light,black,goatee,L,CF,LF,0,,,54,53,51,50,48,52,44,49,48,52,,,,,,,,,,,,50,52,46,46,48,0,0,49,50,52,,,,,,,,,,,,False,,,0,,,,,,0,50,,gap
P5202,Scott,Bourgois,1997-10-30,73,238,Anglo,light,brown,beard,R,1B,,0,,,51,65,50,50,49,54,51,51,48,51,,,,,,,,,,,,50,69,53,45,49,0,0,51,51,55,,,,,,,,,,,,False,,,0,,,,,,0,50,,power
P6621,Fernando,Cruz,1998-12-26,78,170,Hispanic,light,brown,clean_shaven,S,CF,,0,,,51,52,50,50,51,48,50,48,50,48,,,,,,,,,,,,62,59,57,56,51,0,0,48,63,61,,,,,,,,,,,,False,,,0,,,,,,0,50,,balanced
P9271,Hal,Chauncey,2001-05-15,76,206,Anglo,medium,red,clean_shaven,R,2B,,0,,,62,50,50,56,51,51,55,50,52,49,,,,,,,,,,,,69,59,61,61,51,0,0,50,59,60,,,,,,,,,,,,False,,,0,,,,,,0,50,,spray
P5927,Hector,Cruz,2004-08-20,74,171,Hispanic,medium,brown,clean_shaven,R,1B,,0,,,53,54,52,51,48,49,51,51,52,51,,,,,,,,,,,,81,67,73,72,48,0,0,51,66,67,,,,,,,,,,,,False,,,0,,,,,,0,50,,balanced
P7112,Hector,Hernandez,2006-01-12,76,183,Hispanic,dark,blonde,mustache,L,P,,1,RP,CL,,,,,55,,,,51,51,51,52,52,50,53,0,62,65,0,0,0,,,,,0,,,,63,64,80,68,71,62,79,0,75,79,0,0,0,False,,,0,,,,,,0,50,closer,
P7123,Juan,Torres,2006-12-07,78,181,Hispanic,dark,black,clean_shaven,R,P,,1,RP,SP,,,,,51,,,,49,51,51,52,52,49,52,60,59,0,56,0,0,,,,,0,,,,68,76,72,79,65,59,73,77,80,0,82,0,0,False,,,0,,,,,,0,50,finesse_sp,
P8861,Jermaine,Allen,2005-08-29,68,222,African,dark,black,beard,L,P,,1,RP,SP,,,,,49,,,,50,52,50,50,53,51,53,0,61,60,54,54,0,,,,,0,,,,66,62,65,63,75,74,74,0,82,88,79,76,0,False,,,0,,,,,,0,50,power_sp,
P4333,Arnoldo,Finister,2006-11-12,75,247,Anglo,medium,black,clean_shaven,S,P,,1,RP,RP,,,,,52,,,,49,52,48,50,52,48,52,0,62,64,61,0,0,,,,,0,,,,79,73,72,72,78,77,65,0,73,78,84,0,0,False,,,0,,,,,,0,50,power_rp,
P7081,Tyrone,Mitchell,2004-12-19,74,233,African,medium,black,clean_shaven,R,P,,1,RP,RP,,,,,52,,,,50,52,52,52,52,50,54,0,61,67,0,55,0,,,,,0,,,,75,78,65,68,73,68,69,0,72,85,0,83,0,False,,,0,,,,,,0,50,power_rp,
P5240,Jermaine,Harris,2007-01-30,69,232,African,medium,black,clean_shaven,R,3B,,0,,,53,54,52,52,48,52,56,52,49,48,,,,,,,,,,,,68,82,82,68,48,0,0,52,68,67,,,,,,,,,,,,False,,,0,,,,,,0,50,,gap
P3328,Shirley,Arbetman,2007-09-19,70,214,Anglo,medium,brown,beard,S,3B,1B,0,,,64,64,50,51,51,47,52,53,50,48,,,,,,,,,,,,85,88,77,68,51,0,0,53,63,66,,,,,,,,,,,,False,,,0,,,,,,0,50,,gap
P6619,Thurman,Arcilla,2007-03-24,71,178,Anglo,medium,blonde,clean_shaven,S,CF,,0,,,50,53,53,51,53,51,49,49,49,50,,,,,,,,,,,,73,72,65,74,53,0,0,49,74,75,,,,,,,,,,,,False,,,0,,,,,,0,50,,balanced
P6182,Albert,Bertagnolli,2006-06-08,73,203,Anglo,light,brown,clean_shaven,R,3B,,0,,,49,53,53,49,49,53,57,52,49,51,,,,,,,,,,,,79,66,65,67,49,0,0,52,64,69,,,,,,,,,,,,False,,,0,,,,,,0,50,,balanced
P7449,Fausto,Cummer,2004-10-31,73,222,Anglo,dark,black,clean_shaven,R,CF,,0,,,51,47,70,52,51,47,53,52,47,50,,,,,,,,,,,,67,77,96,82,51,0,0,52,72,69,,,,,,,,,,,,False,,,0,,,,,,0,50,,speed
P2308,Nigel,Bielecki,2001-09-02,75,216,Anglo,dark,blonde,clean_shaven,L,P,,1,RP,CL,,,,,55,,,,51,51,48,50,54,51,54,58,62,66,0,0,0,,,,,0,,,,57,62,65,67,59,63,62,73,77,77,0,0,0,False,,,0,,,,,,0,50,closer,
P5485,Cristopher,Kole,1997-07-11,76,187,Anglo,light,red,clean_shaven,R,P,,1,RP,SP,,,,,51,,,,51,50,51,50,52,49,49,60,59,0,0,0,0,,,,,0,,,,55,55,54,55,56,44,50,61,63,0,0,0,0,False,,,0,,,,,,0,50,finesse_sp,
P6698,Carlos,Gonzalez,1993-01-13,78,206,Hispanic,medium,black,mustache,L,P,,1,RP,SP,,,,,49,,,,49,51,51,50,53,51,51,63,62,62,0,0,0,,,,,0,,,,41,42,43,46,49,47,51,63,62,60,0,0,0,False,,,0,,,,,,0,50,workhorse_sp,
P1016,Van,Servedio,2000-05-28,71,166,Anglo,dark,brown,beard,R,P,,1,RP,RP,,,,,52,,,,50,52,48,50,52,50,53,0,0,67,0,0,0,,,,,0,,,,61,65,58,60,56,63,59,0,0,75,0,0,0,False,,,0,,,,,,0,50,power_rp,
P5651,Ariel,Bossen,2003-06-15,71,199,Anglo,medium,black,clean_shaven,L,P,,1,RP,RP,,,,,48,,,,51,52,48,50,53,48,51,0,0,65,0,0,0,,,,,0,,,,65,60,56,62,59,54,60,0,0,74,0,0,0,False,,,0,,,,,,0,50,power_rp,
P5953,Sterling,Godnick,2000-10-23,75,233,Anglo,medium,black,beard,R,P,,1,RP,SP,,,,,49,,,,51,52,51,50,52,51,52,60,61,0,54,0,0,,,,,0,,,,60,58,55,59,59,62,62,75,68,0,65,0,0,False,,,0,,,,,,0,50,finesse_sp,
P4391,Rafael,Martinez,1999-04-22,77,164,Hispanic,medium,brown,clean_shaven,L,P,,1,RP,RP,,,,,57,,,,52,52,48,52,54,53,50,0,60,0,60,0,0,,,,,0,,,,59,64,58,66,55,62,56,0,66,0,65,0,0,False,,,0,,,,,,0,50,groundball_rp,
P4861,Leroy,Walker,1996-03-19,68,245,African,dark,black,clean_shaven,R,P,,1,RP,SP,,,,,50,,,,49,49,51,51,54,50,53,62,60,60,0,53,0,,,,,0,,,,52,50,46,56,56,50,54,66,65,56,0,50,0,False,,,0,,,,,,0,50,workhorse_sp,
P3043,Darnell,Jackson,1996-08-17,72,192,African,dark,black,goatee,R,P,,1,RP,SP,,,,,51,,,,52,51,50,51,52,50,51,62,59,59,0,0,0,,,,,0,,,,54,53,56,57,52,55,46,59,61,59,0,0,0,False,,,0,,,,,,0,50,workhorse_sp,
P9424,Percy,Mitchell,2004-06-23,71,232,African,dark,black,beard,R,P,,1,RP,SP,,,,,50,,,,48,50,51,50,52,52,55,0,62,58,0,0,0,,,,,0,,,,74,76,75,80,65,73,77,0,86,79,0,0,0,False,,,0,,,,,,0,50,power_sp,
P2302,Chauncey,Thomison,1992-08-15,73,175,Anglo,medium,black,clean_shaven,S,P,,1,RP,SP,,,,,49,,,,49,53,49,50,54,51,52,0,62,0,57,0,0,,,,,0,,,,44,52,49,47,39,48,42,0,53,0,53,0,0,False,,,0,,,,,,0,50,groundball_sp,
P4082,Jamal,Gaines,1993-08-26,74,225,African,dark,black,mustache,R,C,,0,,,49,54,47,49,53,49,58,49,52,51,,,,,,,,,,,,42,47,46,42,53,0,0,49,46,43,,,,,,,,,,,,False,,,0,,,,,,0,50,,average
P8334,Jermaine,Carter,2002-07-11,75,169,African,dark,black,clean_shaven,R,1B,,0,,,50,60,51,51,47,52,52,51,49,52,,,,,,,,,,,,59,74,56,64,47,0,0,51,64,58,,,,,,,,,,,,False,,,0,,,,,,0,50,,power
P8306,Hector,Gonzalez,1996-01-10,68,236,Hispanic,light,black,clean_shaven,R,2B,SS,0,,,53,51,48,50,50,49,58,49,50,50,,,,,,,,,,,,51,54,45,48,50,0,0,49,49,54,,,,,,,,,,,,False,,,0,,,,,,0,50,,balanced
P1569,Cedric,Walker,1997-06-24,71,160,African,medium,black,beard,R,3B,,0,,,61,49,53,57,53,47,55,52,51,51,,,,,,,,,,,,61,54,48,56,53,0,0,52,46,50,,,,,,,,,,,,False,,,0,,,,,,0,50,,spray
P9091,Leroy,Scott,1995-12-12,75,205,African,dark,brown,clean_shaven,R,SS,,0,,,48,49,52,51,50,51,58,50,51,51,,,,,,,,,,,,50,48,54,54,50,0,0,50,54,55,,,,,,,,,,,,False,,,0,,,,,,0,50,,balanced
P5820,Tyrone,Baker,2001-10-04,78,211,African,dark,black,clean_shaven,R,LF,,0,,,51,62,50,50,51,51,59,52,51,51,,,,,,,,,,,,57,77,55,62,51,0,0,52,60,63,,,,,,,,,,,,False,,,0,,,,,,0,50,,power
P5306,Fernando,Garcia,2002-07-23,73,245,Hispanic,medium,black,clean_shaven,R,CF,,0,,,54,47,53,53,50,47,56,50,52,48,,,,,,,,,,,,59,56,58,63,50,0,0,50,58,62,,,,,,,,,,,,False,,,0,,,,,,0,50,,spray
P3585,Juan,Ramos,1987-04-13,77,186,Hispanic,light,brown,mustache,L,RF,3B,0,,,53,50,52,52,49,49,49,52,53,52,,,,,,,,,,,,51,50,47,42,49,0,0,52,45,44,,,,,,,,,,,,False,,,0,,,,,,0,50,,average
P9846,Cedric,Harris,1987-08-30,68,242,African,dark,black,goatee,L,3B,,0,,,51,49,70,50,49,51,51,52,48,48,,,,,,,,,,,,45,44,70,47,49,0,0,52,41,38,,,,,,,,,,,,False,,,0,,,,,,0,50,,speed
P6443,Xavier,Mitchell,2003-07-28,72,250,African,dark,black,clean_shaven,R,3B,,0,,,50,52,50,51,49,52,58,49,49,52,,,,,,,,,,,,64,57,65,59,49,0,0,49,61,58,,,,,,,,,,,,False,,,0,,,,,,0,50,,balanced
P9862,Rufus,Robinson,1996-10-17,73,169,African,dark,black,clean_shaven,R,CF,,0,,,53,51,70,53,50,51,53,50,52,49,,,,,,,,,,,,53,47,71,58,50,0,0,50,47,49,,,,,,,,,,,,False,,,0,,,,,,0,50,,speed
P9227,Carlos,Flores,2001-09-19,72,172,Hispanic,dark,red,clean_shaven,R,2B,,0,,,50,50,52,51,52,52,55,52,48,49,,,,,,,,,,,,60,65,59,57,52,0,0,52,63,58,,,,,,,,,,,,False,,,0,,,,,,0,50,,average
P5134,Malik,Gaines,1987-05-07,73,246,African,dark,black,mustache,R,3B,,0,,,59,49,52,52,50,47,59,52,48,48,,,,,,,,,,,,53,39,50,44,50,0,0,52,39,46,,,,,,,,,,,,False,,,0,,,,,,0,50,,spray
P7148,Jose,Hernandez,1996-05-05,76,231,Hispanic,light,brown,clean_shaven,R,SS,,0,,,61,50,50,52,51,48,58,48,49,48,,,,,,,,,,,,62,46,48,57,51,0,0,48,51,51,,,,,,,,,,,,False,,,0,,,,,,0,50,,spray
P7853,Len,Lesa,1993-10-31,70,200,Anglo,medium,blonde,clean_shaven,R,P,,1,RP,CL,,,,,55,,,,51,54,52,50,54,49,53,0,0,67,0,0,0,,,,,0,,,,45,52,47,54,45,39,44,0,0,57,0,0,0,False,,,0,,,,,,0,50,closer,
P3640,Carlos,Ortiz,1997-08-29,78,229,Hispanic,medium,blonde,beard,L,P,,1,RP,SP,,,,,49,,,,51,53,53,51,52,51,51,60,59,59,56,0,0,,,,,0,,,,50,49,50,52,50,50,56,55,64,64,56,0,0,False,,,0,,,,,,0,50,workhorse_sp,
P5840,John,Shatswell,2003-05-20,69,219,Anglo,light,black,clean_shaven,R,P,,1,RP,SP,,,,,53,,,,48,48,50,53,54,48,50,59,61,61,59,0,0,,,,,0,,,,62,53,68,61,62,54,65,74,66,66,73,0,0,False,,,0,,,,,,0,50,groundball_sp,
P2829,Jamal,Harris,1988-07-13,70,172,African,dark,black,mustache,R,P,,1,RP,RP,,,,,51,,,,49,50,48,50,52,51,54,59,59,66,0,0,0,,,,,0,,,,44,44,40,52,46,41,49,59,50,57,0,0,0,False,,,0,,,,,,0,50,power_rp,
P4098,Fred,Bienvenu,1987-08-18,75,249,Anglo,dark,brown,clean_shaven,R,P,,1,RP,RP,,,,,57,,,,48,53,49,51,54,53,53,0,0,0,60,0,0,,,,,0,,,,45,52,46,45,48,45,52,0,0,0,51,0,0,False,,,0,,,,,,0,50,groundball_rp,
P7337,Micah,Reichmann,1996-04-23,76,210,Anglo,dark,black,clean_shaven,R,P,,1,RP,SP,,,,,53,,,,50,52,51,50,54,48,51,58,59,58,0,0,0,,,,,0,,,,47,57,50,55,47,46,47,55,54,58,0,0,0,False,,,0,,,,,,0,50,balanced_sp,
P6027,Manuel,Gomez,2004-04-26,68,161,Hispanic,medium,blonde,clean_shaven,L,P,,1,RP,SP,,,,,50,,,,52,53,54,53,52,48,49,61,61,60,0,0,0,,,,,0,,,,80,63,71,72,75,59,63,73,81,85,0,0,0,False,,,0,,,,,,0,50,balanced_sp,
P7573,Jose,Garcia,2001-12-25,72,213,Hispanic,light,black,clean_shaven,R,2B,,0,,,68,51,49,56,53,48,58,49,51,53,,,,,,,,,,,,76,58,61,67,53,0,0,49,59,64,,,,,,,,,,,,False,,,0,,,,,,0,50,,spray
P7997,Leroy,Jackson,1995-11-26,75,226,African,dark,black,clean_shaven,R,3B,,0,,,51,47,87,50,51,48,55,52,50,52,,,,,,,,,,,,53,45,82,53,51,0,0,52,51,52,,,,,,,,,,,,False,,,0,,,,,,0,50,,speed
P3064,Franklin,Harding,1987-11-28,73,249,Anglo,light,red,clean_shaven,L,1B,,0,,,49,60,50,51,49,53,44,50,49,52,,,,,,,,,,,,49,55,48,46,49,0,0,50,39,49,,,,,,,,,,,,False,,,0,,,,,,0,50,,power
P4922,Roberto,Reyes,1996-09-01,71,237,Hispanic,dark,brown,clean_shaven,R,2B,,0,,,59,48,50,56,51,47,54,50,51,50,,,,,,,,,,,,62,44,52,58,51,0,0,50,51,52,,,,,,,,,,,,False,,,0,,,,,,0,50,,spray
P1469,Alejandro,Castillo,2000-09-12,78,216,Hispanic,medium,black,goatee,L,3B,,0,,,49,57,50,51,50,54,48,49,51,52,,,,,,,,,,,,61,65,58,65,50,0,0,49,58,57,,,,,,,,,,,,False,,,0,,,,,,0,50,,power
P5812,Chauncey,Wyles,1990-08-02,76,180,Anglo,medium,red,goatee,L,CF,,0,,,50,50,70,50,53,48,48,51,51,51,,,,,,,,,,,,48,45,65,43,53,0,0,51,43,44,,,,,,,,,,,,False,,,0,,,,,,0,50,,speed
P7560,Darnell,Green,1987-08-14,72,191,African,dark,brown,beard,R,3B,,0,,,53,53,50,53,48,50,59,53,51,48,,,,,,,,,,,,45,50,43,45,48,0,0,53,45,39,,,,,,,,,,,,False,,,0,,,,,,0,50,,gap
P5093,Reed,Hohiudden,1988-08-02,70,218,Anglo,light,brown,clean_shaven,R,2B,,0,,,52,52,52,51,52,51,55,50,52,50,,,,,,,,,,,,47,47,44,42,52,0,0,50,48,49,,,,,,,,,,,,False,,,0,,,,,,0,50,,balanced
P2788,Myles,Hales,2005-11-01,75,213,Anglo,light,black,goatee,R,P,,1,RP,CL,,,,,55,,,,52,54,48,50,52,49,55,0,0,65,0,0,0,,,,,0,,,,66,68,80,72,71,63,69,0,0,84,0,0,0,False,,,0,,,,,,0,50,closer,
P6225,Garland,Remaley,2004-04-28,77,246,Anglo,light,brown,clean_shaven,R,P,,1,RP,CL,,,,,49,,,,50,54,50,50,52,51,54,57,0,66,0,0,0,,,,,0,,,,75,72,77,70,77,72,64,76,0,89,0,0,0,False,,,0,,,,,,0,50,closer,
P8396,Luis,Vasquez,2007-12-25,70,208,Hispanic,light,black,beard,R,P,,1,RP,RP,,,,,55,,,,49,52,52,50,52,51,51,0,61,65,62,0,0,,,,,0,,,,64,66,67,66,66,71,78,0,79,82,87,0,0,False,,,0,,,,,,0,50,groundball_rp,
P2360,Jose,Vargas,2004-12-04,68,217,Hispanic,light,black,clean_shaven,L,P,,1,RP,SP,,,,,52,,,,51,52,54,52,52,50,51,0,63,63,0,0,0,,,,,0,,,,77,82,68,76,80,61,67,0,87,88,0,0,0,False,,,0,,,,,,0,50,power_sp,
P6804,Shane,Polselli,2008-01-02,78,176,Anglo,light,black,goatee,R,P,,1,RP,SP,,,,,50,,,,52,53,53,51,53,48,50,60,62,59,59,0,0,,,,,0,,,,62,74,81,69,66,65,61,73,72,86,80,0,0,False,,,0,,,,,,0,50,groundball_sp,
P1931,Percy,Young,2007-05-12,75,241,African,dark,black,mustache,R,RF,,0,,,52,59,49,51,51,48,56,47,49,49,,,,,,,,,,,,69,77,67,76,51,0,0,47,72,59,,,,,,,,,,,,False,,,0,,,,,,0,50,,gap
P5941,Francisco,Lopez,2007-11-12,71,195,Hispanic,light,black,mustache,R,C,,0,,,50,52,50,51,51,53,56,52,49,48,,,,,,,,,,,,80,68,71,79,51,0,0,52,75,58,,,,,,,,,,,,False,,,0,,,,,,0,50,,average
P4739,Augustus,Mainz,2005-04-03,76,205,Anglo,light,blonde,clean_shaven,R,CF,,0,,,52,49,53,50,48,49,58,49,48,50,,,,,,,,,,,,68,65,73,73,48,0,0,49,61,77,,,,,,,,,,,,False,,,0,,,,,,0,50,,balanced
P1206,Malik,Green,2004-03-09,77,183,African,light,black,goatee,R,3B,,0,,,49,49,49,48,51,50,58,49,52,50,,,,,,,,,,,,63,66,69,73,51,0,0,49,76,80,,,,,,,,,,,,False,,,0,,,,,,0,50,,balanced
P2545,Alejandro,Flores,2008-02-08,76,176,Hispanic,dark,brown,clean_shaven,R,SS,,0,,,57,48,52,52,48,48,58,50,51,47,,,,,,,,,,,,77,75,66,80,48,0,0,50,65,62,,,,,,,,,,,,False,,,0,,,,,,0,50,,spray
P1166,Tyrone,Jefferson,2002-10-24,76,169,African,medium,black,clean_shaven,R,P,,1,RP,CL,,,,,55,,,,51,51,48,53,53,49,52,0,0,67,0,0,0,,,,,0,,,,56,59,58,61,56,57,62,0,0,72,0,0,0,False,,,0,,,,,,0,50,closer,
P9330,Jermaine,Jackson,1994-12-08,78,185,African,dark,black,clean_shaven,R,P,,1,RP,CL,,,,,53,,,,51,53,50,51,54,49,52,57,0,65,0,0,0,,,,,0,,,,54,52,56,51,53,49,48,60,0,70,0,0,0,False,,,0,,,,,,0,50,closer,
P3143,Carol,Gosney,1989-04-13,71,245,Anglo,medium,brown,clean_shaven,R,P,,1,RP,RP,,,,,51,,,,50,51,48,54,54,49,50,61,59,0,0,0,0,,,,,0,,,,42,44,54,45,39,46,47,61,50,0,0,0,0,False,,,0,,,,,,0,50,finesse_rp,
P1899,Darnell,Wright,2000-11-17,77,161,African,dark,black,clean_shaven,L,P,,1,RP,RP,,,,,52,,,,53,52,48,50,53,50,52,60,60,0,59,0,0,,,,,0,,,,68,64,57,59,62,61,59,69,69,0,68,0,0,False,,,0,,,,,,0,50,finesse_rp,
P8770,Rufus,Washington,1992-08-05,71,232,African,dark,brown,clean_shaven,L,P,,1,RP,CL,,,,,53,,,,52,51,51,51,52,53,53,58,59,65,0,0,0,,,,,0,,,,52,51,42,51,48,52,50,57,56,59,0,0,0,False,,,0,,,,,,0,50,closer,
P2770,Francisco,Vasquez,1991-12-04,73,166,Hispanic,light,brown,mustache,R,P,,1,RP,RP,,,,,50,,,,53,52,50,51,52,51,52,60,58,0,0,0,0,,,,,0,,,,48,51,50,52,47,51,42,56,52,0,0,0,0,False,,,0,,,,,,0,50,finesse_rp,
P1537,Margarito,Mako,1997-08-23,69,181,Anglo,light,black,clean_shaven,L,P,,1,RP,SP,,,,,52,,,,50,50,54,50,54,52,50,58,62,0,0,54,0,,,,,0,,,,49,54,45,54,55,49,55,56,59,0,0,49,0,False,,,0,,,,,,0,50,finesse_sp,
P3488,Malik,Harris,2000-06-16,73,222,African,medium,brown,clean_shaven,R,P,,1,RP,SP,,,,,52,,,,49,52,50,50,53,51,49,0,61,58,59,0,0,,,,,0,,,,54,61,63,58,59,58,54,0,68,71,74,0,0,False,,,0,,,,,,0,50,groundball_sp,
P8378,Rodger,Net,1993-02-24,77,161,Anglo,dark,blonde,beard,L,P,,1,RP,SP,,,,,48,,,,51,52,50,53,53,51,51,59,62,0,0,0,0,,,,,0,,,,47,44,43,49,50,50,49,51,61,0,0,0,0,False,,,0,,,,,,0,50,finesse_sp,
P6812,Leroy,Young,1998-09-29,77,160,African,dark,black,mustache,R,P,,1,RP,CL,,,,,49,,,,50,51,47,52,53,52,53,60,62,65,0,0,0,,,,,0,,,,63,56,61,68,52,63,63,65,76,70,0,0,0,False,,,0,,,,,,0,50,closer,
P6969,Lacy,Lutwin,2004-01-06,75,223,Anglo,medium,brown,clean_shaven,R,P,,1,RP,SP,,,,,51,,,,50,52,53,53,52,50,52,0,63,62,0,0,0,,,,,0,,,,59,61,61,67,63,60,58,0,68,76,0,0,0,False,,,0,,,,,,0,50,workhorse_sp,
P2741,Cyrus,Humpal,1993-11-16,73,162,Anglo,light,brown,beard,L,C,,0,,,51,58,48,52,50,51,49,52,50,52,,,,,,,,,,,,41,48,40,46,50,0,0,52,48,47,,,,,,,,,,,,False,,,0,,,,,,0,50,,power
P8055,Terrell,Michniak,1994-06-16,76,232,Anglo,light,red,beard,S,1B,,0,,,49,57,49,48,48,53,51,50,51,49,,,,,,,,,,,,51,62,49,44,48,0,0,50,54,51,,,,,,,,,,,,False,,,0,,,,,,0,50,,average
P2465,Neal,Vollman,1992-05-16,73,238,Anglo,medium,blonde,clean_shaven,R,2B,,0,,,52,47,76,51,54,48,58,50,48,51,,,,,,,,,,,,46,43,72,44,54,0,0,50,41,45,,,,,,,,,,,,False,,,0,,,,,,0,50,,speed
P4735,Antonio,Flores,1999-11-24,70,200,Hispanic,medium,brown,clean_shaven,S,3B,,0,,,48,48,52,48,49,49,53,50,50,49,,,,,,,,,,,,56,59,60,56,49,0,0,50,58,64,,,,,,,,,,,,False,,,0,,,,,,0,50,,average
P6176,Fernando,Mendoza,1998-09-14,69,187,Hispanic,medium,blonde,clean_shaven,R,SS,,0,,,57,54,50,54,49,47,58,52,49,50,,,,,,,,,,,,72,62,61,64,49,0,0,52,58,57,,,,,,,,,,,,False,,,0,,,,,,0,50,,gap
P3060,Fredrick,Wohlers,1990-03-20,68,222,Anglo,light,blonde,clean_shaven,L,LF,,0,,,51,54,49,52,49,53,49,51,51,51,,,,,,,,,,,,50,52,42,50,49,0,0,51,47,48,,,,,,,,,,,,False,,,0,,,,,,0,50,,balanced
P6163,Tod,Violett,1992-12-05,71,163,Anglo,light,brown,clean_shaven,L,CF,,0,,,56,48,52,54,50,46,46,52,50,51,,,,,,,,,,,,49,39,50,44,50,0,0,52,45,45,,,,,,,,,,,,False,,,0,,,,,,0,50,,spray
P3749,Pedro,Vargas,1991-01-01,72,169,Hispanic,medium,brown,beard,L,RF,,0,,,52,62,48,51,51,51,43,47,48,49,,,,,,,,,,,,52,55,44,42,51,0,0,47,46,44,,,,,,,,,,,,False,,,0,,,,,,0,50,,power
P7809,Felton,Wach,1995-05-16,70,165,Anglo,dark,brown,clean_shaven,L,RF,,0,,,48,52,48,49,51,51,48,48,49,49,,,,,,,,,,,,52,50,43,44,51,0,0,48,45,51,,,,,,,,,,,,False,,,0,,,,,,0,50,,average
P9656,Eduardo,Gonzalez,2002-05-11,73,236,Hispanic,medium,black,clean_shaven,S,1B,,0,,,50,63,51,51,47,54,50,49,52,49,,,,,,,,,,,,62,78,58,64,47,0,0,49,61,58,,,,,,,,,,,,False,,,0,,,,,,0,50,,power
P6468,Malik,Wright,1988-03-11,73,241,African,dark,black,clean_shaven,R,RF,1B,0,,,61,63,50,52,49,53,58,48,51,49,,,,,,,,,,,,54,53,50,42,49,0,0,48,45,47,,,,,,,,,,,,False,,,0,,,,,,0,50,,gap
P4266,Roberto,Morales,1995-12-29,73,174,Hispanic,medium,brown,beard,L,RF,,0,,,64,66,51,53,49,51,44,50,49,51,,,,,,,,,,,,69,69,54,54,49,0,0,50,47,46,,,,,,,,,,,,False,,,0,,,,,,0,50,,gap
P4240,Millard,Kappe,1991-11-03,78,174,Anglo,light,brown,beard,L,LF,3B,0,,,52,52,49,51,50,50,48,49,49,52,,,,,,,,,,,,44,49,42,51,50,0,0,49,46,49,,,,,,,,,,,,False,,,0,,,,,,0,50,,average
P3376,Hassan,Prehoda,1998-01-02,71,238,Anglo,light,brown,mustache,R,3B,,0,,,61,51,48,56,49,47,56,50,52,51,,,,,,,,,,,,64,48,52,52,49,0,0,50,52,46,,,,,,,,,,,,False,,,0,,,,,,0,50,,spray
P5741,Leroy,Gaines,2001-05-23,69,179,African,dark,black,clean_shaven,R,P,,1,RP,CL,,,,,55,,,,51,54,51,52,54,52,54,56,0,67,0,0,0,,,,,0,,,,57,60,58,66,59,58,68,61,0,78,0,0,0,False,,,0,,,,,,0,50,closer,
P2624,Kerry,Demer,1987-04-14,70,236,Anglo,light,black,clean_shaven,R,P,,1,RP,SP,,,,,49,,,,49,51,52,50,52,49,52,0,59,62,0,0,0,,,,,0,,,,39,51,47,46,49,46,50,0,54,58,0,0,0,False,,,0,,,,,,0,50,power_sp,
P4639,Quentin,Harker,1992-08-24,68,193,Anglo,medium,brown,mustache,R,P,,1,RP,LR,,,,,53,,,,52,49,51,50,54,52,51,0,61,63,0,0,0,,,,,0,,,,51,41,44,51,42,43,44,0,57,61,0,0,0,False,,,0,,,,,,0,50,long_relief,
P4806,Lorenzo,Unkn,1998-10-19,77,219,Anglo,light,black,clean_shaven,R,P,,1,RP,SP,,,,,52,,,,49,51,53,53,52,49,49,62,59,59,55,0,0,,,,,0,,,,54,64,67,62,65,62,62,68,67,73,67,0,0,False,,,0,,,,,,0,50,finesse_sp,
P3190,Xavier,Young,1996-01-15,74,221,African,dark,black,beard,R,P,LF,1,RP,SP,,,,,52,,,,49,52,50,50,52,50,51,61,62,0,0,0,0,,,,,0,,,,51,51,53,57,51,51,49,66,63,0,0,0,0,False,,,0,,,,,,0,50,finesse_sp,
P1037,Rufus,White,1993-02-11,75,235,African,medium,black,clean_shaven,R,P,,1,RP,SP,,,,,53,,,,52,52,53,50,54,52,52,0,0,61,61,0,0,,,,,0,,,,48,47,41,48,48,42,47,0,0,55,59,0,0,False,,,0,,,,,,0,50,groundball_sp,
P2869,Malik,Scott,2004-11-16,73,200,African,dark,brown,clean_shaven,R,P,,1,RP,SP,,,,,51,,,,51,53,51,50,54,51,50,59,59,62,0,0,0,,,,,0,,,,76,76,72,73,81,70,64,78,88,90,0,0,0,False,,,0,,,,,,0,50,balanced_sp,
P7751,Hector,Flores,2004-07-29,70,224,Hispanic,light,blonde,clean_shaven,R,2B,,0,,,51,50,51,50,52,49,55,51,52,52,,,,,,,,,,,,62,60,81,80,52,0,0,51,67,64,,,,,,,,,,,,False,,,0,,,,,,0,50,,balanced
P9245,Ricardo,Vargas,1992-10-19,75,185,Hispanic,medium,brown,clean_shaven,R,RF,,0,,,55,48,49,52,53,49,53,50,48,48,,,,,,,,,,,,48,47,43,42,53,0,0,50,43,43,,,,,,,,,,,,False,,,0,,,,,,0,50,,spray
P6624,Ricardo,Ortiz,1988-06-22,74,228,Hispanic,medium,blonde,mustache,R,1B,,0,,,50,60,53,49,47,50,51,51,53,50,,,,,,,,,,,,41,56,43,46,47,0,0,51,45,49,,,,,,,,,,,,False,,,0,,,,,,0,50,,power
P8915,Percy,King,1998-08-10,75,236,African,dark,black,beard,R,CF,,0,,,54,51,51,51,50,48,51,50,50,52,,,,,,,,,,,,64,58,59,63,50,0,0,50,55,59,,,,,,,,,,,,False,,,0,,,,,,0,50,,gap
P7892,Benjamin,Jeffris,1998-09-11,73,223,Anglo,medium,blonde,goatee,L,RF,,0,,,60,49,53,52,50,50,46,48,47,52,,,,,,,,,,,,72,54,66,61,50,0,0,48,53,57,,,,,,,,,,,,False,,,0,,,,,,0,50,,spray
P9050,Lamont,Mosqueda,2000-08-11,72,203,Anglo,medium,black,beard,R,1B,,0,,,48,64,50,48,51,49,50,52,51,52,,,,,,,,,,,,53,73,55,57,51,0,0,52,62,60,,,,,,,,,,,,False,,,0,,,,,,0,50,,power
P2825,Juan,Martinez,2001-12-17,71,201,Hispanic,medium,brown,clean_shaven,R,2B,,0,,,54,48,84,53,52,52,58,48,50,52,,,,,,,,,,,,59,53,98,58,52,0,0,48,64,67,,,,,,,,,,,,False,,,0,,,,,,0,50,,speed
P1624,Stanford,Sanders,2001-03-14,74,245,Anglo,light,red,goatee,R,3B,,0,,,48,58,49,51,49,49,58,51,52,49,,,,,,,,,,,,59,64,55,66,49,0,0,51,66,54,,,,,,,,,,,,False,,,0,,,,,,0,50,,power
P9668,Scot,Mccarter,2005-09-17,71,194,Anglo,light,brown,clean_shaven,L,P,,1,RP,CL,,,,,55,,,,50,51,48,53,59,53,52,56,61,65,0,0,0,,,,,0,,,,75,70,83,70,60,83,63,66,90,83,0,0,0,False,,,0,,,,,,0,50,closer,
P6726,Carlos,Rodriguez,2007-04-03,78,232,Hispanic,light,black,clean_shaven,R,P,,1,RP,RP,,,,,48,,,,51,52,50,50,52,50,53,0,61,65,0,58,0,,,,,0,,,,65,67,60,75,73,68,82,0,80,79,0,79,0,False,,,0,,,,,,0,50,power_rp,
P9415,Jerald,Shaklee,2004-12-14,74,203,Anglo,medium,red,clean_shaven,S,P,,1,RP,RP,,,,,51,,,,49,52,52,50,53,51,51,0,63,0,0,0,0,,,,,0,,,,59,63,64,63,80,70,71,0,81,0,0,0,0,False,,,0,,,,,,0,50,finesse_rp,
P5224,Carlos,Reyes,2004-07-03,77,186,Hispanic,medium,black,clean_shaven,R,P,,1,RP,SP,,,,,52,,,,50,49,50,53,52,50,52,63,59,0,57,55,0,,,,,0,,,,67,65,75,70,73,62,81,90,88,0,67,82,0,False,,,0,,,,,,0,50,finesse_sp,
P8748,Juan,Sanchez,2007-12-15,74,164,Hispanic,dark,brown,mustache,R,P,,1,RP,RP,,,,,49,,,,51,49,53,51,52,52,51,58,61,0,0,0,0,,,,,0,,,,64,64,78,81,63,82,77,71,72,0,0,0,0,False,,,0,,,,,,0,50,finesse_rp,
P4223,Hector,Vasquez,2007-04-20,71,164,Hispanic,light,brown,clean_shaven,R,2B,,0,,,56,51,70,52,52,52,55,50,48,48,,,,,,,,,,,,81,70,98,73,52,0,0,50,64,59,,,,,,,,,,,,False,,,0,,,,,,0,50,,speed
P8821,Merrill,Quilliam,2004-05-02,77,184,Anglo,light,blonde,beard,R,3B,,0,,,51,50,52,52,49,49,57,52,50,50,,,,,,,,,,,,70,67,81,63,49,0,0,52,62,77,,,,,,,,,,,,False,,,0,,,,,,0,50,,gap
P6286,Percy,Taylor,2005-08-08,77,229,African,dark,brown,clean_shaven,R,C,,0,,,61,51,50,55,53,47,56,49,49,49,,,,,,,,,,,,90,65,77,79,53,0,0,49,69,73,,,,,,,,,,,,False,,,0,,,,,,0,50,,spray
P4650,Andrew,Pfeiffer,2006-09-25,77,241,Anglo,medium,red,beard,R,3B,,0,,,51,50,50,52,47,53,59,52,52,50,,,,,,,,,,,,67,63,75,75,47,0,0,52,79,73,,,,,,,,,,,,False,,,0,,,,,,0,50,,gap
P2556,Jorge,Martinez,2004-05-07,75,224,Hispanic,medium,black,clean_shaven,R,3B,,0,,,52,48,52,50,51,49,59,51,49,51,,,,,,,,,,,,79,73,70,61,51,0,0,51,74,70,,,,,,,,,,,,False,,,0,,,,,,0,50,,average
P3141,Jose,Perez,2001-01-22,77,178,Hispanic,medium,blonde,mustache,R,P,,1,RP,CL,,,,,55,,,,47,50,51,50,52,52,52,60,0,67,0,0,0,,,,,0,,,,60,55,56,59,56,66,62,67,0,72,0,0,0,False,,,0,,,,,,0,50,closer,
P9186,Jermaine,Green,1992-06-17,72,228,African,dark,black,mustache,R,P,,1,RP,SP,,,,,48,,,,48,54,52,52,52,49,50,0,60,62,0,0,0,,,,,0,,,,39,52,45,50,49,45,46,0,54,56,0,0,0,False,,,0,,,,,,0,50,power_sp,
P8794,Xavier,Carter,2000-09-04,75,162,African,medium,brown,goatee,R,P,,1,RP,SP,,,,,48,,,,52,54,53,52,53,50,51,0,64,63,55,0,0,,,,,0,,,,58,66,67,62,68,63,59,0,77,77,62,0,0,False,,,0,,,,,,0,50,power_sp,
P3676,Rafael,Sanchez,1987-09-10,77,182,Hispanic,dark,brown,mustache,L,P,,1,RP,SP,,,,,51,,,,51,51,53,50,53,51,51,57,61,61,0,53,0,,,,,0,,,,46,41,41,45,52,50,49,50,56,51,0,47,0,False,,,0,,,,,,0,50,power_sp,
P9235,German,Vence,1998-05-16,69,181,Anglo,light,blonde,clean_shaven,L,P,,1,RP,SP,,,,,49,,,,51,51,50,51,54,52,52,62,59,0,0,0,0,,,,,0,,,,56,58,66,61,64,57,67,72,66,0,0,0,0,False,,,0,,,,,,0,50,balanced_sp,
P9441,Marcelo,Rubulcaba,2003-10-08,68,215,Anglo,medium,black,clean_shaven,S,P,,1,RP,CL,,,,,50,,,,49,52,50,52,52,49,53,60,0,66,0,0,0,,,,,0,,,,55,67,60,61,59,63,62,65,0,76,0,0,0,False,,,0,,,,,,0,50,closer,
P1788,Manuel,Torres,1987-11-04,78,238,Hispanic,medium,black,mustache,L,P,,1,RP,RP,,,,,55,,,,52,51,48,50,52,51,50,57,0,64,63,0,0,,,,,0,,,,49,46,50,52,38,48,40,50,0,58,53,0,0,False,,,0,,,,,,0,50,groundball_rp,
P6859,Jorge,Reyes,1993-01-01,77,234,Hispanic,medium,brown,mustache,S,P,,1,RP,SP,,,,,54,,,,51,49,53,50,54,51,49,60,60,61,57,0,0,,,,,0,,,,51,41,40,45,52,41,45,52,59,58,57,0,0,False,,,0,,,,,,0,50,groundball_sp,
P7770,Florencio,Gizinski,2002-11-29,74,202,Anglo,light,red,clean_shaven,S,P,,1,RP,RP,,,,,54,,,,50,49,52,50,52,51,50,0,0,65,59,0,0,,,,,0,,,,59,64,62,66,62,66,55,0,0,80,72,0,0,False,,,0,,,,,,0,50,groundball_rp,
P5567,Odis,Carney,2002-07-11,71,181,Anglo,light,brown,clean_shaven,L,P,,1,RP,RP,,,,,52,,,,52,53,51,50,52,50,52,60,61,0,0,0,0,,,,,0,,,,64,59,63,57,57,56,58,70,76,0,0,0,0,False,,,0,,,,,,0,50,finesse_rp,
P8448,Ike,Skyers,2002-06-14,73,162,Anglo,medium,brown,clean_shaven,L,P,,1,RP,SP,,,,,51,,,,48,51,50,52,53,51,52,60,62,0,56,0,0,,,,,0,,,,63,62,59,59,57,59,65,73,69,0,64,0,0,False,,,0,,,,,,0,50,finesse_sp,
P2438,Rufus,King,1996-06-09,77,205,African,dark,brown,mustache,L,C,,0,,,52,53,52,51,49,49,52,53,52,52,,,,,,,,,,,,55,49,53,55,49,0,0,53,55,52,,,,,,,,,,,,False,,,0,,,,,,0,50,,balanced
P1402,Hector,Rodriguez,1997-02-17,78,200,Hispanic,dark,blonde,clean_shaven,L,1B,LF,0,,,53,62,51,52,47,54,45,53,49,52,,,,,,,,,,,,50,65,55,53,47,0,0,53,45,48,,,,,,,,,,,,False,,,0,,,,,,0,50,,power
P3968,Fabian,Gullickson,1989-03-03,69,161,Anglo,light,blonde,mustache,S,2B,,0,,,50,50,70,51,49,51,53,52,48,52,,,,,,,,,,,,48,49,70,47,49,0,0,52,42,47,,,,,,,,,,,,False,,,0,,,,,,0,50,,speed
P4986,Cedric,White,1996-01-25,70,199,African,dark,brown,clean_shaven,R,3B,,0,,,53,47,50,52,49,47,59,49,52,51,,,,,,,,,,,,49,51,49,53,49,0,0,49,52,53,,,,,,,,,,,,False,,,0,,,,,,0,50,,spray
P4774,Tyron,Reau,1987-07-03,76,219,Anglo,light,brown,mustache,R,SS,,0,,,52,61,47,51,48,53,59,49,48,50,,,,,,,,,,,,43,56,38,47,48,0,0,49,40,45,,,,,,,,,,,,False,,,0,,,,,,0,50,,power
P7414,Duane,Esfahani,1992-03-27,71,179,Anglo,medium,black,clean_shaven,R,LF,,0,,,53,59,51,49,47,51,60,53,51,50,,,,,,,,,,,,47,59,43,46,47,0,0,53,49,41,,,,,,,,,,,,False,,,0,,,,,,0,50,,power
P9697,Juan,Diaz,1993-05-29,68,245,Hispanic,dark,black,clean_shaven,R,CF,,0,,,50,50,70,50,50,51,50,51,48,50,,,,,,,,,,,,41,49,67,48,50,0,0,51,41,47,,,,,,,,,,,,False,,,0,,,,,,0,50,,speed
P4701,Carlos,Martinez,1999-06-30,68,181,Hispanic,medium,blonde,clean_shaven,L,RF,,0,,,51,50,49,50,48,48,48,53,53,50,,,,,,,,,,,,58,58,60,61,48,0,0,53,60,62,,,,,,,,,,,,False,,,0,,,,,,0,50,,balanced
P3825,Ricardo,Diaz,2001-06-20,75,250,Hispanic,dark,blonde,mustache,L,LF,RF,0,,,49,57,53,51,50,52,50,51,50,52,,,,,,,,,,,,63,63,60,58,50,0,0,51,55,61,,,,,,,,,,,,False,,,0,,,,,,0,50,,balanced
P8351,Dion,Groshek,2002-05-20,77,181,Anglo,light,black,clean_shaven,R,2B,,0,,,53,47,70,52,52,51,58,52,52,48,,,,,,,,,,,,58,59,78,63,52,0,0,52,65,59,,,,,,,,,,,,False,,,0,,,,,,0,50,,speed
P2279,Randy,Escorcia,2002-02-01,69,163,Anglo,medium,black,clean_shaven,L,1B,,0,,,52,61,49,49,49,50,44,52,49,51,,,,,,,,,,,,65,67,61,64,49,0,0,52,59,56,,,,,,,,,,,,False,,,0,,,,,,0,50,,power
P3157,Juan,Guerrero,1993-10-15,74,216,Hispanic,light,black,beard,R,SS,,0,,,52,47,85,51,50,48,59,52,51,48,,,,,,,,,,,,42,42,79,42,50,0,0,52,49,39,,,,,,,,,,,,False,,,0,,,,,,0,50,,elite_speed
P1608,Garth,Dispirito,1989-08-30,72,241,Anglo,light,black,beard,S,1B,,0,,,53,48,70,52,53,48,53,53,48,52,,,,,,,,,,,,51,43,63,50,53,0,0,53,38,48,,,,,,,,,,,,False,,,0,,,,,,0,50,,speed
P2391,Pedro,Morales,2002-10-21,78,181,Hispanic,dark,black,goatee,R,2B,,0,,,55,51,52,52,50,51,57,51,51,52,,,,,,,,,,,,67,63,59,57,50,0,0,51,58,57,,,,,,,,,,,,False,,,0,,,,,,0,50,,balanced
P2068,Alejandro,Perez,2003-12-02,71,204,Hispanic,light,brown,clean_shaven,L,P,,1,RP,CL,,,,,55,,,,50,52,48,50,53,50,51,0,0,66,0,0,0,,,,,0,,,,55,60,63,62,55,64,64,0,0,73,0,0,0,False,,,0,,,,,,0,50,closer,
P7013,Marco,Skarke,2003-11-30,76,200,Anglo,light,blonde,clean_shaven,R,P,RF,1,RP,RP,,,,,53,,,,50,48,53,52,54,49,51,62,61,0,0,0,0,,,,,0,,,,60,54,62,64,58,55,65,70,71,0,0,0,0,False,,,0,,,,,,0,50,finesse_rp,
P4558,Fernando,Reyes,2002-01-02,71,200,Hispanic,light,black,mustache,L,P,,1,RP,SP,,,,,51,,,,52,49,53,54,53,49,53,58,59,0,56,0,0,,,,,0,,,,67,64,65,63,63,59,67,67,70,0,67,0,0,False,,,0,,,,,,0,50,finesse_sp,
P2945,Raul,Rivera,1990-05-02,71,232,Hispanic,medium,black,clean_shaven,R,P,,1,RP,SP,,,,,53,,,,51,51,52,50,53,49,52,61,60,61,59,0,0,,,,,0,,,,48,49,49,49,43,40,50,57,54,52,52,0,0,False,,,0,,,,,,0,50,groundball_sp,
P8976,Dwight,Mccowan,1989-06-30,68,224,Anglo,light,black,mustache,R,P,,1,RP,RP,,,,,51,,,,51,52,52,50,52,49,55,0,63,0,0,0,0,,,,,0,,,,42,44,41,50,51,42,45,0,57,0,0,0,0,False,,,0,,,,,,0,50,power_rp,
P3884,Dwain,Heape,1999-02-11,71,173,Anglo,dark,black,clean_shaven,R,P,,1,RP,CL,,,,,49,,,,48,53,50,52,53,49,54,0,61,67,0,0,0,,,,,0,,,,53,59,57,63,64,56,63,0,71,72,0,0,0,False,,,0,,,,,,0,50,closer,
P1587,Jorge,Ortiz,2002-07-08,70,233,Hispanic,light,brown,goatee,R,P,,1,RP,CL,,,,,51,,,,52,54,51,50,52,50,54,60,62,66,0,0,0,,,,,0,,,,63,66,55,64,60,64,65,68,72,80,0,0,0,False,,,0,,,,,,0,50,closer,
P5409,Carlos,Gomez,1993-04-13,68,171,Hispanic,medium,black,mustache,R,3B,2B,0,,,49,49,49,50,49,51,57,51,50,48,,,,,,,,,,,,44,44,47,40,49,0,0,51,43,44,,,,,,,,,,,,False,,,0,,,,,,0,50,,balanced
P6158,Rafael,Reyes,1988-03-22,72,173,Hispanic,medium,blonde,beard,L,RF,,0,,,51,51,70,51,53,52,47,51,50,52,,,,,,,,,,,,46,47,64,46,53,0,0,51,40,44,,,,,,,,,,,,False,,,0,,,,,,0,50,,speed
P7916,Francisco,Rodriguez,1996-01-15,74,185,Hispanic,medium,blonde,clean_shaven,R,CF,,0,,,52,48,76,49,50,51,55,51,48,52,,,,,,,,,,,,57,47,79,45,50,0,0,51,52,55,,,,,,,,,,,,False,,,0,,,,,,0,50,,speed
P2713,Kristofer,Kinstle,2004-03-21,72,184,Anglo,medium,blonde,clean_shaven,L,LF,,0,,,52,52,48,49,49,53,50,49,48,52,,,,,,,,,,,,67,80,72,78,49,0,0,49,72,75,,,,,,,,,,,,False,,,0,,,,,,0,50,,average
P4117,Keith,Postuci,1988-07-09,71,165,Anglo,medium,blonde,goatee,S,CF,,0,,,53,50,50,53,51,51,51,52,49,51,,,,,,,,,,,,49,44,41,52,51,0,0,52,42,43,,,,,,,,,,,,False,,,0,,,,,,0,50,,balanced
P1198,Francisco,Flores,2004-12-14,69,188,Hispanic,medium,black,clean_shaven,R,1B,,0,,,65,55,53,53,53,48,56,52,53,49,,,,,,,,,,,,94,85,80,83,53,0,0,52,73,61,,,,,,,,,,,,False,,,0,,,,,,0,50,,spray
P2601,Carol,Warncke,2003-01-05,69,215,Anglo,light,blonde,clean_shaven,L,RF,,0,,,50,51,48,51,50,49,43,51,51,53,,,,,,,,,,,,58,65,63,66,50,0,0,51,57,66,,,,,,,,,,,,False,,,0,,,,,,0,50,,balanced
P6829,Luther,Weirauch,1988-08-26,74,209,Anglo,medium,brown,clean_shaven,R,2B,,0,,,56,48,48,53,48,53,59,49,50,49,,,,,,,,,,,,47,46,48,46,48,0,0,49,50,48,,,,,,,,,,,,False,,,0,,,,,,0,50,,balanced
P9727,Carlos,Ramos,2008-02-05,76,203,Hispanic,dark,black,clean_shaven,L,P,,1,RP,CL,,,,,55,,,,50,53,50,50,52,49,54,0,0,65,0,0,0,,,,,0,,,,68,64,79,66,67,62,77,0,0,95,0,0,0,False,,,0,,,,,,0,50,closer,
P3009,Roberto,Gonzalez,2005-05-04,69,245,Hispanic,light,black,clean_shaven,S,P,,1,RP,SP,,,,,51,,,,50,50,51,51,52,50,53,0,63,60,0,0,0,,,,,0,,,,62,74,70,74,62,72,73,0,86,82,0,0,0,False,,,0,,,,,,0,50,power_sp,
P8002,Clifton,Ussery,2004-10-31,75,163,Anglo,light,black,clean_shaven,R,P,,1,RP,SP,,,,,51,,,,51,54,50,52,52,51,54,0,60,58,0,55,0,,,,,0,,,,67,75,63,81,62,61,81,0,84,70,0,83,0,False,,,0,,,,,,0,50,power_sp,
P2552,Rafael,Rodriguez,2008-02-16,70,248,Hispanic,medium,brown,clean_shaven,R,P,,1,RP,SP,,,,,52,,,,52,49,53,50,52,50,50,0,62,59,0,0,0,,,,,0,,,,75,62,62,78,67,73,70,0,74,80,0,0,0,False,,,0,,,,,,0,50,power_sp,
P4280,Chang,Imbesi,2004-05-18,68,244,Anglo,medium,blonde,clean_shaven,L,P,,1,RP,RP,,,,,52,,,,48,53,51,50,53,49,55,0,63,64,0,0,0,,,,,0,,,,72,75,60,66,67,65,85,0,88,81,0,0,0,False,,,0,,,,,,0,50,power_rp,
P9173,Carlos,Mendoza,2006-08-12,72,247,Hispanic,medium,brown,mustache,R,CF,,0,,,58,52,50,54,52,47,55,50,51,50,,,,,,,,,,,,69,82,62,81,52,0,0,50,79,73,,,,,,,,,,,,False,,,0,,,,,,0,50,,spray
P6516,Fernando,Martinez,2007-09-24,71,235,Hispanic,dark,blonde,goatee,L,1B,,0,,,50,50,70,52,50,47,50,52,48,52,,,,,,,,,,,,62,75,95,63,50,0,0,52,77,81,,,,,,,,,,,,False,,,0,,,,,,0,50,,speed
P6036,Antonio,Reyes,2007-02-14,68,180,Hispanic,medium,brown,clean_shaven,R,LF,,0,,,50,62,50,50,48,53,58,52,48,51,,,,,,,,,,,,74,74,77,61,48,0,0,52,69,70,,,,,,,,,,,,False,,,0,,,,,,0,50,,power
P1552,Jose,Cruz,2005-08-25,73,209,Hispanic,medium,blonde,mustache,R,RF,,0,,,65,53,51,53,51,49,57,51,52,51,,,,,,,,,,,,79,67,64,81,51,0,0,51,81,72,,,,,,,,,,,,False,,,0,,,,,,0,50,,spray
P6794,Carlos,Hernandez,2007-03-29,76,191,Hispanic,medium,brown,clean_shaven,R,LF,,0,,,53,60,52,51,48,52,55,49,49,51,,,,,,,,,,,,70,86,72,65,48,0,0,49,78,73,,,,,,,,,,,,False,,,0,,,,,,0,50,,power
P5881,Manuel,Rodriguez,1997-08-07,74,185,Hispanic,medium,brown,clean_shaven,R,P,,1,RP,CL,,,,,55,,,,52,53,47,51,52,53,52,56,0,65,0,0,0,,,,,0,,,,55,57,52,55,49,54,52,60,0,61,0,0,0,False,,,0,,,,,,0,50,closer,
P4888,Antonio,Gonzalez,1999-11-26,72,170,Hispanic,dark,black,clean_shaven,R,P,,1,RP,SP,,,,,48,,,,50,52,50,50,52,48,51,0,64,59,0,0,0,,,,,0,,,,63,66,61,61,61,57,58,0,71,68,0,0,0,False,,,0,,,,,,0,50,power_sp,
P9301,Archie,Sillitti,1993-05-29,76,191,Anglo,light,red,clean_shaven,R,P,,1,RP,RP,,,,,49,,,,48,50,52,50,52,53,50,57,60,63,0,0,0,,,,,0,,,,46,47,40,47,47,52,47,53,50,57,0,0,0,False,,,0,,,,,,0,50,power_rp,
P8763,Louis,Chancy,1989-07-04,75,182,Anglo,light,black,beard,R,P,,1,RP,SP,,,,,52,,,,50,49,52,53,54,50,53,63,62,59,60,0,0,,,,,0,,,,46,45,43,50,43,40,53,53,55,49,53,0,0,False,,,0,,,,,,0,50,balanced_sp,
P8647,Jorge,Lopez,2003-08-13,72,212,Hispanic,dark,brown,mustache,R,P,,1,RP,RP,,,,,57,,,,48,48,49,50,52,49,51,0,59,67,63,0,0,,,,,0,,,,61,54,60,64,58,55,58,0,66,77,72,0,0,False,,,0,,,,,,0,50,groundball_rp,
P4423,Raul,Ramirez,1998-07-24,74,167,Hispanic,medium,brown,clean_shaven,R,P,,1,RP,SP,,,,,50,,,,51,49,51,53,52,48,50,60,0,60,0,0,0,,,,,0,,,,66,61,59,58,62,56,58,66,0,74,0,0,0,False,,,0,,,,,,0,50,balanced_sp,
P5467,Miquel,Natt,1994-05-22,75,245,Anglo,medium,red,clean_shaven,L,P,,1,RP,SP,,,,,51,,,,51,50,53,50,52,48,52,62,61,61,0,0,0,,,,,0,,,,52,52,45,48,57,52,57,57,57,60,0,0,0,False,,,0,,,,,,0,50,workhorse_sp,
P4836,Miguel,Diaz,2004-12-23,78,164,Hispanic,medium,black,mustache,L,P,,1,RP,LR,,,,,49,,,,50,50,52,50,54,50,54,61,63,67,0,0,0,,,,,0,,,,61,70,80,77,74,62,68,79,73,89,0,0,0,False,,,0,,,,,,0,50,long_relief,
P4609,Ricky,Barbarin,1998-12-01,75,239,Anglo,light,blonde,clean_shaven,R,P,,1,RP,SP,,,,,51,,,,50,53,52,50,52,48,55,0,61,59,0,0,0,,,,,0,,,,59,58,55,59,64,55,63,0,73,72,0,0,0,False,,,0,,,,,,0,50,power_sp,
P4184,Luis,Flores,2001-03-23,72,232,Hispanic,light,black,mustache,R,P,,1,RP,RP,,,,,49,,,,49,52,52,51,52,49,51,0,58,0,0,0,0,,,,,0,,,,64,66,62,61,62,58,61,0,72,0,0,0,0,False,,,0,,,,,,0,50,finesse_rp,
P8363,Sam,Thamphia,1991-08-03,75,227,Anglo,medium,blonde,goatee,S,P,,1,RP,SP,,,,,48,,,,50,52,54,50,52,52,54,61,0,60,0,0,0,,,,,0,,,,40,44,40,47,51,44,44,58,0,51,0,0,0,False,,,0,,,,,,0,50,balanced_sp,
P8337,Hunter,Chmura,2004-11-27,74,186,Anglo,medium,brown,clean_shaven,R,C,,0,,,51,61,49,52,51,53,57,51,50,52,,,,,,,,,,,,72,81,66,70,51,0,0,51,77,73,,,,,,,,,,,,False,,,0,,,,,,0,50,,power
P8332,Deandre,Eshlerman,1999-10-31,78,225,Anglo,light,brown,clean_shaven,S,1B,,0,,,52,51,52,49,53,49,52,51,50,50,,,,,,,,,,,,67,65,59,60,53,0,0,51,65,58,,,,,,,,,,,,False,,,0,,,,,,0,50,,average
P2214,Damian,Kapuscinski,1988-03-19,70,238,Anglo,medium,brown,clean_shaven,R,2B,,0,,,58,52,51,55,54,47,58,53,51,52,,,,,,,,,,,,49,50,42,47,54,0,0,53,42,42,,,,,,,,,,,,False,,,0,,,,,,0,50,,spray
P6921,Pedro,Sanchez,1996-02-13,77,215,Hispanic,medium,black,beard,R,3B,,0,,,52,60,50,51,47,52,57,49,52,48,,,,,,,,,,,,49,57,52,49,47,0,0,49,52,48,,,,,,,,,,,,False,,,0,,,,,,0,50,,power
P7093,Raul,Mendoza,1990-07-23,73,247,Hispanic,medium,blonde,clean_shaven,L,SS,,0,,,48,53,49,51,49,48,47,52,50,48,,,,,,,,,,,,39,47,46,49,49,0,0,52,45,40,,,,,,,,,,,,False,,,0,,,,,,0,50,,balanced
P5785,Antonio,Vasquez,1992-08-10,76,163,Hispanic,medium,black,mustache,L,LF,,0,,,53,60,48,51,51,52,48,51,50,50,,,,,,,,,,,,48,54,45,43,51,0,0,51,47,43,,,,,,,,,,,,False,,,0,,,,,,0,50,,power
P2502,Ricardo,Castillo,1996-01-07,73,202,Hispanic,dark,brown,clean_shaven,L,CF,,0,,,55,48,54,52,50,50,50,51,50,51,,,,,,,,,,,,55,44,59,51,50,0,0,51,47,46,,,,,,,,,,,,False,,,0,,,,,,0,50,,spray
P2180,Brad,Camire,1994-09-27,68,166,Anglo,light,brown,clean_shaven,L,RF,,0,,,48,60,50,49,50,52,50,49,47,48,,,,,,,,,,,,43,64,54,53,50,0,0,49,43,46,,,,,,,,,,,,False,,,0,,,,,,0,50,,power
P3004,Alejandro,Ortiz,1994-09-27,68,167,Hispanic,dark,black,goatee,R,SS,,0,,,49,49,51,52,51,52,55,50,53,49,,,,,,,,,,,,46,44,51,47,51,0,0,50,57,46,,,,,,,,,,,,False,,,0,,,,,,0,50,,balanced
P7016,Dwain,Zoldesy,1992-02-24,77,224,Anglo,light,blonde,beard,L,LF,,0,,,49,59,50,50,50,53,49,49,50,52,,,,,,,,,,,,46,53,43,49,50,0,0,49,43,48,,,,,,,,,,,,False,,,0,,,,,,0,50,,balanced
P5547,Shawn,Peralto,1989-04-08,75,207,Anglo,light,brown,clean_shaven,R,SS,,0,,,58,50,54,53,53,48,57,52,47,49,,,,,,,,,,,,56,49,49,44,53,0,0,52,40,42,,,,,,,,,,,,False,,,0,,,,,,0,50,,spray
P5921,Delbert,Wilner,1992-09-11,72,248,Anglo,light,brown,clean_shaven,R,RF,,0,,,64,53,50,52,51,47,56,49,50,50,,,,,,,,,,,,62,53,45,48,51,0,0,49,42,42,,,,,,,,,,,,False,,,0,,,,,,0,50,,spray
P9602,Rafael,Morales,2000-11-21,72,229,Hispanic,medium,black,beard,S,3B,,0,,,51,50,51,50,49,51,54,50,50,49,,,,,,,,,,,,57,57,65,56,49,0,0,50,64,58,,,,,,,,,,,,False,,,0,,,,,,0,50,,balanced
P7420,Jarrett,Faulkner,1990-09-09,78,166,Anglo,medium,red,clean_shaven,L,LF,,0,,,53,52,49,53,52,51,49,50,52,53,,,,,,,,,,,,53,49,42,44,52,0,0,50,49,49,,,,,,,,,,,,False,,,0,,,,,,0,50,,average
P9717,Miguel,Garcia,1990-09-21,73,204,Hispanic,dark,blonde,mustache,L,P,,1,RP,CL,,,,,55,,,,51,50,50,51,52,50,55,58,61,67,0,0,0,,,,,0,,,,43,42,48,46,46,41,48,56,61,63,0,0,0,False,,,0,,,,,,0,50,closer,
P8567,Roberto,Cruz,2002-07-20,73,208,Hispanic,medium,black,clean_shaven,R,P,,1,RP,SP,,,,,49,,,,52,48,54,53,54,51,51,62,62,0,0,0,0,,,,,0,,,,67,54,59,67,64,61,64,71,70,0,0,0,0,False,,,0,,,,,,0,50,finesse_sp,
P2900,Manuel,Sanchez,2000-05-31,69,232,Hispanic,medium,blonde,clean_shaven,R,P,,1,RP,SP,,,,,48,,,,51,51,53,51,54,48,51,61,62,60,0,0,0,,,,,0,,,,61,57,59,66,63,55,66,67,75,65,0,0,0,False,,,0,,,,,,0,50,workhorse_sp,
P1277,Raul,Diaz,1997-12-23,72,210,Hispanic,dark,black,beard,R,P,,1,RP,RP,,,,,51,,,,52,50,49,50,53,48,53,56,63,66,0,0,0,,,,,0,,,,52,49,49,49,52,50,51,51,66,67,0,0,0,False,,,0,,,,,,0,50,power_rp,
P8848,Jorge,Gonzalez,2003-03-17,73,191,Hispanic,medium,black,beard,R,P,,1,RP,SP,,,,,49,,,,49,51,54,51,54,48,53,62,59,0,57,0,0,,,,,0,,,,58,57,63,65,63,56,64,71,65,0,71,0,0,False,,,0,,,,,,0,50,finesse_sp,
P5886,Jorge,Rivera,1988-01-10,74,245,Hispanic,light,black,goatee,L,P,,1,RP,SP,,,,,50,,,,50,50,51,52,53,52,52,59,60,0,0,55,0,,,,,0,,,,45,43,42,44,44,45,45,54,55,0,0,45,0,False,,,0,,,,,,0,50,finesse_sp,
P8124,Laurence,Camus,1989-06-03,68,179,Anglo,medium,black,beard,L,P,,1,RP,SP,,,,,19,,,,49,52,53,51,52,50,53,0,58,0,61,0,0,,,,,10,,,,43,51,46,48,49,42,53,0,49,0,53,0,0,False,,,0,,,,,,0,50,groundball_sp,
P7421,Abraham,Slane,1992-04-22,74,176,Anglo,light,brown,clean_shaven,S,1B,,0,,,49,49,51,48,50,50,53,48,48,51,,,,,,,,,,,,43,39,46,42,50,0,0,48,46,43,,,,,,,,,,,,False,,,0,,,,,,0,50,,average
P2571,Manuel,Hernandez,2000-03-30,70,173,Hispanic,medium,blonde,goatee,R,C,,0,,,49,49,48,51,51,50,56,50,52,48,,,,,,,,,,,,60,57,57,58,51,0,0,50,66,63,,,,,,,,,,,,False,,,0,,,,,,0,50,,average
P9693,Luke,Glessner,2002-05-21,73,197,Anglo,light,brown,clean_shaven,R,SS,,0,,,52,52,50,51,52,47,57,51,48,49,,,,,,,,,,,,59,64,61,58,52,0,0,51,54,60,,,,,,,,,,,,False,,,0,,,,,,0,50,,balanced
P5364,Bryan,Mclennon,1995-08-19,68,189,Anglo,light,brown,clean_shaven,R,3B,,0,,,50,49,47,51,48,51,56,53,49,51,,,,,,,,,,,,53,50,46,50,48,0,0,53,46,52,,,,,,,,,,,,False,,,0,,,,,,0,50,,average
P5944,Antonio,Vargas,1998-06-06,73,245,Hispanic,medium,brown,beard,R,RF,,0,,,50,59,51,49,50,49,58,49,49,53,,,,,,,,,,,,58,68,56,58,50,0,0,49,62,67,,,,,,,,,,,,False,,,0,,,,,,0,50,,power
P6892,Rayford,Hotelling,1989-11-03,75,193,Anglo,medium,black,beard,S,1B,,0,,,59,52,50,53,51,48,51,50,48,52,,,,,,,,,,,,55,49,50,44,51,0,0,50,40,50,,,,,,,,,,,,False,,,0,,,,,,0,50,,spray
P7329,Carlos,Sanchez,1995-11-23,72,248,Hispanic,light,blonde,goatee,R,CF,,0,,,64,49,51,53,51,51,52,51,48,53,,,,,,,,,,,,60,52,48,56,51,0,0,51,43,51,,,,,,,,,,,,False,,,0,,,,,,0,50,,spray
P2480,Anderson,Molinski,1990-02-10,68,201,Anglo,light,blonde,clean_shaven,R,3B,,0,,,52,51,51,51,46,48,58,50,52,50,,,,,,,,,,,,48,41,41,50,46,0,0,50,48,47,,,,,,,,,,,,False,,,0,,,,,,0,50,,gap
P9185,Antonio,Rivera,2004-10-02,73,217,Hispanic,dark,brown,clean_shaven,R,P,,1,RP,CL,,,,,55,,,,49,54,49,50,52,52,54,0,0,66,0,0,0,,,,,0,,,,73,83,63,69,62,70,77,0,0,92,0,0,0,False,,,0,,,,,,0,50,closer,
P1839,Don,Leaks,2007-09-19,71,225,Anglo,medium,blonde,clean_shaven,R,P,,1,RP,SP,,,,,50,,,,48,50,51,50,52,48,51,61,62,64,0,0,0,,,,,0,,,,62,71,60,80,70,74,63,91,78,88,0,0,0,False,,,0,,,,,,0,50,power_sp,
P7035,James,Curro,2004-04-17,78,208,Anglo,light,brown,clean_shaven,L,P,,1,RP,SP,,,,,50,,,,51,49,52,50,52,52,50,60,63,58,56,0,0,,,,,0,,,,68,62,73,68,81,78,72,78,86,83,70,0,0,False,,,0,,,,,,0,50,workhorse_sp,
P8061,Manual,Brasseux,2005-08-12,76,230,Anglo,dark,blonde,beard,R,P,,1,RP,RP,,,,,52,,,,51,53,51,50,52,48,50,0,0,67,0,0,0,,,,,0,,,,71,74,64,66,81,63,67,0,0,82,0,0,0,False,,,0,,,,,,0,50,power_rp,
P5524,Johnnie,Kinaj,2005-02-05,72,182,Anglo,medium,brown,clean_shaven,R,P,,1,RP,SP,,,,,50,,,,51,49,51,51,52,50,49,61,0,62,0,0,0,,,,,0,,,,64,60,72,67,65,79,75,76,0,77,0,0,0,False,,,0,,,,,,0,50,workhorse_sp,
P9358,Luis,Cruz,2005-06-06,74,214,Hispanic,light,black,clean_shaven,R,2B,,0,,,50,53,48,52,48,51,57,50,50,52,,,,,,,,,,,,74,81,74,82,48,0,0,50,61,72,,,,,,,,,,,,False,,,0,,,,,,0,50,,balanced
P8222,Alejandro,Diaz,2005-01-25,73,206,Hispanic,light,blonde,clean_shaven,R,LF,,0,,,53,51,50,52,48,52,57,53,50,51,,,,,,,,,,,,65,61,70,74,48,0,0,53,66,72,,,,,,,,,,,,False,,,0,,,,,,0,50,,average
P2516,Anton,Wraight,2007-03-28,69,224,Anglo,light,red,clean_shaven,S,3B,,0,,,51,62,50,51,46,50,56,49,51,50,,,,,,,,,,,,74,89,64,69,46,0,0,49,76,62,,,,,,,,,,,,False,,,0,,,,,,0,50,,power
P7364,Jonas,Moser,2005-05-15,75,206,Anglo,medium,brown,goatee,R,CF,,0,,,50,54,50,50,49,52,53,47,51,51,,,,,,,,,,,,75,66,63,78,49,0,0,47,69,69,,,,,,,,,,,,False,,,0,,,,,,0,50,,gap
P4204,Parker,Overdorf,2006-01-08,69,210,Anglo,light,blonde,clean_shaven,R,SS,,0,,,54,48,49,51,52,47,55,50,48,49,,,,,,,,,,,,72,59,66,80,52,0,0,50,78,69,,,,,,,,,,,,False,,,0,,,,,,0,50,,spray
P1871,Marshall,Sidoti,1996-08-17,76,172,Anglo,medium,black,beard,S,P,,1,RP,CL,,,,,55,,,,51,53,47,50,52,52,55,0,0,65,0,0,0,,,,,0,,,,55,57,54,54,51,51,50,0,0,62,0,0,0,False,,,0,,,,,,0,50,closer,
P5571,Man,Gabaree,1989-08-19,76,237,Anglo,medium,blonde,clean_shaven,R,P,,1,RP,SP,,,,,50,,,,52,51,53,53,52,52,52,59,60,61,0,0,0,,,,,0,,,,51,42,49,52,44,49,45,52,59,57,0,0,0,False,,,0,,,,,,0,50,balanced_sp,
P2363,Gabriel,Sandhoff,1990-11-29,74,209,Anglo,light,blonde,goatee,R,P,,1,RP,SP,,,,,51,,,,50,52,52,54,52,52,49,62,59,0,0,0,0,,,,,0,,,,41,51,44,43,42,50,40,61,53,0,0,0,0,False,,,0,,,,,,0,50,finesse_sp,
P8401,Arlie,Kostka,1995-04-09,76,235,Anglo,medium,brown,clean_shaven,R,P,,1,RP,RP,,,,,51,,,,49,53,48,52,52,51,55,0,60,0,0,0,0,,,,,0,,,,45,56,51,55,47,52,54,0,56,0,0,0,0,False,,,0,,,,,,0,50,power_rp,
P6548,Tim,Wannamaker,1993-07-02,76,248,Anglo,dark,blonde,clean_shaven,R,P,,1,RP,SP,,,,,51,,,,51,52,52,53,53,48,51,58,0,57,57,0,0,,,,,0,,,,45,49,47,49,52,46,41,57,0,56,47,0,0,False,,,0,,,,,,0,50,groundball_sp,
P7893,Asa,Marchell,1989-04-27,75,228,Anglo,medium,blonde,clean_shaven,L,P,,1,RP,RP,,,,,50,,,,50,48,50,52,52,53,51,61,60,0,0,0,0,,,,,0,,,,48,43,47,50,40,52,44,57,60,0,0,0,0,False,,,0,,,,,,0,50,finesse_rp,
P8522,Otto,Parlor,1998-06-28,68,193,Anglo,light,black,mustache,R,P,,1,RP,RP,,,,,48,,,,51,54,50,50,52,49,53,0,60,65,0,0,0,,,,,0,,,,63,64,57,57,60,54,61,0,67,79,0,0,0,False,,,0,,,,,,0,50,power_rp,
P5426,Mauro,Pavelich,2002-11-23,78,193,Anglo,light,blonde,clean_shaven,R,P,,1,RP,SP,,,,,51,,,,48,51,51,50,52,48,53,0,61,63,0,55,0,,,,,0,,,,61,65,64,60,57,60,59,0,74,74,0,63,0,False,,,0,,,,,,0,50,power_sp,
P9368,Erwin,Pry,1996-08-02,76,204,Anglo,light,brown,mustache,L,P,,1,RP,SP,,,,,52,,,,50,50,50,50,52,51,53,62,61,60,0,0,0,,,,,0,,,,55,54,49,51,48,51,52,57,60,55,0,0,0,False,,,0,,,,,,0,50,workhorse_sp,
P1314,Olen,Spirer,1995-12-09,78,184,Anglo,medium,brown,mustache,L,P,,1,RP,SP,,,,,50,,,,48,50,51,52,52,50,50,61,63,61,0,0,0,,,,,0,,,,50,50,53,56,48,45,48,61,59,60,0,0,0,False,,,0,,,,,,0,50,workhorse_sp,
P3334,Alvaro,Ketron,1988-02-27,78,214,Anglo,light,blonde,mustache,L,P,,1,RP,RP,,,,,52,,,,51,54,50,50,52,49,54,0,59,64,0,0,0,,,,,0,,,,43,52,40,48,49,46,44,0,49,60,0,0,0,False,,,0,,,,,,0,50,power_rp,
P5307,Otto,Mclagan,2002-09-03,71,188,Anglo,medium,brown,clean_shaven,R,C,,0,,,50,58,50,49,51,53,59,53,52,53,,,,,,,,,,,,62,73,57,61,51,0,0,53,58,60,,,,,,,,,,,,False,,,0,,,,,,0,50,,power
P2692,Ira,Chomka,1999-09-06,69,215,Anglo,light,black,goatee,S,1B,,0,,,64,54,51,53,50,48,47,51,49,48,,,,,,,,,,,,77,59,57,59,50,0,0,51,63,56,,,,,,,,,,,,False,,,0,,,,,,0,50,,spray
P8703,Tuan,Shipe,2002-12-16,72,237,Anglo,light,red,mustache,R,2B,,0,,,50,50,52,52,51,50,57,52,52,50,,,,,,,,,,,,59,59,67,66,51,0,0,52,61,62,,,,,,,,,,,,False,,,0,,,,,,0,50,,average
P2198,Glenn,Freehling,1994-07-21,68,164,Anglo,medium,brown,clean_shaven,R,3B,,0,,,49,50,85,52,53,52,57,49,48,50,,,,,,,,,,,,44,53,84,57,53,0,0,49,46,48,,,,,,,,,,,,False,,,0,,,,,,0,50,,elite_speed
P7278,Timmy,Altschuler,1992-10-24,72,231,Anglo,light,brown,goatee,R,SS,CF,0,,,51,49,53,50,51,52,56,51,51,51,,,,,,,,,,,,42,43,51,44,51,0,0,51,48,46,,,,,,,,,,,,False,,,0,,,,,,0,50,,average
P1485,Gerald,Eugley,1993-08-14,78,247,Anglo,medium,blonde,mustache,L,LF,,0,,,54,49,70,53,53,51,50,49,53,51,,,,,,,,,,,,45,47,67,43,53,0,0,49,53,49,,,,,,,,,,,,False,,,0,,,,,,0,50,,speed
P5509,Rosario,Denyes,1989-06-18,70,198,Anglo,dark,black,clean_shaven,L,CF,,0,,,54,51,52,52,53,51,42,51,52,51,,,,,,,,,,,,52,45,46,42,53,0,0,51,42,45,,,,,,,,,,,,False,,,0,,,,,,0,50,,balanced
P1952,Domingo,Flaherty,1987-06-10,74,161,Anglo,medium,black,mustache,R,RF,,0,,,52,53,51,51,48,51,55,50,48,51,,,,,,,,,,,,47,48,46,51,48,0,0,50,45,41,,,,,,,,,,,,False,,,0,,,,,,0,50,,balanced
P8364,Virgil,Zettlemoyer,1991-08-09,77,204,Anglo,light,black,clean_shaven,R,CF,,0,,,50,48,72,52,51,49,52,49,50,49,,,,,,,,,,,,46,48,67,42,51,0,0,49,42,43,,,,,,,,,,,,False,,,0,,,,,,0,50,,speed
P8005,Rigoberto,Minert,1998-03-27,78,169,Anglo,light,black,clean_shaven,R,RF,,0,,,52,59,49,50,53,52,53,50,51,50,,,,,,,,,,,,62,69,64,56,53,0,0,50,56,63,,,,,,,,,,,,False,,,0,,,,,,0,50,,balanced
P1043,Roderick,Grieb,1999-10-22,78,228,Anglo,light,black,clean_shaven,L,1B,,0,,,49,63,51,51,47,54,47,51,52,52,,,,,,,,,,,,54,68,65,61,47,0,0,51,60,61,,,,,,,,,,,,False,,,0,,,,,,0,50,,power
P9748,Mose,Hadson,2004-01-23,77,238,Anglo,medium,brown,clean_shaven,R,SS,,0,,,57,49,52,54,51,46,57,49,48,50,,,,,,,,,,,,72,58,57,66,51,0,0,49,62,65,,,,,,,,,,,,False,,,0,,,,,,0,50,,spray
P6865,Rico,Banfield,1997-04-27,78,198,Anglo,light,brown,clean_shaven,L,CF,LF,0,,,51,50,50,50,53,50,46,49,48,51,,,,,,,,,,,,50,50,46,55,53,0,0,49,50,53,,,,,,,,,,,,False,,,0,,,,,,0,50,,balanced
P4962,Lanny,Sonkin,1992-05-06,70,224,Anglo,light,brown,goatee,R,CF,,0,,,52,48,70,51,50,52,54,52,49,52,,,,,,,,,,,,45,47,66,46,50,0,0,52,40,46,,,,,,,,,,,,False,,,0,,,,,,0,50,,speed
P9803,Russell,Read,1989-05-22,75,182,Anglo,light,blonde,clean_shaven,L,P,,1,RP,CL,,,,,55,,,,48,53,50,50,52,49,54,57,61,66,0,0,0,,,,,0,,,,41,51,50,47,42,44,50,54,55,64,0,0,0,False,,,0,,,,,,0,50,closer,
P9999,Floyd,Lataquin,1996-06-07,73,171,Anglo,light,brown,clean_shaven,L,P,,1,RP,SP,,,,,50,,,,50,53,53,51,52,49,53,59,63,0,61,0,0,,,,,0,,,,54,54,54,54,57,51,53,64,60,0,63,0,0,False,,,0,,,,,,0,50,finesse_sp,
P3780,Jerald,Kut,1988-07-26,70,179,Anglo,dark,brown,clean_shaven,R,P,,1,RP,RP,,,,,55,,,,51,50,51,50,52,51,50,57,60,0,62,0,0,,,,,0,,,,47,41,43,47,48,50,44,57,51,0,52,0,0,False,,,0,,,,,,0,50,groundball_rp,
P6850,Jewel,Nesseth,1993-10-24,68,244,Anglo,dark,brown,clean_shaven,L,P,,1,RP,SP,,,,,49,,,,51,51,52,51,52,51,53,59,61,60,0,0,0,,,,,0,,,,45,47,44,49,42,48,43,53,57,53,0,0,0,False,,,0,,,,,,0,50,workhorse_sp,
P3540,Weldon,Caughman,2003-02-14,68,233,Anglo,dark,red,clean_shaven,L,P,,1,RP,SP,,,,,49,,,,52,51,53,52,52,47,51,60,62,60,58,0,0,,,,,0,,,,58,56,57,60,62,59,65,67,69,68,66,0,0,False,,,0,,,,,,0,50,balanced_sp,
P5982,Gerald,Gangestad,1996-12-24,70,240,Anglo,light,brown,clean_shaven,R,P,,1,RP,RP,,,,,51,,,,53,52,50,52,53,50,55,0,62,64,0,0,0,,,,,0,,,,56,57,55,56,51,54,54,0,65,59,0,0,0,False,,,0,,,,,,0,50,power_rp,
P3136,Merrill,Lowy,2000-09-12,76,207,Anglo,light,brown,mustache,R,P,,1,RP,SP,,,,,52,,,,48,50,50,50,53,50,55,0,63,58,57,0,0,,,,,0,,,,61,64,59,59,56,64,63,0,78,69,70,0,0,False,,,0,,,,,,0,50,power_sp,
P4584,Omar,Surina,1997-08-18,76,161,Anglo,medium,blonde,goatee,R,2B,,0,,,56,50,52,53,53,46,57,52,48,52,,,,,,,,,,,,59,55,48,51,53,0,0,52,53,54,,,,,,,,,,,,False,,,0,,,,,,0,50,,spray
P4882,Cornell,Hubbell,2004-12-15,72,194,Anglo,medium,black,clean_shaven,R,C,,0,,,52,51,49,52,51,53,58,48,49,50,,,,,,,,,,,,76,77,60,65,51,0,0,48,67,67,,,,,,,,,,,,False,,,0,,,,,,0,50,,average
P4851,Lynn,Orrego,1988-03-03,73,210,Anglo,light,brown,mustache,L,1B,,0,,,49,62,53,50,47,51,43,48,49,48,,,,,,,,,,,,48,55,47,49,47,0,0,48,40,44,,,,,,,,,,,,False,,,0,,,,,,0,50,,power
P6803,Kurt,Vangompel,1999-11-27,78,177,Anglo,light,black,beard,R,3B,,0,,,53,51,51,50,52,53,59,48,48,52,,,,,,,,,,,,66,64,57,60,52,0,0,48,57,57,,,,,,,,,,,,False,,,0,,,,,,0,50,,balanced
P7977,Kendrick,Denogean,2002-07-16,68,179,Anglo,dark,black,beard,R,SS,,0,,,49,54,50,50,52,48,57,53,47,50,,,,,,,,,,,,61,67,59,56,52,0,0,53,52,61,,,,,,,,,,,,False,,,0,,,,,,0,50,,gap
P1897,Glenn,Klaja,1999-08-08,74,245,Anglo,medium,brown,beard,L,1B,,0,,,52,56,53,53,50,53,48,49,51,51,,,,,,,,,,,,66,69,68,60,50,0,0,49,56,66,,,,,,,,,,,,False,,,0,,,,,,0,50,,balanced
P8340,Milford,Hickernell,1990-12-28,71,208,Anglo,medium,brown,clean_shaven,R,3B,,0,,,51,59,51,49,47,51,58,53,49,51,,,,,,,,,,,,42,55,48,39,47,0,0,53,44,49,,,,,,,,,,,,False,,,0,,,,,,0,50,,power
P4787,Mikel,Bogaert,1992-02-28,75,175,Anglo,dark,brown,clean_shaven,S,RF,,0,,,51,60,50,50,50,53,50,49,51,48,,,,,,,,,,,,45,54,45,45,50,0,0,49,50,46,,,,,,,,,,,,False,,,0,,,,,,0,50,,power
P6312,Terence,Sossamon,2005-04-27,77,207,Anglo,light,brown,mustache,R,P,,1,RP,CL,,,,,55,,,,52,50,49,50,54,50,52,0,0,65,0,0,0,,,,,0,,,,79,62,78,83,63,78,62,0,0,75,0,0,0,False,,,0,,,,,,0,50,closer,
P3641,Dustin,Romero,2007-04-07,73,167,Anglo,light,blonde,clean_shaven,R,P,,1,RP,RP,,,,,51,,,,50,49,52,53,52,50,53,59,0,0,0,0,0,,,,,0,,,,67,77,78,62,76,77,69,73,0,0,0,0,0,False,,,0,,,,,,0,50,finesse_rp,
P2521,Gail,Vickery,2006-06-18,78,204,Anglo,light,blonde,clean_shaven,R,P,,1,RP,SP,,,,,51,,,,49,50,52,50,52,51,52,0,60,60,56,58,0,,,,,0,,,,68,68,64,71,79,67,79,0,84,78,79,72,0,False,,,0,,,,,,0,50,power_sp,
P4744,Andre,Ghrist,2006-03-25,71,193,Anglo,light,black,mustache,R,P,,1,RP,RP,,,,,52,,,,52,52,49,53,54,50,49,60,61,65,0,0,0,,,,,0,,,,75,71,76,74,69,62,71,79,77,80,0,0,0,False,,,0,,,,,,0,50,finesse_rp,
P5401,Felton,Shuptrine,2005-07-06,71,198,Anglo,light,brown,clean_shaven,L,P,,1,RP,SP,,,,,49,,,,51,53,51,52,52,48,55,0,59,60,61,57,0,,,,,0,,,,64,80,70,70,62,77,81,0,74,79,84,78,0,False,,,0,,,,,,0,50,power_sp,
P3385,Shaun,Viessman,2007-04-06,76,244,Anglo,light,red,clean_shaven,R,3B,C,0,,,56,50,49,54,52,47,58,49,52,51,,,,,,,,,,,,74,71,60,80,52,0,0,49,81,70,,,,,,,,,,,,False,,,0,,,,,,0,50,,spray
P7053,Dannie,Ercolano,2006-02-08,73,250,Anglo,medium,blonde,clean_shaven,L,3B,,0,,,52,59,51,51,49,49,48,50,49,50,,,,,,,,,,,,80,74,80,70,49,0,0,50,78,78,,,,,,,,,,,,False,,,0,,,,,,0,50,,power
P3632,Angel,Hollenbaugh,2007-03-03,78,229,Anglo,light,brown,clean_shaven,R,C,,0,,,52,51,48,51,49,51,56,51,48,47,,,,,,,,,,,,81,73,58,63,49,0,0,51,63,68,,,,,,,,,,,,False,,,0,,,,,,0,50,,balanced
P2416,Burt,Dailey,2005-12-27,77,222,Anglo,dark,blonde,clean_shaven,L,3B,,0,,,49,49,52,49,48,53,50,49,50,50,,,,,,,,,,,,72,63,65,76,48,0,0,49,71,61,,,,,,,,,,,,False,,,0,,,,,,0,50,,average
P1292,Nicholas,Taruer,2004-10-18,75,188,Anglo,light,red,clean_shaven,L,1B,,0,,,52,51,70,52,49,49,48,53,50,52,,,,,,,,,,,,78,63,80,62,49,0,0,53,77,82,,,,,,,,,,,,False,,,0,,,,,,0,50,,speed
P6310,John,Doe,2004-01-28,74,226,Unknown,light,brown,clean_shaven,L,P,,1,RP,CL,,,,,55,,,,52,51,48,50,53,51,55,0,0,65,0,0,0,,,,,0,,,,65,56,61,61,54,56,60,0,0,80,0,0,0,False,,,0,,,,,,0,50,closer,
P1109,John,Doe,1996-07-01,76,183,Unknown,light,black,clean_shaven,R,P,,1,RP,RP,,,,,49,,,,50,48,52,53,52,50,51,57,62,0,0,0,0,,,,,0,,,,46,52,50,47,50,52,49,61,62,0,0,0,0,False,,,0,,,,,,0,50,finesse_rp,
P5662,John,Doe,1994-01-09,74,239,Unknown,medium,brown,beard,L,P,,1,RP,SP,,,,,51,,,,49,49,50,52,54,50,48,62,61,0,57,0,0,,,,,0,,,,40,48,45,50,46,43,44,57,59,0,57,0,0,False,,,0,,,,,,0,50,finesse_sp,
P3253,John,Doe,1992-02-10,76,183,Unknown,light,brown,beard,R,P,,1,RP,RP,,,,,55,,,,49,50,51,50,52,50,49,56,0,63,59,0,0,,,,,0,,,,46,48,43,46,44,48,41,53,0,59,54,0,0,False,,,0,,,,,,0,50,groundball_rp,
P3722,John,Doe,2004-07-23,68,236,Unknown,light,red,clean_shaven,L,P,,1,RP,SP,,,,,50,,,,49,50,52,54,54,53,51,63,63,0,0,0,0,,,,,0,,,,66,73,79,83,78,70,71,87,88,0,0,0,0,False,,,0,,,,,,0,50,finesse_sp,
P3795,John,Doe,1994-09-14,73,242,Unknown,dark,blonde,clean_shaven,R,P,,1,RP,RP,,,,,53,,,,50,48,48,53,52,50,50,60,64,0,0,58,0,,,,,0,,,,51,48,49,53,45,54,54,61,65,0,0,57,0,False,,,0,,,,,,0,50,finesse_rp,
P8576,John,Doe,1988-02-01,73,162,Unknown,dark,black,beard,R,P,,1,RP,RP,,,,,50,,,,47,50,48,51,53,49,50,62,60,0,0,0,0,,,,,0,,,,44,43,42,44,38,41,48,62,54,0,0,0,0,False,,,0,,,,,,0,50,finesse_rp,
P2379,John,Doe,1989-04-01,70,178,Unknown,light,black,beard,L,P,,1,RP,RP,,,,,48,,,,53,51,49,52,52,49,53,0,62,0,0,0,0,,,,,0,,,,45,47,44,43,48,49,44,0,54,0,0,0,0,False,,,0,,,,,,0,50,power_rp,
P6393,John,Doe,2002-05-14,77,244,Unknown,dark,black,clean_shaven,R,P,,1,RP,SP,,,,,48,,,,49,50,53,53,52,49,48,59,62,60,0,54,0,,,,,0,,,,63,62,67,66,66,59,57,65,71,68,0,60,0,False,,,0,,,,,,0,50,finesse_sp,
P1921,John,Doe,1991-04-13,71,200,Unknown,medium,black,clean_shaven,R,P,,1,RP,CL,,,,,50,,,,49,53,52,50,53,48,52,58,61,67,0,0,0,,,,,0,,,,48,51,48,50,52,44,51,57,52,67,0,0,0,False,,,0,,,,,,0,50,closer,
P6207,John,Doe,1998-12-12,72,183,Unknown,medium,brown,clean_shaven,L,P,,1,RP,LR,,,,,53,,,,51,53,49,52,54,49,54,0,59,0,0,0,0,,,,,0,,,,59,62,59,59,61,56,61,0,70,0,0,0,0,False,,,0,,,,,,0,50,long_relief,
P9385,John,Doe,2004-03-13,74,191,Unknown,light,blonde,mustache,L,C,,0,,,52,52,48,53,49,51,49,52,53,52,,,,,,,,,,,,74,62,71,64,49,0,0,52,73,64,,,,,,,,,,,,False,,,0,,,,,,0,50,,balanced
P3867,John,Doe,1998-03-10,73,243,Unknown,dark,blonde,clean_shaven,R,1B,,0,,,52,60,52,51,51,48,57,51,49,48,,,,,,,,,,,,57,66,67,60,51,0,0,51,59,58,,,,,,,,,,,,False,,,0,,,,,,0,50,,gap
P3512,John,Doe,2004-10-27,72,168,Unknown,dark,blonde,goatee,R,2B,3B,0,,,62,50,53,52,49,50,55,53,51,50,,,,,,,,,,,,84,67,72,75,49,0,0,53,80,71,,,,,,,,,,,,False,,,0,,,,,,0,50,,spray
P6100,John,Doe,2003-10-23,73,237,Unknown,dark,black,clean_shaven,R,3B,,0,,,53,49,85,52,50,51,57,50,49,52,,,,,,,,,,,,60,57,99,67,50,0,0,50,55,63,,,,,,,,,,,,False,,,0,,,,,,0,50,,speed
P6326,John,Doe,1989-01-20,70,213,Unknown,medium,brown,beard,R,SS,,0,,,59,52,51,53,50,49,55,52,53,50,,,,,,,,,,,,54,46,49,50,50,0,0,52,47,40,,,,,,,,,,,,False,,,0,,,,,,0,50,,spray
P1612,John,Doe,1991-06-25,78,162,Unknown,dark,blonde,clean_shaven,R,LF,,0,,,50,49,85,50,51,50,59,51,49,49,,,,,,,,,,,,50,49,82,45,51,0,0,51,44,41,,,,,,,,,,,,False,,,0,,,,,,0,50,,elite_speed
P1531,John,Doe,2000-04-22,69,205,Unknown,dark,brown,clean_shaven,L,CF,,0,,,56,50,50,52,53,52,48,48,49,48,,,,,,,,,,,,69,56,61,64,53,0,0,48,58,63,,,,,,,,,,,,False,,,0,,,,,,0,50,,spray
P8587,John,Doe,1988-06-06,68,217,Unknown,light,black,clean_shaven,R,RF,,0,,,54,48,52,53,52,52,58,51,51,51,,,,,,,,,,,,51,48,50,52,52,0,0,51,44,45,,,,,,,,,,,,False,,,0,,,,,,0,50,,spray
P8137,John,Doe,1987-11-16,76,203,Unknown,dark,red,clean_shaven,R,SS,,0,,,58,49,50,51,49,49,57,49,48,51,,,,,,,,,,,,56,48,41,45,49,0,0,49,45,51,,,,,,,,,,,,False,,,0,,,,,,0,50,,spray
P2511,John,Doe,2002-11-06,70,196,Unknown,light,brown,clean_shaven,R,CF,,0,,,56,47,51,53,51,48,57,51,49,48,,,,,,,,,,,,64,56,63,66,51,0,0,51,64,62,,,,,,,,,,,,False,,,0,,,,,,0,50,,spray
P9857,John,Doe,2004-10-23,72,173,Unknown,light,brown,clean_shaven,R,SS,,0,,,54,50,52,50,51,52,60,53,48,48,,,,,,,,,,,,71,73,69,68,51,0,0,53,76,65,,,,,,,,,,,,False,,,0,,,,,,0,50,,balanced
P5630,John,Doe,1988-10-25,78,178,Unknown,medium,black,clean_shaven,L,C,,0,,,51,52,87,52,51,51,48,50,50,51,,,,,,,,,,,,48,52,79,46,51,0,0,50,48,51,,,,,,,,,,,,False,,,0,,,,,,0,50,,speed
P7726,John,Doe,2000-10-30,72,179,Unknown,medium,black,goatee,R,C,,0,,,53,52,52,51,50,53,60,49,49,49,,,,,,,,,,,,59,59,61,58,50,0,0,49,54,63,,,,,,,,,,,,False,,,0,,,,,,0,50,,average
P3688,John,Doe,1996-02-01,72,223,Unknown,medium,blonde,clean_shaven,L,CF,,0,,,51,49,70,51,54,51,45,48,51,48,,,,,,,,,,,,49,53,71,52,54,0,0,48,52,45,,,,,,,,,,,,False,,,0,,,,,,0,50,,speed
P4062,John,Doe,1997-03-05,78,165,Unknown,dark,black,clean_shaven,L,P,1B,1,RP,CL,,,,,55,,,,50,54,47,53,56,49,53,57,59,65,0,0,0,,,,,0,,,,51,56,49,53,42,51,48,59,62,65,0,0,0,False,,,0,,,,,,0,50,closer,
P7843,John,Doe,1994-02-25,71,181,Unknown,light,black,clean_shaven,R,P,,1,RP,SP,,,,,49,,,,50,51,51,54,53,52,53,59,59,0,0,0,0,,,,,0,,,,49,43,46,53,51,52,49,58,50,0,0,0,0,False,,,0,,,,,,0,50,finesse_sp,
P3199,John,Doe,2003-11-22,68,241,Unknown,medium,brown,clean_shaven,L,P,,1,RP,SP,,,,,52,,,,53,49,52,53,52,48,50,60,61,59,58,0,0,,,,,0,,,,65,61,65,59,65,60,63,74,75,67,65,0,0,False,,,0,,,,,,0,50,groundball_sp,
P9802,John,Doe,1999-03-26,68,181,Unknown,light,brown,clean_shaven,R,P,,1,RP,LR,,,,,50,,,,49,53,49,50,53,51,50,56,60,64,0,0,0,,,,,0,,,,62,68,55,66,64,56,56,69,70,79,0,0,0,False,,,0,,,,,,0,50,long_relief,
P5693,John,Doe,2004-11-19,77,239,Unknown,light,black,mustache,L,P,,1,RP,SP,,,,,52,,,,51,53,50,50,52,49,54,62,59,61,0,0,0,,,,,0,,,,78,73,79,73,65,67,83,82,77,74,0,0,0,False,,,0,,,,,,0,50,balanced_sp,
P7151,John,Doe,1995-09-28,77,241,Unknown,dark,black,clean_shaven,L,P,,1,RP,RP,,,,,57,,,,53,49,48,50,53,53,53,0,0,0,60,0,0,,,,,0,,,,58,50,48,48,50,52,48,0,0,0,64,0,0,False,,,0,,,,,,0,50,groundball_rp,
P4096,John,Doe,1997-08-27,74,179,Unknown,medium,brown,goatee,R,P,,1,RP,SP,,,,,49,,,,49,52,50,51,54,50,53,61,62,0,0,0,0,,,,,0,,,,48,54,50,54,45,52,58,56,59,0,0,0,0,False,,,0,,,,,,0,50,finesse_sp,
P2641,John,Doe,1990-10-03,72,172,Unknown,medium,brown,goatee,R,SS,,0,,,60,47,68,53,50,47,62,52,49,49,,,,,,,,,,,,60,38,67,51,50,0,0,52,48,44,,,,,,,,,,,,False,,,0,,,,,,0,50,,spray
P5375,John,Doe,1999-09-02,75,176,Unknown,light,brown,clean_shaven,L,1B,,0,,,49,59,51,51,49,49,44,51,48,52,,,,,,,,,,,,62,72,57,61,49,0,0,51,54,59,,,,,,,,,,,,False,,,0,,,,,,0,50,,power
P6317,John,Doe,1988-06-03,78,183,Unknown,dark,black,beard,R,C,,0,,,60,50,52,56,52,49,57,51,50,50,,,,,,,,,,,,56,45,44,56,52,0,0,51,44,43,,,,,,,,,,,,False,,,0,,,,,,0,50,,spray
P9501,John,Doe,2004-10-20,74,236,Unknown,dark,brown,clean_shaven,R,3B,,0,,,53,51,53,52,52,49,55,50,48,51,,,,,,,,,,,,80,76,64,68,52,0,0,50,65,69,,,,,,,,,,,,False,,,0,,,,,,0,50,,gap
P3534,John,Doe,1992-05-17,68,200,Unknown,medium,brown,goatee,S,2B,,0,,,52,49,70,53,51,52,55,50,50,51,,,,,,,,,,,,44,39,67,53,51,0,0,50,43,44,,,,,,,,,,,,False,,,0,,,,,,0,50,,speed
P3705,John,Doe,1994-03-07,78,190,Unknown,dark,brown,clean_shaven,S,RF,3B,0,,,68,51,50,52,54,47,50,48,50,50,,,,,,,,,,,,67,49,47,54,54,0,0,48,47,48,,,,,,,,,,,,False,,,0,,,,,,0,50,,spray
P9764,John,Doe,2000-06-06,75,160,Unknown,dark,blonde,goatee,L,CF,,0,,,50,51,51,51,53,53,46,52,51,51,,,,,,,,,,,,65,65,59,56,53,0,0,52,57,60,,,,,,,,,,,,False,,,0,,,,,,0,50,,balanced
P3090,John,Doe,1995-03-16,77,177,Unknown,light,blonde,mustache,R,2B,,0,,,61,51,51,56,53,50,59,49,50,52,,,,,,,,,,,,57,46,55,56,53,0,0,49,49,49,,,,,,,,,,,,False,,,0,,,,,,0,50,,spray
P1710,John,Doe,2006-09-15,71,175,Unknown,medium,brown,clean_shaven,L,P,,1,RP,CL,,,,,55,,,,50,53,48,52,52,51,54,0,0,65,0,0,0,,,,,0,,,,64,75,65,71,60,79,80,0,0,76,0,0,0,False,,,0,,,,,,0,50,closer,
P3066,John,Doe,2007-06-10,71,249,Unknown,light,brown,clean_shaven,R,P,,1,RP,RP,,,,,55,,,,51,52,48,50,52,49,52,60,0,66,63,0,0,,,,,0,,,,67,64,60,79,74,74,72,83,0,77,87,0,0,False,,,0,,,,,,0,50,groundball_rp,
P3132,John,Doe,2005-11-06,76,215,Unknown,light,brown,clean_shaven,L,P,,1,RP,SP,,,,,51,,,,49,50,50,51,52,52,50,59,60,58,0,54,0,,,,,0,,,,62,72,74,78,74,78,70,80,72,87,0,76,0,False,,,0,,,,,,0,50,finesse_sp,
P5129,John,Doe,2004-03-08,74,198,Unknown,dark,black,clean_shaven,L,P,,1,RP,SP,,,,,53,,,,49,50,50,50,52,52,53,59,0,0,59,0,0,,,,,0,,,,59,74,64,82,71,73,77,78,0,0,81,0,0,False,,,0,,,,,,0,50,groundball_sp,
P2754,John,Doe,2007-11-29,77,210,Unknown,medium,brown,clean_shaven,L,P,,1,RP,LR,,,,,53,,,,51,50,53,52,54,49,49,58,59,67,0,0,0,,,,,0,,,,77,71,72,64,74,67,66,78,84,93,0,0,0,False,,,0,,,,,,0,50,long_relief,
P7136,John,Doe,2007-08-09,75,184,Unknown,light,brown,clean_shaven,R,SS,,0,,,60,50,53,54,53,48,57,52,51,48,,,,,,,,,,,,83,60,66,79,53,0,0,52,61,71,,,,,,,,,,,,False,,,0,,,,,,0,50,,spray
P5506,John,Doe,2004-05-15,71,191,Unknown,light,black,clean_shaven,R,LF,,0,,,52,59,50,51,51,49,58,50,49,49,,,,,,,,,,,,78,70,72,75,51,0,0,50,70,74,,,,,,,,,,,,False,,,0,,,,,,0,50,,gap
P4660,John,Doe,2005-02-26,76,248,Unknown,dark,brown,clean_shaven,R,RF,,0,,,66,50,51,51,54,49,54,51,51,51,,,,,,,,,,,,91,68,74,68,54,0,0,51,77,78,,,,,,,,,,,,False,,,0,,,,,,0,50,,spray
P6170,John,Doe,2005-08-25,77,169,Unknown,light,blonde,clean_shaven,S,LF,,0,,,51,52,51,49,50,53,51,53,48,51,,,,,,,,,,,,73,68,68,64,50,0,0,53,62,79,,,,,,,,,,,,False,,,0,,,,,,0,50,,average
P4971,John,Doe,2007-04-20,75,229,Unknown,light,black,clean_shaven,R,1B,,0,,,52,49,51,50,52,49,53,52,51,50,,,,,,,,,,,,78,67,71,64,52,0,0,52,77,75,,,,,,,,,,,,False,,,0,,,,,,0,50,,average
P3642,John,Doe,1990-05-22,70,170,Unknown,medium,brown,clean_shaven,S,P,,1,RP,CL,,,,,55,,,,51,54,48,52,54,49,54,58,61,66,0,0,0,,,,,0,,,,47,48,43,52,46,47,53,57,60,60,0,0,0,False,,,0,,,,,,0,50,closer,
P3084,John,Doe,1997-11-03,76,174,Unknown,medium,brown,beard,R,P,,1,RP,RP,,,,,52,,,,47,50,50,50,53,53,50,60,58,0,0,0,0,,,,,0,,,,42,46,55,52,50,54,45,60,61,0,0,0,0,False,,,0,,,,,,0,50,finesse_rp,
P7334,John,Doe,1999-08-28,77,245,Unknown,medium,black,mustache,L,P,,1,RP,SP,,,,,52,,,,50,50,51,50,54,51,51,62,58,0,58,0,0,,,,,0,,,,62,65,59,67,60,62,58,73,73,0,65,0,0,False,,,0,,,,,,0,50,groundball_sp,
P3931,John,Doe,1997-10-07,75,179,Unknown,light,blonde,goatee,L,P,,1,RP,SP,,,,,51,,,,52,50,52,52,52,48,52,60,62,60,56,0,0,,,,,0,,,,50,46,47,53,52,47,55,61,60,63,54,0,0,False,,,0,,,,,,0,50,workhorse_sp,
P1064,John,Doe,2003-07-25,77,168,Unknown,dark,blonde,clean_shaven,L,P,,1,RP,SP,,,,,49,,,,50,50,50,50,52,50,51,59,63,61,0,54,0,,,,,0,,,,64,57,65,60,55,57,66,66,68,67,0,65,0,False,,,0,,,,,,0,50,balanced_sp,
P9910,John,Doe,1998-06-20,75,246,Unknown,dark,black,clean_shaven,R,P,,1,RP,SP,,,,,48,,,,51,50,51,52,52,48,50,0,63,61,55,0,0,,,,,0,,,,60,61,58,57,60,54,61,0,73,68,62,0,0,False,,,0,,,,,,0,50,power_sp,
P7293,John,Doe,1993-03-19,77,176,Unknown,dark,brown,clean_shaven,R,P,LF,1,RP,SP,,,,,50,,,,49,52,51,52,52,52,50,62,60,60,0,57,0,,,,,0,,,,46,42,49,51,51,44,45,60,54,54,0,54,0,False,,,0,,,,,,0,50,workhorse_sp,
P6464,John,Doe,1993-11-11,73,216,Unknown,light,brown,clean_shaven,L,P,,1,RP,RP,,,,,54,,,,48,51,48,50,52,52,52,0,0,0,61,0,0,,,,,0,,,,39,48,46,47,40,43,45,0,0,0,53,0,0,False,,,0,,,,,,0,50,groundball_rp,
P6679,John,Doe,2004-07-21,73,247,Unknown,medium,blonde,clean_shaven,L,P,,1,RP,RP,,,,,53,,,,49,49,53,50,53,53,50,61,62,0,0,56,0,,,,,0,,,,65,60,71,70,65,82,69,80,73,0,0,85,0,False,,,0,,,,,,0,50,finesse_rp,
P4380,John,Doe,1990-10-01,75,189,Unknown,light,black,clean_shaven,L,P,,1,RP,CL,,,,,50,,,,52,53,50,51,52,52,55,0,60,66,0,0,0,,,,,0,,,,51,45,45,50,42,46,54,0,52,60,0,0,0,False,,,0,,,,,,0,50,closer,
P2194,John,Doe,1999-12-07,76,213,Unknown,medium,brown,mustache,L,P,,1,RP,SP,,,,,50,,,,48,52,52,50,53,52,51,61,59,59,61,0,0,,,,,0,,,,58,67,63,64,58,62,65,70,70,64,69,0,0,False,,,0,,,,,,0,50,workhorse_sp,
P9881,John,Doe,1988-11-16,68,246,Unknown,dark,blonde,beard,L,C,,0,,,48,58,49,51,50,50,47,49,50,51,,,,,,,,,,,,41,51,43,46,50,0,0,49,41,41,,,,,,,,,,,,False,,,0,,,,,,0,50,,power
P4258,John,Doe,1998-09-11,70,161,Unknown,medium,brown,clean_shaven,L,1B,,0,,,52,51,51,50,49,50,48,51,52,48,,,,,,,,,,,,67,62,66,57,49,0,0,51,59,54,,,,,,,,,,,,False,,,0,,,,,,0,50,,balanced
P6086,John,Doe,2003-12-10,76,176,Unknown,light,brown,clean_shaven,S,2B,,0,,,53,52,49,52,49,50,52,52,51,53,,,,,,,,,,,,67,64,57,59,49,0,0,52,66,65,,,,,,,,,,,,False,,,0,,,,,,0,50,,gap
P1784,John,Doe,2000-10-14,76,195,Unknown,medium,black,clean_shaven,S,3B,,0,,,48,52,49,49,47,51,54,49,50,50,,,,,,,,,,,,58,61,61,60,47,0,0,49,60,61,,,,,,,,,,,,False,,,0,,,,,,0,50,,balanced
P7836,John,Doe,1988-10-30,68,163,Unknown,medium,black,clean_shaven,R,SS,,0,,,63,52,71,51,51,50,59,52,49,48,,,,,,,,,,,,61,42,71,48,51,0,0,52,41,38,,,,,,,,,,,,False,,,0,,,,,,0,50,,spray
P6281,John,Doe,1991-01-22,73,182,Unknown,dark,red,clean_shaven,L,LF,,0,,,53,62,48,52,48,51,51,53,51,53,,,,,,,,,,,,53,57,46,48,48,0,0,53,41,47,,,,,,,,,,,,False,,,0,,,,,,0,50,,power
P4776,John,Doe,1992-08-09,68,222,Unknown,medium,black,clean_shaven,S,CF,,0,,,52,52,52,50,53,49,50,49,52,48,,,,,,,,,,,,52,43,45,47,53,0,0,49,47,48,,,,,,,,,,,,False,,,0,,,,,,0,50,,balanced
P9135,John,Doe,1990-05-21,77,203,Unknown,dark,brown,beard,S,RF,,0,,,49,50,50,49,51,52,53,49,49,51,,,,,,,,,,,,47,41,40,40,51,0,0,49,41,43,,,,,,,,,,,,False,,,0,,,,,,0,50,,average
P2101,John,Doe,1998-01-18,70,193,Unknown,medium,black,mustache,L,2B,,0,,,59,50,51,57,53,47,47,53,49,52,,,,,,,,,,,,59,47,52,61,53,0,0,53,52,51,,,,,,,,,,,,False,,,0,,,,,,0,50,,spray
P8634,John,Doe,1993-05-25,69,180,Unknown,light,brown,mustache,L,1B,,0,,,54,59,51,51,50,50,46,49,49,50,,,,,,,,,,,,46,52,48,41,50,0,0,49,48,48,,,,,,,,,,,,False,,,0,,,,,,0,50,,gap
P2179,John,Doe,2000-04-17,77,247,Unknown,light,brown,goatee,R,3B,,0,,,50,50,51,49,50,48,58,50,48,51,,,,,,,,,,,,56,60,63,58,50,0,0,50,54,58,,,,,,,,,,,,False,,,0,,,,,,0,50,,average
P2410,John,Doe,2002-01-01,72,176,Unknown,medium,black,clean_shaven,S,RF,,0,,,49,52,49,50,52,51,55,48,49,51,,,,,,,,,,,,58,60,59,64,52,0,0,48,63,56,,,,,,,,,,,,False,,,0,,,,,,0,50,,average
P7220,John,Doe,2001-12-28,78,176,Unknown,light,black,clean_shaven,R,SS,2B,0,,,52,50,54,53,49,49,59,53,49,50,,,,,,,,,,,,67,57,60,66,49,0,0,53,56,57,,,,,,,,,,,,False,,,0,,,,,,0,50,,balanced
P3496,John,Doe,1992-12-31,72,248,Unknown,light,brown,clean_shaven,R,3B,,0,,,50,53,49,50,47,48,57,51,52,49,,,,,,,,,,,,46,45,41,46,47,0,0,51,43,45,,,,,,,,,,,,False,,,0,,,,,,0,50,,balanced
P3014,John,Doe,1992-04-07,73,233,Unknown,light,brown,goatee,R,P,,1,RP,CL,,,,,55,,,,51,52,51,50,52,50,52,0,59,65,0,0,0,,,,,0,,,,50,44,41,44,41,48,45,0,58,63,0,0,0,False,,,0,,,,,,0,50,closer,
P2245,John,Doe,2001-12-02,78,161,Unknown,dark,black,clean_shaven,R,P,,1,RP,SP,,,,,51,,,,52,49,52,52,53,51,50,0,60,60,0,0,0,,,,,0,,,,62,60,63,59,64,63,64,0,66,72,0,0,0,False,,,0,,,,,,0,50,balanced_sp,
P2682,John,Doe,2004-04-24,70,196,Unknown,dark,black,clean_shaven,R,P,,1,RP,SP,,,,,50,,,,50,49,50,51,52,48,49,58,59,58,0,0,0,,,,,0,,,,69,65,68,70,80,61,71,77,77,78,0,0,0,False,,,0,,,,,,0,50,workhorse_sp,
P1935,John,Doe,2004-11-27,70,226,Unknown,light,blonde,goatee,R,P,,1,RP,SP,,,,,51,,,,50,50,52,50,52,51,54,58,62,60,0,53,0,,,,,0,,,,78,66,66,82,80,72,80,83,75,73,0,68,0,False,,,0,,,,,,0,50,power_sp,
P4695,John,Doe,1995-03-28,71,220,Unknown,medium,black,goatee,L,P,,1,RP,SP,,,,,49,,,,52,51,50,51,54,49,51,0,62,60,0,0,0,,,,,0,,,,54,52,54,57,51,54,55,0,58,64,0,0,0,False,,,0,,,,,,0,50,workhorse_sp,
P4199,John,Doe,1993-08-11,75,242,Unknown,light,blonde,beard,L,P,,1,RP,SP,,,,,54,,,,49,50,53,50,52,50,50,59,61,58,58,0,0,,,,,0,,,,40,40,45,50,50,42,42,51,56,55,52,0,0,False,,,0,,,,,,0,50,groundball_sp,
P4652,John,Doe,1988-03-15,72,240,Unknown,light,brown,beard,L,P,,1,RP,RP,,,,,50,,,,51,50,50,50,53,51,48,59,0,0,0,0,0,,,,,0,,,,47,48,42,47,47,46,42,53,0,0,0,0,0,False,,,0,,,,,,0,50,finesse_rp,
P7906,John,Doe,1988-02-05,73,195,Unknown,dark,black,goatee,L,LF,,0,,,52,53,48,52,48,51,47,52,51,51,,,,,,,,,,,,43,44,39,45,48,0,0,52,45,46,,,,,,,,,,,,False,,,0,,,,,,0,50,,balanced
P6780,John,Doe,1994-03-01,70,223,Unknown,light,black,beard,R,3B,,0,,,50,56,50,50,47,53,57,53,52,49,,,,,,,,,,,,43,55,44,47,47,0,0,53,42,47,,,,,,,,,,,,False,,,0,,,,,,0,50,,power
P4084,John,Doe,2005-02-25,71,172,Unknown,dark,brown,beard,L,C,,0,,,51,50,87,52,51,48,50,48,51,52,,,,,,,,,,,,63,62,97,65,51,0,0,48,73,82,,,,,,,,,,,,False,,,0,,,,,,0,50,,speed
P9577,John,Doe,1991-12-11,72,204,Unknown,light,black,goatee,L,LF,,0,,,53,64,51,51,49,51,51,50,50,52,,,,,,,,,,,,51,63,49,41,49,0,0,50,42,44,,,,,,,,,,,,False,,,0,,,,,,0,50,,power
P3390,John,Doe,1988-11-03,70,224,Unknown,light,black,mustache,R,SS,,0,,,51,62,50,50,48,49,56,51,49,47,,,,,,,,,,,,42,56,43,44,48,0,0,51,41,41,,,,,,,,,,,,False,,,0,,,,,,0,50,,power
P9312,John,Doe,2003-03-05,69,203,Unknown,dark,black,clean_shaven,R,LF,,0,,,51,51,48,52,49,48,55,52,51,52,,,,,,,,,,,,63,56,61,63,49,0,0,52,58,62,,,,,,,,,,,,False,,,0,,,,,,0,50,,balanced
P2264,John,Doe,1987-05-02,73,215,Unknown,medium,black,clean_shaven,S,CF,,0,,,52,51,49,49,50,54,46,50,48,49,,,,,,,,,,,,49,44,46,43,50,0,0,50,44,44,,,,,,,,,,,,False,,,0,,,,,,0,50,,average
P2177,John,Doe,1997-10-05,77,233,Unknown,light,blonde,beard,R,C,,0,,,51,57,48,52,48,53,55,51,50,50,,,,,,,,,,,,56,52,51,57,48,0,0,51,46,52,,,,,,,,,,,,False,,,0,,,,,,0,50,,power
P8296,John,Doe,2006-10-14,77,190,Unknown,dark,brown,clean_shaven,L,P,,1,RP,CL,,,,,55,,,,48,54,49,51,53,50,56,59,62,65,0,0,0,,,,,0,,,,75,68,68,78,59,63,70,72,83,84,0,0,0,False,,,0,,,,,,0,50,closer,
P7811,John,Doe,2005-12-08,74,163,Unknown,medium,black,clean_shaven,L,P,,1,RP,RP,,,,,56,,,,49,49,48,52,53,53,52,0,58,0,63,0,0,,,,,0,,,,74,60,79,80,58,69,76,0,78,0,77,0,0,False,,,0,,,,,,0,50,groundball_rp,
P2983,John,Doe,2008-01-01,78,166,Unknown,light,blonde,clean_shaven,L,P,,1,RP,SP,,,,,50,,,,50,50,51,51,52,48,52,62,62,60,0,57,0,,,,,0,,,,65,71,66,66,65,61,67,81,73,73,0,76,0,False,,,0,,,,,,0,50,workhorse_sp,
P3764,John,Doe,2005-05-23,76,239,Unknown,light,brown,goatee,L,P,,1,RP,CL,,,,,51,,,,49,50,49,53,54,50,54,60,60,66,0,0,0,,,,,0,,,,60,72,75,72,71,76,64,90,70,93,0,0,0,False,,,0,,,,,,0,50,closer,
P7841,John,Doe,2007-09-16,73,181,Unknown,dark,brown,clean_shaven,L,P,,1,RP,SP,,,,,51,,,,52,50,51,52,52,51,54,60,59,58,61,0,0,,,,,0,,,,76,63,71,73,74,76,73,85,89,74,84,0,0,False,,,0,,,,,,0,50,power_sp,
P6377,John,Doe,2004-07-15,74,189,Unknown,medium,brown,beard,R,C,,0,,,50,53,49,51,51,53,59,51,49,49,,,,,,,,,,,,73,78,64,74,51,0,0,51,59,67,,,,,,,,,,,,False,,,0,,,,,,0,50,,average
P2071,John,Doe,2005-05-22,68,213,Unknown,medium,black,clean_shaven,R,2B,,0,,,53,48,85,52,50,47,56,48,50,50,,,,,,,,,,,,72,58,99,67,50,0,0,48,69,71,,,,,,,,,,,,False,,,0,,,,,,0,50,,elite_speed
P2564,John,Doe,2007-12-12,76,246,Unknown,light,blonde,goatee,S,1B,,0,,,49,51,75,50,53,51,50,52,47,49,,,,,,,,,,,,75,79,92,67,53,0,0,52,58,77,,,,,,,,,,,,False,,,0,,,,,,0,50,,speed
P6239,John,Doe,2007-09-18,77,164,Unknown,medium,blonde,clean_shaven,R,2B,,0,,,50,51,49,49,51,50,60,51,49,53,,,,,,,,,,,,60,71,76,73,51,0,0,51,69,64,,,,,,,,,,,,False,,,0,,,,,,0,50,,balanced
P4644,John,Doe,2007-12-31,74,224,Unknown,dark,red,beard,R,3B,C,0,,,50,51,53,51,52,49,59,53,50,52,,,,,,,,,,,,67,68,70,81,52,0,0,53,61,70,,,,,,,,,,,,False,,,0,,,,,,0,50,,balanced
P7724,John,Doe,1995-01-25,77,245,Unknown,dark,brown,clean_shaven,R,P,,1,RP,CL,,,,,55,,,,51,54,50,50,54,51,55,0,0,67,0,0,0,,,,,0,,,,46,57,47,50,47,51,52,0,0,64,0,0,0,False,,,0,,,,,,0,50,closer,
P1055,John,Doe,2000-02-27,71,169,Unknown,light,blonde,clean_shaven,L,P,,1,RP,CL,,,,,51,,,,49,50,48,50,52,53,56,60,60,65,0,0,0,,,,,0,,,,54,57,61,65,62,64,71,73,75,73,0,0,0,False,,,0,,,,,,0,50,closer,
P5293,John,Doe,1987-03-29,72,211,Unknown,light,brown,clean_shaven,R,P,,1,RP,SP,,,,,48,,,,51,53,53,52,54,51,51,61,61,58,56,0,0,,,,,0,,,,46,50,42,54,43,47,51,51,58,55,51,0,0,False,,,0,,,,,,0,50,workhorse_sp,
P1459,John,Doe,2001-12-17,72,221,Unknown,dark,brown,clean_shaven,R,P,,1,RP,CL,,,,,51,,,,51,53,50,50,53,53,54,61,59,65,0,0,0,,,,,0,,,,63,62,65,58,64,67,68,67,72,72,0,0,0,False,,,0,,,,,,0,50,closer,
P4539,John,Doe,1987-12-31,75,249,Unknown,dark,black,clean_shaven,R,P,,1,RP,SP,,,,,51,,,,49,54,54,50,53,50,53,61,59,60,0,54,0,,,,,0,,,,39,51,47,43,48,43,46,58,51,59,0,53,0,False,,,0,,,,,,0,50,power_sp,
P8131,John,Doe,1994-06-05,72,176,Unknown,dark,brown,mustache,R,P,,1,RP,SP,,,,,50,,,,51,49,52,50,54,49,51,61,62,58,62,0,0,,,,,0,,,,47,52,49,51,51,49,54,66,62,62,63,0,0,False,,,0,,,,,,0,50,groundball_sp,
P5111,John,Doe,2002-05-26,70,228,Unknown,medium,black,clean_shaven,R,P,,1,RP,SP,,,,,47,,,,49,52,54,50,52,50,55,0,61,62,0,58,0,,,,,0,,,,57,62,61,63,66,57,64,0,69,70,0,72,0,False,,,0,,,,,,0,50,power_sp,
P9738,John,Doe,2000-07-17,75,199,Unknown,dark,black,beard,L,P,,1,RP,SP,,,,,52,,,,51,51,53,50,52,51,53,63,60,58,0,0,0,,,,,0,,,,60,56,59,60,62,62,65,72,72,70,0,0,0,False,,,0,,,,,,0,50,workhorse_sp,
P4013,John,Doe,2002-01-24,72,183,Unknown,light,brown,clean_shaven,L,P,,1,RP,SP,,,,,49,,,,51,53,49,51,52,48,52,61,63,58,55,0,0,,,,,0,,,,64,62,58,65,55,55,60,69,72,68,61,0,0,False,,,0,,,,,,0,50,balanced_sp,
P7901,John,Doe,2004-05-09,71,225,Unknown,light,black,clean_shaven,L,P,,1,RP,SP,,,,,48,,,,49,50,51,54,53,49,53,63,63,0,57,55,0,,,,,0,,,,78,72,77,68,68,67,79,88,87,0,69,69,0,False,,,0,,,,,,0,50,finesse_sp,
P2062,John,Doe,1990-03-29,72,167,Unknown,dark,brown,goatee,R,P,,1,RP,SP,,,,,51,,,,51,52,54,50,54,52,52,58,59,0,60,0,0,,,,,0,,,,50,44,43,51,50,46,47,51,54,0,57,0,0,False,,,0,,,,,,0,50,groundball_sp,
P9793,John,Doe,1988-10-31,78,206,Unknown,medium,brown,clean_shaven,R,C,,0,,,51,57,54,50,50,52,59,50,48,51,,,,,,,,,,,,49,49,44,43,50,0,0,50,42,41,,,,,,,,,,,,False,,,0,,,,,,0,50,,gap
P6481,John,Doe,2001-03-13,72,184,Unknown,light,brown,clean_shaven,R,1B,,0,,,50,53,53,49,51,49,53,49,52,50,,,,,,,,,,,,63,64,64,62,51,0,0,49,64,57,,,,,,,,,,,,False,,,0,,,,,,0,50,,balanced
P7521,John,Doe,1999-06-05,72,229,Unknown,medium,black,beard,R,2B,,0,,,54,49,70,51,49,48,57,49,49,52,,,,,,,,,,,,68,54,77,58,49,0,0,49,55,62,,,,,,,,,,,,False,,,0,,,,,,0,50,,speed
P3425,John,Doe,2000-05-29,72,225,Unknown,medium,black,clean_shaven,S,3B,,0,,,60,52,52,52,52,49,52,51,49,52,,,,,,,,,,,,67,62,63,64,52,0,0,51,58,59,,,,,,,,,,,,False,,,0,,,,,,0,50,,spray
P3606,John,Doe,1999-04-03,69,224,Unknown,light,brown,beard,R,SS,,0,,,53,47,92,51,51,49,62,53,49,50,,,,,,,,,,,,58,62,99,66,51,0,0,53,56,59,,,,,,,,,,,,False,,,0,,,,,,0,50,,speed
P4414,John,Doe,1994-07-31,71,208,Unknown,medium,brown,mustache,S,LF,,0,,,56,64,53,52,50,49,53,52,50,53,,,,,,,,,,,,51,66,52,57,50,0,0,52,45,57,,,,,,,,,,,,False,,,0,,,,,,0,50,,gap
P6784,John,Doe,2003-08-06,76,240,Unknown,medium,red,clean_shaven,L,CF,,0,,,56,50,53,54,51,48,46,48,51,49,,,,,,,,,,,,65,60,65,59,51,0,0,48,65,61,,,,,,,,,,,,False,,,0,,,,,,0,50,,spray
P8980,John,Doe,1996-10-07,69,199,Unknown,dark,brown,mustache,R,RF,,0,,,50,58,48,49,49,49,55,51,52,50,,,,,,,,,,,,49,60,45,46,49,0,0,51,55,52,,,,,,,,,,,,False,,,0,,,,,,0,50,,gap
P8897,John,Doe,1996-11-21,69,183,Unknown,medium,black,goatee,L,CF,,0,,,54,50,50,50,50,51,45,51,49,49,,,,,,,,,,,,58,54,47,50,50,0,0,51,54,45,,,,,,,,,,,,False,,,0,,,,,,0,50,,balanced
P1572,John,Doe,1996-12-31,73,220,Unknown,medium,black,mustache,L,1B,,0,,,52,60,51,51,48,51,47,51,49,48,,,,,,,,,,,,47,62,47,48,48,0,0,51,46,45,,,,,,,,,,,,False,,,0,,,,,,0,50,,power
P9343,John,Doe,1993-04-22,78,240,Unknown,light,brown,clean_shaven,S,1B,,0,,,51,58,53,50,51,52,53,51,51,50,,,,,,,,,,,,47,51,53,48,51,0,0,51,47,46,,,,,,,,,,,,False,,,0,,,,,,0,50,,power
P4288,John,Doe,1991-10-07,76,165,Unknown,medium,black,clean_shaven,R,C,,0,,,56,50,53,55,53,50,57,50,51,49,,,,,,,,,,,,55,45,50,49,53,0,0,50,48,40,,,,,,,,,,,,False,,,0,,,,,,0,50,,spray
P3824,John,Doe,1989-05-07,75,168,Unknown,medium,black,beard,S,CF,,0,,,53,50,52,51,51,50,46,49,48,48,,,,,,,,,,,,44,48,42,50,51,0,0,49,44,42,,,,,,,,,,,,False,,,0,,,,,,0,50,,balanced
P1761,John,Doe,1996-12-28,77,164,Unknown,light,brown,goatee,R,3B,,0,,,52,48,49,51,48,51,60,51,48,50,,,,,,,,,,,,48,49,54,47,48,0,0,51,43,55,,,,,,,,,,,,False,,,0,,,,,,0,50,,average
P2366,John,Doe,1989-08-27,77,226,Unknown,dark,black,beard,S,P,,1,RP,CL,,,,,55,,,,52,52,51,50,52,49,52,58,57,66,0,0,0,,,,,0,,,,51,44,49,43,46,42,43,48,50,59,0,0,0,False,,,0,,,,,,0,50,closer,
P6702,John,Doe,1995-01-07,71,223,Unknown,light,black,beard,L,P,,1,RP,RP,,,,,52,,,,48,51,49,52,54,52,53,0,60,63,0,0,0,,,,,0,,,,45,55,48,53,46,51,54,0,62,64,0,0,0,False,,,0,,,,,,0,50,power_rp,
P2677,John,Doe,2000-05-09,71,176,Unknown,dark,brown,clean_shaven,R,P,,1,RP,SP,,,,,52,,,,50,48,50,51,52,48,51,0,59,61,58,0,0,,,,,0,,,,60,56,56,66,59,59,60,0,65,73,71,0,0,False,,,0,,,,,,0,50,groundball_sp,
P8145,John,Doe,1996-06-16,72,164,Unknown,dark,black,clean_shaven,R,P,,1,RP,SP,,,,,52,,,,48,50,53,53,53,48,50,60,0,58,0,0,0,,,,,0,,,,45,55,51,57,58,53,50,64,0,62,0,0,0,False,,,0,,,,,,0,50,workhorse_sp,
P8473,John,Doe,2004-02-02,74,225,Unknown,dark,black,clean_shaven,S,P,,1,RP,RP,,,,,50,,,,52,50,50,53,54,51,54,60,62,0,0,56,0,,,,,0,,,,62,61,65,67,64,62,64,69,68,0,0,67,0,False,,,0,,,,,,0,50,finesse_rp,
P8199,John,Doe,2000-12-14,73,249,Unknown,light,black,clean_shaven,L,P,,1,RP,SP,,,,,50,,,,49,49,54,53,52,52,53,58,59,60,0,0,0,,,,,0,,,,64,57,58,59,68,63,66,66,70,72,0,0,0,False,,,0,,,,,,0,50,balanced_sp,
P6964,John,Doe,2003-05-27,69,239,Unknown,dark,brown,goatee,R,P,,1,RP,SP,,,,,50,,,,51,53,51,53,53,51,51,58,59,0,0,0,0,,,,,0,,,,66,62,59,60,57,61,58,69,71,0,0,0,0,False,,,0,,,,,,0,50,workhorse_sp,
P1559,John,Doe,2003-11-09,74,248,Unknown,dark,brown,beard,S,RF,,0,,,52,50,49,51,50,52,52,48,50,51,,,,,,,,,,,,64,59,59,63,50,0,0,48,65,60,,,,,,,,,,,,False,,,0,,,,,,0,50,,average
P3571,John,Doe,1992-12-29,68,239,Unknown,dark,black,mustache,L,RF,,0,,,52,59,51,50,49,53,49,48,48,49,,,,,,,,,,,,52,56,44,43,49,0,0,48,40,41,,,,,,,,,,,,False,,,0,,,,,,0,50,,power
P1148,John,Doe,2005-01-16,68,226,Unknown,dark,brown,clean_shaven,S,CF,,0,,,50,53,53,49,50,51,51,50,51,50,,,,,,,,,,,,73,68,65,68,50,0,0,50,68,73,,,,,,,,,,,,False,,,0,,,,,,0,50,,balanced
P1059,John,Doe,1998-02-26,71,217,Unknown,light,brown,beard,S,RF,,0,,,50,57,48,50,51,52,52,50,48,49,,,,,,,,,,,,55,59,50,45,51,0,0,50,52,54,,,,,,,,,,,,False,,,0,,,,,,0,50,,gap
P7180,John,Doe,1993-08-21,71,188,Unknown,dark,black,clean_shaven,L,SS,,0,,,50,52,52,51,52,47,48,53,50,51,,,,,,,,,,,,41,44,43,48,52,0,0,53,42,50,,,,,,,,,,,,False,,,0,,,,,,0,50,,average
P6478,John,Doe,2003-07-05,77,166,Unknown,dark,brown,beard,L,1B,,0,,,49,55,51,51,49,52,48,50,50,51,,,,,,,,,,,,62,67,60,65,49,0,0,50,63,65,,,,,,,,,,,,False,,,0,,,,,,0,50,,balanced
P7235,John,Doe,1988-07-13,77,236,Unknown,medium,blonde,beard,R,2B,,0,,,52,47,70,52,50,50,56,52,49,51,,,,,,,,,,,,51,44,66,43,50,0,0,52,46,47,,,,,,,,,,,,False,,,0,,,,,,0,50,,speed
P9404,John,Doe,1998-04-08,71,195,Unknown,light,brown,goatee,S,LF,,0,,,49,51,50,50,49,50,51,50,48,49,,,,,,,,,,,,59,62,55,59,49,0,0,50,57,58,,,,,,,,,,,,False,,,0,,,,,,0,50,,average
P4335,John,Doe,2006-07-10,76,203,Unknown,light,black,clean_shaven,L,P,,1,RP,CL,,,,,55,,,,49,53,52,50,53,52,55,58,60,66,0,0,0,,,,,0,,,,73,64,65,68,73,74,84,80,71,88,0,0,0,False,,,0,,,,,,0,50,closer,
P9436,John,Doe,2007-03-31,74,221,Unknown,dark,brown,goatee,L,P,1B,1,RP,RP,,,,,54,,,,51,52,50,52,53,50,51,60,0,0,63,0,0,,,,,0,,,,70,79,62,81,64,72,73,84,0,0,80,0,0,False,,,0,,,,,,0,50,groundball_rp,
P3690,John,Doe,2005-05-14,71,223,Unknown,light,black,clean_shaven,R,P,,1,RP,RP,,,,,51,,,,51,49,49,52,52,50,53,0,61,64,58,0,0,,,,,0,,,,62,69,72,65,64,76,76,0,86,90,74,0,0,False,,,0,,,,,,0,50,power_rp,
P9689,John,Doe,2006-03-04,75,173,Unknown,dark,black,beard,R,P,,1,RP,SP,,,,,50,,,,52,53,52,50,54,51,53,59,62,61,60,0,0,,,,,0,,,,75,71,62,69,66,80,79,69,90,85,78,0,0,False,,,0,,,,,,0,50,workhorse_sp,
P8854,John,Doe,2007-03-27,77,227,Unknown,light,black,clean_shaven,R,P,,1,RP,SP,,,,,49,,,,51,50,50,53,53,49,54,59,61,60,0,58,0,,,,,0,,,,67,78,69,63,66,65,69,75,81,76,0,83,0,False,,,0,,,,,,0,50,workhorse_sp,
P6424,John,Doe,2004-10-03,70,172,Unknown,light,brown,mustache,R,SS,,0,,,50,53,51,49,48,50,59,49,52,49,,,,,,,,,,,,80,76,73,78,48,0,0,49,69,59,,,,,,,,,,,,False,,,0,,,,,,0,50,,balanced
P5044,John,Doe,2005-12-08,73,165,Unknown,light,black,beard,L,LF,,0,,,52,50,47,52,49,49,48,50,49,52,,,,,,,,,,,,71,77,69,66,49,0,0,50,63,71,,,,,,,,,,,,False,,,0,,,,,,0,50,,average
P7177,John,Doe,2005-02-17,74,166,Unknown,light,brown,clean_shaven,R,C,,0,,,53,53,50,50,53,49,57,52,52,52,,,,,,,,,,,,63,77,73,65,53,0,0,52,77,62,,,,,,,,,,,,False,,,0,,,,,,0,50,,balanced
P2192,John,Doe,2006-01-17,73,215,Unknown,medium,brown,mustache,R,CF,,0,,,62,51,53,52,49,49,55,48,49,50,,,,,,,,,,,,78,62,82,72,49,0,0,48,70,75,,,,,,,,,,,,False,,,0,,,,,,0,50,,spray
P3010,John,Doe,2005-10-17,70,180,Unknown,light,black,clean_shaven,S,LF,,0,,,49,51,52,49,51,52,54,49,49,53,,,,,,,,,,,,77,80,74,60,51,0,0,49,63,74,,,,,,,,,,,,False,,,0,,,,,,0,50,,balanced
P1668,John,Doe,1989-09-22,69,222,Unknown,light,black,clean_shaven,R,P,,1,RP,CL,,,,,55,,,,52,50,47,51,52,52,51,60,0,65,0,0,0,,,,,0,,,,49,41,44,49,47,42,51,50,0,65,0,0,0,False,,,0,,,,,,0,50,closer,
P8994,John,Doe,1996-01-08,70,222,Unknown,dark,black,beard,R,P,,1,RP,RP,,,,,52,,,,48,49,51,51,54,52,52,61,58,0,0,58,0,,,,,0,,,,48,52,48,54,51,50,49,63,56,0,0,55,0,False,,,0,,,,,,0,50,finesse_rp,
P7372,John,Doe,1990-11-13,77,226,Unknown,dark,brown,clean_shaven,R,P,,1,RP,SP,,,,,49,,,,51,48,54,51,52,53,51,62,61,0,0,57,0,,,,,0,,,,45,43,51,49,49,47,50,59,55,0,0,51,0,False,,,0,,,,,,0,50,finesse_sp,
P3604,John,Doe,2002-07-04,68,236,Unknown,medium,blonde,clean_shaven,L,P,LF,1,RP,SP,,,,,51,,,,48,52,53,50,52,49,53,61,60,62,59,0,0,,,,,0,,,,54,66,58,66,58,63,64,67,66,75,74,0,0,False,,,0,,,,,,0,50,power_sp,
P5701,John,Doe,1993-12-14,69,193,Unknown,medium,blonde,clean_shaven,L,P,,1,RP,RP,,,,,51,,,,50,51,52,50,52,52,52,0,63,0,0,0,0,,,,,0,,,,46,41,50,48,51,51,47,0,61,0,0,0,0,False,,,0,,,,,,0,50,power_rp,
P8068,John,Doe,2002-10-18,75,222,Unknown,light,brown,clean_shaven,R,P,,1,RP,SP,,,,,52,,,,52,51,52,51,54,49,51,0,63,59,0,0,0,,,,,0,,,,67,66,60,68,65,57,60,0,71,74,0,0,0,False,,,0,,,,,,0,50,balanced_sp,
P1868,John,Doe,2001-02-08,70,193,Unknown,medium,brown,beard,L,P,,1,RP,SP,,,,,48,,,,50,53,50,51,52,50,54,0,61,62,0,54,0,,,,,0,,,,64,62,66,59,61,64,59,0,73,77,0,59,0,False,,,0,,,,,,0,50,power_sp,
P2415,John,Doe,2000-07-24,68,236,Unknown,medium,black,goatee,R,P,,1,RP,SP,,,,,48,,,,52,49,51,51,52,48,50,0,60,61,0,0,0,,,,,0,,,,60,64,63,65,57,62,59,0,74,71,0,0,0,False,,,0,,,,,,0,50,balanced_sp,
P9108,John,Doe,2002-08-25,71,243,Unknown,medium,blonde,goatee,R,P,,1,RP,SP,,,,,49,,,,52,53,50,50,54,51,55,58,64,62,0,55,0,,,,,0,,,,60,64,59,63,63,58,68,63,69,70,0,63,0,False,,,0,,,,,,0,50,power_sp,
P1808,John,Doe,1998-01-14,77,238,Unknown,light,brown,beard,R,P,,1,RP,LR,,,,,52,,,,48,50,49,50,53,52,53,57,58,66,0,0,0,,,,,0,,,,44,55,55,48,47,56,57,62,59,68,0,0,0,False,,,0,,,,,,0,50,long_relief,
P3694,John,Doe,1998-03-31,70,246,Unknown,medium,brown,mustache,R,P,,1,RP,RP,,,,,51,,,,49,50,50,51,53,51,55,0,0,66,0,0,0,,,,,0,,,,60,58,61,64,59,65,66,0,0,75,0,0,0,False,,,0,,,,,,0,50,power_rp,
P9867,John,Doe,1992-01-31,71,222,Unknown,medium,brown,goatee,R,C,,0,,,54,50,49,53,48,53,58,52,50,53,,,,,,,,,,,,52,43,45,53,48,0,0,52,41,44,,,,,,,,,,,,False,,,0,,,,,,0,50,,gap
P1745,John,Doe,1990-01-09,78,174,Unknown,dark,black,beard,L,1B,,0,,,52,56,51,49,49,51,46,50,49,51,,,,,,,,,,,,42,48,47,46,49,0,0,50,44,46,,,,,,,,,,,,False,,,0,,,,,,0,50,,balanced
P6562,John,Doe,2003-05-27,78,248,Unknown,medium,black,clean_shaven,R,2B,,0,,,52,64,49,49,47,49,60,48,51,52,,,,,,,,,,,,62,70,61,55,47,0,0,48,58,57,,,,,,,,,,,,False,,,0,,,,,,0,50,,power
P5549,John,Doe,2003-03-29,77,191,Unknown,dark,blonde,clean_shaven,R,3B,,0,,,51,52,71,50,50,49,59,50,50,51,,,,,,,,,,,,65,65,84,62,50,0,0,50,57,64,,,,,,,,,,,,False,,,0,,,,,,0,50,,speed
P4122,John,Doe,2001-10-07,68,230,Unknown,medium,black,clean_shaven,L,SS,,0,,,48,52,51,50,50,50,50,51,49,50,,,,,,,,,,,,60,57,66,61,50,0,0,51,57,62,,,,,,,,,,,,False,,,0,,,,,,0,50,,average
P6120,John,Doe,1988-07-16,73,222,Unknown,light,black,beard,R,LF,,0,,,53,64,51,50,51,49,54,51,50,53,,,,,,,,,,,,43,62,51,42,51,0,0,51,44,44,,,,,,,,,,,,False,,,0,,,,,,0,50,,power
P4798,John,Doe,2003-03-11,75,174,Unknown,medium,black,clean_shaven,R,CF,,0,,,55,49,94,52,50,51,58,48,51,48,,,,,,,,,,,,65,61,99,59,50,0,0,48,66,57,,,,,,,,,,,,False,,,0,,,,,,0,50,,elite_speed
P9170,John,Doe,1994-01-09,73,160,Unknown,light,brown,mustache,R,RF,,0,,,50,59,48,51,49,51,54,48,47,49,,,,,,,,,,,,47,49,47,48,49,0,0,48,39,41,,,,,,,,,,,,False,,,0,,,,,,0,50,,power
P7558,John,Doe,1990-05-20,76,213,Unknown,light,blonde,clean_shaven,L,RF,,0,,,51,62,52,50,49,51,46,48,48,49,,,,,,,,,,,,50,59,42,44,49,0,0,48,41,40,,,,,,,,,,,,False,,,0,,,,,,0,50,,power
P6198,John,Doe,1995-12-29,68,172,Unknown,light,blonde,clean_shaven,R,CF,,0,,,49,49,52,49,51,54,58,49,48,48,,,,,,,,,,,,45,51,53,45,51,0,0,49,49,52,,,,,,,,,,,,False,,,0,,,,,,0,50,,average
P5045,John,Doe,1998-06-22,74,206,Unknown,medium,brown,goatee,R,1B,,0,,,51,61,47,50,50,50,53,51,52,48,,,,,,,,,,,,58,76,56,57,50,0,0,51,58,54,,,,,,,,,,,,False,,,0,,,,,,0,50,,power
P7384,John,Doe,1997-10-26,70,248,Unknown,light,brown,clean_shaven,R,LF,,0,,,52,63,51,52,49,49,58,49,52,51,,,,,,,,,,,,47,65,49,52,49,0,0,49,56,52,,,,,,,,,,,,False,,,0,,,,,,0,50,,power
P6519,John,Doe,1992-02-28,72,175,Unknown,medium,black,clean_shaven,R,2B,,0,,,54,63,47,53,50,49,55,51,53,52,,,,,,,,,,,,48,62,41,48,50,0,0,51,47,47,,,,,,,,,,,,False,,,0,,,,,,0,50,,power
P8103,John,Doe,2000-01-10,77,188,Unknown,light,blonde,mustache,S,LF,,0,,,52,60,48,51,47,52,53,51,52,50,,,,,,,,,,,,63,75,55,63,47,0,0,51,60,64,,,,,,,,,,,,False,,,0,,,,,,0,50,,power
P2149,John,Doe,1995-04-10,76,189,Unknown,light,black,beard,L,P,,1,RP,CL,,,,,55,,,,49,54,51,52,52,51,55,60,58,65,0,0,0,,,,,0,,,,50,51,57,51,53,55,59,61,62,61,0,0,0,False,,,0,,,,,,0,50,closer,
P7215,John,Doe,1987-10-09,69,219,Unknown,dark,black,clean_shaven,L,P,,1,RP,SP,,,,,51,,,,51,52,51,50,52,53,50,63,61,0,0,56,0,,,,,0,,,,41,42,46,50,50,45,47,60,57,0,0,53,0,False,,,0,,,,,,0,50,finesse_sp,
P3987,John,Doe,2003-06-30,68,211,Unknown,medium,brown,goatee,L,P,RF,1,RP,SP,,,,,49,,,,50,52,53,52,54,52,52,62,62,0,0,0,0,,,,,0,,,,63,61,65,67,61,66,66,73,76,0,0,0,0,False,,,0,,,,,,0,50,finesse_sp,
P7011,John,Doe,1989-02-20,76,247,Unknown,dark,blonde,clean_shaven,R,P,,1,RP,RP,,,,,49,,,,52,51,48,51,53,49,50,0,61,0,0,0,0,,,,,0,,,,45,47,51,47,43,40,40,0,56,0,0,0,0,False,,,0,,,,,,0,50,power_rp,
P1140,John,Doe,1999-01-22,71,174,Unknown,light,black,clean_shaven,R,P,,1,RP,SP,,,,,51,,,,48,53,51,50,53,49,53,64,61,0,0,0,0,,,,,0,,,,56,68,65,59,60,61,65,72,73,0,0,0,0,False,,,0,,,,,,0,50,finesse_sp,
P5040,John,Doe,2005-01-27,74,231,Unknown,medium,red,clean_shaven,L,P,,1,RP,SP,,,,,49,,,,50,53,51,50,52,51,52,0,61,60,0,0,0,,,,,0,,,,71,76,77,68,63,76,72,0,74,86,0,0,0,False,,,0,,,,,,0,50,power_sp,
P5394,John,Doe,1988-08-24,75,228,Unknown,dark,black,clean_shaven,R,P,,1,RP,SP,,,,,51,,,,48,53,54,52,54,51,53,0,60,63,0,0,0,,,,,0,,,,40,47,43,51,47,51,43,0,56,63,0,0,0,False,,,0,,,,,,0,50,power_sp,
P8912,John,Doe,2000-04-30,70,184,Unknown,medium,brown,clean_shaven,R,RF,,0,,,51,49,50,52,52,52,55,51,52,53,,,,,,,,,,,,59,56,57,61,52,0,0,51,61,58,,,,,,,,,,,,False,,,0,,,,,,0,50,,average
P4360,John,Doe,1999-03-09,70,198,Unknown,medium,brown,goatee,R,C,,0,,,50,53,52,49,51,49,57,48,51,52,,,,,,,,,,,,65,60,62,56,51,0,0,48,63,62,,,,,,,,,,,,False,,,0,,,,,,0,50,,average
P3881,John,Doe,1998-04-28,73,161,Unknown,medium,black,clean_shaven,R,C,,0,,,49,53,51,49,48,50,58,48,51,50,,,,,,,,,,,,61,58,63,60,48,0,0,48,62,56,,,,,,,,,,,,False,,,0,,,,,,0,50,,balanced
P9519,John,Doe,1997-01-15,70,161,Unknown,dark,black,clean_shaven,R,CF,,0,,,48,51,51,48,52,50,56,47,48,52,,,,,,,,,,,,49,54,46,45,52,0,0,47,44,47,,,,,,,,,,,,False,,,0,,,,,,0,50,,balanced
P3668,John,Doe,1996-07-20,69,231,Unknown,light,brown,clean_shaven,R,SS,,0,,,51,52,50,50,51,48,58,48,50,49,,,,,,,,,,,,54,53,51,54,51,0,0,48,52,54,,,,,,,,,,,,False,,,0,,,,,,0,50,,balanced
P6091,John,Doe,1991-08-22,71,247,Unknown,medium,brown,clean_shaven,L,1B,,0,,,52,63,50,51,48,49,47,48,52,51,,,,,,,,,,,,46,63,50,47,48,0,0,48,50,46,,,,,,,,,,,,False,,,0,,,,,,0,50,,power
P4654,John,Doe,1991-05-20,72,162,Unknown,dark,brown,clean_shaven,R,2B,,0,,,51,52,70,50,49,48,59,48,48,52,,,,,,,,,,,,48,44,70,42,49,0,0,48,40,47,,,,,,,,,,,,False,,,0,,,,,,0,50,,speed
P2658,John,Doe,1996-01-25,72,163,Unknown,medium,black,clean_shaven,R,SS,,0,,,60,51,52,54,52,50,60,53,51,53,,,,,,,,,,,,60,50,52,55,52,0,0,53,51,50,,,,,,,,,,,,False,,,0,,,,,,0,50,,spray
P5916,John,Doe,2006-12-06,68,171,Unknown,light,brown,clean_shaven,L,P,,1,RP,CL,,,,,55,,,,51,52,51,50,54,52,52,60,63,65,0,0,0,,,,,0,,,,67,63,61,73,79,69,69,72,86,78,0,0,0,False,,,0,,,,,,0,50,closer,
P7389,John,Doe,2005-05-09,78,230,Unknown,dark,black,clean_shaven,L,P,,1,RP,SP,,,,,48,,,,48,53,52,50,52,51,56,0,62,61,56,0,0,,,,,0,,,,78,77,61,78,76,76,70,0,90,90,66,0,0,False,,,0,,,,,,0,50,power_sp,
P9510,John,Doe,2007-02-13,68,160,Unknown,dark,black,clean_shaven,L,P,,1,RP,SP,,,,,49,,,,49,52,51,52,54,50,53,59,62,59,0,56,0,,,,,0,,,,78,72,81,70,65,60,71,85,80,88,0,71,0,False,,,0,,,,,,0,50,power_sp,
P4565,John,Doe,2004-08-29,69,171,Unknown,dark,black,beard,R,P,,1,RP,SP,,,,,52,,,,51,50,53,50,52,53,53,63,63,62,0,0,0,,,,,0,,,,76,72,71,71,77,81,66,84,86,83,0,0,0,False,,,0,,,,,,0,50,workhorse_sp,
P4321,John,Doe,2005-12-22,70,165,Unknown,dark,brown,beard,L,P,,1,RP,SP,,,,,51,,,,49,49,51,53,52,53,51,58,60,0,0,0,0,,,,,0,,,,65,59,65,79,64,70,79,79,89,0,0,0,0,False,,,0,,,,,,0,50,finesse_sp,
P9919,John,Doe,2007-07-26,77,220,Unknown,light,black,goatee,L,RF,,0,,,54,56,51,53,52,50,49,52,50,52,,,,,,,,,,,,74,77,70,65,52,0,0,52,70,74,,,,,,,,,,,,False,,,0,,,,,,0,50,,balanced
P4935,John,Doe,2004-04-15,71,236,Unknown,light,brown,clean_shaven,R,CF,,0,,,53,50,50,51,51,48,51,52,49,48,,,,,,,,,,,,63,66,80,73,51,0,0,52,65,76,,,,,,,,,,,,False,,,0,,,,,,0,50,,balanced
P2143,John,Doe,2005-09-14,75,189,Unknown,dark,black,clean_shaven,R,1B,,0,,,50,53,52,49,48,51,50,51,50,51,,,,,,,,,,,,72,76,82,61,48,0,0,51,67,73,,,,,,,,,,,,False,,,0,,,,,,0,50,,balanced
P8099,John,Doe,2006-02-17,74,202,Unknown,light,black,goatee,L,1B,,0,,,52,61,52,51,47,52,49,52,48,51,,,,,,,,,,,,75,91,66,62,47,0,0,52,58,76,,,,,,,,,,,,False,,,0,,,,,,0,50,,power
P8898,John,Doe,2004-09-13,73,181,Unknown,dark,brown,beard,S,C,,0,,,59,53,51,51,52,47,53,48,50,51,,,,,,,,,,,,87,75,77,76,52,0,0,48,79,64,,,,,,,,,,,,False,,,0,,,,,,0,50,,spray
