player_id,first_name,last_name,birthdate,height,weight,ethnicity,skin_tone,hair_color,facial_hair,bats,primary_position,other_positions,is_pitcher,role,preferred_pitching_role,ch,ph,sp,eye,gf,pl,vl,sc,fa,arm,endurance,control,movement,hold_runner,fb,cu,cb,sl,si,scb,kn,pot_ch,pot_ph,pot_sp,pot_eye,pot_gf,pot_pl,pot_vl,pot_sc,pot_fa,pot_arm,pot_control,pot_movement,pot_endurance,pot_hold_runner,pot_fb,pot_cu,pot_cb,pot_sl,pot_si,pot_scb,pot_kn,injured,injury_description,return_date,ready,injury_list,injury_start_date,injury_minimum_days,injury_eligible_date,injury_rehab_assignment,injury_rehab_days,durability,pitcher_archetype,hitter_archetype
P6246,Rafael,Morales,1988-12-23,75,193,Hispanic,medium,brown,clean_shaven,R,P,,1,RP,CL,,,,,55,,,,51,52,51,53,58,53,55,60,58,67,0,0,0,,,,,0,,,,46,50,48,56,50,47,51,60,51,62,0,0,0,False,,,0,,,,,,0,50,closer,
P8977,Leroy,Green,1999-04-12,71,240,African,medium,brown,clean_shaven,R,P,,1,RP,SP,,,,,50,,,,52,53,53,52,52,52,52,58,61,60,0,57,0,,,,,0,,,,66,63,59,67,67,59,65,69,76,70,0,62,0,False,,,0,,,,,,0,50,power_sp,
P2656,Sung,Tran,2004-09-08,77,229,Asian,medium,black,clean_shaven,R,P,1B,1,RP,RP,,,,,49,,,,48,53,52,50,52,53,55,0,61,67,0,56,0,,,,,0,,,,69,67,60,82,68,70,74,0,86,89,0,73,0,False,,,0,,,,,,0,50,power_rp,
P3437,Hector,Martinez,2001-04-04,77,183,Hispanic,medium,brown,clean_shaven,L,P,,1,RP,RP,,,,,54,,,,52,52,51,53,53,51,52,0,61,0,62,0,0,,,,,0,,,,60,63,61,61,58,63,58,0,76,0,68,0,0,False,,,0,,,,,,0,50,groundball_rp,
P2962,Manuel,Torres,1998-10-08,70,162,Hispanic,medium,brown,beard,L,P,,1,RP,SP,,,,,50,,,,51,51,54,50,54,50,53,0,63,61,0,0,0,,,,,0,,,,61,59,64,63,62,59,61,0,77,75,0,0,0,False,,,0,,,,,,0,50,power_sp,
P1803,Sung,Pham,2001-02-09,76,208,Asian,medium,black,clean_shaven,L,P,,1,RP,SP,,,,,53,,,,48,50,50,52,52,48,49,60,59,57,61,0,0,,,,,0,,,,62,55,62,59,65,56,58,65,67,72,74,0,0,False,,,0,,,,,,0,50,groundball_sp,
P7882,Pedro,Reyes,1987-04-16,77,247,Hispanic,medium,brown,clean_shaven,L,P,,1,RP,SP,,,,,49,,,,51,50,51,53,52,50,49,59,63,59,0,0,0,,,,,0,,,,50,45,49,50,51,43,46,55,56,57,0,0,0,False,,,0,,,,,,0,50,workhorse_sp,
P4589,Malik,White,1994-05-27,77,212,African,light,black,beard,L,P,,1,RP,SP,,,,,51,,,,50,49,53,54,54,48,51,61,59,0,54,55,0,,,,,0,,,,45,44,58,58,57,48,49,58,61,0,53,58,0,False,,,0,,,,,,0,50,finesse_sp,
P5616,Sung,Singh,1990-03-06,69,206,Asian,medium,black,goatee,R,P,,1,RP,SP,,,,,50,,,,52,51,51,52,53,48,53,62,59,62,57,0,0,,,,,0,,,,49,48,51,43,48,40,48,58,56,55,55,0,0,False,,,0,,,,,,0,50,balanced_sp,
P5897,Sung,Khan,2000-05-17,78,235,Asian,light,brown,goatee,R,P,,1,RP,RP,,,,,50,,,,53,51,51,50,52,53,53,0,0,65,0,0,0,,,,,0,,,,58,61,65,66,59,66,59,0,0,79,0,0,0,False,,,0,,,,,,0,50,power_rp,
P5515,Jorge,Gonzalez,1991-10-01,70,212,Hispanic,medium,black,goatee,L,P,,1,RP,RP,,,,,52,,,,49,53,52,53,52,51,52,0,58,0,0,0,0,,,,,0,,,,46,43,52,48,48,45,52,0,51,0,0,0,0,False,,,0,,,,,,0,50,power_rp,
P5560,Darnell,Green,1988-08-26,76,169,African,dark,black,beard,R,C,,0,,,58,52,52,53,50,49,58,50,51,48,,,,,,,,,,,,49,48,44,53,50,0,0,50,50,47,,,,,,,,,,,,False,,,0,,,,,,0,50,,spray
P1011,Fernando,Reyes,1994-07-20,68,179,Hispanic,light,black,goatee,L,1B,,0,,,53,60,52,51,50,48,48,51,47,50,,,,,,,,,,,,48,58,56,56,50,0,0,51,44,47,,,,,,,,,,,,False,,,0,,,,,,0,50,,gap
P3208,Alejandro,Diaz,2001-06-06,74,198,Hispanic,light,blonde,goatee,R,2B,3B,0,,,65,61,51,55,48,49,59,50,49,52,,,,,,,,,,,,78,69,64,67,48,0,0,50,64,62,,,,,,,,,,,,False,,,0,,,,,,0,50,,gap
P8333,Emerson,Mcgraff,1994-06-24,71,222,Anglo,light,black,goatee,R,3B,,0,,,52,50,49,51,50,49,56,49,52,49,,,,,,,,,,,,54,50,44,49,50,0,0,49,47,50,,,,,,,,,,,,False,,,0,,,,,,0,50,,balanced
P3860,Jose,Gomez,1994-11-06,75,182,Hispanic,dark,black,beard,R,SS,,0,,,54,51,86,50,51,47,59,48,52,51,,,,,,,,,,,,50,51,84,54,51,0,0,48,56,49,,,,,,,,,,,,False,,,0,,,,,,0,50,,speed
P2874,Sung,Choi,1991-05-05,76,238,Asian,medium,black,clean_shaven,R,LF,,0,,,51,64,47,52,49,51,57,51,48,50,,,,,,,,,,,,42,58,41,52,49,0,0,51,44,49,,,,,,,,,,,,False,,,0,,,,,,0,50,,power
P2970,Malik,Allen,1988-06-02,72,246,African,dark,black,clean_shaven,R,CF,,0,,,52,50,71,52,50,50,53,51,48,49,,,,,,,,,,,,47,45,71,52,50,0,0,51,46,39,,,,,,,,,,,,False,,,0,,,,,,0,50,,speed
P6743,Darnell,Robinson,1992-10-07,77,233,African,dark,black,clean_shaven,L,RF,,0,,,49,52,51,49,47,52,50,49,49,48,,,,,,,,,,,,44,49,44,42,47,0,0,49,43,46,,,,,,,,,,,,False,,,0,,,,,,0,50,,balanced
P3669,Hector,Reyes,2002-06-01,76,220,Hispanic,dark,black,clean_shaven,L,CF,,0,,,53,51,70,52,51,47,45,51,51,50,,,,,,,,,,,,65,61,80,62,51,0,0,51,58,59,,,,,,,,,,,,False,,,0,,,,,,0,50,,speed
P9673,Deshawn,Gaines,2002-11-15,74,218,African,medium,black,clean_shaven,R,2B,,0,,,58,49,50,52,51,52,57,49,49,53,,,,,,,,,,,,71,60,56,66,51,0,0,49,56,62,,,,,,,,,,,,False,,,0,,,,,,0,50,,balanced
P7389,Lamont,Mosqueda,1988-10-15,78,228,Anglo,medium,blonde,goatee,S,3B,,0,,,50,48,49,49,51,51,53,50,52,51,,,,,,,,,,,,50,48,48,44,51,0,0,50,45,50,,,,,,,,,,,,False,,,0,,,,,,0,50,,average
P8614,Eduardo,Torres,1991-12-10,68,187,Hispanic,medium,brown,goatee,L,RF,,0,,,49,61,52,50,47,51,48,51,50,51,,,,,,,,,,,,41,61,51,43,47,0,0,51,50,51,,,,,,,,,,,,False,,,0,,,,,,0,50,,power
P6614,Jermaine,Harris,1992-05-08,69,240,African,dark,black,clean_shaven,R,3B,,0,,,48,53,50,50,49,48,57,52,48,47,,,,,,,,,,,,46,43,44,44,49,0,0,52,42,38,,,,,,,,,,,,False,,,0,,,,,,0,50,,balanced
P7635,Ricardo,Vasquez,1991-12-20,68,240,Hispanic,dark,black,goatee,R,2B,,0,,,50,52,50,52,53,48,58,52,52,50,,,,,,,,,,,,46,49,49,49,53,0,0,52,49,44,,,,,,,,,,,,False,,,0,,,,,,0,50,,balanced
P2595,Manuel,Sanchez,1990-06-22,78,243,Hispanic,medium,black,goatee,R,P,,1,RP,CL,,,,,55,,,,48,54,50,52,52,51,55,56,62,65,0,0,0,,,,,0,,,,47,49,43,49,41,47,51,55,53,60,0,0,0,False,,,0,,,,,,0,50,closer,
P3174,Felton,Shuptrine,1999-07-19,75,177,Anglo,light,brown,clean_shaven,L,P,,1,RP,SP,,,,,53,,,,53,52,50,51,52,49,51,60,61,58,0,57,0,,,,,0,,,,58,65,66,58,59,59,58,74,66,71,0,71,0,False,,,0,,,,,,0,50,workhorse_sp,
P6578,Darnell,Baker,2000-01-16,70,165,African,medium,black,goatee,R,P,,1,RP,SP,,,,,50,,,,50,50,53,52,53,50,51,61,61,58,0,54,0,,,,,0,,,,56,63,58,61,63,56,64,75,72,72,0,65,0,False,,,0,,,,,,0,50,power_sp,
P9791,Yong,Patel,1993-03-09,69,217,Asian,medium,black,clean_shaven,R,P,,1,RP,RP,,,,,49,,,,50,49,52,52,54,52,51,0,0,64,0,0,0,,,,,0,,,,47,47,50,48,42,47,48,0,0,56,0,0,0,False,,,0,,,,,,0,50,power_rp,
P5419,Leroy,Carter,2004-03-26,76,165,African,medium,black,clean_shaven,S,P,,1,RP,SP,,,,,48,,,,52,48,51,53,52,49,52,62,59,0,0,0,0,,,,,0,,,,66,58,71,70,77,70,76,77,78,0,0,0,0,False,,,0,,,,,,0,50,finesse_sp,
P6070,Sterling,Godnick,1988-07-20,72,236,Anglo,light,brown,clean_shaven,L,P,,1,RP,SP,,,,,47,,,,52,48,52,53,54,50,52,60,63,0,58,56,0,,,,,0,,,,52,45,46,48,45,45,42,57,57,0,48,50,0,False,,,0,,,,,,0,50,finesse_sp,
P4131,Hunter,Chmura,2000-01-04,69,200,Anglo,light,blonde,goatee,R,P,,1,RP,SP,,,,,49,,,,51,53,54,50,52,49,51,63,59,59,0,56,0,,,,,0,,,,58,59,55,61,69,55,64,72,71,67,0,69,0,False,,,0,,,,,,0,50,workhorse_sp,
P3166,Jermaine,Jackson,2004-07-01,69,238,African,dark,black,goatee,R,CF,,0,,,52,49,71,53,53,48,55,50,50,50,,,,,,,,,,,,75,74,89,76,53,0,0,50,67,79,,,,,,,,,,,,False,,,0,,,,,,0,50,,speed
P9024,Adolph,Buske,1990-05-26,73,246,Anglo,medium,black,clean_shaven,L,C,,0,,,51,51,50,50,52,49,51,52,49,49,,,,,,,,,,,,49,41,50,44,52,0,0,52,44,40,,,,,,,,,,,,False,,,0,,,,,,0,50,,balanced
P1557,Dana,Retter,1991-09-08,77,185,Anglo,light,brown,clean_shaven,R,C,,0,,,52,49,48,51,51,49,56,49,53,48,,,,,,,,,,,,50,44,38,49,51,0,0,49,46,45,,,,,,,,,,,,False,,,0,,,,,,0,50,,average
P6240,Luis,Garcia,1992-06-13,69,248,Hispanic,dark,blonde,clean_shaven,L,1B,,0,,,53,54,53,49,52,51,50,52,51,52,,,,,,,,,,,,45,51,48,49,52,0,0,52,42,50,,,,,,,,,,,,False,,,0,,,,,,0,50,,balanced
P4672,Jermaine,Gaines,1998-03-03,68,250,African,dark,black,clean_shaven,S,LF,,0,,,49,49,50,49,50,48,50,53,48,52,,,,,,,,,,,,56,62,56,54,50,0,0,53,62,61,,,,,,,,,,,,False,,,0,,,,,,0,50,,average
P1891,Hector,Cruz,1993-02-10,73,224,Hispanic,light,blonde,clean_shaven,L,SS,,0,,,49,53,53,49,50,51,47,51,52,51,,,,,,,,,,,,42,49,48,44,50,0,0,51,48,50,,,,,,,,,,,,False,,,0,,,,,,0,50,,average
P9106,Pedro,Flores,1998-10-23,72,200,Hispanic,medium,blonde,beard,R,2B,,0,,,53,50,52,51,51,52,57,52,48,50,,,,,,,,,,,,58,57,60,63,51,0,0,52,55,58,,,,,,,,,,,,False,,,0,,,,,,0,50,,balanced
P1578,Yong,Choi,1994-05-08,69,165,Asian,medium,black,clean_shaven,R,C,,0,,,59,50,52,52,53,48,56,51,50,50,,,,,,,,,,,,56,47,53,57,53,0,0,51,53,50,,,,,,,,,,,,False,,,0,,,,,,0,50,,spray
P5179,Sung,Wang,2005-01-23,76,250,Asian,medium,black,goatee,S,P,,1,RP,CL,,,,,55,,,,49,52,50,52,52,53,52,61,59,65,0,0,0,,,,,0,,,,59,66,69,75,67,71,82,76,71,88,0,0,0,False,,,0,,,,,,0,50,closer,
P9552,Luis,Vasquez,2007-12-25,70,243,Hispanic,medium,black,clean_shaven,R,P,,1,RP,RP,,,,,52,,,,49,52,53,51,52,51,52,61,0,0,0,0,0,,,,,0,,,,65,63,76,74,71,67,63,83,0,0,0,0,0,False,,,0,,,,,,0,50,finesse_rp,
P6437,Jorge,Rivera,2004-09-03,73,176,Hispanic,light,brown,clean_shaven,R,P,,1,RP,SP,,,,,50,,,,49,50,51,51,52,51,53,61,59,62,0,55,0,,,,,0,,,,74,63,71,62,72,70,66,85,69,78,0,65,0,False,,,0,,,,,,0,50,power_sp,
P9432,Yong,Wang,2006-02-19,68,245,Asian,light,black,clean_shaven,R,P,,1,RP,RP,,,,,52,,,,51,54,48,50,54,49,53,0,64,64,58,0,0,,,,,0,,,,71,71,79,73,74,61,64,0,94,87,87,0,0,False,,,0,,,,,,0,50,power_rp,
P3946,Yong,Hassan,2007-07-07,74,202,Asian,light,black,goatee,L,P,,1,RP,SP,,,,,48,,,,53,50,51,52,52,51,50,60,60,62,0,0,0,,,,,0,,,,79,61,82,80,66,63,66,84,88,74,0,0,0,False,,,0,,,,,,0,50,balanced_sp,
P3899,Jose,Garcia,2006-02-11,77,221,Hispanic,dark,blonde,clean_shaven,L,LF,1B,0,,,50,60,49,49,51,52,50,52,49,53,,,,,,,,,,,,80,87,66,77,51,0,0,52,70,80,,,,,,,,,,,,False,,,0,,,,,,0,50,,power
P8199,Archie,Sillitti,2007-10-29,71,189,Anglo,medium,red,goatee,R,3B,,0,,,48,52,52,50,50,50,59,48,48,51,,,,,,,,,,,,67,72,63,73,50,0,0,48,76,61,,,,,,,,,,,,False,,,0,,,,,,0,50,,average
P8994,Yong,Tanaka,2004-05-16,78,248,Asian,light,black,clean_shaven,R,2B,,0,,,58,50,50,54,54,47,56,49,48,50,,,,,,,,,,,,69,62,72,80,54,0,0,49,61,68,,,,,,,,,,,,False,,,0,,,,,,0,50,,spray
P7764,Tyrone,Wright,2004-06-28,69,226,African,medium,brown,clean_shaven,S,1B,,0,,,49,54,54,51,53,50,50,51,52,51,,,,,,,,,,,,59,67,76,65,53,0,0,51,78,61,,,,,,,,,,,,False,,,0,,,,,,0,50,,balanced
P7719,Chauncey,Thomison,2005-07-17,76,245,Anglo,light,brown,clean_shaven,R,RF,,0,,,50,56,47,51,50,50,53,50,52,48,,,,,,,,,,,,78,66,73,70,50,0,0,50,65,66,,,,,,,,,,,,False,,,0,,,,,,0,50,,power
P8112,Sung,Hassan,1999-07-14,69,205,Asian,medium,black,clean_shaven,R,P,,1,RP,CL,,,,,55,,,,52,51,49,52,52,51,51,0,58,65,0,0,0,,,,,0,,,,62,62,62,66,55,62,64,0,65,74,0,0,0,False,,,0,,,,,,0,50,closer,
P6495,Cedric,Jefferson,1994-11-30,75,217,African,dark,black,clean_shaven,L,P,,1,RP,RP,,,,,52,,,,48,53,50,53,54,49,51,0,59,64,59,0,0,,,,,0,,,,47,52,56,50,55,46,51,0,55,63,63,0,0,False,,,0,,,,,,0,50,power_rp,
P8078,Malik,Baker,2002-11-19,77,191,African,dark,black,beard,L,P,,1,RP,SP,,,,,49,,,,52,50,53,51,54,48,51,62,62,60,0,56,0,,,,,0,,,,66,62,63,60,67,53,56,75,71,69,0,66,0,False,,,0,,,,,,0,50,balanced_sp,
P2095,Yong,Singh,1995-01-06,74,226,Asian,light,black,clean_shaven,L,P,,1,RP,CL,,,,,52,,,,49,53,52,50,53,52,54,0,0,67,0,0,0,,,,,0,,,,45,49,51,56,47,52,54,0,0,67,0,0,0,False,,,0,,,,,,0,50,closer,
P3695,Darnell,White,2003-05-16,69,193,African,dark,black,clean_shaven,R,P,,1,RP,SP,,,,,47,,,,49,52,54,51,52,51,53,59,61,60,57,0,0,,,,,0,,,,60,60,60,58,59,66,62,71,71,72,62,0,0,False,,,0,,,,,,0,50,power_sp,
P1115,Yong,Nguyen,1993-01-11,77,214,Asian,medium,black,beard,L,P,,1,RP,RP,,,,,51,,,,50,52,51,52,54,49,50,0,62,0,0,0,0,,,,,0,,,,50,47,42,53,42,41,47,0,57,0,0,0,0,False,,,0,,,,,,0,50,finesse_rp,
P7131,Antonio,Ramos,1992-12-17,71,234,Hispanic,medium,brown,beard,L,P,,1,RP,SP,,,,,49,,,,50,53,52,51,54,51,50,61,63,61,0,0,0,,,,,0,,,,47,43,42,52,51,50,48,56,59,54,0,0,0,False,,,0,,,,,,0,50,power_sp,
P4587,Sung,Kim,1993-12-17,74,224,Asian,medium,brown,mustache,S,P,,1,RP,SP,,,,,50,,,,49,50,49,50,52,51,52,61,59,0,62,0,0,,,,,0,,,,48,48,41,45,42,42,45,61,57,0,61,0,0,False,,,0,,,,,,0,50,groundball_sp,
P3332,Rufus,Young,1990-10-24,75,184,African,dark,black,clean_shaven,L,P,,1,RP,RP,,,,,52,,,,49,49,51,51,52,49,51,59,59,0,0,0,0,,,,,0,,,,45,40,42,50,41,39,50,58,58,0,0,0,0,False,,,0,,,,,,0,50,finesse_rp,
P7309,Xavier,Young,1994-11-16,69,242,African,dark,black,clean_shaven,R,P,,1,RP,SP,,,,,52,,,,49,49,52,53,52,52,51,61,61,61,0,0,0,,,,,0,,,,44,45,54,51,51,49,51,56,56,60,0,0,0,False,,,0,,,,,,0,50,balanced_sp,
P2237,Ulysses,Wassell,1990-04-05,72,248,Anglo,light,brown,clean_shaven,R,P,,1,RP,RP,,,,,53,,,,49,50,49,52,53,53,51,56,58,0,61,0,0,,,,,0,,,,39,49,52,44,46,44,46,54,52,0,58,0,0,False,,,0,,,,,,0,50,groundball_rp,
P5811,Eduardo,Vasquez,1993-09-10,68,190,Hispanic,medium,brown,clean_shaven,R,C,,0,,,63,52,51,56,50,52,57,50,52,48,,,,,,,,,,,,61,47,48,51,50,0,0,50,48,41,,,,,,,,,,,,False,,,0,,,,,,0,50,,spray
P8079,Antonio,Reyes,1994-12-19,70,182,Hispanic,medium,red,clean_shaven,L,1B,,0,,,50,53,51,51,51,52,48,50,53,49,,,,,,,,,,,,51,53,52,46,51,0,0,50,53,50,,,,,,,,,,,,False,,,0,,,,,,0,50,,balanced
P9445,Santiago,Dusky,1994-01-01,76,239,Anglo,light,blonde,clean_shaven,R,2B,,0,,,52,51,70,53,53,49,57,52,49,50,,,,,,,,,,,,50,46,64,53,53,0,0,52,41,50,,,,,,,,,,,,False,,,0,,,,,,0,50,,speed
P7680,Miguel,Diaz,1988-02-23,72,176,Hispanic,light,red,beard,R,3B,,0,,,51,51,70,50,48,48,58,52,52,51,,,,,,,,,,,,47,42,64,42,48,0,0,52,45,47,,,,,,,,,,,,False,,,0,,,,,,0,50,,speed
P2977,Darnell,Scott,1998-03-20,69,242,African,dark,brown,mustache,L,SS,,0,,,51,49,54,50,50,51,53,51,50,50,,,,,,,,,,,,64,55,63,56,50,0,0,51,57,60,,,,,,,,,,,,False,,,0,,,,,,0,50,,balanced
P2994,Raul,Mendoza,2002-02-17,69,239,Hispanic,light,black,clean_shaven,L,LF,,0,,,51,61,52,51,50,50,49,48,49,48,,,,,,,,,,,,56,68,66,59,50,0,0,48,55,56,,,,,,,,,,,,False,,,0,,,,,,0,50,,power
P6944,Fernando,Gomez,1998-10-16,76,243,Hispanic,dark,brown,goatee,R,CF,,0,,,51,48,51,49,50,49,54,52,50,50,,,,,,,,,,,,56,59,56,61,50,0,0,52,61,60,,,,,,,,,,,,False,,,0,,,,,,0,50,,average
P4765,Yong,Khan,2004-09-11,77,175,Asian,medium,black,clean_shaven,S,RF,,0,,,53,51,52,49,49,50,47,52,51,50,,,,,,,,,,,,75,71,72,69,49,0,0,52,63,76,,,,,,,,,,,,False,,,0,,,,,,0,50,,average
P3021,Rufus,Robinson,1996-08-22,71,173,African,medium,brown,beard,R,C,,0,,,56,49,51,54,53,48,59,49,49,52,,,,,,,,,,,,60,49,54,52,53,0,0,49,52,50,,,,,,,,,,,,False,,,0,,,,,,0,50,,spray
P6303,Antonio,Martinez,1996-02-12,76,179,Hispanic,dark,blonde,clean_shaven,R,2B,,0,,,53,48,48,51,51,48,55,50,48,50,,,,,,,,,,,,57,52,47,48,51,0,0,50,47,54,,,,,,,,,,,,False,,,0,,,,,,0,50,,average
P9299,Antonio,Mendoza,1995-11-21,77,199,Hispanic,dark,brown,beard,R,C,,0,,,54,53,51,53,50,53,55,50,50,51,,,,,,,,,,,,54,48,47,50,50,0,0,50,45,48,,,,,,,,,,,,False,,,0,,,,,,0,50,,balanced
P6423,Hector,Hernandez,1987-12-26,74,216,Hispanic,medium,black,beard,R,1B,,0,,,56,54,52,49,48,48,53,51,49,51,,,,,,,,,,,,55,51,52,49,48,0,0,51,48,41,,,,,,,,,,,,False,,,0,,,,,,0,50,,gap
P7780,Jose,Hernandez,2002-04-12,78,185,Hispanic,light,black,mustache,L,CF,,0,,,53,51,51,51,48,51,45,53,52,50,,,,,,,,,,,,68,59,66,57,48,0,0,53,63,63,,,,,,,,,,,,False,,,0,,,,,,0,50,,balanced
P6135,Raul,Flores,2004-03-10,72,184,Hispanic,dark,brown,mustache,L,3B,,0,,,51,57,51,50,49,51,48,50,50,50,,,,,,,,,,,,77,87,65,73,49,0,0,50,63,62,,,,,,,,,,,,False,,,0,,,,,,0,50,,power
P5242,Alejandro,Hernandez,1988-08-07,73,192,Hispanic,light,brown,goatee,L,P,,1,RP,CL,,,,,55,,,,50,53,49,50,54,50,52,0,0,65,0,0,0,,,,,0,,,,44,48,50,49,40,46,45,0,0,61,0,0,0,False,,,0,,,,,,0,50,closer,
P3645,Eduardo,Garcia,2004-06-30,77,195,Hispanic,medium,brown,mustache,R,P,,1,RP,LR,,,,,53,,,,51,52,50,50,52,51,50,58,0,0,0,0,0,,,,,0,,,,64,80,64,76,73,67,64,84,0,0,0,0,0,False,,,0,,,,,,0,50,long_relief,
P1212,Damian,Kapuscinski,1988-11-03,72,187,Anglo,dark,black,clean_shaven,L,P,,1,RP,SP,,,,,52,,,,51,53,53,52,53,50,54,0,60,60,61,0,0,,,,,0,,,,51,43,44,50,45,43,49,0,58,53,54,0,0,False,,,0,,,,,,0,50,power_sp,
P6002,Alejandro,Perez,2003-05-18,69,198,Hispanic,medium,brown,goatee,R,P,,1,RP,SP,,,,,51,,,,49,48,50,54,52,50,49,60,62,0,0,55,0,,,,,0,,,,62,59,69,65,55,55,63,65,75,0,0,66,0,False,,,0,,,,,,0,50,finesse_sp,
P4701,Sung,Li,1987-11-05,76,233,Asian,light,black,mustache,R,P,,1,RP,SP,,,,,50,,,,50,51,53,50,53,51,50,61,63,60,0,0,0,,,,,0,,,,41,50,48,44,43,42,40,59,55,57,0,0,0,False,,,0,,,,,,0,50,workhorse_sp,
P8369,Leroy,Robinson,2002-03-08,70,200,African,dark,black,mustache,L,P,,1,RP,SP,,,,,49,,,,49,54,50,50,54,47,53,58,61,59,0,56,0,,,,,0,,,,62,69,61,59,65,59,67,63,70,69,0,61,0,False,,,0,,,,,,0,50,power_sp,
P2431,Yong,Zhang,2000-12-28,68,229,Asian,light,black,clean_shaven,R,P,,1,RP,RP,,,,,52,,,,52,53,51,50,52,51,52,59,60,64,0,0,0,,,,,0,,,,67,59,61,62,65,58,64,67,70,76,0,0,0,False,,,0,,,,,,0,50,finesse_rp,
P2417,Yong,Li,1989-06-19,77,204,Asian,light,black,beard,L,LF,,0,,,64,53,51,51,53,51,51,48,51,53,,,,,,,,,,,,54,47,51,45,53,0,0,48,43,45,,,,,,,,,,,,False,,,0,,,,,,0,50,,spray
P2885,Luis,Flores,1999-01-09,72,229,Hispanic,medium,brown,clean_shaven,R,LF,,0,,,54,52,49,51,51,48,58,52,49,51,,,,,,,,,,,,66,59,55,66,51,0,0,52,64,62,,,,,,,,,,,,False,,,0,,,,,,0,50,,average
P7894,Terrance,Sidi,2003-08-09,73,171,Anglo,light,brown,mustache,R,2B,,0,,,51,60,50,51,50,48,56,51,52,52,,,,,,,,,,,,61,74,56,58,50,0,0,51,59,58,,,,,,,,,,,,False,,,0,,,,,,0,50,,power
P7642,Malik,Wright,1996-06-15,74,208,African,dark,brown,clean_shaven,R,CF,,0,,,52,49,52,53,52,50,58,50,48,48,,,,,,,,,,,,47,50,53,53,52,0,0,50,43,52,,,,,,,,,,,,False,,,0,,,,,,0,50,,balanced
P9961,Odis,Carney,1998-02-15,70,198,Anglo,light,brown,clean_shaven,R,LF,,0,,,50,59,52,51,48,54,59,51,50,51,,,,,,,,,,,,48,57,52,53,48,0,0,51,53,53,,,,,,,,,,,,False,,,0,,,,,,0,50,,power
P2999,Ricardo,Diaz,2005-01-10,69,234,Hispanic,dark,red,mustache,R,2B,,0,,,58,50,49,53,53,52,54,50,53,49,,,,,,,,,,,,86,75,73,83,53,0,0,50,79,59,,,,,,,,,,,,False,,,0,,,,,,0,50,,spray
P9459,Rufus,Green,1994-10-27,73,172,African,dark,black,goatee,L,C,,0,,,52,54,51,51,52,49,51,51,52,48,,,,,,,,,,,,57,53,52,50,52,0,0,51,51,51,,,,,,,,,,,,False,,,0,,,,,,0,50,,average
P1920,Sung,Tanaka,1990-07-10,76,190,Asian,light,black,clean_shaven,R,CF,,0,,,53,51,50,49,49,49,51,49,49,49,,,,,,,,,,,,52,43,50,41,49,0,0,49,40,42,,,,,,,,,,,,False,,,0,,,,,,0,50,,balanced
P3701,Darnell,Mitchell,2006-01-12,68,183,African,dark,black,mustache,L,P,,1,RP,CL,,,,,55,,,,49,51,52,50,53,50,56,61,59,66,0,0,0,,,,,0,,,,74,77,78,79,65,68,75,73,87,77,0,0,0,False,,,0,,,,,,0,50,closer,
P3688,Raul,Gomez,2005-09-05,78,203,Hispanic,medium,black,clean_shaven,R,P,,1,RP,SP,,,,,51,,,,51,47,53,51,52,53,51,58,62,0,0,56,0,,,,,0,,,,68,60,79,80,63,65,81,88,79,0,0,85,0,False,,,0,,,,,,0,50,finesse_sp,
P1597,Jose,Perez,2008-02-20,69,250,Hispanic,dark,brown,clean_shaven,S,P,,1,RP,RP,,,,,54,,,,51,53,49,52,54,52,50,55,0,0,59,0,0,,,,,0,,,,67,82,71,80,71,81,80,65,0,0,69,0,0,False,,,0,,,,,,0,50,groundball_rp,
P3134,Carlos,Sanchez,2007-02-26,68,220,Hispanic,medium,brown,clean_shaven,L,P,,1,RP,RP,,,,,55,,,,52,49,48,50,52,53,49,0,0,0,61,0,0,,,,,0,,,,79,71,61,70,70,75,76,0,0,0,87,0,0,False,,,0,,,,,,0,50,groundball_rp,
P5150,Yong,Park,2006-09-23,71,214,Asian,light,black,goatee,L,P,,1,RP,SP,,,,,52,,,,50,50,54,51,54,51,52,0,61,57,0,0,0,,,,,0,,,,62,68,64,76,74,73,82,0,79,84,0,0,0,False,,,0,,,,,,0,50,balanced_sp,
P7183,Carlos,Mendoza,2007-06-27,72,199,Hispanic,light,brown,clean_shaven,S,CF,,0,,,53,49,52,53,49,50,48,48,52,52,,,,,,,,,,,,70,78,73,80,49,0,0,48,72,65,,,,,,,,,,,,False,,,0,,,,,,0,50,,balanced
P2778,Tyrone,Scott,2004-06-24,76,209,African,dark,black,beard,R,C,,0,,,51,53,51,50,48,50,57,51,49,50,,,,,,,,,,,,72,80,72,61,48,0,0,51,74,60,,,,,,,,,,,,False,,,0,,,,,,0,50,,balanced
P3498,Yong,Chen,2006-06-26,72,213,Asian,medium,black,mustache,R,3B,,0,,,52,52,48,52,49,47,58,52,52,49,,,,,,,,,,,,64,70,68,73,49,0,0,52,77,70,,,,,,,,,,,,False,,,0,,,,,,0,50,,average
P4471,Pedro,Martinez,2004-05-05,73,202,Hispanic,dark,brown,clean_shaven,S,RF,,0,,,50,49,87,51,49,49,50,51,49,48,,,,,,,,,,,,74,63,99,74,49,0,0,51,59,66,,,,,,,,,,,,False,,,0,,,,,,0,50,,elite_speed
P8620,Eduardo,Ortiz,2006-01-29,71,232,Hispanic,light,blonde,clean_shaven,R,CF,,0,,,65,61,52,53,52,48,54,51,51,52,,,,,,,,,,,,77,83,62,74,52,0,0,51,76,66,,,,,,,,,,,,False,,,0,,,,,,0,50,,gap
P7530,Yong,Pham,1988-04-18,73,241,Asian,medium,black,clean_shaven,L,P,,1,RP,CL,,,,,55,,,,53,54,51,50,52,52,54,0,60,65,0,0,0,,,,,0,,,,47,49,47,44,51,45,46,0,50,65,0,0,0,False,,,0,,,,,,0,50,closer,
P9382,Jorge,Lopez,1996-11-26,75,191,Hispanic,medium,black,mustache,S,P,,1,RP,SP,,,,,50,,,,52,50,54,51,52,50,52,61,63,0,60,0,0,,,,,0,,,,56,46,51,57,50,53,57,60,64,0,58,0,0,False,,,0,,,,,,0,50,groundball_sp,
P5563,Floyd,Lataquin,2002-09-04,75,230,Anglo,light,blonde,mustache,L,P,,1,RP,SP,,,,,50,,,,48,50,51,54,54,49,50,60,63,0,59,0,0,,,,,0,,,,57,63,65,67,56,60,62,73,68,0,69,0,0,False,,,0,,,,,,0,50,finesse_sp,
P2573,Yong,Yamamoto,1998-08-04,72,169,Asian,light,black,clean_shaven,R,P,,1,RP,SP,,,,,50,,,,52,53,50,53,52,50,53,0,0,57,61,0,0,,,,,0,,,,57,68,60,64,59,62,63,0,0,66,76,0,0,False,,,0,,,,,,0,50,groundball_sp,
P8632,Sung,Yamamoto,1995-05-18,68,244,Asian,light,black,clean_shaven,L,P,,1,RP,RP,,,,,53,,,,51,49,52,51,52,52,51,0,0,0,59,0,0,,,,,0,,,,54,47,56,54,50,51,49,0,0,0,60,0,0,False,,,0,,,,,,0,50,groundball_rp,
P3130,Tim,Wannamaker,1998-07-27,68,184,Anglo,light,red,clean_shaven,R,P,,1,RP,SP,,,,,52,,,,53,48,52,52,52,49,49,63,63,0,0,0,0,,,,,0,,,,66,54,60,57,66,54,54,72,73,0,0,0,0,False,,,0,,,,,,0,50,finesse_sp,
P1970,Alejandro,Ortiz,2003-03-15,76,199,Hispanic,light,blonde,clean_shaven,R,P,,1,RP,SP,,,,,52,,,,52,49,52,50,52,49,50,0,60,63,59,0,0,,,,,0,,,,67,57,63,59,65,57,55,0,71,73,70,0,0,False,,,0,,,,,,0,50,power_sp,
P2840,Kent,Guerreiro,2004-03-28,70,228,Anglo,medium,blonde,clean_shaven,L,P,,1,RP,CL,,,,,52,,,,51,50,48,50,52,50,52,59,60,65,0,0,0,,,,,0,,,,79,62,67,78,66,69,68,88,81,84,0,0,0,False,,,0,,,,,,0,50,closer,
P8763,Marco,Skarke,2002-08-02,78,180,Anglo,medium,brown,beard,R,P,,1,RP,CL,,,,,49,,,,48,54,48,51,52,49,56,57,60,66,0,0,0,,,,,0,,,,58,69,60,67,61,61,68,72,67,76,0,0,0,False,,,0,,,,,,0,50,closer,
P1174,Jayson,Masell,2001-02-22,75,161,Anglo,light,brown,mustache,R,P,,1,RP,SP,,,,,48,,,,53,51,51,53,53,52,50,62,62,61,0,0,0,,,,,0,,,,66,58,67,64,58,66,55,76,71,75,0,0,0,False,,,0,,,,,,0,50,workhorse_sp,
P3878,Garland,Remaley,2004-05-27,76,204,Anglo,light,brown,clean_shaven,S,P,,1,RP,SP,,,,,51,,,,50,51,52,51,52,53,53,61,63,57,0,54,0,,,,,0,,,,71,67,74,68,62,65,81,74,77,84,0,65,0,False,,,0,,,,,,0,50,finesse_sp,
P8955,Pedro,Lopez,1994-11-14,74,249,Hispanic,medium,black,clean_shaven,R,C,,0,,,58,51,51,54,52,51,58,51,52,50,,,,,,,,,,,,57,54,46,53,52,0,0,51,57,52,,,,,,,,,,,,False,,,0,,,,,,0,50,,spray
P6325,Lorenzo,Unkn,2002-09-22,74,167,Anglo,medium,blonde,clean_shaven,S,1B,,0,,,50,60,49,50,49,51,52,49,52,48,,,,,,,,,,,,59,71,59,55,49,0,0,49,65,53,,,,,,,,,,,,False,,,0,,,,,,0,50,,power
P1053,Marshall,Griffis,2000-09-16,71,244,Anglo,light,red,beard,R,2B,,0,,,49,48,85,52,52,50,58,51,53,52,,,,,,,,,,,,63,54,92,67,52,0,0,51,62,65,,,,,,,,,,,,False,,,0,,,,,,0,50,,elite_speed
P4605,Quentin,Harker,1993-09-30,69,185,Anglo,light,blonde,clean_shaven,L,3B,,0,,,50,58,49,49,46,53,47,49,52,50,,,,,,,,,,,,42,56,42,40,46,0,0,49,47,41,,,,,,,,,,,,False,,,0,,,,,,0,50,,power
P7482,Yong,Liu,1989-11-20,77,190,Asian,light,black,mustache,R,SS,,0,,,50,50,51,49,52,51,61,50,52,47,,,,,,,,,,,,48,48,46,40,52,0,0,50,43,37,,,,,,,,,,,,False,,,0,,,,,,0,50,,balanced
P1926,Clemente,Binner,2000-10-01,68,165,Anglo,light,black,clean_shaven,R,LF,,0,,,51,51,50,51,52,50,57,51,52,48,,,,,,,,,,,,60,57,60,58,52,0,0,51,58,57,,,,,,,,,,,,False,,,0,,,,,,0,50,,average
P3337,Darnell,Carter,1996-07-11,75,221,African,medium,black,goatee,L,CF,RF,0,,,51,51,52,51,52,52,44,50,49,49,,,,,,,,,,,,49,47,53,53,52,0,0,50,52,52,,,,,,,,,,,,False,,,0,,,,,,0,50,,average
P2750,Leroy,Jefferson,1998-05-17,69,197,African,medium,black,mustache,S,RF,,0,,,49,51,50,50,53,53,51,52,50,54,,,,,,,,,,,,60,66,63,60,53,0,0,52,59,67,,,,,,,,,,,,False,,,0,,,,,,0,50,,average
P9003,Percy,Washington,2000-01-15,73,188,African,dark,black,beard,L,RF,,0,,,50,49,49,51,52,51,44,48,52,51,,,,,,,,,,,,60,63,54,59,52,0,0,48,64,64,,,,,,,,,,,,False,,,0,,,,,,0,50,,average
P4152,Xavier,Washington,1990-01-01,74,169,African,medium,black,mustache,L,2B,,0,,,59,51,49,53,49,51,50,50,50,50,,,,,,,,,,,,58,44,39,48,49,0,0,50,41,45,,,,,,,,,,,,False,,,0,,,,,,0,50,,gap
P3449,Marshall,Sidoti,1998-02-22,68,189,Anglo,dark,blonde,clean_shaven,L,LF,1B,0,,,53,62,53,50,49,49,49,53,48,49,,,,,,,,,,,,58,60,48,51,49,0,0,53,50,45,,,,,,,,,,,,False,,,0,,,,,,0,50,,power
P7528,Sung,Liu,1997-02-23,74,245,Asian,medium,black,clean_shaven,R,3B,,0,,,53,53,50,52,46,48,58,53,50,49,,,,,,,,,,,,58,57,48,56,46,0,0,53,55,48,,,,,,,,,,,,False,,,0,,,,,,0,50,,gap
P2164,Cedric,Mitchell,1987-04-17,78,223,African,dark,black,goatee,L,1B,,0,,,51,64,51,51,49,51,43,53,50,49,,,,,,,,,,,,48,62,42,43,49,0,0,53,41,43,,,,,,,,,,,,False,,,0,,,,,,0,50,,power
P4057,Leroy,White,2004-08-29,69,225,African,dark,brown,clean_shaven,R,SS,,0,,,56,51,51,52,49,51,59,49,49,47,,,,,,,,,,,,70,75,80,81,49,0,0,49,72,71,,,,,,,,,,,,False,,,0,,,,,,0,50,,gap
P1241,Sung,Zhang,2002-06-03,78,210,Asian,light,black,clean_shaven,L,P,,1,RP,CL,,,,,55,,,,49,54,47,52,52,50,54,56,0,65,0,0,0,,,,,0,,,,61,59,65,64,55,57,63,69,0,79,0,0,0,False,,,0,,,,,,0,50,closer,
P1802,Anderson,Molinski,2003-11-24,70,203,Anglo,light,blonde,goatee,L,P,,1,RP,SP,,,,,48,,,,51,54,53,53,52,49,53,0,60,62,57,0,0,,,,,0,,,,61,59,66,66,68,56,66,0,69,75,66,0,0,False,,,0,,,,,,0,50,power_sp,
P5324,Malik,Green,2002-02-27,76,195,African,dark,black,clean_shaven,R,P,,1,RP,RP,,,,,53,,,,52,52,51,50,52,52,52,0,0,63,0,0,0,,,,,0,,,,62,58,56,59,64,66,67,0,0,74,0,0,0,False,,,0,,,,,,0,50,power_rp,
P4393,Carlos,Flores,1996-01-23,69,198,Hispanic,medium,brown,mustache,R,P,,1,RP,SP,,,,,49,,,,51,50,52,50,52,49,50,0,61,62,0,54,0,,,,,0,,,,56,51,49,52,57,46,52,0,60,60,0,54,0,False,,,0,,,,,,0,50,power_sp,
P5263,Antonio,Castillo,1993-07-22,69,230,Hispanic,dark,red,clean_shaven,L,P,,1,RP,SP,,,,,50,,,,51,52,53,52,54,52,52,59,63,59,0,0,0,,,,,0,,,,46,43,42,54,45,48,42,55,62,52,0,0,0,False,,,0,,,,,,0,50,balanced_sp,
P5452,Hector,Gonzalez,1999-01-27,68,213,Hispanic,light,brown,clean_shaven,L,P,,1,RP,SP,,,,,49,,,,49,50,54,50,54,50,49,61,60,62,0,56,0,,,,,0,,,,58,64,64,67,64,57,58,67,71,77,0,67,0,False,,,0,,,,,,0,50,balanced_sp,
P8319,Nicholas,Taruer,2003-08-08,68,225,Anglo,medium,brown,clean_shaven,R,P,,1,RP,RP,,,,,52,,,,49,52,49,50,53,49,52,0,60,63,0,0,0,,,,,0,,,,60,63,57,64,58,54,59,0,65,70,0,0,0,False,,,0,,,,,,0,50,power_rp,
P1886,Millard,Kappe,1990-11-30,72,248,Anglo,medium,blonde,goatee,L,RF,,0,,,65,49,52,54,51,48,46,49,49,51,,,,,,,,,,,,61,39,48,46,51,0,0,49,41,46,,,,,,,,,,,,False,,,0,,,,,,0,50,,spray
P1524,Roberto,Garcia,2004-03-01,72,239,Hispanic,medium,brown,mustache,L,2B,,0,,,50,51,70,53,50,52,47,52,52,50,,,,,,,,,,,,67,61,91,68,50,0,0,52,64,73,,,,,,,,,,,,False,,,0,,,,,,0,50,,speed
P9016,Fred,Bienvenu,1989-02-22,76,204,Anglo,medium,blonde,beard,R,LF,,0,,,50,53,48,49,51,49,57,49,53,48,,,,,,,,,,,,46,44,40,41,51,0,0,49,46,40,,,,,,,,,,,,False,,,0,,,,,,0,50,,average
P8708,Sung,Chen,1992-01-02,78,243,Asian,medium,black,clean_shaven,L,LF,,0,,,62,64,48,53,51,47,50,52,52,52,,,,,,,,,,,,54,57,38,50,51,0,0,52,43,52,,,,,,,,,,,,False,,,0,,,,,,0,50,,gap
P4440,Hector,Lopez,1994-10-24,70,187,Hispanic,medium,black,clean_shaven,L,1B,,0,,,52,65,52,50,48,52,46,50,48,51,,,,,,,,,,,,47,68,47,45,48,0,0,50,49,48,,,,,,,,,,,,False,,,0,,,,,,0,50,,power
P3001,Numbers,Charest,1989-05-23,78,165,Anglo,light,brown,clean_shaven,R,3B,,0,,,50,63,49,51,46,50,58,51,49,50,,,,,,,,,,,,47,58,41,47,46,0,0,51,39,45,,,,,,,,,,,,False,,,0,,,,,,0,50,,power
P1905,Carlos,Hernandez,1988-08-05,75,226,Hispanic,light,blonde,mustache,R,LF,,0,,,50,60,50,49,51,52,59,50,52,48,,,,,,,,,,,,42,58,47,46,51,0,0,50,48,48,,,,,,,,,,,,False,,,0,,,,,,0,50,,balanced
P2739,Dwain,Zoldesy,2000-11-30,73,218,Anglo,light,red,clean_shaven,L,3B,,0,,,50,57,48,49,48,54,52,53,52,49,,,,,,,,,,,,59,62,60,63,48,0,0,53,63,56,,,,,,,,,,,,False,,,0,,,,,,0,50,,power
P2383,Rigoberto,Minert,2008-02-10,73,195,Anglo,dark,red,clean_shaven,R,P,,1,RP,CL,,,,,55,,,,50,50,47,51,52,53,52,0,61,67,0,0,0,,,,,0,,,,73,80,69,71,73,73,68,0,81,82,0,0,0,False,,,0,,,,,,0,50,closer,
P8464,Clifton,Ussery,2004-12-19,77,180,Anglo,medium,brown,clean_shaven,R,P,,1,RP,RP,,,,,50,,,,52,50,51,53,52,51,48,62,60,65,0,0,0,,,,,0,,,,62,60,77,68,74,75,73,90,87,78,0,0,0,False,,,0,,,,,,0,50,finesse_rp,
P6953,Kerry,Demer,2005-03-23,68,189,Anglo,light,blonde,clean_shaven,S,P,,1,RP,CL,,,,,52,,,,52,51,50,52,52,52,54,0,62,65,0,0,0,,,,,0,,,,70,75,62,77,71,82,72,0,81,87,0,0,0,False,,,0,,,,,,0,50,closer,
P5415,Alberto,Viscome,2004-08-27,75,169,Anglo,light,black,clean_shaven,R,P,,1,RP,RP,,,,,48,,,,49,49,52,52,53,51,49,60,63,0,0,0,0,,,,,0,,,,61,77,79,82,74,61,79,77,92,0,0,0,0,False,,,0,,,,,,0,50,finesse_rp,
P7281,Manuel,Hernandez,2007-03-08,78,166,Hispanic,medium,brown,clean_shaven,R,P,,1,RP,SP,,,,,53,,,,51,53,50,53,52,48,51,61,0,62,0,0,0,,,,,0,,,,62,83,76,62,67,65,69,85,0,79,0,0,0,False,,,0,,,,,,0,50,balanced_sp,
P6116,Yong,Huang,2004-05-02,69,224,Asian,medium,black,clean_shaven,L,CF,,0,,,53,53,50,49,49,48,42,48,50,51,,,,,,,,,,,,83,64,74,79,49,0,0,48,72,76,,,,,,,,,,,,False,,,0,,,,,,0,50,,average
P9142,Sung,Nguyen,2006-11-25,72,209,Asian,medium,black,mustache,L,LF,,0,,,49,61,51,50,51,52,49,48,50,52,,,,,,,,,,,,76,72,70,70,51,0,0,48,69,71,,,,,,,,,,,,False,,,0,,,,,,0,50,,power
P4881,Xavier,Walker,2008-01-07,70,186,African,dark,black,clean_shaven,S,2B,,0,,,55,49,53,52,52,48,51,50,51,49,,,,,,,,,,,,83,72,76,82,52,0,0,50,66,64,,,,,,,,,,,,False,,,0,,,,,,0,50,,spray
P9321,Yong,Kim,2007-02-05,73,223,Asian,medium,black,clean_shaven,L,CF,,0,,,51,48,70,53,52,50,43,51,50,49,,,,,,,,,,,,67,68,99,83,52,0,0,51,67,62,,,,,,,,,,,,False,,,0,,,,,,0,50,,speed
P5207,Yong,Lin,2005-01-11,77,240,Asian,dark,black,clean_shaven,R,LF,,0,,,51,62,48,50,47,52,57,52,53,50,,,,,,,,,,,,77,80,72,68,47,0,0,52,71,77,,,,,,,,,,,,False,,,0,,,,,,0,50,,power
P3519,Carlos,Ramos,2001-05-26,68,198,Hispanic,dark,brown,clean_shaven,L,P,,1,RP,CL,,,,,55,,,,48,53,51,50,52,50,51,57,60,65,0,0,0,,,,,0,,,,54,63,57,65,64,60,65,67,70,73,0,0,0,False,,,0,,,,,,0,50,closer,
P1599,Sung,Patel,1993-07-13,75,172,Asian,medium,black,clean_shaven,L,P,,1,RP,SP,,,,,49,,,,49,50,50,50,53,50,51,61,59,59,0,0,0,,,,,0,,,,45,43,47,44,46,41,43,58,58,57,0,0,0,False,,,0,,,,,,0,50,balanced_sp,
P9206,Alejandro,Cruz,1994-05-01,77,237,Hispanic,medium,black,clean_shaven,L,P,,1,RP,RP,,,,,49,,,,50,52,50,52,54,50,53,0,60,63,0,0,0,,,,,0,,,,52,49,52,58,53,52,52,0,56,67,0,0,0,False,,,0,,,,,,0,50,power_rp,
P8300,Hector,Sanchez,1998-03-20,74,202,Hispanic,medium,brown,mustache,S,P,1B,1,RP,SP,,,,,50,,,,48,54,54,50,54,48,51,61,61,61,0,55,0,,,,,0,,,,56,67,55,64,64,54,64,70,71,67,0,62,0,False,,,0,,,,,,0,50,power_sp,
P6080,Cedric,Washington,2004-09-15,68,249,African,dark,black,goatee,L,P,,1,RP,SP,,,,,52,,,,52,52,51,52,52,50,52,0,59,0,58,0,0,,,,,0,,,,71,63,81,80,73,65,78,0,69,0,78,0,0,False,,,0,,,,,,0,50,groundball_sp,
P5623,Miguel,Gomez,1999-03-27,68,196,Hispanic,medium,black,beard,R,P,,1,RP,SP,,,,,48,,,,49,49,53,53,54,52,51,59,60,58,0,0,0,,,,,0,,,,57,55,63,65,62,61,59,71,75,69,0,0,0,False,,,0,,,,,,0,50,workhorse_sp,
P9514,Yong,Tran,1988-12-04,68,170,Asian,medium,brown,clean_shaven,L,P,,1,RP,RP,,,,,57,,,,49,51,53,51,52,53,51,58,0,0,63,0,0,,,,,0,,,,49,46,46,46,53,47,43,52,0,0,63,0,0,False,,,0,,,,,,0,50,groundball_rp,
P7718,Neal,Vollman,1993-05-15,76,185,Anglo,medium,blonde,mustache,R,P,,1,RP,LR,,,,,54,,,,51,53,49,51,53,52,53,60,61,65,0,0,0,,,,,0,,,,43,52,42,46,44,51,49,54,58,60,0,0,0,False,,,0,,,,,,0,50,long_relief,
P9880,Malik,Young,1995-07-06,72,163,African,dark,black,beard,S,P,,1,RP,RP,,,,,51,,,,51,54,50,52,54,50,53,0,63,63,0,0,0,,,,,0,,,,52,54,48,57,53,50,49,0,63,58,0,0,0,False,,,0,,,,,,0,50,power_rp,
P9559,Fabian,Gullickson,2000-08-07,70,218,Anglo,light,black,beard,R,P,,1,RP,RP,,,,,52,,,,49,49,48,50,52,49,53,58,62,0,0,0,0,,,,,0,,,,56,59,63,63,58,62,59,67,72,0,0,0,0,False,,,0,,,,,,0,50,finesse_rp,
P2277,Percy,Taylor,2000-02-11,77,183,African,medium,black,clean_shaven,R,P,,1,RP,RP,,,,,53,,,,52,49,51,52,54,52,52,0,0,63,60,0,0,,,,,0,,,,60,57,62,61,66,59,65,0,0,78,66,0,0,False,,,0,,,,,,0,50,groundball_rp,
P7301,Felton,Wach,1996-06-10,69,233,Anglo,light,blonde,clean_shaven,R,C,,0,,,64,49,49,51,52,51,56,50,53,48,,,,,,,,,,,,63,46,49,50,52,0,0,50,53,53,,,,,,,,,,,,False,,,0,,,,,,0,50,,spray
P7250,Juan,Ramos,1993-12-05,69,204,Hispanic,dark,black,clean_shaven,R,1B,,0,,,53,64,49,49,51,50,54,50,50,50,,,,,,,,,,,,52,64,40,41,51,0,0,50,45,46,,,,,,,,,,,,False,,,0,,,,,,0,50,,power
P4872,Carlos,Gomez,1995-11-03,73,224,Hispanic,light,black,beard,L,2B,,0,,,53,48,70,54,52,48,47,51,53,49,,,,,,,,,,,,48,46,65,58,52,0,0,51,52,52,,,,,,,,,,,,False,,,0,,,,,,0,50,,speed
P6660,Augustus,Mainz,1999-10-07,76,207,Anglo,light,black,goatee,R,3B,,0,,,60,52,49,50,51,48,60,51,48,52,,,,,,,,,,,,68,66,57,59,51,0,0,51,63,63,,,,,,,,,,,,False,,,0,,,,,,0,50,,spray
P9485,Luther,Weirauch,1993-11-04,72,194,Anglo,light,blonde,beard,R,SS,,0,,,64,65,50,51,48,52,58,51,50,50,,,,,,,,,,,,57,65,43,51,48,0,0,51,46,46,,,,,,,,,,,,False,,,0,,,,,,0,50,,gap
P6958,Darnell,Taylor,2003-08-28,69,179,African,dark,black,mustache,R,LF,,0,,,50,53,47,49,53,51,60,49,50,53,,,,,,,,,,,,65,66,61,54,53,0,0,49,63,62,,,,,,,,,,,,False,,,0,,,,,,0,50,,average
P2960,Antonio,Vasquez,2002-12-18,78,205,Hispanic,medium,brown,clean_shaven,R,CF,,0,,,52,49,70,50,53,49,51,47,51,49,,,,,,,,,,,,67,59,84,64,53,0,0,47,65,57,,,,,,,,,,,,False,,,0,,,,,,0,50,,speed
P9451,Zachery,Greet,1989-02-27,69,176,Anglo,medium,brown,clean_shaven,S,RF,,0,,,64,70,49,51,50,50,53,50,49,51,,,,,,,,,,,,61,60,40,51,50,0,0,50,47,51,,,,,,,,,,,,False,,,0,,,,,,0,50,,gap
P6068,Sung,Huang,1990-06-11,73,215,Asian,medium,black,clean_shaven,L,1B,,0,,,51,57,53,50,52,53,46,53,51,48,,,,,,,,,,,,47,48,52,49,52,0,0,53,43,38,,,,,,,,,,,,False,,,0,,,,,,0,50,,balanced
P1233,Yong,Le,1992-12-15,78,164,Asian,light,black,clean_shaven,L,C,,0,,,49,54,49,52,50,53,52,52,50,51,,,,,,,,,,,,43,44,45,43,50,0,0,52,40,42,,,,,,,,,,,,False,,,0,,,,,,0,50,,average
P6895,Sung,Lin,1995-06-28,71,239,Asian,dark,black,clean_shaven,R,C,,0,,,51,59,51,51,49,51,60,51,53,50,,,,,,,,,,,,52,62,55,48,49,0,0,51,52,45,,,,,,,,,,,,False,,,0,,,,,,0,50,,power
P7662,Percy,Young,1994-12-14,76,224,African,medium,brown,mustache,R,RF,,0,,,49,54,51,48,50,52,54,49,50,52,,,,,,,,,,,,53,56,52,50,50,0,0,49,55,52,,,,,,,,,,,,False,,,0,,,,,,0,50,,balanced
P7579,Sung,Park,1999-09-28,69,217,Asian,light,black,clean_shaven,R,RF,,0,,,52,51,50,52,51,50,56,49,49,48,,,,,,,,,,,,58,56,57,64,51,0,0,49,56,58,,,,,,,,,,,,False,,,0,,,,,,0,50,,balanced
P6427,Isiah,Cruikshank,1994-01-17,75,232,Anglo,light,blonde,clean_shaven,R,2B,,0,,,51,47,78,54,50,47,56,53,53,52,,,,,,,,,,,,47,45,72,48,50,0,0,53,48,42,,,,,,,,,,,,False,,,0,,,,,,0,50,,speed
P2633,Rufus,Gaines,1987-04-04,71,221,African,dark,black,mustache,R,P,,1,RP,CL,,,,,55,,,,48,50,48,51,53,50,52,0,0,65,0,0,0,,,,,0,,,,44,46,48,45,48,43,46,0,0,57,0,0,0,False,,,0,,,,,,0,50,closer,
P4431,Lacy,Lutwin,1993-06-06,76,234,Anglo,light,blonde,goatee,R,P,,1,RP,SP,,,,,52,,,,51,53,54,51,53,50,53,59,60,0,55,54,0,,,,,0,,,,44,45,47,45,44,45,51,58,51,0,51,53,0,False,,,0,,,,,,0,50,finesse_sp,
P5040,Darnell,King,1995-10-31,71,238,African,dark,brown,beard,R,P,,1,RP,LR,,,,,51,,,,50,50,49,50,52,52,50,0,0,63,0,0,0,,,,,0,,,,50,48,52,50,51,52,48,0,0,65,0,0,0,False,,,0,,,,,,0,50,long_relief,
P2903,John,Shatswell,2004-10-20,75,245,Anglo,medium,brown,clean_shaven,S,P,,1,RP,SP,,,,,51,,,,51,53,51,50,52,48,52,0,60,63,56,0,0,,,,,0,,,,81,79,73,78,80,58,72,0,76,88,82,0,0,False,,,0,,,,,,0,50,power_sp,
P1423,Jamal,Gaines,1996-06-09,71,168,African,dark,black,beard,R,P,,1,RP,SP,,,,,48,,,,48,50,50,50,52,51,52,60,62,0,59,0,0,,,,,0,,,,49,48,45,50,50,54,50,58,66,0,59,0,0,False,,,0,,,,,,0,50,finesse_sp,
P3146,Cedric,Taylor,1997-05-19,78,197,African,medium,black,clean_shaven,R,P,,1,RP,RP,,,,,49,,,,51,51,50,50,54,51,55,0,60,64,58,0,0,,,,,0,,,,55,50,55,50,50,51,50,0,57,64,55,0,0,False,,,0,,,,,,0,50,power_rp,
P4011,Tommy,Hanlon,1993-05-31,68,169,Anglo,light,brown,mustache,L,P,,1,RP,SP,,,,,48,,,,50,50,54,51,52,51,51,58,60,0,0,0,0,,,,,0,,,,45,48,50,49,45,47,48,52,51,0,0,0,0,False,,,0,,,,,,0,50,workhorse_sp,
P9657,Roberto,Morales,1997-10-21,71,212,Hispanic,medium,black,goatee,R,1B,,0,,,51,63,52,49,48,51,54,52,48,50,,,,,,,,,,,,52,67,55,48,48,0,0,52,52,46,,,,,,,,,,,,False,,,0,,,,,,0,50,,power
P6915,Sung,Le,1988-10-19,70,205,Asian,light,black,clean_shaven,L,CF,RF,0,,,54,53,50,53,53,49,45,51,50,51,,,,,,,,,,,,49,46,45,45,53,0,0,51,44,47,,,,,,,,,,,,False,,,0,,,,,,0,50,,balanced
P9794,Rupert,Dafonte,1989-12-25,74,226,Anglo,light,black,beard,L,RF,,0,,,51,50,48,50,50,51,47,47,51,51,,,,,,,,,,,,45,46,38,46,50,0,0,47,46,42,,,,,,,,,,,,False,,,0,,,,,,0,50,,average
P3886,Rufus,White,1991-09-28,70,209,African,dark,black,beard,R,RF,,0,,,50,51,70,51,51,46,59,52,52,50,,,,,,,,,,,,48,46,60,41,51,0,0,52,52,49,,,,,,,,,,,,False,,,0,,,,,,0,50,,speed
P1373,Otto,Mclagan,1995-06-17,70,172,Anglo,light,blonde,clean_shaven,L,1B,,0,,,64,68,51,52,48,50,48,53,48,52,,,,,,,,,,,,69,68,55,50,48,0,0,53,50,49,,,,,,,,,,,,False,,,0,,,,,,0,50,,gap
P8073,Xavier,Harris,1995-09-07,70,248,African,dark,brown,beard,R,SS,,0,,,52,53,51,51,48,49,58,50,48,50,,,,,,,,,,,,48,57,51,52,48,0,0,50,49,46,,,,,,,,,,,,False,,,0,,,,,,0,50,,balanced
P7195,Deshawn,Washington,1992-02-23,73,214,African,dark,black,clean_shaven,L,LF,,0,,,52,54,50,51,53,48,46,49,52,52,,,,,,,,,,,,50,46,41,47,53,0,0,49,48,51,,,,,,,,,,,,False,,,0,,,,,,0,50,,balanced
P5309,Enoch,Vielle,1997-01-27,73,224,Anglo,light,black,mustache,R,C,,0,,,51,51,51,50,48,51,56,53,50,52,,,,,,,,,,,,51,48,50,49,48,0,0,53,52,57,,,,,,,,,,,,False,,,0,,,,,,0,50,,average
P6649,Russell,Read,2005-02-05,72,179,Anglo,medium,brown,goatee,R,P,,1,RP,CL,,,,,55,,,,51,54,50,50,54,50,54,0,0,66,0,0,0,,,,,0,,,,70,72,66,81,75,64,84,0,0,95,0,0,0,False,,,0,,,,,,0,50,closer,
P2812,Jose,Vargas,2005-06-04,69,231,Hispanic,medium,black,clean_shaven,R,P,,1,RP,SP,,,,,54,,,,48,49,51,51,54,48,50,0,60,0,60,0,0,,,,,0,,,,73,70,78,74,81,69,80,0,86,0,78,0,0,False,,,0,,,,,,0,50,groundball_sp,
P6598,Val,Coffie,2006-01-09,69,204,Anglo,light,blonde,clean_shaven,R,P,,1,RP,RP,,,,,57,,,,52,53,50,50,52,53,51,59,58,0,63,0,0,,,,,0,,,,62,72,67,71,63,66,64,83,79,0,93,0,0,False,,,0,,,,,,0,50,groundball_rp,
P4874,Deshawn,Green,2007-10-17,75,245,African,medium,black,clean_shaven,S,P,,1,RP,SP,,,,,49,,,,53,54,51,51,54,52,54,0,61,60,0,0,0,,,,,0,,,,64,79,77,73,68,70,70,0,83,73,0,0,0,False,,,0,,,,,,0,50,power_sp,
P4918,Hector,Rodriguez,2007-06-27,70,168,Hispanic,medium,black,clean_shaven,L,P,,1,RP,SP,,,,,52,,,,50,49,53,51,52,51,49,58,59,62,0,0,0,,,,,0,,,,69,73,70,76,68,76,68,87,76,78,0,0,0,False,,,0,,,,,,0,50,balanced_sp,
P4903,Colin,Suben,2007-04-05,69,182,Anglo,dark,black,clean_shaven,R,C,,0,,,52,52,48,51,48,52,55,53,51,50,,,,,,,,,,,,63,64,77,63,48,0,0,53,67,78,,,,,,,,,,,,False,,,0,,,,,,0,50,,average
P5607,Fernando,Mendoza,2004-10-28,70,199,Hispanic,light,red,clean_shaven,R,C,,0,,,53,51,51,51,52,50,57,51,49,49,,,,,,,,,,,,74,68,72,75,52,0,0,51,73,66,,,,,,,,,,,,False,,,0,,,,,,0,50,,average
P9805,Antonio,Flores,2004-12-31,73,235,Hispanic,light,brown,clean_shaven,R,CF,,0,,,52,53,49,51,53,53,57,52,50,50,,,,,,,,,,,,80,69,76,63,53,0,0,52,65,67,,,,,,,,,,,,False,,,0,,,,,,0,50,,balanced
P9678,Cedric,King,2005-02-23,74,219,African,dark,brown,mustache,R,1B,,0,,,51,61,49,50,48,50,54,51,50,52,,,,,,,,,,,,72,76,64,68,48,0,0,51,73,62,,,,,,,,,,,,False,,,0,,,,,,0,50,,power
P5735,Malik,Harris,2004-03-30,77,162,African,dark,black,beard,L,C,,0,,,49,51,48,49,48,51,48,53,48,49,,,,,,,,,,,,61,63,74,60,48,0,0,53,63,73,,,,,,,,,,,,False,,,0,,,,,,0,50,,average
P2409,Francisco,Vasquez,1992-06-05,71,243,Hispanic,medium,brown,clean_shaven,R,P,,1,RP,CL,,,,,55,,,,48,50,50,52,52,52,56,60,60,67,0,0,0,,,,,0,,,,43,47,47,50,50,50,52,55,51,67,0,0,0,False,,,0,,,,,,0,50,closer,
P8453,Francisco,Garcia,1987-08-12,69,239,Hispanic,light,black,clean_shaven,S,P,,1,RP,SP,,,,,51,,,,51,48,54,50,52,50,50,58,60,59,0,57,0,,,,,0,,,,43,40,40,49,48,40,50,55,58,56,0,52,0,False,,,0,,,,,,0,50,balanced_sp,
P1047,Alejandro,Flores,2001-07-26,75,234,Hispanic,light,brown,clean_shaven,R,P,,1,RP,RP,,,,,49,,,,48,51,48,53,52,49,51,58,0,0,0,0,0,,,,,0,,,,59,57,63,62,55,54,61,64,0,0,0,0,0,False,,,0,,,,,,0,50,finesse_rp,
P5983,Eduardo,Gonzalez,1995-07-03,72,202,Hispanic,light,brown,clean_shaven,R,P,,1,RP,SP,,,,,48,,,,48,54,54,52,52,47,53,0,61,59,54,0,0,,,,,0,,,,50,58,57,54,55,42,56,0,65,55,59,0,0,False,,,0,,,,,,0,50,power_sp,
P9486,Dannie,Ercolano,1988-03-15,76,164,Anglo,medium,black,beard,R,P,,1,RP,RP,,,,,50,,,,51,54,49,52,54,53,52,57,60,66,0,0,0,,,,,0,,,,44,49,42,53,49,48,47,53,59,60,0,0,0,False,,,0,,,,,,0,50,power_rp,
P2368,Percy,Robinson,2000-10-07,77,175,African,dark,black,beard,L,P,,1,RP,SP,,,,,52,,,,52,49,51,51,53,50,49,63,59,59,0,56,0,,,,,0,,,,58,59,65,62,63,56,56,69,69,71,0,67,0,False,,,0,,,,,,0,50,balanced_sp,
P5358,Rodger,Net,1991-06-05,73,193,Anglo,medium,black,goatee,R,P,,1,RP,SP,,,,,48,,,,52,53,53,52,52,50,51,59,58,58,0,54,0,,,,,0,,,,45,52,46,44,51,48,41,59,53,50,0,52,0,False,,,0,,,,,,0,50,balanced_sp,
P7901,Lynn,Orrego,2001-08-27,76,223,Anglo,light,black,clean_shaven,L,P,,1,RP,SP,,,,,51,,,,51,49,50,50,53,50,53,58,59,0,57,0,0,,,,,0,,,,58,54,61,59,62,61,61,63,72,0,68,0,0,False,,,0,,,,,,0,50,finesse_sp,
P4326,Fernando,Vasquez,1999-11-06,72,225,Hispanic,medium,brown,goatee,L,P,,1,RP,SP,,,,,54,,,,51,48,54,51,54,50,50,61,0,0,62,0,0,,,,,0,,,,58,59,59,68,69,55,55,66,0,0,73,0,0,False,,,0,,,,,,0,50,groundball_sp,
P6388,Tyrone,Allen,2001-01-15,71,198,African,dark,brown,clean_shaven,L,P,,1,RP,RP,,,,,56,,,,49,51,49,52,53,52,50,58,0,66,59,0,0,,,,,0,,,,59,59,60,61,57,65,63,70,0,81,69,0,0,False,,,0,,,,,,0,50,groundball_rp,
P7969,Keith,Postuci,1988-05-05,74,172,Anglo,light,brown,mustache,L,P,,1,RP,RP,,,,,53,,,,50,51,53,50,52,53,56,0,63,64,0,0,0,,,,,0,,,,44,48,46,49,46,52,46,0,58,56,0,0,0,False,,,0,,,,,,0,50,power_rp,
P3440,Kurt,Vangompel,1991-06-06,68,219,Anglo,dark,black,clean_shaven,R,C,,0,,,50,48,75,50,53,50,60,49,50,51,,,,,,,,,,,,46,42,65,47,53,0,0,49,48,48,,,,,,,,,,,,False,,,0,,,,,,0,50,,speed
P7710,Cristopher,Kole,2003-09-30,73,194,Anglo,light,brown,clean_shaven,R,1B,,0,,,50,55,50,51,48,49,54,52,47,49,,,,,,,,,,,,57,64,60,63,48,0,0,52,59,58,,,,,,,,,,,,False,,,0,,,,,,0,50,,average
P5178,Jamal,Walker,2004-07-06,76,216,African,dark,brown,beard,L,2B,,0,,,51,51,52,50,49,51,49,50,51,53,,,,,,,,,,,,68,74,62,64,49,0,0,50,68,77,,,,,,,,,,,,False,,,0,,,,,,0,50,,average
P5772,Jamal,Jackson,1997-06-22,73,193,African,dark,black,mustache,R,3B,,0,,,52,64,50,51,48,50,56,49,48,48,,,,,,,,,,,,52,67,50,52,48,0,0,49,46,48,,,,,,,,,,,,False,,,0,,,,,,0,50,,power
P7959,Donald,Wollard,2002-10-07,74,183,Anglo,dark,brown,beard,L,SS,,0,,,53,47,83,50,53,46,51,51,51,47,,,,,,,,,,,,63,56,98,55,53,0,0,51,64,57,,,,,,,,,,,,False,,,0,,,,,,0,50,,speed
P2219,Jamal,Carter,1988-02-02,72,170,African,dark,black,clean_shaven,R,LF,,0,,,50,51,52,51,49,52,56,52,52,50,,,,,,,,,,,,45,45,45,48,49,0,0,52,44,50,,,,,,,,,,,,False,,,0,,,,,,0,50,,average
P7889,Basil,Montore,2005-02-14,70,239,Anglo,light,brown,clean_shaven,S,CF,,0,,,54,53,52,50,50,50,53,49,52,50,,,,,,,,,,,,80,74,70,70,50,0,0,49,73,68,,,,,,,,,,,,False,,,0,,,,,,0,50,,balanced
P5919,Fausto,Runions,1988-06-15,75,242,Anglo,light,brown,goatee,R,RF,,0,,,51,60,50,49,48,50,54,50,51,53,,,,,,,,,,,,44,55,45,39,48,0,0,50,51,50,,,,,,,,,,,,False,,,0,,,,,,0,50,,power
P8898,Jorge,Hernandez,1989-10-08,68,184,Hispanic,light,brown,goatee,S,1B,,0,,,49,62,51,50,48,51,50,50,52,50,,,,,,,,,,,,39,57,43,41,48,0,0,50,47,45,,,,,,,,,,,,False,,,0,,,,,,0,50,,power
P5907,Jacinto,Kupchinsky,1996-05-21,73,212,Anglo,light,black,clean_shaven,L,RF,,0,,,49,58,47,50,48,52,48,51,51,49,,,,,,,,,,,,44,60,50,47,48,0,0,51,53,48,,,,,,,,,,,,False,,,0,,,,,,0,50,,power
P1326,Cedric,Young,1995-01-21,68,238,African,dark,black,clean_shaven,R,2B,,0,,,52,48,70,54,50,48,55,49,49,51,,,,,,,,,,,,49,43,73,49,50,0,0,49,45,47,,,,,,,,,,,,False,,,0,,,,,,0,50,,speed
P2450,Kelly,Elsaesser,1987-03-14,78,199,Anglo,medium,red,mustache,R,CF,,0,,,52,52,50,51,50,53,57,51,49,52,,,,,,,,,,,,44,42,48,45,50,0,0,51,43,45,,,,,,,,,,,,False,,,0,,,,,,0,50,,balanced
P1653,Francisco,Martinez,1991-08-14,76,188,Hispanic,medium,black,goatee,S,RF,,0,,,56,50,51,51,54,50,50,51,51,50,,,,,,,,,,,,54,46,47,42,54,0,0,51,42,49,,,,,,,,,,,,False,,,0,,,,,,0,50,,spray
P6674,Jose,Torres,1990-05-08,76,177,Hispanic,medium,brown,clean_shaven,R,SS,,0,,,54,52,49,52,49,48,57,52,50,50,,,,,,,,,,,,50,45,40,45,49,0,0,52,50,42,,,,,,,,,,,,False,,,0,,,,,,0,50,,balanced
P8945,Miguel,Flores,1993-04-11,68,182,Hispanic,light,black,mustache,L,P,,1,RP,CL,,,,,55,,,,50,50,50,52,52,52,54,57,0,65,0,0,0,,,,,0,,,,48,50,44,50,46,51,51,49,0,60,0,0,0,False,,,0,,,,,,0,50,closer,
P2179,Alejandro,Gonzalez,1993-07-09,76,240,Hispanic,medium,brown,mustache,L,P,,1,RP,SP,,,,,51,,,,47,51,49,50,52,52,53,59,0,0,61,0,0,,,,,0,,,,39,42,41,51,48,45,45,58,0,0,59,0,0,False,,,0,,,,,,0,50,groundball_sp,
P3408,Florentino,Labuff,1991-05-07,74,216,Anglo,dark,brown,clean_shaven,R,P,,1,RP,SP,,,,,52,,,,50,49,52,53,52,49,51,59,62,0,0,0,0,,,,,0,,,,45,40,45,43,47,43,41,51,62,0,0,0,0,False,,,0,,,,,,0,50,finesse_sp,
P7975,Tyrone,Mitchell,1993-04-17,72,180,African,dark,black,goatee,L,P,,1,RP,SP,,,,,49,,,,50,53,50,50,54,50,51,59,61,0,0,0,0,,,,,0,,,,46,53,50,44,43,49,45,49,53,0,0,0,0,False,,,0,,,,,,0,50,workhorse_sp,
P3544,Rocco,Guidrey,2002-09-15,77,250,Anglo,light,red,clean_shaven,R,P,,1,RP,RP,,,,,52,,,,48,52,50,54,54,50,51,61,60,0,0,0,0,,,,,0,,,,54,63,60,67,61,61,66,74,66,0,0,0,0,False,,,0,,,,,,0,50,finesse_rp,
P5075,Leroy,Young,2003-06-15,73,238,African,dark,black,clean_shaven,L,P,,1,RP,RP,,,,,54,,,,50,51,48,50,52,50,52,0,0,0,59,0,0,,,,,0,,,,62,57,56,59,60,62,64,0,0,0,73,0,0,False,,,0,,,,,,0,50,groundball_rp,
P9190,Manual,Brasseux,1990-07-20,78,235,Anglo,medium,red,goatee,L,P,,1,RP,SP,,,,,51,,,,53,50,53,50,52,49,53,0,60,58,0,0,0,,,,,0,,,,51,45,47,43,43,47,48,0,59,49,0,0,0,False,,,0,,,,,,0,50,power_sp,
P9223,Jermaine,Baker,1987-03-20,68,183,African,dark,black,beard,L,2B,,0,,,58,50,50,54,50,51,48,51,49,52,,,,,,,,,,,,56,41,48,53,50,0,0,51,44,52,,,,,,,,,,,,False,,,0,,,,,,0,50,,spray
P2597,Carlos,Reyes,2000-09-05,74,240,Hispanic,light,brown,goatee,R,2B,,0,,,54,48,70,51,53,48,56,52,52,49,,,,,,,,,,,,67,54,75,61,53,0,0,52,62,59,,,,,,,,,,,,False,,,0,,,,,,0,50,,speed
P5103,Raul,Rivera,2002-09-19,76,240,Hispanic,dark,blonde,clean_shaven,R,SS,,0,,,54,51,49,51,52,49,57,49,50,48,,,,,,,,,,,,65,59,60,60,52,0,0,49,60,62,,,,,,,,,,,,False,,,0,,,,,,0,50,,gap
P6305,Cedric,Green,1995-07-08,69,237,African,dark,black,clean_shaven,R,3B,,0,,,50,52,70,50,52,49,59,52,52,48,,,,,,,,,,,,53,55,65,51,52,0,0,52,49,46,,,,,,,,,,,,False,,,0,,,,,,0,50,,speed
P2589,Deshawn,Taylor,2003-02-27,69,185,African,dark,black,beard,R,2B,,0,,,56,48,49,54,50,47,55,51,51,50,,,,,,,,,,,,61,57,56,68,50,0,0,51,58,62,,,,,,,,,,,,False,,,0,,,,,,0,50,,spray
P6744,Percy,Allen,1990-03-26,77,192,African,dark,black,goatee,L,CF,,0,,,50,53,50,50,49,50,46,47,50,52,,,,,,,,,,,,49,48,41,40,49,0,0,47,50,44,,,,,,,,,,,,False,,,0,,,,,,0,50,,balanced
P3750,Xavier,King,1989-05-23,77,192,African,dark,black,mustache,R,2B,,0,,,51,53,51,52,50,48,60,52,51,51,,,,,,,,,,,,50,52,45,46,50,0,0,52,44,42,,,,,,,,,,,,False,,,0,,,,,,0,50,,balanced
P4585,Jerald,Shaklee,1990-11-13,76,197,Anglo,medium,brown,clean_shaven,L,1B,,0,,,53,58,54,51,49,50,47,50,49,48,,,,,,,,,,,,53,56,45,50,49,0,0,50,48,41,,,,,,,,,,,,False,,,0,,,,,,0,50,,gap
P2404,Dwight,Mccowan,2008-01-01,70,161,Anglo,light,blonde,clean_shaven,R,P,,1,RP,CL,,,,,55,,,,48,50,51,53,57,53,53,60,0,65,0,0,0,,,,,0,,,,63,71,64,86,71,67,76,80,0,83,0,0,0,False,,,0,,,,,,0,50,closer,
P1510,Tuan,Shipe,2007-09-21,75,184,Anglo,light,brown,clean_shaven,R,P,,1,RP,SP,,,,,51,,,,49,50,54,50,52,50,53,0,63,59,0,0,0,,,,,0,,,,72,67,65,64,83,69,79,0,81,87,0,0,0,False,,,0,,,,,,0,50,balanced_sp,
P8310,Jermaine,White,2005-07-03,72,236,African,dark,black,clean_shaven,R,P,,1,RP,SP,,,,,65,,,,50,49,50,50,54,48,54,58,59,61,58,0,0,,,,,83,,,,70,64,60,81,66,62,84,86,82,84,73,0,0,False,,,0,,,,,,0,50,workhorse_sp,
P3273,Tyrone,Green,2004-04-09,74,190,African,dark,black,clean_shaven,L,P,,1,RP,SP,,,,,18,,,,51,50,52,52,53,51,49,63,62,59,0,54,0,,,,,34,,,,74,71,75,68,78,79,69,82,81,78,0,79,0,False,,,0,,,,,,0,50,workhorse_sp,
P9291,Roberto,Cruz,2004-05-19,73,215,Hispanic,light,red,goatee,R,P,,1,RP,SP,,,,,51,,,,52,50,51,53,52,51,52,60,60,62,0,54,0,,,,,0,,,,74,71,83,65,74,63,71,85,78,72,0,66,0,False,,,0,,,,,,0,50,balanced_sp,
P3184,Jamal,Taylor,2005-01-12,74,212,African,dark,black,mustache,R,2B,,0,,,56,52,52,53,48,52,57,50,48,52,,,,,,,,,,,,86,66,71,71,48,0,0,50,73,70,,,,,,,,,,,,False,,,0,,,,,,0,50,,gap
P9598,Malik,Carter,2004-07-09,78,198,African,dark,black,clean_shaven,R,CF,,0,,,61,51,51,51,51,48,58,49,48,51,,,,,,,,,,,,78,80,79,73,51,0,0,49,68,65,,,,,,,,,,,,False,,,0,,,,,,0,50,,spray
P7169,Percy,Carter,2005-09-28,78,171,African,dark,brown,clean_shaven,R,C,,0,,,54,48,48,51,51,50,59,51,50,48,,,,,,,,,,,,74,60,69,73,51,0,0,51,74,77,,,,,,,,,,,,False,,,0,,,,,,0,50,,spray
P7848,Jorge,Ortiz,2004-12-21,77,205,Hispanic,medium,black,clean_shaven,L,1B,,0,,,48,61,51,50,48,52,47,48,48,49,,,,,,,,,,,,78,91,78,74,48,0,0,48,71,67,,,,,,,,,,,,False,,,0,,,,,,0,50,,power
P4108,Carlos,Ortiz,2007-08-16,70,227,Hispanic,dark,blonde,clean_shaven,S,SS,,0,,,51,60,53,52,49,49,52,50,50,50,,,,,,,,,,,,62,83,82,80,49,0,0,50,70,60,,,,,,,,,,,,False,,,0,,,,,,0,50,,power
P2192,Myles,Hales,1993-09-24,72,246,Anglo,light,brown,clean_shaven,L,P,,1,RP,CL,,,,,55,,,,48,52,49,53,57,50,53,56,0,65,0,0,0,,,,,0,,,,48,42,48,57,39,44,43,55,0,57,0,0,0,False,,,0,,,,,,0,50,closer,
P3328,Dion,Groshek,1990-11-24,73,205,Anglo,light,red,clean_shaven,L,P,,1,RP,RP,,,,,52,,,,48,49,53,51,52,53,50,60,0,0,0,0,0,,,,,0,,,,48,43,48,52,46,46,46,58,0,0,0,0,0,False,,,0,,,,,,0,50,finesse_rp,
P3502,Ricardo,Sanchez,2000-05-08,75,169,Hispanic,medium,blonde,clean_shaven,S,P,,1,RP,RP,,,,,50,,,,51,51,48,50,53,51,51,61,62,64,0,0,0,,,,,0,,,,58,59,59,59,55,57,56,76,68,76,0,0,0,False,,,0,,,,,,0,50,finesse_rp,
P9932,Carlos,Rodriguez,1989-10-22,75,175,Hispanic,light,brown,clean_shaven,L,P,,1,RP,RP,,,,,56,,,,52,51,48,50,53,51,50,57,0,0,63,0,0,,,,,0,,,,47,41,43,45,45,46,46,53,0,0,57,0,0,False,,,0,,,,,,0,50,groundball_rp,
P8788,Malik,Jefferson,2004-12-24,70,195,African,dark,black,clean_shaven,S,P,,1,RP,RP,,,,,53,,,,52,50,51,50,54,49,53,0,0,0,62,0,0,,,,,0,,,,74,64,69,67,80,68,76,0,0,0,85,0,0,False,,,0,,,,,,0,50,groundball_rp,
P6079,Rafael,Martinez,1991-08-21,78,213,Hispanic,medium,black,clean_shaven,R,P,,1,RP,RP,,,,,53,,,,52,52,49,50,52,49,52,0,0,64,0,0,0,,,,,0,,,,52,42,43,42,42,49,45,0,0,55,0,0,0,False,,,0,,,,,,0,50,power_rp,
P4161,Percy,Baker,1989-07-24,71,228,African,dark,black,clean_shaven,R,P,,1,RP,SP,,,,,52,,,,52,51,54,52,52,52,50,59,63,61,58,0,0,,,,,0,,,,47,47,51,42,44,51,50,51,62,58,53,0,0,False,,,0,,,,,,0,50,power_sp,
P5346,Fernando,Castillo,1990-01-22,78,237,Hispanic,medium,black,goatee,L,P,,1,RP,SP,,,,,51,,,,53,49,52,54,53,52,50,59,59,59,0,57,0,,,,,0,,,,46,42,46,50,48,46,44,53,56,53,0,57,0,False,,,0,,,,,,0,50,finesse_sp,
P6482,Pedro,Morales,2000-07-30,70,162,Hispanic,light,brown,clean_shaven,R,P,,1,RP,SP,,,,,52,,,,49,52,53,52,52,48,55,0,61,61,59,0,0,,,,,0,,,,63,64,61,61,66,55,67,0,68,75,65,0,0,False,,,0,,,,,,0,50,power_sp,
P9952,Alejandro,Lopez,1990-07-13,77,195,Hispanic,light,black,goatee,R,P,,1,RP,CL,,,,,52,,,,51,54,49,50,52,53,51,59,58,66,0,0,0,,,,,0,,,,46,51,49,50,47,47,42,58,49,57,0,0,0,False,,,0,,,,,,0,50,closer,
P9072,Rafael,Sanchez,2001-10-10,78,186,Hispanic,medium,black,clean_shaven,R,P,,1,RP,SP,,,,,50,,,,51,50,51,53,54,50,53,57,60,59,0,0,0,,,,,0,,,,63,64,60,67,57,64,66,68,69,70,0,0,0,False,,,0,,,,,,0,50,power_sp,
P9159,Malik,Washington,2004-04-30,70,198,African,dark,black,beard,R,C,,0,,,49,53,49,49,49,53,58,51,51,51,,,,,,,,,,,,65,70,70,62,49,0,0,51,71,62,,,,,,,,,,,,False,,,0,,,,,,0,50,,average
P4950,Ricardo,Castillo,1993-04-02,70,181,Hispanic,dark,blonde,clean_shaven,R,1B,,0,,,60,54,53,53,50,47,54,50,51,50,,,,,,,,,,,,52,49,45,53,50,0,0,50,49,42,,,,,,,,,,,,False,,,0,,,,,,0,50,,spray
P1790,Shaun,Viessman,1988-06-23,72,176,Anglo,dark,blonde,beard,R,2B,,0,,,54,52,53,53,50,49,55,49,50,50,,,,,,,,,,,,46,43,50,47,50,0,0,49,44,46,,,,,,,,,,,,False,,,0,,,,,,0,50,,balanced
P1711,Rufus,Taylor,1993-08-08,70,216,African,dark,black,clean_shaven,S,3B,,0,,,48,49,52,49,48,49,55,52,48,49,,,,,,,,,,,,48,43,48,49,48,0,0,52,46,41,,,,,,,,,,,,False,,,0,,,,,,0,50,,average
P6782,Percy,King,2000-12-31,71,184,African,dark,brown,clean_shaven,L,SS,2B,0,,,52,49,51,52,50,47,48,50,51,48,,,,,,,,,,,,61,55,60,57,50,0,0,50,66,61,,,,,,,,,,,,False,,,0,,,,,,0,50,,average
P4049,Manuel,Gomez,1991-05-11,76,184,Hispanic,dark,black,clean_shaven,R,LF,,0,,,51,53,52,52,49,51,57,49,51,51,,,,,,,,,,,,48,44,50,52,49,0,0,49,41,43,,,,,,,,,,,,False,,,0,,,,,,0,50,,average
P6736,Rico,Banfield,1989-07-10,78,225,Anglo,light,brown,beard,L,CF,,0,,,51,51,70,50,54,48,42,49,52,49,,,,,,,,,,,,47,43,60,40,54,0,0,49,46,44,,,,,,,,,,,,False,,,0,,,,,,0,50,,speed
P2206,Fernando,Cruz,2001-03-22,76,194,Hispanic,medium,brown,clean_shaven,R,RF,,0,,,53,52,49,51,52,53,54,50,49,52,,,,,,,,,,,,66,66,57,58,52,0,0,50,59,62,,,,,,,,,,,,False,,,0,,,,,,0,50,,balanced
P4970,Miguel,Rodriguez,1995-09-18,68,178,Hispanic,light,blonde,beard,L,2B,,0,,,50,52,49,50,52,49,49,51,52,49,,,,,,,,,,,,48,49,52,49,52,0,0,51,50,48,,,,,,,,,,,,False,,,0,,,,,,0,50,,average
P9252,Percy,Walker,1999-04-21,70,210,African,dark,black,clean_shaven,L,RF,,0,,,48,59,47,51,47,53,50,47,48,51,,,,,,,,,,,,63,70,56,65,47,0,0,47,56,59,,,,,,,,,,,,False,,,0,,,,,,0,50,,power
P5055,Luis,Torres,1994-05-11,68,249,Hispanic,medium,black,mustache,R,3B,,0,,,50,57,51,51,48,50,55,49,49,48,,,,,,,,,,,,47,55,46,50,48,0,0,49,54,43,,,,,,,,,,,,False,,,0,,,,,,0,50,,power
P4143,Carlos,Gonzalez,1992-06-04,72,224,Hispanic,dark,brown,mustache,S,C,,0,,,49,53,52,49,53,51,52,49,53,52,,,,,,,,,,,,40,47,47,48,53,0,0,49,47,43,,,,,,,,,,,,False,,,0,,,,,,0,50,,average
P5155,Roberto,Vargas,1995-02-25,77,163,Hispanic,medium,brown,clean_shaven,S,C,,0,,,50,50,51,51,53,49,56,52,49,48,,,,,,,,,,,,51,48,47,49,53,0,0,52,51,53,,,,,,,,,,,,False,,,0,,,,,,0,50,,average
P3008,Roderick,Kodama,1987-09-20,72,207,Anglo,light,black,goatee,S,RF,,0,,,52,60,48,49,48,53,50,50,49,51,,,,,,,,,,,,42,57,39,43,48,0,0,50,47,46,,,,,,,,,,,,False,,,0,,,,,,0,50,,power
P4815,Alonzo,Strait,1994-11-26,74,248,Anglo,light,brown,clean_shaven,R,P,,1,RP,CL,,,,,55,,,,51,50,49,50,52,51,53,0,60,65,0,0,0,,,,,0,,,,51,48,46,50,49,49,50,0,61,65,0,0,0,False,,,0,,,,,,0,50,closer,
P6531,Jamal,Jefferson,1992-08-06,77,220,African,dark,black,beard,R,P,,1,RP,SP,,,,,48,,,,53,52,51,52,52,50,53,0,60,61,0,0,0,,,,,0,,,,43,48,46,44,42,50,47,0,50,55,0,0,0,False,,,0,,,,,,0,50,power_sp,
P1612,Otto,Parlor,1999-10-14,73,186,Anglo,dark,red,clean_shaven,S,P,,1,RP,SP,,,,,50,,,,51,53,52,51,52,48,53,0,59,60,58,55,0,,,,,0,,,,66,58,65,60,62,54,67,0,67,73,67,60,0,False,,,0,,,,,,0,50,power_sp,
P8952,Eduardo,Hernandez,1997-02-23,74,190,Hispanic,light,black,clean_shaven,L,P,,1,RP,SP,,,,,51,,,,52,53,52,52,52,48,53,0,59,59,0,0,0,,,,,0,,,,50,53,55,56,51,50,56,0,57,64,0,0,0,False,,,0,,,,,,0,50,workhorse_sp,
P9086,Juan,Martinez,1995-09-25,78,225,Hispanic,light,brown,clean_shaven,S,P,,1,RP,SP,,,,,48,,,,51,53,51,51,54,48,52,0,60,61,59,54,0,,,,,0,,,,50,52,55,59,56,46,57,0,58,65,54,56,0,False,,,0,,,,,,0,50,power_sp,
P7668,Antonio,Hernandez,1988-01-01,76,240,Hispanic,light,brown,mustache,L,P,,1,RP,SP,,,,,48,,,,53,50,50,52,54,51,54,60,62,60,0,0,0,,,,,0,,,,44,48,43,44,44,49,53,55,53,59,0,0,0,False,,,0,,,,,,0,50,balanced_sp,
P9415,Deshawn,Harris,1997-05-25,77,178,African,dark,black,mustache,L,P,,1,RP,RP,,,,,55,,,,52,50,49,52,52,49,54,58,0,0,60,0,0,,,,,0,,,,49,47,57,52,47,50,58,57,0,0,62,0,0,False,,,0,,,,,,0,50,groundball_rp,
P2396,Ricky,Barbarin,1988-12-13,73,238,Anglo,light,blonde,clean_shaven,R,CF,,0,,,49,50,52,51,50,50,52,50,48,49,,,,,,,,,,,,42,46,42,44,50,0,0,50,42,45,,,,,,,,,,,,False,,,0,,,,,,0,50,,balanced
P6615,Juan,Vargas,2004-05-15,74,227,Hispanic,medium,brown,mustache,L,RF,,0,,,52,59,50,50,50,52,46,47,49,52,,,,,,,,,,,,77,70,68,69,50,0,0,47,68,71,,,,,,,,,,,,False,,,0,,,,,,0,50,,balanced
P9039,Percy,Harris,1991-10-03,69,210,African,dark,black,mustache,R,1B,,0,,,50,61,52,51,51,53,58,48,47,52,,,,,,,,,,,,46,55,51,50,51,0,0,48,40,52,,,,,,,,,,,,False,,,0,,,,,,0,50,,power
P6850,Fernando,Martinez,2003-01-07,77,233,Hispanic,light,brown,beard,R,C,,0,,,52,54,52,50,50,51,59,51,51,49,,,,,,,,,,,,67,67,67,55,50,0,0,51,61,55,,,,,,,,,,,,False,,,0,,,,,,0,50,,balanced
P7074,Roberto,Hernandez,1988-05-27,71,181,Hispanic,light,red,beard,S,CF,,0,,,53,53,49,51,48,50,52,53,52,51,,,,,,,,,,,,45,48,49,41,48,0,0,53,47,51,,,,,,,,,,,,False,,,0,,,,,,0,50,,gap
P7368,Arnoldo,Finister,2000-12-11,76,239,Anglo,light,brown,beard,R,SS,,0,,,60,53,51,52,50,51,58,52,51,52,,,,,,,,,,,,69,67,65,66,50,0,0,52,64,60,,,,,,,,,,,,False,,,0,,,,,,0,50,,gap
P8554,Roberto,Reyes,1989-03-17,71,224,Hispanic,dark,brown,mustache,R,1B,,0,,,52,56,51,51,52,50,54,50,50,48,,,,,,,,,,,,43,48,41,51,52,0,0,50,42,47,,,,,,,,,,,,False,,,0,,,,,,0,50,,balanced
P3125,Abraham,Slane,1994-04-15,78,187,Anglo,light,brown,beard,L,RF,,0,,,49,51,48,50,52,52,47,49,52,50,,,,,,,,,,,,48,52,44,54,52,0,0,49,55,50,,,,,,,,,,,,False,,,0,,,,,,0,50,,average
P2793,Guadalupe,Brickel,2007-10-03,72,186,Anglo,dark,black,clean_shaven,L,P,,1,RP,CL,,,,,55,,,,49,52,48,51,53,51,55,60,59,67,0,0,0,,,,,0,,,,67,80,64,78,77,75,74,83,71,77,0,0,0,False,,,0,,,,,,0,50,closer,
P6808,Alejandro,Castillo,2006-08-26,78,180,Hispanic,dark,red,clean_shaven,L,P,,1,RP,CL,,,,,53,,,,48,52,47,53,54,53,52,0,0,66,0,0,0,,,,,0,,,,61,68,67,64,67,72,76,0,0,86,0,0,0,False,,,0,,,,,,0,50,closer,
P9026,Jorge,Delgado,2007-06-15,78,240,Hispanic,medium,brown,clean_shaven,R,P,,1,RP,SP,,,,,49,,,,50,50,50,53,52,50,49,62,62,62,0,56,0,,,,,0,,,,70,66,68,66,80,77,76,72,89,87,0,85,0,False,,,0,,,,,,0,50,balanced_sp,
P2414,Milford,Hickernell,2004-12-10,72,163,Anglo,light,brown,clean_shaven,R,P,,1,RP,RP,,,,,57,,,,50,51,52,50,52,49,51,0,62,0,61,0,0,,,,,0,,,,60,77,68,75,68,75,74,0,87,0,73,0,0,False,,,0,,,,,,0,50,groundball_rp,
P2974,Leroy,Scott,2006-09-20,72,182,African,dark,brown,clean_shaven,L,P,,1,RP,RP,,,,,50,,,,52,51,49,51,52,49,49,61,0,0,0,0,0,,,,,0,,,,70,61,62,77,75,65,61,90,0,0,0,0,0,False,,,0,,,,,,0,50,finesse_rp,
P9899,Luis,Ramos,2008-02-18,76,220,Hispanic,medium,brown,clean_shaven,R,RF,,0,,,58,48,50,53,51,49,58,49,49,50,,,,,,,,,,,,83,75,79,69,51,0,0,49,67,76,,,,,,,,,,,,False,,,0,,,,,,0,50,,spray
P9983,Malik,Jackson,2005-05-12,77,167,African,medium,black,mustache,R,1B,,0,,,50,64,50,51,47,53,52,49,52,49,,,,,,,,,,,,71,86,69,62,47,0,0,49,64,69,,,,,,,,,,,,False,,,0,,,,,,0,50,,power
P2395,Cedric,White,2007-08-25,74,213,African,dark,black,beard,R,1B,,0,,,52,51,53,50,53,50,55,51,49,51,,,,,,,,,,,,64,69,81,63,53,0,0,51,76,66,,,,,,,,,,,,False,,,0,,,,,,0,50,,average
P2188,Jose,Martinez,2006-10-30,75,240,Hispanic,light,blonde,clean_shaven,L,LF,,0,,,51,62,49,51,51,52,47,52,52,51,,,,,,,,,,,,76,90,64,61,51,0,0,52,64,81,,,,,,,,,,,,False,,,0,,,,,,0,50,,power
P9580,Juan,Guerrero,2007-09-30,68,190,Hispanic,dark,brown,goatee,R,2B,,0,,,54,62,49,52,49,53,55,51,52,53,,,,,,,,,,,,65,86,70,69,49,0,0,51,73,70,,,,,,,,,,,,False,,,0,,,,,,0,50,,power
P7506,Len,Neis,1987-11-19,73,209,Anglo,light,blonde,goatee,L,P,,1,RP,CL,,,,,55,,,,48,50,47,50,52,52,55,0,0,65,0,0,0,,,,,0,,,,41,45,50,47,45,43,49,0,0,63,0,0,0,False,,,0,,,,,,0,50,closer,
P3452,Francisco,Morales,1987-03-17,70,199,Hispanic,light,blonde,mustache,L,P,,1,RP,SP,,,,,52,,,,51,52,51,52,53,53,51,0,62,60,56,0,0,,,,,0,,,,45,42,42,45,51,53,46,0,54,53,46,0,0,False,,,0,,,,,,0,50,power_sp,
P9666,Jermaine,Jefferson,1992-08-16,75,223,African,medium,brown,clean_shaven,L,P,,1,RP,SP,,,,,48,,,,52,52,50,51,52,49,55,62,63,60,0,58,0,,,,,0,,,,52,49,44,46,41,39,52,53,57,58,0,52,0,False,,,0,,,,,,0,50,power_sp,
P2061,Pedro,Vargas,1988-12-31,74,234,Hispanic,dark,brown,goatee,R,P,,1,RP,SP,,,,,50,,,,52,51,51,50,52,50,55,0,61,61,0,0,0,,,,,0,,,,51,45,42,44,48,41,50,0,51,59,0,0,0,False,,,0,,,,,,0,50,power_sp,
P5445,Luis,Ramirez,2000-01-14,74,204,Hispanic,medium,brown,mustache,S,P,,1,RP,SP,,,,,51,,,,52,50,51,51,54,51,53,60,62,58,0,0,0,,,,,0,,,,59,59,57,68,64,64,66,66,74,68,0,0,0,False,,,0,,,,,,0,50,balanced_sp,
P6555,Russ,Tomlinson,2001-01-21,75,180,Anglo,medium,brown,clean_shaven,L,P,,1,RP,SP,,,,,48,,,,49,50,52,51,52,49,50,61,62,59,0,0,0,,,,,0,,,,59,55,59,66,57,63,55,69,75,69,0,0,0,False,,,0,,,,,,0,50,finesse_sp,
P4545,Jamal,Green,2003-07-29,77,172,African,light,black,clean_shaven,R,P,,1,RP,RP,,,,,52,,,,48,51,50,50,52,52,51,0,62,0,0,0,0,,,,,0,,,,58,56,65,59,57,60,59,0,75,0,0,0,0,False,,,0,,,,,,0,50,power_rp,
P8103,Jermaine,Mitchell,1999-11-26,72,231,African,dark,black,beard,R,P,,1,RP,SP,,,,,51,,,,48,52,50,50,54,48,52,60,59,59,54,0,0,,,,,0,,,,54,66,62,64,58,56,66,75,67,72,65,0,0,False,,,0,,,,,,0,50,power_sp,
P9188,Gregorio,Cadle,1993-11-21,75,192,Anglo,medium,blonde,clean_shaven,L,P,,1,RP,RP,,,,,52,,,,52,53,49,52,52,52,53,0,58,0,0,0,0,,,,,0,,,,52,49,52,49,41,52,50,0,58,0,0,0,0,False,,,0,,,,,,0,50,power_rp,
P9164,Jermaine,Walker,1997-09-22,78,215,African,dark,black,clean_shaven,R,P,,1,RP,SP,,,,,51,,,,51,50,52,52,54,53,53,0,63,58,0,0,0,,,,,0,,,,51,48,49,58,49,54,55,0,64,56,0,0,0,False,,,0,,,,,,0,50,balanced_sp,
P7516,Percy,Jackson,1987-10-24,74,179,African,dark,black,goatee,L,P,,1,RP,SP,,,,,50,,,,49,53,54,50,53,48,50,0,63,60,0,0,0,,,,,0,,,,39,44,45,50,46,39,40,0,60,58,0,0,0,False,,,0,,,,,,0,50,power_sp,
P4190,Cedric,Carter,1999-02-24,78,200,African,dark,black,mustache,L,C,,0,,,48,58,47,50,49,54,50,49,53,52,,,,,,,,,,,,53,73,61,64,49,0,0,49,61,63,,,,,,,,,,,,False,,,0,,,,,,0,50,,power
P7400,Fernando,Ramos,2000-09-09,77,215,Hispanic,dark,blonde,clean_shaven,R,1B,,0,,,48,51,48,51,48,53,58,52,50,52,,,,,,,,,,,,56,65,62,64,48,0,0,52,62,60,,,,,,,,,,,,False,,,0,,,,,,0,50,,average
P9128,Weldon,Caughman,1988-09-06,76,227,Anglo,medium,red,beard,R,2B,,0,,,53,62,50,50,52,53,60,49,49,53,,,,,,,,,,,,53,62,40,41,52,0,0,49,44,43,,,,,,,,,,,,False,,,0,,,,,,0,50,,power
P1491,Salvador,Otomo,2004-09-05,75,247,Anglo,medium,blonde,goatee,R,3B,,0,,,53,53,51,51,51,50,56,50,52,51,,,,,,,,,,,,80,83,71,80,51,0,0,50,76,64,,,,,,,,,,,,False,,,0,,,,,,0,50,,balanced
P4866,Cedric,Gaines,1996-02-11,73,167,African,light,brown,mustache,S,SS,,0,,,51,51,85,52,51,49,53,53,51,47,,,,,,,,,,,,46,49,85,52,51,0,0,53,53,50,,,,,,,,,,,,False,,,0,,,,,,0,50,,speed
P6590,Mose,Hadson,2003-04-13,78,218,Anglo,light,brown,clean_shaven,L,LF,,0,,,53,49,51,52,50,52,50,52,51,50,,,,,,,,,,,,67,60,63,61,50,0,0,52,61,63,,,,,,,,,,,,False,,,0,,,,,,0,50,,balanced
P1977,Deshawn,Scott,2000-12-12,68,230,African,dark,brown,clean_shaven,R,CF,,0,,,51,49,49,50,53,52,56,51,49,48,,,,,,,,,,,,56,63,56,60,53,0,0,51,54,58,,,,,,,,,,,,False,,,0,,,,,,0,50,,balanced
P6164,Louis,Chancy,1990-11-08,78,164,Anglo,light,brown,goatee,L,RF,,0,,,52,59,48,49,47,53,50,49,50,52,,,,,,,,,,,,47,57,47,47,47,0,0,49,49,48,,,,,,,,,,,,False,,,0,,,,,,0,50,,power
P4484,Carlos,Vasquez,1989-06-26,69,167,Hispanic,light,black,clean_shaven,R,RF,,0,,,51,59,50,49,48,49,55,48,49,51,,,,,,,,,,,,47,51,50,45,48,0,0,48,47,50,,,,,,,,,,,,False,,,0,,,,,,0,50,,power
P9613,Jose,Rodriguez,1999-05-05,75,215,Hispanic,medium,brown,clean_shaven,L,1B,,0,,,49,65,53,49,50,53,44,49,48,50,,,,,,,,,,,,62,74,60,60,50,0,0,49,57,65,,,,,,,,,,,,False,,,0,,,,,,0,50,,power
P8181,Chauncey,Wyles,2000-05-30,76,202,Anglo,medium,brown,mustache,R,1B,,0,,,51,57,54,51,48,51,54,50,50,51,,,,,,,,,,,,60,68,67,58,48,0,0,50,63,64,,,,,,,,,,,,False,,,0,,,,,,0,50,,balanced
P8557,Don,Leaks,1989-07-23,72,223,Anglo,medium,blonde,mustache,R,CF,,0,,,52,50,70,53,53,49,57,51,49,50,,,,,,,,,,,,43,43,63,46,53,0,0,51,47,47,,,,,,,,,,,,False,,,0,,,,,,0,50,,speed
P5867,Rufus,Jackson,1993-07-24,78,183,African,dark,black,beard,R,C,,0,,,60,51,51,51,53,50,55,50,52,51,,,,,,,,,,,,60,47,50,50,53,0,0,50,43,41,,,,,,,,,,,,False,,,0,,,,,,0,50,,spray
P9100,Thanh,Wellen,1989-12-28,72,170,Anglo,light,brown,mustache,R,SS,,0,,,59,51,51,53,49,47,58,52,49,50,,,,,,,,,,,,50,48,51,51,49,0,0,52,46,47,,,,,,,,,,,,False,,,0,,,,,,0,50,,spray
P1658,Jarod,Wedner,2003-02-25,74,232,Anglo,dark,brown,clean_shaven,R,P,,1,RP,CL,,,,,55,,,,49,53,50,50,54,51,56,57,0,65,0,0,0,,,,,0,,,,64,66,61,61,64,61,66,65,0,78,0,0,0,False,,,0,,,,,,0,50,closer,
P5769,Pedro,Sanchez,2002-04-01,74,223,Hispanic,medium,brown,clean_shaven,R,P,,1,RP,SP,,,,,52,,,,49,52,51,50,53,50,52,0,0,59,60,0,0,,,,,0,,,,57,63,59,63,61,61,60,0,0,74,69,0,0,False,,,0,,,,,,0,50,groundball_sp,
P2817,Raul,Ramirez,1996-07-26,75,160,Hispanic,medium,brown,goatee,S,P,,1,RP,SP,,,,,50,,,,50,50,53,50,53,51,49,62,0,61,0,0,0,,,,,0,,,,49,46,55,58,54,47,50,63,0,56,0,0,0,False,,,0,,,,,,0,50,balanced_sp,
P5281,Glenn,Freehling,2001-09-20,73,208,Anglo,light,black,clean_shaven,L,P,,1,RP,SP,,,,,51,,,,49,50,53,52,53,49,53,58,64,64,0,55,0,,,,,0,,,,54,65,67,68,67,57,67,63,72,79,0,69,0,False,,,0,,,,,,0,50,power_sp,
P2416,Antonio,Vargas,1988-11-27,73,205,Hispanic,dark,black,mustache,S,P,,1,RP,SP,,,,,47,,,,52,51,52,50,54,49,51,0,59,61,0,0,0,,,,,0,,,,49,41,41,50,47,39,46,0,52,57,0,0,0,False,,,0,,,,,,0,50,power_sp,
P9663,Malik,Taylor,1995-01-15,77,206,African,dark,black,clean_shaven,L,P,,1,RP,SP,,,,,49,,,,50,51,51,50,52,51,52,58,62,0,0,0,0,,,,,0,,,,49,51,50,51,50,50,49,60,66,0,0,0,0,False,,,0,,,,,,0,50,workhorse_sp,
P5502,Tyrone,Taylor,2000-04-04,73,206,African,dark,brown,clean_shaven,L,P,,1,RP,SP,,,,,49,,,,48,52,50,52,54,49,52,59,0,59,0,0,0,,,,,0,,,,59,67,65,60,61,56,61,74,0,71,0,0,0,False,,,0,,,,,,0,50,balanced_sp,
P7976,Reed,Hohiudden,1997-04-04,72,167,Anglo,medium,black,clean_shaven,R,CF,,0,,,52,49,52,51,52,51,52,49,49,53,,,,,,,,,,,,54,45,57,55,52,0,0,49,45,52,,,,,,,,,,,,False,,,0,,,,,,0,50,,average
P2448,Francesco,Camferdam,1991-07-14,71,172,Anglo,dark,black,beard,L,1B,,0,,,52,56,51,50,51,51,47,49,47,52,,,,,,,,,,,,49,50,50,41,51,0,0,49,47,51,,,,,,,,,,,,False,,,0,,,,,,0,50,,balanced
P5318,Raul,Castillo,2002-03-31,75,207,Hispanic,light,brown,goatee,R,2B,,0,,,52,50,51,51,51,50,58,53,51,52,,,,,,,,,,,,60,64,66,64,51,0,0,53,62,61,,,,,,,,,,,,False,,,0,,,,,,0,50,,average
P8368,Jorge,Vasquez,1991-01-27,70,245,Hispanic,light,brown,goatee,R,3B,,0,,,51,51,50,50,47,53,59,53,52,48,,,,,,,,,,,,49,42,50,49,47,0,0,53,52,42,,,,,,,,,,,,False,,,0,,,,,,0,50,,gap
P1727,Jamal,Mitchell,2003-02-23,71,233,African,dark,black,clean_shaven,R,C,,0,,,69,64,49,54,50,51,59,49,53,51,,,,,,,,,,,,83,70,60,65,50,0,0,49,64,64,,,,,,,,,,,,False,,,0,,,,,,0,50,,gap
P3744,Thurman,Arcilla,1988-06-19,77,215,Anglo,medium,brown,beard,R,3B,,0,,,52,48,86,51,50,50,58,51,51,50,,,,,,,,,,,,52,43,82,41,50,0,0,51,46,46,,,,,,,,,,,,False,,,0,,,,,,0,50,,speed
P7661,Xavier,Carter,1987-09-04,70,178,African,medium,brown,beard,R,3B,,0,,,50,51,51,51,52,50,56,52,52,48,,,,,,,,,,,,48,44,50,45,52,0,0,52,49,48,,,,,,,,,,,,False,,,0,,,,,,0,50,,average
P4492,Felipe,Goodwater,2002-09-08,69,207,Anglo,light,black,goatee,L,C,,0,,,53,52,83,53,53,50,48,49,49,50,,,,,,,,,,,,62,57,94,66,53,0,0,49,56,63,,,,,,,,,,,,False,,,0,,,,,,0,50,,speed
P8957,Terrell,Michniak,2004-08-23,77,218,Anglo,medium,brown,clean_shaven,R,P,,1,RP,CL,,,,,55,,,,48,53,47,53,57,50,55,0,0,65,0,0,0,,,,,0,,,,64,76,78,84,62,78,85,0,0,83,0,0,0,False,,,0,,,,,,0,50,closer,
P6938,Tyrone,Walker,2005-10-13,78,234,African,dark,black,clean_shaven,R,P,,1,RP,RP,,,,,52,,,,50,51,48,50,53,51,50,60,60,0,0,0,0,,,,,0,,,,65,73,69,72,70,80,62,79,88,0,0,0,0,False,,,0,,,,,,0,50,finesse_rp,
P1511,Pedro,Garcia,2004-08-10,68,196,Hispanic,medium,brown,clean_shaven,R,P,,1,RP,SP,,,,,52,,,,51,49,54,50,52,51,51,63,62,0,0,0,0,,,,,0,,,,67,69,76,66,81,70,66,84,75,0,0,0,0,False,,,0,,,,,,0,50,finesse_sp,
P3002,Miguel,Garcia,2007-08-27,68,168,Hispanic,light,blonde,clean_shaven,R,P,,1,RP,SP,,,,,51,,,,50,54,50,50,52,47,52,0,62,63,57,0,0,,,,,0,,,,70,77,67,76,67,58,75,0,75,75,73,0,0,False,,,0,,,,,,0,50,power_sp,
P1336,Merrill,Lowy,2004-07-27,72,247,Anglo,light,black,clean_shaven,R,P,,1,RP,SP,,,,,52,,,,51,51,52,50,52,48,53,62,63,59,0,0,0,,,,,0,,,,77,75,76,79,70,65,64,92,79,74,0,0,0,False,,,0,,,,,,0,50,balanced_sp,
P4997,Tyrone,Washington,2007-07-20,73,246,African,dark,brown,mustache,L,CF,,0,,,50,56,48,51,48,54,42,51,48,52,,,,,,,,,,,,67,83,59,65,48,0,0,51,76,71,,,,,,,,,,,,False,,,0,,,,,,0,50,,power
P8339,Darnell,Gaines,2007-04-29,71,160,African,dark,black,clean_shaven,L,1B,,0,,,47,62,49,50,51,51,49,50,49,50,,,,,,,,,,,,77,87,68,68,51,0,0,50,62,72,,,,,,,,,,,,False,,,0,,,,,,0,50,,power
P4076,Jorge,Reyes,2007-07-05,72,179,Hispanic,medium,brown,clean_shaven,L,LF,,0,,,62,50,52,51,50,51,50,49,51,50,,,,,,,,,,,,80,76,81,71,50,0,0,49,62,62,,,,,,,,,,,,False,,,0,,,,,,0,50,,spray
P7713,Xavier,Jackson,2007-03-01,76,216,African,light,brown,clean_shaven,R,RF,,0,,,56,50,52,51,51,47,54,50,49,51,,,,,,,,,,,,86,65,69,68,51,0,0,50,70,66,,,,,,,,,,,,False,,,0,,,,,,0,50,,spray
P6898,Benjamin,Jeffris,2004-10-18,71,199,Anglo,medium,blonde,clean_shaven,R,1B,,0,,,48,63,50,49,47,51,55,53,49,52,,,,,,,,,,,,62,92,63,60,47,0,0,53,72,69,,,,,,,,,,,,False,,,0,,,,,,0,50,,power
P7892,Leroy,Gaines,2003-12-14,74,223,African,medium,black,clean_shaven,R,P,,1,RP,CL,,,,,55,,,,49,52,50,50,52,50,54,0,0,66,0,0,0,,,,,0,,,,60,60,60,60,58,62,65,0,0,81,0,0,0,False,,,0,,,,,,0,50,closer,
P4197,Malik,Gaines,1993-02-10,70,185,African,dark,black,beard,S,P,,1,RP,SP,,,,,48,,,,51,52,53,51,52,50,49,60,59,61,55,0,0,,,,,0,,,,44,49,44,42,52,41,42,56,57,57,54,0,0,False,,,0,,,,,,0,50,balanced_sp,
P7553,Antonio,Gonzalez,1991-01-31,78,198,Hispanic,medium,brown,clean_shaven,R,P,,1,RP,SP,,,,,52,,,,53,49,54,50,52,50,52,60,61,61,0,0,0,,,,,0,,,,50,44,47,44,52,40,52,55,61,52,0,0,0,False,,,0,,,,,,0,50,balanced_sp,
P4051,Leroy,Wright,2004-08-29,78,162,African,light,black,clean_shaven,L,P,,1,RP,SP,,,,,53,,,,48,49,52,52,53,50,49,60,0,59,60,0,0,,,,,0,,,,65,72,66,78,71,71,67,71,0,87,82,0,0,False,,,0,,,,,,0,50,groundball_sp,
P8599,Cedric,Harris,1990-12-14,72,207,African,dark,black,clean_shaven,R,P,,1,RP,SP,,,,,50,,,,53,51,54,52,52,53,50,62,59,60,0,0,0,,,,,0,,,,47,47,49,51,51,47,49,59,56,51,0,0,0,False,,,0,,,,,,0,50,finesse_sp,
P8355,Anderson,Wieben,2003-04-06,77,237,Anglo,light,blonde,clean_shaven,R,P,,1,RP,RP,,,,,52,,,,51,49,48,51,52,52,48,0,61,0,0,0,0,,,,,0,,,,62,61,63,62,58,57,63,0,76,0,0,0,0,False,,,0,,,,,,0,50,finesse_rp,
P1795,Salvatore,Jaeschke,2004-09-10,78,169,Anglo,medium,brown,beard,L,P,,1,RP,SP,,,,,51,,,,51,50,51,51,52,48,52,60,60,61,0,0,0,,,,,0,,,,64,60,79,64,76,67,71,82,73,81,0,0,0,False,,,0,,,,,,0,50,workhorse_sp,
P7271,Xavier,Baker,2000-12-13,78,219,African,medium,black,mustache,L,P,,1,RP,SP,,,,,51,,,,53,52,50,53,53,53,52,62,0,60,0,0,0,,,,,0,,,,67,65,59,58,62,59,60,72,0,69,0,0,0,False,,,0,,,,,,0,50,balanced_sp,
P8177,Tyrone,Jefferson,1993-11-15,68,238,African,dark,black,clean_shaven,S,P,,1,RP,SP,,,,,50,,,,51,50,51,51,52,51,55,0,61,64,0,0,0,,,,,0,,,,51,42,51,50,46,44,47,0,51,59,0,0,0,False,,,0,,,,,,0,50,power_sp,
P4293,Percy,Gaines,1999-10-15,75,204,African,dark,black,clean_shaven,S,P,,1,RP,SP,,,,,52,,,,51,52,54,50,54,49,53,59,62,0,57,0,0,,,,,0,,,,57,58,65,64,67,56,58,74,74,0,62,0,0,False,,,0,,,,,,0,50,finesse_sp,
P4477,Ricardo,Martinez,1988-06-03,72,195,Hispanic,medium,brown,clean_shaven,R,P,,1,RP,CL,,,,,50,,,,48,51,51,53,61,52,51,60,60,65,0,0,0,,,,,0,,,,45,44,48,52,41,52,48,56,59,63,0,0,0,False,,,0,,,,,,0,50,closer,
P9233,Dwain,Heape,1999-06-14,73,221,Anglo,light,black,goatee,R,C,,0,,,50,52,84,51,51,49,59,48,51,52,,,,,,,,,,,,58,64,98,64,51,0,0,48,61,59,,,,,,,,,,,,False,,,0,,,,,,0,50,,speed
P3956,Donny,Cassity,1989-11-01,68,244,Anglo,medium,black,clean_shaven,S,1B,,0,,,52,62,50,51,49,53,50,49,50,48,,,,,,,,,,,,52,59,42,43,49,0,0,49,50,45,,,,,,,,,,,,False,,,0,,,,,,0,50,,power
P7880,Ricardo,Ortiz,1990-12-15,73,246,Hispanic,medium,brown,clean_shaven,R,2B,,0,,,56,55,51,54,49,50,56,51,51,51,,,,,,,,,,,,55,48,42,52,49,0,0,51,44,47,,,,,,,,,,,,False,,,0,,,,,,0,50,,gap
P6661,Fernando,Torres,1999-12-25,76,225,Hispanic,dark,brown,mustache,R,3B,,0,,,69,51,49,51,53,51,59,51,51,50,,,,,,,,,,,,80,63,62,63,53,0,0,51,60,65,,,,,,,,,,,,False,,,0,,,,,,0,50,,spray
P9912,Francisco,Lopez,1993-05-11,72,232,Hispanic,light,brown,goatee,S,SS,,0,,,51,50,50,52,50,51,53,49,50,51,,,,,,,,,,,,51,45,42,43,50,0,0,49,46,42,,,,,,,,,,,,False,,,0,,,,,,0,50,,balanced
P9524,Deshawn,Jefferson,1987-11-28,74,226,African,dark,black,goatee,R,LF,,0,,,58,50,50,51,51,50,56,50,52,50,,,,,,,,,,,,54,46,46,43,51,0,0,50,49,47,,,,,,,,,,,,False,,,0,,,,,,0,50,,spray
P4676,Len,Lesa,1999-10-12,76,246,Anglo,medium,blonde,clean_shaven,R,CF,,0,,,51,49,70,51,49,48,54,51,49,53,,,,,,,,,,,,57,55,81,56,49,0,0,51,59,65,,,,,,,,,,,,False,,,0,,,,,,0,50,,speed
P6180,Tyrone,White,1997-11-14,74,188,African,dark,black,mustache,L,RF,,0,,,51,51,52,49,51,49,51,50,48,49,,,,,,,,,,,,53,46,51,46,51,0,0,50,47,54,,,,,,,,,,,,False,,,0,,,,,,0,50,,average
P4012,Cedric,Allen,1997-11-30,74,171,African,dark,black,clean_shaven,R,3B,,0,,,49,48,49,51,48,50,56,51,49,50,,,,,,,,,,,,51,52,51,46,48,0,0,51,53,46,,,,,,,,,,,,False,,,0,,,,,,0,50,,average
P1973,Ricardo,Mendoza,1999-12-05,73,225,Hispanic,medium,brown,clean_shaven,S,LF,RF,0,,,50,51,70,53,51,51,53,51,49,51,,,,,,,,,,,,60,61,77,65,51,0,0,51,56,63,,,,,,,,,,,,False,,,0,,,,,,0,50,,speed
P7836,Darnell,Walker,2004-03-19,71,224,African,dark,black,clean_shaven,R,3B,,0,,,51,49,49,51,48,53,60,48,49,52,,,,,,,,,,,,77,59,74,80,48,0,0,48,67,68,,,,,,,,,,,,False,,,0,,,,,,0,50,,balanced
P2083,Margarito,Mako,1990-07-18,73,168,Anglo,medium,black,clean_shaven,R,SS,,0,,,49,49,87,48,48,51,59,52,53,52,,,,,,,,,,,,39,46,81,46,48,0,0,52,50,52,,,,,,,,,,,,False,,,0,,,,,,0,50,,elite_speed
P2157,Hector,Ramos,1990-11-27,75,216,Hispanic,dark,black,clean_shaven,R,2B,SS,0,,,64,52,51,54,53,51,56,49,52,53,,,,,,,,,,,,56,45,46,50,53,0,0,49,45,43,,,,,,,,,,,,False,,,0,,,,,,0,50,,spray
P9468,Jorge,Perez,1994-06-07,72,173,Hispanic,dark,brown,goatee,R,LF,,0,,,52,59,50,52,49,52,57,50,49,51,,,,,,,,,,,,51,64,53,53,49,0,0,50,48,50,,,,,,,,,,,,False,,,0,,,,,,0,50,,power
P2563,Francisco,Flores,1999-10-20,75,190,Hispanic,medium,brown,beard,L,P,,1,RP,CL,,,,,55,,,,53,53,49,53,55,52,54,59,0,67,0,0,0,,,,,0,,,,59,63,68,61,61,64,64,64,0,74,0,0,0,False,,,0,,,,,,0,50,closer,
P1713,Delbert,Wilner,1997-03-03,68,248,Anglo,light,black,clean_shaven,L,P,,1,RP,RP,,,,,52,,,,53,50,51,50,54,53,51,57,0,0,0,0,0,,,,,0,,,,56,50,50,52,48,49,52,54,0,0,0,0,0,False,,,0,,,,,,0,50,finesse_rp,
P5019,Manuel,Vargas,1998-10-07,75,221,Hispanic,medium,black,beard,R,P,,1,RP,SP,,,,,52,,,,50,52,52,52,54,51,49,0,61,0,59,0,0,,,,,0,,,,55,57,62,60,66,66,61,0,76,0,67,0,0,False,,,0,,,,,,0,50,groundball_sp,
P3158,Pierre,Kolb,1998-05-19,73,246,Anglo,light,brown,clean_shaven,R,P,,1,RP,SP,,,,,51,,,,53,49,54,52,52,49,51,59,59,0,0,0,0,,,,,0,,,,64,62,62,65,62,56,65,69,69,0,0,0,0,False,,,0,,,,,,0,50,balanced_sp,
P7545,Luis,Sanchez,1989-03-17,70,224,Hispanic,medium,red,beard,R,P,,1,RP,SP,,,,,52,,,,50,52,50,53,52,50,50,61,61,59,55,0,0,,,,,0,,,,43,52,52,46,46,47,43,57,56,53,47,0,0,False,,,0,,,,,,0,50,balanced_sp,
P8905,Juan,Torres,1996-03-05,75,234,Hispanic,light,blonde,clean_shaven,R,P,,1,RP,SP,,,,,53,,,,52,52,50,50,54,52,53,62,0,62,0,0,0,,,,,0,,,,54,49,55,59,51,48,55,59,0,59,0,0,0,False,,,0,,,,,,0,50,workhorse_sp,
P7981,Albert,Bertagnolli,1988-02-12,72,182,Anglo,medium,brown,clean_shaven,S,P,,1,RP,LR,,,,,53,,,,52,49,50,50,52,52,52,0,0,67,0,0,0,,,,,0,,,,46,48,49,48,44,50,46,0,0,65,0,0,0,False,,,0,,,,,,0,50,long_relief,
P8564,Francisco,Delgado,2000-08-28,78,161,Hispanic,light,blonde,mustache,S,CF,,0,,,48,50,49,49,53,51,46,49,52,53,,,,,,,,,,,,63,55,58,56,53,0,0,49,62,67,,,,,,,,,,,,False,,,0,,,,,,0,50,,average
P5934,Raul,Delgado,1993-09-14,78,203,Hispanic,medium,brown,clean_shaven,L,C,,0,,,51,50,51,50,52,51,52,49,51,49,,,,,,,,,,,,51,46,43,42,52,0,0,49,41,46,,,,,,,,,,,,False,,,0,,,,,,0,50,,average
P8701,Chang,Imbesi,1994-03-16,73,161,Anglo,medium,black,clean_shaven,L,C,,0,,,60,49,52,54,51,48,48,50,49,51,,,,,,,,,,,,65,44,56,55,51,0,0,50,44,48,,,,,,,,,,,,False,,,0,,,,,,0,50,,spray
P8780,Tyron,Reau,2004-08-09,69,226,Anglo,dark,brown,clean_shaven,S,1B,,0,,,53,50,70,51,53,52,52,50,53,50,,,,,,,,,,,,71,73,94,64,53,0,0,50,83,78,,,,,,,,,,,,False,,,0,,,,,,0,50,,speed
P2752,Ike,Skyers,1993-10-15,77,240,Anglo,light,brown,clean_shaven,R,LF,,0,,,50,53,50,52,49,52,59,49,52,50,,,,,,,,,,,,50,53,48,49,49,0,0,49,47,44,,,,,,,,,,,,False,,,0,,,,,,0,50,,balanced
P3982,Roberto,Gomez,1992-11-02,72,177,Hispanic,medium,blonde,beard,R,C,,0,,,52,50,92,51,53,49,57,50,53,49,,,,,,,,,,,,51,49,90,43,53,0,0,50,49,43,,,,,,,,,,,,False,,,0,,,,,,0,50,,speed
P6037,Antonio,Rivera,2002-11-11,78,200,Hispanic,medium,black,clean_shaven,R,2B,,0,,,52,52,48,51,49,51,56,48,48,50,,,,,,,,,,,,60,57,59,63,49,0,0,48,54,57,,,,,,,,,,,,False,,,0,,,,,,0,50,,balanced
P2914,Erwin,Pry,2002-04-18,70,240,Anglo,light,brown,clean_shaven,R,3B,,0,,,59,51,53,53,49,51,59,51,47,48,,,,,,,,,,,,68,57,60,65,49,0,0,51,54,55,,,,,,,,,,,,False,,,0,,,,,,0,50,,spray
P5087,Lanny,Sonkin,2005-01-14,75,236,Anglo,light,red,clean_shaven,R,P,,1,RP,CL,,,,,55,,,,48,54,49,52,52,49,56,0,0,66,0,0,0,,,,,0,,,,63,78,75,69,78,72,66,0,0,96,0,0,0,False,,,0,,,,,,0,50,closer,
P6372,Cedric,Baker,2005-05-25,70,172,African,dark,black,clean_shaven,S,P,,1,RP,CL,,,,,51,,,,51,54,47,50,52,51,55,0,0,67,0,0,0,,,,,0,,,,78,70,70,77,76,73,73,0,0,83,0,0,0,False,,,0,,,,,,0,50,closer,
P8914,Darnell,Jefferson,2006-06-09,75,171,African,dark,black,clean_shaven,S,P,,1,RP,RP,,,,,55,,,,51,53,52,50,52,49,52,55,0,63,63,0,0,,,,,0,,,,79,72,74,72,78,72,67,66,0,74,79,0,0,False,,,0,,,,,,0,50,groundball_rp,
P3877,Xavier,Jefferson,2008-02-23,74,180,African,dark,black,clean_shaven,L,P,,1,RP,RP,,,,,51,,,,50,50,52,50,54,51,52,57,60,0,0,0,0,,,,,0,,,,77,78,69,65,77,71,75,68,90,0,0,0,0,False,,,0,,,,,,0,50,finesse_rp,
P3621,Mauro,Pavelich,2007-07-01,68,235,Anglo,medium,brown,clean_shaven,R,P,,1,RP,SP,,,,,50,,,,52,52,53,51,54,51,52,60,63,59,0,0,0,,,,,0,,,,74,82,61,80,67,63,72,81,74,76,0,0,0,False,,,0,,,,,,0,50,finesse_sp,
P2463,Jermaine,King,2004-05-13,72,171,African,dark,black,clean_shaven,L,1B,,0,,,48,62,52,48,47,53,47,52,49,51,,,,,,,,,,,,59,81,63,67,47,0,0,52,68,81,,,,,,,,,,,,False,,,0,,,,,,0,50,,power
P7850,Xavier,Wright,2007-09-17,75,161,African,dark,black,clean_shaven,S,1B,,0,,,50,63,50,50,49,53,51,52,47,50,,,,,,,,,,,,66,80,70,79,49,0,0,52,57,65,,,,,,,,,,,,False,,,0,,,,,,0,50,,power
P4842,Tyrone,Jackson,2005-01-21,74,181,African,dark,black,clean_shaven,R,3B,,0,,,50,50,50,49,50,49,56,50,47,51,,,,,,,,,,,,63,62,68,67,50,0,0,50,59,66,,,,,,,,,,,,False,,,0,,,,,,0,50,,balanced
P8539,Jose,Gonzalez,2006-02-02,78,245,Hispanic,dark,blonde,clean_shaven,S,C,,0,,,51,53,49,51,50,52,54,50,49,50,,,,,,,,,,,,72,72,75,68,50,0,0,50,78,64,,,,,,,,,,,,False,,,0,,,,,,0,50,,balanced
P1004,Jorge,Martinez,2006-11-02,74,187,Hispanic,light,black,clean_shaven,L,SS,,0,,,51,54,51,49,52,52,51,50,49,51,,,,,,,,,,,,63,65,61,70,52,0,0,50,67,70,,,,,,,,,,,,False,,,0,,,,,,0,50,,balanced
P2051,Ricardo,Garcia,1990-07-25,77,196,Hispanic,medium,brown,mustache,R,P,,1,RP,CL,,,,,55,,,,52,51,49,53,53,49,51,58,59,66,0,0,0,,,,,0,,,,43,51,51,51,43,49,47,54,51,58,0,0,0,False,,,0,,,,,,0,50,closer,
P2648,Fredrick,Schneidtmille,1999-06-02,78,225,Anglo,light,black,clean_shaven,L,P,,1,RP,LR,,,,,53,,,,48,50,51,52,52,48,50,0,62,0,0,0,0,,,,,0,,,,59,55,59,62,66,53,59,0,68,0,0,0,0,False,,,0,,,,,,0,50,long_relief,
P7650,Luis,Gomez,1989-07-02,77,242,Hispanic,medium,brown,beard,R,P,,1,RP,SP,,,,,50,,,,49,53,54,50,53,48,49,0,62,61,0,0,0,,,,,0,,,,40,45,47,43,53,43,45,0,58,51,0,0,0,False,,,0,,,,,,0,50,power_sp,
P2650,Will,Wiegard,1988-09-07,78,242,Anglo,light,black,clean_shaven,R,P,,1,RP,SP,,,,,50,,,,49,50,52,52,52,50,52,0,64,60,0,0,0,,,,,0,,,,49,46,42,48,42,44,51,0,61,55,0,0,0,False,,,0,,,,,,0,50,power_sp,
P2244,Newton,Schuetz,1992-09-30,70,204,Anglo,light,blonde,clean_shaven,R,P,,1,RP,RP,,,,,52,,,,49,54,52,51,54,52,54,0,61,63,0,0,0,,,,,0,,,,43,46,49,49,49,49,50,0,57,60,0,0,0,False,,,0,,,,,,0,50,power_rp,
P5633,Jamal,Robinson,1989-03-30,73,222,African,medium,black,clean_shaven,S,P,,1,RP,SP,,,,,51,,,,50,52,53,51,52,53,52,60,62,60,0,0,0,,,,,0,,,,49,49,51,48,53,51,45,54,62,50,0,0,0,False,,,0,,,,,,0,50,finesse_sp,
P1988,Juan,Castillo,1997-07-20,70,249,Hispanic,light,brown,clean_shaven,R,P,,1,RP,SP,,,,,50,,,,48,49,54,52,52,50,53,0,63,61,0,0,0,,,,,0,,,,53,48,54,51,55,55,55,0,68,65,0,0,0,False,,,0,,,,,,0,50,balanced_sp,
P8050,Leroy,King,1988-11-15,71,231,African,dark,black,mustache,L,P,,1,RP,RP,,,,,51,,,,52,52,50,50,52,51,53,0,61,0,0,0,0,,,,,0,,,,49,51,43,42,49,45,44,0,59,0,0,0,0,False,,,0,,,,,,0,50,finesse_rp,
P4537,Percy,Mitchell,1989-10-24,77,194,African,dark,black,beard,S,P,,1,RP,RP,,,,,53,,,,48,51,50,52,52,49,51,0,59,67,63,0,0,,,,,0,,,,42,42,43,49,48,43,48,0,59,59,56,0,0,False,,,0,,,,,,0,50,groundball_rp,
P1351,Tod,Violett,1995-09-23,78,243,Anglo,light,red,clean_shaven,R,P,,1,RP,SP,,,,,52,,,,53,53,54,52,52,49,52,59,0,0,59,0,0,,,,,0,,,,56,53,51,49,59,45,56,58,0,0,63,0,0,False,,,0,,,,,,0,50,groundball_sp,
P6185,Fernando,Garcia,1987-05-05,69,176,Hispanic,medium,brown,beard,R,P,,1,RP,CL,,,,,48,,,,50,54,47,53,58,51,53,0,0,65,0,0,0,,,,,0,,,,50,47,52,57,40,47,46,0,0,58,0,0,0,False,,,0,,,,,,0,50,closer,
P2987,Anthony,Gouthier,2001-10-26,78,214,Anglo,light,brown,beard,R,C,,0,,,51,51,52,51,51,52,59,52,49,50,,,,,,,,,,,,57,61,64,56,51,0,0,52,55,56,,,,,,,,,,,,False,,,0,,,,,,0,50,,average
P2228,Leroy,Walker,1998-12-18,78,233,African,dark,brown,beard,R,1B,,0,,,51,61,51,52,48,52,56,50,51,52,,,,,,,,,,,,61,76,59,61,48,0,0,50,65,58,,,,,,,,,,,,False,,,0,,,,,,0,50,,power
P9950,Donovan,Pencek,1996-04-21,69,221,Anglo,light,brown,clean_shaven,S,2B,,0,,,60,60,48,54,52,50,55,49,51,50,,,,,,,,,,,,61,59,44,52,52,0,0,49,47,54,,,,,,,,,,,,False,,,0,,,,,,0,50,,gap
P5584,Scot,Mccarter,1995-12-31,71,181,Anglo,light,black,goatee,R,3B,,0,,,52,48,70,51,50,49,59,50,51,52,,,,,,,,,,,,53,43,74,56,50,0,0,50,50,51,,,,,,,,,,,,False,,,0,,,,,,0,50,,speed
P3078,Cedric,Jackson,2003-04-01,68,176,African,dark,black,clean_shaven,R,SS,,0,,,49,48,51,51,49,53,57,53,47,48,,,,,,,,,,,,57,59,65,61,49,0,0,53,58,58,,,,,,,,,,,,False,,,0,,,,,,0,50,,balanced
P8188,Leroy,Jackson,1995-05-31,73,238,African,dark,black,mustache,R,LF,,0,,,50,65,52,52,49,50,57,50,51,50,,,,,,,,,,,,55,70,48,49,49,0,0,50,50,50,,,,,,,,,,,,False,,,0,,,,,,0,50,,power
P5763,Rufus,Allen,1998-06-17,69,183,African,dark,brown,clean_shaven,R,CF,,0,,,53,53,51,52,52,52,53,48,49,52,,,,,,,,,,,,64,60,57,64,52,0,0,48,57,57,,,,,,,,,,,,False,,,0,,,,,,0,50,,balanced
P8665,Dexter,Chirco,2002-06-19,71,174,Anglo,light,blonde,clean_shaven,R,RF,,0,,,51,50,53,52,48,51,54,52,50,52,,,,,,,,,,,,64,60,65,63,48,0,0,52,64,58,,,,,,,,,,,,False,,,0,,,,,,0,50,,balanced
P7188,Jermaine,Robinson,1998-08-11,72,165,African,medium,black,mustache,S,1B,,0,,,50,60,48,49,49,50,46,50,49,49,,,,,,,,,,,,56,67,53,54,49,0,0,50,60,56,,,,,,,,,,,,False,,,0,,,,,,0,50,,power
P5444,Gail,Vickery,1997-11-14,74,233,Anglo,medium,black,clean_shaven,R,C,,0,,,50,61,51,49,50,50,56,52,51,52,,,,,,,,,,,,51,62,55,45,50,0,0,52,49,51,,,,,,,,,,,,False,,,0,,,,,,0,50,,power
P6533,Luis,Cruz,2002-06-30,70,182,Hispanic,medium,black,clean_shaven,L,1B,,0,,,51,61,52,50,47,51,49,49,48,51,,,,,,,,,,,,56,74,66,61,47,0,0,49,57,60,,,,,,,,,,,,False,,,0,,,,,,0,50,,power
P1292,Hector,Rivera,1999-09-16,74,187,Hispanic,dark,black,beard,L,SS,,0,,,56,50,51,52,51,48,53,49,52,50,,,,,,,,,,,,67,55,56,64,51,0,0,49,60,56,,,,,,,,,,,,False,,,0,,,,,,0,50,,gap
P6110,Hector,Gomez,2003-11-14,69,225,Hispanic,medium,brown,clean_shaven,R,C,,0,,,58,51,48,53,51,47,55,49,51,49,,,,,,,,,,,,67,64,61,62,51,0,0,49,62,55,,,,,,,,,,,,False,,,0,,,,,,0,50,,spray
P7526,Manuel,Castillo,2002-05-04,72,197,Hispanic,medium,blonde,clean_shaven,L,SS,,0,,,49,51,52,50,49,49,49,49,50,47,,,,,,,,,,,,55,62,61,55,49,0,0,49,62,61,,,,,,,,,,,,False,,,0,,,,,,0,50,,balanced
P1046,Parker,Overdorf,1991-07-21,72,245,Anglo,medium,brown,clean_shaven,S,P,,1,RP,CL,,,,,55,,,,49,52,51,52,52,49,53,0,59,65,0,0,0,,,,,0,,,,44,51,47,43,51,46,45,0,53,61,0,0,0,False,,,0,,,,,,0,50,closer,
P5872,Burt,Dailey,1998-10-31,78,231,Anglo,dark,blonde,clean_shaven,R,P,,1,RP,RP,,,,,51,,,,49,51,51,51,54,53,49,57,61,0,0,0,0,,,,,0,,,,62,60,59,66,64,58,55,69,68,0,0,0,0,False,,,0,,,,,,0,50,finesse_rp,
P6285,Gayle,Lieb,1994-12-31,72,226,Anglo,light,black,goatee,R,P,,1,RP,SP,,,,,53,,,,52,49,50,50,54,50,53,62,61,0,0,0,0,,,,,0,,,,47,54,52,50,50,45,56,67,63,0,0,0,0,False,,,0,,,,,,0,50,balanced_sp,
P2424,Cornell,Hubbell,1994-04-27,74,183,Anglo,light,brown,clean_shaven,R,P,,1,RP,RP,,,,,50,,,,48,53,51,50,53,53,54,0,62,0,0,0,0,,,,,0,,,,52,48,54,55,53,53,55,0,59,0,0,0,0,False,,,0,,,,,,0,50,finesse_rp,
P3906,Tyrone,Young,1990-09-19,73,179,African,medium,black,beard,L,P,,1,RP,RP,,,,,51,,,,49,53,52,50,52,49,55,59,59,66,0,0,0,,,,,0,,,,40,52,44,49,49,40,54,55,49,59,0,0,0,False,,,0,,,,,,0,50,power_rp,
P9265,Pedro,Gomez,1990-11-06,77,204,Hispanic,light,black,beard,S,P,,1,RP,RP,,,,,54,,,,50,50,48,51,54,49,50,57,60,0,0,0,0,,,,,0,,,,41,41,49,50,43,44,45,55,55,0,0,0,0,False,,,0,,,,,,0,50,finesse_rp,
P6008,Deshawn,White,1990-07-03,70,166,African,dark,black,beard,R,P,,1,RP,SP,,,,,49,,,,50,51,50,50,53,52,50,0,59,60,0,0,0,,,,,0,,,,44,48,46,52,50,48,47,0,50,60,0,0,0,False,,,0,,,,,,0,50,balanced_sp,
P9115,Rafael,Cruz,1987-03-14,69,212,Hispanic,dark,black,beard,L,1B,,0,,,52,50,51,49,49,50,49,50,53,48,,,,,,,,,,,,42,42,50,44,49,0,0,50,51,43,,,,,,,,,,,,False,,,0,,,,,,0,50,,average
P9312,Rafael,Ortiz,1999-05-23,71,243,Hispanic,medium,brown,beard,L,2B,,0,,,65,51,48,55,53,49,48,51,51,52,,,,,,,,,,,,78,63,56,65,53,0,0,51,56,66,,,,,,,,,,,,False,,,0,,,,,,0,50,,spray
P1250,Luke,Glessner,2001-11-16,76,234,Anglo,medium,blonde,clean_shaven,L,RF,,0,,,52,61,50,51,48,52,42,48,52,49,,,,,,,,,,,,65,70,56,62,48,0,0,48,61,64,,,,,,,,,,,,False,,,0,,,,,,0,50,,power
P5513,Jarrett,Faulkner,1989-03-07,72,175,Anglo,light,brown,mustache,L,RF,LF,0,,,52,55,50,52,49,48,44,47,49,48,,,,,,,,,,,,43,46,41,48,49,0,0,47,44,42,,,,,,,,,,,,False,,,0,,,,,,0,50,,balanced
P7621,Scott,Bourgois,2003-06-06,75,233,Anglo,medium,brown,beard,R,SS,,0,,,52,51,50,51,53,49,57,49,47,50,,,,,,,,,,,,58,63,58,58,53,0,0,49,58,58,,,,,,,,,,,,False,,,0,,,,,,0,50,,balanced
P9258,Hector,Flores,1988-12-12,78,226,Hispanic,medium,red,beard,R,SS,,0,,,64,51,51,55,52,46,59,51,50,49,,,,,,,,,,,,62,47,51,54,52,0,0,51,46,49,,,,,,,,,,,,False,,,0,,,,,,0,50,,spray
P1076,Todd,Denoyer,1988-03-21,74,174,Anglo,light,brown,clean_shaven,S,CF,,0,,,54,51,70,53,49,48,49,53,52,51,,,,,,,,,,,,44,51,67,47,49,0,0,53,47,48,,,,,,,,,,,,False,,,0,,,,,,0,50,,speed
P5131,Eduardo,Cruz,1991-09-21,74,224,Hispanic,light,blonde,clean_shaven,L,LF,,0,,,50,60,53,49,49,53,47,53,49,51,,,,,,,,,,,,41,59,43,43,49,0,0,53,39,49,,,,,,,,,,,,False,,,0,,,,,,0,50,,power
P2509,Ariel,Bossen,2005-08-15,71,234,Anglo,light,black,clean_shaven,S,P,,1,RP,CL,,,,,55,,,,49,52,48,53,54,53,55,0,0,67,0,0,0,,,,,0,,,,61,63,79,80,71,77,80,0,0,97,0,0,0,False,,,0,,,,,,0,50,closer,
P8158,Tyrell,Leonpacher,2007-04-11,76,201,Anglo,light,black,clean_shaven,R,P,,1,RP,SP,,,,,52,,,,50,50,53,51,53,52,51,58,61,60,58,0,0,,,,,0,,,,79,74,78,73,81,62,73,81,78,84,86,0,0,False,,,0,,,,,,0,50,groundball_sp,
P8588,Rufus,Mitchell,2007-08-28,76,182,African,medium,black,clean_shaven,R,P,,1,RP,SP,,,,,51,,,,48,49,52,52,53,50,53,59,59,62,56,0,0,,,,,0,,,,75,76,81,78,81,79,82,75,75,82,67,0,0,False,,,0,,,,,,0,50,balanced_sp,
P4054,Gerald,Eugley,2005-12-09,73,168,Anglo,light,black,clean_shaven,S,P,,1,RP,SP,,,,,50,,,,51,51,51,50,52,53,52,62,59,58,59,0,0,,,,,0,,,,73,74,68,78,76,80,64,78,72,79,76,0,0,False,,,0,,,,,,0,50,groundball_sp,
P2565,Olen,Spirer,2007-08-03,76,165,Anglo,light,blonde,beard,R,P,,1,RP,SP,,,,,50,,,,51,52,53,51,54,50,50,61,62,0,0,0,0,,,,,0,,,,76,82,63,79,76,61,63,84,78,0,0,0,0,False,,,0,,,,,,0,50,finesse_sp,
P7588,Jose,Castillo,2007-09-05,71,169,Hispanic,dark,black,goatee,L,RF,,0,,,49,51,49,50,52,49,49,48,52,50,,,,,,,,,,,,61,73,77,78,52,0,0,48,70,71,,,,,,,,,,,,False,,,0,,,,,,0,50,,average
P5963,Jamal,Washington,2005-04-12,71,184,African,dark,black,beard,L,2B,,0,,,54,48,85,52,52,47,49,51,51,51,,,,,,,,,,,,73,58,99,75,52,0,0,51,66,63,,,,,,,,,,,,False,,,0,,,,,,0,50,,elite_speed
P4345,Kyle,Henley,2004-11-06,76,176,Anglo,light,brown,clean_shaven,L,CF,,0,,,52,51,70,53,51,51,49,48,48,51,,,,,,,,,,,,79,63,93,74,51,0,0,48,73,62,,,,,,,,,,,,False,,,0,,,,,,0,50,,speed
P9311,Juan,Cruz,2006-05-06,78,236,Hispanic,medium,brown,clean_shaven,R,2B,,0,,,52,61,47,52,50,53,56,51,48,49,,,,,,,,,,,,80,85,74,64,50,0,0,51,68,65,,,,,,,,,,,,False,,,0,,,,,,0,50,,power
P2555,Roberto,Rivera,2007-11-29,69,190,Hispanic,light,brown,clean_shaven,R,1B,,0,,,53,56,51,50,53,50,57,52,51,48,,,,,,,,,,,,71,66,78,80,53,0,0,52,76,58,,,,,,,,,,,,False,,,0,,,,,,0,50,,balanced
P1687,Raul,Diaz,2001-08-14,73,191,Hispanic,medium,brown,beard,L,P,,1,RP,CL,,,,,55,,,,52,53,49,53,53,51,53,0,0,66,0,0,0,,,,,0,,,,67,65,64,63,61,64,61,0,0,78,0,0,0,False,,,0,,,,,,0,50,closer,
P4364,Todd,Andreoni,1988-05-02,72,194,Anglo,light,blonde,mustache,R,P,,1,RP,SP,,,,,50,,,,50,52,54,52,52,49,49,60,61,0,0,0,0,,,,,0,,,,43,47,45,45,52,39,39,50,57,0,0,0,0,False,,,0,,,,,,0,50,finesse_sp,
P7466,Jefferson,Constante,2002-09-02,70,211,Anglo,light,blonde,clean_shaven,R,P,,1,RP,CL,,,,,50,,,,48,51,49,52,54,49,54,0,0,67,0,0,0,,,,,0,,,,58,56,65,68,60,64,63,0,0,79,0,0,0,False,,,0,,,,,,0,50,closer,
P1052,Francisco,Rodriguez,2003-12-31,76,188,Hispanic,light,blonde,clean_shaven,L,P,,1,RP,RP,,,,,49,,,,52,52,49,52,52,48,52,0,63,63,0,0,0,,,,,0,,,,58,63,66,63,55,62,66,0,75,72,0,0,0,False,,,0,,,,,,0,50,power_rp,
P3186,Luis,Diaz,1998-11-24,77,207,Hispanic,medium,brown,clean_shaven,S,P,,1,RP,SP,,,,,48,,,,52,53,53,53,52,52,51,61,62,59,0,55,0,,,,,0,,,,62,68,64,58,61,64,59,75,68,74,0,67,0,False,,,0,,,,,,0,50,balanced_sp,
P4208,Agustin,Barillaro,1987-04-24,68,194,Anglo,dark,blonde,beard,L,P,,1,RP,SP,,,,,48,,,,50,54,50,52,54,53,54,0,62,60,57,0,0,,,,,0,,,,41,48,49,48,49,51,51,0,59,60,50,0,0,False,,,0,,,,,,0,50,power_sp,
P4023,Hector,Vasquez,1999-05-25,71,218,Hispanic,medium,red,clean_shaven,R,P,,1,RP,SP,,,,,51,,,,51,54,54,50,52,50,53,60,61,60,0,0,0,,,,,0,,,,57,69,62,59,63,60,60,67,66,73,0,0,0,False,,,0,,,,,,0,50,power_sp,
P2076,Malik,King,1987-04-08,69,236,African,dark,black,beard,L,P,,1,RP,SP,,,,,54,,,,49,52,54,50,52,50,53,0,61,0,61,0,0,,,,,0,,,,39,45,49,46,49,40,46,0,55,0,56,0,0,False,,,0,,,,,,0,50,groundball_sp,
P6021,Rufus,Harris,1996-01-10,68,168,African,medium,black,clean_shaven,L,P,,1,RP,SP,,,,,48,,,,49,53,50,51,53,52,54,59,62,58,54,0,0,,,,,0,,,,48,52,47,49,46,50,58,59,67,54,50,0,0,False,,,0,,,,,,0,50,power_sp,
P8579,Man,Gabaree,1994-03-20,72,210,Anglo,light,red,clean_shaven,S,P,RF,1,RP,SP,,,,,52,,,,50,52,50,53,52,48,51,58,0,0,57,0,0,,,,,0,,,,51,57,55,57,51,45,50,58,0,0,57,0,0,False,,,0,,,,,,0,50,groundball_sp,
P9521,Miguel,Ramos,1996-10-15,77,188,Hispanic,medium,blonde,clean_shaven,R,P,,1,RP,CL,,,,,49,,,,48,52,49,50,52,50,55,60,0,66,0,0,0,,,,,0,,,,48,50,49,47,44,48,50,57,0,65,0,0,0,False,,,0,,,,,,0,50,closer,
P6127,Alejandro,Guerrero,2001-12-18,68,211,Hispanic,dark,blonde,mustache,R,C,,0,,,66,62,52,53,49,51,56,49,53,50,,,,,,,,,,,,72,67,62,68,49,0,0,49,68,62,,,,,,,,,,,,False,,,0,,,,,,0,50,,gap
P6398,Ricardo,Vargas,1990-01-29,75,248,Hispanic,medium,red,beard,L,1B,RF,0,,,48,63,53,49,49,51,45,50,52,52,,,,,,,,,,,,45,54,50,48,49,0,0,50,47,48,,,,,,,,,,,,False,,,0,,,,,,0,50,,power
P5747,Jermaine,Carter,1990-12-23,77,216,African,dark,black,mustache,L,2B,,0,,,61,53,51,55,48,48,46,49,49,50,,,,,,,,,,,,58,43,48,48,48,0,0,49,43,48,,,,,,,,,,,,False,,,0,,,,,,0,50,,gap
P4485,Galen,Marchuk,1994-12-01,70,187,Anglo,light,blonde,clean_shaven,R,3B,,0,,,51,50,53,52,51,49,60,49,48,52,,,,,,,,,,,,46,55,54,49,51,0,0,49,47,55,,,,,,,,,,,,False,,,0,,,,,,0,50,,balanced
P8149,Juan,Sanchez,2002-12-20,78,164,Hispanic,medium,black,clean_shaven,R,SS,,0,,,48,55,52,49,47,52,57,49,51,49,,,,,,,,,,,,62,60,66,63,47,0,0,49,60,55,,,,,,,,,,,,False,,,0,,,,,,0,50,,power
P5876,Roberto,Ortiz,1989-08-16,78,222,Hispanic,dark,black,beard,R,LF,1B,0,,,49,63,49,50,47,53,55,48,52,52,,,,,,,,,,,,43,60,45,40,47,0,0,48,42,48,,,,,,,,,,,,False,,,0,,,,,,0,50,,power
P5530,Dustin,Romero,2004-10-28,76,219,Anglo,dark,blonde,clean_shaven,L,CF,,0,,,56,50,54,52,52,48,42,51,51,49,,,,,,,,,,,,66,73,78,77,52,0,0,51,76,65,,,,,,,,,,,,False,,,0,,,,,,0,50,,spray
P2980,Deshawn,Baker,1997-07-16,77,201,African,dark,black,clean_shaven,S,RF,,0,,,62,50,53,52,50,46,53,52,49,49,,,,,,,,,,,,59,55,50,57,50,0,0,52,53,53,,,,,,,,,,,,False,,,0,,,,,,0,50,,spray
P7985,Rafael,Reyes,1996-12-13,76,195,Hispanic,light,brown,clean_shaven,R,C,,0,,,58,50,51,51,52,49,58,48,51,53,,,,,,,,,,,,55,48,49,48,52,0,0,48,49,50,,,,,,,,,,,,False,,,0,,,,,,0,50,,spray
P6273,Roberto,Perez,1989-04-17,74,221,Hispanic,medium,black,beard,R,3B,,0,,,50,50,48,50,47,51,60,51,52,51,,,,,,,,,,,,50,40,38,49,47,0,0,51,43,47,,,,,,,,,,,,False,,,0,,,,,,0,50,,balanced
P4955,Trinidad,Brownsberger,2001-08-21,68,214,Anglo,light,brown,beard,L,RF,,0,,,52,50,72,51,52,48,48,51,52,49,,,,,,,,,,,,57,60,85,56,52,0,0,51,57,61,,,,,,,,,,,,False,,,0,,,,,,0,50,,speed
P7833,Jermaine,Allen,1994-07-24,70,229,African,dark,black,clean_shaven,R,C,,0,,,53,50,70,52,50,47,60,53,50,51,,,,,,,,,,,,49,53,72,54,50,0,0,53,49,50,,,,,,,,,,,,False,,,0,,,,,,0,50,,speed
P9662,Xavier,Mitchell,2001-10-20,73,246,African,dark,brown,clean_shaven,R,CF,,0,,,53,63,51,52,47,51,50,51,49,50,,,,,,,,,,,,67,78,62,57,47,0,0,51,59,60,,,,,,,,,,,,False,,,0,,,,,,0,50,,power
P8481,Carlos,Martinez,1999-07-29,77,242,Hispanic,medium,black,clean_shaven,R,3B,,0,,,51,50,52,50,50,51,56,51,50,53,,,,,,,,,,,,61,62,65,56,50,0,0,51,65,64,,,,,,,,,,,,False,,,0,,,,,,0,50,,balanced
P2169,Shawn,Peralto,1998-09-10,78,164,Anglo,medium,black,beard,R,P,,1,RP,CL,,,,,55,,,,49,52,48,51,54,52,54,58,62,65,0,0,0,,,,,0,,,,59,65,57,65,53,57,59,64,71,74,0,0,0,False,,,0,,,,,,0,50,closer,
P6798,Alejandro,Rivera,1988-09-27,69,249,Hispanic,medium,blonde,goatee,S,P,,1,RP,SP,,,,,49,,,,48,53,53,51,54,52,50,61,62,61,0,0,0,,,,,0,,,,43,47,41,54,44,46,48,56,62,61,0,0,0,False,,,0,,,,,,0,50,balanced_sp,
P9355,Miguel,Cruz,1994-11-23,70,203,Hispanic,medium,black,mustache,L,P,,1,RP,CL,,,,,50,,,,50,50,51,50,52,49,55,0,0,67,0,0,0,,,,,0,,,,52,50,54,57,55,51,54,0,0,66,0,0,0,False,,,0,,,,,,0,50,closer,
P3144,Angel,Hollenbaugh,2002-09-15,70,183,Anglo,light,brown,clean_shaven,R,P,,1,RP,CL,,,,,49,,,,50,54,51,50,52,53,54,59,62,65,0,0,0,,,,,0,,,,59,63,62,66,61,61,67,71,69,78,0,0,0,False,,,0,,,,,,0,50,closer,
P2796,Cedric,Walker,1998-04-03,75,170,African,dark,brown,goatee,R,P,,1,RP,SP,,,,,48,,,,50,51,54,53,52,50,56,60,61,60,0,58,0,,,,,0,,,,55,64,68,67,65,65,65,67,67,73,0,72,0,False,,,0,,,,,,0,50,power_sp,
P1145,Manuel,Rodriguez,1997-09-10,69,195,Hispanic,dark,brown,goatee,R,P,,1,RP,RP,,,,,54,,,,51,50,49,50,53,50,49,59,62,0,0,54,0,,,,,0,,,,47,51,54,52,51,49,46,59,65,0,0,49,0,False,,,0,,,,,,0,50,finesse_rp,
P8878,Deshawn,King,1990-05-23,69,230,African,dark,black,clean_shaven,L,P,,1,RP,SP,,,,,52,,,,51,50,52,51,54,49,53,0,59,63,0,0,0,,,,,0,,,,46,43,45,51,44,49,51,0,56,54,0,0,0,False,,,0,,,,,,0,50,balanced_sp,
P1629,Rufus,King,1999-05-12,68,236,African,dark,black,beard,R,2B,,0,,,51,47,75,50,52,49,55,51,49,50,,,,,,,,,,,,56,59,86,63,52,0,0,51,57,60,,,,,,,,,,,,False,,,0,,,,,,0,50,,speed
P9111,Malik,Scott,1998-07-21,77,211,African,dark,black,clean_shaven,L,SS,,0,,,50,49,51,50,51,51,51,53,49,49,,,,,,,,,,,,55,59,66,64,51,0,0,53,55,64,,,,,,,,,,,,False,,,0,,,,,,0,50,,balanced
P5751,Teddy,Pong,1990-01-17,74,165,Anglo,medium,blonde,clean_shaven,L,3B,,0,,,53,50,52,52,50,49,47,49,48,51,,,,,,,,,,,,44,42,49,49,50,0,0,49,42,41,,,,,,,,,,,,False,,,0,,,,,,0,50,,average
P3303,Carol,Warncke,2004-06-12,73,166,Anglo,medium,brown,clean_shaven,R,3B,,0,,,58,49,49,52,48,50,59,51,50,49,,,,,,,,,,,,71,75,65,77,48,0,0,51,76,73,,,,,,,,,,,,False,,,0,,,,,,0,50,,spray
P6552,Hector,Mendoza,1988-01-06,75,198,Hispanic,dark,brown,mustache,S,CF,,0,,,50,52,49,51,50,52,49,51,50,53,,,,,,,,,,,,44,48,44,50,50,0,0,51,48,47,,,,,,,,,,,,False,,,0,,,,,,0,50,,balanced
P2436,Edwardo,Priore,2001-05-08,68,222,Anglo,light,brown,clean_shaven,L,1B,,0,,,50,59,49,51,48,50,45,48,48,50,,,,,,,,,,,,61,67,55,60,48,0,0,48,62,57,,,,,,,,,,,,False,,,0,,,,,,0,50,,power
P3422,Cordell,Panke,1988-05-03,71,235,Anglo,light,red,clean_shaven,L,SS,,0,,,66,51,50,51,53,48,49,49,48,49,,,,,,,,,,,,60,44,44,43,53,0,0,49,39,47,,,,,,,,,,,,False,,,0,,,,,,0,50,,spray
P5256,Jermaine,Washington,1996-06-16,74,206,African,dark,black,beard,L,1B,,0,,,51,62,49,52,49,53,45,52,51,49,,,,,,,,,,,,55,58,45,51,49,0,0,52,50,49,,,,,,,,,,,,False,,,0,,,,,,0,50,,power
P9941,Darnell,Wright,2004-03-15,68,248,African,dark,black,mustache,R,P,,1,RP,CL,,,,,55,,,,50,52,51,50,53,53,53,0,0,65,0,0,0,,,,,0,,,,76,65,66,74,66,67,78,0,0,86,0,0,0,False,,,0,,,,,,0,50,closer,
P1734,Juan,Perez,2005-10-10,68,239,Hispanic,medium,black,clean_shaven,R,P,,1,RP,RP,,,,,51,,,,50,51,51,53,54,50,53,59,60,0,0,0,0,,,,,0,,,,63,61,69,73,77,64,75,76,90,0,0,0,0,False,,,0,,,,,,0,50,finesse_rp,
P8664,Hal,Chauncey,2004-03-07,75,207,Anglo,light,brown,clean_shaven,R,P,,1,RP,RP,,,,,51,,,,51,53,50,50,52,48,54,0,60,65,0,57,0,,,,,0,,,,78,65,63,80,80,78,69,0,75,75,0,75,0,False,,,0,,,,,,0,50,power_rp,
P7536,Rafael,Rodriguez,2006-05-14,74,167,Hispanic,light,brown,clean_shaven,R,P,,1,RP,SP,,,,,49,,,,49,52,52,53,52,50,50,63,62,60,0,57,0,,,,,0,,,,65,62,66,78,74,77,68,93,86,71,0,81,0,False,,,0,,,,,,0,50,finesse_sp,
P9809,Hector,Ortiz,2008-02-22,75,197,Hispanic,dark,brown,clean_shaven,L,P,,1,RP,SP,,,,,48,,,,48,52,54,51,52,50,52,60,62,60,60,0,0,,,,,0,,,,73,78,63,76,65,60,71,85,87,77,76,0,0,False,,,0,,,,,,0,50,finesse_sp,
P4530,Tyrone,Baker,2007-06-03,72,173,African,dark,brown,clean_shaven,R,2B,,0,,,51,47,70,52,51,50,59,52,51,51,,,,,,,,,,,,81,60,95,64,51,0,0,52,70,72,,,,,,,,,,,,False,,,0,,,,,,0,50,,speed
P9795,Rufus,Walker,2005-06-07,77,165,African,dark,black,clean_shaven,R,3B,,0,,,51,49,50,49,48,52,57,52,48,48,,,,,,,,,,,,77,72,70,64,48,0,0,52,59,70,,,,,,,,,,,,False,,,0,,,,,,0,50,,balanced
P6336,Shane,Polselli,2007-04-21,72,187,Anglo,medium,blonde,clean_shaven,R,CF,,0,,,53,53,53,50,53,50,51,51,49,50,,,,,,,,,,,,79,83,76,80,53,0,0,51,62,80,,,,,,,,,,,,False,,,0,,,,,,0,50,,gap
P2724,Laurence,Camus,2007-11-19,68,216,Anglo,light,brown,beard,L,RF,,0,,,54,53,50,53,48,48,49,47,49,50,,,,,,,,,,,,75,65,72,63,48,0,0,47,63,64,,,,,,,,,,,,False,,,0,,,,,,0,50,,gap
P6640,Roberto,Gonzalez,2007-03-10,74,230,Hispanic,light,brown,clean_shaven,L,RF,,0,,,53,50,51,50,50,51,46,50,52,49,,,,,,,,,,,,75,64,66,71,50,0,0,50,76,61,,,,,,,,,,,,False,,,0,,,,,,0,50,,average
P7256,Rufus,Carter,1993-03-10,78,173,African,dark,brown,beard,R,P,,1,RP,CL,,,,,55,,,,49,50,52,52,54,48,51,0,62,65,0,0,0,,,,,0,,,,47,41,52,44,47,48,51,0,62,62,0,0,0,False,,,0,,,,,,0,50,closer,
P6873,Tyrone,Robinson,1997-01-17,68,170,African,dark,black,clean_shaven,R,P,,1,RP,RP,,,,,50,,,,53,54,51,50,53,52,53,0,58,65,0,0,0,,,,,0,,,,48,59,47,49,55,54,51,0,58,63,0,0,0,False,,,0,,,,,,0,50,power_rp,
P1377,Eduardo,Morales,2003-10-03,76,170,Hispanic,medium,brown,clean_shaven,L,P,,1,RP,RP,,,,,57,,,,51,52,49,50,52,52,53,0,0,0,60,0,0,,,,,0,,,,61,66,58,57,63,62,60,0,0,0,68,0,0,False,,,0,,,,,,0,50,groundball_rp,
P4429,Silas,Layell,2001-08-14,77,219,Anglo,medium,brown,clean_shaven,R,P,,1,RP,SP,,,,,53,,,,52,51,50,50,52,50,50,62,0,58,0,0,0,,,,,0,,,,57,66,58,59,62,65,56,77,0,72,0,0,0,False,,,0,,,,,,0,50,workhorse_sp,
P4103,Tyrone,King,2002-05-20,74,165,African,dark,brown,clean_shaven,R,P,,1,RP,SP,,,,,48,,,,48,51,50,53,54,49,52,60,60,59,0,57,0,,,,,0,,,,57,56,60,68,55,62,60,66,66,70,0,70,0,False,,,0,,,,,,0,50,finesse_sp,
P6324,Titus,Shearin,1991-06-03,76,223,Anglo,light,red,clean_shaven,R,P,,1,RP,RP,,,,,57,,,,49,51,51,51,54,50,53,0,58,65,62,0,0,,,,,0,,,,48,49,47,54,42,45,43,0,55,65,54,0,0,False,,,0,,,,,,0,50,groundball_rp,
P7495,Jamal,Harris,1996-03-04,69,167,African,dark,black,clean_shaven,R,P,,1,RP,RP,,,,,48,,,,48,49,49,53,52,50,54,0,59,63,0,0,0,,,,,0,,,,45,50,56,55,45,53,56,0,60,60,0,0,0,False,,,0,,,,,,0,50,power_rp,
P9600,Juan,Diaz,2002-08-23,73,206,Hispanic,medium,black,goatee,R,P,,1,RP,LR,,,,,51,,,,48,51,50,50,52,52,53,60,61,65,0,0,0,,,,,0,,,,61,62,55,63,64,63,58,68,69,80,0,0,0,False,,,0,,,,,,0,50,long_relief,
P3032,Andrew,Pfeiffer,1997-06-28,71,180,Anglo,light,blonde,clean_shaven,R,P,,1,RP,CL,,,,,51,,,,50,54,51,50,52,52,55,59,60,67,0,0,0,,,,,0,,,,49,52,50,56,54,57,58,63,64,68,0,0,0,False,,,0,,,,,,0,50,closer,
P9238,Jose,Cruz,1987-05-05,68,196,Hispanic,medium,brown,goatee,L,P,,1,RP,SP,,,,,48,,,,48,50,54,54,52,48,51,62,64,59,58,0,0,,,,,0,,,,45,47,51,43,49,40,44,54,56,52,54,0,0,False,,,0,,,,,,0,50,finesse_sp,
P5569,Francisco,Perez,1990-11-20,70,214,Hispanic,medium,brown,clean_shaven,R,P,,1,RP,RP,,,,,52,,,,50,50,47,51,52,53,52,55,60,65,0,0,0,,,,,0,,,,44,47,41,43,38,45,51,46,50,65,0,0,0,False,,,0,,,,,,0,50,power_rp,
P8849,Jamal,Young,2003-09-02,75,231,African,dark,black,clean_shaven,L,C,,0,,,62,52,52,55,50,48,52,52,51,49,,,,,,,,,,,,67,58,65,63,50,0,0,52,64,58,,,,,,,,,,,,False,,,0,,,,,,0,50,,spray
P6704,Willis,Matheney,1997-09-21,73,219,Anglo,dark,black,clean_shaven,L,1B,,0,,,51,63,50,49,48,49,45,50,51,51,,,,,,,,,,,,55,66,49,53,48,0,0,50,49,48,,,,,,,,,,,,False,,,0,,,,,,0,50,,power
P9343,Leroy,Allen,1997-08-26,68,248,African,dark,black,clean_shaven,S,2B,,0,,,50,52,49,51,48,48,50,50,48,49,,,,,,,,,,,,46,47,48,47,48,0,0,50,50,48,,,,,,,,,,,,False,,,0,,,,,,0,50,,balanced
P1936,Shirley,Arbetman,1991-12-16,77,177,Anglo,light,black,clean_shaven,R,3B,,0,,,48,50,48,49,49,49,58,51,51,50,,,,,,,,,,,,43,49,46,39,49,0,0,51,47,43,,,,,,,,,,,,False,,,0,,,,,,0,50,,average
P3991,Tyrone,Carter,1991-07-01,74,239,African,dark,black,goatee,R,SS,,0,,,53,51,53,51,50,50,56,51,53,51,,,,,,,,,,,,44,46,50,41,50,0,0,51,51,51,,,,,,,,,,,,False,,,0,,,,,,0,50,,gap
P1175,Jarod,Deconti,1988-01-13,73,199,Anglo,dark,brown,beard,L,LF,,0,,,52,61,51,51,49,51,48,52,49,53,,,,,,,,,,,,48,56,44,47,49,0,0,52,40,44,,,,,,,,,,,,False,,,0,,,,,,0,50,,power
P6788,Gabriel,Sandhoff,1997-10-16,72,228,Anglo,medium,brown,clean_shaven,L,CF,,0,,,52,50,50,50,52,50,46,47,49,51,,,,,,,,,,,,54,51,51,52,52,0,0,47,48,48,,,,,,,,,,,,False,,,0,,,,,,0,50,,balanced
P9641,Erin,Tencer,1998-09-17,74,222,Anglo,medium,brown,mustache,R,RF,,0,,,51,50,70,52,53,49,56,52,49,50,,,,,,,,,,,,61,57,77,64,53,0,0,52,62,65,,,,,,,,,,,,False,,,0,,,,,,0,50,,speed
P9901,Sam,Thamphia,2000-05-23,68,249,Anglo,light,red,clean_shaven,S,1B,,0,,,53,61,48,50,47,50,50,50,49,48,,,,,,,,,,,,62,72,58,57,47,0,0,50,63,54,,,,,,,,,,,,False,,,0,,,,,,0,50,,power
P4411,Tyrone,Gaines,1993-12-22,71,216,African,dark,black,clean_shaven,S,1B,,0,,,58,50,49,49,48,51,52,49,50,49,,,,,,,,,,,,52,42,41,47,48,0,0,49,47,40,,,,,,,,,,,,False,,,0,,,,,,0,50,,spray
P7944,Domingo,Flaherty,1999-08-29,72,244,Anglo,light,red,clean_shaven,R,LF,RF,0,,,57,61,49,50,48,53,55,52,53,48,,,,,,,,,,,,71,72,60,55,48,0,0,52,60,56,,,,,,,,,,,,False,,,0,,,,,,0,50,,gap
P3150,Darnell,Jackson,1988-03-28,76,241,African,dark,black,beard,S,LF,,0,,,50,56,51,52,47,49,52,50,53,51,,,,,,,,,,,,46,47,49,52,47,0,0,50,46,43,,,,,,,,,,,,False,,,0,,,,,,0,50,,gap
P2129,Roderick,Grieb,2004-01-24,76,211,Anglo,dark,blonde,mustache,R,1B,,0,,,51,59,53,50,51,52,51,50,51,51,,,,,,,,,,,,66,71,65,56,51,0,0,50,64,62,,,,,,,,,,,,False,,,0,,,,,,0,50,,balanced
P1258,Darnell,Allen,1990-07-18,73,168,African,medium,brown,mustache,R,C,,0,,,65,52,48,51,50,47,55,53,50,48,,,,,,,,,,,,58,44,41,50,50,0,0,53,40,41,,,,,,,,,,,,False,,,0,,,,,,0,50,,spray
P1981,Rufus,Washington,1995-12-29,72,166,African,dark,black,goatee,L,P,,1,RP,CL,,,,,55,,,,52,51,51,53,54,51,52,0,0,65,0,0,0,,,,,0,,,,47,49,48,52,53,53,51,0,0,66,0,0,0,False,,,0,,,,,,0,50,closer,
P2267,Abel,Bernhagen,1996-01-10,73,165,Anglo,medium,black,clean_shaven,L,P,,1,RP,CL,,,,,51,,,,49,50,52,51,52,48,55,0,0,65,0,0,0,,,,,0,,,,50,50,52,57,48,48,56,0,0,63,0,0,0,False,,,0,,,,,,0,50,closer,
P1904,Bruno,Stimage,1997-09-24,78,233,Anglo,light,brown,clean_shaven,R,P,,1,RP,SP,,,,,48,,,,52,52,52,53,52,49,52,0,63,60,0,57,0,,,,,0,,,,47,48,57,50,48,50,53,0,59,65,0,61,0,False,,,0,,,,,,0,50,power_sp,
P9525,Bryan,Mclennon,1992-10-26,73,184,Anglo,light,brown,beard,R,P,,1,RP,SP,,,,,48,,,,51,48,54,52,54,51,52,61,59,60,0,57,0,,,,,0,,,,48,39,50,46,54,46,45,59,57,55,0,49,0,False,,,0,,,,,,0,50,finesse_sp,
P6391,Fausto,Cummer,1995-07-31,71,167,Anglo,light,brown,goatee,R,P,,1,RP,SP,,,,,48,,,,48,50,54,51,54,50,52,60,62,58,0,0,0,,,,,0,,,,44,50,48,56,57,51,53,56,58,63,0,0,0,False,,,0,,,,,,0,50,balanced_sp,
P5163,Jermaine,Green,1988-10-20,78,162,African,dark,black,clean_shaven,L,P,,1,RP,LR,,,,,51,,,,48,52,49,50,52,53,50,0,0,66,0,0,0,,,,,0,,,,48,42,41,44,39,48,49,0,0,58,0,0,0,False,,,0,,,,,,0,50,long_relief,
P2299,Terence,Sossamon,1999-11-18,69,239,Anglo,light,black,mustache,R,P,,1,RP,SP,,,,,52,,,,49,49,53,51,53,50,53,60,61,60,0,55,0,,,,,0,,,,60,57,58,63,58,62,63,74,72,74,0,65,0,False,,,0,,,,,,0,50,workhorse_sp,
P5532,David,Tuten,1988-05-14,74,187,Anglo,light,brown,clean_shaven,L,RF,,0,,,52,53,48,50,50,49,47,51,51,52,,,,,,,,,,,,44,49,39,40,50,0,0,51,48,46,,,,,,,,,,,,False,,,0,,,,,,0,50,,gap
P9428,Jonas,Moser,1998-08-21,72,216,Anglo,light,black,beard,R,2B,,0,,,59,56,52,54,48,50,59,50,50,52,,,,,,,,,,,,65,63,66,61,48,0,0,50,58,60,,,,,,,,,,,,False,,,0,,,,,,0,50,,gap
P5507,Johnnie,Kinaj,2002-05-01,69,203,Anglo,medium,black,clean_shaven,L,LF,,0,,,54,62,48,51,48,50,48,49,50,53,,,,,,,,,,,,59,70,62,66,48,0,0,49,61,58,,,,,,,,,,,,False,,,0,,,,,,0,50,,power
P9999,Aldo,Beliard,2004-10-13,77,205,Anglo,light,brown,mustache,R,RF,,0,,,53,62,47,51,50,51,56,49,48,51,,,,,,,,,,,,72,81,73,62,50,0,0,49,59,72,,,,,,,,,,,,False,,,0,,,,,,0,50,,power
P1244,Florencio,Gizinski,1989-08-27,70,247,Anglo,light,brown,beard,L,LF,,0,,,50,53,49,51,48,51,52,48,50,53,,,,,,,,,,,,41,43,49,41,48,0,0,48,49,44,,,,,,,,,,,,False,,,0,,,,,,0,50,,balanced
P2304,Kevin,Saxena,2001-01-31,70,190,Anglo,dark,blonde,clean_shaven,R,2B,,0,,,52,61,49,51,50,52,54,49,48,52,,,,,,,,,,,,63,75,55,56,50,0,0,49,60,66,,,,,,,,,,,,False,,,0,,,,,,0,50,,power
P4134,Glenn,Klaja,2004-02-15,69,197,Anglo,light,blonde,clean_shaven,R,CF,,0,,,51,62,50,52,50,50,55,50,51,51,,,,,,,,,,,,56,67,64,65,50,0,0,50,63,64,,,,,,,,,,,,False,,,0,,,,,,0,50,,power
P1615,Brad,Camire,1995-01-10,78,202,Anglo,light,black,clean_shaven,S,RF,,0,,,52,57,52,51,47,50,53,51,49,48,,,,,,,,,,,,49,57,56,46,47,0,0,51,45,48,,,,,,,,,,,,False,,,0,,,,,,0,50,,balanced
P4302,Seymour,Grew,2005-08-24,71,225,Anglo,medium,blonde,beard,L,P,,1,RP,CL,,,,,55,,,,48,52,49,52,54,53,53,0,62,65,0,0,0,,,,,0,,,,77,65,82,66,63,72,78,0,90,80,0,0,0,False,,,0,,,,,,0,50,closer,
P3133,Carol,Gosney,2006-05-01,78,229,Anglo,light,blonde,clean_shaven,S,P,,1,RP,RP,,,,,53,,,,49,50,50,50,52,51,52,59,60,0,0,0,0,,,,,0,,,,76,63,61,65,61,79,62,89,73,0,0,0,0,False,,,0,,,,,,0,50,finesse_rp,
P3835,Anton,Wraight,2005-01-21,71,234,Anglo,light,brown,clean_shaven,S,P,,1,RP,RP,,,,,51,,,,48,54,51,52,53,50,53,0,0,65,0,0,0,,,,,0,,,,61,69,63,78,76,72,71,0,0,82,0,0,0,False,,,0,,,,,,0,50,power_rp,
P2003,Alexis,Hadsall,2007-06-11,75,213,Anglo,light,blonde,clean_shaven,R,P,,1,RP,RP,,,,,52,,,,50,53,51,52,53,50,52,60,60,0,61,0,0,,,,,0,,,,66,73,64,81,72,65,81,85,70,0,87,0,0,False,,,0,,,,,,0,50,finesse_rp,
P1266,Clifford,Sandoral,2004-07-22,72,199,Anglo,medium,brown,clean_shaven,R,P,,1,RP,RP,,,,,49,,,,52,52,50,50,53,50,51,0,60,65,0,54,0,,,,,0,,,,63,73,73,79,69,80,71,0,84,89,0,72,0,False,,,0,,,,,,0,50,power_rp,
P5145,German,Vence,2004-09-02,68,224,Anglo,medium,brown,clean_shaven,L,C,,0,,,57,49,53,52,51,46,50,49,50,52,,,,,,,,,,,,83,68,81,63,51,0,0,49,79,62,,,,,,,,,,,,False,,,0,,,,,,0,50,,spray
P3542,Omar,Surina,2005-01-28,74,225,Anglo,dark,blonde,clean_shaven,R,CF,,0,,,52,51,50,52,53,53,54,49,49,49,,,,,,,,,,,,81,73,68,65,53,0,0,49,59,79,,,,,,,,,,,,False,,,0,,,,,,0,50,,balanced
P8264,Werner,Canzoneri,2004-06-22,78,203,Anglo,light,black,clean_shaven,R,3B,,0,,,52,50,48,51,50,49,58,52,52,52,,,,,,,,,,,,66,64,60,75,50,0,0,52,64,67,,,,,,,,,,,,False,,,0,,,,,,0,50,,balanced
P3118,Jerrold,Bemo,2007-07-01,74,161,Anglo,light,blonde,clean_shaven,R,2B,,0,,,52,52,47,52,48,53,54,49,50,52,,,,,,,,,,,,66,72,68,62,48,0,0,49,73,66,,,,,,,,,,,,False,,,0,,,,,,0,50,,average
P6539,Tom,Vlach,2006-12-07,69,232,Anglo,light,red,mustache,S,LF,,0,,,54,48,85,51,51,52,52,52,48,48,,,,,,,,,,,,73,76,99,74,51,0,0,52,61,70,,,,,,,,,,,,False,,,0,,,,,,0,50,,elite_speed
P7567,Rosario,Denyes,1987-09-27,70,172,Anglo,light,brown,beard,L,P,,1,RP,CL,,,,,55,,,,50,52,49,50,53,51,52,56,58,65,0,0,0,,,,,0,,,,40,46,42,49,48,41,42,46,57,61,0,0,0,False,,,0,,,,,,0,50,closer,
P1543,Cyrus,Humpal,1990-04-26,71,241,Anglo,light,brown,beard,L,P,,1,RP,SP,,,,,52,,,,52,50,52,50,52,50,52,59,0,60,60,0,0,,,,,0,,,,47,50,41,47,45,49,48,55,0,56,59,0,0,False,,,0,,,,,,0,50,groundball_sp,
P6111,Marcelo,Rubulcaba,1999-02-07,76,188,Anglo,medium,black,beard,S,P,,1,RP,CL,,,,,49,,,,51,51,51,51,54,53,56,61,0,67,0,0,0,,,,,0,,,,60,62,62,64,64,60,69,76,0,75,0,0,0,False,,,0,,,,,,0,50,closer,
P2747,Austin,Reginaldo,2003-05-10,74,186,Anglo,medium,red,clean_shaven,L,P,,1,RP,LR,,,,,49,,,,52,49,51,52,54,53,48,59,58,64,0,0,0,,,,,0,,,,67,64,67,64,61,58,62,66,64,75,0,0,0,False,,,0,,,,,,0,50,long_relief,
P4294,Reinaldo,Pilgreen,1997-10-22,71,242,Anglo,light,black,clean_shaven,R,P,,1,RP,RP,,,,,49,,,,51,51,49,50,52,49,53,0,61,65,61,0,0,,,,,0,,,,48,54,45,55,52,47,51,0,65,63,59,0,0,False,,,0,,,,,,0,50,power_rp,
P8674,Margarito,Gouras,1999-03-16,74,162,Anglo,light,blonde,clean_shaven,L,P,,1,RP,RP,,,,,52,,,,52,50,49,52,53,49,54,0,61,64,62,0,0,,,,,0,,,,63,56,61,61,63,62,67,0,70,74,67,0,0,False,,,0,,,,,,0,50,power_rp,
P7057,Kraig,Jabiro,1988-12-19,75,171,Anglo,light,blonde,goatee,R,P,,1,RP,SP,,,,,51,,,,49,49,54,50,53,51,50,0,58,59,0,0,0,,,,,0,,,,40,40,44,48,54,46,47,0,52,55,0,0,0,False,,,0,,,,,,0,50,workhorse_sp,
P7723,Alvaro,Ketron,1988-09-29,70,170,Anglo,light,blonde,clean_shaven,R,P,,1,RP,RP,,,,,50,,,,51,53,48,50,53,49,53,0,60,65,0,0,0,,,,,0,,,,44,44,50,48,43,46,53,0,58,55,0,0,0,False,,,0,,,,,,0,50,power_rp,
P1683,Ferdinand,Berning,2003-04-07,77,246,Anglo,dark,blonde,beard,L,P,,1,RP,RP,,,,,53,,,,51,53,52,52,54,49,52,0,0,0,59,0,0,,,,,0,,,,66,68,67,61,60,59,57,0,0,0,73,0,0,False,,,0,,,,,,0,50,groundball_rp,
P4441,Abdul,Koepf,1995-10-05,69,250,Anglo,light,blonde,beard,S,P,,1,RP,SP,,,,,53,,,,49,49,51,51,52,50,49,60,0,0,58,0,0,,,,,0,,,,46,45,51,51,53,47,47,63,0,0,53,0,0,False,,,0,,,,,,0,50,groundball_sp,
P1452,Asa,Marchell,1990-08-08,74,238,Anglo,light,brown,mustache,R,P,,1,RP,SP,,,,,47,,,,48,51,52,50,54,48,52,59,62,63,0,53,0,,,,,0,,,,42,47,42,45,49,40,45,59,53,53,0,44,0,False,,,0,,,,,,0,50,power_sp,
P5564,Doyle,Camerena,1993-03-15,70,178,Anglo,light,blonde,beard,S,C,,0,,,51,53,50,50,51,53,51,49,53,49,,,,,,,,,,,,51,43,47,46,51,0,0,49,47,44,,,,,,,,,,,,False,,,0,,,,,,0,50,,balanced
P1506,Rayford,Hotelling,1987-11-07,75,208,Anglo,medium,red,mustache,R,1B,,0,,,51,62,50,50,51,50,54,51,51,52,,,,,,,,,,,,41,61,47,44,51,0,0,51,45,48,,,,,,,,,,,,False,,,0,,,,,,0,50,,power
P2370,Nigel,Bielecki,1993-11-27,69,167,Anglo,light,black,clean_shaven,R,2B,,0,,,51,50,70,53,50,50,54,51,52,49,,,,,,,,,,,,50,47,66,50,50,0,0,51,44,43,,,,,,,,,,,,False,,,0,,,,,,0,50,,speed
P5008,Fredrick,Wohlers,1998-01-22,75,199,Anglo,light,blonde,goatee,L,3B,,0,,,48,51,51,51,50,51,49,52,52,51,,,,,,,,,,,,43,46,47,52,50,0,0,52,53,47,,,,,,,,,,,,False,,,0,,,,,,0,50,,average
P6620,Jerald,Kut,2004-08-25,72,214,Anglo,light,blonde,clean_shaven,R,SS,,0,,,51,51,51,51,49,49,57,50,48,51,,,,,,,,,,,,81,78,68,79,49,0,0,50,63,62,,,,,,,,,,,,False,,,0,,,,,,0,50,,balanced
P6242,James,Curro,1989-01-13,77,187,Anglo,light,brown,clean_shaven,R,LF,,0,,,49,61,51,51,51,52,58,53,51,51,,,,,,,,,,,,43,61,51,47,51,0,0,53,44,50,,,,,,,,,,,,False,,,0,,,,,,0,50,,power
P1367,Jude,Scharf,2004-10-27,75,169,Anglo,light,brown,clean_shaven,L,CF,,0,,,49,50,72,49,51,51,43,48,49,48,,,,,,,,,,,,77,75,84,74,51,0,0,48,75,61,,,,,,,,,,,,False,,,0,,,,,,0,50,,speed
P2302,Randy,Escorcia,2004-05-16,74,214,Anglo,light,blonde,mustache,R,RF,,0,,,54,58,51,50,51,49,58,47,51,50,,,,,,,,,,,,84,77,68,69,51,0,0,47,67,70,,,,,,,,,,,,False,,,0,,,,,,0,50,,gap
P6783,Mikel,Bogaert,1993-07-23,74,219,Anglo,light,blonde,clean_shaven,R,3B,,0,,,51,52,85,50,52,49,60,49,48,50,,,,,,,,,,,,49,42,77,40,52,0,0,49,38,49,,,,,,,,,,,,False,,,0,,,,,,0,50,,elite_speed
P6591,Garth,Dispirito,1994-01-14,74,247,Anglo,light,brown,clean_shaven,R,CF,,0,,,53,51,70,52,49,49,53,51,52,49,,,,,,,,,,,,52,47,63,46,49,0,0,51,47,41,,,,,,,,,,,,False,,,0,,,,,,0,50,,speed
P8880,Hubert,Rommelfanger,2001-06-11,70,181,Anglo,light,black,goatee,R,1B,,0,,,49,59,50,48,48,48,54,52,48,49,,,,,,,,,,,,61,71,65,55,48,0,0,52,63,57,,,,,,,,,,,,False,,,0,,,,,,0,50,,balanced
P1974,Virgil,Zettlemoyer,1997-06-18,77,187,Anglo,medium,black,mustache,R,C,,0,,,52,51,52,51,48,52,57,48,49,48,,,,,,,,,,,,48,48,49,48,48,0,0,48,47,51,,,,,,,,,,,,False,,,0,,,,,,0,50,,balanced
P6289,Arlie,Kostka,1997-07-21,75,171,Anglo,dark,brown,clean_shaven,L,C,,0,,,52,54,48,51,52,53,49,49,51,48,,,,,,,,,,,,56,59,46,46,52,0,0,49,49,50,,,,,,,,,,,,False,,,0,,,,,,0,50,,average
P3644,Van,Servedio,1995-07-04,73,250,Anglo,light,black,beard,R,SS,,0,,,53,48,86,51,50,50,56,49,53,50,,,,,,,,,,,,56,45,82,48,50,0,0,49,55,52,,,,,,,,,,,,False,,,0,,,,,,0,50,,elite_speed
P6344,Merrill,Quilliam,1987-08-14,72,162,Anglo,medium,black,clean_shaven,R,P,,1,RP,CL,,,,,55,,,,49,50,51,50,52,52,56,0,0,65,0,0,0,,,,,0,,,,48,48,45,51,41,48,49,0,0,62,0,0,0,False,,,0,,,,,,0,50,closer,
P5397,Andre,Ghrist,1990-06-10,73,169,Anglo,light,blonde,clean_shaven,R,P,,1,RP,SP,,,,,50,,,,48,48,50,50,52,52,50,60,59,61,0,54,0,,,,,0,,,,41,38,40,49,42,50,44,56,56,59,0,51,0,False,,,0,,,,,,0,50,workhorse_sp,
P8386,Jewel,Nesseth,1999-07-19,68,212,Anglo,medium,red,clean_shaven,R,P,,1,RP,SP,,,,,51,,,,52,53,50,50,53,48,53,59,60,0,0,0,0,,,,,0,,,,59,67,57,60,61,60,65,70,72,0,0,0,0,False,,,0,,,,,,0,50,balanced_sp,
P3753,Isaias,Seise,1999-05-03,71,206,Anglo,light,brown,clean_shaven,L,P,,1,RP,RP,,,,,48,,,,49,51,49,51,52,49,52,0,60,0,0,0,0,,,,,0,,,,59,57,64,58,58,56,58,0,67,0,0,0,0,False,,,0,,,,,,0,50,power_rp,
P1514,Curt,Jozsa,1994-09-30,78,180,Anglo,medium,blonde,clean_shaven,L,P,,1,RP,CL,,,,,50,,,,52,53,52,50,52,49,56,60,59,66,0,0,0,,,,,0,,,,56,55,48,47,55,48,54,62,62,64,0,0,0,False,,,0,,,,,,0,50,closer,
P2562,Miquel,Natt,2002-10-02,77,227,Anglo,medium,brown,goatee,R,P,,1,RP,SP,,,,,53,,,,50,50,51,52,53,50,50,60,61,59,59,0,0,,,,,0,,,,58,62,60,68,61,65,63,72,70,69,65,0,0,False,,,0,,,,,,0,50,workhorse_sp,
P6662,Stanford,Sanders,1988-03-06,75,216,Anglo,medium,blonde,beard,S,P,,1,RP,LR,,,,,54,,,,49,52,53,53,52,53,51,0,63,65,0,0,0,,,,,0,,,,47,50,48,49,46,52,51,0,59,60,0,0,0,False,,,0,,,,,,0,50,long_relief,
P1227,Hassan,Prehoda,1999-03-21,70,233,Anglo,light,red,clean_shaven,R,RF,,0,,,52,61,52,50,48,52,52,51,50,49,,,,,,,,,,,,60,75,62,65,48,0,0,51,58,55,,,,,,,,,,,,False,,,0,,,,,,0,50,,power
P2976,Kristofer,Kinstle,2000-12-18,69,184,Anglo,light,red,clean_shaven,R,2B,,0,,,52,62,49,51,51,49,59,52,52,48,,,,,,,,,,,,61,69,54,64,51,0,0,52,65,62,,,,,,,,,,,,False,,,0,,,,,,0,50,,power
P3177,Kristofer,Katoa,2004-03-10,69,202,Anglo,medium,brown,clean_shaven,R,C,,0,,,56,49,49,54,52,50,60,50,51,48,,,,,,,,,,,,73,77,60,67,52,0,0,50,77,61,,,,,,,,,,,,False,,,0,,,,,,0,50,,spray
P4938,Jason,Wunderlich,1992-09-26,68,203,Anglo,light,black,clean_shaven,R,C,,0,,,50,52,52,49,53,51,56,48,49,50,,,,,,,,,,,,48,47,51,43,53,0,0,48,45,42,,,,,,,,,,,,False,,,0,,,,,,0,50,,average
P8856,Duane,Esfahani,1987-08-01,71,192,Anglo,light,black,beard,R,CF,,0,,,52,48,53,49,52,49,51,47,49,49,,,,,,,,,,,,43,39,47,45,52,0,0,47,48,43,,,,,,,,,,,,False,,,0,,,,,,0,50,,average
P3828,Kendrick,Denogean,1998-04-23,74,248,Anglo,light,black,clean_shaven,L,1B,,0,,,51,64,49,51,51,52,49,50,49,50,,,,,,,,,,,,62,74,63,63,51,0,0,50,54,61,,,,,,,,,,,,False,,,0,,,,,,0,50,,power
P5154,Daron,Harmison,2000-07-23,73,197,Anglo,light,blonde,goatee,S,LF,,0,,,52,50,52,52,48,52,53,49,48,52,,,,,,,,,,,,57,59,60,67,48,0,0,49,56,61,,,,,,,,,,,,False,,,0,,,,,,0,50,,balanced
P6194,Franklin,Harding,1992-04-10,73,204,Anglo,light,brown,mustache,R,RF,CF,0,,,61,49,50,51,49,51,52,51,51,51,,,,,,,,,,,,51,44,46,47,49,0,0,51,50,46,,,,,,,,,,,,False,,,0,,,,,,0,50,,spray
P9767,Dewayne,Kuhr,2007-03-11,73,234,Anglo,dark,blonde,goatee,S,P,,1,RP,CL,,,,,55,,,,50,54,50,51,52,49,54,58,61,65,0,0,0,,,,,0,,,,61,82,68,71,76,69,68,69,85,77,0,0,0,False,,,0,,,,,,0,50,closer,
P8056,Barton,Figuroa,2007-09-09,76,190,Anglo,light,blonde,clean_shaven,R,P,,1,RP,RP,,,,,50,,,,52,49,52,52,53,52,51,59,62,0,0,57,0,,,,,0,,,,82,74,70,82,65,70,68,75,78,0,0,86,0,False,,,0,,,,,,0,50,finesse_rp,
P2343,Timmy,Altschuler,2005-01-31,69,221,Anglo,medium,brown,clean_shaven,S,P,,1,RP,SP,,,,,53,,,,49,53,54,53,53,51,50,58,0,0,61,0,0,,,,,0,,,,63,75,63,68,79,63,70,84,0,0,72,0,0,False,,,0,,,,,,0,50,groundball_sp,
P7095,Gerald,Gangestad,2005-07-07,75,214,Anglo,medium,brown,goatee,L,P,,1,RP,SP,,,,,54,,,,48,52,52,51,53,49,52,62,0,58,59,0,0,,,,,0,,,,72,79,73,83,76,64,69,72,0,80,79,0,0,False,,,0,,,,,,0,50,groundball_sp,
P5782,Adan,Gradillas,2008-02-25,76,236,Anglo,light,black,clean_shaven,R,P,,1,RP,SP,,,,,51,,,,51,51,50,52,52,51,51,59,63,60,0,57,0,,,,,0,,,,73,71,65,68,70,74,68,84,80,77,0,69,0,False,,,0,,,,,,0,50,balanced_sp,
P2642,Olen,Isaacsen,2005-09-13,72,220,Anglo,medium,brown,clean_shaven,L,RF,,0,,,50,61,48,49,50,49,50,51,50,52,,,,,,,,,,,,74,80,66,73,50,0,0,51,73,80,,,,,,,,,,,,False,,,0,,,,,,0,50,,power
P9456,Deandre,Eshlerman,2004-11-08,74,179,Anglo,light,black,beard,L,CF,,0,,,48,51,52,51,51,52,49,49,50,52,,,,,,,,,,,,73,67,68,70,51,0,0,49,66,75,,,,,,,,,,,,False,,,0,,,,,,0,50,,average
P8203,Micah,Reichmann,2004-12-26,73,195,Anglo,medium,black,clean_shaven,R,SS,,0,,,51,52,70,50,52,49,59,50,52,49,,,,,,,,,,,,77,75,81,62,52,0,0,50,63,68,,,,,,,,,,,,False,,,0,,,,,,0,50,,speed
P4223,Ira,Chomka,2007-12-31,71,236,Anglo,light,black,clean_shaven,R,LF,,0,,,58,52,50,52,52,48,56,52,52,48,,,,,,,,,,,,68,63,75,82,52,0,0,52,66,66,,,,,,,,,,,,False,,,0,,,,,,0,50,,spray
P5363,Antonia,Eliezrie,2007-08-21,68,235,Anglo,light,black,clean_shaven,R,LF,,0,,,63,53,50,52,53,47,54,52,49,53,,,,,,,,,,,,91,70,78,75,53,0,0,52,77,80,,,,,,,,,,,,False,,,0,,,,,,0,50,,spray
P9994,John,Doe,1997-12-22,70,232,Unknown,dark,brown,clean_shaven,R,P,,1,RP,CL,,,,,55,,,,52,53,49,51,53,52,53,60,62,65,0,0,0,,,,,0,,,,48,51,53,48,46,57,55,64,59,66,0,0,0,False,,,0,,,,,,0,50,closer,
P2324,John,Doe,2001-07-12,73,207,Unknown,dark,brown,clean_shaven,S,P,,1,RP,SP,,,,,48,,,,52,53,54,54,52,50,53,58,62,0,0,0,0,,,,,0,,,,58,60,64,64,69,61,61,73,69,0,0,0,0,False,,,0,,,,,,0,50,finesse_sp,
P4310,John,Doe,1989-05-21,78,164,Unknown,medium,brown,beard,R,P,,1,RP,SP,,,,,50,,,,50,49,54,50,54,50,51,0,58,62,59,0,0,,,,,0,,,,48,47,42,51,51,48,51,0,52,60,55,0,0,False,,,0,,,,,,0,50,groundball_sp,
P7654,John,Doe,2004-12-01,69,219,Unknown,dark,brown,clean_shaven,L,P,,1,RP,LR,,,,,52,,,,48,52,50,53,52,49,52,57,59,63,0,0,0,,,,,0,,,,63,70,75,63,72,77,71,73,78,82,0,0,0,False,,,0,,,,,,0,50,long_relief,
P1496,John,Doe,1993-12-13,68,225,Unknown,light,black,clean_shaven,L,P,,1,RP,RP,,,,,52,,,,49,52,50,53,52,50,53,57,61,0,0,0,0,,,,,0,,,,45,48,52,42,49,40,46,50,58,0,0,0,0,False,,,0,,,,,,0,50,finesse_rp,
P1880,John,Doe,2004-12-28,75,238,Unknown,medium,brown,clean_shaven,R,P,,1,RP,RP,,,,,55,,,,52,50,50,50,53,52,50,60,0,66,61,0,0,,,,,0,,,,74,65,72,75,66,65,62,88,0,84,83,0,0,False,,,0,,,,,,0,50,groundball_rp,
P7834,John,Doe,1989-08-12,77,215,Unknown,light,brown,clean_shaven,R,P,,1,RP,SP,,,,,49,,,,49,52,51,51,52,52,52,61,59,0,0,0,0,,,,,0,,,,43,51,41,46,43,48,48,60,52,0,0,0,0,False,,,0,,,,,,0,50,balanced_sp,
P9612,John,Doe,1997-07-06,78,209,Unknown,medium,black,clean_shaven,R,P,,1,RP,RP,,,,,52,,,,50,51,49,52,54,51,55,0,0,64,0,0,0,,,,,0,,,,48,47,54,49,52,51,52,0,0,68,0,0,0,False,,,0,,,,,,0,50,power_rp,
P4562,John,Doe,1997-03-26,71,175,Unknown,medium,blonde,clean_shaven,L,P,,1,RP,RP,,,,,48,,,,51,49,49,50,53,50,51,60,60,0,0,0,0,,,,,0,,,,51,51,53,48,46,46,52,65,63,0,0,0,0,False,,,0,,,,,,0,50,finesse_rp,
P1490,John,Doe,2002-04-27,77,246,Unknown,medium,black,clean_shaven,L,P,,1,RP,SP,,,,,49,,,,49,50,52,50,53,49,49,58,62,0,0,0,0,,,,,0,,,,57,64,62,68,59,60,59,73,75,0,0,0,0,False,,,0,,,,,,0,50,finesse_sp,
P6780,John,Doe,1987-05-16,74,212,Unknown,medium,black,clean_shaven,R,P,,1,RP,SP,,,,,51,,,,50,51,53,51,52,47,49,60,62,60,0,0,0,,,,,0,,,,44,48,50,43,49,39,47,50,52,55,0,0,0,False,,,0,,,,,,0,50,workhorse_sp,
P9909,John,Doe,2002-03-27,68,216,Unknown,medium,black,goatee,R,C,,0,,,63,52,49,54,50,46,59,49,49,51,,,,,,,,,,,,77,58,56,60,50,0,0,49,60,64,,,,,,,,,,,,False,,,0,,,,,,0,50,,spray
P7759,John,Doe,1996-11-11,75,177,Unknown,light,brown,beard,L,1B,,0,,,52,59,52,52,51,51,46,50,50,51,,,,,,,,,,,,51,55,49,55,51,0,0,50,50,50,,,,,,,,,,,,False,,,0,,,,,,0,50,,balanced
P3020,John,Doe,1989-07-27,68,226,Unknown,medium,black,mustache,L,2B,,0,,,54,48,70,54,51,49,48,51,52,49,,,,,,,,,,,,54,46,62,44,51,0,0,51,45,48,,,,,,,,,,,,False,,,0,,,,,,0,50,,speed
P6733,John,Doe,1993-08-01,75,196,Unknown,light,blonde,clean_shaven,R,3B,,0,,,51,49,70,50,51,51,58,53,48,48,,,,,,,,,,,,44,42,64,47,51,0,0,53,46,44,,,,,,,,,,,,False,,,0,,,,,,0,50,,speed
P2539,John,Doe,1987-06-16,74,245,Unknown,dark,brown,mustache,S,SS,,0,,,53,48,85,53,53,49,57,52,50,51,,,,,,,,,,,,51,41,79,51,53,0,0,52,43,41,,,,,,,,,,,,False,,,0,,,,,,0,50,,speed
P6300,John,Doe,2002-08-07,68,234,Unknown,dark,black,clean_shaven,L,LF,,0,,,54,65,48,50,48,53,48,52,51,50,,,,,,,,,,,,67,70,62,65,48,0,0,52,65,55,,,,,,,,,,,,False,,,0,,,,,,0,50,,power
P9069,John,Doe,1994-06-17,73,240,Unknown,medium,black,beard,R,CF,RF,0,,,54,48,70,51,52,49,55,51,48,51,,,,,,,,,,,,55,48,68,46,52,0,0,51,52,52,,,,,,,,,,,,False,,,0,,,,,,0,50,,speed
P1468,John,Doe,1988-04-02,75,230,Unknown,light,black,clean_shaven,L,RF,,0,,,50,51,47,51,50,53,49,50,52,53,,,,,,,,,,,,49,49,43,49,50,0,0,50,47,45,,,,,,,,,,,,False,,,0,,,,,,0,50,,average
P2997,John,Doe,1997-12-10,74,217,Unknown,dark,brown,clean_shaven,R,SS,,0,,,50,50,79,50,54,47,55,48,50,47,,,,,,,,,,,,54,46,82,53,54,0,0,48,54,44,,,,,,,,,,,,False,,,0,,,,,,0,50,,speed
P8329,John,Doe,1990-10-18,75,200,Unknown,dark,black,beard,R,LF,,0,,,62,50,53,54,52,51,58,49,51,51,,,,,,,,,,,,56,43,52,44,52,0,0,49,44,49,,,,,,,,,,,,False,,,0,,,,,,0,50,,spray
P3316,John,Doe,1989-03-06,68,246,Unknown,dark,brown,mustache,R,CF,,0,,,54,47,70,51,50,47,54,51,48,52,,,,,,,,,,,,47,39,66,47,50,0,0,51,41,48,,,,,,,,,,,,False,,,0,,,,,,0,50,,speed
P2449,John,Doe,1996-09-24,71,211,Unknown,medium,black,clean_shaven,L,1B,,0,,,52,59,50,49,49,50,45,50,52,50,,,,,,,,,,,,55,63,51,50,49,0,0,50,57,50,,,,,,,,,,,,False,,,0,,,,,,0,50,,power
P6678,John,Doe,1997-09-15,72,169,Unknown,dark,brown,clean_shaven,R,RF,,0,,,49,56,49,49,51,49,50,50,48,52,,,,,,,,,,,,44,52,47,49,51,0,0,50,46,54,,,,,,,,,,,,False,,,0,,,,,,0,50,,balanced
P5365,John,Doe,1995-09-18,74,210,Unknown,medium,blonde,clean_shaven,L,3B,,0,,,50,59,49,52,49,52,49,49,51,48,,,,,,,,,,,,50,59,49,51,49,0,0,49,54,47,,,,,,,,,,,,False,,,0,,,,,,0,50,,power
P1261,John,Doe,2000-07-25,73,197,Unknown,light,brown,clean_shaven,R,P,,1,RP,CL,,,,,55,,,,51,54,51,50,54,51,55,59,59,67,0,0,0,,,,,0,,,,60,68,58,61,66,66,68,72,72,72,0,0,0,False,,,0,,,,,,0,50,closer,
P8736,John,Doe,1995-02-20,73,204,Unknown,light,brown,clean_shaven,R,P,,1,RP,RP,,,,,54,,,,50,49,48,50,53,51,49,0,0,0,63,0,0,,,,,0,,,,50,47,48,53,50,50,48,0,0,0,66,0,0,False,,,0,,,,,,0,50,groundball_rp,
P8589,John,Doe,1996-06-09,69,214,Unknown,dark,black,beard,L,P,,1,RP,RP,,,,,50,,,,52,49,47,50,52,53,51,60,61,0,0,59,0,,,,,0,,,,53,52,55,49,52,48,47,59,66,0,0,60,0,False,,,0,,,,,,0,50,finesse_rp,
P7669,John,Doe,1988-08-16,74,222,Unknown,medium,red,clean_shaven,R,P,,1,RP,SP,,,,,52,,,,51,51,53,50,52,51,53,61,0,58,0,0,0,,,,,0,,,,49,46,47,43,51,51,46,53,0,57,0,0,0,False,,,0,,,,,,0,50,balanced_sp,
P4996,John,Doe,2000-08-16,68,211,Unknown,light,blonde,clean_shaven,S,P,,1,RP,SP,,,,,52,,,,50,52,49,50,54,52,53,62,59,58,0,58,0,,,,,0,,,,60,66,55,59,64,59,65,69,65,65,0,71,0,False,,,0,,,,,,0,50,balanced_sp,
P9123,John,Doe,2003-03-10,69,240,Unknown,dark,brown,beard,L,P,,1,RP,RP,,,,,49,,,,51,53,51,50,52,51,54,0,63,64,0,58,0,,,,,0,,,,62,67,64,63,56,62,67,0,68,73,0,63,0,False,,,0,,,,,,0,50,power_rp,
P1029,John,Doe,2003-10-25,75,190,Unknown,light,brown,clean_shaven,R,P,,1,RP,SP,,,,,50,,,,50,48,54,50,52,47,53,58,62,59,54,0,0,,,,,0,,,,62,61,56,62,66,52,67,69,67,68,68,0,0,False,,,0,,,,,,0,50,workhorse_sp,
P1302,John,Doe,1998-09-04,77,202,Unknown,medium,brown,beard,R,1B,,0,,,48,62,49,49,48,50,57,49,48,51,,,,,,,,,,,,63,72,58,56,48,0,0,49,55,66,,,,,,,,,,,,False,,,0,,,,,,0,50,,power
P9175,John,Doe,2004-01-15,72,249,Unknown,dark,black,clean_shaven,R,C,,0,,,52,58,52,51,49,51,58,53,52,51,,,,,,,,,,,,64,72,63,62,49,0,0,53,60,59,,,,,,,,,,,,False,,,0,,,,,,0,50,,power
P8727,John,Doe,1988-02-14,69,188,Unknown,light,brown,clean_shaven,R,3B,,0,,,55,47,96,51,49,49,56,50,49,50,,,,,,,,,,,,55,40,94,43,49,0,0,50,39,50,,,,,,,,,,,,False,,,0,,,,,,0,50,,elite_speed
P7884,John,Doe,2004-01-19,76,227,Unknown,light,black,mustache,R,LF,,0,,,51,63,50,52,50,53,57,50,51,51,,,,,,,,,,,,62,77,65,57,50,0,0,50,57,57,,,,,,,,,,,,False,,,0,,,,,,0,50,,power
P9998,John,Doe,1998-03-10,74,220,Unknown,dark,brown,clean_shaven,R,2B,,0,,,60,49,49,53,53,49,61,50,50,50,,,,,,,,,,,,74,63,60,62,53,0,0,50,62,55,,,,,,,,,,,,False,,,0,,,,,,0,50,,spray
P6469,John,Doe,1998-06-06,77,222,Unknown,medium,brown,beard,S,CF,,0,,,55,54,52,54,49,49,49,52,51,48,,,,,,,,,,,,69,62,66,69,49,0,0,52,66,54,,,,,,,,,,,,False,,,0,,,,,,0,50,,gap
P7227,John,Doe,1994-06-21,69,179,Unknown,dark,black,clean_shaven,R,CF,,0,,,53,63,48,52,48,53,53,49,51,51,,,,,,,,,,,,50,68,43,51,48,0,0,49,53,46,,,,,,,,,,,,False,,,0,,,,,,0,50,,power
P4351,John,Doe,1989-05-11,74,162,Unknown,dark,black,mustache,R,RF,,0,,,48,61,51,51,50,53,51,53,52,52,,,,,,,,,,,,47,54,41,42,50,0,0,53,52,50,,,,,,,,,,,,False,,,0,,,,,,0,50,,power
P5348,John,Doe,2004-03-28,72,178,Unknown,medium,black,clean_shaven,R,P,,1,RP,CL,,,,,55,,,,51,51,50,51,54,53,55,58,0,65,0,0,0,,,,,0,,,,75,77,80,77,74,75,82,69,0,92,0,0,0,False,,,0,,,,,,0,50,closer,
P4607,John,Doe,2007-02-15,76,204,Unknown,light,brown,clean_shaven,R,P,,1,RP,RP,,,,,50,,,,51,52,47,52,54,52,53,0,63,64,0,0,0,,,,,0,,,,71,77,65,72,63,77,68,0,83,76,0,0,0,False,,,0,,,,,,0,50,power_rp,
P5310,John,Doe,2005-09-10,68,162,Unknown,medium,red,clean_shaven,L,P,,1,RP,RP,,,,,49,,,,53,52,51,51,52,49,51,60,0,0,0,0,0,,,,,0,,,,83,81,73,67,80,69,76,70,0,0,0,0,0,False,,,0,,,,,,0,50,finesse_rp,
P1025,John,Doe,2005-06-29,77,168,Unknown,medium,brown,clean_shaven,L,P,,1,RP,SP,,,,,50,,,,52,51,53,52,52,50,52,59,60,0,0,0,0,,,,,0,,,,72,67,70,71,78,71,66,82,85,0,0,0,0,False,,,0,,,,,,0,50,balanced_sp,
P2090,John,Doe,2006-06-23,74,229,Unknown,dark,black,clean_shaven,S,P,,1,RP,SP,,,,,53,,,,50,51,53,50,54,51,51,0,0,61,60,0,0,,,,,0,,,,63,79,67,76,70,77,63,0,0,76,74,0,0,False,,,0,,,,,,0,50,groundball_sp,
P5902,John,Doe,2008-01-26,69,163,Unknown,dark,black,clean_shaven,R,1B,,0,,,54,59,53,50,49,52,53,50,50,48,,,,,,,,,,,,77,78,68,64,49,0,0,50,74,62,,,,,,,,,,,,False,,,0,,,,,,0,50,,gap
P1431,John,Doe,2004-12-04,69,210,Unknown,light,brown,clean_shaven,S,C,,0,,,54,51,71,53,50,53,56,48,49,51,,,,,,,,,,,,79,67,88,71,50,0,0,48,68,66,,,,,,,,,,,,False,,,0,,,,,,0,50,,speed
P9919,John,Doe,2005-11-16,73,222,Unknown,dark,red,clean_shaven,R,C,,0,,,53,51,53,52,50,50,56,51,52,48,,,,,,,,,,,,80,62,68,63,50,0,0,51,71,78,,,,,,,,,,,,False,,,0,,,,,,0,50,,balanced
P8265,John,Doe,2004-09-21,68,226,Unknown,dark,black,clean_shaven,R,C,,0,,,51,50,84,52,53,47,59,49,51,52,,,,,,,,,,,,72,60,99,67,53,0,0,49,78,82,,,,,,,,,,,,False,,,0,,,,,,0,50,,speed
P4919,John,Doe,2007-07-29,74,182,Unknown,light,black,clean_shaven,R,C,,0,,,60,48,52,56,49,50,56,51,50,53,,,,,,,,,,,,71,68,76,74,49,0,0,51,76,76,,,,,,,,,,,,False,,,0,,,,,,0,50,,spray
P8080,John,Doe,2002-11-21,73,167,Unknown,light,brown,clean_shaven,R,P,,1,RP,CL,,,,,55,,,,52,51,47,51,52,53,51,0,0,65,0,0,0,,,,,0,,,,67,58,61,62,59,68,56,0,0,78,0,0,0,False,,,0,,,,,,0,50,closer,
P5275,John,Doe,1990-12-08,72,245,Unknown,light,black,mustache,L,P,,1,RP,SP,,,,,48,,,,50,53,50,52,52,48,52,0,64,61,0,0,0,,,,,0,,,,46,43,50,48,46,45,50,0,61,57,0,0,0,False,,,0,,,,,,0,50,power_sp,
P9816,John,Doe,1987-05-24,77,165,Unknown,dark,black,mustache,L,P,,1,RP,SP,,,,,52,,,,49,51,50,50,52,49,52,60,63,58,59,0,0,,,,,0,,,,47,50,50,47,48,49,51,59,55,56,57,0,0,False,,,0,,,,,,0,50,workhorse_sp,
P8912,John,Doe,1998-11-07,68,204,Unknown,dark,blonde,clean_shaven,S,P,,1,RP,SP,,,,,52,,,,50,52,51,50,52,52,53,62,62,60,0,56,0,,,,,0,,,,63,64,56,62,64,64,66,73,71,74,0,61,0,False,,,0,,,,,,0,50,workhorse_sp,
P6392,John,Doe,2002-04-28,72,181,Unknown,medium,brown,clean_shaven,R,P,,1,RP,RP,,,,,50,,,,50,50,49,50,52,52,54,0,60,63,0,0,0,,,,,0,,,,64,62,58,63,61,63,65,0,65,76,0,0,0,False,,,0,,,,,,0,50,power_rp,
P2224,John,Doe,2005-01-29,71,180,Unknown,dark,brown,clean_shaven,R,P,,1,RP,SP,,,,,48,,,,49,51,51,50,52,53,54,0,62,60,61,55,0,,,,,0,,,,79,67,74,80,66,66,71,0,92,71,73,85,0,False,,,0,,,,,,0,50,power_sp,
P4770,John,Doe,2003-05-23,77,168,Unknown,light,brown,clean_shaven,L,P,,1,RP,SP,,,,,50,,,,50,51,50,51,52,51,53,58,59,59,0,0,0,,,,,0,,,,57,61,66,61,63,59,64,70,65,71,0,0,0,False,,,0,,,,,,0,50,balanced_sp,
P7003,John,Doe,1991-05-25,78,215,Unknown,dark,black,clean_shaven,L,P,,1,RP,SP,,,,,48,,,,49,48,50,50,52,50,49,59,62,0,0,0,0,,,,,0,,,,42,39,50,51,48,43,43,56,59,0,0,0,0,False,,,0,,,,,,0,50,workhorse_sp,
P1541,John,Doe,1998-04-24,68,189,Unknown,dark,black,clean_shaven,L,P,,1,RP,SP,,,,,49,,,,52,50,54,52,52,48,53,62,63,60,55,0,0,,,,,0,,,,57,58,63,63,61,61,65,74,71,68,68,0,0,False,,,0,,,,,,0,50,workhorse_sp,
P7660,John,Doe,1989-10-23,77,183,Unknown,dark,black,clean_shaven,L,P,,1,RP,SP,,,,,47,,,,49,51,54,50,52,49,53,0,62,63,0,0,0,,,,,0,,,,40,42,50,46,46,41,50,0,59,56,0,0,0,False,,,0,,,,,,0,50,power_sp,
P9971,John,Doe,1987-11-20,76,239,Unknown,dark,brown,mustache,R,P,,1,RP,RP,,,,,50,,,,48,50,52,52,52,49,54,0,63,65,0,0,0,,,,,0,,,,38,49,52,42,46,48,47,0,56,57,0,0,0,False,,,0,,,,,,0,50,power_rp,
P7789,John,Doe,1999-10-25,72,248,Unknown,medium,brown,clean_shaven,R,C,,0,,,52,52,51,51,49,51,58,53,49,51,,,,,,,,,,,,67,57,61,57,49,0,0,53,57,58,,,,,,,,,,,,False,,,0,,,,,,0,50,,average
P9801,John,Doe,1996-02-17,69,163,Unknown,medium,brown,mustache,L,1B,,0,,,51,61,49,51,50,52,48,51,50,48,,,,,,,,,,,,51,59,44,46,50,0,0,51,45,53,,,,,,,,,,,,False,,,0,,,,,,0,50,,power
P6404,John,Doe,2001-10-02,74,212,Unknown,medium,blonde,clean_shaven,R,2B,,0,,,53,51,53,54,50,50,58,52,51,51,,,,,,,,,,,,67,65,58,67,50,0,0,52,56,62,,,,,,,,,,,,False,,,0,,,,,,0,50,,balanced
P3966,John,Doe,2003-09-06,69,219,Unknown,medium,black,clean_shaven,R,3B,,0,,,49,48,85,49,52,51,55,50,50,50,,,,,,,,,,,,55,54,92,63,52,0,0,50,59,58,,,,,,,,,,,,False,,,0,,,,,,0,50,,elite_speed
P1109,John,Doe,1990-01-05,73,198,Unknown,light,black,beard,R,SS,,0,,,59,61,49,50,50,50,60,52,53,50,,,,,,,,,,,,56,59,47,49,50,0,0,52,53,45,,,,,,,,,,,,False,,,0,,,,,,0,50,,gap
P7885,John,Doe,1993-04-06,70,250,Unknown,medium,black,goatee,L,LF,,0,,,51,51,49,52,50,51,48,50,52,49,,,,,,,,,,,,49,47,42,52,50,0,0,50,46,43,,,,,,,,,,,,False,,,0,,,,,,0,50,,average
P9381,John,Doe,1998-10-15,69,213,Unknown,medium,black,beard,R,CF,,0,,,50,50,85,52,51,50,55,50,52,50,,,,,,,,,,,,56,56,95,61,51,0,0,50,65,60,,,,,,,,,,,,False,,,0,,,,,,0,50,,elite_speed
P8164,John,Doe,2001-04-21,75,244,Unknown,light,brown,clean_shaven,R,RF,,0,,,50,55,49,49,48,49,56,47,51,53,,,,,,,,,,,,60,69,54,60,48,0,0,47,59,65,,,,,,,,,,,,False,,,0,,,,,,0,50,,balanced
P7474,John,Doe,1998-10-27,76,226,Unknown,medium,brown,mustache,R,SS,,0,,,59,50,51,55,52,48,59,48,52,49,,,,,,,,,,,,65,64,61,63,52,0,0,48,67,63,,,,,,,,,,,,False,,,0,,,,,,0,50,,spray
P8340,John,Doe,1995-01-19,71,187,Unknown,medium,black,clean_shaven,L,LF,,0,,,60,50,50,53,53,49,50,50,48,53,,,,,,,,,,,,64,54,52,53,53,0,0,50,45,49,,,,,,,,,,,,False,,,0,,,,,,0,50,,spray
P6588,John,Doe,2002-09-15,68,169,Unknown,medium,black,beard,L,1B,,0,,,52,62,51,50,51,51,47,51,53,52,,,,,,,,,,,,62,67,57,65,51,0,0,51,64,58,,,,,,,,,,,,False,,,0,,,,,,0,50,,power
P5306,John,Doe,1987-04-07,78,166,Unknown,dark,black,beard,R,SS,,0,,,52,50,51,51,49,51,57,50,48,47,,,,,,,,,,,,43,47,44,46,49,0,0,50,47,44,,,,,,,,,,,,False,,,0,,,,,,0,50,,balanced
P7574,John,Doe,1991-01-03,78,190,Unknown,light,brown,beard,R,3B,,0,,,53,51,53,49,51,51,56,52,51,49,,,,,,,,,,,,44,48,48,44,51,0,0,52,51,40,,,,,,,,,,,,False,,,0,,,,,,0,50,,balanced
P2226,John,Doe,1989-10-10,75,167,Unknown,dark,brown,clean_shaven,R,RF,,0,,,50,60,48,49,51,54,55,48,52,51,,,,,,,,,,,,49,57,43,46,51,0,0,48,43,47,,,,,,,,,,,,False,,,0,,,,,,0,50,,power
P5632,John,Doe,1988-10-22,75,189,Unknown,medium,brown,beard,S,P,,1,RP,CL,,,,,55,,,,51,50,51,50,54,48,55,0,0,65,0,0,0,,,,,0,,,,45,49,45,50,42,42,45,0,0,63,0,0,0,False,,,0,,,,,,0,50,closer,
P2123,John,Doe,1997-10-29,70,218,Unknown,medium,black,goatee,L,P,,1,RP,SP,,,,,51,,,,49,52,51,50,52,51,52,61,59,60,0,0,0,,,,,0,,,,53,50,48,55,51,46,51,58,59,64,0,0,0,False,,,0,,,,,,0,50,balanced_sp,
P3778,John,Doe,1987-04-10,72,238,Unknown,light,black,clean_shaven,L,P,,1,RP,SP,,,,,49,,,,50,49,51,52,54,49,51,62,62,63,58,0,0,,,,,0,,,,46,45,51,45,41,43,51,57,58,61,58,0,0,False,,,0,,,,,,0,50,balanced_sp,
P7817,John,Doe,1994-03-02,76,209,Unknown,dark,red,mustache,L,P,,1,RP,SP,,,,,51,,,,47,49,51,52,53,50,51,59,58,61,0,0,0,,,,,0,,,,44,51,54,50,47,46,55,60,63,61,0,0,0,False,,,0,,,,,,0,50,workhorse_sp,
P9435,John,Doe,1992-04-16,68,239,Unknown,medium,brown,beard,R,P,,1,RP,LR,,,,,51,,,,52,51,50,51,54,50,51,61,59,66,0,0,0,,,,,0,,,,46,49,45,44,49,50,44,52,56,59,0,0,0,False,,,0,,,,,,0,50,long_relief,
P2663,John,Doe,1993-05-23,74,230,Unknown,dark,blonde,clean_shaven,L,P,,1,RP,RP,,,,,52,,,,51,52,51,53,53,49,53,58,0,0,0,0,0,,,,,0,,,,47,48,49,47,43,46,46,53,0,0,0,0,0,False,,,0,,,,,,0,50,finesse_rp,
P1692,John,Doe,1997-02-13,77,212,Unknown,medium,brown,beard,R,P,,1,RP,SP,,,,,50,,,,52,50,51,50,53,49,52,62,63,0,57,57,0,,,,,0,,,,50,51,52,49,47,50,54,62,67,0,52,54,0,False,,,0,,,,,,0,50,finesse_sp,
P8395,John,Doe,1994-03-29,76,225,Unknown,dark,blonde,mustache,L,1B,,0,,,49,57,52,51,51,53,45,49,52,50,,,,,,,,,,,,46,53,50,51,51,0,0,49,55,54,,,,,,,,,,,,False,,,0,,,,,,0,50,,balanced
P2735,John,Doe,1989-09-17,68,217,Unknown,dark,brown,clean_shaven,R,SS,,0,,,48,59,52,49,50,50,58,51,50,48,,,,,,,,,,,,43,57,42,43,50,0,0,51,48,47,,,,,,,,,,,,False,,,0,,,,,,0,50,,power
P9956,John,Doe,2001-10-21,69,236,Unknown,dark,red,clean_shaven,S,LF,,0,,,49,49,72,51,53,50,53,52,50,49,,,,,,,,,,,,60,54,79,56,53,0,0,52,56,62,,,,,,,,,,,,False,,,0,,,,,,0,50,,speed
P5786,John,Doe,2002-01-17,76,221,Unknown,medium,black,clean_shaven,L,SS,,0,,,61,51,50,55,48,49,53,49,48,51,,,,,,,,,,,,76,60,61,70,48,0,0,49,60,66,,,,,,,,,,,,False,,,0,,,,,,0,50,,spray
P1619,John,Doe,1992-02-19,72,187,Unknown,light,black,clean_shaven,R,1B,,0,,,49,57,53,51,47,51,56,51,48,49,,,,,,,,,,,,40,52,51,48,47,0,0,51,40,44,,,,,,,,,,,,False,,,0,,,,,,0,50,,balanced
P2172,John,Doe,1992-06-12,76,176,Unknown,dark,black,clean_shaven,R,3B,,0,,,52,52,53,50,51,49,55,51,50,48,,,,,,,,,,,,52,43,45,47,51,0,0,51,49,48,,,,,,,,,,,,False,,,0,,,,,,0,50,,balanced
P1718,John,Doe,1990-04-18,73,167,Unknown,medium,black,clean_shaven,R,1B,,0,,,50,51,70,51,52,49,58,51,48,51,,,,,,,,,,,,41,46,61,48,52,0,0,51,46,49,,,,,,,,,,,,False,,,0,,,,,,0,50,,speed
P8090,John,Doe,1989-05-14,73,174,Unknown,dark,blonde,beard,L,RF,,0,,,60,50,48,51,50,49,48,52,50,48,,,,,,,,,,,,59,46,47,42,50,0,0,52,41,40,,,,,,,,,,,,False,,,0,,,,,,0,50,,spray
P1407,John,Doe,2006-08-12,70,175,Unknown,light,black,beard,R,P,,1,RP,CL,,,,,55,,,,51,53,50,52,54,48,51,57,61,65,0,0,0,,,,,0,,,,68,79,76,84,80,73,75,77,73,77,0,0,0,False,,,0,,,,,,0,50,closer,
P7487,John,Doe,2004-03-31,74,244,Unknown,dark,brown,clean_shaven,R,P,,1,RP,SP,,,,,50,,,,49,51,53,50,54,52,51,60,60,61,0,58,0,,,,,0,,,,69,67,76,64,75,70,66,70,71,74,0,81,0,False,,,0,,,,,,0,50,balanced_sp,
P3535,John,Doe,2006-07-01,74,201,Unknown,dark,brown,clean_shaven,S,P,,1,RP,SP,,,,,52,,,,52,50,52,50,53,52,52,60,0,0,61,0,0,,,,,0,,,,77,67,76,63,67,74,79,72,0,0,84,0,0,False,,,0,,,,,,0,50,groundball_sp,
P3602,John,Doe,2005-01-05,76,170,Unknown,medium,black,goatee,R,P,,1,RP,RP,,,,,52,,,,49,48,52,52,52,52,52,62,60,0,0,0,0,,,,,0,,,,78,58,81,78,65,76,78,84,84,0,0,0,0,False,,,0,,,,,,0,50,finesse_rp,
P8636,John,Doe,2007-07-16,71,188,Unknown,medium,blonde,clean_shaven,R,P,,1,RP,LR,,,,,49,,,,49,49,49,52,52,50,52,0,61,0,0,0,0,,,,,0,,,,79,66,73,74,78,74,64,0,74,0,0,0,0,False,,,0,,,,,,0,50,long_relief,
P3385,John,Doe,2007-11-11,68,182,Unknown,medium,red,clean_shaven,L,LF,,0,,,50,63,49,51,48,50,52,51,49,52,,,,,,,,,,,,72,74,70,65,48,0,0,51,67,76,,,,,,,,,,,,False,,,0,,,,,,0,50,,power
P5029,John,Doe,2007-04-09,69,199,Unknown,medium,brown,beard,S,CF,,0,,,50,47,85,52,51,47,50,47,48,52,,,,,,,,,,,,63,57,99,74,51,0,0,47,77,66,,,,,,,,,,,,False,,,0,,,,,,0,50,,elite_speed
P4949,John,Doe,2004-10-17,71,178,Unknown,dark,black,clean_shaven,R,LF,1B,0,,,52,48,70,53,51,48,60,52,51,52,,,,,,,,,,,,80,61,83,73,51,0,0,52,66,71,,,,,,,,,,,,False,,,0,,,,,,0,50,,speed
P7092,John,Doe,2007-11-21,73,213,Unknown,medium,blonde,clean_shaven,R,CF,,0,,,50,48,71,51,51,48,58,52,50,49,,,,,,,,,,,,77,66,81,77,51,0,0,52,65,66,,,,,,,,,,,,False,,,0,,,,,,0,50,,speed
P7133,John,Doe,2007-05-10,73,163,Unknown,medium,brown,beard,R,2B,,0,,,53,52,48,53,49,49,56,48,50,48,,,,,,,,,,,,66,64,74,81,49,0,0,48,66,60,,,,,,,,,,,,False,,,0,,,,,,0,50,,balanced
P3127,John,Doe,1988-01-27,74,232,Unknown,light,brown,beard,L,P,,1,RP,CL,,,,,55,,,,50,53,51,50,52,49,52,0,0,65,0,0,0,,,,,0,,,,40,46,47,44,46,40,44,0,0,63,0,0,0,False,,,0,,,,,,0,50,closer,
P8202,John,Doe,1997-01-12,71,209,Unknown,light,brown,goatee,S,P,,1,RP,SP,,,,,51,,,,53,51,54,53,52,49,49,61,0,59,60,0,0,,,,,0,,,,49,50,53,57,49,53,47,65,0,56,58,0,0,False,,,0,,,,,,0,50,groundball_sp,
P8303,John,Doe,1989-11-24,74,180,Unknown,dark,black,clean_shaven,L,P,,1,RP,CL,,,,,49,,,,51,53,51,50,52,51,53,60,0,65,0,0,0,,,,,0,,,,48,49,50,52,47,51,43,54,0,60,0,0,0,False,,,0,,,,,,0,50,closer,
P2569,John,Doe,1999-05-10,74,233,Unknown,medium,black,clean_shaven,L,P,,1,RP,RP,,,,,57,,,,48,52,49,51,53,50,53,0,0,0,62,0,0,,,,,0,,,,59,62,64,68,58,63,60,0,0,0,68,0,0,False,,,0,,,,,,0,50,groundball_rp,
P4116,John,Doe,1997-01-01,74,195,Unknown,medium,black,beard,S,P,,1,RP,SP,,,,,51,,,,48,52,53,50,52,52,51,60,60,0,57,0,0,,,,,0,,,,53,57,52,49,52,56,53,55,58,0,58,0,0,False,,,0,,,,,,0,50,groundball_sp,
P1672,John,Doe,1992-12-02,75,231,Unknown,medium,brown,clean_shaven,R,P,,1,RP,RP,,,,,52,,,,52,52,51,52,54,52,52,59,0,0,0,0,0,,,,,0,,,,44,50,42,53,51,50,49,56,0,0,0,0,0,False,,,0,,,,,,0,50,finesse_rp,
P9540,John,Doe,1992-07-25,72,209,Unknown,dark,brown,goatee,L,P,,1,RP,CL,,,,,49,,,,47,53,49,52,54,52,55,58,62,65,0,0,0,,,,,0,,,,46,48,42,46,42,52,52,54,56,61,0,0,0,False,,,0,,,,,,0,50,closer,
P7777,John,Doe,2003-12-27,75,174,Unknown,dark,brown,clean_shaven,R,P,,1,RP,CL,,,,,51,,,,52,53,48,51,52,50,52,57,61,65,0,0,0,,,,,0,,,,66,58,66,59,53,59,64,68,70,80,0,0,0,False,,,0,,,,,,0,50,closer,
P9821,John,Doe,1995-10-29,68,219,Unknown,dark,black,clean_shaven,R,P,,1,RP,SP,,,,,53,,,,51,50,53,51,52,53,51,58,57,0,58,0,0,,,,,0,,,,54,54,46,49,48,58,48,53,62,0,60,0,0,False,,,0,,,,,,0,50,groundball_sp,
P8323,John,Doe,1992-03-06,69,228,Unknown,medium,brown,clean_shaven,L,P,,1,RP,SP,,,,,51,,,,49,52,53,50,52,48,52,0,60,61,0,0,0,,,,,0,,,,42,50,47,51,49,48,49,0,57,51,0,0,0,False,,,0,,,,,,0,50,power_sp,
P3649,John,Doe,1995-10-12,72,166,Unknown,light,brown,clean_shaven,R,P,,1,RP,SP,,,,,50,,,,48,52,54,50,54,52,54,0,61,63,0,0,0,,,,,0,,,,49,56,46,54,58,51,59,0,66,60,0,0,0,False,,,0,,,,,,0,50,power_sp,
P1662,John,Doe,1990-10-12,78,185,Unknown,dark,brown,goatee,L,C,,0,,,52,53,49,49,51,51,48,50,50,49,,,,,,,,,,,,52,47,39,48,51,0,0,50,44,45,,,,,,,,,,,,False,,,0,,,,,,0,50,,average
P8839,John,Doe,1999-09-16,69,184,Unknown,dark,brown,clean_shaven,R,1B,,0,,,52,61,51,49,47,54,50,53,48,52,,,,,,,,,,,,63,76,66,55,47,0,0,53,59,62,,,,,,,,,,,,False,,,0,,,,,,0,50,,power
P6213,John,Doe,1998-05-12,78,164,Unknown,medium,black,mustache,R,2B,,0,,,53,49,48,52,49,48,58,52,51,50,,,,,,,,,,,,61,60,55,62,49,0,0,52,62,63,,,,,,,,,,,,False,,,0,,,,,,0,50,,average
P7270,John,Doe,2005-02-09,75,174,Unknown,light,black,goatee,L,3B,,0,,,51,50,51,51,51,51,52,50,50,48,,,,,,,,,,,,66,79,69,69,51,0,0,50,80,71,,,,,,,,,,,,False,,,0,,,,,,0,50,,balanced
P3659,John,Doe,1999-01-20,68,201,Unknown,medium,blonde,clean_shaven,R,SS,,0,,,50,51,54,49,49,51,56,53,52,48,,,,,,,,,,,,57,59,66,58,49,0,0,53,60,63,,,,,,,,,,,,False,,,0,,,,,,0,50,,balanced
P4392,John,Doe,1987-04-29,70,197,Unknown,dark,brown,goatee,R,LF,RF,0,,,54,52,48,50,49,48,56,51,48,50,,,,,,,,,,,,46,52,43,47,49,0,0,51,46,45,,,,,,,,,,,,False,,,0,,,,,,0,50,,average
P2567,John,Doe,1995-08-06,75,218,Unknown,medium,blonde,mustache,R,CF,,0,,,58,50,49,55,50,48,54,53,51,50,,,,,,,,,,,,61,51,51,59,50,0,0,53,55,46,,,,,,,,,,,,False,,,0,,,,,,0,50,,spray
P4714,John,Doe,2002-04-12,72,182,Unknown,dark,brown,mustache,R,RF,,0,,,52,57,51,51,48,50,55,48,50,52,,,,,,,,,,,,66,63,61,59,48,0,0,48,65,65,,,,,,,,,,,,False,,,0,,,,,,0,50,,gap
P3285,John,Doe,1990-04-02,74,240,Unknown,medium,black,mustache,S,CF,,0,,,48,56,49,51,49,51,53,48,50,50,,,,,,,,,,,,45,54,42,50,49,0,0,48,42,44,,,,,,,,,,,,False,,,0,,,,,,0,50,,power
P6153,John,Doe,1995-04-14,73,209,Unknown,medium,brown,clean_shaven,R,SS,,0,,,53,59,50,52,51,49,55,48,51,49,,,,,,,,,,,,48,62,46,48,51,0,0,48,46,49,,,,,,,,,,,,False,,,0,,,,,,0,50,,power
P4383,John,Doe,1990-10-18,70,222,Unknown,dark,black,mustache,S,SS,,0,,,50,49,85,51,51,47,55,48,47,50,,,,,,,,,,,,43,43,82,44,51,0,0,48,40,47,,,,,,,,,,,,False,,,0,,,,,,0,50,,speed
P5714,John,Doe,2001-08-15,76,229,Unknown,light,black,mustache,L,1B,,0,,,48,52,50,51,49,52,44,49,48,48,,,,,,,,,,,,60,58,64,61,49,0,0,49,61,63,,,,,,,,,,,,False,,,0,,,,,,0,50,,average
P5193,John,Doe,1991-05-21,77,215,Unknown,light,brown,clean_shaven,R,C,,0,,,52,54,50,51,52,52,55,49,53,52,,,,,,,,,,,,51,45,40,43,52,0,0,49,53,49,,,,,,,,,,,,False,,,0,,,,,,0,50,,balanced
P8095,John,Doe,1999-10-28,75,224,Unknown,medium,brown,clean_shaven,R,3B,,0,,,52,52,49,51,48,49,56,50,49,50,,,,,,,,,,,,59,62,56,61,48,0,0,50,58,65,,,,,,,,,,,,False,,,0,,,,,,0,50,,average
P2270,John,Doe,1992-03-15,77,245,Unknown,medium,brown,mustache,L,P,,1,RP,CL,,,,,55,,,,52,51,50,50,53,53,51,0,58,65,0,0,0,,,,,0,,,,49,41,43,51,41,44,43,0,50,55,0,0,0,False,,,0,,,,,,0,50,closer,
P2297,John,Doe,1996-09-28,73,226,Unknown,dark,black,clean_shaven,R,P,,1,RP,SP,,,,,48,,,,52,51,51,53,52,48,53,62,59,0,0,54,0,,,,,0,,,,52,52,51,55,55,46,51,60,63,0,0,58,0,False,,,0,,,,,,0,50,finesse_sp,
P8786,John,Doe,2001-05-18,75,168,Unknown,light,brown,clean_shaven,L,P,,1,RP,RP,,,,,50,,,,50,51,49,51,53,52,53,0,63,0,0,0,0,,,,,0,,,,64,56,61,62,59,66,68,0,78,0,0,0,0,False,,,0,,,,,,0,50,power_rp,
P7121,John,Doe,1997-09-12,77,208,Unknown,medium,brown,beard,R,P,,1,RP,SP,,,,,52,,,,53,51,52,50,52,51,51,58,61,58,0,0,0,,,,,0,,,,56,49,48,52,50,52,49,58,59,58,0,0,0,False,,,0,,,,,,0,50,balanced_sp,
P5312,John,Doe,1997-08-20,70,222,Unknown,medium,black,clean_shaven,S,P,,1,RP,SP,,,,,50,,,,51,52,54,53,52,49,51,59,59,0,0,56,0,,,,,0,,,,48,51,50,47,51,53,48,63,56,0,0,61,0,False,,,0,,,,,,0,50,finesse_sp,
P2681,John,Doe,1997-04-11,77,211,Unknown,medium,black,beard,R,P,,1,RP,SP,,,,,48,,,,52,53,50,50,53,53,51,58,63,62,0,0,0,,,,,0,,,,47,56,51,50,54,53,51,56,61,64,0,0,0,False,,,0,,,,,,0,50,balanced_sp,
P4855,John,Doe,1992-01-20,78,250,Unknown,dark,brown,beard,R,P,,1,RP,SP,,,,,49,,,,51,53,50,52,52,49,53,60,62,60,0,55,0,,,,,0,,,,48,53,43,49,48,48,43,52,55,53,0,45,0,False,,,0,,,,,,0,50,balanced_sp,
P4653,John,Doe,1998-12-03,71,219,Unknown,light,blonde,mustache,R,C,,0,,,49,52,51,49,50,51,56,51,48,53,,,,,,,,,,,,64,57,65,58,50,0,0,51,55,68,,,,,,,,,,,,False,,,0,,,,,,0,50,,balanced
P3507,John,Doe,2001-08-26,72,243,Unknown,medium,blonde,clean_shaven,R,3B,,0,,,48,61,50,49,46,50,56,49,49,48,,,,,,,,,,,,56,69,65,57,46,0,0,49,57,62,,,,,,,,,,,,False,,,0,,,,,,0,50,,power
P3147,John,Doe,1995-11-02,76,216,Unknown,dark,brown,beard,S,CF,,0,,,48,54,51,50,51,51,49,48,51,48,,,,,,,,,,,,45,52,47,55,51,0,0,48,47,50,,,,,,,,,,,,False,,,0,,,,,,0,50,,balanced
P9824,John,Doe,1991-01-07,68,227,Unknown,light,brown,clean_shaven,R,C,,0,,,61,51,49,53,52,46,55,50,53,49,,,,,,,,,,,,60,41,44,47,52,0,0,50,47,43,,,,,,,,,,,,False,,,0,,,,,,0,50,,spray
P4357,John,Doe,1988-07-13,69,203,Unknown,medium,black,mustache,L,1B,,0,,,52,49,70,53,53,51,46,50,48,52,,,,,,,,,,,,42,48,68,45,53,0,0,50,43,48,,,,,,,,,,,,False,,,0,,,,,,0,50,,speed
P2292,John,Doe,1990-08-14,77,187,Unknown,dark,brown,clean_shaven,S,3B,,0,,,51,50,72,52,48,50,52,50,50,51,,,,,,,,,,,,43,41,68,52,48,0,0,50,44,44,,,,,,,,,,,,False,,,0,,,,,,0,50,,speed
P3247,John,Doe,2004-07-19,76,223,Unknown,dark,brown,clean_shaven,R,C,,0,,,63,62,51,51,52,52,55,49,51,52,,,,,,,,,,,,92,89,73,64,52,0,0,49,62,63,,,,,,,,,,,,False,,,0,,,,,,0,50,,gap
P6767,John,Doe,1994-08-07,76,161,Unknown,dark,black,mustache,L,CF,,0,,,56,50,54,53,52,49,42,48,51,52,,,,,,,,,,,,60,46,51,57,52,0,0,48,48,49,,,,,,,,,,,,False,,,0,,,,,,0,50,,spray
P9062,John,Doe,2004-07-16,76,222,Unknown,light,brown,clean_shaven,L,P,,1,RP,CL,,,,,55,,,,49,50,48,51,54,50,52,0,0,66,0,0,0,,,,,0,,,,66,60,69,75,62,68,64,0,0,89,0,0,0,False,,,0,,,,,,0,50,closer,
P5576,John,Doe,2007-06-12,78,226,Unknown,dark,black,mustache,L,P,,1,RP,SP,,,,,52,,,,50,49,51,51,53,49,50,58,61,60,62,0,0,,,,,0,,,,62,60,69,82,63,78,74,68,83,79,81,0,0,False,,,0,,,,,,0,50,groundball_sp,
P5890,John,Doe,2008-01-23,69,160,Unknown,light,black,clean_shaven,R,P,,1,RP,RP,,,,,51,,,,50,49,52,54,52,52,52,0,59,0,0,0,0,,,,,0,,,,78,60,80,63,77,69,77,0,80,0,0,0,0,False,,,0,,,,,,0,50,finesse_rp,
P4307,John,Doe,2006-08-27,76,190,Unknown,medium,black,clean_shaven,R,P,,1,RP,LR,,,,,51,,,,50,52,50,53,52,52,52,0,59,0,0,0,0,,,,,0,,,,77,68,72,81,78,78,68,0,79,0,0,0,0,False,,,0,,,,,,0,50,long_relief,
P2712,John,Doe,2006-04-09,70,217,Unknown,dark,black,clean_shaven,R,P,,1,RP,RP,,,,,54,,,,52,53,48,50,54,52,53,59,0,65,60,0,0,,,,,0,,,,68,72,66,74,60,77,83,88,0,81,86,0,0,False,,,0,,,,,,0,50,groundball_rp,
P4088,John,Doe,2006-12-13,68,196,Unknown,dark,black,clean_shaven,R,C,,0,,,50,52,49,49,52,49,59,52,53,49,,,,,,,,,,,,79,74,67,71,52,0,0,52,69,68,,,,,,,,,,,,False,,,0,,,,,,0,50,,average
P4233,John,Doe,2006-01-15,74,176,Unknown,medium,black,clean_shaven,R,1B,,0,,,53,50,51,49,51,48,57,48,52,49,,,,,,,,,,,,65,68,65,60,51,0,0,48,82,72,,,,,,,,,,,,False,,,0,,,,,,0,50,,average
P2149,John,Doe,2004-03-13,68,219,Unknown,light,brown,goatee,L,CF,,0,,,50,53,53,53,47,51,44,50,51,52,,,,,,,,,,,,71,72,63,77,47,0,0,50,75,69,,,,,,,,,,,,False,,,0,,,,,,0,50,,gap
P8059,John,Doe,2006-01-18,69,177,Unknown,light,black,clean_shaven,R,CF,,0,,,52,48,70,51,50,51,54,49,50,49,,,,,,,,,,,,64,71,90,65,50,0,0,49,65,61,,,,,,,,,,,,False,,,0,,,,,,0,50,,speed
P5043,John,Doe,2006-06-24,78,175,Unknown,light,black,clean_shaven,R,2B,,0,,,51,49,49,52,52,48,56,50,50,50,,,,,,,,,,,,81,59,63,77,52,0,0,50,78,66,,,,,,,,,,,,False,,,0,,,,,,0,50,,balanced
P9108,John,Doe,2002-04-11,71,185,Unknown,medium,brown,clean_shaven,R,P,,1,RP,CL,,,,,55,,,,52,52,48,50,52,51,54,0,62,67,0,0,0,,,,,0,,,,59,59,64,65,59,63,68,0,69,80,0,0,0,False,,,0,,,,,,0,50,closer,
P4697,John,Doe,1987-12-24,68,230,Unknown,light,blonde,clean_shaven,R,P,,1,RP,RP,,,,,56,,,,51,51,51,51,52,53,52,0,60,0,59,0,0,,,,,0,,,,41,44,48,49,47,45,48,0,55,0,51,0,0,False,,,0,,,,,,0,50,groundball_rp,
P3993,John,Doe,1992-08-24,74,206,Unknown,light,brown,mustache,S,P,,1,RP,SP,,,,,51,,,,49,52,54,51,52,50,51,62,63,58,0,0,0,,,,,0,,,,48,48,42,52,54,42,51,53,60,51,0,0,0,False,,,0,,,,,,0,50,balanced_sp,
P6003,John,Doe,1988-07-14,71,246,Unknown,medium,brown,mustache,L,P,,1,RP,RP,,,,,49,,,,48,49,51,51,52,50,49,0,59,0,0,0,0,,,,,0,,,,38,48,44,52,48,44,42,0,54,0,0,0,0,False,,,0,,,,,,0,50,finesse_rp,
P9132,John,Doe,1994-12-20,75,178,Unknown,medium,brown,clean_shaven,R,P,,1,RP,SP,,,,,50,,,,52,49,52,54,53,51,51,59,60,58,59,0,0,,,,,0,,,,54,46,51,54,53,52,53,61,58,60,58,0,0,False,,,0,,,,,,0,50,finesse_sp,
P6603,John,Doe,1993-08-25,71,170,Unknown,medium,black,clean_shaven,L,P,,1,RP,RP,,,,,50,,,,49,51,48,50,54,53,51,0,0,66,0,0,0,,,,,0,,,,41,47,48,49,47,44,49,0,0,63,0,0,0,False,,,0,,,,,,0,50,power_rp,
P5529,John,Doe,2004-10-21,69,192,Unknown,dark,brown,clean_shaven,L,P,,1,RP,SP,,,,,49,,,,50,52,51,52,53,51,53,58,61,0,0,0,0,,,,,0,,,,64,74,70,72,62,63,64,73,78,0,0,0,0,False,,,0,,,,,,0,50,balanced_sp,
P1433,John,Doe,2004-07-28,73,202,Unknown,dark,black,clean_shaven,R,P,,1,RP,SP,,,,,50,,,,51,54,50,52,52,52,53,0,62,59,0,0,0,,,,,0,,,,64,77,79,77,79,65,81,0,82,79,0,0,0,False,,,0,,,,,,0,50,power_sp,
P2936,John,Doe,1994-04-24,71,168,Unknown,light,black,clean_shaven,R,P,,1,RP,SP,,,,,52,,,,50,52,54,50,53,50,49,58,60,60,0,0,0,,,,,0,,,,46,57,50,49,49,46,48,58,58,55,0,0,0,False,,,0,,,,,,0,50,workhorse_sp,
P2924,John,Doe,1992-04-02,69,250,Unknown,medium,blonde,goatee,L,P,,1,RP,RP,,,,,50,,,,50,53,48,50,52,51,53,59,62,67,0,0,0,,,,,0,,,,49,50,40,45,45,49,43,49,53,65,0,0,0,False,,,0,,,,,,0,50,power_rp,
P2547,John,Doe,1990-12-14,72,192,Unknown,dark,brown,beard,L,P,,1,RP,SP,,,,,50,,,,50,49,49,50,52,52,52,62,62,59,0,0,0,,,,,0,,,,50,47,43,50,46,46,45,58,54,56,0,0,0,False,,,0,,,,,,0,50,balanced_sp,
P5841,John,Doe,1994-05-11,74,218,Unknown,medium,blonde,clean_shaven,R,C,,0,,,53,49,49,52,51,49,57,51,49,49,,,,,,,,,,,,58,50,47,53,51,0,0,51,52,52,,,,,,,,,,,,False,,,0,,,,,,0,50,,average
P1325,John,Doe,1988-08-19,73,233,Unknown,medium,red,clean_shaven,R,1B,,0,,,52,60,53,51,49,52,52,53,49,48,,,,,,,,,,,,45,60,46,44,49,0,0,53,42,44,,,,,,,,,,,,False,,,0,,,,,,0,50,,power
P3631,John,Doe,2000-04-23,70,186,Unknown,dark,red,clean_shaven,R,2B,,0,,,52,51,52,51,51,48,57,49,49,48,,,,,,,,,,,,67,62,58,60,51,0,0,49,54,58,,,,,,,,,,,,False,,,0,,,,,,0,50,,gap
P9373,John,Doe,1998-12-07,75,220,Unknown,medium,brown,beard,R,3B,,0,,,53,59,47,51,49,53,57,52,52,48,,,,,,,,,,,,68,68,54,65,49,0,0,52,65,53,,,,,,,,,,,,False,,,0,,,,,,0,50,,power
P6613,John,Doe,1996-06-02,68,165,Unknown,light,brown,goatee,R,SS,,0,,,53,52,51,52,50,50,62,48,51,48,,,,,,,,,,,,53,48,48,53,50,0,0,48,56,44,,,,,,,,,,,,False,,,0,,,,,,0,50,,gap
P3207,John,Doe,2000-10-28,69,247,Unknown,dark,brown,clean_shaven,L,LF,,0,,,51,61,49,52,50,50,47,51,52,51,,,,,,,,,,,,56,74,60,63,50,0,0,51,60,60,,,,,,,,,,,,False,,,0,,,,,,0,50,,power
P8735,John,Doe,1989-12-30,72,197,Unknown,light,brown,mustache,R,CF,,0,,,51,63,48,49,48,54,51,53,48,52,,,,,,,,,,,,46,60,40,44,48,0,0,53,44,45,,,,,,,,,,,,False,,,0,,,,,,0,50,,power
P9135,John,Doe,1997-04-08,77,170,Unknown,dark,brown,clean_shaven,S,RF,,0,,,52,58,50,50,50,52,52,51,49,49,,,,,,,,,,,,53,60,45,48,50,0,0,51,49,51,,,,,,,,,,,,False,,,0,,,,,,0,50,,balanced
P9885,John,Doe,1998-01-12,69,217,Unknown,dark,blonde,beard,R,RF,,0,,,52,59,48,49,50,49,58,53,52,49,,,,,,,,,,,,52,57,45,47,50,0,0,53,51,44,,,,,,,,,,,,False,,,0,,,,,,0,50,,power
P5642,John,Doe,1991-03-15,78,199,Unknown,medium,black,clean_shaven,R,LF,,0,,,51,60,49,50,48,52,58,51,52,50,,,,,,,,,,,,44,58,47,42,48,0,0,51,51,46,,,,,,,,,,,,False,,,0,,,,,,0,50,,power
P1064,John,Doe,2002-10-30,71,243,Unknown,light,brown,clean_shaven,L,C,,0,,,60,50,50,51,52,48,49,51,50,52,,,,,,,,,,,,75,60,55,65,52,0,0,51,56,61,,,,,,,,,,,,False,,,0,,,,,,0,50,,spray
P6690,John,Doe,1992-12-29,70,213,Unknown,light,brown,clean_shaven,L,LF,,0,,,50,60,46,52,48,51,47,50,50,49,,,,,,,,,,,,47,59,40,43,48,0,0,50,45,40,,,,,,,,,,,,False,,,0,,,,,,0,50,,power
P2264,John,Doe,2000-03-09,72,196,Unknown,light,black,beard,R,CF,,0,,,52,52,51,53,52,53,52,51,48,53,,,,,,,,,,,,59,64,66,68,52,0,0,51,53,60,,,,,,,,,,,,False,,,0,,,,,,0,50,,balanced
P8077,John,Doe,2000-11-21,69,215,Unknown,light,black,clean_shaven,L,1B,,0,,,51,55,53,49,51,52,49,50,50,51,,,,,,,,,,,,64,70,58,58,51,0,0,50,59,65,,,,,,,,,,,,False,,,0,,,,,,0,50,,average
P9330,John,Doe,1990-08-25,68,221,Unknown,dark,black,clean_shaven,L,P,,1,RP,CL,,,,,55,,,,51,51,47,50,52,52,53,60,58,66,0,0,0,,,,,0,,,,41,43,40,46,42,46,47,52,58,56,0,0,0,False,,,0,,,,,,0,50,closer,
P9449,John,Doe,2000-01-22,73,200,Unknown,dark,blonde,mustache,R,P,,1,RP,SP,,,,,52,,,,52,51,51,52,52,52,50,0,0,61,60,0,0,,,,,0,,,,57,60,61,66,56,61,57,0,0,75,72,0,0,False,,,0,,,,,,0,50,groundball_sp,
P3044,John,Doe,1993-04-23,75,168,Unknown,medium,black,clean_shaven,R,P,,1,RP,SP,,,,,51,,,,49,50,53,50,52,51,53,59,59,61,56,0,0,,,,,0,,,,45,43,47,46,53,50,49,54,49,61,55,0,0,False,,,0,,,,,,0,50,workhorse_sp,
P3964,John,Doe,2000-04-30,68,163,Unknown,dark,brown,mustache,L,P,,1,RP,RP,,,,,50,,,,53,50,48,50,54,52,53,58,61,0,62,0,0,,,,,0,,,,64,64,65,66,62,64,60,71,69,0,72,0,0,False,,,0,,,,,,0,50,finesse_rp,
P9729,John,Doe,2000-11-10,70,227,Unknown,medium,brown,clean_shaven,R,P,,1,RP,SP,,,,,50,,,,50,51,53,50,52,51,55,62,59,60,0,55,0,,,,,0,,,,61,66,65,57,66,62,69,70,73,70,0,70,0,False,,,0,,,,,,0,50,power_sp,
P5118,John,Doe,1993-04-09,72,214,Unknown,dark,brown,beard,R,P,LF,1,RP,RP,,,,,49,,,,48,53,50,50,52,49,55,0,60,65,59,0,0,,,,,0,,,,45,44,45,42,48,42,52,0,58,65,51,0,0,False,,,0,,,,,,0,50,power_rp,
P9743,John,Doe,1987-11-16,77,247,Unknown,medium,blonde,mustache,R,P,,1,RP,SP,,,,,49,,,,51,52,53,52,54,52,53,59,0,0,60,0,0,,,,,0,,,,41,46,47,44,52,44,48,55,0,0,51,0,0,False,,,0,,,,,,0,50,groundball_sp,
P3650,John,Doe,2003-06-23,71,187,Unknown,light,blonde,beard,R,SS,,0,,,49,52,52,50,51,49,57,50,50,48,,,,,,,,,,,,60,58,64,57,51,0,0,50,59,54,,,,,,,,,,,,False,,,0,,,,,,0,50,,balanced
P1401,John,Doe,1988-07-25,72,245,Unknown,medium,brown,clean_shaven,R,C,,0,,,50,51,51,49,52,49,59,49,53,50,,,,,,,,,,,,45,50,43,48,52,0,0,49,47,47,,,,,,,,,,,,False,,,0,,,,,,0,50,,balanced
P7622,John,Doe,1998-06-27,72,183,Unknown,dark,black,clean_shaven,R,C,,0,,,51,59,49,52,50,49,59,51,50,49,,,,,,,,,,,,63,72,62,66,50,0,0,51,58,55,,,,,,,,,,,,False,,,0,,,,,,0,50,,power
P6374,John,Doe,2004-08-14,78,230,Unknown,medium,black,clean_shaven,S,SS,,0,,,49,52,75,51,52,49,57,51,51,51,,,,,,,,,,,,59,72,97,72,52,0,0,51,69,76,,,,,,,,,,,,False,,,0,,,,,,0,50,,speed
P1993,John,Doe,1994-01-21,72,186,Unknown,dark,black,beard,S,LF,,0,,,52,54,48,52,49,49,54,49,51,50,,,,,,,,,,,,50,52,39,42,49,0,0,49,46,48,,,,,,,,,,,,False,,,0,,,,,,0,50,,gap
P2545,John,Doe,2000-04-22,75,239,Unknown,light,brown,clean_shaven,S,SS,,0,,,53,49,49,50,50,49,54,50,49,49,,,,,,,,,,,,60,64,55,65,50,0,0,50,62,64,,,,,,,,,,,,False,,,0,,,,,,0,50,,balanced
P2156,John,Doe,1995-10-12,76,223,Unknown,dark,blonde,mustache,R,3B,,0,,,49,49,52,51,51,47,59,49,50,53,,,,,,,,,,,,47,53,48,49,51,0,0,49,45,55,,,,,,,,,,,,False,,,0,,,,,,0,50,,balanced
P5570,John,Doe,1992-01-12,73,172,Unknown,light,blonde,goatee,R,2B,,0,,,53,49,50,53,48,53,55,48,50,50,,,,,,,,,,,,49,40,40,49,48,0,0,48,46,50,,,,,,,,,,,,False,,,0,,,,,,0,50,,balanced
P2218,John,Doe,2004-07-24,78,216,Unknown,dark,black,clean_shaven,R,P,,1,RP,CL,,,,,55,,,,52,50,50,50,52,52,54,0,0,66,0,0,0,,,,,0,,,,74,72,62,67,74,69,72,0,0,79,0,0,0,False,,,0,,,,,,0,50,closer,
P3896,John,Doe,2005-03-21,68,245,Unknown,medium,black,clean_shaven,L,P,,1,RP,SP,,,,,53,,,,50,49,53,50,53,48,49,58,0,0,60,0,0,,,,,0,,,,68,66,73,70,78,58,68,80,0,0,77,0,0,False,,,0,,,,,,0,50,groundball_sp,
P7130,John,Doe,2007-12-28,71,231,Unknown,medium,black,clean_shaven,R,P,,1,RP,SP,,,,,50,,,,48,54,51,50,52,49,55,0,64,63,0,0,0,,,,,0,,,,70,69,80,72,72,62,78,0,74,85,0,0,0,False,,,0,,,,,,0,50,power_sp,
P5771,John,Doe,2005-01-02,70,205,Unknown,light,black,clean_shaven,R,P,,1,RP,RP,,,,,55,,,,50,53,50,51,52,53,53,56,62,0,64,0,0,,,,,0,,,,76,68,63,73,73,81,77,74,87,0,76,0,0,False,,,0,,,,,,0,50,groundball_rp,
P2515,John,Doe,2005-04-05,72,240,Unknown,light,brown,clean_shaven,L,P,,1,RP,SP,,,,,49,,,,48,49,50,50,52,48,53,61,63,59,0,0,0,,,,,0,,,,71,68,65,71,66,74,66,82,78,79,0,0,0,False,,,0,,,,,,0,50,workhorse_sp,
P4017,John,Doe,2004-05-14,75,241,Unknown,light,brown,mustache,R,LF,,0,,,53,61,48,52,49,51,59,51,50,51,,,,,,,,,,,,66,77,75,77,49,0,0,51,78,79,,,,,,,,,,,,False,,,0,,,,,,0,50,,power
P2684,John,Doe,2005-10-19,76,240,Unknown,medium,brown,clean_shaven,R,LF,,0,,,51,49,70,51,51,50,56,50,52,50,,,,,,,,,,,,63,78,83,73,51,0,0,50,67,63,,,,,,,,,,,,False,,,0,,,,,,0,50,,speed
P2208,John,Doe,2007-07-09,73,183,Unknown,dark,blonde,clean_shaven,R,RF,,0,,,50,51,70,49,52,50,58,52,48,50,,,,,,,,,,,,77,63,87,67,52,0,0,52,72,77,,,,,,,,,,,,False,,,0,,,,,,0,50,,speed
P9274,John,Doe,2005-10-13,78,175,Unknown,dark,black,clean_shaven,L,CF,,0,,,51,53,51,52,51,52,46,52,48,52,,,,,,,,,,,,70,74,63,79,51,0,0,52,77,74,,,,,,,,,,,,False,,,0,,,,,,0,50,,balanced
P5980,John,Doe,2006-10-15,78,202,Unknown,light,black,mustache,S,3B,,0,,,51,49,71,51,52,50,56,51,52,51,,,,,,,,,,,,79,66,99,61,52,0,0,51,62,70,,,,,,,,,,,,False,,,0,,,,,,0,50,,speed
