player_id,first_name,last_name,birthdate,height,weight,ethnicity,skin_tone,hair_color,facial_hair,bats,primary_position,other_positions,is_pitcher,role,preferred_pitching_role,ch,ph,sp,eye,gf,pl,vl,sc,fa,arm,endurance,control,movement,hold_runner,fb,cu,cb,sl,si,scb,kn,pot_ch,pot_ph,pot_sp,pot_eye,pot_gf,pot_pl,pot_vl,pot_sc,pot_fa,pot_arm,pot_control,pot_movement,pot_endurance,pot_hold_runner,pot_fb,pot_cu,pot_cb,pot_sl,pot_si,pot_scb,pot_kn,injured,injury_description,return_date,ready,injury_list,injury_start_date,injury_minimum_days,injury_eligible_date,injury_rehab_assignment,injury_rehab_days,durability,pitcher_archetype,hitter_archetype
P8499,Jermaine,Green,1996-05-02,73,250,African,dark,black,mustache,L,P,1B,1,RP,CL,,,,,55,,,,48,54,50,52,53,53,53,59,0,65,0,0,0,,,,,0,,,,43,52,53,53,51,55,54,58,0,60,0,0,0,False,,,0,,,,,,0,50,closer,
P4116,Sung,Pham,1987-09-07,68,184,Asian,light,black,clean_shaven,R,P,,1,RP,SP,,,,,49,,,,52,51,53,50,53,52,49,0,59,60,0,0,0,,,,,0,,,,50,46,42,46,50,52,40,0,54,51,0,0,0,False,,,0,,,,,,0,50,workhorse_sp,
P6854,Cedric,Harris,1995-02-24,74,189,African,dark,black,beard,S,P,,1,RP,SP,,,,,54,,,,49,52,53,51,52,52,53,60,58,56,59,0,0,,,,,0,,,,53,54,46,50,51,47,57,56,53,61,57,0,0,False,,,0,,,,,,0,50,groundball_sp,
P7893,Alejandro,Hernandez,1991-10-31,73,223,Hispanic,dark,black,mustache,L,P,,1,RP,SP,,,,,54,,,,48,51,51,50,53,49,51,62,59,61,61,0,0,,,,,0,,,,47,51,41,45,44,44,51,60,51,59,58,0,0,False,,,0,,,,,,0,50,groundball_sp,
P3788,Francesco,Camferdam,1989-12-24,75,239,Anglo,light,brown,mustache,L,P,,1,RP,RP,,,,,56,,,,52,51,50,50,54,51,52,0,0,0,62,0,0,,,,,0,,,,43,49,40,49,42,44,43,0,0,0,57,0,0,False,,,0,,,,,,0,50,groundball_rp,
P6796,Isaias,Seise,1989-05-20,75,247,Anglo,medium,red,goatee,S,P,,1,RP,SP,,,,,53,,,,50,49,50,50,52,49,53,61,59,57,60,0,0,,,,,0,,,,45,43,44,49,50,42,52,58,57,52,55,0,0,False,,,0,,,,,,0,50,groundball_sp,
P9359,Florencio,Gizinski,2002-06-02,78,224,Anglo,light,brown,mustache,R,P,,1,RP,CL,,,,,50,,,,48,54,49,50,53,52,54,60,60,65,0,0,0,,,,,0,,,,58,59,55,62,63,66,65,68,68,75,0,0,0,False,,,0,,,,,,0,50,closer,
P6921,Pedro,Flores,1988-10-11,73,192,Hispanic,medium,black,beard,R,P,,1,RP,SP,,,,,49,,,,49,48,50,53,53,51,51,63,62,0,57,0,0,,,,,0,,,,41,48,49,48,41,51,50,60,55,0,52,0,0,False,,,0,,,,,,0,50,finesse_sp,
P7735,Rufus,King,1998-04-28,76,171,African,medium,brown,beard,L,P,,1,RP,SP,,,,,51,,,,52,49,52,52,52,49,51,0,0,57,61,0,0,,,,,0,,,,58,57,57,65,63,57,62,0,0,72,70,0,0,False,,,0,,,,,,0,50,groundball_sp,
P1567,Daron,Harmison,1992-12-28,72,218,Anglo,medium,brown,beard,R,P,,1,RP,SP,,,,,52,,,,51,50,50,53,53,48,53,61,63,58,0,0,0,,,,,0,,,,45,50,52,52,40,47,50,54,55,52,0,0,0,False,,,0,,,,,,0,50,balanced_sp,
P4454,Darnell,Wright,1999-02-04,78,235,African,dark,black,mustache,R,P,,1,RP,SP,,,,,51,,,,51,52,53,51,52,52,54,0,64,61,0,0,0,,,,,0,,,,60,65,62,65,59,57,59,0,77,75,0,0,0,False,,,0,,,,,,0,50,power_sp,
P4443,Yong,Tanaka,1988-02-22,76,211,Asian,medium,black,beard,R,C,,0,,,50,51,51,51,52,50,56,50,51,53,,,,,,,,,,,,42,51,43,47,52,0,0,50,45,47,,,,,,,,,,,,False,,,0,,,,,,0,50,,average
P4795,Antonio,Mendoza,1995-08-26,74,208,Hispanic,medium,black,clean_shaven,R,1B,,0,,,52,57,51,50,48,50,57,50,49,51,,,,,,,,,,,,51,60,56,53,48,0,0,50,54,47,,,,,,,,,,,,False,,,0,,,,,,0,50,,balanced
P7393,Jose,Gonzalez,1996-03-18,76,186,Hispanic,light,black,mustache,R,2B,,0,,,52,60,47,51,50,51,54,52,52,52,,,,,,,,,,,,48,62,49,56,50,0,0,52,53,48,,,,,,,,,,,,False,,,0,,,,,,0,50,,power
P3395,Aldo,Beliard,1989-12-16,71,226,Anglo,medium,brown,beard,R,3B,,0,,,50,52,53,50,47,50,60,52,48,49,,,,,,,,,,,,50,48,52,43,47,0,0,52,46,45,,,,,,,,,,,,False,,,0,,,,,,0,50,,gap
P4327,Yong,Li,2002-09-02,76,223,Asian,light,black,clean_shaven,L,SS,,0,,,58,51,69,54,52,49,52,52,51,49,,,,,,,,,,,,69,57,79,63,52,0,0,52,60,57,,,,,,,,,,,,False,,,0,,,,,,0,50,,spray
P6360,Yong,Choi,1988-04-30,71,180,Asian,medium,black,clean_shaven,L,LF,,0,,,50,57,52,49,48,50,47,52,49,53,,,,,,,,,,,,46,48,50,46,48,0,0,52,46,43,,,,,,,,,,,,False,,,0,,,,,,0,50,,balanced
P3640,Yong,Wang,1991-11-15,74,231,Asian,light,black,clean_shaven,R,CF,,0,,,50,49,70,50,51,50,58,51,52,51,,,,,,,,,,,,50,44,61,43,51,0,0,51,42,41,,,,,,,,,,,,False,,,0,,,,,,0,50,,speed
P5259,Sung,Tanaka,2004-07-08,72,176,Asian,medium,black,clean_shaven,L,RF,,0,,,49,58,51,51,49,50,48,50,50,53,,,,,,,,,,,,60,83,81,74,49,0,0,50,65,76,,,,,,,,,,,,False,,,0,,,,,,0,50,,power
P6178,Jorge,Delgado,1987-11-20,75,221,Hispanic,medium,black,goatee,R,C,,0,,,66,53,50,50,52,51,56,49,49,48,,,,,,,,,,,,58,53,46,42,52,0,0,49,45,40,,,,,,,,,,,,False,,,0,,,,,,0,50,,spray
P6625,Percy,Taylor,1987-12-14,72,181,African,dark,black,beard,R,C,,0,,,57,51,51,53,49,49,58,52,52,52,,,,,,,,,,,,55,47,50,48,49,0,0,52,45,48,,,,,,,,,,,,False,,,0,,,,,,0,50,,spray
P1964,Yong,Huang,1991-06-26,69,232,Asian,light,black,clean_shaven,S,1B,,0,,,51,58,52,50,52,53,52,48,51,50,,,,,,,,,,,,50,56,42,43,52,0,0,48,46,46,,,,,,,,,,,,False,,,0,,,,,,0,50,,gap
P5359,Sung,Huang,1995-05-15,71,214,Asian,medium,black,clean_shaven,L,CF,,0,,,51,52,50,52,50,51,45,48,51,50,,,,,,,,,,,,56,53,52,50,50,0,0,48,49,50,,,,,,,,,,,,False,,,0,,,,,,0,50,,average
P6720,Jamal,Green,1990-06-03,69,228,African,dark,brown,clean_shaven,R,CF,,0,,,51,51,70,52,51,49,51,49,49,49,,,,,,,,,,,,44,43,60,52,51,0,0,49,47,39,,,,,,,,,,,,False,,,0,,,,,,0,50,,speed
P9324,Yong,Nguyen,1998-08-05,74,163,Asian,medium,black,clean_shaven,L,LF,,0,,,52,61,52,52,50,49,50,49,52,52,,,,,,,,,,,,64,72,61,65,50,0,0,49,66,63,,,,,,,,,,,,False,,,0,,,,,,0,50,,power
P7043,Manuel,Castillo,2001-02-23,76,245,Hispanic,dark,brown,clean_shaven,R,P,,1,RP,CL,,,,,55,,,,50,52,50,50,53,49,55,60,57,65,0,0,0,,,,,0,,,,60,63,59,63,59,58,68,71,70,79,0,0,0,False,,,0,,,,,,0,50,closer,
P8326,Werner,Canzoneri,1992-02-20,69,175,Anglo,light,blonde,clean_shaven,R,P,,1,RP,RP,,,,,50,,,,53,49,50,50,54,49,51,58,60,0,0,0,0,,,,,0,,,,50,42,40,48,48,45,42,48,52,0,0,0,0,False,,,0,,,,,,0,50,finesse_rp,
P7002,Leroy,White,2002-03-15,69,209,African,dark,black,clean_shaven,R,P,,1,RP,SP,,,,,52,,,,48,52,52,50,54,51,49,59,63,59,0,0,0,,,,,0,,,,62,60,65,69,60,60,60,69,78,74,0,0,0,False,,,0,,,,,,0,50,balanced_sp,
P8786,Darnell,Jackson,2001-03-27,78,161,African,dark,black,mustache,L,P,,1,RP,RP,,,,,50,,,,50,53,48,50,53,51,50,58,0,0,0,0,0,,,,,0,,,,56,58,60,64,60,64,56,73,0,0,0,0,0,False,,,0,,,,,,0,50,finesse_rp,
P8072,Dewayne,Kuhr,1995-03-15,68,212,Anglo,medium,blonde,clean_shaven,R,P,,1,RP,LR,,,,,51,,,,51,50,49,50,52,52,50,60,61,63,0,0,0,,,,,0,,,,54,45,52,56,47,53,45,65,57,63,0,0,0,False,,,0,,,,,,0,50,long_relief,
P2443,Yong,Yamamoto,1997-01-11,74,195,Asian,medium,black,mustache,L,P,,1,RP,SP,,,,,53,,,,52,49,50,50,52,48,49,0,60,0,57,0,0,,,,,0,,,,48,51,47,47,52,52,52,0,56,0,52,0,0,False,,,0,,,,,,0,50,groundball_sp,
P7699,Yong,Tran,2004-03-22,78,167,Asian,medium,black,clean_shaven,S,P,,1,RP,RP,,,,,51,,,,51,49,49,50,54,53,51,0,64,65,0,0,0,,,,,0,,,,78,63,71,81,60,66,78,0,78,79,0,0,0,False,,,0,,,,,,0,50,power_rp,
P5454,Glenn,Klaja,1990-02-14,69,207,Anglo,dark,blonde,goatee,S,1B,,0,,,51,62,50,49,50,50,49,51,51,51,,,,,,,,,,,,44,61,44,43,50,0,0,51,50,44,,,,,,,,,,,,False,,,0,,,,,,0,50,,power
P6413,Leroy,Wright,2002-12-30,71,250,African,dark,black,beard,R,C,,0,,,53,60,51,52,51,52,60,50,50,52,,,,,,,,,,,,67,71,58,59,51,0,0,50,55,62,,,,,,,,,,,,False,,,0,,,,,,0,50,,power
P3126,Raul,Diaz,1989-04-24,68,215,Hispanic,medium,black,goatee,R,2B,,0,,,51,52,51,50,52,49,57,52,50,48,,,,,,,,,,,,44,50,41,42,52,0,0,52,43,48,,,,,,,,,,,,False,,,0,,,,,,0,50,,balanced
P6650,Jamal,Washington,1988-11-23,76,208,African,dark,brown,beard,R,C,,0,,,50,49,52,50,52,51,57,49,50,48,,,,,,,,,,,,42,47,51,46,52,0,0,49,47,41,,,,,,,,,,,,False,,,0,,,,,,0,50,,average
P5365,Cedric,Walker,1992-07-14,77,199,African,dark,black,mustache,R,3B,SS,0,,,50,58,53,49,49,51,59,48,51,52,,,,,,,,,,,,49,58,45,40,49,0,0,48,44,46,,,,,,,,,,,,False,,,0,,,,,,0,50,,power
P8595,Rafael,Rodriguez,1994-06-11,73,212,Hispanic,medium,blonde,mustache,R,LF,,0,,,49,52,50,51,49,50,58,52,49,50,,,,,,,,,,,,52,53,51,47,49,0,0,52,50,46,,,,,,,,,,,,False,,,0,,,,,,0,50,,average
P8445,Hector,Rivera,2000-12-29,68,234,Hispanic,dark,black,goatee,R,2B,,0,,,68,51,51,53,54,51,56,49,52,48,,,,,,,,,,,,73,56,60,67,54,0,0,49,60,63,,,,,,,,,,,,False,,,0,,,,,,0,50,,spray
P4915,Sung,Singh,1987-12-29,78,192,Asian,medium,black,goatee,R,2B,,0,,,52,48,51,51,50,52,54,51,48,52,,,,,,,,,,,,49,43,51,45,50,0,0,51,44,45,,,,,,,,,,,,False,,,0,,,,,,0,50,,average
P8305,Pedro,Morales,2004-08-15,75,184,Hispanic,light,red,clean_shaven,S,P,,1,RP,CL,,,,,55,,,,50,54,49,50,52,51,54,60,0,67,0,0,0,,,,,0,,,,75,82,77,78,61,62,67,71,0,79,0,0,0,False,,,0,,,,,,0,50,closer,
P7653,Hector,Sanchez,2008-01-23,69,224,Hispanic,dark,black,clean_shaven,L,P,,1,RP,SP,,,,,49,,,,52,52,51,51,52,49,50,60,63,0,0,0,0,,,,,0,,,,79,62,67,63,70,66,65,86,82,0,0,0,0,False,,,0,,,,,,0,50,finesse_sp,
P4082,Sung,Wang,2005-09-08,72,183,Asian,light,black,clean_shaven,R,P,,1,RP,SP,,,,,49,,,,49,50,50,51,53,48,51,0,61,61,0,0,0,,,,,0,,,,59,61,80,74,66,64,68,0,77,87,0,0,0,False,,,0,,,,,,0,50,power_sp,
P5485,Sung,Hassan,2004-05-22,74,162,Asian,medium,black,clean_shaven,L,P,,1,RP,SP,,,,,49,,,,49,52,53,51,52,53,49,60,59,60,0,57,0,,,,,0,,,,60,62,70,72,76,76,77,87,89,85,0,70,0,False,,,0,,,,,,0,50,finesse_sp,
P3893,Rigoberto,Minert,2007-09-19,68,192,Anglo,medium,brown,clean_shaven,L,P,,1,RP,RP,,,,,48,,,,53,51,52,51,52,49,54,0,59,67,0,0,0,,,,,0,,,,70,73,76,62,80,76,75,0,73,95,0,0,0,False,,,0,,,,,,0,50,power_rp,
P2662,Antonio,Rivera,2006-04-30,69,191,Hispanic,medium,black,clean_shaven,R,2B,,0,,,63,47,51,56,49,50,57,48,48,52,,,,,,,,,,,,91,66,72,70,49,0,0,48,76,77,,,,,,,,,,,,False,,,0,,,,,,0,50,,spray
P3255,Yong,Zhang,2006-10-27,71,187,Asian,light,black,clean_shaven,R,RF,,0,,,52,55,51,52,51,50,56,49,49,50,,,,,,,,,,,,78,84,70,68,51,0,0,49,70,80,,,,,,,,,,,,False,,,0,,,,,,0,50,,balanced
P7326,Salvatore,Jaeschke,2005-03-19,74,185,Anglo,light,red,clean_shaven,R,2B,,0,,,58,50,50,54,52,51,59,51,50,52,,,,,,,,,,,,78,65,78,77,52,0,0,51,72,80,,,,,,,,,,,,False,,,0,,,,,,0,50,,balanced
P9812,Xavier,Young,2007-04-12,68,222,African,dark,black,clean_shaven,L,LF,,0,,,49,63,48,50,50,52,47,50,50,50,,,,,,,,,,,,79,87,68,63,50,0,0,50,68,67,,,,,,,,,,,,False,,,0,,,,,,0,50,,power
P4861,Fernando,Garcia,2006-01-08,77,203,Hispanic,dark,brown,mustache,R,2B,,0,,,54,50,52,53,52,50,58,48,52,49,,,,,,,,,,,,78,70,80,75,52,0,0,48,69,66,,,,,,,,,,,,False,,,0,,,,,,0,50,,balanced
P1468,Yong,Patel,1997-06-13,68,186,Asian,light,black,clean_shaven,R,P,,1,RP,CL,,,,,55,,,,52,50,49,50,52,49,56,0,0,66,0,0,0,,,,,0,,,,49,52,53,56,45,48,51,0,0,61,0,0,0,False,,,0,,,,,,0,50,closer,
P7416,Angel,Hollenbaugh,1993-07-22,76,226,Anglo,medium,brown,clean_shaven,L,P,,1,RP,RP,,,,,52,,,,47,51,49,50,53,52,49,0,60,0,0,0,0,,,,,0,,,,39,50,41,43,44,42,41,0,59,0,0,0,0,False,,,0,,,,,,0,50,finesse_rp,
P2162,Darnell,Taylor,1987-08-18,75,249,African,medium,brown,beard,L,P,,1,RP,SP,,,,,49,,,,49,49,51,50,52,52,51,59,63,0,0,0,0,,,,,0,,,,45,43,49,45,45,45,43,54,62,0,0,0,0,False,,,0,,,,,,0,50,finesse_sp,
P6380,Russell,Read,1991-07-21,71,180,Anglo,dark,brown,beard,R,P,,1,RP,SP,,,,,52,,,,48,48,53,51,52,48,53,60,62,60,0,55,0,,,,,0,,,,39,46,49,46,45,39,44,55,54,53,0,50,0,False,,,0,,,,,,0,50,workhorse_sp,
P6992,Numbers,Charest,1993-07-18,74,186,Anglo,medium,blonde,clean_shaven,R,P,,1,RP,SP,,,,,49,,,,51,50,53,53,52,53,52,62,59,0,0,0,0,,,,,0,,,,43,50,49,48,53,50,51,56,56,0,0,0,0,False,,,0,,,,,,0,50,finesse_sp,
P4248,Malik,Baker,2002-12-18,75,214,African,dark,black,mustache,L,P,,1,RP,SP,,,,,52,,,,48,51,53,52,53,49,52,60,61,61,57,0,0,,,,,0,,,,63,56,60,68,63,60,66,72,71,74,69,0,0,False,,,0,,,,,,0,50,finesse_sp,
P5945,Juan,Torres,1994-07-23,68,191,Hispanic,light,brown,beard,R,P,,1,RP,SP,,,,,49,,,,48,50,53,53,53,52,52,63,59,61,0,0,0,,,,,0,,,,43,51,55,58,51,53,50,66,61,58,0,0,0,False,,,0,,,,,,0,50,workhorse_sp,
P8541,Roberto,Rivera,1994-03-08,71,197,Hispanic,medium,black,beard,R,P,,1,RP,SP,,,,,49,,,,48,50,50,53,52,53,53,59,63,0,0,54,0,,,,,0,,,,47,53,50,54,45,49,55,63,63,0,0,56,0,False,,,0,,,,,,0,50,finesse_sp,
P9497,Margarito,Gouras,1988-04-06,72,207,Anglo,light,black,clean_shaven,L,P,,1,RP,CL,,,,,51,,,,48,53,49,50,54,50,53,56,59,65,0,0,0,,,,,0,,,,48,53,43,45,40,50,46,52,53,65,0,0,0,False,,,0,,,,,,0,50,closer,
P6469,Juan,Cruz,2000-07-08,76,217,Hispanic,dark,brown,clean_shaven,R,P,,1,RP,RP,,,,,51,,,,52,51,53,53,53,50,51,60,0,0,0,0,0,,,,,0,,,,58,60,58,66,61,62,60,73,0,0,0,0,0,False,,,0,,,,,,0,50,finesse_rp,
P4318,Leroy,King,1997-10-20,73,165,African,dark,black,clean_shaven,R,P,,1,RP,SP,,,,,51,,,,50,52,51,51,52,52,52,59,61,0,0,0,0,,,,,0,,,,50,47,54,56,47,47,56,64,58,0,0,0,0,False,,,0,,,,,,0,50,finesse_sp,
P6607,Merrill,Lowy,2003-06-15,69,204,Anglo,medium,brown,goatee,R,C,,0,,,53,53,50,52,53,50,56,51,51,51,,,,,,,,,,,,61,61,62,62,53,0,0,51,61,62,,,,,,,,,,,,False,,,0,,,,,,0,50,,balanced
P3273,Jarod,Wedner,1996-01-02,70,175,Anglo,light,black,clean_shaven,L,1B,,0,,,61,65,50,52,49,52,44,48,48,49,,,,,,,,,,,,58,61,51,52,49,0,0,48,53,51,,,,,,,,,,,,False,,,0,,,,,,0,50,,gap
P4531,Yong,Park,2003-12-26,78,181,Asian,medium,black,mustache,R,2B,,0,,,53,50,49,52,51,53,56,48,48,49,,,,,,,,,,,,63,65,59,57,51,0,0,48,53,58,,,,,,,,,,,,False,,,0,,,,,,0,50,,balanced
P4149,Jose,Rodriguez,1997-03-21,74,244,Hispanic,medium,brown,clean_shaven,R,3B,,0,,,55,50,93,51,52,48,58,49,52,50,,,,,,,,,,,,51,53,90,50,52,0,0,49,50,45,,,,,,,,,,,,False,,,0,,,,,,0,50,,elite_speed
P5139,Yong,Liu,1989-07-23,76,245,Asian,medium,black,clean_shaven,R,SS,,0,,,61,49,52,55,51,48,60,49,47,49,,,,,,,,,,,,57,39,49,52,51,0,0,49,39,42,,,,,,,,,,,,False,,,0,,,,,,0,50,,spray
P7188,Hector,Gomez,1997-09-27,69,232,Hispanic,medium,black,clean_shaven,R,LF,,0,,,56,48,91,52,50,52,55,48,49,51,,,,,,,,,,,,57,47,86,56,50,0,0,48,51,50,,,,,,,,,,,,False,,,0,,,,,,0,50,,elite_speed
P6575,Juan,Sanchez,1994-07-29,73,183,Hispanic,dark,blonde,clean_shaven,L,CF,,0,,,51,48,70,49,51,50,48,49,50,50,,,,,,,,,,,,52,48,65,52,51,0,0,49,50,47,,,,,,,,,,,,False,,,0,,,,,,0,50,,speed
P1175,Jose,Martinez,1992-01-08,73,218,Hispanic,dark,black,clean_shaven,L,RF,,0,,,48,51,50,51,50,48,47,52,47,53,,,,,,,,,,,,45,45,43,42,50,0,0,52,40,48,,,,,,,,,,,,False,,,0,,,,,,0,50,,average
P6690,Yong,Singh,2001-08-14,73,182,Asian,light,black,clean_shaven,R,3B,,0,,,48,51,50,49,51,50,60,48,49,50,,,,,,,,,,,,61,65,63,61,51,0,0,48,57,61,,,,,,,,,,,,False,,,0,,,,,,0,50,,balanced
P9669,Pedro,Reyes,1993-05-26,75,194,Hispanic,light,black,clean_shaven,R,2B,SS,0,,,62,66,49,54,49,51,57,48,49,52,,,,,,,,,,,,52,62,41,54,49,0,0,48,40,51,,,,,,,,,,,,False,,,0,,,,,,0,50,,gap
P9455,Juan,Ramos,2005-02-06,77,170,Hispanic,light,brown,mustache,R,C,,0,,,52,60,52,52,48,50,58,49,53,53,,,,,,,,,,,,63,84,77,69,48,0,0,49,65,77,,,,,,,,,,,,False,,,0,,,,,,0,50,,power
P6433,Francisco,Garcia,2004-10-17,68,177,Hispanic,dark,black,goatee,L,LF,,0,,,52,63,49,51,51,49,48,52,49,50,,,,,,,,,,,,77,92,66,75,51,0,0,52,75,70,,,,,,,,,,,,False,,,0,,,,,,0,50,,power
P5219,Clifford,Sandoral,1998-06-26,69,173,Anglo,medium,brown,clean_shaven,L,C,,0,,,49,50,53,49,50,51,51,52,51,53,,,,,,,,,,,,58,65,67,59,50,0,0,52,66,62,,,,,,,,,,,,False,,,0,,,,,,0,50,,average
P2396,Sung,Li,2000-10-07,74,214,Asian,light,black,clean_shaven,L,2B,,0,,,54,49,76,53,53,50,52,50,51,52,,,,,,,,,,,,65,61,88,61,53,0,0,50,58,67,,,,,,,,,,,,False,,,0,,,,,,0,50,,speed
P2541,Florentino,Labuff,1993-11-19,70,198,Anglo,dark,blonde,clean_shaven,L,P,,1,RP,CL,,,,,55,,,,52,51,51,50,52,52,54,59,63,66,0,0,0,,,,,0,,,,51,43,42,42,50,51,47,59,54,65,0,0,0,False,,,0,,,,,,0,50,closer,
P8377,Leroy,Gaines,2002-12-22,71,218,African,dark,black,clean_shaven,S,P,,1,RP,SP,,,,,52,,,,51,50,51,51,52,49,51,62,59,0,0,0,0,,,,,0,,,,63,55,64,57,64,57,57,68,65,0,0,0,0,False,,,0,,,,,,0,50,finesse_sp,
P2767,Yong,Chen,1996-10-26,71,231,Asian,medium,black,clean_shaven,L,P,,1,RP,SP,,,,,49,,,,52,51,52,50,52,50,50,62,61,0,58,0,0,,,,,0,,,,52,47,52,56,57,45,53,67,63,0,53,0,0,False,,,0,,,,,,0,50,finesse_sp,
P5352,Sung,Patel,1996-12-25,69,186,Asian,dark,brown,clean_shaven,L,P,,1,RP,SP,,,,,52,,,,50,50,50,51,52,49,52,59,61,60,58,0,0,,,,,0,,,,49,45,50,53,47,53,47,60,58,55,62,0,0,False,,,0,,,,,,0,50,groundball_sp,
P3666,Jamal,Taylor,2002-05-31,76,240,African,dark,black,clean_shaven,R,P,,1,RP,SP,,,,,49,,,,51,49,50,51,52,52,52,58,59,61,0,0,0,,,,,0,,,,63,61,61,59,61,59,59,68,66,75,0,0,0,False,,,0,,,,,,0,50,balanced_sp,
P7127,Yong,Kim,2002-08-24,74,163,Asian,light,black,goatee,S,P,,1,RP,SP,,,,,50,,,,52,53,54,52,54,51,50,59,62,62,57,0,0,,,,,0,,,,61,62,67,64,59,60,58,68,71,71,62,0,0,False,,,0,,,,,,0,50,power_sp,
P3739,Tyrone,Taylor,1998-10-20,77,238,African,dark,black,clean_shaven,L,P,,1,RP,SP,,,,,50,,,,52,50,51,51,52,52,52,60,63,59,0,0,0,,,,,0,,,,61,59,59,67,64,57,57,71,75,72,0,0,0,False,,,0,,,,,,0,50,finesse_sp,
P1702,Edwardo,Priore,1990-03-07,76,212,Anglo,medium,blonde,clean_shaven,L,1B,,0,,,52,63,49,51,47,49,45,51,52,51,,,,,,,,,,,,51,56,44,44,47,0,0,51,43,42,,,,,,,,,,,,False,,,0,,,,,,0,50,,power
P8711,Isiah,Cruikshank,1994-11-27,69,173,Anglo,light,brown,clean_shaven,R,CF,,0,,,54,49,51,50,51,51,57,53,52,48,,,,,,,,,,,,53,47,52,53,51,0,0,53,56,50,,,,,,,,,,,,False,,,0,,,,,,0,50,,balanced
P6327,Sung,Yamamoto,1991-12-12,78,203,Asian,medium,brown,beard,S,CF,,0,,,57,50,49,56,49,46,52,50,48,50,,,,,,,,,,,,53,40,41,47,49,0,0,50,38,45,,,,,,,,,,,,False,,,0,,,,,,0,50,,spray
P2092,Jorge,Reyes,2001-05-21,75,173,Hispanic,medium,blonde,clean_shaven,R,3B,,0,,,52,49,49,51,49,49,56,52,51,51,,,,,,,,,,,,57,64,57,57,49,0,0,52,64,57,,,,,,,,,,,,False,,,0,,,,,,0,50,,balanced
P6390,Yong,Le,1989-09-30,73,215,Asian,medium,black,beard,R,SS,,0,,,51,50,87,50,53,48,58,53,52,49,,,,,,,,,,,,51,46,84,41,53,0,0,53,51,39,,,,,,,,,,,,False,,,0,,,,,,0,50,,elite_speed
P2055,Sung,Kim,2004-11-15,69,193,Asian,light,black,clean_shaven,R,C,,0,,,52,53,51,50,48,52,58,52,50,50,,,,,,,,,,,,73,72,72,76,48,0,0,52,67,60,,,,,,,,,,,,False,,,0,,,,,,0,50,,balanced
P2798,Felipe,Goodwater,1993-07-08,74,193,Anglo,medium,black,beard,L,3B,RF,0,,,50,50,52,52,48,48,50,52,51,49,,,,,,,,,,,,44,42,47,51,48,0,0,52,44,49,,,,,,,,,,,,False,,,0,,,,,,0,50,,balanced
P3883,Sung,Chen,2000-11-22,68,250,Asian,light,black,mustache,R,LF,,0,,,51,58,47,52,48,52,58,50,51,48,,,,,,,,,,,,65,67,60,64,48,0,0,50,65,62,,,,,,,,,,,,False,,,0,,,,,,0,50,,power
P6196,Malik,Jackson,2004-10-08,69,241,African,dark,black,goatee,R,P,,1,RP,CL,,,,,55,,,,48,54,51,50,52,50,52,0,0,65,0,0,0,,,,,0,,,,64,74,74,77,73,76,77,0,0,81,0,0,0,False,,,0,,,,,,0,50,closer,
P4758,Seymour,Grew,2007-04-18,71,189,Anglo,light,blonde,clean_shaven,L,P,,1,RP,SP,,,,,50,,,,50,52,54,50,53,48,50,58,63,61,0,56,0,,,,,0,,,,60,74,62,70,79,73,63,72,79,79,0,72,0,False,,,0,,,,,,0,50,balanced_sp,
P9258,Darnell,Gaines,2004-10-03,74,196,African,dark,black,mustache,S,P,,1,RP,SP,,,,,51,,,,51,49,50,52,52,48,51,60,63,59,0,0,0,,,,,0,,,,69,63,67,73,65,73,64,83,78,79,0,0,0,False,,,0,,,,,,0,50,workhorse_sp,
P6162,Miquel,Natt,2006-10-09,71,188,Anglo,light,red,clean_shaven,L,P,,1,RP,RP,,,,,51,,,,53,51,50,50,52,51,55,0,59,65,0,0,0,,,,,0,,,,76,68,71,75,77,70,84,0,73,80,0,0,0,False,,,0,,,,,,0,50,power_rp,
P5996,Leroy,Walker,2005-02-07,68,167,African,dark,black,clean_shaven,R,P,,1,RP,SP,,,,,51,,,,51,52,50,50,53,50,52,60,59,62,0,0,0,,,,,0,,,,74,77,74,68,60,78,69,84,71,90,0,0,0,False,,,0,,,,,,0,50,workhorse_sp,
P8096,Virgil,Zettlemoyer,2004-08-24,73,197,Anglo,dark,brown,clean_shaven,R,2B,,0,,,52,51,52,51,51,48,58,51,48,50,,,,,,,,,,,,65,72,74,66,51,0,0,51,73,70,,,,,,,,,,,,False,,,0,,,,,,0,50,,balanced
P7280,Fausto,Cummer,2005-03-26,74,191,Anglo,medium,brown,clean_shaven,R,LF,1B,0,,,50,58,52,51,49,50,55,51,53,53,,,,,,,,,,,,65,88,70,62,49,0,0,51,82,83,,,,,,,,,,,,False,,,0,,,,,,0,50,,balanced
P9701,Arlie,Kostka,2004-06-14,78,183,Anglo,light,brown,beard,R,LF,,0,,,51,61,50,51,51,51,55,53,52,53,,,,,,,,,,,,81,77,80,66,51,0,0,53,72,81,,,,,,,,,,,,False,,,0,,,,,,0,50,,power
P4426,Percy,Jackson,2004-11-25,77,238,African,dark,black,clean_shaven,R,SS,,0,,,54,49,85,53,52,48,59,51,49,48,,,,,,,,,,,,77,62,99,81,52,0,0,51,69,69,,,,,,,,,,,,False,,,0,,,,,,0,50,,speed
P7439,Francisco,Delgado,2006-01-19,78,193,Hispanic,medium,black,clean_shaven,R,CF,,0,,,50,52,54,49,50,51,52,47,50,50,,,,,,,,,,,,64,65,73,74,50,0,0,47,77,68,,,,,,,,,,,,False,,,0,,,,,,0,50,,balanced
P3600,Carlos,Reyes,1996-11-08,69,224,Hispanic,medium,black,beard,S,P,,1,RP,CL,,,,,55,,,,52,53,52,51,52,50,53,0,0,66,0,0,0,,,,,0,,,,53,51,54,50,49,45,57,0,0,71,0,0,0,False,,,0,,,,,,0,50,closer,
P4255,Juan,Vargas,2004-01-06,74,244,Hispanic,dark,blonde,clean_shaven,R,P,,1,RP,SP,,,,,51,,,,50,52,52,52,54,50,52,60,59,59,0,54,0,,,,,0,,,,62,60,58,59,58,62,57,66,66,72,0,63,0,False,,,0,,,,,,0,50,balanced_sp,
P9991,Gayle,Lieb,2000-01-08,75,220,Anglo,medium,black,mustache,L,P,,1,RP,SP,,,,,50,,,,52,51,50,51,52,48,53,62,0,0,62,0,0,,,,,0,,,,64,64,61,65,59,57,68,77,0,0,72,0,0,False,,,0,,,,,,0,50,groundball_sp,
P1234,Sung,Choi,2000-12-03,74,225,Asian,medium,black,clean_shaven,R,P,,1,RP,SP,,,,,49,,,,51,50,53,50,54,49,50,59,63,58,0,54,0,,,,,0,,,,56,56,63,64,59,64,59,69,76,70,0,63,0,False,,,0,,,,,,0,50,balanced_sp,
P4615,Raul,Gomez,1989-09-15,70,200,Hispanic,medium,blonde,beard,L,P,,1,RP,RP,,,,,50,,,,50,53,51,51,53,52,52,58,61,0,60,0,0,,,,,0,,,,45,49,47,43,50,50,52,55,61,0,51,0,0,False,,,0,,,,,,0,50,finesse_rp,
P8871,Sung,Tran,1991-12-08,68,245,Asian,medium,black,clean_shaven,R,P,,1,RP,SP,,,,,50,,,,50,52,52,52,54,50,52,0,60,63,61,0,0,,,,,0,,,,46,49,42,44,46,49,43,0,55,63,61,0,0,False,,,0,,,,,,0,50,power_sp,
P1695,Luis,Ramirez,2002-12-14,73,174,Hispanic,light,black,clean_shaven,R,P,,1,RP,RP,,,,,53,,,,49,53,48,54,52,49,51,58,62,0,0,0,0,,,,,0,,,,61,64,61,58,56,63,64,70,72,0,0,0,0,False,,,0,,,,,,0,50,finesse_rp,
P4074,Dwight,Mccowan,1999-05-19,78,231,Anglo,light,black,clean_shaven,S,P,,1,RP,SP,,,,,49,,,,50,51,50,52,52,49,54,62,63,64,0,0,0,,,,,0,,,,63,64,57,65,60,54,63,72,74,69,0,0,0,False,,,0,,,,,,0,50,power_sp,
P7265,Roberto,Garcia,2000-11-30,73,183,Hispanic,medium,brown,clean_shaven,R,P,,1,RP,SP,,,,,48,,,,51,53,54,50,52,52,53,0,60,62,57,0,0,,,,,0,,,,59,63,57,64,67,67,66,0,70,74,64,0,0,False,,,0,,,,,,0,50,power_sp,
P2391,Cedric,Carter,1994-10-02,71,173,African,light,black,beard,R,P,,1,RP,CL,,,,,50,,,,52,53,49,50,52,50,55,0,0,67,0,0,0,,,,,0,,,,55,55,45,52,44,51,51,0,0,68,0,0,0,False,,,0,,,,,,0,50,closer,
P7175,Eduardo,Gonzalez,1990-11-10,75,193,Hispanic,medium,black,clean_shaven,L,P,,1,RP,RP,,,,,31,,,,49,50,49,52,52,52,53,0,63,64,58,0,0,,,,,26,,,,44,49,42,42,44,52,44,0,61,62,57,0,0,False,,,0,,,,,,0,50,power_rp,
P8121,Darnell,Baker,1995-07-27,68,218,African,dark,black,beard,R,C,,0,,,51,62,50,52,52,52,59,50,53,52,,,,,,,,,,,,54,58,54,52,52,0,0,50,57,48,,,,,,,,,,,,False,,,0,,,,,,0,50,,power
P1772,Rufus,Carter,1987-11-11,78,220,African,medium,black,beard,R,1B,,0,,,61,54,51,52,52,51,56,52,50,50,,,,,,,,,,,,51,54,49,43,52,0,0,52,40,43,,,,,,,,,,,,False,,,0,,,,,,0,50,,spray
P8841,Fredrick,Wohlers,2003-06-07,70,247,Anglo,medium,black,clean_shaven,R,2B,,0,,,53,60,49,52,49,53,58,52,48,50,,,,,,,,,,,,61,75,62,64,49,0,0,52,53,56,,,,,,,,,,,,False,,,0,,,,,,0,50,,power
P1171,Jermaine,White,1990-08-14,74,237,African,dark,black,mustache,R,3B,RF,0,,,52,53,50,50,51,49,57,51,49,52,,,,,,,,,,,,48,51,47,48,51,0,0,51,48,45,,,,,,,,,,,,False,,,0,,,,,,0,50,,balanced
P3630,Sung,Khan,1993-09-11,73,179,Asian,medium,black,mustache,R,SS,,0,,,54,48,52,53,53,48,61,49,50,47,,,,,,,,,,,,46,40,51,52,53,0,0,49,40,43,,,,,,,,,,,,False,,,0,,,,,,0,50,,spray
P7062,Sung,Nguyen,1991-03-28,73,223,Asian,medium,black,clean_shaven,R,LF,,0,,,59,49,50,52,52,49,58,49,49,52,,,,,,,,,,,,51,39,43,52,52,0,0,49,49,48,,,,,,,,,,,,False,,,0,,,,,,0,50,,spray
P5361,Eduardo,Hernandez,1990-04-25,70,161,Hispanic,dark,red,clean_shaven,L,CF,,0,,,59,53,53,56,49,48,46,47,52,52,,,,,,,,,,,,49,46,44,49,49,0,0,47,51,46,,,,,,,,,,,,False,,,0,,,,,,0,50,,spray
P2575,Sung,Zhang,2004-11-28,78,231,Asian,dark,black,clean_shaven,L,RF,,0,,,50,56,51,50,47,49,46,51,49,52,,,,,,,,,,,,70,67,70,76,47,0,0,51,67,75,,,,,,,,,,,,False,,,0,,,,,,0,50,,power
P2230,Rufus,Young,1994-07-27,70,206,African,dark,brown,clean_shaven,R,LF,,0,,,52,53,49,52,49,53,55,51,52,50,,,,,,,,,,,,54,49,52,47,49,0,0,51,55,47,,,,,,,,,,,,False,,,0,,,,,,0,50,,average
P1707,Darnell,King,2001-09-06,68,250,African,light,black,mustache,R,C,,0,,,62,51,48,51,51,47,54,50,49,52,,,,,,,,,,,,68,61,56,66,51,0,0,50,60,67,,,,,,,,,,,,False,,,0,,,,,,0,50,,spray
P4806,Malik,Gaines,1987-07-09,70,171,African,medium,brown,clean_shaven,L,LF,,0,,,52,49,85,52,53,47,48,49,51,49,,,,,,,,,,,,52,43,85,45,53,0,0,49,46,45,,,,,,,,,,,,False,,,0,,,,,,0,50,,elite_speed
P2050,Garland,Remaley,1995-11-25,73,216,Anglo,dark,brown,clean_shaven,L,CF,,0,,,49,50,50,50,50,51,42,51,49,52,,,,,,,,,,,,45,48,54,54,50,0,0,51,46,51,,,,,,,,,,,,False,,,0,,,,,,0,50,,balanced
P6572,Jermaine,Walker,1988-06-13,73,173,African,dark,brown,clean_shaven,R,LF,,0,,,54,49,70,53,50,51,57,49,51,49,,,,,,,,,,,,51,45,66,49,50,0,0,49,51,42,,,,,,,,,,,,False,,,0,,,,,,0,50,,speed
P8837,Francisco,Martinez,1991-02-02,75,197,Hispanic,light,black,goatee,L,1B,,0,,,50,60,50,51,48,51,48,48,48,52,,,,,,,,,,,,47,50,45,42,48,0,0,48,48,46,,,,,,,,,,,,False,,,0,,,,,,0,50,,power
P1778,Percy,Washington,2001-12-17,68,219,African,dark,brown,beard,R,P,,1,RP,CL,,,,,55,,,,51,52,48,50,54,52,52,0,0,65,0,0,0,,,,,0,,,,56,57,55,69,60,62,66,0,0,72,0,0,0,False,,,0,,,,,,0,50,closer,
P7915,Hector,Lopez,1988-03-07,72,164,Hispanic,light,brown,beard,R,P,,1,RP,SP,,,,,48,,,,51,53,54,53,52,48,52,62,0,61,0,0,0,,,,,0,,,,47,49,49,50,53,46,48,52,0,52,0,0,0,False,,,0,,,,,,0,50,workhorse_sp,
P9460,Xavier,Washington,2000-11-13,69,204,African,dark,black,clean_shaven,R,P,,1,RP,RP,,,,,50,,,,49,51,51,51,52,49,51,0,0,64,0,0,0,,,,,0,,,,62,64,66,64,58,57,66,0,0,74,0,0,0,False,,,0,,,,,,0,50,power_rp,
P7287,Sung,Lin,2001-12-08,74,210,Asian,light,black,clean_shaven,L,P,,1,RP,RP,,,,,56,,,,48,52,48,51,53,52,50,0,59,64,64,0,0,,,,,0,,,,59,67,63,58,59,63,59,0,73,70,75,0,0,False,,,0,,,,,,0,50,groundball_rp,
P4924,Jorge,Martinez,1997-06-29,75,195,Hispanic,medium,brown,clean_shaven,R,P,,1,RP,RP,,,,,54,,,,52,51,50,52,54,52,51,0,61,64,59,0,0,,,,,0,,,,50,51,52,53,55,51,49,0,65,63,60,0,0,False,,,0,,,,,,0,50,groundball_rp,
P3976,Rafael,Morales,1996-01-20,69,171,Hispanic,light,brown,clean_shaven,L,P,,1,RP,RP,,,,,52,,,,52,52,50,50,53,53,55,0,0,65,0,0,0,,,,,0,,,,47,51,48,52,50,58,52,0,0,63,0,0,0,False,,,0,,,,,,0,50,power_rp,
P1375,Alejandro,Guerrero,1997-09-30,68,181,Hispanic,light,brown,clean_shaven,S,P,,1,RP,SP,,,,,50,,,,53,49,53,53,52,50,53,62,61,60,59,0,0,,,,,0,,,,58,52,51,47,51,46,55,65,56,60,58,0,0,False,,,0,,,,,,0,50,finesse_sp,
P5246,Alejandro,Castillo,2005-02-17,74,174,Hispanic,medium,brown,clean_shaven,R,C,,0,,,49,54,49,49,52,52,57,49,49,51,,,,,,,,,,,,74,72,73,74,52,0,0,49,64,79,,,,,,,,,,,,False,,,0,,,,,,0,50,,balanced
P9051,Sung,Liu,1991-02-01,77,236,Asian,dark,black,mustache,R,SS,,0,,,61,53,49,54,48,50,59,50,50,50,,,,,,,,,,,,54,46,49,54,48,0,0,50,48,44,,,,,,,,,,,,False,,,0,,,,,,0,50,,gap
P3067,Tyrone,Jefferson,1995-11-09,77,210,African,dark,black,clean_shaven,L,3B,,0,,,50,51,53,51,48,50,49,51,49,48,,,,,,,,,,,,49,55,53,46,48,0,0,51,52,44,,,,,,,,,,,,False,,,0,,,,,,0,50,,balanced
P8783,Yong,Hassan,2004-08-05,69,233,Asian,medium,black,clean_shaven,R,2B,,0,,,52,60,51,49,50,53,61,48,51,53,,,,,,,,,,,,82,74,67,79,50,0,0,48,76,77,,,,,,,,,,,,False,,,0,,,,,,0,50,,power
P7076,Jermaine,Jackson,1995-09-06,75,187,African,dark,black,clean_shaven,R,3B,,0,,,49,60,51,50,49,54,57,52,50,48,,,,,,,,,,,,46,55,50,47,49,0,0,52,53,44,,,,,,,,,,,,False,,,0,,,,,,0,50,,power
P9494,Guadalupe,Brickel,1990-12-29,74,235,Anglo,medium,black,beard,S,CF,,0,,,51,54,52,51,52,49,50,51,48,53,,,,,,,,,,,,42,44,44,50,52,0,0,51,48,49,,,,,,,,,,,,False,,,0,,,,,,0,50,,balanced
P4490,Ariel,Bossen,2001-01-26,78,173,Anglo,light,brown,clean_shaven,L,1B,,0,,,48,63,49,48,51,54,48,52,51,52,,,,,,,,,,,,55,69,54,60,51,0,0,52,57,60,,,,,,,,,,,,False,,,0,,,,,,0,50,,power
P7485,Alonzo,Strait,1989-01-10,68,250,Anglo,light,blonde,clean_shaven,R,3B,,0,,,52,59,52,51,47,52,59,50,51,50,,,,,,,,,,,,51,50,51,47,47,0,0,50,42,42,,,,,,,,,,,,False,,,0,,,,,,0,50,,power
P1286,Yong,Lin,2008-01-20,77,188,Asian,light,black,clean_shaven,L,P,,1,RP,CL,,,,,73,,,,50,54,47,51,52,50,56,0,0,65,0,0,0,,,,,90,,,,69,68,71,65,72,79,68,0,0,80,0,0,0,False,,,0,,,,,,0,50,closer,
P2962,Antonio,Gonzalez,2007-05-05,78,207,Hispanic,dark,brown,mustache,R,P,,1,RP,SP,,,,,48,,,,50,49,52,54,52,50,51,59,64,0,0,56,0,,,,,0,,,,62,64,79,76,76,70,77,87,87,0,0,78,0,False,,,0,,,,,,0,50,finesse_sp,
P8865,Malik,Scott,2005-02-05,76,235,African,dark,black,goatee,R,P,,1,RP,SP,,,,,50,,,,48,52,54,53,53,50,54,0,61,60,0,56,0,,,,,0,,,,77,78,65,64,75,76,84,0,80,85,0,68,0,False,,,0,,,,,,0,50,power_sp,
P2571,Kraig,Jabiro,2004-05-05,70,209,Anglo,medium,blonde,clean_shaven,R,P,,1,RP,RP,,,,,52,,,,50,52,49,52,54,51,53,0,0,63,0,0,0,,,,,0,,,,73,63,65,70,74,73,66,0,0,84,0,0,0,False,,,0,,,,,,0,50,power_rp,
P4418,Yong,Khan,2007-11-26,72,226,Asian,light,black,clean_shaven,L,P,,1,RP,SP,,,,,52,,,,52,49,51,50,52,49,51,58,58,61,0,0,0,,,,,0,,,,81,61,64,79,71,59,80,86,81,76,0,0,0,False,,,0,,,,,,0,50,balanced_sp,
P7335,Dwain,Heape,2007-01-12,70,233,Anglo,medium,brown,goatee,S,CF,LF,0,,,48,51,53,49,49,53,54,48,48,50,,,,,,,,,,,,65,77,63,73,49,0,0,48,69,73,,,,,,,,,,,,False,,,0,,,,,,0,50,,average
P7630,Carlos,Rodriguez,2004-07-18,68,183,Hispanic,light,black,clean_shaven,R,CF,LF,0,,,48,54,48,51,51,48,54,50,47,51,,,,,,,,,,,,67,72,67,65,51,0,0,50,76,74,,,,,,,,,,,,False,,,0,,,,,,0,50,,average
P9555,Jewel,Nesseth,2007-10-08,71,233,Anglo,light,brown,goatee,R,C,,0,,,49,53,50,52,50,52,58,53,48,47,,,,,,,,,,,,75,73,65,72,50,0,0,53,64,72,,,,,,,,,,,,False,,,0,,,,,,0,50,,balanced
P4588,Jose,Torres,2007-01-21,73,196,Hispanic,medium,black,clean_shaven,R,2B,,0,,,56,50,50,52,49,51,59,52,48,52,,,,,,,,,,,,86,80,68,68,49,0,0,52,71,71,,,,,,,,,,,,False,,,0,,,,,,0,50,,gap
P8515,Sung,Park,2005-10-11,73,162,Asian,medium,black,clean_shaven,L,3B,,0,,,49,49,48,50,51,52,47,50,48,49,,,,,,,,,,,,70,61,77,69,51,0,0,50,72,60,,,,,,,,,,,,False,,,0,,,,,,0,50,,balanced
P2210,Sam,Thamphia,1996-08-22,70,185,Anglo,light,blonde,beard,R,P,,1,RP,CL,,,,,55,,,,52,50,50,50,53,49,54,60,0,65,0,0,0,,,,,0,,,,50,55,51,58,50,53,53,59,0,63,0,0,0,False,,,0,,,,,,0,50,closer,
P3245,Cedric,Young,2001-11-25,69,163,African,dark,brown,clean_shaven,L,P,,1,RP,SP,,,,,50,,,,50,51,50,51,52,51,53,58,59,0,0,0,0,,,,,0,,,,55,62,64,63,56,60,58,65,65,0,0,0,0,False,,,0,,,,,,0,50,balanced_sp,
P4417,Percy,King,2002-06-03,74,207,African,dark,black,clean_shaven,R,P,,1,RP,RP,,,,,53,,,,48,48,51,51,54,51,51,58,63,0,0,0,0,,,,,0,,,,54,57,60,62,65,65,65,65,68,0,0,0,0,False,,,0,,,,,,0,50,finesse_rp,
P3495,Leroy,Green,1992-07-12,70,167,African,dark,black,clean_shaven,R,P,,1,RP,SP,,,,,50,,,,53,53,50,50,52,50,50,0,63,60,0,0,0,,,,,0,,,,45,49,40,46,47,49,47,0,63,51,0,0,0,False,,,0,,,,,,0,50,balanced_sp,
P9730,Deandre,Eshlerman,1990-08-06,76,205,Anglo,light,red,beard,S,P,,1,RP,SP,,,,,50,,,,51,54,52,50,52,49,53,61,62,60,0,55,0,,,,,0,,,,48,53,43,49,46,47,53,52,54,59,0,51,0,False,,,0,,,,,,0,50,power_sp,
P1185,Newton,Schuetz,2004-12-30,76,213,Anglo,medium,blonde,clean_shaven,L,P,,1,RP,SP,,,,,52,,,,50,49,53,53,52,51,51,58,59,59,0,54,0,,,,,0,,,,64,66,70,72,63,78,77,71,69,78,0,79,0,False,,,0,,,,,,0,50,workhorse_sp,
P8360,Jarrett,Faulkner,2002-03-19,78,201,Anglo,light,brown,clean_shaven,R,P,,1,RP,SP,,,,,51,,,,50,50,52,50,52,49,51,60,60,61,0,54,0,,,,,0,,,,62,59,65,66,67,57,66,70,70,68,0,59,0,False,,,0,,,,,,0,50,finesse_sp,
P9617,Deshawn,Washington,2004-03-10,73,210,African,dark,brown,clean_shaven,S,P,,1,RP,SP,,,,,51,,,,52,48,52,51,52,52,50,60,59,62,58,0,0,,,,,0,,,,76,60,80,70,78,73,62,80,89,81,73,0,0,False,,,0,,,,,,0,50,workhorse_sp,
P5973,Malik,King,2003-10-29,70,190,African,light,black,clean_shaven,S,P,,1,RP,RP,,,,,49,,,,50,52,48,50,53,49,54,59,62,0,60,0,0,,,,,0,,,,60,61,59,66,55,58,69,71,76,0,73,0,0,False,,,0,,,,,,0,50,finesse_rp,
P1927,Yong,Pham,1999-10-06,70,182,Asian,medium,black,clean_shaven,L,P,,1,RP,RP,,,,,53,,,,48,53,50,50,52,49,53,0,57,64,60,0,0,,,,,0,,,,54,60,56,60,55,64,63,0,72,76,75,0,0,False,,,0,,,,,,0,50,groundball_rp,
P3536,Roberto,Morales,1998-12-29,77,230,Hispanic,medium,brown,mustache,R,P,,1,RP,RP,,,,,55,,,,50,51,50,50,54,49,51,60,0,64,62,0,0,,,,,0,,,,64,58,57,62,58,62,62,71,0,76,76,0,0,False,,,0,,,,,,0,50,groundball_rp,
P7041,Percy,Mitchell,1987-12-03,73,199,African,dark,black,clean_shaven,R,C,,0,,,49,50,49,52,49,52,59,50,48,52,,,,,,,,,,,,42,40,39,52,49,0,0,50,40,47,,,,,,,,,,,,False,,,0,,,,,,0,50,,average
P1057,Carlos,Gonzalez,1995-05-09,72,228,Hispanic,medium,blonde,clean_shaven,L,1B,,0,,,49,53,50,50,52,51,49,50,50,49,,,,,,,,,,,,46,54,52,51,52,0,0,50,46,45,,,,,,,,,,,,False,,,0,,,,,,0,50,,average
P4130,Weldon,Caughman,1999-04-10,77,220,Anglo,dark,brown,clean_shaven,R,2B,,0,,,51,50,52,50,52,51,57,51,53,48,,,,,,,,,,,,56,61,60,59,52,0,0,51,68,62,,,,,,,,,,,,False,,,0,,,,,,0,50,,average
P6739,Sung,Le,1988-07-21,78,167,Asian,medium,black,clean_shaven,R,3B,,0,,,51,59,51,50,46,49,59,50,50,53,,,,,,,,,,,,43,58,48,49,46,0,0,50,45,48,,,,,,,,,,,,False,,,0,,,,,,0,50,,power
P2377,Jamal,Robinson,1995-09-07,76,235,African,dark,black,beard,R,SS,,0,,,54,52,70,52,49,50,61,51,49,47,,,,,,,,,,,,58,50,68,55,49,0,0,51,45,48,,,,,,,,,,,,False,,,0,,,,,,0,50,,speed
P8125,Xavier,Walker,1991-08-10,74,160,African,dark,black,mustache,R,LF,3B,0,,,51,53,52,51,50,52,55,52,52,50,,,,,,,,,,,,47,43,47,50,50,0,0,52,42,45,,,,,,,,,,,,False,,,0,,,,,,0,50,,average
P3466,Sterling,Godnick,1988-02-07,71,246,Anglo,light,red,clean_shaven,S,CF,,0,,,57,50,51,54,51,53,47,52,51,51,,,,,,,,,,,,55,48,41,45,51,0,0,52,41,47,,,,,,,,,,,,False,,,0,,,,,,0,50,,gap
P1047,Juan,Guerrero,1988-02-18,78,186,Hispanic,dark,black,clean_shaven,S,RF,,0,,,52,60,48,49,49,53,52,49,51,51,,,,,,,,,,,,47,54,45,45,49,0,0,49,48,46,,,,,,,,,,,,False,,,0,,,,,,0,50,,power
P3992,Jermaine,Mitchell,1999-04-25,76,175,African,dark,brown,clean_shaven,R,2B,,0,,,58,49,52,55,51,46,55,50,48,49,,,,,,,,,,,,63,54,58,70,51,0,0,50,55,62,,,,,,,,,,,,False,,,0,,,,,,0,50,,spray
P6581,Eduardo,Cruz,1988-04-04,78,181,Hispanic,light,brown,mustache,S,LF,3B,0,,,52,52,48,51,51,49,53,52,49,50,,,,,,,,,,,,46,49,40,47,51,0,0,52,43,43,,,,,,,,,,,,False,,,0,,,,,,0,50,,average
P1696,Silas,Layell,1990-03-25,70,181,Anglo,dark,brown,beard,R,C,,0,,,53,60,51,52,48,52,56,48,49,52,,,,,,,,,,,,52,57,44,52,48,0,0,48,46,52,,,,,,,,,,,,False,,,0,,,,,,0,50,,power
P2710,Merrill,Quilliam,2002-02-14,69,162,Anglo,medium,red,clean_shaven,S,3B,,0,,,51,58,47,52,49,50,51,51,49,49,,,,,,,,,,,,61,67,55,62,49,0,0,51,56,58,,,,,,,,,,,,False,,,0,,,,,,0,50,,power
P2974,Fernando,Reyes,1993-01-13,72,246,Hispanic,light,blonde,clean_shaven,L,CF,,0,,,58,52,52,54,53,51,45,49,51,53,,,,,,,,,,,,52,43,47,46,53,0,0,49,42,48,,,,,,,,,,,,False,,,0,,,,,,0,50,,spray
P6772,Miguel,Diaz,2003-03-01,69,171,Hispanic,medium,brown,goatee,R,2B,3B,0,,,51,51,76,53,51,48,57,48,49,53,,,,,,,,,,,,64,63,90,60,51,0,0,48,63,63,,,,,,,,,,,,False,,,0,,,,,,0,50,,speed
P5569,Jorge,Gonzalez,1988-10-08,69,209,Hispanic,light,black,goatee,R,P,,1,RP,CL,,,,,55,,,,52,53,52,50,52,48,54,0,0,65,0,0,0,,,,,0,,,,47,53,46,48,49,39,52,0,0,60,0,0,0,False,,,0,,,,,,0,50,closer,
P5683,Manuel,Hernandez,1998-07-12,70,211,Hispanic,medium,black,clean_shaven,L,P,,1,RP,RP,,,,,51,,,,52,50,52,50,53,53,50,60,62,0,0,59,0,,,,,0,,,,65,62,60,67,67,67,56,75,77,0,0,69,0,False,,,0,,,,,,0,50,finesse_rp,
P7338,Jamal,Young,2002-01-18,72,181,African,dark,black,clean_shaven,L,P,,1,RP,SP,,,,,51,,,,49,48,50,54,53,50,49,62,61,0,0,0,0,,,,,0,,,,62,60,66,58,55,63,55,76,71,0,0,0,0,False,,,0,,,,,,0,50,finesse_sp,
P4715,Terrell,Michniak,1988-07-10,75,202,Anglo,light,brown,beard,L,P,,1,RP,SP,,,,,53,,,,52,49,52,50,52,50,49,0,0,60,62,0,0,,,,,0,,,,50,42,49,43,45,48,43,0,0,54,53,0,0,False,,,0,,,,,,0,50,groundball_sp,
P2648,Ricardo,Ortiz,1992-10-14,71,230,Hispanic,light,black,mustache,R,P,,1,RP,RP,,,,,54,,,,48,52,49,51,52,49,53,0,58,0,0,0,0,,,,,0,,,,40,44,46,46,46,41,43,0,56,0,0,0,0,False,,,0,,,,,,0,50,finesse_rp,
P6180,Erin,Tencer,1999-03-19,77,178,Anglo,dark,brown,beard,R,P,,1,RP,RP,,,,,11,,,,50,52,50,50,52,53,50,0,63,63,60,0,0,,,,,16,,,,62,60,62,59,64,58,63,0,74,77,74,0,0,False,,,0,,,,,,0,50,power_rp,
P5447,Raul,Flores,1990-12-17,71,213,Hispanic,medium,brown,beard,L,P,,1,RP,SP,,,,,49,,,,52,51,51,50,53,50,49,59,59,60,0,57,0,,,,,0,,,,42,42,45,53,51,41,48,57,58,54,0,47,0,False,,,0,,,,,,0,50,balanced_sp,
P1923,Alejandro,Ortiz,1999-11-05,78,235,Hispanic,light,brown,goatee,L,C,,0,,,52,51,48,53,49,51,50,50,52,52,,,,,,,,,,,,61,65,59,61,49,0,0,50,58,66,,,,,,,,,,,,False,,,0,,,,,,0,50,,average
P1067,Damian,Kapuscinski,1994-08-14,70,207,Anglo,light,black,clean_shaven,R,C,,0,,,52,53,52,50,52,51,57,49,51,53,,,,,,,,,,,,54,58,55,53,52,0,0,49,56,58,,,,,,,,,,,,False,,,0,,,,,,0,50,,balanced
P2100,Jose,Garcia,2002-12-10,76,222,Hispanic,light,brown,clean_shaven,R,C,,0,,,53,52,52,52,52,52,55,49,50,49,,,,,,,,,,,,68,65,60,65,52,0,0,49,61,54,,,,,,,,,,,,False,,,0,,,,,,0,50,,average
P5759,Jamal,Harris,2003-03-27,74,226,African,dark,brown,clean_shaven,L,C,,0,,,49,53,49,51,49,52,52,52,53,49,,,,,,,,,,,,58,59,58,65,49,0,0,52,60,57,,,,,,,,,,,,False,,,0,,,,,,0,50,,balanced
P2330,Delbert,Wilner,1994-08-21,78,203,Anglo,light,black,clean_shaven,L,1B,,0,,,53,55,51,51,52,53,50,52,53,53,,,,,,,,,,,,52,60,55,49,52,0,0,52,52,52,,,,,,,,,,,,False,,,0,,,,,,0,50,,average
P1242,Tyrone,Wright,1989-07-29,68,187,African,medium,black,clean_shaven,R,C,,0,,,52,51,49,53,51,50,55,51,52,48,,,,,,,,,,,,52,48,49,43,51,0,0,51,47,40,,,,,,,,,,,,False,,,0,,,,,,0,50,,balanced
P8344,Hector,Reyes,1994-09-15,73,227,Hispanic,medium,brown,beard,L,RF,,0,,,54,51,70,51,51,50,46,51,51,53,,,,,,,,,,,,59,49,69,50,51,0,0,51,52,58,,,,,,,,,,,,False,,,0,,,,,,0,50,,speed
P4202,Xavier,Jefferson,2001-04-15,69,228,African,light,black,clean_shaven,R,CF,,0,,,53,51,70,51,49,48,55,51,47,52,,,,,,,,,,,,65,60,85,62,49,0,0,51,53,67,,,,,,,,,,,,False,,,0,,,,,,0,50,,speed
P9347,Augustus,Mainz,2006-01-13,73,218,Anglo,medium,black,clean_shaven,R,P,,1,RP,CL,,,,,55,,,,50,52,49,50,52,52,53,0,0,65,0,0,0,,,,,0,,,,65,77,65,62,63,75,75,0,0,91,0,0,0,False,,,0,,,,,,0,50,closer,
P5234,Malik,Taylor,2006-12-12,73,183,African,medium,black,clean_shaven,L,P,,1,RP,SP,,,,,51,,,,52,52,51,53,52,53,52,60,60,0,0,0,0,,,,,0,,,,71,80,67,63,66,79,71,77,82,0,0,0,0,False,,,0,,,,,,0,50,finesse_sp,
P9069,Val,Coffie,2005-01-17,72,202,Anglo,light,blonde,clean_shaven,R,P,,1,RP,RP,,,,,50,,,,51,50,50,52,53,52,48,61,59,0,60,0,0,,,,,0,,,,68,72,65,80,80,66,76,77,74,0,89,0,0,False,,,0,,,,,,0,50,finesse_rp,
P7926,Raul,Rivera,2007-07-02,68,249,Hispanic,medium,brown,mustache,R,P,,1,RP,SP,,,,,51,,,,50,50,50,50,53,48,53,0,63,61,0,0,0,,,,,0,,,,70,78,68,67,64,75,79,0,91,90,0,0,0,False,,,0,,,,,,0,50,power_sp,
P2843,Zachery,Greet,2006-06-06,77,184,Anglo,dark,blonde,mustache,L,P,,1,RP,SP,,,,,48,,,,49,50,52,50,52,48,54,60,59,0,0,0,0,,,,,0,,,,63,65,65,72,78,74,78,84,83,0,0,0,0,False,,,0,,,,,,0,50,balanced_sp,
P8976,Fernando,Vasquez,2004-03-27,68,247,Hispanic,medium,brown,clean_shaven,R,2B,,0,,,53,48,95,50,49,51,57,50,51,52,,,,,,,,,,,,67,64,99,61,49,0,0,50,73,71,,,,,,,,,,,,False,,,0,,,,,,0,50,,elite_speed
P8478,Jose,Cruz,2007-02-04,71,240,Hispanic,medium,black,clean_shaven,R,RF,,0,,,59,53,53,52,51,52,54,49,51,51,,,,,,,,,,,,83,64,75,68,51,0,0,49,66,68,,,,,,,,,,,,False,,,0,,,,,,0,50,,spray
P1084,Curt,Jozsa,2005-07-09,77,166,Anglo,dark,black,clean_shaven,R,CF,,0,,,50,51,51,50,50,53,54,49,47,50,,,,,,,,,,,,60,74,69,60,50,0,0,49,68,79,,,,,,,,,,,,False,,,0,,,,,,0,50,,balanced
P7850,Leroy,Carter,2005-04-12,69,239,African,dark,black,mustache,L,3B,,0,,,57,48,51,52,49,47,52,53,49,50,,,,,,,,,,,,77,71,78,73,49,0,0,53,78,72,,,,,,,,,,,,False,,,0,,,,,,0,50,,spray
P2118,Rocco,Guidrey,2005-07-11,74,245,Anglo,light,blonde,clean_shaven,R,RF,CF,0,,,54,59,51,53,51,48,56,50,50,51,,,,,,,,,,,,83,69,72,72,51,0,0,50,63,71,,,,,,,,,,,,False,,,0,,,,,,0,50,,gap
P8423,Rafael,Reyes,2002-06-25,73,245,Hispanic,light,blonde,beard,L,P,,1,RP,CL,,,,,55,,,,50,50,47,50,53,50,53,58,62,66,0,0,0,,,,,0,,,,62,63,62,68,59,59,61,72,68,78,0,0,0,False,,,0,,,,,,0,50,closer,
P4747,Fredrick,Schneidtmille,1990-04-01,77,212,Anglo,light,blonde,clean_shaven,L,P,,1,RP,RP,,,,,51,,,,48,51,50,51,52,50,52,60,59,0,0,0,0,,,,,0,,,,38,43,48,46,48,43,46,58,54,0,0,0,0,False,,,0,,,,,,0,50,finesse_rp,
P2504,Malik,White,1998-09-13,72,165,African,dark,brown,clean_shaven,L,P,,1,RP,SP,,,,,49,,,,50,53,54,50,52,52,55,61,61,64,0,0,0,,,,,0,,,,62,63,58,61,65,59,69,69,72,75,0,0,0,False,,,0,,,,,,0,50,power_sp,
P6870,Pedro,Garcia,2004-08-01,73,223,Hispanic,medium,brown,clean_shaven,L,P,,1,RP,CL,,,,,53,,,,52,50,50,53,61,51,51,0,0,67,0,0,0,,,,,0,,,,79,60,69,82,69,70,78,0,0,80,0,0,0,False,,,0,,,,,,0,50,closer,
P1118,Xavier,Harris,1987-12-21,68,167,African,dark,black,clean_shaven,R,P,,1,RP,SP,,,,,51,,,,51,49,50,50,54,49,53,59,59,0,0,0,0,,,,,0,,,,45,48,43,53,43,44,50,58,53,0,0,0,0,False,,,0,,,,,,0,50,workhorse_sp,
P7561,Raul,Mendoza,1991-11-25,76,194,Hispanic,dark,black,clean_shaven,R,P,,1,RP,SP,,,,,49,,,,47,51,53,50,52,48,53,58,59,58,0,54,0,,,,,0,,,,39,47,49,50,47,47,52,57,54,55,0,54,0,False,,,0,,,,,,0,50,balanced_sp,
P5214,Donny,Cassity,1993-11-29,72,202,Anglo,medium,brown,beard,L,P,,1,RP,SP,,,,,51,,,,51,52,53,50,53,52,52,62,62,58,0,57,0,,,,,0,,,,48,49,45,50,44,49,47,52,58,58,0,47,0,False,,,0,,,,,,0,50,workhorse_sp,
P7734,Fernando,Ramos,2004-06-11,70,163,Hispanic,medium,red,clean_shaven,L,P,,1,RP,SP,,,,,50,,,,49,52,50,52,54,51,53,0,60,63,0,0,0,,,,,0,,,,79,64,77,73,70,80,64,0,76,84,0,0,0,False,,,0,,,,,,0,50,power_sp,
P4871,Donald,Wollard,1988-02-15,71,174,Anglo,light,brown,mustache,L,P,,1,RP,SP,,,,,48,,,,52,52,51,53,54,50,48,58,63,61,0,56,0,,,,,0,,,,50,47,52,47,43,40,39,58,62,58,0,53,0,False,,,0,,,,,,0,50,finesse_sp,
P3796,Rufus,Taylor,1994-01-18,77,180,African,dark,black,clean_shaven,R,P,,1,RP,SP,,,,,50,,,,51,50,54,52,52,52,50,62,60,0,0,0,0,,,,,0,,,,44,42,49,50,52,43,41,62,57,0,0,0,0,False,,,0,,,,,,0,50,finesse_sp,
P8776,Bruno,Stimage,1989-05-21,75,213,Anglo,light,brown,mustache,L,P,,1,RP,SP,,,,,52,,,,49,54,53,50,52,52,53,0,60,63,0,0,0,,,,,0,,,,48,53,50,47,50,48,49,0,57,53,0,0,0,False,,,0,,,,,,0,50,power_sp,
P8620,Alejandro,Flores,2001-12-08,76,181,Hispanic,light,black,clean_shaven,R,C,,0,,,51,49,50,52,49,50,59,48,53,52,,,,,,,,,,,,60,60,56,60,49,0,0,48,66,61,,,,,,,,,,,,False,,,0,,,,,,0,50,,balanced
P7858,Hector,Hernandez,2002-08-07,70,201,Hispanic,medium,black,clean_shaven,L,1B,,0,,,52,63,49,52,50,50,46,51,53,53,,,,,,,,,,,,62,78,64,66,50,0,0,51,66,65,,,,,,,,,,,,False,,,0,,,,,,0,50,,power
P4672,Kristofer,Kinstle,1989-03-01,70,202,Anglo,light,brown,beard,R,2B,,0,,,54,53,52,51,48,50,58,49,50,49,,,,,,,,,,,,49,43,51,44,48,0,0,49,41,48,,,,,,,,,,,,False,,,0,,,,,,0,50,,balanced
P9729,Leroy,Scott,2000-12-13,72,207,African,dark,black,clean_shaven,R,3B,,0,,,52,50,72,51,54,48,59,48,50,51,,,,,,,,,,,,59,63,85,58,54,0,0,48,64,60,,,,,,,,,,,,False,,,0,,,,,,0,50,,speed
P2809,Darnell,Allen,2004-06-05,69,228,African,dark,black,mustache,S,SS,,0,,,50,56,49,49,49,49,52,50,50,49,,,,,,,,,,,,63,85,72,64,49,0,0,50,64,60,,,,,,,,,,,,False,,,0,,,,,,0,50,,power
P8511,Jermaine,Carter,1991-10-05,72,169,African,dark,black,mustache,L,LF,,0,,,54,51,51,52,51,52,49,51,52,52,,,,,,,,,,,,48,47,47,47,51,0,0,51,52,49,,,,,,,,,,,,False,,,0,,,,,,0,50,,balanced
P8255,Tyrone,Baker,1988-01-27,78,204,African,dark,black,beard,R,CF,,0,,,56,52,50,52,50,49,58,52,49,53,,,,,,,,,,,,48,50,43,48,50,0,0,52,39,51,,,,,,,,,,,,False,,,0,,,,,,0,50,,gap
P9924,Cedric,Jackson,1992-05-16,71,177,African,dark,brown,clean_shaven,R,RF,,0,,,50,52,50,51,50,49,55,49,50,53,,,,,,,,,,,,41,50,48,46,50,0,0,49,48,50,,,,,,,,,,,,False,,,0,,,,,,0,50,,balanced
P6996,Tyrone,Washington,1999-08-26,73,201,African,dark,brown,beard,L,SS,,0,,,52,52,53,52,49,51,50,52,51,47,,,,,,,,,,,,57,58,58,59,49,0,0,52,61,59,,,,,,,,,,,,False,,,0,,,,,,0,50,,gap
P6332,Leroy,Young,2002-11-24,72,238,African,dark,brown,clean_shaven,R,C,,0,,,51,51,47,52,48,50,55,49,50,51,,,,,,,,,,,,60,64,58,66,48,0,0,49,55,62,,,,,,,,,,,,False,,,0,,,,,,0,50,,average
P3324,Ricardo,Mendoza,1990-05-29,69,245,Hispanic,medium,brown,clean_shaven,S,RF,,0,,,62,50,53,51,49,48,53,51,50,48,,,,,,,,,,,,62,49,52,49,49,0,0,51,45,44,,,,,,,,,,,,False,,,0,,,,,,0,50,,spray
P9209,Nigel,Bielecki,1998-05-12,71,207,Anglo,light,black,clean_shaven,R,C,,0,,,49,52,48,50,52,52,58,52,53,50,,,,,,,,,,,,61,63,61,59,52,0,0,52,67,57,,,,,,,,,,,,False,,,0,,,,,,0,50,,average
P8740,Jermaine,King,1987-07-18,78,217,African,dark,brown,beard,R,1B,,0,,,50,56,50,50,48,51,56,50,53,51,,,,,,,,,,,,44,54,48,50,48,0,0,50,52,44,,,,,,,,,,,,False,,,0,,,,,,0,50,,balanced
P3506,Enoch,Vielle,1997-02-21,75,239,Anglo,medium,black,beard,S,SS,,0,,,50,62,52,49,51,51,57,52,51,47,,,,,,,,,,,,47,65,53,48,51,0,0,52,54,45,,,,,,,,,,,,False,,,0,,,,,,0,50,,power
P2367,Manuel,Rodriguez,1989-06-13,77,179,Hispanic,medium,brown,mustache,L,P,,1,RP,CL,,,,,55,,,,49,52,49,50,52,53,55,57,63,66,0,0,0,,,,,0,,,,39,49,42,46,45,51,49,56,55,66,0,0,0,False,,,0,,,,,,0,50,closer,
P6855,Darnell,White,2003-07-31,78,238,African,dark,black,mustache,S,P,,1,RP,SP,,,,,48,,,,53,51,51,51,52,52,51,61,58,62,0,0,0,,,,,0,,,,58,66,63,58,61,59,57,68,72,70,0,0,0,False,,,0,,,,,,0,50,balanced_sp,
P8014,Carlos,Ramos,1994-12-24,71,224,Hispanic,light,brown,clean_shaven,L,P,,1,RP,SP,,,,,48,,,,50,51,54,53,52,48,51,59,59,59,55,0,0,,,,,0,,,,55,51,50,52,51,43,50,58,54,58,57,0,0,False,,,0,,,,,,0,50,workhorse_sp,
P8722,Tom,Vlach,1998-12-28,76,168,Anglo,medium,red,clean_shaven,R,P,,1,RP,SP,,,,,51,,,,48,48,51,52,53,51,51,58,62,63,0,0,0,,,,,0,,,,58,55,62,67,57,63,64,73,67,77,0,0,0,False,,,0,,,,,,0,50,workhorse_sp,
P1180,Otto,Parlor,1999-10-15,70,174,Anglo,medium,black,clean_shaven,R,P,,1,RP,SP,,,,,49,,,,50,52,51,52,52,48,52,61,60,59,57,0,0,,,,,0,,,,55,62,62,60,62,62,61,73,73,74,64,0,0,False,,,0,,,,,,0,50,balanced_sp,
P6529,Eduardo,Ortiz,1987-12-03,73,165,Hispanic,medium,black,beard,R,P,,1,RP,SP,,,,,52,,,,51,52,52,50,52,52,53,0,58,58,60,0,0,,,,,0,,,,44,43,42,45,51,49,48,0,48,54,58,0,0,False,,,0,,,,,,0,50,groundball_sp,
P7780,Gerald,Eugley,1998-04-24,68,240,Anglo,medium,brown,clean_shaven,S,P,,1,RP,SP,,,,,52,,,,52,52,54,50,52,50,54,0,61,59,59,55,0,,,,,0,,,,62,63,61,66,62,60,67,0,68,70,68,69,0,False,,,0,,,,,,0,50,power_sp,
P8231,Ricardo,Martinez,1990-06-03,68,189,Hispanic,dark,black,clean_shaven,L,CF,RF,0,,,50,51,70,49,49,48,45,53,47,52,,,,,,,,,,,,44,43,63,41,49,0,0,53,42,51,,,,,,,,,,,,False,,,0,,,,,,0,50,,speed
P1297,Rafael,Ortiz,1993-09-23,68,160,Hispanic,dark,brown,clean_shaven,L,1B,,0,,,50,57,53,51,50,52,50,49,51,51,,,,,,,,,,,,43,53,44,41,50,0,0,49,44,45,,,,,,,,,,,,False,,,0,,,,,,0,50,,gap
P4203,Pedro,Vargas,2003-12-17,75,186,Hispanic,medium,brown,mustache,R,C,,0,,,70,50,51,52,51,50,58,49,49,51,,,,,,,,,,,,77,64,65,65,51,0,0,49,55,66,,,,,,,,,,,,False,,,0,,,,,,0,50,,spray
P5451,Raul,Ramirez,2000-06-23,73,180,Hispanic,medium,black,clean_shaven,R,C,,0,,,50,50,53,51,50,51,57,50,49,49,,,,,,,,,,,,56,62,60,66,50,0,0,50,63,55,,,,,,,,,,,,False,,,0,,,,,,0,50,,gap
P2246,Eduardo,Morales,2002-11-14,70,237,Hispanic,medium,brown,clean_shaven,R,SS,,0,,,60,50,53,52,53,49,59,49,47,52,,,,,,,,,,,,75,62,58,64,53,0,0,49,57,64,,,,,,,,,,,,False,,,0,,,,,,0,50,,spray
P4072,Marcelo,Rubulcaba,2000-12-13,78,175,Anglo,light,blonde,goatee,R,LF,,0,,,52,48,70,51,52,53,54,49,51,50,,,,,,,,,,,,66,57,81,62,52,0,0,49,65,55,,,,,,,,,,,,False,,,0,,,,,,0,50,,speed
P8282,Jorge,Vasquez,1993-01-12,71,177,Hispanic,light,brown,clean_shaven,L,2B,,0,,,53,52,50,52,49,51,50,53,49,53,,,,,,,,,,,,46,50,40,50,49,0,0,53,39,44,,,,,,,,,,,,False,,,0,,,,,,0,50,,balanced
P6424,Luke,Glessner,2002-03-26,71,238,Anglo,medium,brown,goatee,R,SS,,0,,,51,48,70,52,54,47,56,53,50,51,,,,,,,,,,,,65,62,77,65,54,0,0,53,56,61,,,,,,,,,,,,False,,,0,,,,,,0,50,,speed
P3091,Roberto,Reyes,2008-01-22,68,217,Hispanic,dark,brown,clean_shaven,R,P,,1,RP,CL,,,,,55,,,,47,53,48,51,52,52,51,0,61,65,0,0,0,,,,,0,,,,67,65,78,69,64,79,75,0,76,78,0,0,0,False,,,0,,,,,,0,50,closer,
P3084,Raul,Delgado,2004-04-11,76,201,Hispanic,light,red,clean_shaven,L,P,,1,RP,RP,,,,,49,,,,52,50,53,50,54,52,54,0,0,66,0,0,0,,,,,0,,,,74,72,66,82,83,62,64,0,0,88,0,0,0,False,,,0,,,,,,0,50,power_rp,
P1811,Cornell,Hubbell,2006-08-08,76,190,Anglo,dark,blonde,clean_shaven,R,P,,1,RP,SP,,,,,49,,,,50,53,50,50,53,51,53,63,62,62,57,0,0,,,,,0,,,,77,73,73,63,67,69,83,90,87,72,70,0,0,False,,,0,,,,,,0,50,balanced_sp,
P2441,Fernando,Torres,2004-07-19,76,238,Hispanic,light,black,clean_shaven,R,P,,1,RP,SP,,,,,50,,,,50,53,51,52,52,51,53,0,60,57,59,0,0,,,,,0,,,,70,64,69,63,61,73,65,0,87,87,69,0,0,False,,,0,,,,,,0,50,groundball_sp,
P8202,Eduardo,Torres,2004-12-13,72,200,Hispanic,medium,brown,clean_shaven,L,P,,1,RP,SP,,,,,52,,,,52,53,50,50,54,50,52,0,61,60,0,0,0,,,,,0,,,,64,73,61,83,60,77,63,0,81,88,0,0,0,False,,,0,,,,,,0,50,power_sp,
P3426,Juan,Castillo,2006-04-11,69,232,Hispanic,medium,brown,clean_shaven,R,LF,,0,,,50,60,47,50,48,54,56,51,49,52,,,,,,,,,,,,80,79,66,74,48,0,0,51,64,82,,,,,,,,,,,,False,,,0,,,,,,0,50,,power
P7371,Cedric,Allen,2004-04-17,74,220,African,dark,black,mustache,S,RF,,0,,,53,51,72,53,51,48,51,49,50,52,,,,,,,,,,,,79,80,87,70,51,0,0,49,78,63,,,,,,,,,,,,False,,,0,,,,,,0,50,,speed
P4201,Xavier,Wright,2005-08-28,69,167,African,dark,black,goatee,L,RF,1B,0,,,48,58,52,48,48,50,49,51,48,49,,,,,,,,,,,,63,85,62,77,48,0,0,51,73,67,,,,,,,,,,,,False,,,0,,,,,,0,50,,power
P8026,Deshawn,Jefferson,2006-03-04,74,226,African,dark,black,mustache,S,RF,,0,,,49,48,49,51,52,51,52,50,51,48,,,,,,,,,,,,67,70,60,77,52,0,0,50,61,59,,,,,,,,,,,,False,,,0,,,,,,0,50,,average
P9172,Deshawn,Taylor,2006-11-22,69,243,African,dark,black,beard,R,RF,,0,,,54,48,70,53,52,52,51,48,48,53,,,,,,,,,,,,72,75,81,76,52,0,0,48,62,67,,,,,,,,,,,,False,,,0,,,,,,0,50,,speed
P6640,Domingo,Flaherty,1998-03-13,69,238,Anglo,light,red,beard,R,P,,1,RP,CL,,,,,55,,,,49,53,50,52,52,52,52,0,0,65,0,0,0,,,,,0,,,,59,63,66,62,56,65,58,0,0,80,0,0,0,False,,,0,,,,,,0,50,closer,
P3885,Fernando,Gomez,1988-03-15,73,218,Hispanic,medium,brown,beard,L,P,,1,RP,RP,,,,,53,,,,50,50,49,50,54,53,50,60,60,0,0,0,0,,,,,0,,,,44,48,48,48,43,49,42,58,56,0,0,0,0,False,,,0,,,,,,0,50,finesse_rp,
P9134,Luis,Flores,1989-06-10,68,182,Hispanic,medium,blonde,goatee,L,P,,1,RP,RP,,,,,48,,,,52,54,49,50,52,52,53,0,60,66,0,0,0,,,,,0,,,,43,45,44,52,42,48,51,0,55,57,0,0,0,False,,,0,,,,,,0,50,power_rp,
P9672,Abel,Bernhagen,2001-01-21,72,202,Anglo,medium,black,mustache,R,P,,1,RP,SP,,,,,48,,,,48,52,53,50,52,51,52,62,60,0,0,0,0,,,,,0,,,,57,58,55,58,61,56,61,76,72,0,0,0,0,False,,,0,,,,,,0,50,workhorse_sp,
P1528,Tod,Violett,2004-12-25,73,245,Anglo,medium,brown,clean_shaven,R,P,,1,RP,SP,,,,,49,,,,48,53,50,50,54,52,54,0,59,64,59,55,0,,,,,0,,,,60,71,60,77,75,76,65,0,77,83,78,82,0,False,,,0,,,,,,0,50,power_sp,
P4046,Roderick,Grieb,1994-04-09,69,179,Anglo,light,blonde,clean_shaven,S,P,,1,RP,SP,,,,,49,,,,53,51,52,51,52,49,50,0,60,58,62,0,0,,,,,0,,,,54,49,56,54,51,50,55,0,64,61,66,0,0,False,,,0,,,,,,0,50,groundball_sp,
P2416,Ferdinand,Berning,1990-04-30,69,212,Anglo,light,blonde,clean_shaven,R,P,,1,RP,SP,,,,,51,,,,49,51,53,52,54,49,53,62,62,60,60,0,0,,,,,0,,,,42,48,44,50,50,41,52,60,53,57,60,0,0,False,,,0,,,,,,0,50,power_sp,
P7675,Alejandro,Gonzalez,1990-10-26,75,176,Hispanic,dark,blonde,mustache,R,P,,1,RP,SP,,,,,52,,,,52,49,54,53,52,48,49,58,61,58,0,54,0,,,,,0,,,,46,44,53,45,54,48,44,51,60,53,0,53,0,False,,,0,,,,,,0,50,balanced_sp,
P8143,Eduardo,Garcia,1989-02-08,78,170,Hispanic,medium,black,goatee,R,P,,1,RP,SP,,,,,50,,,,53,53,52,52,54,51,49,0,62,0,61,0,0,,,,,0,,,,52,51,47,46,51,51,48,0,56,0,61,0,0,False,,,0,,,,,,0,50,groundball_sp,
P8890,Darnell,Scott,2000-10-08,71,250,African,dark,black,beard,R,P,,1,RP,RP,,,,,49,,,,52,50,53,53,52,53,49,60,61,0,0,0,0,,,,,0,,,,59,59,62,58,64,68,62,71,66,0,0,0,0,False,,,0,,,,,,0,50,finesse_rp,
P3710,Stanford,Sanders,2000-07-07,69,223,Anglo,medium,black,mustache,L,P,,1,RP,RP,,,,,56,,,,51,52,49,50,54,50,52,0,58,0,60,0,0,,,,,0,,,,65,58,60,63,63,56,63,0,66,0,73,0,0,False,,,0,,,,,,0,50,groundball_rp,
P4157,Cedric,Gaines,1987-08-05,78,210,African,medium,black,goatee,R,C,,0,,,50,52,83,52,52,50,60,50,49,51,,,,,,,,,,,,45,48,82,48,52,0,0,50,43,44,,,,,,,,,,,,False,,,0,,,,,,0,50,,speed
P2683,Ulysses,Wassell,1990-02-17,75,228,Anglo,medium,blonde,clean_shaven,R,1B,,0,,,53,52,51,51,50,53,52,51,48,50,,,,,,,,,,,,52,42,44,49,50,0,0,51,44,45,,,,,,,,,,,,False,,,0,,,,,,0,50,,balanced
P6579,Cedric,Jefferson,1994-05-24,73,184,African,medium,brown,clean_shaven,R,2B,,0,,,54,48,76,55,52,50,59,51,52,52,,,,,,,,,,,,57,51,77,60,52,0,0,51,48,51,,,,,,,,,,,,False,,,0,,,,,,0,50,,speed
P9260,Rufus,Mitchell,1993-10-23,71,240,African,dark,black,beard,L,3B,,0,,,51,51,49,51,51,49,52,51,52,50,,,,,,,,,,,,43,47,45,50,51,0,0,51,50,40,,,,,,,,,,,,False,,,0,,,,,,0,50,,balanced
P9107,Trinidad,Brownsberger,1991-09-15,71,227,Anglo,medium,brown,beard,R,SS,,0,,,54,49,87,52,49,47,57,53,49,51,,,,,,,,,,,,53,45,82,50,49,0,0,53,46,47,,,,,,,,,,,,False,,,0,,,,,,0,50,,speed
P2344,Tyrone,Jackson,1988-09-14,78,240,African,dark,black,beard,R,LF,,0,,,50,64,49,51,47,52,58,52,52,51,,,,,,,,,,,,50,55,41,51,47,0,0,52,43,51,,,,,,,,,,,,False,,,0,,,,,,0,50,,power
P7563,Deshawn,Gaines,1997-04-23,71,164,African,dark,black,clean_shaven,L,CF,,0,,,51,46,70,52,53,49,46,50,49,51,,,,,,,,,,,,51,50,68,49,53,0,0,50,54,51,,,,,,,,,,,,False,,,0,,,,,,0,50,,speed
P5561,Pedro,Lopez,1996-08-06,74,213,Hispanic,medium,brown,clean_shaven,R,RF,,0,,,61,52,50,50,50,49,56,49,51,52,,,,,,,,,,,,63,57,52,47,50,0,0,49,49,55,,,,,,,,,,,,False,,,0,,,,,,0,50,,spray
P6940,Otto,Mclagan,1994-01-30,76,171,Anglo,light,red,clean_shaven,R,LF,,0,,,58,50,50,50,50,49,58,51,48,52,,,,,,,,,,,,48,45,43,42,50,0,0,51,43,43,,,,,,,,,,,,False,,,0,,,,,,0,50,,spray
P7340,Marshall,Griffis,2002-11-21,73,215,Anglo,medium,black,clean_shaven,L,RF,1B,0,,,53,47,70,52,50,49,50,50,48,50,,,,,,,,,,,,64,54,85,60,50,0,0,50,60,65,,,,,,,,,,,,False,,,0,,,,,,0,50,,speed
P8336,Santiago,Dusky,2002-03-15,73,209,Anglo,light,brown,clean_shaven,R,LF,,0,,,60,52,49,52,50,51,58,49,50,52,,,,,,,,,,,,71,61,57,58,50,0,0,49,58,60,,,,,,,,,,,,False,,,0,,,,,,0,50,,spray
P3681,Jermaine,Washington,2003-08-18,75,180,African,dark,brown,clean_shaven,R,LF,,0,,,49,60,52,50,47,51,58,51,50,52,,,,,,,,,,,,57,74,61,56,47,0,0,51,64,57,,,,,,,,,,,,False,,,0,,,,,,0,50,,power
P8033,Luis,Garcia,1995-03-25,77,233,Hispanic,medium,black,goatee,R,LF,,0,,,49,52,52,50,50,52,58,51,51,53,,,,,,,,,,,,49,48,48,55,50,0,0,51,47,57,,,,,,,,,,,,False,,,0,,,,,,0,50,,balanced
P8898,Roberto,Gomez,1992-12-18,78,167,Hispanic,light,black,mustache,R,RF,,0,,,53,61,50,52,51,51,50,48,50,48,,,,,,,,,,,,52,56,47,42,51,0,0,48,47,43,,,,,,,,,,,,False,,,0,,,,,,0,50,,gap
P5402,Ricky,Barbarin,1989-03-08,71,175,Anglo,light,brown,clean_shaven,L,P,,1,RP,CL,,,,,55,,,,52,51,49,50,52,53,52,61,58,66,0,0,0,,,,,0,,,,45,46,43,46,44,50,48,56,52,66,0,0,0,False,,,0,,,,,,0,50,closer,
P8754,Anderson,Wieben,2000-09-12,78,237,Anglo,medium,red,clean_shaven,R,P,,1,RP,LR,,,,,53,,,,51,49,51,50,52,50,52,57,62,66,0,0,0,,,,,0,,,,64,63,64,67,58,60,58,62,69,73,0,0,0,False,,,0,,,,,,0,50,long_relief,
P9474,Carlos,Sanchez,2001-03-12,72,235,Hispanic,light,brown,clean_shaven,L,P,,1,RP,SP,,,,,52,,,,53,51,50,52,52,51,49,0,60,60,0,0,0,,,,,0,,,,59,62,59,66,63,63,57,0,71,74,0,0,0,False,,,0,,,,,,0,50,balanced_sp,
P3592,Micah,Reichmann,2000-06-22,69,177,Anglo,light,black,beard,L,P,,1,RP,RP,,,,,51,,,,50,51,52,50,52,53,52,0,63,63,0,56,0,,,,,0,,,,59,59,56,61,62,62,58,0,68,69,0,68,0,False,,,0,,,,,,0,50,power_rp,
P8246,Malik,Green,2003-04-22,70,234,African,dark,black,beard,L,P,,1,RP,RP,,,,,53,,,,50,51,50,51,52,53,51,59,59,66,0,0,0,,,,,0,,,,63,56,58,62,55,68,66,71,67,76,0,0,0,False,,,0,,,,,,0,50,power_rp,
P6919,Jose,Gomez,1993-12-13,69,167,Hispanic,medium,brown,mustache,R,P,,1,RP,RP,,,,,52,,,,53,51,48,52,53,49,55,56,63,63,0,0,0,,,,,0,,,,50,46,48,44,44,49,50,46,57,53,0,0,0,False,,,0,,,,,,0,50,power_rp,
P7436,Percy,Gaines,1995-06-16,70,234,African,dark,black,beard,R,P,,1,RP,SP,,,,,50,,,,52,53,50,50,52,51,51,60,0,61,0,0,0,,,,,0,,,,48,51,46,56,49,48,47,56,0,65,0,0,0,False,,,0,,,,,,0,50,balanced_sp,
P4313,Deshawn,Scott,1997-08-19,78,172,African,dark,black,clean_shaven,L,SS,,0,,,62,55,50,50,50,50,50,49,51,51,,,,,,,,,,,,61,54,55,49,50,0,0,49,53,49,,,,,,,,,,,,False,,,0,,,,,,0,50,,gap
P2036,Tyrone,Young,1987-05-29,71,206,African,dark,brown,goatee,S,3B,,0,,,48,59,50,49,47,53,53,53,51,49,,,,,,,,,,,,47,53,40,44,47,0,0,53,45,48,,,,,,,,,,,,False,,,0,,,,,,0,50,,power
P4797,Cyrus,Humpal,1996-12-14,74,204,Anglo,medium,blonde,beard,R,SS,,0,,,58,50,52,54,50,48,57,52,52,50,,,,,,,,,,,,59,55,50,54,50,0,0,52,53,50,,,,,,,,,,,,False,,,0,,,,,,0,50,,spray
P5445,Jonas,Moser,1992-10-26,77,227,Anglo,light,brown,clean_shaven,R,RF,,0,,,53,61,49,52,47,53,51,48,50,50,,,,,,,,,,,,50,56,49,46,47,0,0,48,50,50,,,,,,,,,,,,False,,,0,,,,,,0,50,,power
P6292,Len,Neis,1988-01-30,72,187,Anglo,light,black,clean_shaven,L,CF,,0,,,50,48,72,53,51,48,44,49,49,48,,,,,,,,,,,,45,40,72,43,51,0,0,49,40,42,,,,,,,,,,,,False,,,0,,,,,,0,50,,speed
P3877,Cedric,Green,1991-03-01,73,242,African,medium,black,clean_shaven,L,LF,,0,,,50,47,85,52,50,48,50,48,52,53,,,,,,,,,,,,45,45,85,44,50,0,0,48,47,51,,,,,,,,,,,,False,,,0,,,,,,0,50,,elite_speed
P6951,Rafael,Sanchez,1997-06-07,75,250,Hispanic,dark,black,clean_shaven,R,C,,0,,,49,56,48,51,50,50,58,50,50,51,,,,,,,,,,,,44,57,43,56,50,0,0,50,46,54,,,,,,,,,,,,False,,,0,,,,,,0,50,,power
P9840,Lacy,Lutwin,1988-09-19,71,213,Anglo,light,blonde,clean_shaven,L,SS,,0,,,57,50,53,49,54,48,52,53,52,51,,,,,,,,,,,,57,45,46,39,54,0,0,53,51,49,,,,,,,,,,,,False,,,0,,,,,,0,50,,spray
P1546,Tyrone,White,2006-05-30,73,200,African,medium,black,beard,S,P,,1,RP,CL,,,,,55,,,,50,53,49,50,52,53,52,56,0,65,0,0,0,,,,,0,,,,73,68,65,71,79,66,63,69,0,79,0,0,0,False,,,0,,,,,,0,50,closer,
P4012,Jermaine,Jefferson,2007-11-11,71,170,African,light,black,beard,R,P,,1,RP,RP,,,,,52,,,,52,52,51,50,53,51,51,0,63,0,0,0,0,,,,,0,,,,78,81,69,75,69,65,76,0,84,0,0,0,0,False,,,0,,,,,,0,50,power_rp,
P1156,Rufus,Allen,2004-11-13,71,244,African,dark,brown,clean_shaven,L,P,,1,RP,RP,,,,,49,,,,49,50,48,53,52,49,51,59,61,0,0,0,0,,,,,0,,,,72,65,71,63,69,72,75,75,81,0,0,0,0,False,,,0,,,,,,0,50,finesse_rp,
P6895,Malik,Washington,2007-06-05,77,167,African,medium,black,goatee,L,P,,1,RP,SP,,,,,49,,,,51,48,50,52,52,51,50,59,60,59,0,0,0,,,,,0,,,,71,72,68,67,78,76,63,72,74,74,0,0,0,False,,,0,,,,,,0,50,finesse_sp,
P1099,Rufus,Green,2007-05-07,69,189,African,dark,black,mustache,L,P,,1,RP,SP,,,,,51,,,,49,49,53,52,54,53,49,60,59,0,0,0,0,,,,,0,,,,69,69,65,79,73,77,62,83,89,0,0,0,0,False,,,0,,,,,,0,50,finesse_sp,
P3975,John,Shatswell,2007-12-02,69,236,Anglo,medium,blonde,clean_shaven,L,2B,,0,,,54,48,70,53,52,48,52,52,52,49,,,,,,,,,,,,77,72,91,73,52,0,0,52,76,68,,,,,,,,,,,,False,,,0,,,,,,0,50,,speed
P7935,Kristofer,Katoa,2006-12-06,77,216,Anglo,medium,blonde,clean_shaven,R,CF,,0,,,50,58,48,51,48,50,55,50,49,52,,,,,,,,,,,,64,77,66,64,48,0,0,50,77,62,,,,,,,,,,,,False,,,0,,,,,,0,50,,power
P8628,Ricardo,Diaz,2005-01-16,69,167,Hispanic,light,black,clean_shaven,R,C,,0,,,52,51,50,50,48,50,55,49,50,52,,,,,,,,,,,,69,80,74,72,48,0,0,49,62,62,,,,,,,,,,,,False,,,0,,,,,,0,50,,average
P5306,Hunter,Chmura,2007-12-14,74,188,Anglo,light,black,clean_shaven,S,LF,,0,,,50,52,48,49,52,52,53,48,51,52,,,,,,,,,,,,73,78,73,60,52,0,0,48,81,68,,,,,,,,,,,,False,,,0,,,,,,0,50,,average
P8203,Darnell,Robinson,2005-04-15,73,161,African,dark,brown,goatee,L,1B,,0,,,53,64,52,52,47,49,46,51,51,49,,,,,,,,,,,,72,75,78,66,47,0,0,51,72,68,,,,,,,,,,,,False,,,0,,,,,,0,50,,power
P8370,Jermaine,Harris,1994-09-18,77,202,African,dark,black,beard,L,P,,1,RP,CL,,,,,55,,,,52,53,49,50,54,50,52,0,62,65,0,0,0,,,,,0,,,,48,53,47,53,51,51,53,0,67,60,0,0,0,False,,,0,,,,,,0,50,closer,
P1738,Duane,Esfahani,1995-09-15,77,217,Anglo,light,brown,clean_shaven,R,P,,1,RP,SP,,,,,52,,,,48,52,52,53,54,49,52,61,61,58,0,56,0,,,,,0,,,,46,55,53,51,47,50,49,64,57,62,0,60,0,False,,,0,,,,,,0,50,balanced_sp,
P2072,Jermaine,Baker,1995-01-04,74,165,African,dark,brown,clean_shaven,L,P,,1,RP,RP,,,,,51,,,,52,53,52,50,52,52,54,0,59,63,0,0,0,,,,,0,,,,47,49,52,47,50,52,57,0,59,62,0,0,0,False,,,0,,,,,,0,50,power_rp,
P2913,Roberto,Ortiz,1991-10-01,73,220,Hispanic,light,black,clean_shaven,R,P,,1,RP,RP,,,,,49,,,,48,49,51,50,52,53,50,61,61,0,0,58,0,,,,,0,,,,39,43,40,45,42,50,44,59,56,0,0,53,0,False,,,0,,,,,,0,50,finesse_rp,
P7300,Ike,Skyers,2002-09-20,73,203,Anglo,light,brown,clean_shaven,R,P,,1,RP,SP,,,,,47,,,,48,54,53,50,53,52,53,0,61,61,0,0,0,,,,,0,,,,60,67,63,59,67,65,68,0,76,69,0,0,0,False,,,0,,,,,,0,50,power_sp,
P7060,Agustin,Barillaro,1992-05-22,73,178,Anglo,dark,black,beard,R,P,,1,RP,SP,,,,,49,,,,49,50,51,52,52,52,52,61,61,61,57,0,0,,,,,0,,,,47,50,49,44,47,52,46,59,53,55,52,0,0,False,,,0,,,,,,0,50,power_sp,
P9257,Deshawn,White,1989-07-20,68,205,African,light,black,beard,L,P,,1,RP,SP,,,,,48,,,,51,50,52,53,54,51,51,59,61,59,58,0,0,,,,,0,,,,41,41,47,52,49,44,42,57,52,50,55,0,0,False,,,0,,,,,,0,50,workhorse_sp,
P8407,Len,Lesa,1993-09-11,71,184,Anglo,light,blonde,clean_shaven,L,P,,1,RP,SP,,,,,49,,,,52,50,51,53,53,53,50,61,59,60,0,0,0,,,,,0,,,,45,43,43,45,48,44,45,56,56,52,0,0,0,False,,,0,,,,,,0,50,finesse_sp,
P2640,Francisco,Perez,2002-04-12,71,200,Hispanic,medium,black,clean_shaven,R,P,,1,RP,RP,,,,,52,,,,49,48,48,53,54,50,49,58,60,0,59,0,0,,,,,0,,,,63,61,63,68,58,62,58,67,73,0,68,0,0,False,,,0,,,,,,0,50,finesse_rp,
P9515,German,Vence,1990-04-07,72,234,Anglo,medium,blonde,beard,R,P,,1,RP,RP,,,,,55,,,,51,51,51,53,52,53,49,0,0,0,61,0,0,,,,,0,,,,46,51,53,46,43,53,42,0,0,0,55,0,0,False,,,0,,,,,,0,50,groundball_rp,
P3379,Tyrone,Gaines,2001-06-29,69,202,African,dark,brown,clean_shaven,R,P,,1,RP,SP,,,,,48,,,,51,53,54,51,52,51,53,0,61,60,56,57,0,,,,,0,,,,62,60,62,57,60,66,58,0,69,71,70,63,0,False,,,0,,,,,,0,50,power_sp,
P7226,Jerald,Shaklee,1996-12-21,76,230,Anglo,dark,red,beard,S,C,,0,,,52,49,50,49,50,52,54,51,51,49,,,,,,,,,,,,48,52,45,51,50,0,0,51,55,52,,,,,,,,,,,,False,,,0,,,,,,0,50,,average
P7967,Thurman,Arcilla,1995-02-27,76,175,Anglo,light,brown,clean_shaven,R,1B,,0,,,53,50,70,50,52,51,58,51,52,49,,,,,,,,,,,,51,45,69,55,52,0,0,51,56,50,,,,,,,,,,,,False,,,0,,,,,,0,50,,speed
P6702,Albert,Bertagnolli,1993-01-06,78,202,Anglo,light,brown,goatee,R,2B,,0,,,67,50,51,54,51,48,59,49,53,50,,,,,,,,,,,,57,40,51,45,51,0,0,49,47,47,,,,,,,,,,,,False,,,0,,,,,,0,50,,spray
P6361,Jorge,Lopez,1997-12-18,74,179,Hispanic,medium,black,clean_shaven,R,3B,,0,,,52,58,52,52,50,52,58,48,48,51,,,,,,,,,,,,53,60,50,52,50,0,0,48,53,51,,,,,,,,,,,,False,,,0,,,,,,0,50,,power
P2937,Jason,Wunderlich,2003-11-19,78,225,Anglo,medium,blonde,clean_shaven,L,SS,,0,,,51,61,51,50,48,51,53,51,49,52,,,,,,,,,,,,59,75,60,59,48,0,0,51,64,62,,,,,,,,,,,,False,,,0,,,,,,0,50,,power
P8775,Juan,Diaz,1991-04-13,71,238,Hispanic,medium,brown,goatee,R,LF,,0,,,50,53,49,52,50,53,54,52,52,52,,,,,,,,,,,,47,50,49,52,50,0,0,52,43,47,,,,,,,,,,,,False,,,0,,,,,,0,50,,balanced
P5206,Xavier,Baker,1991-08-24,70,228,African,dark,black,clean_shaven,R,CF,,0,,,53,52,49,51,49,51,50,51,51,51,,,,,,,,,,,,45,48,49,46,49,0,0,51,41,51,,,,,,,,,,,,False,,,0,,,,,,0,50,,balanced
P6809,Glenn,Freehling,1996-03-22,69,228,Anglo,medium,brown,beard,S,RF,,0,,,52,53,49,50,48,53,50,50,50,51,,,,,,,,,,,,56,55,50,55,48,0,0,50,51,52,,,,,,,,,,,,False,,,0,,,,,,0,50,,gap
P3738,Rico,Banfield,2003-02-11,77,181,Anglo,light,brown,clean_shaven,L,3B,2B,0,,,51,49,52,52,51,52,52,49,49,51,,,,,,,,,,,,56,61,58,64,51,0,0,49,56,63,,,,,,,,,,,,False,,,0,,,,,,0,50,,average
P3509,Leroy,Allen,2002-08-12,77,190,African,dark,black,clean_shaven,R,3B,,0,,,48,51,48,51,51,49,55,48,50,49,,,,,,,,,,,,54,66,54,57,51,0,0,48,55,62,,,,,,,,,,,,False,,,0,,,,,,0,50,,balanced
P1579,Darnell,Carter,2003-11-06,78,240,African,dark,black,clean_shaven,R,3B,RF,0,,,52,51,52,51,48,53,58,52,51,49,,,,,,,,,,,,59,56,66,62,48,0,0,52,60,55,,,,,,,,,,,,False,,,0,,,,,,0,50,,average
P3464,Don,Leaks,1995-12-29,75,190,Anglo,light,black,clean_shaven,L,CF,,0,,,50,54,52,50,52,51,46,51,48,49,,,,,,,,,,,,53,50,51,49,52,0,0,51,47,45,,,,,,,,,,,,False,,,0,,,,,,0,50,,balanced
P7333,Percy,Harris,2001-01-07,76,173,African,light,black,beard,S,SS,,0,,,51,52,80,50,52,49,55,49,50,50,,,,,,,,,,,,58,61,85,58,52,0,0,49,56,61,,,,,,,,,,,,False,,,0,,,,,,0,50,,speed
P8483,Antonio,Hernandez,2001-12-07,73,200,Hispanic,dark,brown,clean_shaven,L,RF,,0,,,59,65,49,52,50,52,48,51,49,50,,,,,,,,,,,,67,75,55,59,50,0,0,51,61,59,,,,,,,,,,,,False,,,0,,,,,,0,50,,gap
P2564,Darnell,Walker,2001-01-01,71,228,African,dark,black,mustache,S,P,,1,RP,CL,,,,,55,,,,52,50,51,50,52,49,56,0,0,65,0,0,0,,,,,0,,,,63,63,59,63,66,54,69,0,0,71,0,0,0,False,,,0,,,,,,0,50,closer,
P3448,Jefferson,Constante,1993-06-06,71,208,Anglo,medium,brown,clean_shaven,L,P,,1,RP,SP,,,,,50,,,,51,52,51,50,52,50,49,62,60,60,0,58,0,,,,,0,,,,47,45,48,49,50,42,47,56,51,57,0,52,0,False,,,0,,,,,,0,50,balanced_sp,
P2350,Hector,Cruz,1998-06-25,77,184,Hispanic,light,black,clean_shaven,L,P,,1,RP,SP,,,,,50,,,,48,53,50,52,52,49,52,59,58,0,61,0,0,,,,,0,,,,56,68,59,61,57,57,63,66,63,0,72,0,0,False,,,0,,,,,,0,50,groundball_sp,
P5137,Alejandro,Lopez,1990-08-24,78,174,Hispanic,medium,blonde,clean_shaven,R,P,,1,RP,SP,,,,,50,,,,52,54,51,50,54,50,52,0,63,63,0,53,0,,,,,0,,,,43,52,46,48,49,42,47,0,57,57,0,53,0,False,,,0,,,,,,0,50,power_sp,
P9205,Xavier,Mitchell,1999-08-10,68,220,African,dark,brown,mustache,L,P,,1,RP,RP,,,,,52,,,,50,50,51,50,52,53,50,62,61,0,0,0,0,,,,,0,,,,64,56,56,58,60,62,60,74,76,0,0,0,0,False,,,0,,,,,,0,50,finesse_rp,
P9781,Bryan,Mclennon,1997-04-19,75,178,Anglo,light,brown,beard,L,P,,1,RP,SP,,,,,49,,,,52,52,52,51,52,52,50,59,60,61,0,0,0,,,,,0,,,,48,51,46,50,56,53,52,61,62,59,0,0,0,False,,,0,,,,,,0,50,finesse_sp,
P3318,Rufus,Robinson,1995-11-26,76,211,African,dark,black,clean_shaven,L,P,,1,RP,SP,,,,,52,,,,50,49,52,51,53,52,50,61,64,0,0,0,0,,,,,0,,,,54,45,50,56,55,52,54,63,60,0,0,0,0,False,,,0,,,,,,0,50,finesse_sp,
P3757,Rufus,Harris,1994-06-07,70,201,African,medium,black,clean_shaven,R,SS,,0,,,52,50,51,51,51,50,61,49,52,52,,,,,,,,,,,,55,53,46,56,51,0,0,49,52,50,,,,,,,,,,,,False,,,0,,,,,,0,50,,balanced
P7824,Deshawn,Green,1991-12-05,68,206,African,dark,black,clean_shaven,R,LF,,0,,,51,59,52,52,50,53,54,49,49,52,,,,,,,,,,,,45,50,46,52,50,0,0,49,42,43,,,,,,,,,,,,False,,,0,,,,,,0,50,,power
P5517,Abdul,Koepf,1995-10-09,76,215,Anglo,light,brown,beard,L,1B,,0,,,49,61,52,50,47,54,46,49,50,49,,,,,,,,,,,,49,61,50,46,47,0,0,49,51,52,,,,,,,,,,,,False,,,0,,,,,,0,50,,power
P1685,Fred,Bienvenu,1999-11-05,68,239,Anglo,light,red,clean_shaven,L,LF,1B,0,,,50,56,51,50,51,51,51,51,49,49,,,,,,,,,,,,65,63,64,58,51,0,0,51,57,61,,,,,,,,,,,,False,,,0,,,,,,0,50,,gap
P1928,Roberto,Cruz,1996-12-17,71,239,Hispanic,light,brown,mustache,R,CF,P,0,,,50,47,70,51,51,53,52,0,52,50,,,,,,,,,,,,48,44,68,55,51,0,0,0,55,45,,,,,,,,,,,,False,,,0,,,,,,0,50,,speed
P3939,Andrew,Pfeiffer,2005-01-24,69,234,Anglo,dark,red,clean_shaven,L,CF,,0,,,53,51,51,52,50,49,43,50,48,52,,,,,,,,,,,,66,70,75,82,50,0,0,50,59,65,,,,,,,,,,,,False,,,0,,,,,,0,50,,balanced
P3083,Manuel,Sanchez,1989-06-24,73,229,Hispanic,medium,brown,beard,S,CF,,0,,,60,49,54,49,50,48,46,48,52,49,,,,,,,,,,,,54,41,47,49,50,0,0,48,45,48,,,,,,,,,,,,False,,,0,,,,,,0,50,,spray
P7053,Deshawn,Baker,1989-08-27,68,166,African,dark,black,clean_shaven,L,1B,,0,,,54,56,53,50,48,52,45,52,50,50,,,,,,,,,,,,48,46,50,46,48,0,0,52,48,43,,,,,,,,,,,,False,,,0,,,,,,0,50,,gap
P9270,Rufus,Washington,2006-08-30,71,238,African,medium,black,beard,L,P,,1,RP,CL,,,,,55,,,,51,54,48,52,52,51,52,57,62,65,0,0,0,,,,,0,,,,63,81,79,75,62,64,82,83,79,93,0,0,0,False,,,0,,,,,,0,50,closer,
P6312,Francisco,Rodriguez,2007-06-22,71,172,Hispanic,dark,black,clean_shaven,L,P,RF,1,RP,SP,,,,,51,,,,49,54,54,50,52,48,56,0,60,61,0,0,0,,,,,0,,,,78,81,69,79,80,75,86,0,87,71,0,0,0,False,,,0,,,,,,0,50,power_sp,
P9498,Jermaine,Allen,2006-09-22,76,248,African,dark,black,clean_shaven,R,P,,1,RP,SP,,,,,51,,,,49,49,53,50,52,50,52,60,60,58,56,0,0,,,,,0,,,,74,68,70,67,75,72,67,70,84,79,75,0,0,False,,,0,,,,,,0,50,balanced_sp,
P7388,Rufus,Jackson,2006-11-03,69,168,African,dark,black,goatee,S,P,,1,RP,RP,,,,,57,,,,48,49,49,53,52,50,54,59,0,66,61,0,0,,,,,0,,,,75,67,79,62,76,61,67,80,0,85,76,0,0,False,,,0,,,,,,0,50,groundball_rp,
P6758,Tyrone,Allen,2005-03-01,69,177,African,dark,brown,mustache,R,P,,1,RP,SP,,,,,50,,,,52,48,50,53,54,50,52,62,58,62,0,0,0,,,,,0,,,,68,73,67,80,70,79,74,91,80,85,0,0,0,False,,,0,,,,,,0,50,workhorse_sp,
P7370,Ricardo,Garcia,2004-08-06,74,215,Hispanic,light,brown,clean_shaven,S,LF,,0,,,53,53,50,52,48,53,52,49,51,51,,,,,,,,,,,,67,69,60,67,48,0,0,49,74,75,,,,,,,,,,,,False,,,0,,,,,,0,50,,balanced
P5732,Adan,Gradillas,2004-06-05,78,164,Anglo,light,black,mustache,L,3B,,0,,,51,49,51,50,50,50,47,51,48,50,,,,,,,,,,,,67,61,73,76,50,0,0,51,62,69,,,,,,,,,,,,False,,,0,,,,,,0,50,,balanced
P8284,Jamal,Gaines,2005-08-09,75,165,African,dark,brown,clean_shaven,L,1B,,0,,,49,53,51,51,49,50,49,49,50,51,,,,,,,,,,,,74,77,67,76,49,0,0,49,66,78,,,,,,,,,,,,False,,,0,,,,,,0,50,,balanced
P3843,Percy,Allen,2006-08-28,77,230,African,dark,black,clean_shaven,R,2B,,0,,,50,52,48,51,51,49,54,50,51,49,,,,,,,,,,,,64,63,78,68,51,0,0,50,81,77,,,,,,,,,,,,False,,,0,,,,,,0,50,,average
P2127,Tyrone,Walker,2007-08-18,75,218,African,dark,black,clean_shaven,R,LF,,0,,,50,48,70,49,53,47,56,50,51,53,,,,,,,,,,,,71,75,93,68,53,0,0,50,66,81,,,,,,,,,,,,False,,,0,,,,,,0,50,,speed
P8290,Cedric,Washington,1999-04-17,76,227,African,dark,black,clean_shaven,R,P,,1,RP,CL,,,,,55,,,,48,50,49,50,52,52,53,57,59,67,0,0,0,,,,,0,,,,53,62,65,67,59,60,67,72,73,78,0,0,0,False,,,0,,,,,,0,50,closer,
P3139,Ricardo,Vargas,1989-07-29,74,235,Hispanic,light,black,mustache,R,P,,1,RP,SP,,,,,54,,,,49,48,53,52,52,51,51,61,59,59,58,0,0,,,,,0,,,,42,48,47,51,49,51,49,59,51,50,58,0,0,False,,,0,,,,,,0,50,groundball_sp,
P6527,Deshawn,King,1987-03-09,76,247,African,dark,brown,beard,R,P,,1,RP,CL,,,,,51,,,,48,54,47,50,53,50,55,59,61,65,0,0,0,,,,,0,,,,45,44,40,52,39,48,53,51,55,61,0,0,0,False,,,0,,,,,,0,50,closer,
P7136,Rufus,White,1988-08-04,71,188,African,dark,black,clean_shaven,L,P,,1,RP,RP,,,,,52,,,,50,51,48,52,52,50,55,0,62,0,0,0,0,,,,,0,,,,48,45,52,44,41,44,48,0,60,0,0,0,0,False,,,0,,,,,,0,50,power_rp,
P5731,Alvaro,Ketron,2003-03-19,69,199,Anglo,light,brown,goatee,L,P,,1,RP,SP,,,,,52,,,,52,51,51,53,52,48,52,0,61,59,0,0,0,,,,,0,,,,65,65,59,67,58,58,58,0,73,73,0,0,0,False,,,0,,,,,,0,50,balanced_sp,
P2621,Cedric,Baker,1991-08-12,74,199,African,dark,black,clean_shaven,R,P,,1,RP,SP,,,,,51,,,,52,53,52,51,52,52,53,0,64,63,55,0,0,,,,,0,,,,44,49,50,44,46,46,51,0,62,61,47,0,0,False,,,0,,,,,,0,50,power_sp,
P8827,Darnell,Mitchell,2003-06-08,69,233,African,dark,black,goatee,R,P,,1,RP,SP,,,,,50,,,,52,50,50,51,52,53,49,60,62,62,0,55,0,,,,,0,,,,67,65,57,66,58,60,54,69,69,72,0,63,0,False,,,0,,,,,,0,50,workhorse_sp,
P9927,Fernando,Cruz,1990-11-01,69,182,Hispanic,light,black,clean_shaven,S,P,,1,RP,RP,,,,,54,,,,49,48,49,50,54,52,53,57,58,64,0,0,0,,,,,0,,,,41,38,49,44,39,50,51,50,49,64,0,0,0,False,,,0,,,,,,0,50,finesse_rp,
P1037,Jamal,Mitchell,1992-02-09,78,176,African,dark,black,clean_shaven,R,P,,1,RP,RP,,,,,50,,,,49,49,50,50,52,50,53,57,0,0,0,0,0,,,,,0,,,,49,45,40,47,46,42,45,50,0,0,0,0,0,False,,,0,,,,,,0,50,finesse_rp,
P9913,Antonio,Castillo,2002-08-31,72,201,Hispanic,medium,brown,clean_shaven,S,P,,1,RP,RP,,,,,51,,,,49,52,52,50,54,51,52,59,62,0,59,0,0,,,,,0,,,,63,64,65,67,60,60,57,68,77,0,70,0,0,False,,,0,,,,,,0,50,finesse_rp,
P7472,Hector,Gonzalez,2001-06-10,75,174,Hispanic,light,blonde,clean_shaven,R,P,,1,RP,RP,,,,,57,,,,50,50,52,52,53,51,50,0,60,64,62,0,0,,,,,0,,,,60,59,62,66,59,57,60,0,71,69,74,0,0,False,,,0,,,,,,0,50,groundball_rp,
P5821,Lynn,Orrego,2000-03-02,68,216,Anglo,light,brown,clean_shaven,S,C,,0,,,53,51,51,50,49,49,54,52,52,53,,,,,,,,,,,,66,61,66,64,49,0,0,52,65,60,,,,,,,,,,,,False,,,0,,,,,,0,50,,balanced
P2435,Leroy,Jefferson,1999-06-30,69,184,African,dark,black,beard,S,1B,,0,,,51,51,70,50,52,53,50,48,51,49,,,,,,,,,,,,66,60,82,61,52,0,0,48,57,54,,,,,,,,,,,,False,,,0,,,,,,0,50,,speed
P9951,Roberto,Gonzalez,1990-08-04,77,167,Hispanic,medium,black,beard,R,2B,,0,,,61,48,49,58,53,49,55,49,50,48,,,,,,,,,,,,57,48,46,58,53,0,0,49,40,40,,,,,,,,,,,,False,,,0,,,,,,0,50,,spray
P1787,Jamal,Carter,1991-11-01,78,196,African,dark,brown,goatee,L,3B,,0,,,63,51,52,51,52,47,49,51,51,48,,,,,,,,,,,,53,42,45,51,52,0,0,51,45,42,,,,,,,,,,,,False,,,0,,,,,,0,50,,spray
P3233,Jayson,Masell,1990-04-30,74,197,Anglo,light,brown,goatee,R,SS,,0,,,49,49,51,51,51,48,55,52,48,48,,,,,,,,,,,,41,48,51,45,51,0,0,52,43,41,,,,,,,,,,,,False,,,0,,,,,,0,50,,balanced
P8716,Salvador,Otomo,1995-12-30,72,201,Anglo,light,blonde,clean_shaven,R,LF,,0,,,52,53,48,51,49,52,56,51,50,52,,,,,,,,,,,,54,49,49,55,49,0,0,51,49,53,,,,,,,,,,,,False,,,0,,,,,,0,50,,average
P2425,Gabriel,Sandhoff,2003-04-06,68,228,Anglo,light,black,clean_shaven,S,CF,,0,,,51,54,50,52,49,50,47,49,49,49,,,,,,,,,,,,56,60,65,64,49,0,0,49,61,56,,,,,,,,,,,,False,,,0,,,,,,0,50,,gap
P2189,Pedro,Gomez,1993-04-03,70,203,Hispanic,light,brown,clean_shaven,R,RF,,0,,,57,65,50,51,49,51,58,49,48,52,,,,,,,,,,,,47,64,47,45,49,0,0,49,40,49,,,,,,,,,,,,False,,,0,,,,,,0,50,,gap
P3880,Percy,Young,2000-05-14,70,212,African,dark,black,clean_shaven,L,1B,,0,,,50,53,51,50,53,51,48,51,49,50,,,,,,,,,,,,55,63,56,56,53,0,0,51,54,64,,,,,,,,,,,,False,,,0,,,,,,0,50,,balanced
P2392,Fabian,Gullickson,1999-06-17,77,204,Anglo,medium,blonde,clean_shaven,S,1B,,0,,,52,58,50,50,49,53,48,53,52,49,,,,,,,,,,,,63,68,56,62,49,0,0,53,63,60,,,,,,,,,,,,False,,,0,,,,,,0,50,,power
P6558,Eduardo,Vasquez,1998-05-25,75,250,Hispanic,medium,blonde,clean_shaven,R,3B,,0,,,51,57,52,50,46,50,59,50,52,52,,,,,,,,,,,,64,67,57,55,46,0,0,50,66,60,,,,,,,,,,,,False,,,0,,,,,,0,50,,power
P6806,Xavier,Carter,1994-06-27,77,161,African,dark,black,clean_shaven,L,1B,,0,,,51,61,51,50,50,50,47,51,49,50,,,,,,,,,,,,53,56,56,46,50,0,0,51,51,50,,,,,,,,,,,,False,,,0,,,,,,0,50,,power
P1440,Rufus,Gaines,2003-03-16,74,233,African,dark,black,clean_shaven,R,2B,,0,,,56,51,85,52,52,48,59,48,50,49,,,,,,,,,,,,69,60,97,60,52,0,0,48,57,59,,,,,,,,,,,,False,,,0,,,,,,0,50,,elite_speed
P1474,Percy,Robinson,2000-04-10,78,177,African,medium,black,mustache,R,LF,,0,,,53,52,49,52,50,52,55,53,53,49,,,,,,,,,,,,67,62,55,62,50,0,0,53,60,61,,,,,,,,,,,,False,,,0,,,,,,0,50,,average
P5661,Tyrone,Carter,2000-03-01,69,168,African,dark,black,clean_shaven,S,P,,1,RP,CL,,,,,55,,,,52,51,49,51,52,52,53,0,0,66,0,0,0,,,,,0,,,,62,66,56,61,55,66,58,0,0,81,0,0,0,False,,,0,,,,,,0,50,closer,
P5836,Malik,Wright,2004-05-16,75,236,African,dark,black,clean_shaven,L,P,,1,RP,SP,,,,,52,,,,52,52,51,50,52,52,49,60,0,60,0,0,0,,,,,0,,,,72,75,62,72,73,64,59,71,0,79,0,0,0,False,,,0,,,,,,0,50,balanced_sp,
P5614,Austin,Reginaldo,2002-06-08,76,172,Anglo,light,black,goatee,R,P,,1,RP,SP,,,,,51,,,,52,48,53,50,53,49,49,0,0,58,60,0,0,,,,,0,,,,65,61,63,61,68,61,56,0,0,73,66,0,0,False,,,0,,,,,,0,50,groundball_sp,
P3661,Hector,Martinez,1992-03-16,70,185,Hispanic,medium,black,clean_shaven,R,P,,1,RP,SP,,,,,50,,,,52,49,50,53,54,50,51,0,62,62,0,0,0,,,,,0,,,,50,46,53,50,47,44,44,0,57,62,0,0,0,False,,,0,,,,,,0,50,balanced_sp,
P1659,Miguel,Gomez,1993-01-09,78,209,Hispanic,medium,brown,clean_shaven,L,P,,1,RP,SP,,,,,51,,,,51,52,53,50,52,52,52,57,0,60,58,0,0,,,,,0,,,,49,44,47,44,46,42,43,57,0,55,48,0,0,False,,,0,,,,,,0,50,groundball_sp,
P7977,Jorge,Perez,1997-09-07,74,163,Hispanic,light,black,clean_shaven,S,P,,1,RP,SP,,,,,51,,,,52,49,54,52,52,49,51,0,64,59,61,57,0,,,,,0,,,,53,50,50,48,49,47,55,0,66,58,61,58,0,False,,,0,,,,,,0,50,power_sp,
P3374,Adolph,Buske,2000-08-13,70,168,Anglo,light,brown,clean_shaven,L,P,,1,RP,SP,,,,,36,,,,51,51,52,51,54,49,53,58,61,64,0,0,0,,,,,51,,,,66,58,64,69,62,57,60,65,68,77,0,0,0,False,,,0,,,,,,0,50,power_sp,
P7826,Cedric,King,1997-04-12,73,205,African,dark,black,mustache,R,C,,0,,,49,49,50,50,51,53,56,48,52,49,,,,,,,,,,,,45,45,55,47,51,0,0,48,49,50,,,,,,,,,,,,False,,,0,,,,,,0,50,,average
P7722,Jorge,Hernandez,2005-01-31,78,235,Hispanic,dark,blonde,clean_shaven,R,1B,,0,,,50,48,70,51,50,48,55,50,49,52,,,,,,,,,,,,64,70,92,71,50,0,0,50,77,67,,,,,,,,,,,,False,,,0,,,,,,0,50,,speed
P5230,Jose,Castillo,1990-05-22,72,234,Hispanic,medium,black,clean_shaven,R,C,,0,,,51,54,48,50,49,50,57,49,49,48,,,,,,,,,,,,41,45,39,40,49,0,0,49,48,39,,,,,,,,,,,,False,,,0,,,,,,0,50,,balanced
P4923,Raul,Castillo,1999-07-10,78,241,Hispanic,medium,black,clean_shaven,R,3B,,0,,,50,57,49,49,50,49,58,51,49,52,,,,,,,,,,,,56,69,62,64,50,0,0,51,60,65,,,,,,,,,,,,False,,,0,,,,,,0,50,,power
P7986,Juan,Perez,1991-03-07,72,175,Hispanic,dark,brown,clean_shaven,R,3B,,0,,,48,58,51,48,47,51,59,49,51,51,,,,,,,,,,,,38,53,41,47,47,0,0,49,44,42,,,,,,,,,,,,False,,,0,,,,,,0,50,,power
P8313,Jamal,Jackson,1988-02-27,74,246,African,dark,black,mustache,R,C,,0,,,50,61,49,50,48,49,58,52,52,52,,,,,,,,,,,,40,54,45,47,48,0,0,52,43,42,,,,,,,,,,,,False,,,0,,,,,,0,50,,power
P7782,Leroy,Robinson,1998-02-22,71,216,African,dark,black,clean_shaven,R,RF,,0,,,49,58,48,49,47,53,58,47,47,50,,,,,,,,,,,,48,62,43,49,47,0,0,47,52,52,,,,,,,,,,,,False,,,0,,,,,,0,50,,power
P1382,Rafael,Cruz,1996-11-28,73,241,Hispanic,medium,brown,goatee,R,SS,,0,,,51,52,52,49,52,49,55,51,48,49,,,,,,,,,,,,50,55,51,46,52,0,0,51,45,52,,,,,,,,,,,,False,,,0,,,,,,0,50,,balanced
P1446,Antonia,Eliezrie,2005-10-26,74,165,Anglo,dark,black,clean_shaven,R,P,RF,1,RP,CL,,,,,55,,,,48,53,51,50,53,50,51,60,60,65,0,0,0,,,,,0,,,,69,69,70,71,76,64,61,86,76,92,0,0,0,False,,,0,,,,,,0,50,closer,
P5751,Arnoldo,Finister,2006-09-02,68,233,Anglo,light,red,mustache,S,P,,1,RP,SP,,,,,50,,,,50,53,50,50,52,48,50,58,61,62,56,0,0,,,,,0,,,,72,81,60,75,79,73,72,68,71,86,75,0,0,False,,,0,,,,,,0,50,balanced_sp,
P4534,Luis,Cruz,2006-02-14,68,212,Hispanic,light,black,mustache,R,P,,1,RP,CL,,,,,51,,,,50,54,48,50,54,49,54,57,58,65,0,0,0,,,,,0,,,,73,64,67,83,67,73,82,84,69,77,0,0,0,False,,,0,,,,,,0,50,closer,
P1817,Xavier,King,2004-04-21,72,187,African,dark,brown,clean_shaven,L,P,,1,RP,RP,,,,,53,,,,48,51,49,52,52,52,53,0,59,0,0,0,0,,,,,0,,,,67,81,79,63,76,65,72,0,88,0,0,0,0,False,,,0,,,,,,0,50,finesse_rp,
P8962,Ricardo,Vasquez,2006-04-24,75,166,Hispanic,medium,red,clean_shaven,R,P,,1,RP,RP,,,,,52,,,,52,51,51,52,52,49,51,0,59,63,60,0,0,,,,,0,,,,74,77,77,77,68,72,62,0,80,79,90,0,0,False,,,0,,,,,,0,50,power_rp,
P1603,Miguel,Rodriguez,2006-03-11,78,232,Hispanic,medium,blonde,goatee,L,C,,0,,,53,52,50,50,53,53,48,52,52,52,,,,,,,,,,,,70,72,73,60,53,0,0,52,62,72,,,,,,,,,,,,False,,,0,,,,,,0,50,,balanced
P8998,Tyrone,Scott,2005-07-10,70,231,African,light,black,clean_shaven,R,CF,,0,,,53,50,49,52,49,48,51,49,51,53,,,,,,,,,,,,76,77,71,62,49,0,0,49,77,67,,,,,,,,,,,,False,,,0,,,,,,0,50,,balanced
P4766,Mose,Hadson,2004-11-04,71,203,Anglo,medium,black,clean_shaven,R,2B,,0,,,57,49,48,55,49,52,58,51,49,52,,,,,,,,,,,,77,68,64,79,49,0,0,51,69,82,,,,,,,,,,,,False,,,0,,,,,,0,50,,gap
P4093,Burt,Dailey,2006-10-23,76,226,Anglo,light,brown,clean_shaven,R,LF,,0,,,53,53,71,52,52,52,56,50,48,48,,,,,,,,,,,,83,78,97,70,52,0,0,50,60,70,,,,,,,,,,,,False,,,0,,,,,,0,50,,speed
P5041,Malik,Jefferson,2007-04-02,78,219,African,medium,black,clean_shaven,R,3B,,0,,,50,57,49,52,50,53,56,52,52,47,,,,,,,,,,,,62,80,69,64,50,0,0,52,64,62,,,,,,,,,,,,False,,,0,,,,,,0,50,,power
P6496,Jerrold,Bemo,1994-12-13,76,196,Anglo,light,brown,clean_shaven,R,P,,1,RP,CL,,,,,55,,,,51,50,47,50,52,50,56,58,61,67,0,0,0,,,,,0,,,,48,50,46,48,42,47,58,56,58,69,0,0,0,False,,,0,,,,,,0,50,closer,
P1016,Cedric,Taylor,1991-11-27,73,210,African,dark,black,clean_shaven,S,P,,1,RP,CL,,,,,51,,,,50,51,52,52,53,53,54,57,60,65,0,0,0,,,,,0,,,,47,45,49,53,42,53,45,54,50,58,0,0,0,False,,,0,,,,,,0,50,closer,
P2993,Hubert,Rommelfanger,1995-11-03,73,206,Anglo,light,black,clean_shaven,R,P,,1,RP,RP,,,,,53,,,,51,51,51,53,52,51,51,0,59,0,60,0,0,,,,,0,,,,54,48,58,47,51,51,53,0,64,0,64,0,0,False,,,0,,,,,,0,50,groundball_rp,
P4875,Fernando,Martinez,1993-10-09,72,190,Hispanic,light,brown,clean_shaven,R,P,,1,RP,CL,,,,,52,,,,52,53,51,50,52,51,56,0,0,65,0,0,0,,,,,0,,,,43,44,42,47,42,47,49,0,0,61,0,0,0,False,,,0,,,,,,0,50,closer,
P2747,Deshawn,Harris,1992-06-04,74,228,African,dark,black,beard,S,P,,1,RP,SP,,,,,50,,,,51,49,53,53,52,53,48,63,64,0,0,0,0,,,,,0,,,,49,40,52,44,44,45,41,58,57,0,0,0,0,False,,,0,,,,,,0,50,finesse_sp,
P7679,Johnnie,Kinaj,1987-05-17,77,201,Anglo,light,blonde,clean_shaven,R,P,,1,RP,RP,,,,,52,,,,51,50,50,50,52,51,51,0,63,67,60,0,0,,,,,0,,,,47,42,49,44,46,45,42,0,61,63,53,0,0,False,,,0,,,,,,0,50,power_rp,
P2426,Tyron,Reau,1990-12-20,75,176,Anglo,light,black,clean_shaven,R,P,,1,RP,SP,,,,,48,,,,49,52,50,53,52,50,52,60,59,61,58,0,0,,,,,0,,,,42,46,43,52,49,49,43,53,56,51,48,0,0,False,,,0,,,,,,0,50,balanced_sp,
P9114,Tyrone,King,1992-01-04,68,196,African,dark,black,mustache,R,P,,1,RP,LR,,,,,51,,,,50,52,53,52,52,53,52,61,0,0,0,0,0,,,,,0,,,,48,51,52,43,45,48,51,53,0,0,0,0,0,False,,,0,,,,,,0,50,long_relief,
P5887,Chauncey,Wyles,2004-03-29,70,250,Anglo,medium,brown,clean_shaven,R,P,,1,RP,RP,,,,,52,,,,53,50,51,52,54,51,53,0,59,0,0,0,0,,,,,0,,,,79,73,66,69,69,74,65,0,80,0,0,0,0,False,,,0,,,,,,0,50,finesse_rp,
P7170,Myles,Hales,1993-08-28,73,181,Anglo,light,brown,clean_shaven,L,P,,1,RP,SP,,,,,52,,,,50,49,53,50,52,52,49,0,62,62,0,0,0,,,,,0,,,,49,43,49,48,43,48,43,0,62,55,0,0,0,False,,,0,,,,,,0,50,balanced_sp,
P2551,Gail,Vickery,1997-12-16,72,216,Anglo,light,brown,clean_shaven,R,P,,1,RP,SP,,,,,52,,,,49,51,53,50,53,50,51,0,59,61,0,57,0,,,,,0,,,,49,48,55,58,58,47,49,0,59,65,0,53,0,False,,,0,,,,,,0,50,power_sp,
P2981,Ricardo,Castillo,1994-04-23,71,172,Hispanic,light,black,beard,R,C,,0,,,51,50,48,51,51,53,59,53,51,48,,,,,,,,,,,,56,51,52,51,51,0,0,53,50,44,,,,,,,,,,,,False,,,0,,,,,,0,50,,balanced
P3751,Cedric,White,2001-05-23,75,214,African,dark,black,beard,S,1B,,0,,,65,53,49,50,49,49,50,51,53,49,,,,,,,,,,,,71,58,57,65,49,0,0,51,64,63,,,,,,,,,,,,False,,,0,,,,,,0,50,,spray
P6823,Percy,Walker,2000-08-02,74,242,African,medium,black,mustache,R,2B,,0,,,52,48,85,52,52,51,55,50,48,49,,,,,,,,,,,,63,56,95,61,52,0,0,50,58,61,,,,,,,,,,,,False,,,0,,,,,,0,50,,elite_speed
P2201,Tyrone,Mitchell,1990-08-24,75,168,African,medium,black,clean_shaven,R,3B,,0,,,51,48,48,52,47,51,59,50,52,49,,,,,,,,,,,,43,38,48,52,47,0,0,50,48,49,,,,,,,,,,,,False,,,0,,,,,,0,50,,balanced
P5780,Cristopher,Kole,1994-09-21,73,178,Anglo,light,brown,clean_shaven,R,SS,,0,,,53,50,51,50,52,48,60,51,48,51,,,,,,,,,,,,56,53,48,51,52,0,0,51,52,52,,,,,,,,,,,,False,,,0,,,,,,0,50,,balanced
P2574,Roberto,Hernandez,2004-04-21,68,241,Hispanic,light,blonde,beard,R,LF,,0,,,52,60,50,53,48,53,58,52,49,49,,,,,,,,,,,,71,88,72,69,48,0,0,52,61,62,,,,,,,,,,,,False,,,0,,,,,,0,50,,power
P5289,Malik,Harris,1994-11-14,76,237,African,dark,black,clean_shaven,S,CF,,0,,,51,53,50,50,51,51,50,48,51,49,,,,,,,,,,,,55,51,45,51,51,0,0,48,51,54,,,,,,,,,,,,False,,,0,,,,,,0,50,,average
P2345,Tyrone,Green,1994-07-05,68,176,African,dark,black,beard,L,RF,,0,,,51,53,48,51,48,53,46,51,48,48,,,,,,,,,,,,49,54,44,54,48,0,0,51,46,48,,,,,,,,,,,,False,,,0,,,,,,0,50,,balanced
P7542,Malik,Allen,2005-02-25,74,222,African,medium,black,clean_shaven,R,1B,,0,,,52,64,51,51,51,49,54,48,51,51,,,,,,,,,,,,72,92,67,62,51,0,0,48,80,68,,,,,,,,,,,,False,,,0,,,,,,0,50,,power
P6514,Alberto,Viscome,1995-01-11,78,202,Anglo,light,blonde,goatee,R,3B,,0,,,60,58,50,50,48,51,57,50,50,49,,,,,,,,,,,,64,54,53,48,48,0,0,50,51,47,,,,,,,,,,,,False,,,0,,,,,,0,50,,gap
P4018,Luis,Ramos,1990-02-13,74,162,Hispanic,medium,brown,mustache,R,RF,1B,0,,,59,49,49,51,51,51,56,47,52,48,,,,,,,,,,,,59,46,48,49,51,0,0,47,52,48,,,,,,,,,,,,False,,,0,,,,,,0,50,,spray
P5060,Margarito,Mako,2001-09-03,75,177,Anglo,light,blonde,goatee,L,1B,,0,,,50,58,52,50,51,49,43,50,52,50,,,,,,,,,,,,60,69,65,65,51,0,0,50,63,65,,,,,,,,,,,,False,,,0,,,,,,0,50,,gap
P9391,Luis,Diaz,2001-12-18,73,218,Hispanic,dark,blonde,mustache,R,RF,,0,,,51,52,49,49,52,48,58,50,51,49,,,,,,,,,,,,56,66,63,62,52,0,0,50,66,55,,,,,,,,,,,,False,,,0,,,,,,0,50,,average
P5835,Percy,Baker,1997-04-15,77,233,African,light,black,mustache,R,1B,,0,,,50,63,48,49,49,50,58,49,52,51,,,,,,,,,,,,45,58,47,52,49,0,0,49,54,53,,,,,,,,,,,,False,,,0,,,,,,0,50,,power
P6743,Leroy,Jackson,1987-05-20,75,249,African,medium,black,mustache,R,P,,1,RP,CL,,,,,55,,,,51,51,49,52,52,53,52,57,59,65,0,0,0,,,,,0,,,,41,46,46,52,48,46,47,57,50,62,0,0,0,False,,,0,,,,,,0,50,closer,
P6279,Luis,Sanchez,1994-01-05,73,201,Hispanic,medium,black,clean_shaven,L,P,,1,RP,SP,,,,,48,,,,49,50,53,51,52,50,54,61,62,63,56,0,0,,,,,0,,,,48,50,41,51,53,40,54,58,53,57,49,0,0,False,,,0,,,,,,0,50,power_sp,
P6898,Carlos,Ortiz,1998-03-22,73,228,Hispanic,dark,brown,clean_shaven,L,P,,1,RP,SP,,,,,52,,,,50,51,52,51,52,48,53,0,62,62,0,54,0,,,,,0,,,,57,62,62,60,61,58,65,0,72,75,0,68,0,False,,,0,,,,,,0,50,power_sp,
P5770,Barton,Figuroa,2003-11-05,76,250,Anglo,light,brown,beard,R,P,,1,RP,RP,,,,,53,,,,50,48,52,50,53,51,52,59,61,0,0,0,0,,,,,0,,,,61,54,55,67,65,60,61,71,67,0,0,0,0,False,,,0,,,,,,0,50,finesse_rp,
P6979,Malik,Carter,1994-10-26,73,183,African,medium,black,clean_shaven,R,P,,1,RP,SP,,,,,50,,,,49,50,51,51,53,52,50,0,62,57,60,0,0,,,,,0,,,,50,55,47,55,46,49,46,0,63,55,56,0,0,False,,,0,,,,,,0,50,groundball_sp,
P8672,Chang,Imbesi,1987-10-16,77,236,Anglo,dark,black,clean_shaven,L,P,,1,RP,SP,,,,,48,,,,52,52,54,52,54,49,50,0,59,59,0,0,0,,,,,0,,,,47,48,49,54,49,49,47,0,56,55,0,0,0,False,,,0,,,,,,0,50,power_sp,
P5775,Malik,Young,1987-08-23,73,176,African,dark,black,goatee,R,P,,1,RP,LR,,,,,50,,,,51,51,52,53,52,53,50,59,60,65,0,0,0,,,,,0,,,,44,41,49,45,49,44,48,54,52,61,0,0,0,False,,,0,,,,,,0,50,long_relief,
P7322,Darnell,Green,2001-01-27,74,160,African,medium,black,mustache,R,3B,,0,,,54,49,93,52,47,50,59,53,51,48,,,,,,,,,,,,60,54,99,64,47,0,0,53,64,58,,,,,,,,,,,,False,,,0,,,,,,0,50,,elite_speed
P1458,Darnell,Jefferson,1987-07-08,73,168,African,dark,black,clean_shaven,L,1B,,0,,,50,56,53,50,48,52,45,48,50,51,,,,,,,,,,,,47,48,47,48,48,0,0,48,48,43,,,,,,,,,,,,False,,,0,,,,,,0,50,,gap
P7406,Carlos,Mendoza,2003-03-06,76,224,Hispanic,light,brown,goatee,R,2B,,0,,,51,48,70,50,50,49,57,52,51,53,,,,,,,,,,,,61,55,84,62,50,0,0,52,58,66,,,,,,,,,,,,False,,,0,,,,,,0,50,,speed
P2927,Jamal,Jefferson,2002-10-06,71,189,African,dark,black,clean_shaven,R,SS,,0,,,49,49,54,50,49,48,60,52,49,47,,,,,,,,,,,,56,62,65,63,49,0,0,52,60,53,,,,,,,,,,,,False,,,0,,,,,,0,50,,balanced
P8826,Jamal,Walker,1990-01-27,69,243,African,medium,black,clean_shaven,L,C,,0,,,53,51,51,51,53,52,52,48,49,50,,,,,,,,,,,,48,48,44,46,53,0,0,48,44,47,,,,,,,,,,,,False,,,0,,,,,,0,50,,balanced
P1125,Tuan,Shipe,2000-01-10,72,207,Anglo,medium,brown,clean_shaven,L,1B,,0,,,52,64,52,51,48,54,45,50,50,50,,,,,,,,,,,,57,79,62,64,48,0,0,50,56,63,,,,,,,,,,,,False,,,0,,,,,,0,50,,power
P8237,Antonio,Reyes,1992-01-09,74,230,Hispanic,medium,black,mustache,R,3B,,0,,,55,54,51,52,49,48,58,53,50,49,,,,,,,,,,,,47,51,47,44,49,0,0,53,40,40,,,,,,,,,,,,False,,,0,,,,,,0,50,,gap
P1250,Kent,Guerreiro,1988-11-21,72,179,Anglo,light,blonde,beard,L,2B,,0,,,52,49,70,53,52,48,47,49,49,49,,,,,,,,,,,,46,41,65,47,52,0,0,49,48,43,,,,,,,,,,,,False,,,0,,,,,,0,50,,speed
P4764,Rufus,Walker,2006-09-18,73,248,African,dark,black,clean_shaven,R,P,,1,RP,CL,,,,,55,,,,50,53,49,53,57,53,55,59,62,65,0,0,0,,,,,0,,,,62,70,81,79,63,75,73,81,84,81,0,0,0,False,,,0,,,,,,0,50,closer,
P2592,Cordell,Panke,2005-07-11,78,197,Anglo,light,blonde,clean_shaven,L,P,,1,RP,SP,,,,,52,,,,49,50,50,50,52,50,51,59,62,58,56,0,0,,,,,0,,,,61,76,69,64,64,79,70,74,76,72,77,0,0,False,,,0,,,,,,0,50,finesse_sp,
P1839,Miguel,Garcia,2007-01-25,78,244,Hispanic,light,brown,clean_shaven,R,P,,1,RP,SP,,,,,49,,,,51,48,53,53,52,51,51,63,60,0,0,0,0,,,,,0,,,,73,77,69,77,64,78,75,76,89,0,0,0,0,False,,,0,,,,,,0,50,finesse_sp,
P4684,Percy,Carter,2006-09-02,74,208,African,dark,brown,clean_shaven,R,P,,1,RP,LR,,,,,49,,,,51,51,50,51,54,53,52,60,58,64,0,0,0,,,,,0,,,,61,72,80,69,79,70,72,82,81,94,0,0,0,False,,,0,,,,,,0,50,long_relief,
P1292,Basil,Montore,2004-05-17,72,210,Anglo,dark,blonde,clean_shaven,R,P,,1,RP,SP,,,,,48,,,,49,50,52,50,54,49,51,61,63,60,0,0,0,,,,,0,,,,62,78,78,66,73,68,75,84,87,89,0,0,0,False,,,0,,,,,,0,50,power_sp,
P5590,Cedric,Mitchell,2008-01-29,75,167,African,dark,brown,clean_shaven,R,RF,,0,,,48,56,49,49,49,52,56,51,52,50,,,,,,,,,,,,62,70,68,59,49,0,0,51,82,71,,,,,,,,,,,,False,,,0,,,,,,0,50,,power
P5104,Terrance,Sidi,2007-06-25,78,199,Anglo,light,brown,clean_shaven,S,C,,0,,,52,62,49,51,51,53,50,50,50,53,,,,,,,,,,,,64,89,73,61,51,0,0,50,63,82,,,,,,,,,,,,False,,,0,,,,,,0,50,,power
P5747,Tyrone,Robinson,2005-10-14,73,220,African,dark,black,clean_shaven,R,RF,,0,,,53,53,49,53,51,49,58,48,48,48,,,,,,,,,,,,65,65,68,75,51,0,0,48,64,59,,,,,,,,,,,,False,,,0,,,,,,0,50,,balanced
P5099,Xavier,Jackson,2007-07-28,72,191,African,dark,black,mustache,S,CF,,0,,,54,54,51,53,47,51,50,51,49,49,,,,,,,,,,,,75,74,63,77,47,0,0,51,78,75,,,,,,,,,,,,False,,,0,,,,,,0,50,,gap
P3762,Lanny,Sonkin,2004-05-21,71,191,Anglo,light,brown,beard,S,2B,,0,,,54,53,50,51,50,50,52,50,51,50,,,,,,,,,,,,80,73,61,73,50,0,0,50,67,63,,,,,,,,,,,,False,,,0,,,,,,0,50,,balanced
P7809,Jermaine,Robinson,1991-11-23,71,217,African,dark,black,clean_shaven,R,P,,1,RP,CL,,,,,55,,,,50,52,48,52,52,48,52,56,0,67,0,0,0,,,,,0,,,,41,50,49,48,46,45,51,46,0,63,0,0,0,False,,,0,,,,,,0,50,closer,
P6977,Jermaine,Gaines,2002-02-22,77,237,African,dark,black,clean_shaven,S,P,,1,RP,LR,,,,,51,,,,49,50,49,50,54,51,52,57,62,65,0,0,0,,,,,0,,,,56,62,61,61,62,62,61,63,73,73,0,0,0,False,,,0,,,,,,0,50,long_relief,
P8390,Francisco,Flores,1989-04-02,69,192,Hispanic,medium,black,mustache,L,P,,1,RP,RP,,,,,53,,,,49,53,52,50,52,50,55,0,63,66,0,0,0,,,,,0,,,,44,48,48,48,52,41,46,0,54,65,0,0,0,False,,,0,,,,,,0,50,power_rp,
P1836,Neal,Vollman,1990-02-14,70,179,Anglo,light,brown,mustache,L,P,,1,RP,RP,,,,,49,,,,52,49,48,51,52,50,55,0,62,67,59,0,0,,,,,0,,,,51,42,45,48,48,43,48,0,56,62,50,0,0,False,,,0,,,,,,0,50,power_rp,
P9293,Kurt,Vangompel,1990-06-02,71,197,Anglo,light,brown,mustache,R,P,,1,RP,RP,,,,,57,,,,49,53,48,52,54,48,53,0,0,0,61,0,0,,,,,0,,,,40,47,46,45,42,41,49,0,0,0,59,0,0,False,,,0,,,,,,0,50,groundball_rp,
P5369,Laurence,Camus,1993-12-02,72,238,Anglo,light,blonde,beard,L,P,,1,RP,RP,,,,,50,,,,49,51,49,50,52,53,54,59,60,0,0,57,0,,,,,0,,,,42,41,49,48,39,48,45,55,50,0,0,51,0,False,,,0,,,,,,0,50,finesse_rp,
P5394,Dwain,Zoldesy,1998-07-28,72,218,Anglo,medium,blonde,clean_shaven,L,P,,1,RP,SP,,,,,51,,,,48,51,50,51,52,50,49,59,59,0,0,0,0,,,,,0,,,,54,61,60,61,55,55,64,73,69,0,0,0,0,False,,,0,,,,,,0,50,finesse_sp,
P4367,Fernando,Mendoza,2001-11-10,68,189,Hispanic,medium,blonde,beard,R,P,,1,RP,RP,,,,,57,,,,50,52,49,50,52,48,53,0,61,65,63,0,0,,,,,0,,,,65,61,56,59,64,54,63,0,75,74,68,0,0,False,,,0,,,,,,0,50,groundball_rp,
P6608,Juan,Martinez,2003-12-24,73,231,Hispanic,dark,black,clean_shaven,L,P,,1,RP,SP,,,,,51,,,,52,49,52,50,52,47,51,62,58,0,0,0,0,,,,,0,,,,67,60,64,67,60,62,66,67,63,0,0,0,0,False,,,0,,,,,,0,50,workhorse_sp,
P3408,Erwin,Pry,1997-08-28,72,223,Anglo,light,blonde,clean_shaven,R,P,,1,RP,RP,,,,,53,,,,51,53,50,52,54,50,53,60,62,0,61,0,0,,,,,0,,,,48,49,48,53,48,53,51,62,59,0,64,0,0,False,,,0,,,,,,0,50,groundball_rp,
P1409,Roderick,Kodama,1989-10-15,73,187,Anglo,light,red,clean_shaven,R,P,,1,RP,SP,,,,,50,,,,51,52,51,51,52,50,51,60,62,62,0,54,0,,,,,0,,,,41,51,50,47,46,48,47,59,60,54,0,52,0,False,,,0,,,,,,0,50,balanced_sp,
P6213,Randy,Escorcia,2004-04-06,73,161,Anglo,light,blonde,clean_shaven,R,C,,0,,,52,53,51,50,52,51,60,49,48,49,,,,,,,,,,,,74,75,80,73,52,0,0,49,74,67,,,,,,,,,,,,False,,,0,,,,,,0,50,,balanced
P1008,Carlos,Gomez,1987-08-15,70,163,Hispanic,light,black,clean_shaven,R,1B,,0,,,52,65,48,51,51,54,57,51,52,49,,,,,,,,,,,,44,63,45,45,51,0,0,51,43,46,,,,,,,,,,,,False,,,0,,,,,,0,50,,power
P1486,Jose,Hernandez,2002-03-10,69,223,Hispanic,light,red,clean_shaven,R,2B,,0,,,51,51,51,50,49,50,57,50,52,50,,,,,,,,,,,,64,66,65,57,49,0,0,50,66,57,,,,,,,,,,,,False,,,0,,,,,,0,50,,average
P9098,Shawn,Peralto,1994-08-02,69,232,Anglo,medium,red,clean_shaven,R,3B,RF,0,,,57,50,52,54,53,51,57,50,50,53,,,,,,,,,,,,59,45,48,50,53,0,0,50,51,54,,,,,,,,,,,,False,,,0,,,,,,0,50,,spray
P8861,Luis,Gomez,1990-06-19,68,218,Hispanic,light,blonde,clean_shaven,R,SS,,0,,,65,52,72,55,53,47,55,50,51,50,,,,,,,,,,,,62,47,70,50,53,0,0,50,47,42,,,,,,,,,,,,False,,,0,,,,,,0,50,,spray
P9161,Jose,Vargas,1994-10-20,71,182,Hispanic,light,black,goatee,S,LF,,0,,,53,51,70,52,51,48,53,50,48,50,,,,,,,,,,,,55,55,73,57,51,0,0,50,46,49,,,,,,,,,,,,False,,,0,,,,,,0,50,,speed
P2633,Kendrick,Denogean,1992-07-08,77,183,Anglo,light,brown,clean_shaven,R,CF,LF,0,,,54,54,50,51,51,51,52,51,47,53,,,,,,,,,,,,48,54,47,51,51,0,0,51,38,48,,,,,,,,,,,,False,,,0,,,,,,0,50,,gap
P6155,Manuel,Torres,2004-10-11,76,215,Hispanic,light,brown,clean_shaven,L,RF,,0,,,50,59,48,49,48,50,42,48,48,52,,,,,,,,,,,,69,84,76,71,48,0,0,48,75,71,,,,,,,,,,,,False,,,0,,,,,,0,50,,power
P8877,Parker,Overdorf,1989-10-02,73,235,Anglo,light,red,clean_shaven,L,1B,,0,,,52,61,52,49,50,53,48,48,51,49,,,,,,,,,,,,42,57,44,47,50,0,0,48,49,47,,,,,,,,,,,,False,,,0,,,,,,0,50,,power
P1331,Hector,Ramos,1991-04-15,77,221,Hispanic,medium,blonde,clean_shaven,R,1B,,0,,,50,59,51,49,50,53,52,49,52,51,,,,,,,,,,,,41,56,44,48,50,0,0,49,48,47,,,,,,,,,,,,False,,,0,,,,,,0,50,,power
P8805,Milford,Hickernell,1989-03-10,74,241,Anglo,light,black,clean_shaven,R,SS,,0,,,49,52,80,50,52,50,58,50,49,51,,,,,,,,,,,,41,43,72,46,52,0,0,50,48,44,,,,,,,,,,,,False,,,0,,,,,,0,50,,speed
P6188,Luis,Torres,1995-10-25,77,165,Hispanic,medium,brown,goatee,S,SS,,0,,,53,51,52,50,52,48,55,52,49,52,,,,,,,,,,,,56,48,47,47,52,0,0,52,54,53,,,,,,,,,,,,False,,,0,,,,,,0,50,,gap
P3314,Miguel,Ramos,2001-03-16,76,192,Hispanic,light,black,clean_shaven,R,3B,,0,,,53,53,52,51,47,52,60,50,52,50,,,,,,,,,,,,65,62,59,64,47,0,0,50,60,60,,,,,,,,,,,,False,,,0,,,,,,0,50,,balanced
P5616,Terence,Sossamon,2002-08-21,73,235,Anglo,light,black,beard,R,C,,0,,,51,53,47,49,49,51,57,49,50,51,,,,,,,,,,,,65,63,55,63,49,0,0,49,60,66,,,,,,,,,,,,False,,,0,,,,,,0,50,,average
P2731,Rafael,Martinez,2002-07-19,70,239,Hispanic,light,brown,clean_shaven,L,P,RF,1,RP,CL,,,,,55,,,,48,54,48,52,52,51,54,0,0,65,0,0,0,,,,,0,,,,62,69,66,63,54,61,64,0,0,75,0,0,0,False,,,0,,,,,,0,50,closer,
P4831,Hector,Flores,2000-01-17,70,201,Hispanic,medium,black,mustache,S,P,,1,RP,LR,,,,,53,,,,49,49,52,51,52,52,50,0,63,0,0,0,0,,,,,0,,,,60,54,66,59,57,67,65,0,72,0,0,0,0,False,,,0,,,,,,0,50,long_relief,
P3410,James,Curro,1991-03-27,77,161,Anglo,light,black,clean_shaven,R,P,,1,RP,SP,,,,,49,,,,49,49,52,50,52,49,53,58,60,61,58,0,0,,,,,0,,,,46,43,49,51,49,43,51,48,55,58,51,0,0,False,,,0,,,,,,0,50,balanced_sp,
P2264,Carlos,Flores,1992-05-16,76,232,Hispanic,medium,brown,goatee,R,P,,1,RP,CL,,,,,50,,,,52,53,51,50,54,52,54,58,0,65,0,0,0,,,,,0,,,,49,51,47,46,49,45,50,53,0,63,0,0,0,False,,,0,,,,,,0,50,closer,
P7859,Kelly,Elsaesser,1999-12-07,73,172,Anglo,light,black,beard,R,P,,1,RP,LR,,,,,50,,,,50,52,51,53,52,50,52,59,60,66,0,0,0,,,,,0,,,,61,61,61,63,65,62,64,71,65,77,0,0,0,False,,,0,,,,,,0,50,long_relief,
P9737,Roberto,Perez,2004-05-19,72,188,Hispanic,medium,brown,goatee,L,P,,1,RP,SP,,,,,51,,,,49,51,52,52,53,50,53,58,61,58,0,0,0,,,,,0,,,,71,63,75,65,74,68,80,74,83,72,0,0,0,False,,,0,,,,,,0,50,balanced_sp,
P2200,Luis,Vasquez,1996-09-09,74,161,Hispanic,dark,brown,clean_shaven,R,P,,1,RP,RP,,,,,53,,,,50,52,52,52,52,53,50,0,0,67,61,0,0,,,,,0,,,,50,49,51,50,57,56,48,0,0,71,65,0,0,False,,,0,,,,,,0,50,groundball_rp,
P8258,Reinaldo,Pilgreen,1995-06-10,74,237,Anglo,light,blonde,beard,L,RF,,0,,,54,50,51,52,49,51,48,50,52,52,,,,,,,,,,,,56,45,56,52,49,0,0,50,54,53,,,,,,,,,,,,False,,,0,,,,,,0,50,,balanced
P5434,Francisco,Morales,1996-05-01,75,241,Hispanic,light,brown,clean_shaven,R,LF,,0,,,63,51,51,51,54,50,55,50,49,49,,,,,,,,,,,,61,47,55,47,54,0,0,50,52,45,,,,,,,,,,,,False,,,0,,,,,,0,50,,spray
P8636,Jacinto,Kupchinsky,1987-03-09,73,211,Anglo,light,brown,mustache,L,LF,,0,,,54,62,51,52,47,50,51,50,52,49,,,,,,,,,,,,48,55,45,48,47,0,0,50,44,46,,,,,,,,,,,,False,,,0,,,,,,0,50,,power
P6599,Hassan,Prehoda,1987-09-18,70,215,Anglo,medium,blonde,goatee,R,LF,,0,,,54,51,52,51,52,50,57,49,51,52,,,,,,,,,,,,53,44,45,51,52,0,0,49,41,47,,,,,,,,,,,,False,,,0,,,,,,0,50,,average
P7872,Fernando,Castillo,1995-11-01,77,234,Hispanic,medium,blonde,clean_shaven,R,C,3B,0,,,52,50,48,51,49,53,56,49,50,51,,,,,,,,,,,,51,50,43,48,49,0,0,49,49,52,,,,,,,,,,,,False,,,0,,,,,,0,50,,average
P8403,Francisco,Lopez,1995-02-27,75,172,Hispanic,dark,black,clean_shaven,R,3B,,0,,,49,56,48,48,50,52,58,50,48,48,,,,,,,,,,,,48,60,52,48,50,0,0,50,50,49,,,,,,,,,,,,False,,,0,,,,,,0,50,,power
P4366,Teddy,Pong,1990-02-20,75,227,Anglo,medium,blonde,beard,R,SS,,0,,,49,49,85,50,49,51,58,51,50,49,,,,,,,,,,,,48,43,75,44,49,0,0,51,41,46,,,,,,,,,,,,False,,,0,,,,,,0,50,,elite_speed
P9767,Jude,Scharf,2002-11-09,74,184,Anglo,light,black,clean_shaven,R,SS,,0,,,65,53,50,49,49,50,57,49,51,50,,,,,,,,,,,,71,65,59,61,49,0,0,49,60,63,,,,,,,,,,,,False,,,0,,,,,,0,50,,spray
P1161,Alejandro,Rivera,2005-03-29,77,239,Hispanic,light,blonde,clean_shaven,R,P,,1,RP,CL,,,,,55,,,,52,51,49,52,52,50,52,58,61,67,0,0,0,,,,,0,,,,66,69,74,75,72,67,76,81,77,95,0,0,0,False,,,0,,,,,,0,50,closer,
P2086,Hector,Vasquez,2006-05-07,74,207,Hispanic,dark,red,beard,R,P,,1,RP,CL,,,,,51,,,,48,50,48,50,52,50,55,58,0,65,0,0,0,,,,,0,,,,65,71,79,71,75,74,73,70,0,90,0,0,0,False,,,0,,,,,,0,50,closer,
P6092,Antonio,Ramos,2004-11-02,77,215,Hispanic,medium,brown,goatee,R,P,,1,RP,SP,,,,,50,,,,50,53,51,50,52,49,53,58,58,62,58,0,0,,,,,0,,,,73,64,61,79,64,70,73,82,72,79,86,0,0,False,,,0,,,,,,0,50,groundball_sp,
P2177,Antonio,Flores,2004-08-15,76,165,Hispanic,medium,black,mustache,R,P,,1,RP,SP,,,,,18,,,,48,52,50,50,52,50,54,59,59,61,0,0,0,,,,,42,,,,60,75,79,67,75,70,84,69,72,82,0,0,0,False,,,0,,,,,,0,50,power_sp,
P4178,Scot,Mccarter,2005-07-13,69,231,Anglo,light,brown,clean_shaven,R,P,,1,RP,SP,,,,,48,,,,49,50,52,52,52,48,54,0,62,58,0,0,0,,,,,0,,,,69,78,68,82,77,67,73,0,89,87,0,0,0,False,,,0,,,,,,0,50,power_sp,
P2619,Antonio,Martinez,2005-09-03,71,226,Hispanic,medium,black,clean_shaven,R,2B,,0,,,64,52,48,54,53,48,57,49,48,51,,,,,,,,,,,,93,81,70,84,53,0,0,49,78,73,,,,,,,,,,,,False,,,0,,,,,,0,50,,spray
P8273,Francisco,Vasquez,2004-05-27,74,215,Hispanic,light,black,clean_shaven,L,C,,0,,,53,52,48,52,51,50,46,52,52,50,,,,,,,,,,,,78,70,74,78,51,0,0,52,72,74,,,,,,,,,,,,False,,,0,,,,,,0,50,,balanced
P2707,Carlos,Hernandez,2005-03-03,72,244,Hispanic,medium,blonde,clean_shaven,R,2B,,0,,,58,50,48,54,49,48,58,50,50,48,,,,,,,,,,,,84,67,75,79,49,0,0,50,60,74,,,,,,,,,,,,False,,,0,,,,,,0,50,,spray
P8547,Antonio,Vasquez,2007-11-16,72,194,Hispanic,medium,black,clean_shaven,R,C,,0,,,50,56,51,49,48,54,57,53,49,51,,,,,,,,,,,,75,70,75,66,48,0,0,53,66,63,,,,,,,,,,,,False,,,0,,,,,,0,50,,power
P3750,Pedro,Sanchez,2004-11-16,75,165,Hispanic,light,brown,clean_shaven,R,LF,3B,0,,,50,60,51,51,51,52,58,51,48,51,,,,,,,,,,,,67,85,75,76,51,0,0,51,63,66,,,,,,,,,,,,False,,,0,,,,,,0,50,,balanced
P5081,Hector,Rodriguez,1991-12-26,72,221,Hispanic,medium,blonde,clean_shaven,L,P,,1,RP,CL,,,,,55,,,,51,53,51,51,52,51,54,0,62,65,0,0,0,,,,,0,,,,48,49,51,47,46,50,45,0,53,60,0,0,0,False,,,0,,,,,,0,50,closer,
P2331,Carlos,Martinez,1994-04-04,75,170,Hispanic,dark,brown,clean_shaven,R,P,,1,RP,SP,,,,,51,,,,51,51,51,50,52,52,51,61,59,59,0,0,0,,,,,0,,,,52,51,48,56,56,51,50,65,54,56,0,0,0,False,,,0,,,,,,0,50,balanced_sp,
P4799,Omar,Surina,1995-12-16,72,225,Anglo,light,red,clean_shaven,L,P,,1,RP,LR,,,,,49,,,,47,50,51,51,54,53,50,0,59,66,0,0,0,,,,,0,,,,52,45,55,53,49,49,52,0,55,70,0,0,0,False,,,0,,,,,,0,50,long_relief,
P6974,Alejandro,Diaz,1989-04-01,73,225,Hispanic,light,black,mustache,R,P,,1,RP,CL,,,,,52,,,,50,54,50,51,54,51,55,0,63,65,0,0,0,,,,,0,,,,41,48,46,46,49,49,54,0,54,61,0,0,0,False,,,0,,,,,,0,50,closer,
P6266,Tyrell,Leonpacher,1993-10-17,76,245,Anglo,light,blonde,beard,R,P,,1,RP,LR,,,,,50,,,,51,53,52,51,54,52,50,0,59,0,0,0,0,,,,,0,,,,42,50,51,44,52,44,41,0,54,0,0,0,0,False,,,0,,,,,,0,50,long_relief,
P4891,Jorge,Ortiz,2004-05-06,73,174,Hispanic,medium,brown,beard,R,P,,1,RP,SP,,,,,52,,,,48,50,51,54,52,52,49,62,60,0,0,0,0,,,,,0,,,,78,80,66,65,61,64,79,77,78,0,0,0,0,False,,,0,,,,,,0,50,finesse_sp,
P5173,Dannie,Ercolano,1998-10-25,68,245,Anglo,light,brown,beard,R,P,,1,RP,SP,,,,,52,,,,49,51,51,53,52,52,52,59,63,58,0,0,0,,,,,0,,,,63,56,65,67,58,63,66,72,70,71,0,0,0,False,,,0,,,,,,0,50,workhorse_sp,
P5275,Miguel,Cruz,1998-12-02,73,231,Hispanic,medium,black,clean_shaven,L,P,,1,RP,CL,,,,,52,,,,52,50,49,50,52,51,54,0,0,65,0,0,0,,,,,0,,,,64,58,62,64,64,57,68,0,0,80,0,0,0,False,,,0,,,,,,0,50,closer,
P5573,Jerald,Kut,2004-11-27,68,221,Anglo,light,brown,clean_shaven,R,P,,1,RP,SP,,,,,50,,,,49,53,54,50,52,51,52,0,60,59,0,0,0,,,,,0,,,,78,83,74,62,84,70,71,0,74,70,0,0,0,False,,,0,,,,,,0,50,balanced_sp,
P7070,Hector,Mendoza,2001-02-17,73,238,Hispanic,medium,black,clean_shaven,L,P,,1,RP,SP,,,,,48,,,,49,50,51,50,52,49,51,0,60,62,0,0,0,,,,,0,,,,62,63,63,59,61,54,61,0,70,70,0,0,0,False,,,0,,,,,,0,50,power_sp,
P6983,Ricardo,Sanchez,1998-04-04,73,168,Hispanic,light,black,clean_shaven,S,P,,1,RP,SP,,,,,51,,,,50,51,53,50,54,49,51,0,59,58,0,0,0,,,,,0,,,,58,65,56,64,58,63,60,0,69,64,0,0,0,False,,,0,,,,,,0,50,balanced_sp,
P7189,Dustin,Romero,1999-10-17,72,196,Anglo,medium,brown,clean_shaven,R,C,,0,,,53,54,50,51,47,53,56,49,51,49,,,,,,,,,,,,63,68,65,64,47,0,0,49,60,63,,,,,,,,,,,,False,,,0,,,,,,0,50,,gap
P1540,Andre,Ghrist,1987-11-12,74,178,Anglo,light,black,clean_shaven,R,1B,P,0,,,49,60,49,48,48,51,55,0,51,52,,,,,,,,,,,,49,50,40,45,48,0,0,0,42,51,,,,,,,,,,,,False,,,0,,,,,,0,50,,power
P9036,Pedro,Martinez,2004-07-02,78,167,Hispanic,medium,black,clean_shaven,S,2B,SS,0,,,52,50,52,50,49,51,52,51,48,51,,,,,,,,,,,,82,61,64,60,49,0,0,51,59,62,,,,,,,,,,,,False,,,0,,,,,,0,50,,balanced
P6457,Nicholas,Taruer,2004-01-12,68,221,Anglo,medium,blonde,clean_shaven,R,3B,,0,,,49,52,52,50,47,50,59,52,48,51,,,,,,,,,,,,61,66,65,62,47,0,0,52,62,64,,,,,,,,,,,,False,,,0,,,,,,0,50,,balanced
P1350,Keith,Postuci,2003-04-16,78,219,Anglo,dark,brown,mustache,S,SS,,0,,,57,61,49,49,51,50,53,51,53,49,,,,,,,,,,,,64,71,64,55,51,0,0,51,65,55,,,,,,,,,,,,False,,,0,,,,,,0,50,,gap
P6415,Hector,Ortiz,1994-12-22,77,248,Hispanic,medium,black,goatee,R,LF,,0,,,49,49,51,50,50,52,55,50,49,53,,,,,,,,,,,,48,44,56,50,50,0,0,50,49,52,,,,,,,,,,,,False,,,0,,,,,,0,50,,average
P3556,Jarod,Deconti,1995-03-11,78,247,Anglo,light,brown,clean_shaven,R,CF,,0,,,53,50,50,50,49,53,53,51,50,52,,,,,,,,,,,,54,45,55,52,49,0,0,51,55,47,,,,,,,,,,,,False,,,0,,,,,,0,50,,balanced
P2198,Manuel,Gomez,1999-01-29,78,178,Hispanic,dark,black,clean_shaven,R,RF,,0,,,54,47,50,52,49,50,57,52,52,50,,,,,,,,,,,,65,57,55,67,49,0,0,52,63,55,,,,,,,,,,,,False,,,0,,,,,,0,50,,spray
P5502,Fausto,Runions,1993-03-20,73,240,Anglo,light,black,clean_shaven,R,SS,,0,,,51,46,72,50,52,50,59,49,50,50,,,,,,,,,,,,51,42,69,50,52,0,0,49,49,50,,,,,,,,,,,,False,,,0,,,,,,0,50,,speed
P9442,Brad,Camire,1989-12-04,71,160,Anglo,dark,blonde,goatee,L,SS,,0,,,50,53,51,51,53,48,51,51,49,48,,,,,,,,,,,,40,46,46,48,53,0,0,51,45,44,,,,,,,,,,,,False,,,0,,,,,,0,50,,balanced
P9948,Shane,Polselli,2004-04-11,72,230,Anglo,light,blonde,clean_shaven,L,CF,,0,,,52,49,50,49,51,50,50,51,48,50,,,,,,,,,,,,67,68,73,70,51,0,0,51,78,72,,,,,,,,,,,,False,,,0,,,,,,0,50,,average
P7863,Olen,Isaacsen,1999-12-31,68,229,Anglo,light,brown,beard,R,C,,0,,,60,52,51,55,50,47,58,52,49,48,,,,,,,,,,,,69,59,58,62,50,0,0,52,59,53,,,,,,,,,,,,False,,,0,,,,,,0,50,,spray
P3414,Tim,Wannamaker,1991-09-28,77,202,Anglo,light,brown,clean_shaven,R,RF,,0,,,58,52,48,53,50,51,55,50,52,48,,,,,,,,,,,,52,52,48,49,50,0,0,50,43,39,,,,,,,,,,,,False,,,0,,,,,,0,50,,spray
P1863,Benjamin,Jeffris,2002-11-12,75,167,Anglo,light,red,clean_shaven,S,CF,,0,,,54,52,54,50,51,48,47,51,52,51,,,,,,,,,,,,60,63,65,60,51,0,0,51,58,56,,,,,,,,,,,,False,,,0,,,,,,0,50,,balanced
P3569,Manual,Brasseux,1992-01-17,75,167,Anglo,dark,blonde,clean_shaven,R,P,,1,RP,CL,,,,,55,,,,50,54,51,50,52,52,54,0,0,65,0,0,0,,,,,0,,,,45,45,48,47,50,44,54,0,0,63,0,0,0,False,,,0,,,,,,0,50,closer,
P8729,Miguel,Flores,1989-11-01,76,188,Hispanic,medium,black,clean_shaven,R,P,,1,RP,RP,,,,,54,,,,51,53,51,50,52,50,53,0,0,0,61,0,0,,,,,0,,,,44,45,41,50,47,44,53,0,0,0,53,0,0,False,,,0,,,,,,0,50,groundball_rp,
P4543,Alejandro,Cruz,2001-05-26,69,223,Hispanic,light,black,clean_shaven,R,P,,1,RP,SP,,,,,48,,,,52,53,53,51,53,49,54,0,64,59,0,53,0,,,,,0,,,,62,65,56,58,63,56,67,0,72,66,0,67,0,False,,,0,,,,,,0,50,power_sp,
P6722,Antonio,Vargas,2004-05-15,74,200,Hispanic,dark,brown,clean_shaven,L,P,RF,1,RP,SP,,,,,51,,,,49,52,52,52,54,50,50,59,61,58,0,0,0,,,,,0,,,,71,75,80,79,67,61,62,87,91,71,0,0,0,False,,,0,,,,,,0,50,balanced_sp,
P6611,Ira,Chomka,2003-02-17,72,178,Anglo,light,black,clean_shaven,L,P,,1,RP,SP,,,,,52,,,,51,49,50,50,52,49,50,62,59,0,0,0,0,,,,,0,,,,64,55,61,58,57,64,62,68,73,0,0,0,0,False,,,0,,,,,,0,50,finesse_sp,
P4061,Marco,Skarke,1992-03-15,75,234,Anglo,light,brown,goatee,L,P,,1,RP,SP,,,,,53,,,,48,52,53,53,52,53,52,0,0,58,60,0,0,,,,,0,,,,42,48,49,48,51,43,50,0,0,57,53,0,0,False,,,0,,,,,,0,50,groundball_sp,
P8104,Asa,Marchell,1994-06-12,68,239,Anglo,light,brown,clean_shaven,S,P,,1,RP,SP,,,,,50,,,,51,51,51,53,53,52,51,60,58,60,60,0,0,,,,,0,,,,56,54,54,57,53,49,46,62,55,56,57,0,0,False,,,0,,,,,,0,50,groundball_sp,
P9736,Jorge,Rivera,1995-11-27,69,209,Hispanic,medium,brown,clean_shaven,L,3B,,0,,,53,50,87,52,50,50,52,52,47,52,,,,,,,,,,,,50,50,91,50,50,0,0,52,52,56,,,,,,,,,,,,False,,,0,,,,,,0,50,,speed
P7645,Carlos,Vasquez,1998-02-17,78,229,Hispanic,medium,brown,clean_shaven,R,2B,,0,,,64,47,52,53,51,51,58,52,51,51,,,,,,,,,,,,63,52,51,53,51,0,0,52,53,56,,,,,,,,,,,,False,,,0,,,,,,0,50,,spray
P8585,Will,Wiegard,1987-08-02,72,209,Anglo,medium,brown,goatee,R,2B,,0,,,51,53,49,52,49,48,54,52,52,49,,,,,,,,,,,,51,47,39,51,49,0,0,52,48,44,,,,,,,,,,,,False,,,0,,,,,,0,50,,balanced
P7291,Felton,Wach,1992-01-15,71,188,Anglo,light,blonde,clean_shaven,L,1B,,0,,,51,55,50,50,52,52,43,51,50,51,,,,,,,,,,,,43,52,45,49,52,0,0,51,47,44,,,,,,,,,,,,False,,,0,,,,,,0,50,,gap
P9296,Rayford,Hotelling,1998-02-18,75,230,Anglo,medium,black,clean_shaven,R,3B,,0,,,49,49,72,51,49,47,59,49,50,48,,,,,,,,,,,,54,46,70,53,49,0,0,49,46,45,,,,,,,,,,,,False,,,0,,,,,,0,50,,speed
P1594,Todd,Andreoni,1991-11-28,69,224,Anglo,light,black,clean_shaven,L,2B,,0,,,52,48,51,51,53,48,50,48,51,51,,,,,,,,,,,,47,38,51,50,53,0,0,48,45,42,,,,,,,,,,,,False,,,0,,,,,,0,50,,balanced
P1570,Jose,Perez,1996-11-22,74,160,Hispanic,medium,black,goatee,S,CF,,0,,,53,50,78,51,53,48,47,49,49,49,,,,,,,,,,,,48,52,74,49,53,0,0,49,54,44,,,,,,,,,,,,False,,,0,,,,,,0,50,,speed
P8341,Alejandro,Perez,1993-05-04,74,238,Hispanic,light,brown,clean_shaven,S,RF,,0,,,51,50,52,51,52,49,50,48,51,50,,,,,,,,,,,,45,47,50,43,52,0,0,48,48,41,,,,,,,,,,,,False,,,0,,,,,,0,50,,gap
P5131,Roberto,Vargas,2004-12-27,78,214,Hispanic,dark,brown,clean_shaven,S,P,,1,RP,CL,,,,,55,,,,48,52,48,50,52,53,51,56,59,67,0,0,0,,,,,0,,,,59,66,60,68,76,73,66,71,82,88,0,0,0,False,,,0,,,,,,0,50,closer,
P6161,Tommy,Hanlon,2007-07-01,78,249,Anglo,medium,brown,mustache,R,P,,1,RP,RP,,,,,54,,,,49,51,49,50,52,49,52,0,59,0,0,0,0,,,,,0,,,,64,78,71,65,67,62,79,0,86,0,0,0,0,False,,,0,,,,,,0,50,finesse_rp,
P6857,Manuel,Vargas,2004-08-26,68,165,Hispanic,light,black,clean_shaven,R,P,,1,RP,RP,,,,,48,,,,52,50,51,51,54,52,52,0,63,67,0,0,0,,,,,0,,,,65,68,66,76,63,79,69,0,81,91,0,0,0,False,,,0,,,,,,0,50,power_rp,
P5417,Titus,Shearin,2006-10-20,69,250,Anglo,light,red,clean_shaven,R,P,,1,RP,SP,,,,,52,,,,50,54,53,50,52,51,52,0,61,60,56,54,0,,,,,0,,,,62,65,60,69,76,64,67,0,71,81,85,69,0,False,,,0,,,,,,0,50,power_sp,
P9885,Franklin,Harding,2005-03-24,74,197,Anglo,light,blonde,mustache,R,P,,1,RP,SP,,,,,52,,,,51,52,53,50,52,51,50,60,0,58,59,0,0,,,,,0,,,,64,70,72,66,71,63,71,85,0,80,84,0,0,False,,,0,,,,,,0,50,groundball_sp,
P3441,Colin,Suben,2007-11-04,74,166,Anglo,medium,blonde,clean_shaven,L,2B,,0,,,52,51,48,52,49,49,47,52,48,50,,,,,,,,,,,,62,73,61,65,49,0,0,52,76,65,,,,,,,,,,,,False,,,0,,,,,,0,50,,balanced
P7082,Felton,Shuptrine,2005-09-26,72,169,Anglo,dark,brown,clean_shaven,R,CF,,0,,,52,51,52,50,49,48,52,51,50,50,,,,,,,,,,,,72,65,68,77,49,0,0,51,63,68,,,,,,,,,,,,False,,,0,,,,,,0,50,,balanced
P8908,Galen,Marchuk,2006-01-11,74,170,Anglo,light,brown,clean_shaven,S,RF,,0,,,52,52,51,49,50,52,52,52,49,51,,,,,,,,,,,,69,66,63,73,50,0,0,52,69,73,,,,,,,,,,,,False,,,0,,,,,,0,50,,balanced
P5072,Clemente,Binner,2005-07-25,72,165,Anglo,light,black,clean_shaven,L,RF,,0,,,53,53,49,52,48,49,46,47,51,53,,,,,,,,,,,,75,73,77,70,48,0,0,47,74,66,,,,,,,,,,,,False,,,0,,,,,,0,50,,balanced
P4629,Floyd,Lataquin,2004-04-19,77,187,Anglo,medium,brown,mustache,L,LF,,0,,,52,52,50,52,50,49,49,52,48,49,,,,,,,,,,,,70,64,74,72,50,0,0,52,75,61,,,,,,,,,,,,False,,,0,,,,,,0,50,,balanced
P7963,Kevin,Saxena,1989-03-10,73,189,Anglo,medium,brown,beard,R,P,,1,RP,CL,,,,,55,,,,52,53,50,52,52,51,56,60,0,65,0,0,0,,,,,0,,,,46,46,52,52,47,47,54,56,0,60,0,0,0,False,,,0,,,,,,0,50,closer,
P8757,Archie,Sillitti,2004-03-13,75,192,Anglo,light,blonde,clean_shaven,R,P,,1,RP,SP,,,,,51,,,,49,51,52,52,53,52,50,59,0,61,0,0,0,,,,,0,,,,62,72,80,81,77,80,60,72,0,87,0,0,0,False,,,0,,,,,,0,50,balanced_sp,
P2241,Mikel,Bogaert,1987-12-23,78,201,Anglo,medium,brown,clean_shaven,R,P,,1,RP,CL,,,,,51,,,,48,53,49,51,54,52,52,59,0,65,0,0,0,,,,,0,,,,39,53,41,50,40,49,47,55,0,59,0,0,0,False,,,0,,,,,,0,50,closer,
P2126,Kerry,Demer,2003-12-20,72,175,Anglo,light,black,clean_shaven,R,P,,1,RP,SP,,,,,50,,,,51,51,52,53,52,48,51,59,60,59,0,0,0,,,,,0,,,,61,59,67,57,61,60,64,74,65,71,0,0,0,False,,,0,,,,,,0,50,balanced_sp,
P6115,Dexter,Chirco,2004-09-01,70,179,Anglo,medium,blonde,clean_shaven,L,P,,1,RP,SP,,,,,51,,,,52,54,52,51,52,52,53,0,60,62,0,0,0,,,,,0,,,,76,77,66,68,76,81,63,0,76,77,0,0,0,False,,,0,,,,,,0,50,power_sp,
P1714,Thanh,Wellen,1995-04-25,69,249,Anglo,light,black,beard,R,P,,1,RP,RP,,,,,48,,,,49,51,48,51,54,50,54,0,0,65,0,0,0,,,,,0,,,,51,56,51,51,51,55,56,0,0,65,0,0,0,False,,,0,,,,,,0,50,power_rp,
P6637,Garth,Dispirito,2001-05-18,70,223,Anglo,light,brown,clean_shaven,L,P,,1,RP,CL,,,,,51,,,,48,50,47,50,54,50,53,58,59,65,0,0,0,,,,,0,,,,53,59,57,64,55,60,64,71,69,73,0,0,0,False,,,0,,,,,,0,50,closer,
P9594,Anthony,Gouthier,1997-11-24,76,193,Anglo,light,blonde,clean_shaven,R,P,,1,RP,RP,,,,,51,,,,48,52,49,50,54,51,52,61,63,0,0,59,0,,,,,0,,,,50,54,51,52,53,54,51,58,64,0,0,54,0,False,,,0,,,,,,0,50,finesse_rp,
P4942,Anton,Wraight,1991-06-26,70,244,Anglo,light,brown,mustache,S,P,,1,RP,SP,,,,,48,,,,49,50,54,51,53,49,51,0,62,60,0,54,0,,,,,0,,,,46,47,43,51,45,49,45,0,60,52,0,54,0,False,,,0,,,,,,0,50,power_sp,
P2491,Quentin,Harker,1993-12-12,70,192,Anglo,medium,brown,clean_shaven,R,P,,1,RP,RP,,,,,50,,,,49,50,50,53,52,53,51,59,62,0,0,0,0,,,,,0,,,,40,40,43,45,45,51,44,54,59,0,0,0,0,False,,,0,,,,,,0,50,finesse_rp,
P8032,Todd,Denoyer,1996-02-12,77,244,Anglo,light,brown,beard,R,P,,1,RP,SP,,,,,52,,,,48,51,53,52,52,48,52,60,61,59,63,0,0,,,,,0,,,,43,51,52,56,53,47,47,61,66,57,67,0,0,False,,,0,,,,,,0,50,groundball_sp,
P9482,Russ,Tomlinson,1988-01-02,72,242,Anglo,medium,brown,beard,R,C,,0,,,59,48,53,53,53,46,58,52,49,48,,,,,,,,,,,,50,43,53,46,53,0,0,52,47,39,,,,,,,,,,,,False,,,0,,,,,,0,50,,spray
P1264,Rodger,Net,2000-03-07,68,192,Anglo,light,brown,clean_shaven,R,1B,,0,,,66,64,50,50,49,50,53,50,51,51,,,,,,,,,,,,75,78,57,59,49,0,0,50,58,56,,,,,,,,,,,,False,,,0,,,,,,0,50,,gap
P8368,Olen,Spirer,2002-10-11,68,178,Anglo,medium,brown,clean_shaven,R,2B,,0,,,66,63,48,53,49,49,58,50,50,49,,,,,,,,,,,,81,68,56,64,49,0,0,50,65,57,,,,,,,,,,,,False,,,0,,,,,,0,50,,gap
P4581,Donovan,Pencek,1992-05-17,78,179,Anglo,dark,brown,beard,R,3B,,0,,,50,56,52,50,50,51,59,50,52,52,,,,,,,,,,,,41,49,52,42,50,0,0,50,43,42,,,,,,,,,,,,False,,,0,,,,,,0,50,,power
P4329,Scott,Bourgois,1994-11-20,68,231,Anglo,medium,black,clean_shaven,R,SS,,0,,,50,52,50,49,48,52,61,49,53,49,,,,,,,,,,,,47,48,49,53,48,0,0,49,58,52,,,,,,,,,,,,False,,,0,,,,,,0,50,,balanced
P2080,Van,Servedio,2001-08-01,71,195,Anglo,light,black,clean_shaven,L,LF,,0,,,56,49,50,51,53,48,47,48,52,51,,,,,,,,,,,,61,56,62,63,53,0,0,48,62,57,,,,,,,,,,,,False,,,0,,,,,,0,50,,spray
P5963,Shaun,Viessman,1993-05-13,78,247,Anglo,medium,brown,beard,L,CF,,0,,,50,53,51,51,49,50,48,49,52,52,,,,,,,,,,,,43,45,48,42,49,0,0,49,49,43,,,,,,,,,,,,False,,,0,,,,,,0,50,,gap
P5654,Shirley,Arbetman,1995-10-14,75,242,Anglo,light,blonde,clean_shaven,R,RF,,0,,,66,49,49,52,49,48,57,48,50,49,,,,,,,,,,,,69,44,47,50,49,0,0,48,49,51,,,,,,,,,,,,False,,,0,,,,,,0,50,,spray
P8701,Hal,Chauncey,1988-05-06,74,178,Anglo,light,black,clean_shaven,S,CF,,0,,,49,51,74,52,53,49,52,51,49,49,,,,,,,,,,,,40,42,64,51,53,0,0,51,44,39,,,,,,,,,,,,False,,,0,,,,,,0,50,,speed
P9354,Gregorio,Cadle,1987-07-24,72,202,Anglo,light,brown,beard,R,2B,,0,,,53,52,51,50,48,53,59,50,52,50,,,,,,,,,,,,50,43,47,46,48,0,0,50,45,45,,,,,,,,,,,,False,,,0,,,,,,0,50,,balanced
P3763,Abraham,Slane,2002-07-17,70,193,Anglo,medium,blonde,goatee,S,RF,,0,,,53,61,50,49,50,49,53,53,49,51,,,,,,,,,,,,60,69,64,59,50,0,0,53,54,56,,,,,,,,,,,,False,,,0,,,,,,0,50,,power
P8638,Willis,Matheney,1997-04-16,76,240,Anglo,light,black,clean_shaven,S,RF,,0,,,53,52,50,53,52,51,52,52,49,52,,,,,,,,,,,,57,57,54,55,52,0,0,52,45,54,,,,,,,,,,,,False,,,0,,,,,,0,50,,gap
P5021,Odis,Carney,1996-10-17,77,239,Anglo,medium,black,beard,R,C,,0,,,49,52,49,51,50,53,55,52,49,51,,,,,,,,,,,,48,55,48,51,50,0,0,52,46,53,,,,,,,,,,,,False,,,0,,,,,,0,50,,average
P5069,Dion,Groshek,2003-11-09,76,215,Anglo,light,brown,mustache,R,CF,,0,,,52,50,52,52,50,51,53,49,48,52,,,,,,,,,,,,58,64,66,57,50,0,0,49,58,59,,,,,,,,,,,,False,,,0,,,,,,0,50,,balanced
P3774,Man,Gabaree,1988-11-01,77,248,Anglo,medium,blonde,clean_shaven,R,P,,1,RP,CL,,,,,55,,,,51,51,49,52,54,48,53,0,0,65,0,0,0,,,,,0,,,,51,41,50,51,45,40,53,0,0,62,0,0,0,False,,,0,,,,,,0,50,closer,
P3565,Louis,Chancy,1994-12-21,70,248,Anglo,medium,blonde,beard,L,P,,1,RP,SP,,,,,52,,,,49,51,53,50,52,53,51,59,0,61,0,0,0,,,,,0,,,,48,54,55,51,58,52,46,56,0,64,0,0,0,False,,,0,,,,,,0,50,balanced_sp,
P4673,Rupert,Dafonte,1996-08-28,72,221,Anglo,light,blonde,clean_shaven,R,P,,1,RP,LR,,,,,50,,,,49,49,53,51,52,51,52,57,0,0,0,0,0,,,,,0,,,,47,48,52,48,58,54,53,60,0,0,0,0,0,False,,,0,,,,,,0,50,long_relief,
P1882,David,Tuten,1993-12-28,77,227,Anglo,medium,blonde,clean_shaven,L,P,,1,RP,SP,,,,,54,,,,52,51,53,50,52,49,52,58,60,0,62,0,0,,,,,0,,,,44,46,41,42,44,44,48,55,60,0,59,0,0,False,,,0,,,,,,0,50,groundball_sp,
P4040,Emerson,Mcgraff,2002-10-20,78,195,Anglo,light,blonde,goatee,R,P,,1,RP,SP,,,,,49,,,,49,51,53,51,53,48,52,60,62,62,0,54,0,,,,,0,,,,56,66,63,62,61,61,57,70,70,69,0,67,0,False,,,0,,,,,,0,50,balanced_sp,
P7431,Dana,Retter,2000-02-12,69,194,Anglo,light,brown,clean_shaven,R,P,,1,RP,SP,,,,,49,,,,49,52,53,52,53,52,54,60,62,60,0,0,0,,,,,0,,,,63,67,66,59,64,62,69,69,68,66,0,0,0,False,,,0,,,,,,0,50,power_sp,
P9416,Luther,Weirauch,1990-01-28,68,216,Anglo,light,red,mustache,L,P,,1,RP,RP,,,,,52,,,,51,53,52,51,54,49,54,0,62,67,62,0,0,,,,,0,,,,44,44,44,53,49,40,46,0,57,64,61,0,0,False,,,0,,,,,,0,50,power_rp,
P5949,Marshall,Sidoti,1996-10-30,78,231,Anglo,light,brown,beard,R,LF,,0,,,51,65,50,52,47,50,56,50,49,52,,,,,,,,,,,,47,63,53,57,47,0,0,50,45,49,,,,,,,,,,,,False,,,0,,,,,,0,50,,power
P9711,Carol,Gosney,1999-10-28,77,243,Anglo,dark,brown,mustache,L,LF,,0,,,61,53,51,53,52,48,51,49,49,51,,,,,,,,,,,,75,60,61,63,52,0,0,49,60,59,,,,,,,,,,,,False,,,0,,,,,,0,50,,spray
P3916,Lorenzo,Unkn,1995-05-08,75,228,Anglo,medium,red,beard,R,LF,,0,,,53,63,48,52,48,54,55,50,49,51,,,,,,,,,,,,53,65,53,50,48,0,0,50,45,56,,,,,,,,,,,,False,,,0,,,,,,0,50,,power
P5291,Pierre,Kolb,2004-05-13,72,193,Anglo,medium,blonde,mustache,L,C,,0,,,51,52,49,49,51,53,48,52,51,49,,,,,,,,,,,,70,77,79,74,51,0,0,52,68,74,,,,,,,,,,,,False,,,0,,,,,,0,50,,average
P7245,Reed,Hohiudden,1999-01-14,70,200,Anglo,light,red,clean_shaven,R,1B,,0,,,53,62,51,50,51,54,55,51,51,49,,,,,,,,,,,,63,67,56,55,51,0,0,51,59,55,,,,,,,,,,,,False,,,0,,,,,,0,50,,power
P5341,Kyle,Henley,1999-07-30,72,226,Anglo,dark,brown,clean_shaven,R,RF,,0,,,59,58,50,52,49,49,59,51,48,50,,,,,,,,,,,,67,67,61,66,49,0,0,51,60,62,,,,,,,,,,,,False,,,0,,,,,,0,50,,gap
P5991,Clifton,Ussery,1988-05-21,69,161,Anglo,medium,brown,beard,L,C,,0,,,65,54,52,54,51,52,49,48,53,52,,,,,,,,,,,,60,51,43,53,51,0,0,48,51,48,,,,,,,,,,,,False,,,0,,,,,,0,50,,spray
P7141,Chauncey,Thomison,2001-06-08,77,163,Anglo,light,blonde,clean_shaven,R,C,,0,,,54,53,77,50,53,48,57,53,50,52,,,,,,,,,,,,63,66,84,65,53,0,0,53,64,65,,,,,,,,,,,,False,,,0,,,,,,0,50,,speed
P5224,Anderson,Molinski,2005-12-29,71,188,Anglo,light,black,clean_shaven,R,P,,1,RP,CL,,,,,55,,,,51,53,48,51,52,52,52,0,0,65,0,0,0,,,,,0,,,,73,68,79,75,77,69,71,0,0,92,0,0,0,False,,,0,,,,,,0,50,closer,
P9241,Doyle,Camerena,2004-12-29,73,184,Anglo,light,brown,clean_shaven,R,P,,1,RP,RP,,,,,49,,,,49,49,52,50,54,49,51,58,0,0,0,0,0,,,,,0,,,,76,68,64,73,71,61,65,71,0,0,0,0,0,False,,,0,,,,,,0,50,finesse_rp,
P2226,Rosario,Denyes,2006-06-03,75,172,Anglo,light,blonde,clean_shaven,L,P,,1,RP,SP,,,,,51,,,,52,51,53,50,53,50,52,59,63,58,60,0,0,,,,,0,,,,69,69,66,80,65,74,69,85,84,72,81,0,0,False,,,0,,,,,,0,50,balanced_sp,
P7042,Carol,Warncke,2004-05-26,70,235,Anglo,medium,black,clean_shaven,S,P,,1,RP,SP,,,,,51,,,,49,52,53,50,52,47,52,0,62,59,0,0,0,,,,,0,,,,77,82,61,74,64,77,67,0,72,75,0,0,0,False,,,0,,,,,,0,50,power_sp,
P5406,Millard,Kappe,2004-12-02,78,216,Anglo,light,brown,goatee,R,P,,1,RP,SP,,,,,49,,,,50,51,54,50,52,51,53,61,62,57,0,0,0,,,,,0,,,,68,75,61,78,76,66,72,80,82,82,0,0,0,False,,,0,,,,,,0,50,finesse_sp,
P8317,Alexis,Hadsall,2006-03-15,73,222,Anglo,medium,brown,clean_shaven,R,2B,,0,,,52,51,48,52,52,52,55,48,49,49,,,,,,,,,,,,66,74,69,66,52,0,0,48,77,75,,,,,,,,,,,,False,,,0,,,,,,0,50,,average
P7214,Mauro,Pavelich,2004-05-20,70,247,Anglo,light,brown,clean_shaven,R,RF,,0,,,53,51,85,52,53,51,52,48,49,50,,,,,,,,,,,,75,66,99,79,53,0,0,48,78,79,,,,,,,,,,,,False,,,0,,,,,,0,50,,elite_speed
P5007,Timmy,Altschuler,2005-10-19,77,199,Anglo,medium,blonde,beard,R,RF,,0,,,52,48,51,50,49,51,56,50,51,50,,,,,,,,,,,,79,62,61,63,49,0,0,50,66,75,,,,,,,,,,,,False,,,0,,,,,,0,50,,average
P1424,Lamont,Mosqueda,2006-05-10,77,203,Anglo,medium,brown,mustache,R,2B,,0,,,52,49,50,51,52,51,55,51,53,49,,,,,,,,,,,,63,72,70,80,52,0,0,51,81,71,,,,,,,,,,,,False,,,0,,,,,,0,50,,balanced
P2042,Gerald,Gangestad,2004-04-22,76,221,Anglo,medium,brown,clean_shaven,S,C,,0,,,57,51,48,55,50,48,52,51,52,50,,,,,,,,,,,,79,81,63,68,50,0,0,51,69,63,,,,,,,,,,,,False,,,0,,,,,,0,50,,spray
P7443,John,Doe,1996-10-01,70,211,Unknown,medium,brown,beard,L,P,,1,RP,CL,,,,,55,,,,48,52,52,53,54,52,55,0,0,67,0,0,0,,,,,0,,,,53,49,53,55,56,49,58,0,0,66,0,0,0,False,,,0,,,,,,0,50,closer,
P9140,John,Doe,1993-07-22,69,206,Unknown,light,brown,clean_shaven,R,P,,1,RP,RP,,,,,49,,,,52,51,49,51,52,50,51,0,62,64,0,0,0,,,,,0,,,,52,47,42,42,39,46,46,0,61,58,0,0,0,False,,,0,,,,,,0,50,power_rp,
P2096,John,Doe,1996-06-19,74,226,Unknown,light,brown,mustache,R,P,,1,RP,LR,,,,,49,,,,49,49,52,51,53,53,51,59,0,64,0,0,0,,,,,0,,,,54,49,50,48,53,55,47,58,0,66,0,0,0,False,,,0,,,,,,0,50,long_relief,
P4776,John,Doe,1991-10-27,71,200,Unknown,medium,black,clean_shaven,R,P,,1,RP,RP,,,,,52,,,,50,50,52,52,53,51,54,58,62,63,0,0,0,,,,,0,,,,42,41,48,44,48,47,49,55,59,60,0,0,0,False,,,0,,,,,,0,50,power_rp,
P1694,John,Doe,1996-04-09,75,248,Unknown,light,black,beard,L,P,,1,RP,SP,,,,,50,,,,49,51,50,53,52,49,54,0,63,61,0,0,0,,,,,0,,,,47,55,58,50,52,49,51,0,58,59,0,0,0,False,,,0,,,,,,0,50,power_sp,
P2342,John,Doe,1987-04-09,74,214,Unknown,dark,black,beard,R,P,,1,RP,RP,,,,,51,,,,52,52,49,52,52,50,54,59,0,0,0,0,0,,,,,0,,,,48,46,51,50,43,48,48,58,0,0,0,0,0,False,,,0,,,,,,0,50,finesse_rp,
P8988,John,Doe,2003-11-18,68,231,Unknown,dark,blonde,goatee,L,P,,1,RP,RP,,,,,48,,,,52,53,49,50,52,49,50,61,62,0,0,0,0,,,,,0,,,,59,59,64,64,61,57,61,69,77,0,0,0,0,False,,,0,,,,,,0,50,finesse_rp,
P4829,John,Doe,1997-07-11,76,212,Unknown,light,brown,clean_shaven,R,P,,1,RP,RP,,,,,50,,,,51,51,49,50,53,51,51,62,61,0,0,0,0,,,,,0,,,,53,51,47,49,49,46,51,66,58,0,0,0,0,False,,,0,,,,,,0,50,finesse_rp,
P6528,John,Doe,2001-06-23,70,197,Unknown,light,black,clean_shaven,R,P,,1,RP,SP,,,,,49,,,,50,52,51,53,53,51,51,61,59,59,0,55,0,,,,,0,,,,55,65,63,62,64,58,66,74,72,70,0,70,0,False,,,0,,,,,,0,50,workhorse_sp,
P1962,John,Doe,1997-05-23,70,211,Unknown,light,black,clean_shaven,S,P,,1,RP,SP,,,,,48,,,,51,51,53,51,52,48,52,61,59,62,0,55,0,,,,,0,,,,55,54,51,53,58,47,51,61,55,57,0,55,0,False,,,0,,,,,,0,50,workhorse_sp,
P3380,John,Doe,1988-12-08,72,229,Unknown,dark,brown,clean_shaven,R,P,,1,RP,SP,,,,,48,,,,51,51,54,50,53,51,50,58,59,0,0,0,0,,,,,0,,,,47,45,49,48,49,46,49,56,50,0,0,0,0,False,,,0,,,,,,0,50,finesse_sp,
P5702,John,Doe,1989-02-19,69,172,Unknown,light,blonde,goatee,R,C,,0,,,54,51,49,51,49,50,59,53,53,51,,,,,,,,,,,,46,50,45,46,49,0,0,53,48,47,,,,,,,,,,,,False,,,0,,,,,,0,50,,balanced
P2978,John,Doe,1990-07-15,70,169,Unknown,light,brown,clean_shaven,R,1B,,0,,,63,52,50,49,50,49,55,49,49,49,,,,,,,,,,,,53,47,47,48,50,0,0,49,42,39,,,,,,,,,,,,False,,,0,,,,,,0,50,,spray
P5307,John,Doe,2002-01-28,69,246,Unknown,medium,black,goatee,R,2B,,0,,,54,49,70,53,52,47,56,52,52,50,,,,,,,,,,,,66,64,80,58,52,0,0,52,61,63,,,,,,,,,,,,False,,,0,,,,,,0,50,,speed
P3704,John,Doe,1996-09-13,78,244,Unknown,medium,blonde,mustache,L,3B,,0,,,49,61,48,51,47,54,49,52,51,48,,,,,,,,,,,,45,57,51,50,47,0,0,52,50,44,,,,,,,,,,,,False,,,0,,,,,,0,50,,power
P5263,John,Doe,1993-10-07,71,173,Unknown,dark,blonde,clean_shaven,R,SS,,0,,,52,50,53,51,52,52,55,51,48,50,,,,,,,,,,,,47,43,51,41,52,0,0,51,42,47,,,,,,,,,,,,False,,,0,,,,,,0,50,,balanced
P8748,John,Doe,1996-09-04,77,229,Unknown,medium,blonde,clean_shaven,R,LF,,0,,,50,52,47,51,50,50,55,50,49,49,,,,,,,,,,,,52,48,50,51,50,0,0,50,53,52,,,,,,,,,,,,False,,,0,,,,,,0,50,,average
P6887,John,Doe,1990-01-17,76,244,Unknown,light,black,beard,R,CF,,0,,,53,47,50,50,52,50,52,49,48,49,,,,,,,,,,,,52,38,42,46,52,0,0,49,39,41,,,,,,,,,,,,False,,,0,,,,,,0,50,,spray
P8092,John,Doe,1995-05-29,76,219,Unknown,light,brown,goatee,S,RF,,0,,,54,51,52,53,47,52,54,52,51,50,,,,,,,,,,,,53,53,51,48,47,0,0,52,56,49,,,,,,,,,,,,False,,,0,,,,,,0,50,,gap
P5539,John,Doe,1989-10-26,68,192,Unknown,dark,black,mustache,R,2B,,0,,,51,59,49,49,47,51,56,49,49,52,,,,,,,,,,,,49,54,40,41,47,0,0,49,39,43,,,,,,,,,,,,False,,,0,,,,,,0,50,,power
P4919,John,Doe,2003-12-21,72,213,Unknown,light,brown,clean_shaven,L,2B,,0,,,50,50,51,49,52,52,49,51,49,49,,,,,,,,,,,,64,55,61,59,52,0,0,51,63,61,,,,,,,,,,,,False,,,0,,,,,,0,50,,balanced
P2214,John,Doe,1994-03-09,71,178,Unknown,dark,brown,clean_shaven,R,RF,3B,0,,,48,51,48,51,48,49,54,52,49,48,,,,,,,,,,,,45,49,51,55,48,0,0,52,52,48,,,,,,,,,,,,False,,,0,,,,,,0,50,,balanced
P2933,John,Doe,2002-06-26,71,168,Unknown,medium,brown,clean_shaven,R,RF,,0,,,51,61,49,52,50,51,56,48,50,52,,,,,,,,,,,,64,70,61,59,50,0,0,48,62,66,,,,,,,,,,,,False,,,0,,,,,,0,50,,power
P7039,John,Doe,1996-07-14,78,219,Unknown,light,black,mustache,L,3B,,0,,,50,52,52,50,49,49,50,52,49,49,,,,,,,,,,,,53,48,55,46,49,0,0,52,44,50,,,,,,,,,,,,False,,,0,,,,,,0,50,,balanced
P3505,John,Doe,1991-07-12,70,193,Unknown,dark,brown,beard,S,1B,,0,,,51,64,48,51,48,51,48,52,51,48,,,,,,,,,,,,46,64,38,47,48,0,0,52,41,47,,,,,,,,,,,,False,,,0,,,,,,0,50,,power
P5086,John,Doe,1998-02-17,75,203,Unknown,light,brown,beard,R,P,,1,RP,CL,,,,,55,,,,50,52,50,53,54,53,54,0,0,67,0,0,0,,,,,0,,,,45,56,52,58,52,58,55,0,0,69,0,0,0,False,,,0,,,,,,0,50,closer,
P7939,John,Doe,2001-03-09,78,161,Unknown,dark,red,clean_shaven,R,P,,1,RP,SP,,,,,50,,,,47,52,52,50,53,52,50,0,62,62,0,0,0,,,,,0,,,,56,66,56,61,65,63,60,0,71,72,0,0,0,False,,,0,,,,,,0,50,power_sp,
P8967,John,Doe,2001-06-12,74,161,Unknown,medium,black,clean_shaven,R,P,,1,RP,RP,,,,,53,,,,53,50,49,50,52,51,52,60,61,0,60,0,0,,,,,0,,,,67,55,57,59,61,63,63,68,76,0,75,0,0,False,,,0,,,,,,0,50,finesse_rp,
P8079,John,Doe,1998-12-08,78,195,Unknown,light,brown,beard,R,P,,1,RP,RP,,,,,52,,,,48,53,50,52,52,50,53,0,63,0,0,0,0,,,,,0,,,,57,66,59,62,59,55,67,0,71,0,0,0,0,False,,,0,,,,,,0,50,power_rp,
P9564,John,Doe,1989-07-24,71,188,Unknown,light,brown,beard,L,P,,1,RP,SP,,,,,52,,,,51,51,52,51,52,49,51,59,60,0,0,55,0,,,,,0,,,,41,48,47,49,42,43,45,55,51,0,0,55,0,False,,,0,,,,,,0,50,finesse_sp,
P7194,John,Doe,1998-12-25,78,191,Unknown,dark,black,clean_shaven,L,P,,1,RP,RP,,,,,51,,,,52,51,51,50,52,48,52,0,0,63,0,0,0,,,,,0,,,,66,64,60,59,65,56,58,0,0,73,0,0,0,False,,,0,,,,,,0,50,power_rp,
P1148,John,Doe,1995-09-30,74,218,Unknown,dark,brown,clean_shaven,L,P,1B,1,RP,CL,,,,,49,,,,47,51,51,50,52,50,54,0,60,67,0,0,0,,,,,0,,,,51,53,55,47,50,55,57,0,60,65,0,0,0,False,,,0,,,,,,0,50,closer,
P4065,John,Doe,1989-05-12,72,235,Unknown,dark,brown,beard,R,2B,,0,,,58,49,53,56,51,51,55,51,51,48,,,,,,,,,,,,56,45,43,53,51,0,0,51,45,40,,,,,,,,,,,,False,,,0,,,,,,0,50,,spray
P8398,John,Doe,1989-05-11,69,249,Unknown,light,brown,beard,R,LF,,0,,,51,50,49,52,51,52,60,48,49,48,,,,,,,,,,,,49,41,41,42,51,0,0,48,40,43,,,,,,,,,,,,False,,,0,,,,,,0,50,,balanced
P9023,John,Doe,2001-03-08,76,190,Unknown,light,black,clean_shaven,S,3B,,0,,,52,51,72,53,51,49,56,50,52,52,,,,,,,,,,,,59,58,83,64,51,0,0,50,61,66,,,,,,,,,,,,False,,,0,,,,,,0,50,,speed
P1345,John,Doe,1997-11-28,78,249,Unknown,light,brown,beard,S,1B,,0,,,62,68,52,52,48,48,51,52,49,51,,,,,,,,,,,,62,64,53,50,48,0,0,52,50,49,,,,,,,,,,,,False,,,0,,,,,,0,50,,gap
P5302,John,Doe,1990-08-16,74,239,Unknown,medium,brown,clean_shaven,R,C,,0,,,51,54,49,50,51,49,58,51,49,53,,,,,,,,,,,,51,47,47,46,51,0,0,51,44,47,,,,,,,,,,,,False,,,0,,,,,,0,50,,average
P9527,John,Doe,1995-10-24,70,215,Unknown,light,black,clean_shaven,R,SS,,0,,,52,52,52,51,52,52,56,52,49,51,,,,,,,,,,,,50,53,55,56,52,0,0,52,44,53,,,,,,,,,,,,False,,,0,,,,,,0,50,,balanced
P2070,John,Doe,1996-06-17,72,205,Unknown,light,brown,beard,R,C,,0,,,57,48,49,53,53,46,59,51,53,48,,,,,,,,,,,,62,45,50,58,53,0,0,51,58,43,,,,,,,,,,,,False,,,0,,,,,,0,50,,spray
P5580,John,Doe,1996-11-17,76,162,Unknown,light,black,goatee,R,3B,,0,,,52,53,50,51,50,50,59,53,48,49,,,,,,,,,,,,49,51,53,48,50,0,0,53,49,51,,,,,,,,,,,,False,,,0,,,,,,0,50,,gap
P4352,John,Doe,2007-02-10,76,189,Unknown,medium,black,clean_shaven,R,P,,1,RP,CL,,,,,55,,,,52,51,48,50,54,51,52,59,0,65,0,0,0,,,,,0,,,,74,68,74,68,59,76,68,77,0,78,0,0,0,False,,,0,,,,,,0,50,closer,
P6370,John,Doe,2004-03-27,78,192,Unknown,dark,black,clean_shaven,R,P,,1,RP,SP,,,,,52,,,,51,50,50,50,52,51,49,60,63,0,59,0,0,,,,,0,,,,72,75,72,74,64,61,74,90,76,0,78,0,0,False,,,0,,,,,,0,50,finesse_sp,
P8352,John,Doe,2006-01-25,76,247,Unknown,dark,black,clean_shaven,L,P,,1,RP,SP,,,,,49,,,,49,48,52,52,54,51,50,61,60,61,54,0,0,,,,,0,,,,78,68,70,84,63,78,73,83,76,87,66,0,0,False,,,0,,,,,,0,50,workhorse_sp,
P9493,John,Doe,2006-10-15,71,227,Unknown,medium,brown,clean_shaven,R,P,,1,RP,RP,,,,,52,,,,49,49,49,53,53,53,50,0,60,0,0,0,0,,,,,0,,,,60,75,68,83,69,71,79,0,87,0,0,0,0,False,,,0,,,,,,0,50,finesse_rp,
P7134,John,Doe,2007-08-20,78,178,Unknown,dark,black,beard,R,P,,1,RP,SP,,,,,48,,,,51,53,50,52,53,49,54,60,0,58,0,0,0,,,,,0,,,,80,68,63,66,61,64,79,82,0,74,0,0,0,False,,,0,,,,,,0,50,balanced_sp,
P3081,John,Doe,2004-10-23,73,203,Unknown,medium,black,goatee,R,C,,0,,,49,60,51,51,49,52,57,51,50,52,,,,,,,,,,,,76,77,78,65,49,0,0,51,79,66,,,,,,,,,,,,False,,,0,,,,,,0,50,,power
P3731,John,Doe,2004-08-30,70,186,Unknown,dark,red,clean_shaven,R,LF,,0,,,50,50,50,50,49,49,57,51,52,49,,,,,,,,,,,,72,62,70,72,49,0,0,51,64,64,,,,,,,,,,,,False,,,0,,,,,,0,50,,average
P6502,John,Doe,2004-05-05,74,207,Unknown,medium,black,clean_shaven,R,RF,,0,,,49,57,50,50,50,54,56,52,51,52,,,,,,,,,,,,64,70,79,67,50,0,0,52,68,68,,,,,,,,,,,,False,,,0,,,,,,0,50,,power
P4474,John,Doe,2006-08-12,78,160,Unknown,dark,black,clean_shaven,L,LF,,0,,,49,60,52,48,48,54,51,52,49,51,,,,,,,,,,,,77,83,81,77,48,0,0,52,77,65,,,,,,,,,,,,False,,,0,,,,,,0,50,,power
P1169,John,Doe,2006-03-26,70,242,Unknown,light,blonde,mustache,R,3B,,0,,,52,60,48,51,51,50,55,49,49,50,,,,,,,,,,,,72,72,76,63,51,0,0,49,70,62,,,,,,,,,,,,False,,,0,,,,,,0,50,,power
P6914,John,Doe,1988-03-06,72,179,Unknown,dark,black,beard,R,P,,1,RP,CL,,,,,55,,,,51,51,52,51,53,49,54,57,60,66,0,0,0,,,,,0,,,,43,44,46,48,49,45,46,57,56,63,0,0,0,False,,,0,,,,,,0,50,closer,
P9990,John,Doe,1994-10-03,74,183,Unknown,light,red,clean_shaven,S,P,,1,RP,RP,,,,,51,,,,52,48,52,50,53,50,51,59,60,0,0,0,0,,,,,0,,,,52,52,45,54,57,50,53,64,60,0,0,0,0,False,,,0,,,,,,0,50,finesse_rp,
P5875,John,Doe,1999-12-19,70,161,Unknown,dark,brown,clean_shaven,S,P,,1,RP,RP,,,,,54,,,,48,52,49,52,54,50,50,58,60,0,0,0,0,,,,,0,,,,56,65,62,69,56,63,60,68,74,0,0,0,0,False,,,0,,,,,,0,50,finesse_rp,
P2482,John,Doe,1992-05-25,74,195,Unknown,light,black,clean_shaven,R,P,,1,RP,SP,,,,,52,,,,50,53,50,50,53,48,52,59,60,0,0,0,0,,,,,0,,,,40,51,43,46,49,42,42,56,51,0,0,0,0,False,,,0,,,,,,0,50,balanced_sp,
P9823,John,Doe,1992-07-05,69,233,Unknown,dark,black,clean_shaven,L,P,,1,RP,LR,,,,,49,,,,53,49,53,50,52,52,52,0,62,0,0,0,0,,,,,0,,,,52,43,46,51,45,49,48,0,54,0,0,0,0,False,,,0,,,,,,0,50,long_relief,
P9008,John,Doe,1993-07-23,72,208,Unknown,dark,black,goatee,R,P,,1,RP,RP,,,,,49,,,,51,49,51,52,54,52,49,59,63,0,0,57,0,,,,,0,,,,48,43,50,44,45,47,39,56,55,0,0,48,0,False,,,0,,,,,,0,50,finesse_rp,
P5349,John,Doe,2003-12-21,68,210,Unknown,medium,black,clean_shaven,L,P,,1,RP,SP,,,,,52,,,,51,49,51,51,52,51,49,0,63,61,0,0,0,,,,,0,,,,56,59,60,63,60,58,56,0,71,73,0,0,0,False,,,0,,,,,,0,50,balanced_sp,
P2967,John,Doe,2001-12-20,72,226,Unknown,medium,brown,clean_shaven,L,P,,1,RP,SP,,,,,51,,,,49,52,52,53,53,52,53,61,61,61,58,0,0,,,,,0,,,,59,60,66,63,59,64,61,74,74,69,71,0,0,False,,,0,,,,,,0,50,balanced_sp,
P1308,John,Doe,1998-06-20,75,209,Unknown,dark,blonde,mustache,R,P,,1,RP,SP,,,,,50,,,,53,50,54,50,52,48,55,59,61,63,0,0,0,,,,,0,,,,66,64,62,59,62,60,69,64,67,68,0,0,0,False,,,0,,,,,,0,50,power_sp,
P7875,John,Doe,1992-11-17,77,173,Unknown,medium,blonde,clean_shaven,R,P,,1,RP,RP,,,,,50,,,,52,50,51,50,54,52,53,0,59,0,0,0,0,,,,,0,,,,49,46,46,46,45,51,50,0,54,0,0,0,0,False,,,0,,,,,,0,50,power_rp,
P7916,John,Doe,2002-09-30,75,202,Unknown,medium,black,clean_shaven,R,P,,1,RP,SP,,,,,51,,,,49,50,51,50,52,51,52,0,61,61,0,58,0,,,,,0,,,,59,63,63,57,64,65,57,0,70,72,0,64,0,False,,,0,,,,,,0,50,power_sp,
P8428,John,Doe,1997-10-22,71,250,Unknown,light,black,goatee,R,C,,0,,,52,53,51,51,48,52,60,52,50,51,,,,,,,,,,,,53,51,48,53,48,0,0,52,46,50,,,,,,,,,,,,False,,,0,,,,,,0,50,,balanced
P4953,John,Doe,2005-01-30,74,214,Unknown,dark,brown,clean_shaven,S,1B,,0,,,50,50,70,49,50,52,51,48,52,49,,,,,,,,,,,,60,79,87,72,50,0,0,48,75,73,,,,,,,,,,,,False,,,0,,,,,,0,50,,speed
P2829,John,Doe,2003-07-21,78,212,Unknown,dark,black,clean_shaven,R,2B,,0,,,51,51,48,51,50,50,57,52,48,51,,,,,,,,,,,,62,57,60,58,50,0,0,52,62,65,,,,,,,,,,,,False,,,0,,,,,,0,50,,balanced
P5986,John,Doe,1998-12-01,71,218,Unknown,medium,brown,goatee,R,3B,,0,,,48,56,52,49,47,51,55,51,50,51,,,,,,,,,,,,61,66,65,59,47,0,0,51,64,61,,,,,,,,,,,,False,,,0,,,,,,0,50,,power
P3210,John,Doe,1990-06-01,75,161,Unknown,dark,brown,clean_shaven,R,SS,2B,0,,,58,52,54,53,49,47,57,52,51,53,,,,,,,,,,,,50,48,52,53,49,0,0,52,47,50,,,,,,,,,,,,False,,,0,,,,,,0,50,,spray
P2148,John,Doe,2000-02-13,76,233,Unknown,medium,brown,beard,S,LF,3B,0,,,51,60,48,50,47,50,53,52,52,50,,,,,,,,,,,,66,70,54,61,47,0,0,52,61,58,,,,,,,,,,,,False,,,0,,,,,,0,50,,power
P7419,John,Doe,1995-11-13,71,230,Unknown,light,brown,mustache,R,CF,,0,,,52,47,85,50,51,50,56,49,49,49,,,,,,,,,,,,55,45,84,52,51,0,0,49,50,44,,,,,,,,,,,,False,,,0,,,,,,0,50,,elite_speed
P2383,John,Doe,1993-07-23,78,215,Unknown,medium,brown,clean_shaven,L,RF,,0,,,53,51,70,51,53,48,50,52,51,50,,,,,,,,,,,,45,49,66,41,53,0,0,52,48,42,,,,,,,,,,,,False,,,0,,,,,,0,50,,speed
P7788,John,Doe,1990-05-01,73,195,Unknown,light,brown,clean_shaven,S,LF,,0,,,53,50,50,50,51,51,56,52,50,49,,,,,,,,,,,,47,50,43,50,51,0,0,52,47,42,,,,,,,,,,,,False,,,0,,,,,,0,50,,balanced
P6526,John,Doe,1999-05-07,68,220,Unknown,light,black,beard,R,2B,,0,,,60,51,49,56,53,51,56,51,48,50,,,,,,,,,,,,66,61,63,62,53,0,0,51,61,65,,,,,,,,,,,,False,,,0,,,,,,0,50,,spray
P8333,John,Doe,1998-01-13,69,246,Unknown,medium,brown,mustache,R,3B,,0,,,53,49,53,52,49,53,59,50,48,52,,,,,,,,,,,,58,52,49,57,49,0,0,50,51,57,,,,,,,,,,,,False,,,0,,,,,,0,50,,balanced
P5162,John,Doe,2004-11-27,69,240,Unknown,medium,brown,clean_shaven,R,RF,,0,,,54,52,70,52,53,48,53,47,49,52,,,,,,,,,,,,79,73,81,67,53,0,0,47,71,62,,,,,,,,,,,,False,,,0,,,,,,0,50,,speed
P2614,John,Doe,2001-11-05,68,179,Unknown,medium,brown,goatee,R,2B,,0,,,51,51,48,50,52,52,58,52,52,51,,,,,,,,,,,,62,64,53,57,52,0,0,52,63,56,,,,,,,,,,,,False,,,0,,,,,,0,50,,balanced
P2320,John,Doe,1992-03-22,77,221,Unknown,light,brown,clean_shaven,R,C,,0,,,51,61,50,52,48,51,57,49,49,49,,,,,,,,,,,,48,52,47,46,48,0,0,49,47,47,,,,,,,,,,,,False,,,0,,,,,,0,50,,power
P3919,John,Doe,1999-08-20,72,188,Unknown,dark,brown,mustache,S,P,,1,RP,CL,,,,,55,,,,51,53,48,52,53,50,55,56,60,65,0,0,0,,,,,0,,,,61,60,64,65,58,62,69,69,65,73,0,0,0,False,,,0,,,,,,0,50,closer,
P7969,John,Doe,1995-11-13,73,186,Unknown,light,brown,clean_shaven,R,P,,1,RP,LR,,,,,52,,,,53,51,52,50,53,53,51,0,0,65,0,0,0,,,,,0,,,,55,46,55,50,48,55,49,0,0,69,0,0,0,False,,,0,,,,,,0,50,long_relief,
P7721,John,Doe,2003-03-21,69,225,Unknown,light,black,clean_shaven,R,P,,1,RP,SP,,,,,49,,,,49,52,54,52,52,53,52,0,63,60,57,0,0,,,,,0,,,,61,61,63,67,66,65,66,0,69,67,65,0,0,False,,,0,,,,,,0,50,power_sp,
P4862,John,Doe,2002-01-19,70,240,Unknown,dark,red,beard,R,P,,1,RP,RP,,,,,53,,,,52,50,51,50,52,49,54,0,58,65,61,0,0,,,,,0,,,,64,63,63,57,63,54,65,0,70,74,68,0,0,False,,,0,,,,,,0,50,groundball_rp,
P9031,John,Doe,1995-11-26,74,244,Unknown,dark,brown,clean_shaven,R,P,,1,RP,RP,,,,,50,,,,49,51,52,50,53,52,51,0,61,67,58,0,0,,,,,0,,,,53,54,54,54,48,49,48,0,60,69,55,0,0,False,,,0,,,,,,0,50,power_rp,
P2368,John,Doe,1995-06-24,71,174,Unknown,light,brown,clean_shaven,R,P,,1,RP,SP,,,,,48,,,,50,53,51,52,52,50,54,62,62,60,59,0,0,,,,,0,,,,54,53,54,51,49,45,57,57,66,65,56,0,0,False,,,0,,,,,,0,50,power_sp,
P9376,John,Doe,1999-10-18,76,194,Unknown,medium,brown,clean_shaven,R,P,,1,RP,CL,,,,,53,,,,52,52,49,50,53,51,53,0,0,65,0,0,0,,,,,0,,,,64,66,65,67,56,63,68,0,0,80,0,0,0,False,,,0,,,,,,0,50,closer,
P7697,John,Doe,1990-06-30,75,205,Unknown,light,black,clean_shaven,S,CF,,0,,,52,54,53,53,49,53,47,51,51,48,,,,,,,,,,,,42,46,44,51,49,0,0,51,43,39,,,,,,,,,,,,False,,,0,,,,,,0,50,,gap
P6018,John,Doe,1989-12-28,70,240,Unknown,light,brown,beard,R,LF,,0,,,59,50,49,54,50,51,55,48,52,50,,,,,,,,,,,,58,48,42,49,50,0,0,48,44,42,,,,,,,,,,,,False,,,0,,,,,,0,50,,spray
P2142,John,Doe,2000-11-21,72,177,Unknown,dark,black,beard,R,2B,,0,,,54,51,78,55,53,48,58,51,49,52,,,,,,,,,,,,66,61,89,64,53,0,0,51,62,64,,,,,,,,,,,,False,,,0,,,,,,0,50,,speed
P3730,John,Doe,2001-09-21,70,183,Unknown,dark,brown,clean_shaven,R,LF,,0,,,63,52,52,52,51,52,60,51,52,49,,,,,,,,,,,,68,66,63,60,51,0,0,51,57,54,,,,,,,,,,,,False,,,0,,,,,,0,50,,spray
P5238,John,Doe,1997-06-22,72,229,Unknown,medium,black,clean_shaven,R,SS,,0,,,54,50,50,53,52,50,58,49,47,49,,,,,,,,,,,,57,49,46,50,52,0,0,49,46,54,,,,,,,,,,,,False,,,0,,,,,,0,50,,balanced
P1577,John,Doe,1995-08-13,75,219,Unknown,dark,black,clean_shaven,R,LF,,0,,,51,61,48,50,51,49,56,49,51,51,,,,,,,,,,,,56,57,47,52,51,0,0,49,49,51,,,,,,,,,,,,False,,,0,,,,,,0,50,,power
P9197,John,Doe,1989-11-01,73,225,Unknown,medium,brown,beard,R,SS,,0,,,53,49,50,50,52,51,62,48,52,51,,,,,,,,,,,,52,49,48,48,52,0,0,48,44,46,,,,,,,,,,,,False,,,0,,,,,,0,50,,balanced
P7166,John,Doe,2004-12-18,68,241,Unknown,dark,blonde,clean_shaven,R,1B,,0,,,53,58,54,51,48,51,56,48,49,48,,,,,,,,,,,,65,80,69,80,48,0,0,48,67,61,,,,,,,,,,,,False,,,0,,,,,,0,50,,balanced
P9971,John,Doe,2004-03-30,78,235,Unknown,dark,brown,goatee,R,P,,1,RP,CL,,,,,55,,,,49,52,48,50,52,50,52,0,60,65,0,0,0,,,,,0,,,,68,73,60,81,68,71,70,0,73,83,0,0,0,False,,,0,,,,,,0,50,closer,
P9458,John,Doe,2004-09-28,72,171,Unknown,dark,brown,mustache,L,P,,1,RP,SP,,,,,51,,,,50,52,52,52,52,51,52,61,63,61,0,57,0,,,,,0,,,,79,65,74,74,62,77,64,82,77,74,0,70,0,False,,,0,,,,,,0,50,workhorse_sp,
P7382,John,Doe,2007-09-15,70,239,Unknown,medium,brown,mustache,R,P,,1,RP,SP,,,,,53,,,,52,53,53,52,52,51,51,59,60,58,61,0,0,,,,,0,,,,67,74,77,71,75,73,77,72,80,74,80,0,0,False,,,0,,,,,,0,50,groundball_sp,
P6928,John,Doe,2007-06-13,73,209,Unknown,medium,black,clean_shaven,L,P,,1,RP,RP,,,,,51,,,,51,51,50,53,52,52,49,0,61,0,0,0,0,,,,,0,,,,66,80,67,70,70,77,72,0,89,0,0,0,0,False,,,0,,,,,,0,50,finesse_rp,
P2583,John,Doe,2007-06-23,74,210,Unknown,medium,red,mustache,R,P,,1,RP,SP,,,,,49,,,,48,51,52,51,52,53,49,60,64,0,0,0,0,,,,,0,,,,75,77,73,65,65,75,67,88,92,0,0,0,0,False,,,0,,,,,,0,50,finesse_sp,
P8367,John,Doe,2004-12-28,70,227,Unknown,light,brown,goatee,R,RF,,0,,,52,61,48,52,49,49,58,48,47,52,,,,,,,,,,,,66,91,60,69,49,0,0,48,67,69,,,,,,,,,,,,False,,,0,,,,,,0,50,,power
P7684,John,Doe,2005-06-26,70,227,Unknown,medium,brown,clean_shaven,R,3B,,0,,,50,56,48,49,49,49,56,53,49,49,,,,,,,,,,,,66,81,69,66,49,0,0,53,61,64,,,,,,,,,,,,False,,,0,,,,,,0,50,,power
P2346,John,Doe,2004-06-16,69,185,Unknown,dark,blonde,mustache,L,3B,,0,,,52,53,53,51,51,51,48,52,52,48,,,,,,,,,,,,72,65,69,77,51,0,0,52,82,65,,,,,,,,,,,,False,,,0,,,,,,0,50,,balanced
P3438,John,Doe,2005-07-14,75,175,Unknown,dark,brown,clean_shaven,L,LF,,0,,,56,54,52,53,49,50,51,49,51,51,,,,,,,,,,,,81,71,68,71,49,0,0,49,67,65,,,,,,,,,,,,False,,,0,,,,,,0,50,,gap
P4921,John,Doe,2006-10-28,77,207,Unknown,dark,black,clean_shaven,R,SS,,0,,,59,49,72,51,50,50,62,50,49,50,,,,,,,,,,,,78,67,89,61,50,0,0,50,74,70,,,,,,,,,,,,False,,,0,,,,,,0,50,,spray
P8838,John,Doe,1993-06-19,71,226,Unknown,light,black,clean_shaven,R,P,,1,RP,CL,,,,,55,,,,51,53,48,51,52,51,53,57,0,65,0,0,0,,,,,0,,,,49,47,43,46,43,43,45,57,0,60,0,0,0,False,,,0,,,,,,0,50,closer,
P9183,John,Doe,1999-06-25,69,242,Unknown,light,blonde,clean_shaven,R,P,,1,RP,RP,,,,,50,,,,50,53,51,51,52,50,55,58,60,66,0,0,0,,,,,0,,,,58,68,57,57,65,65,68,64,66,75,0,0,0,False,,,0,,,,,,0,50,power_rp,
P8002,John,Doe,2004-09-29,77,215,Unknown,dark,black,clean_shaven,L,P,,1,RP,RP,,,,,52,,,,51,52,50,52,53,52,50,0,0,63,0,0,0,,,,,0,,,,64,81,66,71,68,68,62,0,0,81,0,0,0,False,,,0,,,,,,0,50,power_rp,
P5857,John,Doe,1994-04-18,68,243,Unknown,light,black,beard,S,P,,1,RP,SP,,,,,50,,,,51,49,52,50,54,52,51,0,61,59,0,0,0,,,,,0,,,,47,47,50,52,56,53,53,0,63,60,0,0,0,False,,,0,,,,,,0,50,balanced_sp,
P3862,John,Doe,2001-03-07,74,229,Unknown,light,blonde,goatee,L,P,,1,RP,SP,,,,,50,,,,49,50,52,52,54,51,51,63,63,61,0,57,0,,,,,0,,,,60,63,63,61,58,56,56,75,75,66,0,69,0,False,,,0,,,,,,0,50,finesse_sp,
P2122,John,Doe,1987-05-08,76,194,Unknown,dark,brown,clean_shaven,L,P,,1,RP,SP,,,,,51,,,,51,52,54,50,52,51,50,60,62,61,0,0,0,,,,,0,,,,46,52,45,50,46,50,41,58,60,61,0,0,0,False,,,0,,,,,,0,50,balanced_sp,
P4989,John,Doe,1996-03-11,78,199,Unknown,medium,brown,clean_shaven,R,P,,1,RP,SP,,,,,54,,,,49,48,51,50,52,52,49,0,61,0,58,0,0,,,,,0,,,,54,50,55,48,53,50,46,0,56,0,56,0,0,False,,,0,,,,,,0,50,groundball_sp,
P2679,John,Doe,1995-08-18,74,225,Unknown,medium,blonde,clean_shaven,R,P,,1,RP,SP,,,,,47,,,,53,53,52,50,52,48,54,61,61,62,56,0,0,,,,,0,,,,52,51,53,56,49,43,52,60,57,67,58,0,0,False,,,0,,,,,,0,50,power_sp,
P1985,John,Doe,1996-10-04,72,211,Unknown,medium,brown,clean_shaven,R,P,,1,RP,SP,,,,,51,,,,50,53,51,50,53,50,51,0,62,61,0,53,0,,,,,0,,,,46,52,51,54,49,54,54,0,66,58,0,50,0,False,,,0,,,,,,0,50,power_sp,
P6568,John,Doe,1992-03-13,68,244,Unknown,medium,brown,clean_shaven,R,P,,1,RP,SP,,,,,52,,,,51,53,53,53,52,49,51,60,60,60,0,56,0,,,,,0,,,,41,43,53,51,48,39,45,59,57,54,0,49,0,False,,,0,,,,,,0,50,finesse_sp,
P5532,John,Doe,1997-01-28,72,179,Unknown,dark,brown,clean_shaven,R,P,,1,RP,RP,,,,,49,,,,49,50,50,50,52,53,55,0,63,63,0,0,0,,,,,0,,,,54,45,53,57,48,53,55,0,65,64,0,0,0,False,,,0,,,,,,0,50,power_rp,
P5175,John,Doe,1991-11-04,70,218,Unknown,light,brown,clean_shaven,R,C,,0,,,53,48,87,52,53,52,55,50,52,50,,,,,,,,,,,,45,46,81,49,53,0,0,50,50,40,,,,,,,,,,,,False,,,0,,,,,,0,50,,speed
P4141,John,Doe,1995-05-19,77,186,Unknown,medium,black,clean_shaven,R,1B,,0,,,53,65,52,50,50,54,54,48,50,53,,,,,,,,,,,,52,63,55,50,50,0,0,48,54,49,,,,,,,,,,,,False,,,0,,,,,,0,50,,power
P3012,John,Doe,1989-10-27,70,186,Unknown,medium,blonde,goatee,R,2B,3B,0,,,53,48,52,52,48,50,56,52,52,52,,,,,,,,,,,,53,41,43,51,48,0,0,52,52,49,,,,,,,,,,,,False,,,0,,,,,,0,50,,average
P2018,John,Doe,1998-06-08,76,196,Unknown,medium,black,clean_shaven,R,3B,,0,,,51,50,70,52,52,51,56,50,48,49,,,,,,,,,,,,56,57,75,65,52,0,0,50,55,64,,,,,,,,,,,,False,,,0,,,,,,0,50,,speed
P8335,John,Doe,2001-10-21,74,167,Unknown,dark,brown,clean_shaven,R,SS,,0,,,54,49,54,51,48,49,61,48,52,47,,,,,,,,,,,,65,62,64,61,48,0,0,48,58,58,,,,,,,,,,,,False,,,0,,,,,,0,50,,balanced
P6452,John,Doe,2004-12-11,74,170,Unknown,light,brown,clean_shaven,R,LF,,0,,,54,57,49,51,52,52,58,50,51,52,,,,,,,,,,,,72,84,61,62,52,0,0,50,65,74,,,,,,,,,,,,False,,,0,,,,,,0,50,,balanced
P1464,John,Doe,2004-07-16,74,191,Unknown,medium,brown,mustache,S,CF,,0,,,49,53,50,50,53,50,50,49,49,52,,,,,,,,,,,,66,68,61,75,53,0,0,49,73,75,,,,,,,,,,,,False,,,0,,,,,,0,50,,average
P1095,John,Doe,1990-09-30,74,246,Unknown,light,black,clean_shaven,L,RF,,0,,,51,64,47,51,51,53,51,51,50,52,,,,,,,,,,,,50,55,38,46,51,0,0,51,49,48,,,,,,,,,,,,False,,,0,,,,,,0,50,,power
P8008,John,Doe,1994-11-03,71,166,Unknown,light,black,clean_shaven,R,SS,,0,,,49,50,52,49,52,49,56,49,52,49,,,,,,,,,,,,45,46,55,48,52,0,0,49,51,51,,,,,,,,,,,,False,,,0,,,,,,0,50,,average
P5082,John,Doe,1996-07-31,74,220,Unknown,dark,black,beard,R,RF,,0,,,52,58,51,52,50,53,57,49,52,53,,,,,,,,,,,,56,60,48,47,50,0,0,49,52,48,,,,,,,,,,,,False,,,0,,,,,,0,50,,power
P4078,John,Doe,2003-03-23,70,240,Unknown,light,brown,clean_shaven,L,CF,,0,,,53,54,50,51,53,53,48,49,49,48,,,,,,,,,,,,65,67,65,62,53,0,0,49,56,56,,,,,,,,,,,,False,,,0,,,,,,0,50,,balanced
P5063,John,Doe,1989-06-18,71,186,Unknown,medium,brown,mustache,L,RF,,0,,,51,59,47,50,49,50,49,48,52,53,,,,,,,,,,,,42,53,38,50,49,0,0,48,42,48,,,,,,,,,,,,False,,,0,,,,,,0,50,,power
P8671,John,Doe,1996-12-21,70,201,Unknown,dark,black,clean_shaven,R,C,,0,,,49,59,47,51,47,53,59,50,52,49,,,,,,,,,,,,52,62,48,46,47,0,0,50,51,48,,,,,,,,,,,,False,,,0,,,,,,0,50,,power
P6185,John,Doe,1991-08-15,78,227,Unknown,dark,black,goatee,L,CF,,0,,,54,47,70,53,49,49,50,52,48,51,,,,,,,,,,,,51,39,69,47,49,0,0,52,41,44,,,,,,,,,,,,False,,,0,,,,,,0,50,,speed
P9399,John,Doe,1991-02-15,73,210,Unknown,medium,blonde,clean_shaven,R,P,,1,RP,CL,,,,,55,,,,52,51,50,50,53,49,56,57,0,65,0,0,0,,,,,0,,,,45,44,42,49,48,49,46,49,0,59,0,0,0,False,,,0,,,,,,0,50,closer,
P9271,John,Doe,1998-07-22,75,229,Unknown,light,brown,clean_shaven,R,P,,1,RP,RP,,,,,51,,,,48,52,50,50,53,51,49,58,61,67,0,0,0,,,,,0,,,,55,64,65,63,57,64,56,63,69,82,0,0,0,False,,,0,,,,,,0,50,finesse_rp,
P4147,John,Doe,1996-09-29,71,168,Unknown,dark,black,clean_shaven,R,P,,1,RP,SP,,,,,51,,,,53,51,54,50,52,53,50,58,62,59,0,0,0,,,,,0,,,,50,53,55,56,59,51,46,61,67,62,0,0,0,False,,,0,,,,,,0,50,workhorse_sp,
P7325,John,Doe,1990-02-01,68,165,Unknown,medium,black,clean_shaven,L,P,,1,RP,RP,,,,,53,,,,52,51,49,50,53,51,53,0,0,0,59,0,0,,,,,0,,,,50,44,50,51,47,41,47,0,0,0,57,0,0,False,,,0,,,,,,0,50,groundball_rp,
P6886,John,Doe,1998-06-06,77,206,Unknown,medium,blonde,clean_shaven,L,P,,1,RP,RP,,,,,51,,,,47,48,51,52,52,53,51,0,61,0,0,0,0,,,,,0,,,,52,58,66,57,63,59,66,0,74,0,0,0,0,False,,,0,,,,,,0,50,finesse_rp,
P3418,John,Doe,1992-11-01,68,194,Unknown,light,black,mustache,R,P,,1,RP,RP,,,,,50,,,,49,53,51,50,52,52,54,58,0,0,0,0,0,,,,,0,,,,39,51,44,46,41,47,50,58,0,0,0,0,0,False,,,0,,,,,,0,50,finesse_rp,
P6891,John,Doe,1991-04-19,74,189,Unknown,dark,black,clean_shaven,L,P,,1,RP,SP,,,,,49,,,,50,53,54,50,52,50,50,58,59,62,0,53,0,,,,,0,,,,42,48,43,42,50,49,43,57,50,52,0,45,0,False,,,0,,,,,,0,50,balanced_sp,
P5838,John,Doe,1998-12-16,74,231,Unknown,light,black,clean_shaven,R,SS,,0,,,66,52,52,53,49,46,59,50,48,51,,,,,,,,,,,,79,65,59,66,49,0,0,50,62,61,,,,,,,,,,,,False,,,0,,,,,,0,50,,spray
P4358,John,Doe,1990-11-24,71,241,Unknown,light,black,beard,R,C,,0,,,50,51,53,50,52,51,57,49,49,53,,,,,,,,,,,,40,43,44,43,52,0,0,49,41,47,,,,,,,,,,,,False,,,0,,,,,,0,50,,balanced
P8550,John,Doe,1993-04-27,77,227,Unknown,light,brown,clean_shaven,L,C,,0,,,54,52,70,55,50,51,50,51,49,52,,,,,,,,,,,,52,48,64,51,50,0,0,51,49,47,,,,,,,,,,,,False,,,0,,,,,,0,50,,speed
P4339,John,Doe,2004-05-29,68,235,Unknown,light,blonde,clean_shaven,S,1B,,0,,,55,56,49,50,49,52,49,51,51,50,,,,,,,,,,,,68,78,70,72,49,0,0,51,81,66,,,,,,,,,,,,False,,,0,,,,,,0,50,,gap
P1090,John,Doe,2004-09-27,76,202,Unknown,dark,brown,goatee,R,2B,,0,,,58,49,51,56,51,49,55,49,52,49,,,,,,,,,,,,75,68,63,77,51,0,0,49,64,76,,,,,,,,,,,,False,,,0,,,,,,0,50,,spray
P3756,John,Doe,1993-03-23,71,201,Unknown,medium,black,clean_shaven,R,2B,,0,,,58,48,48,52,53,51,58,51,48,51,,,,,,,,,,,,53,46,43,48,53,0,0,51,46,44,,,,,,,,,,,,False,,,0,,,,,,0,50,,balanced
P6765,John,Doe,1996-01-04,75,207,Unknown,dark,brown,beard,S,LF,,0,,,60,51,51,52,52,50,54,49,49,50,,,,,,,,,,,,56,52,51,50,52,0,0,49,50,48,,,,,,,,,,,,False,,,0,,,,,,0,50,,spray
P6321,John,Doe,2004-08-19,71,186,Unknown,light,brown,beard,R,SS,,0,,,53,49,52,51,49,52,58,49,52,49,,,,,,,,,,,,82,79,63,69,49,0,0,49,78,60,,,,,,,,,,,,False,,,0,,,,,,0,50,,balanced
P4067,John,Doe,2006-07-23,73,240,Unknown,dark,black,goatee,L,P,,1,RP,CL,,,,,55,,,,50,52,51,50,53,51,56,0,58,67,0,0,0,,,,,0,,,,64,70,76,80,80,63,73,0,81,92,0,0,0,False,,,0,,,,,,0,50,closer,
P9364,John,Doe,2006-03-09,75,169,Unknown,light,blonde,clean_shaven,L,P,,1,RP,SP,,,,,49,,,,50,50,52,50,52,49,50,0,61,58,57,56,0,,,,,0,,,,71,75,65,79,74,64,62,0,72,74,79,71,0,False,,,0,,,,,,0,50,power_sp,
P2594,John,Doe,2006-08-01,76,209,Unknown,medium,black,clean_shaven,R,P,,1,RP,LR,,,,,51,,,,51,52,49,50,52,50,54,59,60,66,0,0,0,,,,,0,,,,71,79,61,69,70,67,70,73,84,81,0,0,0,False,,,0,,,,,,0,50,long_relief,
P4189,John,Doe,2007-05-03,74,189,Unknown,light,brown,clean_shaven,L,P,,1,RP,SP,,,,,50,,,,52,53,50,50,53,50,51,60,60,63,0,58,0,,,,,0,,,,69,81,79,65,61,71,61,88,90,74,0,84,0,False,,,0,,,,,,0,50,power_sp,
P4864,John,Doe,2007-01-30,74,188,Unknown,dark,blonde,clean_shaven,R,P,,1,RP,RP,,,,,49,,,,49,53,49,52,54,51,53,59,61,0,0,55,0,,,,,0,,,,70,66,81,77,62,64,64,89,71,0,0,71,0,False,,,0,,,,,,0,50,finesse_rp,
P2362,John,Doe,2005-06-21,75,222,Unknown,light,brown,clean_shaven,L,RF,,0,,,52,48,70,53,53,49,43,49,51,53,,,,,,,,,,,,77,69,97,69,53,0,0,49,73,67,,,,,,,,,,,,False,,,0,,,,,,0,50,,speed
P7139,John,Doe,2007-06-25,73,232,Unknown,dark,blonde,clean_shaven,R,RF,,0,,,50,53,50,49,53,52,58,50,51,49,,,,,,,,,,,,72,80,64,69,53,0,0,50,72,65,,,,,,,,,,,,False,,,0,,,,,,0,50,,balanced
P4459,John,Doe,2005-04-08,75,191,Unknown,dark,brown,clean_shaven,R,RF,,0,,,50,60,50,49,49,50,57,51,52,52,,,,,,,,,,,,75,90,78,75,49,0,0,51,64,81,,,,,,,,,,,,False,,,0,,,,,,0,50,,power
P9968,John,Doe,2005-11-24,68,186,Unknown,medium,blonde,clean_shaven,R,RF,CF,0,,,50,64,52,50,49,52,54,52,51,49,,,,,,,,,,,,62,91,79,75,49,0,0,52,67,69,,,,,,,,,,,,False,,,0,,,,,,0,50,,power
P8566,John,Doe,2006-12-08,68,168,Unknown,medium,brown,clean_shaven,R,LF,,0,,,53,53,50,50,50,51,56,51,53,48,,,,,,,,,,,,66,83,73,60,50,0,0,51,80,63,,,,,,,,,,,,False,,,0,,,,,,0,50,,average
P4322,John,Doe,1988-12-11,71,210,Unknown,medium,brown,clean_shaven,L,P,,1,RP,CL,,,,,55,,,,50,50,50,50,53,49,53,0,61,65,0,0,0,,,,,0,,,,42,50,44,50,47,47,43,0,53,57,0,0,0,False,,,0,,,,,,0,50,closer,
P5024,John,Doe,1995-08-26,68,183,Unknown,light,black,clean_shaven,R,P,,1,RP,RP,,,,,53,,,,48,53,49,50,54,50,55,0,63,64,0,0,0,,,,,0,,,,45,52,47,55,50,48,56,0,59,62,0,0,0,False,,,0,,,,,,0,50,power_rp,
P7277,John,Doe,1992-05-24,75,214,Unknown,dark,blonde,goatee,S,P,,1,RP,SP,,,,,52,,,,49,51,50,52,53,49,50,0,64,61,0,54,0,,,,,0,,,,43,47,44,48,46,40,45,0,58,51,0,50,0,False,,,0,,,,,,0,50,power_sp,
P1753,John,Doe,1994-03-24,77,188,Unknown,light,brown,clean_shaven,S,P,,1,RP,RP,,,,,53,,,,49,53,51,50,52,53,53,0,60,67,0,0,0,,,,,0,,,,45,54,53,47,54,49,49,0,65,64,0,0,0,False,,,0,,,,,,0,50,power_rp,
P8656,John,Doe,1994-08-22,75,228,Unknown,medium,black,beard,R,P,,1,RP,SP,,,,,52,,,,48,50,54,51,53,50,53,62,60,0,58,56,0,,,,,0,,,,47,50,54,49,49,50,53,60,60,0,54,56,0,False,,,0,,,,,,0,50,finesse_sp,
P8920,John,Doe,2002-12-14,72,238,Unknown,dark,brown,goatee,R,P,,1,RP,SP,,,,,53,,,,51,52,53,52,52,51,52,61,61,60,59,0,0,,,,,0,,,,61,64,57,62,62,59,61,75,69,66,64,0,0,False,,,0,,,,,,0,50,groundball_sp,
P3924,John,Doe,2001-12-05,71,244,Unknown,medium,brown,clean_shaven,L,P,,1,RP,RP,,,,,50,,,,49,50,49,50,53,50,51,0,58,65,0,54,0,,,,,0,,,,62,55,63,59,54,64,56,0,71,76,0,67,0,False,,,0,,,,,,0,50,power_rp,
P8321,John,Doe,1988-06-09,68,243,Unknown,dark,blonde,goatee,R,P,,1,RP,RP,,,,,52,,,,48,49,52,51,52,50,50,61,59,0,0,55,0,,,,,0,,,,47,39,42,45,43,49,43,59,55,0,0,52,0,False,,,0,,,,,,0,50,finesse_rp,
P6472,John,Doe,1989-10-06,78,186,Unknown,light,blonde,beard,L,P,,1,RP,RP,,,,,53,,,,52,48,50,52,53,50,50,58,61,0,0,0,0,,,,,0,,,,46,48,44,44,42,48,42,48,60,0,0,0,0,False,,,0,,,,,,0,50,finesse_rp,
P2921,John,Doe,1988-10-05,75,192,Unknown,medium,brown,beard,R,P,,1,RP,RP,,,,,52,,,,50,51,53,51,52,50,51,59,0,0,0,0,0,,,,,0,,,,48,41,51,46,53,40,44,55,0,0,0,0,0,False,,,0,,,,,,0,50,finesse_rp,
P8690,John,Doe,1995-10-01,76,235,Unknown,dark,brown,clean_shaven,R,P,,1,RP,RP,,,,,54,,,,50,49,51,52,54,49,52,0,0,67,63,0,0,,,,,0,,,,47,51,50,50,53,49,47,0,0,63,66,0,0,False,,,0,,,,,,0,50,groundball_rp,
P6253,John,Doe,2003-09-27,72,249,Unknown,light,black,goatee,R,C,,0,,,66,52,50,52,52,46,59,50,49,51,,,,,,,,,,,,76,67,57,57,52,0,0,50,57,56,,,,,,,,,,,,False,,,0,,,,,,0,50,,spray
P7351,John,Doe,1997-07-09,70,218,Unknown,light,brown,mustache,R,1B,,0,,,50,61,50,49,47,54,52,52,51,50,,,,,,,,,,,,50,57,51,49,47,0,0,52,49,46,,,,,,,,,,,,False,,,0,,,,,,0,50,,power
P5468,John,Doe,1996-04-01,76,200,Unknown,medium,black,clean_shaven,R,2B,,0,,,51,49,51,50,53,48,55,48,53,50,,,,,,,,,,,,51,52,49,52,53,0,0,48,52,50,,,,,,,,,,,,False,,,0,,,,,,0,50,,average
P9177,John,Doe,2004-03-07,68,205,Unknown,light,black,clean_shaven,R,3B,,0,,,51,50,52,51,52,51,60,50,52,51,,,,,,,,,,,,62,70,82,80,52,0,0,50,82,70,,,,,,,,,,,,False,,,0,,,,,,0,50,,balanced
P2638,John,Doe,2003-03-05,78,226,Unknown,medium,brown,clean_shaven,R,SS,,0,,,49,52,91,51,49,51,59,52,49,52,,,,,,,,,,,,64,57,99,66,49,0,0,52,54,64,,,,,,,,,,,,False,,,0,,,,,,0,50,,speed
P1920,John,Doe,1998-02-23,75,200,Unknown,medium,black,beard,R,LF,,0,,,54,58,50,52,49,52,55,49,51,53,,,,,,,,,,,,51,54,50,51,49,0,0,49,56,49,,,,,,,,,,,,False,,,0,,,,,,0,50,,balanced
P5649,John,Doe,1999-07-20,78,215,Unknown,dark,brown,clean_shaven,L,CF,,0,,,62,50,49,51,49,49,47,47,52,53,,,,,,,,,,,,73,55,54,61,49,0,0,47,57,64,,,,,,,,,,,,False,,,0,,,,,,0,50,,spray
P6123,John,Doe,1987-12-29,77,247,Unknown,medium,black,mustache,R,RF,,0,,,62,60,48,50,49,50,55,51,48,53,,,,,,,,,,,,59,51,47,41,49,0,0,51,44,47,,,,,,,,,,,,False,,,0,,,,,,0,50,,gap
P7467,John,Doe,1995-01-31,72,167,Unknown,medium,black,beard,R,3B,,0,,,51,58,50,50,46,51,56,52,50,50,,,,,,,,,,,,46,59,49,47,46,0,0,52,52,47,,,,,,,,,,,,False,,,0,,,,,,0,50,,power
P7238,John,Doe,1998-09-10,78,162,Unknown,medium,blonde,beard,R,2B,,0,,,52,52,49,53,51,51,55,48,49,51,,,,,,,,,,,,61,62,62,60,51,0,0,48,58,66,,,,,,,,,,,,False,,,0,,,,,,0,50,,gap
P7866,John,Doe,1999-05-28,71,165,Unknown,light,red,clean_shaven,R,2B,,0,,,61,52,51,55,51,50,59,51,49,51,,,,,,,,,,,,76,61,65,66,51,0,0,51,61,56,,,,,,,,,,,,False,,,0,,,,,,0,50,,spray
P5164,John,Doe,1987-08-10,69,230,Unknown,medium,brown,clean_shaven,R,3B,,0,,,51,51,53,51,51,51,57,49,52,51,,,,,,,,,,,,44,50,51,45,51,0,0,49,44,46,,,,,,,,,,,,False,,,0,,,,,,0,50,,gap
P4710,John,Doe,1995-11-07,75,230,Unknown,light,brown,beard,L,RF,,0,,,54,57,50,51,47,49,44,52,49,54,,,,,,,,,,,,53,55,54,46,47,0,0,52,45,55,,,,,,,,,,,,False,,,0,,,,,,0,50,,gap
P6091,John,Doe,1996-11-18,69,178,Unknown,light,blonde,clean_shaven,R,C,,0,,,50,53,51,49,51,51,59,51,52,50,,,,,,,,,,,,54,52,56,46,51,0,0,51,49,49,,,,,,,,,,,,False,,,0,,,,,,0,50,,balanced
P1453,John,Doe,1990-04-28,72,217,Unknown,medium,brown,beard,R,P,,1,RP,CL,,,,,55,,,,48,51,51,53,54,53,52,0,60,65,0,0,0,,,,,0,,,,43,43,46,54,48,49,52,0,55,56,0,0,0,False,,,0,,,,,,0,50,closer,
P2587,John,Doe,1999-11-25,68,218,Unknown,medium,brown,clean_shaven,R,P,,1,RP,SP,,,,,49,,,,52,52,54,53,53,53,51,61,62,62,0,55,0,,,,,0,,,,65,61,59,65,68,58,60,71,68,74,0,61,0,False,,,0,,,,,,0,50,workhorse_sp,
P5776,John,Doe,1997-03-07,74,175,Unknown,light,brown,clean_shaven,L,P,,1,RP,RP,,,,,52,,,,51,49,48,50,54,52,53,62,60,0,0,0,0,,,,,0,,,,49,52,54,50,51,57,54,61,60,0,0,0,0,False,,,0,,,,,,0,50,finesse_rp,
P1228,John,Doe,1989-11-04,77,238,Unknown,light,black,clean_shaven,S,P,,1,RP,SP,,,,,52,,,,49,51,50,52,52,52,50,59,0,0,57,0,0,,,,,0,,,,47,42,45,51,40,52,42,54,0,0,49,0,0,False,,,0,,,,,,0,50,groundball_sp,
P2835,John,Doe,2004-04-13,77,207,Unknown,medium,black,clean_shaven,R,P,,1,RP,RP,,,,,50,,,,49,52,49,53,53,49,51,57,61,0,0,0,0,,,,,0,,,,78,79,82,77,64,78,69,87,80,0,0,0,0,False,,,0,,,,,,0,50,finesse_rp,
P7794,John,Doe,1996-01-01,74,230,Unknown,medium,brown,clean_shaven,L,P,,1,RP,SP,,,,,52,,,,48,51,50,50,53,49,52,0,62,63,0,0,0,,,,,0,,,,51,49,51,55,47,54,52,0,60,66,0,0,0,False,,,0,,,,,,0,50,power_sp,
P1129,John,Doe,1996-04-23,68,196,Unknown,light,brown,clean_shaven,L,P,,1,RP,RP,,,,,57,,,,48,49,49,50,54,50,51,0,0,63,60,0,0,,,,,0,,,,52,52,51,53,47,47,49,0,0,61,58,0,0,False,,,0,,,,,,0,50,groundball_rp,
P2999,John,Doe,1987-05-06,75,228,Unknown,dark,black,beard,L,RF,,0,,,49,59,51,49,51,53,47,47,51,50,,,,,,,,,,,,43,56,49,48,51,0,0,47,42,42,,,,,,,,,,,,False,,,0,,,,,,0,50,,power
P1703,John,Doe,2004-10-29,68,194,Unknown,dark,black,clean_shaven,R,RF,,0,,,57,55,49,51,49,49,55,48,49,53,,,,,,,,,,,,67,71,76,81,49,0,0,48,60,71,,,,,,,,,,,,False,,,0,,,,,,0,50,,gap
P2280,John,Doe,1999-11-28,69,200,Unknown,dark,black,mustache,R,2B,,0,,,52,50,48,51,52,51,56,52,52,51,,,,,,,,,,,,64,58,56,61,52,0,0,52,66,58,,,,,,,,,,,,False,,,0,,,,,,0,50,,balanced
P9861,John,Doe,1995-12-01,71,235,Unknown,dark,blonde,clean_shaven,R,C,,0,,,63,54,52,53,50,48,57,51,53,48,,,,,,,,,,,,59,57,47,57,50,0,0,51,49,50,,,,,,,,,,,,False,,,0,,,,,,0,50,,spray
P3733,John,Doe,1990-09-13,68,185,Unknown,medium,brown,clean_shaven,L,SS,,0,,,57,51,71,52,52,51,51,52,51,48,,,,,,,,,,,,49,51,69,42,52,0,0,52,44,39,,,,,,,,,,,,False,,,0,,,,,,0,50,,spray
P1874,John,Doe,2002-04-14,76,218,Unknown,dark,brown,goatee,R,3B,,0,,,63,52,51,53,54,51,55,52,50,49,,,,,,,,,,,,68,62,57,64,54,0,0,52,57,63,,,,,,,,,,,,False,,,0,,,,,,0,50,,spray
P2015,John,Doe,1994-05-31,73,183,Unknown,medium,black,clean_shaven,R,RF,,0,,,54,51,50,53,47,51,55,47,52,49,,,,,,,,,,,,56,52,49,57,47,0,0,47,53,52,,,,,,,,,,,,False,,,0,,,,,,0,50,,balanced
P8855,John,Doe,2003-02-13,77,191,Unknown,medium,brown,clean_shaven,R,CF,,0,,,50,53,49,49,49,51,53,50,50,49,,,,,,,,,,,,60,59,61,59,49,0,0,50,59,54,,,,,,,,,,,,False,,,0,,,,,,0,50,,average
P9181,John,Doe,2006-04-17,72,170,Unknown,dark,brown,clean_shaven,S,P,,1,RP,CL,,,,,55,,,,50,52,48,50,52,50,52,57,62,65,0,0,0,,,,,0,,,,80,75,64,78,72,63,67,72,82,84,0,0,0,False,,,0,,,,,,0,50,closer,
P7147,John,Doe,2005-12-11,76,218,Unknown,medium,brown,clean_shaven,S,P,,1,RP,SP,,,,,48,,,,49,51,50,50,52,49,48,59,63,0,0,0,0,,,,,0,,,,60,81,73,81,76,68,58,87,91,0,0,0,0,False,,,0,,,,,,0,50,finesse_sp,
P9608,John,Doe,2006-04-01,74,199,Unknown,medium,brown,clean_shaven,L,P,,1,RP,RP,,,,,57,,,,52,49,49,50,53,49,52,0,0,64,63,0,0,,,,,0,,,,70,72,73,63,78,60,82,0,0,92,89,0,0,False,,,0,,,,,,0,50,groundball_rp,
P3436,John,Doe,2007-03-09,76,173,Unknown,light,brown,beard,L,P,,1,RP,RP,,,,,55,,,,51,52,50,50,54,51,51,56,0,63,62,0,0,,,,,0,,,,65,69,72,67,65,80,73,67,0,92,77,0,0,False,,,0,,,,,,0,50,groundball_rp,
P5723,John,Doe,2005-11-26,70,247,Unknown,light,black,clean_shaven,S,P,,1,RP,SP,,,,,50,,,,52,49,49,51,54,53,50,62,62,0,0,0,0,,,,,0,,,,64,66,66,70,63,69,74,72,89,0,0,0,0,False,,,0,,,,,,0,50,finesse_sp,
P2740,John,Doe,2007-11-30,78,232,Unknown,medium,brown,clean_shaven,L,C,,0,,,49,53,48,51,52,53,48,48,53,50,,,,,,,,,,,,66,69,78,65,52,0,0,48,79,72,,,,,,,,,,,,False,,,0,,,,,,0,50,,average
P3173,John,Doe,2006-06-28,76,233,Unknown,medium,blonde,beard,L,CF,,0,,,58,51,52,51,52,48,46,49,49,49,,,,,,,,,,,,79,79,73,66,52,0,0,49,73,67,,,,,,,,,,,,False,,,0,,,,,,0,50,,spray
P7601,John,Doe,2004-08-05,73,246,Unknown,dark,brown,clean_shaven,R,C,,0,,,51,54,52,50,48,52,57,51,49,50,,,,,,,,,,,,78,79,71,78,48,0,0,51,66,63,,,,,,,,,,,,False,,,0,,,,,,0,50,,balanced
P7876,John,Doe,2007-12-10,68,168,Unknown,medium,black,clean_shaven,R,C,,0,,,68,50,53,52,53,52,57,53,50,50,,,,,,,,,,,,93,73,76,62,53,0,0,53,75,77,,,,,,,,,,,,False,,,0,,,,,,0,50,,spray
P4995,John,Doe,2005-05-26,70,204,Unknown,light,black,beard,R,C,,0,,,58,52,50,53,49,50,55,50,48,49,,,,,,,,,,,,82,64,80,83,49,0,0,50,67,74,,,,,,,,,,,,False,,,0,,,,,,0,50,,spray
P3387,John,Doe,1995-06-07,73,249,Unknown,light,black,clean_shaven,L,P,,1,RP,CL,,,,,55,,,,51,54,50,51,52,51,56,61,60,65,0,0,0,,,,,0,,,,52,56,56,55,45,53,53,62,62,62,0,0,0,False,,,0,,,,,,0,50,closer,
P8784,John,Doe,1992-02-07,71,215,Unknown,dark,black,clean_shaven,R,P,,1,RP,RP,,,,,57,,,,49,49,49,50,53,49,52,56,57,0,60,0,0,,,,,0,,,,44,46,49,52,47,39,45,51,49,0,59,0,0,False,,,0,,,,,,0,50,groundball_rp,
P6547,John,Doe,1995-12-02,71,179,Unknown,medium,black,clean_shaven,R,P,,1,RP,RP,,,,,49,,,,51,52,49,50,52,50,51,0,62,65,0,0,0,,,,,0,,,,53,50,46,47,45,51,49,0,64,64,0,0,0,False,,,0,,,,,,0,50,power_rp,
P2311,John,Doe,1994-11-29,71,175,Unknown,medium,brown,beard,R,P,,1,RP,SP,,,,,50,,,,51,51,50,50,52,52,50,63,63,59,0,57,0,,,,,0,,,,51,48,48,50,50,49,47,58,58,63,0,53,0,False,,,0,,,,,,0,50,finesse_sp,
P3475,John,Doe,1991-01-16,73,182,Unknown,light,brown,goatee,L,P,,1,RP,RP,,,,,51,,,,52,49,50,51,52,52,53,60,58,64,0,0,0,,,,,0,,,,47,40,44,46,42,49,50,50,51,55,0,0,0,False,,,0,,,,,,0,50,finesse_rp,
P1770,John,Doe,2000-11-12,69,202,Unknown,light,black,clean_shaven,L,P,,1,RP,SP,,,,,50,,,,49,51,53,53,52,52,52,62,59,58,0,0,0,,,,,0,,,,62,65,63,64,60,66,59,68,69,71,0,0,0,False,,,0,,,,,,0,50,finesse_sp,
P2079,John,Doe,1992-11-25,74,168,Unknown,dark,brown,clean_shaven,R,P,,1,RP,RP,,,,,52,,,,51,51,51,51,52,53,53,0,61,0,0,0,0,,,,,0,,,,48,42,48,43,42,51,49,0,60,0,0,0,0,False,,,0,,,,,,0,50,finesse_rp,
P8755,John,Doe,2003-12-09,68,211,Unknown,medium,brown,goatee,L,P,,1,RP,CL,,,,,52,,,,51,51,50,50,53,52,52,0,63,65,0,0,0,,,,,0,,,,60,57,65,63,58,67,63,0,77,74,0,0,0,False,,,0,,,,,,0,50,closer,
P4311,John,Doe,1987-06-19,77,216,Unknown,dark,blonde,clean_shaven,R,P,,1,RP,RP,,,,,50,,,,51,50,52,51,54,51,52,61,58,67,0,0,0,,,,,0,,,,43,42,43,52,48,42,49,61,51,59,0,0,0,False,,,0,,,,,,0,50,finesse_rp,
P3782,John,Doe,1993-11-11,74,244,Unknown,dark,black,clean_shaven,L,P,,1,RP,RP,,,,,53,,,,48,54,48,50,52,51,55,57,62,67,0,0,0,,,,,0,,,,43,52,48,45,47,41,55,50,61,66,0,0,0,False,,,0,,,,,,0,50,power_rp,
P5830,John,Doe,2003-06-20,70,212,Unknown,light,black,mustache,S,P,,1,RP,SP,,,,,50,,,,52,51,52,50,54,49,53,59,59,61,0,0,0,,,,,0,,,,59,59,59,60,61,57,58,74,65,74,0,0,0,False,,,0,,,,,,0,50,finesse_sp,
P6434,John,Doe,1998-12-27,73,248,Unknown,medium,brown,clean_shaven,R,C,,0,,,60,49,47,54,50,48,56,49,49,52,,,,,,,,,,,,65,64,62,60,50,0,0,49,55,61,,,,,,,,,,,,False,,,0,,,,,,0,50,,spray
P4749,John,Doe,1994-01-07,74,242,Unknown,dark,black,mustache,R,1B,,0,,,51,64,52,50,49,53,53,48,49,52,,,,,,,,,,,,46,60,47,40,49,0,0,48,42,52,,,,,,,,,,,,False,,,0,,,,,,0,50,,power
P1883,John,Doe,1999-07-07,69,212,Unknown,light,brown,clean_shaven,R,2B,,0,,,54,50,52,53,50,52,54,51,52,50,,,,,,,,,,,,65,65,67,65,50,0,0,51,61,64,,,,,,,,,,,,False,,,0,,,,,,0,50,,balanced
P8199,John,Doe,1991-03-27,75,168,Unknown,medium,brown,goatee,R,3B,,0,,,52,50,51,51,50,51,58,53,48,48,,,,,,,,,,,,42,48,44,44,50,0,0,53,42,42,,,,,,,,,,,,False,,,0,,,,,,0,50,,average
P2298,John,Doe,2000-11-13,74,179,Unknown,medium,blonde,clean_shaven,R,SS,,0,,,60,48,51,52,53,48,57,52,50,53,,,,,,,,,,,,72,55,63,57,53,0,0,52,58,65,,,,,,,,,,,,False,,,0,,,,,,0,50,,spray
P8669,John,Doe,2003-05-23,73,196,Unknown,light,blonde,clean_shaven,R,LF,,0,,,53,51,70,52,50,49,56,51,51,51,,,,,,,,,,,,61,64,75,67,50,0,0,51,59,64,,,,,,,,,,,,False,,,0,,,,,,0,50,,speed
P7997,John,Doe,1990-08-20,78,173,Unknown,light,black,clean_shaven,R,CF,,0,,,52,49,53,51,53,52,54,50,49,53,,,,,,,,,,,,52,49,43,48,53,0,0,50,47,43,,,,,,,,,,,,False,,,0,,,,,,0,50,,balanced
P3427,John,Doe,1996-11-02,71,198,Unknown,medium,black,beard,L,RF,,0,,,51,55,52,51,51,53,49,51,50,50,,,,,,,,,,,,49,54,57,50,51,0,0,51,50,45,,,,,,,,,,,,False,,,0,,,,,,0,50,,balanced
P2005,John,Doe,1996-09-28,76,189,Unknown,medium,red,clean_shaven,R,SS,,0,,,52,52,53,51,50,50,57,53,51,52,,,,,,,,,,,,57,57,55,53,50,0,0,53,46,57,,,,,,,,,,,,False,,,0,,,,,,0,50,,gap
P3295,John,Doe,1993-05-28,76,217,Unknown,dark,brown,clean_shaven,L,RF,LF,0,,,63,51,48,52,51,49,49,49,50,50,,,,,,,,,,,,58,50,42,49,51,0,0,49,50,40,,,,,,,,,,,,False,,,0,,,,,,0,50,,spray
P5111,John,Doe,2002-02-06,78,233,Unknown,light,black,mustache,L,3B,,0,,,49,57,50,51,50,52,49,50,50,52,,,,,,,,,,,,58,63,63,63,50,0,0,50,57,67,,,,,,,,,,,,False,,,0,,,,,,0,50,,power
P5639,John,Doe,1987-12-11,73,188,Unknown,light,brown,mustache,R,LF,,0,,,53,63,51,53,50,51,56,52,53,48,,,,,,,,,,,,44,61,50,53,50,0,0,52,49,40,,,,,,,,,,,,False,,,0,,,,,,0,50,,power
P4466,John,Doe,1993-01-21,77,197,Unknown,medium,black,clean_shaven,S,CF,,0,,,58,51,54,50,53,48,48,51,52,48,,,,,,,,,,,,56,51,48,44,53,0,0,51,46,46,,,,,,,,,,,,False,,,0,,,,,,0,50,,spray
P6170,John,Doe,1988-08-03,71,191,Unknown,medium,blonde,clean_shaven,L,1B,,0,,,51,52,53,51,51,52,47,48,51,53,,,,,,,,,,,,41,50,53,42,51,0,0,48,47,50,,,,,,,,,,,,False,,,0,,,,,,0,50,,average
P4198,John,Doe,2004-11-12,70,198,Unknown,light,brown,clean_shaven,R,P,,1,RP,CL,,,,,55,,,,50,50,51,50,52,49,51,0,59,66,0,0,0,,,,,0,,,,64,70,79,70,71,75,76,0,84,88,0,0,0,False,,,0,,,,,,0,50,closer,
P8248,John,Doe,1997-01-27,77,161,Unknown,light,brown,clean_shaven,S,P,,1,RP,SP,,,,,52,,,,50,51,49,52,52,51,51,63,62,59,60,0,0,,,,,0,,,,47,48,50,47,50,49,49,58,60,57,55,0,0,False,,,0,,,,,,0,50,finesse_sp,
P3206,John,Doe,1995-10-04,69,198,Unknown,light,black,goatee,L,P,,1,RP,RP,,,,,50,,,,51,52,53,50,52,53,51,0,62,65,0,0,0,,,,,0,,,,50,53,53,53,49,49,49,0,65,68,0,0,0,False,,,0,,,,,,0,50,power_rp,
P3336,John,Doe,1989-08-26,73,179,Unknown,dark,blonde,mustache,R,P,,1,RP,RP,,,,,51,,,,51,53,49,50,53,50,54,0,0,63,0,0,0,,,,,0,,,,45,44,40,51,48,47,48,0,0,61,0,0,0,False,,,0,,,,,,0,50,power_rp,
P6950,John,Doe,2004-10-27,73,171,Unknown,medium,black,mustache,L,P,,1,RP,LR,,,,,50,,,,51,53,50,52,54,48,51,60,63,0,0,0,0,,,,,0,,,,69,65,71,75,61,74,68,81,73,0,0,0,0,False,,,0,,,,,,0,50,long_relief,
P7402,John,Doe,1992-08-05,77,223,Unknown,dark,brown,clean_shaven,L,P,,1,RP,SP,,,,,48,,,,51,49,54,50,52,49,51,63,63,60,0,0,0,,,,,0,,,,48,46,42,44,53,42,50,63,55,50,0,0,0,False,,,0,,,,,,0,50,balanced_sp,
P9699,John,Doe,1987-08-04,75,219,Unknown,dark,black,beard,R,P,,1,RP,SP,,,,,54,,,,49,53,54,51,52,53,53,61,60,57,59,0,0,,,,,0,,,,43,50,51,45,50,52,46,53,50,49,55,0,0,False,,,0,,,,,,0,50,groundball_sp,
P1961,John,Doe,1991-08-20,74,249,Unknown,dark,brown,clean_shaven,L,CF,,0,,,52,49,49,51,48,51,46,47,49,50,,,,,,,,,,,,48,47,39,50,48,0,0,47,44,42,,,,,,,,,,,,False,,,0,,,,,,0,50,,average
P2011,John,Doe,1988-10-12,71,225,Unknown,light,brown,clean_shaven,R,CF,,0,,,61,59,49,53,50,51,50,52,48,49,,,,,,,,,,,,57,53,47,53,50,0,0,52,44,43,,,,,,,,,,,,False,,,0,,,,,,0,50,,gap
P2960,John,Doe,1997-02-22,77,224,Unknown,light,blonde,mustache,L,RF,1B,0,,,53,51,48,52,49,50,44,51,50,48,,,,,,,,,,,,58,56,53,53,49,0,0,51,52,53,,,,,,,,,,,,False,,,0,,,,,,0,50,,balanced
P8283,John,Doe,1989-08-13,76,168,Unknown,medium,black,beard,R,LF,,0,,,59,60,49,53,51,52,55,52,49,52,,,,,,,,,,,,49,56,40,48,51,0,0,52,43,44,,,,,,,,,,,,False,,,0,,,,,,0,50,,gap
P9487,John,Doe,2004-07-28,72,235,Unknown,light,red,clean_shaven,R,3B,,0,,,51,51,50,50,49,50,58,53,49,48,,,,,,,,,,,,79,68,66,75,49,0,0,53,79,77,,,,,,,,,,,,False,,,0,,,,,,0,50,,average
P4088,John,Doe,1999-12-06,77,163,Unknown,dark,blonde,mustache,R,RF,,0,,,51,62,49,52,50,54,58,52,52,51,,,,,,,,,,,,62,74,56,57,50,0,0,52,57,63,,,,,,,,,,,,False,,,0,,,,,,0,50,,power
P6494,John,Doe,1993-08-14,69,224,Unknown,medium,black,clean_shaven,R,CF,,0,,,56,47,54,52,49,48,50,50,51,53,,,,,,,,,,,,53,39,44,49,49,0,0,50,49,45,,,,,,,,,,,,False,,,0,,,,,,0,50,,spray
P4712,John,Doe,2002-01-26,75,198,Unknown,dark,red,clean_shaven,L,SS,,0,,,52,54,53,50,49,48,47,51,49,52,,,,,,,,,,,,67,63,61,60,49,0,0,51,61,59,,,,,,,,,,,,False,,,0,,,,,,0,50,,balanced
P5771,John,Doe,2004-11-19,76,249,Unknown,dark,brown,mustache,L,P,,1,RP,CL,,,,,55,,,,50,52,50,53,59,49,53,0,0,67,0,0,0,,,,,0,,,,76,72,73,79,65,70,71,0,0,80,0,0,0,False,,,0,,,,,,0,50,closer,
P4320,John,Doe,2004-08-21,69,230,Unknown,dark,blonde,clean_shaven,L,P,,1,RP,SP,,,,,51,,,,51,50,49,52,54,50,49,0,59,60,0,0,0,,,,,0,,,,79,77,79,66,74,69,73,0,76,70,0,0,0,False,,,0,,,,,,0,50,balanced_sp,
P6195,John,Doe,2004-03-26,69,182,Unknown,dark,black,clean_shaven,R,P,,1,RP,SP,,,,,50,,,,51,53,52,52,52,49,54,60,63,62,56,0,0,,,,,0,,,,79,74,69,78,82,64,78,86,87,82,77,0,0,False,,,0,,,,,,0,50,power_sp,
P7849,John,Doe,2005-07-18,70,213,Unknown,medium,black,clean_shaven,R,P,,1,RP,SP,,,,,50,,,,48,50,52,52,52,53,53,59,0,0,57,0,0,,,,,0,,,,70,69,71,70,64,70,79,81,0,0,79,0,0,False,,,0,,,,,,0,50,groundball_sp,
P1649,John,Doe,2005-08-22,71,238,Unknown,light,red,clean_shaven,R,P,,1,RP,SP,,,,,48,,,,48,51,51,50,52,52,52,63,61,57,0,54,0,,,,,0,,,,72,69,65,62,76,66,63,79,83,76,0,84,0,False,,,0,,,,,,0,50,finesse_sp,
P9700,John,Doe,2004-09-07,71,172,Unknown,dark,blonde,clean_shaven,L,SS,,0,,,59,49,52,52,50,50,53,50,50,47,,,,,,,,,,,,84,72,69,80,50,0,0,50,67,67,,,,,,,,,,,,False,,,0,,,,,,0,50,,spray
P5313,John,Doe,2006-12-05,75,221,Unknown,medium,brown,mustache,R,3B,,0,,,54,49,50,50,49,52,58,51,52,49,,,,,,,,,,,,82,78,76,70,49,0,0,51,63,59,,,,,,,,,,,,False,,,0,,,,,,0,50,,balanced
P1829,John,Doe,2004-07-20,75,245,Unknown,dark,brown,clean_shaven,L,CF,,0,,,50,52,50,50,53,50,42,47,49,51,,,,,,,,,,,,61,74,78,67,53,0,0,47,79,73,,,,,,,,,,,,False,,,0,,,,,,0,50,,balanced
P8985,John,Doe,2005-10-13,73,221,Unknown,light,brown,clean_shaven,R,SS,,0,,,60,49,52,51,50,46,58,49,51,47,,,,,,,,,,,,82,72,67,73,50,0,0,49,74,57,,,,,,,,,,,,False,,,0,,,,,,0,50,,spray
P9325,John,Doe,2004-05-11,78,194,Unknown,light,brown,clean_shaven,L,CF,,0,,,50,52,50,49,50,50,46,48,48,51,,,,,,,,,,,,69,70,70,60,50,0,0,48,67,66,,,,,,,,,,,,False,,,0,,,,,,0,50,,average
P4091,John,Doe,1996-10-08,72,240,Unknown,dark,black,clean_shaven,L,P,1B,1,RP,CL,,,,,55,,,,50,54,47,53,54,51,55,0,59,65,0,0,0,,,,,0,,,,52,53,49,51,45,46,56,0,64,64,0,0,0,False,,,0,,,,,,0,50,closer,
P1131,John,Doe,1991-03-16,68,170,Unknown,light,brown,clean_shaven,L,P,,1,RP,RP,,,,,49,,,,49,51,49,50,52,49,53,0,63,64,0,0,0,,,,,0,,,,41,49,49,50,47,39,52,0,61,62,0,0,0,False,,,0,,,,,,0,50,power_rp,
P2429,John,Doe,2003-05-04,77,206,Unknown,dark,black,beard,L,P,,1,RP,RP,,,,,50,,,,49,48,51,50,53,50,53,61,59,0,0,59,0,,,,,0,,,,54,57,64,62,60,58,65,67,74,0,0,72,0,False,,,0,,,,,,0,50,finesse_rp,
P6237,John,Doe,1992-09-01,71,200,Unknown,medium,black,clean_shaven,R,P,,1,RP,RP,,,,,50,,,,51,51,50,51,52,51,51,0,62,65,0,0,0,,,,,0,,,,43,47,41,42,44,44,44,0,60,57,0,0,0,False,,,0,,,,,,0,50,power_rp,
P2143,John,Doe,1997-10-22,75,241,Unknown,light,brown,clean_shaven,S,P,,1,RP,SP,,,,,49,,,,49,50,53,52,53,51,52,61,63,58,0,55,0,,,,,0,,,,44,48,54,55,50,53,57,64,58,62,0,52,0,False,,,0,,,,,,0,50,power_sp,
P7412,John,Doe,1993-07-07,74,175,Unknown,dark,red,clean_shaven,S,P,,1,RP,SP,,,,,51,,,,48,51,53,50,52,49,50,60,63,0,0,0,0,,,,,0,,,,43,48,49,46,44,46,48,60,58,0,0,0,0,False,,,0,,,,,,0,50,finesse_sp,
P9250,John,Doe,1989-12-07,71,210,Unknown,dark,black,clean_shaven,S,P,,1,RP,SP,,,,,50,,,,50,54,53,50,53,50,52,0,62,61,0,0,0,,,,,0,,,,43,46,40,49,44,45,43,0,61,58,0,0,0,False,,,0,,,,,,0,50,power_sp,
P7231,John,Doe,1995-11-14,77,231,Unknown,medium,brown,clean_shaven,R,P,,1,RP,RP,,,,,57,,,,47,52,51,51,52,49,50,0,57,64,62,0,0,,,,,0,,,,52,51,53,57,48,51,47,0,54,60,61,0,0,False,,,0,,,,,,0,50,groundball_rp,
P4902,John,Doe,1992-10-31,72,209,Unknown,medium,black,beard,R,P,,1,RP,RP,,,,,50,,,,51,49,51,52,52,50,52,60,59,0,60,0,0,,,,,0,,,,44,43,44,51,48,43,51,59,49,0,56,0,0,False,,,0,,,,,,0,50,finesse_rp,
P2797,John,Doe,1999-01-04,68,213,Unknown,medium,black,clean_shaven,R,P,,1,RP,RP,,,,,56,,,,50,49,49,52,53,49,50,0,59,0,61,0,0,,,,,0,,,,63,57,65,61,58,61,59,0,72,0,67,0,0,False,,,0,,,,,,0,50,groundball_rp,
P5823,John,Doe,2000-11-04,73,194,Unknown,medium,brown,clean_shaven,R,P,,1,RP,SP,,,,,52,,,,48,49,50,51,52,48,51,0,63,59,0,0,0,,,,,0,,,,56,56,66,59,65,53,62,0,75,65,0,0,0,False,,,0,,,,,,0,50,workhorse_sp,
P3199,John,Doe,2005-02-23,74,175,Unknown,dark,brown,goatee,R,C,,0,,,50,50,87,49,52,53,58,50,49,48,,,,,,,,,,,,63,64,99,69,52,0,0,50,66,60,,,,,,,,,,,,False,,,0,,,,,,0,50,,speed
P9809,John,Doe,1988-12-27,77,197,Unknown,dark,black,mustache,L,1B,,0,,,63,70,51,51,48,49,48,51,53,49,,,,,,,,,,,,54,63,46,41,48,0,0,51,53,41,,,,,,,,,,,,False,,,0,,,,,,0,50,,gap
P1930,John,Doe,1993-08-03,74,165,Unknown,medium,black,goatee,R,2B,,0,,,53,51,51,50,52,48,57,50,51,51,,,,,,,,,,,,48,44,41,41,52,0,0,50,48,43,,,,,,,,,,,,False,,,0,,,,,,0,50,,average
P9756,John,Doe,2001-11-17,77,213,Unknown,dark,red,clean_shaven,R,3B,,0,,,53,50,51,51,50,49,59,48,50,50,,,,,,,,,,,,68,62,59,64,50,0,0,48,56,62,,,,,,,,,,,,False,,,0,,,,,,0,50,,balanced
P1924,John,Doe,1989-05-13,68,174,Unknown,medium,black,beard,L,SS,,0,,,59,52,51,52,52,47,51,51,48,52,,,,,,,,,,,,57,43,44,48,52,0,0,51,41,42,,,,,,,,,,,,False,,,0,,,,,,0,50,,spray
P5633,John,Doe,2001-01-10,70,250,Unknown,medium,brown,clean_shaven,L,LF,,0,,,50,61,48,50,49,53,51,52,50,48,,,,,,,,,,,,63,70,55,64,49,0,0,52,65,56,,,,,,,,,,,,False,,,0,,,,,,0,50,,power
P5784,John,Doe,2004-07-01,71,196,Unknown,medium,brown,clean_shaven,R,CF,,0,,,53,51,53,52,50,53,57,48,50,51,,,,,,,,,,,,76,64,80,72,50,0,0,48,73,79,,,,,,,,,,,,False,,,0,,,,,,0,50,,average
P2688,John,Doe,2004-08-31,74,234,Unknown,dark,black,clean_shaven,R,RF,,0,,,53,52,85,50,53,50,54,49,51,50,,,,,,,,,,,,83,74,99,61,53,0,0,49,66,67,,,,,,,,,,,,False,,,0,,,,,,0,50,,elite_speed
P4497,John,Doe,1990-10-02,74,201,Unknown,medium,black,clean_shaven,R,SS,,0,,,51,51,53,49,52,47,58,50,50,47,,,,,,,,,,,,41,47,53,43,52,0,0,50,49,37,,,,,,,,,,,,False,,,0,,,,,,0,50,,gap
P1173,John,Doe,2003-05-20,71,230,Unknown,dark,blonde,goatee,R,LF,RF,0,,,51,51,70,52,53,51,58,51,49,50,,,,,,,,,,,,57,64,77,57,53,0,0,51,61,56,,,,,,,,,,,,False,,,0,,,,,,0,50,,speed
P4172,John,Doe,1995-06-20,74,218,Unknown,medium,brown,beard,R,2B,,0,,,54,53,49,52,53,49,56,51,48,48,,,,,,,,,,,,52,56,48,56,53,0,0,51,51,49,,,,,,,,,,,,False,,,0,,,,,,0,50,,balanced
P9073,John,Doe,1997-12-05,72,187,Unknown,light,red,clean_shaven,R,C,,0,,,52,53,52,53,51,50,59,52,52,50,,,,,,,,,,,,50,56,54,48,51,0,0,52,53,55,,,,,,,,,,,,False,,,0,,,,,,0,50,,balanced
P4385,John,Doe,2000-05-30,70,188,Unknown,medium,brown,clean_shaven,R,C,,0,,,54,51,50,53,52,51,56,53,53,51,,,,,,,,,,,,65,59,57,61,52,0,0,53,66,58,,,,,,,,,,,,False,,,0,,,,,,0,50,,balanced
P7665,John,Doe,2004-04-24,69,186,Unknown,light,brown,clean_shaven,R,CF,,0,,,54,48,51,53,51,51,50,52,49,50,,,,,,,,,,,,73,61,67,78,51,0,0,52,76,74,,,,,,,,,,,,False,,,0,,,,,,0,50,,balanced
P2719,John,Doe,1999-12-20,78,208,Unknown,medium,brown,beard,S,P,,1,RP,CL,,,,,55,,,,53,53,49,50,53,51,55,0,0,66,0,0,0,,,,,0,,,,62,58,64,58,56,56,63,0,0,78,0,0,0,False,,,0,,,,,,0,50,closer,
P1271,John,Doe,1999-02-15,69,196,Unknown,light,black,clean_shaven,R,P,,1,RP,SP,,,,,53,,,,49,50,52,50,52,52,50,62,0,62,0,0,0,,,,,0,,,,58,59,60,58,64,63,61,68,0,72,0,0,0,False,,,0,,,,,,0,50,balanced_sp,
P1819,John,Doe,1995-02-27,68,235,Unknown,medium,brown,clean_shaven,S,P,,1,RP,SP,,,,,53,,,,51,49,54,50,54,51,50,61,59,59,0,0,0,,,,,0,,,,56,44,55,59,49,50,51,59,54,61,0,0,0,False,,,0,,,,,,0,50,workhorse_sp,
P2419,John,Doe,1993-11-20,70,180,Unknown,medium,brown,clean_shaven,L,P,,1,RP,RP,,,,,50,,,,52,53,48,50,52,49,52,0,0,66,0,0,0,,,,,0,,,,50,53,48,46,47,40,43,0,0,61,0,0,0,False,,,0,,,,,,0,50,power_rp,
P4873,John,Doe,1994-12-11,69,189,Unknown,light,brown,clean_shaven,R,P,,1,RP,RP,,,,,53,,,,51,49,50,50,53,50,50,0,0,0,61,0,0,,,,,0,,,,46,53,49,57,53,46,47,0,0,0,57,0,0,False,,,0,,,,,,0,50,groundball_rp,
P1686,John,Doe,1999-08-01,70,190,Unknown,medium,blonde,beard,R,P,,1,RP,RP,,,,,52,,,,53,51,49,50,54,53,53,0,60,63,0,0,0,,,,,0,,,,66,63,57,63,57,60,62,0,71,74,0,0,0,False,,,0,,,,,,0,50,power_rp,
P1861,John,Doe,1998-01-04,69,247,Unknown,dark,red,clean_shaven,R,P,,1,RP,SP,,,,,52,,,,52,49,50,50,52,49,51,58,62,0,0,0,0,,,,,0,,,,57,47,55,56,45,44,56,54,67,0,0,0,0,False,,,0,,,,,,0,50,finesse_sp,
P6944,John,Doe,1998-09-18,72,216,Unknown,light,black,clean_shaven,R,LF,,0,,,51,61,50,50,49,50,57,50,49,51,,,,,,,,,,,,60,66,59,56,49,0,0,50,63,65,,,,,,,,,,,,False,,,0,,,,,,0,50,,power
P8173,John,Doe,1993-05-30,74,211,Unknown,medium,brown,clean_shaven,R,CF,,0,,,51,51,51,49,50,53,55,47,51,51,,,,,,,,,,,,45,44,49,43,50,0,0,47,42,49,,,,,,,,,,,,False,,,0,,,,,,0,50,,balanced
P4562,John,Doe,1988-03-09,70,180,Unknown,light,black,mustache,R,SS,2B,0,,,52,48,85,52,52,47,57,52,50,53,,,,,,,,,,,,47,43,84,44,52,0,0,52,45,51,,,,,,,,,,,,False,,,0,,,,,,0,50,,speed
P7959,John,Doe,1991-03-13,77,183,Unknown,dark,brown,beard,R,RF,,0,,,63,63,48,51,52,50,55,48,51,50,,,,,,,,,,,,56,62,48,45,52,0,0,48,46,40,,,,,,,,,,,,False,,,0,,,,,,0,50,,gap
P3473,John,Doe,1990-08-31,76,213,Unknown,light,brown,mustache,R,SS,,0,,,52,50,51,51,51,51,61,49,53,49,,,,,,,,,,,,51,42,42,45,51,0,0,49,50,40,,,,,,,,,,,,False,,,0,,,,,,0,50,,balanced
P6401,John,Doe,2000-09-24,71,229,Unknown,medium,brown,clean_shaven,L,3B,,0,,,51,58,49,52,48,51,50,48,49,50,,,,,,,,,,,,65,72,59,59,48,0,0,48,60,57,,,,,,,,,,,,False,,,0,,,,,,0,50,,power
P3785,John,Doe,1987-12-09,74,245,Unknown,dark,black,beard,R,2B,,0,,,59,50,52,54,51,48,56,49,52,50,,,,,,,,,,,,54,45,43,51,51,0,0,49,46,40,,,,,,,,,,,,False,,,0,,,,,,0,50,,spray
P7643,John,Doe,2003-06-24,68,200,Unknown,light,black,clean_shaven,S,SS,,0,,,52,51,52,52,50,50,57,51,51,52,,,,,,,,,,,,66,65,65,61,50,0,0,51,57,65,,,,,,,,,,,,False,,,0,,,,,,0,50,,balanced
P3653,John,Doe,2004-07-24,69,173,Unknown,light,brown,clean_shaven,L,P,,1,RP,CL,,,,,55,,,,51,50,51,50,52,53,53,0,0,65,0,0,0,,,,,0,,,,77,66,80,71,65,71,77,0,0,91,0,0,0,False,,,0,,,,,,0,50,closer,
P9398,John,Doe,2004-10-31,77,196,Unknown,dark,brown,clean_shaven,R,P,,1,RP,SP,,,,,48,,,,48,53,50,52,53,51,52,60,62,59,0,0,0,,,,,0,,,,68,78,74,63,60,65,78,78,92,88,0,0,0,False,,,0,,,,,,0,50,workhorse_sp,
P7298,John,Doe,2004-05-01,69,234,Unknown,light,brown,clean_shaven,S,P,,1,RP,SP,,,,,48,,,,51,52,52,50,53,48,50,58,62,58,58,0,0,,,,,0,,,,75,69,65,83,76,59,76,83,75,83,72,0,0,False,,,0,,,,,,0,50,power_sp,
P8175,John,Doe,2007-04-12,72,173,Unknown,medium,blonde,clean_shaven,S,P,,1,RP,SP,,,,,49,,,,50,50,53,50,52,48,53,60,61,62,57,0,0,,,,,0,,,,79,65,61,67,69,76,66,90,76,84,86,0,0,False,,,0,,,,,,0,50,balanced_sp,
P3642,John,Doe,2005-02-16,71,192,Unknown,dark,brown,clean_shaven,L,P,,1,RP,SP,,,,,51,,,,49,53,53,50,52,51,51,61,63,62,60,0,0,,,,,0,,,,59,78,79,81,82,75,65,78,83,92,89,0,0,False,,,0,,,,,,0,50,balanced_sp,
P8510,John,Doe,2007-07-26,74,210,Unknown,light,black,clean_shaven,S,RF,,0,,,50,51,52,51,51,51,46,49,51,48,,,,,,,,,,,,71,68,62,71,51,0,0,49,76,69,,,,,,,,,,,,False,,,0,,,,,,0,50,,balanced
P6901,John,Doe,2006-09-03,77,219,Unknown,medium,black,clean_shaven,S,RF,,0,,,62,50,51,51,50,51,53,49,52,51,,,,,,,,,,,,82,73,71,76,50,0,0,49,76,63,,,,,,,,,,,,False,,,0,,,,,,0,50,,spray
P8404,John,Doe,2005-12-06,68,164,Unknown,light,brown,clean_shaven,R,C,,0,,,58,51,48,54,51,52,57,50,51,52,,,,,,,,,,,,87,79,64,64,51,0,0,50,61,76,,,,,,,,,,,,False,,,0,,,,,,0,50,,spray
P4960,John,Doe,2006-11-27,78,225,Unknown,light,black,beard,R,C,,0,,,53,51,49,50,50,52,54,52,52,52,,,,,,,,,,,,83,67,66,78,50,0,0,52,82,81,,,,,,,,,,,,False,,,0,,,,,,0,50,,balanced
P4870,John,Doe,2005-09-05,76,163,Unknown,dark,brown,mustache,R,3B,,0,,,53,52,52,51,49,51,58,52,49,51,,,,,,,,,,,,75,67,72,72,49,0,0,52,63,77,,,,,,,,,,,,False,,,0,,,,,,0,50,,gap
P9800,John,Doe,1998-09-09,76,230,Unknown,dark,black,mustache,S,P,,1,RP,CL,,,,,55,,,,50,52,49,50,52,52,54,61,61,65,0,0,0,,,,,0,,,,57,64,58,59,62,63,63,74,67,76,0,0,0,False,,,0,,,,,,0,50,closer,
P6397,John,Doe,1992-09-12,69,196,Unknown,light,brown,clean_shaven,L,P,,1,RP,RP,,,,,56,,,,51,51,50,50,52,53,51,57,61,0,63,0,0,,,,,0,,,,48,43,43,47,42,49,45,55,54,0,63,0,0,False,,,0,,,,,,0,50,groundball_rp,
P3093,John,Doe,1988-03-06,72,160,Unknown,medium,black,mustache,R,P,,1,RP,SP,,,,,50,,,,51,53,53,52,52,52,50,59,59,59,0,0,0,,,,,0,,,,42,50,51,48,53,51,45,50,54,57,0,0,0,False,,,0,,,,,,0,50,workhorse_sp,
P9130,John,Doe,1997-10-22,76,237,Unknown,light,black,clean_shaven,L,P,,1,RP,SP,,,,,48,,,,49,52,50,50,52,48,51,62,59,62,0,0,0,,,,,0,,,,49,54,50,51,49,50,54,64,61,66,0,0,0,False,,,0,,,,,,0,50,balanced_sp,
P1249,John,Doe,1999-10-06,77,192,Unknown,dark,brown,clean_shaven,R,P,,1,RP,CL,,,,,50,,,,49,53,51,50,52,52,56,61,62,65,0,0,0,,,,,0,,,,63,63,60,64,65,64,65,75,74,76,0,0,0,False,,,0,,,,,,0,50,closer,
P7798,John,Doe,2001-10-07,68,175,Unknown,medium,black,goatee,L,P,,1,RP,RP,,,,,54,,,,49,52,52,50,52,51,50,60,0,0,62,0,0,,,,,0,,,,56,66,56,62,59,64,57,67,0,0,74,0,0,False,,,0,,,,,,0,50,groundball_rp,
P5452,John,Doe,2001-02-08,74,246,Unknown,dark,black,beard,R,P,,1,RP,SP,,,,,52,,,,49,49,54,51,52,53,53,58,58,63,0,0,0,,,,,0,,,,54,63,58,62,67,63,60,68,72,72,0,0,0,False,,,0,,,,,,0,50,balanced_sp,
P4360,John,Doe,1990-04-13,76,217,Unknown,light,black,clean_shaven,R,P,,1,RP,SP,,,,,52,,,,52,51,50,52,52,49,51,59,59,0,0,0,0,,,,,0,,,,49,51,44,42,43,42,47,51,53,0,0,0,0,False,,,0,,,,,,0,50,balanced_sp,
P3585,John,Doe,1999-04-03,72,234,Unknown,light,brown,clean_shaven,L,P,,1,RP,SP,,,,,50,,,,49,53,52,51,54,49,49,61,62,60,0,0,0,,,,,0,,,,60,58,58,66,59,59,64,74,74,75,0,0,0,False,,,0,,,,,,0,50,workhorse_sp,
P2555,John,Doe,1987-09-01,75,170,Unknown,dark,red,beard,R,P,,1,RP,RP,,,,,50,,,,50,50,50,51,52,53,53,59,0,0,0,0,0,,,,,0,,,,40,46,43,43,41,53,49,57,0,0,0,0,0,False,,,0,,,,,,0,50,finesse_rp,
P5631,John,Doe,1994-12-11,75,180,Unknown,light,blonde,clean_shaven,R,P,,1,RP,LR,,,,,51,,,,51,51,51,52,52,53,53,60,60,63,0,0,0,,,,,0,,,,53,55,54,50,52,53,57,60,65,65,0,0,0,False,,,0,,,,,,0,50,long_relief,
P9283,John,Doe,2001-11-30,75,225,Unknown,light,brown,clean_shaven,R,C,,0,,,49,51,47,51,52,50,57,51,52,51,,,,,,,,,,,,64,57,58,60,52,0,0,51,61,64,,,,,,,,,,,,False,,,0,,,,,,0,50,,average
P2659,John,Doe,1988-01-07,71,165,Unknown,dark,brown,mustache,L,1B,,0,,,50,62,49,49,50,51,46,52,48,50,,,,,,,,,,,,46,62,39,42,50,0,0,52,44,45,,,,,,,,,,,,False,,,0,,,,,,0,50,,power
P8718,John,Doe,2001-02-22,69,231,Unknown,light,black,goatee,L,2B,,0,,,56,49,54,53,52,52,50,49,48,50,,,,,,,,,,,,68,58,67,64,52,0,0,49,60,59,,,,,,,,,,,,False,,,0,,,,,,0,50,,spray
P5659,John,Doe,1988-04-27,72,193,Unknown,medium,brown,mustache,L,3B,,0,,,57,50,50,51,50,48,47,50,51,48,,,,,,,,,,,,53,46,46,45,50,0,0,50,48,41,,,,,,,,,,,,False,,,0,,,,,,0,50,,spray
P9035,John,Doe,1987-08-13,69,187,Unknown,dark,blonde,beard,R,SS,,0,,,51,61,49,50,51,49,59,50,51,48,,,,,,,,,,,,47,55,44,43,51,0,0,50,48,38,,,,,,,,,,,,False,,,0,,,,,,0,50,,power
P1683,John,Doe,1999-05-02,72,233,Unknown,medium,brown,beard,R,LF,,0,,,53,61,50,52,51,54,56,53,50,49,,,,,,,,,,,,67,70,62,57,51,0,0,53,60,64,,,,,,,,,,,,False,,,0,,,,,,0,50,,power
P9477,John,Doe,2004-05-29,73,192,Unknown,medium,black,clean_shaven,L,CF,,0,,,54,52,53,52,48,47,46,50,49,53,,,,,,,,,,,,79,68,77,64,48,0,0,50,64,72,,,,,,,,,,,,False,,,0,,,,,,0,50,,gap
P1203,John,Doe,1993-09-16,74,210,Unknown,medium,black,clean_shaven,L,RF,,0,,,58,48,48,53,52,46,49,52,51,50,,,,,,,,,,,,52,43,41,45,52,0,0,52,51,42,,,,,,,,,,,,False,,,0,,,,,,0,50,,spray
P2149,John,Doe,1988-09-02,75,215,Unknown,medium,brown,mustache,R,LF,,0,,,54,51,47,53,50,48,57,49,51,53,,,,,,,,,,,,52,49,44,44,50,0,0,49,49,44,,,,,,,,,,,,False,,,0,,,,,,0,50,,average
P5678,John,Doe,2004-06-29,74,176,Unknown,dark,blonde,clean_shaven,L,CF,,0,,,50,50,70,50,51,49,46,47,48,51,,,,,,,,,,,,78,72,91,69,51,0,0,47,68,78,,,,,,,,,,,,False,,,0,,,,,,0,50,,speed
P8542,John,Doe,2002-10-29,77,190,Unknown,light,black,clean_shaven,S,RF,,0,,,53,63,50,52,52,51,50,51,51,52,,,,,,,,,,,,67,72,57,66,52,0,0,51,57,67,,,,,,,,,,,,False,,,0,,,,,,0,50,,power
P8130,John,Doe,1992-11-10,73,234,Unknown,dark,black,beard,R,2B,,0,,,63,50,51,56,53,46,54,50,50,51,,,,,,,,,,,,60,49,50,51,53,0,0,50,47,51,,,,,,,,,,,,False,,,0,,,,,,0,50,,spray
P5018,John,Doe,1989-07-26,72,219,Unknown,light,brown,beard,L,LF,,0,,,52,54,49,51,49,50,51,52,51,52,,,,,,,,,,,,48,51,41,46,49,0,0,52,44,44,,,,,,,,,,,,False,,,0,,,,,,0,50,,gap
P9097,John,Doe,1995-09-21,75,176,Unknown,dark,black,clean_shaven,R,LF,,0,,,55,48,52,52,53,50,59,53,48,51,,,,,,,,,,,,57,51,49,51,53,0,0,53,48,49,,,,,,,,,,,,False,,,0,,,,,,0,50,,spray
P3554,John,Doe,1987-10-04,73,214,Unknown,light,red,beard,L,P,,1,RP,CL,,,,,55,,,,48,53,52,52,54,50,53,0,0,67,0,0,0,,,,,0,,,,41,46,50,49,49,42,50,0,0,63,0,0,0,False,,,0,,,,,,0,50,closer,
P1767,John,Doe,1997-11-25,70,175,Unknown,dark,black,beard,L,P,,1,RP,SP,,,,,51,,,,50,53,54,51,54,48,49,0,61,59,0,0,0,,,,,0,,,,51,54,49,51,49,44,54,0,59,63,0,0,0,False,,,0,,,,,,0,50,balanced_sp,
P3201,John,Doe,1988-08-19,75,184,Unknown,light,brown,mustache,R,P,,1,RP,RP,,,,,53,,,,52,52,48,52,52,50,54,58,62,0,62,0,0,,,,,0,,,,45,42,51,43,46,43,51,48,60,0,61,0,0,False,,,0,,,,,,0,50,groundball_rp,
P8655,John,Doe,2004-12-03,69,165,Unknown,light,black,clean_shaven,L,P,,1,RP,SP,,,,,47,,,,48,51,53,50,52,52,54,58,60,58,0,0,0,,,,,0,,,,59,80,61,69,79,72,65,71,88,84,0,0,0,False,,,0,,,,,,0,50,power_sp,
P9159,John,Doe,2003-04-10,70,214,Unknown,dark,black,clean_shaven,S,P,,1,RP,SP,,,,,49,,,,49,51,52,51,54,53,49,59,60,58,0,0,0,,,,,0,,,,61,60,58,61,63,58,60,70,75,63,0,0,0,False,,,0,,,,,,0,50,finesse_sp,
P9554,John,Doe,2001-09-01,78,221,Unknown,light,brown,clean_shaven,R,P,,1,RP,RP,,,,,52,,,,51,49,49,52,53,52,52,61,0,0,0,0,0,,,,,0,,,,58,58,60,58,56,66,64,67,0,0,0,0,0,False,,,0,,,,,,0,50,finesse_rp,
P6627,John,Doe,2003-08-26,77,230,Unknown,medium,black,clean_shaven,S,P,,1,RP,LR,,,,,49,,,,51,53,52,50,53,48,53,60,0,0,0,0,0,,,,,0,,,,59,60,63,63,66,54,58,72,0,0,0,0,0,False,,,0,,,,,,0,50,long_relief,
P7098,John,Doe,1996-05-18,71,188,Unknown,light,blonde,clean_shaven,R,LF,,0,,,51,50,51,50,52,50,54,51,51,51,,,,,,,,,,,,50,52,55,51,52,0,0,51,49,53,,,,,,,,,,,,False,,,0,,,,,,0,50,,balanced
P4775,John,Doe,1995-06-04,77,199,Unknown,dark,black,mustache,L,RF,,0,,,48,58,52,50,50,50,50,53,51,50,,,,,,,,,,,,46,53,54,46,50,0,0,53,49,48,,,,,,,,,,,,False,,,0,,,,,,0,50,,power
P1729,John,Doe,1987-03-13,71,182,Unknown,light,blonde,beard,R,RF,,0,,,49,61,50,50,47,54,54,48,49,50,,,,,,,,,,,,45,57,45,40,47,0,0,48,46,42,,,,,,,,,,,,False,,,0,,,,,,0,50,,power
P5930,John,Doe,2003-11-21,77,221,Unknown,light,blonde,clean_shaven,R,LF,,0,,,57,49,48,50,49,49,59,49,51,50,,,,,,,,,,,,69,54,58,56,49,0,0,49,60,58,,,,,,,,,,,,False,,,0,,,,,,0,50,,spray
P9053,John,Doe,1998-03-02,69,224,Unknown,light,black,clean_shaven,R,3B,,0,,,52,53,50,50,50,48,56,52,48,48,,,,,,,,,,,,59,64,58,57,50,0,0,52,53,61,,,,,,,,,,,,False,,,0,,,,,,0,50,,gap
P5358,John,Doe,1988-12-22,71,189,Unknown,light,brown,clean_shaven,R,2B,,0,,,63,52,52,54,50,49,61,49,50,51,,,,,,,,,,,,59,50,51,49,50,0,0,49,40,43,,,,,,,,,,,,False,,,0,,,,,,0,50,,spray
P6830,John,Doe,2001-10-07,75,249,Unknown,medium,blonde,clean_shaven,S,3B,,0,,,52,49,52,49,47,50,56,51,52,51,,,,,,,,,,,,61,56,65,59,47,0,0,51,59,65,,,,,,,,,,,,False,,,0,,,,,,0,50,,average
P5373,John,Doe,1991-12-11,76,198,Unknown,medium,black,beard,L,1B,,0,,,51,60,53,50,50,52,49,52,50,50,,,,,,,,,,,,50,55,50,45,50,0,0,52,48,40,,,,,,,,,,,,False,,,0,,,,,,0,50,,power
P2285,John,Doe,2007-09-12,72,238,Unknown,dark,black,clean_shaven,S,P,,1,RP,CL,,,,,55,,,,51,51,47,51,52,51,55,0,0,67,0,0,0,,,,,0,,,,79,70,77,63,75,79,79,0,0,83,0,0,0,False,,,0,,,,,,0,50,closer,
P7745,John,Doe,2006-06-04,73,166,Unknown,light,red,clean_shaven,R,P,,1,RP,RP,,,,,50,,,,48,52,50,53,53,49,52,59,62,0,0,0,0,,,,,0,,,,59,79,79,77,72,59,62,88,82,0,0,0,0,False,,,0,,,,,,0,50,finesse_rp,
P3812,John,Doe,2006-01-07,68,231,Unknown,medium,black,goatee,R,P,,1,RP,SP,,,,,53,,,,52,52,53,53,54,50,53,62,58,0,58,0,0,,,,,0,,,,73,65,65,72,74,74,65,76,77,0,83,0,0,False,,,0,,,,,,0,50,groundball_sp,
P7949,John,Doe,2004-09-04,75,162,Unknown,dark,black,clean_shaven,L,P,,1,RP,SP,,,,,52,,,,52,50,51,50,54,48,50,0,61,62,0,0,0,,,,,0,,,,71,80,73,65,68,66,73,0,80,81,0,0,0,False,,,0,,,,,,0,50,balanced_sp,
P9610,John,Doe,2006-05-12,71,245,Unknown,light,brown,clean_shaven,R,P,,1,RP,SP,,,,,51,,,,48,49,50,51,53,48,55,0,63,62,0,0,0,,,,,0,,,,60,63,70,67,66,68,72,0,83,87,0,0,0,False,,,0,,,,,,0,50,power_sp,
P9862,John,Doe,2006-04-08,75,201,Unknown,medium,black,clean_shaven,R,C,,0,,,50,50,52,51,52,49,55,51,51,51,,,,,,,,,,,,80,65,73,78,52,0,0,51,70,75,,,,,,,,,,,,False,,,0,,,,,,0,50,,balanced
P4509,John,Doe,2006-10-15,68,228,Unknown,medium,black,goatee,L,RF,,0,,,54,47,70,53,53,46,48,52,48,51,,,,,,,,,,,,64,77,91,82,53,0,0,52,67,74,,,,,,,,,,,,False,,,0,,,,,,0,50,,speed
P9077,John,Doe,2006-04-15,72,235,Unknown,dark,black,goatee,R,CF,,0,,,61,52,51,54,51,48,57,52,52,52,,,,,,,,,,,,91,72,78,70,51,0,0,52,68,79,,,,,,,,,,,,False,,,0,,,,,,0,50,,spray
P6357,John,Doe,2005-04-04,70,219,Unknown,light,blonde,clean_shaven,R,SS,,0,,,49,52,51,50,53,50,62,51,48,47,,,,,,,,,,,,73,68,72,74,53,0,0,51,66,60,,,,,,,,,,,,False,,,0,,,,,,0,50,,balanced
P3444,John,Doe,2007-05-04,70,250,Unknown,medium,brown,clean_shaven,S,1B,,0,,,59,66,53,51,49,51,53,50,52,50,,,,,,,,,,,,73,94,74,65,49,0,0,50,65,62,,,,,,,,,,,,False,,,0,,,,,,0,50,,gap
P7944,John,Doe,2003-03-23,74,191,Unknown,dark,black,clean_shaven,R,P,,1,RP,CL,,,,,55,,,,53,52,52,50,52,52,55,0,0,65,0,0,0,,,,,0,,,,58,57,55,61,67,67,67,0,0,80,0,0,0,False,,,0,,,,,,0,50,closer,
P3772,John,Doe,1999-03-16,73,168,Unknown,medium,brown,beard,R,P,,1,RP,SP,,,,,51,,,,51,52,51,53,54,52,49,60,62,59,57,0,0,,,,,0,,,,58,62,62,69,58,63,56,67,72,64,65,0,0,False,,,0,,,,,,0,50,groundball_sp,
P1371,John,Doe,2001-06-09,72,169,Unknown,medium,black,beard,R,P,,1,RP,RP,,,,,15,,,,49,50,51,50,53,53,51,61,0,0,0,0,0,,,,,26,,,,57,58,56,58,60,65,64,73,0,0,0,0,0,False,,,0,,,,,,0,50,finesse_rp,
P5692,John,Doe,2000-08-27,69,182,Unknown,dark,brown,beard,L,P,,1,RP,SP,,,,,47,,,,48,54,50,50,52,51,53,0,63,58,0,0,0,,,,,0,,,,59,69,63,61,59,65,59,0,70,70,0,0,0,False,,,0,,,,,,0,50,power_sp,
P6800,John,Doe,1987-05-05,69,233,Unknown,light,blonde,goatee,R,P,,1,RP,SP,,,,,52,,,,48,50,52,50,53,51,52,0,60,58,60,0,0,,,,,0,,,,38,48,42,52,47,48,48,0,52,51,56,0,0,False,,,0,,,,,,0,50,groundball_sp,
P2980,John,Doe,2003-11-10,78,210,Unknown,medium,red,clean_shaven,R,P,,1,RP,RP,,,,,49,,,,49,53,50,51,54,51,53,0,62,64,0,0,0,,,,,0,,,,62,68,64,63,63,60,59,0,75,72,0,0,0,False,,,0,,,,,,0,50,power_rp,
P3499,John,Doe,2000-08-17,72,246,Unknown,dark,brown,clean_shaven,R,P,,1,RP,RP,,,,,52,,,,52,51,51,52,52,49,55,0,61,63,0,0,0,,,,,0,,,,63,58,58,65,64,56,69,0,72,68,0,0,0,False,,,0,,,,,,0,50,power_rp,
P9567,John,Doe,2000-09-23,77,186,Unknown,light,brown,clean_shaven,R,P,,1,RP,RP,,,,,56,,,,51,52,52,52,54,52,53,57,0,67,64,0,0,,,,,0,,,,65,63,66,67,59,61,67,71,0,75,69,0,0,False,,,0,,,,,,0,50,groundball_rp,
P6615,John,Doe,2003-12-06,75,224,Unknown,dark,blonde,clean_shaven,L,P,,1,RP,RP,,,,,52,,,,51,49,53,54,52,52,52,62,62,64,0,0,0,,,,,0,,,,60,63,61,63,67,63,65,77,76,70,0,0,0,False,,,0,,,,,,0,50,finesse_rp,
P6352,John,Doe,1995-10-17,77,226,Unknown,light,red,clean_shaven,R,P,,1,RP,RP,,,,,51,,,,48,52,51,52,52,50,53,0,62,0,0,0,0,,,,,0,,,,53,49,51,56,55,51,57,0,65,0,0,0,0,False,,,0,,,,,,0,50,finesse_rp,
P4880,John,Doe,2004-05-21,77,238,Unknown,light,brown,mustache,R,P,,1,RP,RP,,,,,54,,,,51,50,52,52,54,50,51,56,63,0,0,0,0,,,,,0,,,,77,62,72,71,69,74,67,82,91,0,0,0,0,False,,,0,,,,,,0,50,finesse_rp,
P4396,John,Doe,2000-10-18,71,185,Unknown,light,brown,clean_shaven,R,C,,0,,,51,49,51,50,51,53,55,51,51,50,,,,,,,,,,,,65,57,65,55,51,0,0,51,56,58,,,,,,,,,,,,False,,,0,,,,,,0,50,,balanced
P1223,John,Doe,2002-09-23,68,222,Unknown,medium,blonde,goatee,L,1B,,0,,,51,62,52,50,47,50,50,48,52,49,,,,,,,,,,,,60,76,66,61,47,0,0,48,64,57,,,,,,,,,,,,False,,,0,,,,,,0,50,,power
P8854,John,Doe,2000-03-29,75,238,Unknown,medium,black,beard,R,2B,SS,0,,,49,57,50,52,50,54,58,48,50,51,,,,,,,,,,,,58,65,65,60,50,0,0,48,63,59,,,,,,,,,,,,False,,,0,,,,,,0,50,,power
P3706,John,Doe,1989-07-03,69,199,Unknown,dark,blonde,clean_shaven,L,3B,,0,,,51,53,52,52,48,48,49,51,52,51,,,,,,,,,,,,46,47,48,46,48,0,0,51,51,51,,,,,,,,,,,,False,,,0,,,,,,0,50,,gap
P8806,John,Doe,1992-06-02,68,212,Unknown,light,black,beard,S,SS,,0,,,50,49,52,49,49,51,53,53,49,51,,,,,,,,,,,,42,41,43,41,49,0,0,53,39,41,,,,,,,,,,,,False,,,0,,,,,,0,50,,balanced
P5706,John,Doe,1990-03-09,73,166,Unknown,light,red,goatee,R,LF,,0,,,50,49,47,49,48,50,57,49,52,52,,,,,,,,,,,,44,41,42,40,48,0,0,49,42,48,,,,,,,,,,,,False,,,0,,,,,,0,50,,average
P4760,John,Doe,1987-11-17,73,235,Unknown,light,brown,mustache,L,CF,,0,,,56,47,54,52,52,46,44,49,49,48,,,,,,,,,,,,48,45,52,45,52,0,0,49,40,42,,,,,,,,,,,,False,,,0,,,,,,0,50,,spray
P8270,John,Doe,1994-05-17,70,208,Unknown,light,black,clean_shaven,S,RF,,0,,,49,53,52,50,53,49,54,50,49,52,,,,,,,,,,,,47,49,50,52,53,0,0,50,53,57,,,,,,,,,,,,False,,,0,,,,,,0,50,,balanced
P5143,John,Doe,1995-01-03,70,217,Unknown,light,brown,clean_shaven,L,RF,,0,,,60,53,50,53,49,52,46,52,48,50,,,,,,,,,,,,57,49,46,55,49,0,0,52,47,46,,,,,,,,,,,,False,,,0,,,,,,0,50,,spray
P4967,John,Doe,1997-07-02,71,249,Unknown,light,red,clean_shaven,S,2B,,0,,,53,48,70,52,53,46,52,50,48,53,,,,,,,,,,,,52,51,68,52,53,0,0,50,51,50,,,,,,,,,,,,False,,,0,,,,,,0,50,,speed
P9802,John,Doe,1997-02-17,74,198,Unknown,dark,brown,clean_shaven,S,LF,,0,,,49,53,49,50,51,51,54,52,51,53,,,,,,,,,,,,48,48,54,45,51,0,0,52,49,57,,,,,,,,,,,,False,,,0,,,,,,0,50,,balanced
P3240,John,Doe,1994-06-24,70,223,Unknown,dark,black,beard,R,3B,,0,,,48,49,53,49,50,49,59,53,48,52,,,,,,,,,,,,49,52,53,52,50,0,0,53,46,50,,,,,,,,,,,,False,,,0,,,,,,0,50,,balanced
P5866,John,Doe,1991-04-27,74,193,Unknown,dark,brown,mustache,R,3B,,0,,,52,58,50,50,48,53,56,48,48,50,,,,,,,,,,,,45,51,47,45,48,0,0,48,38,50,,,,,,,,,,,,False,,,0,,,,,,0,50,,power
P6852,John,Doe,1995-03-04,77,223,Unknown,light,black,clean_shaven,L,3B,,0,,,52,51,49,52,48,49,50,52,52,48,,,,,,,,,,,,53,49,48,50,48,0,0,52,50,44,,,,,,,,,,,,False,,,0,,,,,,0,50,,balanced
P5849,John,Doe,1988-06-29,78,243,Unknown,dark,brown,beard,L,P,,1,RP,CL,,,,,55,,,,49,54,49,50,54,51,52,60,61,65,0,0,0,,,,,0,,,,44,44,50,54,47,51,50,50,60,62,0,0,0,False,,,0,,,,,,0,50,closer,
P2052,John,Doe,1998-02-10,76,227,Unknown,light,brown,clean_shaven,L,P,,1,RP,SP,,,,,50,,,,51,48,51,50,52,51,49,60,60,59,57,0,0,,,,,0,,,,50,50,45,48,52,53,53,57,62,61,54,0,0,False,,,0,,,,,,0,50,workhorse_sp,
P5863,John,Doe,1991-04-26,78,227,Unknown,medium,black,goatee,S,P,,1,RP,SP,,,,,51,,,,49,50,50,50,54,48,55,0,60,60,0,0,0,,,,,0,,,,48,41,45,48,50,43,48,0,53,59,0,0,0,False,,,0,,,,,,0,50,power_sp,
P2746,John,Doe,1996-01-14,69,205,Unknown,light,brown,clean_shaven,S,P,,1,RP,RP,,,,,55,,,,51,50,48,51,52,53,53,0,0,0,59,0,0,,,,,0,,,,50,53,56,55,43,52,53,0,0,0,54,0,0,False,,,0,,,,,,0,50,groundball_rp,
P6375,John,Doe,2002-03-12,78,166,Unknown,dark,blonde,clean_shaven,R,P,,1,RP,SP,,,,,54,,,,52,53,53,53,52,51,50,0,0,60,61,0,0,,,,,0,,,,58,58,59,61,58,57,57,0,0,68,73,0,0,False,,,0,,,,,,0,50,groundball_sp,
P4319,John,Doe,1996-11-04,78,217,Unknown,light,black,beard,L,P,,1,RP,SP,,,,,48,,,,52,50,50,54,52,49,53,63,62,0,55,58,0,,,,,0,,,,49,48,54,49,45,53,49,65,62,0,55,61,0,False,,,0,,,,,,0,50,finesse_sp,
P1745,John,Doe,1987-06-19,68,237,Unknown,medium,black,beard,R,P,,1,RP,SP,,,,,49,,,,51,52,50,50,52,49,53,60,59,58,0,53,0,,,,,0,,,,41,47,40,44,50,48,49,56,52,48,0,52,0,False,,,0,,,,,,0,50,power_sp,
P3702,John,Doe,2000-06-04,75,210,Unknown,light,brown,goatee,S,C,,0,,,59,51,48,52,52,48,53,50,49,47,,,,,,,,,,,,68,57,59,58,52,0,0,50,58,52,,,,,,,,,,,,False,,,0,,,,,,0,50,,spray
P2739,John,Doe,2000-12-12,77,189,Unknown,dark,black,clean_shaven,L,RF,,0,,,50,51,49,51,49,51,47,52,50,49,,,,,,,,,,,,60,57,59,58,49,0,0,52,56,64,,,,,,,,,,,,False,,,0,,,,,,0,50,,gap
P1887,John,Doe,2002-10-29,75,161,Unknown,medium,brown,goatee,L,2B,,0,,,53,49,50,51,49,49,49,52,48,51,,,,,,,,,,,,61,63,60,58,49,0,0,52,61,65,,,,,,,,,,,,False,,,0,,,,,,0,50,,average
P8607,John,Doe,1998-08-08,78,172,Unknown,light,brown,clean_shaven,R,C,,0,,,53,51,85,54,49,52,56,53,50,52,,,,,,,,,,,,62,56,99,59,49,0,0,53,62,58,,,,,,,,,,,,False,,,0,,,,,,0,50,,elite_speed
P3747,John,Doe,1998-09-26,76,171,Unknown,medium,red,mustache,L,CF,LF,0,,,61,51,48,52,49,47,49,51,51,52,,,,,,,,,,,,66,58,61,64,49,0,0,51,60,64,,,,,,,,,,,,False,,,0,,,,,,0,50,,spray
P5325,John,Doe,1995-11-04,69,162,Unknown,light,blonde,clean_shaven,S,2B,,0,,,58,51,85,54,50,49,52,50,50,51,,,,,,,,,,,,62,47,86,53,50,0,0,50,48,52,,,,,,,,,,,,False,,,0,,,,,,0,50,,elite_speed
P5408,John,Doe,1993-05-20,70,213,Unknown,dark,black,clean_shaven,R,3B,,0,,,48,51,50,51,52,48,60,48,48,50,,,,,,,,,,,,44,43,47,50,52,0,0,48,46,47,,,,,,,,,,,,False,,,0,,,,,,0,50,,average
P9452,John,Doe,1997-01-03,77,164,Unknown,dark,black,clean_shaven,S,LF,,0,,,52,50,49,52,50,51,51,52,49,51,,,,,,,,,,,,50,54,48,51,50,0,0,52,50,50,,,,,,,,,,,,False,,,0,,,,,,0,50,,average
P7178,John,Doe,2005-11-12,72,179,Unknown,light,brown,clean_shaven,R,P,,1,RP,CL,,,,,55,,,,52,50,47,52,54,51,51,0,0,65,0,0,0,,,,,0,,,,63,71,79,82,67,79,74,0,0,75,0,0,0,False,,,0,,,,,,0,50,closer,
P3524,John,Doe,2004-12-23,68,248,Unknown,light,blonde,clean_shaven,R,P,,1,RP,SP,,,,,52,,,,50,52,54,52,52,48,53,0,60,61,0,0,0,,,,,0,,,,61,68,70,74,81,71,66,0,76,88,0,0,0,False,,,0,,,,,,0,50,power_sp,
P7308,John,Doe,2005-11-26,68,232,Unknown,dark,black,clean_shaven,R,P,,1,RP,SP,,,,,49,,,,52,51,53,51,52,53,50,61,59,0,0,0,0,,,,,0,,,,67,80,79,74,79,72,63,81,88,0,0,0,0,False,,,0,,,,,,0,50,finesse_sp,
P7597,John,Doe,2005-10-21,72,204,Unknown,dark,black,clean_shaven,S,P,,1,RP,SP,,,,,50,,,,49,50,53,50,52,49,50,59,59,0,59,0,0,,,,,0,,,,63,62,64,71,75,76,75,82,84,0,87,0,0,False,,,0,,,,,,0,50,finesse_sp,
P1357,John,Doe,2005-11-16,71,171,Unknown,light,brown,clean_shaven,L,P,,1,RP,SP,,,,,51,,,,49,51,51,51,52,50,51,61,60,59,54,0,0,,,,,0,,,,65,63,63,71,61,66,73,87,84,77,69,0,0,False,,,0,,,,,,0,50,workhorse_sp,
P6282,John,Doe,2007-09-03,73,249,Unknown,medium,black,mustache,R,C,,0,,,51,52,49,50,49,50,55,52,51,51,,,,,,,,,,,,65,62,72,65,49,0,0,52,65,68,,,,,,,,,,,,False,,,0,,,,,,0,50,,balanced
P8772,John,Doe,2004-12-19,74,198,Unknown,light,brown,goatee,R,2B,CF,0,,,54,48,70,52,54,47,54,49,51,49,,,,,,,,,,,,78,58,84,66,54,0,0,49,80,76,,,,,,,,,,,,False,,,0,,,,,,0,50,,speed
P3664,John,Doe,2007-04-30,72,191,Unknown,medium,black,mustache,R,3B,,0,,,52,48,49,50,50,50,59,49,51,53,,,,,,,,,,,,68,66,75,67,50,0,0,49,73,67,,,,,,,,,,,,False,,,0,,,,,,0,50,,average
P2291,John,Doe,2005-02-03,68,244,Unknown,light,blonde,clean_shaven,L,SS,,0,,,61,51,54,55,52,50,47,49,50,50,,,,,,,,,,,,74,81,71,77,52,0,0,49,80,64,,,,,,,,,,,,False,,,0,,,,,,0,50,,spray
P5473,John,Doe,2004-12-23,73,203,Unknown,medium,brown,clean_shaven,R,3B,,0,,,48,52,50,51,50,52,59,51,49,52,,,,,,,,,,,,70,68,62,66,50,0,0,51,72,79,,,,,,,,,,,,False,,,0,,,,,,0,50,,balanced
P5789,John,Doe,1995-08-30,72,166,Unknown,light,brown,mustache,L,P,,1,RP,CL,,,,,55,,,,52,52,50,50,52,49,56,61,59,67,0,0,0,,,,,0,,,,53,50,50,53,50,54,51,60,60,69,0,0,0,False,,,0,,,,,,0,50,closer,
P8676,John,Doe,1993-02-05,75,186,Unknown,medium,blonde,clean_shaven,S,P,,1,RP,LR,,,,,51,,,,51,53,53,50,52,50,51,58,62,64,0,0,0,,,,,0,,,,44,43,42,51,51,44,48,57,54,56,0,0,0,False,,,0,,,,,,0,50,long_relief,
P3582,John,Doe,1988-02-09,69,231,Unknown,dark,black,beard,R,P,,1,RP,LR,,,,,51,,,,52,48,51,51,53,49,54,0,61,64,0,0,0,,,,,0,,,,49,44,51,47,49,44,52,0,59,58,0,0,0,False,,,0,,,,,,0,50,long_relief,
P2450,John,Doe,1994-01-04,75,178,Unknown,dark,black,clean_shaven,R,P,,1,RP,SP,,,,,54,,,,48,52,52,50,52,50,51,60,0,0,60,0,0,,,,,0,,,,43,51,50,47,46,46,43,50,0,0,58,0,0,False,,,0,,,,,,0,50,groundball_sp,
P4723,John,Doe,2004-04-24,68,220,Unknown,light,brown,clean_shaven,R,P,,1,RP,RP,,,,,52,,,,53,49,51,52,54,51,53,59,60,0,0,0,0,,,,,0,,,,63,71,67,69,61,67,66,72,82,0,0,0,0,False,,,0,,,,,,0,50,finesse_rp,
P1943,John,Doe,1994-02-14,71,235,Unknown,medium,blonde,clean_shaven,L,P,,1,RP,SP,,,,,50,,,,51,51,52,53,54,53,51,63,59,61,59,0,0,,,,,0,,,,46,49,45,48,50,45,47,62,53,53,55,0,0,False,,,0,,,,,,0,50,finesse_sp,
P4693,John,Doe,1999-01-27,77,177,Unknown,light,brown,clean_shaven,R,P,,1,RP,SP,,,,,50,,,,52,53,51,51,52,51,51,59,0,58,61,0,0,,,,,0,,,,60,63,64,63,62,60,59,74,0,71,72,0,0,False,,,0,,,,,,0,50,groundball_sp,
P4374,John,Doe,1989-04-16,78,204,Unknown,medium,black,mustache,R,P,,1,RP,RP,,,,,21,,,,48,52,48,51,52,50,52,0,61,0,0,0,0,,,,,20,,,,47,45,48,47,48,42,45,0,53,0,0,0,0,False,,,0,,,,,,0,50,power_rp,
P9619,John,Doe,1992-04-05,69,172,Unknown,medium,black,clean_shaven,R,P,,1,RP,RP,,,,,51,,,,52,51,52,50,52,50,54,0,61,67,0,56,0,,,,,0,,,,47,46,42,45,47,48,44,0,53,64,0,48,0,False,,,0,,,,,,0,50,power_rp,
P7316,John,Doe,1989-05-21,78,177,Unknown,medium,brown,goatee,R,P,,1,RP,SP,,,,,50,,,,49,52,50,51,52,53,54,0,0,60,61,0,0,,,,,0,,,,39,45,50,45,43,52,48,0,0,57,57,0,0,False,,,0,,,,,,0,50,groundball_sp,
P7343,John,Doe,1999-09-29,78,232,Unknown,dark,red,goatee,L,P,,1,RP,SP,,,,,52,,,,51,53,51,50,52,49,50,60,60,58,58,0,0,,,,,0,,,,56,63,61,65,64,61,55,68,72,73,71,0,0,False,,,0,,,,,,0,50,balanced_sp,
P7465,John,Doe,1995-12-14,71,197,Unknown,medium,brown,clean_shaven,S,C,,0,,,53,52,49,50,51,50,55,49,50,50,,,,,,,,,,,,53,57,50,46,51,0,0,49,48,52,,,,,,,,,,,,False,,,0,,,,,,0,50,,average
P1573,John,Doe,1988-02-20,73,206,Unknown,dark,red,beard,S,1B,,0,,,52,60,52,52,50,50,50,50,49,51,,,,,,,,,,,,44,57,43,51,50,0,0,50,49,43,,,,,,,,,,,,False,,,0,,,,,,0,50,,gap
P3392,John,Doe,2001-02-17,72,161,Unknown,medium,black,goatee,R,2B,,0,,,60,54,51,55,49,48,58,50,48,52,,,,,,,,,,,,75,68,66,69,49,0,0,50,58,62,,,,,,,,,,,,False,,,0,,,,,,0,50,,gap
P4348,John,Doe,1991-10-22,72,241,Unknown,medium,brown,beard,R,3B,,0,,,51,51,50,52,51,50,58,50,49,48,,,,,,,,,,,,44,41,47,48,51,0,0,50,49,40,,,,,,,,,,,,False,,,0,,,,,,0,50,,average
P2088,John,Doe,1991-04-02,77,213,Unknown,medium,brown,clean_shaven,R,SS,,0,,,50,50,70,53,51,51,62,52,50,47,,,,,,,,,,,,44,50,66,46,51,0,0,52,43,46,,,,,,,,,,,,False,,,0,,,,,,0,50,,speed
P5600,John,Doe,1995-11-12,74,183,Unknown,dark,brown,clean_shaven,R,LF,,0,,,52,59,52,50,51,49,57,49,51,53,,,,,,,,,,,,52,59,57,54,51,0,0,49,56,52,,,,,,,,,,,,False,,,0,,,,,,0,50,,power
P3196,John,Doe,2000-02-21,76,212,Unknown,medium,black,goatee,S,CF,,0,,,51,50,51,52,53,51,50,50,51,49,,,,,,,,,,,,60,57,64,66,53,0,0,50,65,62,,,,,,,,,,,,False,,,0,,,,,,0,50,,average
P9552,John,Doe,1989-04-07,75,190,Unknown,light,brown,clean_shaven,L,RF,,0,,,53,50,49,52,51,49,43,49,48,49,,,,,,,,,,,,44,42,48,52,51,0,0,49,45,49,,,,,,,,,,,,False,,,0,,,,,,0,50,,average
P4153,John,Doe,1987-04-23,70,185,Unknown,dark,black,clean_shaven,L,SS,,0,,,53,52,86,50,54,49,51,51,51,47,,,,,,,,,,,,51,52,82,46,54,0,0,51,45,41,,,,,,,,,,,,False,,,0,,,,,,0,50,,speed
P6833,John,Doe,1987-09-05,71,190,Unknown,medium,black,clean_shaven,R,CF,,0,,,50,52,49,51,51,50,52,48,49,51,,,,,,,,,,,,45,42,45,45,51,0,0,48,47,50,,,,,,,,,,,,False,,,0,,,,,,0,50,,balanced
P4008,John,Doe,1994-01-24,71,232,Unknown,dark,black,clean_shaven,R,C,,0,,,51,51,48,51,50,51,58,52,51,48,,,,,,,,,,,,49,49,47,43,50,0,0,52,43,44,,,,,,,,,,,,False,,,0,,,,,,0,50,,average
P3741,John,Doe,1987-03-19,74,214,Unknown,dark,black,clean_shaven,L,CF,,0,,,50,50,85,49,53,52,46,48,52,48,,,,,,,,,,,,46,42,76,43,53,0,0,48,50,45,,,,,,,,,,,,False,,,0,,,,,,0,50,,elite_speed
P2404,John,Doe,1998-07-23,68,230,Unknown,dark,blonde,goatee,R,3B,,0,,,50,49,52,49,48,51,57,49,50,49,,,,,,,,,,,,61,54,59,57,48,0,0,49,60,61,,,,,,,,,,,,False,,,0,,,,,,0,50,,balanced
P6769,John,Doe,2000-08-27,76,175,Unknown,light,brown,clean_shaven,R,C,,0,,,52,51,52,52,52,49,59,50,53,52,,,,,,,,,,,,66,58,61,64,52,0,0,50,63,59,,,,,,,,,,,,False,,,0,,,,,,0,50,,balanced
P3268,John,Doe,1988-11-28,70,216,Unknown,medium,black,goatee,L,P,,1,RP,CL,,,,,55,,,,48,51,49,50,52,53,53,61,58,65,0,0,0,,,,,0,,,,47,48,42,47,42,48,51,61,49,65,0,0,0,False,,,0,,,,,,0,50,closer,
P4867,John,Doe,1989-12-07,77,164,Unknown,medium,black,clean_shaven,R,P,,1,RP,RP,,,,,51,,,,50,51,49,53,52,49,49,60,0,0,0,0,0,,,,,0,,,,42,44,45,46,40,40,42,53,0,0,0,0,0,False,,,0,,,,,,0,50,finesse_rp,
P2104,John,Doe,1991-01-31,77,193,Unknown,dark,blonde,beard,S,P,,1,RP,LR,,,,,51,,,,51,51,50,50,53,50,51,0,0,66,0,0,0,,,,,0,,,,51,41,49,48,44,45,44,0,0,66,0,0,0,False,,,0,,,,,,0,50,long_relief,
P5742,John,Doe,1991-05-27,73,162,Unknown,dark,black,clean_shaven,L,P,,1,RP,LR,,,,,53,,,,52,52,49,50,52,50,53,58,58,66,0,0,0,,,,,0,,,,52,51,50,43,49,48,47,55,53,58,0,0,0,False,,,0,,,,,,0,50,long_relief,
P3852,John,Doe,1992-01-16,71,163,Unknown,medium,brown,clean_shaven,L,P,,1,RP,SP,,,,,52,,,,49,53,51,50,53,52,55,0,63,62,0,0,0,,,,,0,,,,46,49,41,44,49,51,51,0,53,55,0,0,0,False,,,0,,,,,,0,50,power_sp,
P9706,John,Doe,2004-01-22,72,250,Unknown,dark,blonde,goatee,L,P,,1,RP,CL,,,,,49,,,,52,50,48,53,56,52,51,60,60,67,0,0,0,,,,,0,,,,66,64,61,70,63,59,62,65,67,76,0,0,0,False,,,0,,,,,,0,50,closer,
P5947,John,Doe,1990-03-31,70,189,Unknown,medium,black,clean_shaven,S,P,,1,RP,RP,,,,,52,,,,49,49,51,52,52,50,53,57,61,0,0,0,0,,,,,0,,,,47,49,47,50,48,43,51,57,53,0,0,0,0,False,,,0,,,,,,0,50,finesse_rp,
P9874,John,Doe,1996-06-10,78,163,Unknown,dark,black,beard,R,LF,,0,,,53,51,52,50,52,51,57,49,49,52,,,,,,,,,,,,56,49,49,53,52,0,0,49,54,56,,,,,,,,,,,,False,,,0,,,,,,0,50,,average
P9858,John,Doe,1990-11-22,78,249,Unknown,dark,red,goatee,L,1B,,0,,,50,50,70,50,51,52,42,50,49,49,,,,,,,,,,,,50,49,70,41,51,0,0,50,46,49,,,,,,,,,,,,False,,,0,,,,,,0,50,,speed
P4985,John,Doe,1998-09-13,72,166,Unknown,dark,brown,clean_shaven,R,2B,,0,,,50,48,50,52,52,49,57,51,52,49,,,,,,,,,,,,62,53,56,59,52,0,0,51,66,63,,,,,,,,,,,,False,,,0,,,,,,0,50,,average
P4542,John,Doe,1994-02-14,68,215,Unknown,medium,blonde,beard,S,1B,,0,,,50,62,49,49,49,52,53,51,50,48,,,,,,,,,,,,48,62,45,42,49,0,0,51,44,48,,,,,,,,,,,,False,,,0,,,,,,0,50,,power
P9810,John,Doe,1998-06-13,74,171,Unknown,medium,red,goatee,L,1B,,0,,,59,53,50,52,52,50,47,50,50,51,,,,,,,,,,,,73,65,61,65,52,0,0,50,61,64,,,,,,,,,,,,False,,,0,,,,,,0,50,,spray
P4495,John,Doe,1995-12-24,77,208,Unknown,light,brown,beard,R,SS,,0,,,52,51,52,49,51,51,61,53,52,51,,,,,,,,,,,,52,46,57,50,51,0,0,53,49,55,,,,,,,,,,,,False,,,0,,,,,,0,50,,balanced
P4739,John,Doe,1988-10-11,77,161,Unknown,medium,brown,clean_shaven,R,SS,,0,,,49,49,50,50,51,48,57,53,51,47,,,,,,,,,,,,43,48,45,48,51,0,0,53,43,40,,,,,,,,,,,,False,,,0,,,,,,0,50,,balanced
P4791,John,Doe,1997-10-01,72,240,Unknown,light,blonde,goatee,L,C,,0,,,51,51,51,52,51,52,48,52,52,52,,,,,,,,,,,,47,49,56,55,51,0,0,52,50,57,,,,,,,,,,,,False,,,0,,,,,,0,50,,average
P8059,John,Doe,2006-05-16,75,250,Unknown,medium,brown,clean_shaven,L,P,,1,RP,CL,,,,,55,,,,52,50,48,53,53,53,54,0,61,65,0,0,0,,,,,0,,,,76,60,67,82,62,82,82,0,85,86,0,0,0,False,,,0,,,,,,0,50,closer,
P6516,John,Doe,2004-10-12,74,203,Unknown,medium,blonde,clean_shaven,R,P,,1,RP,SP,,,,,48,,,,52,51,51,52,52,52,50,58,63,59,0,0,0,,,,,0,,,,79,74,65,62,73,82,61,77,74,72,0,0,0,False,,,0,,,,,,0,50,power_sp,
P7075,John,Doe,2004-04-20,72,222,Unknown,medium,black,clean_shaven,R,P,1B,1,RP,SP,,,,,50,,,,50,51,51,50,53,51,54,0,62,63,59,56,0,,,,,0,,,,66,63,68,78,80,81,80,0,88,80,74,70,0,False,,,0,,,,,,0,50,power_sp,
P6956,John,Doe,2004-06-14,71,227,Unknown,dark,black,clean_shaven,L,P,,1,RP,SP,,,,,48,,,,49,51,53,54,52,49,50,60,61,0,0,0,0,,,,,0,,,,78,62,80,67,80,76,76,82,90,0,0,0,0,False,,,0,,,,,,0,50,finesse_sp,
P2842,John,Doe,2007-04-01,74,185,Unknown,medium,blonde,clean_shaven,L,P,,1,RP,SP,,,,,51,,,,52,52,50,53,53,49,52,60,62,60,0,0,0,,,,,0,,,,82,78,80,77,69,69,67,89,80,87,0,0,0,False,,,0,,,,,,0,50,balanced_sp,
P6442,John,Doe,2006-01-29,76,166,Unknown,light,brown,clean_shaven,S,1B,,0,,,52,59,49,52,50,52,49,50,49,51,,,,,,,,,,,,82,83,74,80,50,0,0,50,59,76,,,,,,,,,,,,False,,,0,,,,,,0,50,,gap
P3279,John,Doe,2005-04-09,78,186,Unknown,dark,brown,clean_shaven,R,LF,,0,,,52,60,51,51,49,49,58,51,52,52,,,,,,,,,,,,65,70,76,69,49,0,0,51,70,63,,,,,,,,,,,,False,,,0,,,,,,0,50,,power
P5338,John,Doe,2008-02-26,74,233,Unknown,medium,brown,clean_shaven,R,C,,0,,,52,50,47,51,52,49,57,51,53,49,,,,,,,,,,,,66,63,57,66,52,0,0,51,67,65,,,,,,,,,,,,False,,,0,,,,,,0,50,,gap
P9540,John,Doe,2004-12-08,70,170,Unknown,dark,blonde,clean_shaven,R,3B,,0,,,59,52,49,53,50,46,58,52,48,51,,,,,,,,,,,,78,68,62,70,50,0,0,52,74,64,,,,,,,,,,,,False,,,0,,,,,,0,50,,spray
P6108,John,Doe,2006-05-18,74,220,Unknown,dark,brown,goatee,R,CF,,0,,,54,46,75,52,51,49,50,50,48,51,,,,,,,,,,,,73,75,89,80,51,0,0,50,75,67,,,,,,,,,,,,False,,,0,,,,,,0,50,,speed
P7921,John,Doe,2001-07-30,68,243,Unknown,medium,brown,clean_shaven,R,P,,1,RP,CL,,,,,55,,,,48,54,51,51,54,50,52,59,60,65,0,0,0,,,,,0,,,,61,66,61,69,58,55,63,67,75,70,0,0,0,False,,,0,,,,,,0,50,closer,
P3049,John,Doe,2002-07-07,70,220,Unknown,dark,brown,beard,L,P,,1,RP,SP,,,,,48,,,,52,53,54,54,52,53,53,60,63,0,0,0,0,,,,,0,,,,63,61,68,57,59,66,63,71,68,0,0,0,0,False,,,0,,,,,,0,50,finesse_sp,
P1731,John,Doe,2004-03-14,72,174,Unknown,medium,brown,clean_shaven,R,P,,1,RP,SP,,,,,47,,,,51,49,51,53,54,50,49,61,60,0,58,0,0,,,,,0,,,,77,59,64,65,64,62,73,82,82,0,73,0,0,False,,,0,,,,,,0,50,finesse_sp,
P6005,John,Doe,1997-05-12,72,160,Unknown,medium,black,goatee,R,P,,1,RP,SP,,,,,49,,,,51,52,50,50,52,52,51,59,62,62,0,0,0,,,,,0,,,,54,52,48,53,50,54,53,61,58,64,0,0,0,False,,,0,,,,,,0,50,workhorse_sp,
P5715,John,Doe,2003-03-25,70,225,Unknown,light,black,clean_shaven,R,P,,1,RP,SP,,,,,48,,,,51,49,54,50,52,51,53,58,0,60,0,0,0,,,,,0,,,,56,64,60,59,69,62,63,70,0,74,0,0,0,False,,,0,,,,,,0,50,balanced_sp,
P7144,John,Doe,1992-09-07,78,197,Unknown,dark,blonde,goatee,R,P,,1,RP,RP,,,,,57,,,,52,50,48,53,52,50,51,59,0,64,61,0,0,,,,,0,,,,43,41,45,52,41,40,41,58,0,60,55,0,0,False,,,0,,,,,,0,50,groundball_rp,
P1830,John,Doe,2001-12-16,77,233,Unknown,medium,black,clean_shaven,R,P,,1,RP,SP,,,,,53,,,,49,49,50,50,54,49,51,0,0,58,61,0,0,,,,,0,,,,57,63,55,59,55,62,56,0,0,65,71,0,0,False,,,0,,,,,,0,50,groundball_sp,
P2261,John,Doe,2004-04-23,74,235,Unknown,light,brown,beard,R,P,,1,RP,SP,,,,,49,,,,52,49,52,54,52,51,49,62,60,60,0,55,0,,,,,0,,,,68,68,77,80,65,61,71,81,70,90,0,77,0,False,,,0,,,,,,0,50,finesse_sp,
P6089,John,Doe,2001-12-24,71,169,Unknown,dark,brown,mustache,R,P,,1,RP,SP,,,,,48,,,,51,53,50,51,53,52,50,58,61,61,0,0,0,,,,,0,,,,57,66,57,63,58,60,58,63,76,75,0,0,0,False,,,0,,,,,,0,50,power_sp,
P2673,John,Doe,1994-06-05,69,235,Unknown,dark,black,beard,R,P,,1,RP,SP,,,,,50,,,,51,51,50,52,54,50,54,0,62,61,0,0,0,,,,,0,,,,52,54,56,51,52,46,49,0,62,63,0,0,0,False,,,0,,,,,,0,50,power_sp,
P9427,John,Doe,1995-10-03,69,193,Unknown,dark,black,clean_shaven,R,P,,1,RP,RP,,,,,53,,,,52,50,52,51,52,52,54,58,62,63,0,0,0,,,,,0,,,,56,47,46,53,48,53,52,59,67,63,0,0,0,False,,,0,,,,,,0,50,power_rp,
P8734,John,Doe,1999-03-24,71,160,Unknown,light,brown,beard,R,C,,0,,,48,54,49,49,52,49,56,53,52,50,,,,,,,,,,,,63,66,54,63,52,0,0,53,66,65,,,,,,,,,,,,False,,,0,,,,,,0,50,,average
P9470,John,Doe,1994-04-27,72,189,Unknown,dark,black,beard,L,1B,,0,,,53,56,52,49,49,49,46,50,49,50,,,,,,,,,,,,50,55,57,53,49,0,0,50,53,49,,,,,,,,,,,,False,,,0,,,,,,0,50,,balanced
P8417,John,Doe,1999-02-16,75,216,Unknown,light,brown,beard,R,2B,,0,,,49,60,49,52,51,53,55,50,50,52,,,,,,,,,,,,61,65,62,64,51,0,0,50,55,58,,,,,,,,,,,,False,,,0,,,,,,0,50,,power
P7154,John,Doe,2002-06-07,75,245,Unknown,light,blonde,clean_shaven,R,3B,,0,,,53,49,53,51,51,49,58,50,50,51,,,,,,,,,,,,66,60,58,65,51,0,0,50,60,60,,,,,,,,,,,,False,,,0,,,,,,0,50,,balanced
P6459,John,Doe,2001-10-09,69,172,Unknown,dark,black,clean_shaven,L,SS,,0,,,52,53,52,51,49,50,52,51,52,50,,,,,,,,,,,,67,66,67,62,49,0,0,51,66,60,,,,,,,,,,,,False,,,0,,,,,,0,50,,average
P2959,John,Doe,1994-05-14,78,229,Unknown,light,black,beard,R,LF,,0,,,61,52,48,51,49,50,55,50,49,48,,,,,,,,,,,,65,55,46,49,49,0,0,50,51,46,,,,,,,,,,,,False,,,0,,,,,,0,50,,spray
P4216,John,Doe,1993-11-03,77,224,Unknown,medium,brown,clean_shaven,R,CF,,0,,,54,50,53,52,49,49,51,50,48,52,,,,,,,,,,,,47,44,46,44,49,0,0,50,45,47,,,,,,,,,,,,False,,,0,,,,,,0,50,,balanced
P2644,John,Doe,1999-11-08,69,245,Unknown,dark,black,goatee,L,RF,,0,,,50,60,49,49,51,53,48,50,52,51,,,,,,,,,,,,55,67,56,61,51,0,0,50,61,56,,,,,,,,,,,,False,,,0,,,,,,0,50,,power
P5627,John,Doe,1993-11-07,71,192,Unknown,light,red,beard,R,2B,,0,,,54,51,70,55,54,51,60,48,52,48,,,,,,,,,,,,48,47,61,48,54,0,0,48,50,48,,,,,,,,,,,,False,,,0,,,,,,0,50,,speed
P4023,John,Doe,1994-04-20,71,194,Unknown,dark,black,beard,L,LF,,0,,,49,61,51,48,49,51,49,51,52,50,,,,,,,,,,,,48,59,52,46,49,0,0,51,53,45,,,,,,,,,,,,False,,,0,,,,,,0,50,,power
P2881,John,Doe,1988-01-15,76,160,Unknown,dark,black,goatee,R,3B,SS,0,,,53,49,50,49,51,51,55,51,52,49,,,,,,,,,,,,49,47,43,42,51,0,0,51,49,44,,,,,,,,,,,,False,,,0,,,,,,0,50,,average
P9256,John,Doe,2002-11-29,71,243,Unknown,dark,black,clean_shaven,R,SS,,0,,,52,49,72,53,52,52,60,48,52,53,,,,,,,,,,,,57,58,83,63,52,0,0,48,58,67,,,,,,,,,,,,False,,,0,,,,,,0,50,,speed
P3494,John,Doe,1991-03-16,73,167,Unknown,dark,blonde,mustache,R,3B,,0,,,51,53,53,50,51,48,59,51,49,50,,,,,,,,,,,,44,45,47,40,51,0,0,51,48,42,,,,,,,,,,,,False,,,0,,,,,,0,50,,balanced
P8846,John,Doe,1993-10-02,69,234,Unknown,light,black,clean_shaven,R,3B,,0,,,49,49,50,50,46,51,56,53,50,50,,,,,,,,,,,,44,39,47,49,46,0,0,53,40,48,,,,,,,,,,,,False,,,0,,,,,,0,50,,gap
P2520,John,Doe,1999-06-03,74,190,Unknown,light,black,clean_shaven,L,P,,1,RP,CL,,,,,55,,,,52,54,50,50,52,52,55,0,0,65,0,0,0,,,,,0,,,,64,63,64,57,59,60,68,0,0,73,0,0,0,False,,,0,,,,,,0,50,closer,
P8798,John,Doe,2003-05-20,71,180,Unknown,medium,blonde,mustache,R,P,,1,RP,SP,,,,,48,,,,51,53,54,52,52,48,55,0,62,60,60,55,0,,,,,0,,,,57,62,61,67,62,59,63,0,76,67,74,62,0,False,,,0,,,,,,0,50,power_sp,
P8958,John,Doe,1990-05-02,75,186,Unknown,dark,black,goatee,R,P,,1,RP,SP,,,,,50,,,,49,53,51,50,52,52,51,60,61,62,0,0,0,,,,,0,,,,49,43,40,46,43,48,41,51,54,54,0,0,0,False,,,0,,,,,,0,50,power_sp,
P4530,John,Doe,2003-12-01,78,207,Unknown,dark,brown,beard,L,P,,1,RP,SP,,,,,48,,,,49,53,52,51,52,49,50,59,64,62,0,57,0,,,,,0,,,,61,62,58,57,64,62,57,66,78,71,0,69,0,False,,,0,,,,,,0,50,power_sp,
P7048,John,Doe,2002-01-10,68,230,Unknown,medium,blonde,clean_shaven,L,P,,1,RP,RP,,,,,53,,,,49,50,53,50,52,50,52,58,0,0,61,0,0,,,,,0,,,,62,59,62,57,66,64,62,71,0,0,68,0,0,False,,,0,,,,,,0,50,groundball_rp,
P5027,John,Doe,1992-12-16,76,241,Unknown,light,brown,clean_shaven,R,P,,1,RP,SP,,,,,51,,,,51,53,53,50,52,49,52,63,59,59,0,58,0,,,,,0,,,,47,45,45,48,53,40,43,56,57,59,0,49,0,False,,,0,,,,,,0,50,balanced_sp,
P3778,John,Doe,2003-10-14,78,235,Unknown,light,blonde,beard,L,P,,1,RP,RP,,,,,56,,,,48,51,49,50,53,50,51,0,0,0,63,0,0,,,,,0,,,,63,61,55,68,57,55,58,0,0,0,78,0,0,False,,,0,,,,,,0,50,groundball_rp,
P1466,John,Doe,1993-11-03,74,242,Unknown,dark,blonde,beard,R,C,,0,,,63,66,49,51,47,51,56,51,49,49,,,,,,,,,,,,56,60,45,46,47,0,0,51,41,39,,,,,,,,,,,,False,,,0,,,,,,0,50,,gap
P4676,John,Doe,2000-07-03,77,225,Unknown,dark,brown,mustache,R,SS,,0,,,52,51,49,50,48,48,59,48,49,51,,,,,,,,,,,,62,59,55,64,48,0,0,48,56,61,,,,,,,,,,,,False,,,0,,,,,,0,50,,gap
P1121,John,Doe,1993-06-19,70,189,Unknown,medium,brown,beard,L,LF,,0,,,52,49,78,52,51,50,48,52,49,51,,,,,,,,,,,,46,48,78,47,51,0,0,52,48,50,,,,,,,,,,,,False,,,0,,,,,,0,50,,speed
P3248,John,Doe,1997-05-24,75,201,Unknown,light,brown,beard,L,SS,,0,,,57,51,50,51,51,51,53,53,47,48,,,,,,,,,,,,52,50,47,50,51,0,0,53,50,43,,,,,,,,,,,,False,,,0,,,,,,0,50,,spray
P7160,John,Doe,1996-12-05,72,248,Unknown,light,brown,mustache,S,C,,0,,,53,52,53,52,52,51,54,50,53,52,,,,,,,,,,,,49,52,58,53,52,0,0,50,57,48,,,,,,,,,,,,False,,,0,,,,,,0,50,,balanced
P1367,John,Doe,1994-06-11,73,209,Unknown,dark,black,clean_shaven,R,C,,0,,,48,56,49,50,48,52,56,50,50,51,,,,,,,,,,,,48,57,51,52,48,0,0,50,46,54,,,,,,,,,,,,False,,,0,,,,,,0,50,,power
P4653,John,Doe,1991-09-24,77,248,Unknown,light,black,clean_shaven,L,1B,,0,,,66,56,54,50,51,49,47,50,52,49,,,,,,,,,,,,58,55,54,49,51,0,0,50,44,49,,,,,,,,,,,,False,,,0,,,,,,0,50,,spray
P4598,John,Doe,2002-08-03,78,165,Unknown,dark,brown,beard,R,2B,,0,,,62,51,50,52,52,51,55,51,51,49,,,,,,,,,,,,73,62,58,64,52,0,0,51,57,63,,,,,,,,,,,,False,,,0,,,,,,0,50,,spray
P5422,John,Doe,2006-11-16,77,179,Unknown,light,black,clean_shaven,L,P,,1,RP,CL,,,,,55,,,,48,50,49,51,54,51,51,0,62,65,0,0,0,,,,,0,,,,63,73,67,65,60,75,80,0,89,83,0,0,0,False,,,0,,,,,,0,50,closer,
P5370,John,Doe,2005-10-08,71,203,Unknown,medium,brown,clean_shaven,R,P,,1,RP,SP,,,,,48,,,,49,53,50,51,52,51,52,61,60,0,59,0,0,,,,,0,,,,69,72,74,81,76,61,74,84,83,0,88,0,0,False,,,0,,,,,,0,50,finesse_sp,
P5122,John,Doe,2007-08-29,72,180,Unknown,light,blonde,beard,L,P,,1,RP,SP,,,,,50,,,,49,53,54,50,53,50,50,60,60,59,0,54,0,,,,,0,,,,70,78,71,75,84,69,63,73,79,76,0,80,0,False,,,0,,,,,,0,50,finesse_sp,
P9375,John,Doe,2005-04-29,77,219,Unknown,dark,brown,clean_shaven,L,P,,1,RP,SP,,,,,52,,,,49,53,50,51,52,52,51,61,59,0,0,0,0,,,,,0,,,,69,66,80,70,74,82,69,72,83,0,0,0,0,False,,,0,,,,,,0,50,finesse_sp,
P9249,John,Doe,2004-03-10,68,176,Unknown,dark,blonde,clean_shaven,L,P,,1,RP,RP,,,,,56,,,,51,53,50,50,52,49,49,0,58,0,61,0,0,,,,,0,,,,69,65,65,79,62,66,64,0,68,0,75,0,0,False,,,0,,,,,,0,50,groundball_rp,
P4098,John,Doe,2005-09-22,72,184,Unknown,dark,blonde,beard,R,LF,,0,,,51,47,70,52,53,52,55,52,51,49,,,,,,,,,,,,77,60,87,69,53,0,0,52,72,63,,,,,,,,,,,,False,,,0,,,,,,0,50,,speed
P5168,John,Doe,2004-05-14,73,205,Unknown,light,black,clean_shaven,L,C,,0,,,54,53,52,52,49,52,50,49,49,50,,,,,,,,,,,,78,78,64,74,49,0,0,49,73,78,,,,,,,,,,,,False,,,0,,,,,,0,50,,balanced
P9783,John,Doe,2005-01-05,77,239,Unknown,dark,black,clean_shaven,L,1B,,0,,,55,58,50,52,48,52,44,49,49,51,,,,,,,,,,,,76,72,65,66,48,0,0,49,61,63,,,,,,,,,,,,False,,,0,,,,,,0,50,,gap
P2206,John,Doe,2005-09-13,77,207,Unknown,medium,black,clean_shaven,R,3B,,0,,,50,51,53,49,48,50,57,53,52,51,,,,,,,,,,,,68,62,79,67,48,0,0,53,78,68,,,,,,,,,,,,False,,,0,,,,,,0,50,,balanced
P8030,John,Doe,2007-07-05,68,222,Unknown,light,blonde,clean_shaven,S,RF,,0,,,50,60,48,50,49,49,55,47,49,51,,,,,,,,,,,,64,77,65,78,49,0,0,47,67,81,,,,,,,,,,,,False,,,0,,,,,,0,50,,power
P7253,John,Doe,2000-08-24,68,223,Unknown,dark,black,clean_shaven,R,P,,1,RP,CL,,,,,55,,,,50,50,47,50,52,50,52,0,0,67,0,0,0,,,,,0,,,,60,57,59,59,54,56,63,0,0,79,0,0,0,False,,,0,,,,,,0,50,closer,
P7244,John,Doe,2001-01-22,78,162,Unknown,light,red,beard,S,P,,1,RP,SP,,,,,52,,,,49,53,51,52,52,50,52,61,62,0,0,0,0,,,,,0,,,,64,58,64,64,64,59,57,69,70,0,0,0,0,False,,,0,,,,,,0,50,finesse_sp,
P5221,John,Doe,1995-08-08,78,234,Unknown,light,black,clean_shaven,R,P,,1,RP,SP,,,,,50,,,,53,51,51,53,52,48,50,63,63,0,0,56,0,,,,,0,,,,53,50,56,57,47,51,51,65,61,0,0,53,0,False,,,0,,,,,,0,50,finesse_sp,
P5816,John,Doe,1988-11-22,69,226,Unknown,dark,red,mustache,L,P,,1,RP,RP,,,,,50,,,,48,52,50,50,52,50,53,0,60,0,0,0,0,,,,,0,,,,44,44,46,49,46,45,49,0,50,0,0,0,0,False,,,0,,,,,,0,50,power_rp,
P4019,John,Doe,1990-11-05,75,177,Unknown,light,black,clean_shaven,R,P,,1,RP,SP,,,,,49,,,,52,50,50,50,54,49,52,60,63,0,0,0,0,,,,,0,,,,45,49,41,50,48,40,50,56,56,0,0,0,0,False,,,0,,,,,,0,50,finesse_sp,
P2508,John,Doe,1990-11-25,71,246,Unknown,light,black,beard,L,P,,1,RP,SP,,,,,25,,,,51,50,50,52,52,51,49,63,62,58,58,0,0,,,,,24,,,,49,44,47,43,50,49,45,53,61,51,53,0,0,False,,,0,,,,,,0,50,finesse_sp,
P2867,John,Doe,1992-06-02,71,244,Unknown,dark,black,clean_shaven,R,P,,1,RP,SP,,,,,51,,,,50,50,53,52,54,52,52,0,59,61,0,0,0,,,,,0,,,,45,48,44,50,50,46,51,0,57,52,0,0,0,False,,,0,,,,,,0,50,workhorse_sp,
P5946,John,Doe,1992-11-28,78,248,Unknown,dark,blonde,clean_shaven,L,P,,1,RP,SP,,,,,48,,,,49,48,50,52,52,51,53,63,60,59,0,0,0,,,,,0,,,,41,48,44,51,46,49,50,63,50,53,0,0,0,False,,,0,,,,,,0,50,balanced_sp,
P6506,John,Doe,2000-07-11,69,215,Unknown,light,black,mustache,L,P,,1,RP,SP,,,,,49,,,,52,50,52,52,52,50,50,59,62,60,0,0,0,,,,,0,,,,59,59,63,60,63,60,60,70,67,69,0,0,0,False,,,0,,,,,,0,50,balanced_sp,
P5377,John,Doe,1991-12-08,78,175,Unknown,medium,brown,clean_shaven,S,P,,1,RP,SP,,,,,52,,,,50,51,53,51,52,49,49,60,61,0,60,0,0,,,,,0,,,,48,42,46,50,52,41,41,59,61,0,59,0,0,False,,,0,,,,,,0,50,finesse_sp,
P5378,John,Doe,1994-11-02,72,166,Unknown,dark,brown,clean_shaven,R,P,,1,RP,SP,,,,,51,,,,47,50,52,53,52,48,49,61,60,58,58,0,0,,,,,0,,,,43,49,49,53,55,53,46,56,55,59,56,0,0,False,,,0,,,,,,0,50,groundball_sp,
P5245,John,Doe,1996-11-12,77,248,Unknown,dark,black,clean_shaven,R,C,,0,,,49,61,50,50,51,50,59,51,50,50,,,,,,,,,,,,45,62,48,53,51,0,0,51,48,49,,,,,,,,,,,,False,,,0,,,,,,0,50,,power
P4687,John,Doe,2001-11-24,74,245,Unknown,light,black,clean_shaven,L,1B,,0,,,52,64,52,49,51,53,44,49,48,48,,,,,,,,,,,,64,71,65,58,51,0,0,49,62,62,,,,,,,,,,,,False,,,0,,,,,,0,50,,power
P7469,John,Doe,1998-07-25,76,183,Unknown,medium,black,mustache,R,2B,,0,,,51,51,70,52,52,51,55,53,49,50,,,,,,,,,,,,56,56,77,60,52,0,0,53,60,58,,,,,,,,,,,,False,,,0,,,,,,0,50,,speed
P5424,John,Doe,1999-07-14,71,215,Unknown,light,blonde,beard,R,3B,1B,0,,,55,57,52,55,48,47,55,52,52,48,,,,,,,,,,,,69,63,60,64,48,0,0,52,67,55,,,,,,,,,,,,False,,,0,,,,,,0,50,,gap
P9668,John,Doe,2002-05-12,70,220,Unknown,dark,brown,goatee,R,SS,,0,,,60,51,53,54,51,51,58,51,51,53,,,,,,,,,,,,74,64,58,67,51,0,0,51,58,64,,,,,,,,,,,,False,,,0,,,,,,0,50,,spray
P2866,John,Doe,1991-04-05,70,195,Unknown,dark,blonde,clean_shaven,R,LF,,0,,,53,53,50,53,51,48,55,52,48,51,,,,,,,,,,,,50,48,45,53,51,0,0,52,38,46,,,,,,,,,,,,False,,,0,,,,,,0,50,,gap
P3332,John,Doe,2000-08-16,68,211,Unknown,light,black,beard,L,CF,,0,,,49,50,85,50,49,50,47,51,52,51,,,,,,,,,,,,60,61,91,63,49,0,0,51,61,66,,,,,,,,,,,,False,,,0,,,,,,0,50,,elite_speed
P3205,John,Doe,1989-06-16,69,180,Unknown,light,brown,mustache,R,RF,,0,,,54,53,51,51,47,50,57,50,47,49,,,,,,,,,,,,45,53,50,47,47,0,0,50,40,44,,,,,,,,,,,,False,,,0,,,,,,0,50,,balanced
P2238,John,Doe,1989-01-16,71,171,Unknown,dark,black,mustache,R,C,,0,,,60,48,52,52,50,48,59,51,51,48,,,,,,,,,,,,50,41,49,49,50,0,0,51,43,45,,,,,,,,,,,,False,,,0,,,,,,0,50,,spray
P1398,John,Doe,1988-12-20,75,205,Unknown,light,brown,clean_shaven,R,2B,,0,,,63,48,51,55,53,47,55,49,48,51,,,,,,,,,,,,62,46,50,54,53,0,0,49,39,45,,,,,,,,,,,,False,,,0,,,,,,0,50,,spray
P3598,John,Doe,1999-01-15,71,216,Unknown,dark,black,clean_shaven,L,LF,,0,,,59,51,54,52,49,50,51,53,52,52,,,,,,,,,,,,68,59,65,61,49,0,0,53,61,62,,,,,,,,,,,,False,,,0,,,,,,0,50,,spray
P1508,John,Doe,1997-03-02,78,237,Unknown,medium,brown,goatee,R,LF,,0,,,52,51,51,50,51,49,57,52,51,50,,,,,,,,,,,,52,52,55,52,51,0,0,52,49,52,,,,,,,,,,,,False,,,0,,,,,,0,50,,average
P8911,John,Doe,2002-03-10,74,223,Unknown,medium,brown,clean_shaven,R,2B,,0,,,49,49,51,49,53,51,55,53,52,50,,,,,,,,,,,,54,54,59,63,53,0,0,53,58,56,,,,,,,,,,,,False,,,0,,,,,,0,50,,average
P2948,John,Doe,1991-07-12,78,173,Unknown,dark,black,clean_shaven,R,CF,,0,,,51,51,52,52,51,52,50,51,49,50,,,,,,,,,,,,50,51,45,50,51,0,0,51,42,47,,,,,,,,,,,,False,,,0,,,,,,0,50,,balanced
P9122,John,Doe,1999-01-22,69,190,Unknown,dark,blonde,clean_shaven,L,P,,1,RP,CL,,,,,55,,,,50,53,49,50,52,53,53,0,58,65,0,0,0,,,,,0,,,,57,63,63,64,57,60,65,0,66,80,0,0,0,False,,,0,,,,,,0,50,closer,
P9868,John,Doe,1988-12-07,70,193,Unknown,dark,black,clean_shaven,S,P,,1,RP,SP,,,,,48,,,,50,51,51,53,52,49,53,62,60,61,58,0,0,,,,,0,,,,48,42,53,52,42,49,46,54,50,52,57,0,0,False,,,0,,,,,,0,50,balanced_sp,
P6220,John,Doe,1990-01-17,68,220,Unknown,light,black,clean_shaven,L,P,,1,RP,RP,,,,,53,,,,50,52,51,52,52,50,51,62,59,0,0,0,0,,,,,0,,,,50,46,52,51,42,44,48,56,52,0,0,0,0,False,,,0,,,,,,0,50,finesse_rp,
P2140,John,Doe,1995-09-01,72,241,Unknown,dark,brown,goatee,R,P,,1,RP,RP,,,,,53,,,,51,50,50,50,52,49,49,59,59,0,0,0,0,,,,,0,,,,56,46,49,48,50,54,49,61,56,0,0,0,0,False,,,0,,,,,,0,50,finesse_rp,
P5226,John,Doe,2002-02-12,69,226,Unknown,light,brown,clean_shaven,R,P,,1,RP,SP,,,,,50,,,,51,54,53,52,52,49,53,0,60,63,0,0,0,,,,,0,,,,59,63,65,60,66,59,66,0,70,68,0,0,0,False,,,0,,,,,,0,50,power_sp,
P3567,John,Doe,1997-05-17,68,223,Unknown,medium,brown,mustache,R,P,,1,RP,RP,,,,,53,,,,50,52,51,51,52,49,51,0,59,0,64,0,0,,,,,0,,,,53,47,46,47,51,52,54,0,59,0,63,0,0,False,,,0,,,,,,0,50,groundball_rp,
P9408,John,Doe,1998-07-14,75,192,Unknown,light,brown,clean_shaven,S,P,,1,RP,SP,,,,,48,,,,50,52,53,50,54,51,52,0,61,59,0,0,0,,,,,0,,,,63,67,59,59,60,63,62,0,67,73,0,0,0,False,,,0,,,,,,0,50,workhorse_sp,
P7856,John,Doe,2004-11-05,76,222,Unknown,medium,black,mustache,S,3B,,0,,,59,50,50,53,50,48,56,52,48,50,,,,,,,,,,,,89,71,74,76,50,0,0,52,69,63,,,,,,,,,,,,False,,,0,,,,,,0,50,,spray
P8597,John,Doe,2001-12-01,77,193,Unknown,light,brown,mustache,R,LF,,0,,,63,53,50,52,51,51,58,50,50,50,,,,,,,,,,,,78,63,58,57,51,0,0,50,59,62,,,,,,,,,,,,False,,,0,,,,,,0,50,,spray
P6355,John,Doe,2004-06-14,70,223,Unknown,light,black,beard,R,SS,,0,,,59,48,72,53,49,50,58,53,53,50,,,,,,,,,,,,83,76,99,72,49,0,0,53,78,66,,,,,,,,,,,,False,,,0,,,,,,0,50,,spray
P2510,John,Doe,1993-10-01,73,175,Unknown,dark,black,clean_shaven,L,1B,,0,,,49,64,47,50,48,53,43,48,48,49,,,,,,,,,,,,41,61,43,49,48,0,0,48,38,39,,,,,,,,,,,,False,,,0,,,,,,0,50,,power
P8858,John,Doe,2002-03-08,70,197,Unknown,dark,black,clean_shaven,R,3B,,0,,,51,51,95,50,48,51,57,48,52,49,,,,,,,,,,,,62,64,99,59,48,0,0,48,58,55,,,,,,,,,,,,False,,,0,,,,,,0,50,,speed
P3991,John,Doe,1991-02-06,74,233,Unknown,medium,black,goatee,R,2B,,0,,,50,52,52,51,52,51,58,51,48,50,,,,,,,,,,,,40,51,42,47,52,0,0,51,39,44,,,,,,,,,,,,False,,,0,,,,,,0,50,,balanced
P5896,John,Doe,1993-03-06,73,248,Unknown,light,black,clean_shaven,R,2B,,0,,,52,50,70,53,54,52,55,49,48,49,,,,,,,,,,,,47,43,68,48,54,0,0,49,45,42,,,,,,,,,,,,False,,,0,,,,,,0,50,,speed
P3352,John,Doe,1993-04-26,76,213,Unknown,medium,black,clean_shaven,L,1B,,0,,,48,60,50,48,49,54,46,49,53,49,,,,,,,,,,,,43,56,40,39,49,0,0,49,48,42,,,,,,,,,,,,False,,,0,,,,,,0,50,,power
P1519,John,Doe,2005-06-02,70,225,Unknown,medium,black,clean_shaven,R,P,,1,RP,CL,,,,,55,,,,53,52,51,50,52,51,51,57,0,65,0,0,0,,,,,0,,,,66,75,76,69,68,79,62,76,0,95,0,0,0,False,,,0,,,,,,0,50,closer,
P7633,John,Doe,2004-10-08,69,211,Unknown,dark,red,clean_shaven,L,P,,1,RP,SP,,,,,48,,,,49,51,50,50,52,48,54,61,61,62,0,0,0,,,,,0,,,,78,75,67,62,68,58,67,78,72,88,0,0,0,False,,,0,,,,,,0,50,workhorse_sp,
P8078,John,Doe,2004-08-30,68,229,Unknown,dark,black,clean_shaven,L,P,,1,RP,SP,,,,,49,,,,53,52,53,52,52,48,49,59,58,0,0,0,0,,,,,0,,,,67,63,63,66,69,72,67,75,75,0,0,0,0,False,,,0,,,,,,0,50,workhorse_sp,
P1405,John,Doe,2007-11-14,74,247,Unknown,medium,brown,beard,R,P,,1,RP,SP,,,,,48,,,,48,50,51,53,52,51,50,63,61,0,58,56,0,,,,,0,,,,78,66,75,74,61,76,70,90,88,0,87,71,0,False,,,0,,,,,,0,50,finesse_sp,
P3175,John,Doe,2007-03-11,74,192,Unknown,light,brown,clean_shaven,S,P,,1,RP,SP,,,,,52,,,,51,52,52,50,54,48,53,58,0,0,62,0,0,,,,,0,,,,69,75,79,64,69,72,70,84,0,0,83,0,0,False,,,0,,,,,,0,50,groundball_sp,
P2094,John,Doe,2004-07-24,71,206,Unknown,light,blonde,clean_shaven,S,2B,,0,,,57,51,49,51,51,50,50,52,53,49,,,,,,,,,,,,86,62,67,78,51,0,0,52,69,74,,,,,,,,,,,,False,,,0,,,,,,0,50,,spray
P8712,John,Doe,2006-06-24,72,160,Unknown,dark,black,clean_shaven,R,3B,,0,,,48,53,53,50,48,50,58,52,51,49,,,,,,,,,,,,62,77,82,80,48,0,0,52,72,64,,,,,,,,,,,,False,,,0,,,,,,0,50,,balanced
P7786,John,Doe,2005-04-16,77,183,Unknown,dark,black,clean_shaven,S,RF,,0,,,52,60,51,52,47,54,52,50,49,50,,,,,,,,,,,,67,76,73,71,47,0,0,50,76,77,,,,,,,,,,,,False,,,0,,,,,,0,50,,power
P2833,John,Doe,2004-11-03,74,225,Unknown,medium,brown,clean_shaven,L,1B,,0,,,50,57,53,49,51,53,44,50,51,49,,,,,,,,,,,,78,68,82,75,51,0,0,50,75,64,,,,,,,,,,,,False,,,0,,,,,,0,50,,balanced
P3050,John,Doe,2004-08-24,70,180,Unknown,dark,brown,clean_shaven,R,C,RF,0,,,52,53,51,53,49,52,59,48,53,51,,,,,,,,,,,,69,63,65,76,49,0,0,48,82,65,,,,,,,,,,,,False,,,0,,,,,,0,50,,gap
P4499,John,Doe,1989-04-10,68,246,Unknown,medium,black,clean_shaven,R,P,,1,RP,CL,,,,,55,,,,52,52,51,50,52,50,56,58,61,65,0,0,0,,,,,0,,,,47,50,43,52,45,50,50,50,61,62,0,0,0,False,,,0,,,,,,0,50,closer,
P4174,John,Doe,1998-04-23,73,249,Unknown,medium,red,mustache,R,P,,1,RP,LR,,,,,53,,,,48,52,49,51,52,52,53,61,59,66,0,0,0,,,,,0,,,,60,64,60,57,58,64,63,74,73,76,0,0,0,False,,,0,,,,,,0,50,long_relief,
P9960,John,Doe,1991-11-22,69,220,Unknown,dark,black,clean_shaven,L,P,,1,RP,CL,,,,,53,,,,48,51,49,50,52,49,51,59,61,65,0,0,0,,,,,0,,,,46,44,44,42,49,42,42,58,60,59,0,0,0,False,,,0,,,,,,0,50,closer,
P1859,John,Doe,2004-10-06,71,225,Unknown,dark,black,clean_shaven,R,P,,1,RP,SP,,,,,49,,,,52,51,52,50,54,49,50,0,61,0,61,0,0,,,,,0,,,,62,75,73,84,62,72,70,0,87,0,89,0,0,False,,,0,,,,,,0,50,groundball_sp,
P9499,John,Doe,2000-09-07,76,173,Unknown,light,brown,clean_shaven,R,P,,1,RP,LR,,,,,49,,,,52,53,52,50,52,49,51,59,61,64,0,0,0,,,,,0,,,,65,58,55,60,64,60,59,71,74,77,0,0,0,False,,,0,,,,,,0,50,long_relief,
P7741,John,Doe,1989-12-23,77,201,Unknown,light,black,goatee,S,P,,1,RP,RP,,,,,39,,,,52,53,51,53,52,49,56,0,62,63,0,0,0,,,,,39,,,,52,45,48,48,44,47,55,0,53,62,0,0,0,False,,,0,,,,,,0,50,power_rp,
P9698,John,Doe,2002-08-22,73,224,Unknown,medium,black,clean_shaven,R,P,,1,RP,CL,,,,,53,,,,52,52,47,53,53,51,54,0,60,67,0,0,0,,,,,0,,,,60,59,63,67,61,64,67,0,69,79,0,0,0,False,,,0,,,,,,0,50,closer,
P5680,John,Doe,1996-04-16,75,205,Unknown,dark,black,clean_shaven,R,P,,1,RP,SP,,,,,48,,,,49,53,54,50,53,48,51,0,59,63,0,0,0,,,,,0,,,,44,51,46,55,58,47,52,0,63,62,0,0,0,False,,,0,,,,,,0,50,power_sp,
P5235,John,Doe,2004-01-10,74,188,Unknown,medium,brown,clean_shaven,L,P,,1,RP,SP,,,,,51,,,,48,51,52,52,52,48,53,0,59,61,0,0,0,,,,,0,,,,55,62,58,66,67,62,61,0,66,68,0,0,0,False,,,0,,,,,,0,50,power_sp,
P4479,John,Doe,1992-03-07,78,242,Unknown,light,blonde,beard,R,P,,1,RP,SP,,,,,52,,,,49,54,53,50,52,49,53,58,61,61,0,56,0,,,,,0,,,,43,51,43,43,48,49,45,51,51,58,0,46,0,False,,,0,,,,,,0,50,power_sp,
P1918,John,Doe,2002-02-06,72,175,Unknown,medium,black,clean_shaven,S,P,,1,RP,RP,,,,,51,,,,52,51,51,52,53,49,50,60,63,0,0,56,0,,,,,0,,,,64,60,57,61,58,58,65,72,71,0,0,65,0,False,,,0,,,,,,0,50,finesse_rp,
P9495,John,Doe,2005-01-24,75,204,Unknown,medium,black,clean_shaven,R,C,,0,,,50,50,51,49,50,51,59,52,48,51,,,,,,,,,,,,78,75,66,75,50,0,0,52,64,75,,,,,,,,,,,,False,,,0,,,,,,0,50,,average
P3801,John,Doe,1995-10-07,77,212,Unknown,light,brown,clean_shaven,L,1B,,0,,,51,58,52,49,51,51,45,49,52,49,,,,,,,,,,,,53,54,53,50,51,0,0,49,48,50,,,,,,,,,,,,False,,,0,,,,,,0,50,,power
P9141,John,Doe,1988-08-23,76,246,Unknown,medium,red,mustache,R,2B,,0,,,53,49,49,52,49,48,55,50,52,48,,,,,,,,,,,,51,42,48,48,49,0,0,50,42,43,,,,,,,,,,,,False,,,0,,,,,,0,50,,balanced
P3921,John,Doe,1991-03-31,71,249,Unknown,dark,blonde,clean_shaven,R,3B,,0,,,63,51,51,51,53,49,59,52,48,48,,,,,,,,,,,,53,49,41,51,53,0,0,52,39,48,,,,,,,,,,,,False,,,0,,,,,,0,50,,spray
P5010,John,Doe,2001-11-28,76,193,Unknown,dark,black,beard,R,SS,,0,,,50,47,87,51,53,50,61,52,49,50,,,,,,,,,,,,59,58,99,65,53,0,0,52,57,59,,,,,,,,,,,,False,,,0,,,,,,0,50,,elite_speed
P9803,John,Doe,1992-08-12,73,243,Unknown,light,brown,beard,R,LF,,0,,,50,60,50,50,48,52,57,50,53,49,,,,,,,,,,,,48,53,50,40,48,0,0,50,49,40,,,,,,,,,,,,False,,,0,,,,,,0,50,,power
P7603,John,Doe,2000-10-22,74,237,Unknown,medium,black,clean_shaven,L,CF,,0,,,53,62,49,52,51,52,50,51,50,50,,,,,,,,,,,,59,71,58,65,51,0,0,51,55,63,,,,,,,,,,,,False,,,0,,,,,,0,50,,power
P1735,John,Doe,1989-05-23,74,205,Unknown,medium,brown,beard,L,RF,LF,0,,,51,59,51,51,47,53,47,52,51,51,,,,,,,,,,,,41,57,44,42,47,0,0,52,43,46,,,,,,,,,,,,False,,,0,,,,,,0,50,,power
P5062,John,Doe,1989-03-06,78,195,Unknown,medium,black,goatee,L,C,,0,,,51,53,49,50,51,48,48,51,52,49,,,,,,,,,,,,44,48,43,42,51,0,0,51,52,40,,,,,,,,,,,,False,,,0,,,,,,0,50,,balanced
P7475,John,Doe,1993-04-29,72,195,Unknown,medium,brown,clean_shaven,R,LF,,0,,,53,51,72,54,51,49,57,51,49,53,,,,,,,,,,,,53,43,66,45,51,0,0,51,41,52,,,,,,,,,,,,False,,,0,,,,,,0,50,,speed
P2270,John,Doe,2001-03-30,74,209,Unknown,dark,brown,clean_shaven,R,SS,,0,,,59,52,50,51,50,51,57,49,50,51,,,,,,,,,,,,65,57,62,59,50,0,0,49,63,60,,,,,,,,,,,,False,,,0,,,,,,0,50,,spray
P5637,John,Doe,1998-05-03,73,164,Unknown,dark,brown,clean_shaven,R,RF,,0,,,53,50,70,52,50,51,53,47,51,50,,,,,,,,,,,,61,63,77,58,50,0,0,47,65,59,,,,,,,,,,,,False,,,0,,,,,,0,50,,speed
P1813,John,Doe,1994-12-26,68,191,Unknown,medium,brown,clean_shaven,L,C,,0,,,53,51,52,52,51,49,49,53,50,51,,,,,,,,,,,,55,52,51,47,51,0,0,53,53,50,,,,,,,,,,,,False,,,0,,,,,,0,50,,balanced
P3007,John,Doe,1997-05-26,73,219,Unknown,dark,brown,clean_shaven,R,1B,,0,,,52,59,51,50,49,49,57,49,47,51,,,,,,,,,,,,48,61,54,52,49,0,0,49,47,54,,,,,,,,,,,,False,,,0,,,,,,0,50,,gap
P2175,John,Doe,1989-07-29,74,219,Unknown,medium,brown,beard,L,P,,1,RP,CL,,,,,55,,,,53,50,47,50,52,50,54,59,0,66,0,0,0,,,,,0,,,,46,46,41,45,38,45,45,52,0,63,0,0,0,False,,,0,,,,,,0,50,closer,
P7397,John,Doe,1995-08-29,72,178,Unknown,dark,black,clean_shaven,L,P,,1,RP,SP,,,,,50,,,,52,48,53,50,52,49,52,59,60,59,60,0,0,,,,,0,,,,49,48,46,48,51,50,56,64,63,56,62,0,0,False,,,0,,,,,,0,50,groundball_sp,
P5906,John,Doe,1991-02-27,70,229,Unknown,light,brown,clean_shaven,R,P,,1,RP,SP,,,,,49,,,,49,50,51,51,53,51,50,61,60,0,0,0,0,,,,,0,,,,43,40,42,48,48,43,46,57,56,0,0,0,0,False,,,0,,,,,,0,50,finesse_sp,
P5128,John,Doe,1989-02-13,77,172,Unknown,medium,black,beard,S,P,,1,RP,RP,,,,,49,,,,50,52,51,51,54,49,53,0,62,63,0,0,0,,,,,0,,,,47,50,45,48,43,39,47,0,52,55,0,0,0,False,,,0,,,,,,0,50,power_rp,
P3041,John,Doe,1999-01-26,68,164,Unknown,medium,brown,clean_shaven,R,P,,1,RP,SP,,,,,52,,,,49,48,53,51,52,51,51,61,62,62,0,0,0,,,,,0,,,,62,58,66,63,65,65,64,71,77,70,0,0,0,False,,,0,,,,,,0,50,finesse_sp,
P2225,John,Doe,1988-12-16,74,210,Unknown,light,blonde,mustache,L,P,,1,RP,RP,,,,,52,,,,48,50,53,52,52,51,52,0,62,66,0,0,0,,,,,0,,,,45,50,46,44,44,44,47,0,55,66,0,0,0,False,,,0,,,,,,0,50,power_rp,
P3131,John,Doe,1998-01-17,70,241,Unknown,medium,brown,clean_shaven,R,P,,1,RP,SP,,,,,50,,,,48,52,53,52,52,52,54,60,61,58,0,0,0,,,,,0,,,,50,53,53,53,50,54,53,55,56,59,0,0,0,False,,,0,,,,,,0,50,balanced_sp,
P1255,John,Doe,1988-01-19,68,244,Unknown,dark,blonde,clean_shaven,R,RF,,0,,,50,52,53,50,47,51,54,50,52,53,,,,,,,,,,,,45,45,49,44,47,0,0,50,51,53,,,,,,,,,,,,False,,,0,,,,,,0,50,,balanced
P3156,John,Doe,1997-03-12,74,167,Unknown,medium,black,goatee,R,RF,,0,,,59,48,51,49,53,49,58,51,49,49,,,,,,,,,,,,61,52,52,44,53,0,0,51,53,48,,,,,,,,,,,,False,,,0,,,,,,0,50,,spray
P4289,John,Doe,1987-09-24,68,171,Unknown,light,brown,mustache,R,C,,0,,,52,53,49,51,49,49,58,51,49,50,,,,,,,,,,,,44,47,48,46,49,0,0,51,46,46,,,,,,,,,,,,False,,,0,,,,,,0,50,,average
P7046,John,Doe,2004-04-02,71,208,Unknown,light,black,clean_shaven,R,LF,1B,0,,,53,55,50,51,47,51,56,51,50,49,,,,,,,,,,,,67,84,66,66,47,0,0,51,68,61,,,,,,,,,,,,False,,,0,,,,,,0,50,,gap
P9921,John,Doe,1995-04-10,76,177,Unknown,medium,red,clean_shaven,L,1B,,0,,,49,59,48,49,49,54,49,52,52,50,,,,,,,,,,,,49,55,50,44,49,0,0,52,49,51,,,,,,,,,,,,False,,,0,,,,,,0,50,,power
P8608,John,Doe,1992-12-14,69,220,Unknown,dark,black,clean_shaven,L,RF,,0,,,50,48,50,49,50,50,51,47,50,50,,,,,,,,,,,,43,42,46,49,50,0,0,47,43,44,,,,,,,,,,,,False,,,0,,,,,,0,50,,average
P9634,John,Doe,2005-01-21,75,211,Unknown,light,brown,clean_shaven,S,LF,,0,,,51,61,46,49,50,52,53,50,53,52,,,,,,,,,,,,61,77,59,69,50,0,0,50,79,76,,,,,,,,,,,,False,,,0,,,,,,0,50,,power
P4424,John,Doe,1989-10-12,74,239,Unknown,light,black,beard,R,LF,,0,,,60,64,51,51,48,52,59,50,49,49,,,,,,,,,,,,51,58,46,42,48,0,0,50,46,41,,,,,,,,,,,,False,,,0,,,,,,0,50,,gap
P5964,John,Doe,2004-03-14,77,171,Unknown,medium,blonde,beard,L,P,,1,RP,CL,,,,,55,,,,49,52,48,51,53,52,55,0,58,66,0,0,0,,,,,0,,,,66,72,76,69,75,73,83,0,85,80,0,0,0,False,,,0,,,,,,0,50,closer,
P6595,John,Doe,2004-11-11,76,194,Unknown,medium,brown,clean_shaven,L,P,,1,RP,SP,,,,,53,,,,49,51,53,53,53,53,53,0,0,58,59,0,0,,,,,0,,,,59,62,64,71,69,80,75,0,0,78,71,0,0,False,,,0,,,,,,0,50,groundball_sp,
P5126,John,Doe,2007-06-11,73,211,Unknown,light,blonde,clean_shaven,R,P,,1,RP,RP,,,,,51,,,,50,51,49,50,52,49,49,57,60,0,0,55,0,,,,,0,,,,65,72,75,79,68,69,78,87,86,0,0,83,0,False,,,0,,,,,,0,50,finesse_rp,
P6597,John,Doe,2007-12-06,72,162,Unknown,medium,brown,beard,R,P,,1,RP,SP,,,,,48,,,,51,52,53,51,53,52,52,0,63,63,0,56,0,,,,,0,,,,65,69,72,80,82,68,66,0,86,86,0,76,0,False,,,0,,,,,,0,50,power_sp,
P3954,John,Doe,2005-01-31,78,165,Unknown,medium,brown,clean_shaven,R,P,,1,RP,LR,,,,,54,,,,53,50,53,53,54,51,48,0,60,66,0,0,0,,,,,0,,,,80,70,74,84,82,76,68,0,78,84,0,0,0,False,,,0,,,,,,0,50,long_relief,
P7197,John,Doe,2004-06-18,69,230,Unknown,light,brown,beard,R,SS,2B,0,,,48,51,86,49,50,50,57,52,49,52,,,,,,,,,,,,75,78,99,70,50,0,0,52,63,67,,,,,,,,,,,,False,,,0,,,,,,0,50,,elite_speed
P9265,John,Doe,2005-01-27,75,234,Unknown,dark,black,clean_shaven,R,RF,,0,,,52,60,50,49,52,50,50,52,52,51,,,,,,,,,,,,69,79,66,79,52,0,0,52,82,81,,,,,,,,,,,,False,,,0,,,,,,0,50,,power
P5332,John,Doe,2005-03-22,78,191,Unknown,medium,black,mustache,R,RF,,0,,,50,56,49,51,49,52,50,52,52,48,,,,,,,,,,,,71,84,59,80,49,0,0,52,78,76,,,,,,,,,,,,False,,,0,,,,,,0,50,,power
P7405,John,Doe,2006-08-20,69,170,Unknown,medium,blonde,clean_shaven,R,C,,0,,,51,52,51,52,51,52,56,50,50,50,,,,,,,,,,,,81,81,75,64,51,0,0,50,63,67,,,,,,,,,,,,False,,,0,,,,,,0,50,,average
P8396,John,Doe,2005-02-23,76,161,Unknown,light,blonde,clean_shaven,S,RF,,0,,,53,49,52,52,50,53,47,50,52,50,,,,,,,,,,,,74,73,75,71,50,0,0,50,73,75,,,,,,,,,,,,False,,,0,,,,,,0,50,,average
P5728,John,Doe,1993-11-08,77,245,Unknown,medium,black,beard,L,P,,1,RP,CL,,,,,55,,,,53,54,49,52,52,53,53,0,61,67,0,0,0,,,,,0,,,,52,54,44,44,43,49,49,0,58,63,0,0,0,False,,,0,,,,,,0,50,closer,
P1055,John,Doe,1991-11-06,68,225,Unknown,dark,red,clean_shaven,R,P,,1,RP,SP,,,,,52,,,,52,52,51,51,52,48,51,61,60,59,0,0,0,,,,,0,,,,52,49,49,50,46,41,41,52,58,53,0,0,0,False,,,0,,,,,,0,50,balanced_sp,
P5778,John,Doe,2001-05-14,75,201,Unknown,light,blonde,goatee,R,P,,1,RP,SP,,,,,51,,,,51,51,53,50,52,49,51,60,62,0,57,0,0,,,,,0,,,,63,60,65,59,61,57,56,74,72,0,62,0,0,False,,,0,,,,,,0,50,groundball_sp,
P2372,John,Doe,2002-06-16,76,226,Unknown,light,black,clean_shaven,R,P,,1,RP,SP,,,,,51,,,,49,52,54,51,52,48,53,62,61,58,0,57,0,,,,,0,,,,59,66,61,66,68,57,65,69,70,73,0,67,0,False,,,0,,,,,,0,50,balanced_sp,
P5847,John,Doe,1995-07-27,76,223,Unknown,light,brown,clean_shaven,R,P,,1,RP,SP,,,,,51,,,,51,48,52,51,52,53,52,58,64,0,58,0,0,,,,,0,,,,55,48,46,55,48,53,54,58,62,0,56,0,0,False,,,0,,,,,,0,50,finesse_sp,
P7877,John,Doe,1992-01-16,75,240,Unknown,medium,black,beard,L,P,,1,RP,SP,,,,,50,,,,49,49,54,53,52,50,51,61,59,62,58,0,0,,,,,0,,,,45,39,45,51,49,43,44,54,49,58,48,0,0,False,,,0,,,,,,0,50,finesse_sp,
P3723,John,Doe,1995-11-11,73,202,Unknown,light,black,clean_shaven,R,P,,1,RP,SP,,,,,51,,,,49,49,53,51,53,53,51,60,64,61,0,0,0,,,,,0,,,,44,49,52,51,53,57,53,63,69,56,0,0,0,False,,,0,,,,,,0,50,finesse_sp,
P7607,John,Doe,1992-12-19,68,180,Unknown,light,black,clean_shaven,L,P,,1,RP,RP,,,,,51,,,,52,50,48,51,54,49,50,0,62,67,0,0,0,,,,,0,,,,45,44,45,47,48,44,47,0,57,61,0,0,0,False,,,0,,,,,,0,50,power_rp,
P2808,John,Doe,1990-08-31,77,170,Unknown,medium,black,clean_shaven,L,P,,1,RP,SP,,,,,48,,,,48,54,54,50,52,52,52,0,64,60,57,55,0,,,,,0,,,,42,45,47,45,52,50,46,0,61,57,57,49,0,False,,,0,,,,,,0,50,power_sp,
P7314,John,Doe,2003-01-11,76,240,Unknown,light,black,clean_shaven,L,P,,1,RP,RP,,,,,54,,,,52,48,52,53,52,53,53,59,62,0,0,0,0,,,,,0,,,,65,62,67,65,64,60,60,74,73,0,0,0,0,False,,,0,,,,,,0,50,finesse_rp,
P2769,John,Doe,1998-03-04,75,228,Unknown,light,brown,clean_shaven,L,P,,1,RP,RP,,,,,57,,,,51,53,50,51,52,49,52,0,60,0,63,0,0,,,,,0,,,,58,59,59,58,58,61,63,0,75,0,71,0,0,False,,,0,,,,,,0,50,groundball_rp,
P1276,John,Doe,2002-08-22,70,210,Unknown,dark,blonde,goatee,R,C,3B,0,,,53,53,53,52,50,51,55,53,53,50,,,,,,,,,,,,67,64,68,66,50,0,0,53,62,58,,,,,,,,,,,,False,,,0,,,,,,0,50,,gap
P7201,John,Doe,1997-09-30,75,172,Unknown,medium,brown,beard,L,1B,,0,,,65,54,53,52,53,50,44,49,50,51,,,,,,,,,,,,67,52,51,54,53,0,0,49,46,51,,,,,,,,,,,,False,,,0,,,,,,0,50,,spray
P8037,John,Doe,2003-05-13,78,160,Unknown,light,blonde,mustache,S,2B,,0,,,59,52,48,53,51,49,52,51,51,51,,,,,,,,,,,,68,65,59,62,51,0,0,51,56,62,,,,,,,,,,,,False,,,0,,,,,,0,50,,spray
P7516,John,Doe,1997-12-08,71,219,Unknown,light,brown,beard,R,3B,,0,,,51,53,50,52,51,53,56,49,50,49,,,,,,,,,,,,50,53,45,51,51,0,0,49,53,46,,,,,,,,,,,,False,,,0,,,,,,0,50,,average
P7627,John,Doe,2001-07-11,78,231,Unknown,dark,black,clean_shaven,R,SS,,0,,,63,62,53,53,48,48,56,49,47,51,,,,,,,,,,,,68,72,67,66,48,0,0,49,61,65,,,,,,,,,,,,False,,,0,,,,,,0,50,,gap
P7673,John,Doe,1999-06-20,72,243,Unknown,dark,brown,clean_shaven,S,LF,,0,,,53,52,52,52,52,49,52,53,53,50,,,,,,,,,,,,60,60,58,57,52,0,0,53,65,55,,,,,,,,,,,,False,,,0,,,,,,0,50,,balanced
P3973,John,Doe,2000-11-03,70,194,Unknown,dark,black,clean_shaven,R,CF,,0,,,50,54,53,51,52,49,56,50,48,50,,,,,,,,,,,,61,65,62,62,52,0,0,50,55,63,,,,,,,,,,,,False,,,0,,,,,,0,50,,balanced
P2119,John,Doe,1988-08-05,78,204,Unknown,medium,black,clean_shaven,R,RF,,0,,,52,51,50,50,52,50,56,49,52,51,,,,,,,,,,,,46,46,43,46,52,0,0,49,42,45,,,,,,,,,,,,False,,,0,,,,,,0,50,,balanced
P2692,John,Doe,2003-10-12,73,222,Unknown,medium,brown,clean_shaven,R,SS,,0,,,52,52,54,51,51,49,56,49,49,50,,,,,,,,,,,,64,58,65,65,51,0,0,49,54,61,,,,,,,,,,,,False,,,0,,,,,,0,50,,balanced
P8497,John,Doe,2003-02-19,75,199,Unknown,light,brown,clean_shaven,L,1B,,0,,,51,53,49,50,52,49,49,50,50,48,,,,,,,,,,,,58,66,54,56,52,0,0,50,63,56,,,,,,,,,,,,False,,,0,,,,,,0,50,,average
P4634,John,Doe,2004-04-02,71,187,Unknown,light,black,clean_shaven,R,2B,,0,,,49,47,48,50,50,51,57,53,52,52,,,,,,,,,,,,63,77,62,71,50,0,0,53,73,77,,,,,,,,,,,,False,,,0,,,,,,0,50,,average
P5379,John,Doe,1987-12-03,77,216,Unknown,medium,black,beard,R,2B,,0,,,63,51,50,57,49,47,59,50,51,53,,,,,,,,,,,,58,46,46,49,49,0,0,50,46,45,,,,,,,,,,,,False,,,0,,,,,,0,50,,spray
P3431,John,Doe,1999-07-03,77,162,Unknown,dark,blonde,beard,S,1B,,0,,,51,62,50,49,52,54,52,51,49,48,,,,,,,,,,,,60,69,61,61,52,0,0,51,64,54,,,,,,,,,,,,False,,,0,,,,,,0,50,,power
P8848,John,Doe,1990-08-23,71,189,Unknown,light,black,beard,R,C,,0,,,48,50,47,49,48,49,59,51,52,50,,,,,,,,,,,,41,41,45,45,48,0,0,51,46,43,,,,,,,,,,,,False,,,0,,,,,,0,50,,average
P6995,John,Doe,2002-01-05,74,202,Unknown,medium,blonde,clean_shaven,S,P,,1,RP,CL,,,,,55,,,,52,50,50,50,53,52,52,56,0,66,0,0,0,,,,,0,,,,62,60,56,67,57,62,61,69,0,76,0,0,0,False,,,0,,,,,,0,50,closer,
P7688,John,Doe,1999-03-20,72,172,Unknown,light,black,mustache,R,P,,1,RP,RP,,,,,52,,,,52,51,49,50,52,53,53,60,62,0,0,54,0,,,,,0,,,,58,57,56,66,59,65,66,69,76,0,0,68,0,False,,,0,,,,,,0,50,finesse_rp,
P7372,John,Doe,1994-11-29,71,201,Unknown,light,black,clean_shaven,S,P,,1,RP,SP,,,,,51,,,,52,51,53,50,52,49,52,0,63,58,57,54,0,,,,,0,,,,48,46,50,47,52,46,49,0,62,55,55,52,0,False,,,0,,,,,,0,50,power_sp,
P3761,John,Doe,2003-07-26,70,211,Unknown,medium,brown,clean_shaven,L,P,,1,RP,RP,,,,,53,,,,50,53,51,50,53,48,52,0,60,64,0,0,0,,,,,0,,,,57,58,56,66,63,54,58,0,72,71,0,0,0,False,,,0,,,,,,0,50,power_rp,
P9819,John,Doe,1990-08-09,72,231,Unknown,light,brown,mustache,R,P,,1,RP,RP,,,,,53,,,,48,50,48,52,52,51,50,0,0,66,63,0,0,,,,,0,,,,45,43,47,42,41,45,42,0,0,61,61,0,0,False,,,0,,,,,,0,50,groundball_rp,
P4491,John,Doe,1996-03-05,75,161,Unknown,medium,black,clean_shaven,L,P,,1,RP,RP,,,,,53,,,,50,52,48,50,52,50,51,0,0,0,63,0,0,,,,,0,,,,47,56,54,57,53,48,49,0,0,0,68,0,0,False,,,0,,,,,,0,50,groundball_rp,
P6358,John,Doe,2000-02-02,72,193,Unknown,medium,black,clean_shaven,R,P,,1,RP,SP,,,,,50,,,,49,48,49,52,52,53,53,62,59,60,61,0,0,,,,,0,,,,56,63,67,66,56,62,59,72,73,68,70,0,0,False,,,0,,,,,,0,50,groundball_sp,
P8382,John,Doe,2004-11-14,74,242,Unknown,light,black,clean_shaven,R,SS,,0,,,49,51,49,50,50,51,61,49,50,50,,,,,,,,,,,,73,76,76,79,50,0,0,49,76,71,,,,,,,,,,,,False,,,0,,,,,,0,50,,balanced
P8466,John,Doe,1991-12-23,72,221,Unknown,dark,blonde,clean_shaven,R,C,,0,,,51,50,49,52,52,50,55,48,50,51,,,,,,,,,,,,50,47,45,50,52,0,0,48,50,44,,,,,,,,,,,,False,,,0,,,,,,0,50,,balanced
P9721,John,Doe,2000-04-02,77,250,Unknown,medium,black,clean_shaven,R,3B,,0,,,52,58,48,49,47,49,58,52,51,49,,,,,,,,,,,,65,69,61,56,47,0,0,52,64,54,,,,,,,,,,,,False,,,0,,,,,,0,50,,power
P7312,John,Doe,2003-11-01,74,222,Unknown,dark,red,clean_shaven,R,3B,,0,,,51,60,49,50,46,52,56,49,52,48,,,,,,,,,,,,59,68,58,60,46,0,0,49,61,56,,,,,,,,,,,,False,,,0,,,,,,0,50,,power
P7591,John,Doe,2004-08-06,78,186,Unknown,medium,black,clean_shaven,L,RF,,0,,,54,48,49,52,52,47,48,48,49,49,,,,,,,,,,,,83,58,76,80,52,0,0,48,78,76,,,,,,,,,,,,False,,,0,,,,,,0,50,,spray
P5470,John,Doe,1996-04-04,78,230,Unknown,dark,brown,clean_shaven,L,LF,,0,,,51,58,49,51,51,52,49,49,52,53,,,,,,,,,,,,53,62,46,55,51,0,0,49,51,52,,,,,,,,,,,,False,,,0,,,,,,0,50,,balanced
P5320,John,Doe,1998-08-10,71,212,Unknown,light,brown,clean_shaven,R,RF,,0,,,51,50,50,51,47,50,56,52,50,51,,,,,,,,,,,,56,58,61,58,47,0,0,52,60,66,,,,,,,,,,,,False,,,0,,,,,,0,50,,balanced
P2194,John,Doe,1993-12-21,70,234,Unknown,dark,black,clean_shaven,R,LF,,0,,,50,58,50,49,49,50,56,50,49,50,,,,,,,,,,,,50,56,40,48,49,0,0,50,39,44,,,,,,,,,,,,False,,,0,,,,,,0,50,,balanced
P2003,John,Doe,2005-09-18,78,232,Unknown,light,blonde,goatee,S,P,,1,RP,CL,,,,,55,,,,53,53,52,51,52,50,55,58,58,65,0,0,0,,,,,0,,,,69,63,67,73,82,70,65,88,70,85,0,0,0,False,,,0,,,,,,0,50,closer,
P3010,John,Doe,2005-03-17,72,183,Unknown,medium,brown,clean_shaven,R,P,,1,RP,SP,,,,,50,,,,51,52,54,53,52,51,53,59,60,59,0,55,0,,,,,0,,,,80,74,76,63,66,74,68,76,79,82,0,79,0,False,,,0,,,,,,0,50,balanced_sp,
P9525,John,Doe,2006-05-07,78,243,Unknown,light,black,clean_shaven,R,P,,1,RP,SP,,,,,53,,,,51,48,51,51,52,49,52,0,57,0,58,0,0,,,,,0,,,,75,58,79,64,78,78,62,0,69,0,85,0,0,False,,,0,,,,,,0,50,groundball_sp,
P5682,John,Doe,2005-04-27,76,231,Unknown,medium,brown,beard,R,P,,1,RP,RP,,,,,53,,,,53,51,51,50,52,50,51,0,63,65,59,0,0,,,,,0,,,,73,62,71,81,72,77,66,0,86,88,89,0,0,False,,,0,,,,,,0,50,power_rp,
P2721,John,Doe,2006-10-10,74,234,Unknown,medium,blonde,clean_shaven,R,P,,1,RP,RP,,,,,49,,,,52,51,52,53,53,51,52,61,59,0,59,0,0,,,,,0,,,,79,80,75,73,65,71,63,75,77,0,69,0,0,False,,,0,,,,,,0,50,finesse_rp,
P8134,John,Doe,2004-03-04,70,218,Unknown,medium,blonde,mustache,L,1B,,0,,,53,62,51,50,51,53,46,50,48,51,,,,,,,,,,,,66,81,77,62,51,0,0,50,67,72,,,,,,,,,,,,False,,,0,,,,,,0,50,,power
P2890,John,Doe,2004-03-27,72,229,Unknown,light,brown,clean_shaven,L,LF,,0,,,52,54,52,50,49,48,52,51,49,51,,,,,,,,,,,,76,65,72,80,49,0,0,51,62,63,,,,,,,,,,,,False,,,0,,,,,,0,50,,balanced
P6403,John,Doe,2006-07-01,74,164,Unknown,medium,brown,clean_shaven,R,2B,,0,,,49,53,51,52,50,52,57,49,48,51,,,,,,,,,,,,78,82,75,80,50,0,0,49,59,77,,,,,,,,,,,,False,,,0,,,,,,0,50,,balanced
P8932,John,Doe,2004-09-06,68,195,Unknown,light,brown,goatee,L,1B,,0,,,52,60,51,49,47,54,46,50,50,48,,,,,,,,,,,,69,72,61,60,47,0,0,50,73,61,,,,,,,,,,,,False,,,0,,,,,,0,50,,power
P1176,John,Doe,2006-09-05,74,198,Unknown,dark,red,clean_shaven,R,LF,,0,,,49,59,49,48,51,53,57,52,53,53,,,,,,,,,,,,73,81,65,75,51,0,0,52,80,64,,,,,,,,,,,,False,,,0,,,,,,0,50,,power
P7254,John,Doe,1990-07-17,68,217,Unknown,light,brown,clean_shaven,R,P,,1,RP,CL,,,,,55,,,,49,53,50,51,52,50,55,58,0,65,0,0,0,,,,,0,,,,46,46,48,42,41,46,52,50,0,57,0,0,0,False,,,0,,,,,,0,50,closer,
P2914,John,Doe,1994-01-16,72,222,Unknown,dark,brown,beard,R,P,,1,RP,RP,,,,,53,,,,51,50,49,50,54,48,52,0,62,0,0,0,0,,,,,0,,,,46,41,43,49,48,44,50,0,54,0,0,0,0,False,,,0,,,,,,0,50,power_rp,
P3198,John,Doe,1990-08-13,77,237,Unknown,light,brown,clean_shaven,L,P,,1,RP,RP,,,,,56,,,,51,51,48,52,54,49,54,58,57,0,62,0,0,,,,,0,,,,47,42,48,48,45,40,50,50,50,0,59,0,0,False,,,0,,,,,,0,50,groundball_rp,
P6991,John,Doe,2002-07-05,68,193,Unknown,light,black,goatee,R,P,,1,RP,SP,,,,,51,,,,51,53,54,50,52,50,53,0,62,61,0,54,0,,,,,0,,,,59,58,65,63,59,57,67,0,70,76,0,64,0,False,,,0,,,,,,0,50,power_sp,
P3625,John,Doe,2002-10-20,69,202,Unknown,medium,brown,clean_shaven,R,P,,1,RP,SP,,,,,50,,,,49,50,54,51,52,51,51,61,62,58,57,0,0,,,,,0,,,,58,64,65,57,66,63,64,70,69,65,72,0,0,False,,,0,,,,,,0,50,groundball_sp,
P7590,John,Doe,2001-06-24,70,235,Unknown,medium,black,clean_shaven,R,P,,1,RP,SP,,,,,50,,,,52,51,53,50,52,49,52,61,59,61,57,0,0,,,,,0,,,,58,64,57,67,63,59,57,70,68,70,67,0,0,False,,,0,,,,,,0,50,balanced_sp,
P6665,John,Doe,2003-10-21,74,201,Unknown,light,brown,clean_shaven,R,P,,1,RP,RP,,,,,49,,,,51,53,52,50,52,50,52,0,64,0,0,0,0,,,,,0,,,,65,64,59,57,59,59,63,0,72,0,0,0,0,False,,,0,,,,,,0,50,power_rp,
P1590,John,Doe,2000-04-27,74,247,Unknown,dark,brown,clean_shaven,S,P,,1,RP,SP,,,,,47,,,,51,50,54,51,52,50,52,62,60,0,0,0,0,,,,,0,,,,65,57,64,66,69,58,62,69,75,0,0,0,0,False,,,0,,,,,,0,50,finesse_sp,
P4399,John,Doe,1995-05-13,70,228,Unknown,medium,blonde,clean_shaven,S,P,,1,RP,SP,,,,,50,,,,52,49,51,52,52,51,51,58,0,58,58,0,0,,,,,0,,,,48,53,54,48,52,48,50,58,0,63,54,0,0,False,,,0,,,,,,0,50,groundball_sp,
P4532,John,Doe,1988-06-18,68,169,Unknown,medium,black,mustache,R,P,,1,RP,SP,,,,,50,,,,50,51,50,51,52,49,50,60,60,60,58,0,0,,,,,0,,,,47,46,49,52,48,42,45,50,56,53,50,0,0,False,,,0,,,,,,0,50,finesse_sp,
P4470,John,Doe,1989-07-13,78,185,Unknown,dark,blonde,clean_shaven,R,P,,1,RP,SP,,,,,50,,,,50,50,53,50,53,52,52,59,60,62,0,0,0,,,,,0,,,,46,48,47,47,48,48,47,59,59,59,0,0,0,False,,,0,,,,,,0,50,workhorse_sp,
P5762,John,Doe,1995-04-19,77,198,Unknown,medium,brown,beard,R,C,,0,,,52,54,53,49,49,52,59,48,49,49,,,,,,,,,,,,49,52,50,50,49,0,0,48,51,46,,,,,,,,,,,,False,,,0,,,,,,0,50,,average
P2349,John,Doe,1994-05-17,69,179,Unknown,dark,brown,clean_shaven,R,1B,,0,,,61,69,53,50,52,49,50,51,51,51,,,,,,,,,,,,57,72,58,47,52,0,0,51,49,47,,,,,,,,,,,,False,,,0,,,,,,0,50,,gap
P7966,John,Doe,1996-06-29,73,239,Unknown,medium,black,clean_shaven,R,2B,,0,,,52,63,48,49,52,54,54,51,51,50,,,,,,,,,,,,57,64,47,45,52,0,0,51,56,50,,,,,,,,,,,,False,,,0,,,,,,0,50,,power
P6309,John,Doe,1997-05-02,78,225,Unknown,medium,black,clean_shaven,R,3B,,0,,,52,52,52,52,51,50,58,49,51,48,,,,,,,,,,,,52,53,52,52,51,0,0,49,49,46,,,,,,,,,,,,False,,,0,,,,,,0,50,,balanced
P9597,John,Doe,2000-03-25,77,242,Unknown,medium,black,clean_shaven,R,SS,,0,,,60,53,54,55,50,49,61,50,51,53,,,,,,,,,,,,75,64,66,60,50,0,0,50,62,68,,,,,,,,,,,,False,,,0,,,,,,0,50,,gap
P9040,John,Doe,2003-08-22,71,209,Unknown,light,blonde,goatee,R,LF,,0,,,50,63,48,51,50,50,54,52,50,50,,,,,,,,,,,,56,70,60,58,50,0,0,52,58,60,,,,,,,,,,,,False,,,0,,,,,,0,50,,power
P3786,John,Doe,1988-02-14,69,239,Unknown,medium,brown,mustache,R,CF,,0,,,60,50,50,52,51,51,50,48,50,51,,,,,,,,,,,,59,40,47,45,51,0,0,48,49,47,,,,,,,,,,,,False,,,0,,,,,,0,50,,spray
P9047,John,Doe,1990-10-28,74,226,Unknown,dark,black,clean_shaven,L,RF,,0,,,53,52,49,51,50,51,47,51,50,53,,,,,,,,,,,,53,51,46,45,50,0,0,51,43,45,,,,,,,,,,,,False,,,0,,,,,,0,50,,balanced
P8852,John,Doe,1997-09-17,72,213,Unknown,dark,brown,goatee,R,RF,,0,,,65,73,48,50,48,51,51,52,49,51,,,,,,,,,,,,60,73,48,51,48,0,0,52,46,52,,,,,,,,,,,,False,,,0,,,,,,0,50,,gap
P6927,John,Doe,2003-03-11,78,219,Unknown,dark,black,clean_shaven,R,RF,,0,,,48,58,52,48,51,53,56,50,53,49,,,,,,,,,,,,54,69,67,53,51,0,0,50,66,54,,,,,,,,,,,,False,,,0,,,,,,0,50,,power
P8887,John,Doe,1997-03-06,69,176,Unknown,dark,black,beard,L,C,,0,,,53,48,87,50,53,47,48,48,50,48,,,,,,,,,,,,58,50,90,51,53,0,0,48,51,47,,,,,,,,,,,,False,,,0,,,,,,0,50,,speed
P4823,John,Doe,2003-06-01,75,235,Unknown,dark,black,mustache,R,RF,,0,,,63,52,52,50,52,48,52,49,50,52,,,,,,,,,,,,72,62,65,57,52,0,0,49,57,61,,,,,,,,,,,,False,,,0,,,,,,0,50,,spray
P1864,John,Doe,1999-03-12,74,246,Unknown,dark,black,clean_shaven,L,LF,,0,,,50,59,48,51,48,53,50,50,52,51,,,,,,,,,,,,56,66,62,56,48,0,0,50,59,64,,,,,,,,,,,,False,,,0,,,,,,0,50,,power
P2455,John,Doe,1989-12-26,71,197,Unknown,medium,blonde,mustache,R,LF,RF,0,,,53,53,50,50,50,52,60,53,51,51,,,,,,,,,,,,45,53,46,44,50,0,0,53,51,45,,,,,,,,,,,,False,,,0,,,,,,0,50,,balanced
P3892,John,Doe,2001-12-24,77,216,Unknown,medium,black,clean_shaven,R,P,,1,RP,CL,,,,,55,,,,51,50,48,50,52,53,54,56,58,66,0,0,0,,,,,0,,,,59,56,57,58,57,65,64,66,73,80,0,0,0,False,,,0,,,,,,0,50,closer,
P4976,John,Doe,2002-10-08,70,189,Unknown,medium,brown,clean_shaven,R,P,,1,RP,SP,,,,,51,,,,50,50,50,52,54,50,52,59,63,0,56,0,0,,,,,0,,,,65,57,67,66,59,65,57,74,69,0,71,0,0,False,,,0,,,,,,0,50,finesse_sp,
P6721,John,Doe,1995-07-12,73,197,Unknown,dark,brown,clean_shaven,S,P,,1,RP,SP,,,,,51,,,,51,52,52,54,53,50,51,63,59,0,0,55,0,,,,,0,,,,55,49,58,53,53,55,54,65,63,0,0,60,0,False,,,0,,,,,,0,50,finesse_sp,
P6144,John,Doe,2002-05-03,69,163,Unknown,light,brown,goatee,R,P,,1,RP,CL,,,,,48,,,,51,54,49,50,52,50,52,0,0,65,0,0,0,,,,,0,,,,62,65,62,64,56,57,62,0,0,80,0,0,0,False,,,0,,,,,,0,50,closer,
P3320,John,Doe,2002-08-26,68,168,Unknown,medium,blonde,clean_shaven,S,P,,1,RP,SP,,,,,49,,,,48,49,54,50,52,51,52,63,58,62,0,0,0,,,,,0,,,,53,63,60,58,62,62,57,72,69,67,0,0,0,False,,,0,,,,,,0,50,balanced_sp,
P7761,John,Doe,1994-07-27,76,184,Unknown,dark,brown,clean_shaven,R,P,,1,RP,SP,,,,,49,,,,52,49,51,50,53,53,51,60,62,63,0,0,0,,,,,0,,,,47,44,52,49,48,56,49,59,60,64,0,0,0,False,,,0,,,,,,0,50,balanced_sp,
P9570,John,Doe,1990-01-25,74,217,Unknown,dark,brown,beard,L,P,,1,RP,RP,,,,,48,,,,50,54,53,50,52,52,56,0,62,67,0,0,0,,,,,0,,,,42,52,50,43,49,47,48,0,60,57,0,0,0,False,,,0,,,,,,0,50,power_rp,
P6559,John,Doe,1994-06-08,72,207,Unknown,medium,black,clean_shaven,R,CF,,0,,,53,51,50,49,51,49,50,51,50,49,,,,,,,,,,,,53,56,55,51,51,0,0,51,48,45,,,,,,,,,,,,False,,,0,,,,,,0,50,,balanced
P6467,John,Doe,1997-07-24,75,201,Unknown,medium,black,goatee,R,1B,,0,,,50,63,48,49,48,54,54,49,50,53,,,,,,,,,,,,51,67,53,50,48,0,0,49,46,55,,,,,,,,,,,,False,,,0,,,,,,0,50,,power
P5725,John,Doe,1999-08-21,70,240,Unknown,dark,black,clean_shaven,L,LF,3B,0,,,53,49,72,50,49,48,48,51,50,49,,,,,,,,,,,,61,61,82,60,49,0,0,51,65,56,,,,,,,,,,,,False,,,0,,,,,,0,50,,speed
P2500,John,Doe,2003-11-26,76,235,Unknown,light,brown,clean_shaven,L,SS,,0,,,52,52,50,50,50,52,51,53,49,51,,,,,,,,,,,,63,64,65,61,50,0,0,53,62,65,,,,,,,,,,,,False,,,0,,,,,,0,50,,balanced
P8833,John,Doe,1992-09-17,68,223,Unknown,dark,black,clean_shaven,R,SS,,0,,,50,51,49,49,49,48,60,53,51,50,,,,,,,,,,,,46,49,47,47,49,0,0,53,43,47,,,,,,,,,,,,False,,,0,,,,,,0,50,,balanced
P1523,John,Doe,1995-07-21,76,162,Unknown,light,black,clean_shaven,R,C,,0,,,61,64,51,49,51,51,56,49,49,48,,,,,,,,,,,,60,69,55,54,51,0,0,49,48,53,,,,,,,,,,,,False,,,0,,,,,,0,50,,gap
P8316,John,Doe,1988-03-09,74,243,Unknown,dark,brown,clean_shaven,R,3B,1B,0,,,49,49,52,51,52,50,59,50,52,50,,,,,,,,,,,,47,39,44,44,52,0,0,50,45,50,,,,,,,,,,,,False,,,0,,,,,,0,50,,average
P8889,John,Doe,1996-02-26,69,221,Unknown,medium,red,clean_shaven,R,2B,,0,,,53,51,70,52,51,52,58,52,52,49,,,,,,,,,,,,52,47,69,57,51,0,0,52,54,51,,,,,,,,,,,,False,,,0,,,,,,0,50,,speed
P2477,John,Doe,2004-09-18,70,244,Unknown,light,brown,clean_shaven,R,P,,1,RP,CL,,,,,55,,,,51,50,51,51,52,50,55,0,58,65,0,0,0,,,,,0,,,,73,75,81,74,61,77,77,0,82,93,0,0,0,False,,,0,,,,,,0,50,closer,
P4800,John,Doe,2005-03-05,77,204,Unknown,light,brown,clean_shaven,R,P,,1,RP,SP,,,,,49,,,,49,49,50,50,54,49,52,60,62,61,0,57,0,,,,,0,,,,74,79,64,75,77,63,65,81,80,77,0,80,0,False,,,0,,,,,,0,50,balanced_sp,
P1000,John,Doe,2005-01-01,70,190,Unknown,medium,brown,beard,L,P,,1,RP,RP,,,,,50,,,,51,50,51,51,52,49,51,59,0,0,0,0,0,,,,,0,,,,66,63,72,66,77,67,64,71,0,0,0,0,0,False,,,0,,,,,,0,50,finesse_rp,
P9079,John,Doe,2004-04-19,73,195,Unknown,light,black,clean_shaven,R,P,,1,RP,SP,,,,,50,,,,49,52,54,50,52,51,51,60,60,62,0,0,0,,,,,0,,,,76,73,62,65,77,64,79,85,73,85,0,0,0,False,,,0,,,,,,0,50,balanced_sp,
P7546,John,Doe,2007-11-11,73,190,Unknown,dark,blonde,goatee,R,P,,1,RP,SP,,,,,48,,,,49,48,54,53,53,50,53,60,59,59,0,0,0,,,,,0,,,,75,59,69,64,65,79,75,83,85,87,0,0,0,False,,,0,,,,,,0,50,finesse_sp,
P2525,John,Doe,2007-06-25,69,222,Unknown,medium,black,clean_shaven,R,CF,,0,,,52,50,50,51,49,51,53,49,51,50,,,,,,,,,,,,71,77,80,63,49,0,0,49,76,74,,,,,,,,,,,,False,,,0,,,,,,0,50,,gap
P7137,John,Doe,2007-09-10,73,237,Unknown,medium,brown,clean_shaven,R,CF,,0,,,53,50,70,50,53,50,57,49,49,51,,,,,,,,,,,,69,76,87,72,53,0,0,49,66,65,,,,,,,,,,,,False,,,0,,,,,,0,50,,speed
P6863,John,Doe,2006-10-11,78,203,Unknown,light,brown,clean_shaven,R,SS,,0,,,58,54,49,54,52,47,58,49,48,50,,,,,,,,,,,,75,67,66,66,52,0,0,49,69,64,,,,,,,,,,,,False,,,0,,,,,,0,50,,gap
P1697,John,Doe,2006-03-21,71,184,Unknown,light,brown,clean_shaven,L,RF,,0,,,48,60,49,48,51,53,49,50,48,53,,,,,,,,,,,,67,79,76,59,51,0,0,50,63,81,,,,,,,,,,,,False,,,0,,,,,,0,50,,power
P3122,John,Doe,2005-01-19,71,241,Unknown,medium,blonde,clean_shaven,L,2B,,0,,,54,49,70,51,52,48,46,52,51,52,,,,,,,,,,,,82,76,84,64,52,0,0,52,63,71,,,,,,,,,,,,False,,,0,,,,,,0,50,,speed
P9766,John,Doe,2004-12-25,76,175,Unknown,medium,black,clean_shaven,R,P,,1,RP,CL,,,,,55,,,,49,54,48,50,53,51,52,0,0,67,0,0,0,,,,,0,,,,64,65,73,63,71,71,78,0,0,95,0,0,0,False,,,0,,,,,,0,50,closer,
P7568,John,Doe,1994-03-27,76,201,Unknown,medium,brown,beard,L,P,,1,RP,CL,,,,,50,,,,48,51,49,51,53,49,54,0,60,66,0,0,0,,,,,0,,,,53,56,52,48,44,44,58,0,57,68,0,0,0,False,,,0,,,,,,0,50,closer,
P5648,John,Doe,2002-06-17,75,215,Unknown,medium,blonde,clean_shaven,S,P,,1,RP,SP,,,,,31,,,,48,48,52,50,52,49,49,59,63,61,0,53,0,,,,,45,,,,59,56,55,65,67,61,56,64,78,70,0,66,0,False,,,0,,,,,,0,50,finesse_sp,
P5265,John,Doe,1987-10-17,69,165,Unknown,light,red,beard,R,P,,1,RP,RP,,,,,57,,,,49,53,50,50,52,49,52,59,0,0,62,0,0,,,,,0,,,,41,46,50,46,40,48,43,55,0,0,55,0,0,False,,,0,,,,,,0,50,groundball_rp,
P7922,John,Doe,2005-02-14,73,250,Unknown,dark,brown,clean_shaven,R,P,,1,RP,SP,,,,,51,,,,51,49,51,53,52,51,50,0,58,58,0,0,0,,,,,0,,,,71,77,69,69,66,73,64,0,76,69,0,0,0,False,,,0,,,,,,0,50,workhorse_sp,
P3143,John,Doe,1994-08-27,69,247,Unknown,medium,black,beard,R,P,,1,RP,SP,,,,,47,,,,52,54,51,52,52,48,55,61,63,61,0,0,0,,,,,0,,,,54,49,52,53,47,45,56,64,68,62,0,0,0,False,,,0,,,,,,0,50,power_sp,
P1878,John,Doe,2004-09-28,71,246,Unknown,medium,brown,goatee,R,P,,1,RP,SP,,,,,49,,,,52,50,54,52,52,48,50,61,59,63,58,0,0,,,,,0,,,,70,67,69,64,64,71,70,83,88,93,88,0,0,False,,,0,,,,,,0,50,workhorse_sp,
P5804,John,Doe,1988-04-15,78,197,Unknown,light,brown,clean_shaven,L,P,,1,RP,RP,,,,,54,,,,51,51,51,50,53,51,50,0,58,64,61,0,0,,,,,0,,,,44,48,43,53,43,44,44,0,56,55,55,0,0,False,,,0,,,,,,0,50,groundball_rp,
P7855,John,Doe,1998-06-27,71,184,Unknown,medium,blonde,clean_shaven,L,P,,1,RP,RP,,,,,51,,,,49,52,51,50,52,49,53,0,60,63,0,0,0,,,,,0,,,,56,61,64,61,58,56,66,0,69,69,0,0,0,False,,,0,,,,,,0,50,power_rp,
P4323,John,Doe,2002-07-14,75,230,Unknown,dark,brown,mustache,R,P,,1,RP,CL,,,,,49,,,,48,51,49,52,54,52,54,0,0,66,0,0,0,,,,,0,,,,63,62,65,66,60,67,65,0,0,75,0,0,0,False,,,0,,,,,,0,50,closer,
P9677,John,Doe,1993-05-02,70,191,Unknown,medium,brown,clean_shaven,R,P,,1,RP,SP,,,,,51,,,,48,49,51,50,53,51,53,62,60,59,0,0,0,,,,,0,,,,43,45,43,51,41,51,46,54,56,52,0,0,0,False,,,0,,,,,,0,50,workhorse_sp,
P2174,John,Doe,1995-01-30,68,224,Unknown,medium,brown,clean_shaven,R,C,,0,,,50,51,52,49,50,52,55,48,51,49,,,,,,,,,,,,51,47,53,49,50,0,0,48,54,45,,,,,,,,,,,,False,,,0,,,,,,0,50,,average
P6975,John,Doe,1987-06-18,68,242,Unknown,light,black,clean_shaven,L,1B,,0,,,57,51,50,50,52,46,46,48,50,50,,,,,,,,,,,,53,49,50,42,52,0,0,48,46,47,,,,,,,,,,,,False,,,0,,,,,,0,50,,spray
P7339,John,Doe,1990-09-14,73,223,Unknown,dark,brown,mustache,L,2B,CF,0,,,61,52,49,57,50,50,51,51,49,50,,,,,,,,,,,,57,46,42,50,50,0,0,51,47,44,,,,,,,,,,,,False,,,0,,,,,,0,50,,spray
P4830,John,Doe,1994-01-16,70,185,Unknown,dark,brown,mustache,L,3B,,0,,,51,50,52,50,49,50,52,49,48,49,,,,,,,,,,,,42,44,42,50,49,0,0,49,45,48,,,,,,,,,,,,False,,,0,,,,,,0,50,,gap
P3594,John,Doe,1998-11-25,78,245,Unknown,medium,black,clean_shaven,L,SS,,0,,,51,51,85,50,52,50,51,49,48,48,,,,,,,,,,,,57,63,98,56,52,0,0,49,63,62,,,,,,,,,,,,False,,,0,,,,,,0,50,,elite_speed
P8395,John,Doe,1989-03-19,75,193,Unknown,medium,brown,clean_shaven,L,LF,,0,,,54,51,91,53,51,49,48,52,48,51,,,,,,,,,,,,50,48,88,46,51,0,0,52,44,50,,,,,,,,,,,,False,,,0,,,,,,0,50,,speed
P6427,John,Doe,1998-06-23,76,195,Unknown,light,brown,goatee,L,CF,,0,,,57,50,51,52,51,50,48,50,48,49,,,,,,,,,,,,72,63,66,58,51,0,0,50,56,55,,,,,,,,,,,,False,,,0,,,,,,0,50,,spray
P3547,John,Doe,1988-09-12,75,216,Unknown,medium,black,clean_shaven,R,RF,,0,,,53,49,70,52,53,51,59,49,48,52,,,,,,,,,,,,45,44,68,43,53,0,0,49,38,51,,,,,,,,,,,,False,,,0,,,,,,0,50,,speed
P6351,John,Doe,2000-09-04,69,243,Unknown,dark,black,clean_shaven,L,C,,0,,,53,50,51,52,49,49,47,51,52,48,,,,,,,,,,,,61,64,61,63,49,0,0,51,62,62,,,,,,,,,,,,False,,,0,,,,,,0,50,,average
P5357,John,Doe,1991-01-16,77,248,Unknown,dark,black,goatee,R,RF,,0,,,53,64,47,49,50,51,58,52,49,50,,,,,,,,,,,,45,55,39,42,50,0,0,52,41,47,,,,,,,,,,,,False,,,0,,,,,,0,50,,power
P3911,John,Doe,2001-10-05,73,212,Unknown,light,red,clean_shaven,R,1B,,0,,,48,55,49,49,51,49,54,50,49,50,,,,,,,,,,,,61,69,61,64,51,0,0,50,55,56,,,,,,,,,,,,False,,,0,,,,,,0,50,,average
P3728,John,Doe,1989-04-12,69,219,Unknown,light,black,goatee,R,C,,0,,,49,54,53,51,52,49,57,50,51,50,,,,,,,,,,,,46,50,53,51,52,0,0,50,47,41,,,,,,,,,,,,False,,,0,,,,,,0,50,,balanced
P5570,John,Doe,2001-06-13,68,212,Unknown,dark,black,clean_shaven,R,C,,0,,,50,53,50,50,51,48,56,50,51,50,,,,,,,,,,,,64,66,55,63,51,0,0,50,59,60,,,,,,,,,,,,False,,,0,,,,,,0,50,,balanced
P5204,John,Doe,1991-06-15,73,168,Unknown,dark,black,beard,S,1B,,0,,,51,58,52,50,52,52,52,53,51,52,,,,,,,,,,,,51,54,43,50,52,0,0,53,43,42,,,,,,,,,,,,False,,,0,,,,,,0,50,,gap
P7199,John,Doe,2000-06-08,77,250,Unknown,medium,brown,clean_shaven,R,P,,1,RP,CL,,,,,55,,,,50,50,52,52,52,53,56,0,0,65,0,0,0,,,,,0,,,,61,56,66,63,62,58,61,0,0,72,0,0,0,False,,,0,,,,,,0,50,closer,
P2685,John,Doe,1998-07-28,74,217,Unknown,dark,brown,clean_shaven,R,P,,1,RP,SP,,,,,50,,,,48,49,51,52,54,49,52,61,63,60,57,0,0,,,,,0,,,,60,55,65,69,61,54,66,72,71,72,69,0,0,False,,,0,,,,,,0,50,balanced_sp,
P7625,John,Doe,1999-10-27,72,248,Unknown,light,brown,clean_shaven,L,P,,1,RP,LR,,,,,54,,,,48,53,49,52,52,52,50,58,60,0,0,0,0,,,,,0,,,,61,61,65,58,57,67,64,64,71,0,0,0,0,False,,,0,,,,,,0,50,long_relief,
P6142,John,Doe,2002-03-22,72,222,Unknown,dark,brown,clean_shaven,S,P,,1,RP,SP,,,,,47,,,,49,50,50,50,52,51,54,58,62,60,0,57,0,,,,,0,,,,59,65,56,63,59,59,64,70,67,67,0,70,0,False,,,0,,,,,,0,50,power_sp,
P5872,John,Doe,1987-05-02,78,177,Unknown,medium,red,beard,L,P,,1,RP,RP,,,,,52,,,,53,49,50,50,52,51,53,0,59,67,0,56,0,,,,,0,,,,50,42,41,51,43,43,52,0,52,65,0,49,0,False,,,0,,,,,,0,50,power_rp,
P2260,John,Doe,1996-09-27,71,242,Unknown,medium,black,mustache,R,P,,1,RP,SP,,,,,53,,,,52,50,50,52,52,48,53,59,59,60,62,0,0,,,,,0,,,,48,55,48,49,46,43,52,64,57,55,62,0,0,False,,,0,,,,,,0,50,groundball_sp,
P6878,John,Doe,2001-02-09,74,190,Unknown,dark,brown,clean_shaven,R,P,,1,RP,RP,,,,,55,,,,50,53,52,53,54,49,52,0,0,63,61,0,0,,,,,0,,,,56,62,64,62,60,64,58,0,0,70,67,0,0,False,,,0,,,,,,0,50,groundball_rp,
P7317,John,Doe,1992-05-07,78,168,Unknown,light,brown,clean_shaven,R,SS,,0,,,53,49,54,51,48,50,60,51,51,51,,,,,,,,,,,,44,39,46,50,48,0,0,51,50,43,,,,,,,,,,,,False,,,0,,,,,,0,50,,balanced
P7998,John,Doe,1990-01-05,72,173,Unknown,light,black,beard,R,C,,0,,,49,50,50,52,51,50,56,48,49,53,,,,,,,,,,,,40,46,48,45,51,0,0,48,45,49,,,,,,,,,,,,False,,,0,,,,,,0,50,,average
P6764,John,Doe,1993-12-11,74,209,Unknown,medium,red,clean_shaven,R,3B,,0,,,51,49,48,52,52,53,58,49,48,49,,,,,,,,,,,,41,39,42,50,52,0,0,49,48,45,,,,,,,,,,,,False,,,0,,,,,,0,50,,balanced
P5826,John,Doe,1994-02-17,70,212,Unknown,light,brown,clean_shaven,R,3B,,0,,,62,51,53,51,53,50,59,52,51,50,,,,,,,,,,,,53,45,53,49,53,0,0,52,47,43,,,,,,,,,,,,False,,,0,,,,,,0,50,,spray
P1971,John,Doe,2004-08-20,71,227,Unknown,medium,brown,goatee,L,1B,,0,,,49,61,51,48,51,53,47,49,52,50,,,,,,,,,,,,79,79,61,65,51,0,0,49,65,72,,,,,,,,,,,,False,,,0,,,,,,0,50,,power
P2915,John,Doe,2001-01-30,71,210,Unknown,dark,blonde,beard,L,LF,,0,,,52,61,49,51,50,50,48,50,52,52,,,,,,,,,,,,67,71,57,56,50,0,0,50,63,59,,,,,,,,,,,,False,,,0,,,,,,0,50,,power
P3411,John,Doe,1989-09-17,78,167,Unknown,medium,red,beard,L,SS,,0,,,52,48,83,52,52,46,51,52,51,48,,,,,,,,,,,,46,48,75,44,52,0,0,52,48,39,,,,,,,,,,,,False,,,0,,,,,,0,50,,speed
P1953,John,Doe,2003-12-13,76,233,Unknown,dark,brown,clean_shaven,S,CF,,0,,,51,52,48,50,50,54,48,48,52,49,,,,,,,,,,,,62,59,62,63,50,0,0,48,60,57,,,,,,,,,,,,False,,,0,,,,,,0,50,,balanced
P8588,John,Doe,2005-11-13,72,184,Unknown,medium,black,clean_shaven,R,P,,1,RP,CL,,,,,55,,,,51,54,52,52,52,49,53,58,59,67,0,0,0,,,,,0,,,,81,81,70,67,62,76,70,74,87,84,0,0,0,False,,,0,,,,,,0,50,closer,
P2916,John,Doe,2004-03-27,72,204,Unknown,light,brown,clean_shaven,R,P,,1,RP,SP,,,,,50,,,,52,50,50,50,52,51,51,62,0,60,62,0,0,,,,,0,,,,82,76,69,80,76,79,81,81,0,90,78,0,0,False,,,0,,,,,,0,50,groundball_sp,
P6789,John,Doe,2006-12-22,74,226,Unknown,light,brown,clean_shaven,S,P,,1,RP,RP,,,,,57,,,,49,49,51,50,53,53,52,0,60,65,62,0,0,,,,,0,,,,67,72,61,68,71,79,80,0,78,81,89,0,0,False,,,0,,,,,,0,50,groundball_rp,
P8133,John,Doe,2004-09-18,76,167,Unknown,dark,black,clean_shaven,L,P,,1,RP,SP,,,,,51,,,,48,52,53,50,53,51,50,0,62,62,0,0,0,,,,,0,,,,71,80,77,79,77,64,66,0,84,91,0,0,0,False,,,0,,,,,,0,50,power_sp,
P8116,John,Doe,2007-10-29,71,221,Unknown,light,brown,clean_shaven,L,P,,1,RP,RP,,,,,51,,,,50,53,52,50,54,52,52,0,60,64,0,57,0,,,,,0,,,,74,67,78,73,78,62,70,0,90,84,0,70,0,False,,,0,,,,,,0,50,power_rp,
P8254,John,Doe,2007-04-12,78,189,Unknown,light,brown,clean_shaven,S,RF,,0,,,50,51,52,49,50,52,52,52,50,50,,,,,,,,,,,,67,70,71,62,50,0,0,52,72,76,,,,,,,,,,,,False,,,0,,,,,,0,50,,balanced
P5521,John,Doe,2007-02-16,73,224,Unknown,dark,black,clean_shaven,S,LF,,0,,,52,49,70,51,51,49,55,52,53,52,,,,,,,,,,,,62,77,85,72,51,0,0,52,83,64,,,,,,,,,,,,False,,,0,,,,,,0,50,,speed
P3338,John,Doe,2005-12-04,76,203,Unknown,light,blonde,goatee,R,RF,,0,,,51,58,48,50,50,49,53,50,50,52,,,,,,,,,,,,72,85,60,76,50,0,0,50,68,72,,,,,,,,,,,,False,,,0,,,,,,0,50,,gap
P4506,John,Doe,2004-11-01,76,185,Unknown,medium,brown,clean_shaven,R,C,,0,,,52,51,48,49,49,50,59,51,51,52,,,,,,,,,,,,62,75,75,62,49,0,0,51,61,71,,,,,,,,,,,,False,,,0,,,,,,0,50,,balanced
P9220,John,Doe,2007-06-04,71,246,Unknown,dark,brown,mustache,R,2B,,0,,,52,52,50,53,48,50,56,51,50,48,,,,,,,,,,,,68,75,64,68,48,0,0,51,77,58,,,,,,,,,,,,False,,,0,,,,,,0,50,,average
P7989,John,Doe,1989-01-06,76,169,Unknown,medium,black,beard,S,P,,1,RP,CL,,,,,55,,,,53,50,52,50,53,52,54,0,61,66,0,0,0,,,,,0,,,,52,43,50,45,44,45,48,0,53,65,0,0,0,False,,,0,,,,,,0,50,closer,
P3224,John,Doe,1997-12-15,72,193,Unknown,dark,black,clean_shaven,L,P,,1,RP,SP,,,,,48,,,,50,52,50,51,54,49,51,61,59,59,0,57,0,,,,,0,,,,51,52,54,49,55,45,46,59,64,59,0,52,0,False,,,0,,,,,,0,50,balanced_sp,
P1756,John,Doe,2002-12-19,78,239,Unknown,light,brown,clean_shaven,R,P,,1,RP,SP,,,,,49,,,,49,51,52,50,52,52,51,60,62,62,0,0,0,,,,,0,,,,55,59,57,65,62,67,61,68,72,70,0,0,0,False,,,0,,,,,,0,50,workhorse_sp,
P8207,John,Doe,2000-11-04,69,182,Unknown,dark,black,clean_shaven,R,P,,1,RP,RP,,,,,51,,,,50,52,47,50,52,52,50,57,61,0,0,0,0,,,,,0,,,,58,67,60,67,61,65,65,64,76,0,0,0,0,False,,,0,,,,,,0,50,finesse_rp,
P4910,John,Doe,1993-06-30,68,163,Unknown,light,brown,clean_shaven,S,P,,1,RP,SP,,,,,49,,,,48,50,50,53,52,52,53,63,62,60,57,0,0,,,,,0,,,,47,41,43,46,41,42,50,63,55,50,54,0,0,False,,,0,,,,,,0,50,workhorse_sp,
P2185,John,Doe,2000-04-17,69,213,Unknown,medium,brown,clean_shaven,R,P,,1,RP,RP,,,,,52,,,,48,52,50,53,52,49,50,62,62,0,58,0,0,,,,,0,,,,63,64,66,58,58,54,63,77,69,0,70,0,0,False,,,0,,,,,,0,50,finesse_rp,
P6885,John,Doe,2004-03-18,76,249,Unknown,medium,black,clean_shaven,R,P,,1,RP,SP,,,,,53,,,,49,49,50,50,52,52,52,0,0,60,58,0,0,,,,,0,,,,65,64,67,71,60,62,67,0,0,88,77,0,0,False,,,0,,,,,,0,50,groundball_sp,
P9290,John,Doe,1987-06-30,74,205,Unknown,medium,black,beard,L,P,,1,RP,LR,,,,,50,,,,49,48,52,52,54,49,49,59,61,64,0,0,0,,,,,0,,,,40,46,48,48,44,47,39,59,55,63,0,0,0,False,,,0,,,,,,0,50,long_relief,
P2266,John,Doe,1996-12-09,69,205,Unknown,light,black,clean_shaven,R,P,,1,RP,SP,,,,,47,,,,52,50,51,52,54,52,52,0,63,61,57,57,0,,,,,0,,,,48,46,55,57,54,49,56,0,67,65,52,56,0,False,,,0,,,,,,0,50,power_sp,
P3062,John,Doe,1989-03-14,71,229,Unknown,dark,red,beard,R,P,,1,RP,SP,,,,,54,,,,49,50,49,50,52,49,50,58,58,58,59,0,0,,,,,0,,,,43,49,49,49,46,45,44,51,51,57,51,0,0,False,,,0,,,,,,0,50,groundball_sp,
P6283,John,Doe,1992-07-09,76,176,Unknown,medium,brown,clean_shaven,R,P,,1,RP,SP,,,,,51,,,,48,52,52,50,52,51,51,63,60,0,0,0,0,,,,,0,,,,47,51,50,50,43,46,42,59,58,0,0,0,0,False,,,0,,,,,,0,50,finesse_sp,
P6140,John,Doe,2004-06-27,71,166,Unknown,dark,blonde,clean_shaven,S,C,,0,,,49,53,49,50,52,50,55,50,49,51,,,,,,,,,,,,66,82,72,79,52,0,0,50,71,65,,,,,,,,,,,,False,,,0,,,,,,0,50,,average
P9135,John,Doe,1988-01-19,72,167,Unknown,medium,red,clean_shaven,L,1B,,0,,,52,58,51,51,52,48,45,51,50,49,,,,,,,,,,,,44,55,50,45,52,0,0,51,42,42,,,,,,,,,,,,False,,,0,,,,,,0,50,,balanced
P8975,John,Doe,1997-12-20,70,247,Unknown,light,brown,mustache,L,2B,,0,,,52,50,85,53,49,49,47,49,50,52,,,,,,,,,,,,51,45,81,50,49,0,0,49,48,50,,,,,,,,,,,,False,,,0,,,,,,0,50,,elite_speed
P1115,John,Doe,2002-03-02,71,234,Unknown,dark,black,clean_shaven,R,3B,,0,,,51,61,52,51,47,50,60,49,51,52,,,,,,,,,,,,58,70,58,66,47,0,0,49,56,59,,,,,,,,,,,,False,,,0,,,,,,0,50,,power
P9998,John,Doe,2002-07-20,72,192,Unknown,light,black,clean_shaven,S,SS,,0,,,49,50,49,50,52,50,56,49,49,51,,,,,,,,,,,,64,55,57,56,52,0,0,49,59,59,,,,,,,,,,,,False,,,0,,,,,,0,50,,balanced
P8416,John,Doe,2002-06-27,73,180,Unknown,medium,brown,mustache,R,LF,,0,,,52,52,51,52,48,52,55,49,53,51,,,,,,,,,,,,63,64,62,63,48,0,0,49,58,56,,,,,,,,,,,,False,,,0,,,,,,0,50,,balanced
P4422,John,Doe,1997-02-25,74,199,Unknown,light,brown,goatee,L,CF,,0,,,52,53,51,51,48,50,46,51,49,51,,,,,,,,,,,,49,52,52,52,48,0,0,51,50,53,,,,,,,,,,,,False,,,0,,,,,,0,50,,gap
P3628,John,Doe,1993-05-06,73,197,Unknown,medium,brown,clean_shaven,S,RF,,0,,,52,54,51,52,52,51,50,50,51,52,,,,,,,,,,,,49,44,51,47,52,0,0,50,47,42,,,,,,,,,,,,False,,,0,,,,,,0,50,,balanced
P1011,John,Doe,1998-10-31,78,206,Unknown,light,black,goatee,L,C,,0,,,52,63,51,49,51,51,49,52,53,50,,,,,,,,,,,,65,68,56,57,51,0,0,52,59,58,,,,,,,,,,,,False,,,0,,,,,,0,50,,power
P5786,John,Doe,2004-01-06,72,179,Unknown,dark,brown,clean_shaven,R,RF,,0,,,53,49,51,53,52,52,54,48,51,51,,,,,,,,,,,,59,58,61,67,52,0,0,48,62,58,,,,,,,,,,,,False,,,0,,,,,,0,50,,balanced
P3530,John,Doe,1988-06-27,73,200,Unknown,dark,black,clean_shaven,R,1B,,0,,,48,57,51,49,50,48,53,50,49,51,,,,,,,,,,,,40,52,45,41,50,0,0,50,41,43,,,,,,,,,,,,False,,,0,,,,,,0,50,,average
P2085,John,Doe,1992-10-22,71,197,Unknown,light,black,clean_shaven,L,C,,0,,,49,63,47,50,50,53,51,52,53,49,,,,,,,,,,,,43,62,45,50,50,0,0,52,46,47,,,,,,,,,,,,False,,,0,,,,,,0,50,,power
P5987,John,Doe,1997-09-21,74,224,Unknown,medium,brown,beard,R,SS,,0,,,54,48,51,53,53,51,57,51,47,50,,,,,,,,,,,,52,48,51,51,53,0,0,51,47,49,,,,,,,,,,,,False,,,0,,,,,,0,50,,spray
P7140,John,Doe,1995-01-08,74,216,Unknown,light,black,clean_shaven,R,3B,,0,,,51,57,53,50,48,52,57,51,51,48,,,,,,,,,,,,49,61,49,53,48,0,0,51,48,48,,,,,,,,,,,,False,,,0,,,,,,0,50,,power
P5319,John,Doe,2002-03-23,72,162,Unknown,medium,brown,clean_shaven,R,P,,1,RP,CL,,,,,55,,,,52,54,50,50,52,52,53,57,61,65,0,0,0,,,,,0,,,,57,62,56,58,64,61,60,63,75,80,0,0,0,False,,,0,,,,,,0,50,closer,
P7838,John,Doe,2004-07-22,68,234,Unknown,light,black,clean_shaven,R,P,,1,RP,SP,,,,,50,,,,49,49,51,50,54,52,52,0,0,57,58,0,0,,,,,0,,,,76,70,64,72,72,76,62,0,0,82,71,0,0,False,,,0,,,,,,0,50,groundball_sp,
P7057,John,Doe,1987-04-23,77,161,Unknown,dark,brown,beard,R,P,,1,RP,LR,,,,,52,,,,52,50,50,51,52,50,51,0,60,64,0,0,0,,,,,0,,,,44,48,42,45,42,41,42,0,55,64,0,0,0,False,,,0,,,,,,0,50,long_relief,
P6059,John,Doe,1994-01-25,75,183,Unknown,light,brown,clean_shaven,L,P,,1,RP,RP,,,,,50,,,,48,52,52,50,53,50,50,59,61,0,0,58,0,,,,,0,,,,38,50,41,51,47,50,40,51,52,0,0,52,0,False,,,0,,,,,,0,50,finesse_rp,
P8567,John,Doe,2001-09-28,70,216,Unknown,dark,brown,clean_shaven,S,P,,1,RP,SP,,,,,51,,,,52,51,50,50,52,51,51,62,64,0,0,0,0,,,,,0,,,,66,57,58,61,58,65,60,69,71,0,0,0,0,False,,,0,,,,,,0,50,finesse_sp,
P2395,John,Doe,1987-11-27,78,231,Unknown,dark,blonde,clean_shaven,R,P,,1,RP,SP,,,,,48,,,,52,51,50,50,52,49,50,62,0,62,0,0,0,,,,,0,,,,43,49,41,49,48,39,44,53,0,59,0,0,0,False,,,0,,,,,,0,50,balanced_sp,
P9115,John,Doe,2001-12-14,71,173,Unknown,dark,brown,clean_shaven,L,P,,1,RP,SP,,,,,48,,,,50,52,53,50,53,50,52,58,63,0,0,0,0,,,,,0,,,,56,58,59,64,63,64,62,71,76,0,0,0,0,False,,,0,,,,,,0,50,workhorse_sp,
P6774,John,Doe,1998-07-31,73,169,Unknown,dark,brown,goatee,S,C,,0,,,54,48,49,52,50,51,55,51,50,52,,,,,,,,,,,,63,63,60,66,50,0,0,51,59,64,,,,,,,,,,,,False,,,0,,,,,,0,50,,spray
P7828,John,Doe,1999-07-19,70,207,Unknown,dark,black,clean_shaven,R,2B,,0,,,53,51,51,50,49,48,56,53,52,50,,,,,,,,,,,,62,65,65,64,49,0,0,53,64,62,,,,,,,,,,,,False,,,0,,,,,,0,50,,balanced
P6322,John,Doe,2003-11-11,73,209,Unknown,medium,black,clean_shaven,R,RF,,0,,,52,60,51,51,49,49,58,50,49,50,,,,,,,,,,,,57,70,59,56,49,0,0,50,64,59,,,,,,,,,,,,False,,,0,,,,,,0,50,,power
P2601,John,Doe,1997-09-17,69,219,Unknown,dark,brown,beard,R,2B,,0,,,54,49,49,54,49,48,57,48,48,50,,,,,,,,,,,,59,52,47,56,49,0,0,48,48,53,,,,,,,,,,,,False,,,0,,,,,,0,50,,average
P5437,John,Doe,1990-11-02,78,209,Unknown,dark,blonde,mustache,R,2B,,0,,,55,48,49,54,52,50,54,49,51,53,,,,,,,,,,,,54,40,41,51,52,0,0,49,51,45,,,,,,,,,,,,False,,,0,,,,,,0,50,,spray
P2565,John,Doe,1991-08-30,71,190,Unknown,medium,brown,clean_shaven,L,RF,,0,,,52,52,70,52,51,48,49,49,48,49,,,,,,,,,,,,52,46,63,47,51,0,0,49,41,48,,,,,,,,,,,,False,,,0,,,,,,0,50,,speed
P8840,John,Doe,1989-07-14,76,180,Unknown,light,brown,clean_shaven,R,2B,,0,,,62,49,51,54,52,48,59,48,53,51,,,,,,,,,,,,60,45,45,49,52,0,0,48,45,42,,,,,,,,,,,,False,,,0,,,,,,0,50,,spray
P1634,John,Doe,1988-12-29,71,231,Unknown,dark,brown,mustache,R,1B,,0,,,48,49,53,49,49,51,54,51,50,51,,,,,,,,,,,,40,43,47,47,49,0,0,51,43,50,,,,,,,,,,,,False,,,0,,,,,,0,50,,average
P8699,John,Doe,2006-02-14,76,246,Unknown,medium,black,clean_shaven,L,P,,1,RP,CL,,,,,55,,,,50,52,52,50,53,50,56,59,62,65,0,0,0,,,,,0,,,,80,81,65,79,71,80,68,82,86,80,0,0,0,False,,,0,,,,,,0,50,closer,
P4785,John,Doe,2005-10-14,71,207,Unknown,dark,brown,goatee,R,P,,1,RP,SP,,,,,49,,,,48,51,51,50,54,50,53,60,61,58,0,0,0,,,,,0,,,,72,63,72,81,67,63,83,86,80,76,0,0,0,False,,,0,,,,,,0,50,workhorse_sp,
P5904,John,Doe,2006-06-12,74,225,Unknown,light,black,clean_shaven,R,P,,1,RP,SP,,,,,51,,,,48,51,50,53,52,48,51,62,63,57,61,0,0,,,,,0,,,,63,72,82,73,62,75,63,78,75,81,86,0,0,False,,,0,,,,,,0,50,groundball_sp,
P3804,John,Doe,2005-02-26,77,235,Unknown,dark,blonde,mustache,S,P,,1,RP,SP,,,,,50,,,,51,52,52,52,52,52,53,62,62,58,58,0,0,,,,,0,,,,79,68,82,77,78,73,76,72,86,69,80,0,0,False,,,0,,,,,,0,50,groundball_sp,
P6399,John,Doe,2006-05-17,73,233,Unknown,medium,brown,clean_shaven,R,P,,1,RP,SP,,,,,51,,,,52,52,52,52,52,50,49,59,59,0,60,0,0,,,,,0,,,,71,75,76,74,62,76,75,87,79,0,84,0,0,False,,,0,,,,,,0,50,groundball_sp,
P1344,John,Doe,2006-08-22,68,222,Unknown,medium,blonde,clean_shaven,R,RF,,0,,,50,57,49,49,51,49,54,51,52,49,,,,,,,,,,,,72,77,71,66,51,0,0,51,71,66,,,,,,,,,,,,False,,,0,,,,,,0,50,,balanced
P3539,John,Doe,2007-03-11,73,190,Unknown,medium,brown,clean_shaven,L,1B,,0,,,59,57,50,49,48,49,47,51,51,48,,,,,,,,,,,,80,84,77,68,48,0,0,51,75,72,,,,,,,,,,,,False,,,0,,,,,,0,50,,gap
P8878,John,Doe,2004-11-15,77,246,Unknown,dark,black,goatee,R,LF,,0,,,50,49,85,52,51,48,56,52,51,49,,,,,,,,,,,,74,72,99,67,51,0,0,52,61,77,,,,,,,,,,,,False,,,0,,,,,,0,50,,elite_speed
P6784,John,Doe,2004-08-23,72,207,Unknown,medium,black,mustache,R,LF,,0,,,53,56,53,53,49,51,56,49,51,49,,,,,,,,,,,,70,80,83,71,49,0,0,49,64,69,,,,,,,,,,,,False,,,0,,,,,,0,50,,balanced
P6910,John,Doe,2007-06-19,72,160,Unknown,dark,black,clean_shaven,S,CF,,0,,,52,47,51,53,49,50,53,52,49,50,,,,,,,,,,,,62,58,77,83,49,0,0,52,66,63,,,,,,,,,,,,False,,,0,,,,,,0,50,,average
P4031,John,Doe,1997-05-05,72,213,Unknown,medium,black,clean_shaven,L,P,,1,RP,CL,,,,,55,,,,50,53,47,53,58,49,55,0,0,67,0,0,0,,,,,0,,,,45,48,51,58,42,46,53,0,0,66,0,0,0,False,,,0,,,,,,0,50,closer,
P3945,John,Doe,1993-04-18,70,250,Unknown,light,black,goatee,L,P,,1,RP,SP,,,,,47,,,,50,52,54,50,54,51,52,59,62,63,0,0,0,,,,,0,,,,44,50,48,45,49,47,51,51,62,57,0,0,0,False,,,0,,,,,,0,50,power_sp,
P2312,John,Doe,1996-07-07,73,220,Unknown,light,brown,clean_shaven,S,P,,1,RP,SP,,,,,51,,,,50,53,52,50,52,51,52,60,62,58,0,0,0,,,,,0,,,,52,54,51,50,48,56,52,60,67,59,0,0,0,False,,,0,,,,,,0,50,power_sp,
P5781,John,Doe,1995-01-12,75,199,Unknown,dark,brown,clean_shaven,R,P,,1,RP,SP,,,,,51,,,,51,52,53,52,54,48,51,58,60,59,0,55,0,,,,,0,,,,51,52,52,54,48,51,52,55,65,63,0,57,0,False,,,0,,,,,,0,50,balanced_sp,
P1170,John,Doe,2000-12-19,78,226,Unknown,light,red,beard,L,P,,1,RP,SP,,,,,51,,,,53,51,54,50,54,51,56,61,59,58,0,0,0,,,,,0,,,,61,60,65,69,64,58,71,70,64,67,0,0,0,False,,,0,,,,,,0,50,power_sp,
P6717,John,Doe,2002-06-03,68,182,Unknown,medium,brown,clean_shaven,L,P,,1,RP,CL,,,,,52,,,,52,50,50,53,59,51,53,0,0,65,0,0,0,,,,,0,,,,66,59,66,67,58,62,60,0,0,72,0,0,0,False,,,0,,,,,,0,50,closer,
P9236,John,Doe,1994-09-26,78,224,Unknown,dark,brown,clean_shaven,R,P,,1,RP,SP,,,,,48,,,,52,50,54,50,52,50,53,61,61,64,0,0,0,,,,,0,,,,50,52,49,53,57,48,55,59,62,64,0,0,0,False,,,0,,,,,,0,50,power_sp,
P8129,John,Doe,2001-05-31,70,229,Unknown,medium,brown,goatee,L,P,,1,RP,RP,,,,,54,,,,52,53,51,52,52,52,49,57,60,0,60,0,0,,,,,0,,,,64,65,63,58,61,60,61,63,70,0,66,0,0,False,,,0,,,,,,0,50,groundball_rp,
P5727,John,Doe,2000-01-31,74,202,Unknown,medium,black,goatee,R,P,,1,RP,SP,,,,,51,,,,48,49,51,51,52,52,52,59,59,62,0,0,0,,,,,0,,,,60,57,58,67,56,58,62,68,74,69,0,0,0,False,,,0,,,,,,0,50,workhorse_sp,
P9022,John,Doe,1997-10-11,74,166,Unknown,medium,brown,clean_shaven,R,P,,1,RP,LR,,,,,52,,,,52,51,53,52,52,49,51,0,63,64,0,0,0,,,,,0,,,,51,51,51,55,53,54,50,0,59,60,0,0,0,False,,,0,,,,,,0,50,long_relief,
P7015,John,Doe,1993-08-16,77,249,Unknown,light,blonde,mustache,S,P,,1,RP,CL,,,,,50,,,,50,51,49,51,52,53,55,61,0,66,0,0,0,,,,,0,,,,45,46,43,44,43,51,49,54,0,56,0,0,0,False,,,0,,,,,,0,50,closer,
P6260,John,Doe,1988-09-12,68,206,Unknown,medium,brown,mustache,L,C,,0,,,49,50,51,49,50,52,49,48,53,48,,,,,,,,,,,,42,46,42,40,50,0,0,48,49,47,,,,,,,,,,,,False,,,0,,,,,,0,50,,balanced
P6573,John,Doe,1992-03-13,73,204,Unknown,medium,red,clean_shaven,L,1B,,0,,,50,62,49,49,48,53,49,49,52,50,,,,,,,,,,,,46,59,41,49,48,0,0,49,46,47,,,,,,,,,,,,False,,,0,,,,,,0,50,,power
P7644,John,Doe,1994-05-26,78,186,Unknown,light,brown,mustache,R,2B,,0,,,51,62,48,50,50,52,56,52,49,49,,,,,,,,,,,,49,59,47,55,50,0,0,52,45,49,,,,,,,,,,,,False,,,0,,,,,,0,50,,power
P3213,John,Doe,1993-11-10,69,164,Unknown,medium,brown,clean_shaven,L,3B,,0,,,62,51,50,51,50,48,51,53,50,48,,,,,,,,,,,,58,42,40,48,50,0,0,53,40,38,,,,,,,,,,,,False,,,0,,,,,,0,50,,spray
P8467,John,Doe,2002-07-30,73,169,Unknown,light,brown,clean_shaven,R,SS,,0,,,49,51,52,50,52,50,57,48,50,52,,,,,,,,,,,,56,66,58,64,52,0,0,48,64,57,,,,,,,,,,,,False,,,0,,,,,,0,50,,average
P1117,John,Doe,1994-04-23,68,212,Unknown,medium,blonde,clean_shaven,L,LF,,0,,,63,52,50,52,53,49,51,51,50,50,,,,,,,,,,,,58,48,51,48,53,0,0,51,52,45,,,,,,,,,,,,False,,,0,,,,,,0,50,,spray
P5495,John,Doe,2000-12-07,77,206,Unknown,dark,brown,clean_shaven,L,CF,,0,,,53,48,70,51,53,49,46,50,50,50,,,,,,,,,,,,60,59,80,56,53,0,0,50,57,58,,,,,,,,,,,,False,,,0,,,,,,0,50,,speed
P2157,John,Doe,1998-04-22,73,219,Unknown,light,black,clean_shaven,S,RF,,0,,,54,56,50,53,49,49,51,50,49,52,,,,,,,,,,,,69,68,59,66,49,0,0,50,60,67,,,,,,,,,,,,False,,,0,,,,,,0,50,,gap
P2597,John,Doe,1988-05-15,76,250,Unknown,light,brown,beard,R,2B,,0,,,50,50,86,54,50,47,57,48,48,49,,,,,,,,,,,,43,48,83,44,50,0,0,48,48,41,,,,,,,,,,,,False,,,0,,,,,,0,50,,elite_speed
P2056,John,Doe,2001-05-28,72,188,Unknown,light,brown,clean_shaven,R,C,,0,,,61,63,53,52,49,49,58,50,53,49,,,,,,,,,,,,67,77,59,62,49,0,0,50,60,64,,,,,,,,,,,,False,,,0,,,,,,0,50,,gap
P3538,John,Doe,1990-10-13,74,213,Unknown,dark,brown,clean_shaven,R,2B,,0,,,54,49,75,55,51,47,59,52,49,50,,,,,,,,,,,,52,47,74,50,51,0,0,52,42,50,,,,,,,,,,,,False,,,0,,,,,,0,50,,speed
P1873,John,Doe,1990-07-11,70,177,Unknown,light,black,clean_shaven,S,CF,,0,,,53,49,70,52,51,48,48,52,49,50,,,,,,,,,,,,52,46,64,45,51,0,0,52,41,42,,,,,,,,,,,,False,,,0,,,,,,0,50,,speed
P6600,John,Doe,1996-03-26,71,238,Unknown,medium,black,mustache,R,SS,,0,,,48,49,52,49,50,47,56,53,52,49,,,,,,,,,,,,53,46,48,47,50,0,0,53,55,49,,,,,,,,,,,,False,,,0,,,,,,0,50,,balanced
P2295,John,Doe,1997-07-28,72,202,Unknown,dark,black,clean_shaven,L,1B,,0,,,49,50,51,50,52,50,46,52,52,50,,,,,,,,,,,,48,49,54,50,52,0,0,52,47,55,,,,,,,,,,,,False,,,0,,,,,,0,50,,average
P5551,John,Doe,2002-11-18,71,199,Unknown,dark,black,mustache,L,P,,1,RP,CL,,,,,55,,,,49,53,48,50,53,49,53,59,63,65,0,0,0,,,,,0,,,,63,66,59,61,53,58,62,67,77,80,0,0,0,False,,,0,,,,,,0,50,closer,
P7313,John,Doe,1993-07-19,69,177,Unknown,medium,brown,beard,L,P,,1,RP,CL,,,,,50,,,,49,52,50,51,53,53,52,58,62,66,0,0,0,,,,,0,,,,45,52,46,49,40,46,48,52,54,57,0,0,0,False,,,0,,,,,,0,50,closer,
P8144,John,Doe,1988-09-15,76,215,Unknown,dark,brown,clean_shaven,R,P,,1,RP,RP,,,,,56,,,,50,49,47,52,52,49,50,57,0,65,60,0,0,,,,,0,,,,46,47,43,49,44,49,48,57,0,55,50,0,0,False,,,0,,,,,,0,50,groundball_rp,
P3388,John,Doe,2003-10-26,68,192,Unknown,medium,brown,clean_shaven,L,P,,1,RP,SP,,,,,52,,,,48,52,53,51,52,49,52,59,63,60,57,0,0,,,,,0,,,,55,58,58,59,67,57,67,70,71,75,72,0,0,False,,,0,,,,,,0,50,balanced_sp,
P3342,John,Doe,1990-11-26,75,236,Unknown,light,brown,goatee,L,P,,1,RP,SP,,,,,52,,,,52,50,54,50,52,49,53,0,60,61,56,55,0,,,,,0,,,,50,40,44,47,49,42,48,0,51,51,52,47,0,False,,,0,,,,,,0,50,power_sp,
P3555,John,Doe,1991-05-04,76,231,Unknown,medium,brown,clean_shaven,L,P,,1,RP,SP,,,,,51,,,,49,52,50,50,53,48,52,0,59,62,0,0,0,,,,,0,,,,43,50,43,47,46,45,49,0,53,54,0,0,0,False,,,0,,,,,,0,50,power_sp,
P6218,John,Doe,2003-03-02,69,205,Unknown,medium,brown,mustache,S,P,,1,RP,LR,,,,,51,,,,52,51,49,52,52,51,54,0,0,63,0,0,0,,,,,0,,,,58,66,66,58,62,57,63,0,0,68,0,0,0,False,,,0,,,,,,0,50,long_relief,
P4390,John,Doe,2003-03-24,74,206,Unknown,dark,brown,clean_shaven,S,1B,LF,0,,,50,64,51,49,50,50,49,52,49,48,,,,,,,,,,,,61,69,66,62,50,0,0,52,59,57,,,,,,,,,,,,False,,,0,,,,,,0,50,,power
P2984,John,Doe,1996-03-06,70,187,Unknown,dark,black,clean_shaven,R,3B,,0,,,52,60,50,51,49,49,58,50,48,52,,,,,,,,,,,,50,55,48,46,49,0,0,50,53,47,,,,,,,,,,,,False,,,0,,,,,,0,50,,power
P3830,John,Doe,1998-04-08,77,186,Unknown,light,red,clean_shaven,R,2B,,0,,,51,60,48,50,48,53,56,48,49,52,,,,,,,,,,,,57,75,54,57,48,0,0,48,54,62,,,,,,,,,,,,False,,,0,,,,,,0,50,,power
P6897,John,Doe,1995-03-17,78,233,Unknown,light,blonde,clean_shaven,R,LF,,0,,,49,63,49,49,49,50,54,48,52,52,,,,,,,,,,,,48,63,48,52,49,0,0,48,56,51,,,,,,,,,,,,False,,,0,,,,,,0,50,,power
P8210,John,Doe,1992-08-27,68,172,Unknown,dark,brown,clean_shaven,R,SS,,0,,,48,51,53,48,51,52,56,52,50,51,,,,,,,,,,,,44,45,50,44,51,0,0,52,43,43,,,,,,,,,,,,False,,,0,,,,,,0,50,,average
P9652,John,Doe,1993-03-26,69,165,Unknown,dark,brown,beard,L,LF,,0,,,51,49,49,52,51,52,47,51,48,53,,,,,,,,,,,,45,49,47,46,51,0,0,51,45,50,,,,,,,,,,,,False,,,0,,,,,,0,50,,average
P7695,John,Doe,1996-01-11,77,242,Unknown,medium,black,clean_shaven,R,LF,RF,0,,,54,49,85,51,49,51,58,51,52,51,,,,,,,,,,,,54,50,89,51,49,0,0,51,52,49,,,,,,,,,,,,False,,,0,,,,,,0,50,,elite_speed
P8353,John,Doe,1988-11-21,78,161,Unknown,light,brown,beard,R,SS,,0,,,59,49,53,50,50,48,58,50,49,48,,,,,,,,,,,,57,44,51,47,50,0,0,50,48,40,,,,,,,,,,,,False,,,0,,,,,,0,50,,spray
P6785,John,Doe,2004-05-16,68,219,Unknown,medium,black,clean_shaven,L,P,,1,RP,CL,,,,,55,,,,48,51,51,51,52,49,54,0,0,65,0,0,0,,,,,0,,,,78,65,68,68,69,79,77,0,0,95,0,0,0,False,,,0,,,,,,0,50,closer,
P2310,John,Doe,2006-04-05,68,215,Unknown,light,blonde,clean_shaven,R,P,,1,RP,SP,,,,,51,,,,49,51,54,50,53,51,51,61,63,61,0,55,0,,,,,0,,,,69,78,65,66,75,62,69,78,84,78,0,77,0,False,,,0,,,,,,0,50,balanced_sp,
P6458,John,Doe,2007-07-14,72,166,Unknown,dark,brown,clean_shaven,L,P,,1,RP,RP,,,,,56,,,,52,53,50,50,52,49,52,0,59,65,60,0,0,,,,,0,,,,79,66,63,66,66,71,65,0,86,89,74,0,0,False,,,0,,,,,,0,50,groundball_rp,
P7228,John,Doe,2004-03-02,78,165,Unknown,light,blonde,clean_shaven,R,P,,1,RP,RP,,,,,53,,,,50,50,48,52,54,51,51,0,59,63,0,0,0,,,,,0,,,,69,62,79,66,59,68,72,0,70,82,0,0,0,False,,,0,,,,,,0,50,power_rp,
P9381,John,Doe,2005-12-31,78,162,Unknown,light,brown,clean_shaven,R,P,,1,RP,SP,,,,,54,,,,48,51,51,50,52,50,49,61,0,58,58,0,0,,,,,0,,,,60,72,77,77,67,63,77,91,0,73,72,0,0,False,,,0,,,,,,0,50,groundball_sp,
P2840,John,Doe,2004-06-15,72,199,Unknown,medium,blonde,clean_shaven,R,LF,,0,,,54,54,47,50,52,49,57,52,52,49,,,,,,,,,,,,82,73,61,60,52,0,0,52,72,76,,,,,,,,,,,,False,,,0,,,,,,0,50,,balanced
P2847,John,Doe,2007-03-25,72,229,Unknown,light,black,clean_shaven,L,C,,0,,,49,53,52,50,50,51,48,50,49,48,,,,,,,,,,,,60,63,66,73,50,0,0,50,75,72,,,,,,,,,,,,False,,,0,,,,,,0,50,,average
P3719,John,Doe,2006-01-10,77,238,Unknown,dark,blonde,clean_shaven,R,LF,,0,,,72,68,52,53,48,48,60,50,53,48,,,,,,,,,,,,97,92,71,71,48,0,0,50,81,66,,,,,,,,,,,,False,,,0,,,,,,0,50,,gap
P8434,John,Doe,2005-06-10,76,197,Unknown,medium,red,goatee,L,1B,,0,,,53,51,52,51,52,50,45,53,51,51,,,,,,,,,,,,68,64,82,64,52,0,0,53,66,76,,,,,,,,,,,,False,,,0,,,,,,0,50,,average
P1718,John,Doe,2004-04-04,77,242,Unknown,light,brown,beard,R,SS,,0,,,53,49,85,52,49,47,58,50,51,52,,,,,,,,,,,,72,79,99,67,49,0,0,50,68,67,,,,,,,,,,,,False,,,0,,,,,,0,50,,elite_speed
P1120,John,Doe,1988-02-07,69,248,Unknown,light,black,beard,L,P,,1,RP,CL,,,,,55,,,,48,52,48,50,53,52,53,56,59,66,0,0,0,,,,,0,,,,39,44,50,46,41,49,49,46,51,59,0,0,0,False,,,0,,,,,,0,50,closer,
P8978,John,Doe,1990-04-08,69,219,Unknown,dark,black,clean_shaven,S,P,,1,RP,RP,,,,,50,,,,52,50,50,50,52,53,54,0,63,66,0,0,0,,,,,0,,,,45,46,47,42,46,46,47,0,58,58,0,0,0,False,,,0,,,,,,0,50,power_rp,
P8113,John,Doe,1992-05-30,69,241,Unknown,light,black,clean_shaven,R,P,,1,RP,SP,,,,,52,,,,48,51,53,50,52,52,52,0,60,58,0,0,0,,,,,0,,,,47,44,50,50,51,43,47,0,59,57,0,0,0,False,,,0,,,,,,0,50,workhorse_sp,
P7707,John,Doe,2003-06-25,77,246,Unknown,dark,black,beard,L,P,,1,RP,SP,,,,,51,,,,51,50,53,51,52,49,50,62,61,62,0,0,0,,,,,0,,,,57,56,57,61,68,59,56,72,72,76,0,0,0,False,,,0,,,,,,0,50,workhorse_sp,
P7153,John,Doe,1991-04-01,69,197,Unknown,medium,black,clean_shaven,L,P,,1,RP,RP,,,,,56,,,,48,49,48,50,53,52,53,0,0,0,60,0,0,,,,,0,,,,48,47,49,46,43,45,47,0,0,0,60,0,0,False,,,0,,,,,,0,50,groundball_rp,
P1132,John,Doe,2001-12-19,68,203,Unknown,dark,brown,clean_shaven,R,P,,1,RP,RP,,,,,49,,,,52,50,52,50,52,53,51,0,63,65,61,0,0,,,,,0,,,,61,56,60,62,67,60,62,0,76,79,72,0,0,False,,,0,,,,,,0,50,power_rp,
P3330,John,Doe,1993-12-11,70,198,Unknown,dark,red,clean_shaven,L,P,,1,RP,SP,,,,,52,,,,48,49,51,51,52,50,51,60,63,60,57,0,0,,,,,0,,,,40,46,49,51,48,45,46,53,56,59,51,0,0,False,,,0,,,,,,0,50,balanced_sp,
P2724,John,Doe,1997-04-25,70,223,Unknown,medium,black,clean_shaven,R,P,,1,RP,CL,,,,,53,,,,50,50,47,50,52,49,55,58,60,65,0,0,0,,,,,0,,,,47,55,53,47,48,47,51,57,59,69,0,0,0,False,,,0,,,,,,0,50,closer,
P7496,John,Doe,1995-07-22,77,173,Unknown,medium,blonde,clean_shaven,R,P,,1,RP,SP,,,,,51,,,,52,53,51,51,52,52,53,61,61,61,0,0,0,,,,,0,,,,54,51,52,50,55,52,52,62,62,57,0,0,0,False,,,0,,,,,,0,50,finesse_sp,
P4058,John,Doe,2003-02-15,74,238,Unknown,light,blonde,clean_shaven,R,P,,1,RP,RP,,,,,55,,,,52,51,51,52,54,49,54,58,0,0,63,0,0,,,,,0,,,,65,65,66,66,65,61,61,65,0,0,74,0,0,False,,,0,,,,,,0,50,groundball_rp,
P6214,John,Doe,1988-04-23,75,241,Unknown,dark,brown,beard,R,P,,1,RP,SP,,,,,50,,,,52,51,51,53,52,50,50,60,62,0,57,58,0,,,,,0,,,,48,43,50,44,42,45,49,57,52,0,50,56,0,False,,,0,,,,,,0,50,finesse_sp,
P2492,John,Doe,1991-02-03,71,196,Unknown,light,blonde,clean_shaven,R,C,,0,,,62,51,50,52,52,49,57,52,50,48,,,,,,,,,,,,62,45,43,49,52,0,0,52,48,44,,,,,,,,,,,,False,,,0,,,,,,0,50,,spray
P7556,John,Doe,1994-02-20,78,232,Unknown,light,brown,clean_shaven,L,1B,,0,,,53,54,51,52,52,52,46,52,48,49,,,,,,,,,,,,45,44,45,48,52,0,0,52,46,41,,,,,,,,,,,,False,,,0,,,,,,0,50,,average
P6831,John,Doe,2000-12-18,78,227,Unknown,light,black,clean_shaven,L,2B,,0,,,59,51,49,53,51,52,49,48,49,49,,,,,,,,,,,,73,56,61,62,51,0,0,48,58,58,,,,,,,,,,,,False,,,0,,,,,,0,50,,spray
P3130,John,Doe,1993-01-27,76,247,Unknown,medium,red,clean_shaven,R,3B,,0,,,48,49,49,50,51,50,57,48,52,48,,,,,,,,,,,,43,42,46,41,51,0,0,48,45,46,,,,,,,,,,,,False,,,0,,,,,,0,50,,average
P5009,John,Doe,1999-09-08,76,179,Unknown,light,black,mustache,R,SS,,0,,,61,51,51,53,49,47,57,50,50,48,,,,,,,,,,,,75,65,58,58,49,0,0,50,57,53,,,,,,,,,,,,False,,,0,,,,,,0,50,,spray
P3624,John,Doe,1995-06-14,71,169,Unknown,light,black,beard,L,LF,,0,,,50,52,51,51,51,53,48,51,48,48,,,,,,,,,,,,45,56,52,52,51,0,0,51,49,47,,,,,,,,,,,,False,,,0,,,,,,0,50,,average
P3998,John,Doe,1988-09-19,75,180,Unknown,dark,brown,mustache,L,CF,,0,,,49,48,72,51,52,48,49,49,50,52,,,,,,,,,,,,47,46,62,48,52,0,0,49,45,49,,,,,,,,,,,,False,,,0,,,,,,0,50,,speed
P1645,John,Doe,1996-03-09,76,163,Unknown,dark,black,clean_shaven,S,RF,,0,,,51,48,70,52,50,46,49,48,50,51,,,,,,,,,,,,55,49,71,51,50,0,0,48,48,46,,,,,,,,,,,,False,,,0,,,,,,0,50,,speed
P7934,John,Doe,2004-07-31,68,170,Unknown,light,black,beard,L,1B,,0,,,52,57,51,52,47,49,42,50,49,51,,,,,,,,,,,,64,80,62,82,47,0,0,50,71,68,,,,,,,,,,,,False,,,0,,,,,,0,50,,gap
P6687,John,Doe,1992-03-03,74,221,Unknown,dark,brown,clean_shaven,S,LF,,0,,,50,50,51,49,52,49,52,53,49,50,,,,,,,,,,,,41,49,51,44,52,0,0,53,40,50,,,,,,,,,,,,False,,,0,,,,,,0,50,,average
P6881,John,Doe,1999-02-05,72,180,Unknown,light,black,clean_shaven,L,1B,,0,,,50,57,50,50,50,52,47,50,51,49,,,,,,,,,,,,64,68,63,62,50,0,0,50,61,57,,,,,,,,,,,,False,,,0,,,,,,0,50,,balanced
P1906,John,Doe,2002-10-19,77,197,Unknown,dark,brown,mustache,S,RF,,0,,,54,51,51,53,50,51,50,52,48,49,,,,,,,,,,,,61,59,60,59,50,0,0,52,54,61,,,,,,,,,,,,False,,,0,,,,,,0,50,,balanced
P5644,John,Doe,1994-02-17,71,194,Unknown,dark,black,beard,L,CF,,0,,,52,52,52,52,50,53,46,52,47,49,,,,,,,,,,,,44,42,42,46,50,0,0,52,44,48,,,,,,,,,,,,False,,,0,,,,,,0,50,,balanced
P7271,John,Doe,2000-06-15,73,245,Unknown,light,blonde,clean_shaven,R,LF,,0,,,53,53,50,52,53,50,57,51,50,52,,,,,,,,,,,,59,66,65,57,53,0,0,51,56,64,,,,,,,,,,,,False,,,0,,,,,,0,50,,average
P8584,John,Doe,2000-08-16,78,228,Unknown,dark,red,beard,L,P,,1,RP,CL,,,,,55,,,,49,51,48,50,53,50,52,0,0,65,0,0,0,,,,,0,,,,59,62,61,59,53,64,64,0,0,74,0,0,0,False,,,0,,,,,,0,50,closer,
P9267,John,Doe,2002-06-08,77,164,Unknown,light,black,clean_shaven,R,P,,1,RP,SP,,,,,52,,,,52,54,51,52,52,51,51,61,64,62,0,0,0,,,,,0,,,,60,60,58,65,59,63,66,71,74,71,0,0,0,False,,,0,,,,,,0,50,power_sp,
P6363,John,Doe,1995-08-01,68,248,Unknown,medium,black,clean_shaven,R,P,,1,RP,RP,,,,,52,,,,49,49,49,54,52,52,53,62,60,0,0,0,0,,,,,0,,,,45,46,57,48,53,49,54,60,55,0,0,0,0,False,,,0,,,,,,0,50,finesse_rp,
P4810,John,Doe,2000-01-28,69,208,Unknown,medium,brown,clean_shaven,R,P,,1,RP,LR,,,,,53,,,,51,50,50,50,52,53,52,59,0,63,0,0,0,,,,,0,,,,57,58,57,67,56,63,66,70,0,69,0,0,0,False,,,0,,,,,,0,50,long_relief,
P1428,John,Doe,2002-01-08,77,234,Unknown,light,black,clean_shaven,R,P,,1,RP,SP,,,,,49,,,,48,50,53,50,52,53,53,0,61,60,0,0,0,,,,,0,,,,58,64,64,61,64,68,60,0,66,72,0,0,0,False,,,0,,,,,,0,50,power_sp,
P5603,John,Doe,1988-02-25,74,194,Unknown,light,blonde,beard,R,P,,1,RP,RP,,,,,51,,,,49,51,52,54,52,50,50,57,60,0,0,0,0,,,,,0,,,,41,47,48,42,49,46,42,48,58,0,0,0,0,False,,,0,,,,,,0,50,finesse_rp,
P4268,John,Doe,2000-07-03,77,164,Unknown,medium,brown,goatee,R,P,,1,RP,SP,,,,,50,,,,51,53,52,51,52,49,50,60,60,61,0,0,0,,,,,0,,,,61,66,59,57,66,59,61,65,66,75,0,0,0,False,,,0,,,,,,0,50,finesse_sp,
P1363,John,Doe,1991-09-22,71,205,Unknown,dark,brown,clean_shaven,R,LF,,0,,,51,47,75,53,53,47,56,49,48,49,,,,,,,,,,,,49,43,65,47,53,0,0,49,48,41,,,,,,,,,,,,False,,,0,,,,,,0,50,,speed
P9129,John,Doe,1999-09-09,68,234,Unknown,dark,black,beard,R,C,,0,,,51,47,70,52,50,48,60,51,51,51,,,,,,,,,,,,63,56,75,57,50,0,0,51,57,66,,,,,,,,,,,,False,,,0,,,,,,0,50,,speed
P8654,John,Doe,2001-04-06,75,163,Unknown,light,black,clean_shaven,S,SS,,0,,,51,51,50,51,52,49,55,51,51,51,,,,,,,,,,,,63,66,62,57,52,0,0,51,64,57,,,,,,,,,,,,False,,,0,,,,,,0,50,,gap
P1401,John,Doe,1996-03-28,71,176,Unknown,light,black,clean_shaven,L,LF,,0,,,62,50,50,54,49,50,49,52,51,53,,,,,,,,,,,,63,51,55,57,49,0,0,52,55,57,,,,,,,,,,,,False,,,0,,,,,,0,50,,spray
P3715,John,Doe,2001-07-20,78,222,Unknown,light,black,goatee,R,2B,,0,,,58,51,52,57,51,47,59,49,50,49,,,,,,,,,,,,67,65,58,69,51,0,0,49,57,64,,,,,,,,,,,,False,,,0,,,,,,0,50,,spray
P9377,John,Doe,2001-03-19,78,183,Unknown,light,black,clean_shaven,R,RF,,0,,,51,52,49,52,50,53,59,51,48,50,,,,,,,,,,,,57,65,56,66,50,0,0,51,57,65,,,,,,,,,,,,False,,,0,,,,,,0,50,,average
P5854,John,Doe,2003-06-13,76,196,Unknown,medium,brown,clean_shaven,L,SS,,0,,,50,48,50,49,51,52,47,48,49,51,,,,,,,,,,,,61,63,60,60,51,0,0,48,61,56,,,,,,,,,,,,False,,,0,,,,,,0,50,,average
P5632,John,Doe,1997-04-20,77,246,Unknown,medium,blonde,clean_shaven,L,RF,,0,,,49,47,85,50,53,51,43,50,50,49,,,,,,,,,,,,52,50,81,50,53,0,0,50,45,45,,,,,,,,,,,,False,,,0,,,,,,0,50,,elite_speed
P2486,John,Doe,2005-12-11,77,217,Unknown,light,black,clean_shaven,R,P,,1,RP,CL,,,,,55,,,,48,53,48,53,58,49,54,56,0,65,0,0,0,,,,,0,,,,60,64,65,72,69,68,82,75,0,85,0,0,0,False,,,0,,,,,,0,50,closer,
P4355,John,Doe,2006-10-17,74,223,Unknown,dark,brown,clean_shaven,R,P,,1,RP,RP,,,,,52,,,,48,52,51,52,52,53,48,59,60,0,0,0,0,,,,,0,,,,71,73,82,67,61,73,65,72,87,0,0,0,0,False,,,0,,,,,,0,50,finesse_rp,
P8770,John,Doe,2006-06-03,78,229,Unknown,light,black,clean_shaven,L,P,,1,RP,SP,,,,,51,,,,48,51,54,51,53,50,51,61,63,59,0,0,0,,,,,0,,,,74,69,73,76,83,71,71,91,75,89,0,0,0,False,,,0,,,,,,0,50,balanced_sp,
P7762,John,Doe,2004-05-10,77,210,Unknown,dark,black,clean_shaven,L,P,,1,RP,SP,,,,,52,,,,48,48,52,50,52,52,49,62,59,0,59,0,0,,,,,0,,,,65,71,75,69,81,68,69,89,69,0,80,0,0,False,,,0,,,,,,0,50,groundball_sp,
P6567,John,Doe,2007-11-21,71,218,Unknown,light,brown,clean_shaven,R,P,,1,RP,RP,,,,,54,,,,51,51,49,50,53,51,50,0,0,0,61,0,0,,,,,0,,,,78,65,80,81,65,73,67,0,0,0,85,0,0,False,,,0,,,,,,0,50,groundball_rp,
P6635,John,Doe,2006-07-08,75,248,Unknown,dark,black,clean_shaven,R,2B,,0,,,51,61,47,50,50,51,59,51,51,52,,,,,,,,,,,,76,77,70,64,50,0,0,51,65,72,,,,,,,,,,,,False,,,0,,,,,,0,50,,power
P6634,John,Doe,2005-08-27,72,237,Unknown,medium,brown,clean_shaven,R,2B,,0,,,59,51,49,57,52,49,58,48,49,51,,,,,,,,,,,,87,64,67,69,52,0,0,48,75,74,,,,,,,,,,,,False,,,0,,,,,,0,50,,gap
P3153,John,Doe,2007-09-07,73,230,Unknown,light,black,clean_shaven,L,C,,0,,,53,61,49,50,50,49,51,53,53,52,,,,,,,,,,,,65,90,78,66,50,0,0,53,71,67,,,,,,,,,,,,False,,,0,,,,,,0,50,,power
P5046,John,Doe,2005-11-09,75,166,Unknown,dark,brown,goatee,L,3B,LF,0,,,49,48,47,48,53,51,49,49,48,48,,,,,,,,,,,,69,58,69,60,53,0,0,49,68,59,,,,,,,,,,,,False,,,0,,,,,,0,50,,average
P4079,John,Doe,2007-01-10,71,170,Unknown,dark,brown,clean_shaven,R,SS,,0,,,53,53,49,49,51,49,58,48,49,50,,,,,,,,,,,,81,70,66,77,51,0,0,48,78,73,,,,,,,,,,,,False,,,0,,,,,,0,50,,gap
P4097,John,Doe,2002-08-23,69,184,Unknown,medium,brown,mustache,L,P,,1,RP,CL,,,,,55,,,,49,53,50,50,52,51,53,0,59,66,0,0,0,,,,,0,,,,56,64,59,63,62,60,61,0,65,80,0,0,0,False,,,0,,,,,,0,50,closer,
P8849,John,Doe,2002-12-10,73,240,Unknown,light,brown,clean_shaven,L,P,,1,RP,SP,,,,,53,,,,49,49,53,51,52,50,52,62,0,58,0,0,0,,,,,0,,,,64,59,61,62,62,64,60,72,0,71,0,0,0,False,,,0,,,,,,0,50,balanced_sp,
P4623,John,Doe,1992-07-17,69,190,Unknown,light,black,beard,L,P,,1,RP,RP,,,,,49,,,,49,53,49,50,52,52,50,60,61,0,0,0,0,,,,,0,,,,42,47,40,43,44,50,46,52,57,0,0,0,0,False,,,0,,,,,,0,50,finesse_rp,
P7853,John,Doe,1990-10-28,78,196,Unknown,dark,brown,clean_shaven,L,P,,1,RP,RP,,,,,49,,,,49,52,51,50,52,53,53,0,62,0,0,0,0,,,,,0,,,,48,48,42,49,49,44,53,0,53,0,0,0,0,False,,,0,,,,,,0,50,power_rp,
P7295,John,Doe,1995-08-14,76,208,Unknown,light,black,clean_shaven,L,P,,1,RP,RP,,,,,51,,,,50,53,50,53,52,50,51,0,62,0,0,0,0,,,,,0,,,,50,54,49,51,53,50,53,0,58,0,0,0,0,False,,,0,,,,,,0,50,finesse_rp,
P1783,John,Doe,1991-12-21,75,227,Unknown,medium,black,clean_shaven,R,P,,1,RP,SP,,,,,52,,,,52,52,52,50,52,51,51,59,61,60,0,0,0,,,,,0,,,,46,52,47,48,51,45,43,53,56,53,0,0,0,False,,,0,,,,,,0,50,balanced_sp,
P1951,John,Doe,1991-04-13,68,237,Unknown,dark,brown,beard,L,P,,1,RP,SP,,,,,50,,,,47,50,54,50,52,51,50,60,0,60,0,0,0,,,,,0,,,,43,40,46,48,51,50,44,51,0,53,0,0,0,False,,,0,,,,,,0,50,workhorse_sp,
P5403,John,Doe,1992-01-20,68,173,Unknown,medium,brown,clean_shaven,R,P,,1,RP,SP,,,,,48,,,,49,53,51,50,52,49,52,0,63,59,0,0,0,,,,,0,,,,46,53,50,45,43,45,45,0,54,49,0,0,0,False,,,0,,,,,,0,50,power_sp,
P3275,John,Doe,2001-03-30,74,250,Unknown,dark,black,clean_shaven,L,P,,1,RP,SP,,,,,51,,,,51,51,51,52,52,51,52,58,63,58,0,58,0,,,,,0,,,,66,61,63,59,56,59,62,67,71,70,0,64,0,False,,,0,,,,,,0,50,workhorse_sp,
P1611,John,Doe,1998-06-02,70,227,Unknown,light,black,clean_shaven,R,P,,1,RP,RP,,,,,49,,,,49,53,51,52,52,50,52,0,58,63,0,0,0,,,,,0,,,,62,62,63,65,57,57,61,0,67,74,0,0,0,False,,,0,,,,,,0,50,power_rp,
P5953,John,Doe,1996-03-26,74,179,Unknown,medium,black,goatee,L,P,,1,RP,SP,,,,,49,,,,51,52,54,53,52,48,51,61,58,61,0,0,0,,,,,0,,,,48,52,54,47,52,53,52,57,63,65,0,0,0,False,,,0,,,,,,0,50,balanced_sp,
P5337,John,Doe,1990-05-16,71,168,Unknown,dark,blonde,beard,R,C,,0,,,54,54,50,53,49,52,60,51,50,51,,,,,,,,,,,,47,51,43,46,49,0,0,51,48,51,,,,,,,,,,,,False,,,0,,,,,,0,50,,gap
P6110,John,Doe,1992-05-11,74,228,Unknown,medium,brown,clean_shaven,R,1B,,0,,,52,58,51,51,49,51,54,51,48,49,,,,,,,,,,,,47,57,47,47,49,0,0,51,40,39,,,,,,,,,,,,False,,,0,,,,,,0,50,,gap
P3514,John,Doe,1993-01-21,78,189,Unknown,light,blonde,clean_shaven,R,2B,,0,,,53,51,50,52,52,51,55,49,48,51,,,,,,,,,,,,48,46,49,44,52,0,0,49,47,48,,,,,,,,,,,,False,,,0,,,,,,0,50,,balanced
P1300,John,Doe,2001-08-01,72,176,Unknown,medium,brown,goatee,R,3B,,0,,,50,50,48,49,53,50,55,49,48,51,,,,,,,,,,,,59,56,54,62,53,0,0,49,56,60,,,,,,,,,,,,False,,,0,,,,,,0,50,,average
P7650,John,Doe,1987-11-09,69,205,Unknown,dark,black,clean_shaven,R,SS,,0,,,54,47,52,53,53,46,56,50,51,51,,,,,,,,,,,,46,46,46,43,53,0,0,50,43,46,,,,,,,,,,,,False,,,0,,,,,,0,50,,spray
P9826,John,Doe,1991-12-24,73,235,Unknown,light,black,mustache,R,LF,,0,,,53,47,53,52,52,47,55,50,48,51,,,,,,,,,,,,45,43,49,45,52,0,0,50,47,47,,,,,,,,,,,,False,,,0,,,,,,0,50,,spray
P5990,John,Doe,1995-11-05,70,197,Unknown,dark,brown,clean_shaven,L,CF,,0,,,50,51,51,51,52,52,49,47,50,48,,,,,,,,,,,,48,50,54,54,52,0,0,47,45,44,,,,,,,,,,,,False,,,0,,,,,,0,50,,gap
P7819,John,Doe,1999-01-01,78,235,Unknown,medium,black,beard,L,RF,,0,,,53,63,48,50,49,51,45,51,49,52,,,,,,,,,,,,66,70,53,56,49,0,0,51,54,58,,,,,,,,,,,,False,,,0,,,,,,0,50,,power
P2410,John,Doe,1994-08-14,75,208,Unknown,dark,red,clean_shaven,R,3B,,0,,,52,62,50,51,49,54,56,50,52,51,,,,,,,,,,,,50,67,53,56,49,0,0,50,55,52,,,,,,,,,,,,False,,,0,,,,,,0,50,,power
P1385,John,Doe,1998-10-20,77,187,Unknown,medium,brown,clean_shaven,R,C,,0,,,51,52,87,53,52,50,57,49,53,49,,,,,,,,,,,,63,62,99,63,52,0,0,49,58,58,,,,,,,,,,,,False,,,0,,,,,,0,50,,speed
P8017,John,Doe,2004-12-27,73,169,Unknown,dark,red,clean_shaven,R,SS,,0,,,51,54,50,51,51,49,56,49,48,50,,,,,,,,,,,,63,74,71,77,51,0,0,49,64,68,,,,,,,,,,,,False,,,0,,,,,,0,50,,balanced
P9254,John,Doe,1998-08-06,71,183,Unknown,medium,red,clean_shaven,S,CF,,0,,,50,51,50,49,50,51,46,52,48,49,,,,,,,,,,,,57,58,65,57,50,0,0,52,55,57,,,,,,,,,,,,False,,,0,,,,,,0,50,,average
P4886,John,Doe,2000-09-12,72,201,Unknown,light,brown,clean_shaven,S,3B,,0,,,52,63,48,51,48,50,51,49,52,52,,,,,,,,,,,,58,71,56,64,48,0,0,49,67,60,,,,,,,,,,,,False,,,0,,,,,,0,50,,power
P1437,John,Doe,2000-05-20,74,205,Unknown,light,black,goatee,R,LF,RF,0,,,58,55,52,52,48,49,56,50,49,50,,,,,,,,,,,,71,66,65,64,48,0,0,50,57,63,,,,,,,,,,,,False,,,0,,,,,,0,50,,gap
P7861,John,Doe,1991-05-21,70,192,Unknown,light,blonde,clean_shaven,R,P,,1,RP,CL,,,,,55,,,,51,53,48,50,52,50,55,59,59,67,0,0,0,,,,,0,,,,43,47,42,42,47,44,48,49,56,66,0,0,0,False,,,0,,,,,,0,50,closer,
P1660,John,Doe,2004-06-09,69,190,Unknown,dark,black,clean_shaven,L,P,,1,RP,SP,,,,,50,,,,52,52,52,53,52,51,52,58,61,62,0,0,0,,,,,0,,,,73,69,80,68,70,80,67,73,87,83,0,0,0,False,,,0,,,,,,0,50,balanced_sp,
P2166,John,Doe,1990-08-03,71,189,Unknown,medium,black,clean_shaven,R,P,,1,RP,SP,,,,,49,,,,51,51,50,50,52,52,50,62,59,58,0,55,0,,,,,0,,,,51,51,50,46,41,51,42,53,50,50,0,50,0,False,,,0,,,,,,0,50,balanced_sp,
P8293,John,Doe,2005-02-19,73,200,Unknown,medium,brown,clean_shaven,R,P,,1,RP,SP,,,,,51,,,,52,53,52,51,52,48,53,0,0,61,58,0,0,,,,,0,,,,65,77,65,70,82,59,80,0,0,77,86,0,0,False,,,0,,,,,,0,50,groundball_sp,
P4473,John,Doe,2003-03-02,69,224,Unknown,light,black,clean_shaven,L,P,,1,RP,RP,,,,,53,,,,51,49,53,50,54,52,49,59,0,0,62,0,0,,,,,0,,,,66,54,57,60,65,58,54,72,0,0,77,0,0,False,,,0,,,,,,0,50,groundball_rp,
P4345,John,Doe,1993-10-03,73,194,Unknown,light,black,beard,R,P,,1,RP,SP,,,,,50,,,,49,50,51,53,53,50,52,0,0,59,60,0,0,,,,,0,,,,43,49,45,44,47,49,48,0,0,51,58,0,0,False,,,0,,,,,,0,50,groundball_sp,
P6701,John,Doe,2001-03-23,75,239,Unknown,light,blonde,clean_shaven,R,P,,1,RP,RP,,,,,52,,,,52,50,48,53,52,50,51,0,61,0,0,0,0,,,,,0,,,,64,65,63,64,60,63,63,0,70,0,0,0,0,False,,,0,,,,,,0,50,finesse_rp,
P1733,John,Doe,1994-04-02,70,219,Unknown,medium,brown,goatee,R,3B,,0,,,48,49,52,49,51,48,57,51,49,48,,,,,,,,,,,,43,46,51,49,51,0,0,51,53,51,,,,,,,,,,,,False,,,0,,,,,,0,50,,balanced
P3305,John,Doe,2001-08-28,77,226,Unknown,medium,black,clean_shaven,R,C,,0,,,52,50,47,52,53,51,57,53,51,49,,,,,,,,,,,,58,58,54,59,53,0,0,53,62,57,,,,,,,,,,,,False,,,0,,,,,,0,50,,average
P6483,John,Doe,1988-01-30,68,240,Unknown,light,brown,beard,R,LF,RF,0,,,53,60,52,52,49,52,60,50,49,53,,,,,,,,,,,,47,55,46,49,49,0,0,50,45,53,,,,,,,,,,,,False,,,0,,,,,,0,50,,gap
P2660,John,Doe,2003-01-08,71,207,Unknown,dark,brown,goatee,R,C,,0,,,49,51,52,50,49,50,60,52,50,50,,,,,,,,,,,,60,63,62,63,49,0,0,52,57,65,,,,,,,,,,,,False,,,0,,,,,,0,50,,balanced
P9277,John,Doe,2001-06-15,75,202,Unknown,dark,black,mustache,R,1B,,0,,,51,58,51,50,50,49,53,52,50,53,,,,,,,,,,,,59,65,62,55,50,0,0,52,61,67,,,,,,,,,,,,False,,,0,,,,,,0,50,,gap
P1740,John,Doe,1990-04-18,75,208,Unknown,dark,brown,clean_shaven,R,CF,,0,,,59,52,48,51,52,47,50,48,47,52,,,,,,,,,,,,53,43,44,42,52,0,0,48,39,49,,,,,,,,,,,,False,,,0,,,,,,0,50,,spray
P1192,John,Doe,1991-11-28,69,239,Unknown,light,brown,clean_shaven,R,SS,,0,,,50,49,72,51,49,48,59,50,53,51,,,,,,,,,,,,48,46,71,42,49,0,0,50,53,47,,,,,,,,,,,,False,,,0,,,,,,0,50,,speed
P3386,John,Doe,1993-03-09,75,190,Unknown,light,black,beard,S,1B,,0,,,50,50,52,51,50,50,54,50,49,49,,,,,,,,,,,,43,50,51,49,50,0,0,50,47,47,,,,,,,,,,,,False,,,0,,,,,,0,50,,balanced
P8393,John,Doe,2007-01-04,76,161,Unknown,medium,brown,goatee,R,P,,1,RP,CL,,,,,55,,,,52,53,51,50,54,49,53,58,0,65,0,0,0,,,,,0,,,,79,81,78,75,79,61,70,72,0,83,0,0,0,False,,,0,,,,,,0,50,closer,
P7087,John,Doe,2007-09-26,72,165,Unknown,medium,blonde,clean_shaven,R,P,,1,RP,SP,,,,,48,,,,52,49,52,50,54,52,52,61,63,61,58,0,0,,,,,0,,,,70,59,78,75,67,69,76,88,93,88,69,0,0,False,,,0,,,,,,0,50,workhorse_sp,
P9659,John,Doe,2007-12-13,76,178,Unknown,light,black,clean_shaven,R,P,,1,RP,SP,,,,,51,,,,49,49,51,50,54,52,49,61,60,0,0,0,0,,,,,0,,,,76,78,60,65,66,76,64,76,70,0,0,0,0,False,,,0,,,,,,0,50,finesse_sp,
P9187,John,Doe,2007-05-14,78,179,Unknown,light,black,beard,L,P,,1,RP,SP,,,,,48,,,,52,51,50,51,52,50,51,61,62,63,0,0,0,,,,,0,,,,74,79,71,75,67,76,61,86,87,77,0,0,0,False,,,0,,,,,,0,50,workhorse_sp,
P1672,John,Doe,2005-07-20,71,190,Unknown,medium,black,beard,R,P,,1,RP,SP,,,,,50,,,,49,51,51,53,54,49,50,60,60,0,58,56,0,,,,,0,,,,74,63,74,83,63,70,60,73,88,0,85,67,0,False,,,0,,,,,,0,50,finesse_sp,
P2615,John,Doe,2006-06-03,75,193,Unknown,dark,brown,goatee,L,LF,,0,,,53,48,70,51,49,50,48,53,49,51,,,,,,,,,,,,63,74,99,77,49,0,0,53,64,61,,,,,,,,,,,,False,,,0,,,,,,0,50,,speed
P3697,John,Doe,2005-11-26,69,185,Unknown,dark,black,mustache,R,RF,,0,,,50,51,85,50,52,51,57,48,48,51,,,,,,,,,,,,69,67,97,71,52,0,0,48,58,65,,,,,,,,,,,,False,,,0,,,,,,0,50,,elite_speed
P3048,John,Doe,2005-06-07,73,185,Unknown,dark,brown,clean_shaven,L,LF,,0,,,49,64,50,51,51,54,48,50,52,52,,,,,,,,,,,,59,86,71,63,51,0,0,50,79,63,,,,,,,,,,,,False,,,0,,,,,,0,50,,power
P6495,John,Doe,2007-12-05,74,238,Unknown,dark,black,clean_shaven,R,C,,0,,,52,50,48,52,52,50,55,52,52,52,,,,,,,,,,,,78,74,74,81,52,0,0,52,77,79,,,,,,,,,,,,False,,,0,,,,,,0,50,,gap
P8021,John,Doe,2006-08-26,74,191,Unknown,dark,black,clean_shaven,L,3B,,0,,,49,52,52,50,50,49,48,53,52,49,,,,,,,,,,,,64,65,63,79,50,0,0,53,62,68,,,,,,,,,,,,False,,,0,,,,,,0,50,,balanced
P5798,John,Doe,2004-11-06,71,176,Unknown,medium,red,mustache,R,P,,1,RP,CL,,,,,55,,,,51,51,52,50,52,49,55,57,0,65,0,0,0,,,,,0,,,,76,80,74,73,63,63,74,87,0,81,0,0,0,False,,,0,,,,,,0,50,closer,
P5548,John,Doe,1998-03-27,72,237,Unknown,light,red,clean_shaven,L,P,,1,RP,RP,,,,,56,,,,51,52,49,50,52,52,51,57,58,0,62,0,0,,,,,0,,,,56,64,60,67,54,57,57,71,71,0,75,0,0,False,,,0,,,,,,0,50,groundball_rp,
P5277,John,Doe,1996-06-04,73,172,Unknown,medium,brown,clean_shaven,R,P,,1,RP,RP,,,,,53,,,,51,52,52,52,53,53,53,0,61,0,0,0,0,,,,,0,,,,55,50,52,50,55,48,48,0,63,0,0,0,0,False,,,0,,,,,,0,50,power_rp,
P7013,John,Doe,2001-02-16,73,214,Unknown,medium,brown,mustache,R,P,,1,RP,RP,,,,,51,,,,49,50,49,50,54,50,52,61,60,0,59,0,0,,,,,0,,,,60,55,61,62,54,59,57,71,69,0,67,0,0,False,,,0,,,,,,0,50,finesse_rp,
P7138,John,Doe,2002-06-16,72,193,Unknown,light,brown,clean_shaven,R,P,,1,RP,SP,,,,,53,,,,52,49,53,52,52,49,50,0,61,60,58,0,0,,,,,0,,,,59,59,62,63,59,56,56,0,76,68,63,0,0,False,,,0,,,,,,0,50,groundball_sp,
P7396,John,Doe,1989-09-17,74,166,Unknown,light,black,mustache,R,P,,1,RP,RP,,,,,50,,,,48,48,53,50,52,51,54,61,60,67,0,0,0,,,,,0,,,,48,39,46,52,43,47,49,57,57,59,0,0,0,False,,,0,,,,,,0,50,finesse_rp,
P1038,John,Doe,1994-02-28,70,169,Unknown,dark,blonde,clean_shaven,R,P,,1,RP,SP,,,,,49,,,,51,52,52,51,52,50,53,59,64,0,0,55,0,,,,,0,,,,49,49,50,52,42,49,46,54,62,0,0,47,0,False,,,0,,,,,,0,50,finesse_sp,
P7274,John,Doe,1996-06-05,72,220,Unknown,medium,blonde,clean_shaven,R,P,,1,RP,RP,,,,,48,,,,48,52,52,51,52,49,53,0,0,64,0,0,0,,,,,0,,,,48,57,48,54,57,54,49,0,0,62,0,0,0,False,,,0,,,,,,0,50,power_rp,
P3423,John,Doe,2004-04-04,71,224,Unknown,light,black,mustache,R,P,,1,RP,RP,,,,,53,,,,52,53,51,50,52,52,53,0,0,0,60,0,0,,,,,0,,,,80,83,69,70,69,69,79,0,0,0,86,0,0,False,,,0,,,,,,0,50,groundball_rp,
P7995,John,Doe,1991-11-30,68,239,Unknown,medium,brown,mustache,L,P,,1,RP,LR,,,,,52,,,,52,52,51,53,52,49,50,0,58,0,0,0,0,,,,,0,,,,48,43,52,46,42,44,46,0,49,0,0,0,0,False,,,0,,,,,,0,50,long_relief,
P3443,John,Doe,1991-06-12,70,184,Unknown,medium,blonde,clean_shaven,R,P,,1,RP,RP,,,,,53,,,,49,51,51,50,54,51,48,59,0,0,59,0,0,,,,,0,,,,48,45,43,47,46,45,47,55,0,0,49,0,0,False,,,0,,,,,,0,50,groundball_rp,
P2828,John,Doe,1999-04-18,73,247,Unknown,light,brown,clean_shaven,R,C,,0,,,57,50,50,52,50,47,56,50,53,52,,,,,,,,,,,,69,63,59,66,50,0,0,50,62,62,,,,,,,,,,,,False,,,0,,,,,,0,50,,spray
P6692,John,Doe,2005-02-09,78,180,Unknown,light,blonde,clean_shaven,L,1B,,0,,,52,60,52,52,50,51,44,49,49,49,,,,,,,,,,,,67,72,73,80,50,0,0,49,77,70,,,,,,,,,,,,False,,,0,,,,,,0,50,,power
P4746,John,Doe,2004-08-06,74,165,Unknown,medium,brown,clean_shaven,S,2B,,0,,,51,63,52,51,50,50,54,50,51,52,,,,,,,,,,,,71,82,67,76,50,0,0,50,77,63,,,,,,,,,,,,False,,,0,,,,,,0,50,,power
P2145,John,Doe,1990-01-09,77,220,Unknown,medium,black,mustache,R,3B,,0,,,48,56,52,51,50,52,58,49,50,51,,,,,,,,,,,,47,52,46,51,50,0,0,49,45,47,,,,,,,,,,,,False,,,0,,,,,,0,50,,power
P4022,John,Doe,1989-03-25,78,201,Unknown,medium,black,mustache,R,SS,,0,,,50,52,49,51,52,50,59,53,51,48,,,,,,,,,,,,40,42,48,50,52,0,0,53,49,41,,,,,,,,,,,,False,,,0,,,,,,0,50,,balanced
P9986,John,Doe,1998-04-25,70,185,Unknown,light,red,clean_shaven,L,LF,,0,,,50,52,49,50,53,52,50,51,49,52,,,,,,,,,,,,63,65,56,59,53,0,0,51,54,57,,,,,,,,,,,,False,,,0,,,,,,0,50,,balanced
P5699,John,Doe,2001-02-25,68,222,Unknown,medium,black,beard,L,CF,LF,0,,,49,56,53,49,47,53,46,49,50,53,,,,,,,,,,,,62,61,61,59,47,0,0,49,63,61,,,,,,,,,,,,False,,,0,,,,,,0,50,,power
P4238,John,Doe,1996-02-27,73,179,Unknown,light,brown,beard,L,RF,,0,,,50,51,51,51,53,48,48,49,50,51,,,,,,,,,,,,51,50,53,46,53,0,0,49,49,51,,,,,,,,,,,,False,,,0,,,,,,0,50,,average
P9390,John,Doe,2001-09-20,78,246,Unknown,light,blonde,clean_shaven,L,RF,,0,,,53,61,48,52,50,53,48,51,48,50,,,,,,,,,,,,65,72,56,65,50,0,0,51,62,56,,,,,,,,,,,,False,,,0,,,,,,0,50,,power
P3031,John,Doe,1992-11-15,73,167,Unknown,light,blonde,clean_shaven,R,SS,,0,,,49,51,52,50,49,51,59,52,50,51,,,,,,,,,,,,44,48,45,47,49,0,0,52,42,45,,,,,,,,,,,,False,,,0,,,,,,0,50,,average
P4510,John,Doe,1995-06-15,78,182,Unknown,dark,black,clean_shaven,R,RF,,0,,,56,54,52,54,48,48,51,49,48,51,,,,,,,,,,,,60,55,53,53,48,0,0,49,43,48,,,,,,,,,,,,False,,,0,,,,,,0,50,,gap
P1348,John,Doe,1997-05-16,69,226,Unknown,medium,brown,clean_shaven,L,LF,,0,,,53,49,49,49,50,52,47,50,50,50,,,,,,,,,,,,53,51,53,51,50,0,0,50,54,54,,,,,,,,,,,,False,,,0,,,,,,0,50,,average
P6673,John,Doe,1989-07-06,76,231,Unknown,light,black,beard,S,RF,,0,,,51,52,52,52,49,51,50,51,49,52,,,,,,,,,,,,45,46,44,49,49,0,0,51,40,52,,,,,,,,,,,,False,,,0,,,,,,0,50,,average
P7433,John,Doe,1993-09-05,72,238,Unknown,medium,black,clean_shaven,L,RF,,0,,,50,52,51,49,52,50,48,51,49,53,,,,,,,,,,,,42,50,45,49,52,0,0,51,42,43,,,,,,,,,,,,False,,,0,,,,,,0,50,,average
P2503,John,Doe,1990-01-19,75,173,Unknown,light,black,clean_shaven,L,P,,1,RP,CL,,,,,55,,,,49,54,48,50,53,49,53,59,59,65,0,0,0,,,,,0,,,,39,52,50,47,46,39,43,50,53,60,0,0,0,False,,,0,,,,,,0,50,closer,
P9663,John,Doe,2002-11-28,68,235,Unknown,dark,black,beard,S,P,,1,RP,SP,,,,,52,,,,48,50,53,51,54,48,51,58,63,61,59,0,0,,,,,0,,,,54,56,58,62,64,63,61,64,77,73,66,0,0,False,,,0,,,,,,0,50,power_sp,
P8645,John,Doe,1998-12-28,76,191,Unknown,dark,brown,clean_shaven,L,P,,1,RP,SP,,,,,54,,,,52,52,52,50,53,52,52,58,0,0,60,0,0,,,,,0,,,,60,60,58,61,57,67,57,68,0,0,70,0,0,False,,,0,,,,,,0,50,groundball_sp,
P2919,John,Doe,1987-06-21,77,184,Unknown,dark,blonde,clean_shaven,R,P,,1,RP,SP,,,,,48,,,,50,51,51,50,53,53,50,61,62,60,57,0,0,,,,,0,,,,40,41,42,50,46,52,49,55,53,50,50,0,0,False,,,0,,,,,,0,50,finesse_sp,
P2567,John,Doe,1989-06-13,73,231,Unknown,dark,brown,beard,R,P,,1,RP,RP,,,,,49,,,,52,50,52,50,53,51,55,0,59,63,0,58,0,,,,,0,,,,49,42,43,53,46,41,50,0,50,62,0,55,0,False,,,0,,,,,,0,50,power_rp,
P7012,John,Doe,1998-12-22,76,192,Unknown,medium,brown,clean_shaven,L,P,,1,RP,SP,,,,,50,,,,51,50,54,53,52,49,53,60,62,61,0,0,0,,,,,0,,,,64,60,61,64,64,64,61,70,77,73,0,0,0,False,,,0,,,,,,0,50,balanced_sp,
P7994,John,Doe,1988-03-06,78,192,Unknown,dark,blonde,clean_shaven,R,P,,1,RP,SP,,,,,48,,,,51,51,50,51,52,51,50,59,59,0,0,0,0,,,,,0,,,,45,41,49,48,40,45,44,51,55,0,0,0,0,False,,,0,,,,,,0,50,workhorse_sp,
P5938,John,Doe,2001-04-13,76,192,Unknown,medium,brown,clean_shaven,L,2B,,0,,,59,50,54,52,52,46,52,48,50,49,,,,,,,,,,,,73,64,63,65,52,0,0,48,56,54,,,,,,,,,,,,False,,,0,,,,,,0,50,,spray
P6750,John,Doe,1989-04-10,72,247,Unknown,medium,brown,clean_shaven,S,3B,,0,,,50,60,51,51,46,53,53,52,51,50,,,,,,,,,,,,45,60,51,46,46,0,0,52,42,40,,,,,,,,,,,,False,,,0,,,,,,0,50,,power
P8215,John,Doe,1992-01-19,70,170,Unknown,medium,black,clean_shaven,S,1B,,0,,,59,49,53,53,51,48,54,52,52,51,,,,,,,,,,,,54,48,45,45,51,0,0,52,49,44,,,,,,,,,,,,False,,,0,,,,,,0,50,,spray
P4194,John,Doe,1996-05-19,76,210,Unknown,light,brown,clean_shaven,R,3B,,0,,,60,51,53,52,52,49,58,51,48,52,,,,,,,,,,,,65,51,51,50,52,0,0,51,46,56,,,,,,,,,,,,False,,,0,,,,,,0,50,,spray
P2988,John,Doe,1998-11-10,76,245,Unknown,light,black,clean_shaven,R,3B,,0,,,52,53,50,52,49,52,58,53,51,52,,,,,,,,,,,,65,65,63,60,49,0,0,53,63,66,,,,,,,,,,,,False,,,0,,,,,,0,50,,balanced
P6786,John,Doe,1987-08-12,69,209,Unknown,dark,red,beard,R,SS,,0,,,51,51,51,50,49,49,55,52,48,49,,,,,,,,,,,,51,42,48,43,49,0,0,52,47,47,,,,,,,,,,,,False,,,0,,,,,,0,50,,balanced
P6814,John,Doe,2001-06-22,74,226,Unknown,light,brown,clean_shaven,R,2B,,0,,,52,50,51,52,53,52,56,49,51,50,,,,,,,,,,,,59,58,66,61,53,0,0,49,56,62,,,,,,,,,,,,False,,,0,,,,,,0,50,,balanced
P9926,John,Doe,2000-03-05,71,193,Unknown,dark,black,beard,R,LF,,0,,,53,50,70,52,52,51,56,52,50,52,,,,,,,,,,,,67,58,77,60,52,0,0,52,65,66,,,,,,,,,,,,False,,,0,,,,,,0,50,,speed
P1498,John,Doe,2006-08-07,68,220,Unknown,dark,brown,clean_shaven,L,P,,1,RP,CL,,,,,55,,,,51,52,51,52,52,50,54,59,0,65,0,0,0,,,,,0,,,,66,63,67,82,72,65,82,89,0,91,0,0,0,False,,,0,,,,,,0,50,closer,
P6131,John,Doe,2005-04-08,71,202,Unknown,medium,black,clean_shaven,L,P,,1,RP,SP,,,,,51,,,,50,52,50,50,54,50,54,0,60,58,0,0,0,,,,,0,,,,74,76,73,65,60,71,69,0,76,76,0,0,0,False,,,0,,,,,,0,50,power_sp,
P6337,John,Doe,2004-11-15,71,223,Unknown,dark,blonde,clean_shaven,R,P,,1,RP,RP,,,,,49,,,,52,49,50,54,52,51,53,57,60,63,0,0,0,,,,,0,,,,76,60,65,66,68,70,68,82,73,75,0,0,0,False,,,0,,,,,,0,50,finesse_rp,
P6685,John,Doe,2006-01-19,74,233,Unknown,light,black,clean_shaven,S,P,,1,RP,SP,,,,,51,,,,51,51,54,50,52,49,52,0,60,57,61,0,0,,,,,0,,,,63,80,62,81,78,59,63,0,88,68,76,0,0,False,,,0,,,,,,0,50,groundball_sp,
P4849,John,Doe,2005-11-22,68,235,Unknown,medium,black,clean_shaven,L,P,,1,RP,RP,,,,,52,,,,51,52,49,52,54,50,50,58,62,0,0,0,0,,,,,0,,,,64,62,64,78,60,73,64,87,91,0,0,0,0,False,,,0,,,,,,0,50,finesse_rp,
P7018,John,Doe,2007-05-03,75,203,Unknown,dark,black,clean_shaven,R,SS,,0,,,51,52,51,50,52,48,61,52,51,52,,,,,,,,,,,,79,70,61,66,52,0,0,52,78,82,,,,,,,,,,,,False,,,0,,,,,,0,50,,average
P5416,John,Doe,2006-06-13,69,211,Unknown,medium,black,clean_shaven,R,2B,,0,,,60,50,51,56,51,52,54,49,52,52,,,,,,,,,,,,79,74,79,83,51,0,0,49,70,81,,,,,,,,,,,,False,,,0,,,,,,0,50,,spray
P5229,John,Doe,2007-07-04,72,216,Unknown,light,brown,clean_shaven,R,3B,,0,,,53,46,72,52,54,52,57,51,51,52,,,,,,,,,,,,69,67,82,64,54,0,0,51,63,63,,,,,,,,,,,,False,,,0,,,,,,0,50,,speed
P6206,John,Doe,2007-05-10,75,184,Unknown,dark,brown,clean_shaven,S,C,,0,,,53,50,50,50,50,51,53,48,49,52,,,,,,,,,,,,83,72,66,72,50,0,0,48,65,75,,,,,,,,,,,,False,,,0,,,,,,0,50,,average
P6850,John,Doe,2007-01-31,75,209,Unknown,medium,black,clean_shaven,R,LF,,0,,,53,53,51,52,51,52,57,52,52,50,,,,,,,,,,,,78,63,81,71,51,0,0,52,62,78,,,,,,,,,,,,False,,,0,,,,,,0,50,,balanced
P6231,John,Doe,1990-11-19,68,231,Unknown,light,brown,clean_shaven,R,P,,1,RP,CL,,,,,55,,,,52,52,52,51,52,50,52,59,0,66,0,0,0,,,,,0,,,,42,46,51,50,51,41,50,50,0,56,0,0,0,False,,,0,,,,,,0,50,closer,
P8661,John,Doe,2002-03-28,76,235,Unknown,light,brown,beard,L,P,,1,RP,SP,,,,,51,,,,51,53,52,50,52,50,54,0,63,63,0,0,0,,,,,0,,,,62,59,56,65,60,59,64,0,77,72,0,0,0,False,,,0,,,,,,0,50,power_sp,
P4666,John,Doe,1988-07-20,76,170,Unknown,medium,brown,clean_shaven,R,P,,1,RP,RP,,,,,52,,,,48,53,52,50,52,49,52,0,62,67,0,56,0,,,,,0,,,,47,49,43,46,48,40,52,0,54,59,0,48,0,False,,,0,,,,,,0,50,power_rp,
P8545,John,Doe,1997-09-04,69,189,Unknown,medium,brown,clean_shaven,R,P,1B,1,RP,RP,,,,,52,,,,48,52,51,53,52,52,51,57,0,0,0,0,0,,,,,0,,,,49,52,58,57,52,53,48,61,0,0,0,0,0,False,,,0,,,,,,0,50,finesse_rp,
P8765,John,Doe,1996-05-17,77,228,Unknown,dark,brown,clean_shaven,R,P,,1,RP,RP,,,,,52,,,,51,53,52,50,54,51,54,0,60,66,0,0,0,,,,,0,,,,52,48,54,52,57,49,52,0,61,62,0,0,0,False,,,0,,,,,,0,50,power_rp,
P3132,John,Doe,1988-02-02,74,250,Unknown,light,brown,beard,R,P,,1,RP,RP,,,,,50,,,,49,51,49,52,52,51,51,62,60,0,0,55,0,,,,,0,,,,43,46,45,51,43,44,42,55,58,0,0,50,0,False,,,0,,,,,,0,50,finesse_rp,
P4918,John,Doe,1989-01-06,70,226,Unknown,dark,brown,goatee,R,P,,1,RP,SP,,,,,48,,,,52,49,54,53,52,52,50,61,63,0,0,0,0,,,,,0,,,,51,46,50,51,50,48,50,60,62,0,0,0,0,False,,,0,,,,,,0,50,workhorse_sp,
P9581,John,Doe,2004-06-26,71,236,Unknown,dark,brown,beard,S,P,,1,RP,SP,,,,,48,,,,51,50,51,52,54,51,52,0,60,62,56,0,0,,,,,0,,,,76,76,63,81,67,62,76,0,77,86,82,0,0,False,,,0,,,,,,0,50,power_sp,
P8897,John,Doe,1988-08-02,69,241,Unknown,light,black,clean_shaven,R,P,,1,RP,SP,,,,,52,,,,49,49,50,52,53,52,49,0,61,58,60,0,0,,,,,0,,,,46,44,42,49,48,46,46,0,59,53,56,0,0,False,,,0,,,,,,0,50,groundball_sp,
P1442,John,Doe,2003-08-21,77,191,Unknown,light,blonde,beard,L,P,,1,RP,SP,,,,,47,,,,51,51,52,50,52,52,51,62,59,61,0,56,0,,,,,0,,,,59,62,57,63,63,62,64,75,69,66,0,66,0,False,,,0,,,,,,0,50,finesse_sp,
P3117,John,Doe,1995-01-17,72,219,Unknown,light,black,mustache,S,P,,1,RP,SP,,,,,50,,,,50,51,52,52,54,50,49,0,62,0,61,0,0,,,,,0,,,,52,54,48,56,57,47,50,0,62,0,57,0,0,False,,,0,,,,,,0,50,groundball_sp,
P2879,John,Doe,2003-02-21,74,207,Unknown,light,brown,clean_shaven,R,C,,0,,,52,62,49,49,48,50,55,49,50,48,,,,,,,,,,,,66,77,61,57,48,0,0,49,56,59,,,,,,,,,,,,False,,,0,,,,,,0,50,,power
P4166,John,Doe,1990-05-07,69,177,Unknown,light,red,clean_shaven,L,1B,P,0,,,53,51,70,53,51,49,48,0,49,51,,,,,,,,,,,,46,49,69,48,51,0,0,0,48,46,,,,,,,,,,,,False,,,0,,,,,,0,50,,speed
P8749,John,Doe,2000-08-08,68,220,Unknown,dark,blonde,clean_shaven,R,2B,,0,,,62,51,52,56,53,51,57,53,52,51,,,,,,,,,,,,77,65,57,69,53,0,0,53,63,57,,,,,,,,,,,,False,,,0,,,,,,0,50,,spray
P9483,John,Doe,1996-08-23,71,195,Unknown,medium,black,clean_shaven,R,3B,,0,,,49,51,53,49,49,49,60,52,50,48,,,,,,,,,,,,44,49,55,52,49,0,0,52,50,48,,,,,,,,,,,,False,,,0,,,,,,0,50,,balanced
P8101,John,Doe,2000-11-17,73,235,Unknown,medium,brown,clean_shaven,R,SS,,0,,,51,50,53,50,52,50,57,51,50,51,,,,,,,,,,,,61,59,61,61,52,0,0,51,57,61,,,,,,,,,,,,False,,,0,,,,,,0,50,,balanced
P9005,John,Doe,1993-06-27,78,218,Unknown,light,blonde,mustache,L,LF,,0,,,50,64,51,49,51,53,47,52,53,53,,,,,,,,,,,,41,61,44,43,51,0,0,52,50,51,,,,,,,,,,,,False,,,0,,,,,,0,50,,power
P1589,John,Doe,1999-05-12,77,214,Unknown,medium,black,beard,L,CF,,0,,,48,54,50,49,53,49,46,52,48,49,,,,,,,,,,,,54,60,59,56,53,0,0,52,61,63,,,,,,,,,,,,False,,,0,,,,,,0,50,,average
P2268,John,Doe,1992-02-24,69,234,Unknown,light,blonde,clean_shaven,S,RF,,0,,,52,64,47,52,49,53,52,49,48,49,,,,,,,,,,,,52,55,41,43,49,0,0,49,44,46,,,,,,,,,,,,False,,,0,,,,,,0,50,,power
P9691,John,Doe,1997-08-20,78,194,Unknown,dark,blonde,clean_shaven,L,RF,,0,,,53,60,48,50,48,54,48,50,49,52,,,,,,,,,,,,51,60,53,51,48,0,0,50,51,56,,,,,,,,,,,,False,,,0,,,,,,0,50,,power
P6905,John,Doe,1990-02-18,76,168,Unknown,dark,blonde,goatee,R,CF,,0,,,51,50,50,50,52,53,55,47,49,51,,,,,,,,,,,,51,41,41,48,52,0,0,47,42,46,,,,,,,,,,,,False,,,0,,,,,,0,50,,average
P6003,John,Doe,2000-07-25,71,195,Unknown,dark,black,clean_shaven,R,1B,,0,,,49,52,50,49,49,53,55,49,48,51,,,,,,,,,,,,63,57,60,59,49,0,0,49,53,56,,,,,,,,,,,,False,,,0,,,,,,0,50,,average
P3063,John,Doe,1996-09-15,70,229,Unknown,medium,black,clean_shaven,R,RF,,0,,,51,60,49,51,49,51,55,49,52,48,,,,,,,,,,,,56,60,49,55,49,0,0,49,50,51,,,,,,,,,,,,False,,,0,,,,,,0,50,,power
P1294,John,Doe,1993-04-20,73,205,Unknown,dark,brown,clean_shaven,R,1B,,0,,,51,52,49,50,49,51,56,51,49,50,,,,,,,,,,,,43,43,43,49,49,0,0,51,47,42,,,,,,,,,,,,False,,,0,,,,,,0,50,,balanced
P1539,John,Doe,1987-11-20,74,205,Unknown,light,black,clean_shaven,R,RF,,0,,,51,63,49,49,47,51,56,49,50,51,,,,,,,,,,,,43,54,45,39,47,0,0,49,41,50,,,,,,,,,,,,False,,,0,,,,,,0,50,,power
P5186,John,Doe,1998-03-22,72,171,Unknown,dark,brown,clean_shaven,R,P,,1,RP,CL,,,,,55,,,,50,51,49,52,52,51,54,0,0,67,0,0,0,,,,,0,,,,61,58,58,62,54,58,62,0,0,82,0,0,0,False,,,0,,,,,,0,50,closer,
P2053,John,Doe,2000-12-30,71,236,Unknown,light,black,clean_shaven,R,P,,1,RP,SP,,,,,52,,,,50,48,54,53,53,52,49,61,60,59,0,54,0,,,,,0,,,,60,59,58,62,67,64,55,71,74,71,0,62,0,False,,,0,,,,,,0,50,finesse_sp,
P9880,John,Doe,1992-12-16,72,193,Unknown,light,brown,clean_shaven,S,P,,1,RP,SP,,,,,50,,,,51,50,50,50,52,50,53,59,60,0,61,0,0,,,,,0,,,,42,40,42,43,40,43,46,50,52,0,59,0,0,False,,,0,,,,,,0,50,groundball_sp,
P1623,John,Doe,1994-08-06,76,218,Unknown,light,brown,clean_shaven,L,P,,1,RP,SP,,,,,51,,,,52,49,50,50,54,48,50,0,59,59,0,0,0,,,,,0,,,,51,51,45,50,46,46,48,0,58,64,0,0,0,False,,,0,,,,,,0,50,workhorse_sp,
P6856,John,Doe,1990-09-06,76,233,Unknown,medium,black,clean_shaven,R,P,,1,RP,SP,,,,,52,,,,51,49,53,51,52,51,49,61,59,58,0,54,0,,,,,0,,,,44,48,48,49,45,45,42,52,50,50,0,51,0,False,,,0,,,,,,0,50,balanced_sp,
P5032,John,Doe,1992-01-10,75,181,Unknown,medium,blonde,beard,L,P,,1,RP,SP,,,,,53,,,,48,52,53,50,54,49,53,63,63,62,60,0,0,,,,,0,,,,43,47,49,46,53,45,49,54,63,61,58,0,0,False,,,0,,,,,,0,50,balanced_sp,
P6430,John,Doe,1992-05-28,75,176,Unknown,medium,black,mustache,R,P,,1,RP,RP,,,,,50,,,,50,52,52,50,53,52,52,0,61,0,0,0,0,,,,,0,,,,44,43,50,46,45,51,49,0,58,0,0,0,0,False,,,0,,,,,,0,50,finesse_rp,
P9546,John,Doe,1996-11-08,71,219,Unknown,medium,black,clean_shaven,R,C,,0,,,50,56,52,49,50,51,59,53,49,52,,,,,,,,,,,,54,57,56,46,50,0,0,53,51,50,,,,,,,,,,,,False,,,0,,,,,,0,50,,power
P3147,John,Doe,1991-02-13,71,250,Unknown,dark,brown,clean_shaven,R,C,,0,,,51,54,48,50,48,49,57,52,50,53,,,,,,,,,,,,44,47,48,44,48,0,0,52,40,44,,,,,,,,,,,,False,,,0,,,,,,0,50,,balanced
P7835,John,Doe,1988-10-30,68,201,Unknown,light,blonde,mustache,L,SS,,0,,,51,50,54,49,52,50,50,51,49,51,,,,,,,,,,,,41,44,45,49,52,0,0,51,44,44,,,,,,,,,,,,False,,,0,,,,,,0,50,,balanced
P3988,John,Doe,1989-11-29,71,229,Unknown,light,blonde,mustache,L,1B,,0,,,52,63,51,52,50,53,48,53,52,48,,,,,,,,,,,,42,58,42,48,50,0,0,53,49,46,,,,,,,,,,,,False,,,0,,,,,,0,50,,power
P5665,John,Doe,1989-02-15,70,193,Unknown,medium,brown,goatee,S,C,,0,,,59,61,48,51,50,52,54,52,51,52,,,,,,,,,,,,50,54,41,46,50,0,0,52,41,48,,,,,,,,,,,,False,,,0,,,,,,0,50,,gap
P9009,John,Doe,1987-08-04,72,172,Unknown,medium,black,clean_shaven,R,C,,0,,,51,60,52,50,50,51,56,52,52,50,,,,,,,,,,,,51,56,44,47,50,0,0,52,46,50,,,,,,,,,,,,False,,,0,,,,,,0,50,,power
P6079,John,Doe,1998-04-01,75,187,Unknown,medium,brown,clean_shaven,R,1B,,0,,,52,60,52,50,49,52,54,53,51,48,,,,,,,,,,,,63,68,64,62,49,0,0,53,61,58,,,,,,,,,,,,False,,,0,,,,,,0,50,,power
P4169,John,Doe,2004-02-17,72,186,Unknown,light,brown,clean_shaven,L,3B,,0,,,48,48,53,49,49,51,51,53,52,49,,,,,,,,,,,,60,59,66,54,49,0,0,53,61,58,,,,,,,,,,,,False,,,0,,,,,,0,50,,average
P9520,John,Doe,2007-06-13,69,182,Unknown,light,blonde,clean_shaven,S,P,,1,RP,CL,,,,,55,,,,51,52,51,52,53,53,55,0,0,65,0,0,0,,,,,0,,,,69,82,62,64,76,76,75,0,0,77,0,0,0,False,,,0,,,,,,0,50,closer,
P3349,John,Doe,2008-02-22,78,173,Unknown,medium,blonde,beard,R,P,,1,RP,SP,,,,,50,,,,48,49,52,50,54,49,53,62,0,61,0,0,0,,,,,0,,,,60,69,76,71,81,65,74,88,0,91,0,0,0,False,,,0,,,,,,0,50,balanced_sp,
P4596,John,Doe,2006-04-03,72,162,Unknown,light,brown,clean_shaven,R,P,,1,RP,RP,,,,,49,,,,50,51,52,50,52,51,52,0,0,67,0,0,0,,,,,0,,,,60,81,77,69,76,74,67,0,0,93,0,0,0,False,,,0,,,,,,0,50,power_rp,
P1135,John,Doe,2006-02-25,69,236,Unknown,light,brown,clean_shaven,R,P,,1,RP,RP,,,,,54,,,,52,54,53,51,52,52,53,0,59,65,0,0,0,,,,,0,,,,75,78,72,77,69,71,67,0,71,77,0,0,0,False,,,0,,,,,,0,50,power_rp,
P3390,John,Doe,2004-10-20,76,233,Unknown,light,brown,goatee,S,P,,1,RP,SP,,,,,47,,,,51,52,53,51,52,52,51,0,64,61,0,57,0,,,,,0,,,,70,69,68,76,65,80,75,0,76,84,0,77,0,False,,,0,,,,,,0,50,power_sp,
P5939,John,Doe,2007-11-02,75,224,Unknown,light,red,beard,L,2B,,0,,,58,48,52,54,50,51,48,52,50,51,,,,,,,,,,,,83,67,74,70,50,0,0,52,67,63,,,,,,,,,,,,False,,,0,,,,,,0,50,,spray
P7155,John,Doe,2004-04-07,69,229,Unknown,dark,blonde,clean_shaven,R,C,,0,,,53,50,48,50,52,50,57,51,50,49,,,,,,,,,,,,69,80,77,65,52,0,0,51,61,59,,,,,,,,,,,,False,,,0,,,,,,0,50,,average
P8736,John,Doe,2006-08-17,69,245,Unknown,medium,brown,beard,R,CF,,0,,,51,48,70,52,53,50,54,51,49,50,,,,,,,,,,,,66,72,81,68,53,0,0,51,71,77,,,,,,,,,,,,False,,,0,,,,,,0,50,,speed
P8579,John,Doe,2005-02-13,78,181,Unknown,medium,brown,mustache,R,2B,,0,,,54,47,52,54,49,50,55,49,52,51,,,,,,,,,,,,83,73,73,69,49,0,0,49,79,73,,,,,,,,,,,,False,,,0,,,,,,0,50,,spray
P2873,John,Doe,2005-05-07,74,172,Unknown,dark,black,clean_shaven,R,LF,,0,,,49,52,52,49,50,50,59,53,51,51,,,,,,,,,,,,68,65,78,64,50,0,0,53,72,63,,,,,,,,,,,,False,,,0,,,,,,0,50,,average
P6642,John,Doe,1990-08-23,73,209,Unknown,dark,brown,beard,R,P,,1,RP,CL,,,,,55,,,,48,51,48,50,52,52,54,0,0,67,0,0,0,,,,,0,,,,45,44,42,44,38,50,50,0,0,57,0,0,0,False,,,0,,,,,,0,50,closer,
P1065,John,Doe,2003-02-09,69,190,Unknown,medium,black,clean_shaven,R,P,,1,RP,SP,,,,,52,,,,50,54,51,50,53,52,52,58,60,60,0,0,0,,,,,0,,,,63,66,58,63,59,61,59,65,69,66,0,0,0,False,,,0,,,,,,0,50,power_sp,
P4379,John,Doe,1991-03-26,71,202,Unknown,dark,brown,clean_shaven,R,P,,1,RP,SP,,,,,48,,,,50,49,53,50,53,52,53,60,0,58,0,0,0,,,,,0,,,,41,40,41,51,46,47,47,55,0,57,0,0,0,False,,,0,,,,,,0,50,workhorse_sp,
P6889,John,Doe,1987-07-22,72,187,Unknown,dark,blonde,clean_shaven,R,P,,1,RP,SP,,,,,49,,,,48,51,52,50,52,51,50,58,59,58,0,0,0,,,,,0,,,,44,50,42,47,47,47,45,58,53,56,0,0,0,False,,,0,,,,,,0,50,workhorse_sp,
P2956,John,Doe,2002-08-17,73,229,Unknown,light,black,clean_shaven,R,P,,1,RP,RP,,,,,52,,,,52,49,49,50,52,53,53,61,62,67,0,0,0,,,,,0,,,,67,64,63,58,63,65,59,69,74,75,0,0,0,False,,,0,,,,,,0,50,finesse_rp,
P2154,John,Doe,1989-10-15,74,202,Unknown,light,brown,clean_shaven,L,P,,1,RP,SP,,,,,52,,,,48,51,53,50,52,49,53,0,59,59,60,0,0,,,,,0,,,,48,43,47,50,43,41,50,0,58,58,59,0,0,False,,,0,,,,,,0,50,power_sp,
P7680,John,Doe,1991-05-01,76,180,Unknown,light,brown,goatee,R,P,,1,RP,SP,,,,,53,,,,50,52,53,50,52,49,49,60,61,59,0,0,0,,,,,0,,,,42,47,43,51,46,49,44,54,57,53,0,0,0,False,,,0,,,,,,0,50,workhorse_sp,
P5797,John,Doe,2003-11-04,74,220,Unknown,light,black,clean_shaven,R,P,,1,RP,SP,,,,,52,,,,53,50,51,50,52,49,51,60,63,0,0,0,0,,,,,0,,,,65,55,63,60,59,60,64,66,71,0,0,0,0,False,,,0,,,,,,0,50,finesse_sp,
P5733,John,Doe,2003-12-10,78,200,Unknown,light,red,clean_shaven,R,P,,1,RP,SP,,,,,50,,,,49,48,50,52,53,52,50,61,63,59,0,0,0,,,,,0,,,,54,54,67,58,56,67,59,74,76,69,0,0,0,False,,,0,,,,,,0,50,finesse_sp,
P8618,John,Doe,1992-07-01,78,216,Unknown,dark,black,clean_shaven,R,P,,1,RP,SP,,,,,51,,,,50,49,50,50,52,49,50,62,58,61,0,0,0,,,,,0,,,,46,48,49,48,40,39,43,59,55,55,0,0,0,False,,,0,,,,,,0,50,balanced_sp,
P3771,John,Doe,1987-08-07,76,247,Unknown,dark,brown,clean_shaven,L,P,,1,RP,SP,,,,,51,,,,50,50,51,52,52,50,53,59,60,0,58,0,0,,,,,0,,,,44,40,44,48,41,47,48,58,59,0,53,0,0,False,,,0,,,,,,0,50,groundball_sp,
P4731,John,Doe,1989-06-22,68,216,Unknown,medium,brown,beard,R,C,,0,,,50,50,52,49,52,53,59,53,53,52,,,,,,,,,,,,45,44,52,40,52,0,0,53,47,42,,,,,,,,,,,,False,,,0,,,,,,0,50,,average
P8596,John,Doe,2000-03-29,68,244,Unknown,medium,brown,clean_shaven,S,1B,,0,,,56,49,50,52,52,47,49,52,53,51,,,,,,,,,,,,69,56,55,60,52,0,0,52,60,65,,,,,,,,,,,,False,,,0,,,,,,0,50,,spray
P9543,John,Doe,2004-04-07,74,223,Unknown,dark,blonde,clean_shaven,L,2B,,0,,,53,51,51,52,52,52,47,50,51,48,,,,,,,,,,,,75,79,81,72,52,0,0,50,61,78,,,,,,,,,,,,False,,,0,,,,,,0,50,,balanced
P7770,John,Doe,1988-02-23,73,169,Unknown,medium,black,clean_shaven,R,3B,,0,,,68,49,54,53,53,48,60,51,48,53,,,,,,,,,,,,63,44,50,49,53,0,0,51,42,48,,,,,,,,,,,,False,,,0,,,,,,0,50,,spray
P6936,John,Doe,2001-09-20,70,204,Unknown,dark,brown,goatee,R,SS,,0,,,58,52,70,58,51,47,58,48,49,51,,,,,,,,,,,,65,66,83,64,51,0,0,48,57,62,,,,,,,,,,,,False,,,0,,,,,,0,50,,spray
P1957,John,Doe,1992-04-18,76,214,Unknown,light,black,beard,L,LF,,0,,,54,51,48,52,53,50,49,53,48,52,,,,,,,,,,,,46,43,41,52,53,0,0,53,46,45,,,,,,,,,,,,False,,,0,,,,,,0,50,,average
P6062,John,Doe,1988-06-16,72,245,Unknown,dark,brown,clean_shaven,R,CF,,0,,,52,50,53,50,52,49,51,49,50,48,,,,,,,,,,,,51,47,49,50,52,0,0,49,44,38,,,,,,,,,,,,False,,,0,,,,,,0,50,,balanced
P2484,John,Doe,1999-02-02,69,246,Unknown,light,brown,mustache,L,RF,,0,,,49,50,52,49,50,52,48,53,51,52,,,,,,,,,,,,59,59,62,56,50,0,0,53,65,67,,,,,,,,,,,,False,,,0,,,,,,0,50,,balanced
P1916,John,Doe,1993-07-15,78,199,Unknown,light,brown,clean_shaven,R,C,,0,,,58,50,51,52,50,48,55,51,50,52,,,,,,,,,,,,57,50,51,52,50,0,0,51,47,44,,,,,,,,,,,,False,,,0,,,,,,0,50,,spray
P8084,John,Doe,2004-05-12,75,209,Unknown,dark,brown,clean_shaven,S,1B,,0,,,50,55,53,49,52,48,54,50,50,48,,,,,,,,,,,,71,71,69,73,52,0,0,50,64,62,,,,,,,,,,,,False,,,0,,,,,,0,50,,balanced
P2117,John,Doe,1997-08-17,76,162,Unknown,dark,blonde,beard,R,2B,,0,,,54,61,52,50,49,49,58,52,49,53,,,,,,,,,,,,56,59,55,45,49,0,0,52,44,53,,,,,,,,,,,,False,,,0,,,,,,0,50,,power
P7357,John,Doe,1993-08-03,75,218,Unknown,medium,red,mustache,L,C,RF,0,,,49,51,51,51,52,51,48,50,48,52,,,,,,,,,,,,39,44,43,46,52,0,0,50,43,43,,,,,,,,,,,,False,,,0,,,,,,0,50,,average
P1935,John,Doe,1989-07-19,74,247,Unknown,medium,black,clean_shaven,R,2B,,0,,,52,50,49,50,49,50,59,48,48,52,,,,,,,,,,,,45,41,46,40,49,0,0,48,39,51,,,,,,,,,,,,False,,,0,,,,,,0,50,,balanced
P4092,John,Doe,2003-10-22,71,220,Unknown,medium,black,clean_shaven,R,1B,,0,,,48,58,51,50,49,53,57,52,49,49,,,,,,,,,,,,62,64,59,60,49,0,0,52,59,56,,,,,,,,,,,,False,,,0,,,,,,0,50,,power
P5043,John,Doe,2000-07-05,70,240,Unknown,medium,black,beard,L,P,,1,RP,CL,,,,,55,,,,51,52,48,51,52,53,52,0,0,66,0,0,0,,,,,0,,,,60,59,56,62,58,65,61,0,0,73,0,0,0,False,,,0,,,,,,0,50,closer,
P9838,John,Doe,1993-07-01,71,248,Unknown,medium,blonde,beard,L,P,,1,RP,SP,,,,,49,,,,50,49,52,50,52,51,51,0,60,59,0,0,0,,,,,0,,,,50,46,46,45,48,43,44,0,51,53,0,0,0,False,,,0,,,,,,0,50,balanced_sp,
P5619,John,Doe,1999-02-20,71,231,Unknown,light,black,clean_shaven,L,P,,1,RP,SP,,,,,50,,,,49,50,52,50,52,50,51,59,0,58,0,0,0,,,,,0,,,,61,63,59,63,57,55,66,65,0,64,0,0,0,False,,,0,,,,,,0,50,balanced_sp,
P5242,John,Doe,1994-09-28,73,196,Unknown,dark,blonde,mustache,R,P,,1,RP,RP,,,,,54,,,,48,50,48,52,52,49,49,0,0,0,61,0,0,,,,,0,,,,49,54,50,55,49,49,46,0,0,0,65,0,0,False,,,0,,,,,,0,50,groundball_rp,
P6519,John,Doe,1987-11-25,70,168,Unknown,medium,blonde,clean_shaven,R,P,,1,RP,SP,,,,,50,,,,50,52,53,52,52,49,52,59,62,58,0,0,0,,,,,0,,,,44,47,44,45,51,45,52,54,54,58,0,0,0,False,,,0,,,,,,0,50,balanced_sp,
P7241,John,Doe,1991-06-16,69,191,Unknown,light,brown,clean_shaven,L,P,,1,RP,SP,,,,,50,,,,49,52,49,51,52,48,52,0,57,0,58,0,0,,,,,0,,,,42,42,44,42,39,44,52,0,49,0,56,0,0,False,,,0,,,,,,0,50,groundball_sp,
P4996,John,Doe,1987-04-18,74,237,Unknown,dark,black,goatee,R,P,,1,RP,SP,,,,,53,,,,48,48,54,50,54,49,53,0,60,0,59,0,0,,,,,0,,,,46,39,45,51,44,42,48,0,51,0,51,0,0,False,,,0,,,,,,0,50,groundball_sp,
P6645,John,Doe,1988-01-14,75,240,Unknown,light,brown,goatee,R,1B,,0,,,53,62,49,49,47,53,58,48,53,50,,,,,,,,,,,,48,61,40,46,47,0,0,48,48,45,,,,,,,,,,,,False,,,0,,,,,,0,50,,power
P6240,John,Doe,1995-04-20,70,242,Unknown,dark,brown,clean_shaven,R,2B,,0,,,59,47,50,57,51,49,59,48,48,49,,,,,,,,,,,,57,45,51,62,51,0,0,48,48,50,,,,,,,,,,,,False,,,0,,,,,,0,50,,spray
P6205,John,Doe,2001-08-31,68,196,Unknown,light,brown,clean_shaven,L,RF,,0,,,51,59,48,50,50,51,47,52,48,49,,,,,,,,,,,,59,72,57,58,50,0,0,52,60,56,,,,,,,,,,,,False,,,0,,,,,,0,50,,power
P1408,John,Doe,2000-12-30,70,206,Unknown,light,brown,beard,L,RF,,0,,,53,59,48,52,47,53,49,52,48,51,,,,,,,,,,,,63,67,55,66,47,0,0,52,54,58,,,,,,,,,,,,False,,,0,,,,,,0,50,,power
P5253,John,Doe,1999-06-15,71,217,Unknown,medium,black,clean_shaven,L,1B,,0,,,50,62,52,49,51,52,46,51,52,49,,,,,,,,,,,,65,69,60,62,51,0,0,51,66,60,,,,,,,,,,,,False,,,0,,,,,,0,50,,power
P7429,John,Doe,2004-08-16,75,169,Unknown,dark,blonde,clean_shaven,L,RF,,0,,,52,52,47,52,52,49,49,50,52,50,,,,,,,,,,,,63,77,72,78,52,0,0,50,76,69,,,,,,,,,,,,False,,,0,,,,,,0,50,,average
P4885,John,Doe,2004-07-06,74,191,Unknown,medium,blonde,clean_shaven,S,2B,,0,,,61,51,49,56,52,51,54,52,53,48,,,,,,,,,,,,80,64,68,72,52,0,0,52,78,58,,,,,,,,,,,,False,,,0,,,,,,0,50,,spray
P2654,John,Doe,1991-07-30,78,210,Unknown,medium,black,beard,L,RF,,0,,,53,50,53,52,49,49,42,52,48,52,,,,,,,,,,,,52,43,52,42,49,0,0,52,47,44,,,,,,,,,,,,False,,,0,,,,,,0,50,,balanced
P8779,John,Doe,2007-06-19,76,219,Unknown,light,brown,beard,R,P,,1,RP,CL,,,,,55,,,,49,54,49,51,53,49,55,59,58,65,0,0,0,,,,,0,,,,76,65,77,72,67,69,80,76,76,76,0,0,0,False,,,0,,,,,,0,50,closer,
P9466,John,Doe,2007-06-27,77,207,Unknown,dark,brown,clean_shaven,R,P,,1,RP,CL,,,,,49,,,,52,53,51,52,54,52,56,0,0,66,0,0,0,,,,,0,,,,76,80,66,83,61,73,86,0,0,87,0,0,0,False,,,0,,,,,,0,50,closer,
P1938,John,Doe,2004-09-03,77,233,Unknown,light,brown,clean_shaven,R,P,,1,RP,RP,,,,,53,,,,51,50,52,50,54,49,51,0,60,67,0,55,0,,,,,0,,,,65,70,75,83,80,77,80,0,89,78,0,78,0,False,,,0,,,,,,0,50,power_rp,
P9269,John,Doe,2007-08-28,69,228,Unknown,light,brown,clean_shaven,R,P,,1,RP,SP,,,,,49,,,,49,50,50,51,54,49,51,58,61,0,0,0,0,,,,,0,,,,66,64,70,78,72,72,74,73,80,0,0,0,0,False,,,0,,,,,,0,50,finesse_sp,
P1139,John,Doe,2006-05-06,77,243,Unknown,dark,red,clean_shaven,S,P,,1,RP,RP,,,,,57,,,,52,53,49,50,54,50,53,59,0,64,64,0,0,,,,,0,,,,65,80,65,72,66,78,76,69,0,91,92,0,0,False,,,0,,,,,,0,50,groundball_rp,
P8512,John,Doe,2007-06-21,69,161,Unknown,medium,blonde,clean_shaven,S,3B,,0,,,52,52,51,52,46,51,55,50,48,49,,,,,,,,,,,,63,63,72,68,46,0,0,50,65,77,,,,,,,,,,,,False,,,0,,,,,,0,50,,gap
P5717,John,Doe,2006-07-27,69,182,Unknown,light,blonde,clean_shaven,L,1B,,0,,,52,61,47,52,51,52,48,50,49,49,,,,,,,,,,,,67,90,71,77,51,0,0,50,76,74,,,,,,,,,,,,False,,,0,,,,,,0,50,,power
P1373,John,Doe,2006-02-17,78,174,Unknown,light,red,clean_shaven,R,LF,,0,,,50,51,70,50,50,48,58,48,48,50,,,,,,,,,,,,68,63,84,65,50,0,0,48,64,67,,,,,,,,,,,,False,,,0,,,,,,0,50,,speed
P3191,John,Doe,2005-06-23,74,175,Unknown,medium,brown,clean_shaven,R,C,,0,,,50,52,51,52,48,48,60,48,50,53,,,,,,,,,,,,78,69,69,69,48,0,0,48,65,69,,,,,,,,,,,,False,,,0,,,,,,0,50,,average
P8217,John,Doe,2006-06-19,72,192,Unknown,dark,blonde,mustache,L,CF,,0,,,50,52,50,50,52,50,48,51,47,49,,,,,,,,,,,,65,80,64,62,52,0,0,51,63,78,,,,,,,,,,,,False,,,0,,,,,,0,50,,average
P4304,John,Doe,2003-05-01,74,178,Unknown,medium,black,clean_shaven,L,P,,1,RP,CL,,,,,55,,,,49,53,52,50,52,51,56,59,61,67,0,0,0,,,,,0,,,,64,65,64,65,60,62,68,69,75,80,0,0,0,False,,,0,,,,,,0,50,closer,
P9451,John,Doe,1987-09-03,69,173,Unknown,dark,black,beard,R,P,,1,RP,SP,,,,,48,,,,52,52,52,50,53,48,53,0,60,60,0,57,0,,,,,0,,,,51,51,41,49,44,44,49,0,56,52,0,50,0,False,,,0,,,,,,0,50,power_sp,
P1757,John,Doe,1988-05-22,68,226,Unknown,medium,brown,mustache,R,P,,1,RP,SP,,,,,48,,,,51,47,53,50,52,50,49,61,63,61,0,0,0,,,,,0,,,,45,44,42,44,53,49,39,58,53,60,0,0,0,False,,,0,,,,,,0,50,finesse_sp,
P4887,John,Doe,1987-11-25,68,244,Unknown,dark,brown,clean_shaven,R,P,,1,RP,SP,,,,,52,,,,50,51,52,50,54,48,50,0,59,62,58,54,0,,,,,0,,,,50,45,46,48,51,41,49,0,50,54,51,49,0,False,,,0,,,,,,0,50,power_sp,
P8234,John,Doe,1993-10-22,69,187,Unknown,light,black,clean_shaven,R,P,,1,RP,SP,,,,,52,,,,51,50,50,50,52,51,54,59,62,58,0,58,0,,,,,0,,,,42,50,43,48,46,46,47,49,59,48,0,49,0,False,,,0,,,,,,0,50,power_sp,
P9635,John,Doe,1992-08-02,69,175,Unknown,dark,red,clean_shaven,R,P,,1,RP,RP,,,,,48,,,,49,52,48,52,52,51,55,0,59,64,0,0,0,,,,,0,,,,48,48,52,49,44,51,49,0,49,57,0,0,0,False,,,0,,,,,,0,50,power_rp,
P7447,John,Doe,2002-11-05,76,174,Unknown,medium,black,clean_shaven,L,P,,1,RP,SP,,,,,51,,,,48,50,54,50,52,52,53,0,60,61,0,0,0,,,,,0,,,,55,64,61,59,66,65,60,0,75,74,0,0,0,False,,,0,,,,,,0,50,power_sp,
P3458,John,Doe,2003-06-30,73,216,Unknown,medium,red,clean_shaven,R,P,,1,RP,SP,,,,,52,,,,49,50,51,51,52,50,53,0,60,59,0,55,0,,,,,0,,,,55,64,61,57,59,59,58,0,74,70,0,63,0,False,,,0,,,,,,0,50,power_sp,
P2408,John,Doe,1988-07-16,70,175,Unknown,dark,black,clean_shaven,R,P,,1,RP,SP,,,,,54,,,,48,49,49,50,52,51,52,62,60,62,57,0,0,,,,,0,,,,45,40,42,49,40,41,42,57,57,61,55,0,0,False,,,0,,,,,,0,50,groundball_sp,
P4383,John,Doe,1996-05-20,75,232,Unknown,dark,brown,clean_shaven,L,P,,1,RP,SP,,,,,50,,,,50,52,53,50,52,49,51,0,62,61,0,0,0,,,,,0,,,,48,53,52,49,54,44,54,0,57,64,0,0,0,False,,,0,,,,,,0,50,power_sp,
P2212,John,Doe,2000-08-27,78,207,Unknown,medium,red,beard,L,P,,1,RP,LR,,,,,53,,,,51,51,52,51,52,50,51,58,60,65,0,0,0,,,,,0,,,,65,57,58,58,60,64,65,64,75,74,0,0,0,False,,,0,,,,,,0,50,long_relief,
P1427,John,Doe,1988-12-05,75,185,Unknown,medium,black,beard,R,C,,0,,,53,52,70,52,49,49,56,52,50,52,,,,,,,,,,,,47,49,68,52,49,0,0,52,44,45,,,,,,,,,,,,False,,,0,,,,,,0,50,,speed
P7470,John,Doe,1995-09-27,77,229,Unknown,medium,black,beard,R,1B,,0,,,61,55,51,51,50,49,56,50,50,50,,,,,,,,,,,,57,50,48,51,50,0,0,50,46,49,,,,,,,,,,,,False,,,0,,,,,,0,50,,spray
P1202,John,Doe,2000-10-05,70,214,Unknown,dark,brown,goatee,S,2B,,0,,,50,51,78,54,49,49,54,52,52,50,,,,,,,,,,,,57,57,90,64,49,0,0,52,62,61,,,,,,,,,,,,False,,,0,,,,,,0,50,,speed
P6877,John,Doe,2004-06-10,70,245,Unknown,medium,black,clean_shaven,R,3B,,0,,,57,50,50,51,52,50,57,52,51,49,,,,,,,,,,,,71,60,79,76,52,0,0,52,72,61,,,,,,,,,,,,False,,,0,,,,,,0,50,,spray
P1604,John,Doe,2003-06-02,78,247,Unknown,dark,black,mustache,R,SS,,0,,,52,48,71,51,51,48,58,50,51,52,,,,,,,,,,,,59,55,81,57,51,0,0,50,62,60,,,,,,,,,,,,False,,,0,,,,,,0,50,,speed
P4298,John,Doe,1995-03-30,69,164,Unknown,medium,black,goatee,L,LF,,0,,,49,51,49,50,53,51,47,51,49,50,,,,,,,,,,,,44,46,48,46,53,0,0,51,44,52,,,,,,,,,,,,False,,,0,,,,,,0,50,,average
P1815,John,Doe,2004-09-17,74,229,Unknown,dark,brown,mustache,R,CF,,0,,,54,49,70,52,52,49,51,48,47,50,,,,,,,,,,,,83,72,81,81,52,0,0,48,74,67,,,,,,,,,,,,False,,,0,,,,,,0,50,,speed
P9578,John,Doe,2002-02-21,74,165,Unknown,dark,black,clean_shaven,L,RF,,0,,,52,51,53,52,48,49,43,51,49,53,,,,,,,,,,,,61,60,68,63,48,0,0,51,55,65,,,,,,,,,,,,False,,,0,,,,,,0,50,,gap
P9424,John,Doe,1989-02-20,72,245,Unknown,light,black,mustache,L,1B,,0,,,52,51,70,49,51,48,47,51,48,52,,,,,,,,,,,,52,43,70,48,51,0,0,51,43,45,,,,,,,,,,,,False,,,0,,,,,,0,50,,speed
P2720,John,Doe,1995-09-04,77,202,Unknown,dark,black,clean_shaven,R,2B,,0,,,54,49,50,52,49,52,56,52,51,52,,,,,,,,,,,,50,49,50,51,49,0,0,52,49,55,,,,,,,,,,,,False,,,0,,,,,,0,50,,balanced
P5795,John,Doe,2004-01-26,70,216,Unknown,medium,blonde,beard,R,2B,,0,,,54,50,70,53,53,49,58,51,50,53,,,,,,,,,,,,64,55,81,59,53,0,0,51,61,58,,,,,,,,,,,,False,,,0,,,,,,0,50,,speed
P2696,John,Doe,1993-04-22,74,187,Unknown,light,blonde,clean_shaven,R,RF,,0,,,50,57,53,50,51,51,50,52,49,49,,,,,,,,,,,,46,49,46,46,51,0,0,52,44,47,,,,,,,,,,,,False,,,0,,,,,,0,50,,balanced
P4256,John,Doe,1993-06-26,75,233,Unknown,dark,black,clean_shaven,R,C,,0,,,52,50,50,52,50,49,58,50,49,52,,,,,,,,,,,,44,44,44,50,50,0,0,50,47,51,,,,,,,,,,,,False,,,0,,,,,,0,50,,balanced
P1517,John,Doe,1989-08-04,77,193,Unknown,light,black,beard,L,1B,,0,,,53,63,52,51,51,52,42,50,49,52,,,,,,,,,,,,43,56,43,49,51,0,0,50,49,46,,,,,,,,,,,,False,,,0,,,,,,0,50,,power
P1966,John,Doe,1990-04-24,76,162,Unknown,medium,black,clean_shaven,L,P,,1,RP,CL,,,,,55,,,,48,51,48,50,52,53,51,0,0,65,0,0,0,,,,,0,,,,41,51,49,52,39,53,44,0,0,58,0,0,0,False,,,0,,,,,,0,50,closer,
P3141,John,Doe,1992-11-07,75,170,Unknown,light,blonde,clean_shaven,R,P,,1,RP,SP,,,,,52,,,,50,53,52,50,53,49,51,0,60,62,0,0,0,,,,,0,,,,49,48,40,43,49,47,51,0,52,56,0,0,0,False,,,0,,,,,,0,50,power_sp,
P7350,John,Doe,1997-12-08,78,244,Unknown,medium,brown,clean_shaven,R,P,,1,RP,RP,,,,,51,,,,51,49,51,50,54,52,56,0,0,67,0,0,0,,,,,0,,,,46,47,47,51,56,54,60,0,0,64,0,0,0,False,,,0,,,,,,0,50,power_rp,
P6537,John,Doe,2004-01-12,74,184,Unknown,dark,black,goatee,R,P,,1,RP,RP,,,,,55,,,,51,51,52,52,53,50,50,58,0,67,61,0,0,,,,,0,,,,56,62,59,65,66,64,56,67,0,75,75,0,0,False,,,0,,,,,,0,50,groundball_rp,
P2397,John,Doe,1990-03-12,70,223,Unknown,dark,brown,clean_shaven,R,P,,1,RP,SP,,,,,53,,,,52,50,53,50,54,49,54,0,61,0,60,0,0,,,,,0,,,,45,50,45,48,52,47,45,0,59,0,60,0,0,False,,,0,,,,,,0,50,groundball_sp,
P5878,John,Doe,1996-05-23,75,243,Unknown,light,brown,goatee,L,P,,1,RP,CL,,,,,53,,,,51,51,52,51,52,50,55,0,0,65,0,0,0,,,,,0,,,,50,47,50,55,54,48,60,0,0,61,0,0,0,False,,,0,,,,,,0,50,closer,
P7593,John,Doe,1992-12-10,70,193,Unknown,light,blonde,clean_shaven,R,P,,1,RP,SP,,,,,52,,,,50,53,50,50,54,50,52,59,60,62,0,0,0,,,,,0,,,,49,53,44,48,44,44,49,52,57,58,0,0,0,False,,,0,,,,,,0,50,balanced_sp,
P6925,John,Doe,1989-03-23,74,229,Unknown,light,black,mustache,R,1B,,0,,,50,61,53,49,47,50,56,51,48,48,,,,,,,,,,,,46,58,50,48,47,0,0,51,48,41,,,,,,,,,,,,False,,,0,,,,,,0,50,,power
P5744,John,Doe,1992-06-26,73,198,Unknown,medium,black,clean_shaven,L,LF,,0,,,64,53,50,52,49,51,50,50,51,49,,,,,,,,,,,,56,50,44,42,49,0,0,50,49,39,,,,,,,,,,,,False,,,0,,,,,,0,50,,spray
P2487,John,Doe,1996-09-02,74,160,Unknown,light,black,clean_shaven,R,C,,0,,,52,49,51,51,49,52,57,51,52,48,,,,,,,,,,,,47,47,56,51,49,0,0,51,49,53,,,,,,,,,,,,False,,,0,,,,,,0,50,,average
P4815,John,Doe,1990-08-17,78,234,Unknown,light,black,beard,R,3B,,0,,,60,50,49,50,52,49,58,51,51,52,,,,,,,,,,,,50,41,40,47,52,0,0,51,46,52,,,,,,,,,,,,False,,,0,,,,,,0,50,,spray
P2734,John,Doe,1993-04-23,78,217,Unknown,light,brown,goatee,R,3B,,0,,,57,51,52,54,49,51,56,48,51,51,,,,,,,,,,,,57,47,51,45,49,0,0,48,45,43,,,,,,,,,,,,False,,,0,,,,,,0,50,,spray
P1840,John,Doe,2004-12-01,78,197,Unknown,dark,blonde,clean_shaven,L,RF,,0,,,50,54,49,51,52,51,42,47,51,49,,,,,,,,,,,,78,77,66,78,52,0,0,47,77,72,,,,,,,,,,,,False,,,0,,,,,,0,50,,balanced
P4503,John,Doe,1997-05-16,71,215,Unknown,medium,black,clean_shaven,L,LF,RF,0,,,50,53,49,50,51,49,51,50,53,52,,,,,,,,,,,,49,54,45,49,51,0,0,50,48,49,,,,,,,,,,,,False,,,0,,,,,,0,50,,average
P5837,John,Doe,2001-03-29,73,196,Unknown,light,brown,clean_shaven,R,RF,,0,,,59,48,49,50,52,48,57,52,50,52,,,,,,,,,,,,70,53,63,59,52,0,0,52,64,63,,,,,,,,,,,,False,,,0,,,,,,0,50,,spray
P7173,John,Doe,2004-07-06,70,181,Unknown,light,red,clean_shaven,R,P,,1,RP,CL,,,,,55,,,,49,52,50,52,52,52,53,59,0,65,0,0,0,,,,,0,,,,71,65,75,76,76,79,71,73,0,86,0,0,0,False,,,0,,,,,,0,50,closer,
P6008,John,Doe,2006-12-06,68,200,Unknown,light,brown,clean_shaven,L,P,,1,RP,SP,,,,,48,,,,48,51,53,54,52,53,52,61,62,0,0,0,0,,,,,0,,,,63,80,80,75,77,66,65,80,88,0,0,0,0,False,,,0,,,,,,0,50,finesse_sp,
P8306,John,Doe,2007-11-08,69,234,Unknown,medium,brown,clean_shaven,L,P,,1,RP,SP,,,,,48,,,,51,53,51,50,53,50,51,59,63,60,0,0,0,,,,,0,,,,61,70,80,75,81,76,73,76,81,77,0,0,0,False,,,0,,,,,,0,50,balanced_sp,
P1684,John,Doe,2006-11-26,69,181,Unknown,dark,blonde,clean_shaven,L,P,,1,RP,SP,,,,,50,,,,50,50,50,50,53,51,52,63,63,61,0,0,0,,,,,0,,,,69,64,77,83,75,68,63,73,87,74,0,0,0,False,,,0,,,,,,0,50,finesse_sp,
P8778,John,Doe,2005-02-05,70,230,Unknown,dark,black,clean_shaven,S,P,,1,RP,RP,,,,,49,,,,48,51,49,51,54,51,52,0,61,0,0,0,0,,,,,0,,,,74,71,65,69,79,65,71,0,74,0,0,0,0,False,,,0,,,,,,0,50,power_rp,
P1423,John,Doe,2006-07-02,72,171,Unknown,medium,black,clean_shaven,L,SS,,0,,,52,50,49,51,49,51,49,50,53,48,,,,,,,,,,,,74,73,77,61,49,0,0,50,73,70,,,,,,,,,,,,False,,,0,,,,,,0,50,,balanced
P8884,John,Doe,2006-05-02,75,192,Unknown,light,brown,clean_shaven,S,2B,3B,0,,,51,61,50,51,51,50,53,51,50,52,,,,,,,,,,,,68,88,69,63,51,0,0,51,76,77,,,,,,,,,,,,False,,,0,,,,,,0,50,,power
P5910,John,Doe,2004-08-04,69,218,Unknown,medium,blonde,beard,L,CF,RF,0,,,49,57,52,49,48,50,47,50,51,49,,,,,,,,,,,,59,69,62,71,48,0,0,50,77,77,,,,,,,,,,,,False,,,0,,,,,,0,50,,power
P2985,John,Doe,2006-11-23,76,247,Unknown,light,black,clean_shaven,S,1B,,0,,,50,49,70,49,52,53,54,48,51,49,,,,,,,,,,,,63,71,99,71,52,0,0,48,61,59,,,,,,,,,,,,False,,,0,,,,,,0,50,,speed
P8986,John,Doe,2004-06-18,70,232,Unknown,dark,blonde,clean_shaven,L,CF,,0,,,57,51,50,54,50,49,47,50,50,49,,,,,,,,,,,,68,68,80,68,50,0,0,50,63,60,,,,,,,,,,,,False,,,0,,,,,,0,50,,spray
P1248,John,Doe,1991-11-08,78,239,Unknown,light,brown,clean_shaven,L,P,,1,RP,CL,,,,,55,,,,49,54,48,51,52,51,54,0,58,65,0,0,0,,,,,0,,,,40,52,44,51,46,51,50,0,50,61,0,0,0,False,,,0,,,,,,0,50,closer,
P4557,John,Doe,1988-10-28,75,160,Unknown,medium,blonde,clean_shaven,L,P,,1,RP,SP,,,,,50,,,,51,50,50,51,52,49,53,59,60,0,0,54,0,,,,,0,,,,45,46,42,51,46,42,46,56,58,0,0,52,0,False,,,0,,,,,,0,50,finesse_sp,
P4695,John,Doe,1995-11-21,73,164,Unknown,dark,black,clean_shaven,R,P,,1,RP,SP,,,,,50,,,,49,53,51,52,53,49,52,0,61,61,60,0,0,,,,,0,,,,44,54,54,52,49,52,53,0,56,57,64,0,0,False,,,0,,,,,,0,50,power_sp,
P7615,John,Doe,2002-09-23,69,206,Unknown,dark,brown,clean_shaven,L,P,,1,RP,SP,,,,,47,,,,51,51,54,50,52,47,53,0,61,63,0,53,0,,,,,0,,,,64,64,58,66,65,61,66,0,71,72,0,60,0,False,,,0,,,,,,0,50,power_sp,
P9629,John,Doe,1993-07-16,76,166,Unknown,dark,black,clean_shaven,L,P,,1,RP,SP,,,,,48,,,,50,50,50,52,53,48,52,0,60,62,0,0,0,,,,,43,,,,49,42,49,51,44,45,47,0,52,53,0,0,0,False,,,0,,,,,,0,50,power_sp,
P8935,John,Doe,1990-11-18,68,245,Unknown,dark,brown,beard,L,P,,1,RP,SP,,,,,52,,,,52,51,50,51,52,50,50,59,61,59,0,56,0,,,,,0,,,,47,42,49,47,48,43,47,51,61,56,0,48,0,False,,,0,,,,,,0,50,finesse_sp,
P8115,John,Doe,1992-10-21,76,165,Unknown,medium,blonde,clean_shaven,R,P,,1,RP,SP,,,,,49,,,,49,49,51,53,52,52,50,61,59,62,0,0,0,,,,,0,,,,46,41,47,45,43,51,41,54,56,52,0,0,0,False,,,0,,,,,,0,50,balanced_sp,
P7105,John,Doe,1994-08-30,74,192,Unknown,dark,black,goatee,L,P,,1,RP,SP,,,,,51,,,,52,49,50,50,53,49,52,58,0,62,58,0,0,,,,,0,,,,49,51,48,57,52,47,51,60,0,62,57,0,0,False,,,0,,,,,,0,50,groundball_sp,
P2910,John,Doe,2001-07-16,77,232,Unknown,medium,red,clean_shaven,L,P,,1,RP,SP,,,,,51,,,,49,49,54,53,54,51,49,0,62,0,60,0,0,,,,,0,,,,61,60,67,62,69,62,56,0,68,0,65,0,0,False,,,0,,,,,,0,50,groundball_sp,
P8639,John,Doe,1995-06-05,75,236,Unknown,medium,brown,beard,L,P,,1,RP,SP,,,,,53,,,,49,48,53,52,52,53,51,61,60,58,61,0,0,,,,,0,,,,54,52,54,56,57,48,55,59,56,57,56,0,0,False,,,0,,,,,,0,50,groundball_sp,
P3900,John,Doe,2000-03-03,76,230,Unknown,dark,blonde,beard,R,P,,1,RP,SP,,,,,51,,,,50,49,51,53,53,51,51,63,59,0,0,0,0,,,,,0,,,,62,58,64,60,56,61,60,77,70,0,0,0,0,False,,,0,,,,,,0,50,finesse_sp,
P7229,John,Doe,1999-11-11,74,165,Unknown,medium,brown,beard,R,C,,0,,,50,50,52,50,52,50,56,48,51,53,,,,,,,,,,,,64,60,57,55,52,0,0,48,60,68,,,,,,,,,,,,False,,,0,,,,,,0,50,,balanced
P4983,John,Doe,2000-12-29,72,183,Unknown,light,blonde,beard,L,1B,,0,,,51,53,52,51,52,52,49,49,50,51,,,,,,,,,,,,60,65,59,62,52,0,0,49,64,66,,,,,,,,,,,,False,,,0,,,,,,0,50,,average
P1340,John,Doe,1992-06-04,71,198,Unknown,dark,brown,clean_shaven,R,2B,3B,0,,,52,48,70,51,51,48,58,50,52,51,,,,,,,,,,,,47,45,64,48,51,0,0,50,47,45,,,,,,,,,,,,False,,,0,,,,,,0,50,,speed
P5085,John,Doe,1989-03-01,74,186,Unknown,medium,brown,beard,L,3B,,0,,,49,50,52,51,49,52,49,52,48,50,,,,,,,,,,,,42,43,46,44,49,0,0,52,47,48,,,,,,,,,,,,False,,,0,,,,,,0,50,,average
P3616,John,Doe,1997-12-03,77,208,Unknown,medium,black,beard,L,SS,,0,,,60,50,51,52,50,50,50,48,51,52,,,,,,,,,,,,61,48,50,47,50,0,0,48,56,53,,,,,,,,,,,,False,,,0,,,,,,0,50,,spray
P7974,John,Doe,1989-08-11,72,194,Unknown,light,brown,mustache,S,LF,,0,,,49,51,50,52,50,49,53,50,50,48,,,,,,,,,,,,46,48,41,52,50,0,0,50,47,47,,,,,,,,,,,,False,,,0,,,,,,0,50,,balanced
P5722,John,Doe,2002-07-07,69,230,Unknown,dark,black,clean_shaven,R,CF,,0,,,52,63,51,51,51,50,54,47,52,50,,,,,,,,,,,,60,76,58,59,51,0,0,47,66,57,,,,,,,,,,,,False,,,0,,,,,,0,50,,power
P1126,John,Doe,1991-06-10,78,176,Unknown,light,brown,clean_shaven,L,RF,LF,0,,,55,47,51,53,50,52,48,48,52,53,,,,,,,,,,,,55,45,51,53,50,0,0,48,52,49,,,,,,,,,,,,False,,,0,,,,,,0,50,,spray
P8753,John,Doe,2002-10-30,76,230,Unknown,medium,brown,clean_shaven,L,RF,,0,,,52,51,49,53,51,52,50,49,49,49,,,,,,,,,,,,58,64,61,68,51,0,0,49,62,54,,,,,,,,,,,,False,,,0,,,,,,0,50,,average
P5959,John,Doe,2003-05-26,70,228,Unknown,light,brown,clean_shaven,R,C,,0,,,50,50,47,51,51,50,60,48,52,51,,,,,,,,,,,,63,60,56,57,51,0,0,48,62,61,,,,,,,,,,,,False,,,0,,,,,,0,50,,balanced
P1064,John,Doe,2003-01-27,70,193,Unknown,medium,black,clean_shaven,L,RF,,0,,,52,52,53,51,49,52,47,48,49,50,,,,,,,,,,,,57,65,58,66,49,0,0,48,57,63,,,,,,,,,,,,False,,,0,,,,,,0,50,,balanced
P1530,John,Doe,1988-11-05,68,180,Unknown,dark,brown,clean_shaven,L,1B,,0,,,52,53,49,51,50,51,49,50,49,49,,,,,,,,,,,,51,51,40,44,50,0,0,50,47,40,,,,,,,,,,,,False,,,0,,,,,,0,50,,gap
P7783,John,Doe,1987-08-29,69,188,Unknown,medium,black,clean_shaven,R,SS,,0,,,51,51,83,51,50,49,58,53,48,49,,,,,,,,,,,,42,51,73,41,50,0,0,53,41,44,,,,,,,,,,,,False,,,0,,,,,,0,50,,speed
P8630,John,Doe,1998-07-11,78,226,Unknown,light,black,beard,R,RF,LF,0,,,52,58,50,51,49,53,50,50,52,51,,,,,,,,,,,,62,68,56,57,49,0,0,50,61,61,,,,,,,,,,,,False,,,0,,,,,,0,50,,power
P7753,John,Doe,2000-06-29,73,199,Unknown,medium,black,clean_shaven,L,P,,1,RP,CL,,,,,55,,,,51,50,50,50,52,50,54,0,0,65,0,0,0,,,,,0,,,,65,55,56,58,64,56,62,0,0,78,0,0,0,False,,,0,,,,,,0,50,closer,
P3461,John,Doe,2004-02-25,72,242,Unknown,light,blonde,clean_shaven,R,P,,1,RP,SP,,,,,52,,,,52,52,52,52,52,52,53,0,58,0,61,0,0,,,,,0,,,,58,64,67,65,58,63,65,0,69,0,75,0,0,False,,,0,,,,,,0,50,groundball_sp,
P1505,John,Doe,1990-09-22,74,199,Unknown,medium,brown,clean_shaven,L,P,,1,RP,RP,,,,,51,,,,53,54,50,53,52,49,52,0,59,65,0,0,0,,,,,0,,,,50,47,45,48,48,46,47,0,56,55,0,0,0,False,,,0,,,,,,0,50,power_rp,
P5779,John,Doe,2003-12-20,68,168,Unknown,medium,black,beard,L,P,,1,RP,SP,,,,,48,,,,52,49,52,51,52,48,53,60,0,58,0,0,0,,,,,0,,,,66,64,62,58,64,62,63,72,0,63,0,0,0,False,,,0,,,,,,0,50,workhorse_sp,
P5149,John,Doe,1993-12-06,75,176,Unknown,medium,blonde,clean_shaven,R,P,,1,RP,SP,,,,,48,,,,51,51,51,50,54,48,52,63,59,59,0,54,0,,,,,0,,,,41,42,47,52,49,42,49,62,53,49,0,50,0,False,,,0,,,,,,0,50,balanced_sp,
P5694,John,Doe,1999-01-07,70,215,Unknown,medium,black,clean_shaven,L,P,,1,RP,SP,,,,,50,,,,50,50,53,52,52,49,50,62,60,0,0,0,0,,,,,0,,,,59,58,61,57,63,56,56,71,75,0,0,0,0,False,,,0,,,,,,0,50,balanced_sp,
P6338,John,Doe,1988-05-15,70,250,Unknown,dark,brown,clean_shaven,L,P,,1,RP,SP,,,,,54,,,,52,50,51,51,52,48,49,0,59,0,60,0,0,,,,,0,,,,44,47,45,45,50,46,39,0,51,0,54,0,0,False,,,0,,,,,,0,50,groundball_sp,
P1481,John,Doe,1989-10-12,76,207,Unknown,medium,brown,mustache,R,1B,,0,,,48,60,48,48,49,51,51,49,49,50,,,,,,,,,,,,41,57,43,47,49,0,0,49,48,50,,,,,,,,,,,,False,,,0,,,,,,0,50,,power
P2904,John,Doe,2000-06-08,76,195,Unknown,dark,black,clean_shaven,R,CF,,0,,,52,53,51,51,51,52,53,49,51,53,,,,,,,,,,,,67,58,63,64,51,0,0,49,62,58,,,,,,,,,,,,False,,,0,,,,,,0,50,,balanced
P7478,John,Doe,2002-11-10,72,246,Unknown,medium,black,clean_shaven,R,LF,,0,,,52,60,51,53,48,53,59,50,53,52,,,,,,,,,,,,58,67,63,62,48,0,0,50,68,59,,,,,,,,,,,,False,,,0,,,,,,0,50,,balanced
P5688,John,Doe,1994-07-02,75,191,Unknown,dark,red,clean_shaven,S,C,,0,,,50,59,49,50,47,53,55,50,53,50,,,,,,,,,,,,51,57,54,48,47,0,0,50,54,51,,,,,,,,,,,,False,,,0,,,,,,0,50,,power
P6028,John,Doe,1999-03-08,73,211,Unknown,light,red,mustache,L,CF,,0,,,52,51,72,49,52,52,46,48,49,49,,,,,,,,,,,,60,66,81,55,52,0,0,48,62,54,,,,,,,,,,,,False,,,0,,,,,,0,50,,speed
P8971,John,Doe,1994-06-26,74,200,Unknown,light,black,goatee,R,3B,,0,,,54,49,50,53,51,52,56,51,48,48,,,,,,,,,,,,55,48,51,54,51,0,0,51,51,43,,,,,,,,,,,,False,,,0,,,,,,0,50,,balanced
P6149,John,Doe,1990-01-04,70,222,Unknown,dark,brown,mustache,L,3B,,0,,,60,58,49,52,47,51,50,53,49,50,,,,,,,,,,,,55,54,47,49,47,0,0,53,49,44,,,,,,,,,,,,False,,,0,,,,,,0,50,,gap
P2942,John,Doe,1996-06-02,68,217,Unknown,light,brown,beard,S,RF,,0,,,49,53,48,51,49,51,54,48,49,52,,,,,,,,,,,,48,52,45,52,49,0,0,48,48,47,,,,,,,,,,,,False,,,0,,,,,,0,50,,balanced
P3703,John,Doe,2004-06-27,77,175,Unknown,light,brown,clean_shaven,R,P,,1,RP,CL,,,,,55,,,,53,52,49,50,52,51,56,0,58,65,0,0,0,,,,,0,,,,74,63,68,67,76,67,83,0,87,94,0,0,0,False,,,0,,,,,,0,50,closer,
P8068,John,Doe,2006-12-26,71,179,Unknown,medium,red,clean_shaven,R,P,,1,RP,SP,,,,,54,,,,51,51,54,53,52,51,51,62,61,0,60,0,0,,,,,0,,,,72,70,68,70,66,79,64,89,83,0,90,0,0,False,,,0,,,,,,0,50,groundball_sp,
P4429,John,Doe,2007-06-09,73,177,Unknown,medium,black,clean_shaven,S,P,,1,RP,SP,,,,,50,,,,52,53,51,50,52,49,52,61,62,60,0,0,0,,,,,0,,,,71,83,73,67,80,73,63,85,91,72,0,0,0,False,,,0,,,,,,0,50,balanced_sp,
P7099,John,Doe,2004-11-30,68,204,Unknown,dark,black,clean_shaven,R,P,,1,RP,SP,,,,,11,,,,49,53,53,50,52,51,53,0,63,62,0,0,0,,,,,23,,,,68,79,69,65,63,77,72,0,74,90,0,0,0,False,,,0,,,,,,0,50,power_sp,
P8702,John,Doe,2008-02-13,74,224,Unknown,medium,blonde,clean_shaven,R,P,,1,RP,SP,,,,,52,,,,48,48,51,50,54,50,50,62,58,61,0,56,0,,,,,0,,,,65,67,70,69,63,77,65,88,88,79,0,80,0,False,,,0,,,,,,0,50,workhorse_sp,
P3241,John,Doe,2007-05-02,76,177,Unknown,dark,black,clean_shaven,R,C,,0,,,53,50,49,53,49,52,59,52,52,53,,,,,,,,,,,,72,75,64,81,49,0,0,52,63,67,,,,,,,,,,,,False,,,0,,,,,,0,50,,balanced
P2994,John,Doe,2004-06-09,68,230,Unknown,medium,brown,clean_shaven,R,C,,0,,,52,50,50,52,52,50,56,50,50,52,,,,,,,,,,,,82,70,75,73,52,0,0,50,67,76,,,,,,,,,,,,False,,,0,,,,,,0,50,,balanced
P7823,John,Doe,2005-01-03,72,185,Unknown,medium,blonde,beard,L,RF,,0,,,58,52,51,53,50,50,46,52,50,50,,,,,,,,,,,,74,62,67,69,50,0,0,52,65,65,,,,,,,,,,,,False,,,0,,,,,,0,50,,spray
P7685,John,Doe,2006-07-03,78,240,Unknown,medium,brown,clean_shaven,R,LF,,0,,,51,54,50,52,52,49,56,52,48,51,,,,,,,,,,,,66,80,66,80,52,0,0,52,76,62,,,,,,,,,,,,False,,,0,,,,,,0,50,,balanced
P8953,John,Doe,2005-01-26,70,169,Unknown,dark,black,clean_shaven,R,CF,,0,,,49,46,70,50,54,51,52,50,48,50,,,,,,,,,,,,71,75,98,62,54,0,0,50,70,68,,,,,,,,,,,,False,,,0,,,,,,0,50,,speed
P5819,John,Doe,1999-04-30,69,177,Unknown,light,brown,clean_shaven,S,P,,1,RP,CL,,,,,55,,,,48,54,48,52,54,52,54,61,61,65,0,0,0,,,,,0,,,,60,65,60,66,58,58,64,74,68,71,0,0,0,False,,,0,,,,,,0,50,closer,
P2923,John,Doe,1999-08-30,77,237,Unknown,dark,brown,clean_shaven,R,P,,1,RP,SP,,,,,49,,,,52,51,54,52,52,53,53,61,60,58,60,0,0,,,,,0,,,,60,59,67,65,60,67,62,75,75,71,66,0,0,False,,,0,,,,,,0,50,finesse_sp,
P2168,John,Doe,2004-02-21,72,206,Unknown,medium,red,clean_shaven,R,P,,1,RP,RP,,,,,52,,,,52,49,49,50,52,52,51,60,0,0,0,0,0,,,,,0,,,,67,64,61,62,64,62,65,65,0,0,0,0,0,False,,,0,,,,,,0,50,finesse_rp,
P9116,John,Doe,1998-10-17,74,174,Unknown,dark,blonde,goatee,L,P,,1,RP,SP,,,,,48,,,,52,52,52,53,52,49,52,60,63,0,0,0,0,,,,,0,,,,61,64,62,63,59,62,58,68,68,0,0,0,0,False,,,0,,,,,,0,50,workhorse_sp,
P1860,John,Doe,1987-09-24,70,207,Unknown,medium,brown,clean_shaven,R,P,,1,RP,SP,,,,,49,,,,51,51,53,50,52,48,52,59,63,63,0,0,0,,,,,0,,,,50,41,40,44,46,48,50,49,63,56,0,0,0,False,,,0,,,,,,0,50,workhorse_sp,
P1201,John,Doe,1994-01-06,74,190,Unknown,medium,black,clean_shaven,L,P,,1,RP,RP,,,,,54,,,,51,52,48,52,52,52,51,0,59,64,61,0,0,,,,,0,,,,50,52,42,51,43,45,41,0,51,61,55,0,0,False,,,0,,,,,,0,50,groundball_rp,
P5845,John,Doe,1990-10-13,70,213,Unknown,light,blonde,clean_shaven,R,P,,1,RP,RP,,,,,51,,,,51,53,51,50,53,50,53,0,62,0,0,0,0,,,,,0,,,,44,44,45,44,42,43,47,0,52,0,0,0,0,False,,,0,,,,,,0,50,power_rp,
P4732,John,Doe,2001-04-02,76,169,Unknown,light,blonde,clean_shaven,R,P,,1,RP,LR,,,,,50,,,,48,51,53,50,52,51,54,59,60,0,0,0,0,,,,,0,,,,56,60,59,60,63,65,68,74,75,0,0,0,0,False,,,0,,,,,,0,50,long_relief,
P3046,John,Doe,1998-10-18,73,234,Unknown,dark,black,beard,R,P,,1,RP,SP,,,,,48,,,,53,50,50,54,52,53,49,59,63,0,0,0,0,,,,,0,,,,64,55,59,66,63,64,60,71,74,0,0,0,0,False,,,0,,,,,,0,50,finesse_sp,
P9600,John,Doe,1993-10-22,77,224,Unknown,dark,brown,beard,R,P,,1,RP,SP,,,,,49,,,,52,50,51,50,53,48,49,62,59,58,0,0,0,,,,,0,,,,46,45,46,50,41,39,45,54,58,50,0,0,0,False,,,0,,,,,,0,50,balanced_sp,
P3583,John,Doe,2000-07-18,71,186,Unknown,medium,black,mustache,R,P,,1,RP,RP,,,,,56,,,,52,53,51,50,52,49,50,59,0,64,62,0,0,,,,,0,,,,58,65,59,57,63,59,56,74,0,70,72,0,0,False,,,0,,,,,,0,50,groundball_rp,
P8571,John,Doe,1994-06-19,69,163,Unknown,light,blonde,clean_shaven,L,C,,0,,,53,54,51,52,48,53,47,51,51,48,,,,,,,,,,,,50,54,50,47,48,0,0,51,47,52,,,,,,,,,,,,False,,,0,,,,,,0,50,,gap
P1944,John,Doe,2004-10-12,69,205,Unknown,dark,blonde,clean_shaven,L,1B,,0,,,54,56,53,51,48,51,50,48,51,49,,,,,,,,,,,,67,77,73,76,48,0,0,48,73,61,,,,,,,,,,,,False,,,0,,,,,,0,50,,gap
P5686,John,Doe,2002-07-24,68,198,Unknown,light,black,clean_shaven,L,2B,,0,,,54,51,48,52,51,51,49,51,48,50,,,,,,,,,,,,69,66,56,62,51,0,0,51,59,63,,,,,,,,,,,,False,,,0,,,,,,0,50,,balanced
P3605,John,Doe,1998-08-02,73,168,Unknown,light,red,clean_shaven,R,3B,,0,,,52,52,51,53,50,53,57,48,51,47,,,,,,,,,,,,66,59,58,62,50,0,0,48,60,53,,,,,,,,,,,,False,,,0,,,,,,0,50,,balanced
P8777,John,Doe,2001-01-06,71,174,Unknown,medium,black,clean_shaven,R,SS,,0,,,53,53,51,54,50,49,56,52,49,48,,,,,,,,,,,,65,63,64,62,50,0,0,52,55,63,,,,,,,,,,,,False,,,0,,,,,,0,50,,gap
P5724,John,Doe,1988-01-01,69,180,Unknown,dark,red,mustache,S,LF,,0,,,50,49,52,50,51,51,54,53,52,48,,,,,,,,,,,,48,43,51,48,51,0,0,53,51,42,,,,,,,,,,,,False,,,0,,,,,,0,50,,average
P6374,John,Doe,2003-04-11,76,245,Unknown,dark,black,beard,S,CF,,0,,,52,50,71,51,54,53,48,50,50,50,,,,,,,,,,,,67,59,77,58,54,0,0,50,55,56,,,,,,,,,,,,False,,,0,,,,,,0,50,,speed
P9245,John,Doe,1989-09-20,72,193,Unknown,light,black,goatee,R,RF,,0,,,52,59,49,49,51,52,54,49,50,52,,,,,,,,,,,,48,52,40,47,51,0,0,49,45,48,,,,,,,,,,,,False,,,0,,,,,,0,50,,power
P8447,John,Doe,1997-08-02,71,223,Unknown,medium,brown,beard,R,CF,,0,,,54,48,70,50,52,48,51,49,48,50,,,,,,,,,,,,50,50,74,46,52,0,0,49,49,51,,,,,,,,,,,,False,,,0,,,,,,0,50,,speed
P4380,John,Doe,1996-06-24,73,171,Unknown,medium,black,clean_shaven,R,CF,,0,,,53,48,70,51,50,51,51,49,52,52,,,,,,,,,,,,57,44,69,51,50,0,0,49,47,56,,,,,,,,,,,,False,,,0,,,,,,0,50,,speed
P7332,John,Doe,2003-08-12,73,250,Unknown,medium,brown,clean_shaven,S,CF,,0,,,52,50,50,52,49,49,50,49,50,50,,,,,,,,,,,,64,55,62,59,49,0,0,49,64,58,,,,,,,,,,,,False,,,0,,,,,,0,50,,balanced
P5199,John,Doe,1990-09-01,68,202,Unknown,dark,black,clean_shaven,R,3B,,0,,,52,50,51,51,50,52,56,52,52,52,,,,,,,,,,,,44,49,42,50,50,0,0,52,51,51,,,,,,,,,,,,False,,,0,,,,,,0,50,,balanced
P4113,John,Doe,2004-04-01,71,194,Unknown,light,blonde,clean_shaven,R,C,LF,0,,,64,53,48,54,50,49,56,49,48,50,,,,,,,,,,,,79,79,59,76,50,0,0,49,58,61,,,,,,,,,,,,False,,,0,,,,,,0,50,,spray
P2850,John,Doe,1987-06-08,69,212,Unknown,dark,brown,goatee,L,CF,,0,,,56,49,54,50,52,50,45,48,50,52,,,,,,,,,,,,55,40,54,46,52,0,0,48,48,43,,,,,,,,,,,,False,,,0,,,,,,0,50,,spray
P8872,John,Doe,2000-02-06,74,174,Unknown,light,brown,beard,R,P,,1,RP,CL,,,,,55,,,,52,50,49,50,52,52,54,0,0,66,0,0,0,,,,,0,,,,59,57,63,67,56,59,60,0,0,75,0,0,0,False,,,0,,,,,,0,50,closer,
P3446,John,Doe,1991-04-29,72,168,Unknown,medium,brown,clean_shaven,R,P,,1,RP,CL,,,,,50,,,,49,50,47,50,52,49,52,0,0,67,0,0,0,,,,,0,,,,49,46,41,42,38,46,45,0,0,61,0,0,0,False,,,0,,,,,,0,50,closer,
P6682,John,Doe,1999-03-11,71,242,Unknown,light,black,clean_shaven,R,P,,1,RP,SP,,,,,50,,,,49,53,54,50,53,52,51,60,60,58,57,0,0,,,,,0,,,,56,67,64,62,61,58,64,65,67,72,67,0,0,False,,,0,,,,,,0,50,balanced_sp,
P1434,John,Doe,1992-10-29,76,247,Unknown,dark,black,clean_shaven,L,P,,1,RP,SP,,,,,51,,,,50,50,54,50,54,48,51,59,0,61,0,0,0,,,,,0,,,,44,40,49,49,47,40,50,52,0,54,0,0,0,False,,,0,,,,,,0,50,balanced_sp,
P7506,John,Doe,2000-03-08,68,226,Unknown,dark,brown,clean_shaven,R,P,,1,RP,SP,,,,,48,,,,52,54,53,50,52,48,56,0,60,59,0,0,0,,,,,0,,,,62,61,58,62,59,55,70,0,68,64,0,0,0,False,,,0,,,,,,0,50,power_sp,
P4798,John,Doe,1999-12-04,77,249,Unknown,medium,black,clean_shaven,R,P,,1,RP,RP,,,,,55,,,,51,51,51,51,53,52,51,59,0,0,59,0,0,,,,,0,,,,61,65,62,63,58,59,65,66,0,0,66,0,0,False,,,0,,,,,,0,50,groundball_rp,
P6586,John,Doe,1999-10-24,77,209,Unknown,light,black,clean_shaven,R,P,,1,RP,RP,,,,,49,,,,48,52,48,50,53,53,51,61,58,0,0,0,0,,,,,0,,,,59,67,55,60,55,61,66,74,67,0,0,0,0,False,,,0,,,,,,0,50,finesse_rp,
P2284,John,Doe,1994-08-11,70,238,Unknown,light,black,goatee,R,RF,,0,,,49,51,51,51,53,50,55,50,49,52,,,,,,,,,,,,54,56,47,46,53,0,0,50,45,53,,,,,,,,,,,,False,,,0,,,,,,0,50,,average
P2274,John,Doe,1995-02-15,72,180,Unknown,light,blonde,clean_shaven,R,3B,,0,,,50,50,51,51,52,50,58,49,48,50,,,,,,,,,,,,52,52,52,54,52,0,0,49,52,45,,,,,,,,,,,,False,,,0,,,,,,0,50,,average
P2570,John,Doe,1991-11-14,71,165,Unknown,light,brown,beard,R,SS,,0,,,54,47,87,53,53,50,58,49,47,50,,,,,,,,,,,,46,42,81,51,53,0,0,49,43,43,,,,,,,,,,,,False,,,0,,,,,,0,50,,speed
P2562,John,Doe,2001-09-29,71,236,Unknown,medium,blonde,clean_shaven,R,CF,,0,,,53,46,74,53,49,49,57,47,47,50,,,,,,,,,,,,66,56,87,62,49,0,0,47,52,55,,,,,,,,,,,,False,,,0,,,,,,0,50,,speed
P7268,John,Doe,2000-11-19,75,222,Unknown,light,black,clean_shaven,R,SS,,0,,,51,60,52,51,51,49,58,48,51,49,,,,,,,,,,,,64,69,65,66,51,0,0,48,60,61,,,,,,,,,,,,False,,,0,,,,,,0,50,,power
P4569,John,Doe,1995-05-24,77,192,Unknown,medium,blonde,clean_shaven,L,1B,,0,,,52,63,52,52,50,53,46,49,48,52,,,,,,,,,,,,56,58,50,48,50,0,0,49,51,49,,,,,,,,,,,,False,,,0,,,,,,0,50,,power
P5280,John,Doe,1988-06-24,68,233,Unknown,light,black,beard,S,SS,,0,,,51,52,51,52,52,49,57,52,48,49,,,,,,,,,,,,41,47,49,52,52,0,0,52,45,45,,,,,,,,,,,,False,,,0,,,,,,0,50,,balanced
P7527,John,Doe,2000-03-08,73,208,Unknown,light,black,beard,R,3B,,0,,,52,51,49,52,51,53,59,50,50,48,,,,,,,,,,,,66,63,64,57,51,0,0,50,57,55,,,,,,,,,,,,False,,,0,,,,,,0,50,,average
P7891,John,Doe,2005-10-18,72,175,Unknown,light,brown,clean_shaven,L,P,,1,RP,CL,,,,,55,,,,52,54,47,50,54,52,55,0,0,65,0,0,0,,,,,0,,,,71,67,60,82,77,80,66,0,0,93,0,0,0,False,,,0,,,,,,0,50,closer,
P4368,John,Doe,2004-11-16,75,247,Unknown,dark,brown,clean_shaven,R,P,,1,RP,SP,,,,,48,,,,49,50,51,51,52,49,52,63,0,61,0,0,0,,,,,0,,,,72,72,67,72,76,69,82,86,0,75,0,0,0,False,,,0,,,,,,0,50,workhorse_sp,
P2643,John,Doe,2005-11-11,72,235,Unknown,light,blonde,clean_shaven,R,P,,1,RP,SP,,,,,48,,,,48,52,52,53,54,47,50,58,61,59,0,0,0,,,,,0,,,,78,79,81,75,73,59,66,82,71,87,0,0,0,False,,,0,,,,,,0,50,workhorse_sp,
P5545,John,Doe,2008-01-04,75,168,Unknown,medium,brown,mustache,L,P,,1,RP,RP,,,,,53,,,,48,49,49,50,54,52,53,0,59,0,0,0,0,,,,,0,,,,74,78,76,81,67,80,67,0,81,0,0,0,0,False,,,0,,,,,,0,50,finesse_rp,
P1459,John,Doe,2007-06-03,68,243,Unknown,medium,brown,clean_shaven,R,P,,1,RP,SP,,,,,48,,,,51,50,53,51,52,49,53,58,0,62,0,0,0,,,,,0,,,,72,62,80,62,82,71,69,73,0,92,0,0,0,False,,,0,,,,,,0,50,workhorse_sp,
P8629,John,Doe,2007-12-09,72,168,Unknown,dark,blonde,mustache,L,RF,,0,,,60,67,50,50,48,53,47,52,51,52,,,,,,,,,,,,71,80,73,67,48,0,0,52,77,73,,,,,,,,,,,,False,,,0,,,,,,0,50,,gap
P9253,John,Doe,2005-04-13,72,228,Unknown,light,black,clean_shaven,R,2B,,0,,,54,49,51,51,49,51,55,50,51,50,,,,,,,,,,,,68,79,67,79,49,0,0,50,80,66,,,,,,,,,,,,False,,,0,,,,,,0,50,,balanced
P3158,John,Doe,2008-02-18,77,160,Unknown,light,brown,clean_shaven,S,1B,,0,,,49,65,52,50,48,50,50,52,48,48,,,,,,,,,,,,63,92,74,75,48,0,0,52,74,77,,,,,,,,,,,,False,,,0,,,,,,0,50,,power
P9080,John,Doe,2004-10-19,74,200,Unknown,dark,brown,clean_shaven,R,1B,,0,,,61,49,52,54,52,50,57,49,48,51,,,,,,,,,,,,86,76,64,71,52,0,0,49,67,76,,,,,,,,,,,,False,,,0,,,,,,0,50,,spray
P3483,John,Doe,2005-05-15,73,227,Unknown,light,brown,beard,R,2B,,0,,,57,48,51,55,50,50,57,52,49,50,,,,,,,,,,,,68,69,76,76,50,0,0,52,70,80,,,,,,,,,,,,False,,,0,,,,,,0,50,,spray
P8198,John,Doe,2002-04-01,68,244,Unknown,dark,brown,goatee,R,P,,1,RP,CL,,,,,55,,,,50,50,52,50,52,52,54,0,0,65,0,0,0,,,,,0,,,,58,60,61,61,58,61,69,0,0,76,0,0,0,False,,,0,,,,,,0,50,closer,
P1969,John,Doe,1988-02-18,68,233,Unknown,dark,black,clean_shaven,R,P,,1,RP,RP,,,,,51,,,,48,53,51,50,53,52,55,0,63,0,0,0,0,,,,,0,,,,40,52,44,48,46,48,53,0,53,0,0,0,0,False,,,0,,,,,,0,50,power_rp,
P5330,John,Doe,1995-03-30,73,250,Unknown,light,black,mustache,R,P,,1,RP,RP,,,,,53,,,,52,53,51,50,52,52,53,0,59,66,60,0,0,,,,,0,,,,57,58,47,56,47,56,49,0,57,67,58,0,0,False,,,0,,,,,,0,50,groundball_rp,
P3145,John,Doe,1990-04-30,71,210,Unknown,medium,brown,beard,L,P,,1,RP,RP,,,,,49,,,,51,53,50,53,53,52,51,61,59,0,0,0,0,,,,,0,,,,51,53,46,51,45,48,44,55,49,0,0,0,0,False,,,0,,,,,,0,50,finesse_rp,
P5421,John,Doe,1989-01-20,70,164,Unknown,dark,black,beard,R,P,,1,RP,RP,,,,,52,,,,51,51,49,52,54,52,53,0,59,0,0,0,0,,,,,0,,,,44,44,44,52,45,49,46,0,56,0,0,0,0,False,,,0,,,,,,0,50,finesse_rp,
P4386,John,Doe,2002-07-27,73,167,Unknown,dark,brown,clean_shaven,S,P,,1,RP,SP,,,,,52,,,,51,53,54,51,52,51,50,62,59,0,0,0,0,,,,,0,,,,60,64,63,67,61,59,57,72,74,0,0,0,0,False,,,0,,,,,,0,50,workhorse_sp,
P5547,John,Doe,1988-06-23,73,204,Unknown,medium,brown,mustache,R,P,,1,RP,CL,,,,,51,,,,51,50,52,50,52,50,54,0,59,66,0,0,0,,,,,0,,,,41,49,49,52,51,46,54,0,54,62,0,0,0,False,,,0,,,,,,0,50,closer,
P7376,John,Doe,1988-04-16,73,246,Unknown,dark,black,clean_shaven,R,P,,1,RP,SP,,,,,51,,,,50,53,53,53,52,48,52,61,61,0,0,0,0,,,,,0,,,,47,48,50,46,53,45,45,51,56,0,0,0,0,False,,,0,,,,,,0,50,balanced_sp,
P1652,John,Doe,1997-09-27,74,203,Unknown,dark,brown,clean_shaven,R,P,,1,RP,SP,,,,,52,,,,51,51,54,51,52,50,50,0,59,62,0,0,0,,,,,0,,,,48,51,51,57,58,55,54,0,58,62,0,0,0,False,,,0,,,,,,0,50,balanced_sp,
P5054,John,Doe,2001-02-21,78,242,Unknown,medium,black,clean_shaven,L,P,,1,RP,SP,,,,,50,,,,52,53,50,52,52,50,51,59,60,62,0,0,0,,,,,0,,,,59,59,58,59,55,55,58,72,75,73,0,0,0,False,,,0,,,,,,0,50,balanced_sp,
P3676,John,Doe,2000-08-21,76,199,Unknown,medium,brown,clean_shaven,L,P,,1,RP,LR,,,,,52,,,,53,50,53,51,52,51,51,58,62,0,0,0,0,,,,,0,,,,65,60,56,61,68,58,62,69,67,0,0,0,0,False,,,0,,,,,,0,50,long_relief,
P2708,John,Doe,2000-12-05,69,241,Unknown,medium,blonde,clean_shaven,R,C,,0,,,62,50,51,53,50,50,56,51,51,49,,,,,,,,,,,,74,62,65,62,50,0,0,51,61,62,,,,,,,,,,,,False,,,0,,,,,,0,50,,spray
P4188,John,Doe,1998-10-11,72,171,Unknown,dark,blonde,mustache,R,1B,,0,,,53,60,53,52,51,49,52,51,50,49,,,,,,,,,,,,65,72,59,65,51,0,0,51,61,58,,,,,,,,,,,,False,,,0,,,,,,0,50,,power
P6641,John,Doe,1993-08-23,68,182,Unknown,medium,blonde,beard,L,2B,,0,,,50,50,48,52,53,52,48,50,49,51,,,,,,,,,,,,46,48,47,51,53,0,0,50,49,45,,,,,,,,,,,,False,,,0,,,,,,0,50,,average
P2793,John,Doe,2003-10-20,70,202,Unknown,light,black,clean_shaven,R,3B,,0,,,50,48,48,52,51,48,59,52,51,48,,,,,,,,,,,,55,61,53,60,51,0,0,52,58,59,,,,,,,,,,,,False,,,0,,,,,,0,50,,balanced
P1393,John,Doe,2003-03-21,69,209,Unknown,light,brown,clean_shaven,L,SS,,0,,,49,51,51,50,51,49,52,52,48,51,,,,,,,,,,,,54,58,57,65,51,0,0,52,55,64,,,,,,,,,,,,False,,,0,,,,,,0,50,,gap
P5814,John,Doe,1994-04-01,70,249,Unknown,light,brown,goatee,R,LF,,0,,,52,61,51,49,50,51,59,50,51,48,,,,,,,,,,,,56,59,53,46,50,0,0,50,48,51,,,,,,,,,,,,False,,,0,,,,,,0,50,,power
P3677,John,Doe,1988-10-12,71,187,Unknown,medium,brown,goatee,S,CF,,0,,,50,53,53,49,51,52,50,49,51,50,,,,,,,,,,,,46,48,53,47,51,0,0,49,50,49,,,,,,,,,,,,False,,,0,,,,,,0,50,,gap
P1178,John,Doe,1992-11-04,75,242,Unknown,light,blonde,clean_shaven,S,RF,,0,,,52,61,49,51,47,54,54,51,51,49,,,,,,,,,,,,44,59,43,42,47,0,0,51,46,48,,,,,,,,,,,,False,,,0,,,,,,0,50,,power
P1256,John,Doe,1996-09-05,77,241,Unknown,medium,red,clean_shaven,R,2B,,0,,,54,51,48,52,49,51,58,50,49,52,,,,,,,,,,,,59,53,46,57,49,0,0,50,46,51,,,,,,,,,,,,False,,,0,,,,,,0,50,,balanced
P4243,John,Doe,1989-01-02,71,163,Unknown,light,brown,beard,S,CF,,0,,,50,51,53,50,50,50,49,53,50,50,,,,,,,,,,,,50,46,47,46,50,0,0,53,50,50,,,,,,,,,,,,False,,,0,,,,,,0,50,,balanced
P4045,John,Doe,1998-04-24,78,208,Unknown,dark,brown,goatee,R,3B,RF,0,,,52,52,49,50,50,48,60,51,49,50,,,,,,,,,,,,58,62,63,65,50,0,0,51,55,60,,,,,,,,,,,,False,,,0,,,,,,0,50,,balanced
P2432,John,Doe,1994-01-14,77,174,Unknown,light,black,clean_shaven,S,2B,,0,,,56,48,70,52,54,51,55,50,51,52,,,,,,,,,,,,54,47,67,48,54,0,0,50,42,47,,,,,,,,,,,,False,,,0,,,,,,0,50,,speed
P9978,John,Doe,1992-05-26,69,186,Unknown,medium,blonde,clean_shaven,R,C,,0,,,53,53,48,50,48,49,56,50,53,49,,,,,,,,,,,,47,52,38,43,48,0,0,50,47,48,,,,,,,,,,,,False,,,0,,,,,,0,50,,balanced
P7594,John,Doe,1994-12-07,71,198,Unknown,dark,brown,clean_shaven,R,CF,,0,,,65,53,52,53,51,50,56,49,48,51,,,,,,,,,,,,68,53,48,49,51,0,0,49,53,53,,,,,,,,,,,,False,,,0,,,,,,0,50,,spray
P1108,John,Doe,2001-03-04,77,182,Unknown,dark,blonde,clean_shaven,R,P,,1,RP,CL,,,,,55,,,,51,52,50,53,58,49,54,0,0,65,0,0,0,,,,,0,,,,61,61,59,70,57,55,62,0,0,77,0,0,0,False,,,0,,,,,,0,50,closer,
P5151,John,Doe,2003-04-11,69,175,Unknown,medium,blonde,goatee,S,P,,1,RP,SP,,,,,49,,,,48,53,53,50,54,50,52,63,0,61,0,0,0,,,,,0,,,,56,59,59,64,60,62,65,70,0,70,0,0,0,False,,,0,,,,,,0,50,workhorse_sp,
P1334,John,Doe,1996-08-06,77,173,Unknown,dark,red,beard,L,P,,1,RP,RP,,,,,57,,,,49,50,50,50,52,49,49,56,0,65,63,0,0,,,,,0,,,,49,55,50,48,53,50,48,59,0,68,58,0,0,False,,,0,,,,,,0,50,groundball_rp,
P7514,John,Doe,2001-08-11,71,170,Unknown,light,brown,mustache,R,P,,1,RP,SP,,,,,51,,,,51,52,52,50,53,51,54,60,62,58,0,0,0,,,,,0,,,,57,61,65,63,64,58,66,69,68,67,0,0,0,False,,,0,,,,,,0,50,power_sp,
P7000,John,Doe,1989-10-02,78,184,Unknown,medium,brown,beard,L,P,,1,RP,RP,,,,,50,,,,51,53,49,52,52,52,54,60,59,0,0,0,0,,,,,0,,,,51,52,52,46,49,47,53,57,56,0,0,0,0,False,,,0,,,,,,0,50,finesse_rp,
P5367,John,Doe,2000-04-21,74,189,Unknown,medium,black,clean_shaven,R,P,,1,RP,RP,,,,,50,,,,53,53,47,50,53,50,54,0,61,0,0,0,0,,,,,0,,,,68,62,58,66,62,62,60,0,75,0,0,0,0,False,,,0,,,,,,0,50,power_rp,
P2613,John,Doe,1992-03-24,69,162,Unknown,dark,black,mustache,R,P,,1,RP,SP,,,,,48,,,,49,52,53,50,52,51,51,61,61,58,0,57,0,,,,,0,,,,42,47,45,46,43,41,51,54,58,50,0,48,0,False,,,0,,,,,,0,50,balanced_sp,
P4816,John,Doe,1988-11-26,73,163,Unknown,medium,black,clean_shaven,R,C,,0,,,51,50,51,50,49,50,57,52,50,48,,,,,,,,,,,,50,43,48,46,49,0,0,52,43,47,,,,,,,,,,,,False,,,0,,,,,,0,50,,average
P8296,John,Doe,1997-08-02,72,164,Unknown,dark,brown,clean_shaven,S,LF,,0,,,52,47,72,51,51,49,55,52,50,51,,,,,,,,,,,,47,47,77,46,51,0,0,52,46,47,,,,,,,,,,,,False,,,0,,,,,,0,50,,speed
P6989,John,Doe,1999-02-09,71,185,Unknown,medium,black,beard,R,1B,,0,,,49,53,53,48,51,49,55,51,51,52,,,,,,,,,,,,63,68,66,61,51,0,0,51,58,62,,,,,,,,,,,,False,,,0,,,,,,0,50,,balanced
P2987,John,Doe,1994-07-28,74,205,Unknown,light,brown,mustache,L,LF,,0,,,57,49,50,52,52,51,50,49,48,51,,,,,,,,,,,,53,54,50,53,52,0,0,49,51,48,,,,,,,,,,,,False,,,0,,,,,,0,50,,spray
P8103,John,Doe,1999-09-25,68,208,Unknown,dark,black,clean_shaven,R,1B,,0,,,59,59,49,50,52,48,54,50,50,50,,,,,,,,,,,,68,65,55,63,52,0,0,50,61,56,,,,,,,,,,,,False,,,0,,,,,,0,50,,gap
P4190,John,Doe,1990-08-11,70,170,Unknown,light,black,clean_shaven,R,CF,,0,,,65,59,49,52,51,49,57,51,50,51,,,,,,,,,,,,64,53,44,49,51,0,0,51,49,47,,,,,,,,,,,,False,,,0,,,,,,0,50,,gap
P2885,John,Doe,2000-08-29,77,206,Unknown,medium,brown,beard,R,2B,,0,,,55,52,52,54,50,52,56,51,52,51,,,,,,,,,,,,65,66,61,67,50,0,0,51,66,56,,,,,,,,,,,,False,,,0,,,,,,0,50,,balanced
P3309,John,Doe,1993-10-21,73,226,Unknown,medium,brown,clean_shaven,L,C,,0,,,61,49,49,52,49,47,50,51,50,51,,,,,,,,,,,,59,47,49,47,49,0,0,51,44,44,,,,,,,,,,,,False,,,0,,,,,,0,50,,spray
P7050,John,Doe,2007-01-08,69,238,Unknown,medium,black,clean_shaven,R,P,LF,1,RP,CL,,,,,55,,,,52,51,48,50,52,52,55,58,0,65,0,0,0,,,,,0,,,,75,81,63,80,68,66,65,75,0,91,0,0,0,False,,,0,,,,,,0,50,closer,
P1489,John,Doe,2007-05-22,77,167,Unknown,medium,blonde,clean_shaven,R,P,,1,RP,SP,,,,,50,,,,49,52,50,53,52,50,52,63,63,0,0,0,0,,,,,0,,,,62,75,76,76,68,64,74,89,92,0,0,0,0,False,,,0,,,,,,0,50,finesse_sp,
P3749,John,Doe,2005-07-07,73,192,Unknown,light,red,mustache,S,P,,1,RP,LR,,,,,50,,,,51,52,53,51,52,49,50,0,59,63,0,0,0,,,,,0,,,,81,66,67,69,82,66,78,0,72,78,0,0,0,False,,,0,,,,,,0,50,long_relief,
P6798,John,Doe,2005-05-01,75,215,Unknown,light,black,clean_shaven,S,P,,1,RP,SP,,,,,50,,,,49,53,52,53,53,52,50,60,61,60,57,0,0,,,,,0,,,,71,70,69,68,64,74,64,89,87,81,83,0,0,False,,,0,,,,,,0,50,workhorse_sp,
P2846,John,Doe,2008-01-30,76,209,Unknown,medium,black,clean_shaven,R,P,,1,RP,SP,,,,,50,,,,52,50,53,53,53,53,53,0,59,62,57,0,0,,,,,0,,,,79,64,70,66,68,81,70,0,80,78,86,0,0,False,,,0,,,,,,0,50,groundball_sp,
P9909,John,Doe,2005-08-28,78,229,Unknown,light,blonde,goatee,R,C,,0,,,59,48,50,51,50,47,59,48,51,51,,,,,,,,,,,,79,78,80,73,50,0,0,48,79,74,,,,,,,,,,,,False,,,0,,,,,,0,50,,spray
P8232,John,Doe,2006-08-14,75,179,Unknown,medium,black,clean_shaven,S,SS,,0,,,51,50,79,53,51,51,53,48,49,48,,,,,,,,,,,,80,79,94,75,51,0,0,48,74,75,,,,,,,,,,,,False,,,0,,,,,,0,50,,speed
P8605,John,Doe,2007-07-30,77,219,Unknown,light,brown,clean_shaven,L,LF,,0,,,52,61,52,51,47,49,50,50,49,52,,,,,,,,,,,,73,86,65,71,47,0,0,50,70,72,,,,,,,,,,,,False,,,0,,,,,,0,50,,power
P9225,John,Doe,2005-02-10,76,192,Unknown,light,black,clean_shaven,R,2B,,0,,,52,60,48,50,51,51,60,49,51,52,,,,,,,,,,,,78,85,76,79,51,0,0,49,78,74,,,,,,,,,,,,False,,,0,,,,,,0,50,,power
P2232,John,Doe,2007-05-25,74,233,Unknown,medium,blonde,clean_shaven,R,2B,,0,,,50,53,51,50,51,52,54,49,50,53,,,,,,,,,,,,72,78,62,63,51,0,0,49,65,67,,,,,,,,,,,,False,,,0,,,,,,0,50,,balanced
P8291,John,Doe,2005-02-20,75,177,Unknown,medium,brown,clean_shaven,L,P,,1,RP,CL,,,,,55,,,,52,52,48,53,59,51,51,56,58,65,0,0,0,,,,,0,,,,73,67,77,78,73,72,71,73,77,78,0,0,0,False,,,0,,,,,,0,50,closer,
P5729,John,Doe,1997-08-17,77,234,Unknown,light,black,beard,R,P,,1,RP,CL,,,,,50,,,,50,51,50,50,52,52,56,0,60,65,0,0,0,,,,,0,,,,45,51,46,50,48,54,59,0,63,68,0,0,0,False,,,0,,,,,,0,50,closer,
P4186,John,Doe,1987-09-09,75,222,Unknown,light,blonde,clean_shaven,L,P,,1,RP,SP,,,,,48,,,,51,50,51,51,52,49,49,59,62,62,57,0,0,,,,,0,,,,47,45,44,51,44,43,46,54,58,53,55,0,0,False,,,0,,,,,,0,50,workhorse_sp,
P7385,John,Doe,1990-10-23,72,188,Unknown,medium,black,beard,L,P,,1,RP,SP,,,,,52,,,,49,50,53,51,52,48,52,60,60,58,0,0,0,,,,,0,,,,46,41,46,52,52,45,50,50,54,57,0,0,0,False,,,0,,,,,,0,50,power_sp,
P1790,John,Doe,2004-01-02,76,217,Unknown,medium,brown,clean_shaven,R,P,,1,RP,SP,,,,,50,,,,49,52,53,51,52,52,52,0,60,62,60,0,0,,,,,0,,,,58,58,65,60,68,63,63,0,73,72,67,0,0,False,,,0,,,,,,0,50,groundball_sp,
P1549,John,Doe,2003-06-16,71,161,Unknown,dark,black,clean_shaven,S,P,,1,RP,RP,,,,,48,,,,49,52,51,51,53,49,53,0,59,67,0,0,0,,,,,0,,,,54,66,58,62,60,59,63,0,65,76,0,0,0,False,,,0,,,,,,0,50,power_rp,
P4314,John,Doe,1997-01-21,73,250,Unknown,light,brown,beard,R,P,,1,RP,RP,,,,,56,,,,52,49,51,50,52,53,50,58,0,0,62,0,0,,,,,0,,,,51,54,49,56,46,56,52,62,0,0,58,0,0,False,,,0,,,,,,0,50,groundball_rp,
P5565,John,Doe,2001-07-24,74,239,Unknown,dark,black,clean_shaven,R,P,,1,RP,RP,,,,,53,,,,50,52,52,50,52,52,54,0,63,67,62,0,0,,,,,0,,,,61,57,61,64,59,61,62,0,75,78,68,0,0,False,,,0,,,,,,0,50,power_rp,
P6076,John,Doe,1991-10-13,71,205,Unknown,medium,black,clean_shaven,S,P,,1,RP,CL,,,,,51,,,,49,53,47,52,52,49,52,57,58,65,0,0,0,,,,,0,,,,49,51,45,43,47,40,51,50,53,63,0,0,0,False,,,0,,,,,,0,50,closer,
P6620,John,Doe,1988-01-03,77,206,Unknown,medium,brown,mustache,R,P,,1,RP,SP,,,,,52,,,,52,50,49,53,54,50,51,62,62,0,0,0,0,,,,,0,,,,46,48,51,44,39,48,49,55,61,0,0,0,0,False,,,0,,,,,,0,50,finesse_sp,
P7417,John,Doe,1990-11-22,70,225,Unknown,light,black,beard,S,P,,1,RP,SP,,,,,48,,,,47,50,49,52,54,49,49,59,0,0,60,0,0,,,,,42,,,,40,42,44,45,39,47,42,49,0,0,56,0,0,False,,,0,,,,,,0,50,groundball_sp,
P8080,John,Doe,1989-07-01,72,240,Unknown,dark,black,clean_shaven,R,C,,0,,,50,51,51,51,48,51,56,48,50,49,,,,,,,,,,,,43,49,44,43,48,0,0,48,42,47,,,,,,,,,,,,False,,,0,,,,,,0,50,,average
P3909,John,Doe,1996-12-21,78,207,Unknown,dark,black,clean_shaven,L,1B,,0,,,51,61,52,49,49,52,46,49,51,49,,,,,,,,,,,,48,65,51,48,49,0,0,49,47,44,,,,,,,,,,,,False,,,0,,,,,,0,50,,power
P4344,John,Doe,2000-02-26,77,247,Unknown,dark,black,mustache,R,2B,,0,,,67,49,52,52,49,46,55,48,51,50,,,,,,,,,,,,77,55,63,61,49,0,0,48,59,60,,,,,,,,,,,,False,,,0,,,,,,0,50,,spray
P9628,John,Doe,1992-09-30,76,239,Unknown,light,brown,clean_shaven,R,3B,,0,,,51,50,49,50,49,49,56,51,49,50,,,,,,,,,,,,44,50,48,42,49,0,0,51,39,40,,,,,,,,,,,,False,,,0,,,,,,0,50,,balanced
P9539,John,Doe,2004-10-12,73,250,Unknown,medium,black,clean_shaven,R,SS,,0,,,49,51,52,50,50,52,57,52,50,50,,,,,,,,,,,,73,77,65,80,50,0,0,52,61,76,,,,,,,,,,,,False,,,0,,,,,,0,50,,balanced
P8549,John,Doe,1996-01-06,72,168,Unknown,medium,red,clean_shaven,R,LF,,0,,,50,58,51,52,51,50,58,49,52,53,,,,,,,,,,,,55,63,54,54,51,0,0,49,48,51,,,,,,,,,,,,False,,,0,,,,,,0,50,,balanced
P3319,John,Doe,1991-10-19,76,187,Unknown,medium,brown,clean_shaven,L,CF,LF,0,,,52,51,53,53,50,51,46,48,50,52,,,,,,,,,,,,43,42,44,53,50,0,0,48,49,48,,,,,,,,,,,,False,,,0,,,,,,0,50,,balanced
P7250,John,Doe,1994-05-27,71,240,Unknown,light,black,clean_shaven,L,RF,,0,,,53,51,48,52,52,48,47,53,48,50,,,,,,,,,,,,55,50,43,52,52,0,0,53,46,50,,,,,,,,,,,,False,,,0,,,,,,0,50,,balanced
P1447,John,Doe,2001-01-06,76,198,Unknown,medium,black,clean_shaven,R,3B,,0,,,53,52,49,52,51,48,57,50,51,48,,,,,,,,,,,,62,66,62,61,51,0,0,50,63,54,,,,,,,,,,,,False,,,0,,,,,,0,50,,balanced
P4664,John,Doe,1995-11-02,76,208,Unknown,dark,brown,clean_shaven,L,LF,,0,,,52,62,49,53,50,50,52,51,51,51,,,,,,,,,,,,55,60,50,56,50,0,0,51,51,51,,,,,,,,,,,,False,,,0,,,,,,0,50,,power
P6299,John,Doe,1997-02-09,70,162,Unknown,dark,black,clean_shaven,L,LF,,0,,,51,51,50,52,52,50,48,50,48,50,,,,,,,,,,,,50,46,52,56,52,0,0,50,44,54,,,,,,,,,,,,False,,,0,,,,,,0,50,,balanced
P2123,John,Doe,1991-02-10,70,226,Unknown,dark,brown,clean_shaven,R,CF,,0,,,51,51,70,50,51,51,55,50,48,50,,,,,,,,,,,,48,51,60,48,51,0,0,50,41,46,,,,,,,,,,,,False,,,0,,,,,,0,50,,speed
P8641,John,Doe,2001-12-15,69,184,Unknown,medium,black,goatee,L,2B,,0,,,52,49,70,51,53,49,49,48,52,49,,,,,,,,,,,,59,62,79,58,53,0,0,48,58,58,,,,,,,,,,,,False,,,0,,,,,,0,50,,speed
P1406,John,Doe,1991-01-18,69,242,Unknown,medium,black,goatee,R,2B,SS,0,,,51,48,52,51,48,51,57,49,51,52,,,,,,,,,,,,46,47,46,42,48,0,0,49,48,49,,,,,,,,,,,,False,,,0,,,,,,0,50,,average
P5978,John,Doe,1999-10-08,78,186,Unknown,light,brown,beard,R,P,,1,RP,CL,,,,,55,,,,51,50,50,51,52,52,55,60,0,65,0,0,0,,,,,0,,,,56,64,61,65,65,57,66,65,0,71,0,0,0,False,,,0,,,,,,0,50,closer,
P3074,John,Doe,1988-01-01,73,183,Unknown,dark,brown,goatee,L,P,,1,RP,SP,,,,,49,,,,52,53,50,50,52,52,53,0,61,63,0,0,0,,,,,0,,,,48,50,40,42,43,52,51,0,58,54,0,0,0,False,,,0,,,,,,0,50,power_sp,
P2803,John,Doe,1995-02-23,76,218,Unknown,dark,blonde,mustache,R,P,,1,RP,SP,,,,,50,,,,51,54,51,51,52,52,55,59,63,60,57,0,0,,,,,0,,,,52,50,47,52,48,52,57,64,62,56,62,0,0,False,,,0,,,,,,0,50,power_sp,
P7390,John,Doe,2002-03-04,74,227,Unknown,medium,black,clean_shaven,R,P,,1,RP,CL,,,,,52,,,,50,53,50,50,52,50,55,0,0,65,0,0,0,,,,,0,,,,55,63,64,64,62,59,69,0,0,74,0,0,0,False,,,0,,,,,,0,50,closer,
P6183,John,Doe,1990-11-17,69,234,Unknown,medium,brown,beard,L,P,,1,RP,SP,,,,,51,,,,48,50,50,52,54,50,52,0,61,64,0,0,0,,,,,0,,,,38,44,45,50,43,47,45,0,59,54,0,0,0,False,,,0,,,,,,0,50,power_sp,
P8704,John,Doe,1996-05-30,72,211,Unknown,dark,blonde,beard,R,P,,1,RP,SP,,,,,49,,,,49,53,52,53,54,49,53,63,62,0,0,0,0,,,,,0,,,,47,58,54,54,47,44,48,68,67,0,0,0,0,False,,,0,,,,,,0,50,finesse_sp,
P9860,John,Doe,2005-01-26,76,163,Unknown,dark,black,beard,R,P,,1,RP,RP,,,,,49,,,,49,53,51,50,52,52,53,58,63,66,0,0,0,,,,,0,,,,69,75,74,69,65,67,69,82,86,96,0,0,0,False,,,0,,,,,,0,50,power_rp,
P7440,John,Doe,1990-09-08,69,211,Unknown,light,brown,beard,R,C,,0,,,59,48,48,53,52,49,56,50,50,49,,,,,,,,,,,,57,40,40,44,52,0,0,50,40,48,,,,,,,,,,,,False,,,0,,,,,,0,50,,spray
P1287,John,Doe,2004-02-05,74,215,Unknown,medium,black,clean_shaven,L,3B,,0,,,53,49,50,53,50,51,51,51,49,51,,,,,,,,,,,,63,60,57,59,50,0,0,51,64,57,,,,,,,,,,,,False,,,0,,,,,,0,50,,balanced
P8923,John,Doe,2000-12-16,74,220,Unknown,dark,brown,clean_shaven,R,SS,,0,,,52,48,84,52,50,50,60,52,52,51,,,,,,,,,,,,65,57,95,67,50,0,0,52,60,59,,,,,,,,,,,,False,,,0,,,,,,0,50,,speed
P2409,John,Doe,2004-01-06,73,218,Unknown,dark,black,clean_shaven,R,SS,,0,,,50,51,51,49,50,48,57,50,52,47,,,,,,,,,,,,59,57,61,58,50,0,0,50,59,61,,,,,,,,,,,,False,,,0,,,,,,0,50,,balanced
P9671,John,Doe,2000-02-08,73,160,Unknown,dark,blonde,clean_shaven,S,CF,,0,,,52,50,50,51,52,54,48,48,47,53,,,,,,,,,,,,60,65,60,57,52,0,0,48,58,60,,,,,,,,,,,,False,,,0,,,,,,0,50,,balanced
P2069,John,Doe,1996-04-15,69,177,Unknown,dark,brown,goatee,L,LF,,0,,,51,53,49,51,50,49,48,53,51,50,,,,,,,,,,,,51,57,45,49,50,0,0,53,52,53,,,,,,,,,,,,False,,,0,,,,,,0,50,,balanced
P4221,John,Doe,2004-06-06,74,199,Unknown,light,red,mustache,L,1B,,0,,,49,51,52,51,53,51,46,52,50,48,,,,,,,,,,,,72,71,67,76,53,0,0,52,61,67,,,,,,,,,,,,False,,,0,,,,,,0,50,,average
P7068,John,Doe,1995-09-23,78,239,Unknown,medium,black,clean_shaven,R,C,,0,,,64,51,54,52,52,51,58,48,51,49,,,,,,,,,,,,61,53,51,49,52,0,0,48,49,48,,,,,,,,,,,,False,,,0,,,,,,0,50,,spray
P2773,John,Doe,2004-04-27,70,243,Unknown,light,red,clean_shaven,R,P,,1,RP,CL,,,,,55,,,,53,50,48,50,52,51,51,59,0,66,0,0,0,,,,,0,,,,78,61,61,74,59,76,72,78,0,93,0,0,0,False,,,0,,,,,,0,50,closer,
P2456,John,Doe,2006-11-21,68,163,Unknown,light,black,clean_shaven,R,P,,1,RP,SP,,,,,50,,,,48,50,51,50,52,50,52,59,60,61,59,0,0,,,,,0,,,,60,71,61,77,62,73,73,88,75,79,88,0,0,False,,,0,,,,,,0,50,balanced_sp,
P1395,John,Doe,2007-12-01,70,169,Unknown,medium,blonde,goatee,R,P,,1,RP,SP,,,,,50,,,,51,51,50,53,53,51,51,63,59,60,0,58,0,,,,,0,,,,69,68,82,75,74,62,80,83,73,78,0,69,0,False,,,0,,,,,,0,50,balanced_sp,
P6626,John,Doe,2004-06-19,78,215,Unknown,light,black,clean_shaven,R,P,,1,RP,RP,,,,,50,,,,51,50,53,51,53,50,52,60,59,66,0,0,0,,,,,0,,,,65,61,66,65,73,64,76,90,86,92,0,0,0,False,,,0,,,,,,0,50,power_rp,
P8860,John,Doe,2007-11-13,71,161,Unknown,medium,brown,clean_shaven,S,P,,1,RP,SP,,,,,50,,,,51,51,52,52,53,51,56,57,61,63,56,0,0,,,,,0,,,,77,71,74,65,67,69,77,76,89,89,67,0,0,False,,,0,,,,,,0,50,power_sp,
P6807,John,Doe,2006-11-26,78,238,Unknown,light,blonde,clean_shaven,R,3B,,0,,,51,53,51,52,50,49,57,49,49,48,,,,,,,,,,,,61,76,75,68,50,0,0,49,65,63,,,,,,,,,,,,False,,,0,,,,,,0,50,,balanced
P9367,John,Doe,2005-03-17,70,194,Unknown,light,brown,clean_shaven,L,RF,,0,,,49,51,70,51,50,47,51,52,52,50,,,,,,,,,,,,68,68,97,77,50,0,0,52,81,73,,,,,,,,,,,,False,,,0,,,,,,0,50,,speed
P9980,John,Doe,2006-07-30,71,220,Unknown,light,black,clean_shaven,L,2B,,0,,,52,49,70,53,50,50,49,52,51,49,,,,,,,,,,,,62,77,94,74,50,0,0,52,72,61,,,,,,,,,,,,False,,,0,,,,,,0,50,,speed
P3572,John,Doe,2007-04-10,77,210,Unknown,dark,black,clean_shaven,L,SS,,0,,,54,52,52,51,50,48,53,51,50,48,,,,,,,,,,,,84,68,67,69,50,0,0,51,69,59,,,,,,,,,,,,False,,,0,,,,,,0,50,,balanced
P1721,John,Doe,2004-12-07,71,190,Unknown,light,blonde,clean_shaven,L,3B,,0,,,50,60,49,51,49,54,47,50,50,53,,,,,,,,,,,,66,86,79,71,49,0,0,50,62,80,,,,,,,,,,,,False,,,0,,,,,,0,50,,power
P9742,John,Doe,1988-11-25,73,211,Unknown,medium,blonde,clean_shaven,L,P,,1,RP,CL,,,,,55,,,,52,52,50,50,52,52,52,0,0,66,0,0,0,,,,,0,,,,49,46,41,47,50,47,50,0,0,64,0,0,0,False,,,0,,,,,,0,50,closer,
P3878,John,Doe,2002-05-30,72,183,Unknown,dark,brown,clean_shaven,L,P,,1,RP,RP,,,,,53,,,,48,50,50,51,54,50,52,0,0,0,61,0,0,,,,,0,,,,62,62,63,61,61,62,59,0,0,0,67,0,0,False,,,0,,,,,,0,50,groundball_rp,
P2282,John,Doe,1999-10-10,72,169,Unknown,light,brown,beard,R,P,,1,RP,SP,,,,,52,,,,48,50,54,53,52,52,53,61,59,63,57,0,0,,,,,0,,,,54,56,62,58,66,62,68,76,67,68,62,0,0,False,,,0,,,,,,0,50,balanced_sp,
P5705,John,Doe,2004-07-23,69,223,Unknown,medium,brown,clean_shaven,R,P,,1,RP,SP,,,,,48,,,,50,51,50,51,52,50,49,61,0,58,0,0,0,,,,,0,,,,60,69,74,71,76,75,69,86,0,71,0,0,0,False,,,0,,,,,,0,50,workhorse_sp,
P7689,John,Doe,2001-02-06,77,231,Unknown,dark,black,clean_shaven,S,P,,1,RP,SP,,,,,50,,,,49,50,54,51,52,52,52,61,61,60,0,58,0,,,,,0,,,,55,59,62,66,65,58,61,76,67,67,0,66,0,False,,,0,,,,,,0,50,power_sp,
P1568,John,Doe,1991-04-03,71,171,Unknown,dark,black,beard,R,P,,1,RP,SP,,,,,51,,,,48,53,51,51,54,50,53,0,60,61,0,56,0,,,,,0,,,,46,50,43,51,43,43,43,0,50,57,0,54,0,False,,,0,,,,,,0,50,power_sp,
P9653,John,Doe,1993-03-03,73,190,Unknown,medium,brown,clean_shaven,L,P,,1,RP,SP,,,,,51,,,,52,49,52,51,52,53,49,61,59,0,0,0,0,,,,,0,,,,51,39,43,45,45,52,39,51,50,0,0,0,0,False,,,0,,,,,,0,50,finesse_sp,
P6700,John,Doe,1999-06-07,73,174,Unknown,light,black,beard,R,P,,1,RP,LR,,,,,52,,,,49,51,53,51,54,51,52,0,0,67,0,0,0,,,,,0,,,,54,62,60,60,59,57,66,0,0,72,0,0,0,False,,,0,,,,,,0,50,long_relief,
P2602,John,Doe,1992-10-03,68,183,Unknown,dark,black,clean_shaven,R,P,,1,RP,RP,,,,,55,,,,52,49,51,50,52,52,49,0,0,67,59,0,0,,,,,0,,,,51,42,41,44,47,48,39,0,0,62,53,0,0,False,,,0,,,,,,0,50,groundball_rp,
P1980,John,Doe,2004-08-11,76,214,Unknown,medium,brown,clean_shaven,S,P,,1,RP,CL,,,,,51,,,,49,53,50,50,52,53,51,0,62,65,0,0,0,,,,,0,,,,60,63,70,71,72,63,79,0,87,75,0,0,0,False,,,0,,,,,,0,50,closer,
P1378,John,Doe,2005-01-21,78,168,Unknown,light,brown,mustache,R,P,,1,RP,CL,,,,,49,,,,52,52,50,50,52,51,54,57,63,65,0,0,0,,,,,0,,,,63,82,62,63,63,74,84,80,75,77,0,0,0,False,,,0,,,,,,0,50,closer,
P9490,John,Doe,2004-02-10,75,202,Unknown,medium,brown,clean_shaven,R,C,,0,,,53,65,51,49,50,52,56,53,49,49,,,,,,,,,,,,59,78,63,63,50,0,0,53,61,57,,,,,,,,,,,,False,,,0,,,,,,0,50,,power
P1265,John,Doe,2003-08-17,68,240,Unknown,medium,black,beard,L,1B,,0,,,59,58,53,52,52,51,47,50,52,50,,,,,,,,,,,,70,72,60,58,52,0,0,50,66,56,,,,,,,,,,,,False,,,0,,,,,,0,50,,gap
P6210,John,Doe,1994-12-28,69,247,Unknown,medium,black,clean_shaven,R,2B,,0,,,51,52,50,50,51,51,56,52,52,49,,,,,,,,,,,,52,50,55,46,51,0,0,52,53,44,,,,,,,,,,,,False,,,0,,,,,,0,50,,average
P8957,John,Doe,2004-01-17,77,207,Unknown,dark,brown,clean_shaven,R,3B,,0,,,49,52,50,49,50,50,58,51,50,48,,,,,,,,,,,,62,66,65,61,50,0,0,51,61,59,,,,,,,,,,,,False,,,0,,,,,,0,50,,average
P1719,John,Doe,1990-07-17,73,170,Unknown,dark,black,clean_shaven,R,SS,,0,,,52,52,54,52,48,49,57,52,48,51,,,,,,,,,,,,46,43,44,44,48,0,0,52,40,47,,,,,,,,,,,,False,,,0,,,,,,0,50,,gap
P9550,John,Doe,1999-11-04,77,221,Unknown,dark,brown,beard,L,LF,,0,,,58,49,52,51,53,49,47,51,50,49,,,,,,,,,,,,65,56,57,62,53,0,0,51,57,60,,,,,,,,,,,,False,,,0,,,,,,0,50,,spray
P3397,John,Doe,2004-11-27,76,239,Unknown,dark,black,clean_shaven,R,CF,,0,,,52,52,48,51,49,50,56,49,52,49,,,,,,,,,,,,72,67,60,69,49,0,0,49,62,73,,,,,,,,,,,,False,,,0,,,,,,0,50,,average
P4642,John,Doe,1993-06-25,75,194,Unknown,light,blonde,clean_shaven,S,RF,,0,,,50,52,49,49,50,49,52,49,50,51,,,,,,,,,,,,42,46,49,42,50,0,0,49,40,47,,,,,,,,,,,,False,,,0,,,,,,0,50,,balanced
P9558,John,Doe,1999-06-21,74,244,Unknown,light,brown,clean_shaven,S,C,,0,,,51,50,50,52,50,51,52,50,53,50,,,,,,,,,,,,60,59,62,59,50,0,0,50,63,61,,,,,,,,,,,,False,,,0,,,,,,0,50,,gap
P9232,John,Doe,1998-04-17,77,187,Unknown,light,black,clean_shaven,L,LF,RF,0,,,51,63,52,51,47,50,51,52,53,49,,,,,,,,,,,,58,73,58,62,47,0,0,52,60,61,,,,,,,,,,,,False,,,0,,,,,,0,50,,power
P5110,John,Doe,1992-12-31,72,183,Unknown,light,black,clean_shaven,S,LF,,0,,,52,52,48,50,50,49,53,50,49,51,,,,,,,,,,,,42,48,45,48,50,0,0,50,48,48,,,,,,,,,,,,False,,,0,,,,,,0,50,,average
P4903,John,Doe,2002-09-15,75,247,Unknown,light,brown,clean_shaven,R,SS,,0,,,50,46,77,52,52,48,56,52,49,52,,,,,,,,,,,,58,61,88,64,52,0,0,52,55,58,,,,,,,,,,,,False,,,0,,,,,,0,50,,speed
P6009,John,Doe,1998-10-20,77,232,Unknown,dark,black,clean_shaven,R,2B,CF,0,,,53,64,50,52,49,50,58,51,50,48,,,,,,,,,,,,61,77,55,65,49,0,0,51,58,56,,,,,,,,,,,,False,,,0,,,,,,0,50,,power
P6261,John,Doe,1993-12-24,71,172,Unknown,medium,blonde,clean_shaven,R,3B,,0,,,52,61,48,52,48,53,59,51,48,50,,,,,,,,,,,,48,58,47,46,48,0,0,51,42,43,,,,,,,,,,,,False,,,0,,,,,,0,50,,power
P1207,John,Doe,1995-07-09,73,168,Unknown,dark,brown,goatee,R,P,,1,RP,CL,,,,,55,,,,49,54,50,51,52,49,52,0,0,66,0,0,0,,,,,0,,,,52,49,51,53,47,44,57,0,0,64,0,0,0,False,,,0,,,,,,0,50,closer,
P1317,John,Doe,1990-10-10,70,182,Unknown,light,brown,mustache,R,P,,1,RP,SP,,,,,48,,,,49,50,53,50,54,50,53,60,61,62,0,0,0,,,,,0,,,,46,47,46,44,43,44,52,58,60,54,0,0,0,False,,,0,,,,,,0,50,balanced_sp,
P7361,John,Doe,1987-07-21,75,247,Unknown,dark,black,clean_shaven,L,P,,1,RP,SP,,,,,50,,,,50,50,51,50,52,52,53,58,61,0,59,0,0,,,,,0,,,,48,46,48,43,51,51,46,54,61,0,59,0,0,False,,,0,,,,,,0,50,groundball_sp,
P4350,John,Doe,1987-11-27,68,247,Unknown,light,brown,clean_shaven,S,P,,1,RP,SP,,,,,51,,,,49,49,53,50,54,50,51,60,59,0,0,0,0,,,,,0,,,,41,42,46,51,51,47,44,53,55,0,0,0,0,False,,,0,,,,,,0,50,balanced_sp,
P5597,John,Doe,1995-08-26,74,229,Unknown,light,blonde,clean_shaven,S,P,,1,RP,SP,,,,,52,,,,49,51,51,52,54,53,51,60,59,59,0,0,0,,,,,0,,,,52,55,49,56,49,56,56,63,55,58,0,0,0,False,,,0,,,,,,0,50,balanced_sp,
P5793,John,Doe,1988-01-13,74,170,Unknown,dark,blonde,goatee,L,P,,1,RP,SP,,,,,52,,,,52,50,51,50,53,52,51,58,0,58,61,0,0,,,,,0,,,,47,45,46,43,46,43,45,57,0,52,55,0,0,False,,,0,,,,,,0,50,groundball_sp,
P1100,John,Doe,1992-11-25,69,232,Unknown,dark,black,clean_shaven,L,P,,1,RP,RP,,,,,50,,,,51,52,50,50,54,49,51,61,58,0,0,0,0,,,,,0,,,,47,46,40,52,42,39,42,51,53,0,0,0,0,False,,,0,,,,,,0,50,finesse_rp,
P4761,John,Doe,2002-05-11,73,228,Unknown,medium,black,beard,R,SS,,0,,,51,50,51,50,51,51,58,49,51,53,,,,,,,,,,,,56,56,59,60,51,0,0,49,66,67,,,,,,,,,,,,False,,,0,,,,,,0,50,,balanced
P9060,John,Doe,1988-04-27,78,234,Unknown,light,brown,clean_shaven,R,3B,,0,,,51,51,48,52,50,50,57,49,52,48,,,,,,,,,,,,46,49,40,52,50,0,0,49,46,39,,,,,,,,,,,,False,,,0,,,,,,0,50,,average
P6896,John,Doe,1990-09-05,78,239,Unknown,medium,brown,clean_shaven,R,C,,0,,,52,54,48,50,51,49,55,49,53,52,,,,,,,,,,,,50,46,47,42,51,0,0,49,49,45,,,,,,,,,,,,False,,,0,,,,,,0,50,,balanced
P7210,John,Doe,1997-07-31,75,221,Unknown,light,black,clean_shaven,R,LF,1B,0,,,51,62,48,50,51,51,54,51,48,51,,,,,,,,,,,,49,57,46,47,51,0,0,51,51,51,,,,,,,,,,,,False,,,0,,,,,,0,50,,power
P9078,John,Doe,2002-06-12,72,222,Unknown,light,black,beard,L,C,,0,,,53,50,48,52,53,49,51,50,49,49,,,,,,,,,,,,62,59,56,58,53,0,0,50,58,64,,,,,,,,,,,,False,,,0,,,,,,0,50,,balanced
P7728,John,Doe,1989-03-05,68,220,Unknown,dark,brown,mustache,L,CF,,0,,,54,49,49,50,52,52,43,49,47,51,,,,,,,,,,,,48,39,41,50,52,0,0,49,38,41,,,,,,,,,,,,False,,,0,,,,,,0,50,,balanced
P8040,John,Doe,1998-08-13,77,205,Unknown,light,black,clean_shaven,R,1B,,0,,,51,62,51,52,50,52,54,52,50,50,,,,,,,,,,,,60,70,66,61,50,0,0,52,55,64,,,,,,,,,,,,False,,,0,,,,,,0,50,,power
P5327,John,Doe,1994-12-01,72,229,Unknown,dark,brown,clean_shaven,L,CF,,0,,,53,51,53,51,53,49,47,49,49,49,,,,,,,,,,,,50,55,53,54,53,0,0,49,45,54,,,,,,,,,,,,False,,,0,,,,,,0,50,,balanced
P9548,John,Doe,2008-02-14,74,211,Unknown,dark,brown,mustache,L,P,,1,RP,CL,,,,,55,,,,49,53,49,51,52,52,54,0,58,65,0,0,0,,,,,0,,,,79,64,66,70,79,78,82,0,81,76,0,0,0,False,,,0,,,,,,0,50,closer,
P5758,John,Doe,2005-04-18,68,202,Unknown,medium,black,clean_shaven,L,P,,1,RP,RP,,,,,54,,,,51,52,52,53,52,49,50,0,0,0,62,0,0,,,,,0,,,,77,72,65,80,73,76,62,0,0,0,78,0,0,False,,,0,,,,,,0,50,groundball_rp,
P9820,John,Doe,2007-03-13,73,216,Unknown,medium,black,clean_shaven,R,P,,1,RP,SP,,,,,51,,,,53,51,50,50,53,52,56,58,61,61,0,0,0,,,,,0,,,,68,75,80,72,73,65,67,74,76,83,0,0,0,False,,,0,,,,,,0,50,power_sp,
P7115,John,Doe,2005-08-17,69,232,Unknown,medium,brown,clean_shaven,R,P,,1,RP,SP,,,,,49,,,,52,53,53,50,52,49,53,58,61,59,56,0,0,,,,,0,,,,64,64,73,69,71,73,71,68,84,87,72,0,0,False,,,0,,,,,,0,50,workhorse_sp,
P6373,John,Doe,2005-10-03,72,196,Unknown,medium,brown,mustache,R,P,,1,RP,SP,,,,,51,,,,50,48,54,50,52,50,49,62,59,0,59,0,0,,,,,0,,,,65,73,71,77,70,79,65,91,86,0,85,0,0,False,,,0,,,,,,0,50,finesse_sp,
P3982,John,Doe,2007-08-17,68,205,Unknown,medium,black,clean_shaven,L,1B,,0,,,54,51,52,50,51,51,48,51,52,48,,,,,,,,,,,,73,69,63,80,51,0,0,51,75,72,,,,,,,,,,,,False,,,0,,,,,,0,50,,balanced
P9222,John,Doe,2007-06-11,76,179,Unknown,light,black,clean_shaven,R,CF,,0,,,50,49,70,49,53,51,51,53,51,48,,,,,,,,,,,,74,77,91,62,53,0,0,53,63,71,,,,,,,,,,,,False,,,0,,,,,,0,50,,speed
P3805,John,Doe,2007-08-31,70,199,Unknown,medium,blonde,clean_shaven,R,CF,,0,,,51,54,51,52,48,53,58,49,51,48,,,,,,,,,,,,77,82,78,82,48,0,0,49,73,69,,,,,,,,,,,,False,,,0,,,,,,0,50,,gap
P5711,John,Doe,2007-12-23,75,222,Unknown,medium,black,clean_shaven,L,LF,,0,,,52,52,49,50,50,50,49,53,53,50,,,,,,,,,,,,81,81,59,77,50,0,0,53,81,69,,,,,,,,,,,,False,,,0,,,,,,0,50,,average
P5940,John,Doe,2004-09-23,76,215,Unknown,light,brown,clean_shaven,R,CF,,0,,,61,58,50,52,47,49,54,49,48,50,,,,,,,,,,,,83,68,69,78,47,0,0,49,63,61,,,,,,,,,,,,False,,,0,,,,,,0,50,,gap
