player_id,first_name,last_name,birthdate,height,weight,ethnicity,skin_tone,hair_color,facial_hair,bats,primary_position,other_positions,is_pitcher,role,preferred_pitching_role,ch,ph,sp,eye,gf,pl,vl,sc,fa,arm,endurance,control,movement,hold_runner,fb,cu,cb,sl,si,scb,kn,pot_ch,pot_ph,pot_sp,pot_eye,pot_gf,pot_pl,pot_vl,pot_sc,pot_fa,pot_arm,pot_control,pot_movement,pot_endurance,pot_hold_runner,pot_fb,pot_cu,pot_cb,pot_sl,pot_si,pot_scb,pot_kn,injured,injury_description,return_date,ready,injury_list,injury_start_date,injury_minimum_days,injury_eligible_date,injury_rehab_assignment,injury_rehab_days,durability,pitcher_archetype,hitter_archetype
P7729,Marshall,Sidoti,2004-10-21,68,247,Anglo,light,brown,clean_shaven,L,P,,1,RP,CL,,,,,55,,,,48,54,49,52,52,53,54,0,0,65,0,0,0,,,,,0,,,,72,75,66,69,76,82,82,0,0,91,0,0,0,False,,,0,,,,,,0,50,closer,
P8366,Yong,Nguyen,1992-11-25,68,190,Asian,medium,black,mustache,R,P,,1,RP,SP,,,,,48,,,,49,52,50,52,52,52,51,0,62,58,0,0,0,,,,,0,,,,39,52,47,52,44,47,43,0,58,48,0,0,0,False,,,0,,,,,,0,50,power_sp,
P5734,Sung,Liu,2002-02-22,68,196,Asian,light,black,clean_shaven,R,P,,1,RP,SP,,,,,49,,,,48,50,52,50,52,48,49,62,61,58,0,58,0,,,,,0,,,,60,62,58,67,66,62,56,77,76,69,0,63,0,False,,,0,,,,,,0,50,finesse_sp,
P6766,Yong,Singh,1994-06-15,72,200,Asian,light,black,clean_shaven,L,P,,1,RP,RP,,,,,54,,,,48,52,48,52,52,51,50,58,0,0,59,0,0,,,,,0,,,,50,47,56,55,44,55,45,60,0,0,62,0,0,False,,,0,,,,,,0,50,groundball_rp,
P5137,Hector,Sanchez,2000-06-19,73,194,Hispanic,medium,black,clean_shaven,R,P,,1,RP,CL,,,,,53,,,,50,51,48,51,52,51,51,0,0,67,0,0,0,,,,,0,,,,57,64,66,65,56,57,64,0,0,74,0,0,0,False,,,0,,,,,,0,50,closer,
P2192,Raul,Diaz,1988-03-08,78,246,Hispanic,dark,blonde,clean_shaven,S,P,,1,RP,SP,,,,,51,,,,49,51,52,51,52,51,54,58,62,59,0,0,0,,,,,0,,,,41,43,50,50,50,49,47,49,52,51,0,0,0,False,,,0,,,,,,0,50,power_sp,
P1779,Yong,Liu,1991-09-26,74,193,Asian,light,black,clean_shaven,L,P,,1,RP,CL,,,,,54,,,,49,52,50,50,54,51,51,0,0,65,0,0,0,,,,,0,,,,46,50,45,53,44,46,48,0,0,63,0,0,0,False,,,0,,,,,,0,50,closer,
P8522,Percy,Taylor,2001-07-23,70,219,African,light,black,mustache,S,P,,1,RP,RP,,,,,54,,,,50,52,48,50,52,52,52,0,0,0,62,0,0,,,,,0,,,,56,65,65,61,54,63,58,0,0,0,72,0,0,False,,,0,,,,,,0,50,groundball_rp,
P8918,Jermaine,Harris,1992-03-24,70,232,African,medium,brown,goatee,R,P,,1,RP,RP,,,,,50,,,,53,49,48,52,53,53,51,58,0,0,0,0,0,,,,,0,,,,47,48,50,47,48,51,50,50,0,0,0,0,0,False,,,0,,,,,,0,50,finesse_rp,
P6366,Ricardo,Diaz,1992-06-23,72,203,Hispanic,medium,black,clean_shaven,R,P,,1,RP,RP,,,,,52,,,,48,52,51,50,53,52,52,59,62,0,0,0,0,,,,,0,,,,42,47,47,51,48,43,42,53,60,0,0,0,0,False,,,0,,,,,,0,50,finesse_rp,
P7218,Jamal,Green,1997-02-27,74,182,African,dark,black,goatee,R,P,,1,RP,SP,,,,,50,,,,49,52,49,51,52,49,51,59,61,0,0,54,0,,,,,0,,,,51,57,52,51,54,46,54,57,63,0,0,54,0,False,,,0,,,,,,0,50,finesse_sp,
P8230,Quentin,Harker,1999-08-30,69,164,Anglo,light,brown,beard,S,C,,0,,,50,52,49,51,52,51,52,49,49,49,,,,,,,,,,,,57,60,55,60,52,0,0,49,56,59,,,,,,,,,,,,False,,,0,,,,,,0,50,,average
P3671,Kyle,Henley,1987-07-04,76,176,Anglo,light,black,beard,L,1B,,0,,,53,60,52,52,49,49,46,51,50,52,,,,,,,,,,,,43,57,49,44,49,0,0,51,40,43,,,,,,,,,,,,False,,,0,,,,,,0,50,,power
P3852,Sung,Li,2004-07-29,72,183,Asian,light,black,clean_shaven,R,2B,,0,,,52,49,50,53,53,51,58,49,49,52,,,,,,,,,,,,82,60,72,66,53,0,0,49,61,64,,,,,,,,,,,,False,,,0,,,,,,0,50,,balanced
P9117,Carlos,Gonzalez,1991-03-02,68,203,Hispanic,dark,brown,beard,R,3B,,0,,,49,51,53,50,52,53,55,51,49,53,,,,,,,,,,,,46,51,43,49,52,0,0,51,49,52,,,,,,,,,,,,False,,,0,,,,,,0,50,,average
P6830,Johnnie,Kinaj,1993-08-03,68,194,Anglo,light,brown,clean_shaven,R,SS,,0,,,48,60,50,51,51,53,61,50,52,52,,,,,,,,,,,,42,53,42,43,51,0,0,50,42,48,,,,,,,,,,,,False,,,0,,,,,,0,50,,power
P3273,Sung,Huang,1993-10-14,69,229,Asian,dark,brown,clean_shaven,R,LF,,0,,,52,50,85,52,50,50,56,52,51,52,,,,,,,,,,,,44,43,80,48,50,0,0,52,45,47,,,,,,,,,,,,False,,,0,,,,,,0,50,,elite_speed
P7435,Gayle,Lieb,2002-12-02,73,224,Anglo,light,brown,clean_shaven,R,CF,,0,,,50,48,52,50,49,51,58,51,51,49,,,,,,,,,,,,65,63,63,62,49,0,0,51,60,54,,,,,,,,,,,,False,,,0,,,,,,0,50,,average
P9678,Juan,Martinez,1993-02-24,68,205,Hispanic,light,black,goatee,R,RF,,0,,,50,48,49,50,49,51,54,50,50,49,,,,,,,,,,,,42,42,39,43,49,0,0,50,48,40,,,,,,,,,,,,False,,,0,,,,,,0,50,,average
P9566,Leroy,Jackson,1995-09-07,74,161,African,dark,black,clean_shaven,L,RF,,0,,,61,50,49,52,54,49,42,50,52,50,,,,,,,,,,,,65,52,53,53,54,0,0,50,49,51,,,,,,,,,,,,False,,,0,,,,,,0,50,,spray
P5313,Malik,Harris,2002-03-26,76,193,African,dark,black,mustache,R,SS,,0,,,60,50,50,52,53,51,56,52,51,48,,,,,,,,,,,,65,65,62,66,53,0,0,52,57,61,,,,,,,,,,,,False,,,0,,,,,,0,50,,spray
P7803,Silas,Layell,1988-11-30,68,215,Anglo,medium,black,mustache,R,LF,,0,,,57,49,51,50,49,48,55,51,52,51,,,,,,,,,,,,49,47,43,43,49,0,0,51,47,47,,,,,,,,,,,,False,,,0,,,,,,0,50,,spray
P8902,Hector,Rodriguez,1996-08-27,70,169,Hispanic,dark,black,clean_shaven,R,SS,,0,,,60,49,70,50,50,49,60,50,49,49,,,,,,,,,,,,60,47,74,53,50,0,0,50,44,45,,,,,,,,,,,,False,,,0,,,,,,0,50,,spray
P9226,Deandre,Eshlerman,1996-07-18,74,248,Anglo,light,brown,clean_shaven,R,RF,,0,,,61,52,50,49,53,48,58,51,47,51,,,,,,,,,,,,58,52,46,50,53,0,0,51,43,55,,,,,,,,,,,,False,,,0,,,,,,0,50,,spray
P2569,Sung,Park,1995-01-21,68,194,Asian,light,black,beard,L,1B,,0,,,53,64,49,51,47,53,44,52,52,50,,,,,,,,,,,,52,64,50,46,47,0,0,52,50,54,,,,,,,,,,,,False,,,0,,,,,,0,50,,power
P1567,Sung,Tanaka,1993-05-20,78,216,Asian,light,black,clean_shaven,R,P,,1,RP,CL,,,,,55,,,,52,54,50,51,54,51,55,60,61,65,0,0,0,,,,,0,,,,49,44,44,54,45,45,45,52,53,55,0,0,0,False,,,0,,,,,,0,50,closer,
P1666,Jermaine,Jefferson,1995-04-21,76,235,African,dark,black,mustache,R,P,,1,RP,SP,,,,,50,,,,49,49,54,51,54,53,49,62,59,60,58,0,0,,,,,0,,,,46,50,54,57,50,54,54,58,54,60,62,0,0,False,,,0,,,,,,0,50,groundball_sp,
P6359,Ferdinand,Berning,1997-07-24,78,203,Anglo,medium,blonde,mustache,L,P,,1,RP,SP,,,,,52,,,,50,50,50,52,52,50,50,0,61,60,0,0,0,,,,,0,,,,49,50,47,55,47,45,49,0,57,57,0,0,0,False,,,0,,,,,,0,50,power_sp,
P8327,Pedro,Gomez,1997-10-26,71,230,Hispanic,medium,black,clean_shaven,L,P,,1,RP,SP,,,,,51,,,,47,51,50,50,52,48,55,62,59,62,59,0,0,,,,,0,,,,47,55,49,51,45,53,50,67,57,60,57,0,0,False,,,0,,,,,,0,50,power_sp,
P2423,Jarrett,Faulkner,1998-01-18,75,248,Anglo,medium,brown,clean_shaven,R,P,,1,RP,SP,,,,,51,,,,48,51,53,52,52,48,53,58,59,57,57,0,0,,,,,0,,,,51,48,49,53,55,44,54,60,57,55,55,0,0,False,,,0,,,,,,0,50,groundball_sp,
P1038,Percy,Jackson,1998-10-30,75,246,African,dark,brown,clean_shaven,R,P,,1,RP,SP,,,,,51,,,,50,50,53,51,52,50,53,62,62,59,59,0,0,,,,,0,,,,57,59,65,62,60,65,66,77,70,64,70,0,0,False,,,0,,,,,,0,50,balanced_sp,
P1740,Sung,Zhang,1995-05-12,72,191,Asian,light,brown,clean_shaven,L,P,,1,RP,SP,,,,,51,,,,50,49,54,50,52,52,52,59,0,0,60,0,0,,,,,0,,,,45,48,51,54,51,51,47,64,0,0,65,0,0,False,,,0,,,,,,0,50,groundball_sp,
P9495,Ricky,Barbarin,1997-09-23,69,241,Anglo,light,brown,beard,L,1B,,0,,,49,62,50,49,48,52,45,51,49,52,,,,,,,,,,,,50,59,54,47,48,0,0,51,45,49,,,,,,,,,,,,False,,,0,,,,,,0,50,,power
P3533,Hector,Gonzalez,1998-09-06,70,172,Hispanic,light,black,clean_shaven,S,C,,0,,,51,51,51,50,52,50,54,49,52,48,,,,,,,,,,,,58,59,62,59,52,0,0,49,57,61,,,,,,,,,,,,False,,,0,,,,,,0,50,,average
P6586,Ira,Chomka,2000-07-19,72,189,Anglo,medium,blonde,clean_shaven,R,RF,,0,,,50,54,50,51,51,50,55,48,52,48,,,,,,,,,,,,58,62,58,63,51,0,0,48,57,57,,,,,,,,,,,,False,,,0,,,,,,0,50,,balanced
P6953,Yong,Chen,2001-12-10,71,163,Asian,light,brown,clean_shaven,R,CF,,0,,,58,49,52,53,54,49,54,49,49,49,,,,,,,,,,,,68,59,65,64,54,0,0,49,64,61,,,,,,,,,,,,False,,,0,,,,,,0,50,,spray
P7074,Rufus,Young,1997-11-29,78,250,African,dark,black,mustache,R,3B,,0,,,52,60,50,51,48,49,58,52,48,52,,,,,,,,,,,,49,59,53,48,48,0,0,52,48,50,,,,,,,,,,,,False,,,0,,,,,,0,50,,power
P1796,Gerald,Eugley,2001-08-20,71,215,Anglo,light,black,goatee,R,CF,,0,,,51,49,85,53,53,49,54,51,49,50,,,,,,,,,,,,63,60,94,68,53,0,0,51,64,59,,,,,,,,,,,,False,,,0,,,,,,0,50,,elite_speed
P7660,Dexter,Chirco,1989-07-21,76,176,Anglo,light,black,clean_shaven,R,CF,,0,,,52,52,49,52,50,50,54,52,50,49,,,,,,,,,,,,52,47,39,52,50,0,0,52,50,41,,,,,,,,,,,,False,,,0,,,,,,0,50,,balanced
P8749,Gabriel,Sandhoff,2000-01-24,72,167,Anglo,medium,brown,goatee,R,3B,,0,,,48,57,52,50,50,53,55,51,48,48,,,,,,,,,,,,56,71,57,60,50,0,0,51,58,63,,,,,,,,,,,,False,,,0,,,,,,0,50,,power
P2300,Otto,Parlor,2005-08-13,73,247,Anglo,light,blonde,mustache,R,P,,1,RP,CL,,,,,55,,,,48,54,50,52,52,49,55,0,62,65,0,0,0,,,,,0,,,,63,72,69,73,60,61,72,0,87,87,0,0,0,False,,,0,,,,,,0,50,closer,
P5446,Rufus,Harris,2007-04-14,69,202,African,dark,black,clean_shaven,R,P,,1,RP,LR,,,,,54,,,,48,49,53,50,52,53,50,57,58,63,0,0,0,,,,,0,,,,70,63,66,68,68,63,73,87,74,84,0,0,0,False,,,0,,,,,,0,50,long_relief,
P1145,Alejandro,Diaz,2007-05-19,73,205,Hispanic,dark,black,clean_shaven,L,P,,1,RP,SP,,,,,52,,,,49,52,54,52,53,49,52,61,62,61,0,0,0,,,,,0,,,,65,72,64,82,68,73,82,85,79,76,0,0,0,False,,,0,,,,,,0,50,balanced_sp,
P3501,Tim,Wannamaker,2006-11-14,76,188,Anglo,light,brown,clean_shaven,L,P,,1,RP,SP,,,,,50,,,,51,51,49,50,52,48,53,59,58,0,59,0,0,,,,,0,,,,69,62,69,69,63,68,72,69,71,0,77,0,0,False,,,0,,,,,,0,50,groundball_sp,
P3196,Erwin,Pry,2007-08-02,74,237,Anglo,light,black,clean_shaven,L,P,,1,RP,SP,,,,,48,,,,52,48,51,51,53,50,50,58,61,60,0,56,0,,,,,0,,,,69,76,69,81,65,80,67,73,74,75,0,78,0,False,,,0,,,,,,0,50,finesse_sp,
P1085,Andrew,Pfeiffer,2007-06-25,69,229,Anglo,light,blonde,clean_shaven,R,1B,,0,,,62,50,51,49,52,52,57,50,49,50,,,,,,,,,,,,82,78,74,66,52,0,0,50,75,80,,,,,,,,,,,,False,,,0,,,,,,0,50,,spray
P4032,Sung,Patel,2007-06-26,78,195,Asian,light,brown,clean_shaven,L,1B,,0,,,56,53,51,50,49,50,46,49,51,51,,,,,,,,,,,,67,64,75,73,49,0,0,49,67,81,,,,,,,,,,,,False,,,0,,,,,,0,50,,gap
P5638,Deshawn,King,2006-10-26,72,234,African,dark,black,clean_shaven,R,3B,,0,,,51,52,51,51,51,52,59,50,48,48,,,,,,,,,,,,63,67,76,63,51,0,0,50,73,74,,,,,,,,,,,,False,,,0,,,,,,0,50,,average
P4520,Titus,Shearin,2007-02-05,73,225,Anglo,light,brown,clean_shaven,R,3B,,0,,,48,57,51,49,49,50,57,49,48,52,,,,,,,,,,,,76,76,69,68,49,0,0,49,66,69,,,,,,,,,,,,False,,,0,,,,,,0,50,,power
P6278,Jerald,Kut,2008-02-02,70,207,Anglo,light,brown,clean_shaven,L,RF,,0,,,52,59,49,52,50,53,48,53,49,53,,,,,,,,,,,,63,88,74,79,50,0,0,53,69,66,,,,,,,,,,,,False,,,0,,,,,,0,50,,power
P8607,Yong,Li,1996-02-27,70,167,Asian,medium,black,clean_shaven,L,P,,1,RP,CL,,,,,55,,,,51,50,49,51,52,51,51,57,59,66,0,0,0,,,,,0,,,,46,51,47,48,52,47,50,57,56,61,0,0,0,False,,,0,,,,,,0,50,closer,
P5602,Basil,Montore,1996-09-28,69,249,Anglo,light,blonde,beard,L,P,,1,RP,RP,,,,,50,,,,49,50,48,51,52,52,52,61,0,0,0,0,0,,,,,0,,,,46,49,49,57,48,47,48,62,0,0,0,0,0,False,,,0,,,,,,0,50,finesse_rp,
P7742,Tyrone,Jefferson,2004-01-02,78,232,African,dark,black,clean_shaven,R,P,,1,RP,SP,,,,,51,,,,52,52,52,50,53,50,52,62,60,60,0,0,0,,,,,0,,,,60,63,60,68,65,63,61,77,71,72,0,0,0,False,,,0,,,,,,0,50,workhorse_sp,
P1686,Marshall,Griffis,1996-05-19,69,195,Anglo,light,red,clean_shaven,R,P,,1,RP,SP,,,,,48,,,,50,49,51,51,53,50,52,61,63,0,58,57,0,,,,,0,,,,49,47,55,58,50,52,52,66,62,0,61,56,0,False,,,0,,,,,,0,50,finesse_sp,
P7402,Juan,Perez,1998-02-22,77,231,Hispanic,medium,brown,clean_shaven,L,P,,1,RP,RP,,,,,54,,,,52,53,51,50,53,53,52,0,0,0,61,0,0,,,,,0,,,,52,52,52,52,47,51,47,0,0,0,57,0,0,False,,,0,,,,,,0,50,groundball_rp,
P6686,Sung,Choi,1989-07-24,77,228,Asian,medium,black,clean_shaven,R,P,,1,RP,CL,,,,,50,,,,52,51,47,52,52,49,54,0,58,65,0,0,0,,,,,0,,,,46,46,42,47,47,45,50,0,51,55,0,0,0,False,,,0,,,,,,0,50,closer,
P9221,Ricardo,Mendoza,1993-01-21,77,237,Hispanic,medium,brown,clean_shaven,L,P,,1,RP,RP,,,,,39,,,,48,48,51,50,52,50,52,62,59,65,0,0,0,,,,,29,,,,38,46,49,45,51,46,45,52,55,57,0,0,0,False,,,0,,,,,,0,50,finesse_rp,
P1603,Yong,Le,1993-01-02,68,197,Asian,light,black,clean_shaven,L,P,,1,RP,CL,,,,,52,,,,48,50,50,50,52,50,52,60,59,65,0,0,0,,,,,0,,,,42,50,40,47,44,50,44,53,50,59,0,0,0,False,,,0,,,,,,0,50,closer,
P6379,Francisco,Lopez,2001-02-07,69,242,Hispanic,light,brown,clean_shaven,L,P,,1,RP,RP,,,,,50,,,,52,51,51,50,52,50,54,0,63,67,0,58,0,,,,,0,,,,67,57,60,63,66,60,63,0,78,78,0,63,0,False,,,0,,,,,,0,50,power_rp,
P3473,Lynn,Orrego,1988-09-11,71,182,Anglo,dark,brown,clean_shaven,L,P,,1,RP,SP,,,,,48,,,,49,50,51,52,54,52,53,0,61,58,0,0,0,,,,,0,,,,49,44,42,52,50,52,51,0,51,48,0,0,0,False,,,0,,,,,,0,50,balanced_sp,
P6807,Tyrone,King,2002-01-10,68,245,African,dark,black,beard,L,P,,1,RP,SP,,,,,51,,,,51,50,50,52,52,50,53,0,63,59,59,56,0,,,,,0,,,,60,56,58,59,65,62,60,0,73,70,65,61,0,False,,,0,,,,,,0,50,power_sp,
P3879,Raul,Delgado,1994-06-02,76,239,Hispanic,light,brown,clean_shaven,L,C,,0,,,52,52,49,51,52,51,48,51,53,52,,,,,,,,,,,,47,47,51,55,52,0,0,51,48,52,,,,,,,,,,,,False,,,0,,,,,,0,50,,balanced
P1976,Jorge,Perez,1998-12-21,68,219,Hispanic,dark,brown,clean_shaven,L,1B,,0,,,50,53,70,51,51,48,47,49,48,49,,,,,,,,,,,,57,66,79,62,51,0,0,49,61,59,,,,,,,,,,,,False,,,0,,,,,,0,50,,speed
P1060,Roberto,Gomez,1998-11-30,78,188,Hispanic,dark,black,clean_shaven,R,2B,,0,,,50,49,51,51,53,49,57,48,51,48,,,,,,,,,,,,62,57,61,66,53,0,0,48,61,62,,,,,,,,,,,,False,,,0,,,,,,0,50,,average
P9006,Yong,Pham,2004-07-09,68,247,Asian,light,black,clean_shaven,S,3B,,0,,,54,51,48,52,47,49,55,51,49,50,,,,,,,,,,,,69,77,74,74,47,0,0,51,75,60,,,,,,,,,,,,False,,,0,,,,,,0,50,,balanced
P9302,Sung,Pham,1995-06-20,73,171,Asian,light,black,clean_shaven,R,SS,,0,,,63,51,50,52,53,47,56,50,49,53,,,,,,,,,,,,65,51,47,57,53,0,0,50,47,49,,,,,,,,,,,,False,,,0,,,,,,0,50,,spray
P1922,Yong,Wang,1995-08-26,69,246,Asian,medium,black,clean_shaven,L,LF,,0,,,59,51,53,53,53,49,50,52,51,52,,,,,,,,,,,,56,46,51,54,53,0,0,52,53,51,,,,,,,,,,,,False,,,0,,,,,,0,50,,spray
P2679,Tyron,Reau,1987-04-07,71,180,Anglo,medium,red,beard,S,CF,,0,,,60,49,50,52,50,46,52,49,52,49,,,,,,,,,,,,52,47,49,42,50,0,0,49,45,43,,,,,,,,,,,,False,,,0,,,,,,0,50,,spray
P1715,Jose,Vargas,1994-05-12,68,249,Hispanic,light,black,goatee,S,RF,,0,,,50,56,52,51,47,51,52,50,48,50,,,,,,,,,,,,48,58,55,50,47,0,0,50,48,49,,,,,,,,,,,,False,,,0,,,,,,0,50,,power
P7272,Rufus,Mitchell,1996-11-02,72,192,African,medium,brown,clean_shaven,R,C,,0,,,50,58,50,51,47,54,57,53,50,49,,,,,,,,,,,,54,57,53,54,47,0,0,53,47,47,,,,,,,,,,,,False,,,0,,,,,,0,50,,power
P7930,Raul,Gomez,1996-09-09,69,195,Hispanic,medium,black,clean_shaven,R,3B,,0,,,51,51,50,50,48,49,59,50,52,49,,,,,,,,,,,,47,46,50,45,48,0,0,50,48,44,,,,,,,,,,,,False,,,0,,,,,,0,50,,balanced
P9579,Rodger,Net,1993-06-04,72,239,Anglo,light,blonde,beard,S,SS,,0,,,61,49,53,53,53,50,56,51,50,50,,,,,,,,,,,,54,47,47,53,53,0,0,51,42,44,,,,,,,,,,,,False,,,0,,,,,,0,50,,spray
P8813,Cedric,Washington,2003-11-26,77,225,African,dark,black,goatee,L,1B,,0,,,49,63,49,49,49,52,50,52,50,51,,,,,,,,,,,,56,72,62,60,49,0,0,52,62,59,,,,,,,,,,,,False,,,0,,,,,,0,50,,power
P4288,Leroy,Wright,1988-01-13,78,161,African,dark,black,mustache,R,LF,,0,,,50,65,48,52,48,51,59,49,52,53,,,,,,,,,,,,43,61,47,46,48,0,0,49,46,48,,,,,,,,,,,,False,,,0,,,,,,0,50,,power
P8907,Jose,Gonzalez,1993-03-18,72,204,Hispanic,light,blonde,clean_shaven,R,RF,,0,,,53,49,50,51,51,51,55,48,49,50,,,,,,,,,,,,48,49,46,45,51,0,0,48,40,42,,,,,,,,,,,,False,,,0,,,,,,0,50,,balanced
P4163,Yong,Yamamoto,2003-03-25,69,206,Asian,dark,black,clean_shaven,L,P,,1,RP,CL,,,,,55,,,,49,51,49,51,54,51,53,57,63,66,0,0,0,,,,,0,,,,61,56,59,65,55,66,60,68,75,78,0,0,0,False,,,0,,,,,,0,50,closer,
P2026,Sung,Hassan,1998-08-18,72,166,Asian,medium,brown,clean_shaven,R,P,,1,RP,SP,,,,,49,,,,50,53,52,50,52,50,52,60,61,0,0,0,0,,,,,0,,,,55,62,63,65,60,55,60,67,72,0,0,0,0,False,,,0,,,,,,0,50,finesse_sp,
P5636,Malik,Baker,1990-12-15,71,233,African,dark,black,mustache,R,P,,1,RP,RP,,,,,52,,,,48,49,49,53,52,50,51,60,59,0,0,0,0,,,,,0,,,,39,39,46,46,43,45,47,52,51,0,0,0,0,False,,,0,,,,,,0,50,finesse_rp,
P1370,Juan,Torres,1998-12-19,77,250,Hispanic,medium,black,clean_shaven,S,P,,1,RP,SP,,,,,52,,,,51,52,51,51,52,50,52,62,61,0,57,53,0,,,,,0,,,,62,60,57,59,56,60,58,67,73,0,68,67,0,False,,,0,,,,,,0,50,finesse_sp,
P7339,Rafael,Sanchez,1998-07-09,72,232,Hispanic,light,blonde,beard,R,P,,1,RP,SP,,,,,64,,,,48,51,50,52,53,50,51,61,62,60,0,0,0,,,,,73,,,,55,61,65,58,59,61,57,67,71,73,0,0,0,False,,,0,,,,,,0,50,finesse_sp,
P2822,Jermaine,Robinson,1994-06-14,70,248,African,medium,black,beard,R,P,,1,RP,RP,,,,,50,,,,52,48,48,50,53,52,50,60,0,0,0,0,0,,,,,0,,,,51,47,46,55,53,51,53,58,0,0,0,0,0,False,,,0,,,,,,0,50,finesse_rp,
P1317,David,Tuten,1999-12-11,75,176,Anglo,light,brown,beard,R,P,,1,RP,SP,,,,,50,,,,51,49,51,50,54,50,52,0,63,60,58,55,0,,,,,0,,,,58,60,59,69,66,55,61,0,69,67,67,61,0,False,,,0,,,,,,0,50,power_sp,
P4242,Sung,Nguyen,2003-04-29,68,239,Asian,medium,black,clean_shaven,L,RF,,0,,,53,60,51,52,48,49,49,51,47,50,,,,,,,,,,,,68,70,65,59,48,0,0,51,56,57,,,,,,,,,,,,False,,,0,,,,,,0,50,,gap
P4641,Sung,Chen,1997-04-23,69,204,Asian,light,black,clean_shaven,R,2B,,0,,,60,52,51,54,52,51,56,49,52,50,,,,,,,,,,,,61,48,51,58,52,0,0,49,54,55,,,,,,,,,,,,False,,,0,,,,,,0,50,,spray
P1159,Clemente,Binner,1998-02-23,71,220,Anglo,medium,black,clean_shaven,L,RF,,0,,,56,48,50,51,53,51,50,48,49,48,,,,,,,,,,,,58,44,50,46,53,0,0,48,49,49,,,,,,,,,,,,False,,,0,,,,,,0,50,,spray
P2111,Tyrone,Walker,1988-06-12,77,181,African,dark,black,mustache,R,SS,,0,,,51,51,53,51,52,51,58,50,51,48,,,,,,,,,,,,45,41,43,48,52,0,0,50,48,42,,,,,,,,,,,,False,,,0,,,,,,0,50,,average
P5755,Rosario,Denyes,1998-04-06,74,227,Anglo,light,red,beard,S,CF,,0,,,56,51,93,53,51,49,52,50,49,52,,,,,,,,,,,,64,59,99,59,51,0,0,50,63,58,,,,,,,,,,,,False,,,0,,,,,,0,50,,elite_speed
P3612,Asa,Marchell,1996-08-26,77,185,Anglo,light,brown,beard,S,RF,,0,,,51,59,49,49,47,50,52,51,49,51,,,,,,,,,,,,56,61,52,44,47,0,0,51,53,52,,,,,,,,,,,,False,,,0,,,,,,0,50,,power
P1670,Yong,Park,1989-01-19,77,217,Asian,light,black,clean_shaven,R,3B,,0,,,53,49,70,53,53,51,59,51,50,47,,,,,,,,,,,,47,44,62,53,53,0,0,51,43,42,,,,,,,,,,,,False,,,0,,,,,,0,50,,speed
P1801,Rafael,Martinez,1999-03-02,68,219,Hispanic,medium,brown,mustache,L,C,,0,,,51,62,48,50,51,50,47,52,50,49,,,,,,,,,,,,56,77,60,59,51,0,0,52,59,64,,,,,,,,,,,,False,,,0,,,,,,0,50,,power
P7057,Sung,Singh,2006-03-09,77,208,Asian,light,black,clean_shaven,S,P,,1,RP,CL,,,,,55,,,,49,52,52,50,52,51,55,57,0,65,0,0,0,,,,,0,,,,59,78,74,74,78,62,70,72,0,80,0,0,0,False,,,0,,,,,,0,50,closer,
P9289,Yong,Choi,2005-03-20,68,200,Asian,medium,black,clean_shaven,R,P,,1,RP,SP,,,,,49,,,,50,51,51,52,52,48,52,0,63,64,0,0,0,,,,,0,,,,64,62,70,75,63,68,67,0,75,76,0,0,0,False,,,0,,,,,,0,50,power_sp,
P4939,Jorge,Martinez,2007-10-26,68,238,Hispanic,medium,brown,goatee,L,P,,1,RP,SP,,,,,52,,,,48,50,53,51,52,52,52,60,63,0,0,0,0,,,,,0,,,,69,60,74,81,81,74,78,80,89,0,0,0,0,False,,,0,,,,,,0,50,finesse_sp,
P5345,Yong,Zhang,2004-12-28,77,236,Asian,medium,black,clean_shaven,R,P,,1,RP,LR,,,,,52,,,,51,51,52,51,52,50,50,0,60,64,0,0,0,,,,,0,,,,62,67,71,69,74,73,65,0,75,75,0,0,0,False,,,0,,,,,,0,50,long_relief,
P3208,Tyrone,Scott,2005-03-21,70,217,African,light,black,clean_shaven,R,P,,1,RP,SP,,,,,48,,,,48,50,52,52,52,53,51,61,62,58,56,0,0,,,,,0,,,,75,73,63,81,79,77,79,75,74,77,83,0,0,False,,,0,,,,,,0,50,finesse_sp,
P1403,Colin,Suben,2005-02-16,74,205,Anglo,light,brown,clean_shaven,L,1B,,0,,,56,62,50,51,47,49,47,52,48,50,,,,,,,,,,,,69,90,74,73,47,0,0,52,64,69,,,,,,,,,,,,False,,,0,,,,,,0,50,,gap
P8587,Jorge,Lopez,2004-10-14,73,231,Hispanic,light,brown,clean_shaven,R,C,,0,,,58,52,53,54,51,51,55,51,49,52,,,,,,,,,,,,68,74,68,73,51,0,0,51,79,81,,,,,,,,,,,,False,,,0,,,,,,0,50,,spray
P1501,Florencio,Gizinski,2007-05-27,68,241,Anglo,medium,red,clean_shaven,L,SS,,0,,,51,48,53,50,51,47,51,51,51,50,,,,,,,,,,,,77,78,71,72,51,0,0,51,79,62,,,,,,,,,,,,False,,,0,,,,,,0,50,,balanced
P6624,Milford,Hickernell,2006-01-08,76,210,Anglo,light,brown,beard,L,1B,,0,,,49,50,70,51,50,49,46,49,50,50,,,,,,,,,,,,67,72,94,80,50,0,0,49,66,78,,,,,,,,,,,,False,,,0,,,,,,0,50,,speed
P3084,Jorge,Ortiz,2005-04-03,70,164,Hispanic,light,black,clean_shaven,R,2B,,0,,,51,50,70,53,53,52,54,50,52,51,,,,,,,,,,,,62,77,84,67,53,0,0,50,73,69,,,,,,,,,,,,False,,,0,,,,,,0,50,,speed
P9057,Shaun,Viessman,1992-04-13,71,212,Anglo,light,brown,beard,R,P,,1,RP,CL,,,,,55,,,,51,54,51,50,52,51,54,60,60,65,0,0,0,,,,,0,,,,46,47,46,48,45,47,51,50,57,56,0,0,0,False,,,0,,,,,,0,50,closer,
P3296,Antonio,Rivera,2004-11-14,74,196,Hispanic,medium,black,clean_shaven,R,P,,1,RP,SP,,,,,51,,,,51,53,50,50,52,52,53,0,62,61,0,0,0,,,,,0,,,,70,76,61,63,62,80,80,0,78,85,0,0,0,False,,,0,,,,,,0,50,power_sp,
P1487,Augustus,Mainz,1996-04-17,70,204,Anglo,medium,black,clean_shaven,R,P,,1,RP,LR,,,,,49,,,,50,52,53,53,52,52,51,58,58,67,0,0,0,,,,,0,,,,51,53,54,57,52,51,48,63,60,65,0,0,0,False,,,0,,,,,,0,50,long_relief,
P3810,Roberto,Rivera,1999-01-29,70,245,Hispanic,medium,black,clean_shaven,R,P,,1,RP,RP,,,,,51,,,,49,50,49,50,52,52,53,0,61,63,0,0,0,,,,,0,,,,64,58,57,63,55,67,68,0,66,68,0,0,0,False,,,0,,,,,,0,50,power_rp,
P1104,Jamal,Washington,1993-02-14,69,190,African,dark,black,clean_shaven,L,P,,1,RP,SP,,,,,51,,,,49,54,53,52,52,50,50,0,61,61,0,0,0,,,,,0,,,,46,51,42,44,50,41,47,0,61,53,0,0,0,False,,,0,,,,,,0,50,power_sp,
P2073,Roberto,Garcia,2003-09-25,77,184,Hispanic,medium,black,clean_shaven,R,P,,1,RP,RP,,,,,57,,,,48,49,48,50,53,53,54,0,59,64,60,0,0,,,,,0,,,,60,57,64,62,53,58,65,0,70,75,65,0,0,False,,,0,,,,,,0,50,groundball_rp,
P5374,Millard,Kappe,2001-10-22,75,175,Anglo,light,brown,goatee,L,P,,1,RP,RP,,,,,49,,,,49,49,47,52,52,51,53,0,0,64,0,0,0,,,,,0,,,,64,62,59,64,54,65,68,0,0,73,0,0,0,False,,,0,,,,,,0,50,power_rp,
P3675,Yong,Hassan,1996-04-23,71,245,Asian,medium,black,clean_shaven,R,P,,1,RP,CL,,,,,53,,,,52,52,48,52,52,51,51,0,58,65,0,0,0,,,,,0,,,,47,50,50,56,52,52,47,0,63,62,0,0,0,False,,,0,,,,,,0,50,closer,
P8997,Sung,Le,1996-09-02,70,241,Asian,medium,black,beard,R,P,,1,RP,SP,,,,,52,,,,52,49,52,51,52,52,53,62,63,0,0,0,0,,,,,0,,,,56,50,56,49,52,57,55,60,62,0,0,0,0,False,,,0,,,,,,0,50,finesse_sp,
P7786,Sung,Tran,1999-02-25,73,194,Asian,medium,black,clean_shaven,R,P,,1,RP,SP,,,,,50,,,,50,52,50,53,52,52,51,62,63,59,0,0,0,,,,,0,,,,61,64,66,66,57,65,57,70,70,66,0,0,0,False,,,0,,,,,,0,50,finesse_sp,
P4733,Yong,Huang,1997-11-20,76,170,Asian,light,brown,beard,L,P,,1,RP,RP,,,,,50,,,,49,52,52,52,52,49,55,0,62,64,0,0,0,,,,,0,,,,52,56,50,56,48,53,50,0,63,67,0,0,0,False,,,0,,,,,,0,50,power_rp,
P4897,Sung,Kim,2000-06-13,73,200,Asian,medium,black,clean_shaven,R,C,,0,,,51,50,49,50,50,51,60,48,50,50,,,,,,,,,,,,62,60,56,62,50,0,0,48,56,59,,,,,,,,,,,,False,,,0,,,,,,0,50,,average
P1077,Yong,Tanaka,1988-06-28,71,208,Asian,medium,black,beard,L,1B,,0,,,53,60,49,49,51,52,43,51,52,49,,,,,,,,,,,,50,52,46,48,51,0,0,51,49,42,,,,,,,,,,,,False,,,0,,,,,,0,50,,balanced
P1158,Micah,Reichmann,2004-02-14,75,214,Anglo,light,blonde,mustache,R,2B,,0,,,62,50,51,56,53,48,57,49,51,48,,,,,,,,,,,,74,57,63,67,53,0,0,49,61,53,,,,,,,,,,,,False,,,0,,,,,,0,50,,spray
P9185,Roberto,Ortiz,1995-10-20,78,224,Hispanic,dark,black,clean_shaven,R,3B,,0,,,52,50,48,51,47,50,56,50,51,52,,,,,,,,,,,,48,49,50,51,47,0,0,50,50,48,,,,,,,,,,,,False,,,0,,,,,,0,50,,balanced
P1644,Guadalupe,Brickel,2004-05-01,75,164,Anglo,light,brown,clean_shaven,R,SS,,0,,,50,53,50,52,52,49,58,49,50,48,,,,,,,,,,,,66,69,64,72,52,0,0,49,68,58,,,,,,,,,,,,False,,,0,,,,,,0,50,,gap
P1638,Antonio,Gonzalez,2000-05-14,76,169,Hispanic,medium,black,beard,R,LF,,0,,,54,52,50,50,51,52,54,49,52,53,,,,,,,,,,,,64,67,58,62,51,0,0,49,58,67,,,,,,,,,,,,False,,,0,,,,,,0,50,,average
P2443,Cordell,Panke,1994-05-14,77,216,Anglo,light,brown,clean_shaven,S,CF,,0,,,49,55,50,48,50,54,51,50,48,48,,,,,,,,,,,,44,52,52,45,50,0,0,50,45,44,,,,,,,,,,,,False,,,0,,,,,,0,50,,power
P3712,Darnell,Robinson,2004-12-21,74,239,African,dark,black,clean_shaven,R,RF,,0,,,53,62,49,51,52,51,52,49,51,52,,,,,,,,,,,,69,77,66,75,52,0,0,49,61,74,,,,,,,,,,,,False,,,0,,,,,,0,50,,power
P5784,Deshawn,Gaines,2002-02-13,77,222,African,medium,black,clean_shaven,R,2B,,0,,,55,48,48,55,54,48,55,52,51,50,,,,,,,,,,,,69,60,53,69,54,0,0,52,66,62,,,,,,,,,,,,False,,,0,,,,,,0,50,,spray
P3267,Scott,Bourgois,1995-08-26,73,161,Anglo,light,black,clean_shaven,S,1B,,0,,,61,52,53,52,50,48,50,53,47,48,,,,,,,,,,,,57,49,54,54,50,0,0,53,43,51,,,,,,,,,,,,False,,,0,,,,,,0,50,,spray
P5549,Jose,Cruz,2000-12-05,78,192,Hispanic,medium,blonde,clean_shaven,S,LF,,0,,,49,52,85,51,50,49,53,53,49,51,,,,,,,,,,,,62,64,99,60,50,0,0,53,61,64,,,,,,,,,,,,False,,,0,,,,,,0,50,,elite_speed
P2253,Xavier,Baker,1996-07-09,74,241,African,medium,black,clean_shaven,R,3B,,0,,,50,48,51,50,50,51,60,49,52,51,,,,,,,,,,,,45,48,54,46,50,0,0,49,55,49,,,,,,,,,,,,False,,,0,,,,,,0,50,,average
P4845,Antonia,Eliezrie,1988-07-09,76,205,Anglo,light,blonde,clean_shaven,S,CF,,0,,,52,51,53,51,50,52,49,51,48,53,,,,,,,,,,,,46,48,44,50,50,0,0,51,41,48,,,,,,,,,,,,False,,,0,,,,,,0,50,,balanced
P6510,Roberto,Hernandez,1995-07-03,68,212,Hispanic,light,black,clean_shaven,R,C,,0,,,62,51,50,54,49,47,55,52,52,51,,,,,,,,,,,,60,50,47,49,49,0,0,52,50,52,,,,,,,,,,,,False,,,0,,,,,,0,50,,spray
P3804,Xavier,Wright,2001-12-04,78,199,African,dark,black,clean_shaven,R,P,,1,RP,CL,,,,,55,,,,48,52,51,50,53,50,52,0,0,65,0,0,0,,,,,0,,,,56,64,60,63,65,60,67,0,0,71,0,0,0,False,,,0,,,,,,0,50,closer,
P9672,Sung,Yamamoto,2002-11-30,77,220,Asian,medium,black,mustache,R,P,,1,RP,RP,,,,,51,,,,50,52,52,52,52,51,52,58,60,0,0,0,0,,,,,0,,,,61,59,59,63,63,63,59,64,69,0,0,0,0,False,,,0,,,,,,0,50,finesse_rp,
P9598,Raul,Mendoza,1987-10-31,71,209,Hispanic,medium,black,clean_shaven,S,P,,1,RP,RP,,,,,53,,,,48,51,51,50,52,49,49,56,0,66,61,0,0,,,,,0,,,,48,42,44,50,41,41,41,46,0,64,57,0,0,False,,,0,,,,,,0,50,groundball_rp,
P8411,Yong,Patel,1987-08-16,75,248,Asian,light,black,beard,L,P,,1,RP,CL,,,,,51,,,,51,52,51,50,52,51,52,59,0,65,0,0,0,,,,,0,,,,44,49,47,50,43,42,48,49,0,57,0,0,0,False,,,0,,,,,,0,50,closer,
P5607,Sung,Khan,2001-08-12,76,249,Asian,light,black,clean_shaven,R,P,,1,RP,SP,,,,,50,,,,48,52,51,51,52,50,52,0,61,62,57,56,0,,,,,0,,,,61,63,66,59,61,56,67,0,72,76,63,70,0,False,,,0,,,,,,0,50,power_sp,
P3898,Xavier,Harris,1988-07-16,76,162,African,dark,black,clean_shaven,L,P,,1,RP,RP,,,,,51,,,,48,52,49,50,52,49,52,59,61,0,0,0,0,,,,,0,,,,48,48,45,51,42,40,43,55,58,0,0,0,0,False,,,0,,,,,,0,50,finesse_rp,
P1340,Tyrone,Gaines,1998-06-12,73,236,African,dark,black,clean_shaven,S,P,,1,RP,SP,,,,,48,,,,51,51,52,52,54,49,52,59,63,58,58,0,0,,,,,0,,,,64,58,63,65,61,57,64,71,75,67,73,0,0,False,,,0,,,,,,0,50,balanced_sp,
P7524,Alejandro,Flores,2000-01-11,71,230,Hispanic,medium,blonde,clean_shaven,L,RF,,0,,,49,61,48,48,49,51,47,50,49,51,,,,,,,,,,,,57,74,53,57,49,0,0,50,55,62,,,,,,,,,,,,False,,,0,,,,,,0,50,,power
P4227,Pedro,Lopez,1991-01-04,71,194,Hispanic,medium,black,clean_shaven,R,3B,,0,,,53,53,51,52,48,52,56,53,50,51,,,,,,,,,,,,47,52,49,44,48,0,0,53,41,49,,,,,,,,,,,,False,,,0,,,,,,0,50,,balanced
P5295,Yong,Kim,1988-11-03,77,245,Asian,light,black,beard,R,2B,,0,,,49,48,49,50,53,48,59,51,50,50,,,,,,,,,,,,47,38,40,45,53,0,0,51,47,45,,,,,,,,,,,,False,,,0,,,,,,0,50,,average
P5692,Malik,King,1994-06-20,78,205,African,dark,black,clean_shaven,R,2B,,0,,,59,50,51,54,53,50,55,49,48,51,,,,,,,,,,,,57,45,56,54,53,0,0,49,49,53,,,,,,,,,,,,False,,,0,,,,,,0,50,,spray
P4192,Chang,Imbesi,1991-03-04,72,216,Anglo,dark,red,beard,R,3B,2B,0,,,52,60,52,50,48,52,58,53,50,51,,,,,,,,,,,,42,52,50,43,48,0,0,53,44,43,,,,,,,,,,,,False,,,0,,,,,,0,50,,power
P4091,Dannie,Ercolano,2005-02-02,71,183,Anglo,light,red,clean_shaven,R,1B,,0,,,51,61,52,52,47,53,52,50,49,49,,,,,,,,,,,,66,79,74,69,47,0,0,50,73,75,,,,,,,,,,,,False,,,0,,,,,,0,50,,power
P1217,Hector,Ortiz,1992-07-25,73,228,Hispanic,light,blonde,beard,R,SS,,0,,,58,52,53,53,52,48,58,50,51,49,,,,,,,,,,,,56,49,50,48,52,0,0,50,47,43,,,,,,,,,,,,False,,,0,,,,,,0,50,,gap
P1410,Xavier,Walker,1998-11-23,68,173,African,medium,black,mustache,R,LF,,0,,,62,69,49,50,51,49,57,52,48,49,,,,,,,,,,,,71,80,60,57,51,0,0,52,57,62,,,,,,,,,,,,False,,,0,,,,,,0,50,,gap
P7663,Cedric,Allen,2006-09-11,77,200,African,dark,black,clean_shaven,R,P,,1,RP,CL,,,,,55,,,,53,51,48,50,52,50,51,61,59,66,0,0,0,,,,,0,,,,67,72,79,68,61,79,73,86,78,84,0,0,0,False,,,0,,,,,,0,50,closer,
P1141,Daron,Harmison,2007-07-04,77,190,Anglo,medium,brown,clean_shaven,L,P,,1,RP,SP,,,,,49,,,,52,50,54,50,52,48,54,0,63,58,0,55,0,,,,,0,,,,78,72,65,73,73,69,75,0,93,81,0,84,0,False,,,0,,,,,,0,50,power_sp,
P4191,Percy,Walker,2006-12-22,74,236,African,dark,brown,clean_shaven,R,P,,1,RP,SP,,,,,48,,,,51,48,52,51,52,51,51,61,63,0,0,56,0,,,,,0,,,,77,66,76,70,71,70,79,71,91,0,0,79,0,False,,,0,,,,,,0,50,finesse_sp,
P9035,Rafael,Morales,2005-05-13,77,202,Hispanic,medium,brown,goatee,R,P,,1,RP,SP,,,,,50,,,,48,51,53,51,52,49,51,0,63,59,0,0,0,,,,,0,,,,72,72,67,70,73,61,79,0,73,69,0,0,0,False,,,0,,,,,,0,50,balanced_sp,
P8057,Tyrone,White,2005-05-28,75,229,African,light,black,beard,L,P,,1,RP,SP,,,,,51,,,,50,53,50,52,52,52,53,0,62,63,58,57,0,,,,,0,,,,73,77,77,62,64,75,79,0,92,91,83,83,0,False,,,0,,,,,,0,50,power_sp,
P2271,Yong,Khan,2005-08-01,74,234,Asian,medium,black,clean_shaven,L,CF,,0,,,50,51,70,52,52,52,46,50,51,51,,,,,,,,,,,,66,63,97,75,52,0,0,50,79,74,,,,,,,,,,,,False,,,0,,,,,,0,50,,speed
P1737,Antonio,Reyes,2008-02-19,72,244,Hispanic,medium,brown,clean_shaven,L,RF,,0,,,51,59,49,51,51,52,46,51,47,51,,,,,,,,,,,,75,71,63,77,51,0,0,51,73,64,,,,,,,,,,,,False,,,0,,,,,,0,50,,power
P5589,Manuel,Rodriguez,2005-09-21,70,218,Hispanic,medium,black,clean_shaven,L,RF,,0,,,49,54,52,50,48,49,48,52,51,53,,,,,,,,,,,,72,78,62,62,48,0,0,52,65,66,,,,,,,,,,,,False,,,0,,,,,,0,50,,average
P3935,Sung,Lin,2007-05-23,72,168,Asian,medium,black,clean_shaven,R,C,,0,,,53,52,50,53,49,52,56,53,51,48,,,,,,,,,,,,76,63,70,75,49,0,0,53,73,63,,,,,,,,,,,,False,,,0,,,,,,0,50,,average
P3542,Virgil,Zettlemoyer,2004-11-08,70,198,Anglo,medium,brown,goatee,R,RF,3B,0,,,51,63,49,51,49,49,52,48,48,50,,,,,,,,,,,,76,77,79,66,49,0,0,48,65,62,,,,,,,,,,,,False,,,0,,,,,,0,50,,power
P2396,Yong,Lin,1991-12-26,69,173,Asian,light,black,clean_shaven,R,P,,1,RP,CL,,,,,55,,,,49,54,51,50,54,50,54,58,62,66,0,0,0,,,,,0,,,,39,51,45,44,49,44,54,51,60,62,0,0,0,False,,,0,,,,,,0,50,closer,
P7132,Yong,Tran,2004-11-27,78,225,Asian,medium,black,clean_shaven,L,P,,1,RP,SP,,,,,51,,,,50,52,50,50,52,49,53,58,63,61,0,0,0,,,,,0,,,,70,78,70,65,65,70,73,72,92,75,0,0,0,False,,,0,,,,,,0,50,power_sp,
P6949,Carlos,Rodriguez,1994-11-27,68,214,Hispanic,dark,black,mustache,L,P,,1,RP,RP,,,,,54,,,,50,50,52,51,54,53,51,0,0,0,62,0,0,,,,,0,,,,50,52,47,59,48,53,52,0,0,0,62,0,0,False,,,0,,,,,,0,50,groundball_rp,
P4762,Sung,Wang,1990-03-19,74,175,Asian,medium,black,clean_shaven,R,P,,1,RP,SP,,,,,52,,,,48,52,51,50,53,49,53,0,62,64,0,0,0,,,,,0,,,,45,50,45,51,44,44,52,0,52,54,0,0,0,False,,,0,,,,,,0,50,power_sp,
P9661,Will,Wiegard,2003-09-12,72,187,Anglo,light,brown,clean_shaven,R,P,,1,RP,SP,,,,,49,,,,50,51,53,50,54,49,53,0,61,62,0,54,0,,,,,0,,,,60,56,62,66,60,54,68,0,67,76,0,61,0,False,,,0,,,,,,0,50,power_sp,
P5225,Miguel,Ramos,1994-08-15,68,192,Hispanic,light,brown,clean_shaven,S,P,,1,RP,RP,,,,,48,,,,48,51,50,50,54,50,55,0,60,0,0,0,0,,,,,0,,,,50,51,54,50,46,48,59,0,56,0,0,0,0,False,,,0,,,,,,0,50,power_rp,
P2846,Jonas,Moser,2003-04-14,76,162,Anglo,light,black,beard,L,P,,1,RP,RP,,,,,52,,,,50,52,53,52,53,50,55,0,0,65,0,0,0,,,,,0,,,,59,67,60,68,63,61,68,0,0,76,0,0,0,False,,,0,,,,,,0,50,power_rp,
P2130,Cedric,King,1994-06-09,78,234,African,dark,black,mustache,R,P,,1,RP,SP,,,,,52,,,,51,50,50,50,52,48,53,0,60,63,58,54,0,,,,,0,,,,52,53,47,48,49,51,57,0,57,65,59,50,0,False,,,0,,,,,,0,50,power_sp,
P8519,Leroy,Young,2001-08-10,71,248,African,dark,black,clean_shaven,R,P,,1,RP,SP,,,,,53,,,,52,52,51,50,54,50,52,61,0,59,59,0,0,,,,,0,,,,57,61,56,65,64,55,66,76,0,66,68,0,0,False,,,0,,,,,,0,50,groundball_sp,
P8687,Weldon,Caughman,1996-05-02,73,172,Anglo,light,brown,beard,R,P,,1,RP,RP,,,,,51,,,,51,49,50,51,52,52,50,58,0,0,0,0,0,,,,,0,,,,47,44,51,48,52,47,45,55,0,0,0,0,0,False,,,0,,,,,,0,50,finesse_rp,
P6260,Jose,Torres,1997-04-10,71,231,Hispanic,light,brown,beard,R,P,,1,RP,SP,,,,,52,,,,50,51,52,52,52,51,52,61,60,62,0,0,0,,,,,0,,,,55,46,52,56,50,50,48,63,55,61,0,0,0,False,,,0,,,,,,0,50,balanced_sp,
P3875,Juan,Vargas,2002-08-28,69,222,Hispanic,medium,blonde,clean_shaven,R,C,,0,,,51,51,50,49,51,53,58,52,53,51,,,,,,,,,,,,63,63,64,61,51,0,0,52,60,59,,,,,,,,,,,,False,,,0,,,,,,0,50,,balanced
P5130,Rufus,King,1993-10-09,76,238,African,dark,black,clean_shaven,R,1B,,0,,,49,64,49,50,48,51,55,48,52,49,,,,,,,,,,,,43,57,48,45,48,0,0,48,48,47,,,,,,,,,,,,False,,,0,,,,,,0,50,,power
P7063,Pierre,Kolb,1993-09-21,70,238,Anglo,dark,blonde,clean_shaven,L,2B,,0,,,52,63,51,50,52,49,50,51,51,52,,,,,,,,,,,,45,54,49,40,52,0,0,51,47,47,,,,,,,,,,,,False,,,0,,,,,,0,50,,power
P9224,Isiah,Cruikshank,1994-03-12,72,235,Anglo,light,black,goatee,R,3B,,0,,,50,48,51,49,50,51,60,49,52,49,,,,,,,,,,,,45,49,49,50,50,0,0,49,56,47,,,,,,,,,,,,False,,,0,,,,,,0,50,,balanced
P2056,Donovan,Pencek,2001-10-26,77,173,Anglo,light,red,clean_shaven,R,SS,,0,,,52,48,77,50,51,48,60,51,50,50,,,,,,,,,,,,64,60,82,61,51,0,0,51,55,60,,,,,,,,,,,,False,,,0,,,,,,0,50,,speed
P3498,Ricardo,Vasquez,1994-06-14,69,221,Hispanic,medium,black,goatee,S,LF,,0,,,53,51,48,50,51,52,51,52,51,52,,,,,,,,,,,,54,55,46,51,51,0,0,52,49,56,,,,,,,,,,,,False,,,0,,,,,,0,50,,average
P6876,Jamal,Jackson,2001-07-30,71,182,African,dark,brown,beard,L,CF,,0,,,54,50,52,50,49,52,45,50,49,48,,,,,,,,,,,,62,62,65,65,49,0,0,50,55,57,,,,,,,,,,,,False,,,0,,,,,,0,50,,gap
P8571,Albert,Bertagnolli,1993-02-04,75,242,Anglo,light,blonde,clean_shaven,L,RF,,0,,,54,50,52,51,50,48,46,52,49,52,,,,,,,,,,,,52,47,42,50,50,0,0,52,42,46,,,,,,,,,,,,False,,,0,,,,,,0,50,,balanced
P8168,Manuel,Hernandez,1991-11-16,70,197,Hispanic,dark,black,beard,R,RF,,0,,,50,49,50,51,48,51,55,52,50,49,,,,,,,,,,,,40,48,42,48,48,0,0,52,48,45,,,,,,,,,,,,False,,,0,,,,,,0,50,,average
P9242,Raul,Flores,1994-12-23,72,206,Hispanic,light,black,clean_shaven,R,3B,,0,,,50,58,49,50,46,51,56,52,52,50,,,,,,,,,,,,47,60,51,50,46,0,0,52,49,47,,,,,,,,,,,,False,,,0,,,,,,0,50,,power
P4388,Hector,Martinez,1990-12-15,68,209,Hispanic,dark,brown,beard,L,CF,,0,,,52,49,70,51,53,51,46,49,51,48,,,,,,,,,,,,44,39,64,44,53,0,0,49,48,46,,,,,,,,,,,,False,,,0,,,,,,0,50,,speed
P6369,Merrill,Lowy,1999-01-16,72,170,Anglo,light,brown,beard,L,LF,,0,,,52,48,70,51,51,52,48,49,50,52,,,,,,,,,,,,58,57,78,64,51,0,0,49,61,64,,,,,,,,,,,,False,,,0,,,,,,0,50,,speed
P6996,Randy,Escorcia,1996-04-06,68,235,Anglo,light,black,clean_shaven,S,LF,,0,,,52,60,52,51,51,50,52,53,50,49,,,,,,,,,,,,54,63,56,53,51,0,0,53,47,47,,,,,,,,,,,,False,,,0,,,,,,0,50,,power
P8854,Austin,Reginaldo,1993-04-08,71,220,Anglo,dark,blonde,mustache,R,LF,,0,,,54,52,48,50,52,48,60,53,53,51,,,,,,,,,,,,52,48,41,48,52,0,0,53,52,49,,,,,,,,,,,,False,,,0,,,,,,0,50,,average
P2094,Olen,Isaacsen,1995-03-04,73,166,Anglo,medium,brown,clean_shaven,S,P,,1,RP,CL,,,,,55,,,,51,52,49,50,52,50,54,0,0,66,0,0,0,,,,,0,,,,54,52,48,52,52,47,53,0,0,67,0,0,0,False,,,0,,,,,,0,50,closer,
P5190,Xavier,Young,1999-06-04,71,172,African,dark,brown,clean_shaven,R,P,,1,RP,RP,,,,,50,,,,53,52,48,53,53,50,50,58,60,0,0,0,0,,,,,0,,,,62,61,65,61,56,65,59,67,75,0,0,0,0,False,,,0,,,,,,0,50,finesse_rp,
P8596,Percy,Washington,1993-04-07,69,180,African,dark,black,clean_shaven,L,P,,1,RP,SP,,,,,53,,,,50,49,52,50,53,52,49,62,0,61,60,0,0,,,,,0,,,,42,44,42,51,51,51,45,52,0,55,51,0,0,False,,,0,,,,,,0,50,groundball_sp,
P4745,Luis,Ramos,1996-03-18,76,210,Hispanic,medium,black,clean_shaven,R,P,,1,RP,SP,,,,,48,,,,48,52,52,50,53,49,52,59,62,62,0,56,0,,,,,0,,,,44,55,49,57,50,50,49,56,59,62,0,56,0,False,,,0,,,,,,0,50,power_sp,
P3508,Carlos,Martinez,2003-01-26,69,211,Hispanic,dark,blonde,mustache,L,P,,1,RP,SP,,,,,50,,,,49,48,49,50,52,53,53,63,60,58,0,0,0,,,,,0,,,,64,56,60,66,59,65,61,78,74,70,0,0,0,False,,,0,,,,,,0,50,finesse_sp,
P1447,Luis,Vasquez,1987-11-20,70,235,Hispanic,medium,black,beard,L,P,,1,RP,SP,,,,,49,,,,52,51,51,50,52,51,54,0,61,62,59,0,0,,,,,0,,,,44,50,50,42,48,49,49,0,58,58,51,0,0,False,,,0,,,,,,0,50,power_sp,
P8673,Fausto,Cummer,2005-01-29,78,223,Anglo,light,brown,clean_shaven,R,P,,1,RP,SP,,,,,47,,,,48,51,54,52,54,52,52,60,61,59,59,0,0,,,,,0,,,,58,73,62,68,82,68,78,78,79,70,72,0,0,False,,,0,,,,,,0,50,power_sp,
P3722,Jamal,Harris,2004-11-16,68,241,African,dark,black,clean_shaven,L,CF,,0,,,56,50,49,54,49,50,42,50,47,51,,,,,,,,,,,,73,73,63,69,49,0,0,50,62,70,,,,,,,,,,,,False,,,0,,,,,,0,50,,spray
P3949,Francisco,Perez,1990-05-09,70,180,Hispanic,light,brown,clean_shaven,S,LF,,0,,,52,59,47,50,51,52,52,53,53,53,,,,,,,,,,,,49,53,43,42,51,0,0,53,45,45,,,,,,,,,,,,False,,,0,,,,,,0,50,,power
P8954,Antonio,Flores,1999-03-20,78,247,Hispanic,light,black,clean_shaven,R,3B,LF,0,,,52,52,48,50,52,50,60,49,52,48,,,,,,,,,,,,57,62,59,58,52,0,0,49,57,59,,,,,,,,,,,,False,,,0,,,,,,0,50,,balanced
P7469,Xavier,Washington,1989-07-04,78,239,African,dark,black,beard,R,SS,,0,,,52,46,77,52,53,50,55,52,50,51,,,,,,,,,,,,44,37,74,43,53,0,0,52,45,50,,,,,,,,,,,,False,,,0,,,,,,0,50,,speed
P1773,Xavier,Jackson,2001-01-28,77,168,African,dark,black,clean_shaven,R,3B,,0,,,61,50,50,52,49,47,56,49,49,49,,,,,,,,,,,,68,58,65,64,49,0,0,49,64,60,,,,,,,,,,,,False,,,0,,,,,,0,50,,spray
P6537,Leroy,Green,1998-04-21,68,161,African,dark,black,clean_shaven,R,2B,,0,,,53,60,49,52,51,53,59,52,48,51,,,,,,,,,,,,67,74,57,58,51,0,0,52,60,59,,,,,,,,,,,,False,,,0,,,,,,0,50,,power
P8005,Darnell,Taylor,1987-08-31,72,229,African,medium,black,clean_shaven,R,CF,,0,,,53,47,70,51,50,52,56,51,52,49,,,,,,,,,,,,52,44,65,41,50,0,0,51,51,47,,,,,,,,,,,,False,,,0,,,,,,0,50,,speed
P3138,Cedric,Carter,1996-04-30,74,195,African,dark,black,beard,R,1B,,0,,,51,55,52,49,53,49,55,49,53,50,,,,,,,,,,,,47,56,55,50,53,0,0,49,51,50,,,,,,,,,,,,False,,,0,,,,,,0,50,,balanced
P5552,Odis,Carney,2005-08-25,75,197,Anglo,light,blonde,goatee,S,P,,1,RP,CL,,,,,55,,,,50,50,50,50,53,53,55,0,0,65,0,0,0,,,,,0,,,,69,60,74,69,72,70,76,0,0,85,0,0,0,False,,,0,,,,,,0,50,closer,
P2601,Alvaro,Ketron,2004-09-08,77,201,Anglo,medium,black,clean_shaven,S,P,,1,RP,SP,,,,,50,,,,48,53,52,50,53,51,52,0,64,62,54,57,0,,,,,0,,,,71,77,65,68,78,64,76,0,86,79,78,67,0,False,,,0,,,,,,0,50,power_sp,
P5163,Hector,Flores,2006-11-15,72,217,Hispanic,light,black,mustache,L,P,,1,RP,SP,,,,,52,,,,49,48,53,52,53,50,52,59,60,0,0,57,0,,,,,0,,,,66,78,65,79,66,80,80,70,88,0,0,71,0,False,,,0,,,,,,0,50,finesse_sp,
P9920,Alejandro,Rivera,2004-06-26,77,215,Hispanic,medium,black,clean_shaven,S,P,,1,RP,RP,,,,,53,,,,50,51,50,51,52,53,54,59,59,0,61,0,0,,,,,0,,,,79,65,70,79,76,67,75,85,79,0,75,0,0,False,,,0,,,,,,0,50,groundball_rp,
P9971,Xavier,Mitchell,2005-02-01,77,194,African,dark,brown,clean_shaven,S,P,,1,RP,SP,,,,,52,,,,51,53,54,50,53,48,52,0,61,61,56,0,0,,,,,0,,,,73,83,75,83,69,74,75,0,91,71,76,0,0,False,,,0,,,,,,0,50,power_sp,
P7426,Anthony,Gouthier,2005-12-01,72,239,Anglo,light,black,goatee,R,3B,,0,,,60,49,50,53,53,48,58,50,51,49,,,,,,,,,,,,83,68,79,64,53,0,0,50,77,68,,,,,,,,,,,,False,,,0,,,,,,0,50,,spray
P2029,Thurman,Arcilla,2005-08-03,68,197,Anglo,light,black,clean_shaven,S,CF,,0,,,58,51,48,51,53,50,52,49,50,49,,,,,,,,,,,,70,77,60,62,53,0,0,49,64,68,,,,,,,,,,,,False,,,0,,,,,,0,50,,spray
P8406,Tom,Vlach,2007-09-03,73,248,Anglo,light,brown,clean_shaven,R,C,,0,,,51,51,49,51,49,53,58,51,49,51,,,,,,,,,,,,79,71,59,77,49,0,0,51,71,70,,,,,,,,,,,,False,,,0,,,,,,0,50,,average
P5665,Felton,Wach,2005-04-09,68,181,Anglo,medium,brown,goatee,R,LF,,0,,,56,61,52,52,50,49,59,52,49,49,,,,,,,,,,,,67,80,76,65,50,0,0,52,60,70,,,,,,,,,,,,False,,,0,,,,,,0,50,,gap
P2726,Eduardo,Vasquez,2005-03-11,76,187,Hispanic,dark,brown,clean_shaven,R,SS,,0,,,58,51,53,55,53,50,58,49,50,51,,,,,,,,,,,,79,80,82,67,53,0,0,49,79,77,,,,,,,,,,,,False,,,0,,,,,,0,50,,spray
P7407,Hector,Hernandez,1988-11-28,73,216,Hispanic,medium,black,clean_shaven,L,P,,1,RP,CL,,,,,55,,,,51,53,48,51,52,50,54,0,59,65,0,0,0,,,,,0,,,,43,44,42,44,38,41,54,0,56,63,0,0,0,False,,,0,,,,,,0,50,closer,
P5389,Fabian,Gullickson,1991-02-05,70,194,Anglo,light,black,clean_shaven,R,P,,1,RP,CL,,,,,50,,,,51,51,52,52,54,50,51,56,0,65,0,0,0,,,,,0,,,,48,42,46,44,52,49,41,46,0,60,0,0,0,False,,,0,,,,,,0,50,closer,
P2407,Louis,Chancy,1993-06-13,73,225,Anglo,medium,brown,beard,S,P,,1,RP,SP,,,,,50,,,,52,49,52,52,52,50,52,0,62,0,61,0,0,,,,,0,,,,47,43,48,52,44,40,46,0,54,0,54,0,0,False,,,0,,,,,,0,50,groundball_sp,
P8151,Darnell,Carter,1988-05-03,76,193,African,dark,black,mustache,R,P,,1,RP,RP,,,,,52,,,,51,49,52,52,53,49,51,0,0,63,0,0,0,,,,,0,,,,47,47,50,46,47,42,44,0,0,62,0,0,0,False,,,0,,,,,,0,50,power_rp,
P3928,Rocco,Guidrey,1999-03-01,76,173,Anglo,light,brown,mustache,L,P,,1,RP,SP,,,,,54,,,,50,51,50,52,54,49,50,58,0,0,57,0,0,,,,,0,,,,55,61,67,63,60,55,55,72,0,0,66,0,0,False,,,0,,,,,,0,50,groundball_sp,
P1776,Jermaine,Carter,1995-12-23,73,219,African,dark,black,clean_shaven,L,P,,1,RP,SP,,,,,47,,,,49,52,54,50,52,49,50,0,61,62,0,55,0,,,,,0,,,,44,51,45,48,59,51,54,0,65,64,0,58,0,False,,,0,,,,,,0,50,power_sp,
P8468,John,Shatswell,2003-10-12,68,241,Anglo,light,black,clean_shaven,L,P,,1,RP,SP,,,,,51,,,,52,54,51,52,52,52,50,0,60,60,0,56,0,,,,,0,,,,57,62,57,57,59,58,56,0,72,75,0,63,0,False,,,0,,,,,,0,50,power_sp,
P9040,Rufus,Walker,1990-10-17,70,226,African,dark,black,mustache,S,P,,1,RP,SP,,,,,49,,,,47,51,53,50,52,50,54,0,63,58,0,0,0,,,,,0,,,,40,46,47,45,44,46,52,0,62,52,0,0,0,False,,,0,,,,,,0,50,power_sp,
P8122,Jose,Martinez,1990-11-12,76,220,Hispanic,dark,black,clean_shaven,L,P,,1,RP,SP,,,,,52,,,,51,51,51,50,54,49,50,62,60,60,54,0,0,,,,,0,,,,44,48,50,51,43,46,42,54,55,60,51,0,0,False,,,0,,,,,,0,50,balanced_sp,
P5450,Rufus,Taylor,1988-04-17,77,172,African,dark,black,beard,R,P,,1,RP,SP,,,,,52,,,,48,51,53,51,52,53,53,60,62,0,61,0,0,,,,,0,,,,40,51,42,49,44,53,49,59,59,0,56,0,0,False,,,0,,,,,,0,50,groundball_sp,
P4558,Percy,King,1992-05-12,73,245,African,dark,black,mustache,R,P,,1,RP,SP,,,,,49,,,,48,52,50,52,52,49,53,58,63,0,0,0,0,,,,,0,,,,48,51,50,47,40,47,53,50,57,0,0,0,0,False,,,0,,,,,,0,50,finesse_sp,
P6494,Scot,Mccarter,1994-06-10,72,169,Anglo,medium,brown,clean_shaven,R,C,,0,,,50,53,87,49,50,52,55,49,52,50,,,,,,,,,,,,50,52,84,48,50,0,0,49,54,48,,,,,,,,,,,,False,,,0,,,,,,0,50,,speed
P6751,Cedric,Walker,2003-12-16,77,211,African,medium,black,clean_shaven,L,1B,,0,,,53,51,53,52,49,50,48,49,51,52,,,,,,,,,,,,60,64,68,64,49,0,0,49,56,60,,,,,,,,,,,,False,,,0,,,,,,0,50,,average
P5260,Kelly,Elsaesser,1992-09-06,75,225,Anglo,light,black,goatee,L,2B,,0,,,54,47,51,53,50,51,46,52,50,49,,,,,,,,,,,,44,42,46,49,50,0,0,52,48,40,,,,,,,,,,,,False,,,0,,,,,,0,50,,spray
P2243,Cedric,Baker,1990-10-13,71,215,African,dark,black,beard,R,3B,,0,,,57,51,50,51,49,51,58,52,48,49,,,,,,,,,,,,54,46,46,51,49,0,0,52,44,43,,,,,,,,,,,,False,,,0,,,,,,0,50,,spray
P3539,Fernando,Martinez,1998-03-18,76,249,Hispanic,medium,black,beard,R,SS,,0,,,56,49,52,51,53,47,59,53,49,53,,,,,,,,,,,,68,61,59,58,53,0,0,53,60,60,,,,,,,,,,,,False,,,0,,,,,,0,50,,spray
P6370,Miguel,Gomez,1995-05-26,71,246,Hispanic,medium,blonde,clean_shaven,L,LF,,0,,,50,53,50,52,53,49,46,51,51,52,,,,,,,,,,,,53,53,49,54,53,0,0,51,53,56,,,,,,,,,,,,False,,,0,,,,,,0,50,,average
P8729,Tyrone,Carter,1992-07-13,75,229,African,dark,black,mustache,S,CF,,0,,,50,48,52,51,50,54,50,53,50,48,,,,,,,,,,,,46,44,45,50,50,0,0,53,43,48,,,,,,,,,,,,False,,,0,,,,,,0,50,,balanced
P5678,Darnell,Scott,1993-04-27,74,164,African,medium,black,clean_shaven,R,RF,,0,,,51,60,48,50,48,49,57,50,52,50,,,,,,,,,,,,43,57,44,43,48,0,0,50,48,40,,,,,,,,,,,,False,,,0,,,,,,0,50,,power
P6868,Carlos,Vasquez,1990-12-27,75,196,Hispanic,dark,blonde,clean_shaven,R,3B,,0,,,49,56,52,50,50,52,58,51,51,52,,,,,,,,,,,,41,55,51,44,50,0,0,51,45,47,,,,,,,,,,,,False,,,0,,,,,,0,50,,power
P2676,Malik,Taylor,1990-07-28,78,228,African,light,black,mustache,R,RF,3B,0,,,53,49,51,51,52,52,51,50,52,52,,,,,,,,,,,,51,43,47,46,52,0,0,50,51,44,,,,,,,,,,,,False,,,0,,,,,,0,50,,average
P6435,Jose,Garcia,1992-03-21,71,214,Hispanic,dark,black,mustache,R,C,,0,,,53,65,49,49,50,51,58,50,53,52,,,,,,,,,,,,51,58,44,47,50,0,0,50,53,48,,,,,,,,,,,,False,,,0,,,,,,0,50,,power
P5024,Ricardo,Ortiz,1995-04-20,72,232,Hispanic,medium,red,clean_shaven,R,1B,,0,,,51,57,50,52,51,53,53,52,52,53,,,,,,,,,,,,48,60,53,55,51,0,0,52,52,49,,,,,,,,,,,,False,,,0,,,,,,0,50,,gap
P3009,Margarito,Gouras,1991-03-05,69,216,Anglo,medium,brown,clean_shaven,S,CF,,0,,,57,55,51,52,53,48,51,53,48,48,,,,,,,,,,,,53,51,45,52,53,0,0,53,42,47,,,,,,,,,,,,False,,,0,,,,,,0,50,,gap
P7362,Malik,Gaines,1988-06-23,69,161,African,medium,black,clean_shaven,R,3B,,0,,,49,51,49,49,52,51,59,50,48,49,,,,,,,,,,,,43,45,44,49,52,0,0,50,46,46,,,,,,,,,,,,False,,,0,,,,,,0,50,,average
P4789,Jorge,Vasquez,1992-10-31,71,164,Hispanic,dark,black,clean_shaven,L,P,,1,RP,CL,,,,,55,,,,48,50,48,51,52,51,51,57,59,65,0,0,0,,,,,0,,,,46,47,48,43,41,44,49,49,55,58,0,0,0,False,,,0,,,,,,0,50,closer,
P3395,Rufus,Gaines,1988-08-15,77,175,African,dark,black,mustache,S,P,,1,RP,SP,,,,,49,,,,50,52,52,50,53,50,49,63,59,59,0,54,0,,,,,0,,,,45,45,44,47,48,47,48,57,54,58,0,51,0,False,,,0,,,,,,0,50,workhorse_sp,
P6232,Anderson,Wieben,2001-04-17,73,245,Anglo,light,blonde,clean_shaven,R,P,,1,RP,LR,,,,,51,,,,50,50,49,51,53,51,49,60,0,0,0,0,0,,,,,0,,,,60,58,61,64,62,62,60,74,0,0,0,0,0,False,,,0,,,,,,0,50,long_relief,
P7551,Deshawn,Washington,1994-05-22,75,168,African,dark,black,clean_shaven,R,P,,1,RP,LR,,,,,50,,,,52,52,51,53,52,51,54,56,61,0,0,0,0,,,,,0,,,,47,51,57,54,49,50,53,54,62,0,0,0,0,False,,,0,,,,,,0,50,long_relief,
P3442,Jose,Perez,1988-08-21,72,200,Hispanic,dark,black,goatee,R,P,,1,RP,RP,,,,,51,,,,50,51,50,52,52,53,49,61,62,0,0,58,0,,,,,0,,,,46,49,44,45,45,51,40,61,53,0,0,53,0,False,,,0,,,,,,0,50,finesse_rp,
P7799,Jamal,Gaines,2002-01-03,69,174,African,medium,black,clean_shaven,L,P,,1,RP,SP,,,,,51,,,,52,54,51,50,53,51,52,0,61,62,0,0,0,,,,,0,,,,65,59,56,61,61,62,67,0,69,73,0,0,0,False,,,0,,,,,,0,50,power_sp,
P5029,Eduardo,Cruz,1993-07-20,73,219,Hispanic,medium,black,goatee,L,P,,1,RP,SP,,,,,54,,,,51,51,50,53,54,51,52,59,58,61,62,0,0,,,,,0,,,,46,43,46,48,46,50,51,58,53,53,54,0,0,False,,,0,,,,,,0,50,groundball_sp,
P1200,Kraig,Jabiro,1999-10-08,73,210,Anglo,light,black,beard,S,2B,,0,,,51,51,50,52,50,48,54,52,52,49,,,,,,,,,,,,56,62,62,60,50,0,0,52,65,62,,,,,,,,,,,,False,,,0,,,,,,0,50,,average
P5695,Antonio,Vargas,1990-03-16,74,247,Hispanic,medium,blonde,beard,L,3B,,0,,,49,49,49,51,49,52,49,50,50,48,,,,,,,,,,,,46,48,47,50,49,0,0,50,43,46,,,,,,,,,,,,False,,,0,,,,,,0,50,,average
P5267,Jermaine,Walker,2000-12-08,73,215,African,dark,black,mustache,S,LF,,0,,,59,51,51,52,52,49,54,51,51,49,,,,,,,,,,,,67,62,56,66,52,0,0,51,58,55,,,,,,,,,,,,False,,,0,,,,,,0,50,,spray
P4818,Manuel,Torres,1992-08-16,74,197,Hispanic,dark,blonde,beard,L,CF,,0,,,53,50,53,52,50,51,44,49,48,51,,,,,,,,,,,,43,43,43,49,50,0,0,49,40,49,,,,,,,,,,,,False,,,0,,,,,,0,50,,average
P5285,Carlos,Sanchez,2000-11-15,69,173,Hispanic,medium,black,beard,R,SS,,0,,,60,49,52,50,52,50,59,53,49,47,,,,,,,,,,,,74,57,63,61,52,0,0,53,56,52,,,,,,,,,,,,False,,,0,,,,,,0,50,,spray
P1330,Luis,Sanchez,2004-03-10,77,178,Hispanic,medium,black,clean_shaven,R,RF,,0,,,60,54,52,51,50,49,54,49,52,52,,,,,,,,,,,,76,80,75,67,50,0,0,49,80,79,,,,,,,,,,,,False,,,0,,,,,,0,50,,spray
P6259,Malik,Young,2003-08-02,78,203,African,dark,black,mustache,R,RF,,0,,,50,50,52,52,51,48,58,50,49,49,,,,,,,,,,,,61,58,59,57,51,0,0,50,55,56,,,,,,,,,,,,False,,,0,,,,,,0,50,,average
P8133,Xavier,Carter,1993-08-08,74,202,African,dark,black,beard,R,RF,,0,,,48,58,49,49,50,49,56,48,51,53,,,,,,,,,,,,40,51,44,45,50,0,0,48,51,45,,,,,,,,,,,,False,,,0,,,,,,0,50,,balanced
P1545,Pedro,Vargas,2007-08-21,69,231,Hispanic,light,brown,clean_shaven,R,P,,1,RP,CL,,,,,55,,,,49,52,48,50,52,48,54,59,0,65,0,0,0,,,,,0,,,,72,75,69,74,72,76,82,71,0,93,0,0,0,False,,,0,,,,,,0,50,closer,
P9870,Reinaldo,Pilgreen,2005-09-27,73,198,Anglo,light,black,clean_shaven,L,P,,1,RP,SP,,,,,50,,,,52,51,53,53,54,49,50,62,64,0,0,0,0,,,,,0,,,,69,80,76,70,81,68,76,81,77,0,0,0,0,False,,,0,,,,,,0,50,finesse_sp,
P9992,Luis,Garcia,2006-01-22,77,233,Hispanic,light,black,goatee,L,P,,1,RP,SP,,,,,52,,,,49,49,54,52,52,50,51,60,59,0,0,56,0,,,,,0,,,,72,63,73,66,74,78,64,89,74,0,0,76,0,False,,,0,,,,,,0,50,finesse_sp,
P7581,Mose,Hadson,2004-06-06,68,185,Anglo,light,red,goatee,S,P,,1,RP,SP,,,,,53,,,,48,52,53,50,54,50,52,61,59,60,57,0,0,,,,,0,,,,58,68,69,77,80,74,65,83,85,87,75,0,0,False,,,0,,,,,,0,50,groundball_sp,
P9593,Alejandro,Hernandez,2007-08-10,75,219,Hispanic,medium,brown,mustache,R,P,,1,RP,SP,,,,,49,,,,49,49,49,52,53,50,51,60,63,59,0,54,0,,,,,0,,,,68,77,64,65,61,63,69,80,80,72,0,65,0,False,,,0,,,,,,0,50,balanced_sp,
P2821,Kent,Guerreiro,2007-02-27,77,216,Anglo,light,brown,clean_shaven,R,SS,,0,,,50,52,54,49,52,50,57,49,49,47,,,,,,,,,,,,60,78,67,78,52,0,0,49,78,72,,,,,,,,,,,,False,,,0,,,,,,0,50,,gap
P6614,Enoch,Vielle,2006-07-25,76,170,Anglo,dark,blonde,goatee,R,2B,,0,,,50,47,85,50,50,46,59,49,50,49,,,,,,,,,,,,69,72,99,71,50,0,0,49,79,67,,,,,,,,,,,,False,,,0,,,,,,0,50,,elite_speed
P1768,Felipe,Goodwater,2006-02-04,78,211,Anglo,light,brown,clean_shaven,L,SS,,0,,,50,51,77,51,50,51,51,50,49,50,,,,,,,,,,,,74,66,90,66,50,0,0,50,72,76,,,,,,,,,,,,False,,,0,,,,,,0,50,,speed
P6428,Roberto,Cruz,2005-09-20,69,181,Hispanic,medium,blonde,clean_shaven,R,1B,,0,,,51,64,48,52,50,51,54,53,49,48,,,,,,,,,,,,81,92,67,64,50,0,0,53,73,65,,,,,,,,,,,,False,,,0,,,,,,0,50,,power
P1580,Jermaine,King,2004-09-27,74,230,African,dark,black,clean_shaven,S,CF,,0,,,53,52,51,52,52,50,46,52,50,50,,,,,,,,,,,,70,66,65,74,52,0,0,52,69,79,,,,,,,,,,,,False,,,0,,,,,,0,50,,average
P2665,Roberto,Gonzalez,1996-04-23,78,191,Hispanic,medium,brown,goatee,R,P,,1,RP,CL,,,,,55,,,,49,53,50,50,52,51,54,57,60,65,0,0,0,,,,,0,,,,54,53,45,56,50,53,49,59,58,67,0,0,0,False,,,0,,,,,,0,50,closer,
P8108,Darnell,Mitchell,2000-06-07,72,177,African,dark,black,clean_shaven,R,P,,1,RP,SP,,,,,52,,,,52,49,53,53,52,49,52,61,60,62,0,0,0,,,,,0,,,,66,62,65,66,62,61,63,76,70,70,0,0,0,False,,,0,,,,,,0,50,power_sp,
P6566,Tyrone,Mitchell,1988-06-23,73,160,African,dark,brown,clean_shaven,R,P,,1,RP,RP,,,,,52,,,,51,51,50,53,54,50,51,0,60,0,0,0,0,,,,,0,,,,49,46,52,54,50,47,47,0,54,0,0,0,0,False,,,0,,,,,,0,50,finesse_rp,
P7768,Alejandro,Castillo,1989-01-17,76,200,Hispanic,medium,brown,clean_shaven,R,P,,1,RP,SP,,,,,50,,,,51,52,54,50,54,51,52,60,63,60,0,0,0,,,,,0,,,,42,47,44,46,46,50,50,52,55,53,0,0,0,False,,,0,,,,,,0,50,balanced_sp,
P9296,Lacy,Lutwin,1998-02-02,75,178,Anglo,light,blonde,beard,L,P,,1,RP,SP,,,,,49,,,,51,53,52,53,54,48,53,58,60,0,0,0,0,,,,,0,,,,47,56,58,51,55,48,58,59,57,0,0,0,0,False,,,0,,,,,,0,50,balanced_sp,
P4391,Ricardo,Vargas,1990-03-17,69,163,Hispanic,medium,black,goatee,R,P,,1,RP,SP,,,,,52,,,,51,52,51,50,52,49,51,0,62,58,0,0,0,,,,,0,,,,45,47,40,44,46,42,45,0,60,56,0,0,0,False,,,0,,,,,,0,50,power_sp,
P3481,Percy,Allen,2000-05-05,71,173,African,dark,brown,goatee,S,P,,1,RP,SP,,,,,50,,,,49,52,50,50,52,49,52,58,58,59,0,0,0,,,,,0,,,,60,57,56,62,61,58,57,68,64,67,0,0,0,False,,,0,,,,,,0,50,workhorse_sp,
P1087,Fernando,Castillo,1994-10-29,69,215,Hispanic,dark,brown,beard,L,P,,1,RP,RP,,,,,49,,,,51,51,51,50,53,51,54,58,60,64,0,0,0,,,,,0,,,,53,56,46,54,50,51,57,61,60,66,0,0,0,False,,,0,,,,,,0,50,power_rp,
P4742,Percy,Mitchell,2001-05-10,74,166,African,dark,black,clean_shaven,R,P,,1,RP,RP,,,,,53,,,,50,54,50,50,52,49,54,60,61,64,0,0,0,,,,,0,,,,55,68,56,63,65,57,67,68,74,76,0,0,0,False,,,0,,,,,,0,50,power_rp,
P5475,Cedric,Green,1988-07-09,77,176,African,dark,black,beard,L,P,,1,RP,RP,,,,,54,,,,53,51,52,50,54,48,53,0,60,64,60,0,0,,,,,0,,,,53,48,45,54,44,45,47,0,60,60,60,0,0,False,,,0,,,,,,0,50,groundball_rp,
P7993,Miguel,Diaz,1991-09-06,68,169,Hispanic,medium,brown,beard,L,P,,1,RP,RP,,,,,49,,,,49,53,48,51,54,48,53,0,0,64,0,0,0,,,,,0,,,,44,43,44,44,44,46,53,0,0,58,0,0,0,False,,,0,,,,,,0,50,power_rp,
P1711,Carlos,Gomez,2001-10-25,76,160,Hispanic,light,black,clean_shaven,R,C,,0,,,50,51,70,53,52,49,59,53,51,52,,,,,,,,,,,,63,63,75,63,52,0,0,53,62,61,,,,,,,,,,,,False,,,0,,,,,,0,50,,speed
P3617,Hector,Reyes,2000-01-11,70,241,Hispanic,dark,black,goatee,R,1B,,0,,,49,61,52,49,50,53,53,52,49,49,,,,,,,,,,,,58,67,67,54,50,0,0,52,58,56,,,,,,,,,,,,False,,,0,,,,,,0,50,,power
P9027,Miguel,Garcia,1987-10-04,78,230,Hispanic,medium,brown,clean_shaven,L,2B,,0,,,53,50,85,54,53,50,48,49,49,50,,,,,,,,,,,,46,42,80,47,53,0,0,49,48,46,,,,,,,,,,,,False,,,0,,,,,,0,50,,elite_speed
P3715,Pedro,Reyes,2000-12-07,78,218,Hispanic,medium,black,mustache,R,3B,1B,0,,,52,50,51,52,49,47,58,52,52,51,,,,,,,,,,,,61,65,65,57,49,0,0,52,58,59,,,,,,,,,,,,False,,,0,,,,,,0,50,,balanced
P4376,Nicholas,Taruer,1994-11-03,74,172,Anglo,light,black,goatee,R,SS,,0,,,53,63,50,50,49,53,58,51,47,50,,,,,,,,,,,,54,67,49,55,49,0,0,51,52,54,,,,,,,,,,,,False,,,0,,,,,,0,50,,power
P9553,Malik,Carter,1988-07-27,71,182,African,dark,black,clean_shaven,S,LF,,0,,,64,52,50,52,50,48,55,49,51,53,,,,,,,,,,,,64,45,41,50,50,0,0,49,51,47,,,,,,,,,,,,False,,,0,,,,,,0,50,,spray
P9081,Jermaine,Mitchell,1995-11-24,78,173,African,dark,black,clean_shaven,R,CF,,0,,,52,49,70,50,51,48,55,50,48,50,,,,,,,,,,,,53,45,70,48,51,0,0,50,49,48,,,,,,,,,,,,False,,,0,,,,,,0,50,,speed
P9217,Deshawn,Taylor,1993-07-12,70,166,African,dark,black,clean_shaven,L,RF,CF,0,,,58,48,50,51,51,48,45,48,51,48,,,,,,,,,,,,49,40,50,48,51,0,0,48,44,44,,,,,,,,,,,,False,,,0,,,,,,0,50,,spray
P7080,Shirley,Arbetman,1989-06-05,78,245,Anglo,medium,black,clean_shaven,R,RF,,0,,,63,65,49,52,48,52,54,53,49,48,,,,,,,,,,,,58,61,48,46,48,0,0,53,42,38,,,,,,,,,,,,False,,,0,,,,,,0,50,,gap
P2321,Glenn,Freehling,2004-01-07,78,191,Anglo,medium,brown,clean_shaven,R,C,,0,,,59,52,51,52,50,49,58,49,50,53,,,,,,,,,,,,66,65,57,60,50,0,0,49,60,58,,,,,,,,,,,,False,,,0,,,,,,0,50,,spray
P8365,Eduardo,Garcia,1994-01-25,76,234,Hispanic,medium,red,goatee,R,1B,,0,,,59,59,53,50,50,49,52,53,50,51,,,,,,,,,,,,57,57,48,44,50,0,0,53,41,41,,,,,,,,,,,,False,,,0,,,,,,0,50,,gap
P7878,Darnell,Jefferson,1992-06-21,69,205,African,dark,black,beard,L,1B,,0,,,52,52,77,51,51,47,46,50,51,52,,,,,,,,,,,,47,47,71,51,51,0,0,50,51,46,,,,,,,,,,,,False,,,0,,,,,,0,50,,speed
P6593,Merrill,Quilliam,2002-08-16,72,160,Anglo,light,blonde,clean_shaven,R,RF,,0,,,52,62,48,51,51,53,54,49,51,53,,,,,,,,,,,,62,75,54,65,51,0,0,49,63,63,,,,,,,,,,,,False,,,0,,,,,,0,50,,power
P1288,Juan,Ramos,1994-07-23,72,210,Hispanic,light,black,clean_shaven,R,SS,,0,,,68,52,50,51,51,50,55,51,50,49,,,,,,,,,,,,72,56,48,50,51,0,0,51,45,47,,,,,,,,,,,,False,,,0,,,,,,0,50,,spray
P7992,Fernando,Ramos,1997-04-21,75,224,Hispanic,medium,blonde,clean_shaven,L,P,,1,RP,CL,,,,,55,,,,49,54,47,51,52,50,54,0,0,65,0,0,0,,,,,0,,,,45,50,55,48,50,55,49,0,0,60,0,0,0,False,,,0,,,,,,0,50,closer,
P3162,Jamal,Jefferson,2002-03-25,76,223,African,medium,black,mustache,R,P,,1,RP,RP,,,,,52,,,,51,50,51,50,52,50,49,0,62,0,0,0,0,,,,,0,,,,59,55,65,65,61,58,58,0,71,0,0,0,0,False,,,0,,,,,,0,50,finesse_rp,
P7234,Darnell,Green,1993-04-28,68,234,African,dark,black,mustache,L,P,,1,RP,SP,,,,,48,,,,48,51,53,50,53,50,50,61,63,0,0,0,0,,,,,0,,,,45,47,44,52,50,49,41,58,62,0,0,0,0,False,,,0,,,,,,0,50,workhorse_sp,
P4468,Seymour,Grew,1995-10-13,73,241,Anglo,medium,blonde,clean_shaven,R,P,,1,RP,RP,,,,,51,,,,49,52,50,54,52,52,52,61,63,0,60,0,0,,,,,0,,,,51,51,50,53,51,57,47,64,61,0,60,0,0,False,,,0,,,,,,0,50,finesse_rp,
P4172,Ike,Skyers,1992-05-15,69,238,Anglo,medium,black,clean_shaven,R,P,,1,RP,RP,,,,,51,,,,50,50,52,50,52,49,49,60,0,0,0,0,0,,,,,0,,,,43,46,47,50,49,45,41,58,0,0,0,0,0,False,,,0,,,,,,0,50,finesse_rp,
P2921,Francesco,Camferdam,1992-12-14,76,212,Anglo,dark,black,clean_shaven,R,P,,1,RP,SP,,,,,48,,,,49,51,51,51,52,52,53,62,60,60,58,0,0,,,,,0,,,,45,43,45,46,43,42,46,54,54,59,56,0,0,False,,,0,,,,,,0,50,workhorse_sp,
P3769,Rafael,Cruz,1997-01-25,68,162,Hispanic,dark,brown,clean_shaven,R,P,,1,RP,RP,,,,,53,,,,50,49,49,50,52,52,50,60,0,63,61,0,0,,,,,0,,,,55,44,54,47,54,54,49,55,0,61,62,0,0,False,,,0,,,,,,0,50,groundball_rp,
P3234,Jacinto,Kupchinsky,1987-04-26,74,226,Anglo,light,blonde,mustache,L,2B,,0,,,50,52,49,49,51,48,49,51,48,51,,,,,,,,,,,,48,49,40,48,51,0,0,51,46,44,,,,,,,,,,,,False,,,0,,,,,,0,50,,average
P3509,Ariel,Bossen,1988-05-08,76,200,Anglo,light,blonde,clean_shaven,S,C,,0,,,50,52,52,51,53,49,52,51,50,50,,,,,,,,,,,,44,52,47,41,53,0,0,51,49,44,,,,,,,,,,,,False,,,0,,,,,,0,50,,average
P4446,Man,Gabaree,2002-09-29,73,233,Anglo,light,brown,mustache,L,SS,,0,,,51,51,48,52,50,52,47,50,48,47,,,,,,,,,,,,63,56,61,58,50,0,0,50,59,60,,,,,,,,,,,,False,,,0,,,,,,0,50,,average
P5646,Fernando,Mendoza,1995-02-26,70,214,Hispanic,dark,red,goatee,R,2B,,0,,,54,52,50,52,50,52,59,52,50,50,,,,,,,,,,,,54,57,54,55,50,0,0,52,50,50,,,,,,,,,,,,False,,,0,,,,,,0,50,,balanced
P9982,Agustin,Barillaro,1998-03-24,77,175,Anglo,medium,black,goatee,S,LF,,0,,,53,51,53,52,51,52,54,52,52,51,,,,,,,,,,,,60,63,59,66,51,0,0,52,59,58,,,,,,,,,,,,False,,,0,,,,,,0,50,,balanced
P6781,Malik,Wright,2004-11-11,77,249,African,light,black,beard,L,RF,,0,,,51,61,49,50,47,50,47,50,52,52,,,,,,,,,,,,70,72,77,75,47,0,0,50,64,81,,,,,,,,,,,,False,,,0,,,,,,0,50,,power
P2071,Rufus,Washington,1991-04-21,70,220,African,dark,brown,clean_shaven,R,RF,,0,,,57,51,52,52,52,51,56,48,50,49,,,,,,,,,,,,49,44,46,43,52,0,0,48,49,46,,,,,,,,,,,,False,,,0,,,,,,0,50,,spray
P9908,Antonio,Ramos,1989-02-17,68,168,Hispanic,medium,blonde,beard,L,2B,,0,,,56,50,52,53,53,50,46,49,49,49,,,,,,,,,,,,54,41,47,49,53,0,0,49,47,45,,,,,,,,,,,,False,,,0,,,,,,0,50,,spray
P8204,Antonio,Vasquez,2004-11-11,73,200,Hispanic,light,black,clean_shaven,R,P,,1,RP,CL,,,,,55,,,,51,50,48,51,53,53,52,0,60,65,0,0,0,,,,,0,,,,71,60,67,69,65,67,81,0,90,84,0,0,0,False,,,0,,,,,,0,50,closer,
P4041,Tyrone,Robinson,2004-09-21,72,244,African,dark,brown,clean_shaven,L,P,,1,RP,RP,,,,,49,,,,49,52,52,53,53,51,53,61,59,0,0,0,0,,,,,0,,,,72,69,64,76,65,62,81,85,76,0,0,0,0,False,,,0,,,,,,0,50,finesse_rp,
P8368,Jermaine,Baker,2006-12-27,72,239,African,dark,brown,beard,R,P,,1,RP,SP,,,,,50,,,,49,53,50,50,53,50,52,60,0,62,0,0,0,,,,,0,,,,72,70,65,67,80,77,76,71,0,74,0,0,0,False,,,0,,,,,,0,50,balanced_sp,
P6453,Jose,Hernandez,2005-02-28,75,213,Hispanic,dark,brown,goatee,L,P,,1,RP,CL,,,,,50,,,,49,53,47,50,52,53,55,0,60,65,0,0,0,,,,,0,,,,68,81,68,75,75,70,72,0,77,80,0,0,0,False,,,0,,,,,,0,50,closer,
P3897,Juan,Cruz,2004-10-27,74,215,Hispanic,medium,blonde,beard,R,P,,1,RP,LR,,,,,49,,,,51,52,52,52,52,50,54,59,61,65,0,0,0,,,,,0,,,,65,81,67,65,66,77,66,74,82,85,0,0,0,False,,,0,,,,,,0,50,long_relief,
P9064,Rufus,Carter,2008-02-20,74,174,African,dark,black,beard,R,3B,,0,,,51,52,50,50,46,51,57,51,50,52,,,,,,,,,,,,73,68,73,62,46,0,0,51,67,72,,,,,,,,,,,,False,,,0,,,,,,0,50,,gap
P3435,Miguel,Flores,2006-01-17,71,165,Hispanic,medium,black,clean_shaven,R,2B,,0,,,53,50,51,52,48,52,55,50,51,50,,,,,,,,,,,,75,79,75,65,48,0,0,50,69,65,,,,,,,,,,,,False,,,0,,,,,,0,50,,balanced
P4188,Curt,Jozsa,2006-08-19,75,250,Anglo,medium,brown,clean_shaven,L,3B,,0,,,53,50,70,52,49,47,49,48,51,51,,,,,,,,,,,,66,78,97,62,49,0,0,48,63,75,,,,,,,,,,,,False,,,0,,,,,,0,50,,speed
P1459,Eduardo,Morales,2004-12-19,68,191,Hispanic,medium,black,clean_shaven,R,3B,,0,,,50,50,52,51,51,53,57,49,49,48,,,,,,,,,,,,66,61,62,69,51,0,0,49,61,75,,,,,,,,,,,,False,,,0,,,,,,0,50,,balanced
P3344,Andre,Ghrist,2005-07-18,69,172,Anglo,light,brown,clean_shaven,L,1B,,0,,,50,61,49,51,49,49,46,51,48,49,,,,,,,,,,,,80,83,60,68,49,0,0,51,63,61,,,,,,,,,,,,False,,,0,,,,,,0,50,,power
P3413,Pedro,Garcia,2002-06-21,71,198,Hispanic,medium,black,clean_shaven,L,P,,1,RP,CL,,,,,55,,,,52,53,52,50,52,51,52,0,0,65,0,0,0,,,,,0,,,,59,58,55,57,63,61,64,0,0,78,0,0,0,False,,,0,,,,,,0,50,closer,
P1626,Jose,Rodriguez,1995-04-12,68,180,Hispanic,medium,blonde,clean_shaven,L,P,,1,RP,SP,,,,,50,,,,50,52,49,51,52,49,51,60,62,0,0,0,0,,,,,0,,,,54,51,53,57,49,49,51,55,67,0,0,0,0,False,,,0,,,,,,0,50,finesse_sp,
P9880,Hassan,Prehoda,1999-07-05,70,165,Anglo,light,blonde,clean_shaven,R,P,,1,RP,SP,,,,,48,,,,48,49,54,53,54,48,52,60,63,63,0,0,0,,,,,0,,,,55,64,66,63,65,59,65,68,76,78,0,0,0,False,,,0,,,,,,0,50,workhorse_sp,
P6434,Leroy,Jefferson,1993-11-02,71,204,African,dark,black,clean_shaven,L,P,,1,RP,SP,,,,,52,,,,49,52,53,53,52,52,51,62,61,60,59,0,0,,,,,0,,,,46,50,50,46,47,44,42,59,56,51,59,0,0,False,,,0,,,,,,0,50,workhorse_sp,
P6803,Fernando,Garcia,1999-03-28,78,239,Hispanic,medium,brown,clean_shaven,R,P,,1,RP,SP,,,,,49,,,,51,50,50,50,52,50,53,59,58,0,0,0,0,,,,,0,,,,56,62,64,67,56,56,61,74,73,0,0,0,0,False,,,0,,,,,,0,50,workhorse_sp,
P6334,Rufus,Allen,1988-07-09,76,244,African,dark,black,clean_shaven,L,P,,1,RP,RP,,,,,50,,,,52,54,49,51,52,50,54,0,60,64,0,0,0,,,,,0,,,,50,50,44,43,41,48,54,0,50,58,0,0,0,False,,,0,,,,,,0,50,power_rp,
P5132,Santiago,Dusky,1992-04-20,75,205,Anglo,light,brown,goatee,S,P,,1,RP,SP,,,,,51,,,,50,53,53,52,52,47,54,0,59,58,0,0,0,,,,,0,,,,45,50,45,49,43,47,47,0,58,53,0,0,0,False,,,0,,,,,,0,50,power_sp,
P9536,Hector,Gomez,1989-11-16,69,200,Hispanic,dark,brown,clean_shaven,S,P,,1,RP,SP,,,,,49,,,,51,52,52,50,52,48,49,59,58,0,0,0,0,,,,,0,,,,48,45,43,42,47,46,44,55,58,0,0,0,0,False,,,0,,,,,,0,50,workhorse_sp,
P2044,Deshawn,Baker,1997-11-12,68,213,African,dark,black,beard,R,P,,1,RP,SP,,,,,51,,,,51,50,53,53,52,49,49,62,59,60,0,57,0,,,,,0,,,,50,46,52,54,50,51,48,67,61,56,0,60,0,False,,,0,,,,,,0,50,workhorse_sp,
P5102,Jermaine,Allen,1990-10-14,76,214,African,dark,brown,clean_shaven,S,P,,1,RP,SP,,,,,49,,,,51,49,50,52,54,50,52,0,61,58,0,0,0,,,,,0,,,,42,39,50,54,43,48,50,0,55,49,0,0,0,False,,,0,,,,,,0,50,workhorse_sp,
P2487,Leroy,Gaines,1994-09-12,74,179,African,dark,black,beard,S,P,,1,RP,SP,,,,,50,,,,48,49,54,50,52,51,50,62,63,60,0,0,0,,,,,0,,,,53,50,54,47,52,52,52,57,61,63,0,0,0,False,,,0,,,,,,0,50,balanced_sp,
P9261,Francisco,Vasquez,1999-04-04,74,177,Hispanic,medium,brown,mustache,L,C,,0,,,52,50,51,53,53,49,50,52,49,49,,,,,,,,,,,,67,63,65,66,53,0,0,52,58,59,,,,,,,,,,,,False,,,0,,,,,,0,50,,balanced
P6041,Antonio,Mendoza,1998-09-07,72,241,Hispanic,dark,black,clean_shaven,R,1B,,0,,,59,54,50,50,52,48,55,49,49,49,,,,,,,,,,,,73,65,61,57,52,0,0,49,55,55,,,,,,,,,,,,False,,,0,,,,,,0,50,,gap
P5966,Luis,Gomez,2000-04-10,77,179,Hispanic,medium,red,beard,R,2B,,0,,,54,49,48,53,52,48,58,51,52,50,,,,,,,,,,,,69,59,62,64,52,0,0,51,65,62,,,,,,,,,,,,False,,,0,,,,,,0,50,,balanced
P6943,Malik,Jefferson,1995-01-23,70,247,African,medium,black,beard,R,3B,,0,,,49,49,53,49,51,50,59,49,52,51,,,,,,,,,,,,54,51,48,45,51,0,0,49,57,52,,,,,,,,,,,,False,,,0,,,,,,0,50,,balanced
P2693,Jose,Castillo,1997-09-26,77,237,Hispanic,medium,brown,beard,S,SS,,0,,,57,50,52,54,49,50,55,50,52,49,,,,,,,,,,,,60,55,57,58,49,0,0,50,49,45,,,,,,,,,,,,False,,,0,,,,,,0,50,,spray
P7596,Pedro,Sanchez,2004-03-05,78,206,Hispanic,light,brown,goatee,L,LF,,0,,,53,47,70,53,53,48,47,49,52,49,,,,,,,,,,,,73,74,85,70,53,0,0,49,73,73,,,,,,,,,,,,False,,,0,,,,,,0,50,,speed
P6605,Miguel,Cruz,1992-09-17,76,187,Hispanic,light,blonde,clean_shaven,R,CF,,0,,,53,59,47,49,48,52,50,50,49,52,,,,,,,,,,,,46,59,46,44,48,0,0,50,44,42,,,,,,,,,,,,False,,,0,,,,,,0,50,,power
P4137,Thanh,Wellen,1992-05-18,68,213,Anglo,dark,brown,beard,L,RF,,0,,,60,51,50,54,52,47,47,48,48,50,,,,,,,,,,,,59,43,48,44,52,0,0,48,47,45,,,,,,,,,,,,False,,,0,,,,,,0,50,,spray
P5193,Leroy,Walker,1994-03-25,77,242,African,dark,black,clean_shaven,R,SS,,0,,,51,50,53,50,51,49,57,50,50,49,,,,,,,,,,,,55,51,53,52,51,0,0,50,47,48,,,,,,,,,,,,False,,,0,,,,,,0,50,,balanced
P5743,Russell,Read,1990-01-02,71,166,Anglo,dark,blonde,clean_shaven,R,SS,,0,,,57,54,54,55,49,51,59,51,49,50,,,,,,,,,,,,55,45,51,53,49,0,0,51,41,44,,,,,,,,,,,,False,,,0,,,,,,0,50,,gap
P2345,Dwain,Heape,2000-04-27,78,193,Anglo,light,brown,beard,R,2B,,0,,,52,50,50,52,49,52,56,49,52,50,,,,,,,,,,,,59,58,60,57,49,0,0,49,61,61,,,,,,,,,,,,False,,,0,,,,,,0,50,,average
P1320,Alejandro,Guerrero,1996-09-16,78,164,Hispanic,medium,blonde,mustache,R,LF,,0,,,51,54,50,50,48,50,59,49,52,52,,,,,,,,,,,,46,56,48,46,48,0,0,49,55,51,,,,,,,,,,,,False,,,0,,,,,,0,50,,balanced
P6166,Cornell,Hubbell,1992-10-14,75,180,Anglo,light,brown,clean_shaven,R,2B,3B,0,,,54,49,49,52,52,52,56,50,52,52,,,,,,,,,,,,48,41,47,48,52,0,0,50,50,46,,,,,,,,,,,,False,,,0,,,,,,0,50,,average
P4699,Ricardo,Garcia,1989-12-27,76,218,Hispanic,medium,brown,beard,R,SS,,0,,,61,52,70,50,50,49,57,48,53,51,,,,,,,,,,,,53,44,67,46,50,0,0,48,46,43,,,,,,,,,,,,False,,,0,,,,,,0,50,,spray
P9181,Leroy,White,1996-08-24,70,206,African,light,black,clean_shaven,R,P,,1,RP,CL,,,,,55,,,,49,50,48,50,52,50,54,60,0,65,0,0,0,,,,,0,,,,47,45,50,50,44,50,49,61,0,63,0,0,0,False,,,0,,,,,,0,50,closer,
P9886,Leroy,King,2001-12-31,78,207,African,dark,black,clean_shaven,L,P,,1,RP,RP,,,,,56,,,,49,52,48,50,53,52,51,0,61,61,61,0,0,,,,,0,,,,57,60,60,64,54,63,60,0,67,75,74,0,0,False,,,0,,,,,,0,50,groundball_rp,
P2590,Pedro,Martinez,2004-04-17,75,221,Hispanic,light,black,mustache,R,P,,1,RP,SP,,,,,48,,,,49,51,54,50,52,49,50,0,59,59,0,0,0,,,,,0,,,,75,73,61,69,69,66,60,0,88,78,0,0,0,False,,,0,,,,,,0,50,balanced_sp,
P8329,Luis,Cruz,1994-11-04,75,227,Hispanic,light,red,clean_shaven,R,P,,1,RP,CL,,,,,52,,,,50,53,51,51,53,48,55,58,0,66,0,0,0,,,,,0,,,,47,54,54,51,46,46,55,60,0,62,0,0,0,False,,,0,,,,,,0,50,closer,
P6207,Rufus,White,1988-11-07,72,211,African,dark,black,clean_shaven,S,P,,1,RP,SP,,,,,71,,,,51,53,52,53,52,51,50,61,59,59,57,0,0,,,,,70,,,,44,49,52,44,49,45,46,51,49,58,54,0,0,False,,,0,,,,,,0,50,groundball_sp,
P7437,Edwardo,Priore,1994-02-24,77,249,Anglo,medium,blonde,clean_shaven,R,P,,1,RP,SP,,,,,49,,,,52,51,54,50,52,50,50,0,63,61,56,0,0,,,,,0,,,,48,41,46,44,44,44,46,0,54,54,49,0,0,False,,,0,,,,,,0,50,power_sp,
P3503,Leroy,Scott,1991-04-02,78,234,African,dark,black,clean_shaven,S,P,,1,RP,SP,,,,,52,,,,49,50,51,52,53,49,51,62,60,0,60,0,0,,,,,0,,,,43,49,42,46,43,48,45,57,54,0,54,0,0,False,,,0,,,,,,0,50,finesse_sp,
P7486,Don,Leaks,1988-01-08,73,180,Anglo,light,brown,clean_shaven,S,LF,,0,,,51,50,53,52,53,51,53,51,50,51,,,,,,,,,,,,41,42,45,48,53,0,0,51,46,48,,,,,,,,,,,,False,,,0,,,,,,0,50,,average
P2910,Malik,Scott,1991-04-26,71,214,African,dark,black,beard,R,C,,0,,,52,52,51,53,50,49,59,50,50,50,,,,,,,,,,,,51,48,45,49,50,0,0,50,41,46,,,,,,,,,,,,False,,,0,,,,,,0,50,,balanced
P9544,Darnell,Walker,2000-01-19,69,222,African,dark,black,mustache,L,1B,,0,,,52,50,74,53,49,49,48,52,49,52,,,,,,,,,,,,63,62,85,64,49,0,0,52,56,59,,,,,,,,,,,,False,,,0,,,,,,0,50,,speed
P6813,Jorge,Reyes,2004-10-13,72,170,Hispanic,medium,black,mustache,R,3B,,0,,,48,51,51,51,49,53,58,51,47,51,,,,,,,,,,,,73,68,69,68,49,0,0,51,58,77,,,,,,,,,,,,False,,,0,,,,,,0,50,,balanced
P2504,Pedro,Morales,1997-03-29,69,243,Hispanic,medium,brown,mustache,S,LF,,0,,,49,60,47,51,47,52,52,50,50,51,,,,,,,,,,,,54,59,50,48,47,0,0,50,48,55,,,,,,,,,,,,False,,,0,,,,,,0,50,,power
P3674,Garland,Remaley,2004-05-30,68,225,Anglo,medium,red,clean_shaven,R,C,,0,,,50,54,48,50,49,50,58,51,52,50,,,,,,,,,,,,71,72,76,77,49,0,0,51,81,75,,,,,,,,,,,,False,,,0,,,,,,0,50,,average
P5930,Neal,Vollman,1993-07-03,77,228,Anglo,light,black,beard,R,LF,,0,,,52,52,48,51,53,49,55,51,49,53,,,,,,,,,,,,45,43,44,48,53,0,0,51,42,44,,,,,,,,,,,,False,,,0,,,,,,0,50,,average
P9037,Lamont,Mosqueda,1993-05-31,77,222,Anglo,light,brown,clean_shaven,R,LF,,0,,,49,60,49,48,47,54,57,48,52,52,,,,,,,,,,,,47,52,42,41,47,0,0,48,44,48,,,,,,,,,,,,False,,,0,,,,,,0,50,,power
P2262,Tyrone,Jackson,2005-09-23,68,244,African,dark,brown,mustache,R,P,,1,RP,CL,,,,,64,,,,52,51,51,50,54,48,54,0,59,66,0,0,0,,,,,83,,,,67,77,78,75,72,63,75,0,69,82,0,0,0,False,,,0,,,,,,0,50,closer,
P5967,Terrance,Sidi,2004-12-11,69,227,Anglo,light,blonde,clean_shaven,R,P,,1,RP,RP,,,,,52,,,,50,52,51,51,52,49,52,60,59,67,0,0,0,,,,,0,,,,80,74,69,69,77,79,71,75,69,90,0,0,0,False,,,0,,,,,,0,50,finesse_rp,
P4314,Cedric,Taylor,2005-02-20,75,240,African,dark,black,mustache,S,P,,1,RP,RP,,,,,50,,,,51,51,49,53,54,53,54,59,0,0,0,0,0,,,,,0,,,,78,73,68,71,64,66,64,89,0,0,0,0,0,False,,,0,,,,,,0,50,finesse_rp,
P1933,Clifton,Ussery,2005-10-15,77,249,Anglo,medium,brown,clean_shaven,R,P,,1,RP,RP,,,,,54,,,,52,50,49,50,52,53,51,59,0,0,60,0,0,,,,,0,,,,67,74,60,62,61,63,70,89,0,0,84,0,0,False,,,0,,,,,,0,50,groundball_rp,
P5702,Raul,Ramirez,2005-08-03,78,219,Hispanic,medium,black,clean_shaven,L,P,,1,RP,SP,,,,,50,,,,49,51,51,50,54,52,52,0,60,61,59,0,0,,,,,0,,,,61,73,79,68,74,72,77,0,77,73,75,0,0,False,,,0,,,,,,0,50,power_sp,
P3589,James,Curro,2004-10-30,78,216,Anglo,light,brown,clean_shaven,R,C,RF,0,,,52,51,48,51,51,49,59,48,49,48,,,,,,,,,,,,81,62,75,73,51,0,0,48,76,76,,,,,,,,,,,,False,,,0,,,,,,0,50,,balanced
P8563,Kurt,Vangompel,2004-11-05,73,201,Anglo,medium,blonde,clean_shaven,R,2B,,0,,,54,47,70,53,50,47,56,52,51,53,,,,,,,,,,,,67,74,91,71,50,0,0,52,73,80,,,,,,,,,,,,False,,,0,,,,,,0,50,,speed
P8048,Shane,Polselli,2008-01-25,76,200,Anglo,light,blonde,clean_shaven,R,CF,,0,,,53,49,79,51,52,52,54,52,48,52,,,,,,,,,,,,75,61,91,75,52,0,0,52,75,63,,,,,,,,,,,,False,,,0,,,,,,0,50,,speed
P6984,Cedric,Young,2004-04-27,77,223,African,dark,black,clean_shaven,R,2B,,0,,,50,49,70,52,49,49,58,50,49,52,,,,,,,,,,,,80,66,99,80,49,0,0,50,79,82,,,,,,,,,,,,False,,,0,,,,,,0,50,,speed
P5334,Hector,Cruz,2007-01-24,77,161,Hispanic,medium,blonde,clean_shaven,S,2B,,0,,,57,50,49,52,51,52,53,52,49,49,,,,,,,,,,,,70,69,64,71,51,0,0,52,70,64,,,,,,,,,,,,False,,,0,,,,,,0,50,,balanced
P1068,Fernando,Cruz,1991-11-25,78,183,Hispanic,light,black,clean_shaven,R,P,,1,RP,CL,,,,,55,,,,53,51,51,50,52,53,54,0,58,65,0,0,0,,,,,0,,,,44,41,43,51,49,48,49,0,49,58,0,0,0,False,,,0,,,,,,0,50,closer,
P9842,Manuel,Castillo,2003-02-18,69,174,Hispanic,medium,black,mustache,R,P,,1,RP,CL,,,,,48,,,,51,50,48,53,53,49,53,0,0,65,0,0,0,,,,,0,,,,64,55,61,63,54,64,63,0,0,78,0,0,0,False,,,0,,,,,,0,50,closer,
P1985,Tyrone,Baker,1997-12-24,76,204,African,medium,black,clean_shaven,L,P,,1,RP,LR,,,,,52,,,,49,52,51,50,53,49,50,61,0,67,0,0,0,,,,,0,,,,44,53,47,57,50,48,47,62,0,64,0,0,0,False,,,0,,,,,,0,50,long_relief,
P2954,Cedric,Gaines,2001-06-14,76,206,African,dark,black,clean_shaven,R,P,,1,RP,SP,,,,,50,,,,50,51,51,51,54,52,51,0,60,61,0,0,0,,,,,0,,,,57,66,60,64,56,57,66,0,68,76,0,0,0,False,,,0,,,,,,0,50,power_sp,
P5989,Percy,Harris,1996-09-07,72,186,African,dark,black,beard,R,P,,1,RP,SP,,,,,54,,,,49,51,52,50,52,49,51,62,0,0,61,0,0,,,,,0,,,,49,46,52,53,47,52,55,64,0,0,59,0,0,False,,,0,,,,,,0,50,groundball_sp,
P3371,Miguel,Rodriguez,1990-05-07,72,233,Hispanic,medium,brown,clean_shaven,S,P,,1,RP,RP,,,,,52,,,,53,53,49,53,52,50,51,0,59,66,58,0,0,,,,,0,,,,44,52,47,50,40,44,48,0,50,61,55,0,0,False,,,0,,,,,,0,50,power_rp,
P8852,Fernando,Reyes,1987-09-25,70,204,Hispanic,medium,black,clean_shaven,S,P,,1,RP,SP,,,,,52,,,,49,50,52,50,53,52,53,60,60,0,0,0,0,,,,,0,,,,41,42,46,50,49,49,48,56,52,0,0,0,0,False,,,0,,,,,,0,50,finesse_sp,
P1464,Deshawn,Green,1993-07-30,72,170,African,light,black,clean_shaven,L,P,,1,RP,RP,,,,,49,,,,48,51,53,52,52,49,54,0,60,64,0,0,0,,,,,0,,,,41,50,49,50,53,48,52,0,56,56,0,0,0,False,,,0,,,,,,0,50,power_rp,
P3695,Malik,Allen,1997-01-21,73,160,African,dark,brown,clean_shaven,L,P,,1,RP,SP,,,,,48,,,,52,54,50,51,53,49,52,61,61,61,0,0,0,,,,,0,,,,52,56,51,49,52,48,55,56,61,66,0,0,0,False,,,0,,,,,,0,50,power_sp,
P4737,Hubert,Rommelfanger,1988-07-04,75,186,Anglo,medium,blonde,beard,R,P,,1,RP,SP,,,,,53,,,,51,49,51,50,54,52,51,59,61,58,60,0,0,,,,,0,,,,42,47,47,54,49,49,41,54,57,49,52,0,0,False,,,0,,,,,,0,50,groundball_sp,
P2628,Carlos,Ramos,1992-11-01,73,221,Hispanic,dark,brown,beard,L,P,,1,RP,SP,,,,,49,,,,50,50,54,50,52,49,50,0,63,60,0,0,0,,,,,0,,,,46,44,45,44,53,41,45,0,58,56,0,0,0,False,,,0,,,,,,0,50,power_sp,
P6448,Juan,Diaz,1995-07-01,69,173,Hispanic,medium,brown,beard,R,C,,0,,,53,49,85,50,50,49,60,48,52,50,,,,,,,,,,,,57,50,80,45,50,0,0,48,52,45,,,,,,,,,,,,False,,,0,,,,,,0,50,,elite_speed
P6416,Hector,Ramos,1992-11-21,77,162,Hispanic,medium,brown,goatee,R,1B,,0,,,49,64,50,49,50,50,54,50,50,52,,,,,,,,,,,,47,56,41,42,50,0,0,50,46,44,,,,,,,,,,,,False,,,0,,,,,,0,50,,power
P5457,Tyrone,Green,1999-05-05,78,174,African,medium,black,mustache,R,2B,,0,,,53,48,51,53,48,48,56,53,51,53,,,,,,,,,,,,60,53,62,68,48,0,0,53,56,58,,,,,,,,,,,,False,,,0,,,,,,0,50,,balanced
P6630,Jermaine,Green,1988-12-09,72,173,African,dark,black,mustache,S,3B,,0,,,53,52,87,52,51,50,55,49,49,51,,,,,,,,,,,,50,48,83,52,51,0,0,49,39,48,,,,,,,,,,,,False,,,0,,,,,,0,50,,elite_speed
P2461,Deshawn,Jefferson,1991-02-12,75,227,African,dark,black,clean_shaven,R,SS,,0,,,52,52,72,51,52,50,59,50,49,51,,,,,,,,,,,,49,42,63,50,52,0,0,50,43,45,,,,,,,,,,,,False,,,0,,,,,,0,50,,speed
P2135,Glenn,Klaja,1994-03-23,75,225,Anglo,dark,black,clean_shaven,L,LF,,0,,,52,47,70,51,53,49,47,52,49,50,,,,,,,,,,,,54,50,65,55,53,0,0,52,51,52,,,,,,,,,,,,False,,,0,,,,,,0,50,,speed
P8118,Malik,Washington,1989-03-26,68,242,African,medium,brown,clean_shaven,L,CF,,0,,,60,49,50,52,50,49,50,50,51,51,,,,,,,,,,,,60,39,49,42,50,0,0,50,47,47,,,,,,,,,,,,False,,,0,,,,,,0,50,,spray
P8971,Rafael,Rodriguez,1992-08-09,69,166,Hispanic,medium,black,clean_shaven,R,RF,,0,,,48,61,50,49,51,49,58,48,50,51,,,,,,,,,,,,38,53,43,40,51,0,0,48,41,50,,,,,,,,,,,,False,,,0,,,,,,0,50,,power
P7590,Carlos,Ortiz,1987-12-08,70,187,Hispanic,medium,black,mustache,R,C,,0,,,48,54,51,48,48,51,54,52,50,52,,,,,,,,,,,,47,46,41,47,48,0,0,52,48,44,,,,,,,,,,,,False,,,0,,,,,,0,50,,power
P1608,Ricardo,Martinez,1996-07-28,72,236,Hispanic,dark,blonde,clean_shaven,R,2B,,0,,,64,49,48,55,52,49,56,51,50,51,,,,,,,,,,,,67,52,47,58,52,0,0,51,49,50,,,,,,,,,,,,False,,,0,,,,,,0,50,,spray
P8328,Eduardo,Hernandez,1996-01-26,77,202,Hispanic,medium,black,clean_shaven,R,3B,,0,,,51,63,49,51,51,52,58,48,51,48,,,,,,,,,,,,51,64,50,53,51,0,0,48,56,47,,,,,,,,,,,,False,,,0,,,,,,0,50,,power
P8721,Roderick,Grieb,2004-06-21,70,230,Anglo,medium,brown,clean_shaven,L,1B,P,0,,,52,54,54,51,48,50,50,62,52,51,,,,,,,,,,,,68,81,75,64,48,0,0,72,72,67,,,,,,,,,,,,False,,,0,,,,,,0,50,,balanced
P8226,Percy,Robinson,2003-09-27,69,168,African,dark,brown,clean_shaven,L,LF,,0,,,59,48,49,50,53,51,49,48,51,52,,,,,,,,,,,,72,61,61,65,53,0,0,48,65,65,,,,,,,,,,,,False,,,0,,,,,,0,50,,spray
P3363,Juan,Sanchez,1997-08-21,77,180,Hispanic,dark,black,clean_shaven,R,1B,,0,,,50,64,52,49,48,52,51,50,52,52,,,,,,,,,,,,48,66,55,47,48,0,0,50,55,47,,,,,,,,,,,,False,,,0,,,,,,0,50,,power
P2915,Darnell,Wright,1994-02-09,75,166,African,dark,black,mustache,R,P,,1,RP,CL,,,,,55,,,,49,51,49,51,52,50,55,58,58,65,0,0,0,,,,,0,,,,48,42,47,45,41,41,55,51,55,62,0,0,0,False,,,0,,,,,,0,50,closer,
P5659,Eduardo,Ortiz,2002-12-21,70,237,Hispanic,medium,brown,clean_shaven,R,P,,1,RP,SP,,,,,49,,,,49,50,53,52,54,51,52,59,0,59,61,0,0,,,,,0,,,,58,58,60,59,64,57,66,72,0,68,72,0,0,False,,,0,,,,,,0,50,groundball_sp,
P9354,Jorge,Gonzalez,1989-09-23,68,226,Hispanic,medium,black,mustache,L,P,,1,RP,RP,,,,,53,,,,49,53,51,50,53,53,54,0,62,65,0,0,0,,,,,0,,,,44,49,47,51,46,43,49,0,57,64,0,0,0,False,,,0,,,,,,0,50,power_rp,
P2129,Percy,Young,1988-03-14,77,185,African,dark,black,mustache,R,P,,1,RP,SP,,,,,48,,,,52,51,51,52,54,51,49,60,61,61,59,0,0,,,,,0,,,,42,46,46,48,47,48,45,57,51,60,56,0,0,False,,,0,,,,,,0,50,finesse_sp,
P5969,Manual,Brasseux,2001-12-10,75,199,Anglo,medium,blonde,clean_shaven,L,P,,1,RP,RP,,,,,51,,,,50,49,51,53,52,50,52,59,0,0,0,0,0,,,,,0,,,,61,58,68,59,56,57,61,74,0,0,0,0,0,False,,,0,,,,,,0,50,finesse_rp,
P7387,Dion,Groshek,1993-03-09,75,188,Anglo,medium,red,beard,R,P,,1,RP,RP,,,,,50,,,,51,54,51,50,54,53,54,0,64,66,0,0,0,,,,,0,,,,49,49,50,47,43,52,53,0,60,61,0,0,0,False,,,0,,,,,,0,50,power_rp,
P6479,Francisco,Garcia,1995-09-22,72,246,Hispanic,light,brown,beard,R,P,,1,RP,SP,,,,,49,,,,50,53,53,53,52,52,53,63,60,60,55,0,0,,,,,0,,,,52,49,57,55,55,56,49,62,55,64,58,0,0,False,,,0,,,,,,0,50,workhorse_sp,
P9366,Deshawn,White,1992-01-31,69,170,African,dark,brown,mustache,R,LF,,0,,,52,53,70,53,52,50,56,50,49,48,,,,,,,,,,,,51,46,61,44,52,0,0,50,42,46,,,,,,,,,,,,False,,,0,,,,,,0,50,,speed
P7907,Rafael,Ortiz,2001-05-28,76,168,Hispanic,light,black,clean_shaven,L,3B,,0,,,49,50,50,50,51,53,50,48,52,49,,,,,,,,,,,,57,56,55,59,51,0,0,48,67,62,,,,,,,,,,,,False,,,0,,,,,,0,50,,average
P2106,Raul,Castillo,1989-06-01,72,195,Hispanic,medium,black,beard,S,RF,,0,,,49,51,52,50,52,49,53,51,48,51,,,,,,,,,,,,40,43,48,48,52,0,0,51,48,48,,,,,,,,,,,,False,,,0,,,,,,0,50,,average
P1669,Sam,Thamphia,1992-11-08,74,227,Anglo,light,black,beard,R,LF,,0,,,53,54,51,49,49,50,57,49,51,50,,,,,,,,,,,,53,48,50,46,49,0,0,49,46,48,,,,,,,,,,,,False,,,0,,,,,,0,50,,average
P2847,Rufus,Robinson,1989-10-14,69,190,African,dark,black,clean_shaven,L,SS,,0,,,52,51,51,51,51,48,49,49,48,47,,,,,,,,,,,,47,45,47,45,51,0,0,49,48,38,,,,,,,,,,,,False,,,0,,,,,,0,50,,average
P3711,Emerson,Mcgraff,1988-05-22,68,246,Anglo,medium,brown,clean_shaven,L,C,,0,,,49,59,52,50,48,49,52,51,53,52,,,,,,,,,,,,47,58,44,47,48,0,0,51,53,48,,,,,,,,,,,,False,,,0,,,,,,0,50,,power
P6092,Donny,Cassity,1996-02-26,78,160,Anglo,light,brown,beard,R,2B,,0,,,50,59,49,50,48,52,54,49,49,49,,,,,,,,,,,,53,55,48,50,48,0,0,49,45,45,,,,,,,,,,,,False,,,0,,,,,,0,50,,power
P4648,Manuel,Gomez,1998-04-14,74,229,Hispanic,light,brown,clean_shaven,R,CF,,0,,,61,50,52,52,53,51,51,51,51,51,,,,,,,,,,,,75,60,63,59,53,0,0,51,65,61,,,,,,,,,,,,False,,,0,,,,,,0,50,,spray
P2155,Fernando,Gomez,2006-02-01,77,198,Hispanic,medium,black,clean_shaven,S,P,,1,RP,CL,,,,,55,,,,51,54,51,50,54,51,53,0,0,67,0,0,0,,,,,0,,,,75,74,72,74,80,73,71,0,0,82,0,0,0,False,,,0,,,,,,0,50,closer,
P3318,Leroy,Allen,2007-12-27,71,198,African,dark,black,clean_shaven,R,P,,1,RP,CL,,,,,49,,,,52,50,48,50,52,51,51,60,60,66,0,0,0,,,,,0,,,,73,60,71,77,72,70,73,78,87,86,0,0,0,False,,,0,,,,,,0,50,closer,
P4790,Ricardo,Sanchez,2007-07-17,69,177,Hispanic,medium,brown,clean_shaven,R,P,,1,RP,SP,,,,,52,,,,48,53,50,53,52,48,52,0,63,59,0,0,0,,,,,0,,,,60,63,66,82,66,76,78,0,93,71,0,0,0,False,,,0,,,,,,0,50,power_sp,
P8858,Damian,Kapuscinski,2005-06-10,73,168,Anglo,light,red,clean_shaven,R,P,,1,RP,SP,,,,,51,,,,52,51,51,52,53,49,49,59,60,0,0,0,0,,,,,0,,,,75,67,71,63,79,76,65,71,75,0,0,0,0,False,,,0,,,,,,0,50,finesse_sp,
P3775,Alejandro,Ortiz,2006-06-25,69,237,Hispanic,medium,brown,clean_shaven,R,P,,1,RP,RP,,,,,48,,,,50,50,51,52,52,48,55,0,63,65,0,0,0,,,,,0,,,,65,64,77,73,63,78,70,0,90,91,0,0,0,False,,,0,,,,,,0,50,power_rp,
P6941,Brad,Camire,2006-11-05,74,221,Anglo,light,black,beard,R,C,,0,,,52,63,47,52,51,52,58,53,51,48,,,,,,,,,,,,69,78,75,69,51,0,0,53,67,67,,,,,,,,,,,,False,,,0,,,,,,0,50,,power
P7187,Arnoldo,Finister,2007-04-15,68,219,Anglo,light,brown,beard,R,LF,CF,0,,,50,60,49,51,47,49,59,51,48,53,,,,,,,,,,,,80,80,68,68,47,0,0,51,64,71,,,,,,,,,,,,False,,,0,,,,,,0,50,,power
P3355,Alonzo,Strait,2006-04-07,77,245,Anglo,light,black,beard,R,2B,,0,,,63,61,49,55,52,51,56,51,49,51,,,,,,,,,,,,75,75,73,67,52,0,0,51,79,80,,,,,,,,,,,,False,,,0,,,,,,0,50,,gap
P1860,Roberto,Morales,2007-04-06,69,183,Hispanic,light,black,clean_shaven,S,CF,,0,,,48,59,51,49,48,52,49,53,52,52,,,,,,,,,,,,58,79,73,64,48,0,0,53,71,63,,,,,,,,,,,,False,,,0,,,,,,0,50,,power
P8732,Rico,Banfield,2005-01-27,70,231,Anglo,medium,blonde,clean_shaven,R,CF,,0,,,52,61,52,51,49,51,58,47,51,49,,,,,,,,,,,,71,86,71,69,49,0,0,47,81,60,,,,,,,,,,,,False,,,0,,,,,,0,50,,power
P3039,Jose,Gomez,1987-09-06,72,234,Hispanic,medium,brown,mustache,L,P,,1,RP,CL,,,,,55,,,,52,53,49,52,54,50,54,0,0,65,0,0,0,,,,,0,,,,45,51,52,53,45,46,47,0,0,65,0,0,0,False,,,0,,,,,,0,50,closer,
P5804,Francisco,Martinez,2001-06-19,68,190,Hispanic,medium,brown,clean_shaven,L,P,,1,RP,SP,,,,,49,,,,51,52,53,53,53,52,52,0,62,58,57,0,0,,,,,0,,,,57,60,60,65,59,57,64,0,68,63,66,0,0,False,,,0,,,,,,0,50,power_sp,
P8099,Leroy,Robinson,1990-11-28,72,169,African,dark,black,mustache,R,P,,1,RP,SP,,,,,50,,,,48,50,51,50,54,52,54,0,60,64,0,0,0,,,,,0,,,,40,49,41,54,50,42,45,0,51,61,0,0,0,False,,,0,,,,,,0,50,power_sp,
P5045,Gerald,Gangestad,1993-05-25,77,250,Anglo,medium,brown,clean_shaven,R,P,,1,RP,SP,,,,,49,,,,49,50,52,52,53,50,53,59,62,61,0,0,0,,,,,0,,,,46,47,45,51,51,46,48,59,59,59,0,0,0,False,,,0,,,,,,0,50,balanced_sp,
P1655,Len,Lesa,2002-06-18,76,182,Anglo,light,black,goatee,L,P,,1,RP,SP,,,,,53,,,,50,50,53,53,52,51,50,58,58,60,60,0,0,,,,,0,,,,59,63,60,66,63,65,56,66,72,67,73,0,0,False,,,0,,,,,,0,50,groundball_sp,
P1812,Jamal,Walker,1999-02-17,74,238,African,dark,black,clean_shaven,R,P,,1,RP,RP,,,,,51,,,,52,53,53,54,54,49,52,59,59,63,0,0,0,,,,,0,,,,57,59,67,63,63,54,59,71,66,69,0,0,0,False,,,0,,,,,,0,50,finesse_rp,
P6536,Fredrick,Schneidtmille,1992-01-29,76,237,Anglo,light,brown,clean_shaven,L,P,,1,RP,RP,,,,,49,,,,52,52,53,50,54,51,53,0,60,63,62,0,0,,,,,0,,,,48,52,41,46,50,43,52,0,58,60,60,0,0,False,,,0,,,,,,0,50,power_rp,
P2406,Tyrone,Taylor,2004-09-03,76,196,African,light,black,clean_shaven,R,P,,1,RP,SP,,,,,49,,,,51,53,51,50,52,50,51,59,60,61,57,0,0,,,,,0,,,,66,78,70,71,81,74,67,74,76,78,67,0,0,False,,,0,,,,,,0,50,finesse_sp,
P3540,Tod,Violett,1994-04-20,75,244,Anglo,medium,black,clean_shaven,R,P,,1,RP,SP,,,,,47,,,,50,50,50,50,52,52,51,62,60,61,59,0,0,,,,,0,,,,50,50,48,55,46,57,55,59,65,58,58,0,0,False,,,0,,,,,,0,50,finesse_sp,
P3512,Alberto,Viscome,1997-03-08,74,172,Anglo,medium,black,goatee,L,P,,1,RP,SP,,,,,49,,,,51,49,50,52,53,51,53,59,0,0,61,0,0,,,,,0,,,,51,50,47,56,53,51,48,59,0,0,56,0,0,False,,,0,,,,,,0,50,groundball_sp,
P1479,Jorge,Delgado,1988-03-11,68,231,Hispanic,light,black,clean_shaven,R,P,,1,RP,LR,,,,,39,,,,51,49,51,50,53,51,52,59,62,65,0,0,0,,,,,36,,,,48,49,41,47,49,48,48,58,56,64,0,0,0,False,,,0,,,,,,0,50,long_relief,
P6571,Ulysses,Wassell,1998-02-16,78,204,Anglo,light,brown,mustache,L,C,,0,,,65,53,53,54,49,48,49,48,50,50,,,,,,,,,,,,67,52,50,50,49,0,0,48,45,54,,,,,,,,,,,,False,,,0,,,,,,0,50,,spray
P5531,Darnell,Allen,1997-07-08,77,233,African,dark,black,clean_shaven,S,1B,,0,,,61,67,53,51,49,51,51,51,52,50,,,,,,,,,,,,61,71,58,52,49,0,0,51,49,50,,,,,,,,,,,,False,,,0,,,,,,0,50,,gap
P5073,Darnell,White,1998-04-16,71,224,African,dark,black,clean_shaven,L,2B,,0,,,53,50,71,51,50,49,49,51,52,49,,,,,,,,,,,,58,60,81,59,50,0,0,51,58,55,,,,,,,,,,,,False,,,0,,,,,,0,50,,speed
P7042,Tyrell,Leonpacher,2003-10-06,77,184,Anglo,medium,black,mustache,R,3B,,0,,,62,58,51,51,47,48,59,52,51,49,,,,,,,,,,,,72,71,59,65,47,0,0,52,65,55,,,,,,,,,,,,False,,,0,,,,,,0,50,,gap
P2808,Adan,Gradillas,1987-10-30,75,183,Anglo,light,brown,beard,R,SS,,0,,,57,50,50,53,50,47,60,52,51,50,,,,,,,,,,,,48,44,50,44,50,0,0,52,48,43,,,,,,,,,,,,False,,,0,,,,,,0,50,,spray
P7284,Clifford,Sandoral,1999-12-30,74,225,Anglo,light,red,clean_shaven,L,LF,,0,,,51,54,51,52,51,48,49,52,49,50,,,,,,,,,,,,57,61,65,57,51,0,0,52,62,57,,,,,,,,,,,,False,,,0,,,,,,0,50,,average
P8999,Salvador,Otomo,1988-12-16,72,217,Anglo,medium,black,mustache,R,CF,,0,,,52,51,52,49,52,51,51,50,47,53,,,,,,,,,,,,45,51,49,48,52,0,0,50,46,52,,,,,,,,,,,,False,,,0,,,,,,0,50,,balanced
P3755,Reed,Hohiudden,1994-07-19,72,160,Anglo,light,red,clean_shaven,R,RF,1B,0,,,52,49,85,51,50,51,58,51,47,48,,,,,,,,,,,,47,52,87,55,50,0,0,51,43,50,,,,,,,,,,,,False,,,0,,,,,,0,50,,elite_speed
P2593,Hector,Lopez,2003-12-24,69,191,Hispanic,medium,red,clean_shaven,R,CF,,0,,,51,52,50,52,52,49,53,50,50,50,,,,,,,,,,,,65,62,64,64,52,0,0,50,55,55,,,,,,,,,,,,False,,,0,,,,,,0,50,,balanced
P1470,Luis,Flores,1990-07-12,78,238,Hispanic,light,brown,clean_shaven,L,LF,,0,,,49,49,48,49,50,50,52,53,52,49,,,,,,,,,,,,49,40,44,46,50,0,0,53,43,49,,,,,,,,,,,,False,,,0,,,,,,0,50,,average
P5772,Roberto,Perez,2003-04-26,69,200,Hispanic,medium,brown,goatee,R,C,,0,,,52,49,49,52,49,51,55,52,50,51,,,,,,,,,,,,59,54,56,65,49,0,0,52,59,58,,,,,,,,,,,,False,,,0,,,,,,0,50,,average
P1254,Kerry,Demer,1990-08-28,75,204,Anglo,light,black,clean_shaven,R,3B,,0,,,49,60,50,51,46,50,56,53,50,53,,,,,,,,,,,,45,56,41,48,46,0,0,53,41,44,,,,,,,,,,,,False,,,0,,,,,,0,50,,power
P2428,Jarod,Deconti,2002-11-13,74,194,Anglo,medium,blonde,beard,R,SS,,0,,,48,51,51,51,49,52,59,51,52,48,,,,,,,,,,,,53,56,57,63,49,0,0,51,67,55,,,,,,,,,,,,False,,,0,,,,,,0,50,,balanced
P3537,Cedric,White,1999-12-19,70,226,African,dark,black,clean_shaven,R,RF,,0,,,51,60,48,50,47,53,58,51,50,49,,,,,,,,,,,,64,72,59,55,47,0,0,51,65,64,,,,,,,,,,,,False,,,0,,,,,,0,50,,power
P7974,Adolph,Buske,2004-05-10,70,189,Anglo,light,blonde,beard,L,P,,1,RP,CL,,,,,55,,,,49,52,49,51,53,51,53,0,0,66,0,0,0,,,,,0,,,,63,74,64,71,59,80,75,0,0,96,0,0,0,False,,,0,,,,,,0,50,closer,
P1878,Jermaine,White,2001-02-18,73,235,African,dark,black,goatee,R,P,,1,RP,SP,,,,,52,,,,50,52,52,51,53,53,52,62,63,60,0,0,0,,,,,0,,,,55,57,57,67,61,63,61,72,71,70,0,0,0,False,,,0,,,,,,0,50,balanced_sp,
P6542,Todd,Denoyer,1987-09-20,76,211,Anglo,light,blonde,beard,S,P,,1,RP,RP,,,,,51,,,,51,50,48,54,52,49,51,0,61,0,0,0,0,,,,,0,,,,47,49,54,44,38,39,49,0,60,0,0,0,0,False,,,0,,,,,,0,50,finesse_rp,
P2464,Deshawn,Harris,1987-12-14,72,233,African,dark,black,beard,L,P,,1,RP,RP,,,,,51,,,,50,53,50,50,52,52,56,0,63,63,0,0,0,,,,,0,,,,46,43,46,44,49,50,46,0,61,55,0,0,0,False,,,0,,,,,,0,50,power_rp,
P8477,Burt,Dailey,2003-04-01,75,206,Anglo,light,brown,clean_shaven,L,P,,1,RP,SP,,,,,48,,,,47,49,49,52,54,51,51,60,60,0,0,0,0,,,,,0,,,,53,54,60,61,61,61,59,71,69,0,0,0,0,False,,,0,,,,,,0,50,finesse_sp,
P9150,Manuel,Sanchez,1997-12-18,70,166,Hispanic,medium,red,clean_shaven,S,P,,1,RP,SP,,,,,47,,,,48,51,51,53,52,52,54,0,64,63,60,0,0,,,,,0,,,,46,54,56,47,48,56,58,0,68,64,65,0,0,False,,,0,,,,,,0,50,power_sp,
P7382,Mikel,Bogaert,1992-03-25,75,167,Anglo,medium,brown,clean_shaven,L,P,,1,RP,SP,,,,,51,,,,52,49,53,50,52,52,53,58,61,0,60,0,0,,,,,0,,,,52,47,46,45,48,45,52,52,61,0,53,0,0,False,,,0,,,,,,0,50,finesse_sp,
P4263,Nigel,Bielecki,2001-07-31,77,169,Anglo,dark,blonde,clean_shaven,R,3B,,0,,,50,51,96,51,48,51,59,50,48,52,,,,,,,,,,,,59,59,99,61,48,0,0,50,62,64,,,,,,,,,,,,False,,,0,,,,,,0,50,,elite_speed
P6115,Jermaine,Washington,1997-03-13,75,193,African,light,brown,clean_shaven,L,CF,,0,,,54,49,70,51,50,48,44,49,50,53,,,,,,,,,,,,58,51,74,47,50,0,0,49,46,56,,,,,,,,,,,,False,,,0,,,,,,0,50,,speed
P7058,Manuel,Vargas,1998-07-20,74,173,Hispanic,medium,black,clean_shaven,S,2B,,0,,,54,48,48,53,52,50,52,50,50,52,,,,,,,,,,,,65,61,58,64,52,0,0,50,58,60,,,,,,,,,,,,False,,,0,,,,,,0,50,,balanced
P2828,Franklin,Harding,1993-10-27,71,208,Anglo,light,brown,clean_shaven,R,SS,,0,,,51,50,70,51,51,51,59,51,50,49,,,,,,,,,,,,49,42,67,43,51,0,0,51,45,41,,,,,,,,,,,,False,,,0,,,,,,0,50,,speed
P9844,Jermaine,Jackson,1993-09-10,77,248,African,dark,black,mustache,L,1B,,0,,,51,64,51,50,51,52,47,51,50,49,,,,,,,,,,,,44,58,47,45,51,0,0,51,50,47,,,,,,,,,,,,False,,,0,,,,,,0,50,,power
P9368,Dustin,Romero,1989-11-21,76,229,Anglo,light,red,clean_shaven,R,CF,LF,0,,,53,49,71,51,49,51,50,52,52,52,,,,,,,,,,,,51,49,64,49,49,0,0,52,46,42,,,,,,,,,,,,False,,,0,,,,,,0,50,,speed
P8061,Jamal,Mitchell,1999-02-01,77,232,African,dark,brown,clean_shaven,L,1B,,0,,,52,58,53,50,51,52,48,50,48,49,,,,,,,,,,,,65,73,60,65,51,0,0,50,54,55,,,,,,,,,,,,False,,,0,,,,,,0,50,,gap
P7708,Darnell,Gaines,2001-10-14,70,186,African,light,black,clean_shaven,R,SS,,0,,,58,51,52,54,51,46,58,51,49,51,,,,,,,,,,,,70,65,66,60,51,0,0,51,61,63,,,,,,,,,,,,False,,,0,,,,,,0,50,,spray
P7005,Alejandro,Gonzalez,2007-04-22,74,208,Hispanic,medium,black,clean_shaven,R,P,,1,RP,CL,,,,,55,,,,50,50,49,50,52,53,55,0,0,65,0,0,0,,,,,0,,,,64,69,72,72,75,77,73,0,0,87,0,0,0,False,,,0,,,,,,0,50,closer,
P9954,Trinidad,Brownsberger,2006-04-09,77,187,Anglo,medium,brown,clean_shaven,R,P,,1,RP,SP,,,,,49,,,,52,54,54,50,53,49,50,0,64,62,0,0,0,,,,,0,,,,82,83,73,67,68,62,68,0,88,74,0,0,0,False,,,0,,,,,,0,50,power_sp,
P2334,Jarod,Wedner,2007-02-02,71,168,Anglo,light,brown,clean_shaven,R,P,,1,RP,RP,,,,,51,,,,52,50,51,53,54,51,50,59,62,0,0,0,0,,,,,0,,,,63,63,74,70,79,63,61,73,87,0,0,0,0,False,,,0,,,,,,0,50,finesse_rp,
P2820,Cedric,Harris,2005-10-01,73,226,African,dark,brown,clean_shaven,S,P,,1,RP,SP,,,,,49,,,,51,51,53,50,53,49,51,61,64,0,0,0,0,,,,,0,,,,67,80,60,71,64,79,79,91,86,0,0,0,0,False,,,0,,,,,,0,50,finesse_sp,
P4876,Leroy,Carter,2005-02-10,71,176,African,dark,brown,clean_shaven,R,P,,1,RP,SP,,,,,54,,,,52,48,51,51,54,50,49,58,61,60,59,0,0,,,,,0,,,,74,71,71,65,70,73,74,76,73,75,82,0,0,False,,,0,,,,,,0,50,groundball_sp,
P5577,Percy,Carter,2006-07-21,77,211,African,dark,black,mustache,R,C,,0,,,52,52,51,51,50,51,55,49,49,50,,,,,,,,,,,,78,79,72,67,50,0,0,49,79,77,,,,,,,,,,,,False,,,0,,,,,,0,50,,balanced
P4296,Ricardo,Castillo,2007-03-03,76,220,Hispanic,medium,blonde,clean_shaven,S,C,,0,,,49,53,50,50,49,52,52,49,53,50,,,,,,,,,,,,65,67,65,70,49,0,0,49,71,74,,,,,,,,,,,,False,,,0,,,,,,0,50,,average
P8256,Jamal,Taylor,2007-01-24,68,217,African,dark,brown,clean_shaven,L,LF,,0,,,50,58,50,49,52,50,48,51,50,48,,,,,,,,,,,,60,71,61,68,52,0,0,51,73,59,,,,,,,,,,,,False,,,0,,,,,,0,50,,balanced
P6139,Van,Servedio,2007-08-01,68,231,Anglo,light,brown,mustache,R,SS,,0,,,55,49,54,53,49,50,57,51,50,53,,,,,,,,,,,,68,60,76,78,49,0,0,51,68,63,,,,,,,,,,,,False,,,0,,,,,,0,50,,spray
P7341,Darnell,King,2004-10-25,71,248,African,dark,brown,clean_shaven,S,LF,,0,,,51,57,53,52,50,51,51,53,51,50,,,,,,,,,,,,80,70,69,82,50,0,0,53,75,67,,,,,,,,,,,,False,,,0,,,,,,0,50,,balanced
P8247,Jamal,Young,1995-09-09,77,231,African,dark,brown,clean_shaven,L,P,,1,RP,CL,,,,,55,,,,52,50,47,50,52,50,52,56,0,65,0,0,0,,,,,0,,,,54,54,51,51,47,45,55,51,0,67,0,0,0,False,,,0,,,,,,0,50,closer,
P6436,Dewayne,Kuhr,1994-07-04,75,168,Anglo,light,blonde,clean_shaven,L,P,,1,RP,SP,,,,,51,,,,50,50,52,53,52,53,50,58,58,0,60,0,0,,,,,0,,,,50,55,58,48,49,52,52,59,63,0,61,0,0,False,,,0,,,,,,0,50,groundball_sp,
P6103,Werner,Canzoneri,2000-06-26,73,206,Anglo,light,black,clean_shaven,L,P,,1,RP,SP,,,,,52,,,,50,51,54,50,53,48,51,60,61,0,0,0,0,,,,,0,,,,60,63,59,65,69,62,63,70,70,0,0,0,0,False,,,0,,,,,,0,50,finesse_sp,
P8800,Newton,Schuetz,1989-03-03,74,172,Anglo,light,black,beard,S,P,,1,RP,SP,,,,,50,,,,50,50,51,51,52,53,53,62,59,61,0,0,0,,,,,0,,,,47,49,50,44,49,49,51,58,49,52,0,0,0,False,,,0,,,,,,0,50,workhorse_sp,
P7897,Darnell,Jackson,1995-07-15,75,245,African,medium,black,clean_shaven,R,P,,1,RP,SP,,,,,49,,,,51,49,51,50,54,51,51,58,62,60,0,0,0,,,,,0,,,,49,49,45,55,50,56,54,62,60,65,0,0,0,False,,,0,,,,,,0,50,balanced_sp,
P5003,Jude,Scharf,1996-05-08,73,240,Anglo,light,brown,clean_shaven,R,P,,1,RP,RP,,,,,56,,,,49,50,51,52,52,50,53,59,0,67,61,0,0,,,,,0,,,,47,55,53,52,46,53,48,55,0,71,61,0,0,False,,,0,,,,,,0,50,groundball_rp,
P5224,Abel,Bernhagen,1999-10-21,78,250,Anglo,medium,blonde,beard,L,P,,1,RP,CL,,,,,50,,,,48,51,50,50,53,49,52,0,0,65,0,0,0,,,,,0,,,,59,60,63,66,58,61,63,0,0,72,0,0,0,False,,,0,,,,,,0,50,closer,
P1017,Fred,Bienvenu,2003-12-12,72,198,Anglo,dark,blonde,clean_shaven,R,P,,1,RP,SP,,,,,50,,,,49,54,53,50,52,49,54,0,61,61,0,0,0,,,,,0,,,,54,59,59,65,64,60,67,0,66,75,0,0,0,False,,,0,,,,,,0,50,power_sp,
P7473,Cedric,Mitchell,1991-06-30,76,161,African,medium,black,mustache,R,P,,1,RP,SP,,,,,54,,,,49,48,51,53,52,51,53,61,58,59,60,0,0,,,,,0,,,,45,39,50,51,43,48,50,55,49,49,58,0,0,False,,,0,,,,,,0,50,groundball_sp,
P9103,Tyrone,Washington,1990-09-26,75,161,African,dark,black,clean_shaven,L,P,,1,RP,LR,,,,,53,,,,51,50,52,52,53,51,51,0,0,65,0,0,0,,,,,0,,,,49,41,47,48,44,50,42,0,0,59,0,0,0,False,,,0,,,,,,0,50,long_relief,
P8806,Terence,Sossamon,1997-01-03,68,225,Anglo,dark,black,clean_shaven,R,P,,1,RP,SP,,,,,50,,,,49,52,50,50,52,49,51,61,61,59,0,0,0,,,,,0,,,,49,54,47,53,47,44,55,61,57,64,0,0,0,False,,,0,,,,,,0,50,balanced_sp,
P4068,Kristofer,Kinstle,1997-07-28,78,160,Anglo,light,brown,clean_shaven,R,C,,0,,,52,50,50,51,50,50,55,52,52,53,,,,,,,,,,,,55,47,48,48,50,0,0,52,53,54,,,,,,,,,,,,False,,,0,,,,,,0,50,,average
P2319,Antonio,Hernandez,2004-05-13,77,170,Hispanic,light,black,beard,S,1B,,0,,,49,62,51,50,51,51,50,49,52,51,,,,,,,,,,,,63,86,68,78,51,0,0,49,73,63,,,,,,,,,,,,False,,,0,,,,,,0,50,,power
P7294,Darnell,Baker,1988-04-25,73,223,African,dark,brown,clean_shaven,R,2B,,0,,,53,52,52,50,53,48,55,51,51,51,,,,,,,,,,,,51,51,44,43,53,0,0,51,45,47,,,,,,,,,,,,False,,,0,,,,,,0,50,,balanced
P2447,Alejandro,Cruz,1988-10-19,70,226,Hispanic,medium,black,mustache,R,3B,,0,,,51,48,50,52,51,53,55,51,51,50,,,,,,,,,,,,49,44,43,51,51,0,0,51,49,44,,,,,,,,,,,,False,,,0,,,,,,0,50,,balanced
P4979,Percy,Gaines,1998-07-24,69,183,African,dark,black,clean_shaven,R,SS,,0,,,53,50,79,52,49,48,59,48,51,50,,,,,,,,,,,,66,65,92,66,49,0,0,48,66,65,,,,,,,,,,,,False,,,0,,,,,,0,50,,speed
P3315,Tyrone,Allen,1997-12-25,76,176,African,dark,black,clean_shaven,L,LF,,0,,,54,52,52,50,51,50,46,50,49,51,,,,,,,,,,,,51,48,57,53,51,0,0,50,48,50,,,,,,,,,,,,False,,,0,,,,,,0,50,,balanced
P1438,Malik,Green,1993-06-15,78,245,African,dark,black,clean_shaven,S,CF,,0,,,50,54,51,50,52,52,50,51,48,49,,,,,,,,,,,,45,54,50,49,52,0,0,51,43,49,,,,,,,,,,,,False,,,0,,,,,,0,50,,balanced
P5726,Jermaine,Gaines,2001-11-14,70,220,African,dark,brown,clean_shaven,L,RF,,0,,,53,53,51,48,48,53,48,50,51,52,,,,,,,,,,,,62,64,60,61,48,0,0,50,61,61,,,,,,,,,,,,False,,,0,,,,,,0,50,,balanced
P9839,Rufus,Jackson,1997-01-11,74,198,African,dark,black,beard,R,LF,,0,,,51,50,52,51,48,52,57,49,50,50,,,,,,,,,,,,50,47,49,55,48,0,0,49,55,46,,,,,,,,,,,,False,,,0,,,,,,0,50,,average
P6701,Carlos,Hernandez,1999-02-16,74,167,Hispanic,light,brown,clean_shaven,L,CF,,0,,,50,56,48,50,52,52,47,51,49,50,,,,,,,,,,,,65,69,58,63,52,0,0,51,55,64,,,,,,,,,,,,False,,,0,,,,,,0,50,,power
P1337,Dana,Retter,1995-01-11,69,217,Anglo,light,blonde,clean_shaven,R,LF,,0,,,54,59,53,53,52,50,56,51,50,52,,,,,,,,,,,,57,57,56,55,52,0,0,51,47,50,,,,,,,,,,,,False,,,0,,,,,,0,50,,gap
P1198,Raul,Rivera,1993-02-21,76,211,Hispanic,medium,black,beard,R,2B,,0,,,51,62,48,50,50,53,57,48,49,51,,,,,,,,,,,,43,58,41,44,50,0,0,48,40,47,,,,,,,,,,,,False,,,0,,,,,,0,50,,power
P1356,Rufus,Green,1989-03-09,78,222,African,dark,brown,beard,R,CF,LF,0,,,51,48,70,51,53,48,57,48,51,52,,,,,,,,,,,,48,45,65,44,53,0,0,48,48,51,,,,,,,,,,,,False,,,0,,,,,,0,50,,speed
P6067,Tyrone,Young,1995-04-30,73,212,African,dark,black,clean_shaven,R,LF,,0,,,52,61,48,52,51,51,59,49,51,53,,,,,,,,,,,,50,62,43,57,51,0,0,49,48,50,,,,,,,,,,,,False,,,0,,,,,,0,50,,power
P2997,Tyrone,Wright,2004-09-17,72,173,African,medium,brown,clean_shaven,L,P,,1,RP,CL,,,,,55,,,,49,53,51,50,52,53,54,0,59,65,0,0,0,,,,,0,,,,73,72,61,65,75,72,67,0,89,94,0,0,0,False,,,0,,,,,,0,50,closer,
P1046,Benjamin,Jeffris,2003-04-07,74,247,Anglo,light,red,clean_shaven,L,P,,1,RP,SP,,,,,47,,,,47,54,52,50,52,50,50,0,61,63,60,58,0,,,,,0,,,,53,69,57,63,60,62,62,0,76,71,70,69,0,False,,,0,,,,,,0,50,power_sp,
P5956,Alejandro,Lopez,1988-09-25,69,166,Hispanic,light,brown,mustache,R,P,,1,RP,RP,,,,,53,,,,51,49,50,50,52,49,49,0,57,64,62,0,0,,,,,0,,,,45,46,46,47,43,43,44,0,51,61,54,0,0,False,,,0,,,,,,0,50,groundball_rp,
P7966,Hector,Mendoza,1997-04-15,71,236,Hispanic,dark,black,mustache,L,P,,1,RP,SP,,,,,52,,,,49,51,52,50,53,49,52,61,0,0,60,0,0,,,,,0,,,,49,47,55,54,53,47,53,63,0,0,55,0,0,False,,,0,,,,,,0,50,groundball_sp,
P3422,Malik,White,1992-09-29,69,215,African,dark,brown,clean_shaven,R,P,,1,RP,SP,,,,,50,,,,52,52,53,52,54,53,53,63,60,0,54,0,0,,,,,0,,,,52,47,50,46,47,48,52,58,50,0,46,0,0,False,,,0,,,,,,0,50,finesse_sp,
P8424,Terrell,Michniak,1990-05-02,75,161,Anglo,light,brown,goatee,R,P,,1,RP,RP,,,,,55,,,,50,49,51,52,52,53,53,0,0,0,64,0,0,,,,,0,,,,45,39,44,49,49,49,43,0,0,0,64,0,0,False,,,0,,,,,,0,50,groundball_rp,
P6108,Rayford,Hotelling,1989-08-08,77,226,Anglo,light,brown,goatee,L,P,,1,RP,CL,,,,,51,,,,52,52,48,50,52,49,53,57,0,65,0,0,0,,,,,0,,,,43,46,48,49,48,48,52,57,0,60,0,0,0,False,,,0,,,,,,0,50,closer,
P7933,Jerrold,Bemo,2000-06-13,76,250,Anglo,light,brown,goatee,L,LF,,0,,,49,60,50,52,48,52,49,50,52,52,,,,,,,,,,,,59,65,62,65,48,0,0,50,60,65,,,,,,,,,,,,False,,,0,,,,,,0,50,,power
P3034,Jamal,Robinson,1989-04-09,78,249,African,medium,black,beard,R,C,,0,,,56,49,52,51,52,46,57,50,51,48,,,,,,,,,,,,54,46,48,47,52,0,0,50,49,39,,,,,,,,,,,,False,,,0,,,,,,0,50,,spray
P3865,Jamal,Carter,1988-06-03,75,233,African,dark,black,mustache,S,3B,,0,,,53,50,50,52,52,51,55,49,49,49,,,,,,,,,,,,50,43,45,43,52,0,0,49,46,47,,,,,,,,,,,,False,,,0,,,,,,0,50,,average
P2634,Cedric,Jackson,2003-10-19,73,167,African,dark,black,clean_shaven,L,2B,,0,,,52,51,51,51,51,48,47,51,50,49,,,,,,,,,,,,62,64,60,60,51,0,0,51,61,59,,,,,,,,,,,,False,,,0,,,,,,0,50,,balanced
P5965,Xavier,King,1996-01-10,70,167,African,dark,black,clean_shaven,L,CF,,0,,,54,52,51,52,51,51,47,50,50,53,,,,,,,,,,,,51,48,51,53,51,0,0,50,54,54,,,,,,,,,,,,False,,,0,,,,,,0,50,,gap
P3316,Archie,Sillitti,2001-10-31,77,244,Anglo,light,black,clean_shaven,L,LF,,0,,,50,55,50,51,47,49,47,52,52,49,,,,,,,,,,,,62,70,55,60,47,0,0,52,67,54,,,,,,,,,,,,False,,,0,,,,,,0,50,,gap
P2960,Francisco,Delgado,1993-01-10,71,231,Hispanic,light,black,goatee,R,3B,,0,,,50,51,52,51,50,52,59,49,50,48,,,,,,,,,,,,40,46,45,50,50,0,0,49,47,39,,,,,,,,,,,,False,,,0,,,,,,0,50,,average
P2605,Malik,Jackson,2004-06-15,70,187,African,dark,black,goatee,R,SS,,0,,,64,51,50,53,50,50,56,50,47,51,,,,,,,,,,,,94,62,62,69,50,0,0,50,64,76,,,,,,,,,,,,False,,,0,,,,,,0,50,,spray
P3301,Jorge,Hernandez,2005-08-14,76,239,Hispanic,light,brown,clean_shaven,L,P,,1,RP,CL,,,,,55,,,,52,54,52,52,52,49,53,0,0,65,0,0,0,,,,,0,,,,69,73,63,72,74,65,80,0,0,86,0,0,0,False,,,0,,,,,,0,50,closer,
P5700,Antonio,Castillo,2005-09-13,72,220,Hispanic,medium,brown,clean_shaven,L,P,,1,RP,SP,,,,,49,,,,49,50,53,50,52,52,50,60,61,0,57,0,0,,,,,0,,,,65,77,74,70,71,77,62,82,82,0,82,0,0,False,,,0,,,,,,0,50,finesse_sp,
P9803,Roberto,Reyes,2007-05-19,76,171,Hispanic,medium,blonde,mustache,R,P,,1,RP,SP,,,,,52,,,,49,50,54,52,52,52,52,62,60,58,57,0,0,,,,,0,,,,79,68,71,76,76,64,68,83,90,76,67,0,0,False,,,0,,,,,,0,50,finesse_sp,
P6090,Alejandro,Perez,2006-11-07,72,175,Hispanic,medium,black,mustache,L,P,,1,RP,RP,,,,,50,,,,50,53,52,50,52,50,55,0,64,63,62,0,0,,,,,0,,,,78,77,63,62,62,60,71,0,80,78,86,0,0,False,,,0,,,,,,0,50,power_rp,
P8352,Deshawn,Scott,2004-12-21,76,194,African,dark,brown,clean_shaven,L,P,,1,RP,SP,,,,,49,,,,52,51,51,50,54,51,52,58,60,58,0,57,0,,,,,0,,,,66,74,60,72,63,79,73,82,72,87,0,69,0,False,,,0,,,,,,0,50,balanced_sp,
P3421,Xavier,Jefferson,2007-05-08,70,212,African,medium,black,beard,R,C,,0,,,65,52,54,53,50,51,59,48,50,49,,,,,,,,,,,,82,70,75,64,50,0,0,48,79,76,,,,,,,,,,,,False,,,0,,,,,,0,50,,spray
P3287,Duane,Esfahani,2004-12-15,69,167,Anglo,medium,red,mustache,R,3B,,0,,,53,48,85,49,51,47,58,49,48,51,,,,,,,,,,,,64,65,99,78,51,0,0,49,64,80,,,,,,,,,,,,False,,,0,,,,,,0,50,,elite_speed
P1690,Len,Neis,2008-01-12,71,237,Anglo,medium,black,clean_shaven,R,CF,,0,,,51,49,70,50,54,48,51,51,47,49,,,,,,,,,,,,70,69,87,76,54,0,0,51,76,72,,,,,,,,,,,,False,,,0,,,,,,0,50,,speed
P9179,Dwight,Mccowan,2006-09-05,69,226,Anglo,light,blonde,beard,S,CF,,0,,,48,49,52,49,50,54,50,51,50,52,,,,,,,,,,,,74,76,69,71,50,0,0,51,64,74,,,,,,,,,,,,False,,,0,,,,,,0,50,,average
P7835,Garth,Dispirito,2007-12-27,77,192,Anglo,medium,black,clean_shaven,L,C,,0,,,58,52,53,54,50,51,50,50,49,50,,,,,,,,,,,,71,62,71,69,50,0,0,50,68,74,,,,,,,,,,,,False,,,0,,,,,,0,50,,gap
P5401,Florentino,Labuff,1993-09-25,68,194,Anglo,medium,black,clean_shaven,R,P,,1,RP,CL,,,,,55,,,,51,52,48,51,52,53,51,57,59,67,0,0,0,,,,,0,,,,50,47,46,51,40,52,47,49,59,64,0,0,0,False,,,0,,,,,,0,50,closer,
P1743,Salvatore,Jaeschke,1993-05-21,77,168,Anglo,light,red,beard,R,P,,1,RP,SP,,,,,50,,,,49,49,50,50,52,50,51,60,61,0,59,57,0,,,,,0,,,,40,44,40,52,48,49,44,60,56,0,51,53,0,False,,,0,,,,,,0,50,finesse_sp,
P7183,Percy,Baker,1988-10-27,74,201,African,dark,brown,clean_shaven,R,P,,1,RP,SP,,,,,53,,,,48,53,52,52,52,49,53,0,60,58,61,0,0,,,,,0,,,,46,52,45,52,48,42,51,0,60,51,55,0,0,False,,,0,,,,,,0,50,groundball_sp,
P5099,Cedric,Jefferson,1993-07-29,70,204,African,dark,black,clean_shaven,R,P,,1,RP,RP,,,,,50,,,,52,53,49,52,54,49,53,0,60,65,0,56,0,,,,,0,,,,50,43,48,51,41,48,47,0,55,63,0,52,0,False,,,0,,,,,,0,50,power_rp,
P2145,Francisco,Rodriguez,2003-04-02,78,179,Hispanic,light,blonde,clean_shaven,S,P,,1,RP,RP,,,,,53,,,,52,53,50,50,52,53,52,0,61,0,0,0,0,,,,,0,,,,66,68,59,64,58,62,65,0,67,0,0,0,0,False,,,0,,,,,,0,50,finesse_rp,
P1030,Hector,Vasquez,1991-07-28,69,191,Hispanic,light,brown,clean_shaven,L,P,,1,RP,SP,,,,,50,,,,52,53,54,50,52,50,53,0,64,63,0,0,0,,,,,0,,,,45,44,45,49,49,43,46,0,54,55,0,0,0,False,,,0,,,,,,0,50,power_sp,
P2708,Eduardo,Torres,1989-01-13,71,235,Hispanic,medium,black,clean_shaven,R,P,,1,RP,RP,,,,,48,,,,50,52,51,50,52,49,54,0,0,64,0,0,0,,,,,0,,,,41,43,40,50,47,43,44,0,0,60,0,0,0,False,,,0,,,,,,0,50,power_rp,
P6299,Carlos,Mendoza,2002-02-18,76,201,Hispanic,light,brown,mustache,S,P,,1,RP,SP,,,,,54,,,,53,53,51,51,52,49,50,62,58,0,57,0,0,,,,,0,,,,59,65,59,66,64,62,56,71,66,0,69,0,0,False,,,0,,,,,,0,50,groundball_sp,
P7693,Juan,Guerrero,1987-08-23,74,240,Hispanic,medium,brown,clean_shaven,S,P,,1,RP,RP,,,,,50,,,,50,52,50,51,52,53,53,0,59,64,0,0,0,,,,,0,,,,46,42,44,49,49,52,44,0,50,59,0,0,0,False,,,0,,,,,,0,50,power_rp,
P9972,Fernando,Vasquez,1991-11-27,77,216,Hispanic,medium,brown,clean_shaven,S,P,,1,RP,RP,,,,,49,,,,49,52,52,50,54,50,53,0,60,63,62,0,0,,,,,0,,,,44,50,40,52,43,46,52,0,56,57,52,0,0,False,,,0,,,,,,0,50,power_rp,
P8185,Fernando,Torres,1991-02-18,68,165,Hispanic,dark,brown,clean_shaven,S,P,,1,RP,SP,,,,,51,,,,48,52,51,50,52,48,51,58,60,0,0,0,0,,,,,0,,,,41,48,41,49,50,46,44,52,52,0,0,0,0,False,,,0,,,,,,0,50,balanced_sp,
P2647,Francisco,Morales,1993-04-25,75,199,Hispanic,dark,brown,beard,R,C,,0,,,50,62,46,52,50,49,57,49,52,51,,,,,,,,,,,,41,56,41,51,50,0,0,49,44,45,,,,,,,,,,,,False,,,0,,,,,,0,50,,power
P5524,Isaias,Seise,2003-01-24,74,222,Anglo,medium,red,clean_shaven,R,1B,,0,,,51,51,52,49,51,51,58,53,52,51,,,,,,,,,,,,66,62,67,54,51,0,0,53,59,66,,,,,,,,,,,,False,,,0,,,,,,0,50,,average
P9539,Jefferson,Constante,1998-06-04,69,232,Anglo,light,brown,clean_shaven,R,2B,,0,,,53,63,50,53,48,49,57,51,50,52,,,,,,,,,,,,65,69,65,65,48,0,0,51,64,67,,,,,,,,,,,,False,,,0,,,,,,0,50,,power
P4428,Pedro,Flores,1993-02-10,75,188,Hispanic,medium,brown,mustache,S,3B,,0,,,50,49,53,51,50,51,53,49,52,49,,,,,,,,,,,,45,43,46,48,50,0,0,49,42,39,,,,,,,,,,,,False,,,0,,,,,,0,50,,balanced
P3716,Juan,Castillo,1994-01-13,76,221,Hispanic,dark,blonde,mustache,L,SS,,0,,,59,52,69,51,52,48,53,52,52,50,,,,,,,,,,,,51,48,62,43,52,0,0,52,45,49,,,,,,,,,,,,False,,,0,,,,,,0,50,,spray
P9017,Antonio,Martinez,1990-01-11,78,209,Hispanic,light,brown,clean_shaven,R,LF,,0,,,53,49,47,51,49,49,55,50,50,53,,,,,,,,,,,,47,41,44,50,49,0,0,50,47,43,,,,,,,,,,,,False,,,0,,,,,,0,50,,average
P7375,Laurence,Camus,1991-04-16,72,230,Anglo,light,red,clean_shaven,R,CF,,0,,,69,63,50,53,51,50,57,52,51,53,,,,,,,,,,,,68,59,40,48,51,0,0,52,42,43,,,,,,,,,,,,False,,,0,,,,,,0,50,,gap
P1446,Luis,Ramirez,1998-03-21,75,181,Hispanic,dark,blonde,clean_shaven,R,RF,,0,,,51,60,51,52,48,49,55,51,51,49,,,,,,,,,,,,60,74,61,57,48,0,0,51,66,63,,,,,,,,,,,,False,,,0,,,,,,0,50,,power
P3358,Francisco,Flores,1994-09-17,68,211,Hispanic,dark,black,mustache,R,3B,,0,,,53,54,49,50,50,53,58,49,52,51,,,,,,,,,,,,55,58,52,52,50,0,0,49,57,56,,,,,,,,,,,,False,,,0,,,,,,0,50,,gap
P5652,Hal,Chauncey,2003-11-29,78,241,Anglo,medium,brown,clean_shaven,L,1B,,0,,,53,57,54,52,50,50,46,52,51,50,,,,,,,,,,,,62,69,62,60,50,0,0,52,63,57,,,,,,,,,,,,False,,,0,,,,,,0,50,,gap
P7781,Dwain,Zoldesy,2002-11-14,77,238,Anglo,light,blonde,clean_shaven,R,CF,LF,0,,,58,50,52,52,50,48,54,48,50,50,,,,,,,,,,,,64,64,57,67,50,0,0,48,61,58,,,,,,,,,,,,False,,,0,,,,,,0,50,,spray
P5204,Kristofer,Katoa,1991-08-03,78,243,Anglo,dark,brown,clean_shaven,R,CF,,0,,,54,53,50,50,52,49,55,48,50,52,,,,,,,,,,,,50,51,48,49,52,0,0,48,50,52,,,,,,,,,,,,False,,,0,,,,,,0,50,,gap
P6314,Erin,Tencer,2001-03-11,71,217,Anglo,light,black,goatee,L,CF,,0,,,54,48,51,52,51,47,42,51,49,51,,,,,,,,,,,,61,62,66,60,51,0,0,51,64,62,,,,,,,,,,,,False,,,0,,,,,,0,50,,spray
P7522,Carlos,Reyes,1999-11-19,76,214,Hispanic,dark,blonde,mustache,R,CF,,0,,,54,48,50,53,52,49,56,48,49,53,,,,,,,,,,,,65,56,60,68,52,0,0,48,61,66,,,,,,,,,,,,False,,,0,,,,,,0,50,,spray
P5318,Bruno,Stimage,1991-04-14,69,182,Anglo,medium,brown,mustache,R,P,,1,RP,CL,,,,,55,,,,50,53,49,50,53,52,52,0,0,66,0,0,0,,,,,0,,,,45,49,40,50,47,46,42,0,0,66,0,0,0,False,,,0,,,,,,0,50,closer,
P9940,Anton,Wraight,1987-07-28,70,223,Anglo,light,black,beard,L,P,,1,RP,SP,,,,,50,,,,50,52,53,50,52,48,52,0,62,58,0,0,0,,,,,0,,,,45,49,45,43,47,46,43,0,60,54,0,0,0,False,,,0,,,,,,0,50,power_sp,
P8992,Roberto,Vargas,2004-05-16,75,225,Hispanic,medium,black,clean_shaven,R,P,,1,RP,SP,,,,,49,,,,52,50,54,51,52,50,50,62,63,62,57,0,0,,,,,0,,,,82,78,73,72,80,62,68,89,84,82,83,0,0,False,,,0,,,,,,0,50,workhorse_sp,
P2143,Luis,Diaz,2002-01-09,71,248,Hispanic,medium,brown,clean_shaven,L,P,,1,RP,RP,,,,,48,,,,48,53,51,50,53,51,53,0,63,65,0,0,0,,,,,0,,,,61,59,59,65,59,64,60,0,72,72,0,0,0,False,,,0,,,,,,0,50,power_rp,
P1607,Fausto,Runions,1989-12-21,78,172,Anglo,medium,brown,clean_shaven,S,P,,1,RP,SP,,,,,52,,,,52,52,50,51,52,50,51,62,60,62,59,0,0,,,,,0,,,,50,47,51,45,45,47,49,59,58,62,56,0,0,False,,,0,,,,,,0,50,balanced_sp,
P6955,Mauro,Pavelich,2000-08-05,72,161,Anglo,light,brown,clean_shaven,L,P,,1,RP,RP,,,,,49,,,,50,50,51,53,53,53,53,0,59,0,0,0,0,,,,,0,,,,55,64,60,65,61,62,60,0,67,0,0,0,0,False,,,0,,,,,,0,50,finesse_rp,
P6386,Margarito,Mako,2001-03-17,77,181,Anglo,medium,red,clean_shaven,R,P,,1,RP,SP,,,,,50,,,,50,52,50,50,53,52,55,58,64,62,0,0,0,,,,,0,,,,64,61,61,58,65,65,61,63,78,71,0,0,0,False,,,0,,,,,,0,50,power_sp,
P8502,Parker,Overdorf,1996-03-16,76,240,Anglo,light,blonde,beard,R,SS,,0,,,51,51,51,50,51,51,62,51,49,51,,,,,,,,,,,,51,53,53,49,51,0,0,51,44,50,,,,,,,,,,,,False,,,0,,,,,,0,50,,gap
P8559,Sterling,Godnick,1992-05-16,76,212,Anglo,light,red,goatee,R,LF,1B,0,,,51,52,51,50,50,50,54,53,52,51,,,,,,,,,,,,45,48,45,50,50,0,0,53,52,50,,,,,,,,,,,,False,,,0,,,,,,0,50,,average
P9748,Gregorio,Cadle,1992-11-06,71,224,Anglo,light,brown,clean_shaven,R,SS,,0,,,53,48,84,53,54,47,56,48,48,49,,,,,,,,,,,,48,38,79,48,54,0,0,48,41,41,,,,,,,,,,,,False,,,0,,,,,,0,50,,speed
P3116,Jorge,Rivera,1990-04-10,71,176,Hispanic,light,black,clean_shaven,R,LF,,0,,,51,52,51,50,51,50,58,49,50,53,,,,,,,,,,,,46,51,49,44,51,0,0,49,42,45,,,,,,,,,,,,False,,,0,,,,,,0,50,,balanced
P6345,Rafael,Reyes,1991-07-28,74,181,Hispanic,medium,black,mustache,L,RF,,0,,,67,51,50,53,50,50,46,52,48,53,,,,,,,,,,,,66,44,44,50,50,0,0,52,43,48,,,,,,,,,,,,False,,,0,,,,,,0,50,,spray
P3293,Jewel,Nesseth,2001-06-06,78,184,Anglo,light,brown,clean_shaven,R,3B,,0,,,51,51,52,50,51,52,59,50,48,51,,,,,,,,,,,,64,57,57,61,51,0,0,50,56,66,,,,,,,,,,,,False,,,0,,,,,,0,50,,balanced
P4217,Luis,Torres,1993-02-12,74,169,Hispanic,medium,black,clean_shaven,R,LF,,0,,,52,57,47,51,48,50,56,53,48,51,,,,,,,,,,,,42,49,46,50,48,0,0,53,44,50,,,,,,,,,,,,False,,,0,,,,,,0,50,,balanced
P4078,Felton,Shuptrine,1991-11-29,70,211,Anglo,medium,brown,beard,R,C,,0,,,60,52,50,53,52,50,58,51,49,50,,,,,,,,,,,,50,49,46,53,52,0,0,51,43,46,,,,,,,,,,,,False,,,0,,,,,,0,50,,spray
P6930,Timmy,Altschuler,2005-07-18,76,182,Anglo,light,blonde,goatee,R,P,,1,RP,CL,,,,,55,,,,48,53,51,50,53,49,53,0,61,65,0,0,0,,,,,0,,,,72,72,72,80,81,65,69,0,86,90,0,0,0,False,,,0,,,,,,0,50,closer,
P9004,Eduardo,Gonzalez,2004-09-26,73,186,Hispanic,medium,black,goatee,R,P,,1,RP,SP,,,,,48,,,,49,50,53,51,54,48,51,0,63,58,56,55,0,,,,,0,,,,76,70,67,70,78,70,65,0,77,77,71,76,0,False,,,0,,,,,,0,50,power_sp,
P6548,Hunter,Chmura,2006-03-08,69,163,Anglo,light,blonde,clean_shaven,L,P,,1,RP,RP,,,,,53,,,,48,50,52,52,52,51,48,58,0,0,0,0,0,,,,,0,,,,77,68,76,78,64,69,66,73,0,0,0,0,0,False,,,0,,,,,,0,50,finesse_rp,
P3182,Anderson,Molinski,2007-08-17,72,207,Anglo,light,blonde,clean_shaven,R,P,,1,RP,SP,,,,,53,,,,48,52,53,50,52,48,49,61,59,0,57,0,0,,,,,0,,,,77,79,80,81,69,67,63,84,76,0,79,0,0,False,,,0,,,,,,0,50,groundball_sp,
P9701,Myles,Hales,2007-12-07,75,191,Anglo,light,blonde,clean_shaven,S,P,,1,RP,SP,,,,,49,,,,52,54,53,50,52,49,51,0,60,62,0,0,0,,,,,0,,,,69,84,72,62,67,61,79,0,77,83,0,0,0,False,,,0,,,,,,0,50,power_sp,
P5456,Jason,Wunderlich,2006-07-31,72,224,Anglo,medium,black,mustache,R,C,,0,,,53,53,49,50,50,50,59,49,51,52,,,,,,,,,,,,71,83,64,65,50,0,0,49,71,66,,,,,,,,,,,,False,,,0,,,,,,0,50,,balanced
P4124,Carlos,Flores,2005-01-23,70,189,Hispanic,light,blonde,clean_shaven,R,C,,0,,,52,52,47,50,49,50,57,49,52,52,,,,,,,,,,,,76,70,75,71,49,0,0,49,74,78,,,,,,,,,,,,False,,,0,,,,,,0,50,,average
P6522,Russ,Tomlinson,2005-06-29,76,239,Anglo,light,black,clean_shaven,R,2B,,0,,,51,48,48,50,50,51,55,52,51,52,,,,,,,,,,,,80,76,75,80,50,0,0,52,61,74,,,,,,,,,,,,False,,,0,,,,,,0,50,,average
P5526,Hector,Rivera,2005-05-23,73,249,Hispanic,medium,brown,clean_shaven,L,LF,,0,,,52,54,51,51,49,49,51,48,48,50,,,,,,,,,,,,77,67,65,75,49,0,0,48,63,77,,,,,,,,,,,,False,,,0,,,,,,0,50,,balanced
P5398,Kevin,Saxena,2007-12-29,78,182,Anglo,medium,brown,mustache,R,SS,,0,,,49,48,51,49,48,51,57,52,50,52,,,,,,,,,,,,69,61,66,78,48,0,0,52,78,67,,,,,,,,,,,,False,,,0,,,,,,0,50,,average
P3797,Donald,Wollard,1990-06-13,73,218,Anglo,medium,brown,clean_shaven,L,P,,1,RP,CL,,,,,55,,,,52,54,49,52,54,52,54,0,0,65,0,0,0,,,,,0,,,,52,46,48,50,41,51,48,0,0,65,0,0,0,False,,,0,,,,,,0,50,closer,
P7460,Arlie,Kostka,1988-02-15,71,227,Anglo,light,brown,clean_shaven,R,P,,1,RP,RP,,,,,50,,,,50,52,50,52,53,50,52,58,59,0,0,0,0,,,,,0,,,,49,49,48,43,46,41,43,57,52,0,0,0,0,False,,,0,,,,,,0,50,finesse_rp,
P5085,Luther,Weirauch,1990-08-22,69,242,Anglo,light,red,mustache,R,P,,1,RP,SP,,,,,49,,,,52,51,53,52,52,52,49,0,62,60,0,0,0,,,,,0,,,,47,51,47,48,48,52,44,0,61,55,0,0,0,False,,,0,,,,,,0,50,balanced_sp,
P5767,Willis,Matheney,1994-08-29,72,197,Anglo,light,red,clean_shaven,L,P,,1,RP,SP,,,,,51,,,,52,50,53,51,54,49,53,58,62,61,0,0,0,,,,,0,,,,47,54,56,56,50,48,50,58,61,63,0,0,0,False,,,0,,,,,,0,50,workhorse_sp,
P3955,Domingo,Flaherty,1990-08-06,78,160,Anglo,medium,brown,goatee,L,P,,1,RP,SP,,,,,51,,,,49,51,53,50,52,47,51,62,63,62,58,0,0,,,,,0,,,,39,51,44,51,49,45,50,55,55,62,55,0,0,False,,,0,,,,,,0,50,power_sp,
P8824,German,Vence,1999-10-27,76,201,Anglo,medium,brown,clean_shaven,R,P,,1,RP,RP,,,,,49,,,,52,51,48,50,52,49,50,0,61,63,0,0,0,,,,,0,,,,62,58,64,64,61,58,58,0,71,72,0,0,0,False,,,0,,,,,,0,50,power_rp,
P3880,Aldo,Beliard,1996-01-29,70,169,Anglo,medium,black,clean_shaven,L,P,,1,RP,RP,,,,,53,,,,49,52,48,53,52,49,54,58,59,0,59,0,0,,,,,0,,,,44,52,52,49,44,44,49,60,63,0,58,0,0,False,,,0,,,,,,0,50,finesse_rp,
P1808,Carol,Gosney,1992-09-24,69,241,Anglo,light,brown,mustache,R,P,,1,RP,SP,,,,,52,,,,49,48,53,51,52,52,51,63,64,0,0,0,0,,,,,0,,,,44,40,41,42,50,46,49,60,56,0,0,0,0,False,,,0,,,,,,0,50,finesse_sp,
P1709,Todd,Andreoni,1996-09-04,73,182,Anglo,medium,black,clean_shaven,L,P,,1,RP,SP,,,,,50,,,,48,50,52,51,53,52,51,62,60,60,59,0,0,,,,,0,,,,48,49,56,49,54,48,52,66,58,56,57,0,0,False,,,0,,,,,,0,50,finesse_sp,
P9250,Abraham,Slane,1997-05-03,75,167,Anglo,light,blonde,beard,R,P,,1,RP,SP,,,,,52,,,,53,54,54,50,52,47,54,0,59,60,0,0,0,,,,,0,,,,56,52,52,54,52,49,56,0,57,62,0,0,0,False,,,0,,,,,,0,50,power_sp,
P1441,Gail,Vickery,1995-08-20,78,237,Anglo,light,blonde,beard,R,P,,1,RP,SP,,,,,47,,,,50,50,52,52,52,50,52,58,60,63,0,58,0,,,,,0,,,,48,48,51,56,50,49,52,58,61,59,0,53,0,False,,,0,,,,,,0,50,power_sp,
P2996,Angel,Hollenbaugh,1989-06-18,72,177,Anglo,medium,red,clean_shaven,R,C,,0,,,51,48,49,52,53,49,59,52,49,51,,,,,,,,,,,,45,40,41,48,53,0,0,52,49,47,,,,,,,,,,,,False,,,0,,,,,,0,50,,average
P8004,Floyd,Lataquin,1995-12-15,74,238,Anglo,dark,brown,goatee,L,1B,,0,,,51,64,52,51,50,53,46,53,50,51,,,,,,,,,,,,46,63,54,46,50,0,0,53,52,47,,,,,,,,,,,,False,,,0,,,,,,0,50,,power
P4756,Kendrick,Denogean,1995-09-28,74,212,Anglo,medium,blonde,goatee,L,2B,,0,,,50,60,51,49,52,49,46,52,53,52,,,,,,,,,,,,55,63,53,51,52,0,0,52,51,49,,,,,,,,,,,,False,,,0,,,,,,0,50,,power
P8300,Miquel,Natt,1994-11-16,70,227,Anglo,light,brown,clean_shaven,R,3B,,0,,,52,51,85,51,51,49,59,52,50,53,,,,,,,,,,,,53,49,88,51,51,0,0,52,51,52,,,,,,,,,,,,False,,,0,,,,,,0,50,,elite_speed
P1668,Val,Coffie,2001-03-29,72,247,Anglo,light,brown,mustache,R,SS,,0,,,48,50,50,49,48,48,56,53,50,50,,,,,,,,,,,,63,61,58,61,48,0,0,53,64,65,,,,,,,,,,,,False,,,0,,,,,,0,50,,average
P2174,Carol,Warncke,1997-07-13,78,248,Anglo,dark,red,clean_shaven,L,LF,,0,,,51,58,49,50,52,53,49,49,51,53,,,,,,,,,,,,48,62,48,52,52,0,0,49,49,52,,,,,,,,,,,,False,,,0,,,,,,0,50,,gap
P1122,Otto,Mclagan,1990-11-29,68,234,Anglo,light,brown,beard,R,CF,,0,,,62,50,52,51,53,51,51,50,49,50,,,,,,,,,,,,62,44,51,48,53,0,0,50,49,44,,,,,,,,,,,,False,,,0,,,,,,0,50,,spray
P8269,Luke,Glessner,2004-08-27,78,179,Anglo,light,blonde,clean_shaven,S,RF,CF,0,,,52,58,51,51,48,51,54,50,50,48,,,,,,,,,,,,68,76,76,65,48,0,0,50,68,74,,,,,,,,,,,,False,,,0,,,,,,0,50,,power
P8479,Cristopher,Kole,1991-01-08,75,180,Anglo,dark,blonde,beard,L,1B,,0,,,52,50,70,53,52,47,46,51,49,48,,,,,,,,,,,,42,40,65,43,52,0,0,51,43,41,,,,,,,,,,,,False,,,0,,,,,,0,50,,speed
P6772,Chauncey,Wyles,1998-12-18,68,166,Anglo,medium,blonde,clean_shaven,R,SS,,0,,,51,48,70,52,50,49,61,52,51,50,,,,,,,,,,,,61,55,84,64,50,0,0,52,58,55,,,,,,,,,,,,False,,,0,,,,,,0,50,,speed
P1565,Zachery,Greet,2001-04-01,68,246,Anglo,medium,black,clean_shaven,R,3B,,0,,,48,51,50,51,48,49,58,52,51,49,,,,,,,,,,,,62,58,61,59,48,0,0,52,62,58,,,,,,,,,,,,False,,,0,,,,,,0,50,,average
P2215,Cyrus,Humpal,1995-08-25,71,227,Anglo,dark,blonde,clean_shaven,R,2B,,0,,,57,51,48,56,51,47,57,49,49,51,,,,,,,,,,,,61,46,49,56,51,0,0,49,49,56,,,,,,,,,,,,False,,,0,,,,,,0,50,,spray
P5821,Tommy,Hanlon,1992-01-18,71,217,Anglo,medium,black,clean_shaven,R,C,,0,,,50,53,48,49,49,53,57,50,50,52,,,,,,,,,,,,44,49,47,43,49,0,0,50,41,42,,,,,,,,,,,,False,,,0,,,,,,0,50,,balanced
P8074,Shawn,Peralto,2001-02-11,77,191,Anglo,medium,black,clean_shaven,L,LF,,0,,,53,56,51,52,52,53,46,49,50,50,,,,,,,,,,,,62,69,60,59,52,0,0,49,65,65,,,,,,,,,,,,False,,,0,,,,,,0,50,,balanced
P2229,Stanford,Sanders,1995-12-18,77,194,Anglo,medium,brown,clean_shaven,R,P,,1,RP,CL,,,,,55,,,,51,51,47,52,52,52,54,56,0,65,0,0,0,,,,,0,,,,49,52,54,48,51,53,55,56,0,70,0,0,0,False,,,0,,,,,,0,50,closer,
P2482,Doyle,Camerena,1995-11-29,71,241,Anglo,light,brown,clean_shaven,R,P,,1,RP,SP,,,,,49,,,,49,50,50,53,53,47,51,59,0,61,0,0,0,,,,,0,,,,54,52,50,49,53,44,47,59,0,66,0,0,0,False,,,0,,,,,,0,50,workhorse_sp,
P5212,Rupert,Dafonte,1991-08-08,78,189,Anglo,medium,blonde,clean_shaven,L,P,,1,RP,RP,,,,,57,,,,51,53,51,50,52,51,52,0,0,0,60,0,0,,,,,0,,,,46,47,45,43,43,50,50,0,0,0,57,0,0,False,,,0,,,,,,0,50,groundball_rp,
P8741,Keith,Postuci,1994-02-28,71,232,Anglo,medium,black,clean_shaven,R,P,,1,RP,SP,,,,,51,,,,52,52,52,50,52,50,53,61,60,62,60,0,0,,,,,0,,,,48,47,50,44,52,48,52,59,57,60,58,0,0,False,,,0,,,,,,0,50,balanced_sp,
P2928,Fredrick,Wohlers,1993-06-05,69,221,Anglo,medium,black,goatee,L,P,,1,RP,RP,,,,,51,,,,49,52,50,51,53,52,54,0,0,63,0,0,0,,,,,0,,,,48,50,44,50,45,51,45,0,0,63,0,0,0,False,,,0,,,,,,0,50,power_rp,
P3417,Alexis,Hadsall,2003-12-23,68,203,Anglo,medium,black,mustache,R,P,,1,RP,SP,,,,,53,,,,50,50,53,50,52,50,52,60,59,59,0,56,0,,,,,0,,,,64,64,56,57,68,64,63,69,74,66,0,69,0,False,,,0,,,,,,0,50,workhorse_sp,
P9276,Jayson,Masell,2004-03-11,73,201,Anglo,medium,brown,clean_shaven,R,P,,1,RP,SP,,,,,51,,,,49,48,53,50,52,51,51,60,63,58,0,54,0,,,,,0,,,,75,75,80,73,68,74,70,80,78,69,0,81,0,False,,,0,,,,,,0,50,workhorse_sp,
P8326,Olen,Spirer,2003-11-12,71,186,Anglo,dark,blonde,clean_shaven,R,2B,,0,,,52,53,52,51,52,51,56,48,50,49,,,,,,,,,,,,63,58,65,60,52,0,0,48,64,54,,,,,,,,,,,,False,,,0,,,,,,0,50,,balanced
P3049,Jerald,Shaklee,1990-04-27,77,190,Anglo,light,blonde,clean_shaven,R,LF,,0,,,51,52,50,52,49,50,58,49,49,52,,,,,,,,,,,,43,46,50,51,49,0,0,49,40,50,,,,,,,,,,,,False,,,0,,,,,,0,50,,average
P9562,Chauncey,Thomison,1997-09-09,74,200,Anglo,dark,black,clean_shaven,R,2B,,0,,,68,49,50,56,50,47,54,49,51,52,,,,,,,,,,,,66,50,53,55,50,0,0,49,53,56,,,,,,,,,,,,False,,,0,,,,,,0,50,,spray
P3639,Bryan,Mclennon,1988-01-09,71,180,Anglo,light,brown,beard,R,C,,0,,,52,50,84,51,49,47,58,50,50,52,,,,,,,,,,,,44,47,75,43,49,0,0,50,48,49,,,,,,,,,,,,False,,,0,,,,,,0,50,,speed
P6572,Tuan,Shipe,1992-03-09,71,167,Anglo,light,blonde,clean_shaven,S,1B,,0,,,53,50,50,52,52,51,52,53,50,48,,,,,,,,,,,,51,50,50,45,52,0,0,53,45,47,,,,,,,,,,,,False,,,0,,,,,,0,50,,balanced
P2520,Omar,Surina,1999-08-10,77,243,Anglo,light,brown,clean_shaven,R,CF,LF,0,,,65,49,53,53,51,48,50,50,49,49,,,,,,,,,,,,76,55,63,66,51,0,0,50,62,61,,,,,,,,,,,,False,,,0,,,,,,0,50,,spray
P5084,Marcelo,Rubulcaba,1987-08-12,76,183,Anglo,light,black,goatee,R,C,,0,,,50,58,52,51,49,53,55,52,50,51,,,,,,,,,,,,42,55,43,46,49,0,0,52,44,45,,,,,,,,,,,,False,,,0,,,,,,0,50,,power
P7370,Teddy,Pong,1995-06-15,70,201,Anglo,medium,blonde,clean_shaven,S,SS,,0,,,51,50,54,52,51,49,51,52,52,51,,,,,,,,,,,,51,45,51,47,51,0,0,52,54,56,,,,,,,,,,,,False,,,0,,,,,,0,50,,gap
P6446,Numbers,Charest,2004-09-23,74,181,Anglo,medium,brown,clean_shaven,R,P,,1,RP,CL,,,,,55,,,,49,50,47,50,52,49,55,0,0,67,0,0,0,,,,,0,,,,73,61,64,70,63,60,69,0,0,78,0,0,0,False,,,0,,,,,,0,50,closer,
P3475,Marco,Skarke,2007-09-20,68,172,Anglo,medium,blonde,clean_shaven,L,P,,1,RP,RP,,,,,54,,,,52,52,52,50,52,50,50,0,0,67,64,0,0,,,,,0,,,,80,75,60,62,75,68,80,0,0,83,86,0,0,False,,,0,,,,,,0,50,groundball_rp,
P9380,Rigoberto,Minert,2007-07-26,76,205,Anglo,light,brown,goatee,S,P,,1,RP,SP,,,,,48,,,,50,52,54,50,53,52,53,58,63,58,0,56,0,,,,,0,,,,72,77,79,75,64,67,77,79,85,78,0,79,0,False,,,0,,,,,,0,50,power_sp,
P9109,Delbert,Wilner,2004-10-19,68,228,Anglo,light,brown,clean_shaven,R,P,,1,RP,SP,,,,,49,,,,52,50,54,50,52,49,51,58,61,59,60,0,0,,,,,0,,,,65,67,61,75,77,66,66,72,89,69,83,0,0,False,,,0,,,,,,0,50,groundball_sp,
P7765,Abdul,Koepf,2007-08-22,68,224,Anglo,light,black,clean_shaven,S,P,,1,RP,SP,,,,,52,,,,49,51,52,52,52,48,54,59,64,60,0,0,0,,,,,0,,,,78,69,77,64,63,58,83,89,93,81,0,0,0,False,,,0,,,,,,0,50,power_sp,
P7996,Galen,Marchuk,2004-08-09,75,208,Anglo,light,black,clean_shaven,R,C,,0,,,53,59,49,52,48,52,59,51,53,50,,,,,,,,,,,,77,74,63,72,48,0,0,51,75,69,,,,,,,,,,,,False,,,0,,,,,,0,50,,power
P2588,Barton,Figuroa,2006-07-09,73,210,Anglo,light,red,mustache,R,2B,,0,,,61,50,52,54,52,49,57,48,49,53,,,,,,,,,,,,72,64,74,77,52,0,0,48,74,77,,,,,,,,,,,,False,,,0,,,,,,0,50,,spray
P6939,Lanny,Sonkin,2004-09-13,75,170,Anglo,light,blonde,clean_shaven,R,CF,,0,,,53,48,70,52,50,48,50,48,49,50,,,,,,,,,,,,67,71,99,73,50,0,0,48,70,60,,,,,,,,,,,,False,,,0,,,,,,0,50,,speed
P3872,Lorenzo,Unkn,2007-01-30,73,243,Anglo,medium,red,clean_shaven,R,SS,,0,,,47,54,50,49,49,51,56,51,51,52,,,,,,,,,,,,59,79,75,66,49,0,0,51,81,82,,,,,,,,,,,,False,,,0,,,,,,0,50,,power
P6810,Roderick,Kodama,2007-03-31,78,171,Anglo,light,brown,clean_shaven,L,LF,,0,,,53,63,51,52,47,50,47,53,51,50,,,,,,,,,,,,83,85,61,73,47,0,0,53,65,74,,,,,,,,,,,,False,,,0,,,,,,0,50,,power
P1116,John,Doe,1994-01-25,74,209,Unknown,light,brown,clean_shaven,R,P,,1,RP,CL,,,,,55,,,,48,51,47,50,54,48,51,0,0,65,0,0,0,,,,,0,,,,44,44,42,50,45,42,42,0,0,58,0,0,0,False,,,0,,,,,,0,50,closer,
P8697,John,Doe,2004-02-02,71,164,Unknown,medium,black,clean_shaven,S,P,,1,RP,LR,,,,,52,,,,50,49,53,52,54,50,54,59,59,63,0,0,0,,,,,0,,,,60,60,59,64,60,63,61,73,70,68,0,0,0,False,,,0,,,,,,0,50,long_relief,
P3002,John,Doe,2004-02-23,76,161,Unknown,light,black,clean_shaven,S,P,,1,RP,SP,,,,,50,,,,52,50,53,53,52,51,49,62,60,60,60,0,0,,,,,0,,,,58,65,66,65,66,56,55,74,66,71,65,0,0,False,,,0,,,,,,0,50,finesse_sp,
P5175,John,Doe,2002-08-26,73,175,Unknown,dark,blonde,clean_shaven,R,P,,1,RP,RP,,,,,49,,,,51,50,52,51,53,50,52,0,61,67,60,0,0,,,,,0,,,,57,63,57,61,64,60,61,0,67,78,65,0,0,False,,,0,,,,,,0,50,power_rp,
P9451,John,Doe,1988-04-07,77,215,Unknown,dark,blonde,clean_shaven,R,P,,1,RP,SP,,,,,63,,,,48,50,50,50,52,49,51,61,64,60,54,0,0,,,,,57,,,,39,46,50,48,49,43,41,54,59,53,51,0,0,False,,,0,,,,,,0,50,power_sp,
P5586,John,Doe,1989-09-26,74,186,Unknown,light,black,clean_shaven,R,P,,1,RP,SP,,,,,52,,,,51,53,50,53,52,49,50,0,59,60,0,0,0,,,,,0,,,,45,47,44,50,47,48,40,0,52,50,0,0,0,False,,,0,,,,,,0,50,power_sp,
P1800,John,Doe,1998-12-16,74,235,Unknown,dark,black,clean_shaven,R,P,,1,RP,RP,,,,,49,,,,50,51,52,51,54,53,53,0,59,0,0,0,0,,,,,0,,,,58,57,62,62,67,66,64,0,66,0,0,0,0,False,,,0,,,,,,0,50,power_rp,
P7424,John,Doe,1995-08-12,73,171,Unknown,medium,brown,clean_shaven,L,P,,1,RP,SP,,,,,50,,,,48,50,54,53,52,51,52,57,58,0,58,0,0,,,,,0,,,,52,49,48,52,55,48,47,54,63,0,54,0,0,False,,,0,,,,,,0,50,groundball_sp,
P9903,John,Doe,2000-09-12,72,186,Unknown,medium,blonde,clean_shaven,R,P,,1,RP,RP,,,,,49,,,,52,50,49,50,53,50,52,0,60,63,0,59,0,,,,,0,,,,62,59,59,64,54,65,58,0,67,78,0,65,0,False,,,0,,,,,,0,50,power_rp,
P9676,John,Doe,1991-06-05,73,248,Unknown,light,black,goatee,L,P,,1,RP,SP,,,,,51,,,,48,52,50,50,52,51,53,60,60,62,55,0,0,,,,,0,,,,48,46,50,52,41,47,51,50,55,58,47,0,0,False,,,0,,,,,,0,50,power_sp,
P6073,John,Doe,1996-10-10,73,241,Unknown,medium,black,clean_shaven,R,P,,1,RP,RP,,,,,57,,,,51,49,52,50,52,53,50,55,0,0,62,0,0,,,,,0,,,,55,52,53,52,53,49,52,58,0,0,63,0,0,False,,,0,,,,,,0,50,groundball_rp,
P6836,John,Doe,2004-10-14,71,240,Unknown,dark,brown,goatee,R,C,,0,,,58,52,49,52,53,49,59,52,52,50,,,,,,,,,,,,74,72,60,78,53,0,0,52,70,60,,,,,,,,,,,,False,,,0,,,,,,0,50,,spray
P9247,John,Doe,1990-08-11,73,185,Unknown,light,black,mustache,L,1B,,0,,,58,54,52,50,52,51,47,50,51,52,,,,,,,,,,,,50,45,46,49,52,0,0,50,47,42,,,,,,,,,,,,False,,,0,,,,,,0,50,,balanced
P3561,John,Doe,2000-11-04,70,170,Unknown,dark,brown,beard,R,2B,,0,,,64,49,49,56,53,48,58,51,50,52,,,,,,,,,,,,69,57,60,67,53,0,0,51,59,66,,,,,,,,,,,,False,,,0,,,,,,0,50,,spray
P8614,John,Doe,1991-08-28,76,160,Unknown,dark,brown,clean_shaven,R,3B,,0,,,52,52,53,51,51,50,60,52,49,49,,,,,,,,,,,,52,43,53,43,51,0,0,52,43,46,,,,,,,,,,,,False,,,0,,,,,,0,50,,balanced
P8942,John,Doe,2001-03-27,70,179,Unknown,dark,black,clean_shaven,R,SS,,0,,,51,49,52,50,52,47,61,50,47,50,,,,,,,,,,,,58,63,57,56,52,0,0,50,52,61,,,,,,,,,,,,False,,,0,,,,,,0,50,,balanced
P3175,John,Doe,1991-05-08,75,232,Unknown,light,brown,goatee,R,LF,,0,,,50,65,50,50,51,49,56,53,52,50,,,,,,,,,,,,40,62,46,48,51,0,0,53,42,50,,,,,,,,,,,,False,,,0,,,,,,0,50,,power
P1806,John,Doe,1997-05-27,73,222,Unknown,dark,brown,mustache,L,CF,,0,,,57,48,53,54,53,51,49,51,51,48,,,,,,,,,,,,57,52,50,57,53,0,0,51,46,52,,,,,,,,,,,,False,,,0,,,,,,0,50,,spray
P2717,John,Doe,1992-07-09,77,228,Unknown,medium,black,clean_shaven,L,RF,,0,,,53,60,52,50,48,51,50,51,50,50,,,,,,,,,,,,43,51,46,47,48,0,0,51,42,44,,,,,,,,,,,,False,,,0,,,,,,0,50,,power
P7303,John,Doe,1991-06-27,70,188,Unknown,medium,brown,beard,R,2B,,0,,,60,52,51,54,51,49,55,50,49,52,,,,,,,,,,,,56,44,51,52,51,0,0,50,48,46,,,,,,,,,,,,False,,,0,,,,,,0,50,,spray
P3251,John,Doe,1987-07-10,77,241,Unknown,dark,brown,beard,L,1B,,0,,,51,50,53,49,48,49,49,48,50,50,,,,,,,,,,,,45,48,44,47,48,0,0,48,45,43,,,,,,,,,,,,False,,,0,,,,,,0,50,,average
P5583,John,Doe,1991-05-05,71,191,Unknown,light,brown,beard,R,RF,,0,,,52,57,52,51,47,50,55,51,49,51,,,,,,,,,,,,48,57,50,41,47,0,0,51,41,45,,,,,,,,,,,,False,,,0,,,,,,0,50,,gap
P2329,John,Doe,2000-10-03,68,193,Unknown,dark,brown,beard,L,RF,,0,,,49,57,49,50,51,54,46,50,49,52,,,,,,,,,,,,56,68,57,55,51,0,0,50,56,62,,,,,,,,,,,,False,,,0,,,,,,0,50,,power
P7156,John,Doe,1990-11-27,75,195,Unknown,medium,black,clean_shaven,L,3B,,0,,,53,49,49,52,52,50,50,52,52,52,,,,,,,,,,,,46,42,40,45,52,0,0,52,51,51,,,,,,,,,,,,False,,,0,,,,,,0,50,,balanced
P9054,John,Doe,2003-10-13,73,172,Unknown,dark,brown,clean_shaven,L,C,,0,,,52,51,47,50,50,52,51,51,52,52,,,,,,,,,,,,65,66,60,56,50,0,0,51,59,63,,,,,,,,,,,,False,,,0,,,,,,0,50,,balanced
P2421,John,Doe,2004-06-28,69,216,Unknown,dark,brown,beard,R,P,,1,RP,CL,,,,,55,,,,52,50,49,52,52,49,55,0,62,65,0,0,0,,,,,0,,,,74,65,81,63,74,72,71,0,80,85,0,0,0,False,,,0,,,,,,0,50,closer,
P1753,John,Doe,1998-11-30,69,209,Unknown,dark,blonde,clean_shaven,L,P,,1,RP,SP,,,,,52,,,,52,53,53,50,52,53,51,60,58,60,57,0,0,,,,,0,,,,64,66,62,65,63,58,59,70,64,68,70,0,0,False,,,0,,,,,,0,50,groundball_sp,
P5333,John,Doe,1997-02-15,70,207,Unknown,light,black,clean_shaven,L,P,,1,RP,SP,,,,,49,,,,50,50,53,53,54,48,53,61,61,61,60,0,0,,,,,0,,,,45,55,49,55,55,45,54,59,61,65,62,0,0,False,,,0,,,,,,0,50,finesse_sp,
P3986,John,Doe,1987-10-21,70,220,Unknown,light,brown,clean_shaven,L,P,,1,RP,SP,,,,,53,,,,49,48,54,50,53,48,52,60,61,59,60,0,0,,,,,0,,,,48,40,41,53,47,41,49,52,57,58,58,0,0,False,,,0,,,,,,0,50,groundball_sp,
P4781,John,Doe,1997-05-27,72,246,Unknown,dark,black,clean_shaven,S,P,,1,RP,RP,,,,,54,,,,50,52,50,53,52,51,51,61,61,0,0,0,0,,,,,0,,,,45,56,55,48,47,48,54,66,66,0,0,0,0,False,,,0,,,,,,0,50,finesse_rp,
P8847,John,Doe,1991-08-12,70,177,Unknown,dark,red,clean_shaven,R,P,,1,RP,LR,,,,,51,,,,48,49,49,50,52,49,52,56,62,65,0,0,0,,,,,0,,,,44,46,50,47,49,43,46,56,54,56,0,0,0,False,,,0,,,,,,0,50,long_relief,
P9425,John,Doe,1987-07-03,71,220,Unknown,light,brown,clean_shaven,R,P,,1,RP,SP,,,,,52,,,,48,53,50,50,52,49,56,0,59,59,58,0,0,,,,,0,,,,43,48,42,49,48,44,52,0,58,57,57,0,0,False,,,0,,,,,,0,50,power_sp,
P9455,John,Doe,2000-01-17,73,193,Unknown,light,black,clean_shaven,R,3B,,0,,,51,49,51,52,51,51,59,49,50,52,,,,,,,,,,,,66,56,57,64,51,0,0,49,58,64,,,,,,,,,,,,False,,,0,,,,,,0,50,,average
P8657,John,Doe,1992-05-21,68,164,Unknown,medium,brown,mustache,R,3B,,0,,,51,48,72,52,52,52,57,50,52,51,,,,,,,,,,,,51,43,69,42,52,0,0,50,43,42,,,,,,,,,,,,False,,,0,,,,,,0,50,,speed
P6568,John,Doe,1994-04-12,69,230,Unknown,dark,black,clean_shaven,S,SS,,0,,,50,58,48,51,50,49,53,52,49,51,,,,,,,,,,,,55,56,53,48,50,0,0,52,54,48,,,,,,,,,,,,False,,,0,,,,,,0,50,,power
P4107,John,Doe,2002-11-27,77,221,Unknown,dark,brown,clean_shaven,L,2B,,0,,,56,50,50,53,50,48,52,50,53,48,,,,,,,,,,,,62,63,60,64,50,0,0,50,63,58,,,,,,,,,,,,False,,,0,,,,,,0,50,,gap
P3585,John,Doe,1999-01-10,69,246,Unknown,light,red,mustache,R,CF,LF,0,,,52,48,70,51,53,50,56,50,51,49,,,,,,,,,,,,60,56,76,58,53,0,0,50,62,57,,,,,,,,,,,,False,,,0,,,,,,0,50,,speed
P2810,John,Doe,1991-12-31,69,166,Unknown,medium,black,clean_shaven,R,LF,,0,,,51,55,52,52,50,51,57,52,50,49,,,,,,,,,,,,47,46,47,42,50,0,0,52,42,49,,,,,,,,,,,,False,,,0,,,,,,0,50,,balanced
P6147,John,Doe,1993-05-14,69,237,Unknown,dark,brown,mustache,R,3B,,0,,,51,52,50,50,48,51,55,52,51,52,,,,,,,,,,,,51,52,41,44,48,0,0,52,44,43,,,,,,,,,,,,False,,,0,,,,,,0,50,,balanced
P7576,John,Doe,1996-04-22,76,219,Unknown,dark,black,mustache,S,SS,,0,,,50,51,52,52,51,48,57,50,50,50,,,,,,,,,,,,49,51,49,50,51,0,0,50,48,50,,,,,,,,,,,,False,,,0,,,,,,0,50,,gap
P2465,John,Doe,2005-07-05,71,229,Unknown,dark,brown,mustache,L,P,,1,RP,CL,,,,,55,,,,52,52,47,51,52,50,51,58,61,66,0,0,0,,,,,0,,,,70,64,74,68,75,70,72,81,76,76,0,0,0,False,,,0,,,,,,0,50,closer,
P5390,John,Doe,2004-12-27,68,249,Unknown,medium,brown,beard,R,P,,1,RP,RP,,,,,51,,,,51,52,52,50,54,50,52,60,0,0,0,0,0,,,,,0,,,,68,62,77,69,65,77,69,85,0,0,0,0,0,False,,,0,,,,,,0,50,finesse_rp,
P9667,John,Doe,2007-08-12,77,200,Unknown,dark,brown,clean_shaven,L,P,,1,RP,RP,,,,,55,,,,49,52,52,50,52,53,53,0,61,63,60,0,0,,,,,0,,,,73,69,71,75,74,81,70,0,80,79,72,0,0,False,,,0,,,,,,0,50,groundball_rp,
P3624,John,Doe,2005-02-24,77,194,Unknown,medium,blonde,clean_shaven,S,P,,1,RP,SP,,,,,48,,,,53,50,52,50,52,51,49,0,59,64,0,0,0,,,,,0,,,,80,74,78,69,68,66,76,0,77,76,0,0,0,False,,,0,,,,,,0,50,power_sp,
P2233,John,Doe,2008-01-06,68,230,Unknown,dark,brown,clean_shaven,L,P,,1,RP,SP,,,,,52,,,,49,53,53,52,54,50,50,61,63,58,0,58,0,,,,,0,,,,61,70,82,69,75,73,67,90,76,79,0,71,0,False,,,0,,,,,,0,50,balanced_sp,
P9878,John,Doe,2007-09-10,73,208,Unknown,medium,brown,clean_shaven,R,SS,,0,,,49,60,50,49,47,52,59,49,52,47,,,,,,,,,,,,60,86,77,77,47,0,0,49,62,63,,,,,,,,,,,,False,,,0,,,,,,0,50,,power
P3105,John,Doe,2007-10-19,77,237,Unknown,light,brown,beard,L,RF,,0,,,49,51,48,48,51,51,48,52,52,52,,,,,,,,,,,,66,70,74,70,51,0,0,52,77,70,,,,,,,,,,,,False,,,0,,,,,,0,50,,average
P1981,John,Doe,2004-03-13,77,212,Unknown,medium,black,clean_shaven,R,RF,,0,,,57,50,49,52,50,49,52,49,49,49,,,,,,,,,,,,78,72,70,70,50,0,0,49,64,74,,,,,,,,,,,,False,,,0,,,,,,0,50,,spray
P2833,John,Doe,2007-08-03,78,161,Unknown,light,red,clean_shaven,R,C,,0,,,52,49,87,52,50,53,55,49,52,50,,,,,,,,,,,,71,62,99,71,50,0,0,49,66,67,,,,,,,,,,,,False,,,0,,,,,,0,50,,speed
P1298,John,Doe,2007-09-08,72,177,Unknown,medium,brown,clean_shaven,L,C,,0,,,69,53,51,50,52,49,47,53,53,49,,,,,,,,,,,,86,77,63,61,52,0,0,53,69,59,,,,,,,,,,,,False,,,0,,,,,,0,50,,spray
P4190,John,Doe,2003-11-29,68,212,Unknown,dark,black,clean_shaven,R,P,,1,RP,CL,,,,,55,,,,51,52,48,53,55,49,55,56,58,65,0,0,0,,,,,0,,,,65,61,59,60,56,56,60,65,65,74,0,0,0,False,,,0,,,,,,0,50,closer,
P6990,John,Doe,2000-03-11,68,196,Unknown,light,brown,mustache,L,P,RF,1,RP,LR,,,,,52,,,,52,52,52,51,52,49,49,59,59,66,0,0,0,,,,,0,,,,59,61,63,59,60,56,61,71,73,71,0,0,0,False,,,0,,,,,,0,50,long_relief,
P3560,John,Doe,2003-12-21,77,246,Unknown,light,brown,clean_shaven,L,P,,1,RP,SP,,,,,51,,,,50,50,51,52,52,49,53,62,62,61,0,0,0,,,,,0,,,,58,56,67,63,65,56,68,67,75,72,0,0,0,False,,,0,,,,,,0,50,finesse_sp,
P6652,John,Doe,1993-08-08,73,242,Unknown,light,brown,clean_shaven,R,P,,1,RP,RP,,,,,57,,,,49,52,49,51,52,50,53,0,0,63,62,0,0,,,,,0,,,,39,44,42,52,41,46,52,0,0,56,62,0,0,False,,,0,,,,,,0,50,groundball_rp,
P9122,John,Doe,1999-10-17,71,181,Unknown,light,black,clean_shaven,R,P,,1,RP,RP,,,,,48,,,,52,53,48,53,52,52,51,58,63,0,61,0,0,,,,,0,,,,61,66,62,60,62,60,56,68,69,0,66,0,0,False,,,0,,,,,,0,50,finesse_rp,
P2526,John,Doe,1996-07-30,73,199,Unknown,medium,blonde,mustache,L,P,,1,RP,RP,,,,,57,,,,50,51,53,53,52,52,51,56,58,0,62,0,0,,,,,0,,,,53,48,49,57,48,55,47,59,53,0,59,0,0,False,,,0,,,,,,0,50,groundball_rp,
P8506,John,Doe,1989-06-16,73,200,Unknown,light,black,mustache,R,P,,1,RP,SP,,,,,48,,,,48,52,54,50,52,49,54,0,60,62,0,0,0,,,,,0,,,,48,46,42,47,49,41,46,0,51,53,0,0,0,False,,,0,,,,,,0,50,power_sp,
P8253,John,Doe,2002-02-23,74,166,Unknown,medium,black,mustache,L,P,,1,RP,SP,,,,,48,,,,50,50,51,50,53,51,52,0,62,62,55,55,0,,,,,0,,,,59,60,61,67,61,62,65,0,72,76,65,63,0,False,,,0,,,,,,0,50,power_sp,
P8975,John,Doe,1988-06-05,72,175,Unknown,medium,black,clean_shaven,L,P,,1,RP,SP,,,,,50,,,,51,52,51,51,53,49,50,59,62,58,58,0,0,,,,,0,,,,46,52,44,52,44,46,47,51,55,52,54,0,0,False,,,0,,,,,,0,50,balanced_sp,
P8084,John,Doe,1989-05-28,72,179,Unknown,medium,black,clean_shaven,L,P,,1,RP,SP,,,,,47,,,,52,50,50,53,52,52,50,57,62,58,0,0,0,,,,,0,,,,42,48,43,52,41,51,45,54,52,55,0,0,0,False,,,0,,,,,,0,50,power_sp,
P7820,John,Doe,1994-06-10,74,200,Unknown,dark,blonde,clean_shaven,L,P,,1,RP,RP,,,,,53,,,,49,50,48,52,54,49,52,59,59,0,0,54,0,,,,,0,,,,53,47,49,52,52,48,57,54,62,0,0,55,0,False,,,0,,,,,,0,50,finesse_rp,
P7733,John,Doe,1990-11-25,74,242,Unknown,dark,brown,clean_shaven,L,C,,0,,,51,57,48,52,49,51,50,50,50,52,,,,,,,,,,,,43,51,42,49,49,0,0,50,41,43,,,,,,,,,,,,False,,,0,,,,,,0,50,,power
P5354,John,Doe,2001-04-06,70,217,Unknown,light,black,clean_shaven,R,1B,,0,,,52,61,52,51,49,50,52,52,53,51,,,,,,,,,,,,57,70,57,60,49,0,0,52,64,65,,,,,,,,,,,,False,,,0,,,,,,0,50,,power
P5539,John,Doe,2003-04-09,74,219,Unknown,light,black,clean_shaven,R,2B,,0,,,53,50,52,51,51,52,58,51,48,52,,,,,,,,,,,,66,57,65,56,51,0,0,51,54,61,,,,,,,,,,,,False,,,0,,,,,,0,50,,balanced
P3688,John,Doe,1995-06-18,75,200,Unknown,dark,brown,goatee,R,3B,,0,,,52,48,49,49,51,49,56,51,51,49,,,,,,,,,,,,53,49,53,52,51,0,0,51,50,52,,,,,,,,,,,,False,,,0,,,,,,0,50,,average
P4803,John,Doe,1992-08-07,73,212,Unknown,dark,brown,beard,R,SS,,0,,,50,49,51,49,49,50,55,48,48,47,,,,,,,,,,,,45,46,41,46,49,0,0,48,45,37,,,,,,,,,,,,False,,,0,,,,,,0,50,,average
P4794,John,Doe,2000-12-15,74,243,Unknown,medium,brown,clean_shaven,R,LF,,0,,,49,59,49,49,50,52,57,48,51,52,,,,,,,,,,,,59,69,62,62,50,0,0,48,64,66,,,,,,,,,,,,False,,,0,,,,,,0,50,,power
P5434,John,Doe,2000-06-01,76,184,Unknown,medium,brown,clean_shaven,R,CF,,0,,,51,47,85,53,51,51,53,49,50,50,,,,,,,,,,,,64,53,95,64,51,0,0,49,59,64,,,,,,,,,,,,False,,,0,,,,,,0,50,,elite_speed
P5171,John,Doe,1991-12-24,69,208,Unknown,medium,brown,clean_shaven,R,RF,,0,,,51,51,70,50,50,49,55,50,51,48,,,,,,,,,,,,51,49,69,44,50,0,0,50,51,48,,,,,,,,,,,,False,,,0,,,,,,0,50,,speed
P1838,John,Doe,1995-06-10,76,170,Unknown,light,red,goatee,R,LF,,0,,,51,57,50,52,49,48,55,53,49,50,,,,,,,,,,,,46,62,54,51,49,0,0,53,49,48,,,,,,,,,,,,False,,,0,,,,,,0,50,,gap
P9493,John,Doe,1988-11-03,73,204,Unknown,light,black,beard,L,1B,,0,,,52,49,85,52,53,51,45,51,49,50,,,,,,,,,,,,50,46,79,52,53,0,0,51,41,49,,,,,,,,,,,,False,,,0,,,,,,0,50,,elite_speed
P1849,John,Doe,1995-05-27,68,233,Unknown,medium,brown,clean_shaven,R,RF,,0,,,48,62,51,48,50,52,58,51,48,50,,,,,,,,,,,,50,67,49,45,50,0,0,51,52,54,,,,,,,,,,,,False,,,0,,,,,,0,50,,power
P6794,John,Doe,2004-04-13,75,217,Unknown,dark,black,clean_shaven,L,CF,,0,,,53,50,70,52,50,51,43,49,48,52,,,,,,,,,,,,70,75,89,65,50,0,0,49,68,72,,,,,,,,,,,,False,,,0,,,,,,0,50,,speed
P3931,John,Doe,2003-09-05,74,192,Unknown,dark,black,clean_shaven,R,2B,SS,0,,,50,52,70,51,50,50,59,49,51,52,,,,,,,,,,,,62,58,79,59,50,0,0,49,63,67,,,,,,,,,,,,False,,,0,,,,,,0,50,,speed
P7845,John,Doe,1996-01-01,72,167,Unknown,light,black,clean_shaven,L,3B,,0,,,58,60,53,50,48,48,49,52,50,50,,,,,,,,,,,,62,65,53,54,48,0,0,52,55,48,,,,,,,,,,,,False,,,0,,,,,,0,50,,gap
P6368,John,Doe,1995-03-30,69,205,Unknown,medium,blonde,goatee,L,P,,1,RP,CL,,,,,55,,,,50,54,49,50,52,53,52,57,58,65,0,0,0,,,,,0,,,,46,58,54,51,54,57,53,62,54,65,0,0,0,False,,,0,,,,,,0,50,closer,
P8869,John,Doe,2002-01-22,71,164,Unknown,medium,brown,beard,R,P,,1,RP,RP,,,,,52,,,,52,54,50,50,54,52,54,57,61,67,0,0,0,,,,,0,,,,64,60,64,61,55,57,67,65,71,75,0,0,0,False,,,0,,,,,,0,50,power_rp,
P9068,John,Doe,1991-01-22,70,223,Unknown,medium,brown,goatee,R,P,,1,RP,SP,,,,,49,,,,50,50,54,51,52,49,48,60,60,0,55,0,0,,,,,0,,,,47,48,41,48,48,39,41,51,50,0,48,0,0,False,,,0,,,,,,0,50,finesse_sp,
P6004,John,Doe,1999-12-15,71,188,Unknown,medium,black,clean_shaven,L,P,,1,RP,SP,,,,,50,,,,51,52,53,51,52,49,53,63,64,0,0,0,0,,,,,0,,,,60,58,56,62,62,58,68,71,72,0,0,0,0,False,,,0,,,,,,0,50,finesse_sp,
P3656,John,Doe,1989-04-28,74,171,Unknown,light,brown,clean_shaven,R,P,,1,RP,SP,,,,,49,,,,48,52,51,51,53,53,50,61,61,60,0,0,0,,,,,0,,,,40,48,42,43,42,49,50,52,52,55,0,0,0,False,,,0,,,,,,0,50,finesse_sp,
P7858,John,Doe,1999-06-18,77,223,Unknown,light,blonde,beard,R,P,,1,RP,SP,,,,,51,,,,48,50,50,51,52,51,52,58,62,61,54,0,0,,,,,0,,,,58,61,66,57,64,57,66,67,75,73,61,0,0,False,,,0,,,,,,0,50,balanced_sp,
P1274,John,Doe,1997-06-13,70,168,Unknown,medium,black,clean_shaven,L,P,,1,RP,RP,,,,,52,,,,52,53,52,52,52,52,55,0,61,67,0,0,0,,,,,0,,,,47,57,50,53,54,57,55,0,63,64,0,0,0,False,,,0,,,,,,0,50,power_rp,
P4554,John,Doe,1993-12-28,72,246,Unknown,dark,brown,beard,L,CF,,0,,,52,52,54,51,52,54,46,49,47,53,,,,,,,,,,,,47,45,52,43,52,0,0,49,40,53,,,,,,,,,,,,False,,,0,,,,,,0,50,,balanced
P5119,John,Doe,1990-08-30,74,247,Unknown,medium,brown,clean_shaven,R,LF,,0,,,50,53,70,52,51,47,57,51,51,51,,,,,,,,,,,,43,43,66,47,51,0,0,51,41,48,,,,,,,,,,,,False,,,0,,,,,,0,50,,speed
P5948,John,Doe,1993-04-18,72,249,Unknown,dark,blonde,clean_shaven,R,3B,,0,,,50,60,49,51,50,49,57,52,50,49,,,,,,,,,,,,48,52,44,50,50,0,0,52,40,48,,,,,,,,,,,,False,,,0,,,,,,0,50,,power
P2223,John,Doe,1990-12-12,72,166,Unknown,light,blonde,clean_shaven,R,RF,,0,,,48,60,50,48,50,52,55,51,52,51,,,,,,,,,,,,39,53,47,38,50,0,0,51,48,50,,,,,,,,,,,,False,,,0,,,,,,0,50,,power
P9871,John,Doe,1990-02-09,68,249,Unknown,dark,brown,clean_shaven,R,C,,0,,,58,50,53,54,53,50,59,50,51,52,,,,,,,,,,,,51,49,44,54,53,0,0,50,42,42,,,,,,,,,,,,False,,,0,,,,,,0,50,,spray
P3117,John,Doe,1989-02-26,76,178,Unknown,dark,brown,clean_shaven,R,C,,0,,,69,53,51,53,51,47,56,50,51,51,,,,,,,,,,,,59,47,48,47,51,0,0,50,51,48,,,,,,,,,,,,False,,,0,,,,,,0,50,,spray
P7592,John,Doe,1989-02-09,69,221,Unknown,light,blonde,clean_shaven,R,LF,,0,,,49,61,53,49,48,52,55,49,52,53,,,,,,,,,,,,41,52,45,48,48,0,0,49,48,46,,,,,,,,,,,,False,,,0,,,,,,0,50,,power
P4465,John,Doe,1990-05-04,76,163,Unknown,light,blonde,clean_shaven,R,RF,,0,,,49,50,72,51,52,49,55,50,50,50,,,,,,,,,,,,46,45,70,47,52,0,0,50,49,45,,,,,,,,,,,,False,,,0,,,,,,0,50,,speed
P6037,John,Doe,2007-10-05,69,193,Unknown,dark,black,mustache,R,P,,1,RP,CL,,,,,55,,,,49,51,47,52,52,52,53,0,57,65,0,0,0,,,,,0,,,,71,66,64,67,67,73,66,0,87,88,0,0,0,False,,,0,,,,,,0,50,closer,
P2902,John,Doe,2007-07-11,73,244,Unknown,dark,black,goatee,R,P,,1,RP,SP,,,,,50,,,,49,53,54,51,52,49,53,58,60,61,0,0,0,,,,,0,,,,64,66,72,77,80,62,63,70,83,83,0,0,0,False,,,0,,,,,,0,50,balanced_sp,
P6218,John,Doe,2004-12-04,70,234,Unknown,dark,blonde,clean_shaven,S,P,,1,RP,RP,,,,,57,,,,52,52,52,53,52,52,52,59,60,0,61,0,0,,,,,0,,,,69,72,78,73,71,69,62,69,89,0,80,0,0,False,,,0,,,,,,0,50,groundball_rp,
P9295,John,Doe,2005-10-23,74,219,Unknown,light,brown,clean_shaven,S,P,,1,RP,SP,,,,,47,,,,50,54,54,50,53,49,50,0,62,61,0,0,0,,,,,0,,,,63,76,79,68,73,75,80,0,92,90,0,0,0,False,,,0,,,,,,0,50,power_sp,
P2153,John,Doe,2005-08-11,74,202,Unknown,medium,brown,mustache,R,P,,1,RP,SP,,,,,51,,,,52,48,52,51,53,50,51,62,59,61,0,55,0,,,,,0,,,,73,66,67,67,67,62,71,86,73,79,0,74,0,False,,,0,,,,,,0,50,finesse_sp,
P3710,John,Doe,2006-02-05,73,212,Unknown,dark,blonde,clean_shaven,S,2B,,0,,,50,52,49,51,48,49,52,48,49,52,,,,,,,,,,,,61,66,73,77,48,0,0,48,66,81,,,,,,,,,,,,False,,,0,,,,,,0,50,,balanced
P8760,John,Doe,2006-05-17,70,170,Unknown,dark,brown,clean_shaven,R,CF,,0,,,56,50,54,54,51,50,57,52,48,50,,,,,,,,,,,,82,62,83,71,51,0,0,52,78,70,,,,,,,,,,,,False,,,0,,,,,,0,50,,gap
P6172,John,Doe,2004-10-07,74,166,Unknown,dark,black,clean_shaven,R,LF,,0,,,53,49,71,51,53,48,55,53,51,51,,,,,,,,,,,,76,65,97,77,53,0,0,53,74,75,,,,,,,,,,,,False,,,0,,,,,,0,50,,speed
P8042,John,Doe,2006-07-27,73,232,Unknown,medium,black,mustache,S,1B,,0,,,50,61,47,51,49,51,49,48,48,52,,,,,,,,,,,,64,84,63,61,49,0,0,48,60,81,,,,,,,,,,,,False,,,0,,,,,,0,50,,power
P9176,John,Doe,2006-08-23,72,167,Unknown,dark,brown,goatee,R,1B,,0,,,53,54,51,51,49,52,54,50,49,48,,,,,,,,,,,,80,64,75,66,49,0,0,50,59,72,,,,,,,,,,,,False,,,0,,,,,,0,50,,balanced
P3365,John,Doe,1992-01-13,70,178,Unknown,medium,brown,clean_shaven,R,P,,1,RP,CL,,,,,55,,,,49,53,48,50,53,49,53,56,0,65,0,0,0,,,,,0,,,,48,52,47,47,38,47,49,52,0,64,0,0,0,False,,,0,,,,,,0,50,closer,
P1815,John,Doe,1993-04-20,76,171,Unknown,dark,black,clean_shaven,R,P,,1,RP,SP,,,,,49,,,,53,50,53,50,52,51,50,60,62,0,0,0,0,,,,,0,,,,51,43,42,51,47,41,48,59,61,0,0,0,0,False,,,0,,,,,,0,50,finesse_sp,
P1824,John,Doe,1987-10-03,70,208,Unknown,medium,brown,clean_shaven,L,P,,1,RP,RP,,,,,50,,,,48,52,51,51,52,50,53,0,0,67,0,0,0,,,,,0,,,,44,44,48,52,43,45,43,0,0,61,0,0,0,False,,,0,,,,,,0,50,power_rp,
P1206,John,Doe,2002-07-05,71,186,Unknown,dark,black,clean_shaven,L,P,,1,RP,RP,,,,,50,,,,52,53,50,50,53,49,53,58,61,0,0,0,0,,,,,0,,,,62,62,57,64,55,55,61,71,73,0,0,0,0,False,,,0,,,,,,0,50,finesse_rp,
P3789,John,Doe,1996-05-25,70,180,Unknown,medium,black,clean_shaven,R,P,,1,RP,RP,,,,,57,,,,48,53,49,51,53,50,50,0,0,65,62,0,0,,,,,0,,,,46,52,56,54,48,49,54,0,0,65,58,0,0,False,,,0,,,,,,0,50,groundball_rp,
P6204,John,Doe,2005-02-16,71,207,Unknown,light,black,clean_shaven,S,P,,1,RP,CL,,,,,49,,,,50,53,50,51,52,51,52,0,0,67,0,0,0,,,,,0,,,,62,77,70,63,65,80,82,0,0,95,0,0,0,False,,,0,,,,,,0,50,closer,
P4714,John,Doe,1988-04-08,73,177,Unknown,medium,black,mustache,S,P,,1,RP,SP,,,,,47,,,,52,52,54,53,53,49,52,59,62,59,0,54,0,,,,,0,,,,44,47,50,53,49,44,46,52,54,54,0,48,0,False,,,0,,,,,,0,50,power_sp,
P9092,John,Doe,1996-08-10,72,218,Unknown,light,black,mustache,S,P,,1,RP,RP,,,,,49,,,,51,50,49,50,52,52,51,61,63,0,0,0,0,,,,,0,,,,51,55,52,48,48,47,55,65,67,0,0,0,0,False,,,0,,,,,,0,50,finesse_rp,
P6971,John,Doe,1996-04-17,71,212,Unknown,light,brown,clean_shaven,R,P,,1,RP,SP,,,,,52,,,,51,51,53,51,54,51,51,58,60,61,59,0,0,,,,,0,,,,51,49,47,52,54,51,48,62,57,64,63,0,0,False,,,0,,,,,,0,50,balanced_sp,
P2943,John,Doe,1995-04-17,78,172,Unknown,light,blonde,beard,S,P,1B,1,RP,SP,,,,,49,,,,51,50,54,54,52,51,51,62,62,0,56,58,0,,,,,0,,,,56,54,49,55,54,48,51,57,59,0,58,63,0,False,,,0,,,,,,0,50,finesse_sp,
P4846,John,Doe,2004-04-10,72,161,Unknown,medium,brown,goatee,R,P,,1,RP,RP,,,,,53,,,,52,50,48,52,54,53,50,59,61,63,0,0,0,,,,,0,,,,77,67,69,69,64,72,63,73,87,73,0,0,0,False,,,0,,,,,,0,50,finesse_rp,
P3107,John,Doe,1988-05-26,76,207,Unknown,medium,black,clean_shaven,R,C,,0,,,51,51,51,51,49,49,58,48,53,48,,,,,,,,,,,,45,43,47,42,49,0,0,48,51,48,,,,,,,,,,,,False,,,0,,,,,,0,50,,average
P1398,John,Doe,1990-09-17,72,190,Unknown,medium,brown,clean_shaven,R,1B,,0,,,58,52,54,51,52,49,54,52,53,48,,,,,,,,,,,,56,50,50,43,52,0,0,52,50,45,,,,,,,,,,,,False,,,0,,,,,,0,50,,spray
P8414,John,Doe,2003-11-28,68,186,Unknown,dark,brown,clean_shaven,R,2B,,0,,,58,48,85,53,49,50,56,51,52,51,,,,,,,,,,,,73,54,95,63,49,0,0,51,58,66,,,,,,,,,,,,False,,,0,,,,,,0,50,,elite_speed
P6458,John,Doe,2003-02-15,70,231,Unknown,light,brown,clean_shaven,R,3B,,0,,,51,51,51,52,48,51,58,50,51,49,,,,,,,,,,,,61,59,63,63,48,0,0,50,62,54,,,,,,,,,,,,False,,,0,,,,,,0,50,,balanced
P8464,John,Doe,1988-03-17,77,204,Unknown,light,brown,clean_shaven,L,SS,,0,,,52,48,86,51,52,50,50,52,48,51,,,,,,,,,,,,49,41,81,48,52,0,0,52,47,42,,,,,,,,,,,,False,,,0,,,,,,0,50,,elite_speed
P5749,John,Doe,1989-08-05,70,197,Unknown,medium,blonde,clean_shaven,R,LF,,0,,,57,55,52,52,47,52,59,51,49,50,,,,,,,,,,,,48,52,44,43,47,0,0,51,44,45,,,,,,,,,,,,False,,,0,,,,,,0,50,,gap
P3818,John,Doe,1999-02-10,76,209,Unknown,light,blonde,mustache,R,CF,,0,,,52,52,53,49,52,50,55,50,50,50,,,,,,,,,,,,60,67,59,54,52,0,0,50,61,56,,,,,,,,,,,,False,,,0,,,,,,0,50,,balanced
P1056,John,Doe,1999-01-27,74,168,Unknown,dark,black,clean_shaven,L,RF,,0,,,48,60,51,51,50,51,48,49,52,51,,,,,,,,,,,,56,70,60,59,50,0,0,49,61,62,,,,,,,,,,,,False,,,0,,,,,,0,50,,power
P3402,John,Doe,1994-01-08,75,238,Unknown,medium,brown,clean_shaven,R,SS,P,0,,,59,52,50,53,49,49,56,0,50,48,,,,,,,,,,,,49,49,44,49,49,0,0,0,42,47,,,,,,,,,,,,False,,,0,,,,,,0,50,,spray
P7342,John,Doe,1989-10-04,68,217,Unknown,medium,brown,beard,R,CF,,0,,,60,53,54,53,53,50,50,51,49,50,,,,,,,,,,,,58,52,46,49,53,0,0,51,48,47,,,,,,,,,,,,False,,,0,,,,,,0,50,,spray
P4183,John,Doe,1992-04-24,71,245,Unknown,light,red,goatee,R,C,,0,,,53,50,51,51,52,49,59,48,53,50,,,,,,,,,,,,52,48,49,47,52,0,0,48,43,49,,,,,,,,,,,,False,,,0,,,,,,0,50,,balanced
P4110,John,Doe,1999-12-23,69,207,Unknown,light,brown,clean_shaven,R,3B,,0,,,53,50,51,52,50,50,59,52,49,50,,,,,,,,,,,,58,56,57,57,50,0,0,52,57,57,,,,,,,,,,,,False,,,0,,,,,,0,50,,balanced
P7201,John,Doe,1988-11-22,68,190,Unknown,light,brown,beard,R,C,,0,,,51,58,52,50,51,49,56,51,53,50,,,,,,,,,,,,50,50,52,48,51,0,0,51,50,44,,,,,,,,,,,,False,,,0,,,,,,0,50,,power
P6887,John,Doe,1992-03-15,72,226,Unknown,dark,black,beard,R,2B,,0,,,61,52,52,54,53,50,59,49,52,50,,,,,,,,,,,,59,42,43,47,53,0,0,49,43,41,,,,,,,,,,,,False,,,0,,,,,,0,50,,spray
P5941,John,Doe,1993-11-04,68,201,Unknown,dark,red,clean_shaven,S,P,,1,RP,CL,,,,,55,,,,49,54,50,50,53,49,53,0,0,66,0,0,0,,,,,12,,,,47,46,45,45,47,40,47,0,0,64,0,0,0,False,,,0,,,,,,0,50,closer,
P9089,John,Doe,1997-03-24,77,160,Unknown,medium,black,goatee,R,P,,1,RP,SP,,,,,49,,,,49,51,52,50,52,51,50,60,57,61,59,0,0,,,,,0,,,,51,48,48,52,56,54,55,60,58,63,57,0,0,False,,,0,,,,,,0,50,groundball_sp,
P5257,John,Doe,2001-05-16,77,194,Unknown,dark,black,clean_shaven,R,P,,1,RP,SP,,,,,52,,,,53,53,50,53,53,50,52,59,62,62,59,0,0,,,,,0,,,,60,65,60,66,56,60,57,70,72,75,67,0,0,False,,,0,,,,,,0,50,workhorse_sp,
P7051,John,Doe,1990-02-10,77,249,Unknown,light,brown,goatee,S,P,,1,RP,SP,,,,,50,,,,49,54,51,52,52,52,52,60,64,63,58,0,0,,,,,0,,,,41,51,48,48,43,44,48,55,64,56,55,0,0,False,,,0,,,,,,0,50,power_sp,
P7621,John,Doe,1993-08-11,71,186,Unknown,medium,black,goatee,L,P,,1,RP,RP,,,,,50,,,,49,52,52,50,54,50,53,0,61,63,0,0,0,,,,,0,,,,39,47,48,45,50,43,50,0,54,53,0,0,0,False,,,0,,,,,,0,50,power_rp,
P7105,John,Doe,1987-07-27,73,197,Unknown,medium,brown,mustache,R,P,,1,RP,RP,,,,,48,,,,48,54,52,52,52,49,53,0,61,66,0,0,0,,,,,0,,,,41,46,45,42,49,40,53,0,51,63,0,0,0,False,,,0,,,,,,0,50,power_rp,
P9318,John,Doe,2004-01-24,78,208,Unknown,medium,blonde,mustache,S,P,,1,RP,RP,,,,,50,,,,48,52,49,50,53,52,54,0,60,63,0,54,0,,,,,0,,,,57,62,59,65,56,57,68,0,74,69,0,66,0,False,,,0,,,,,,0,50,power_rp,
P6475,John,Doe,2003-04-13,70,214,Unknown,medium,brown,clean_shaven,L,LF,,0,,,52,58,50,51,49,51,48,50,51,53,,,,,,,,,,,,60,73,62,62,49,0,0,50,63,59,,,,,,,,,,,,False,,,0,,,,,,0,50,,balanced
P9773,John,Doe,1997-06-23,78,228,Unknown,light,brown,clean_shaven,S,1B,,0,,,49,51,70,52,51,52,53,52,52,51,,,,,,,,,,,,52,52,67,50,51,0,0,52,50,55,,,,,,,,,,,,False,,,0,,,,,,0,50,,speed
P8095,John,Doe,2004-07-28,75,189,Unknown,dark,brown,clean_shaven,S,RF,,0,,,63,67,51,53,49,50,53,49,49,53,,,,,,,,,,,,77,79,77,66,49,0,0,49,77,80,,,,,,,,,,,,False,,,0,,,,,,0,50,,gap
P1291,John,Doe,1990-05-08,70,163,Unknown,dark,black,clean_shaven,R,C,,0,,,48,58,51,50,47,49,56,52,50,50,,,,,,,,,,,,42,57,51,41,47,0,0,52,49,50,,,,,,,,,,,,False,,,0,,,,,,0,50,,power
P1401,John,Doe,2001-01-31,68,189,Unknown,medium,black,clean_shaven,R,CF,SS,0,,,51,54,53,52,51,48,50,50,47,50,,,,,,,,,,,,64,59,68,62,51,0,0,50,56,60,,,,,,,,,,,,False,,,0,,,,,,0,50,,gap
P7206,John,Doe,1996-07-02,70,211,Unknown,medium,blonde,clean_shaven,R,C,,0,,,49,54,52,50,52,49,58,49,51,50,,,,,,,,,,,,47,55,53,49,52,0,0,49,48,52,,,,,,,,,,,,False,,,0,,,,,,0,50,,balanced
P7703,John,Doe,1992-07-14,73,209,Unknown,medium,black,clean_shaven,L,1B,,0,,,52,61,51,51,49,51,49,51,50,52,,,,,,,,,,,,50,55,51,43,49,0,0,51,45,44,,,,,,,,,,,,False,,,0,,,,,,0,50,,power
P5859,John,Doe,1987-04-15,69,250,Unknown,light,brown,beard,L,SS,,0,,,61,49,53,59,49,47,48,52,48,47,,,,,,,,,,,,60,41,47,55,49,0,0,52,46,44,,,,,,,,,,,,False,,,0,,,,,,0,50,,spray
P8517,John,Doe,2007-03-30,74,167,Unknown,medium,brown,clean_shaven,R,P,,1,RP,CL,,,,,55,,,,50,52,50,50,52,49,52,56,59,67,0,0,0,,,,,0,,,,70,75,75,64,79,59,74,79,72,84,0,0,0,False,,,0,,,,,,0,50,closer,
P3272,John,Doe,2006-09-11,73,226,Unknown,medium,brown,goatee,L,P,,1,RP,RP,,,,,51,,,,52,52,51,50,53,50,51,57,60,0,0,0,0,,,,,0,,,,66,78,80,82,68,77,74,83,73,0,0,0,0,False,,,0,,,,,,0,50,finesse_rp,
P6514,John,Doe,2005-11-11,77,218,Unknown,medium,brown,clean_shaven,L,P,,1,RP,SP,,,,,50,,,,51,52,50,50,52,49,51,58,62,0,0,0,0,,,,,0,,,,78,79,80,64,79,79,67,78,86,0,0,0,0,False,,,0,,,,,,0,50,workhorse_sp,
P4688,John,Doe,2005-11-07,78,214,Unknown,light,black,mustache,R,P,,1,RP,SP,,,,,50,,,,51,49,52,52,52,49,51,58,0,62,0,0,0,,,,,0,,,,66,69,64,77,71,74,65,85,0,91,0,0,0,False,,,0,,,,,,0,50,balanced_sp,
P1744,John,Doe,2006-08-04,71,231,Unknown,light,brown,clean_shaven,R,P,,1,RP,SP,,,,,52,,,,50,51,50,50,53,51,52,60,61,63,0,54,0,,,,,0,,,,62,63,76,79,64,65,79,83,79,93,0,75,0,False,,,0,,,,,,0,50,power_sp,
P8803,John,Doe,2007-06-06,68,237,Unknown,light,black,clean_shaven,R,LF,,0,,,53,51,53,51,52,49,55,51,49,50,,,,,,,,,,,,70,67,70,74,52,0,0,51,73,60,,,,,,,,,,,,False,,,0,,,,,,0,50,,balanced
P6700,John,Doe,2008-02-15,76,195,Unknown,medium,black,clean_shaven,R,C,,0,,,57,48,51,52,49,51,58,53,49,52,,,,,,,,,,,,83,68,75,63,49,0,0,53,67,80,,,,,,,,,,,,False,,,0,,,,,,0,50,,spray
P1037,John,Doe,2006-10-02,73,231,Unknown,medium,brown,beard,L,3B,,0,,,66,52,51,54,49,47,48,51,47,49,,,,,,,,,,,,87,67,61,70,49,0,0,51,65,70,,,,,,,,,,,,False,,,0,,,,,,0,50,,spray
P4856,John,Doe,2008-01-07,76,233,Unknown,dark,brown,clean_shaven,R,CF,,0,,,50,57,52,51,51,50,53,50,47,48,,,,,,,,,,,,79,74,71,79,51,0,0,50,62,59,,,,,,,,,,,,False,,,0,,,,,,0,50,,power
P1059,John,Doe,2006-03-11,75,172,Unknown,medium,red,clean_shaven,R,C,,0,,,50,53,49,50,53,51,55,50,49,50,,,,,,,,,,,,72,65,65,67,53,0,0,50,61,70,,,,,,,,,,,,False,,,0,,,,,,0,50,,balanced
P9442,John,Doe,1998-03-19,73,165,Unknown,medium,black,goatee,R,P,,1,RP,CL,,,,,55,,,,52,53,48,50,53,53,53,0,0,65,0,0,0,,,,,0,,,,58,67,55,59,63,61,65,0,0,76,0,0,0,False,,,0,,,,,,0,50,closer,
P2600,John,Doe,2005-02-20,77,169,Unknown,dark,brown,clean_shaven,L,P,,1,RP,SP,,,,,48,,,,52,50,53,53,54,51,52,60,60,0,0,0,0,,,,,0,,,,81,62,69,71,79,67,77,76,71,0,0,0,0,False,,,0,,,,,,0,50,finesse_sp,
P5154,John,Doe,1987-06-12,75,193,Unknown,medium,brown,beard,S,P,,1,RP,SP,,,,,50,,,,50,51,52,52,52,48,52,60,61,0,59,0,0,,,,,0,,,,42,41,50,43,46,47,51,50,53,0,50,0,0,False,,,0,,,,,,0,50,finesse_sp,
P5138,John,Doe,2002-10-02,74,172,Unknown,light,blonde,clean_shaven,L,P,,1,RP,CL,,,,,50,,,,48,53,47,51,52,49,52,59,61,65,0,0,0,,,,,0,,,,54,67,64,66,57,54,67,65,66,71,0,0,0,False,,,0,,,,,,0,50,closer,
P6934,John,Doe,1994-04-27,73,175,Unknown,dark,black,clean_shaven,L,P,,1,RP,SP,,,,,48,,,,52,49,49,54,52,53,52,62,61,61,57,0,0,,,,,0,,,,52,53,59,48,50,51,56,57,65,61,59,0,0,False,,,0,,,,,,0,50,finesse_sp,
P9657,John,Doe,2003-03-16,69,218,Unknown,dark,blonde,beard,R,P,,1,RP,RP,,,,,55,,,,51,53,47,50,52,48,51,0,57,0,62,0,0,,,,,0,,,,62,66,56,63,56,53,63,0,69,0,77,0,0,False,,,0,,,,,,0,50,groundball_rp,
P6912,John,Doe,2000-02-22,74,239,Unknown,light,black,clean_shaven,R,P,,1,RP,RP,,,,,51,,,,51,50,48,52,52,49,51,58,61,0,0,57,0,,,,,0,,,,66,64,58,66,54,60,66,72,76,0,0,71,0,False,,,0,,,,,,0,50,finesse_rp,
P1293,John,Doe,2000-11-24,71,179,Unknown,light,black,clean_shaven,R,P,,1,RP,SP,,,,,49,,,,50,53,53,52,52,49,53,0,60,59,0,0,0,,,,,0,,,,57,63,66,61,67,59,62,0,65,70,0,0,0,False,,,0,,,,,,0,50,power_sp,
P6216,John,Doe,1997-02-16,74,189,Unknown,light,brown,clean_shaven,L,P,,1,RP,RP,,,,,53,,,,51,48,51,52,52,51,50,57,0,0,0,0,0,,,,,0,,,,46,44,57,49,56,47,48,61,0,0,0,0,0,False,,,0,,,,,,0,50,finesse_rp,
P6809,John,Doe,1997-05-24,76,166,Unknown,medium,brown,beard,L,P,,1,RP,CL,,,,,48,,,,49,50,47,51,54,52,54,0,0,66,0,0,0,,,,,0,,,,49,45,47,50,46,53,49,0,0,71,0,0,0,False,,,0,,,,,,0,50,closer,
P8989,John,Doe,2000-08-03,76,167,Unknown,dark,brown,clean_shaven,L,P,,1,RP,RP,,,,,49,,,,50,51,49,50,52,49,54,0,60,67,0,0,0,,,,,0,,,,55,62,55,59,64,58,65,0,68,73,0,0,0,False,,,0,,,,,,0,50,power_rp,
P9758,John,Doe,1988-03-19,74,230,Unknown,dark,brown,clean_shaven,R,C,,0,,,51,49,51,52,49,52,57,53,51,51,,,,,,,,,,,,45,46,46,49,49,0,0,53,47,50,,,,,,,,,,,,False,,,0,,,,,,0,50,,average
P3774,John,Doe,1996-08-01,76,193,Unknown,light,black,clean_shaven,L,1B,,0,,,52,55,52,50,49,48,46,51,48,52,,,,,,,,,,,,47,58,51,47,49,0,0,51,44,50,,,,,,,,,,,,False,,,0,,,,,,0,50,,average
P5310,John,Doe,1989-11-05,76,208,Unknown,medium,black,beard,R,2B,,0,,,53,50,77,54,52,51,55,50,49,51,,,,,,,,,,,,50,48,69,51,52,0,0,50,47,42,,,,,,,,,,,,False,,,0,,,,,,0,50,,speed
P4060,John,Doe,1998-07-23,71,223,Unknown,dark,black,mustache,R,3B,,0,,,48,49,53,50,50,52,59,53,52,49,,,,,,,,,,,,55,60,59,65,50,0,0,53,62,63,,,,,,,,,,,,False,,,0,,,,,,0,50,,balanced
P4835,John,Doe,2004-01-16,71,193,Unknown,light,brown,clean_shaven,R,SS,,0,,,66,53,69,52,51,50,58,51,49,50,,,,,,,,,,,,72,63,77,57,51,0,0,51,61,57,,,,,,,,,,,,False,,,0,,,,,,0,50,,spray
P7525,John,Doe,1995-05-07,74,202,Unknown,dark,black,clean_shaven,L,LF,,0,,,58,50,51,54,52,49,47,49,52,51,,,,,,,,,,,,53,48,50,55,52,0,0,49,56,46,,,,,,,,,,,,False,,,0,,,,,,0,50,,spray
P7655,John,Doe,2001-08-25,76,168,Unknown,medium,red,clean_shaven,R,CF,,0,,,49,48,71,52,49,51,53,48,51,51,,,,,,,,,,,,54,63,86,60,49,0,0,48,62,60,,,,,,,,,,,,False,,,0,,,,,,0,50,,speed
P3329,John,Doe,1996-11-22,74,236,Unknown,medium,brown,goatee,R,RF,,0,,,49,56,48,50,48,52,57,48,51,51,,,,,,,,,,,,44,52,49,51,48,0,0,48,56,56,,,,,,,,,,,,False,,,0,,,,,,0,50,,power
P5335,John,Doe,2003-07-19,71,170,Unknown,dark,black,goatee,L,RF,,0,,,49,59,48,49,51,53,46,47,48,54,,,,,,,,,,,,63,64,63,58,51,0,0,47,63,65,,,,,,,,,,,,False,,,0,,,,,,0,50,,power
P4114,John,Doe,1996-12-14,71,191,Unknown,medium,red,clean_shaven,L,SS,3B,0,,,49,47,75,52,53,47,52,51,50,52,,,,,,,,,,,,52,47,75,52,53,0,0,51,49,50,,,,,,,,,,,,False,,,0,,,,,,0,50,,speed
P2161,John,Doe,1988-01-30,69,194,Unknown,medium,black,clean_shaven,R,RF,,0,,,48,49,50,50,51,50,58,47,52,48,,,,,,,,,,,,46,47,43,41,51,0,0,47,52,48,,,,,,,,,,,,False,,,0,,,,,,0,50,,average
P5232,John,Doe,1989-10-14,70,177,Unknown,dark,black,clean_shaven,L,CF,,0,,,59,47,54,51,52,50,46,49,47,52,,,,,,,,,,,,54,47,53,46,52,0,0,49,41,45,,,,,,,,,,,,False,,,0,,,,,,0,50,,spray
P9253,John,Doe,1990-11-29,77,219,Unknown,dark,black,clean_shaven,L,3B,,0,,,50,55,49,50,50,53,47,51,52,51,,,,,,,,,,,,43,47,39,41,50,0,0,51,42,42,,,,,,,,,,,,False,,,0,,,,,,0,50,,gap
P6773,John,Doe,1995-09-28,71,232,Unknown,dark,black,clean_shaven,L,2B,,0,,,53,52,52,53,51,49,48,49,49,48,,,,,,,,,,,,54,54,48,50,51,0,0,49,53,45,,,,,,,,,,,,False,,,0,,,,,,0,50,,balanced
P8938,John,Doe,1997-11-11,75,188,Unknown,light,black,clean_shaven,R,P,,1,RP,CL,,,,,55,,,,49,50,51,51,52,50,55,58,58,65,0,0,0,,,,,0,,,,46,47,46,47,54,45,58,58,58,61,0,0,0,False,,,0,,,,,,0,50,closer,
P1139,John,Doe,1987-06-25,76,210,Unknown,light,black,clean_shaven,R,P,,1,RP,RP,,,,,53,,,,49,51,48,51,54,52,50,0,0,0,62,0,0,,,,,0,,,,41,49,46,45,45,49,44,0,0,0,62,0,0,False,,,0,,,,,,0,50,groundball_rp,
P8861,John,Doe,1988-10-20,72,196,Unknown,light,blonde,goatee,L,P,,1,RP,SP,,,,,50,,,,49,51,53,52,52,51,49,62,62,57,0,0,0,,,,,0,,,,45,42,49,42,50,48,43,62,60,51,0,0,0,False,,,0,,,,,,0,50,finesse_sp,
P7604,John,Doe,2002-10-05,73,171,Unknown,light,black,clean_shaven,R,P,,1,RP,RP,,,,,50,,,,51,52,52,50,52,48,55,0,59,0,0,0,0,,,,,0,,,,56,62,58,65,62,60,70,0,73,0,0,0,0,False,,,0,,,,,,0,50,power_rp,
P4847,John,Doe,1990-01-16,70,175,Unknown,medium,blonde,goatee,L,P,,1,RP,RP,,,,,57,,,,52,52,48,50,52,49,50,0,0,67,63,0,0,,,,,0,,,,44,52,40,45,46,40,50,0,0,62,54,0,0,False,,,0,,,,,,0,50,groundball_rp,
P5547,John,Doe,1994-04-25,78,180,Unknown,dark,black,mustache,L,P,,1,RP,CL,,,,,49,,,,48,50,49,50,53,51,52,58,0,65,0,0,0,,,,,0,,,,49,55,54,52,47,54,52,54,0,63,0,0,0,False,,,0,,,,,,0,50,closer,
P3184,John,Doe,1989-10-30,73,205,Unknown,medium,black,clean_shaven,R,P,,1,RP,RP,,,,,55,,,,49,52,49,50,52,53,51,0,59,0,60,0,0,,,,,0,,,,42,50,48,52,40,51,49,0,49,0,60,0,0,False,,,0,,,,,,0,50,groundball_rp,
P8187,John,Doe,1992-02-22,72,225,Unknown,dark,brown,clean_shaven,L,1B,,0,,,49,52,70,50,51,48,50,48,51,49,,,,,,,,,,,,41,47,61,46,51,0,0,48,41,46,,,,,,,,,,,,False,,,0,,,,,,0,50,,speed
P8064,John,Doe,1990-03-11,68,163,Unknown,light,black,beard,R,1B,,0,,,48,59,53,51,48,52,52,51,48,49,,,,,,,,,,,,38,58,44,50,48,0,0,51,48,49,,,,,,,,,,,,False,,,0,,,,,,0,50,,power
P2377,John,Doe,1990-04-02,70,167,Unknown,light,brown,beard,L,1B,,0,,,64,57,51,52,49,49,50,49,48,52,,,,,,,,,,,,62,51,45,51,49,0,0,49,39,45,,,,,,,,,,,,False,,,0,,,,,,0,50,,spray
P6150,John,Doe,1995-05-01,74,189,Unknown,medium,brown,beard,R,SS,,0,,,66,50,53,52,50,51,58,48,49,49,,,,,,,,,,,,64,52,52,47,50,0,0,48,53,52,,,,,,,,,,,,False,,,0,,,,,,0,50,,spray
P3667,John,Doe,2003-04-29,73,196,Unknown,medium,blonde,clean_shaven,R,C,,0,,,52,49,52,52,51,52,55,49,48,52,,,,,,,,,,,,61,58,67,61,51,0,0,49,54,61,,,,,,,,,,,,False,,,0,,,,,,0,50,,balanced
P7589,John,Doe,2004-12-27,69,191,Unknown,medium,black,clean_shaven,R,CF,,0,,,61,51,53,54,51,49,57,48,50,48,,,,,,,,,,,,81,74,81,77,51,0,0,48,75,67,,,,,,,,,,,,False,,,0,,,,,,0,50,,spray
P5015,John,Doe,1993-07-07,76,216,Unknown,medium,black,beard,L,C,,0,,,53,60,50,50,49,50,51,52,52,52,,,,,,,,,,,,45,56,45,49,49,0,0,52,47,45,,,,,,,,,,,,False,,,0,,,,,,0,50,,power
P9498,John,Doe,1994-09-20,70,175,Unknown,medium,blonde,clean_shaven,L,1B,,0,,,52,61,50,52,48,52,47,50,50,51,,,,,,,,,,,,54,63,51,56,48,0,0,50,48,46,,,,,,,,,,,,False,,,0,,,,,,0,50,,power
P4038,John,Doe,2005-07-03,71,225,Unknown,dark,red,clean_shaven,L,P,,1,RP,CL,,,,,55,,,,48,54,51,50,52,49,54,0,0,67,0,0,0,,,,,0,,,,70,84,75,82,62,73,78,0,0,86,0,0,0,False,,,0,,,,,,0,50,closer,
P3907,John,Doe,2008-02-20,71,218,Unknown,dark,brown,clean_shaven,R,P,,1,RP,SP,,,,,50,,,,49,49,49,52,52,48,53,60,63,61,0,57,0,,,,,0,,,,62,72,79,66,75,62,73,73,88,87,0,78,0,False,,,0,,,,,,0,50,balanced_sp,
P8194,John,Doe,2004-04-23,76,201,Unknown,light,blonde,clean_shaven,S,P,,1,RP,RP,,,,,56,,,,52,52,50,52,54,51,51,57,0,0,64,0,0,,,,,0,,,,69,65,65,67,69,65,80,67,0,0,79,0,0,False,,,0,,,,,,0,50,groundball_rp,
P3812,John,Doe,2007-12-17,74,233,Unknown,medium,black,clean_shaven,R,P,,1,RP,SP,,,,,48,,,,52,49,50,54,54,53,50,61,60,59,0,57,0,,,,,0,,,,75,72,80,80,67,65,72,71,70,87,0,67,0,False,,,0,,,,,,0,50,finesse_sp,
P9578,John,Doe,2007-05-24,74,227,Unknown,light,red,goatee,R,P,,1,RP,SP,,,,,50,,,,51,52,50,50,52,51,53,60,59,58,59,0,0,,,,,0,,,,72,69,74,69,80,67,81,88,85,86,83,0,0,False,,,0,,,,,,0,50,groundball_sp,
P6312,John,Doe,2007-04-06,72,216,Unknown,medium,black,clean_shaven,S,RF,,0,,,51,50,49,51,52,48,51,47,52,52,,,,,,,,,,,,61,72,61,65,52,0,0,47,64,76,,,,,,,,,,,,False,,,0,,,,,,0,50,,average
P1778,John,Doe,2007-05-02,70,189,Unknown,medium,black,clean_shaven,R,SS,,0,,,60,52,53,54,50,50,58,48,48,47,,,,,,,,,,,,79,80,67,79,50,0,0,48,61,71,,,,,,,,,,,,False,,,0,,,,,,0,50,,spray
P2087,John,Doe,2006-01-04,68,209,Unknown,medium,black,mustache,R,CF,,0,,,58,49,50,56,51,51,54,49,49,49,,,,,,,,,,,,74,65,71,85,51,0,0,49,69,67,,,,,,,,,,,,False,,,0,,,,,,0,50,,spray
P8324,John,Doe,2006-07-31,73,235,Unknown,light,brown,goatee,R,C,,0,,,53,60,47,52,48,52,56,52,53,49,,,,,,,,,,,,73,89,70,68,48,0,0,52,82,74,,,,,,,,,,,,False,,,0,,,,,,0,50,,power
P6383,John,Doe,2004-06-08,76,231,Unknown,dark,brown,mustache,L,1B,,0,,,51,54,52,50,52,48,44,49,48,53,,,,,,,,,,,,63,76,65,80,52,0,0,49,63,75,,,,,,,,,,,,False,,,0,,,,,,0,50,,average
P5831,John,Doe,1988-11-05,72,202,Unknown,medium,red,beard,L,P,,1,RP,CL,,,,,55,,,,49,51,49,53,53,51,51,0,0,67,0,0,0,,,,,0,,,,49,43,45,53,42,45,51,0,0,60,0,0,0,False,,,0,,,,,,0,50,closer,
P8431,John,Doe,1992-04-23,77,233,Unknown,medium,black,clean_shaven,R,P,,1,RP,SP,,,,,50,,,,50,54,52,51,54,48,52,0,63,60,56,53,0,,,,,0,,,,48,54,43,53,45,38,50,0,55,52,55,45,0,False,,,0,,,,,,0,50,power_sp,
P2101,John,Doe,1999-01-12,76,177,Unknown,medium,black,goatee,S,P,,1,RP,SP,,,,,51,,,,49,50,51,50,52,49,49,62,0,58,61,0,0,,,,,0,,,,57,64,62,59,64,55,63,75,0,73,71,0,0,False,,,0,,,,,,0,50,groundball_sp,
P4372,John,Doe,2002-05-16,76,221,Unknown,medium,black,clean_shaven,R,P,,1,RP,SP,,,,,49,,,,52,49,53,51,52,53,51,59,60,61,0,56,0,,,,,0,,,,64,61,56,63,61,64,65,74,68,72,0,71,0,False,,,0,,,,,,0,50,balanced_sp,
P7718,John,Doe,2002-07-05,70,245,Unknown,dark,blonde,clean_shaven,L,P,,1,RP,SP,,,,,49,,,,48,50,50,50,52,48,53,0,59,61,0,0,0,,,,,0,,,,61,61,57,67,59,56,59,0,65,75,0,0,0,False,,,0,,,,,,0,50,balanced_sp,
P4608,John,Doe,1994-07-09,74,193,Unknown,light,black,beard,S,P,,1,RP,SP,,,,,49,,,,51,53,51,50,54,49,51,61,61,61,0,56,0,,,,,0,,,,51,49,50,51,46,47,55,60,60,61,0,59,0,False,,,0,,,,,,0,50,balanced_sp,
P3447,John,Doe,1991-12-01,68,201,Unknown,medium,blonde,clean_shaven,L,P,,1,RP,SP,,,,,54,,,,48,52,52,50,52,51,49,59,62,62,61,0,0,,,,,0,,,,46,42,44,44,51,49,45,59,59,62,53,0,0,False,,,0,,,,,,0,50,groundball_sp,
P5166,John,Doe,1988-07-25,76,239,Unknown,medium,brown,beard,L,P,,1,RP,SP,,,,,48,,,,49,51,54,50,52,51,53,61,63,58,55,0,0,,,,,0,,,,42,47,47,46,49,41,51,51,56,52,52,0,0,False,,,0,,,,,,0,50,balanced_sp,
P4827,John,Doe,2002-08-10,71,163,Unknown,medium,blonde,clean_shaven,L,P,,1,RP,SP,,,,,49,,,,52,52,52,52,52,49,52,62,60,62,54,0,0,,,,,0,,,,67,60,60,58,66,61,57,68,66,69,61,0,0,False,,,0,,,,,,0,50,workhorse_sp,
P3216,John,Doe,1998-09-19,73,191,Unknown,light,red,mustache,L,P,,1,RP,SP,,,,,51,,,,48,51,53,50,52,49,51,61,62,0,57,55,0,,,,,0,,,,62,60,62,61,62,55,58,66,67,0,64,61,0,False,,,0,,,,,,0,50,finesse_sp,
P3941,John,Doe,1995-11-10,71,189,Unknown,medium,black,clean_shaven,R,P,,1,RP,SP,,,,,48,,,,49,51,51,50,52,51,54,0,61,59,0,0,0,,,,,0,,,,45,48,54,48,48,55,50,0,64,58,0,0,0,False,,,0,,,,,,0,50,power_sp,
P4369,John,Doe,2002-10-25,72,188,Unknown,light,brown,mustache,R,C,,0,,,59,53,50,54,51,50,55,52,49,52,,,,,,,,,,,,74,66,64,68,51,0,0,52,59,58,,,,,,,,,,,,False,,,0,,,,,,0,50,,spray
P9232,John,Doe,1995-09-10,78,232,Unknown,light,blonde,mustache,R,1B,,0,,,51,56,49,49,52,51,55,49,52,48,,,,,,,,,,,,53,60,46,51,52,0,0,49,57,45,,,,,,,,,,,,False,,,0,,,,,,0,50,,balanced
P3534,John,Doe,1993-06-12,74,244,Unknown,light,black,clean_shaven,R,2B,,0,,,53,54,51,57,50,49,58,50,49,48,,,,,,,,,,,,49,48,42,48,50,0,0,50,42,42,,,,,,,,,,,,False,,,0,,,,,,0,50,,gap
P8045,John,Doe,1996-08-22,73,197,Unknown,light,black,clean_shaven,R,3B,,0,,,51,57,48,50,51,54,59,53,48,52,,,,,,,,,,,,49,52,53,46,51,0,0,53,52,54,,,,,,,,,,,,False,,,0,,,,,,0,50,,power
P3939,John,Doe,2002-04-27,76,166,Unknown,light,black,clean_shaven,L,SS,,0,,,49,62,50,51,51,52,53,49,49,51,,,,,,,,,,,,59,74,57,66,51,0,0,49,58,62,,,,,,,,,,,,False,,,0,,,,,,0,50,,power
P8923,John,Doe,1994-10-23,70,205,Unknown,light,brown,clean_shaven,L,LF,,0,,,53,63,48,52,49,49,51,51,51,50,,,,,,,,,,,,49,62,52,53,49,0,0,51,54,50,,,,,,,,,,,,False,,,0,,,,,,0,50,,power
P3696,John,Doe,1995-10-08,76,192,Unknown,medium,brown,beard,R,CF,,0,,,52,56,53,51,50,50,53,49,51,50,,,,,,,,,,,,47,61,51,47,50,0,0,49,51,47,,,,,,,,,,,,False,,,0,,,,,,0,50,,gap
P2328,John,Doe,1994-03-18,75,195,Unknown,medium,blonde,beard,R,RF,,0,,,53,59,48,53,51,50,57,51,51,53,,,,,,,,,,,,57,61,44,49,51,0,0,51,52,50,,,,,,,,,,,,False,,,0,,,,,,0,50,,gap
P3521,John,Doe,1992-06-13,71,201,Unknown,medium,blonde,clean_shaven,L,RF,,0,,,63,53,51,52,52,48,48,48,48,50,,,,,,,,,,,,55,47,46,45,52,0,0,48,45,40,,,,,,,,,,,,False,,,0,,,,,,0,50,,spray
P1267,John,Doe,1989-02-26,70,228,Unknown,medium,black,clean_shaven,L,CF,,0,,,55,52,51,52,47,50,45,51,48,49,,,,,,,,,,,,53,46,51,49,47,0,0,51,47,39,,,,,,,,,,,,False,,,0,,,,,,0,50,,gap
P3529,John,Doe,1995-04-24,77,218,Unknown,light,brown,clean_shaven,L,1B,,0,,,63,64,50,50,51,49,46,50,48,52,,,,,,,,,,,,59,60,53,46,51,0,0,50,53,51,,,,,,,,,,,,False,,,0,,,,,,0,50,,gap
P7084,John,Doe,1998-01-04,72,215,Unknown,light,brown,clean_shaven,L,1B,,0,,,50,59,51,51,47,51,44,49,48,50,,,,,,,,,,,,49,58,55,48,47,0,0,49,50,46,,,,,,,,,,,,False,,,0,,,,,,0,50,,power
P9168,John,Doe,1990-08-16,71,231,Unknown,dark,blonde,beard,L,CF,,0,,,54,49,50,51,50,51,42,49,50,51,,,,,,,,,,,,49,45,43,46,50,0,0,49,42,51,,,,,,,,,,,,False,,,0,,,,,,0,50,,average
P7894,John,Doe,1998-06-22,75,160,Unknown,medium,black,clean_shaven,S,LF,,0,,,52,49,49,53,51,51,55,53,51,50,,,,,,,,,,,,63,61,57,58,51,0,0,53,64,56,,,,,,,,,,,,False,,,0,,,,,,0,50,,average
P4722,John,Doe,2004-11-21,72,160,Unknown,dark,brown,clean_shaven,R,P,,1,RP,CL,,,,,55,,,,48,53,50,53,53,50,53,0,0,65,0,0,0,,,,,0,,,,70,79,81,81,71,68,63,0,0,81,0,0,0,False,,,0,,,,,,0,50,closer,
P8877,John,Doe,2003-10-02,76,172,Unknown,dark,brown,clean_shaven,R,P,,1,RP,SP,,,,,54,,,,52,53,54,50,52,48,52,0,60,0,58,0,0,,,,,0,,,,62,67,61,57,61,58,58,0,66,0,66,0,0,False,,,0,,,,,,0,50,groundball_sp,
P1731,John,Doe,2002-09-09,75,250,Unknown,dark,black,clean_shaven,S,P,,1,RP,RP,,,,,57,,,,53,52,50,51,52,53,52,59,0,65,64,0,0,,,,,0,,,,60,57,63,64,64,65,63,74,0,70,76,0,0,False,,,0,,,,,,0,50,groundball_rp,
P1358,John,Doe,1997-04-01,68,193,Unknown,dark,brown,clean_shaven,R,P,,1,RP,CL,,,,,48,,,,51,53,47,53,53,50,55,0,0,65,0,0,0,,,,,0,,,,53,49,53,56,42,46,51,0,0,67,0,0,0,False,,,0,,,,,,0,50,closer,
P1865,John,Doe,1993-10-22,78,213,Unknown,light,brown,clean_shaven,R,P,,1,RP,SP,,,,,49,,,,50,51,54,53,52,49,54,58,60,59,0,55,0,,,,,0,,,,50,42,43,47,49,47,50,48,50,56,0,48,0,False,,,0,,,,,,0,50,workhorse_sp,
P3210,John,Doe,2004-08-22,77,197,Unknown,medium,brown,clean_shaven,R,P,,1,RP,SP,,,,,52,,,,51,51,53,53,52,50,50,59,61,58,0,53,0,,,,,0,,,,79,62,75,63,81,75,72,69,74,72,0,78,0,False,,,0,,,,,,0,50,workhorse_sp,
P8537,John,Doe,1990-03-12,69,206,Unknown,light,brown,clean_shaven,R,P,,1,RP,RP,,,,,52,,,,49,51,53,54,52,53,50,58,0,0,0,0,0,,,,,0,,,,46,48,46,44,49,53,42,48,0,0,0,0,0,False,,,0,,,,,,0,50,finesse_rp,
P2992,John,Doe,1995-01-14,77,205,Unknown,medium,black,clean_shaven,R,LF,,0,,,52,52,47,51,49,52,56,52,49,49,,,,,,,,,,,,52,53,44,47,49,0,0,52,52,47,,,,,,,,,,,,False,,,0,,,,,,0,50,,average
P8671,John,Doe,1998-06-05,71,196,Unknown,medium,black,clean_shaven,L,1B,,0,,,49,61,51,51,50,51,50,49,50,49,,,,,,,,,,,,62,74,65,66,50,0,0,49,58,57,,,,,,,,,,,,False,,,0,,,,,,0,50,,power
P4772,John,Doe,2000-07-03,72,167,Unknown,light,brown,clean_shaven,L,LF,,0,,,55,49,52,51,53,51,48,48,52,48,,,,,,,,,,,,64,57,65,58,53,0,0,48,61,58,,,,,,,,,,,,False,,,0,,,,,,0,50,,spray
P5146,John,Doe,1994-08-31,69,197,Unknown,medium,blonde,clean_shaven,R,CF,,0,,,65,51,52,52,51,49,53,50,52,51,,,,,,,,,,,,65,47,57,55,51,0,0,50,57,56,,,,,,,,,,,,False,,,0,,,,,,0,50,,spray
P9577,John,Doe,1998-08-29,71,203,Unknown,light,blonde,clean_shaven,R,RF,,0,,,51,50,49,50,49,52,54,48,51,53,,,,,,,,,,,,63,57,62,56,49,0,0,48,59,58,,,,,,,,,,,,False,,,0,,,,,,0,50,,average
P2571,John,Doe,1995-12-07,76,178,Unknown,medium,brown,clean_shaven,L,1B,,0,,,50,60,49,50,51,52,45,50,52,52,,,,,,,,,,,,49,65,46,53,51,0,0,50,52,57,,,,,,,,,,,,False,,,0,,,,,,0,50,,power
P8334,John,Doe,1990-09-15,76,241,Unknown,light,brown,clean_shaven,R,2B,,0,,,50,47,70,52,54,49,56,49,50,52,,,,,,,,,,,,43,44,68,42,54,0,0,49,49,52,,,,,,,,,,,,False,,,0,,,,,,0,50,,speed
P5321,John,Doe,1989-04-06,74,196,Unknown,dark,brown,clean_shaven,S,3B,,0,,,48,62,52,48,50,53,52,51,49,52,,,,,,,,,,,,43,60,49,45,50,0,0,51,49,42,,,,,,,,,,,,False,,,0,,,,,,0,50,,power
P5442,John,Doe,2006-04-26,73,246,Unknown,light,black,mustache,L,P,,1,RP,CL,,,,,55,,,,52,52,52,53,56,51,55,58,0,67,0,0,0,,,,,0,,,,74,77,66,79,72,75,84,80,0,77,0,0,0,False,,,0,,,,,,0,50,closer,
P4989,John,Doe,2006-11-25,69,185,Unknown,light,brown,clean_shaven,L,P,,1,RP,SP,,,,,49,,,,49,52,51,50,54,48,51,60,59,61,0,0,0,,,,,0,,,,65,68,73,68,75,73,63,71,86,74,0,0,0,False,,,0,,,,,,0,50,finesse_sp,
P5290,John,Doe,2005-07-28,69,166,Unknown,medium,black,clean_shaven,S,P,,1,RP,SP,,,,,52,,,,48,54,50,50,53,51,53,0,61,62,60,56,0,,,,,0,,,,62,68,65,74,63,67,82,0,91,85,72,77,0,False,,,0,,,,,,0,50,power_sp,
P4408,John,Doe,2004-05-27,69,234,Unknown,light,brown,goatee,R,P,,1,RP,SP,,,,,49,,,,51,51,53,53,52,49,50,62,63,59,0,0,0,,,,,0,,,,70,80,69,72,67,66,64,78,89,85,0,0,0,False,,,0,,,,,,0,50,balanced_sp,
P2851,John,Doe,2005-05-12,74,196,Unknown,dark,brown,clean_shaven,R,P,,1,RP,SP,,,,,50,,,,50,50,51,51,52,50,54,61,61,58,0,0,0,,,,,0,,,,68,74,63,63,62,65,83,79,71,81,0,0,0,False,,,0,,,,,,0,50,balanced_sp,
P9638,John,Doe,2005-04-21,69,173,Unknown,medium,black,clean_shaven,L,3B,,0,,,51,53,53,50,50,52,48,51,48,51,,,,,,,,,,,,74,79,80,75,50,0,0,51,66,75,,,,,,,,,,,,False,,,0,,,,,,0,50,,balanced
P4483,John,Doe,2005-03-12,70,210,Unknown,light,brown,clean_shaven,R,CF,,0,,,52,53,51,49,50,51,53,50,49,51,,,,,,,,,,,,79,65,80,59,50,0,0,50,78,70,,,,,,,,,,,,False,,,0,,,,,,0,50,,balanced
P9325,John,Doe,2005-06-12,70,189,Unknown,medium,brown,clean_shaven,L,C,,0,,,53,54,48,52,52,51,47,49,53,49,,,,,,,,,,,,73,78,70,67,52,0,0,49,83,79,,,,,,,,,,,,False,,,0,,,,,,0,50,,average
P9530,John,Doe,2006-11-01,73,197,Unknown,dark,black,clean_shaven,L,1B,,0,,,50,62,50,51,47,52,48,50,51,50,,,,,,,,,,,,80,77,60,67,47,0,0,50,70,69,,,,,,,,,,,,False,,,0,,,,,,0,50,,power
P3726,John,Doe,2004-10-03,72,177,Unknown,dark,blonde,clean_shaven,R,CF,,0,,,52,53,50,51,53,52,54,51,48,51,,,,,,,,,,,,64,82,73,69,53,0,0,51,61,74,,,,,,,,,,,,False,,,0,,,,,,0,50,,gap
P7880,John,Doe,2002-12-31,70,231,Unknown,light,black,beard,L,P,,1,RP,CL,,,,,55,,,,49,50,48,52,53,52,55,57,0,65,0,0,0,,,,,0,,,,57,59,62,64,63,65,70,66,0,70,0,0,0,False,,,0,,,,,,0,50,closer,
P2987,John,Doe,1987-07-23,68,232,Unknown,light,black,beard,R,P,,1,RP,SP,,,,,48,,,,49,51,52,52,52,48,49,59,62,61,0,0,0,,,,,0,,,,43,43,44,43,47,39,48,54,55,52,0,0,0,False,,,0,,,,,,0,50,finesse_sp,
P8647,John,Doe,1998-11-22,72,246,Unknown,light,brown,beard,R,P,,1,RP,RP,,,,,49,,,,52,49,53,50,54,51,54,0,62,63,58,0,0,,,,,0,,,,58,54,58,65,62,58,59,0,69,76,63,0,0,False,,,0,,,,,,0,50,power_rp,
P4458,John,Doe,2004-09-22,69,244,Unknown,medium,black,clean_shaven,R,P,,1,RP,SP,,,,,48,,,,53,54,54,51,53,52,53,0,61,59,60,0,0,,,,,0,,,,70,80,63,74,71,62,75,0,89,88,74,0,0,False,,,0,,,,,,0,50,power_sp,
P3655,John,Doe,1991-01-15,69,221,Unknown,light,black,clean_shaven,R,P,,1,RP,SP,,,,,51,,,,48,49,54,51,52,52,51,62,63,59,0,0,0,,,,,0,,,,41,47,45,49,51,47,47,60,61,55,0,0,0,False,,,0,,,,,,0,50,balanced_sp,
P2351,John,Doe,1992-07-27,72,190,Unknown,light,black,clean_shaven,R,P,,1,RP,RP,,,,,49,,,,53,51,52,52,52,53,53,0,0,63,0,0,0,,,,,0,,,,47,45,43,48,51,46,48,0,0,62,0,0,0,False,,,0,,,,,,0,50,power_rp,
P9029,John,Doe,2002-09-20,77,222,Unknown,medium,black,clean_shaven,L,P,,1,RP,SP,,,,,49,,,,51,48,50,53,53,51,49,63,63,0,0,0,0,,,,,0,,,,66,63,60,67,63,66,58,77,71,0,0,0,0,False,,,0,,,,,,0,50,finesse_sp,
P3790,John,Doe,1997-12-01,69,174,Unknown,light,brown,clean_shaven,L,P,,1,RP,SP,,,,,51,,,,49,51,53,53,53,48,53,0,60,62,0,0,0,,,,,0,,,,52,53,55,48,53,46,56,0,59,58,0,0,0,False,,,0,,,,,,0,50,balanced_sp,
P3862,John,Doe,2003-06-02,75,244,Unknown,light,black,clean_shaven,R,P,,1,RP,CL,,,,,53,,,,49,50,51,50,52,50,53,0,0,66,0,0,0,,,,,0,,,,62,59,59,64,62,60,63,0,0,78,0,0,0,False,,,0,,,,,,0,50,closer,
P7817,John,Doe,1993-10-03,78,200,Unknown,medium,black,clean_shaven,R,P,,1,RP,RP,,,,,55,,,,50,53,51,52,52,53,54,0,0,0,60,0,0,,,,,0,,,,50,50,51,44,45,50,45,0,0,0,51,0,0,False,,,0,,,,,,0,50,groundball_rp,
P8743,John,Doe,1989-07-27,71,220,Unknown,medium,black,beard,L,P,,1,RP,RP,,,,,53,,,,51,53,53,51,52,49,53,0,0,0,62,0,0,,,,,0,,,,47,52,51,44,47,48,45,0,0,0,58,0,0,False,,,0,,,,,,0,50,groundball_rp,
P2678,John,Doe,1991-02-05,70,198,Unknown,dark,black,mustache,L,C,3B,0,,,51,50,49,50,49,51,49,49,52,53,,,,,,,,,,,,44,46,40,45,49,0,0,49,51,47,,,,,,,,,,,,False,,,0,,,,,,0,50,,balanced
P8217,John,Doe,1992-02-10,69,220,Unknown,medium,brown,beard,R,1B,,0,,,52,57,48,52,50,50,51,50,50,51,,,,,,,,,,,,52,57,40,44,50,0,0,50,46,45,,,,,,,,,,,,False,,,0,,,,,,0,50,,balanced
P6793,John,Doe,1996-03-03,73,249,Unknown,medium,black,clean_shaven,R,2B,,0,,,54,50,49,52,49,49,56,48,48,50,,,,,,,,,,,,54,46,50,55,49,0,0,48,49,48,,,,,,,,,,,,False,,,0,,,,,,0,50,,balanced
P5952,John,Doe,2003-01-21,75,168,Unknown,medium,black,clean_shaven,L,3B,,0,,,61,52,53,53,52,47,50,52,52,50,,,,,,,,,,,,68,58,58,63,52,0,0,52,59,57,,,,,,,,,,,,False,,,0,,,,,,0,50,,spray
P6577,John,Doe,1995-09-26,69,243,Unknown,medium,brown,goatee,L,SS,,0,,,51,50,87,51,51,51,53,53,49,52,,,,,,,,,,,,49,47,89,53,51,0,0,53,44,52,,,,,,,,,,,,False,,,0,,,,,,0,50,,speed
P9708,John,Doe,1996-05-06,74,188,Unknown,medium,red,beard,S,LF,,0,,,49,54,48,50,51,51,54,51,48,51,,,,,,,,,,,,47,56,52,47,51,0,0,51,45,50,,,,,,,,,,,,False,,,0,,,,,,0,50,,balanced
P4411,John,Doe,1998-03-18,76,233,Unknown,dark,blonde,clean_shaven,L,CF,,0,,,53,47,70,51,53,50,46,50,51,49,,,,,,,,,,,,58,53,80,58,53,0,0,50,57,54,,,,,,,,,,,,False,,,0,,,,,,0,50,,speed
P7355,John,Doe,1988-04-25,74,225,Unknown,light,blonde,clean_shaven,R,RF,,0,,,53,59,50,52,49,51,55,51,48,48,,,,,,,,,,,,51,49,47,43,49,0,0,51,46,44,,,,,,,,,,,,False,,,0,,,,,,0,50,,gap
P8105,John,Doe,1991-03-22,73,233,Unknown,light,brown,clean_shaven,R,SS,,0,,,50,50,85,50,53,51,58,50,52,48,,,,,,,,,,,,41,45,79,46,53,0,0,50,51,43,,,,,,,,,,,,False,,,0,,,,,,0,50,,speed
P9906,John,Doe,2003-12-16,77,242,Unknown,dark,black,clean_shaven,S,RF,CF,0,,,51,51,76,51,51,52,49,53,52,52,,,,,,,,,,,,64,60,88,59,51,0,0,53,57,64,,,,,,,,,,,,False,,,0,,,,,,0,50,,speed
P2180,John,Doe,2001-02-16,78,185,Unknown,medium,brown,clean_shaven,L,3B,,0,,,50,49,71,53,49,52,50,49,50,48,,,,,,,,,,,,56,56,85,68,49,0,0,49,61,62,,,,,,,,,,,,False,,,0,,,,,,0,50,,speed
P4324,John,Doe,1995-12-31,71,248,Unknown,dark,black,goatee,R,LF,,0,,,50,51,91,53,51,51,55,51,49,51,,,,,,,,,,,,48,56,95,56,51,0,0,51,48,49,,,,,,,,,,,,False,,,0,,,,,,0,50,,elite_speed
P4880,John,Doe,1998-08-08,70,229,Unknown,medium,brown,clean_shaven,L,RF,,0,,,58,52,52,52,50,49,46,49,49,49,,,,,,,,,,,,64,67,66,60,50,0,0,49,56,56,,,,,,,,,,,,False,,,0,,,,,,0,50,,spray
P4785,John,Doe,1999-12-14,72,248,Unknown,dark,black,clean_shaven,R,2B,,0,,,50,51,51,49,49,48,54,51,50,50,,,,,,,,,,,,58,65,63,62,49,0,0,51,64,56,,,,,,,,,,,,False,,,0,,,,,,0,50,,average
P4478,John,Doe,1999-09-20,75,226,Unknown,light,black,beard,R,P,,1,RP,CL,,,,,55,,,,51,50,49,50,52,50,55,0,61,66,0,0,0,,,,,0,,,,65,62,65,60,55,60,60,0,75,72,0,0,0,False,,,0,,,,,,0,50,closer,
P5452,John,Doe,1989-07-21,75,246,Unknown,dark,brown,beard,R,P,,1,RP,SP,,,,,52,,,,48,51,51,52,53,49,52,60,61,0,0,0,0,,,,,0,,,,38,50,44,47,49,45,52,51,58,0,0,0,0,False,,,0,,,,,,0,50,finesse_sp,
P8848,John,Doe,1988-01-01,76,162,Unknown,light,brown,clean_shaven,L,P,,1,RP,SP,,,,,50,,,,52,49,53,53,53,49,52,62,60,62,0,55,0,,,,,0,,,,42,49,43,51,51,43,49,59,51,62,0,49,0,False,,,0,,,,,,0,50,balanced_sp,
P1074,John,Doe,2004-02-22,78,183,Unknown,dark,blonde,clean_shaven,R,P,,1,RP,RP,,,,,51,,,,50,52,53,53,52,50,50,60,59,66,0,0,0,,,,,0,,,,56,57,66,57,63,56,60,72,69,80,0,0,0,False,,,0,,,,,,0,50,finesse_rp,
P7810,John,Doe,2004-05-15,78,250,Unknown,medium,black,clean_shaven,R,P,,1,RP,RP,,,,,52,,,,48,52,49,50,52,48,51,0,60,67,0,0,0,,,,,0,,,,64,65,68,63,75,61,72,0,71,78,0,0,0,False,,,0,,,,,,0,50,power_rp,
P1634,John,Doe,1989-06-21,68,171,Unknown,medium,blonde,clean_shaven,R,P,,1,RP,SP,,,,,49,,,,50,51,54,53,54,52,48,62,60,0,58,57,0,,,,,0,,,,42,50,51,44,53,42,40,56,60,0,54,56,0,False,,,0,,,,,,0,50,finesse_sp,
P7774,John,Doe,1998-11-10,68,228,Unknown,medium,blonde,beard,R,P,,1,RP,SP,,,,,52,,,,50,51,53,51,52,50,52,63,60,0,0,0,0,,,,,0,,,,58,63,59,64,60,58,60,70,66,0,0,0,0,False,,,0,,,,,,0,50,balanced_sp,
P6174,John,Doe,1988-11-28,71,204,Unknown,light,blonde,beard,R,C,,0,,,51,59,51,50,48,51,60,50,51,50,,,,,,,,,,,,51,59,48,50,48,0,0,50,43,43,,,,,,,,,,,,False,,,0,,,,,,0,50,,power
P1020,John,Doe,2003-05-28,75,226,Unknown,medium,black,beard,R,SS,,0,,,52,51,80,52,52,48,56,52,49,47,,,,,,,,,,,,64,61,89,67,52,0,0,52,61,56,,,,,,,,,,,,False,,,0,,,,,,0,50,,speed
P6550,John,Doe,2002-11-19,72,243,Unknown,medium,blonde,goatee,R,SS,,0,,,52,53,51,51,50,50,58,50,50,51,,,,,,,,,,,,60,59,57,64,50,0,0,50,63,60,,,,,,,,,,,,False,,,0,,,,,,0,50,,balanced
P6768,John,Doe,2004-10-12,74,189,Unknown,medium,black,clean_shaven,R,2B,,0,,,54,50,48,53,53,49,56,50,49,50,,,,,,,,,,,,70,64,77,74,53,0,0,50,76,77,,,,,,,,,,,,False,,,0,,,,,,0,50,,balanced
P6343,John,Doe,2002-10-02,69,222,Unknown,medium,black,clean_shaven,R,1B,,0,,,51,59,50,49,51,49,52,49,50,51,,,,,,,,,,,,66,72,62,63,51,0,0,49,64,60,,,,,,,,,,,,False,,,0,,,,,,0,50,,gap
P7092,John,Doe,1992-01-28,76,188,Unknown,medium,brown,mustache,R,SS,,0,,,51,47,87,49,52,47,58,49,49,50,,,,,,,,,,,,42,41,82,48,52,0,0,49,41,40,,,,,,,,,,,,False,,,0,,,,,,0,50,,elite_speed
P1411,John,Doe,1997-12-13,74,246,Unknown,light,brown,clean_shaven,L,CF,,0,,,51,47,70,49,49,48,48,52,48,49,,,,,,,,,,,,46,45,72,48,49,0,0,52,49,52,,,,,,,,,,,,False,,,0,,,,,,0,50,,speed
P2210,John,Doe,1990-05-30,71,178,Unknown,medium,blonde,clean_shaven,S,CF,,0,,,50,51,53,51,51,51,53,48,51,50,,,,,,,,,,,,44,46,52,49,51,0,0,48,45,49,,,,,,,,,,,,False,,,0,,,,,,0,50,,balanced
P9294,John,Doe,2007-02-08,75,222,Unknown,medium,brown,mustache,L,P,,1,RP,CL,,,,,55,,,,51,51,50,50,54,49,55,0,58,65,0,0,0,,,,,0,,,,74,77,60,74,60,75,67,0,74,77,0,0,0,False,,,0,,,,,,0,50,closer,
P9299,John,Doe,2004-07-28,78,204,Unknown,medium,blonde,clean_shaven,L,P,,1,RP,SP,,,,,50,,,,48,51,51,52,54,49,49,59,62,60,0,58,0,,,,,0,,,,73,74,67,74,73,63,76,80,82,88,0,70,0,False,,,0,,,,,,0,50,workhorse_sp,
P7516,John,Doe,2006-07-22,77,219,Unknown,medium,black,mustache,L,P,,1,RP,CL,,,,,49,,,,50,51,49,50,52,51,55,60,61,65,0,0,0,,,,,0,,,,71,69,75,71,63,78,78,83,75,78,0,0,0,False,,,0,,,,,,0,50,closer,
P3705,John,Doe,2007-07-31,68,163,Unknown,dark,black,mustache,S,P,RF,1,RP,CL,,,,,49,,,,52,52,51,52,53,50,54,58,0,65,0,0,0,,,,,0,,,,62,66,71,80,68,68,65,75,0,88,0,0,0,False,,,0,,,,,,0,50,closer,
P2338,John,Doe,2007-05-11,69,168,Unknown,dark,black,beard,R,P,,1,RP,LR,,,,,50,,,,50,53,50,52,53,50,53,60,59,63,0,0,0,,,,,0,,,,72,69,81,64,60,77,78,73,74,76,0,0,0,False,,,0,,,,,,0,50,long_relief,
P6716,John,Doe,2006-06-17,73,196,Unknown,dark,black,clean_shaven,L,CF,RF,0,,,57,54,49,51,51,49,43,48,48,48,,,,,,,,,,,,78,71,73,78,51,0,0,48,61,71,,,,,,,,,,,,False,,,0,,,,,,0,50,,gap
P4494,John,Doe,2005-11-14,78,161,Unknown,dark,black,clean_shaven,R,C,,0,,,51,52,50,52,49,49,59,51,50,50,,,,,,,,,,,,74,72,78,63,49,0,0,51,72,70,,,,,,,,,,,,False,,,0,,,,,,0,50,,balanced
P3275,John,Doe,2006-06-16,77,220,Unknown,medium,brown,goatee,R,2B,,0,,,58,48,51,54,52,46,58,52,50,49,,,,,,,,,,,,81,66,81,78,52,0,0,52,74,72,,,,,,,,,,,,False,,,0,,,,,,0,50,,spray
P2758,John,Doe,2007-10-12,75,163,Unknown,medium,black,clean_shaven,L,1B,,0,,,54,56,49,51,51,52,48,52,52,50,,,,,,,,,,,,71,69,74,79,51,0,0,52,81,66,,,,,,,,,,,,False,,,0,,,,,,0,50,,gap
P7483,John,Doe,2004-06-08,73,224,Unknown,dark,brown,clean_shaven,R,1B,,0,,,50,52,70,51,50,51,55,49,50,49,,,,,,,,,,,,69,72,95,78,50,0,0,49,74,73,,,,,,,,,,,,False,,,0,,,,,,0,50,,speed
P3858,John,Doe,1993-04-09,73,244,Unknown,light,brown,clean_shaven,R,P,,1,RP,CL,,,,,55,,,,50,50,52,52,53,50,53,60,62,65,0,0,0,,,,,0,,,,50,45,43,46,43,40,50,56,55,63,0,0,0,False,,,0,,,,,,0,50,closer,
P5903,John,Doe,1995-03-31,76,224,Unknown,dark,brown,clean_shaven,R,P,,1,RP,RP,,,,,50,,,,50,52,50,52,53,49,52,0,60,67,0,0,0,,,,,0,,,,55,49,56,48,51,53,50,0,62,65,0,0,0,False,,,0,,,,,,0,50,power_rp,
P3203,John,Doe,1995-09-22,74,196,Unknown,dark,black,goatee,R,P,,1,RP,RP,,,,,69,,,,51,51,52,50,52,51,51,0,62,0,0,0,0,,,,,67,,,,48,51,46,54,50,49,54,0,57,0,0,0,0,False,,,0,,,,,,0,50,finesse_rp,
P7100,John,Doe,1990-02-22,72,187,Unknown,medium,brown,clean_shaven,S,P,,1,RP,SP,,,,,50,,,,48,50,51,52,54,53,54,0,63,63,0,0,0,,,,,0,,,,43,45,49,52,48,49,48,0,61,62,0,0,0,False,,,0,,,,,,0,50,power_sp,
P3037,John,Doe,2000-12-18,71,161,Unknown,dark,brown,clean_shaven,S,P,,1,RP,SP,,,,,49,,,,50,54,52,50,53,49,54,61,63,60,0,54,0,,,,,0,,,,58,67,58,67,59,54,59,76,78,75,0,62,0,False,,,0,,,,,,0,50,power_sp,
P7711,John,Doe,1997-04-09,75,245,Unknown,dark,black,mustache,R,P,,1,RP,RP,,,,,57,,,,52,49,48,52,52,52,53,56,0,64,62,0,0,,,,,0,,,,52,53,57,48,45,55,53,54,0,65,64,0,0,False,,,0,,,,,,0,50,groundball_rp,
P1015,John,Doe,1991-01-18,75,230,Unknown,medium,brown,clean_shaven,L,P,,1,RP,SP,,,,,50,,,,51,50,51,50,52,51,51,0,63,61,57,0,0,,,,,0,,,,48,47,40,42,47,43,46,0,60,60,56,0,0,False,,,0,,,,,,0,50,power_sp,
P3212,John,Doe,1992-11-26,72,162,Unknown,light,red,mustache,L,P,,1,RP,RP,,,,,51,,,,50,53,51,52,54,51,55,0,62,63,59,0,0,,,,,0,,,,47,45,47,46,43,42,52,0,53,54,51,0,0,False,,,0,,,,,,0,50,power_rp,
P1273,John,Doe,1996-02-12,72,167,Unknown,light,brown,beard,R,P,,1,RP,SP,,,,,50,,,,49,50,53,52,54,52,53,62,60,0,54,0,0,,,,,0,,,,45,46,53,58,58,47,49,62,65,0,52,0,0,False,,,0,,,,,,0,50,finesse_sp,
P4004,John,Doe,1993-02-20,74,167,Unknown,medium,black,clean_shaven,R,P,,1,RP,RP,,,,,51,,,,50,53,49,52,54,50,54,61,0,0,0,0,0,,,,,0,,,,40,50,46,47,44,43,50,54,0,0,0,0,0,False,,,0,,,,,,0,50,finesse_rp,
P4668,John,Doe,1995-05-03,73,183,Unknown,medium,brown,mustache,L,P,,1,RP,RP,,,,,50,,,,49,53,51,50,52,53,55,0,64,63,59,0,0,,,,,0,,,,50,55,55,55,49,58,50,0,62,61,61,0,0,False,,,0,,,,,,0,50,power_rp,
P7246,John,Doe,1997-11-28,76,172,Unknown,light,brown,clean_shaven,R,C,,0,,,49,49,47,49,52,49,56,52,49,49,,,,,,,,,,,,48,52,44,51,52,0,0,52,44,49,,,,,,,,,,,,False,,,0,,,,,,0,50,,average
P7740,John,Doe,1998-11-16,78,194,Unknown,medium,brown,clean_shaven,R,1B,,0,,,51,63,49,51,47,51,52,49,51,49,,,,,,,,,,,,64,69,59,58,47,0,0,49,63,60,,,,,,,,,,,,False,,,0,,,,,,0,50,,power
P4981,John,Doe,2005-02-20,71,192,Unknown,medium,black,clean_shaven,R,2B,,0,,,51,63,48,52,50,50,58,49,52,49,,,,,,,,,,,,68,79,78,80,50,0,0,49,72,79,,,,,,,,,,,,False,,,0,,,,,,0,50,,power
P1760,John,Doe,1989-11-14,75,162,Unknown,dark,black,mustache,R,3B,,0,,,51,62,51,49,50,53,60,52,52,48,,,,,,,,,,,,44,55,41,44,50,0,0,52,51,46,,,,,,,,,,,,False,,,0,,,,,,0,50,,power
P6976,John,Doe,2000-08-16,71,239,Unknown,light,black,beard,R,SS,,0,,,52,50,94,52,50,51,61,51,49,48,,,,,,,,,,,,66,64,99,66,50,0,0,51,61,60,,,,,,,,,,,,False,,,0,,,,,,0,50,,speed
P8876,John,Doe,1996-01-23,78,195,Unknown,light,blonde,clean_shaven,R,LF,,0,,,50,52,51,51,53,51,57,53,51,51,,,,,,,,,,,,46,52,49,49,53,0,0,53,55,48,,,,,,,,,,,,False,,,0,,,,,,0,50,,average
P3969,John,Doe,1990-06-25,73,186,Unknown,light,brown,clean_shaven,R,CF,,0,,,53,50,70,52,54,49,57,50,49,52,,,,,,,,,,,,50,50,65,45,54,0,0,50,48,48,,,,,,,,,,,,False,,,0,,,,,,0,50,,speed
P5867,John,Doe,1991-07-30,78,194,Unknown,light,black,mustache,R,RF,,0,,,50,58,52,51,49,53,54,52,50,53,,,,,,,,,,,,47,55,45,46,49,0,0,52,49,48,,,,,,,,,,,,False,,,0,,,,,,0,50,,power
P6753,John,Doe,1989-01-31,76,240,Unknown,dark,black,beard,R,3B,,0,,,50,57,49,49,47,52,56,50,50,50,,,,,,,,,,,,47,47,49,47,47,0,0,50,42,40,,,,,,,,,,,,False,,,0,,,,,,0,50,,power
P9189,John,Doe,1992-11-27,74,208,Unknown,light,brown,clean_shaven,L,CF,,0,,,50,50,70,49,53,51,50,51,49,51,,,,,,,,,,,,47,45,67,40,53,0,0,51,43,43,,,,,,,,,,,,False,,,0,,,,,,0,50,,speed
P2711,John,Doe,1994-07-10,78,236,Unknown,dark,brown,mustache,R,LF,,0,,,59,49,53,50,53,47,57,49,50,49,,,,,,,,,,,,62,45,50,49,53,0,0,49,47,50,,,,,,,,,,,,False,,,0,,,,,,0,50,,spray
P1869,John,Doe,1987-10-17,75,188,Unknown,dark,brown,beard,L,1B,,0,,,53,58,49,52,52,49,48,52,49,52,,,,,,,,,,,,53,54,48,49,52,0,0,52,49,46,,,,,,,,,,,,False,,,0,,,,,,0,50,,balanced
P2710,John,Doe,1993-11-15,73,193,Unknown,dark,blonde,clean_shaven,R,LF,,0,,,54,53,49,53,48,49,55,51,48,53,,,,,,,,,,,,50,51,39,44,48,0,0,51,47,52,,,,,,,,,,,,False,,,0,,,,,,0,50,,gap
P9389,John,Doe,2000-10-06,75,187,Unknown,dark,brown,clean_shaven,L,3B,,0,,,53,49,52,52,52,53,52,48,49,49,,,,,,,,,,,,68,64,61,61,52,0,0,48,58,62,,,,,,,,,,,,False,,,0,,,,,,0,50,,balanced
P1047,John,Doe,1992-05-23,70,244,Unknown,light,black,clean_shaven,L,P,,1,RP,CL,,,,,55,,,,52,52,51,51,52,49,53,61,59,65,0,0,0,,,,,0,,,,45,47,42,47,46,47,45,60,54,64,0,0,0,False,,,0,,,,,,0,50,closer,
P8873,John,Doe,2001-07-26,69,232,Unknown,medium,brown,clean_shaven,L,P,,1,RP,SP,,,,,50,,,,49,53,50,53,52,48,51,58,0,0,58,0,0,,,,,0,,,,59,58,60,67,60,58,59,70,0,0,73,0,0,False,,,0,,,,,,0,50,groundball_sp,
P6016,John,Doe,1998-06-04,73,196,Unknown,light,red,goatee,R,P,,1,RP,SP,,,,,49,,,,50,48,49,51,53,52,52,0,60,0,62,0,0,,,,,0,,,,61,55,61,65,61,59,63,0,69,0,74,0,0,False,,,0,,,,,,0,50,groundball_sp,
P8622,John,Doe,1996-03-22,78,185,Unknown,medium,black,clean_shaven,R,P,,1,RP,RP,,,,,57,,,,51,53,52,50,53,50,50,0,59,66,62,0,0,,,,,0,,,,52,52,50,48,57,55,54,0,59,63,61,0,0,False,,,0,,,,,,0,50,groundball_rp,
P7360,John,Doe,1992-06-23,77,186,Unknown,dark,brown,clean_shaven,R,P,,1,RP,RP,,,,,51,,,,49,51,52,50,52,53,55,0,62,64,0,0,0,,,,,0,,,,43,42,50,51,50,51,45,0,55,58,0,0,0,False,,,0,,,,,,0,50,power_rp,
P3642,John,Doe,2000-12-22,69,181,Unknown,medium,blonde,beard,L,P,,1,RP,SP,,,,,49,,,,48,49,50,51,54,49,51,59,60,60,0,0,0,,,,,0,,,,61,62,58,65,55,59,58,74,69,70,0,0,0,False,,,0,,,,,,0,50,workhorse_sp,
P4994,John,Doe,1993-11-30,74,219,Unknown,medium,blonde,clean_shaven,R,P,,1,RP,SP,,,,,50,,,,52,54,53,52,52,51,53,0,60,60,0,57,0,,,,,0,,,,51,54,42,52,47,44,49,0,51,53,0,49,0,False,,,0,,,,,,0,50,power_sp,
P7308,John,Doe,1993-07-16,78,194,Unknown,dark,black,beard,L,SS,,0,,,53,62,50,51,51,52,49,49,51,48,,,,,,,,,,,,46,56,46,48,51,0,0,49,49,38,,,,,,,,,,,,False,,,0,,,,,,0,50,,power
P9205,John,Doe,1991-12-29,72,181,Unknown,light,brown,clean_shaven,R,3B,,0,,,53,51,51,50,50,49,56,48,50,48,,,,,,,,,,,,47,43,44,44,50,0,0,48,40,46,,,,,,,,,,,,False,,,0,,,,,,0,50,,gap
P8859,John,Doe,1988-09-06,70,192,Unknown,medium,brown,beard,R,C,,0,,,51,51,50,50,49,51,57,52,53,52,,,,,,,,,,,,47,41,43,47,49,0,0,52,50,52,,,,,,,,,,,,False,,,0,,,,,,0,50,,gap
P6779,John,Doe,1998-10-23,73,170,Unknown,light,red,beard,R,LF,,0,,,52,58,51,52,49,49,55,50,50,51,,,,,,,,,,,,57,71,59,58,49,0,0,50,61,60,,,,,,,,,,,,False,,,0,,,,,,0,50,,gap
P6388,John,Doe,1994-10-02,74,200,Unknown,medium,brown,clean_shaven,L,1B,,0,,,49,55,53,52,48,50,48,50,50,49,,,,,,,,,,,,51,59,52,47,48,0,0,50,55,47,,,,,,,,,,,,False,,,0,,,,,,0,50,,gap
P3050,John,Doe,2002-11-06,75,193,Unknown,medium,brown,clean_shaven,S,1B,,0,,,62,67,50,51,48,49,49,49,52,52,,,,,,,,,,,,77,81,56,59,48,0,0,49,61,61,,,,,,,,,,,,False,,,0,,,,,,0,50,,gap
P2867,John,Doe,2004-01-22,72,162,Unknown,medium,brown,clean_shaven,R,C,,0,,,52,49,72,52,52,48,56,50,50,50,,,,,,,,,,,,60,58,79,65,52,0,0,50,55,61,,,,,,,,,,,,False,,,0,,,,,,0,50,,speed
P2516,John,Doe,1996-03-08,74,226,Unknown,medium,black,beard,S,RF,1B,0,,,54,52,51,50,50,50,53,51,53,49,,,,,,,,,,,,49,52,56,47,50,0,0,51,56,50,,,,,,,,,,,,False,,,0,,,,,,0,50,,balanced
P2470,John,Doe,2005-07-05,74,178,Unknown,dark,red,clean_shaven,L,P,,1,RP,CL,,,,,55,,,,51,52,47,53,53,53,52,58,0,65,0,0,0,,,,,0,,,,62,68,69,75,59,65,71,74,0,89,0,0,0,False,,,0,,,,,,0,50,closer,
P6398,John,Doe,2007-09-18,71,248,Unknown,light,blonde,goatee,R,P,,1,RP,SP,,,,,51,,,,52,49,51,52,52,52,52,61,61,60,58,0,0,,,,,0,,,,72,75,78,74,77,79,75,84,75,88,68,0,0,False,,,0,,,,,,0,50,groundball_sp,
P2131,John,Doe,2007-02-17,75,197,Unknown,medium,brown,goatee,R,P,,1,RP,SP,,,,,50,,,,48,49,53,50,54,51,53,60,61,60,56,0,0,,,,,0,,,,67,69,71,79,74,81,70,84,86,75,74,0,0,False,,,0,,,,,,0,50,finesse_sp,
P1130,John,Doe,2004-10-13,68,198,Unknown,medium,brown,clean_shaven,L,P,,1,RP,SP,,,,,48,,,,52,50,49,50,52,52,53,63,60,62,55,0,0,,,,,0,,,,75,74,72,66,69,69,83,81,88,90,82,0,0,False,,,0,,,,,,0,50,balanced_sp,
P4577,John,Doe,2005-10-10,76,245,Unknown,dark,black,beard,L,P,,1,RP,CL,,,,,50,,,,52,50,48,50,53,49,55,0,0,67,0,0,0,,,,,0,,,,67,78,68,73,65,75,74,0,0,81,0,0,0,False,,,0,,,,,,0,50,closer,
P2489,John,Doe,2004-03-06,68,217,Unknown,medium,black,clean_shaven,R,SS,,0,,,60,51,51,52,51,49,59,51,47,47,,,,,,,,,,,,84,70,81,64,51,0,0,51,69,70,,,,,,,,,,,,False,,,0,,,,,,0,50,,spray
P6875,John,Doe,2004-07-08,71,221,Unknown,medium,brown,mustache,R,SS,,0,,,52,48,70,53,51,50,60,50,48,47,,,,,,,,,,,,76,75,99,63,51,0,0,50,69,73,,,,,,,,,,,,False,,,0,,,,,,0,50,,speed
P2156,John,Doe,2005-12-02,69,238,Unknown,light,black,clean_shaven,R,C,,0,,,49,50,51,50,51,51,59,51,51,52,,,,,,,,,,,,66,71,75,63,51,0,0,51,80,67,,,,,,,,,,,,False,,,0,,,,,,0,50,,average
P9417,John,Doe,2007-04-16,68,193,Unknown,medium,brown,clean_shaven,R,1B,,0,,,53,60,50,52,51,50,54,50,49,48,,,,,,,,,,,,79,84,79,68,51,0,0,50,66,58,,,,,,,,,,,,False,,,0,,,,,,0,50,,power
P1558,John,Doe,2004-04-02,73,201,Unknown,light,black,clean_shaven,L,2B,,0,,,53,50,85,50,50,51,50,49,49,53,,,,,,,,,,,,73,74,99,75,50,0,0,49,59,67,,,,,,,,,,,,False,,,0,,,,,,0,50,,elite_speed
P2371,John,Doe,1997-11-16,76,192,Unknown,light,brown,clean_shaven,R,P,,1,RP,CL,,,,,55,,,,52,54,47,52,54,52,54,56,60,67,0,0,0,,,,,0,,,,55,59,51,49,44,50,55,60,57,72,0,0,0,False,,,0,,,,,,0,50,closer,
P3214,John,Doe,1995-11-06,68,236,Unknown,light,blonde,clean_shaven,L,P,,1,RP,CL,,,,,50,,,,49,53,50,50,52,52,54,60,60,66,0,0,0,,,,,0,,,,50,55,52,56,51,55,56,59,65,61,0,0,0,False,,,0,,,,,,0,50,closer,
P7338,John,Doe,1993-06-16,77,227,Unknown,light,red,mustache,S,P,,1,RP,CL,,,,,51,,,,47,54,51,50,52,49,55,0,0,66,0,0,0,,,,,0,,,,47,46,50,43,49,41,49,0,0,62,0,0,0,False,,,0,,,,,,0,50,closer,
P2610,John,Doe,1992-11-05,77,224,Unknown,light,brown,goatee,L,P,,1,RP,RP,,,,,50,,,,52,50,50,52,54,51,50,60,59,0,0,0,0,,,,,0,,,,52,44,45,51,46,47,44,50,52,0,0,0,0,False,,,0,,,,,,0,50,finesse_rp,
P5273,John,Doe,2002-12-19,78,181,Unknown,dark,brown,beard,L,P,,1,RP,RP,,,,,53,,,,50,50,51,52,53,50,53,0,63,67,0,0,0,,,,,0,,,,56,63,61,58,66,64,60,0,75,82,0,0,0,False,,,0,,,,,,0,50,power_rp,
P7197,John,Doe,1988-03-28,71,200,Unknown,medium,blonde,beard,R,P,,1,RP,SP,,,,,48,,,,48,52,51,50,52,50,52,0,61,59,56,56,0,,,,,0,,,,38,48,41,43,44,40,48,0,61,57,50,47,0,False,,,0,,,,,,0,50,power_sp,
P3195,John,Doe,1992-12-17,69,241,Unknown,dark,black,goatee,R,P,,1,RP,SP,,,,,51,,,,52,50,51,50,54,52,53,59,60,0,0,0,0,,,,,0,,,,48,44,40,49,46,50,53,50,56,0,0,0,0,False,,,0,,,,,,0,50,balanced_sp,
P4899,John,Doe,1997-01-17,76,197,Unknown,medium,blonde,beard,R,P,,1,RP,SP,,,,,51,,,,50,51,50,50,52,48,54,0,63,62,0,58,0,,,,,0,,,,54,53,50,49,52,47,59,0,61,65,0,60,0,False,,,0,,,,,,0,50,power_sp,
P1660,John,Doe,2000-02-06,70,203,Unknown,light,brown,clean_shaven,S,P,,1,RP,RP,,,,,55,,,,50,49,51,51,52,51,49,0,0,0,63,0,0,,,,,0,,,,61,55,66,63,63,66,55,0,0,0,71,0,0,False,,,0,,,,,,0,50,groundball_rp,
P4703,John,Doe,1987-07-10,70,204,Unknown,light,black,beard,L,P,,1,RP,CL,,,,,49,,,,51,50,50,52,52,52,55,0,0,66,0,0,0,,,,,0,,,,51,50,52,52,46,48,45,0,0,58,0,0,0,False,,,0,,,,,,0,50,closer,
P3663,John,Doe,1993-08-30,77,162,Unknown,light,brown,clean_shaven,R,P,,1,RP,LR,,,,,50,,,,51,51,53,51,52,51,53,59,59,0,0,0,0,,,,,0,,,,46,42,45,47,48,47,52,51,56,0,0,0,0,False,,,0,,,,,,0,50,long_relief,
P3434,John,Doe,1991-10-01,78,163,Unknown,dark,brown,mustache,R,C,,0,,,50,49,85,51,50,48,57,49,50,47,,,,,,,,,,,,48,45,78,50,50,0,0,49,48,44,,,,,,,,,,,,False,,,0,,,,,,0,50,,elite_speed
P6592,John,Doe,1988-11-08,72,213,Unknown,dark,black,goatee,S,1B,,0,,,50,63,49,51,48,52,49,48,49,50,,,,,,,,,,,,42,60,45,41,48,0,0,48,43,40,,,,,,,,,,,,False,,,0,,,,,,0,50,,power
P8121,John,Doe,1992-11-11,78,250,Unknown,dark,brown,clean_shaven,R,2B,,0,,,58,49,75,55,52,48,56,51,49,49,,,,,,,,,,,,58,45,70,48,52,0,0,51,41,41,,,,,,,,,,,,False,,,0,,,,,,0,50,,speed
P5797,John,Doe,1996-02-22,76,212,Unknown,dark,red,clean_shaven,R,3B,,0,,,50,57,48,49,48,50,58,48,50,50,,,,,,,,,,,,52,62,48,51,48,0,0,48,50,52,,,,,,,,,,,,False,,,0,,,,,,0,50,,power
P3204,John,Doe,1992-08-14,78,244,Unknown,medium,brown,goatee,L,SS,,0,,,51,53,50,51,48,50,51,52,50,53,,,,,,,,,,,,45,49,44,44,48,0,0,52,40,45,,,,,,,,,,,,False,,,0,,,,,,0,50,,average
P7664,John,Doe,1997-05-21,68,161,Unknown,medium,black,clean_shaven,R,LF,,0,,,49,58,51,50,49,53,58,49,49,51,,,,,,,,,,,,50,53,56,55,49,0,0,49,48,50,,,,,,,,,,,,False,,,0,,,,,,0,50,,balanced
P4726,John,Doe,2003-02-18,73,161,Unknown,medium,black,clean_shaven,S,CF,,0,,,51,49,53,50,52,49,51,51,48,48,,,,,,,,,,,,57,55,67,58,52,0,0,51,54,62,,,,,,,,,,,,False,,,0,,,,,,0,50,,average
P1166,John,Doe,1996-07-16,72,190,Unknown,medium,black,clean_shaven,R,RF,,0,,,50,54,51,52,48,50,57,51,48,54,,,,,,,,,,,,52,49,48,48,48,0,0,51,52,58,,,,,,,,,,,,False,,,0,,,,,,0,50,,balanced
P5928,John,Doe,1994-08-05,69,184,Unknown,dark,black,clean_shaven,R,RF,,0,,,52,60,48,50,50,53,58,52,47,53,,,,,,,,,,,,50,62,43,45,50,0,0,52,47,55,,,,,,,,,,,,False,,,0,,,,,,0,50,,power
P9944,John,Doe,2001-03-16,76,164,Unknown,medium,brown,clean_shaven,R,CF,,0,,,52,48,85,50,52,48,54,52,48,51,,,,,,,,,,,,66,53,94,58,52,0,0,52,60,62,,,,,,,,,,,,False,,,0,,,,,,0,50,,elite_speed
P7323,John,Doe,1992-11-09,74,222,Unknown,light,black,clean_shaven,R,LF,,0,,,49,55,48,51,53,53,56,51,48,49,,,,,,,,,,,,43,50,44,45,53,0,0,51,40,46,,,,,,,,,,,,False,,,0,,,,,,0,50,,balanced
P1646,John,Doe,1994-11-28,77,173,Unknown,medium,black,goatee,L,RF,,0,,,53,54,49,52,50,51,45,50,51,52,,,,,,,,,,,,55,51,51,57,50,0,0,50,55,50,,,,,,,,,,,,False,,,0,,,,,,0,50,,balanced
P1305,John,Doe,1997-01-05,76,231,Unknown,light,black,clean_shaven,S,1B,,0,,,49,61,52,48,49,50,51,50,51,48,,,,,,,,,,,,50,57,53,43,49,0,0,50,56,53,,,,,,,,,,,,False,,,0,,,,,,0,50,,power
P8716,John,Doe,1987-08-02,70,217,Unknown,light,black,beard,L,LF,,0,,,50,50,76,51,52,47,48,52,50,51,,,,,,,,,,,,50,50,74,44,52,0,0,52,41,49,,,,,,,,,,,,False,,,0,,,,,,0,50,,speed
P8922,John,Doe,1987-05-18,70,162,Unknown,light,black,clean_shaven,R,P,,1,RP,CL,,,,,55,,,,49,54,50,51,53,50,54,0,62,66,0,0,0,,,,,0,,,,47,44,44,48,43,40,50,0,53,64,0,0,0,False,,,0,,,,,,0,50,closer,
P9756,John,Doe,1994-07-14,75,191,Unknown,dark,blonde,beard,R,P,,1,RP,SP,,,,,54,,,,50,52,49,51,54,50,53,57,63,61,58,0,0,,,,,0,,,,52,54,50,59,46,50,53,53,64,56,58,0,0,False,,,0,,,,,,0,50,groundball_sp,
P5550,John,Doe,1995-07-12,75,180,Unknown,light,brown,clean_shaven,S,P,,1,RP,SP,,,,,54,,,,51,52,49,50,52,48,51,61,61,58,58,0,0,,,,,0,,,,56,54,50,48,44,46,48,63,61,59,56,0,0,False,,,0,,,,,,0,50,groundball_sp,
P9834,John,Doe,1992-03-10,69,184,Unknown,light,black,clean_shaven,R,P,,1,RP,SP,,,,,54,,,,53,49,51,52,54,51,51,60,0,58,58,0,0,,,,,0,,,,44,42,46,46,48,43,48,56,0,49,51,0,0,False,,,0,,,,,,0,50,groundball_sp,
P5506,John,Doe,1988-06-02,69,190,Unknown,dark,brown,beard,R,P,,1,RP,CL,,,,,50,,,,50,52,48,50,54,49,53,0,0,65,0,0,0,,,,,0,,,,45,45,45,48,38,45,45,0,0,63,0,0,0,False,,,0,,,,,,0,50,closer,
P7678,John,Doe,1994-05-25,70,160,Unknown,dark,brown,beard,S,P,,1,RP,SP,,,,,52,,,,51,49,53,53,52,49,53,60,61,0,0,56,0,,,,,0,,,,54,44,49,53,55,47,50,60,59,0,0,56,0,False,,,0,,,,,,0,50,finesse_sp,
P1762,John,Doe,1987-03-25,75,175,Unknown,light,red,clean_shaven,L,P,,1,RP,SP,,,,,51,,,,50,50,51,51,54,50,50,63,59,59,0,0,0,,,,,0,,,,45,45,45,45,49,46,46,58,55,49,0,0,0,False,,,0,,,,,,0,50,workhorse_sp,
P5309,John,Doe,1999-12-20,76,162,Unknown,medium,black,clean_shaven,R,CF,,0,,,54,53,50,52,49,53,56,51,47,52,,,,,,,,,,,,67,68,56,61,49,0,0,51,59,59,,,,,,,,,,,,False,,,0,,,,,,0,50,,balanced
P7611,John,Doe,1990-10-13,76,168,Unknown,medium,black,clean_shaven,R,RF,,0,,,52,55,52,52,48,48,51,48,48,50,,,,,,,,,,,,51,55,52,44,48,0,0,48,45,40,,,,,,,,,,,,False,,,0,,,,,,0,50,,balanced
P8757,John,Doe,1987-08-12,78,202,Unknown,dark,brown,beard,L,RF,,0,,,62,68,49,51,47,52,43,49,49,52,,,,,,,,,,,,61,67,41,42,47,0,0,49,41,47,,,,,,,,,,,,False,,,0,,,,,,0,50,,gap
P7670,John,Doe,1993-01-08,70,174,Unknown,dark,brown,clean_shaven,R,LF,,0,,,57,50,53,53,54,51,60,50,52,51,,,,,,,,,,,,51,40,44,45,54,0,0,50,47,49,,,,,,,,,,,,False,,,0,,,,,,0,50,,spray
P2875,John,Doe,2004-09-11,68,219,Unknown,light,brown,clean_shaven,R,3B,,0,,,58,51,54,51,48,48,56,51,49,53,,,,,,,,,,,,69,65,70,75,48,0,0,51,63,63,,,,,,,,,,,,False,,,0,,,,,,0,50,,spray
P2944,John,Doe,2001-08-03,68,194,Unknown,dark,black,clean_shaven,S,LF,,0,,,51,58,51,50,49,50,52,52,50,53,,,,,,,,,,,,66,66,57,61,49,0,0,52,64,67,,,,,,,,,,,,False,,,0,,,,,,0,50,,balanced
P3552,John,Doe,2003-03-08,71,165,Unknown,dark,blonde,beard,S,C,,0,,,49,55,51,50,48,51,55,48,50,50,,,,,,,,,,,,64,65,62,60,48,0,0,48,61,61,,,,,,,,,,,,False,,,0,,,,,,0,50,,power
P6055,John,Doe,1988-11-18,76,187,Unknown,dark,blonde,beard,L,1B,,0,,,50,65,47,49,48,49,48,50,49,49,,,,,,,,,,,,47,61,42,47,48,0,0,50,41,40,,,,,,,,,,,,False,,,0,,,,,,0,50,,power
P1881,John,Doe,2006-07-08,75,240,Unknown,medium,brown,clean_shaven,R,P,,1,RP,CL,,,,,55,,,,51,54,52,52,53,50,53,56,59,65,0,0,0,,,,,0,,,,62,68,74,70,64,62,78,72,75,77,0,0,0,False,,,0,,,,,,0,50,closer,
P7170,John,Doe,2005-04-15,68,167,Unknown,medium,blonde,clean_shaven,R,P,,1,RP,SP,,,,,47,,,,51,52,53,50,52,51,51,0,61,60,55,0,0,,,,,0,,,,74,64,75,82,66,80,69,0,79,75,77,0,0,False,,,0,,,,,,0,50,power_sp,
P9734,John,Doe,2005-08-22,73,241,Unknown,dark,blonde,beard,S,P,,1,RP,SP,,,,,49,,,,49,52,54,50,53,51,53,62,60,62,0,0,0,,,,,0,,,,73,69,75,73,67,68,66,78,86,88,0,0,0,False,,,0,,,,,,0,50,balanced_sp,
P5608,John,Doe,2006-07-02,71,241,Unknown,dark,black,clean_shaven,R,P,,1,RP,CL,,,,,49,,,,50,53,52,52,52,50,54,57,59,65,0,0,0,,,,,0,,,,75,83,77,74,72,63,74,68,72,95,0,0,0,False,,,0,,,,,,0,50,closer,
P5990,John,Doe,2005-08-12,72,164,Unknown,dark,brown,clean_shaven,L,P,,1,RP,SP,,,,,52,,,,49,49,51,52,52,51,51,0,0,60,58,0,0,,,,,0,,,,79,71,77,71,71,79,74,0,0,73,83,0,0,False,,,0,,,,,,0,50,groundball_sp,
P1416,John,Doe,2005-10-31,75,240,Unknown,dark,red,clean_shaven,R,2B,,0,,,53,50,50,51,48,52,55,52,52,49,,,,,,,,,,,,68,63,73,72,48,0,0,52,78,72,,,,,,,,,,,,False,,,0,,,,,,0,50,,balanced
P2712,John,Doe,2004-06-04,77,223,Unknown,medium,black,clean_shaven,R,3B,,0,,,49,60,53,50,50,52,58,50,48,52,,,,,,,,,,,,72,77,71,75,50,0,0,50,64,80,,,,,,,,,,,,False,,,0,,,,,,0,50,,power
P2501,John,Doe,2007-09-26,78,250,Unknown,medium,brown,beard,R,2B,,0,,,64,49,52,56,53,48,57,53,50,53,,,,,,,,,,,,87,66,78,69,53,0,0,53,79,75,,,,,,,,,,,,False,,,0,,,,,,0,50,,spray
P2227,John,Doe,2006-08-11,73,241,Unknown,medium,blonde,clean_shaven,S,LF,,0,,,52,50,50,50,51,50,54,52,49,49,,,,,,,,,,,,71,61,70,68,51,0,0,52,64,62,,,,,,,,,,,,False,,,0,,,,,,0,50,,average
P8511,John,Doe,2004-04-11,74,237,Unknown,light,red,clean_shaven,L,SS,,0,,,56,56,53,55,48,51,49,51,50,53,,,,,,,,,,,,67,86,72,70,48,0,0,51,70,81,,,,,,,,,,,,False,,,0,,,,,,0,50,,gap
P7716,John,Doe,2004-06-11,73,211,Unknown,medium,blonde,clean_shaven,R,P,,1,RP,CL,,,,,55,,,,49,52,51,53,54,48,54,58,62,66,0,0,0,,,,,0,,,,79,67,69,65,61,71,74,71,74,80,0,0,0,False,,,0,,,,,,0,50,closer,
P5280,John,Doe,1998-09-12,72,195,Unknown,medium,black,clean_shaven,L,P,,1,RP,RP,,,,,49,,,,50,53,52,52,54,48,53,0,62,67,0,55,0,,,,,0,,,,57,61,59,59,61,59,61,0,71,78,0,70,0,False,,,0,,,,,,0,50,power_rp,
P3686,John,Doe,2001-08-14,74,237,Unknown,medium,black,clean_shaven,L,P,,1,RP,SP,,,,,48,,,,49,49,54,50,52,51,52,0,62,60,0,0,0,,,,,0,,,,61,58,65,58,67,60,59,0,68,70,0,0,0,False,,,0,,,,,,0,50,power_sp,
P3527,John,Doe,2005-02-17,70,198,Unknown,dark,brown,clean_shaven,R,P,,1,RP,SP,,,,,49,,,,51,52,53,54,54,52,50,62,59,0,0,0,0,,,,,0,,,,77,65,72,80,65,67,77,92,73,0,0,0,0,False,,,0,,,,,,0,50,finesse_sp,
P3319,John,Doe,2004-07-28,71,170,Unknown,medium,brown,clean_shaven,L,P,,1,RP,RP,,,,,51,,,,48,50,52,50,52,52,50,60,60,0,58,0,0,,,,,0,,,,74,62,65,77,69,76,76,75,85,0,76,0,0,False,,,0,,,,,,0,50,finesse_rp,
P8314,John,Doe,1998-09-15,68,243,Unknown,medium,brown,clean_shaven,S,P,,1,RP,RP,,,,,53,,,,52,52,49,52,53,50,50,0,0,0,59,0,0,,,,,0,,,,66,61,59,63,54,60,59,0,0,0,66,0,0,False,,,0,,,,,,0,50,groundball_rp,
P5757,John,Doe,1987-05-11,70,198,Unknown,medium,black,beard,R,P,,1,RP,RP,,,,,49,,,,52,48,51,51,53,52,50,62,62,0,0,0,0,,,,,0,,,,49,44,43,44,48,47,49,55,56,0,0,0,0,False,,,0,,,,,,0,50,finesse_rp,
P6869,John,Doe,1991-10-31,70,204,Unknown,dark,brown,beard,S,P,,1,RP,RP,,,,,49,,,,51,49,50,52,52,50,51,62,63,0,0,0,0,,,,,0,,,,50,40,48,42,42,42,48,56,57,0,0,0,0,False,,,0,,,,,,0,50,finesse_rp,
P3523,John,Doe,2003-02-16,77,245,Unknown,medium,black,clean_shaven,L,P,,1,RP,SP,,,,,52,,,,49,53,51,50,54,50,54,60,63,59,0,57,0,,,,,0,,,,58,62,56,65,62,56,63,72,71,74,0,63,0,False,,,0,,,,,,0,50,power_sp,
P7782,John,Doe,1993-03-27,76,164,Unknown,medium,brown,clean_shaven,R,P,,1,RP,SP,,,,,49,,,,52,53,50,51,52,49,52,61,59,62,58,0,0,,,,,0,,,,42,45,44,45,42,39,49,54,57,62,57,0,0,False,,,0,,,,,,0,50,groundball_sp,
P1536,John,Doe,2004-08-08,77,230,Unknown,dark,brown,clean_shaven,R,P,,1,RP,SP,,,,,50,,,,50,50,52,53,52,48,49,0,59,57,59,0,0,,,,,0,,,,75,70,66,73,82,76,60,0,89,78,80,0,0,False,,,0,,,,,,0,50,groundball_sp,
P8183,John,Doe,1996-10-22,69,169,Unknown,dark,blonde,beard,R,C,,0,,,52,63,52,51,49,50,56,50,52,52,,,,,,,,,,,,56,68,57,52,49,0,0,50,53,57,,,,,,,,,,,,False,,,0,,,,,,0,50,,power
P5761,John,Doe,1990-05-16,70,231,Unknown,dark,blonde,beard,L,1B,,0,,,50,62,53,51,47,52,46,52,50,53,,,,,,,,,,,,45,53,48,48,47,0,0,52,50,51,,,,,,,,,,,,False,,,0,,,,,,0,50,,power
P1278,John,Doe,1999-11-23,72,215,Unknown,medium,black,clean_shaven,L,2B,,0,,,51,50,70,52,54,51,51,50,51,49,,,,,,,,,,,,61,55,78,59,54,0,0,50,62,60,,,,,,,,,,,,False,,,0,,,,,,0,50,,speed
P4539,John,Doe,2003-03-24,77,216,Unknown,dark,red,clean_shaven,R,3B,,0,,,53,48,52,49,49,49,59,49,49,53,,,,,,,,,,,,65,61,59,59,49,0,0,49,62,63,,,,,,,,,,,,False,,,0,,,,,,0,50,,average
P4073,John,Doe,2000-09-30,71,166,Unknown,light,brown,clean_shaven,S,SS,,0,,,49,51,53,50,49,49,56,52,50,48,,,,,,,,,,,,60,60,58,61,49,0,0,52,61,63,,,,,,,,,,,,False,,,0,,,,,,0,50,,balanced
P2080,John,Doe,1994-01-09,69,190,Unknown,dark,brown,clean_shaven,R,LF,,0,,,53,64,52,52,48,51,56,48,52,49,,,,,,,,,,,,48,54,46,42,48,0,0,48,46,49,,,,,,,,,,,,False,,,0,,,,,,0,50,,power
P6381,John,Doe,1991-01-28,75,226,Unknown,medium,blonde,clean_shaven,R,CF,,0,,,48,50,49,51,51,53,57,48,52,50,,,,,,,,,,,,47,41,40,50,51,0,0,48,43,42,,,,,,,,,,,,False,,,0,,,,,,0,50,,balanced
P1363,John,Doe,1994-05-03,72,242,Unknown,light,brown,goatee,R,RF,,0,,,50,54,52,51,52,51,51,49,49,48,,,,,,,,,,,,49,53,51,47,52,0,0,49,45,49,,,,,,,,,,,,False,,,0,,,,,,0,50,,gap
P4640,John,Doe,1990-08-06,75,227,Unknown,light,brown,beard,S,CF,,0,,,50,53,52,49,52,48,46,48,47,52,,,,,,,,,,,,45,51,45,47,52,0,0,48,47,45,,,,,,,,,,,,False,,,0,,,,,,0,50,,average
P3445,John,Doe,2002-04-25,77,215,Unknown,medium,brown,goatee,R,C,,0,,,51,49,85,52,53,49,56,52,50,52,,,,,,,,,,,,56,57,90,64,53,0,0,52,55,62,,,,,,,,,,,,False,,,0,,,,,,0,50,,speed
P8912,John,Doe,1993-01-14,75,227,Unknown,medium,brown,mustache,L,RF,,0,,,52,48,52,52,53,49,50,51,51,51,,,,,,,,,,,,50,44,52,45,53,0,0,51,46,44,,,,,,,,,,,,False,,,0,,,,,,0,50,,average
P6837,John,Doe,2002-02-08,68,229,Unknown,medium,brown,clean_shaven,L,RF,,0,,,49,51,50,52,50,51,42,49,49,53,,,,,,,,,,,,59,60,61,60,50,0,0,49,56,61,,,,,,,,,,,,False,,,0,,,,,,0,50,,balanced
P9014,John,Doe,1991-01-19,78,177,Unknown,dark,black,clean_shaven,R,CF,,0,,,53,60,52,49,46,54,52,51,51,52,,,,,,,,,,,,53,51,49,47,46,0,0,51,51,49,,,,,,,,,,,,False,,,0,,,,,,0,50,,power
P2515,John,Doe,2003-01-02,68,243,Unknown,light,blonde,goatee,L,C,,0,,,49,53,49,50,49,52,51,50,51,48,,,,,,,,,,,,54,61,58,63,49,0,0,50,58,62,,,,,,,,,,,,False,,,0,,,,,,0,50,,average
P7668,John,Doe,2003-10-08,77,215,Unknown,medium,black,beard,R,P,,1,RP,CL,,,,,55,,,,50,50,51,52,52,49,52,0,0,67,0,0,0,,,,,0,,,,64,65,63,61,59,60,66,0,0,79,0,0,0,False,,,0,,,,,,0,50,closer,
P4513,John,Doe,2004-09-06,77,203,Unknown,light,black,clean_shaven,L,P,,1,RP,SP,,,,,52,,,,50,49,52,52,53,51,49,59,62,59,62,0,0,,,,,0,,,,62,64,80,68,72,67,79,76,79,85,90,0,0,False,,,0,,,,,,0,50,groundball_sp,
P8649,John,Doe,1990-09-23,72,201,Unknown,light,brown,clean_shaven,L,P,,1,RP,RP,,,,,54,,,,48,49,49,50,54,51,51,0,0,64,62,0,0,,,,,0,,,,46,44,44,49,48,42,41,0,0,61,62,0,0,False,,,0,,,,,,0,50,groundball_rp,
P4379,John,Doe,1999-08-06,70,194,Unknown,dark,black,clean_shaven,S,P,,1,RP,RP,,,,,52,,,,50,48,48,50,52,49,50,0,61,0,0,0,0,,,,,0,,,,58,56,56,62,60,57,59,0,67,0,0,0,0,False,,,0,,,,,,0,50,finesse_rp,
P3345,John,Doe,1992-05-22,70,231,Unknown,medium,blonde,beard,S,P,,1,RP,SP,,,,,50,,,,52,53,50,50,54,52,50,60,59,62,58,0,0,,,,,0,,,,43,51,49,49,46,51,40,57,50,60,49,0,0,False,,,0,,,,,,0,50,balanced_sp,
P3010,John,Doe,1999-11-17,70,175,Unknown,medium,brown,clean_shaven,S,P,,1,RP,LR,,,,,50,,,,47,51,53,53,52,52,52,57,62,65,0,0,0,,,,,0,,,,54,65,64,66,60,64,63,62,76,79,0,0,0,False,,,0,,,,,,0,50,long_relief,
P2336,John,Doe,1991-05-03,75,194,Unknown,medium,blonde,beard,L,P,,1,RP,SP,,,,,50,,,,48,54,53,50,54,47,54,0,62,61,0,0,0,,,,,0,,,,47,48,44,46,45,40,44,0,62,54,0,0,0,False,,,0,,,,,,0,50,power_sp,
P1185,John,Doe,1995-02-04,75,235,Unknown,dark,brown,clean_shaven,R,CF,,0,,,52,50,50,49,52,51,53,52,51,49,,,,,,,,,,,,53,49,46,52,52,0,0,52,56,51,,,,,,,,,,,,False,,,0,,,,,,0,50,,average
P4945,John,Doe,1994-10-03,78,187,Unknown,medium,black,beard,R,C,,0,,,50,50,52,52,50,49,56,50,49,48,,,,,,,,,,,,53,50,53,54,50,0,0,50,45,44,,,,,,,,,,,,False,,,0,,,,,,0,50,,average
P8609,John,Doe,2002-07-23,68,200,Unknown,light,brown,beard,R,2B,CF,0,,,53,51,48,52,51,51,59,50,51,49,,,,,,,,,,,,68,61,54,58,51,0,0,50,62,62,,,,,,,,,,,,False,,,0,,,,,,0,50,,average
P1204,John,Doe,1993-06-17,76,202,Unknown,light,red,clean_shaven,R,RF,,0,,,49,52,50,51,51,51,55,53,51,49,,,,,,,,,,,,49,44,50,41,51,0,0,53,45,44,,,,,,,,,,,,False,,,0,,,,,,0,50,,balanced
P9945,John,Doe,1992-12-10,76,194,Unknown,medium,black,clean_shaven,R,LF,,0,,,50,51,50,51,51,49,58,50,49,50,,,,,,,,,,,,47,49,40,46,51,0,0,50,49,47,,,,,,,,,,,,False,,,0,,,,,,0,50,,average
P5150,John,Doe,1996-01-03,72,241,Unknown,light,red,goatee,L,LF,,0,,,53,57,51,53,53,53,49,49,50,51,,,,,,,,,,,,48,56,55,57,53,0,0,49,50,51,,,,,,,,,,,,False,,,0,,,,,,0,50,,balanced
P2793,John,Doe,1992-02-23,76,222,Unknown,light,brown,beard,L,1B,,0,,,54,57,50,51,50,50,47,53,50,51,,,,,,,,,,,,52,53,41,47,50,0,0,53,48,41,,,,,,,,,,,,False,,,0,,,,,,0,50,,gap
P8700,John,Doe,1989-06-04,78,212,Unknown,medium,black,beard,R,SS,,0,,,61,51,50,52,53,47,58,50,50,51,,,,,,,,,,,,60,46,41,47,53,0,0,50,45,42,,,,,,,,,,,,False,,,0,,,,,,0,50,,spray
P2366,John,Doe,2007-05-05,71,231,Unknown,dark,black,beard,R,P,,1,RP,CL,,,,,55,,,,47,50,50,52,52,49,51,57,59,65,0,0,0,,,,,0,,,,72,73,63,72,62,70,73,84,73,78,0,0,0,False,,,0,,,,,,0,50,closer,
P5615,John,Doe,2004-08-12,71,217,Unknown,medium,blonde,clean_shaven,L,P,,1,RP,RP,,,,,57,,,,51,48,49,53,53,51,51,57,61,0,62,0,0,,,,,0,,,,78,66,83,73,66,77,79,87,77,0,81,0,0,False,,,0,,,,,,0,50,groundball_rp,
P4921,John,Doe,2007-12-22,70,208,Unknown,dark,red,clean_shaven,S,P,,1,RP,RP,,,,,56,,,,51,49,50,50,52,51,51,57,59,0,63,0,0,,,,,0,,,,73,61,76,82,80,69,79,82,83,0,92,0,0,False,,,0,,,,,,0,50,groundball_rp,
P7792,John,Doe,2004-09-18,75,216,Unknown,dark,red,clean_shaven,S,P,,1,RP,SP,,,,,48,,,,50,52,53,51,52,48,54,59,63,62,56,0,0,,,,,0,,,,77,64,80,74,73,61,80,74,82,82,77,0,0,False,,,0,,,,,,0,50,balanced_sp,
P6987,John,Doe,2004-11-17,78,227,Unknown,dark,brown,clean_shaven,R,P,,1,RP,SP,,,,,52,,,,52,52,53,52,53,48,53,60,62,0,0,0,0,,,,,0,,,,72,63,82,75,68,67,72,83,76,0,0,0,0,False,,,0,,,,,,0,50,workhorse_sp,
P1169,John,Doe,2005-05-12,74,205,Unknown,dark,brown,clean_shaven,R,C,,0,,,50,53,51,51,50,49,60,50,49,50,,,,,,,,,,,,65,78,68,80,50,0,0,50,70,71,,,,,,,,,,,,False,,,0,,,,,,0,50,,balanced
P1868,John,Doe,2005-12-31,73,170,Unknown,dark,brown,beard,R,LF,,0,,,53,62,48,51,49,50,56,48,50,51,,,,,,,,,,,,74,88,73,80,49,0,0,48,62,70,,,,,,,,,,,,False,,,0,,,,,,0,50,,power
P5951,John,Doe,2005-12-19,69,183,Unknown,medium,black,clean_shaven,R,3B,,0,,,49,52,50,50,51,51,58,48,48,53,,,,,,,,,,,,79,82,75,67,51,0,0,48,67,83,,,,,,,,,,,,False,,,0,,,,,,0,50,,average
P7538,John,Doe,2005-11-26,68,216,Unknown,medium,black,clean_shaven,R,CF,,0,,,57,50,52,52,53,51,57,50,52,48,,,,,,,,,,,,82,71,71,74,53,0,0,50,76,71,,,,,,,,,,,,False,,,0,,,,,,0,50,,spray
P5244,John,Doe,2007-06-10,73,191,Unknown,dark,black,clean_shaven,R,2B,,0,,,66,67,51,55,49,50,55,51,50,49,,,,,,,,,,,,86,78,62,71,49,0,0,51,64,64,,,,,,,,,,,,False,,,0,,,,,,0,50,,gap
P1324,John,Doe,1998-01-29,71,171,Unknown,dark,brown,mustache,R,P,,1,RP,CL,,,,,55,,,,50,50,49,50,54,51,55,59,59,65,0,0,0,,,,,0,,,,50,48,55,50,51,55,51,55,57,70,0,0,0,False,,,0,,,,,,0,50,closer,
P2730,John,Doe,1988-10-16,71,201,Unknown,medium,blonde,clean_shaven,R,P,,1,RP,RP,,,,,50,,,,53,49,51,50,54,53,51,59,59,0,0,54,0,,,,,0,,,,51,41,41,48,41,47,44,52,58,0,0,51,0,False,,,0,,,,,,0,50,finesse_rp,
P5230,John,Doe,2003-11-15,74,190,Unknown,light,brown,goatee,R,P,,1,RP,RP,,,,,52,,,,51,52,49,53,52,50,50,0,60,0,0,0,0,,,,,0,,,,65,59,60,62,63,64,60,0,73,0,0,0,0,False,,,0,,,,,,0,50,finesse_rp,
P3185,John,Doe,1993-08-02,72,235,Unknown,dark,blonde,clean_shaven,R,P,,1,RP,SP,,,,,48,,,,49,53,49,52,52,50,53,61,59,62,0,0,0,,,,,0,,,,44,51,49,48,48,47,43,53,59,57,0,0,0,False,,,0,,,,,,0,50,balanced_sp,
P2932,John,Doe,1992-02-02,71,239,Unknown,dark,black,beard,R,P,,1,RP,SP,,,,,51,,,,49,52,51,50,53,51,53,61,63,59,0,0,0,,,,,0,,,,42,51,48,48,43,45,43,60,61,54,0,0,0,False,,,0,,,,,,0,50,power_sp,
P7235,John,Doe,1995-06-07,76,192,Unknown,light,black,beard,R,P,,1,RP,SP,,,,,52,,,,51,51,51,51,52,50,49,58,0,59,0,0,0,,,,,0,,,,56,52,49,55,48,45,49,55,0,63,0,0,0,False,,,0,,,,,,0,50,balanced_sp,
P1523,John,Doe,1996-03-23,76,200,Unknown,medium,blonde,beard,R,P,,1,RP,RP,,,,,55,,,,49,53,51,53,54,51,52,57,0,0,63,0,0,,,,,0,,,,54,49,50,51,46,47,56,53,0,0,68,0,0,False,,,0,,,,,,0,50,groundball_rp,
P7368,John,Doe,1996-06-02,75,222,Unknown,medium,blonde,clean_shaven,R,P,,1,RP,SP,,,,,48,,,,51,53,52,51,52,49,52,58,60,61,58,0,0,,,,,0,,,,50,48,46,47,54,51,52,54,57,61,56,0,0,False,,,0,,,,,,0,50,power_sp,
P6363,John,Doe,2001-04-27,74,210,Unknown,medium,black,clean_shaven,R,P,,1,RP,RP,,,,,54,,,,48,53,49,52,52,51,53,59,59,0,59,0,0,,,,,0,,,,53,62,62,66,62,61,59,65,68,0,65,0,0,False,,,0,,,,,,0,50,groundball_rp,
P2940,John,Doe,1993-10-16,68,227,Unknown,light,black,clean_shaven,L,P,,1,RP,RP,,,,,56,,,,49,50,51,50,52,51,49,0,0,0,64,0,0,,,,,0,,,,47,47,43,46,47,46,44,0,0,0,54,0,0,False,,,0,,,,,,0,50,groundball_rp,
P7760,John,Doe,1992-05-11,69,195,Unknown,light,brown,clean_shaven,L,P,,1,RP,RP,,,,,50,,,,50,52,50,50,53,49,51,60,60,0,0,0,0,,,,,0,,,,48,51,48,50,44,46,51,59,53,0,0,0,0,False,,,0,,,,,,0,50,finesse_rp,
P3122,John,Doe,1988-07-29,77,219,Unknown,light,brown,clean_shaven,L,C,,0,,,53,52,49,50,50,53,52,50,53,50,,,,,,,,,,,,51,47,47,49,50,0,0,50,51,50,,,,,,,,,,,,False,,,0,,,,,,0,50,,balanced
P2603,John,Doe,2000-08-29,70,230,Unknown,light,black,clean_shaven,S,1B,,0,,,52,63,49,51,51,51,54,49,49,49,,,,,,,,,,,,59,71,58,66,51,0,0,49,57,55,,,,,,,,,,,,False,,,0,,,,,,0,50,,power
P2221,John,Doe,2002-09-26,72,161,Unknown,light,black,clean_shaven,R,2B,,0,,,51,51,48,50,53,51,58,52,48,53,,,,,,,,,,,,61,58,56,61,53,0,0,52,62,65,,,,,,,,,,,,False,,,0,,,,,,0,50,,average
P6344,John,Doe,2004-12-25,72,233,Unknown,light,black,goatee,R,3B,,0,,,49,60,48,50,47,50,56,53,49,53,,,,,,,,,,,,76,88,68,69,47,0,0,53,68,76,,,,,,,,,,,,False,,,0,,,,,,0,50,,power
P9760,John,Doe,1994-10-02,71,192,Unknown,light,red,beard,R,SS,,0,,,64,52,53,52,51,48,59,51,53,47,,,,,,,,,,,,61,48,54,52,51,0,0,51,58,49,,,,,,,,,,,,False,,,0,,,,,,0,50,,spray
P5376,John,Doe,1995-04-06,74,215,Unknown,medium,blonde,clean_shaven,L,LF,,0,,,52,57,51,50,52,50,47,48,52,49,,,,,,,,,,,,54,57,56,46,52,0,0,48,49,52,,,,,,,,,,,,False,,,0,,,,,,0,50,,balanced
P7569,John,Doe,1999-03-01,71,237,Unknown,light,blonde,clean_shaven,R,CF,,0,,,53,59,52,49,51,50,58,50,50,51,,,,,,,,,,,,59,69,62,54,51,0,0,50,57,65,,,,,,,,,,,,False,,,0,,,,,,0,50,,power
P1151,John,Doe,1999-09-12,78,201,Unknown,dark,brown,clean_shaven,R,RF,,0,,,54,47,76,51,52,50,54,51,51,52,,,,,,,,,,,,60,57,87,59,52,0,0,51,65,57,,,,,,,,,,,,False,,,0,,,,,,0,50,,speed
P1215,John,Doe,1989-06-12,74,236,Unknown,light,blonde,clean_shaven,R,3B,,0,,,52,53,50,51,50,49,57,50,50,49,,,,,,,,,,,,42,45,50,50,50,0,0,50,46,44,,,,,,,,,,,,False,,,0,,,,,,0,50,,gap
P7741,John,Doe,1999-04-02,74,250,Unknown,medium,red,mustache,R,C,,0,,,52,61,49,51,52,51,58,50,51,49,,,,,,,,,,,,60,68,61,61,52,0,0,50,56,57,,,,,,,,,,,,False,,,0,,,,,,0,50,,power
P4003,John,Doe,2001-02-23,69,207,Unknown,light,brown,beard,R,LF,,0,,,50,61,47,50,47,51,55,51,53,52,,,,,,,,,,,,57,74,61,60,47,0,0,51,63,63,,,,,,,,,,,,False,,,0,,,,,,0,50,,power
P2552,John,Doe,1990-11-16,78,166,Unknown,light,brown,clean_shaven,R,RF,,0,,,64,50,53,52,50,50,50,49,52,51,,,,,,,,,,,,57,42,45,52,50,0,0,49,43,42,,,,,,,,,,,,False,,,0,,,,,,0,50,,spray
P2124,John,Doe,1991-08-29,77,223,Unknown,medium,blonde,clean_shaven,L,SS,,0,,,50,47,85,50,51,50,53,48,50,47,,,,,,,,,,,,41,47,75,50,51,0,0,48,44,47,,,,,,,,,,,,False,,,0,,,,,,0,50,,elite_speed
P4928,John,Doe,1995-08-01,72,175,Unknown,medium,black,mustache,L,CF,,0,,,58,47,51,55,50,49,45,50,48,53,,,,,,,,,,,,57,46,51,55,50,0,0,50,47,49,,,,,,,,,,,,False,,,0,,,,,,0,50,,spray
P5612,John,Doe,1991-02-24,74,162,Unknown,medium,brown,clean_shaven,L,P,,1,RP,CL,,,,,55,,,,52,53,52,50,52,51,53,60,0,66,0,0,0,,,,,0,,,,43,53,43,49,46,42,52,57,0,61,0,0,0,False,,,0,,,,,,0,50,closer,
P4224,John,Doe,2003-06-18,70,249,Unknown,medium,brown,clean_shaven,S,P,,1,RP,CL,,,,,49,,,,50,50,49,52,52,49,53,60,59,67,0,0,0,,,,,0,,,,63,55,58,59,64,54,66,65,66,73,0,0,0,False,,,0,,,,,,0,50,closer,
P7318,John,Doe,1991-06-23,69,246,Unknown,light,black,clean_shaven,L,P,,1,RP,SP,,,,,52,,,,49,52,50,53,52,52,53,0,62,58,0,0,0,,,,,0,,,,42,42,51,49,43,42,47,0,61,58,0,0,0,False,,,0,,,,,,0,50,balanced_sp,
P7171,John,Doe,2004-12-27,71,234,Unknown,dark,black,clean_shaven,R,P,,1,RP,RP,,,,,52,,,,53,49,48,52,52,52,51,60,63,0,59,0,0,,,,,0,,,,82,71,75,77,63,65,73,70,90,0,74,0,0,False,,,0,,,,,,0,50,finesse_rp,
P9710,John,Doe,1993-03-13,76,175,Unknown,light,black,clean_shaven,R,P,,1,RP,SP,,,,,47,,,,49,50,51,54,52,51,52,61,62,0,0,0,0,,,,,0,,,,49,48,47,43,51,47,50,53,57,0,0,0,0,False,,,0,,,,,,0,50,finesse_sp,
P5635,John,Doe,2004-06-05,78,166,Unknown,dark,black,clean_shaven,S,P,,1,RP,RP,,,,,55,,,,52,49,50,50,54,52,52,0,60,66,63,0,0,,,,,0,,,,69,76,71,75,65,77,66,0,74,81,81,0,0,False,,,0,,,,,,0,50,groundball_rp,
P4865,John,Doe,1992-02-16,74,180,Unknown,dark,blonde,goatee,L,P,,1,RP,RP,,,,,48,,,,50,52,48,50,52,48,55,0,61,64,0,56,0,,,,,0,,,,50,48,47,42,42,41,45,0,59,60,0,46,0,False,,,0,,,,,,0,50,power_rp,
P1684,John,Doe,1990-07-31,72,177,Unknown,light,brown,clean_shaven,R,CF,,0,,,49,53,50,51,50,51,51,48,48,50,,,,,,,,,,,,46,53,42,47,50,0,0,48,42,48,,,,,,,,,,,,False,,,0,,,,,,0,50,,balanced
P6618,John,Doe,1997-01-30,78,187,Unknown,medium,brown,mustache,R,2B,,0,,,53,53,48,53,52,51,54,50,52,52,,,,,,,,,,,,51,48,45,56,52,0,0,50,52,54,,,,,,,,,,,,False,,,0,,,,,,0,50,,gap
P1751,John,Doe,2004-05-31,74,226,Unknown,dark,black,mustache,L,2B,,0,,,52,50,48,52,53,48,46,49,51,49,,,,,,,,,,,,69,69,71,66,53,0,0,49,61,66,,,,,,,,,,,,False,,,0,,,,,,0,50,,average
P9854,John,Doe,1994-08-22,70,231,Unknown,light,black,beard,R,SS,,0,,,52,51,51,51,50,48,56,50,48,52,,,,,,,,,,,,48,54,47,47,50,0,0,50,49,57,,,,,,,,,,,,False,,,0,,,,,,0,50,,balanced
P5934,John,Doe,1993-02-20,72,205,Unknown,light,brown,beard,R,LF,,0,,,50,56,49,49,51,53,56,49,49,49,,,,,,,,,,,,43,56,43,44,51,0,0,49,40,40,,,,,,,,,,,,False,,,0,,,,,,0,50,,balanced
P2743,John,Doe,1998-07-12,76,205,Unknown,medium,brown,mustache,S,3B,,0,,,50,53,51,49,52,53,53,50,49,52,,,,,,,,,,,,63,67,56,57,52,0,0,50,55,57,,,,,,,,,,,,False,,,0,,,,,,0,50,,balanced
P3622,John,Doe,1988-02-23,70,227,Unknown,light,brown,mustache,R,SS,3B,0,,,52,52,51,49,50,49,61,50,51,51,,,,,,,,,,,,47,43,45,47,50,0,0,50,44,48,,,,,,,,,,,,False,,,0,,,,,,0,50,,balanced
P5532,John,Doe,1998-08-09,77,165,Unknown,dark,brown,clean_shaven,L,3B,,0,,,53,50,85,50,51,53,49,52,48,52,,,,,,,,,,,,66,62,98,56,51,0,0,52,59,63,,,,,,,,,,,,False,,,0,,,,,,0,50,,speed
P5153,John,Doe,2006-04-05,70,166,Unknown,dark,brown,goatee,L,P,,1,RP,CL,,,,,55,,,,50,52,48,50,52,48,55,0,0,67,0,0,0,,,,,0,,,,72,70,72,65,76,59,70,0,0,96,0,0,0,False,,,0,,,,,,0,50,closer,
P5217,John,Doe,2005-08-27,77,192,Unknown,light,black,goatee,R,P,,1,RP,SP,,,,,53,,,,48,52,54,50,54,48,51,58,59,0,61,0,0,,,,,0,,,,63,80,67,75,84,61,78,86,78,0,73,0,0,False,,,0,,,,,,0,50,groundball_sp,
P6241,John,Doe,2007-01-11,70,250,Unknown,light,brown,clean_shaven,S,P,,1,RP,RP,,,,,49,,,,52,49,51,52,54,52,49,0,62,0,0,0,0,,,,,0,,,,72,77,72,79,73,80,67,0,76,0,0,0,0,False,,,0,,,,,,0,50,finesse_rp,
P3370,John,Doe,2005-08-13,70,212,Unknown,light,brown,clean_shaven,L,P,,1,RP,RP,,,,,49,,,,50,49,51,53,52,53,52,61,63,0,0,0,0,,,,,0,,,,65,70,80,64,65,64,76,91,80,0,0,0,0,False,,,0,,,,,,0,50,finesse_rp,
P3868,John,Doe,2008-01-25,73,204,Unknown,medium,black,clean_shaven,L,P,,1,RP,RP,,,,,50,,,,52,50,52,51,53,50,50,58,60,0,59,0,0,,,,,0,,,,68,72,65,81,71,68,72,84,89,0,71,0,0,False,,,0,,,,,,0,50,finesse_rp,
P4760,John,Doe,2005-08-09,72,236,Unknown,dark,blonde,mustache,L,CF,,0,,,54,51,51,52,52,49,43,51,51,48,,,,,,,,,,,,80,76,62,72,52,0,0,51,76,65,,,,,,,,,,,,False,,,0,,,,,,0,50,,gap
P1640,John,Doe,2006-10-30,77,206,Unknown,light,black,beard,L,1B,,0,,,53,60,52,50,50,53,49,53,48,49,,,,,,,,,,,,70,73,66,80,50,0,0,53,71,70,,,,,,,,,,,,False,,,0,,,,,,0,50,,gap
P8354,John,Doe,2006-05-31,74,224,Unknown,light,black,clean_shaven,R,CF,,0,,,51,49,70,52,51,47,51,52,48,50,,,,,,,,,,,,63,63,96,74,51,0,0,52,61,78,,,,,,,,,,,,False,,,0,,,,,,0,50,,speed
P7687,John,Doe,2007-02-19,75,160,Unknown,dark,black,clean_shaven,R,3B,,0,,,50,49,49,49,50,51,57,50,50,49,,,,,,,,,,,,72,71,68,77,50,0,0,50,64,61,,,,,,,,,,,,False,,,0,,,,,,0,50,,balanced
P3129,John,Doe,2006-07-02,69,230,Unknown,dark,black,clean_shaven,R,LF,,0,,,51,53,74,52,51,49,57,49,53,51,,,,,,,,,,,,73,80,99,82,51,0,0,49,69,72,,,,,,,,,,,,False,,,0,,,,,,0,50,,speed
P6196,John,Doe,1989-05-31,72,195,Unknown,medium,brown,clean_shaven,L,P,,1,RP,CL,,,,,55,,,,50,52,47,52,52,50,55,0,61,65,0,0,0,,,,,0,,,,41,51,43,52,41,47,51,0,52,59,0,0,0,False,,,0,,,,,,0,50,closer,
P3925,John,Doe,1994-07-05,70,205,Unknown,medium,brown,beard,R,P,,1,RP,SP,,,,,48,,,,48,49,50,50,52,50,51,61,0,60,0,0,0,,,,,0,,,,43,54,45,53,53,48,48,66,0,59,0,0,0,False,,,0,,,,,,0,50,balanced_sp,
P5753,John,Doe,2003-08-11,72,183,Unknown,medium,blonde,clean_shaven,S,P,,1,RP,SP,,,,,51,,,,52,50,52,50,54,48,50,0,59,57,58,0,0,,,,,0,,,,58,62,64,64,63,53,63,0,73,72,73,0,0,False,,,0,,,,,,0,50,groundball_sp,
P3644,John,Doe,2004-01-17,76,238,Unknown,medium,brown,mustache,S,P,,1,RP,SP,,,,,47,,,,52,53,52,50,52,52,55,62,64,61,60,0,0,,,,,0,,,,62,61,65,62,62,60,68,71,75,75,68,0,0,False,,,0,,,,,,0,50,power_sp,
P2373,John,Doe,1990-10-12,68,198,Unknown,light,black,clean_shaven,L,P,,1,RP,SP,,,,,50,,,,51,53,54,51,54,50,49,60,0,61,0,0,0,,,,,0,,,,50,43,46,45,44,41,48,50,0,59,0,0,0,False,,,0,,,,,,0,50,workhorse_sp,
P5587,John,Doe,1999-04-12,69,244,Unknown,dark,red,clean_shaven,R,P,,1,RP,SP,,,,,54,,,,49,50,52,51,53,53,52,0,0,59,60,0,0,,,,,0,,,,55,55,62,63,59,66,58,0,0,66,65,0,0,False,,,0,,,,,,0,50,groundball_sp,
P7278,John,Doe,2000-03-29,71,234,Unknown,dark,blonde,clean_shaven,L,P,,1,RP,SP,,,,,52,,,,52,52,52,50,52,48,49,61,60,59,61,0,0,,,,,0,,,,67,66,55,67,58,62,57,70,75,68,73,0,0,False,,,0,,,,,,0,50,groundball_sp,
P9441,John,Doe,2003-01-01,77,232,Unknown,medium,red,clean_shaven,L,P,,1,RP,SP,,,,,49,,,,49,53,54,50,54,47,53,0,63,63,0,0,0,,,,,0,,,,62,67,60,67,59,55,64,0,78,71,0,0,0,False,,,0,,,,,,0,50,workhorse_sp,
P6350,John,Doe,1996-07-28,74,219,Unknown,dark,blonde,clean_shaven,R,P,,1,RP,SP,,,,,51,,,,49,49,53,52,52,52,51,59,0,57,61,0,0,,,,,0,,,,52,54,52,56,56,51,56,64,0,53,57,0,0,False,,,0,,,,,,0,50,groundball_sp,
P3408,John,Doe,1999-11-17,78,206,Unknown,medium,black,goatee,L,P,,1,RP,SP,,,,,49,,,,50,51,54,50,54,49,51,0,63,59,0,0,0,,,,,0,,,,65,66,57,62,69,59,66,0,68,70,0,0,0,False,,,0,,,,,,0,50,power_sp,
P1953,John,Doe,2002-08-03,68,215,Unknown,light,black,goatee,R,P,,1,RP,SP,,,,,50,,,,51,51,54,51,52,51,53,0,62,62,0,0,0,,,,,0,,,,65,61,60,67,66,59,66,0,71,69,0,0,0,False,,,0,,,,,,0,50,power_sp,
P1833,John,Doe,2000-06-10,71,188,Unknown,medium,black,beard,R,C,,0,,,49,53,52,51,51,53,58,48,51,49,,,,,,,,,,,,56,61,57,60,51,0,0,48,66,54,,,,,,,,,,,,False,,,0,,,,,,0,50,,average
P6380,John,Doe,1998-11-07,71,211,Unknown,medium,black,mustache,L,1B,,0,,,61,50,53,52,52,49,46,49,47,52,,,,,,,,,,,,67,60,60,63,52,0,0,49,55,66,,,,,,,,,,,,False,,,0,,,,,,0,50,,spray
P4660,John,Doe,1994-12-01,70,174,Unknown,light,brown,clean_shaven,R,2B,,0,,,50,49,52,49,49,48,57,50,48,53,,,,,,,,,,,,50,47,56,44,49,0,0,50,46,58,,,,,,,,,,,,False,,,0,,,,,,0,50,,balanced
P4210,John,Doe,1997-05-30,76,166,Unknown,dark,brown,clean_shaven,R,3B,,0,,,50,52,49,50,49,49,56,51,48,49,,,,,,,,,,,,47,47,53,51,49,0,0,51,45,46,,,,,,,,,,,,False,,,0,,,,,,0,50,,gap
P8621,John,Doe,2004-07-18,71,207,Unknown,dark,brown,clean_shaven,R,SS,,0,,,50,58,53,50,49,52,56,50,52,49,,,,,,,,,,,,75,88,82,63,49,0,0,50,70,77,,,,,,,,,,,,False,,,0,,,,,,0,50,,power
P9656,John,Doe,1993-04-23,72,215,Unknown,dark,brown,clean_shaven,L,LF,,0,,,48,59,50,49,47,53,49,49,50,50,,,,,,,,,,,,46,58,45,44,47,0,0,49,40,47,,,,,,,,,,,,False,,,0,,,,,,0,50,,power
P9154,John,Doe,1998-09-29,77,204,Unknown,medium,black,clean_shaven,R,CF,,0,,,51,50,72,53,54,51,54,50,49,50,,,,,,,,,,,,57,55,78,64,54,0,0,50,54,56,,,,,,,,,,,,False,,,0,,,,,,0,50,,speed
P8218,John,Doe,2004-05-17,75,198,Unknown,light,brown,clean_shaven,R,RF,,0,,,50,60,51,49,49,50,55,51,51,48,,,,,,,,,,,,68,81,67,59,49,0,0,51,65,65,,,,,,,,,,,,False,,,0,,,,,,0,50,,power
P4799,John,Doe,2003-05-11,69,190,Unknown,medium,black,beard,R,3B,,0,,,51,53,52,50,49,50,55,51,50,49,,,,,,,,,,,,60,61,66,58,49,0,0,51,57,56,,,,,,,,,,,,False,,,0,,,,,,0,50,,balanced
P2633,John,Doe,1994-01-24,75,243,Unknown,medium,black,clean_shaven,S,SS,,0,,,53,50,71,52,53,50,51,50,51,48,,,,,,,,,,,,45,42,64,43,53,0,0,50,49,39,,,,,,,,,,,,False,,,0,,,,,,0,50,,speed
P6093,John,Doe,1998-05-30,70,184,Unknown,medium,black,clean_shaven,R,RF,,0,,,50,62,47,50,49,53,53,51,52,50,,,,,,,,,,,,60,73,61,55,49,0,0,51,65,59,,,,,,,,,,,,False,,,0,,,,,,0,50,,power
P5340,John,Doe,1989-06-14,70,246,Unknown,medium,black,beard,R,C,,0,,,53,50,49,52,50,50,59,50,49,52,,,,,,,,,,,,48,50,40,48,50,0,0,50,44,44,,,,,,,,,,,,False,,,0,,,,,,0,50,,balanced
P2341,John,Doe,1994-04-12,76,183,Unknown,light,brown,clean_shaven,R,RF,,0,,,54,57,50,52,52,50,55,47,50,49,,,,,,,,,,,,53,53,49,49,52,0,0,47,51,48,,,,,,,,,,,,False,,,0,,,,,,0,50,,gap
P9093,John,Doe,1996-12-21,77,200,Unknown,dark,brown,clean_shaven,R,LF,,0,,,51,60,47,49,51,52,55,53,52,49,,,,,,,,,,,,53,55,47,50,51,0,0,53,54,44,,,,,,,,,,,,False,,,0,,,,,,0,50,,power
P5714,John,Doe,1997-06-03,72,212,Unknown,light,brown,goatee,R,P,,1,RP,CL,,,,,55,,,,48,52,47,52,53,53,56,0,62,65,0,0,0,,,,,0,,,,50,56,57,52,52,56,56,0,58,62,0,0,0,False,,,0,,,,,,0,50,closer,
P7494,John,Doe,1994-02-20,76,182,Unknown,medium,black,goatee,S,P,,1,RP,RP,,,,,52,,,,49,50,49,50,53,50,49,61,62,63,0,0,0,,,,,0,,,,48,48,49,44,46,50,44,60,55,54,0,0,0,False,,,0,,,,,,0,50,finesse_rp,
P9158,John,Doe,1997-09-05,73,210,Unknown,dark,blonde,beard,L,P,,1,RP,SP,,,,,49,,,,52,53,53,50,52,49,50,61,62,57,61,0,0,,,,,0,,,,55,56,51,49,52,52,53,64,62,62,65,0,0,False,,,0,,,,,,0,50,groundball_sp,
P6844,John,Doe,1998-03-23,77,249,Unknown,dark,red,clean_shaven,R,P,,1,RP,SP,,,,,50,,,,51,51,51,50,52,51,54,0,60,58,0,0,0,,,,,0,,,,64,64,63,62,66,64,61,0,66,64,0,0,0,False,,,0,,,,,,0,50,power_sp,
P5245,John,Doe,2004-05-01,78,173,Unknown,medium,black,mustache,R,P,,1,RP,SP,,,,,50,,,,50,48,50,51,52,50,49,62,62,59,62,0,0,,,,,0,,,,62,76,76,76,62,63,68,74,87,82,78,0,0,False,,,0,,,,,,0,50,groundball_sp,
P6198,John,Doe,1988-02-09,75,238,Unknown,light,brown,beard,R,P,,1,RP,SP,,,,,52,,,,51,49,50,50,52,52,49,0,58,61,61,0,0,,,,,0,,,,47,43,48,49,46,43,44,0,55,58,56,0,0,False,,,0,,,,,,0,50,groundball_sp,
P4974,John,Doe,1992-02-26,77,243,Unknown,medium,brown,clean_shaven,L,P,,1,RP,SP,,,,,49,,,,49,50,51,53,54,52,53,0,59,62,0,0,0,,,,,0,,,,40,42,53,46,42,47,50,0,50,56,0,0,0,False,,,0,,,,,,0,50,workhorse_sp,
P9123,John,Doe,1996-06-15,71,191,Unknown,dark,black,clean_shaven,L,C,,0,,,53,52,89,52,51,48,49,50,53,52,,,,,,,,,,,,55,55,94,47,51,0,0,50,58,49,,,,,,,,,,,,False,,,0,,,,,,0,50,,speed
P8499,John,Doe,1998-10-04,69,243,Unknown,light,brown,mustache,R,2B,,0,,,51,48,70,53,51,49,58,49,51,53,,,,,,,,,,,,58,53,83,61,51,0,0,49,66,68,,,,,,,,,,,,False,,,0,,,,,,0,50,,speed
P2670,John,Doe,2004-05-19,71,213,Unknown,medium,brown,clean_shaven,L,3B,1B,0,,,53,51,51,52,49,52,47,52,48,52,,,,,,,,,,,,82,64,66,66,49,0,0,52,69,71,,,,,,,,,,,,False,,,0,,,,,,0,50,,balanced
P4704,John,Doe,2005-01-08,78,181,Unknown,medium,black,beard,R,C,,0,,,51,54,51,50,51,50,55,48,49,51,,,,,,,,,,,,77,81,71,70,51,0,0,48,63,68,,,,,,,,,,,,False,,,0,,,,,,0,50,,average
P4763,John,Doe,1991-12-05,75,166,Unknown,dark,red,goatee,R,2B,,0,,,52,51,70,53,54,51,55,50,52,50,,,,,,,,,,,,46,48,69,43,54,0,0,50,50,50,,,,,,,,,,,,False,,,0,,,,,,0,50,,speed
P9317,John,Doe,1989-01-10,70,210,Unknown,light,black,beard,S,C,,0,,,50,52,51,51,52,53,53,48,49,51,,,,,,,,,,,,43,49,46,43,52,0,0,48,48,50,,,,,,,,,,,,False,,,0,,,,,,0,50,,average
P6291,John,Doe,1991-04-06,68,223,Unknown,dark,black,clean_shaven,R,2B,SS,0,,,55,49,54,52,50,47,56,52,50,50,,,,,,,,,,,,54,46,46,50,50,0,0,52,50,44,,,,,,,,,,,,False,,,0,,,,,,0,50,,spray
P4764,John,Doe,2002-08-14,71,216,Unknown,dark,brown,clean_shaven,R,SS,,0,,,59,52,52,55,54,50,61,49,51,48,,,,,,,,,,,,71,58,62,70,54,0,0,49,64,60,,,,,,,,,,,,False,,,0,,,,,,0,50,,spray
P5811,John,Doe,2006-01-17,71,163,Unknown,light,brown,clean_shaven,L,P,,1,RP,CL,,,,,55,,,,50,54,48,50,52,49,55,56,59,65,0,0,0,,,,,0,,,,61,79,73,77,58,66,75,71,85,80,0,0,0,False,,,0,,,,,,0,50,closer,
P8011,John,Doe,2007-05-27,74,176,Unknown,dark,black,clean_shaven,L,P,,1,RP,SP,,,,,49,,,,50,52,51,51,53,51,53,61,62,0,55,0,0,,,,,0,,,,62,77,73,69,72,62,74,81,83,0,83,0,0,False,,,0,,,,,,0,50,finesse_sp,
P2778,John,Doe,2005-06-05,75,186,Unknown,dark,brown,clean_shaven,S,P,,1,RP,RP,,,,,49,,,,50,50,52,50,52,52,51,62,63,0,62,0,0,,,,,0,,,,79,74,61,72,80,69,62,83,75,0,80,0,0,False,,,0,,,,,,0,50,finesse_rp,
P1346,John,Doe,2005-11-09,73,215,Unknown,medium,brown,clean_shaven,S,P,,1,RP,CL,,,,,53,,,,50,53,51,50,52,51,56,61,0,66,0,0,0,,,,,0,,,,75,67,67,63,77,62,82,89,0,80,0,0,0,False,,,0,,,,,,0,50,closer,
P1072,John,Doe,2005-10-09,75,210,Unknown,dark,blonde,mustache,L,P,,1,RP,RP,,,,,50,,,,50,51,49,52,52,50,50,0,60,0,0,0,0,,,,,76,,,,69,79,76,72,78,60,79,0,71,0,0,0,0,False,,,0,,,,,,0,50,power_rp,
P8988,John,Doe,2007-04-29,72,247,Unknown,dark,black,clean_shaven,R,SS,,0,,,54,49,70,50,49,49,57,49,49,50,,,,,,,,,,,,65,65,86,78,49,0,0,49,67,63,,,,,,,,,,,,False,,,0,,,,,,0,50,,speed
P5481,John,Doe,2004-05-10,68,168,Unknown,dark,black,clean_shaven,R,3B,,0,,,48,60,52,50,49,54,57,51,51,52,,,,,,,,,,,,70,80,63,69,49,0,0,51,65,65,,,,,,,,,,,,False,,,0,,,,,,0,50,,power
P3259,John,Doe,2004-05-16,70,160,Unknown,light,brown,mustache,R,LF,,0,,,50,58,49,51,51,52,56,52,49,48,,,,,,,,,,,,61,70,64,73,51,0,0,52,78,61,,,,,,,,,,,,False,,,0,,,,,,0,50,,balanced
P4226,John,Doe,2006-06-27,75,161,Unknown,medium,brown,beard,R,CF,,0,,,52,53,48,51,50,51,58,53,51,52,,,,,,,,,,,,63,71,78,69,50,0,0,53,72,66,,,,,,,,,,,,False,,,0,,,,,,0,50,,average
P7896,John,Doe,2006-09-01,72,242,Unknown,dark,red,clean_shaven,R,3B,,0,,,54,51,50,50,47,50,57,52,52,49,,,,,,,,,,,,65,67,80,61,47,0,0,52,78,75,,,,,,,,,,,,False,,,0,,,,,,0,50,,gap
P6482,John,Doe,1990-09-17,71,191,Unknown,medium,black,clean_shaven,L,P,,1,RP,CL,,,,,55,,,,49,52,51,53,53,51,54,57,0,65,0,0,0,,,,,0,,,,48,52,48,48,47,49,48,57,0,61,0,0,0,False,,,0,,,,,,0,50,closer,
P3337,John,Doe,2002-08-21,74,236,Unknown,light,black,clean_shaven,L,P,,1,RP,RP,,,,,56,,,,48,51,52,50,54,49,54,0,0,0,61,0,0,,,,,0,,,,59,64,58,61,67,57,65,0,0,0,76,0,0,False,,,0,,,,,,0,50,groundball_rp,
P9761,John,Doe,1988-01-16,77,250,Unknown,light,black,clean_shaven,L,P,,1,RP,SP,,,,,50,,,,52,49,52,51,52,52,53,0,0,59,60,0,0,,,,,0,,,,46,49,42,49,48,43,43,0,0,53,58,0,0,False,,,0,,,,,,0,50,groundball_sp,
P8707,John,Doe,1997-03-26,74,214,Unknown,light,brown,clean_shaven,L,P,,1,RP,RP,,,,,52,,,,47,49,51,53,54,50,50,60,63,0,0,0,0,,,,,0,,,,52,44,57,59,55,52,51,64,59,0,0,0,0,False,,,0,,,,,,0,50,finesse_rp,
P8175,John,Doe,1988-07-27,72,203,Unknown,light,blonde,clean_shaven,R,P,,1,RP,LR,,,,,49,,,,50,53,50,50,54,50,52,0,59,65,0,0,0,,,,,0,,,,46,47,42,52,48,43,50,0,55,60,0,0,0,False,,,0,,,,,,0,50,long_relief,
P1069,John,Doe,2001-02-02,71,241,Unknown,light,black,clean_shaven,R,P,,1,RP,SP,,,,,50,,,,50,54,52,50,53,49,54,0,62,62,0,0,0,,,,,0,,,,62,65,62,64,63,59,67,0,74,71,0,0,0,False,,,0,,,,,,0,50,power_sp,
P1106,John,Doe,1987-04-25,73,243,Unknown,dark,brown,clean_shaven,S,P,,1,RP,RP,,,,,52,,,,53,50,48,50,52,51,53,60,62,0,0,0,0,,,,,0,,,,51,50,40,50,47,44,46,51,58,0,0,0,0,False,,,0,,,,,,0,50,finesse_rp,
P5371,John,Doe,2003-02-17,69,195,Unknown,medium,black,clean_shaven,L,P,,1,RP,SP,,,,,48,,,,50,53,50,52,54,52,53,59,63,64,0,57,0,,,,,0,,,,60,67,61,63,63,65,68,70,72,79,0,70,0,False,,,0,,,,,,0,50,power_sp,
P1307,John,Doe,1990-08-21,75,175,Unknown,light,brown,clean_shaven,L,P,,1,RP,RP,,,,,52,,,,49,52,52,53,52,51,49,60,60,0,0,0,0,,,,,0,,,,48,43,47,43,42,49,42,54,50,0,0,0,0,False,,,0,,,,,,0,50,finesse_rp,
P7389,John,Doe,1993-12-28,69,221,Unknown,dark,black,clean_shaven,R,P,,1,RP,SP,,,,,48,,,,48,53,52,51,53,48,52,0,64,64,0,0,0,,,,,0,,,,47,46,44,44,51,48,47,0,57,58,0,0,0,False,,,0,,,,,,0,50,power_sp,
P8699,John,Doe,1989-02-04,73,225,Unknown,medium,black,clean_shaven,L,P,,1,RP,SP,,,,,50,,,,50,49,54,50,53,49,53,62,62,62,0,58,0,,,,,0,,,,45,47,44,46,51,49,50,60,58,55,0,48,0,False,,,0,,,,,,0,50,workhorse_sp,
P6676,John,Doe,2003-01-05,76,213,Unknown,light,brown,clean_shaven,R,C,,0,,,62,48,52,54,51,51,58,50,51,49,,,,,,,,,,,,69,61,66,65,51,0,0,50,62,61,,,,,,,,,,,,False,,,0,,,,,,0,50,,spray
P1659,John,Doe,1996-05-23,72,195,Unknown,medium,black,clean_shaven,S,1B,,0,,,50,51,51,51,50,52,52,48,47,50,,,,,,,,,,,,49,56,51,55,50,0,0,48,42,53,,,,,,,,,,,,False,,,0,,,,,,0,50,,average
P7491,John,Doe,1988-06-21,74,211,Unknown,medium,black,beard,S,2B,,0,,,50,60,50,49,49,51,51,52,53,49,,,,,,,,,,,,46,52,50,48,49,0,0,52,47,45,,,,,,,,,,,,False,,,0,,,,,,0,50,,power
P4282,John,Doe,1999-03-28,69,233,Unknown,dark,red,clean_shaven,R,3B,,0,,,60,49,50,52,48,47,57,49,51,50,,,,,,,,,,,,67,58,57,62,48,0,0,49,61,56,,,,,,,,,,,,False,,,0,,,,,,0,50,,spray
P1725,John,Doe,1990-11-13,71,203,Unknown,medium,brown,goatee,R,SS,,0,,,50,60,53,49,49,52,58,52,48,51,,,,,,,,,,,,41,55,45,47,49,0,0,52,41,42,,,,,,,,,,,,False,,,0,,,,,,0,50,,power
P7956,John,Doe,1988-06-01,77,162,Unknown,medium,brown,mustache,R,LF,,0,,,49,60,48,48,50,54,60,51,49,50,,,,,,,,,,,,44,54,46,42,50,0,0,51,45,48,,,,,,,,,,,,False,,,0,,,,,,0,50,,power
P2611,John,Doe,1988-04-29,69,218,Unknown,dark,black,mustache,L,CF,,0,,,60,52,52,51,51,49,46,47,51,49,,,,,,,,,,,,59,51,42,43,51,0,0,47,46,45,,,,,,,,,,,,False,,,0,,,,,,0,50,,spray
P7753,John,Doe,1990-06-14,75,236,Unknown,dark,black,clean_shaven,R,RF,,0,,,53,53,49,50,50,51,56,50,51,49,,,,,,,,,,,,49,45,39,50,50,0,0,50,47,42,,,,,,,,,,,,False,,,0,,,,,,0,50,,balanced
P5510,John,Doe,1998-12-29,75,217,Unknown,light,black,clean_shaven,R,C,,0,,,53,50,48,52,49,49,55,49,50,52,,,,,,,,,,,,59,59,53,58,49,0,0,49,65,59,,,,,,,,,,,,False,,,0,,,,,,0,50,,balanced
P3558,John,Doe,1990-04-28,69,207,Unknown,dark,brown,beard,R,2B,,0,,,51,61,49,49,47,52,58,52,51,51,,,,,,,,,,,,42,55,47,45,47,0,0,52,42,41,,,,,,,,,,,,False,,,0,,,,,,0,50,,power
P5196,John,Doe,1989-02-11,70,243,Unknown,dark,brown,beard,R,2B,,0,,,54,51,50,51,52,50,57,52,51,49,,,,,,,,,,,,50,46,46,46,52,0,0,52,48,45,,,,,,,,,,,,False,,,0,,,,,,0,50,,average
P8362,John,Doe,2000-05-21,69,208,Unknown,dark,black,clean_shaven,R,3B,1B,0,,,48,54,47,49,51,50,59,51,49,53,,,,,,,,,,,,56,66,54,62,51,0,0,51,63,59,,,,,,,,,,,,False,,,0,,,,,,0,50,,power
P3544,John,Doe,1996-03-13,73,244,Unknown,medium,black,mustache,R,C,,0,,,60,53,52,56,52,48,55,50,53,52,,,,,,,,,,,,58,55,57,58,52,0,0,50,49,49,,,,,,,,,,,,False,,,0,,,,,,0,50,,spray
P4947,John,Doe,2000-04-22,75,180,Unknown,dark,brown,clean_shaven,S,C,,0,,,56,50,50,52,51,50,51,50,53,50,,,,,,,,,,,,71,65,64,63,51,0,0,50,68,65,,,,,,,,,,,,False,,,0,,,,,,0,50,,spray
P6031,John,Doe,2001-02-13,74,232,Unknown,light,brown,clean_shaven,S,P,,1,RP,CL,,,,,55,,,,51,53,48,50,53,52,56,60,59,66,0,0,0,,,,,0,,,,66,62,65,61,56,67,63,66,73,76,0,0,0,False,,,0,,,,,,0,50,closer,
P8252,John,Doe,2002-03-30,73,245,Unknown,dark,red,mustache,L,P,,1,RP,SP,,,,,49,,,,52,49,51,53,52,48,53,0,60,62,0,0,0,,,,,0,,,,60,61,66,62,56,55,66,0,66,75,0,0,0,False,,,0,,,,,,0,50,power_sp,
P8127,John,Doe,1993-06-29,71,246,Unknown,dark,brown,goatee,L,P,,1,RP,RP,,,,,55,,,,48,49,48,50,54,50,53,60,0,0,63,0,0,,,,,0,,,,46,43,50,44,45,46,44,55,0,0,61,0,0,False,,,0,,,,,,0,50,groundball_rp,
P7597,John,Doe,1999-06-05,72,241,Unknown,light,blonde,clean_shaven,R,P,,1,RP,RP,,,,,56,,,,50,49,48,50,52,53,53,57,0,0,61,0,0,,,,,0,,,,63,55,63,60,53,64,59,65,0,0,68,0,0,False,,,0,,,,,,0,50,groundball_rp,
P1639,John,Doe,1988-07-08,68,238,Unknown,medium,black,goatee,L,P,,1,RP,SP,,,,,51,,,,52,49,52,54,54,53,52,62,60,58,58,0,0,,,,,0,,,,43,40,50,53,48,45,43,52,55,58,48,0,0,False,,,0,,,,,,0,50,finesse_sp,
P4278,John,Doe,1989-10-09,70,238,Unknown,dark,black,mustache,R,P,,1,RP,SP,,,,,67,,,,51,49,53,50,52,49,53,59,0,59,0,0,0,,,,,61,,,,50,46,46,44,50,41,48,54,0,49,0,0,0,False,,,0,,,,,,0,50,balanced_sp,
P4098,John,Doe,1995-02-23,71,235,Unknown,dark,brown,clean_shaven,L,P,,1,RP,SP,,,,,53,,,,48,52,51,50,53,49,53,0,57,0,61,0,0,,,,,0,,,,52,52,47,48,49,51,51,0,56,0,58,0,0,False,,,0,,,,,,0,50,groundball_sp,
P9746,John,Doe,1989-02-02,73,161,Unknown,dark,brown,clean_shaven,R,CF,,0,,,52,54,52,52,53,51,57,47,48,50,,,,,,,,,,,,42,47,42,48,53,0,0,47,48,45,,,,,,,,,,,,False,,,0,,,,,,0,50,,balanced
P4655,John,Doe,1992-01-22,73,195,Unknown,medium,black,beard,R,3B,,0,,,52,53,48,50,49,53,59,49,50,50,,,,,,,,,,,,52,47,48,40,49,0,0,49,43,44,,,,,,,,,,,,False,,,0,,,,,,0,50,,gap
P9999,John,Doe,1987-07-20,69,208,Unknown,light,black,mustache,L,2B,SS,0,,,60,48,54,52,50,50,50,52,52,51,,,,,,,,,,,,50,47,45,43,50,0,0,52,45,43,,,,,,,,,,,,False,,,0,,,,,,0,50,,spray
P6261,John,Doe,2003-05-23,78,237,Unknown,medium,brown,goatee,R,LF,,0,,,50,61,49,49,49,51,56,53,48,48,,,,,,,,,,,,60,76,54,57,49,0,0,53,56,62,,,,,,,,,,,,False,,,0,,,,,,0,50,,power
P9615,John,Doe,2000-12-19,77,208,Unknown,light,black,clean_shaven,R,SS,,0,,,52,50,53,51,49,50,56,50,52,52,,,,,,,,,,,,67,65,60,58,49,0,0,50,64,66,,,,,,,,,,,,False,,,0,,,,,,0,50,,balanced
P3130,John,Doe,1987-06-06,70,197,Unknown,light,black,beard,L,LF,,0,,,53,53,48,51,53,48,49,52,51,52,,,,,,,,,,,,48,44,40,44,53,0,0,52,46,50,,,,,,,,,,,,False,,,0,,,,,,0,50,,balanced
P9105,John,Doe,1995-08-15,75,199,Unknown,dark,blonde,clean_shaven,R,3B,,0,,,51,53,49,52,46,48,57,51,52,53,,,,,,,,,,,,53,55,44,49,46,0,0,51,56,51,,,,,,,,,,,,False,,,0,,,,,,0,50,,gap
P3356,John,Doe,1993-02-11,75,204,Unknown,light,black,clean_shaven,R,LF,,0,,,53,47,85,50,48,52,59,52,49,50,,,,,,,,,,,,50,42,79,42,48,0,0,52,41,43,,,,,,,,,,,,False,,,0,,,,,,0,50,,elite_speed
P9640,John,Doe,2005-12-07,71,197,Unknown,medium,black,clean_shaven,R,P,,1,RP,CL,,,,,55,,,,52,53,51,51,52,50,53,0,59,65,0,0,0,,,,,0,,,,82,63,74,68,77,61,72,0,78,92,0,0,0,False,,,0,,,,,,0,50,closer,
P6276,John,Doe,2007-01-25,70,207,Unknown,medium,brown,clean_shaven,R,P,,1,RP,SP,,,,,50,,,,50,53,49,50,52,52,52,58,62,61,59,0,0,,,,,0,,,,66,68,62,71,60,74,75,77,73,78,75,0,0,False,,,0,,,,,,0,50,groundball_sp,
P5077,John,Doe,2007-03-02,69,235,Unknown,medium,black,clean_shaven,S,P,,1,RP,RP,,,,,52,,,,50,51,50,52,53,53,50,0,62,66,0,0,0,,,,,0,,,,76,80,81,71,68,72,64,0,89,95,0,0,0,False,,,0,,,,,,0,50,power_rp,
P8407,John,Doe,2004-11-12,72,185,Unknown,medium,brown,goatee,L,P,,1,RP,RP,,,,,55,,,,51,49,51,51,52,50,53,0,0,0,60,0,0,,,,,0,,,,63,68,70,68,70,71,78,0,0,0,71,0,0,False,,,0,,,,,,0,50,groundball_rp,
P4033,John,Doe,2007-04-02,76,206,Unknown,light,black,beard,R,P,,1,RP,SP,,,,,51,,,,52,49,51,51,54,49,53,59,61,61,60,0,0,,,,,0,,,,80,77,64,70,71,61,69,70,76,75,86,0,0,False,,,0,,,,,,0,50,groundball_sp,
P5953,John,Doe,2006-08-02,71,208,Unknown,dark,black,clean_shaven,R,RF,,0,,,58,59,52,52,48,51,59,49,52,49,,,,,,,,,,,,81,75,75,76,48,0,0,49,68,66,,,,,,,,,,,,False,,,0,,,,,,0,50,,gap
P3386,John,Doe,2007-10-17,74,222,Unknown,light,black,clean_shaven,R,SS,,0,,,65,62,49,55,47,50,60,49,47,48,,,,,,,,,,,,82,75,59,67,47,0,0,49,68,72,,,,,,,,,,,,False,,,0,,,,,,0,50,,gap
P2091,John,Doe,2004-12-09,76,185,Unknown,light,black,clean_shaven,L,1B,,0,,,51,56,50,50,50,51,44,51,49,51,,,,,,,,,,,,78,84,71,75,50,0,0,51,61,74,,,,,,,,,,,,False,,,0,,,,,,0,50,,balanced
P9705,John,Doe,2007-10-19,76,223,Unknown,medium,black,clean_shaven,S,2B,3B,0,,,54,50,50,53,52,50,54,49,49,49,,,,,,,,,,,,83,72,62,78,52,0,0,49,74,61,,,,,,,,,,,,False,,,0,,,,,,0,50,,balanced
P3704,John,Doe,2004-03-10,70,198,Unknown,medium,black,clean_shaven,L,1B,,0,,,52,54,48,51,50,47,47,49,52,49,,,,,,,,,,,,68,76,58,66,50,0,0,49,64,62,,,,,,,,,,,,False,,,0,,,,,,0,50,,gap
P9915,John,Doe,1991-06-23,68,242,Unknown,medium,brown,mustache,S,P,,1,RP,CL,,,,,55,,,,51,53,49,50,52,50,52,59,62,65,0,0,0,,,,,0,,,,42,48,44,50,44,43,50,50,62,57,0,0,0,False,,,0,,,,,,0,50,closer,
P9691,John,Doe,1987-08-30,75,220,Unknown,dark,blonde,beard,R,P,,1,RP,SP,,,,,49,,,,53,52,50,50,54,52,53,0,63,62,0,0,0,,,,,0,,,,46,48,45,51,42,48,44,0,55,54,0,0,0,False,,,0,,,,,,0,50,workhorse_sp,
P6231,John,Doe,2004-09-30,77,248,Unknown,dark,blonde,mustache,R,P,,1,RP,RP,,,,,52,,,,51,54,52,53,52,49,51,0,63,66,0,0,0,,,,,0,,,,68,69,74,65,65,79,73,0,80,96,0,0,0,False,,,0,,,,,,0,50,power_rp,
P5037,John,Doe,1994-09-16,72,170,Unknown,light,brown,beard,S,P,,1,RP,SP,,,,,52,,,,47,51,53,50,52,52,50,59,0,61,57,0,0,,,,,0,,,,52,47,54,57,53,52,55,61,0,63,62,0,0,False,,,0,,,,,,0,50,groundball_sp,
P6921,John,Doe,2004-12-01,78,197,Unknown,light,brown,clean_shaven,R,P,,1,RP,SP,,,,,49,,,,52,51,54,53,53,48,52,59,61,60,0,0,0,,,,,0,,,,82,68,72,82,68,75,65,82,89,78,0,0,0,False,,,0,,,,,,0,50,balanced_sp,
P6062,John,Doe,2003-02-13,72,179,Unknown,medium,brown,mustache,R,P,,1,RP,LR,,,,,52,,,,51,49,51,50,52,49,49,61,61,64,0,0,0,,,,,0,,,,61,59,55,59,65,60,63,70,73,73,0,0,0,False,,,0,,,,,,0,50,long_relief,
P5142,John,Doe,1998-09-05,71,188,Unknown,light,blonde,goatee,R,P,,1,RP,SP,,,,,53,,,,49,51,51,53,52,52,52,60,60,58,0,0,0,,,,,0,,,,60,65,63,58,56,57,59,66,74,71,0,0,0,False,,,0,,,,,,0,50,balanced_sp,
P1128,John,Doe,1999-10-04,73,224,Unknown,dark,brown,goatee,R,P,,1,RP,RP,,,,,49,,,,48,54,50,50,52,50,51,0,61,65,0,0,0,,,,,0,,,,54,60,59,63,64,64,61,0,76,71,0,0,0,False,,,0,,,,,,0,50,power_rp,
P1650,John,Doe,1992-11-01,75,184,Unknown,light,brown,clean_shaven,R,P,,1,RP,SP,,,,,49,,,,48,49,53,51,54,50,52,61,62,60,0,0,0,,,,,0,,,,42,39,51,45,43,44,46,58,62,51,0,0,0,False,,,0,,,,,,0,50,balanced_sp,
P6485,John,Doe,2003-03-21,70,180,Unknown,light,red,clean_shaven,R,P,,1,RP,RP,,,,,50,,,,52,50,52,51,54,51,54,0,60,0,0,0,0,,,,,0,,,,64,62,66,68,62,58,59,0,66,0,0,0,0,False,,,0,,,,,,0,50,finesse_rp,
P4377,John,Doe,1993-11-17,73,203,Unknown,light,black,clean_shaven,S,P,,1,RP,RP,,,,,53,,,,50,53,49,50,53,52,52,0,0,0,59,0,0,,,,,0,,,,50,50,40,46,44,48,48,0,0,0,58,0,0,False,,,0,,,,,,0,50,groundball_rp,
P2639,John,Doe,1992-12-26,71,177,Unknown,medium,blonde,clean_shaven,L,C,,0,,,58,49,49,51,53,47,47,48,51,49,,,,,,,,,,,,54,41,41,45,53,0,0,48,44,40,,,,,,,,,,,,False,,,0,,,,,,0,50,,spray
P4773,John,Doe,1998-06-14,71,177,Unknown,medium,brown,clean_shaven,R,1B,,0,,,52,47,95,50,52,52,57,51,50,51,,,,,,,,,,,,65,57,99,59,52,0,0,51,60,63,,,,,,,,,,,,False,,,0,,,,,,0,50,,elite_speed
P1516,John,Doe,2003-08-16,74,184,Unknown,medium,blonde,goatee,R,2B,,0,,,50,51,48,50,50,51,57,50,49,50,,,,,,,,,,,,58,63,53,63,50,0,0,50,64,60,,,,,,,,,,,,False,,,0,,,,,,0,50,,average
P7025,John,Doe,2004-01-11,70,193,Unknown,light,brown,clean_shaven,R,3B,,0,,,64,51,50,51,52,51,57,52,52,50,,,,,,,,,,,,72,65,64,61,52,0,0,52,64,63,,,,,,,,,,,,False,,,0,,,,,,0,50,,spray
P9456,John,Doe,1991-04-17,73,186,Unknown,dark,black,beard,R,SS,,0,,,53,53,50,52,48,49,60,52,49,50,,,,,,,,,,,,49,45,42,42,48,0,0,52,40,40,,,,,,,,,,,,False,,,0,,,,,,0,50,,gap
P6022,John,Doe,2000-10-11,76,207,Unknown,dark,black,clean_shaven,S,LF,,0,,,52,51,49,50,49,49,53,50,53,49,,,,,,,,,,,,62,62,64,62,49,0,0,50,58,60,,,,,,,,,,,,False,,,0,,,,,,0,50,,gap
P2811,John,Doe,2003-02-11,72,201,Unknown,medium,black,clean_shaven,S,CF,,0,,,48,49,53,49,51,53,51,49,52,52,,,,,,,,,,,,60,61,64,61,51,0,0,49,60,61,,,,,,,,,,,,False,,,0,,,,,,0,50,,balanced
P5033,John,Doe,1992-01-03,69,242,Unknown,light,black,clean_shaven,L,RF,,0,,,52,54,51,51,51,51,47,50,50,51,,,,,,,,,,,,45,53,45,46,51,0,0,50,47,43,,,,,,,,,,,,False,,,0,,,,,,0,50,,balanced
P7900,John,Doe,1996-11-07,74,200,Unknown,medium,black,clean_shaven,R,CF,,0,,,50,50,51,50,52,51,56,52,51,48,,,,,,,,,,,,50,54,48,54,52,0,0,52,54,44,,,,,,,,,,,,False,,,0,,,,,,0,50,,balanced
P3096,John,Doe,2004-12-08,72,243,Unknown,dark,black,clean_shaven,R,3B,,0,,,52,64,47,53,49,54,58,50,48,52,,,,,,,,,,,,82,74,73,80,49,0,0,50,69,79,,,,,,,,,,,,False,,,0,,,,,,0,50,,power
P1343,John,Doe,1987-05-24,75,233,Unknown,light,blonde,mustache,R,1B,,0,,,52,62,51,52,47,50,51,52,51,49,,,,,,,,,,,,51,58,43,46,47,0,0,52,51,44,,,,,,,,,,,,False,,,0,,,,,,0,50,,power
P9891,John,Doe,1997-01-21,75,204,Unknown,medium,brown,clean_shaven,R,RF,LF,0,,,51,54,52,52,49,53,55,51,50,51,,,,,,,,,,,,53,55,53,48,49,0,0,51,55,49,,,,,,,,,,,,False,,,0,,,,,,0,50,,balanced
P3008,John,Doe,1998-07-26,71,198,Unknown,medium,brown,clean_shaven,R,C,,0,,,53,51,48,52,53,48,57,52,51,50,,,,,,,,,,,,68,62,57,59,53,0,0,52,60,59,,,,,,,,,,,,False,,,0,,,,,,0,50,,balanced
P8416,John,Doe,1990-04-19,78,235,Unknown,light,brown,clean_shaven,S,3B,,0,,,50,48,49,49,48,52,56,52,50,51,,,,,,,,,,,,40,38,43,45,48,0,0,52,49,41,,,,,,,,,,,,False,,,0,,,,,,0,50,,balanced
P3022,John,Doe,1992-08-10,78,196,Unknown,medium,brown,clean_shaven,S,P,,1,RP,CL,,,,,55,,,,49,54,49,51,53,53,55,0,0,65,0,0,0,,,,,0,,,,43,49,44,50,40,50,54,0,0,58,0,0,0,False,,,0,,,,,,0,50,closer,
P5541,John,Doe,1987-06-03,76,228,Unknown,light,black,beard,R,P,,1,RP,CL,,,,,51,,,,51,51,49,50,52,50,52,58,63,65,0,0,0,,,,,0,,,,42,51,40,52,42,44,47,52,61,60,0,0,0,False,,,0,,,,,,0,50,closer,
P6060,John,Doe,2004-01-04,68,230,Unknown,dark,red,clean_shaven,R,P,,1,RP,SP,,,,,51,,,,51,51,50,50,52,49,51,59,62,57,0,0,0,,,,,0,,,,65,61,65,61,59,58,61,70,70,67,0,0,0,False,,,0,,,,,,0,50,balanced_sp,
P7867,John,Doe,2002-01-10,72,194,Unknown,light,black,beard,R,P,,1,RP,CL,,,,,49,,,,51,53,49,52,53,48,53,58,0,67,0,0,0,,,,,0,,,,59,59,67,65,56,57,67,65,0,78,0,0,0,False,,,0,,,,,,0,50,closer,
P3433,John,Doe,1989-07-22,73,192,Unknown,dark,black,beard,R,P,,1,RP,SP,,,,,52,,,,50,50,51,51,54,49,51,60,59,62,0,0,0,,,,,0,,,,43,49,47,51,50,39,46,56,53,53,0,0,0,False,,,0,,,,,,0,50,balanced_sp,
P2008,John,Doe,1997-10-21,68,213,Unknown,dark,brown,clean_shaven,L,P,,1,RP,CL,,,,,52,,,,51,53,50,52,54,51,53,0,0,65,0,0,0,,,,,0,,,,46,51,53,56,50,54,53,0,0,69,0,0,0,False,,,0,,,,,,0,50,closer,
P8816,John,Doe,1993-07-31,74,187,Unknown,light,brown,clean_shaven,L,P,,1,RP,RP,,,,,51,,,,49,52,52,52,52,52,52,0,61,0,0,0,0,,,,,0,,,,39,52,52,51,49,43,43,0,61,0,0,0,0,False,,,0,,,,,,0,50,power_rp,
P7022,John,Doe,1990-07-05,73,183,Unknown,medium,brown,clean_shaven,S,3B,,0,,,50,51,49,51,50,52,55,51,52,51,,,,,,,,,,,,47,43,42,46,50,0,0,51,51,50,,,,,,,,,,,,False,,,0,,,,,,0,50,,average
P6629,John,Doe,2001-03-04,76,239,Unknown,medium,brown,clean_shaven,S,CF,,0,,,52,51,74,53,54,52,47,50,51,48,,,,,,,,,,,,59,62,89,60,54,0,0,50,62,54,,,,,,,,,,,,False,,,0,,,,,,0,50,,speed
P1354,John,Doe,2002-09-18,74,243,Unknown,dark,black,clean_shaven,R,LF,,0,,,53,59,52,54,53,49,57,53,52,49,,,,,,,,,,,,66,68,57,60,53,0,0,53,61,63,,,,,,,,,,,,False,,,0,,,,,,0,50,,balanced
P6649,John,Doe,1998-04-20,72,213,Unknown,dark,brown,clean_shaven,S,LF,CF,0,,,51,59,47,50,52,50,56,50,49,49,,,,,,,,,,,,58,70,59,63,52,0,0,50,57,57,,,,,,,,,,,,False,,,0,,,,,,0,50,,power
P6118,John,Doe,2002-04-27,74,217,Unknown,dark,brown,beard,L,1B,,0,,,52,58,53,50,51,51,44,50,51,50,,,,,,,,,,,,65,71,64,63,51,0,0,50,62,65,,,,,,,,,,,,False,,,0,,,,,,0,50,,gap
P7102,John,Doe,1994-11-11,69,224,Unknown,medium,brown,beard,R,3B,,0,,,50,52,50,51,50,49,58,49,50,51,,,,,,,,,,,,50,56,52,52,50,0,0,49,49,55,,,,,,,,,,,,False,,,0,,,,,,0,50,,average
P7695,John,Doe,2002-05-19,72,205,Unknown,medium,brown,goatee,R,C,,0,,,53,54,53,50,50,49,57,48,52,49,,,,,,,,,,,,65,60,65,64,50,0,0,48,66,59,,,,,,,,,,,,False,,,0,,,,,,0,50,,gap
P9848,John,Doe,2003-07-03,69,177,Unknown,medium,brown,clean_shaven,R,LF,,0,,,54,57,48,53,51,50,57,52,52,52,,,,,,,,,,,,63,68,62,66,51,0,0,52,61,58,,,,,,,,,,,,False,,,0,,,,,,0,50,,gap
P7669,John,Doe,2007-01-23,69,217,Unknown,light,black,clean_shaven,L,P,,1,RP,CL,,,,,55,,,,49,50,48,50,52,49,54,0,59,67,0,0,0,,,,,0,,,,76,75,77,67,65,62,69,0,80,97,0,0,0,False,,,0,,,,,,0,50,closer,
P5806,John,Doe,2007-11-30,74,243,Unknown,medium,brown,clean_shaven,R,P,,1,RP,RP,,,,,51,,,,50,53,49,51,54,53,52,57,60,0,0,0,0,,,,,0,,,,75,67,64,68,78,76,65,84,75,0,0,0,0,False,,,0,,,,,,0,50,finesse_rp,
P4805,John,Doe,2005-09-17,70,185,Unknown,light,brown,clean_shaven,L,P,,1,RP,RP,,,,,57,,,,48,49,52,50,52,53,50,58,0,65,61,0,0,,,,,0,,,,67,59,75,66,82,72,66,82,0,79,72,0,0,False,,,0,,,,,,0,50,groundball_rp,
P7380,John,Doe,2006-01-25,75,206,Unknown,light,black,clean_shaven,L,P,,1,RP,SP,,,,,50,,,,48,50,51,53,52,51,52,57,60,58,0,58,0,,,,,0,,,,61,62,71,76,63,69,72,84,76,84,0,82,0,False,,,0,,,,,,0,50,power_sp,
P2760,John,Doe,2006-09-05,78,216,Unknown,light,black,clean_shaven,L,P,,1,RP,CL,,,,,51,,,,49,52,50,50,54,48,53,60,59,67,0,0,0,,,,,0,,,,60,67,79,74,69,63,76,84,80,80,0,0,0,False,,,0,,,,,,0,50,closer,
P8285,John,Doe,2006-01-20,75,176,Unknown,dark,black,beard,L,CF,,0,,,51,49,52,50,52,53,44,49,48,49,,,,,,,,,,,,67,79,74,71,52,0,0,49,76,61,,,,,,,,,,,,False,,,0,,,,,,0,50,,average
P2660,John,Doe,2007-12-15,78,177,Unknown,light,blonde,goatee,L,2B,,0,,,53,52,48,52,51,51,46,51,51,51,,,,,,,,,,,,83,69,75,70,51,0,0,51,79,76,,,,,,,,,,,,False,,,0,,,,,,0,50,,balanced
P6248,John,Doe,2007-08-19,71,172,Unknown,medium,brown,clean_shaven,L,C,,0,,,58,48,48,53,49,48,47,49,49,52,,,,,,,,,,,,78,75,74,75,49,0,0,49,73,78,,,,,,,,,,,,False,,,0,,,,,,0,50,,spray
P3634,John,Doe,2004-06-05,71,243,Unknown,dark,brown,clean_shaven,R,C,,0,,,51,47,70,52,53,49,55,49,51,51,,,,,,,,,,,,77,61,82,63,53,0,0,49,79,67,,,,,,,,,,,,False,,,0,,,,,,0,50,,speed
P8600,John,Doe,2006-04-22,70,227,Unknown,dark,black,clean_shaven,R,C,3B,0,,,61,51,52,51,51,48,58,50,49,50,,,,,,,,,,,,87,69,82,76,51,0,0,50,60,69,,,,,,,,,,,,False,,,0,,,,,,0,50,,spray
P3737,John,Doe,1992-09-24,72,210,Unknown,light,black,clean_shaven,R,P,,1,RP,CL,,,,,55,,,,53,54,49,50,52,50,56,60,63,66,0,0,0,,,,,0,,,,51,48,49,48,39,40,50,57,54,57,0,0,0,False,,,0,,,,,,0,50,closer,
P6018,John,Doe,1999-03-13,73,169,Unknown,medium,blonde,clean_shaven,R,P,,1,RP,RP,,,,,53,,,,49,49,50,51,52,53,49,0,58,67,60,0,0,,,,,0,,,,55,63,65,61,64,63,59,0,71,72,71,0,0,False,,,0,,,,,,0,50,groundball_rp,
P2649,John,Doe,1989-01-05,73,198,Unknown,medium,black,clean_shaven,R,P,,1,RP,LR,,,,,52,,,,50,52,50,52,52,49,51,0,61,65,0,0,0,,,,,0,,,,48,44,51,52,43,46,44,0,54,57,0,0,0,False,,,0,,,,,,0,50,long_relief,
P3610,John,Doe,1993-09-29,69,245,Unknown,light,red,mustache,R,P,,1,RP,SP,,,,,51,,,,50,51,50,50,52,52,49,61,60,61,0,54,0,,,,,0,,,,48,48,45,44,48,49,39,56,57,52,0,44,0,False,,,0,,,,,,0,50,balanced_sp,
P4347,John,Doe,1992-10-23,69,184,Unknown,medium,blonde,clean_shaven,S,P,,1,RP,SP,,,,,51,,,,48,51,54,53,53,49,50,59,62,61,0,0,0,,,,,0,,,,43,42,52,49,44,41,47,50,59,53,0,0,0,False,,,0,,,,,,0,50,workhorse_sp,
P4741,John,Doe,2001-09-01,68,171,Unknown,medium,brown,goatee,S,P,,1,RP,SP,,,,,51,,,,50,52,49,53,52,51,49,59,60,60,0,0,0,,,,,0,,,,61,61,67,63,63,57,63,72,72,70,0,0,0,False,,,0,,,,,,0,50,balanced_sp,
P9457,John,Doe,1995-04-06,70,181,Unknown,dark,black,beard,R,P,,1,RP,SP,,,,,50,,,,52,49,54,50,52,49,55,0,61,62,0,0,0,,,,,0,,,,57,53,50,55,49,52,53,0,65,61,0,0,0,False,,,0,,,,,,0,50,power_sp,
P2637,John,Doe,1990-01-29,73,220,Unknown,medium,black,goatee,L,P,,1,RP,SP,,,,,50,,,,50,52,51,50,53,50,53,59,59,57,59,0,0,,,,,0,,,,46,48,42,49,41,44,50,51,59,53,54,0,0,False,,,0,,,,,,0,50,groundball_sp,
P6462,John,Doe,2005-01-08,74,243,Unknown,dark,black,clean_shaven,L,P,,1,RP,SP,,,,,53,,,,50,51,51,50,52,52,53,0,62,58,59,0,0,,,,,0,,,,60,62,80,73,71,73,78,0,89,73,77,0,0,False,,,0,,,,,,0,50,groundball_sp,
P2935,John,Doe,1999-03-07,68,173,Unknown,light,black,clean_shaven,S,P,,1,RP,CL,,,,,50,,,,50,53,47,50,53,51,51,60,0,65,0,0,0,,,,,0,,,,62,60,64,61,58,57,58,68,0,71,0,0,0,False,,,0,,,,,,0,50,closer,
P3681,John,Doe,1995-08-30,69,215,Unknown,dark,brown,beard,R,P,,1,RP,SP,,,,,50,,,,48,52,53,50,52,51,53,58,62,0,0,0,0,,,,,0,,,,43,52,50,50,56,54,48,61,61,0,0,0,0,False,,,0,,,,,,0,50,finesse_sp,
P6740,John,Doe,1997-04-30,70,246,Unknown,dark,blonde,goatee,R,C,P,0,,,63,52,51,53,53,47,56,0,51,52,,,,,,,,,,,,61,54,54,58,53,0,0,0,55,53,,,,,,,,,,,,False,,,0,,,,,,0,50,,spray
P7410,John,Doe,1996-06-01,73,247,Unknown,medium,brown,beard,R,1B,,0,,,52,62,49,51,50,53,52,50,48,49,,,,,,,,,,,,57,61,53,52,50,0,0,50,52,46,,,,,,,,,,,,False,,,0,,,,,,0,50,,power
P7980,John,Doe,1992-04-25,68,185,Unknown,medium,red,beard,R,2B,,0,,,52,51,70,51,51,48,58,51,49,51,,,,,,,,,,,,50,42,64,50,51,0,0,51,43,51,,,,,,,,,,,,False,,,0,,,,,,0,50,,speed
P3948,John,Doe,1990-11-18,76,203,Unknown,medium,black,beard,R,3B,RF,0,,,51,49,54,52,49,49,58,51,51,50,,,,,,,,,,,,46,48,47,48,49,0,0,51,42,47,,,,,,,,,,,,False,,,0,,,,,,0,50,,balanced
P6852,John,Doe,1992-03-17,76,214,Unknown,light,blonde,beard,L,SS,,0,,,53,48,70,51,53,49,50,50,52,48,,,,,,,,,,,,52,46,68,49,53,0,0,50,43,39,,,,,,,,,,,,False,,,0,,,,,,0,50,,speed
P1061,John,Doe,1994-03-28,77,177,Unknown,medium,black,mustache,S,LF,,0,,,48,64,52,49,51,54,54,50,48,49,,,,,,,,,,,,46,64,54,46,51,0,0,50,51,48,,,,,,,,,,,,False,,,0,,,,,,0,50,,power
P6219,John,Doe,1994-12-15,74,234,Unknown,dark,brown,goatee,L,CF,,0,,,54,51,52,51,52,52,48,48,51,50,,,,,,,,,,,,58,46,55,49,52,0,0,48,46,47,,,,,,,,,,,,False,,,0,,,,,,0,50,,average
P1544,John,Doe,2001-08-10,77,180,Unknown,dark,blonde,mustache,R,RF,,0,,,51,62,52,49,50,51,53,52,51,48,,,,,,,,,,,,57,70,59,61,50,0,0,52,58,62,,,,,,,,,,,,False,,,0,,,,,,0,50,,power
P3403,John,Doe,2003-05-12,74,211,Unknown,medium,black,beard,R,3B,,0,,,50,57,48,50,48,47,58,53,49,49,,,,,,,,,,,,56,67,60,57,48,0,0,53,60,54,,,,,,,,,,,,False,,,0,,,,,,0,50,,gap
P9721,John,Doe,1995-05-26,72,190,Unknown,dark,brown,beard,S,CF,,0,,,63,48,52,51,51,52,48,52,51,48,,,,,,,,,,,,61,45,57,51,51,0,0,52,48,44,,,,,,,,,,,,False,,,0,,,,,,0,50,,spray
P6620,John,Doe,1988-11-27,74,246,Unknown,dark,red,mustache,R,LF,,0,,,53,53,47,52,48,51,57,50,52,50,,,,,,,,,,,,47,46,41,52,48,0,0,50,46,42,,,,,,,,,,,,False,,,0,,,,,,0,50,,average
P4933,John,Doe,1995-06-30,75,207,Unknown,medium,blonde,clean_shaven,L,3B,,0,,,61,58,51,52,49,49,50,53,52,51,,,,,,,,,,,,58,53,50,48,49,0,0,53,55,51,,,,,,,,,,,,False,,,0,,,,,,0,50,,gap
P8705,John,Doe,1999-11-02,68,222,Unknown,dark,brown,beard,R,RF,,0,,,53,51,70,51,50,50,58,51,47,51,,,,,,,,,,,,58,65,83,60,50,0,0,51,54,63,,,,,,,,,,,,False,,,0,,,,,,0,50,,speed
P5375,John,Doe,1989-01-30,71,235,Unknown,dark,brown,goatee,R,RF,,0,,,52,49,85,51,48,52,54,48,48,52,,,,,,,,,,,,51,46,79,47,48,0,0,48,42,52,,,,,,,,,,,,False,,,0,,,,,,0,50,,elite_speed
P6338,John,Doe,1999-06-13,68,160,Unknown,light,black,clean_shaven,L,P,,1,RP,CL,,,,,55,,,,52,53,48,50,52,49,52,0,0,65,0,0,0,,,,,0,,,,66,60,56,65,63,54,57,0,0,73,0,0,0,False,,,0,,,,,,0,50,closer,
P2521,John,Doe,1989-08-30,68,224,Unknown,dark,red,clean_shaven,S,P,,1,RP,SP,,,,,50,,,,52,50,51,51,52,52,52,0,0,60,59,0,0,,,,,0,,,,49,48,45,52,49,50,43,0,0,58,50,0,0,False,,,0,,,,,,0,50,groundball_sp,
P3950,John,Doe,1998-06-20,68,222,Unknown,dark,black,beard,R,P,,1,RP,SP,,,,,48,,,,50,50,54,50,53,52,53,0,62,63,55,0,0,,,,,0,,,,61,62,55,68,59,60,62,0,73,75,61,0,0,False,,,0,,,,,,0,50,power_sp,
P1445,John,Doe,1999-05-25,72,225,Unknown,medium,black,clean_shaven,R,P,,1,RP,SP,,,,,51,,,,52,50,52,50,54,50,50,62,63,60,0,0,0,,,,,0,,,,66,62,59,59,59,57,65,71,72,70,0,0,0,False,,,0,,,,,,0,50,workhorse_sp,
P3855,John,Doe,1987-06-25,73,196,Unknown,medium,red,clean_shaven,L,P,,1,RP,SP,,,,,51,,,,49,48,54,50,53,49,49,62,63,0,59,56,0,,,,,0,,,,39,41,43,53,48,44,49,56,59,0,50,52,0,False,,,0,,,,,,0,50,finesse_sp,
P3149,John,Doe,1993-04-19,68,245,Unknown,light,brown,clean_shaven,R,P,,1,RP,SP,,,,,51,,,,51,50,54,53,52,49,51,62,61,63,0,54,0,,,,,0,,,,43,46,50,45,47,44,42,56,56,60,0,46,0,False,,,0,,,,,,0,50,workhorse_sp,
P1197,John,Doe,1987-12-13,77,212,Unknown,medium,black,mustache,L,P,,1,RP,SP,,,,,47,,,,50,53,50,50,54,49,52,0,61,60,0,0,0,,,,,0,,,,45,50,47,54,47,48,50,0,60,53,0,0,0,False,,,0,,,,,,0,50,power_sp,
P1177,John,Doe,1997-03-30,71,221,Unknown,light,black,beard,L,1B,,0,,,51,54,50,49,48,49,44,52,51,52,,,,,,,,,,,,56,49,47,53,48,0,0,52,48,48,,,,,,,,,,,,False,,,0,,,,,,0,50,,balanced
P4384,John,Doe,2004-01-08,72,220,Unknown,dark,brown,clean_shaven,R,RF,,0,,,49,51,70,49,51,49,55,50,51,52,,,,,,,,,,,,60,65,77,64,51,0,0,50,59,63,,,,,,,,,,,,False,,,0,,,,,,0,50,,speed
P6857,John,Doe,1999-05-05,70,171,Unknown,dark,brown,clean_shaven,R,C,,0,,,52,53,51,53,49,50,55,50,50,48,,,,,,,,,,,,57,67,57,63,49,0,0,50,57,57,,,,,,,,,,,,False,,,0,,,,,,0,50,,average
P8927,John,Doe,2002-04-26,68,181,Unknown,medium,brown,goatee,R,RF,,0,,,50,50,49,51,47,50,50,49,51,50,,,,,,,,,,,,64,63,63,63,47,0,0,49,64,60,,,,,,,,,,,,False,,,0,,,,,,0,50,,balanced
P6561,John,Doe,1994-09-26,71,245,Unknown,dark,blonde,clean_shaven,L,LF,,0,,,50,60,50,49,49,48,47,52,51,51,,,,,,,,,,,,47,62,47,45,49,0,0,52,51,46,,,,,,,,,,,,False,,,0,,,,,,0,50,,balanced
P5220,John,Doe,1999-03-03,68,178,Unknown,medium,brown,mustache,L,1B,,0,,,52,62,48,51,51,50,50,52,51,48,,,,,,,,,,,,63,72,55,57,51,0,0,52,60,55,,,,,,,,,,,,False,,,0,,,,,,0,50,,power
P2064,John,Doe,1991-08-16,70,165,Unknown,medium,black,beard,R,CF,,0,,,53,51,50,51,52,50,52,48,51,51,,,,,,,,,,,,46,45,40,43,52,0,0,48,50,43,,,,,,,,,,,,False,,,0,,,,,,0,50,,average
P5561,John,Doe,1988-05-01,70,188,Unknown,medium,black,clean_shaven,S,RF,,0,,,52,61,47,51,51,51,46,51,50,52,,,,,,,,,,,,48,60,47,46,51,0,0,51,49,45,,,,,,,,,,,,False,,,0,,,,,,0,50,,power
P1235,John,Doe,2007-04-05,68,223,Unknown,dark,brown,clean_shaven,R,P,,1,RP,CL,,,,,55,,,,50,53,51,50,54,52,52,0,0,65,0,0,0,,,,,0,,,,72,69,76,68,70,73,74,0,0,80,0,0,0,False,,,0,,,,,,0,50,closer,
P3100,John,Doe,2004-06-10,75,235,Unknown,dark,brown,clean_shaven,R,P,,1,RP,SP,,,,,48,,,,50,50,52,50,52,50,50,59,59,0,0,0,0,,,,,0,,,,77,66,72,73,67,67,78,85,88,0,0,0,0,False,,,0,,,,,,0,50,finesse_sp,
P7593,John,Doe,2004-05-30,68,188,Unknown,medium,brown,clean_shaven,R,P,,1,RP,SP,,,,,52,,,,52,50,54,53,53,50,52,62,60,0,61,0,0,,,,,0,,,,81,77,68,74,81,75,71,90,70,0,90,0,0,False,,,0,,,,,,0,50,groundball_sp,
P7959,John,Doe,2006-01-05,71,170,Unknown,dark,red,mustache,R,P,,1,RP,RP,,,,,51,,,,49,52,49,53,52,52,51,0,58,64,0,0,0,,,,,0,,,,65,72,70,79,68,67,61,0,76,83,0,0,0,False,,,0,,,,,,0,50,power_rp,
P7836,John,Doe,2005-03-25,71,184,Unknown,medium,brown,clean_shaven,L,P,,1,RP,RP,,,,,50,,,,51,52,53,53,52,53,52,60,0,0,0,0,0,,,,,0,,,,70,79,82,71,78,76,71,83,0,0,0,0,0,False,,,0,,,,,,0,50,finesse_rp,
P7997,John,Doe,2005-02-19,71,238,Unknown,light,black,clean_shaven,L,2B,,0,,,60,49,53,54,50,48,50,52,49,52,,,,,,,,,,,,86,63,83,84,50,0,0,52,73,78,,,,,,,,,,,,False,,,0,,,,,,0,50,,spray
P5148,John,Doe,2008-01-01,76,232,Unknown,dark,black,clean_shaven,R,C,,0,,,53,53,48,52,49,52,55,50,50,49,,,,,,,,,,,,75,78,59,72,49,0,0,50,61,69,,,,,,,,,,,,False,,,0,,,,,,0,50,,average
P3335,John,Doe,2007-05-02,78,168,Unknown,medium,black,beard,R,2B,,0,,,52,51,50,51,49,49,55,49,48,49,,,,,,,,,,,,82,70,77,71,49,0,0,49,68,61,,,,,,,,,,,,False,,,0,,,,,,0,50,,average
P8503,John,Doe,2004-07-06,71,245,Unknown,medium,blonde,beard,R,3B,,0,,,48,50,52,50,49,51,59,52,49,49,,,,,,,,,,,,64,61,65,64,49,0,0,52,74,77,,,,,,,,,,,,False,,,0,,,,,,0,50,,average
P8447,John,Doe,2007-02-07,72,174,Unknown,dark,black,clean_shaven,R,RF,,0,,,52,49,49,52,49,48,58,49,51,53,,,,,,,,,,,,73,63,70,76,49,0,0,49,69,71,,,,,,,,,,,,False,,,0,,,,,,0,50,,average
P7414,John,Doe,1998-11-16,69,181,Unknown,light,brown,beard,L,P,,1,RP,CL,,,,,55,,,,52,54,52,51,54,48,53,59,61,65,0,0,0,,,,,0,,,,57,60,57,62,60,54,61,74,71,71,0,0,0,False,,,0,,,,,,0,50,closer,
P3887,John,Doe,1994-12-04,68,186,Unknown,medium,brown,clean_shaven,R,P,,1,RP,SP,,,,,52,,,,49,48,49,50,54,50,50,62,62,0,55,54,0,,,,,0,,,,48,46,50,52,47,48,48,67,66,0,55,52,0,False,,,0,,,,,,0,50,finesse_sp,
P8956,John,Doe,1988-05-12,75,229,Unknown,dark,black,beard,R,P,,1,RP,SP,,,,,50,,,,51,53,54,53,54,49,53,59,62,59,0,53,0,,,,,0,,,,47,48,53,47,52,48,48,57,58,52,0,53,0,False,,,0,,,,,,0,50,balanced_sp,
P6666,John,Doe,1992-09-21,78,163,Unknown,light,brown,beard,S,P,,1,RP,SP,,,,,51,,,,52,52,52,52,52,52,50,61,60,62,0,0,0,,,,,0,,,,48,52,52,43,42,50,43,54,60,55,0,0,0,False,,,0,,,,,,0,50,balanced_sp,
P5349,John,Doe,1993-04-07,72,221,Unknown,medium,brown,clean_shaven,L,P,,1,RP,LR,,,,,50,,,,49,50,51,53,52,52,53,61,0,0,0,0,0,,,,,0,,,,39,44,53,50,44,52,48,51,0,0,0,0,0,False,,,0,,,,,,0,50,long_relief,
P4412,John,Doe,1988-06-18,73,208,Unknown,medium,brown,clean_shaven,R,P,,1,RP,LR,,,,,51,,,,48,51,53,52,52,50,51,0,61,0,0,0,0,,,,,0,,,,44,50,50,48,44,45,48,0,58,0,0,0,0,False,,,0,,,,,,0,50,long_relief,
P3600,John,Doe,1997-03-24,69,202,Unknown,dark,brown,beard,L,P,,1,RP,SP,,,,,51,,,,52,53,53,53,52,52,52,0,62,60,0,0,0,,,,,0,,,,54,58,58,54,49,47,53,0,64,64,0,0,0,False,,,0,,,,,,0,50,power_sp,
P1333,John,Doe,1992-06-27,74,168,Unknown,dark,brown,clean_shaven,L,P,,1,RP,RP,,,,,57,,,,52,50,50,50,52,52,53,59,0,64,59,0,0,,,,,0,,,,43,49,41,47,45,50,51,54,0,60,49,0,0,False,,,0,,,,,,0,50,groundball_rp,
P4911,John,Doe,1998-09-26,70,240,Unknown,medium,brown,clean_shaven,R,P,,1,RP,SP,,,,,50,,,,49,54,52,52,52,48,52,59,63,61,0,55,0,,,,,0,,,,62,69,65,58,65,55,64,66,75,72,0,68,0,False,,,0,,,,,,0,50,power_sp,
P7864,John,Doe,1991-09-26,72,220,Unknown,medium,blonde,beard,R,P,,1,RP,RP,,,,,51,,,,52,51,50,51,52,51,54,0,63,0,0,0,0,,,,,0,,,,42,51,45,46,47,50,51,0,56,0,0,0,0,False,,,0,,,,,,0,50,power_rp,
P6587,John,Doe,1999-07-31,75,214,Unknown,dark,brown,beard,R,P,,1,RP,SP,,,,,50,,,,50,51,54,53,53,50,52,61,60,58,0,0,0,,,,,0,,,,61,63,65,64,59,57,62,75,72,63,0,0,0,False,,,0,,,,,,0,50,finesse_sp,
P1979,John,Doe,1990-04-21,71,178,Unknown,medium,blonde,beard,R,C,,0,,,49,53,51,50,49,53,57,48,50,48,,,,,,,,,,,,48,48,41,46,49,0,0,48,46,48,,,,,,,,,,,,False,,,0,,,,,,0,50,,average
P5328,John,Doe,1997-05-03,72,201,Unknown,medium,blonde,clean_shaven,R,1B,,0,,,51,63,50,51,50,54,58,48,50,50,,,,,,,,,,,,56,68,51,51,50,0,0,48,52,55,,,,,,,,,,,,False,,,0,,,,,,0,50,,power
P1704,John,Doe,2000-03-21,78,204,Unknown,light,brown,goatee,S,2B,,0,,,57,49,51,55,49,48,54,52,51,48,,,,,,,,,,,,63,58,57,61,49,0,0,52,63,61,,,,,,,,,,,,False,,,0,,,,,,0,50,,spray
P2413,John,Doe,1991-10-27,69,182,Unknown,light,brown,clean_shaven,R,3B,,0,,,51,50,50,50,50,48,59,52,49,52,,,,,,,,,,,,45,46,40,44,50,0,0,52,45,44,,,,,,,,,,,,False,,,0,,,,,,0,50,,average
P3486,John,Doe,1992-01-26,70,224,Unknown,medium,black,clean_shaven,R,SS,,0,,,60,52,51,54,51,49,58,49,53,48,,,,,,,,,,,,59,48,48,50,51,0,0,49,52,38,,,,,,,,,,,,False,,,0,,,,,,0,50,,spray
P7627,John,Doe,2002-12-19,77,166,Unknown,medium,blonde,clean_shaven,L,LF,,0,,,57,51,51,51,53,49,47,52,51,50,,,,,,,,,,,,62,59,66,57,53,0,0,52,60,60,,,,,,,,,,,,False,,,0,,,,,,0,50,,spray
P8046,John,Doe,1990-04-20,78,226,Unknown,dark,brown,mustache,R,CF,,0,,,53,49,70,53,53,49,53,50,52,52,,,,,,,,,,,,51,45,66,49,53,0,0,50,43,51,,,,,,,,,,,,False,,,0,,,,,,0,50,,speed
P7543,John,Doe,1994-05-03,71,189,Unknown,dark,black,clean_shaven,L,RF,,0,,,53,59,48,52,47,51,46,50,51,51,,,,,,,,,,,,57,58,44,47,47,0,0,50,48,56,,,,,,,,,,,,False,,,0,,,,,,0,50,,power
P1871,John,Doe,2001-05-24,72,231,Unknown,light,blonde,beard,R,CF,,0,,,51,51,78,53,50,49,55,49,51,49,,,,,,,,,,,,60,57,92,59,50,0,0,49,58,56,,,,,,,,,,,,False,,,0,,,,,,0,50,,speed
P9980,John,Doe,1997-09-24,71,211,Unknown,medium,blonde,clean_shaven,S,1B,,0,,,66,54,49,50,53,50,49,53,49,48,,,,,,,,,,,,61,55,47,49,53,0,0,53,51,53,,,,,,,,,,,,False,,,0,,,,,,0,50,,spray
P2317,John,Doe,1987-05-06,73,167,Unknown,light,brown,clean_shaven,L,SS,,0,,,52,50,51,52,48,52,51,50,48,47,,,,,,,,,,,,44,50,50,44,48,0,0,50,47,37,,,,,,,,,,,,False,,,0,,,,,,0,50,,balanced
P1079,John,Doe,1997-05-03,74,195,Unknown,light,black,clean_shaven,R,C,,0,,,53,53,50,51,49,50,57,48,52,50,,,,,,,,,,,,54,55,51,53,49,0,0,48,47,49,,,,,,,,,,,,False,,,0,,,,,,0,50,,balanced
P5044,John,Doe,1993-11-14,70,224,Unknown,medium,red,beard,R,CF,P,0,,,51,50,72,51,53,49,54,0,50,48,,,,,,,,,,,,49,44,71,48,53,0,0,0,49,38,,,,,,,,,,,,False,,,0,,,,,,0,50,,speed
P9320,John,Doe,1998-01-17,75,239,Unknown,dark,brown,clean_shaven,R,2B,,0,,,54,51,49,51,52,48,57,52,51,51,,,,,,,,,,,,54,47,53,49,52,0,0,52,47,51,,,,,,,,,,,,False,,,0,,,,,,0,50,,balanced
P5241,John,Doe,1999-01-13,78,203,Unknown,dark,black,goatee,R,P,,1,RP,CL,,,,,55,,,,52,53,51,51,54,51,51,61,0,65,0,0,0,,,,,0,,,,58,60,63,66,56,60,61,76,0,72,0,0,0,False,,,0,,,,,,0,50,closer,
P4867,John,Doe,2000-05-28,70,185,Unknown,dark,black,goatee,L,P,,1,RP,SP,,,,,52,,,,49,49,49,52,52,53,50,60,60,60,61,0,0,,,,,0,,,,59,57,57,58,58,66,60,74,74,65,66,0,0,False,,,0,,,,,,0,50,groundball_sp,
P5192,John,Doe,1995-04-21,74,164,Unknown,dark,blonde,clean_shaven,R,P,,1,RP,RP,,,,,48,,,,51,53,48,50,52,49,56,0,0,65,0,0,0,,,,,0,,,,55,55,46,52,49,44,52,0,0,63,0,0,0,False,,,0,,,,,,0,50,power_rp,
P4963,John,Doe,2002-12-13,68,216,Unknown,dark,blonde,clean_shaven,R,P,,1,RP,CL,,,,,52,,,,52,50,50,50,53,50,55,0,0,65,0,0,0,,,,,0,,,,63,58,58,61,63,55,61,0,0,77,0,0,0,False,,,0,,,,,,0,50,closer,
P8968,John,Doe,1987-10-29,69,247,Unknown,light,black,mustache,R,P,,1,RP,RP,,,,,52,,,,52,54,48,50,52,51,53,0,63,67,0,0,0,,,,,0,,,,43,47,48,50,44,42,51,0,55,58,0,0,0,False,,,0,,,,,,0,50,power_rp,
P6532,John,Doe,2002-01-18,78,211,Unknown,medium,blonde,clean_shaven,S,P,,1,RP,SP,,,,,52,,,,51,50,50,51,52,51,52,62,59,59,0,55,0,,,,,0,,,,62,57,56,57,63,66,67,73,67,69,0,63,0,False,,,0,,,,,,0,50,power_sp,
P3328,John,Doe,2004-06-22,73,176,Unknown,medium,red,clean_shaven,S,P,,1,RP,SP,,,,,49,,,,52,51,50,51,53,49,53,61,60,60,61,0,0,,,,,0,,,,78,62,71,80,65,70,68,73,71,75,91,0,0,False,,,0,,,,,,0,50,workhorse_sp,
P6222,John,Doe,1991-04-24,69,167,Unknown,light,brown,beard,L,C,,0,,,49,51,48,50,49,50,47,48,51,50,,,,,,,,,,,,40,47,48,49,49,0,0,48,44,49,,,,,,,,,,,,False,,,0,,,,,,0,50,,average
P9008,John,Doe,1994-04-15,73,201,Unknown,light,black,clean_shaven,R,1B,,0,,,53,60,52,52,50,54,56,52,50,48,,,,,,,,,,,,56,59,53,51,50,0,0,52,50,47,,,,,,,,,,,,False,,,0,,,,,,0,50,,power
P6030,John,Doe,1995-04-28,71,244,Unknown,light,brown,clean_shaven,R,LF,,0,,,55,49,53,54,51,47,56,50,51,51,,,,,,,,,,,,59,47,48,53,51,0,0,50,51,48,,,,,,,,,,,,False,,,0,,,,,,0,50,,spray
P5448,John,Doe,1988-12-31,69,241,Unknown,dark,black,goatee,R,SS,,0,,,51,53,54,52,49,52,57,53,52,48,,,,,,,,,,,,42,47,51,47,49,0,0,53,49,45,,,,,,,,,,,,False,,,0,,,,,,0,50,,balanced
P3863,John,Doe,2002-05-30,72,232,Unknown,light,brown,clean_shaven,R,2B,,0,,,52,49,52,51,52,52,60,51,48,53,,,,,,,,,,,,58,56,60,65,52,0,0,51,63,59,,,,,,,,,,,,False,,,0,,,,,,0,50,,balanced
P6339,John,Doe,1993-06-26,74,242,Unknown,dark,brown,clean_shaven,L,RF,,0,,,52,51,52,53,53,51,49,51,50,51,,,,,,,,,,,,46,51,44,46,53,0,0,51,43,42,,,,,,,,,,,,False,,,0,,,,,,0,50,,average
P2383,John,Doe,1990-08-29,77,246,Unknown,dark,red,clean_shaven,L,CF,,0,,,58,50,51,51,54,47,42,52,52,50,,,,,,,,,,,,55,47,48,46,54,0,0,52,52,42,,,,,,,,,,,,False,,,0,,,,,,0,50,,spray
P9000,John,Doe,1987-04-23,75,175,Unknown,medium,black,goatee,R,C,,0,,,52,51,50,51,49,53,60,51,51,52,,,,,,,,,,,,51,46,43,44,49,0,0,51,48,51,,,,,,,,,,,,False,,,0,,,,,,0,50,,average
P2293,John,Doe,2006-03-10,71,222,Unknown,light,brown,clean_shaven,R,P,RF,1,RP,CL,,,,,55,,,,50,51,48,53,53,48,53,60,0,65,0,0,0,,,,,0,,,,60,64,76,65,78,71,72,79,0,91,0,0,0,False,,,0,,,,,,0,50,closer,
P2635,John,Doe,2004-03-11,72,167,Unknown,medium,black,beard,L,P,,1,RP,RP,,,,,51,,,,50,50,49,50,52,50,52,0,59,0,0,0,0,,,,,0,,,,76,79,69,73,77,63,79,0,82,0,0,0,0,False,,,0,,,,,,0,50,power_rp,
P4665,John,Doe,2005-03-05,68,227,Unknown,light,brown,mustache,L,P,,1,RP,CL,,,,,52,,,,52,52,48,51,52,53,56,0,0,65,0,0,0,,,,,0,,,,68,76,78,62,75,69,78,0,0,77,0,0,0,False,,,0,,,,,,0,50,closer,
P9533,John,Doe,2007-04-15,73,199,Unknown,medium,brown,clean_shaven,R,P,RF,1,RP,RP,,,,,50,,,,49,52,49,53,52,50,50,59,61,67,0,0,0,,,,,0,,,,66,66,67,82,74,80,67,89,78,87,0,0,0,False,,,0,,,,,,0,50,finesse_rp,
P1611,John,Doe,2006-02-13,76,165,Unknown,dark,brown,clean_shaven,R,P,,1,RP,LR,,,,,49,,,,49,49,50,50,54,52,51,0,58,67,0,0,0,,,,,0,,,,60,77,74,84,80,65,62,0,77,88,0,0,0,False,,,0,,,,,,0,50,long_relief,
P3286,John,Doe,2007-11-23,75,169,Unknown,light,brown,clean_shaven,L,CF,,0,,,54,47,72,54,52,47,46,50,50,49,,,,,,,,,,,,76,76,99,83,52,0,0,50,80,67,,,,,,,,,,,,False,,,0,,,,,,0,50,,speed
P8610,John,Doe,2007-11-21,71,197,Unknown,medium,black,clean_shaven,L,RF,,0,,,59,52,51,56,52,48,50,52,50,49,,,,,,,,,,,,83,81,65,83,52,0,0,52,78,66,,,,,,,,,,,,False,,,0,,,,,,0,50,,spray
P9005,John,Doe,2005-07-01,73,213,Unknown,light,brown,clean_shaven,R,3B,,0,,,49,48,53,49,52,50,56,52,52,50,,,,,,,,,,,,78,63,76,70,52,0,0,52,82,78,,,,,,,,,,,,False,,,0,,,,,,0,50,,balanced
P9107,John,Doe,2005-09-17,68,221,Unknown,light,brown,beard,R,SS,,0,,,51,48,86,52,53,50,59,49,50,52,,,,,,,,,,,,62,73,99,63,53,0,0,49,66,63,,,,,,,,,,,,False,,,0,,,,,,0,50,,speed
P4748,John,Doe,2006-05-17,75,169,Unknown,medium,blonde,clean_shaven,S,1B,,0,,,49,60,51,50,47,51,52,53,48,52,,,,,,,,,,,,64,88,69,69,47,0,0,53,69,68,,,,,,,,,,,,False,,,0,,,,,,0,50,,power
P2390,John,Doe,1990-03-30,69,184,Unknown,medium,red,clean_shaven,R,P,,1,RP,CL,,,,,55,,,,48,50,51,50,54,52,56,57,59,65,0,0,0,,,,,0,,,,46,44,40,49,45,49,52,53,58,61,0,0,0,False,,,0,,,,,,0,50,closer,
P2549,John,Doe,1995-05-27,68,249,Unknown,medium,black,clean_shaven,L,P,,1,RP,SP,,,,,51,,,,49,52,50,51,52,52,53,58,59,59,0,57,0,,,,,0,,,,52,53,49,51,51,49,51,58,63,64,0,62,0,False,,,0,,,,,,0,50,workhorse_sp,
P3965,John,Doe,1992-02-22,77,206,Unknown,medium,brown,clean_shaven,R,P,,1,RP,RP,,,,,53,,,,51,49,49,51,52,51,54,0,0,0,61,0,0,,,,,0,,,,46,49,49,48,41,42,52,0,0,0,54,0,0,False,,,0,,,,,,0,50,groundball_rp,
P9155,John,Doe,1994-07-09,78,211,Unknown,medium,black,mustache,R,P,,1,RP,RP,,,,,52,,,,49,54,53,52,54,50,54,56,62,65,0,0,0,,,,,0,,,,51,50,52,58,53,55,51,54,66,64,0,0,0,False,,,0,,,,,,0,50,power_rp,
P5167,John,Doe,2002-07-22,71,176,Unknown,dark,brown,clean_shaven,L,P,,1,RP,SP,,,,,49,,,,49,49,51,51,52,49,49,62,63,0,54,0,0,,,,,0,,,,63,55,64,63,62,63,60,68,68,0,64,0,0,False,,,0,,,,,,0,50,finesse_sp,
P2581,John,Doe,1990-05-16,69,195,Unknown,dark,red,mustache,R,P,,1,RP,SP,,,,,48,,,,50,52,51,51,52,49,52,0,62,60,0,0,0,,,,,0,,,,44,50,50,43,47,45,52,0,54,53,0,0,0,False,,,0,,,,,,0,50,power_sp,
P3389,John,Doe,1993-01-27,73,220,Unknown,dark,black,goatee,R,P,,1,RP,SP,,,,,48,,,,51,54,51,53,53,52,53,58,61,62,0,0,0,,,,,0,,,,49,44,52,52,47,52,48,51,54,59,0,0,0,False,,,0,,,,,,0,50,power_sp,
P3587,John,Doe,1992-02-24,68,192,Unknown,light,brown,clean_shaven,L,P,,1,RP,SP,,,,,50,,,,51,50,50,51,53,48,50,59,62,59,0,55,0,,,,,0,,,,44,50,41,52,42,42,44,53,62,50,0,53,0,False,,,0,,,,,,0,50,balanced_sp,
P2707,John,Doe,1990-07-26,77,160,Unknown,light,blonde,beard,R,P,,1,RP,CL,,,,,50,,,,49,53,52,50,52,49,53,57,61,65,0,0,0,,,,,0,,,,40,46,40,44,44,44,53,53,56,60,0,0,0,False,,,0,,,,,,0,50,closer,
P1597,John,Doe,1993-04-01,68,161,Unknown,light,black,clean_shaven,L,P,,1,RP,SP,,,,,48,,,,48,50,54,53,52,49,49,62,61,59,0,0,0,,,,,0,,,,43,45,44,42,50,43,42,57,61,56,0,0,0,False,,,0,,,,,,0,50,workhorse_sp,
P7989,John,Doe,2000-01-22,76,236,Unknown,medium,brown,clean_shaven,L,P,,1,RP,SP,,,,,50,,,,51,50,52,52,53,51,51,58,0,62,0,0,0,,,,,0,,,,57,62,67,62,57,66,59,64,0,68,0,0,0,False,,,0,,,,,,0,50,balanced_sp,
P8132,John,Doe,1987-12-29,71,237,Unknown,dark,brown,clean_shaven,L,C,,0,,,50,49,53,49,53,48,49,49,53,52,,,,,,,,,,,,42,48,51,39,53,0,0,49,46,48,,,,,,,,,,,,False,,,0,,,,,,0,50,,balanced
P6271,John,Doe,1993-01-25,68,192,Unknown,light,blonde,clean_shaven,L,1B,,0,,,52,54,49,49,52,52,50,52,51,53,,,,,,,,,,,,48,44,45,49,52,0,0,52,41,48,,,,,,,,,,,,False,,,0,,,,,,0,50,,balanced
P9410,John,Doe,1993-01-05,74,207,Unknown,medium,brown,clean_shaven,R,2B,,0,,,64,52,49,54,49,50,59,50,48,52,,,,,,,,,,,,57,45,49,44,49,0,0,50,45,52,,,,,,,,,,,,False,,,0,,,,,,0,50,,spray
P3988,John,Doe,1994-05-27,70,196,Unknown,light,black,beard,R,3B,,0,,,58,52,52,54,50,48,59,51,52,50,,,,,,,,,,,,58,53,52,50,50,0,0,51,56,46,,,,,,,,,,,,False,,,0,,,,,,0,50,,spray
P9433,John,Doe,2001-12-15,69,247,Unknown,medium,brown,clean_shaven,R,SS,,0,,,51,64,51,50,51,50,56,53,50,51,,,,,,,,,,,,66,78,65,55,51,0,0,53,62,58,,,,,,,,,,,,False,,,0,,,,,,0,50,,power
P4048,John,Doe,1996-09-02,72,239,Unknown,dark,black,goatee,R,LF,,0,,,53,53,47,54,51,49,55,49,50,50,,,,,,,,,,,,57,56,44,58,51,0,0,49,48,45,,,,,,,,,,,,False,,,0,,,,,,0,50,,gap
P3584,John,Doe,1989-02-20,72,161,Unknown,dark,black,clean_shaven,R,CF,,0,,,48,55,51,48,52,51,50,48,50,49,,,,,,,,,,,,42,55,49,45,52,0,0,48,49,47,,,,,,,,,,,,False,,,0,,,,,,0,50,,power
P8684,John,Doe,1994-10-25,77,188,Unknown,dark,black,beard,R,RF,,0,,,48,54,48,49,52,49,56,49,50,52,,,,,,,,,,,,49,55,48,49,52,0,0,49,50,55,,,,,,,,,,,,False,,,0,,,,,,0,50,,average
P5543,John,Doe,1996-03-22,68,181,Unknown,light,black,beard,R,C,,0,,,52,52,51,49,51,51,60,51,52,49,,,,,,,,,,,,54,49,46,51,51,0,0,51,55,52,,,,,,,,,,,,False,,,0,,,,,,0,50,,average
P7957,John,Doe,1987-04-15,76,214,Unknown,light,brown,clean_shaven,R,C,,0,,,49,51,51,50,49,50,57,51,52,51,,,,,,,,,,,,47,47,43,40,49,0,0,51,45,44,,,,,,,,,,,,False,,,0,,,,,,0,50,,average
P4682,John,Doe,2001-12-20,69,185,Unknown,dark,brown,clean_shaven,R,LF,,0,,,51,49,52,50,51,53,59,51,50,51,,,,,,,,,,,,56,58,57,63,51,0,0,51,60,61,,,,,,,,,,,,False,,,0,,,,,,0,50,,balanced
P6019,John,Doe,1989-06-12,71,222,Unknown,dark,black,clean_shaven,R,RF,,0,,,49,61,51,50,48,53,56,50,50,50,,,,,,,,,,,,47,55,44,49,48,0,0,50,43,48,,,,,,,,,,,,False,,,0,,,,,,0,50,,power
P5621,John,Doe,1991-08-03,75,168,Unknown,medium,brown,goatee,R,C,,0,,,52,50,52,50,49,51,58,49,53,48,,,,,,,,,,,,52,43,48,48,49,0,0,49,50,42,,,,,,,,,,,,False,,,0,,,,,,0,50,,balanced
P1481,John,Doe,2002-06-14,75,164,Unknown,light,brown,clean_shaven,R,1B,,0,,,62,65,52,49,52,53,51,52,52,49,,,,,,,,,,,,76,79,65,56,52,0,0,52,61,62,,,,,,,,,,,,False,,,0,,,,,,0,50,,gap
P7332,John,Doe,2002-01-29,77,175,Unknown,dark,brown,clean_shaven,L,P,,1,RP,CL,,,,,55,,,,49,50,51,52,52,51,56,60,60,67,0,0,0,,,,,0,,,,58,57,62,67,60,60,66,66,75,75,0,0,0,False,,,0,,,,,,0,50,closer,
P4977,John,Doe,1989-11-28,78,186,Unknown,light,black,clean_shaven,R,P,,1,RP,SP,,,,,50,,,,51,50,52,50,53,50,51,0,62,63,0,0,0,,,,,0,,,,51,44,49,49,48,43,48,0,54,57,0,0,0,False,,,0,,,,,,0,50,power_sp,
P3468,John,Doe,2001-08-21,74,171,Unknown,light,black,clean_shaven,R,P,,1,RP,RP,,,,,54,,,,53,48,50,52,52,50,53,59,59,0,0,0,0,,,,,0,,,,60,60,63,63,56,61,61,72,73,0,0,0,0,False,,,0,,,,,,0,50,finesse_rp,
P7683,John,Doe,1993-07-22,74,184,Unknown,light,brown,beard,L,P,,1,RP,SP,,,,,50,,,,52,49,54,52,52,49,50,61,60,61,54,0,0,,,,,0,,,,49,46,48,48,50,43,40,59,59,60,54,0,0,False,,,0,,,,,,0,50,balanced_sp,
P1857,John,Doe,2000-05-02,71,178,Unknown,medium,blonde,goatee,R,P,,1,RP,SP,,,,,49,,,,50,51,53,50,52,50,51,0,63,58,0,54,0,,,,,0,,,,56,62,60,61,65,60,61,0,68,73,0,60,0,False,,,0,,,,,,0,50,power_sp,
P4609,John,Doe,1992-02-24,74,221,Unknown,dark,brown,clean_shaven,L,P,,1,RP,RP,,,,,48,,,,48,50,50,50,54,50,51,57,61,66,0,0,0,,,,,0,,,,40,44,47,48,43,44,42,54,53,62,0,0,0,False,,,0,,,,,,0,50,power_rp,
P4410,John,Doe,1996-07-12,72,201,Unknown,light,brown,clean_shaven,L,P,,1,RP,SP,,,,,51,,,,51,49,53,54,54,53,49,62,63,0,58,57,0,,,,,0,,,,53,46,58,57,48,54,51,66,66,0,59,61,0,False,,,0,,,,,,0,50,finesse_sp,
P6733,John,Doe,1993-01-21,77,214,Unknown,medium,brown,beard,L,LF,,0,,,66,54,51,53,50,48,46,50,51,53,,,,,,,,,,,,65,49,48,43,50,0,0,50,51,51,,,,,,,,,,,,False,,,0,,,,,,0,50,,spray
P4502,John,Doe,1999-07-16,71,169,Unknown,light,brown,clean_shaven,R,3B,,0,,,50,49,75,51,50,49,57,52,50,50,,,,,,,,,,,,60,62,81,57,50,0,0,52,65,58,,,,,,,,,,,,False,,,0,,,,,,0,50,,speed
P9967,John,Doe,2002-02-09,71,172,Unknown,dark,brown,goatee,R,1B,,0,,,69,51,51,52,53,47,56,51,50,50,,,,,,,,,,,,82,63,63,61,53,0,0,51,56,60,,,,,,,,,,,,False,,,0,,,,,,0,50,,spray
P2254,John,Doe,1995-08-09,68,186,Unknown,light,black,beard,L,RF,,0,,,52,50,48,50,50,52,46,49,51,51,,,,,,,,,,,,49,51,45,52,50,0,0,49,56,53,,,,,,,,,,,,False,,,0,,,,,,0,50,,average
P5067,John,Doe,2000-07-13,73,189,Unknown,dark,black,clean_shaven,R,2B,,0,,,53,47,85,53,49,52,55,49,48,51,,,,,,,,,,,,64,55,99,65,49,0,0,49,55,61,,,,,,,,,,,,False,,,0,,,,,,0,50,,elite_speed
P4247,John,Doe,1992-07-24,70,180,Unknown,dark,black,clean_shaven,R,1B,,0,,,53,62,47,52,50,51,51,49,51,48,,,,,,,,,,,,52,58,47,52,50,0,0,49,50,42,,,,,,,,,,,,False,,,0,,,,,,0,50,,power
P6190,John,Doe,1990-09-11,71,193,Unknown,dark,black,clean_shaven,L,LF,,0,,,50,53,53,52,50,49,49,52,48,52,,,,,,,,,,,,40,46,53,44,50,0,0,52,44,49,,,,,,,,,,,,False,,,0,,,,,,0,50,,balanced
P2958,John,Doe,1990-02-25,77,246,Unknown,dark,black,beard,L,3B,,0,,,49,51,49,51,49,53,52,53,51,52,,,,,,,,,,,,47,51,44,45,49,0,0,53,48,46,,,,,,,,,,,,False,,,0,,,,,,0,50,,average
P9823,John,Doe,2005-08-17,68,241,Unknown,dark,brown,clean_shaven,L,P,,1,RP,CL,,,,,55,,,,50,53,48,51,54,49,53,60,59,65,0,0,0,,,,,0,,,,77,67,72,66,77,62,69,90,70,92,0,0,0,False,,,0,,,,,,0,50,closer,
P1995,John,Doe,2004-10-27,68,208,Unknown,dark,black,mustache,R,P,,1,RP,SP,,,,,48,,,,49,48,53,51,52,49,51,60,63,0,58,0,0,,,,,0,,,,73,75,78,78,67,69,67,87,79,0,84,0,0,False,,,0,,,,,,0,50,finesse_sp,
P3263,John,Doe,2005-05-16,74,240,Unknown,dark,red,mustache,R,P,,1,RP,SP,,,,,52,,,,50,53,54,50,54,48,50,63,0,58,0,0,0,,,,,0,,,,60,81,75,84,65,63,76,78,0,87,0,0,0,False,,,0,,,,,,0,50,balanced_sp,
P3732,John,Doe,2005-08-07,75,194,Unknown,dark,brown,mustache,R,P,,1,RP,SP,,,,,51,,,,52,49,54,53,52,48,53,0,61,62,0,0,0,,,,,0,,,,80,76,74,72,72,65,82,0,81,84,0,0,0,False,,,0,,,,,,0,50,workhorse_sp,
P6965,John,Doe,2006-11-11,68,199,Unknown,dark,black,mustache,R,P,,1,RP,SP,,,,,49,,,,51,47,51,51,52,50,51,63,63,0,0,0,0,,,,,0,,,,67,73,71,67,66,78,73,74,73,0,0,0,0,False,,,0,,,,,,0,50,finesse_sp,
P7088,John,Doe,2005-12-01,78,236,Unknown,light,brown,clean_shaven,R,LF,,0,,,60,51,49,53,50,48,57,52,49,50,,,,,,,,,,,,79,69,63,80,50,0,0,52,77,78,,,,,,,,,,,,False,,,0,,,,,,0,50,,spray
P9414,John,Doe,2006-11-18,72,197,Unknown,dark,brown,clean_shaven,R,SS,,0,,,52,49,54,51,49,49,59,53,50,51,,,,,,,,,,,,79,72,77,75,49,0,0,53,64,72,,,,,,,,,,,,False,,,0,,,,,,0,50,,average
P4212,John,Doe,2007-08-08,70,243,Unknown,dark,red,clean_shaven,R,C,,0,,,51,54,52,50,51,53,57,51,52,51,,,,,,,,,,,,81,73,75,69,51,0,0,51,73,77,,,,,,,,,,,,False,,,0,,,,,,0,50,,balanced
P3250,John,Doe,2006-05-21,70,235,Unknown,medium,black,goatee,R,SS,,0,,,59,50,52,51,50,47,61,51,48,51,,,,,,,,,,,,81,68,65,70,50,0,0,51,59,71,,,,,,,,,,,,False,,,0,,,,,,0,50,,spray
P3919,John,Doe,2005-06-11,71,227,Unknown,dark,brown,clean_shaven,L,LF,,0,,,49,53,48,50,49,49,51,50,53,49,,,,,,,,,,,,59,77,61,80,49,0,0,50,78,65,,,,,,,,,,,,False,,,0,,,,,,0,50,,average
P2681,John,Doe,1998-12-20,74,182,Unknown,medium,black,beard,R,P,,1,RP,CL,,,,,55,,,,50,53,50,50,52,52,51,0,0,65,0,0,0,,,,,0,,,,65,65,56,67,62,60,64,0,0,80,0,0,0,False,,,0,,,,,,0,50,closer,
P9010,John,Doe,1989-12-04,74,220,Unknown,light,brown,beard,R,P,,1,RP,SP,,,,,52,,,,49,53,50,50,52,51,51,60,62,60,0,0,0,,,,,0,,,,47,51,50,52,42,44,42,56,59,56,0,0,0,False,,,0,,,,,,0,50,balanced_sp,
P8538,John,Doe,2002-06-04,70,176,Unknown,medium,brown,clean_shaven,L,P,,1,RP,SP,,,,,49,,,,52,48,52,50,54,52,53,60,59,62,0,0,0,,,,,0,,,,63,58,56,66,65,61,65,73,73,71,0,0,0,False,,,0,,,,,,0,50,balanced_sp,
P9549,John,Doe,2000-06-19,70,237,Unknown,dark,blonde,clean_shaven,R,P,,1,RP,RP,,,,,52,,,,51,50,50,53,54,49,53,0,60,0,0,0,0,,,,,0,,,,57,59,64,69,59,58,60,0,68,0,0,0,0,False,,,0,,,,,,0,50,power_rp,
P7605,John,Doe,1990-08-18,68,198,Unknown,medium,black,clean_shaven,R,P,,1,RP,RP,,,,,53,,,,52,53,48,50,54,49,53,0,60,64,60,0,0,,,,,0,,,,42,43,44,50,43,40,48,0,55,64,52,0,0,False,,,0,,,,,,0,50,power_rp,
P3877,John,Doe,1992-08-10,70,250,Unknown,dark,black,goatee,L,P,,1,RP,SP,,,,,50,,,,49,48,51,53,54,50,48,59,60,0,57,0,0,,,,,0,,,,44,39,48,48,47,40,46,58,54,0,51,0,0,False,,,0,,,,,,0,50,finesse_sp,
P1050,John,Doe,1995-01-12,69,184,Unknown,light,brown,goatee,R,P,,1,RP,SP,,,,,52,,,,50,52,54,51,52,51,52,61,60,0,0,55,0,,,,,0,,,,51,52,50,50,51,48,54,64,64,0,0,56,0,False,,,0,,,,,,0,50,finesse_sp,
P3040,John,Doe,1994-03-15,70,162,Unknown,dark,brown,goatee,L,P,,1,RP,RP,,,,,51,,,,52,50,49,53,53,51,50,58,0,0,0,0,0,,,,,0,,,,55,51,55,54,54,49,47,56,0,0,0,0,0,False,,,0,,,,,,0,50,finesse_rp,
P1560,John,Doe,1997-05-14,74,244,Unknown,medium,black,clean_shaven,S,P,,1,RP,CL,,,,,49,,,,52,52,50,51,52,52,51,0,60,67,0,0,0,,,,,0,,,,54,47,54,47,48,52,53,0,55,72,0,0,0,False,,,0,,,,,,0,50,closer,
P3756,John,Doe,1995-12-26,69,247,Unknown,medium,black,clean_shaven,L,P,,1,RP,SP,,,,,48,,,,51,51,51,54,53,53,52,59,59,58,56,0,0,,,,,0,,,,50,54,49,54,52,51,53,59,55,54,52,0,0,False,,,0,,,,,,0,50,finesse_sp,
P3399,John,Doe,1994-01-17,68,235,Unknown,dark,brown,clean_shaven,R,P,,1,RP,SP,,,,,54,,,,50,48,50,51,52,48,52,58,0,0,60,0,0,,,,,0,,,,48,45,50,47,43,38,48,48,0,0,55,0,0,False,,,0,,,,,,0,50,groundball_sp,
P5536,John,Doe,1988-07-04,76,220,Unknown,dark,black,beard,R,C,,0,,,51,48,49,50,51,50,55,51,49,49,,,,,,,,,,,,43,45,42,42,51,0,0,51,41,46,,,,,,,,,,,,False,,,0,,,,,,0,50,,average
P6747,John,Doe,1996-07-08,71,178,Unknown,dark,black,clean_shaven,L,1B,,0,,,55,59,50,52,52,50,43,52,53,53,,,,,,,,,,,,53,57,53,52,52,0,0,52,48,57,,,,,,,,,,,,False,,,0,,,,,,0,50,,gap
P8730,John,Doe,2003-07-10,75,213,Unknown,light,black,clean_shaven,R,2B,,0,,,55,53,51,52,48,50,54,49,53,53,,,,,,,,,,,,64,67,62,61,48,0,0,49,63,66,,,,,,,,,,,,False,,,0,,,,,,0,50,,gap
P8457,John,Doe,1991-05-03,71,237,Unknown,light,brown,mustache,R,3B,,0,,,48,60,48,49,50,53,56,52,49,52,,,,,,,,,,,,46,51,39,49,50,0,0,52,43,46,,,,,,,,,,,,False,,,0,,,,,,0,50,,power
P4512,John,Doe,1988-01-19,71,188,Unknown,dark,blonde,goatee,R,SS,,0,,,54,49,50,53,52,48,61,50,50,50,,,,,,,,,,,,49,40,50,50,52,0,0,50,40,40,,,,,,,,,,,,False,,,0,,,,,,0,50,,gap
P6737,John,Doe,1996-02-01,68,232,Unknown,dark,black,goatee,L,LF,,0,,,51,58,49,50,49,49,48,51,53,49,,,,,,,,,,,,48,56,51,52,49,0,0,51,48,51,,,,,,,,,,,,False,,,0,,,,,,0,50,,balanced
P8910,John,Doe,1990-07-02,71,213,Unknown,medium,blonde,goatee,S,CF,,0,,,54,48,71,52,53,51,49,51,50,51,,,,,,,,,,,,54,43,69,46,53,0,0,51,42,43,,,,,,,,,,,,False,,,0,,,,,,0,50,,speed
P6945,John,Doe,1994-10-15,76,226,Unknown,dark,blonde,beard,L,RF,,0,,,51,48,70,50,50,50,46,48,50,51,,,,,,,,,,,,52,53,65,51,50,0,0,48,46,53,,,,,,,,,,,,False,,,0,,,,,,0,50,,speed
P8112,John,Doe,1987-06-01,74,204,Unknown,light,brown,mustache,L,CF,,0,,,52,51,52,52,49,50,47,48,49,53,,,,,,,,,,,,47,48,51,48,49,0,0,48,42,46,,,,,,,,,,,,False,,,0,,,,,,0,50,,balanced
P2879,John,Doe,2001-01-22,76,224,Unknown,medium,black,clean_shaven,L,RF,,0,,,66,50,51,53,53,46,49,47,51,51,,,,,,,,,,,,78,61,65,62,53,0,0,47,58,56,,,,,,,,,,,,False,,,0,,,,,,0,50,,spray
P4438,John,Doe,2001-09-11,78,207,Unknown,medium,blonde,mustache,R,SS,,0,,,54,50,51,53,49,49,60,49,50,51,,,,,,,,,,,,60,58,59,64,49,0,0,49,60,64,,,,,,,,,,,,False,,,0,,,,,,0,50,,gap
P9511,John,Doe,2001-05-26,71,174,Unknown,medium,black,beard,R,2B,,0,,,50,51,50,51,49,51,56,49,49,52,,,,,,,,,,,,63,63,61,63,49,0,0,49,64,65,,,,,,,,,,,,False,,,0,,,,,,0,50,,balanced
P7377,John,Doe,1993-11-07,74,181,Unknown,dark,brown,mustache,R,2B,,0,,,61,47,52,56,51,48,56,52,49,50,,,,,,,,,,,,57,37,44,56,51,0,0,52,45,40,,,,,,,,,,,,False,,,0,,,,,,0,50,,spray
P8490,John,Doe,1992-10-06,73,189,Unknown,light,black,clean_shaven,S,RF,,0,,,51,51,50,52,49,48,52,48,51,51,,,,,,,,,,,,44,43,42,42,49,0,0,48,43,42,,,,,,,,,,,,False,,,0,,,,,,0,50,,average
P7659,John,Doe,1988-05-18,78,231,Unknown,dark,black,goatee,R,P,,1,RP,CL,,,,,55,,,,50,52,48,51,54,49,51,60,0,67,0,0,0,,,,,0,,,,40,49,51,44,46,44,49,52,0,63,0,0,0,False,,,0,,,,,,0,50,closer,
P7009,John,Doe,1987-12-23,68,177,Unknown,light,black,beard,L,P,,1,RP,RP,,,,,55,,,,49,53,50,50,52,51,50,0,0,0,60,0,0,,,,,0,,,,49,48,50,49,40,42,46,0,0,0,58,0,0,False,,,0,,,,,,0,50,groundball_rp,
P7172,John,Doe,1994-06-10,70,184,Unknown,light,brown,clean_shaven,R,P,,1,RP,SP,,,,,50,,,,49,53,51,52,52,52,54,0,64,62,0,0,0,,,,,0,,,,45,58,55,51,56,48,50,0,66,64,0,0,0,False,,,0,,,,,,0,50,power_sp,
P4205,John,Doe,1997-08-16,70,239,Unknown,light,brown,beard,R,P,,1,RP,RP,,,,,56,,,,51,49,52,50,52,51,50,0,60,0,64,0,0,,,,,0,,,,54,44,53,54,48,51,48,0,55,0,65,0,0,False,,,0,,,,,,0,50,groundball_rp,
P6033,John,Doe,2001-02-24,72,209,Unknown,light,brown,mustache,R,P,,1,RP,SP,,,,,52,,,,52,49,51,50,53,52,50,63,63,60,58,0,0,,,,,0,,,,64,59,64,59,58,64,57,75,71,69,67,0,0,False,,,0,,,,,,0,50,finesse_sp,
P5426,John,Doe,1995-10-16,71,192,Unknown,medium,red,beard,R,P,,1,RP,RP,,,,,51,,,,53,51,52,52,52,52,52,59,62,0,0,0,0,,,,,0,,,,50,49,48,52,57,53,47,61,66,0,0,0,0,False,,,0,,,,,,0,50,finesse_rp,
P8744,John,Doe,1998-02-08,69,184,Unknown,dark,blonde,mustache,R,P,,1,RP,CL,,,,,50,,,,49,54,49,53,57,50,55,57,59,66,0,0,0,,,,,0,,,,54,57,58,57,44,50,50,57,60,70,0,0,0,False,,,0,,,,,,0,50,closer,
P1755,John,Doe,1993-12-11,72,164,Unknown,light,black,clean_shaven,L,1B,,0,,,52,61,49,51,50,51,44,48,52,51,,,,,,,,,,,,50,60,49,46,50,0,0,48,43,51,,,,,,,,,,,,False,,,0,,,,,,0,50,,power
P5634,John,Doe,1991-01-26,77,185,Unknown,light,black,clean_shaven,L,LF,,0,,,53,53,51,53,52,50,49,53,52,49,,,,,,,,,,,,45,47,42,53,52,0,0,53,47,43,,,,,,,,,,,,False,,,0,,,,,,0,50,,average
P6085,John,Doe,1996-04-27,78,189,Unknown,light,black,beard,R,2B,,0,,,52,51,52,51,48,48,56,52,50,50,,,,,,,,,,,,51,54,53,51,48,0,0,52,49,54,,,,,,,,,,,,False,,,0,,,,,,0,50,,balanced
P1772,John,Doe,1993-06-10,78,166,Unknown,medium,brown,clean_shaven,R,LF,,0,,,51,55,51,50,50,48,56,52,49,51,,,,,,,,,,,,43,48,51,49,50,0,0,52,44,42,,,,,,,,,,,,False,,,0,,,,,,0,50,,balanced
P1828,John,Doe,2004-06-07,70,164,Unknown,medium,brown,clean_shaven,L,1B,,0,,,54,62,53,50,52,50,46,49,52,51,,,,,,,,,,,,71,87,77,68,52,0,0,49,78,76,,,,,,,,,,,,False,,,0,,,,,,0,50,,gap
P5211,John,Doe,1998-04-26,72,239,Unknown,light,blonde,goatee,R,3B,,0,,,49,60,50,51,49,49,56,53,52,50,,,,,,,,,,,,63,73,59,63,49,0,0,53,65,61,,,,,,,,,,,,False,,,0,,,,,,0,50,,power
P2901,John,Doe,1997-05-01,78,169,Unknown,dark,brown,clean_shaven,R,SS,,0,,,62,48,72,54,53,49,55,52,48,49,,,,,,,,,,,,62,43,72,58,53,0,0,52,46,51,,,,,,,,,,,,False,,,0,,,,,,0,50,,spray
P5618,John,Doe,1999-05-07,75,184,Unknown,dark,black,clean_shaven,L,3B,,0,,,51,57,48,50,46,49,50,49,49,50,,,,,,,,,,,,60,62,58,60,46,0,0,49,56,60,,,,,,,,,,,,False,,,0,,,,,,0,50,,power
P8560,John,Doe,2007-03-14,68,160,Unknown,medium,brown,clean_shaven,R,P,,1,RP,CL,,,,,55,,,,50,53,49,50,52,52,53,60,0,66,0,0,0,,,,,0,,,,72,83,74,78,78,77,71,78,0,92,0,0,0,False,,,0,,,,,,0,50,closer,
P7531,John,Doe,2004-07-04,75,214,Unknown,dark,blonde,beard,S,P,,1,RP,RP,,,,,50,,,,52,49,49,52,53,49,51,0,59,67,0,57,0,,,,,0,,,,76,60,65,79,64,66,81,0,78,97,0,71,0,False,,,0,,,,,,0,50,power_rp,
P8628,John,Doe,2008-02-14,76,231,Unknown,medium,brown,clean_shaven,R,P,,1,RP,SP,,,,,49,,,,50,50,51,52,52,50,50,62,59,0,0,0,0,,,,,0,,,,68,74,64,78,69,62,63,75,69,0,0,0,0,False,,,0,,,,,,0,50,balanced_sp,
P5975,John,Doe,2007-08-06,77,229,Unknown,dark,black,clean_shaven,R,P,,1,RP,SP,,,,,51,,,,50,51,53,50,52,51,55,0,63,59,0,0,0,,,,,0,,,,76,62,72,77,63,65,67,0,73,84,0,0,0,False,,,0,,,,,,0,50,power_sp,
P9975,John,Doe,2006-05-02,76,225,Unknown,dark,brown,mustache,R,P,,1,RP,RP,,,,,57,,,,50,51,48,51,54,50,52,57,0,65,63,0,0,,,,,0,,,,77,71,76,78,77,76,80,78,0,75,84,0,0,False,,,0,,,,,,0,50,groundball_rp,
P6267,John,Doe,2006-07-29,78,189,Unknown,light,black,clean_shaven,R,1B,,0,,,53,58,51,53,48,49,56,52,50,50,,,,,,,,,,,,77,70,74,83,48,0,0,52,65,77,,,,,,,,,,,,False,,,0,,,,,,0,50,,gap
P4657,John,Doe,2005-09-20,70,246,Unknown,light,red,clean_shaven,R,RF,,0,,,53,54,51,52,48,52,54,50,51,50,,,,,,,,,,,,76,66,81,75,48,0,0,50,65,63,,,,,,,,,,,,False,,,0,,,,,,0,50,,balanced
P3340,John,Doe,2006-09-17,68,185,Unknown,dark,black,clean_shaven,R,C,,0,,,53,50,91,52,51,52,56,48,53,49,,,,,,,,,,,,74,78,99,71,51,0,0,48,65,63,,,,,,,,,,,,False,,,0,,,,,,0,50,,speed
P5890,John,Doe,2006-12-06,72,182,Unknown,light,brown,beard,R,CF,SS,0,,,50,50,49,51,49,51,50,48,48,49,,,,,,,,,,,,63,69,79,78,49,0,0,48,58,72,,,,,,,,,,,,False,,,0,,,,,,0,50,,balanced
P1513,John,Doe,2006-10-13,77,186,Unknown,medium,blonde,clean_shaven,R,C,,0,,,50,49,48,49,52,50,57,53,50,51,,,,,,,,,,,,78,60,66,73,52,0,0,53,78,69,,,,,,,,,,,,False,,,0,,,,,,0,50,,average
P9867,John,Doe,1994-03-14,77,173,Unknown,medium,brown,beard,L,P,,1,RP,CL,,,,,55,,,,51,54,49,53,61,52,55,59,0,65,0,0,0,,,,,0,,,,50,54,48,57,53,48,58,64,0,65,0,0,0,False,,,0,,,,,,0,50,closer,
P9569,John,Doe,1992-02-28,75,181,Unknown,medium,black,clean_shaven,L,P,,1,RP,SP,,,,,52,,,,50,50,50,53,54,50,53,60,62,60,60,0,0,,,,,0,,,,49,43,44,49,47,50,50,60,62,59,52,0,0,False,,,0,,,,,,0,50,balanced_sp,
P2016,John,Doe,1987-06-19,75,226,Unknown,medium,brown,mustache,L,P,,1,RP,SP,,,,,49,,,,50,50,54,52,52,49,52,60,60,60,55,0,0,,,,,0,,,,40,50,49,50,50,48,47,57,58,60,49,0,0,False,,,0,,,,,,0,50,power_sp,
P1478,John,Doe,1994-07-28,72,249,Unknown,medium,black,clean_shaven,S,P,,1,RP,SP,,,,,48,,,,51,51,54,50,52,49,54,59,60,61,60,0,0,,,,,0,,,,52,53,54,55,51,46,55,58,57,58,61,0,0,False,,,0,,,,,,0,50,power_sp,
P4587,John,Doe,1994-09-29,69,194,Unknown,medium,black,clean_shaven,L,P,,1,RP,RP,,,,,57,,,,50,53,51,52,52,49,51,0,0,0,63,0,0,,,,,0,,,,46,56,54,56,46,52,52,0,0,0,62,0,0,False,,,0,,,,,,0,50,groundball_rp,
P1928,John,Doe,1991-12-13,78,223,Unknown,medium,red,clean_shaven,L,P,,1,RP,RP,,,,,54,,,,51,52,48,52,53,49,50,0,0,0,63,0,0,,,,,0,,,,42,44,49,53,40,45,40,0,0,0,63,0,0,False,,,0,,,,,,0,50,groundball_rp,
P6240,John,Doe,1996-12-17,72,229,Unknown,dark,black,clean_shaven,R,P,,1,RP,SP,,,,,52,,,,52,51,51,52,52,51,51,58,61,58,57,0,0,,,,,0,,,,51,53,55,49,56,50,52,54,66,53,61,0,0,False,,,0,,,,,,0,50,balanced_sp,
P1647,John,Doe,1999-10-11,70,239,Unknown,light,brown,clean_shaven,S,P,,1,RP,SP,,,,,49,,,,52,50,53,53,53,50,50,63,63,0,0,0,0,,,,,0,,,,58,58,68,68,67,61,62,75,75,0,0,0,0,False,,,0,,,,,,0,50,finesse_sp,
P6384,John,Doe,2003-11-25,78,172,Unknown,dark,black,clean_shaven,R,P,,1,RP,RP,,,,,52,,,,51,50,50,50,54,51,52,0,64,67,0,0,0,,,,,0,,,,62,61,56,65,63,66,63,0,75,82,0,0,0,False,,,0,,,,,,0,50,power_rp,
P4547,John,Doe,1998-12-04,73,186,Unknown,light,black,clean_shaven,R,P,,1,RP,SP,,,,,52,,,,49,49,52,52,52,49,51,60,0,61,0,0,0,,,,,0,,,,62,62,63,64,66,63,63,68,0,66,0,0,0,False,,,0,,,,,,0,50,workhorse_sp,
P5720,John,Doe,2001-02-08,78,223,Unknown,medium,brown,beard,R,P,,1,RP,SP,,,,,49,,,,51,53,52,50,52,51,52,61,63,58,0,55,0,,,,,0,,,,61,59,55,57,60,65,62,73,77,64,0,66,0,False,,,0,,,,,,0,50,balanced_sp,
P9219,John,Doe,1990-08-14,74,172,Unknown,medium,black,clean_shaven,L,C,,0,,,50,50,47,51,52,52,49,51,52,49,,,,,,,,,,,,41,41,40,50,52,0,0,51,44,47,,,,,,,,,,,,False,,,0,,,,,,0,50,,gap
P8036,John,Doe,2000-04-01,78,230,Unknown,light,red,clean_shaven,R,1B,,0,,,54,49,70,53,51,51,54,50,53,50,,,,,,,,,,,,62,54,78,66,51,0,0,50,67,64,,,,,,,,,,,,False,,,0,,,,,,0,50,,speed
P2120,John,Doe,2002-06-15,73,179,Unknown,light,brown,clean_shaven,R,2B,,0,,,58,51,49,58,52,50,56,51,50,52,,,,,,,,,,,,73,66,60,63,52,0,0,51,62,60,,,,,,,,,,,,False,,,0,,,,,,0,50,,spray
P4849,John,Doe,1987-04-21,77,168,Unknown,light,brown,beard,L,3B,,0,,,55,49,52,52,54,48,47,53,49,51,,,,,,,,,,,,53,45,51,50,54,0,0,53,48,45,,,,,,,,,,,,False,,,0,,,,,,0,50,,spray
P5473,John,Doe,1989-01-05,78,199,Unknown,light,red,beard,R,SS,,0,,,58,49,71,54,53,47,57,51,51,52,,,,,,,,,,,,51,40,70,52,53,0,0,51,48,52,,,,,,,,,,,,False,,,0,,,,,,0,50,,spray
P7381,John,Doe,1993-11-22,78,190,Unknown,medium,brown,clean_shaven,L,LF,,0,,,50,53,52,51,53,49,49,48,49,51,,,,,,,,,,,,46,44,44,41,53,0,0,48,39,50,,,,,,,,,,,,False,,,0,,,,,,0,50,,balanced
P7947,John,Doe,2002-02-09,71,204,Unknown,medium,brown,clean_shaven,L,CF,2B,0,,,52,49,51,51,50,53,42,51,52,50,,,,,,,,,,,,65,58,60,62,50,0,0,51,62,62,,,,,,,,,,,,False,,,0,,,,,,0,50,,balanced
P4556,John,Doe,1994-11-14,76,161,Unknown,light,blonde,clean_shaven,R,RF,,0,,,59,52,51,53,49,47,50,50,53,48,,,,,,,,,,,,54,53,46,52,49,0,0,50,58,50,,,,,,,,,,,,False,,,0,,,,,,0,50,,spray
P7978,John,Doe,1991-10-02,70,174,Unknown,light,black,beard,R,C,,0,,,50,51,53,49,49,53,57,48,49,50,,,,,,,,,,,,45,50,48,39,49,0,0,48,49,48,,,,,,,,,,,,False,,,0,,,,,,0,50,,balanced
P6895,John,Doe,1987-12-27,78,180,Unknown,medium,blonde,clean_shaven,L,RF,,0,,,50,53,48,50,52,48,48,47,49,49,,,,,,,,,,,,44,50,43,44,52,0,0,47,41,45,,,,,,,,,,,,False,,,0,,,,,,0,50,,average
P7994,John,Doe,1995-01-16,78,168,Unknown,light,black,clean_shaven,L,LF,,0,,,60,53,53,50,50,51,51,50,53,50,,,,,,,,,,,,64,58,51,48,50,0,0,50,55,52,,,,,,,,,,,,False,,,0,,,,,,0,50,,spray
P7245,John,Doe,1987-06-05,72,206,Unknown,medium,brown,mustache,R,C,,0,,,53,50,48,50,49,51,57,53,50,51,,,,,,,,,,,,52,46,48,45,49,0,0,53,48,45,,,,,,,,,,,,False,,,0,,,,,,0,50,,balanced
P6102,John,Doe,1994-01-31,75,165,Unknown,dark,brown,clean_shaven,R,RF,,0,,,52,51,48,51,52,51,56,53,49,50,,,,,,,,,,,,43,48,42,41,52,0,0,53,46,49,,,,,,,,,,,,False,,,0,,,,,,0,50,,average
P5278,John,Doe,1996-02-29,75,173,Unknown,dark,black,beard,R,C,,0,,,50,51,48,51,53,52,56,52,52,48,,,,,,,,,,,,55,55,44,47,53,0,0,52,48,44,,,,,,,,,,,,False,,,0,,,,,,0,50,,average
P9757,John,Doe,2000-03-23,75,214,Unknown,dark,black,beard,L,P,,1,RP,CL,,,,,55,,,,49,50,48,51,52,49,55,0,0,67,0,0,0,,,,,0,,,,64,60,60,58,58,60,69,0,0,76,0,0,0,False,,,0,,,,,,0,50,closer,
P1846,John,Doe,1990-02-01,73,219,Unknown,dark,black,beard,L,P,,1,RP,SP,,,,,49,,,,51,52,53,51,54,52,49,61,0,62,0,0,0,,,,,0,,,,51,52,47,52,49,46,46,52,0,55,0,0,0,False,,,0,,,,,,0,50,balanced_sp,
P1794,John,Doe,1988-05-23,75,173,Unknown,dark,brown,mustache,L,P,,1,RP,SP,,,,,52,,,,50,48,51,52,52,51,48,60,61,0,58,53,0,,,,,0,,,,43,41,48,45,50,50,39,53,57,0,50,48,0,False,,,0,,,,,,0,50,finesse_sp,
P5779,John,Doe,2000-03-28,72,181,Unknown,light,brown,clean_shaven,R,P,,1,RP,CL,,,,,51,,,,51,54,49,50,52,52,54,0,58,65,0,0,0,,,,,0,,,,60,63,59,61,58,62,59,0,63,73,0,0,0,False,,,0,,,,,,0,50,closer,
P8643,John,Doe,1995-08-15,78,167,Unknown,dark,black,clean_shaven,R,P,,1,RP,SP,,,,,49,,,,48,49,50,50,52,50,49,59,62,0,0,0,0,,,,,0,,,,44,47,46,52,53,46,48,61,59,0,0,0,0,False,,,0,,,,,,0,50,balanced_sp,
P3030,John,Doe,1996-09-21,72,246,Unknown,light,blonde,clean_shaven,S,P,,1,RP,CL,,,,,51,,,,48,50,52,50,52,50,52,0,0,67,0,0,0,,,,,0,,,,45,45,52,53,47,50,56,0,0,65,0,0,0,False,,,0,,,,,,0,50,closer,
P2873,John,Doe,1988-09-21,70,221,Unknown,light,blonde,clean_shaven,L,P,,1,RP,SP,,,,,52,,,,50,50,53,52,53,50,50,0,62,60,0,0,0,,,,,0,,,,42,49,48,46,43,41,42,0,60,58,0,0,0,False,,,0,,,,,,0,50,power_sp,
P2977,John,Doe,2002-11-22,75,187,Unknown,medium,black,clean_shaven,R,C,,0,,,53,53,52,50,51,51,58,49,52,51,,,,,,,,,,,,66,63,61,64,51,0,0,49,64,66,,,,,,,,,,,,False,,,0,,,,,,0,50,,balanced
P3349,John,Doe,1994-01-28,68,176,Unknown,medium,black,clean_shaven,L,1B,,0,,,56,63,53,51,49,49,48,53,53,52,,,,,,,,,,,,53,54,43,41,49,0,0,53,44,44,,,,,,,,,,,,False,,,0,,,,,,0,50,,gap
P9231,John,Doe,1997-01-11,74,240,Unknown,dark,brown,clean_shaven,R,3B,,0,,,48,49,50,50,51,49,58,52,49,50,,,,,,,,,,,,50,45,49,50,51,0,0,52,53,45,,,,,,,,,,,,False,,,0,,,,,,0,50,,balanced
P1430,John,Doe,2001-07-18,74,190,Unknown,dark,black,clean_shaven,R,2B,,0,,,56,51,51,54,51,49,56,48,51,49,,,,,,,,,,,,65,65,60,62,51,0,0,48,63,54,,,,,,,,,,,,False,,,0,,,,,,0,50,,balanced
P8709,John,Doe,2001-02-23,77,182,Unknown,dark,black,clean_shaven,R,3B,,0,,,61,52,52,52,50,51,58,48,51,50,,,,,,,,,,,,68,57,65,58,50,0,0,48,62,63,,,,,,,,,,,,False,,,0,,,,,,0,50,,spray
P3235,John,Doe,1988-06-14,73,193,Unknown,light,black,mustache,S,RF,,0,,,52,51,49,51,51,49,53,49,49,51,,,,,,,,,,,,45,42,49,49,51,0,0,49,44,50,,,,,,,,,,,,False,,,0,,,,,,0,50,,average
P3989,John,Doe,2004-12-28,68,197,Unknown,medium,brown,clean_shaven,R,1B,,0,,,53,58,50,49,47,49,55,50,49,49,,,,,,,,,,,,70,70,62,77,47,0,0,50,65,63,,,,,,,,,,,,False,,,0,,,,,,0,50,,gap
P9199,John,Doe,1992-08-02,68,193,Unknown,light,brown,goatee,R,LF,,0,,,49,59,49,51,48,54,58,49,51,49,,,,,,,,,,,,42,51,49,44,48,0,0,49,47,43,,,,,,,,,,,,False,,,0,,,,,,0,50,,power
P7749,John,Doe,2007-06-30,72,185,Unknown,dark,brown,clean_shaven,R,P,,1,RP,CL,,,,,55,,,,48,51,50,50,52,49,51,57,58,66,0,0,0,,,,,0,,,,70,71,71,68,74,64,64,76,70,93,0,0,0,False,,,0,,,,,,0,50,closer,
P6680,John,Doe,2006-07-03,72,223,Unknown,light,black,mustache,L,P,,1,RP,SP,,,,,48,,,,51,52,50,51,54,52,53,62,63,60,0,0,0,,,,,0,,,,70,66,70,75,65,66,65,79,76,82,0,0,0,False,,,0,,,,,,0,50,finesse_sp,
P7975,John,Doe,2006-10-08,77,242,Unknown,dark,brown,clean_shaven,L,P,,1,RP,SP,,,,,50,,,,51,48,54,51,53,50,50,61,64,61,59,0,0,,,,,0,,,,78,73,72,73,69,78,69,87,87,84,82,0,0,False,,,0,,,,,,0,50,finesse_sp,
P9573,John,Doe,2006-09-24,69,163,Unknown,dark,black,clean_shaven,R,P,,1,RP,SP,,,,,53,,,,49,52,52,53,54,49,51,0,62,0,59,0,0,,,,,0,,,,59,77,64,75,62,79,61,0,90,0,85,0,0,False,,,0,,,,,,0,50,groundball_sp,
P2699,John,Doe,2007-02-04,77,176,Unknown,dark,blonde,clean_shaven,R,P,,1,RP,RP,,,,,53,,,,52,49,47,51,52,51,51,60,59,0,0,58,0,,,,,0,,,,76,64,81,77,62,68,79,85,69,0,0,84,0,False,,,0,,,,,,0,50,finesse_rp,
P4698,John,Doe,2005-05-16,69,247,Unknown,dark,brown,clean_shaven,R,C,,0,,,60,51,52,52,50,49,58,50,49,51,,,,,,,,,,,,82,61,65,82,50,0,0,50,68,61,,,,,,,,,,,,False,,,0,,,,,,0,50,,spray
P6076,John,Doe,2006-03-05,72,238,Unknown,dark,brown,mustache,R,1B,,0,,,58,63,53,50,50,52,53,48,47,52,,,,,,,,,,,,83,89,64,71,50,0,0,48,59,75,,,,,,,,,,,,False,,,0,,,,,,0,50,,gap
P3893,John,Doe,2005-01-30,74,165,Unknown,dark,brown,clean_shaven,R,LF,,0,,,50,63,52,51,48,53,55,53,51,49,,,,,,,,,,,,60,74,76,71,48,0,0,53,73,79,,,,,,,,,,,,False,,,0,,,,,,0,50,,power
P2424,John,Doe,2007-01-18,72,182,Unknown,dark,brown,clean_shaven,R,3B,,0,,,48,60,49,51,47,50,59,52,50,51,,,,,,,,,,,,77,90,65,64,47,0,0,52,70,62,,,,,,,,,,,,False,,,0,,,,,,0,50,,power
P6727,John,Doe,2005-05-25,77,177,Unknown,dark,brown,clean_shaven,S,2B,,0,,,52,48,50,53,52,48,52,51,48,51,,,,,,,,,,,,73,61,78,77,52,0,0,51,62,76,,,,,,,,,,,,False,,,0,,,,,,0,50,,balanced
P9535,John,Doe,2000-03-09,69,242,Unknown,dark,blonde,clean_shaven,R,P,,1,RP,CL,,,,,55,,,,50,53,52,52,54,50,54,56,62,65,0,0,0,,,,,35,,,,60,62,59,60,63,63,66,61,72,76,0,0,0,False,,,0,,,,,,0,50,closer,
P2450,John,Doe,2002-12-06,76,246,Unknown,light,red,clean_shaven,R,P,,1,RP,SP,,,,,51,,,,48,52,53,51,52,52,51,0,63,63,0,0,0,,,,,0,,,,57,66,61,58,63,61,66,0,69,71,0,0,0,False,,,0,,,,,,0,50,power_sp,
P1505,John,Doe,1991-01-21,77,219,Unknown,medium,brown,clean_shaven,R,P,,1,RP,SP,,,,,52,,,,49,48,52,50,54,48,49,62,61,59,0,0,0,,,,,0,,,,44,43,45,45,50,38,39,60,51,52,0,0,0,False,,,0,,,,,,0,50,balanced_sp,
P6086,John,Doe,1990-11-23,71,244,Unknown,light,black,mustache,R,P,,1,RP,RP,,,,,51,,,,52,50,48,51,52,51,49,61,63,67,0,0,0,,,,,0,,,,48,40,51,46,43,46,45,52,57,59,0,0,0,False,,,0,,,,,,0,50,finesse_rp,
P1473,John,Doe,1995-02-24,68,227,Unknown,medium,red,goatee,L,P,,1,RP,CL,,,,,49,,,,52,51,50,51,52,52,52,60,0,66,0,0,0,,,,,0,,,,51,53,54,53,54,57,52,62,0,69,0,0,0,False,,,0,,,,,,0,50,closer,
P4049,John,Doe,2001-05-16,73,188,Unknown,dark,red,clean_shaven,R,P,,1,RP,SP,,,,,50,,,,51,53,52,50,54,49,52,0,59,0,61,0,0,,,,,0,,,,64,62,62,64,60,64,67,0,72,0,73,0,0,False,,,0,,,,,,0,50,groundball_sp,
P4378,John,Doe,1995-02-22,77,224,Unknown,medium,black,beard,S,P,,1,RP,SP,,,,,48,,,,51,51,54,52,52,52,53,63,59,0,0,0,0,,,,,0,,,,48,48,48,57,55,52,48,59,63,0,0,0,0,False,,,0,,,,,,0,50,finesse_sp,
P7712,John,Doe,2002-04-05,77,208,Unknown,light,black,mustache,R,P,,1,RP,SP,,,,,52,,,,49,49,50,53,54,51,50,59,62,0,0,0,0,,,,,0,,,,64,62,68,63,62,57,55,71,71,0,0,0,0,False,,,0,,,,,,0,50,finesse_sp,
P6313,John,Doe,1992-10-01,76,186,Unknown,light,brown,clean_shaven,R,P,,1,RP,SP,,,,,51,,,,49,50,50,50,52,52,50,59,63,0,57,0,0,,,,,0,,,,40,50,41,42,42,49,46,56,56,0,55,0,0,False,,,0,,,,,,0,50,finesse_sp,
P4999,John,Doe,2004-05-16,70,173,Unknown,dark,brown,mustache,L,P,RF,1,RP,RP,,,,,52,,,,49,50,52,50,53,52,53,0,62,0,0,0,0,,,,,0,,,,76,60,66,78,62,63,66,0,87,0,0,0,0,False,,,0,,,,,,0,50,finesse_rp,
P1661,John,Doe,2000-03-30,76,221,Unknown,light,black,clean_shaven,L,P,,1,RP,SP,,,,,51,,,,48,51,52,50,52,49,50,0,62,61,0,0,0,,,,,0,,,,61,63,62,66,64,60,56,0,67,76,0,0,0,False,,,0,,,,,,0,50,power_sp,
P8903,John,Doe,1996-08-09,72,170,Unknown,medium,black,clean_shaven,R,C,,0,,,53,52,48,50,50,53,57,51,49,49,,,,,,,,,,,,53,57,47,45,50,0,0,51,47,45,,,,,,,,,,,,False,,,0,,,,,,0,50,,average
P7095,John,Doe,1993-07-02,71,235,Unknown,light,brown,clean_shaven,R,1B,,0,,,53,59,54,49,50,48,56,51,52,48,,,,,,,,,,,,52,52,45,48,50,0,0,51,47,41,,,,,,,,,,,,False,,,0,,,,,,0,50,,gap
P2121,John,Doe,1987-11-14,75,181,Unknown,dark,black,mustache,R,2B,,0,,,53,51,51,51,49,50,56,52,51,52,,,,,,,,,,,,52,42,51,46,49,0,0,52,51,42,,,,,,,,,,,,False,,,0,,,,,,0,50,,balanced
P8149,John,Doe,2000-08-10,69,168,Unknown,dark,blonde,beard,R,3B,,0,,,48,54,49,50,49,49,57,48,52,51,,,,,,,,,,,,60,68,60,63,49,0,0,48,63,63,,,,,,,,,,,,False,,,0,,,,,,0,50,,power
P3199,John,Doe,1995-03-12,77,202,Unknown,light,black,mustache,R,SS,,0,,,51,52,54,49,51,51,60,49,49,51,,,,,,,,,,,,48,55,54,47,51,0,0,49,52,48,,,,,,,,,,,,False,,,0,,,,,,0,50,,balanced
P7685,John,Doe,1995-09-03,70,187,Unknown,medium,black,clean_shaven,R,LF,,0,,,49,53,50,51,52,53,59,49,50,52,,,,,,,,,,,,51,53,55,48,52,0,0,49,52,54,,,,,,,,,,,,False,,,0,,,,,,0,50,,average
P7347,John,Doe,1996-10-05,73,200,Unknown,dark,black,clean_shaven,S,CF,,0,,,50,58,48,49,50,53,51,49,50,51,,,,,,,,,,,,46,61,46,44,50,0,0,49,50,50,,,,,,,,,,,,False,,,0,,,,,,0,50,,power
P3307,John,Doe,1987-09-29,70,191,Unknown,dark,brown,clean_shaven,R,RF,,0,,,50,62,47,51,50,51,57,50,52,52,,,,,,,,,,,,45,60,47,44,50,0,0,50,47,42,,,,,,,,,,,,False,,,0,,,,,,0,50,,power
P7298,John,Doe,2003-08-12,77,202,Unknown,dark,blonde,goatee,L,SS,,0,,,52,51,85,51,52,50,51,52,49,48,,,,,,,,,,,,57,65,91,61,52,0,0,52,60,61,,,,,,,,,,,,False,,,0,,,,,,0,50,,elite_speed
P4988,John,Doe,2000-06-13,77,221,Unknown,medium,brown,beard,R,C,,0,,,64,52,53,53,52,51,59,49,53,50,,,,,,,,,,,,78,60,60,58,52,0,0,49,59,57,,,,,,,,,,,,False,,,0,,,,,,0,50,,spray
P3576,John,Doe,1990-03-14,71,185,Unknown,dark,black,clean_shaven,L,3B,,0,,,49,56,49,50,46,52,51,51,49,49,,,,,,,,,,,,48,55,41,44,46,0,0,51,44,43,,,,,,,,,,,,False,,,0,,,,,,0,50,,power
P8454,John,Doe,1995-08-06,69,228,Unknown,dark,blonde,clean_shaven,R,LF,C,0,,,50,56,49,50,50,51,59,53,52,49,,,,,,,,,,,,54,51,48,54,50,0,0,53,56,44,,,,,,,,,,,,False,,,0,,,,,,0,50,,gap
P1831,John,Doe,2003-08-17,78,232,Unknown,dark,brown,clean_shaven,S,LF,,0,,,60,50,51,52,52,49,55,49,50,50,,,,,,,,,,,,66,62,63,67,52,0,0,49,57,65,,,,,,,,,,,,False,,,0,,,,,,0,50,,spray
P6029,John,Doe,1996-04-14,70,165,Unknown,light,black,clean_shaven,R,SS,,0,,,49,53,52,50,50,51,61,49,52,50,,,,,,,,,,,,49,55,47,50,50,0,0,49,54,48,,,,,,,,,,,,False,,,0,,,,,,0,50,,balanced
P2913,John,Doe,2001-09-10,74,227,Unknown,dark,blonde,goatee,R,P,,1,RP,CL,,,,,55,,,,48,53,48,51,52,52,53,58,62,65,0,0,0,,,,,0,,,,61,58,60,66,57,61,59,63,75,77,0,0,0,False,,,0,,,,,,0,50,closer,
P1127,John,Doe,1990-09-12,74,218,Unknown,light,brown,mustache,R,P,,1,RP,SP,,,,,51,,,,48,53,51,52,53,47,51,0,61,58,0,0,0,,,,,0,,,,47,44,51,44,44,41,48,0,55,58,0,0,0,False,,,0,,,,,,0,50,power_sp,
P2834,John,Doe,1997-09-07,75,227,Unknown,dark,blonde,goatee,S,P,,1,RP,RP,,,,,50,,,,50,54,52,50,53,52,55,0,59,65,0,0,0,,,,,0,,,,52,54,52,54,48,48,52,0,59,70,0,0,0,False,,,0,,,,,,0,50,power_rp,
P3788,John,Doe,2002-03-23,69,180,Unknown,medium,brown,clean_shaven,R,P,,1,RP,SP,,,,,49,,,,48,50,51,50,53,48,53,0,64,62,0,55,0,,,,,0,,,,55,55,65,68,56,62,64,0,77,77,0,70,0,False,,,0,,,,,,0,50,power_sp,
P8293,John,Doe,1990-03-18,73,226,Unknown,light,brown,beard,R,P,,1,RP,RP,,,,,54,,,,51,50,53,51,52,49,50,57,0,0,60,0,0,,,,,0,,,,42,48,42,52,45,43,40,54,0,0,59,0,0,False,,,0,,,,,,0,50,groundball_rp,
P8695,John,Doe,1997-02-17,74,200,Unknown,light,black,beard,R,P,,1,RP,SP,,,,,50,,,,49,52,51,50,52,49,51,59,58,61,0,0,0,,,,,0,,,,44,55,52,50,56,54,54,57,62,65,0,0,0,False,,,0,,,,,,0,50,balanced_sp,
P7519,John,Doe,2001-07-30,68,245,Unknown,medium,black,beard,R,P,,1,RP,SP,,,,,51,,,,51,49,51,51,54,49,53,62,61,58,59,0,0,,,,,0,,,,56,64,59,67,63,63,60,74,72,64,65,0,0,False,,,0,,,,,,0,50,groundball_sp,
P4066,John,Doe,2003-05-11,69,192,Unknown,medium,brown,clean_shaven,R,1B,,0,,,50,62,49,51,50,54,54,49,52,51,,,,,,,,,,,,63,74,56,56,50,0,0,49,59,65,,,,,,,,,,,,False,,,0,,,,,,0,50,,power
P1170,John,Doe,1997-11-24,78,188,Unknown,medium,black,clean_shaven,R,2B,,0,,,61,49,50,54,51,47,58,51,52,52,,,,,,,,,,,,58,46,53,59,51,0,0,51,48,53,,,,,,,,,,,,False,,,0,,,,,,0,50,,spray
P3197,John,Doe,2004-01-19,74,210,Unknown,medium,black,mustache,R,RF,,0,,,53,55,48,52,51,52,50,49,47,49,,,,,,,,,,,,67,69,58,59,51,0,0,49,61,60,,,,,,,,,,,,False,,,0,,,,,,0,50,,balanced
P2226,John,Doe,1998-06-07,76,187,Unknown,light,brown,clean_shaven,R,SS,,0,,,52,50,53,51,48,47,58,49,53,49,,,,,,,,,,,,61,65,65,60,48,0,0,49,59,59,,,,,,,,,,,,False,,,0,,,,,,0,50,,gap
P3717,John,Doe,2003-06-10,68,227,Unknown,light,black,beard,R,2B,,0,,,56,50,52,55,50,50,57,52,52,52,,,,,,,,,,,,64,64,59,62,50,0,0,52,65,67,,,,,,,,,,,,False,,,0,,,,,,0,50,,spray
P7928,John,Doe,1991-03-12,72,241,Unknown,dark,black,clean_shaven,R,RF,,0,,,51,47,70,50,51,49,52,49,51,51,,,,,,,,,,,,46,45,70,47,51,0,0,49,49,50,,,,,,,,,,,,False,,,0,,,,,,0,50,,speed
P9494,John,Doe,1999-08-07,74,189,Unknown,dark,brown,beard,R,C,,0,,,57,50,53,54,53,47,55,53,50,49,,,,,,,,,,,,68,63,63,69,53,0,0,53,55,64,,,,,,,,,,,,False,,,0,,,,,,0,50,,spray
P2671,John,Doe,2004-12-31,78,249,Unknown,dark,blonde,clean_shaven,L,RF,,0,,,51,54,49,52,50,49,46,49,48,49,,,,,,,,,,,,64,81,74,72,50,0,0,49,75,68,,,,,,,,,,,,False,,,0,,,,,,0,50,,balanced
P4514,John,Doe,2004-05-19,76,210,Unknown,light,red,clean_shaven,L,P,,1,RP,CL,,,,,55,,,,51,50,51,50,52,49,54,58,58,65,0,0,0,,,,,0,,,,71,74,66,66,79,79,74,71,73,90,0,0,0,False,,,0,,,,,,0,50,closer,
P1048,John,Doe,2005-12-11,71,178,Unknown,dark,black,clean_shaven,R,P,,1,RP,CL,,,,,52,,,,53,50,48,51,52,49,53,59,0,65,0,0,0,,,,,0,,,,82,79,68,75,64,74,76,83,0,78,0,0,0,False,,,0,,,,,,0,50,closer,
P7292,John,Doe,2005-11-12,68,247,Unknown,dark,blonde,clean_shaven,L,P,,1,RP,RP,,,,,53,,,,51,52,51,50,54,49,54,0,59,65,0,0,0,,,,,0,,,,62,77,79,66,62,61,77,0,76,75,0,0,0,False,,,0,,,,,,0,50,power_rp,
P2925,John,Doe,2006-07-04,74,245,Unknown,medium,brown,clean_shaven,S,P,,1,RP,SP,,,,,48,,,,48,51,52,54,52,52,52,62,62,58,0,0,0,,,,,0,,,,72,64,73,65,80,71,65,81,86,74,0,0,0,False,,,0,,,,,,0,50,finesse_sp,
P9892,John,Doe,2007-03-11,69,191,Unknown,medium,red,beard,R,P,,1,RP,SP,,,,,49,,,,51,52,51,52,53,51,53,58,60,61,0,0,0,,,,,0,,,,69,77,71,77,67,62,63,87,74,76,0,0,0,False,,,0,,,,,,0,50,power_sp,
P2530,John,Doe,2004-10-08,72,199,Unknown,dark,blonde,mustache,L,CF,,0,,,54,48,49,51,50,50,48,53,48,50,,,,,,,,,,,,83,60,71,69,50,0,0,53,61,66,,,,,,,,,,,,False,,,0,,,,,,0,50,,average
P8423,John,Doe,2007-10-15,76,216,Unknown,dark,brown,clean_shaven,R,CF,,0,,,56,49,53,49,50,49,57,51,52,51,,,,,,,,,,,,82,66,77,76,50,0,0,51,71,67,,,,,,,,,,,,False,,,0,,,,,,0,50,,spray
P4800,John,Doe,2005-09-22,74,219,Unknown,dark,brown,clean_shaven,L,1B,,0,,,53,60,49,52,48,51,50,49,50,49,,,,,,,,,,,,73,70,62,73,48,0,0,49,66,62,,,,,,,,,,,,False,,,0,,,,,,0,50,,balanced
P2536,John,Doe,2007-08-21,77,227,Unknown,dark,brown,mustache,R,C,,0,,,54,52,52,50,49,50,56,52,51,50,,,,,,,,,,,,74,71,65,65,49,0,0,52,61,73,,,,,,,,,,,,False,,,0,,,,,,0,50,,balanced
P3514,John,Doe,2005-09-05,70,230,Unknown,medium,black,clean_shaven,S,C,,0,,,49,49,52,50,50,51,53,51,52,50,,,,,,,,,,,,78,64,79,73,50,0,0,51,81,72,,,,,,,,,,,,False,,,0,,,,,,0,50,,average
P3599,John,Doe,2000-02-05,69,164,Unknown,medium,black,clean_shaven,S,P,,1,RP,CL,,,,,55,,,,51,51,48,50,52,50,55,56,0,66,0,0,0,,,,,0,,,,62,64,56,58,53,57,60,66,0,81,0,0,0,False,,,0,,,,,,0,50,closer,
P6706,John,Doe,1991-05-17,76,225,Unknown,light,brown,clean_shaven,L,P,,1,RP,SP,,,,,51,,,,48,50,50,52,52,51,53,0,62,62,0,0,0,,,,,0,,,,43,48,44,51,46,45,46,0,61,59,0,0,0,False,,,0,,,,,,0,50,balanced_sp,
P1983,John,Doe,1989-03-31,76,191,Unknown,light,black,mustache,L,P,,1,RP,SP,,,,,50,,,,51,51,54,53,54,52,51,62,61,58,0,54,0,,,,,0,,,,46,51,46,51,45,42,50,57,60,58,0,44,0,False,,,0,,,,,,0,50,finesse_sp,
P5935,John,Doe,1996-11-11,77,218,Unknown,medium,black,beard,L,P,,1,RP,SP,,,,,51,,,,49,52,54,50,52,50,54,60,63,60,58,0,0,,,,,0,,,,49,49,50,52,57,46,53,61,62,57,57,0,0,False,,,0,,,,,,0,50,balanced_sp,
P6144,John,Doe,1987-06-11,74,217,Unknown,light,brown,beard,L,P,,1,RP,RP,,,,,53,,,,50,53,49,50,54,50,50,59,0,0,0,0,0,,,,,0,,,,40,48,50,46,44,47,47,49,0,0,0,0,0,False,,,0,,,,,,0,50,finesse_rp,
P8565,John,Doe,1999-07-20,74,248,Unknown,dark,blonde,clean_shaven,L,P,,1,RP,SP,,,,,51,,,,50,51,50,50,53,50,53,0,60,60,0,0,0,,,,,0,,,,63,58,64,62,58,57,63,0,71,71,0,0,0,False,,,0,,,,,,0,50,power_sp,
P4504,John,Doe,2003-10-12,70,160,Unknown,medium,black,mustache,S,P,,1,RP,RP,,,,,52,,,,51,48,51,51,52,51,51,60,62,0,0,0,0,,,,,0,,,,59,58,64,67,58,59,58,73,77,0,0,0,0,False,,,0,,,,,,0,50,finesse_rp,
P6639,John,Doe,1994-08-11,74,174,Unknown,medium,black,clean_shaven,R,P,,1,RP,SP,,,,,49,,,,50,53,50,50,52,49,53,0,61,60,0,0,0,,,,,0,,,,52,54,46,54,51,47,50,0,64,64,0,0,0,False,,,0,,,,,,0,50,balanced_sp,
P1260,John,Doe,1998-10-31,70,245,Unknown,dark,black,clean_shaven,R,P,,1,RP,SP,,,,,51,,,,52,51,52,50,53,48,52,59,60,63,0,0,0,,,,,0,,,,67,63,60,61,58,58,64,74,67,77,0,0,0,False,,,0,,,,,,0,50,balanced_sp,
P5927,John,Doe,2003-05-17,75,248,Unknown,medium,blonde,goatee,R,P,,1,RP,LR,,,,,50,,,,53,53,51,50,52,51,51,58,61,65,0,0,0,,,,,0,,,,60,65,58,58,65,66,60,72,72,73,0,0,0,False,,,0,,,,,,0,50,long_relief,
P4697,John,Doe,1993-09-07,72,227,Unknown,medium,black,clean_shaven,S,P,,1,RP,SP,,,,,51,,,,49,49,51,53,52,51,49,0,0,57,58,0,0,,,,,0,,,,47,40,47,44,41,41,39,0,0,54,58,0,0,False,,,0,,,,,,0,50,groundball_sp,
P9184,John,Doe,1999-10-01,77,185,Unknown,medium,black,clean_shaven,R,C,,0,,,51,63,50,51,51,51,58,52,50,53,,,,,,,,,,,,56,71,64,59,51,0,0,52,63,66,,,,,,,,,,,,False,,,0,,,,,,0,50,,power
P5188,John,Doe,1994-07-10,70,207,Unknown,light,blonde,beard,L,1B,,0,,,53,49,76,52,51,49,42,48,50,50,,,,,,,,,,,,53,46,79,56,51,0,0,48,52,51,,,,,,,,,,,,False,,,0,,,,,,0,50,,speed
P6064,John,Doe,1992-09-20,76,249,Unknown,medium,brown,goatee,S,2B,,0,,,70,64,52,56,48,47,51,49,49,50,,,,,,,,,,,,62,64,45,55,48,0,0,49,40,41,,,,,,,,,,,,False,,,0,,,,,,0,50,,gap
P9188,John,Doe,2000-05-24,70,163,Unknown,dark,blonde,clean_shaven,L,3B,,0,,,49,56,50,49,47,50,48,53,52,49,,,,,,,,,,,,57,62,62,58,47,0,0,53,62,61,,,,,,,,,,,,False,,,0,,,,,,0,50,,power
P1454,John,Doe,1991-04-18,77,248,Unknown,light,black,beard,R,SS,,0,,,53,50,87,52,53,48,57,51,50,53,,,,,,,,,,,,45,47,86,52,53,0,0,51,47,53,,,,,,,,,,,,False,,,0,,,,,,0,50,,speed
P7466,John,Doe,1989-05-08,72,211,Unknown,medium,blonde,beard,R,LF,RF,0,,,51,61,48,52,50,51,56,51,51,51,,,,,,,,,,,,42,54,40,52,50,0,0,51,49,48,,,,,,,,,,,,False,,,0,,,,,,0,50,,power
P7026,John,Doe,1995-12-06,68,181,Unknown,dark,brown,clean_shaven,L,CF,,0,,,52,51,52,50,49,50,45,50,49,48,,,,,,,,,,,,47,56,49,55,49,0,0,50,53,52,,,,,,,,,,,,False,,,0,,,,,,0,50,,average
P8963,John,Doe,2002-11-23,74,240,Unknown,dark,blonde,clean_shaven,L,RF,,0,,,50,51,52,51,50,52,48,49,49,53,,,,,,,,,,,,63,64,59,65,50,0,0,49,63,58,,,,,,,,,,,,False,,,0,,,,,,0,50,,gap
P8839,John,Doe,1997-04-08,71,177,Unknown,light,brown,clean_shaven,L,LF,,0,,,51,59,50,52,51,52,47,52,53,51,,,,,,,,,,,,51,59,45,57,51,0,0,52,54,50,,,,,,,,,,,,False,,,0,,,,,,0,50,,gap
P5206,John,Doe,1989-04-07,76,222,Unknown,light,brown,goatee,R,SS,,0,,,51,51,72,49,49,48,60,49,49,50,,,,,,,,,,,,46,41,72,41,49,0,0,49,42,48,,,,,,,,,,,,False,,,0,,,,,,0,50,,speed
P6340,John,Doe,1989-11-22,69,238,Unknown,medium,brown,clean_shaven,R,SS,,0,,,50,50,52,49,53,50,61,51,51,48,,,,,,,,,,,,50,49,52,43,53,0,0,51,51,47,,,,,,,,,,,,False,,,0,,,,,,0,50,,average
P1364,John,Doe,1998-03-06,76,196,Unknown,light,blonde,clean_shaven,L,RF,,0,,,49,57,48,50,50,53,47,51,51,52,,,,,,,,,,,,62,71,62,60,50,0,0,51,60,66,,,,,,,,,,,,False,,,0,,,,,,0,50,,power
P9545,John,Doe,2003-07-20,76,210,Unknown,light,black,clean_shaven,R,SS,,0,,,51,51,53,50,50,50,61,48,49,48,,,,,,,,,,,,60,61,58,62,50,0,0,48,57,62,,,,,,,,,,,,False,,,0,,,,,,0,50,,gap
P6739,John,Doe,1987-11-21,77,237,Unknown,light,brown,beard,L,SS,,0,,,49,46,76,51,53,50,50,49,49,51,,,,,,,,,,,,43,44,73,48,53,0,0,49,45,47,,,,,,,,,,,,False,,,0,,,,,,0,50,,speed
P2592,John,Doe,1987-05-30,72,228,Unknown,light,red,beard,L,P,,1,RP,CL,,,,,55,,,,49,53,51,52,52,51,55,57,62,65,0,0,0,,,,,0,,,,41,48,47,43,45,41,55,57,62,57,0,0,0,False,,,0,,,,,,0,50,closer,
P6011,John,Doe,1996-12-23,68,227,Unknown,dark,brown,clean_shaven,L,P,,1,RP,SP,,,,,48,,,,50,47,50,52,52,50,50,60,61,0,0,0,0,,,,,0,,,,48,46,47,50,54,55,54,62,56,0,0,0,0,False,,,0,,,,,,0,50,finesse_sp,
P7825,John,Doe,1987-08-10,70,222,Unknown,light,blonde,clean_shaven,S,P,,1,RP,CL,,,,,53,,,,52,50,48,52,52,53,53,0,0,66,0,0,0,,,,,0,,,,50,46,52,43,48,48,49,0,0,57,0,0,0,False,,,0,,,,,,0,50,closer,
P3288,John,Doe,1998-11-17,76,173,Unknown,dark,brown,clean_shaven,S,P,,1,RP,SP,,,,,50,,,,48,54,52,50,52,51,53,59,59,60,0,0,0,,,,,0,,,,60,62,60,67,65,60,62,71,64,74,0,0,0,False,,,0,,,,,,0,50,power_sp,
P2455,John,Doe,2004-09-19,70,235,Unknown,medium,brown,clean_shaven,R,P,,1,RP,RP,,,,,57,,,,51,49,52,52,52,52,49,0,0,0,60,0,0,,,,,0,,,,74,64,81,70,75,80,71,0,0,0,85,0,0,False,,,0,,,,,,0,50,groundball_rp,
P2392,John,Doe,1995-09-15,78,250,Unknown,medium,brown,clean_shaven,R,P,,1,RP,RP,,,,,54,,,,48,52,50,53,52,49,53,0,58,66,60,0,0,,,,,0,,,,46,48,49,49,46,45,51,0,59,64,59,0,0,False,,,0,,,,,,0,50,groundball_rp,
P3781,John,Doe,1996-07-25,68,204,Unknown,medium,black,clean_shaven,S,P,RF,1,RP,SP,,,,,49,,,,49,49,54,54,52,52,49,59,61,59,0,58,0,,,,,0,,,,50,51,58,55,57,50,52,62,64,56,0,58,0,False,,,0,,,,,,0,50,finesse_sp,
P6252,John,Doe,2001-09-14,70,226,Unknown,dark,brown,goatee,S,1B,,0,,,49,60,52,50,47,54,52,48,52,50,,,,,,,,,,,,57,73,60,64,47,0,0,48,67,63,,,,,,,,,,,,False,,,0,,,,,,0,50,,power
P4828,John,Doe,1998-04-26,71,173,Unknown,light,blonde,beard,S,1B,,0,,,51,61,51,52,48,52,47,50,52,48,,,,,,,,,,,,64,66,58,61,48,0,0,50,58,56,,,,,,,,,,,,False,,,0,,,,,,0,50,,power
P9174,John,Doe,1999-10-15,74,235,Unknown,light,black,clean_shaven,L,3B,,0,,,57,51,50,50,53,50,48,49,52,51,,,,,,,,,,,,70,66,61,57,53,0,0,49,65,57,,,,,,,,,,,,False,,,0,,,,,,0,50,,spray
P3404,John,Doe,2001-11-19,68,178,Unknown,dark,brown,beard,S,3B,,0,,,54,53,52,50,50,48,54,52,51,52,,,,,,,,,,,,65,58,64,62,50,0,0,52,64,65,,,,,,,,,,,,False,,,0,,,,,,0,50,,gap
P3613,John,Doe,1999-03-31,71,186,Unknown,light,brown,clean_shaven,R,C,,0,,,50,54,48,50,53,52,55,52,51,53,,,,,,,,,,,,57,60,55,63,53,0,0,52,63,65,,,,,,,,,,,,False,,,0,,,,,,0,50,,average
P5705,John,Doe,1989-03-12,73,224,Unknown,light,blonde,mustache,R,2B,,0,,,53,48,70,54,52,47,56,51,49,53,,,,,,,,,,,,52,46,67,47,52,0,0,51,41,52,,,,,,,,,,,,False,,,0,,,,,,0,50,,speed
P6790,John,Doe,2002-11-13,70,238,Unknown,light,blonde,clean_shaven,R,C,,0,,,50,53,52,52,49,51,58,52,51,51,,,,,,,,,,,,64,61,67,61,49,0,0,52,60,58,,,,,,,,,,,,False,,,0,,,,,,0,50,,balanced
P4355,John,Doe,1996-06-12,75,176,Unknown,dark,brown,mustache,R,1B,,0,,,51,56,50,49,52,52,51,49,48,48,,,,,,,,,,,,52,61,51,45,52,0,0,49,45,52,,,,,,,,,,,,False,,,0,,,,,,0,50,,balanced
P4358,John,Doe,2007-03-12,76,179,Unknown,light,black,clean_shaven,L,P,,1,RP,CL,,,,,55,,,,49,51,50,53,55,51,51,0,0,65,0,0,0,,,,,0,,,,78,80,73,82,74,75,71,0,0,86,0,0,0,False,,,0,,,,,,0,50,closer,
P8382,John,Doe,2006-01-19,69,221,Unknown,light,brown,mustache,S,P,,1,RP,RP,,,,,53,,,,52,49,49,52,54,51,53,62,59,65,0,0,0,,,,,0,,,,71,74,80,69,64,66,67,89,87,82,0,0,0,False,,,0,,,,,,0,50,finesse_rp,
P5569,John,Doe,2007-11-17,70,160,Unknown,dark,brown,clean_shaven,R,P,,1,RP,SP,,,,,50,,,,51,50,54,50,54,50,53,61,60,62,0,0,0,,,,,0,,,,71,74,62,83,75,61,80,81,77,83,0,0,0,False,,,0,,,,,,0,50,balanced_sp,
P8818,John,Doe,2007-12-01,77,171,Unknown,light,brown,clean_shaven,R,P,,1,RP,RP,,,,,51,,,,49,48,51,51,52,52,52,60,58,0,0,0,0,,,,,0,,,,75,68,79,80,62,65,81,87,85,0,0,0,0,False,,,0,,,,,,0,50,finesse_rp,
P5311,John,Doe,2004-05-02,72,182,Unknown,medium,black,beard,R,P,,1,RP,SP,,,,,48,,,,50,54,54,50,54,49,52,0,62,61,0,55,0,,,,,0,,,,61,79,63,80,77,72,80,0,79,82,0,79,0,False,,,0,,,,,,0,50,power_sp,
P5500,John,Doe,2005-11-26,72,168,Unknown,medium,black,goatee,R,2B,,0,,,54,47,70,53,51,51,59,53,52,49,,,,,,,,,,,,76,73,97,82,51,0,0,53,82,65,,,,,,,,,,,,False,,,0,,,,,,0,50,,speed
P4953,John,Doe,2005-07-05,76,178,Unknown,dark,black,clean_shaven,R,C,,0,,,51,50,51,51,51,52,57,52,49,51,,,,,,,,,,,,76,69,76,73,51,0,0,52,71,70,,,,,,,,,,,,False,,,0,,,,,,0,50,,average
P2625,John,Doe,2004-03-19,69,176,Unknown,dark,black,clean_shaven,R,RF,,0,,,50,49,85,51,53,47,55,49,50,50,,,,,,,,,,,,70,67,96,64,53,0,0,49,74,78,,,,,,,,,,,,False,,,0,,,,,,0,50,,elite_speed
P5057,John,Doe,2006-06-09,78,204,Unknown,medium,blonde,clean_shaven,R,RF,,0,,,52,63,48,52,48,50,52,49,51,51,,,,,,,,,,,,74,77,64,74,48,0,0,49,78,78,,,,,,,,,,,,False,,,0,,,,,,0,50,,power
P7228,John,Doe,2007-03-19,68,243,Unknown,light,blonde,clean_shaven,R,2B,,0,,,50,51,52,51,50,48,54,48,48,51,,,,,,,,,,,,62,69,79,64,50,0,0,48,59,63,,,,,,,,,,,,False,,,0,,,,,,0,50,,average
P6459,John,Doe,1995-11-04,73,189,Unknown,light,black,goatee,R,P,,1,RP,CL,,,,,55,,,,50,52,52,51,52,50,55,60,0,65,0,0,0,,,,,0,,,,50,54,55,47,51,55,59,61,0,62,0,0,0,False,,,0,,,,,,0,50,closer,
P3763,John,Doe,1995-01-04,78,222,Unknown,medium,brown,beard,R,P,,1,RP,SP,,,,,54,,,,49,51,54,50,52,50,51,0,61,0,62,0,0,,,,,0,,,,52,54,51,50,54,49,52,0,63,0,65,0,0,False,,,0,,,,,,0,50,groundball_sp,
P7553,John,Doe,2000-01-18,72,170,Unknown,light,blonde,mustache,R,P,,1,RP,RP,,,,,48,,,,50,49,50,51,52,49,52,0,62,67,0,0,0,,,,,0,,,,63,55,66,57,55,58,57,0,76,79,0,0,0,False,,,0,,,,,,0,50,power_rp,
P8543,John,Doe,2000-07-08,70,166,Unknown,medium,black,goatee,L,P,,1,RP,SP,,,,,52,,,,49,50,52,52,54,51,53,0,0,58,58,0,0,,,,,0,,,,62,65,60,68,66,57,67,0,0,65,64,0,0,False,,,0,,,,,,0,50,groundball_sp,
P7250,John,Doe,1987-11-07,76,180,Unknown,light,brown,clean_shaven,R,P,,1,RP,LR,,,,,51,,,,48,53,52,50,54,53,49,0,59,64,0,0,0,,,,,0,,,,40,44,42,48,42,52,47,0,57,57,0,0,0,False,,,0,,,,,,0,50,long_relief,
P5899,John,Doe,1995-07-10,75,214,Unknown,light,black,beard,R,P,,1,RP,SP,,,,,52,,,,50,50,51,50,52,52,50,58,60,0,0,0,0,,,,,0,,,,54,55,48,57,48,48,52,55,59,0,0,0,0,False,,,0,,,,,,0,50,balanced_sp,
P5642,John,Doe,1987-03-06,75,175,Unknown,light,red,beard,R,P,,1,RP,RP,,,,,57,,,,49,51,49,53,53,50,50,55,0,65,63,0,0,,,,,0,,,,47,47,47,53,45,40,47,49,0,58,54,0,0,False,,,0,,,,,,0,50,groundball_rp,
P9868,John,Doe,1999-11-29,70,234,Unknown,medium,brown,clean_shaven,L,P,,1,RP,SP,,,,,49,,,,48,52,52,51,52,52,52,61,62,60,0,57,0,,,,,0,,,,53,59,57,64,63,63,58,69,67,68,0,66,0,False,,,0,,,,,,0,50,workhorse_sp,
P4675,John,Doe,1998-03-17,70,246,Unknown,light,brown,beard,L,P,,1,RP,RP,,,,,51,,,,48,53,49,50,53,51,52,59,61,66,0,0,0,,,,,0,,,,62,59,59,63,63,64,58,67,75,76,0,0,0,False,,,0,,,,,,0,50,power_rp,
P6488,John,Doe,2003-05-20,69,202,Unknown,dark,brown,clean_shaven,R,P,,1,RP,RP,,,,,50,,,,50,53,50,51,52,52,52,0,63,65,59,0,0,,,,,0,,,,61,64,58,60,64,61,65,0,76,74,71,0,0,False,,,0,,,,,,0,50,power_rp,
P9642,John,Doe,1993-08-03,71,183,Unknown,light,black,mustache,R,P,,1,RP,SP,,,,,48,,,,50,49,52,52,52,51,52,63,60,62,59,0,0,,,,,0,,,,44,45,48,42,48,44,47,57,50,58,50,0,0,False,,,0,,,,,,0,50,workhorse_sp,
P3945,John,Doe,1992-05-20,71,222,Unknown,dark,brown,clean_shaven,R,C,,0,,,52,58,49,51,49,50,59,52,52,48,,,,,,,,,,,,43,48,41,49,49,0,0,52,49,48,,,,,,,,,,,,False,,,0,,,,,,0,50,,power
P2547,John,Doe,2003-11-25,75,200,Unknown,light,black,clean_shaven,S,1B,,0,,,49,54,51,50,51,51,53,53,48,50,,,,,,,,,,,,57,61,64,61,51,0,0,53,59,62,,,,,,,,,,,,False,,,0,,,,,,0,50,,balanced
P4087,John,Doe,1998-04-23,74,173,Unknown,light,black,beard,L,2B,,0,,,55,48,52,53,53,49,52,49,50,49,,,,,,,,,,,,68,58,60,62,53,0,0,49,56,62,,,,,,,,,,,,False,,,0,,,,,,0,50,,spray
P5563,John,Doe,1993-03-01,76,212,Unknown,light,blonde,beard,R,3B,,0,,,60,51,52,50,48,49,57,52,48,52,,,,,,,,,,,,60,45,49,47,48,0,0,52,42,48,,,,,,,,,,,,False,,,0,,,,,,0,50,,spray
P1489,John,Doe,1999-01-12,70,162,Unknown,light,black,clean_shaven,R,SS,,0,,,50,49,52,50,50,52,55,52,50,50,,,,,,,,,,,,63,58,57,63,50,0,0,52,65,58,,,,,,,,,,,,False,,,0,,,,,,0,50,,average
P5897,John,Doe,1988-07-20,73,174,Unknown,light,brown,clean_shaven,R,LF,,0,,,58,52,49,53,53,50,57,49,49,52,,,,,,,,,,,,50,51,40,43,53,0,0,49,48,42,,,,,,,,,,,,False,,,0,,,,,,0,50,,spray
P2838,John,Doe,1991-03-04,71,183,Unknown,light,blonde,clean_shaven,L,CF,,0,,,51,51,70,50,51,52,42,51,48,51,,,,,,,,,,,,42,44,66,45,51,0,0,51,43,41,,,,,,,,,,,,False,,,0,,,,,,0,50,,speed
P6500,John,Doe,2002-09-26,73,230,Unknown,light,black,beard,L,RF,LF,0,,,50,58,49,50,51,51,48,52,48,50,,,,,,,,,,,,61,66,63,60,51,0,0,52,63,57,,,,,,,,,,,,False,,,0,,,,,,0,50,,power
P2206,John,Doe,2003-10-02,68,161,Unknown,medium,black,goatee,L,RF,,0,,,50,50,86,50,49,50,49,49,50,50,,,,,,,,,,,,65,60,93,60,49,0,0,49,58,58,,,,,,,,,,,,False,,,0,,,,,,0,50,,elite_speed
P5508,John,Doe,1987-11-17,74,236,Unknown,dark,black,clean_shaven,R,3B,,0,,,60,49,50,53,49,50,56,49,51,50,,,,,,,,,,,,54,41,41,49,49,0,0,49,47,43,,,,,,,,,,,,False,,,0,,,,,,0,50,,spray
P8373,John,Doe,1992-06-12,74,244,Unknown,medium,black,clean_shaven,R,C,,0,,,52,53,50,51,50,49,56,51,52,53,,,,,,,,,,,,43,50,43,48,50,0,0,51,45,48,,,,,,,,,,,,False,,,0,,,,,,0,50,,average
P9688,John,Doe,1988-04-06,78,230,Unknown,light,black,clean_shaven,R,LF,,0,,,50,61,47,49,48,49,56,53,48,51,,,,,,,,,,,,43,52,40,39,48,0,0,53,43,43,,,,,,,,,,,,False,,,0,,,,,,0,50,,power
P6348,John,Doe,1987-03-12,69,237,Unknown,medium,black,mustache,R,2B,,0,,,50,49,49,52,52,53,57,52,52,51,,,,,,,,,,,,44,41,46,51,52,0,0,52,43,46,,,,,,,,,,,,False,,,0,,,,,,0,50,,balanced
P7580,John,Doe,1997-10-18,72,178,Unknown,light,blonde,clean_shaven,R,SS,,0,,,49,57,53,49,51,50,57,53,50,50,,,,,,,,,,,,51,59,54,51,51,0,0,53,53,51,,,,,,,,,,,,False,,,0,,,,,,0,50,,power
P5279,John,Doe,1997-06-17,71,172,Unknown,medium,brown,clean_shaven,L,P,,1,RP,CL,,,,,55,,,,50,51,49,53,57,51,55,0,0,65,0,0,0,,,,,0,,,,47,54,48,59,49,55,57,0,0,62,0,0,0,False,,,0,,,,,,0,50,closer,
P6926,John,Doe,2001-07-04,75,176,Unknown,medium,blonde,clean_shaven,S,P,,1,RP,SP,,,,,51,,,,52,51,53,51,52,50,51,62,0,62,0,0,0,,,,,0,,,,65,57,56,64,63,59,65,77,0,77,0,0,0,False,,,0,,,,,,0,50,workhorse_sp,
P9504,John,Doe,1998-08-16,76,241,Unknown,dark,black,clean_shaven,L,P,,1,RP,SP,,,,,52,,,,50,51,51,51,52,52,52,60,61,59,0,54,0,,,,,0,,,,57,57,58,66,62,59,57,70,73,65,0,69,0,False,,,0,,,,,,0,50,workhorse_sp,
P2577,John,Doe,2004-06-23,68,160,Unknown,light,black,clean_shaven,R,P,,1,RP,SP,,,,,49,,,,50,51,54,51,52,52,52,62,59,61,0,0,0,,,,,0,,,,77,72,75,64,83,74,79,78,81,74,0,0,0,False,,,0,,,,,,0,50,balanced_sp,
P8719,John,Doe,2001-10-16,69,207,Unknown,light,black,clean_shaven,R,P,,1,RP,RP,,,,,52,,,,52,53,49,50,52,52,54,0,59,0,0,0,0,,,,,0,,,,57,68,62,60,64,58,68,0,64,0,0,0,0,False,,,0,,,,,,0,50,power_rp,
P9754,John,Doe,1987-11-05,75,201,Unknown,light,black,beard,R,P,,1,RP,SP,,,,,52,,,,48,51,50,53,52,52,50,0,61,61,0,0,0,,,,,0,,,,44,49,46,51,50,47,45,0,56,53,0,0,0,False,,,0,,,,,,0,50,balanced_sp,
P7265,John,Doe,2004-06-06,76,232,Unknown,dark,black,mustache,R,P,LF,1,RP,SP,,,,,50,,,,52,51,53,52,52,48,51,58,63,58,0,0,0,,,,,0,,,,67,70,69,79,73,58,66,74,87,84,0,0,0,False,,,0,,,,,,0,50,balanced_sp,
P4915,John,Doe,2000-01-16,72,248,Unknown,dark,brown,clean_shaven,R,SS,,0,,,49,53,53,48,48,51,60,51,49,49,,,,,,,,,,,,59,58,62,62,48,0,0,51,63,64,,,,,,,,,,,,False,,,0,,,,,,0,50,,balanced
P7148,John,Doe,1994-04-10,70,239,Unknown,medium,brown,clean_shaven,R,C,,0,,,61,53,51,53,49,47,56,51,53,53,,,,,,,,,,,,61,55,52,57,49,0,0,51,57,58,,,,,,,,,,,,False,,,0,,,,,,0,50,,spray
P6535,John,Doe,1990-06-10,73,181,Unknown,dark,black,beard,L,LF,,0,,,50,49,93,51,52,47,51,49,49,49,,,,,,,,,,,,42,47,92,41,52,0,0,49,41,46,,,,,,,,,,,,False,,,0,,,,,,0,50,,elite_speed
P4625,John,Doe,1995-08-19,73,247,Unknown,light,brown,beard,R,SS,,0,,,50,50,50,49,50,47,57,52,52,47,,,,,,,,,,,,46,51,48,49,50,0,0,52,53,44,,,,,,,,,,,,False,,,0,,,,,,0,50,,balanced
P1697,John,Doe,1990-09-13,77,218,Unknown,light,brown,clean_shaven,L,1B,,0,,,50,53,54,51,49,51,50,52,50,49,,,,,,,,,,,,42,48,44,43,49,0,0,52,49,45,,,,,,,,,,,,False,,,0,,,,,,0,50,,balanced
P3163,John,Doe,1990-08-22,71,245,Unknown,dark,black,mustache,L,LF,,0,,,50,60,48,51,47,54,52,51,51,53,,,,,,,,,,,,41,58,44,42,47,0,0,51,51,48,,,,,,,,,,,,False,,,0,,,,,,0,50,,power
P8082,John,Doe,2003-06-30,77,203,Unknown,medium,black,clean_shaven,L,RF,,0,,,53,49,72,50,52,49,46,50,49,50,,,,,,,,,,,,67,55,79,64,52,0,0,50,63,61,,,,,,,,,,,,False,,,0,,,,,,0,50,,speed
P6014,John,Doe,1993-04-20,78,169,Unknown,dark,brown,mustache,R,1B,,0,,,49,60,52,50,50,53,56,51,52,48,,,,,,,,,,,,48,60,44,45,50,0,0,51,46,43,,,,,,,,,,,,False,,,0,,,,,,0,50,,power
P1910,John,Doe,2005-07-04,70,231,Unknown,light,black,clean_shaven,L,P,,1,RP,CL,,,,,55,,,,53,54,51,50,52,52,52,58,61,66,0,0,0,,,,,0,,,,78,83,66,67,73,69,63,72,74,86,0,0,0,False,,,0,,,,,,0,50,closer,
P4028,John,Doe,2007-09-16,68,231,Unknown,light,black,clean_shaven,S,P,,1,RP,SP,,,,,49,,,,51,50,50,53,52,48,50,59,60,0,0,0,0,,,,,0,,,,72,76,82,63,79,59,60,73,77,0,0,0,0,False,,,0,,,,,,0,50,finesse_sp,
P5046,John,Doe,2005-07-26,75,186,Unknown,dark,black,clean_shaven,R,P,,1,RP,CL,,,,,48,,,,50,50,49,51,52,52,54,0,0,66,0,0,0,,,,,0,,,,66,77,76,78,62,81,66,0,0,96,0,0,0,False,,,0,,,,,,0,50,closer,
P6633,John,Doe,2004-11-05,72,170,Unknown,dark,brown,clean_shaven,L,P,,1,RP,SP,,,,,52,,,,50,50,54,50,52,50,52,60,60,0,0,0,0,,,,,0,,,,60,75,64,82,76,63,72,82,76,0,0,0,0,False,,,0,,,,,,0,50,workhorse_sp,
P7618,John,Doe,2006-06-07,69,237,Unknown,dark,brown,clean_shaven,L,P,,1,RP,SP,,,,,47,,,,51,50,53,50,53,48,52,0,62,59,0,0,0,,,,,0,,,,77,63,70,64,83,60,71,0,82,71,0,0,0,False,,,0,,,,,,0,50,power_sp,
P2409,John,Doe,2006-06-08,68,184,Unknown,light,black,beard,R,1B,,0,,,48,61,49,49,51,50,54,50,50,49,,,,,,,,,,,,63,80,77,63,51,0,0,50,68,60,,,,,,,,,,,,False,,,0,,,,,,0,50,,power
P9983,John,Doe,2004-05-04,72,185,Unknown,medium,black,clean_shaven,L,LF,,0,,,50,55,49,52,50,48,51,51,51,50,,,,,,,,,,,,69,79,59,82,50,0,0,51,73,67,,,,,,,,,,,,False,,,0,,,,,,0,50,,gap
P8209,John,Doe,2006-02-02,73,192,Unknown,light,black,clean_shaven,R,LF,,0,,,50,62,49,49,49,49,54,52,52,52,,,,,,,,,,,,62,72,73,76,49,0,0,52,76,77,,,,,,,,,,,,False,,,0,,,,,,0,50,,power
P3767,John,Doe,2006-03-11,72,249,Unknown,light,black,clean_shaven,S,LF,,0,,,52,53,70,51,50,50,53,50,49,50,,,,,,,,,,,,81,74,92,64,50,0,0,50,70,68,,,,,,,,,,,,False,,,0,,,,,,0,50,,speed
P9884,John,Doe,2005-05-20,75,246,Unknown,dark,brown,clean_shaven,S,CF,,0,,,54,50,70,51,54,50,52,51,51,49,,,,,,,,,,,,64,60,97,67,54,0,0,51,63,60,,,,,,,,,,,,False,,,0,,,,,,0,50,,speed
P8439,John,Doe,1991-08-08,75,218,Unknown,light,blonde,clean_shaven,R,P,,1,RP,CL,,,,,55,,,,52,54,50,50,52,49,53,57,62,65,0,0,0,,,,,0,,,,50,44,40,48,40,44,46,49,52,55,0,0,0,False,,,0,,,,,,0,50,closer,
P3987,John,Doe,1998-09-04,76,192,Unknown,dark,blonde,clean_shaven,L,P,,1,RP,RP,,,,,49,,,,51,54,52,52,54,48,54,0,61,65,0,0,0,,,,,0,,,,56,69,63,69,61,54,67,0,69,79,0,0,0,False,,,0,,,,,,0,50,power_rp,
P4043,John,Doe,2005-02-18,71,202,Unknown,medium,brown,clean_shaven,S,P,,1,RP,RP,,,,,45,,,,48,51,52,50,52,53,52,59,61,0,0,55,0,,,,,73,,,,69,70,68,64,77,76,74,74,75,0,0,72,0,False,,,0,,,,,,0,50,finesse_rp,
P3637,John,Doe,2001-12-17,70,187,Unknown,dark,black,beard,R,P,,1,RP,SP,,,,,49,,,,48,52,51,50,52,49,53,0,60,59,0,0,0,,,,,0,,,,58,57,63,57,63,60,68,0,72,65,0,0,0,False,,,0,,,,,,0,50,power_sp,
P9172,John,Doe,1999-10-06,70,191,Unknown,dark,brown,clean_shaven,S,P,,1,RP,SP,,,,,49,,,,52,50,54,50,53,49,55,60,59,62,0,53,0,,,,,0,,,,67,59,56,65,65,55,64,66,71,71,0,68,0,False,,,0,,,,,,0,50,power_sp,
P6556,John,Doe,1987-09-26,71,236,Unknown,dark,brown,goatee,S,P,,1,RP,RP,,,,,49,,,,50,51,50,50,52,53,55,0,61,66,0,0,0,,,,,0,,,,50,47,40,52,46,47,50,0,52,59,0,0,0,False,,,0,,,,,,0,50,power_rp,
P5151,John,Doe,2001-12-09,78,242,Unknown,light,brown,beard,R,P,,1,RP,SP,,,,,50,,,,51,52,52,51,52,49,53,0,0,62,58,0,0,,,,,0,,,,58,66,58,59,67,59,64,0,0,70,70,0,0,False,,,0,,,,,,0,50,groundball_sp,
P9236,John,Doe,1995-11-06,68,229,Unknown,light,black,beard,L,P,,1,RP,SP,,,,,50,,,,51,52,50,50,54,49,52,62,62,57,60,0,0,,,,,0,,,,48,54,51,59,48,53,52,63,60,61,64,0,0,False,,,0,,,,,,0,50,finesse_sp,
P5909,John,Doe,1994-03-09,68,173,Unknown,light,brown,clean_shaven,R,P,,1,RP,SP,,,,,52,,,,49,53,53,51,52,49,52,0,64,59,0,0,0,,,,,0,,,,48,51,46,57,57,48,52,0,67,56,0,0,0,False,,,0,,,,,,0,50,power_sp,
P7684,John,Doe,2004-01-04,78,208,Unknown,light,black,beard,L,P,,1,RP,RP,,,,,52,,,,52,51,48,50,52,51,51,0,61,0,0,0,0,,,,,0,,,,64,64,55,64,63,62,62,0,73,0,0,0,0,False,,,0,,,,,,0,50,finesse_rp,
P2813,John,Doe,1991-08-10,68,220,Unknown,dark,brown,clean_shaven,R,P,,1,RP,RP,,,,,49,,,,51,52,51,50,52,50,51,0,61,0,0,0,0,,,,,0,,,,50,48,46,49,48,47,51,0,52,0,0,0,0,False,,,0,,,,,,0,50,finesse_rp,
P6824,John,Doe,1992-10-30,74,207,Unknown,dark,blonde,beard,R,C,,0,,,54,49,86,51,49,48,55,50,52,52,,,,,,,,,,,,45,43,77,45,49,0,0,50,48,49,,,,,,,,,,,,False,,,0,,,,,,0,50,,speed
P4079,John,Doe,2002-10-15,75,162,Unknown,light,brown,clean_shaven,L,1B,,0,,,52,61,47,51,51,50,44,49,52,49,,,,,,,,,,,,59,72,61,62,51,0,0,49,61,57,,,,,,,,,,,,False,,,0,,,,,,0,50,,power
P7485,John,Doe,2003-01-13,73,161,Unknown,dark,blonde,clean_shaven,R,2B,,0,,,54,48,49,52,49,48,56,50,51,52,,,,,,,,,,,,67,59,54,63,49,0,0,50,62,64,,,,,,,,,,,,False,,,0,,,,,,0,50,,average
P6486,John,Doe,1994-01-12,70,192,Unknown,dark,black,clean_shaven,S,3B,,0,,,62,51,51,51,52,51,55,48,52,49,,,,,,,,,,,,52,44,48,44,52,0,0,48,47,39,,,,,,,,,,,,False,,,0,,,,,,0,50,,spray
P3165,John,Doe,1997-05-20,76,209,Unknown,light,black,clean_shaven,R,SS,,0,,,59,48,52,54,49,51,61,53,49,52,,,,,,,,,,,,57,47,51,50,49,0,0,53,49,54,,,,,,,,,,,,False,,,0,,,,,,0,50,,spray
P3217,John,Doe,1988-08-23,72,211,Unknown,medium,black,clean_shaven,S,LF,,0,,,53,50,50,51,50,48,53,53,49,49,,,,,,,,,,,,52,40,45,50,50,0,0,53,46,41,,,,,,,,,,,,False,,,0,,,,,,0,50,,average
P2911,John,Doe,1996-08-15,72,225,Unknown,medium,brown,clean_shaven,R,CF,SS,0,,,60,52,51,51,49,48,53,47,48,49,,,,,,,,,,,,56,56,49,46,49,0,0,47,52,54,,,,,,,,,,,,False,,,0,,,,,,0,50,,spray
P8434,John,Doe,1989-10-01,76,242,Unknown,dark,black,mustache,R,RF,,0,,,50,57,51,50,48,51,57,48,49,51,,,,,,,,,,,,45,52,51,47,48,0,0,48,43,47,,,,,,,,,,,,False,,,0,,,,,,0,50,,power
P6798,John,Doe,1989-01-02,69,205,Unknown,dark,black,clean_shaven,R,SS,,0,,,61,47,69,53,51,48,58,49,50,51,,,,,,,,,,,,51,41,61,53,51,0,0,49,47,51,,,,,,,,,,,,False,,,0,,,,,,0,50,,spray
P3996,John,Doe,2001-10-25,77,212,Unknown,medium,black,clean_shaven,L,3B,,0,,,49,62,49,50,49,51,48,50,51,50,,,,,,,,,,,,56,71,57,65,49,0,0,50,59,62,,,,,,,,,,,,False,,,0,,,,,,0,50,,power
P8272,John,Doe,2004-03-25,76,200,Unknown,medium,brown,clean_shaven,R,2B,3B,0,,,51,50,49,50,51,52,55,50,52,50,,,,,,,,,,,,67,71,76,75,51,0,0,50,63,75,,,,,,,,,,,,False,,,0,,,,,,0,50,,average
P6002,John,Doe,1992-09-24,71,202,Unknown,light,brown,beard,L,RF,,0,,,50,61,47,49,49,50,48,52,50,53,,,,,,,,,,,,49,61,40,49,49,0,0,52,41,48,,,,,,,,,,,,False,,,0,,,,,,0,50,,power
P2213,John,Doe,1998-05-02,71,189,Unknown,light,blonde,goatee,L,CF,,0,,,50,52,53,50,48,49,42,48,48,50,,,,,,,,,,,,63,59,65,64,48,0,0,48,56,56,,,,,,,,,,,,False,,,0,,,,,,0,50,,gap
P8008,John,Doe,1997-02-27,77,161,Unknown,light,brown,clean_shaven,L,1B,,0,,,50,62,49,51,51,51,43,51,50,48,,,,,,,,,,,,47,66,45,46,51,0,0,51,50,50,,,,,,,,,,,,False,,,0,,,,,,0,50,,power
P3230,John,Doe,1996-02-28,73,198,Unknown,dark,black,goatee,R,P,,1,RP,CL,,,,,55,,,,51,50,48,50,52,52,53,59,62,66,0,0,0,,,,,0,,,,47,54,53,57,45,47,52,64,62,66,0,0,0,False,,,0,,,,,,0,50,closer,
P8583,John,Doe,1993-11-06,73,192,Unknown,dark,black,clean_shaven,L,P,,1,RP,SP,,,,,52,,,,49,54,54,50,53,51,54,0,61,61,0,0,0,,,,,0,,,,47,44,47,49,54,50,52,0,54,55,0,0,0,False,,,0,,,,,,0,50,power_sp,
P8047,John,Doe,2004-08-13,75,228,Unknown,medium,brown,goatee,R,P,,1,RP,RP,,,,,56,,,,53,50,51,50,54,53,53,0,0,0,61,0,0,,,,,0,,,,64,60,78,84,68,73,65,0,0,0,83,0,0,False,,,0,,,,,,0,50,groundball_rp,
P2976,John,Doe,1998-10-08,75,183,Unknown,light,black,clean_shaven,R,P,,1,RP,RP,,,,,51,,,,48,48,50,51,52,51,52,58,0,0,0,0,0,,,,,0,,,,61,60,66,57,56,56,61,70,0,0,0,0,0,False,,,0,,,,,,0,50,finesse_rp,
P9849,John,Doe,2003-12-06,74,167,Unknown,medium,brown,mustache,S,P,,1,RP,RP,,,,,50,,,,51,51,50,52,52,53,52,0,0,63,0,0,0,,,,,0,,,,64,58,58,62,64,67,66,0,0,71,0,0,0,False,,,0,,,,,,0,50,power_rp,
P3380,John,Doe,1987-05-09,69,185,Unknown,dark,brown,mustache,L,P,,1,RP,SP,,,,,50,,,,50,51,51,51,52,49,51,0,64,62,0,0,0,,,,,0,,,,48,42,42,42,50,44,48,0,54,62,0,0,0,False,,,0,,,,,,0,50,power_sp,
P3309,John,Doe,1998-03-24,68,165,Unknown,dark,brown,clean_shaven,R,P,,1,RP,RP,,,,,51,,,,51,53,51,50,52,49,53,60,0,0,0,0,0,,,,,0,,,,66,64,59,59,57,58,65,75,0,0,0,0,0,False,,,0,,,,,,0,50,finesse_rp,
P5499,John,Doe,1990-09-28,71,203,Unknown,dark,blonde,beard,L,SS,,0,,,67,63,50,52,52,47,51,50,50,49,,,,,,,,,,,,61,63,44,50,52,0,0,50,49,45,,,,,,,,,,,,False,,,0,,,,,,0,50,,gap
P6905,John,Doe,1991-03-28,76,248,Unknown,dark,blonde,beard,R,2B,,0,,,54,54,50,54,52,47,56,48,48,51,,,,,,,,,,,,52,53,42,54,52,0,0,48,39,48,,,,,,,,,,,,False,,,0,,,,,,0,50,,gap
P3785,John,Doe,2003-04-17,73,184,Unknown,dark,brown,clean_shaven,L,1B,,0,,,67,56,52,50,50,49,46,51,53,52,,,,,,,,,,,,78,65,66,63,50,0,0,51,64,58,,,,,,,,,,,,False,,,0,,,,,,0,50,,spray
P8664,John,Doe,1995-08-29,73,189,Unknown,medium,brown,beard,L,1B,,0,,,58,52,51,51,50,49,46,50,53,52,,,,,,,,,,,,57,47,51,49,50,0,0,50,55,47,,,,,,,,,,,,False,,,0,,,,,,0,50,,gap
P1572,John,Doe,1995-08-01,78,179,Unknown,medium,red,beard,R,3B,,0,,,52,51,79,51,52,51,57,49,48,50,,,,,,,,,,,,56,48,82,46,52,0,0,49,52,47,,,,,,,,,,,,False,,,0,,,,,,0,50,,speed
P7497,John,Doe,1997-11-11,70,221,Unknown,medium,red,goatee,R,LF,,0,,,49,62,52,50,50,54,56,52,50,51,,,,,,,,,,,,47,62,56,48,50,0,0,52,53,52,,,,,,,,,,,,False,,,0,,,,,,0,50,,power
P4208,John,Doe,2002-06-11,78,247,Unknown,dark,blonde,goatee,L,1B,,0,,,50,64,52,51,49,53,49,52,52,50,,,,,,,,,,,,58,75,60,64,49,0,0,52,62,63,,,,,,,,,,,,False,,,0,,,,,,0,50,,power
P5830,John,Doe,1998-10-03,77,201,Unknown,light,red,clean_shaven,S,CF,,0,,,54,52,52,51,50,50,50,51,52,49,,,,,,,,,,,,69,64,66,64,50,0,0,51,58,55,,,,,,,,,,,,False,,,0,,,,,,0,50,,gap
P1008,John,Doe,2006-01-06,68,227,Unknown,dark,black,clean_shaven,L,P,,1,RP,CL,,,,,55,,,,52,53,52,50,52,49,53,0,0,65,0,0,0,,,,,0,,,,70,83,70,77,76,73,78,0,0,95,0,0,0,False,,,0,,,,,,0,50,closer,
P8474,John,Doe,2007-11-03,74,222,Unknown,dark,black,clean_shaven,L,P,,1,RP,RP,,,,,53,,,,48,52,52,52,53,49,52,58,61,0,0,0,0,,,,,0,,,,59,63,64,64,68,73,76,85,80,0,0,0,0,False,,,0,,,,,,0,50,finesse_rp,
P4459,John,Doe,2005-05-01,75,238,Unknown,light,blonde,clean_shaven,R,P,,1,RP,RP,,,,,57,,,,49,52,50,52,52,50,49,0,58,67,59,0,0,,,,,0,,,,62,80,63,76,74,80,69,0,84,79,83,0,0,False,,,0,,,,,,0,50,groundball_rp,
P1997,John,Doe,2005-08-23,72,250,Unknown,light,brown,clean_shaven,L,P,,1,RP,SP,,,,,52,,,,53,51,52,50,53,49,52,59,0,0,58,0,0,,,,,0,,,,66,65,64,64,75,67,82,85,0,0,73,0,0,False,,,0,,,,,,0,50,groundball_sp,
P3367,John,Doe,2004-07-23,75,191,Unknown,medium,brown,clean_shaven,R,P,,1,RP,SP,,,,,49,,,,49,52,50,52,52,51,49,63,59,60,58,0,0,,,,,0,,,,76,65,63,80,66,71,72,78,71,78,85,0,0,False,,,0,,,,,,0,50,finesse_sp,
P8616,John,Doe,2007-07-22,75,168,Unknown,light,blonde,mustache,R,CF,,0,,,57,50,50,52,53,49,58,50,49,50,,,,,,,,,,,,85,63,65,82,53,0,0,50,64,78,,,,,,,,,,,,False,,,0,,,,,,0,50,,spray
P3778,John,Doe,2007-09-16,69,194,Unknown,light,blonde,clean_shaven,L,LF,,0,,,52,59,52,51,52,51,51,51,52,49,,,,,,,,,,,,73,71,75,65,52,0,0,51,66,64,,,,,,,,,,,,False,,,0,,,,,,0,50,,balanced
P3808,John,Doe,2007-11-23,72,226,Unknown,medium,black,clean_shaven,L,SS,,0,,,51,53,53,50,49,49,53,50,52,51,,,,,,,,,,,,63,70,78,68,49,0,0,50,79,66,,,,,,,,,,,,False,,,0,,,,,,0,50,,balanced
P7793,John,Doe,2008-01-14,71,175,Unknown,light,blonde,clean_shaven,L,1B,,0,,,50,52,85,49,53,50,43,53,48,50,,,,,,,,,,,,66,68,98,59,53,0,0,53,65,63,,,,,,,,,,,,False,,,0,,,,,,0,50,,elite_speed
P5805,John,Doe,2004-03-08,68,178,Unknown,light,black,clean_shaven,S,LF,,0,,,52,53,52,50,49,51,55,50,51,52,,,,,,,,,,,,68,63,64,69,49,0,0,50,73,67,,,,,,,,,,,,False,,,0,,,,,,0,50,,average
P1113,John,Doe,1992-11-20,72,248,Unknown,dark,brown,clean_shaven,R,P,,1,RP,CL,,,,,55,,,,48,50,48,51,52,52,52,0,0,65,0,0,0,,,,,0,,,,47,43,41,48,48,44,43,0,0,62,0,0,0,False,,,0,,,,,,0,50,closer,
P6679,John,Doe,1999-10-19,76,180,Unknown,medium,brown,clean_shaven,S,P,,1,RP,SP,,,,,48,,,,51,51,51,54,53,49,51,62,59,0,0,0,0,,,,,0,,,,64,58,68,65,57,57,58,76,67,0,0,0,0,False,,,0,,,,,,0,50,finesse_sp,
P6238,John,Doe,1987-07-15,69,167,Unknown,light,black,mustache,S,P,RF,1,RP,RP,,,,,50,,,,51,49,48,53,52,50,50,60,63,67,0,0,0,,,,,0,,,,41,45,53,47,45,44,43,54,56,60,0,0,0,False,,,0,,,,,,0,50,finesse_rp,
P5759,John,Doe,1997-03-12,75,230,Unknown,dark,brown,clean_shaven,R,P,,1,RP,SP,,,,,51,,,,49,50,50,50,52,51,51,62,60,0,0,0,0,,,,,0,,,,49,55,45,53,51,52,46,63,57,0,0,0,0,False,,,0,,,,,,0,50,workhorse_sp,
P1242,John,Doe,2001-02-25,70,235,Unknown,dark,brown,clean_shaven,R,P,,1,RP,SP,,,,,49,,,,51,52,53,50,52,51,51,61,60,60,55,0,0,,,,,0,,,,59,66,56,65,66,58,60,73,66,68,69,0,0,False,,,0,,,,,,0,50,workhorse_sp,
P5856,John,Doe,1989-11-21,71,223,Unknown,medium,red,clean_shaven,L,P,,1,RP,RP,,,,,50,,,,49,52,48,53,52,52,54,57,63,0,0,56,0,,,,,0,,,,44,46,51,44,39,45,46,51,62,0,0,48,0,False,,,0,,,,,,0,50,finesse_rp,
P8338,John,Doe,2001-06-27,72,203,Unknown,light,brown,goatee,R,P,,1,RP,RP,,,,,55,,,,50,52,51,51,53,53,50,0,0,64,61,0,0,,,,,0,,,,57,63,64,64,64,66,61,0,0,74,69,0,0,False,,,0,,,,,,0,50,groundball_rp,
P9254,John,Doe,1991-10-21,69,232,Unknown,light,brown,mustache,L,P,,1,RP,SP,,,,,52,,,,48,50,54,52,52,49,53,60,59,57,56,0,0,,,,,0,,,,39,43,52,46,50,47,50,50,57,56,49,0,0,False,,,0,,,,,,0,50,finesse_sp,
P5011,John,Doe,2002-08-14,74,222,Unknown,light,red,clean_shaven,R,P,,1,RP,SP,,,,,51,,,,50,49,51,53,52,53,49,61,61,59,0,53,0,,,,,0,,,,65,60,68,62,64,67,63,67,68,65,0,62,0,False,,,0,,,,,,0,50,balanced_sp,
P7961,John,Doe,1991-05-14,69,188,Unknown,light,black,goatee,R,P,,1,RP,SP,,,,,50,,,,52,50,52,52,52,50,53,58,60,61,0,0,0,,,,,0,,,,43,44,52,44,46,50,51,53,54,55,0,0,0,False,,,0,,,,,,0,50,balanced_sp,
P9012,John,Doe,2002-08-21,77,198,Unknown,medium,black,beard,R,P,,1,RP,SP,,,,,53,,,,53,52,51,51,54,51,52,61,59,62,61,0,0,,,,,0,,,,63,58,59,60,64,58,57,75,71,75,75,0,0,False,,,0,,,,,,0,50,groundball_sp,
P1671,John,Doe,2002-10-10,70,189,Unknown,medium,brown,clean_shaven,R,C,,0,,,50,51,85,52,51,52,58,52,52,49,,,,,,,,,,,,55,64,99,63,51,0,0,52,60,55,,,,,,,,,,,,False,,,0,,,,,,0,50,,speed
P4522,John,Doe,1998-04-23,74,172,Unknown,light,black,beard,R,1B,,0,,,63,55,51,50,52,49,53,51,53,52,,,,,,,,,,,,69,62,59,59,52,0,0,51,60,58,,,,,,,,,,,,False,,,0,,,,,,0,50,,spray
P3120,John,Doe,1999-01-25,69,176,Unknown,dark,brown,clean_shaven,L,2B,,0,,,51,59,51,50,51,49,50,53,50,51,,,,,,,,,,,,56,64,66,62,51,0,0,53,56,56,,,,,,,,,,,,False,,,0,,,,,,0,50,,power
P4581,John,Doe,1994-06-10,71,160,Unknown,dark,brown,mustache,R,3B,,0,,,50,48,86,51,53,49,55,48,51,48,,,,,,,,,,,,46,45,81,55,53,0,0,48,53,49,,,,,,,,,,,,False,,,0,,,,,,0,50,,speed
P4094,John,Doe,1997-01-10,76,248,Unknown,dark,red,clean_shaven,R,SS,,0,,,52,52,53,52,51,50,56,51,51,50,,,,,,,,,,,,54,53,51,48,51,0,0,51,53,45,,,,,,,,,,,,False,,,0,,,,,,0,50,,average
P3469,John,Doe,1997-08-27,75,176,Unknown,medium,black,clean_shaven,S,LF,,0,,,53,51,48,52,53,52,52,51,48,53,,,,,,,,,,,,56,56,45,50,53,0,0,51,50,57,,,,,,,,,,,,False,,,0,,,,,,0,50,,balanced
P4315,John,Doe,1996-07-28,71,216,Unknown,dark,blonde,goatee,L,CF,,0,,,52,50,52,50,52,52,47,53,51,50,,,,,,,,,,,,47,53,53,53,52,0,0,53,52,55,,,,,,,,,,,,False,,,0,,,,,,0,50,,balanced
P1919,John,Doe,1994-02-06,69,215,Unknown,dark,black,clean_shaven,R,RF,,0,,,50,59,51,49,50,52,57,51,49,52,,,,,,,,,,,,42,50,48,49,50,0,0,51,40,49,,,,,,,,,,,,False,,,0,,,,,,0,50,,power
P4252,John,Doe,1988-05-08,77,241,Unknown,light,black,clean_shaven,R,LF,,0,,,52,59,51,51,51,50,56,51,53,48,,,,,,,,,,,,51,50,44,46,51,0,0,51,50,47,,,,,,,,,,,,False,,,0,,,,,,0,50,,gap
P1442,John,Doe,2003-01-19,72,190,Unknown,medium,brown,clean_shaven,R,C,,0,,,50,58,49,51,52,50,57,50,52,52,,,,,,,,,,,,65,63,58,61,52,0,0,50,64,63,,,,,,,,,,,,False,,,0,,,,,,0,50,,power
P7714,John,Doe,1988-11-15,70,203,Unknown,medium,brown,beard,R,1B,,0,,,48,59,51,49,48,50,58,52,49,50,,,,,,,,,,,,47,57,44,40,48,0,0,52,39,50,,,,,,,,,,,,False,,,0,,,,,,0,50,,power
P3761,John,Doe,1999-09-05,70,210,Unknown,medium,red,clean_shaven,R,LF,,0,,,57,50,50,53,53,48,58,52,48,51,,,,,,,,,,,,63,65,61,58,53,0,0,52,62,62,,,,,,,,,,,,False,,,0,,,,,,0,50,,spray
P9647,John,Doe,2003-11-06,70,206,Unknown,dark,red,clean_shaven,S,C,,0,,,52,53,47,52,53,53,51,52,51,51,,,,,,,,,,,,60,65,54,58,53,0,0,52,62,62,,,,,,,,,,,,False,,,0,,,,,,0,50,,average
P3815,John,Doe,1995-04-11,68,220,Unknown,dark,black,clean_shaven,R,SS,,0,,,49,51,79,53,52,47,60,49,50,52,,,,,,,,,,,,48,56,82,51,52,0,0,49,52,47,,,,,,,,,,,,False,,,0,,,,,,0,50,,speed
P8398,John,Doe,2003-11-23,71,174,Unknown,light,blonde,clean_shaven,R,P,,1,RP,CL,,,,,55,,,,50,52,51,52,54,49,53,0,59,67,0,0,0,,,,,0,,,,63,60,61,61,59,54,61,0,74,82,0,0,0,False,,,0,,,,,,0,50,closer,
P3484,John,Doe,2000-06-27,72,223,Unknown,light,brown,clean_shaven,R,P,,1,RP,SP,,,,,49,,,,48,50,53,50,52,48,51,0,61,62,0,0,0,,,,,0,,,,58,63,61,64,59,54,64,0,73,76,0,0,0,False,,,0,,,,,,0,50,power_sp,
P4958,John,Doe,2003-03-06,73,193,Unknown,light,blonde,mustache,S,P,,1,RP,SP,,,,,50,,,,49,52,50,50,52,53,52,62,0,0,61,0,0,,,,,0,,,,59,59,59,62,65,64,60,68,0,0,67,0,0,False,,,0,,,,,,0,50,groundball_sp,
P7568,John,Doe,1999-09-11,73,203,Unknown,light,black,clean_shaven,L,P,,1,RP,SP,,,,,49,,,,48,49,51,50,52,49,53,60,0,61,0,0,0,,,,,0,,,,57,63,55,57,66,59,61,75,0,76,0,0,0,False,,,0,,,,,,0,50,balanced_sp,
P9797,John,Doe,2004-09-16,71,192,Unknown,light,brown,clean_shaven,R,P,,1,RP,RP,,,,,55,,,,51,53,52,51,52,50,50,59,59,0,62,0,0,,,,,0,,,,67,77,80,74,81,70,80,73,73,0,82,0,0,False,,,0,,,,,,0,50,groundball_rp,
P9568,John,Doe,2002-05-24,71,205,Unknown,light,black,clean_shaven,R,P,,1,RP,RP,,,,,51,,,,53,52,51,50,52,52,52,0,61,0,0,0,0,,,,,0,,,,59,65,55,67,57,58,60,0,70,0,0,0,0,False,,,0,,,,,,0,50,finesse_rp,
P4030,John,Doe,1997-01-22,72,186,Unknown,light,black,beard,S,P,,1,RP,SP,,,,,52,,,,49,50,54,51,54,52,50,59,59,60,0,54,0,,,,,0,,,,51,46,48,52,57,57,48,58,62,57,0,58,0,False,,,0,,,,,,0,50,balanced_sp,
P6432,John,Doe,1988-10-01,68,192,Unknown,medium,black,clean_shaven,R,LF,,0,,,53,53,52,52,52,53,57,53,50,50,,,,,,,,,,,,43,50,47,44,52,0,0,53,40,44,,,,,,,,,,,,False,,,0,,,,,,0,50,,average
P5100,John,Doe,2001-05-10,74,219,Unknown,light,black,goatee,R,2B,,0,,,57,58,50,55,51,52,56,52,50,51,,,,,,,,,,,,66,63,65,66,51,0,0,52,59,57,,,,,,,,,,,,False,,,0,,,,,,0,50,,gap
P9112,John,Doe,1989-06-02,77,205,Unknown,medium,brown,clean_shaven,S,1B,,0,,,50,56,52,52,47,49,54,48,47,48,,,,,,,,,,,,48,46,47,46,47,0,0,48,45,45,,,,,,,,,,,,False,,,0,,,,,,0,50,,gap
P1484,John,Doe,1993-12-22,70,224,Unknown,dark,black,beard,R,C,,0,,,52,53,49,51,49,50,58,51,51,52,,,,,,,,,,,,46,45,42,51,49,0,0,51,47,46,,,,,,,,,,,,False,,,0,,,,,,0,50,,balanced
P4104,John,Doe,1996-11-11,77,207,Unknown,medium,brown,beard,L,1B,,0,,,61,63,51,49,52,48,47,49,50,50,,,,,,,,,,,,64,68,48,53,52,0,0,49,46,45,,,,,,,,,,,,False,,,0,,,,,,0,50,,gap
P4232,John,Doe,1989-11-14,77,198,Unknown,dark,brown,clean_shaven,R,C,,0,,,49,53,50,50,51,50,55,53,50,49,,,,,,,,,,,,43,51,42,44,51,0,0,53,40,43,,,,,,,,,,,,False,,,0,,,,,,0,50,,average
P6293,John,Doe,1996-01-10,69,213,Unknown,medium,brown,goatee,L,1B,,0,,,61,51,53,50,53,50,44,48,49,50,,,,,,,,,,,,57,51,57,55,53,0,0,48,45,47,,,,,,,,,,,,False,,,0,,,,,,0,50,,spray
P7443,John,Doe,1993-01-26,75,202,Unknown,dark,brown,clean_shaven,R,C,,0,,,52,52,47,52,50,52,59,49,49,50,,,,,,,,,,,,46,46,41,45,50,0,0,49,49,40,,,,,,,,,,,,False,,,0,,,,,,0,50,,average
P8229,John,Doe,2006-09-17,72,236,Unknown,medium,black,clean_shaven,R,P,,1,RP,CL,,,,,55,,,,52,53,48,51,53,51,53,0,0,65,0,0,0,,,,,0,,,,73,75,76,77,71,65,76,0,0,78,0,0,0,False,,,0,,,,,,0,50,closer,
P2506,John,Doe,2005-11-22,72,247,Unknown,dark,brown,mustache,R,P,,1,RP,SP,,,,,51,,,,48,49,53,51,52,51,51,58,62,57,0,57,0,,,,,0,,,,68,66,68,62,69,75,61,74,83,87,0,81,0,False,,,0,,,,,,0,50,finesse_sp,
P2134,John,Doe,2004-05-27,75,189,Unknown,medium,black,clean_shaven,R,P,,1,RP,SP,,,,,53,,,,50,51,52,50,52,49,51,0,0,58,60,0,0,,,,,0,,,,64,65,80,62,68,67,72,0,0,69,79,0,0,False,,,0,,,,,,0,50,groundball_sp,
P8356,John,Doe,2005-05-30,71,249,Unknown,medium,red,clean_shaven,R,P,,1,RP,RP,,,,,49,,,,51,49,49,50,52,49,50,59,62,67,0,0,0,,,,,0,,,,74,69,63,63,69,78,78,70,75,79,0,0,0,False,,,0,,,,,,0,50,power_rp,
P1437,John,Doe,2005-02-15,76,176,Unknown,dark,brown,clean_shaven,R,P,,1,RP,RP,,,,,54,,,,51,52,50,52,54,49,54,57,0,67,62,0,0,,,,,0,,,,69,81,68,82,74,73,83,77,0,80,76,0,0,False,,,0,,,,,,0,50,groundball_rp,
P1764,John,Doe,2004-07-01,72,242,Unknown,dark,blonde,clean_shaven,L,CF,,0,,,52,53,51,51,52,54,42,51,51,49,,,,,,,,,,,,82,76,73,77,52,0,0,51,63,66,,,,,,,,,,,,False,,,0,,,,,,0,50,,balanced
P9805,John,Doe,2007-10-21,74,246,Unknown,light,brown,beard,L,1B,,0,,,49,57,49,49,49,51,46,50,51,51,,,,,,,,,,,,75,87,70,63,49,0,0,50,75,62,,,,,,,,,,,,False,,,0,,,,,,0,50,,balanced
P7274,John,Doe,2007-06-28,77,221,Unknown,medium,black,clean_shaven,R,2B,,0,,,66,61,49,53,49,49,59,49,51,51,,,,,,,,,,,,88,81,79,77,49,0,0,49,74,72,,,,,,,,,,,,False,,,0,,,,,,0,50,,gap
P9215,John,Doe,2004-11-05,74,167,Unknown,dark,brown,beard,R,SS,,0,,,52,53,49,51,49,49,58,49,47,48,,,,,,,,,,,,72,76,60,64,49,0,0,49,60,59,,,,,,,,,,,,False,,,0,,,,,,0,50,,balanced
P7545,John,Doe,2006-01-08,70,232,Unknown,light,brown,goatee,R,C,,0,,,49,55,49,51,52,50,56,53,51,51,,,,,,,,,,,,70,76,63,77,52,0,0,53,78,63,,,,,,,,,,,,False,,,0,,,,,,0,50,,power
P9601,John,Doe,1998-08-02,76,191,Unknown,dark,black,mustache,S,P,,1,RP,CL,,,,,55,,,,49,50,50,50,52,51,54,60,59,65,0,0,0,,,,,0,,,,59,55,58,63,58,58,64,72,64,71,0,0,0,False,,,0,,,,,,0,50,closer,
P7696,John,Doe,1999-10-03,77,168,Unknown,light,black,mustache,L,P,,1,RP,LR,,,,,49,,,,49,49,52,53,53,49,53,0,61,63,0,0,0,,,,,0,,,,56,58,61,64,61,54,63,0,71,69,0,0,0,False,,,0,,,,,,0,50,long_relief,
P3401,John,Doe,1987-05-01,74,214,Unknown,light,black,clean_shaven,R,P,,1,RP,SP,,,,,50,,,,50,48,51,52,52,52,52,63,63,58,0,54,0,,,,,0,,,,43,46,46,46,48,43,44,58,55,56,0,45,0,False,,,0,,,,,,0,50,finesse_sp,
P1270,John,Doe,1988-10-15,71,212,Unknown,medium,brown,beard,S,P,,1,RP,SP,,,,,52,,,,52,50,51,50,52,52,53,60,61,60,0,0,0,,,,,0,,,,44,41,48,42,41,52,45,53,58,54,0,0,0,False,,,0,,,,,,0,50,balanced_sp,
P1761,John,Doe,1994-09-27,77,230,Unknown,dark,blonde,clean_shaven,L,P,,1,RP,SP,,,,,48,,,,50,53,51,51,52,49,53,61,60,0,0,0,0,,,,,0,,,,48,53,55,54,55,50,58,66,57,0,0,0,0,False,,,0,,,,,,0,50,balanced_sp,
P2344,John,Doe,1987-12-19,73,216,Unknown,dark,brown,goatee,L,P,,1,RP,RP,,,,,50,,,,48,51,48,50,53,52,53,0,58,0,0,0,0,,,,,0,,,,42,41,43,50,48,44,46,0,51,0,0,0,0,False,,,0,,,,,,0,50,finesse_rp,
P6107,John,Doe,1999-04-09,76,226,Unknown,medium,black,clean_shaven,L,P,,1,RP,LR,,,,,52,,,,50,52,49,50,52,50,50,57,0,0,0,0,0,,,,,0,,,,65,59,55,60,54,58,58,64,0,0,0,0,0,False,,,0,,,,,,0,50,long_relief,
P6797,John,Doe,1997-09-26,74,173,Unknown,medium,blonde,goatee,R,P,,1,RP,SP,,,,,48,,,,49,49,50,53,54,53,49,62,63,59,60,0,0,,,,,0,,,,50,54,53,54,49,48,54,58,67,60,64,0,0,False,,,0,,,,,,0,50,balanced_sp,
P4279,John,Doe,2004-07-24,71,169,Unknown,medium,brown,clean_shaven,L,P,,1,RP,SP,,,,,48,,,,51,51,52,53,54,51,50,59,62,0,0,0,0,,,,,0,,,,73,62,75,64,81,61,65,86,83,0,0,0,0,False,,,0,,,,,,0,50,balanced_sp,
P7069,John,Doe,1992-11-30,70,219,Unknown,medium,brown,mustache,R,P,,1,RP,RP,,,,,49,,,,51,50,48,50,52,52,52,0,61,65,0,54,0,,,,,0,,,,46,49,40,45,42,46,45,0,52,56,0,46,0,False,,,0,,,,,,0,50,power_rp,
P9633,John,Doe,2003-11-01,78,183,Unknown,dark,blonde,clean_shaven,L,P,,1,RP,SP,,,,,48,,,,48,50,51,50,54,52,51,60,60,61,58,0,0,,,,,0,,,,53,62,61,69,66,64,66,69,74,76,67,0,0,False,,,0,,,,,,0,50,power_sp,
P3491,John,Doe,2003-06-01,69,185,Unknown,light,black,clean_shaven,S,C,,0,,,49,61,50,51,50,50,51,51,52,49,,,,,,,,,,,,61,68,58,64,50,0,0,51,63,54,,,,,,,,,,,,False,,,0,,,,,,0,50,,power
P2075,John,Doe,2001-10-20,78,189,Unknown,light,black,clean_shaven,R,1B,,0,,,52,53,51,52,48,48,57,48,52,51,,,,,,,,,,,,67,66,60,67,48,0,0,48,64,62,,,,,,,,,,,,False,,,0,,,,,,0,50,,average
P3326,John,Doe,2001-10-13,68,176,Unknown,dark,brown,clean_shaven,R,2B,,0,,,53,51,85,51,52,47,55,50,50,48,,,,,,,,,,,,58,60,90,59,52,0,0,50,64,62,,,,,,,,,,,,False,,,0,,,,,,0,50,,elite_speed
P5035,John,Doe,1994-08-24,68,188,Unknown,medium,brown,goatee,R,3B,,0,,,55,48,48,52,50,51,55,49,50,48,,,,,,,,,,,,51,51,46,56,50,0,0,49,48,45,,,,,,,,,,,,False,,,0,,,,,,0,50,,spray
P9007,John,Doe,2002-09-18,71,191,Unknown,medium,brown,clean_shaven,L,SS,,0,,,51,52,51,52,50,51,48,48,47,51,,,,,,,,,,,,65,60,63,60,50,0,0,48,60,62,,,,,,,,,,,,False,,,0,,,,,,0,50,,balanced
P9375,John,Doe,2001-09-26,68,192,Unknown,dark,brown,goatee,S,LF,,0,,,53,57,53,50,49,51,51,49,51,49,,,,,,,,,,,,62,65,62,63,49,0,0,49,63,60,,,,,,,,,,,,False,,,0,,,,,,0,50,,balanced
P9364,John,Doe,1992-01-25,76,213,Unknown,medium,blonde,clean_shaven,R,CF,,0,,,50,52,51,50,53,51,56,52,49,49,,,,,,,,,,,,40,48,48,50,53,0,0,52,47,48,,,,,,,,,,,,False,,,0,,,,,,0,50,,average
P3952,John,Doe,1989-10-27,77,230,Unknown,light,black,clean_shaven,R,RF,,0,,,54,47,85,51,49,50,58,47,48,49,,,,,,,,,,,,50,37,82,49,49,0,0,47,45,39,,,,,,,,,,,,False,,,0,,,,,,0,50,,elite_speed
P6866,John,Doe,1997-01-03,73,204,Unknown,light,black,clean_shaven,L,CF,,0,,,60,49,52,50,54,52,47,50,51,50,,,,,,,,,,,,63,47,51,47,54,0,0,50,54,47,,,,,,,,,,,,False,,,0,,,,,,0,50,,spray
P3141,John,Doe,2000-02-16,78,168,Unknown,dark,black,goatee,R,2B,,0,,,54,50,85,54,53,50,54,50,52,50,,,,,,,,,,,,66,62,97,60,53,0,0,50,58,64,,,,,,,,,,,,False,,,0,,,,,,0,50,,elite_speed
P8291,John,Doe,1999-03-07,78,208,Unknown,medium,red,beard,R,C,,0,,,57,52,50,54,48,49,56,52,51,53,,,,,,,,,,,,70,59,61,68,48,0,0,52,58,64,,,,,,,,,,,,False,,,0,,,,,,0,50,,gap
P6643,John,Doe,1988-10-25,73,173,Unknown,light,black,beard,L,1B,,0,,,48,60,47,48,49,50,44,51,50,49,,,,,,,,,,,,41,53,43,48,49,0,0,51,41,45,,,,,,,,,,,,False,,,0,,,,,,0,50,,power
P4885,John,Doe,1996-10-27,74,213,Unknown,light,blonde,clean_shaven,R,RF,,0,,,48,54,50,49,52,51,57,47,48,51,,,,,,,,,,,,45,52,47,44,52,0,0,47,46,56,,,,,,,,,,,,False,,,0,,,,,,0,50,,balanced
P9935,John,Doe,1992-10-05,75,218,Unknown,medium,brown,mustache,L,C,,0,,,50,53,48,49,49,52,51,48,51,51,,,,,,,,,,,,44,44,46,42,49,0,0,48,51,50,,,,,,,,,,,,False,,,0,,,,,,0,50,,average
P8540,John,Doe,1990-12-01,75,171,Unknown,medium,brown,beard,R,P,,1,RP,CL,,,,,55,,,,51,52,52,51,52,48,55,56,61,66,0,0,0,,,,,0,,,,50,50,51,46,42,47,48,46,58,63,0,0,0,False,,,0,,,,,,0,50,closer,
P8077,John,Doe,1990-11-03,75,231,Unknown,light,brown,clean_shaven,S,P,,1,RP,SP,,,,,48,,,,51,51,52,50,52,52,53,61,62,0,57,58,0,,,,,0,,,,44,46,40,51,52,46,50,61,61,0,57,49,0,False,,,0,,,,,,0,50,finesse_sp,
P1498,John,Doe,1990-05-10,74,184,Unknown,light,black,clean_shaven,L,P,,1,RP,SP,,,,,48,,,,50,53,51,53,53,49,52,61,62,58,60,0,0,,,,,0,,,,48,47,46,52,49,49,52,57,56,57,56,0,0,False,,,0,,,,,,0,50,finesse_sp,
P6362,John,Doe,1996-01-04,74,243,Unknown,medium,brown,mustache,L,P,,1,RP,SP,,,,,52,,,,53,49,54,52,52,52,50,60,63,57,0,0,0,,,,,0,,,,56,47,50,54,57,52,53,61,68,52,0,0,0,False,,,0,,,,,,0,50,finesse_sp,
P1490,John,Doe,2005-01-12,72,210,Unknown,light,blonde,goatee,L,P,,1,RP,SP,,,,,50,,,,48,51,50,51,52,52,52,61,62,0,0,0,0,,,,,0,,,,65,72,70,71,77,63,75,91,88,0,0,0,0,False,,,0,,,,,,0,50,balanced_sp,
P6119,John,Doe,1997-12-21,68,202,Unknown,medium,brown,mustache,L,P,,1,RP,SP,,,,,51,,,,51,53,50,52,52,49,50,59,60,61,0,0,0,,,,,0,,,,47,50,48,52,47,52,48,57,64,58,0,0,0,False,,,0,,,,,,0,50,power_sp,
P7905,John,Doe,1999-11-03,78,185,Unknown,light,brown,clean_shaven,R,P,,1,RP,RP,,,,,50,,,,48,52,50,51,52,50,51,61,60,0,0,0,0,,,,,0,,,,62,64,60,67,64,61,59,66,73,0,0,0,0,False,,,0,,,,,,0,50,finesse_rp,
P6439,John,Doe,1991-01-12,73,185,Unknown,medium,black,beard,R,SS,,0,,,52,62,51,49,48,53,58,49,52,48,,,,,,,,,,,,52,58,47,45,48,0,0,49,52,43,,,,,,,,,,,,False,,,0,,,,,,0,50,,power
P6044,John,Doe,1988-11-21,68,173,Unknown,light,black,beard,L,1B,,0,,,60,52,49,51,50,46,47,50,51,49,,,,,,,,,,,,59,45,44,48,50,0,0,50,46,43,,,,,,,,,,,,False,,,0,,,,,,0,50,,spray
P4489,John,Doe,1999-11-12,70,185,Unknown,medium,black,clean_shaven,L,LF,,0,,,48,49,52,50,49,50,49,51,51,50,,,,,,,,,,,,54,58,67,59,49,0,0,51,61,56,,,,,,,,,,,,False,,,0,,,,,,0,50,,average
P8473,John,Doe,1987-11-10,69,182,Unknown,light,brown,mustache,L,1B,,0,,,49,53,52,49,51,53,46,51,48,51,,,,,,,,,,,,45,46,43,39,51,0,0,51,42,43,,,,,,,,,,,,False,,,0,,,,,,0,50,,average
P5453,John,Doe,2001-08-16,73,213,Unknown,light,brown,clean_shaven,L,CF,,0,,,52,50,54,51,50,48,45,51,52,50,,,,,,,,,,,,58,62,64,61,50,0,0,51,64,56,,,,,,,,,,,,False,,,0,,,,,,0,50,,balanced
P8582,John,Doe,1988-12-30,73,246,Unknown,dark,blonde,goatee,R,C,,0,,,49,54,50,52,50,52,56,51,52,53,,,,,,,,,,,,48,51,45,51,50,0,0,51,48,50,,,,,,,,,,,,False,,,0,,,,,,0,50,,balanced
P6215,John,Doe,2004-01-11,76,248,Unknown,dark,black,clean_shaven,S,2B,,0,,,67,62,49,54,49,50,50,52,51,49,,,,,,,,,,,,81,67,61,62,49,0,0,52,64,58,,,,,,,,,,,,False,,,0,,,,,,0,50,,gap
P3357,John,Doe,2004-06-05,73,198,Unknown,medium,brown,clean_shaven,R,2B,,0,,,51,53,49,50,49,52,57,48,49,53,,,,,,,,,,,,63,67,70,78,49,0,0,48,59,66,,,,,,,,,,,,False,,,0,,,,,,0,50,,balanced
P6991,John,Doe,2004-08-13,77,248,Unknown,dark,black,clean_shaven,R,P,,1,RP,CL,,,,,55,,,,49,54,51,52,52,50,52,60,61,66,0,0,0,,,,,0,,,,74,78,79,65,68,64,62,80,91,89,0,0,0,False,,,0,,,,,,0,50,closer,
P3830,John,Doe,2004-05-17,69,184,Unknown,medium,black,beard,R,P,,1,RP,SP,,,,,49,,,,50,53,49,52,52,49,53,59,61,58,56,0,0,,,,,0,,,,78,71,77,65,76,68,73,79,87,81,71,0,0,False,,,0,,,,,,0,50,balanced_sp,
P5886,John,Doe,2005-05-18,71,185,Unknown,medium,black,clean_shaven,S,P,,1,RP,SP,,,,,53,,,,50,50,50,50,52,51,51,62,62,0,61,0,0,,,,,0,,,,62,79,68,75,74,74,77,81,80,0,80,0,0,False,,,0,,,,,,0,50,groundball_sp,
P6616,John,Doe,2006-03-18,70,225,Unknown,dark,brown,clean_shaven,L,P,,1,RP,RP,,,,,50,,,,49,52,49,53,52,52,52,59,60,0,0,0,0,,,,,0,,,,71,79,80,81,69,66,76,75,89,0,0,0,0,False,,,0,,,,,,0,50,finesse_rp,
P9591,John,Doe,2006-09-13,69,198,Unknown,dark,black,clean_shaven,R,P,,1,RP,RP,,,,,50,,,,51,51,52,50,52,50,51,60,60,0,0,0,0,,,,,0,,,,66,72,73,63,82,60,78,87,90,0,0,0,0,False,,,0,,,,,,0,50,finesse_rp,
P8718,John,Doe,2006-05-09,78,193,Unknown,medium,blonde,clean_shaven,S,CF,,0,,,51,47,70,50,54,50,51,52,52,50,,,,,,,,,,,,64,58,87,60,54,0,0,52,75,71,,,,,,,,,,,,False,,,0,,,,,,0,50,,speed
P8635,John,Doe,2005-01-18,77,226,Unknown,light,brown,clean_shaven,R,3B,,0,,,53,51,50,52,47,52,59,53,49,52,,,,,,,,,,,,69,73,71,66,47,0,0,53,77,76,,,,,,,,,,,,False,,,0,,,,,,0,50,,balanced
P8525,John,Doe,2007-04-07,71,167,Unknown,dark,brown,clean_shaven,R,LF,CF,0,,,55,60,52,52,48,47,58,52,50,51,,,,,,,,,,,,79,83,72,75,48,0,0,52,64,78,,,,,,,,,,,,False,,,0,,,,,,0,50,,gap
P7236,John,Doe,2006-02-21,71,242,Unknown,light,black,beard,R,3B,,0,,,49,60,52,50,50,52,56,51,51,52,,,,,,,,,,,,71,85,82,79,50,0,0,51,67,76,,,,,,,,,,,,False,,,0,,,,,,0,50,,power
P5030,John,Doe,2005-07-08,77,185,Unknown,light,black,clean_shaven,R,C,,0,,,49,51,50,52,52,49,60,50,52,51,,,,,,,,,,,,71,67,74,74,52,0,0,50,69,61,,,,,,,,,,,,False,,,0,,,,,,0,50,,average
P5603,John,Doe,1996-05-14,74,224,Unknown,light,black,clean_shaven,R,P,,1,RP,CL,,,,,55,,,,49,54,48,50,52,53,54,60,62,67,0,0,0,,,,,0,,,,52,53,55,55,46,50,52,58,59,64,0,0,0,False,,,0,,,,,,0,50,closer,
P4620,John,Doe,1997-04-28,68,172,Unknown,medium,black,clean_shaven,L,P,,1,RP,SP,,,,,52,,,,49,51,51,52,54,51,54,0,61,60,55,0,0,,,,,0,,,,52,56,54,54,50,55,49,0,56,57,50,0,0,False,,,0,,,,,,0,50,power_sp,
P7809,John,Doe,1996-07-05,76,231,Unknown,medium,brown,clean_shaven,R,P,,1,RP,SP,,,,,51,,,,50,51,53,50,52,50,50,60,0,61,58,0,0,,,,,0,,,,46,48,45,49,52,52,52,63,0,64,56,0,0,False,,,0,,,,,,0,50,groundball_sp,
P6998,John,Doe,2000-10-14,69,223,Unknown,light,brown,clean_shaven,R,P,,1,RP,SP,,,,,51,,,,50,51,53,51,54,53,52,0,62,59,57,0,0,,,,,0,,,,56,64,60,67,63,61,65,0,71,64,64,0,0,False,,,0,,,,,,0,50,groundball_sp,
P5741,John,Doe,2005-01-28,70,166,Unknown,dark,brown,clean_shaven,R,P,,1,RP,RP,,,,,50,,,,49,53,52,50,52,51,51,0,62,0,0,0,0,,,,,0,,,,79,65,69,73,76,77,77,0,81,0,0,0,0,False,,,0,,,,,,0,50,power_rp,
P3004,John,Doe,1992-05-15,68,229,Unknown,light,brown,clean_shaven,R,P,,1,RP,CL,,,,,49,,,,49,51,50,51,52,51,53,59,60,66,0,0,0,,,,,0,,,,41,41,41,52,48,44,44,49,52,57,0,0,0,False,,,0,,,,,,0,50,closer,
P2310,John,Doe,2001-06-08,78,232,Unknown,medium,brown,clean_shaven,L,P,,1,RP,RP,,,,,57,,,,50,51,50,50,52,50,51,0,0,0,63,0,0,,,,,0,,,,60,60,59,64,61,57,56,0,0,0,72,0,0,False,,,0,,,,,,0,50,groundball_rp,
P4102,John,Doe,2002-04-09,76,171,Unknown,dark,brown,clean_shaven,R,P,,1,RP,SP,,,,,51,,,,49,51,53,50,52,51,56,0,63,61,0,0,0,,,,,0,,,,56,62,58,62,68,61,69,0,74,68,0,0,0,False,,,0,,,,,,0,50,power_sp,
P2799,John,Doe,1994-12-25,74,235,Unknown,medium,black,goatee,R,P,,1,RP,RP,,,,,54,,,,48,49,48,50,53,53,53,59,0,0,61,0,0,,,,,0,,,,52,54,47,53,46,53,55,58,0,0,59,0,0,False,,,0,,,,,,0,50,groundball_rp,
P4530,John,Doe,1995-01-07,71,248,Unknown,medium,blonde,clean_shaven,L,P,,1,RP,RP,,,,,49,,,,49,54,49,50,53,52,54,0,61,63,0,0,0,,,,,0,,,,53,57,51,49,52,54,52,0,58,59,0,0,0,False,,,0,,,,,,0,50,power_rp,
P3793,John,Doe,1992-11-29,71,233,Unknown,dark,black,clean_shaven,R,P,,1,RP,SP,,,,,51,,,,51,53,51,51,52,50,49,63,58,61,0,57,0,,,,,0,,,,49,49,51,51,48,44,42,54,52,61,0,54,0,False,,,0,,,,,,0,50,workhorse_sp,
P1414,John,Doe,2003-04-17,68,177,Unknown,medium,brown,clean_shaven,R,C,,0,,,52,50,48,52,49,49,59,50,49,48,,,,,,,,,,,,57,64,55,62,49,0,0,50,55,60,,,,,,,,,,,,False,,,0,,,,,,0,50,,average
P8142,John,Doe,2002-01-29,70,203,Unknown,dark,blonde,goatee,L,1B,,0,,,53,61,50,49,51,52,48,48,50,52,,,,,,,,,,,,63,72,58,56,51,0,0,48,61,57,,,,,,,,,,,,False,,,0,,,,,,0,50,,power
P3803,John,Doe,1988-09-16,77,208,Unknown,dark,black,clean_shaven,R,2B,,0,,,51,51,51,50,51,51,59,48,48,53,,,,,,,,,,,,50,41,51,50,51,0,0,48,43,47,,,,,,,,,,,,False,,,0,,,,,,0,50,,average
P1263,John,Doe,1989-02-05,72,174,Unknown,light,brown,beard,R,3B,,0,,,51,48,52,49,48,49,57,52,48,51,,,,,,,,,,,,46,44,44,46,48,0,0,52,42,50,,,,,,,,,,,,False,,,0,,,,,,0,50,,average
P1727,John,Doe,1987-06-14,76,163,Unknown,medium,black,beard,L,SS,,0,,,52,48,70,51,53,46,52,50,49,53,,,,,,,,,,,,48,48,66,48,53,0,0,50,47,43,,,,,,,,,,,,False,,,0,,,,,,0,50,,speed
P9990,John,Doe,2000-05-23,70,213,Unknown,medium,brown,clean_shaven,R,LF,,0,,,52,51,71,50,53,49,54,50,50,52,,,,,,,,,,,,62,66,81,56,53,0,0,50,65,57,,,,,,,,,,,,False,,,0,,,,,,0,50,,speed
P8549,John,Doe,1993-02-07,69,220,Unknown,light,blonde,beard,R,CF,,0,,,53,50,70,53,50,51,55,50,50,48,,,,,,,,,,,,52,43,60,48,50,0,0,50,45,42,,,,,,,,,,,,False,,,0,,,,,,0,50,,speed
P4072,John,Doe,1988-12-18,69,248,Unknown,dark,blonde,mustache,L,RF,,0,,,52,49,49,51,49,49,43,50,50,49,,,,,,,,,,,,50,39,47,48,49,0,0,50,41,47,,,,,,,,,,,,False,,,0,,,,,,0,50,,average
P5809,John,Doe,1987-05-12,69,247,Unknown,light,black,clean_shaven,L,RF,,0,,,53,49,70,50,54,49,45,51,49,52,,,,,,,,,,,,44,43,70,43,54,0,0,51,48,45,,,,,,,,,,,,False,,,0,,,,,,0,50,,speed
P9404,John,Doe,1991-05-15,73,247,Unknown,dark,brown,clean_shaven,R,SS,,0,,,51,48,52,50,52,50,59,49,51,47,,,,,,,,,,,,50,48,48,42,52,0,0,49,50,41,,,,,,,,,,,,False,,,0,,,,,,0,50,,average
P2171,John,Doe,1990-02-27,75,194,Unknown,light,brown,beard,R,CF,,0,,,51,60,51,50,48,54,52,51,52,48,,,,,,,,,,,,45,52,45,46,48,0,0,51,49,47,,,,,,,,,,,,False,,,0,,,,,,0,50,,power
P9160,John,Doe,1994-09-29,75,215,Unknown,dark,black,clean_shaven,R,SS,,0,,,51,49,85,52,50,48,56,52,53,50,,,,,,,,,,,,49,48,88,53,50,0,0,52,57,53,,,,,,,,,,,,False,,,0,,,,,,0,50,,elite_speed
P1389,John,Doe,1993-03-15,75,206,Unknown,medium,blonde,clean_shaven,R,1B,,0,,,50,65,49,49,50,51,50,51,50,49,,,,,,,,,,,,46,62,41,49,50,0,0,51,46,41,,,,,,,,,,,,False,,,0,,,,,,0,50,,power
P7408,John,Doe,1988-11-13,75,223,Unknown,medium,brown,clean_shaven,R,2B,,0,,,54,49,72,53,54,50,59,49,50,52,,,,,,,,,,,,44,48,68,49,54,0,0,49,43,52,,,,,,,,,,,,False,,,0,,,,,,0,50,,speed
P6082,John,Doe,1995-02-24,77,189,Unknown,medium,black,beard,L,P,,1,RP,CL,,,,,55,,,,51,54,50,52,52,52,53,60,0,65,0,0,0,,,,,0,,,,54,58,56,57,50,50,56,59,0,70,0,0,0,False,,,0,,,,,,0,50,closer,
P2586,John,Doe,2003-10-10,72,191,Unknown,medium,brown,goatee,L,P,,1,RP,SP,,,,,48,,,,51,49,53,50,52,50,51,60,64,58,0,58,0,,,,,0,,,,61,57,61,57,67,58,61,75,70,67,0,70,0,False,,,0,,,,,,0,50,finesse_sp,
P4617,John,Doe,1988-09-22,69,242,Unknown,dark,black,clean_shaven,L,P,,1,RP,SP,,,,,52,,,,48,51,49,50,54,51,50,61,0,0,61,0,0,,,,,0,,,,45,50,45,51,45,45,49,58,0,0,55,0,0,False,,,0,,,,,,0,50,groundball_sp,
P4736,John,Doe,2004-10-03,71,179,Unknown,dark,brown,goatee,R,P,,1,RP,SP,,,,,72,,,,53,48,54,50,52,50,50,58,0,62,0,0,0,,,,,93,,,,77,63,79,81,76,80,71,80,0,86,0,0,0,False,,,0,,,,,,0,50,workhorse_sp,
P8807,John,Doe,1989-07-17,75,231,Unknown,medium,blonde,clean_shaven,R,P,,1,RP,SP,,,,,50,,,,51,50,54,50,52,50,53,61,60,60,0,57,0,,,,,0,,,,50,47,48,49,44,48,50,59,59,54,0,55,0,False,,,0,,,,,,0,50,balanced_sp,
P4275,John,Doe,1999-06-05,75,243,Unknown,medium,blonde,clean_shaven,R,P,,1,RP,CL,,,,,48,,,,49,50,48,50,53,53,55,58,61,67,0,0,0,,,,,0,,,,58,62,55,66,59,67,70,67,70,77,0,0,0,False,,,0,,,,,,0,50,closer,
P3574,John,Doe,1997-05-30,73,177,Unknown,dark,black,clean_shaven,L,P,,1,RP,RP,,,,,51,,,,50,48,50,50,52,51,53,61,60,0,0,56,0,,,,,0,,,,47,46,46,56,49,50,50,64,61,0,0,58,0,False,,,0,,,,,,0,50,finesse_rp,
P5031,John,Doe,1988-05-12,71,220,Unknown,dark,brown,goatee,R,RF,,0,,,49,50,70,50,52,51,54,50,49,50,,,,,,,,,,,,40,48,63,49,52,0,0,50,42,50,,,,,,,,,,,,False,,,0,,,,,,0,50,,speed
P1463,John,Doe,1993-05-20,76,177,Unknown,light,black,clean_shaven,R,C,,0,,,49,53,48,50,49,51,59,50,52,50,,,,,,,,,,,,45,48,39,42,49,0,0,50,48,40,,,,,,,,,,,,False,,,0,,,,,,0,50,,average
P9824,John,Doe,1987-11-29,68,216,Unknown,medium,brown,clean_shaven,L,LF,,0,,,54,50,53,53,51,49,48,52,48,51,,,,,,,,,,,,49,41,43,45,51,0,0,52,39,50,,,,,,,,,,,,False,,,0,,,,,,0,50,,balanced
P4614,John,Doe,1987-07-30,70,222,Unknown,light,black,beard,R,C,,0,,,60,52,54,53,49,46,57,51,51,50,,,,,,,,,,,,50,50,45,46,49,0,0,51,47,41,,,,,,,,,,,,False,,,0,,,,,,0,50,,spray
P3502,John,Doe,1988-01-06,75,162,Unknown,light,red,clean_shaven,L,1B,,0,,,51,55,51,50,51,51,47,48,49,52,,,,,,,,,,,,43,55,49,48,51,0,0,48,43,42,,,,,,,,,,,,False,,,0,,,,,,0,50,,balanced
P2109,John,Doe,1988-05-05,77,228,Unknown,light,black,clean_shaven,R,C,,0,,,52,53,48,52,48,51,56,49,50,52,,,,,,,,,,,,43,43,45,52,48,0,0,49,50,46,,,,,,,,,,,,False,,,0,,,,,,0,50,,balanced
P6512,John,Doe,1993-02-17,78,244,Unknown,light,black,clean_shaven,S,LF,,0,,,53,59,50,52,50,49,54,50,53,50,,,,,,,,,,,,43,56,43,52,50,0,0,50,53,47,,,,,,,,,,,,False,,,0,,,,,,0,50,,gap
P4291,John,Doe,1989-10-25,74,193,Unknown,medium,brown,beard,S,2B,,0,,,56,51,52,52,49,52,53,48,52,49,,,,,,,,,,,,54,48,48,46,49,0,0,48,42,39,,,,,,,,,,,,False,,,0,,,,,,0,50,,balanced
P9570,John,Doe,2004-11-21,74,167,Unknown,medium,red,clean_shaven,R,P,,1,RP,CL,,,,,55,,,,48,52,47,50,54,52,53,58,0,66,0,0,0,,,,,0,,,,66,81,64,77,63,75,81,70,0,93,0,0,0,False,,,0,,,,,,0,50,closer,
P8692,John,Doe,2005-03-14,72,208,Unknown,dark,brown,clean_shaven,L,P,,1,RP,SP,,,,,49,,,,52,52,52,52,54,49,55,0,62,63,0,0,0,,,,,0,,,,78,71,78,74,74,77,68,0,75,75,0,0,0,False,,,0,,,,,,0,50,power_sp,
P6986,John,Doe,2006-11-30,77,180,Unknown,light,black,clean_shaven,L,P,,1,RP,LR,,,,,51,,,,51,52,49,52,54,51,51,59,0,0,0,0,0,,,,,0,,,,66,69,79,84,71,79,74,85,0,0,0,0,0,False,,,0,,,,,,0,50,long_relief,
P9138,John,Doe,2007-12-13,77,203,Unknown,dark,blonde,clean_shaven,L,P,,1,RP,RP,,,,,49,,,,49,54,52,50,54,51,54,0,60,63,0,0,0,,,,,0,,,,71,79,70,82,76,72,76,0,80,91,0,0,0,False,,,0,,,,,,0,50,power_rp,
P8641,John,Doe,2004-11-17,75,203,Unknown,medium,black,clean_shaven,L,P,,1,RP,CL,,,,,50,,,,52,53,48,51,52,51,55,0,0,67,0,0,0,,,,,0,,,,62,70,68,82,63,71,85,0,0,96,0,0,0,False,,,0,,,,,,0,50,closer,
P5694,John,Doe,2005-07-22,76,222,Unknown,light,blonde,clean_shaven,R,2B,,0,,,49,48,50,49,51,50,60,51,51,48,,,,,,,,,,,,61,61,68,63,51,0,0,51,62,58,,,,,,,,,,,,False,,,0,,,,,,0,50,,average
P4424,John,Doe,2006-08-29,73,161,Unknown,light,black,clean_shaven,L,1B,,0,,,49,59,52,49,50,52,45,49,49,50,,,,,,,,,,,,62,69,82,65,50,0,0,49,70,77,,,,,,,,,,,,False,,,0,,,,,,0,50,,balanced
P9264,John,Doe,2006-06-20,75,175,Unknown,medium,brown,beard,R,1B,,0,,,55,55,48,51,51,50,56,51,50,52,,,,,,,,,,,,77,73,59,81,51,0,0,51,75,63,,,,,,,,,,,,False,,,0,,,,,,0,50,,gap
P8851,John,Doe,2004-09-24,73,235,Unknown,medium,black,clean_shaven,L,3B,,0,,,52,50,71,52,50,48,49,49,51,52,,,,,,,,,,,,63,73,99,80,50,0,0,49,62,66,,,,,,,,,,,,False,,,0,,,,,,0,50,,speed
P4663,John,Doe,2005-03-12,73,236,Unknown,light,brown,clean_shaven,R,CF,,0,,,52,50,85,50,49,50,56,51,48,50,,,,,,,,,,,,80,68,99,69,49,0,0,51,59,75,,,,,,,,,,,,False,,,0,,,,,,0,50,,elite_speed
P4804,John,Doe,1995-05-06,71,202,Unknown,dark,black,goatee,L,P,,1,RP,CL,,,,,55,,,,48,52,48,50,54,53,52,0,0,65,0,0,0,,,,,0,,,,51,50,52,50,48,56,47,0,0,70,0,0,0,False,,,0,,,,,,0,50,closer,
P4396,John,Doe,1991-01-19,70,250,Unknown,dark,brown,beard,R,P,,1,RP,CL,,,,,50,,,,50,54,50,53,57,52,52,58,58,65,0,0,0,,,,,0,,,,40,47,51,50,48,45,49,49,57,56,0,0,0,False,,,0,,,,,,0,50,closer,
P9559,John,Doe,1996-09-06,78,223,Unknown,light,black,clean_shaven,R,P,,1,RP,SP,,,,,52,,,,49,51,51,50,52,50,50,0,59,63,0,0,0,,,,,0,,,,47,51,45,52,49,49,50,0,54,60,0,0,0,False,,,0,,,,,,0,50,workhorse_sp,
P3017,John,Doe,1999-10-07,70,211,Unknown,medium,black,beard,L,P,,1,RP,RP,,,,,58,,,,49,50,51,51,52,52,52,57,63,0,0,0,0,,,,,72,,,,60,58,61,64,61,61,58,66,69,0,0,0,0,False,,,0,,,,,,0,50,finesse_rp,
P7903,John,Doe,2004-04-30,77,249,Unknown,dark,blonde,goatee,R,P,,1,RP,SP,,,,,50,,,,52,49,50,53,52,53,50,59,60,59,0,0,0,,,,,0,,,,70,75,67,71,60,78,74,85,87,78,0,0,0,False,,,0,,,,,,0,50,workhorse_sp,
P5026,John,Doe,1989-12-27,68,165,Unknown,medium,black,clean_shaven,R,P,,1,RP,RP,,,,,54,,,,49,48,51,50,54,51,53,0,0,0,60,0,0,,,,,0,,,,48,43,49,52,41,41,46,0,0,0,50,0,0,False,,,0,,,,,,0,50,groundball_rp,
P1628,John,Doe,1993-06-24,72,163,Unknown,medium,black,clean_shaven,R,P,,1,RP,SP,,,,,54,,,,51,51,50,50,54,51,51,60,58,0,62,0,0,,,,,0,,,,44,42,41,49,44,43,51,56,50,0,55,0,0,False,,,0,,,,,,0,50,groundball_sp,
P4700,John,Doe,1992-07-21,68,232,Unknown,medium,brown,clean_shaven,R,P,,1,RP,SP,,,,,50,,,,51,48,52,52,52,47,50,62,62,58,0,0,0,,,,,0,,,,47,45,44,44,46,41,50,55,59,56,0,0,0,False,,,0,,,,,,0,50,workhorse_sp,
P2225,John,Doe,1999-01-01,68,237,Unknown,medium,brown,beard,R,P,,1,RP,RP,,,,,51,,,,51,52,52,50,52,53,54,0,64,0,0,0,0,,,,,0,,,,63,57,59,64,65,63,61,0,75,0,0,0,0,False,,,0,,,,,,0,50,power_rp,
P2747,John,Doe,2003-01-27,74,237,Unknown,medium,black,clean_shaven,R,P,,1,RP,SP,,,,,51,,,,53,53,54,53,52,50,53,59,63,58,0,0,0,,,,,0,,,,67,63,62,59,69,56,65,70,72,64,0,0,0,False,,,0,,,,,,0,50,workhorse_sp,
P3109,John,Doe,1988-10-17,71,250,Unknown,light,brown,beard,R,P,,1,RP,SP,,,,,49,,,,51,53,50,50,52,49,50,0,61,61,0,53,0,,,,,0,,,,45,47,44,47,48,40,48,0,56,54,0,48,0,False,,,0,,,,,,0,50,power_sp,
P3260,John,Doe,1996-08-25,71,249,Unknown,medium,brown,mustache,S,C,,0,,,65,53,52,52,50,49,51,50,49,49,,,,,,,,,,,,61,58,47,55,50,0,0,50,50,53,,,,,,,,,,,,False,,,0,,,,,,0,50,,spray
P7946,John,Doe,1993-07-16,68,201,Unknown,dark,black,clean_shaven,L,1B,,0,,,62,51,50,49,51,50,49,52,52,49,,,,,,,,,,,,56,41,43,48,51,0,0,52,44,43,,,,,,,,,,,,False,,,0,,,,,,0,50,,spray
P7547,John,Doe,2001-04-10,77,173,Unknown,light,black,clean_shaven,L,2B,,0,,,51,50,49,50,53,52,50,52,48,50,,,,,,,,,,,,58,63,60,55,53,0,0,52,54,65,,,,,,,,,,,,False,,,0,,,,,,0,50,,balanced
P5610,John,Doe,1988-10-16,70,216,Unknown,light,black,clean_shaven,R,3B,,0,,,52,58,48,50,48,49,57,50,50,51,,,,,,,,,,,,51,50,40,47,48,0,0,50,43,49,,,,,,,,,,,,False,,,0,,,,,,0,50,,power
P7013,John,Doe,2002-01-21,75,237,Unknown,dark,blonde,clean_shaven,R,SS,,0,,,49,53,54,49,52,48,57,52,52,51,,,,,,,,,,,,56,58,63,61,52,0,0,52,59,56,,,,,,,,,,,,False,,,0,,,,,,0,50,,balanced
P3134,John,Doe,1990-11-20,76,204,Unknown,dark,black,goatee,L,LF,,0,,,54,52,70,51,52,50,46,49,49,50,,,,,,,,,,,,54,46,66,50,52,0,0,49,42,49,,,,,,,,,,,,False,,,0,,,,,,0,50,,speed
P5704,John,Doe,1992-01-23,78,238,Unknown,medium,black,goatee,R,CF,,0,,,50,50,49,49,50,54,51,48,52,52,,,,,,,,,,,,49,41,43,46,50,0,0,48,42,46,,,,,,,,,,,,False,,,0,,,,,,0,50,,balanced
P6668,John,Doe,1998-12-07,78,217,Unknown,medium,brown,clean_shaven,S,RF,,0,,,53,53,51,52,48,52,53,50,49,50,,,,,,,,,,,,68,65,58,58,48,0,0,50,56,56,,,,,,,,,,,,False,,,0,,,,,,0,50,,balanced
P1321,John,Doe,1997-01-21,75,177,Unknown,light,blonde,clean_shaven,L,LF,,0,,,50,64,50,51,51,50,50,51,51,52,,,,,,,,,,,,50,69,47,46,51,0,0,51,47,47,,,,,,,,,,,,False,,,0,,,,,,0,50,,power
P2989,John,Doe,1999-12-08,70,241,Unknown,light,black,beard,R,LF,,0,,,52,49,50,50,52,51,54,50,51,49,,,,,,,,,,,,63,56,58,56,52,0,0,50,57,56,,,,,,,,,,,,False,,,0,,,,,,0,50,,average
P6708,John,Doe,1991-07-27,73,219,Unknown,medium,black,clean_shaven,R,CF,,0,,,53,52,51,50,51,51,58,49,48,52,,,,,,,,,,,,46,43,47,43,51,0,0,49,48,51,,,,,,,,,,,,False,,,0,,,,,,0,50,,gap
P6188,John,Doe,1993-07-07,78,187,Unknown,medium,brown,mustache,R,C,,0,,,49,51,49,51,51,49,58,48,50,53,,,,,,,,,,,,40,47,43,48,51,0,0,48,46,47,,,,,,,,,,,,False,,,0,,,,,,0,50,,average
P2607,John,Doe,1999-11-29,78,230,Unknown,light,black,clean_shaven,R,C,,0,,,54,48,85,53,50,52,58,52,50,52,,,,,,,,,,,,60,53,92,65,50,0,0,52,55,63,,,,,,,,,,,,False,,,0,,,,,,0,50,,elite_speed
P3118,John,Doe,1994-09-17,71,166,Unknown,medium,black,clean_shaven,R,C,,0,,,51,51,49,50,49,49,58,49,53,49,,,,,,,,,,,,52,52,45,47,49,0,0,49,55,53,,,,,,,,,,,,False,,,0,,,,,,0,50,,average
P1080,John,Doe,1998-05-17,74,196,Unknown,medium,black,beard,S,P,,1,RP,CL,,,,,55,,,,49,52,51,53,54,53,53,0,0,65,0,0,0,,,,,0,,,,60,57,66,59,64,60,61,0,0,75,0,0,0,False,,,0,,,,,,0,50,closer,
P7157,John,Doe,1997-04-27,77,173,Unknown,light,brown,mustache,L,P,,1,RP,LR,,,,,52,,,,52,49,51,50,52,53,50,61,59,65,0,0,0,,,,,0,,,,49,45,47,48,49,48,49,65,64,66,0,0,0,False,,,0,,,,,,0,50,long_relief,
P5272,John,Doe,1988-05-23,75,208,Unknown,dark,brown,beard,S,P,,1,RP,SP,,,,,48,,,,51,52,53,53,52,50,52,60,64,0,56,0,0,,,,,0,,,,49,47,51,50,49,42,49,57,62,0,52,0,0,False,,,0,,,,,,0,50,finesse_sp,
P2759,John,Doe,1994-01-02,69,172,Unknown,medium,black,clean_shaven,L,P,,1,RP,SP,,,,,47,,,,50,53,53,50,54,49,50,58,60,64,0,0,0,,,,,0,,,,44,44,45,47,43,49,48,49,53,59,0,0,0,False,,,0,,,,,,0,50,power_sp,
P4882,John,Doe,1988-06-29,78,215,Unknown,dark,black,beard,R,P,,1,RP,SP,,,,,48,,,,51,50,54,52,52,51,52,0,59,58,0,0,0,,,,,0,,,,48,45,46,49,54,41,44,0,55,48,0,0,0,False,,,0,,,,,,0,50,balanced_sp,
P2306,John,Doe,2002-07-15,78,225,Unknown,medium,blonde,clean_shaven,R,P,,1,RP,SP,,,,,48,,,,50,51,52,50,54,52,51,58,62,60,0,57,0,,,,,0,,,,60,64,64,60,65,61,59,71,74,68,0,67,0,False,,,0,,,,,,0,50,workhorse_sp,
P5018,John,Doe,2001-05-20,74,164,Unknown,light,black,clean_shaven,R,P,,1,RP,RP,,,,,50,,,,49,51,50,50,52,52,51,60,61,0,59,0,0,,,,,0,,,,64,66,61,62,65,64,59,66,71,0,67,0,0,False,,,0,,,,,,0,50,finesse_rp,
P8727,John,Doe,1987-03-08,70,166,Unknown,dark,brown,goatee,L,CF,,0,,,51,53,52,52,52,51,46,47,49,51,,,,,,,,,,,,51,46,45,49,52,0,0,47,47,46,,,,,,,,,,,,False,,,0,,,,,,0,50,,balanced
P8403,John,Doe,2004-05-06,72,244,Unknown,medium,blonde,clean_shaven,S,CF,,0,,,59,50,49,53,50,49,50,53,49,51,,,,,,,,,,,,89,68,73,81,50,0,0,53,79,81,,,,,,,,,,,,False,,,0,,,,,,0,50,,spray
P6431,John,Doe,2000-01-02,70,171,Unknown,medium,brown,clean_shaven,R,3B,,0,,,50,56,47,51,47,53,56,49,52,49,,,,,,,,,,,,56,67,56,66,47,0,0,49,65,55,,,,,,,,,,,,False,,,0,,,,,,0,50,,power
P7564,John,Doe,1990-04-11,76,214,Unknown,light,brown,mustache,S,3B,,0,,,49,57,51,50,48,51,55,51,48,49,,,,,,,,,,,,40,53,45,42,48,0,0,51,44,39,,,,,,,,,,,,False,,,0,,,,,,0,50,,power
P7658,John,Doe,1993-11-01,77,229,Unknown,dark,black,clean_shaven,R,SS,,0,,,52,50,89,52,53,47,57,48,53,49,,,,,,,,,,,,47,49,80,52,53,0,0,48,51,43,,,,,,,,,,,,False,,,0,,,,,,0,50,,speed
P6653,John,Doe,1993-12-19,73,211,Unknown,medium,brown,mustache,R,CF,,0,,,54,61,48,50,50,51,53,52,48,49,,,,,,,,,,,,53,61,40,42,50,0,0,52,48,42,,,,,,,,,,,,False,,,0,,,,,,0,50,,power
P5008,John,Doe,1987-04-15,75,248,Unknown,medium,brown,clean_shaven,L,1B,,0,,,50,52,70,50,51,51,49,49,50,49,,,,,,,,,,,,47,50,66,49,51,0,0,49,46,43,,,,,,,,,,,,False,,,0,,,,,,0,50,,speed
P9394,John,Doe,1991-09-15,78,195,Unknown,light,brown,goatee,R,C,,0,,,49,51,48,49,50,51,55,50,49,52,,,,,,,,,,,,43,43,45,47,50,0,0,50,42,44,,,,,,,,,,,,False,,,0,,,,,,0,50,,average
P3041,John,Doe,2005-06-04,78,222,Unknown,dark,brown,clean_shaven,R,P,,1,RP,CL,,,,,55,,,,51,54,47,52,54,52,54,0,62,65,0,0,0,,,,,0,,,,71,72,81,82,69,71,82,0,76,94,0,0,0,False,,,0,,,,,,0,50,closer,
P5825,John,Doe,2006-09-06,76,164,Unknown,dark,black,goatee,L,P,,1,RP,SP,,,,,51,,,,50,50,53,50,53,53,52,61,62,58,61,0,0,,,,,0,,,,70,73,66,80,81,65,82,71,83,69,88,0,0,False,,,0,,,,,,0,50,groundball_sp,
P4749,John,Doe,2004-10-11,68,233,Unknown,dark,blonde,clean_shaven,R,P,,1,RP,SP,,,,,51,,,,52,49,52,50,53,52,51,62,61,59,61,0,0,,,,,0,,,,74,74,64,79,81,70,66,75,89,78,72,0,0,False,,,0,,,,,,0,50,groundball_sp,
P3700,John,Doe,2006-06-28,73,212,Unknown,medium,brown,clean_shaven,S,P,,1,RP,SP,,,,,53,,,,51,50,52,51,52,51,49,0,0,59,57,0,0,,,,,0,,,,68,71,66,79,73,65,75,0,0,86,87,0,0,False,,,0,,,,,,0,50,groundball_sp,
P5491,John,Doe,2005-05-28,71,218,Unknown,medium,brown,goatee,L,P,,1,RP,RP,,,,,48,,,,49,52,51,52,54,49,54,0,62,64,0,0,0,,,,,0,,,,78,77,72,79,61,60,74,0,73,89,0,0,0,False,,,0,,,,,,0,50,power_rp,
P3836,John,Doe,2006-02-26,77,209,Unknown,medium,brown,beard,R,RF,,0,,,52,51,49,52,48,50,54,48,48,48,,,,,,,,,,,,71,71,77,73,48,0,0,48,65,61,,,,,,,,,,,,False,,,0,,,,,,0,50,,gap
P7455,John,Doe,2005-02-28,78,173,Unknown,dark,brown,clean_shaven,R,2B,,0,,,49,61,51,52,50,50,58,51,49,50,,,,,,,,,,,,78,71,76,72,50,0,0,51,77,70,,,,,,,,,,,,False,,,0,,,,,,0,50,,power
P3191,John,Doe,2006-02-13,73,216,Unknown,medium,black,goatee,R,3B,,0,,,49,57,50,51,49,51,59,52,51,52,,,,,,,,,,,,66,68,80,77,49,0,0,52,78,69,,,,,,,,,,,,False,,,0,,,,,,0,50,,power
P8427,John,Doe,2005-12-15,68,243,Unknown,dark,brown,clean_shaven,L,RF,,0,,,51,60,50,51,49,51,47,49,51,48,,,,,,,,,,,,65,78,66,77,49,0,0,49,72,62,,,,,,,,,,,,False,,,0,,,,,,0,50,,power
P5420,John,Doe,2005-11-14,69,227,Unknown,medium,brown,clean_shaven,L,CF,,0,,,52,48,51,51,51,52,44,50,52,53,,,,,,,,,,,,77,66,61,72,51,0,0,50,78,70,,,,,,,,,,,,False,,,0,,,,,,0,50,,average
P6997,John,Doe,1999-09-18,76,245,Unknown,light,black,clean_shaven,R,P,,1,RP,CL,,,,,55,,,,52,54,50,50,53,49,55,0,0,65,0,0,0,,,,,0,,,,64,67,61,61,63,60,60,0,0,70,0,0,0,False,,,0,,,,,,0,50,closer,
P9088,John,Doe,1998-03-06,74,177,Unknown,medium,black,clean_shaven,R,P,,1,RP,SP,,,,,50,,,,50,48,50,53,52,48,51,60,0,0,58,0,0,,,,,0,,,,61,61,61,61,64,59,61,69,0,0,71,0,0,False,,,0,,,,,,0,50,groundball_sp,
P8928,John,Doe,1996-09-13,70,233,Unknown,dark,black,goatee,L,P,,1,RP,RP,,,,,50,,,,51,54,50,50,52,50,53,0,59,63,62,0,0,,,,,0,,,,49,50,54,49,48,46,49,0,54,66,64,0,0,False,,,0,,,,,,0,50,power_rp,
P6227,John,Doe,1998-08-17,69,191,Unknown,medium,brown,beard,S,P,,1,RP,RP,,,,,50,,,,50,54,49,51,52,53,53,0,0,66,0,0,0,,,,,0,,,,58,61,56,66,54,58,65,0,0,75,0,0,0,False,,,0,,,,,,0,50,power_rp,
P2896,John,Doe,2003-03-13,68,213,Unknown,medium,blonde,mustache,R,P,,1,RP,SP,,,,,50,,,,48,50,51,52,52,48,49,58,60,62,0,57,0,,,,,0,,,,59,59,66,59,57,60,62,68,75,75,0,65,0,False,,,0,,,,,,0,50,balanced_sp,
P2137,John,Doe,1992-09-19,73,243,Unknown,medium,black,clean_shaven,S,P,,1,RP,RP,,,,,53,,,,48,48,51,50,54,51,52,0,59,0,0,0,0,,,,,0,,,,38,46,46,52,45,51,52,0,56,0,0,0,0,False,,,0,,,,,,0,50,finesse_rp,
P4101,John,Doe,1994-11-05,68,237,Unknown,dark,black,beard,L,P,,1,RP,SP,,,,,49,,,,52,53,50,50,52,52,54,0,61,58,0,58,0,,,,,0,,,,51,48,50,57,49,50,53,0,59,57,0,62,0,False,,,0,,,,,,0,50,power_sp,
P6705,John,Doe,1989-11-21,73,186,Unknown,medium,brown,goatee,R,P,,1,RP,SP,,,,,49,,,,49,52,54,50,52,48,51,61,62,0,0,0,0,,,,,0,,,,40,46,47,43,46,42,48,56,61,0,0,0,0,False,,,0,,,,,,0,50,balanced_sp,
P9755,John,Doe,1995-02-20,70,197,Unknown,light,brown,clean_shaven,L,P,,1,RP,RP,,,,,55,,,,51,50,48,50,54,51,52,57,0,67,61,0,0,,,,,0,,,,55,48,53,57,47,53,55,61,0,64,56,0,0,False,,,0,,,,,,0,50,groundball_rp,
P4606,John,Doe,2003-12-26,71,244,Unknown,medium,brown,clean_shaven,L,P,,1,RP,SP,,,,,51,,,,48,50,52,50,53,48,50,61,62,59,0,0,0,,,,,0,,,,60,55,55,58,66,63,61,70,74,74,0,0,0,False,,,0,,,,,,0,50,balanced_sp,
P6590,John,Doe,1993-07-19,70,230,Unknown,dark,black,clean_shaven,R,P,,1,RP,SP,,,,,52,,,,51,51,52,51,52,49,52,58,61,58,0,56,0,,,,,0,,,,41,50,48,42,48,45,52,57,51,48,0,47,0,False,,,0,,,,,,0,50,balanced_sp,
P5846,John,Doe,1996-06-15,77,193,Unknown,dark,blonde,clean_shaven,R,C,,0,,,53,53,47,52,52,53,55,51,51,51,,,,,,,,,,,,53,57,50,49,52,0,0,51,55,49,,,,,,,,,,,,False,,,0,,,,,,0,50,,balanced
P7209,John,Doe,1995-01-25,78,167,Unknown,medium,black,clean_shaven,S,1B,,0,,,53,59,49,52,50,49,52,48,51,52,,,,,,,,,,,,49,56,48,56,50,0,0,48,55,55,,,,,,,,,,,,False,,,0,,,,,,0,50,,gap
P9526,John,Doe,2001-11-13,71,190,Unknown,light,brown,goatee,R,2B,,0,,,51,52,52,50,49,50,56,52,52,50,,,,,,,,,,,,57,61,67,64,49,0,0,52,58,63,,,,,,,,,,,,False,,,0,,,,,,0,50,,gap
P8672,John,Doe,1996-09-14,70,216,Unknown,medium,black,clean_shaven,R,3B,,0,,,52,49,49,51,51,47,57,52,52,49,,,,,,,,,,,,49,52,48,56,51,0,0,52,54,54,,,,,,,,,,,,False,,,0,,,,,,0,50,,balanced
P2072,John,Doe,2002-07-31,71,242,Unknown,medium,brown,mustache,R,SS,,0,,,59,53,49,53,49,51,61,51,48,49,,,,,,,,,,,,66,60,61,62,49,0,0,51,59,54,,,,,,,,,,,,False,,,0,,,,,,0,50,,gap
P2812,John,Doe,1997-06-04,77,184,Unknown,medium,black,clean_shaven,R,LF,,0,,,58,49,49,52,52,50,55,49,48,52,,,,,,,,,,,,53,45,49,55,52,0,0,49,51,50,,,,,,,,,,,,False,,,0,,,,,,0,50,,spray
P4545,John,Doe,1989-10-17,77,186,Unknown,medium,black,clean_shaven,R,CF,,0,,,51,55,51,50,51,49,56,50,49,51,,,,,,,,,,,,41,54,47,41,51,0,0,50,41,41,,,,,,,,,,,,False,,,0,,,,,,0,50,,gap
P3361,John,Doe,2001-03-26,78,162,Unknown,light,black,clean_shaven,R,RF,,0,,,53,64,48,52,51,50,52,51,49,52,,,,,,,,,,,,59,72,62,58,51,0,0,51,60,62,,,,,,,,,,,,False,,,0,,,,,,0,50,,power
P7717,John,Doe,1992-03-24,76,160,Unknown,dark,black,beard,R,3B,RF,0,,,51,51,49,50,48,50,59,52,48,49,,,,,,,,,,,,41,48,42,40,48,0,0,52,42,46,,,,,,,,,,,,False,,,0,,,,,,0,50,,average
P4149,John,Doe,2004-01-13,73,248,Unknown,light,brown,clean_shaven,S,LF,,0,,,52,53,48,52,50,52,53,49,49,50,,,,,,,,,,,,67,64,56,66,50,0,0,49,60,60,,,,,,,,,,,,False,,,0,,,,,,0,50,,balanced
P8355,John,Doe,1989-02-26,70,178,Unknown,light,black,beard,R,C,,0,,,50,52,50,51,49,51,57,51,51,48,,,,,,,,,,,,43,44,42,51,49,0,0,51,42,42,,,,,,,,,,,,False,,,0,,,,,,0,50,,balanced
P2839,John,Doe,1997-10-14,74,238,Unknown,medium,brown,clean_shaven,L,CF,,0,,,51,51,53,51,52,49,50,51,47,48,,,,,,,,,,,,53,53,55,52,52,0,0,51,47,46,,,,,,,,,,,,False,,,0,,,,,,0,50,,balanced
P9143,John,Doe,1987-11-12,68,161,Unknown,dark,black,beard,S,C,,0,,,49,49,51,50,52,51,54,52,52,50,,,,,,,,,,,,41,47,44,46,52,0,0,52,47,42,,,,,,,,,,,,False,,,0,,,,,,0,50,,balanced
P3317,John,Doe,1989-12-19,68,167,Unknown,medium,brown,beard,S,1B,,0,,,49,63,50,49,48,50,54,52,48,50,,,,,,,,,,,,42,59,46,43,48,0,0,52,41,44,,,,,,,,,,,,False,,,0,,,,,,0,50,,power
P7365,John,Doe,1989-05-01,71,182,Unknown,dark,brown,goatee,L,P,,1,RP,CL,,,,,55,,,,49,52,51,53,53,50,52,56,62,66,0,0,0,,,,,0,,,,45,52,45,43,44,48,44,48,58,65,0,0,0,False,,,0,,,,,,0,50,closer,
P9804,John,Doe,1996-08-21,77,219,Unknown,light,brown,clean_shaven,R,P,,1,RP,RP,,,,,56,,,,48,53,50,50,52,52,51,0,58,0,61,0,0,,,,,0,,,,53,49,55,55,49,54,54,0,62,0,64,0,0,False,,,0,,,,,,0,50,groundball_rp,
P9955,John,Doe,1992-12-15,75,205,Unknown,dark,brown,clean_shaven,L,P,,1,RP,RP,,,,,54,,,,47,52,48,51,53,51,50,0,60,0,0,0,0,,,,,0,,,,42,51,47,52,38,49,48,0,58,0,0,0,0,False,,,0,,,,,,0,50,finesse_rp,
P8443,John,Doe,2000-03-30,70,179,Unknown,light,brown,clean_shaven,L,P,,1,RP,RP,,,,,49,,,,48,52,50,50,52,50,51,0,0,66,0,0,0,,,,,0,,,,57,67,63,65,55,64,57,0,0,76,0,0,0,False,,,0,,,,,,0,50,power_rp,
P7539,John,Doe,1990-02-11,78,197,Unknown,light,black,beard,L,P,,1,RP,RP,,,,,57,,,,50,50,50,50,53,53,51,0,61,66,64,0,0,,,,,0,,,,45,42,47,51,48,50,42,0,52,64,58,0,0,False,,,0,,,,,,0,50,groundball_rp,
P1115,John,Doe,1996-09-25,77,166,Unknown,dark,black,beard,L,P,,1,RP,SP,,,,,48,,,,51,49,49,52,53,53,53,60,62,60,0,0,0,,,,,0,,,,56,46,52,52,52,54,56,63,67,63,0,0,0,False,,,0,,,,,,0,50,balanced_sp,
P1756,John,Doe,1996-05-15,74,188,Unknown,light,black,clean_shaven,S,P,,1,RP,SP,,,,,30,,,,48,51,53,50,52,52,52,62,0,0,62,0,0,,,,,26,,,,44,48,52,52,48,49,57,63,0,0,58,0,0,False,,,0,,,,,,0,50,groundball_sp,
P9322,John,Doe,1988-09-16,69,233,Unknown,medium,brown,clean_shaven,S,SS,,0,,,53,50,70,52,51,50,52,50,48,49,,,,,,,,,,,,52,48,70,44,51,0,0,50,46,44,,,,,,,,,,,,False,,,0,,,,,,0,50,,speed
P4599,John,Doe,2000-12-11,78,187,Unknown,medium,brown,beard,R,1B,,0,,,51,58,51,49,47,51,54,50,50,51,,,,,,,,,,,,59,63,64,63,47,0,0,50,55,60,,,,,,,,,,,,False,,,0,,,,,,0,50,,gap
P7429,John,Doe,1990-10-03,72,164,Unknown,medium,blonde,mustache,L,LF,,0,,,49,64,52,50,49,52,48,49,52,53,,,,,,,,,,,,41,63,46,43,49,0,0,49,43,51,,,,,,,,,,,,False,,,0,,,,,,0,50,,power
P9313,John,Doe,2000-04-17,70,237,Unknown,medium,brown,mustache,L,SS,,0,,,53,52,53,49,52,53,50,49,51,48,,,,,,,,,,,,61,61,60,58,52,0,0,49,61,60,,,,,,,,,,,,False,,,0,,,,,,0,50,,balanced
P4154,John,Doe,1998-05-16,75,181,Unknown,light,black,clean_shaven,S,C,,0,,,48,54,49,49,49,50,51,50,53,53,,,,,,,,,,,,54,67,64,63,49,0,0,50,58,59,,,,,,,,,,,,False,,,0,,,,,,0,50,,power
P9698,John,Doe,1990-07-09,72,244,Unknown,medium,brown,goatee,L,CF,,0,,,54,53,52,50,51,52,44,52,48,51,,,,,,,,,,,,48,45,42,43,51,0,0,52,38,42,,,,,,,,,,,,False,,,0,,,,,,0,50,,balanced
P7420,John,Doe,1996-08-07,76,224,Unknown,dark,brown,clean_shaven,L,RF,,0,,,49,60,51,50,47,49,48,52,49,51,,,,,,,,,,,,44,58,51,45,47,0,0,52,45,47,,,,,,,,,,,,False,,,0,,,,,,0,50,,power
P7336,John,Doe,1987-11-22,68,201,Unknown,light,blonde,beard,R,RF,,0,,,53,57,53,51,49,49,54,47,51,52,,,,,,,,,,,,49,47,46,50,49,0,0,47,47,51,,,,,,,,,,,,False,,,0,,,,,,0,50,,balanced
P2771,John,Doe,2006-04-01,71,179,Unknown,medium,black,clean_shaven,L,P,,1,RP,CL,,,,,55,,,,51,53,50,50,53,49,54,59,0,65,0,0,0,,,,,0,,,,65,72,76,78,76,62,68,73,0,88,0,0,0,False,,,0,,,,,,0,50,closer,
P7759,John,Doe,2006-01-14,75,201,Unknown,dark,brown,clean_shaven,L,P,,1,RP,SP,,,,,52,,,,51,49,54,51,53,49,52,0,61,57,61,0,0,,,,,0,,,,72,63,73,81,68,65,70,0,81,84,86,0,0,False,,,0,,,,,,0,50,groundball_sp,
P3351,John,Doe,2007-02-09,68,208,Unknown,medium,brown,clean_shaven,S,P,,1,RP,RP,,,,,49,,,,48,51,49,50,52,50,52,0,62,65,0,0,0,,,,,0,,,,64,68,77,70,66,70,75,0,90,81,0,0,0,False,,,0,,,,,,0,50,power_rp,
P8281,John,Doe,2005-08-06,73,239,Unknown,medium,blonde,clean_shaven,R,P,,1,RP,SP,,,,,50,,,,48,49,52,51,53,52,52,61,60,0,58,0,0,,,,,0,,,,76,75,78,77,66,62,68,76,88,0,87,0,0,False,,,0,,,,,,0,50,finesse_sp,
P7689,John,Doe,2008-01-31,71,242,Unknown,medium,brown,clean_shaven,R,P,,1,RP,SP,,,,,48,,,,50,49,54,51,53,50,48,58,61,0,0,0,0,,,,,0,,,,70,63,75,68,83,64,75,71,91,0,0,0,0,False,,,0,,,,,,0,50,finesse_sp,
P4013,John,Doe,2006-01-20,71,208,Unknown,medium,black,clean_shaven,L,CF,,0,,,54,53,51,53,53,49,48,47,49,51,,,,,,,,,,,,69,66,70,73,53,0,0,47,59,73,,,,,,,,,,,,False,,,0,,,,,,0,50,,balanced
P4527,John,Doe,2004-09-30,77,236,Unknown,dark,black,clean_shaven,R,2B,3B,0,,,55,52,48,54,47,47,58,48,53,53,,,,,,,,,,,,73,63,70,68,47,0,0,48,73,80,,,,,,,,,,,,False,,,0,,,,,,0,50,,gap
P2033,John,Doe,2005-06-10,76,223,Unknown,medium,black,goatee,L,1B,,0,,,48,65,50,48,49,53,47,50,50,52,,,,,,,,,,,,74,90,65,75,49,0,0,50,60,63,,,,,,,,,,,,False,,,0,,,,,,0,50,,power
P8312,John,Doe,2005-07-14,77,208,Unknown,light,black,beard,R,SS,,0,,,60,49,51,59,50,48,58,51,52,49,,,,,,,,,,,,71,61,78,88,50,0,0,51,77,61,,,,,,,,,,,,False,,,0,,,,,,0,50,,spray
P4634,John,Doe,2005-09-07,70,245,Unknown,dark,brown,clean_shaven,R,RF,,0,,,51,53,51,52,51,53,52,51,49,53,,,,,,,,,,,,70,82,81,80,51,0,0,51,59,80,,,,,,,,,,,,False,,,0,,,,,,0,50,,average
P5940,John,Doe,1989-04-10,70,179,Unknown,light,black,clean_shaven,S,P,,1,RP,CL,,,,,55,,,,52,51,51,52,52,50,52,58,59,65,0,0,0,,,,,0,,,,48,46,42,51,47,43,43,48,57,61,0,0,0,False,,,0,,,,,,0,50,closer,
P9895,John,Doe,1993-01-19,70,241,Unknown,light,brown,beard,R,P,,1,RP,RP,,,,,52,,,,51,54,50,50,52,51,54,0,63,0,0,0,0,,,,,0,,,,49,52,40,43,43,41,50,0,57,0,0,0,0,False,,,0,,,,,,0,50,power_rp,
P4193,John,Doe,1999-08-29,77,219,Unknown,light,brown,clean_shaven,L,P,,1,RP,RP,,,,,51,,,,49,52,48,50,52,52,51,59,62,67,0,0,0,,,,,0,,,,59,59,63,65,61,65,56,68,73,77,0,0,0,False,,,0,,,,,,0,50,power_rp,
P1425,John,Doe,1993-01-30,72,167,Unknown,dark,blonde,clean_shaven,L,P,,1,RP,SP,,,,,52,,,,48,51,54,50,52,48,51,61,59,58,0,0,0,,,,,0,,,,43,41,46,44,50,41,49,57,56,49,0,0,0,False,,,0,,,,,,0,50,workhorse_sp,
P5322,John,Doe,2002-06-11,73,223,Unknown,medium,brown,clean_shaven,L,P,,1,RP,SP,,,,,50,,,,53,48,53,50,52,51,50,62,63,0,0,0,0,,,,,0,,,,63,61,55,63,68,64,65,76,75,0,0,0,0,False,,,0,,,,,,0,50,finesse_sp,
P5424,John,Doe,1987-07-13,77,230,Unknown,medium,black,beard,R,P,,1,RP,SP,,,,,52,,,,49,52,50,52,53,50,54,62,0,58,0,0,0,,,,,0,,,,43,51,44,51,40,43,45,60,0,53,0,0,0,False,,,0,,,,,,0,50,balanced_sp,
P8092,John,Doe,1990-12-27,69,235,Unknown,light,brown,clean_shaven,L,P,,1,RP,SP,,,,,48,,,,51,51,53,51,53,48,53,61,61,62,0,0,0,,,,,0,,,,44,41,50,47,45,45,43,53,60,60,0,0,0,False,,,0,,,,,,0,50,balanced_sp,
P6648,John,Doe,2003-02-12,72,220,Unknown,light,black,clean_shaven,L,P,,1,RP,RP,,,,,48,,,,49,50,51,50,52,52,51,61,59,0,0,0,0,,,,,0,,,,58,56,56,57,62,65,66,70,68,0,0,0,0,False,,,0,,,,,,0,50,finesse_rp,
P5769,John,Doe,1992-05-25,68,174,Unknown,dark,brown,mustache,L,P,,1,RP,SP,,,,,47,,,,52,50,51,50,52,51,53,0,62,59,58,55,0,,,,,0,,,,45,48,47,52,47,45,47,0,58,53,57,55,0,False,,,0,,,,,,0,50,power_sp,
P9469,John,Doe,1995-11-08,74,195,Unknown,dark,blonde,beard,L,P,,1,RP,RP,,,,,48,,,,53,51,49,52,53,51,51,60,61,0,0,0,0,,,,,0,,,,52,56,52,50,48,56,47,57,59,0,0,0,0,False,,,0,,,,,,0,50,finesse_rp,
P5308,John,Doe,2002-03-05,76,181,Unknown,medium,black,clean_shaven,S,P,,1,RP,SP,,,,,50,,,,52,50,53,54,52,50,50,61,63,61,0,0,0,,,,,0,,,,61,59,59,65,60,64,56,76,78,68,0,0,0,False,,,0,,,,,,0,50,finesse_sp,
P1209,John,Doe,2001-05-16,74,227,Unknown,light,brown,clean_shaven,R,C,,0,,,49,50,50,50,49,53,59,48,50,50,,,,,,,,,,,,63,62,57,59,49,0,0,48,55,63,,,,,,,,,,,,False,,,0,,,,,,0,50,,average
P7456,John,Doe,2003-11-21,77,247,Unknown,light,blonde,beard,R,1B,,0,,,54,57,54,50,52,51,53,49,51,51,,,,,,,,,,,,64,65,66,57,52,0,0,49,61,64,,,,,,,,,,,,False,,,0,,,,,,0,50,,gap
P9650,John,Doe,1996-12-23,72,179,Unknown,light,black,clean_shaven,L,2B,,0,,,51,48,71,52,53,51,49,52,50,52,,,,,,,,,,,,52,51,70,52,53,0,0,52,47,55,,,,,,,,,,,,False,,,0,,,,,,0,50,,speed
P7633,John,Doe,1988-12-13,78,199,Unknown,light,black,clean_shaven,R,3B,,0,,,51,53,51,52,52,52,56,49,49,49,,,,,,,,,,,,51,48,47,43,52,0,0,49,47,46,,,,,,,,,,,,False,,,0,,,,,,0,50,,gap
P9151,John,Doe,1992-08-09,77,197,Unknown,dark,black,clean_shaven,R,SS,,0,,,57,50,54,54,51,49,62,49,51,48,,,,,,,,,,,,55,44,52,48,51,0,0,49,41,41,,,,,,,,,,,,False,,,0,,,,,,0,50,,spray
P7311,John,Doe,1991-06-02,70,237,Unknown,light,brown,clean_shaven,L,LF,,0,,,53,61,52,52,49,53,50,53,52,51,,,,,,,,,,,,52,59,46,49,49,0,0,53,49,51,,,,,,,,,,,,False,,,0,,,,,,0,50,,power
P6557,John,Doe,1987-08-01,78,214,Unknown,light,brown,mustache,S,CF,,0,,,52,48,70,53,53,50,54,50,49,49,,,,,,,,,,,,42,47,66,46,53,0,0,50,46,46,,,,,,,,,,,,False,,,0,,,,,,0,50,,speed
P2387,John,Doe,2000-07-02,69,168,Unknown,dark,brown,beard,R,RF,,0,,,53,60,51,50,47,52,58,50,50,53,,,,,,,,,,,,67,71,56,58,47,0,0,50,63,68,,,,,,,,,,,,False,,,0,,,,,,0,50,,power
P3057,John,Doe,2003-07-24,70,176,Unknown,light,blonde,clean_shaven,R,RF,,0,,,52,53,52,50,51,51,55,50,50,51,,,,,,,,,,,,57,63,59,57,51,0,0,50,65,64,,,,,,,,,,,,False,,,0,,,,,,0,50,,balanced
P5054,John,Doe,1998-10-18,78,221,Unknown,dark,blonde,clean_shaven,R,3B,,0,,,48,54,47,50,47,54,57,51,50,49,,,,,,,,,,,,58,66,53,57,47,0,0,51,59,57,,,,,,,,,,,,False,,,0,,,,,,0,50,,power
P4770,John,Doe,1995-08-31,69,219,Unknown,medium,brown,beard,R,RF,,0,,,51,49,70,52,52,52,54,48,48,52,,,,,,,,,,,,53,53,68,47,52,0,0,48,52,54,,,,,,,,,,,,False,,,0,,,,,,0,50,,speed
P2393,John,Doe,1992-03-29,72,201,Unknown,light,blonde,beard,R,SS,,0,,,50,50,51,52,48,47,59,50,51,47,,,,,,,,,,,,42,48,41,50,48,0,0,50,44,40,,,,,,,,,,,,False,,,0,,,,,,0,50,,gap
P8703,John,Doe,2004-02-28,70,214,Unknown,dark,brown,clean_shaven,S,3B,,0,,,49,48,49,51,50,50,52,50,49,48,,,,,,,,,,,,63,68,78,80,50,0,0,50,62,64,,,,,,,,,,,,False,,,0,,,,,,0,50,,average
P6746,John,Doe,1994-02-15,68,243,Unknown,light,black,clean_shaven,L,2B,SS,0,,,52,52,48,52,50,48,47,48,50,49,,,,,,,,,,,,47,45,39,52,50,0,0,48,42,46,,,,,,,,,,,,False,,,0,,,,,,0,50,,balanced
P3035,John,Doe,1991-09-15,77,248,Unknown,dark,red,clean_shaven,S,P,,1,RP,CL,,,,,55,,,,51,54,48,51,52,51,55,58,61,66,0,0,0,,,,,0,,,,47,53,51,52,39,46,51,58,52,56,0,0,0,False,,,0,,,,,,0,50,closer,
P1341,John,Doe,1990-01-02,77,211,Unknown,medium,brown,clean_shaven,R,P,,1,RP,SP,,,,,51,,,,49,51,52,51,52,50,54,63,60,60,0,53,0,,,,,0,,,,40,49,41,43,48,50,51,61,54,54,0,48,0,False,,,0,,,,,,0,50,balanced_sp,
P5325,John,Doe,1999-03-18,77,216,Unknown,medium,brown,goatee,R,P,,1,RP,SP,,,,,50,,,,52,53,52,53,52,50,53,62,61,59,57,0,0,,,,,0,,,,59,59,66,62,65,65,62,68,75,64,68,0,0,False,,,0,,,,,,0,50,groundball_sp,
P1070,John,Doe,2004-11-05,70,246,Unknown,dark,blonde,clean_shaven,S,P,,1,RP,RP,,,,,51,,,,52,50,48,50,54,50,52,0,0,63,0,0,0,,,,,0,,,,82,73,64,82,59,68,68,0,0,76,0,0,0,False,,,0,,,,,,0,50,power_rp,
P8798,John,Doe,1987-09-14,76,190,Unknown,dark,brown,clean_shaven,L,P,,1,RP,CL,,,,,50,,,,53,53,51,50,52,49,52,58,63,66,0,0,0,,,,,0,,,,50,46,44,46,43,43,47,57,57,62,0,0,0,False,,,0,,,,,,0,50,closer,
P2301,John,Doe,2001-01-03,71,232,Unknown,medium,blonde,clean_shaven,L,P,,1,RP,SP,,,,,49,,,,49,52,50,51,52,52,53,62,63,0,0,57,0,,,,,0,,,,56,64,60,60,56,57,62,72,78,0,0,64,0,False,,,0,,,,,,0,50,finesse_sp,
P9102,John,Doe,1994-03-17,77,245,Unknown,dark,blonde,beard,L,P,,1,RP,SP,,,,,52,,,,49,48,51,52,54,52,49,59,64,61,0,54,0,,,,,0,,,,54,45,54,51,51,53,49,56,68,57,0,56,0,False,,,0,,,,,,0,50,finesse_sp,
P1804,John,Doe,1993-01-24,77,189,Unknown,dark,black,clean_shaven,R,CF,,0,,,54,48,70,53,51,50,55,51,48,50,,,,,,,,,,,,47,39,67,53,51,0,0,51,41,40,,,,,,,,,,,,False,,,0,,,,,,0,50,,speed
P5661,John,Doe,1989-01-15,73,226,Unknown,medium,blonde,clean_shaven,R,SS,,0,,,49,49,70,50,51,47,58,51,50,50,,,,,,,,,,,,43,47,63,43,51,0,0,51,45,43,,,,,,,,,,,,False,,,0,,,,,,0,50,,speed
P1279,John,Doe,1991-11-05,73,209,Unknown,light,blonde,clean_shaven,R,CF,,0,,,49,49,48,48,51,53,56,48,49,49,,,,,,,,,,,,42,42,44,41,51,0,0,48,40,39,,,,,,,,,,,,False,,,0,,,,,,0,50,,average
P4214,John,Doe,2003-11-26,75,247,Unknown,light,brown,clean_shaven,R,LF,,0,,,65,62,49,53,49,47,59,50,50,52,,,,,,,,,,,,73,74,54,68,49,0,0,50,59,64,,,,,,,,,,,,False,,,0,,,,,,0,50,,gap
P5286,John,Doe,1993-11-20,74,178,Unknown,light,red,mustache,S,RF,,0,,,54,47,85,51,52,52,48,48,49,50,,,,,,,,,,,,54,39,75,49,52,0,0,48,47,45,,,,,,,,,,,,False,,,0,,,,,,0,50,,elite_speed
P7902,John,Doe,2003-11-07,73,239,Unknown,medium,brown,clean_shaven,L,2B,,0,,,58,52,49,56,49,51,50,52,49,52,,,,,,,,,,,,68,63,64,66,49,0,0,52,63,64,,,,,,,,,,,,False,,,0,,,,,,0,50,,spray
P6445,John,Doe,1998-03-01,77,168,Unknown,light,red,beard,R,CF,,0,,,50,51,50,49,50,50,54,50,48,48,,,,,,,,,,,,65,66,56,64,50,0,0,50,53,62,,,,,,,,,,,,False,,,0,,,,,,0,50,,balanced
P2898,John,Doe,1989-07-20,69,240,Unknown,light,brown,goatee,R,SS,,0,,,50,48,80,50,53,48,55,52,51,48,,,,,,,,,,,,45,41,74,50,53,0,0,52,45,43,,,,,,,,,,,,False,,,0,,,,,,0,50,,speed
P2297,John,Doe,2004-08-01,70,213,Unknown,medium,red,clean_shaven,L,P,,1,RP,CL,,,,,55,,,,51,53,48,51,52,53,55,59,61,67,0,0,0,,,,,0,,,,67,67,74,68,76,78,81,76,72,96,0,0,0,False,,,0,,,,,,0,50,closer,
P7385,John,Doe,2004-09-25,69,178,Unknown,medium,black,clean_shaven,R,P,,1,RP,SP,,,,,51,,,,49,51,52,53,53,47,50,59,62,59,0,0,0,,,,,0,,,,77,61,79,63,71,65,70,71,72,88,0,0,0,False,,,0,,,,,,0,50,power_sp,
P2488,John,Doe,2005-05-20,71,182,Unknown,medium,black,goatee,L,P,,1,RP,RP,,,,,52,,,,48,53,49,50,52,53,51,60,60,65,0,0,0,,,,,0,,,,75,76,72,72,72,81,76,82,84,90,0,0,0,False,,,0,,,,,,0,50,finesse_rp,
P8030,John,Doe,2005-11-17,70,240,Unknown,medium,black,beard,R,P,,1,RP,SP,,,,,51,,,,49,53,53,50,53,51,52,63,61,59,56,0,0,,,,,0,,,,64,65,80,65,66,70,81,93,90,86,80,0,0,False,,,0,,,,,,0,50,balanced_sp,
P3593,John,Doe,2006-01-15,76,173,Unknown,medium,brown,clean_shaven,L,P,,1,RP,SP,,,,,50,,,,49,51,51,50,52,49,50,61,61,60,0,0,0,,,,,0,,,,67,61,60,71,76,71,70,72,83,87,0,0,0,False,,,0,,,,,,0,50,power_sp,
P5438,John,Doe,2005-12-01,71,215,Unknown,medium,brown,clean_shaven,R,C,,0,,,53,50,48,51,52,49,57,52,53,49,,,,,,,,,,,,68,68,65,69,52,0,0,52,82,74,,,,,,,,,,,,False,,,0,,,,,,0,50,,balanced
P6364,John,Doe,2007-01-29,75,242,Unknown,light,black,clean_shaven,L,RF,,0,,,57,50,52,51,51,50,49,48,51,51,,,,,,,,,,,,73,76,71,81,51,0,0,48,79,70,,,,,,,,,,,,False,,,0,,,,,,0,50,,spray
P8498,John,Doe,2005-11-19,69,173,Unknown,dark,black,clean_shaven,R,2B,,0,,,52,53,50,53,50,51,57,52,51,51,,,,,,,,,,,,67,75,72,74,50,0,0,52,62,71,,,,,,,,,,,,False,,,0,,,,,,0,50,,gap
P4331,John,Doe,2006-01-01,70,233,Unknown,dark,blonde,mustache,R,3B,,0,,,52,50,51,51,50,52,56,51,52,51,,,,,,,,,,,,73,60,65,75,50,0,0,51,62,77,,,,,,,,,,,,False,,,0,,,,,,0,50,,gap
P7513,John,Doe,2005-06-10,75,173,Unknown,dark,black,beard,R,C,,0,,,52,52,50,51,50,52,60,53,51,50,,,,,,,,,,,,82,69,68,78,50,0,0,53,78,68,,,,,,,,,,,,False,,,0,,,,,,0,50,,average
