player_id,first_name,last_name,birthdate,height,weight,ethnicity,skin_tone,hair_color,facial_hair,bats,primary_position,other_positions,is_pitcher,role,preferred_pitching_role,ch,ph,sp,eye,gf,pl,vl,sc,fa,arm,endurance,control,movement,hold_runner,fb,cu,cb,sl,si,scb,kn,pot_ch,pot_ph,pot_sp,pot_eye,pot_gf,pot_pl,pot_vl,pot_sc,pot_fa,pot_arm,pot_control,pot_movement,pot_endurance,pot_hold_runner,pot_fb,pot_cu,pot_cb,pot_sl,pot_si,pot_scb,pot_kn,injured,injury_description,return_date,ready,injury_list,injury_start_date,injury_minimum_days,injury_eligible_date,injury_rehab_assignment,injury_rehab_days,durability,pitcher_archetype,hitter_archetype
P2301,Dexter,Chirco,2001-08-15,71,165,Anglo,light,brown,clean_shaven,L,P,,1,RP,CL,,,,,55,,,,48,53,50,50,52,51,53,0,0,65,0,0,0,,,,,0,,,,57,64,63,57,56,59,60,0,0,71,0,0,0,False,,,0,,,,,,0,50,closer,
P6080,Jonas,Moser,2001-01-05,69,240,Anglo,light,red,clean_shaven,S,P,,1,RP,SP,,,,,52,,,,49,50,51,51,53,50,51,59,63,0,0,0,0,,,,,0,,,,54,57,62,68,57,63,66,74,68,0,0,0,0,False,,,0,,,,,,0,50,finesse_sp,
P6191,Malik,Harris,2001-05-31,73,194,African,dark,black,clean_shaven,R,P,,1,RP,SP,,,,,47,,,,51,52,50,50,54,51,52,0,61,60,57,58,0,,,,,0,,,,60,59,63,67,61,65,59,0,71,68,67,65,0,False,,,0,,,,,,0,50,power_sp,
P6877,Jamal,Green,1988-11-24,71,196,African,dark,black,clean_shaven,R,P,,1,RP,RP,,,,,51,,,,51,53,52,53,54,49,53,58,60,0,0,0,0,,,,,0,,,,41,50,46,49,50,45,45,57,59,0,0,0,0,False,,,0,,,,,,0,50,finesse_rp,
P7246,Xavier,Jackson,2001-10-31,78,232,African,dark,black,mustache,R,P,,1,RP,RP,,,,,56,,,,52,52,52,52,52,52,51,0,0,0,62,0,0,,,,,0,,,,57,62,57,62,63,65,61,0,0,0,75,0,0,False,,,0,,,,,,0,50,groundball_rp,
P1277,Pedro,Morales,1994-11-06,69,238,Hispanic,medium,black,clean_shaven,R,P,,1,RP,RP,,,,,53,,,,49,52,51,52,52,51,53,0,60,63,0,59,0,,,,,0,,,,45,52,57,50,46,47,57,0,58,66,0,58,0,False,,,0,,,,,,0,50,power_rp,
P9369,Sung,Tanaka,1999-01-03,70,202,Asian,medium,black,clean_shaven,R,P,,1,RP,SP,,,,,50,,,,50,51,54,51,52,50,51,58,61,60,58,0,0,,,,,0,,,,60,56,61,59,63,64,66,64,69,75,67,0,0,False,,,0,,,,,,0,50,groundball_sp,
P2852,Jorge,Hernandez,1988-12-25,76,220,Hispanic,dark,black,goatee,L,P,,1,RP,RP,,,,,49,,,,50,51,51,50,52,53,54,0,64,0,0,0,0,,,,,0,,,,42,48,49,47,41,48,53,0,62,0,0,0,0,False,,,0,,,,,,0,50,power_rp,
P1136,Cedric,Young,1989-02-22,69,243,African,dark,black,clean_shaven,R,P,,1,RP,CL,,,,,51,,,,50,53,52,50,52,51,53,0,59,66,0,0,0,,,,,0,,,,48,48,40,44,50,50,48,0,53,60,0,0,0,False,,,0,,,,,,0,50,closer,
P3102,Malik,Taylor,1989-02-12,74,164,African,dark,black,beard,S,P,,1,RP,CL,,,,,52,,,,51,50,50,50,54,51,55,58,0,66,0,0,0,,,,,0,,,,51,45,42,53,42,45,49,51,0,58,0,0,0,False,,,0,,,,,,0,50,closer,
P3260,Ferdinand,Berning,1994-10-17,68,166,Anglo,medium,blonde,clean_shaven,R,P,,1,RP,RP,,,,,53,,,,50,50,50,50,52,50,50,55,61,0,61,0,0,,,,,0,,,,55,53,55,55,52,54,52,53,59,0,57,0,0,False,,,0,,,,,,0,50,groundball_rp,
P6593,Ricardo,Martinez,2003-10-07,75,218,Hispanic,medium,black,clean_shaven,R,C,,0,,,49,52,51,51,52,49,59,53,49,48,,,,,,,,,,,,60,59,59,64,52,0,0,53,59,57,,,,,,,,,,,,False,,,0,,,,,,0,50,,average
P5317,Yong,Lin,2003-06-06,71,191,Asian,light,black,clean_shaven,L,1B,,0,,,50,51,70,49,50,49,44,48,48,52,,,,,,,,,,,,58,65,77,61,50,0,0,48,62,57,,,,,,,,,,,,False,,,0,,,,,,0,50,,speed
P5733,Fernando,Martinez,2001-06-17,77,200,Hispanic,medium,brown,mustache,R,2B,SS,0,,,56,51,92,52,53,50,54,48,50,50,,,,,,,,,,,,69,62,99,63,53,0,0,48,55,55,,,,,,,,,,,,False,,,0,,,,,,0,50,,elite_speed
P4375,Jose,Vargas,1987-09-17,74,162,Hispanic,light,blonde,mustache,S,3B,,0,,,49,50,48,51,50,49,55,52,48,53,,,,,,,,,,,,41,50,43,44,50,0,0,52,40,48,,,,,,,,,,,,False,,,0,,,,,,0,50,,average
P5231,Alejandro,Rivera,1995-11-20,69,161,Hispanic,medium,brown,clean_shaven,R,SS,,0,,,49,47,86,49,51,48,58,52,48,48,,,,,,,,,,,,45,51,81,52,51,0,0,52,48,47,,,,,,,,,,,,False,,,0,,,,,,0,50,,speed
P3841,Sung,Pham,1996-11-26,70,216,Asian,light,black,clean_shaven,R,LF,,0,,,51,62,51,49,49,49,56,52,51,53,,,,,,,,,,,,49,66,47,53,49,0,0,52,46,49,,,,,,,,,,,,False,,,0,,,,,,0,50,,power
P4316,Yong,Choi,1991-11-28,72,209,Asian,medium,black,beard,R,CF,,0,,,61,51,51,53,50,46,54,50,50,52,,,,,,,,,,,,57,47,44,47,50,0,0,50,47,42,,,,,,,,,,,,False,,,0,,,,,,0,50,,spray
P6947,Raul,Gomez,2001-06-01,76,166,Hispanic,light,red,clean_shaven,L,RF,,0,,,50,58,49,49,47,49,50,49,52,50,,,,,,,,,,,,61,67,62,57,47,0,0,49,63,63,,,,,,,,,,,,False,,,0,,,,,,0,50,,power
P8696,Percy,Gaines,1991-10-08,70,240,African,dark,brown,goatee,S,SS,,0,,,49,51,87,52,49,51,54,49,52,48,,,,,,,,,,,,49,50,85,48,49,0,0,49,52,41,,,,,,,,,,,,False,,,0,,,,,,0,50,,speed
P9452,Yong,Kim,2002-01-25,73,167,Asian,light,black,clean_shaven,R,1B,,0,,,53,57,52,49,47,50,53,50,52,50,,,,,,,,,,,,65,71,64,54,47,0,0,50,57,55,,,,,,,,,,,,False,,,0,,,,,,0,50,,gap
P6567,Juan,Guerrero,1996-07-12,74,241,Hispanic,light,brown,clean_shaven,L,LF,,0,,,58,47,51,52,51,51,47,50,49,48,,,,,,,,,,,,60,50,53,50,51,0,0,50,45,51,,,,,,,,,,,,False,,,0,,,,,,0,50,,spray
P5102,Fredrick,Wohlers,2005-02-20,77,247,Anglo,light,black,clean_shaven,L,1B,,0,,,49,61,49,49,47,52,47,52,51,52,,,,,,,,,,,,77,79,78,77,47,0,0,52,76,80,,,,,,,,,,,,False,,,0,,,,,,0,50,,power
P3795,Sung,Huang,1999-03-19,74,203,Asian,medium,black,clean_shaven,L,RF,,0,,,52,60,53,49,48,52,42,49,52,49,,,,,,,,,,,,66,72,64,60,48,0,0,49,62,61,,,,,,,,,,,,False,,,0,,,,,,0,50,,gap
P6492,Jermaine,Jackson,1993-02-15,78,167,African,dark,black,clean_shaven,S,3B,,0,,,50,51,83,52,51,52,56,50,48,52,,,,,,,,,,,,50,51,83,47,51,0,0,50,38,42,,,,,,,,,,,,False,,,0,,,,,,0,50,,speed
P7026,Yong,Le,1992-06-06,70,245,Asian,light,black,clean_shaven,R,P,,1,RP,CL,,,,,55,,,,50,52,51,52,52,51,51,0,60,65,0,0,0,,,,,0,,,,44,46,47,49,41,41,44,0,54,57,0,0,0,False,,,0,,,,,,0,50,closer,
P3410,Hector,Ramos,1988-05-04,78,162,Hispanic,medium,red,clean_shaven,S,P,,1,RP,RP,,,,,50,,,,51,48,52,52,52,49,51,60,62,0,0,58,0,,,,,0,,,,42,40,51,45,46,42,44,59,59,0,0,58,0,False,,,0,,,,,,0,50,finesse_rp,
P6256,Ricardo,Diaz,1992-08-05,76,179,Hispanic,dark,brown,clean_shaven,L,P,,1,RP,SP,,,,,53,,,,48,52,53,52,52,52,50,58,0,60,62,0,0,,,,,0,,,,41,45,45,44,49,50,46,51,0,52,60,0,0,False,,,0,,,,,,0,50,groundball_sp,
P3669,Rufus,Walker,1994-12-22,72,226,African,dark,black,goatee,R,P,,1,RP,SP,,,,,53,,,,50,52,53,51,52,48,51,58,63,0,59,0,0,,,,,0,,,,47,52,56,51,49,50,53,54,63,0,57,0,0,False,,,0,,,,,,0,50,groundball_sp,
P3134,Yong,Hassan,1997-02-05,74,166,Asian,medium,black,clean_shaven,L,P,,1,RP,SP,,,,,52,,,,51,50,52,51,52,49,53,60,60,60,55,0,0,,,,,0,,,,52,47,52,48,50,46,56,61,58,63,53,0,0,False,,,0,,,,,,0,50,power_sp,
P2680,Darnell,Taylor,1990-11-18,74,250,African,dark,black,clean_shaven,R,P,,1,RP,SP,,,,,53,,,,52,53,53,53,52,49,53,59,60,0,61,0,0,,,,,0,,,,43,48,46,51,50,39,49,53,51,0,55,0,0,False,,,0,,,,,,0,50,groundball_sp,
P4258,Sam,Thamphia,2000-10-20,75,249,Anglo,medium,blonde,clean_shaven,L,P,,1,RP,SP,,,,,48,,,,52,52,53,50,52,51,51,61,0,63,0,0,0,,,,,0,,,,58,57,63,63,64,63,62,67,0,69,0,0,0,False,,,0,,,,,,0,50,balanced_sp,
P6515,Hector,Hernandez,1989-06-16,75,226,Hispanic,light,black,clean_shaven,L,2B,,0,,,49,60,49,49,50,51,49,52,50,51,,,,,,,,,,,,43,60,46,48,50,0,0,52,48,51,,,,,,,,,,,,False,,,0,,,,,,0,50,,power
P6943,Fernando,Mendoza,1999-02-04,77,177,Hispanic,medium,brown,mustache,R,CF,,0,,,51,53,53,50,49,53,53,52,50,53,,,,,,,,,,,,64,64,65,64,49,0,0,52,62,68,,,,,,,,,,,,False,,,0,,,,,,0,50,,balanced
P5334,Ricardo,Vargas,2001-08-09,78,250,Hispanic,medium,brown,clean_shaven,L,2B,,0,,,64,52,48,55,52,52,47,50,52,50,,,,,,,,,,,,70,65,60,64,52,0,0,50,66,57,,,,,,,,,,,,False,,,0,,,,,,0,50,,spray
P5960,Alejandro,Diaz,1996-01-02,68,195,Hispanic,light,blonde,clean_shaven,R,C,1B,0,,,49,54,48,50,49,49,56,51,49,50,,,,,,,,,,,,54,55,50,55,49,0,0,51,54,53,,,,,,,,,,,,False,,,0,,,,,,0,50,,average
P4614,Tyrone,Green,1996-10-26,74,230,African,dark,black,clean_shaven,L,1B,,0,,,58,51,52,53,50,49,43,51,49,49,,,,,,,,,,,,54,47,53,56,50,0,0,51,44,50,,,,,,,,,,,,False,,,0,,,,,,0,50,,spray
P7280,Jorge,Reyes,1990-07-31,68,162,Hispanic,medium,brown,beard,R,1B,,0,,,61,49,49,50,53,47,55,52,52,48,,,,,,,,,,,,55,46,45,46,53,0,0,52,52,47,,,,,,,,,,,,False,,,0,,,,,,0,50,,spray
P6163,Hector,Lopez,1999-05-16,75,234,Hispanic,medium,blonde,clean_shaven,R,SS,,0,,,50,48,52,51,49,51,57,53,52,49,,,,,,,,,,,,64,62,58,59,49,0,0,53,57,55,,,,,,,,,,,,False,,,0,,,,,,0,50,,balanced
P7342,Jose,Cruz,2003-10-17,76,200,Hispanic,light,brown,goatee,R,3B,,0,,,51,49,51,50,52,52,59,51,52,49,,,,,,,,,,,,60,64,66,62,52,0,0,51,65,61,,,,,,,,,,,,False,,,0,,,,,,0,50,,average
P1012,Darnell,Robinson,2004-08-27,78,200,African,dark,black,mustache,R,P,,1,RP,CL,,,,,55,,,,51,50,51,52,54,52,55,60,60,66,0,0,0,,,,,0,,,,69,62,64,67,64,72,85,76,82,95,0,0,0,False,,,0,,,,,,0,50,closer,
P7941,Tyrone,Young,2006-04-16,74,192,African,dark,black,clean_shaven,R,P,,1,RP,SP,,,,,51,,,,49,53,51,50,53,49,51,0,0,57,59,0,0,,,,,0,,,,77,79,75,80,61,64,66,0,0,69,83,0,0,False,,,0,,,,,,0,50,groundball_sp,
P5232,Roberto,Cruz,2007-03-10,76,184,Hispanic,dark,blonde,goatee,R,P,,1,RP,SP,,,,,51,,,,48,49,51,51,52,50,51,62,60,58,0,0,0,,,,,0,,,,72,65,80,62,64,66,80,73,82,86,0,0,0,False,,,0,,,,,,0,50,balanced_sp,
P4817,Omar,Surina,2005-05-11,76,186,Anglo,light,brown,goatee,R,P,,1,RP,CL,,,,,51,,,,52,53,51,50,52,51,55,0,0,65,0,0,0,,,,,0,,,,65,75,62,72,73,81,78,0,0,76,0,0,0,False,,,0,,,,,,0,50,closer,
P8017,Rufus,White,2007-07-31,78,233,African,medium,black,clean_shaven,S,P,,1,RP,SP,,,,,51,,,,50,51,51,50,53,50,52,0,60,62,59,53,0,,,,,0,,,,80,74,63,76,69,80,78,0,85,82,72,80,0,False,,,0,,,,,,0,50,power_sp,
P6126,Duane,Esfahani,2006-05-23,75,167,Anglo,light,blonde,clean_shaven,R,RF,CF,0,,,63,62,48,51,50,50,56,51,50,50,,,,,,,,,,,,74,75,65,66,50,0,0,51,77,77,,,,,,,,,,,,False,,,0,,,,,,0,50,,gap
P5049,Jamal,Robinson,2004-12-01,75,220,African,dark,black,clean_shaven,S,1B,,0,,,52,58,51,50,48,50,50,52,50,50,,,,,,,,,,,,66,82,62,64,48,0,0,52,60,79,,,,,,,,,,,,False,,,0,,,,,,0,50,,power
P4514,Sung,Wang,2008-01-16,69,208,Asian,medium,black,clean_shaven,R,C,RF,0,,,51,57,49,50,48,52,58,51,51,53,,,,,,,,,,,,64,84,69,69,48,0,0,51,67,83,,,,,,,,,,,,False,,,0,,,,,,0,50,,power
P2982,Malik,Baker,2004-10-12,78,184,African,dark,black,goatee,R,LF,,0,,,50,54,48,51,49,51,55,53,52,51,,,,,,,,,,,,68,65,69,67,49,0,0,53,74,72,,,,,,,,,,,,False,,,0,,,,,,0,50,,average
P2881,Yong,Zhang,2007-12-27,71,199,Asian,dark,brown,clean_shaven,R,C,,0,,,53,63,48,51,50,51,56,50,52,48,,,,,,,,,,,,72,84,73,63,50,0,0,50,79,73,,,,,,,,,,,,False,,,0,,,,,,0,50,,power
P2181,Roberto,Ortiz,1998-11-22,71,217,Hispanic,light,black,clean_shaven,L,P,,1,RP,CL,,,,,55,,,,51,52,51,51,54,52,53,59,58,65,0,0,0,,,,,0,,,,59,57,59,69,65,61,62,68,66,75,0,0,0,False,,,0,,,,,,0,50,closer,
P6306,Jorge,Perez,1993-11-17,73,198,Hispanic,light,black,clean_shaven,S,P,,1,RP,RP,,,,,53,,,,49,53,49,51,52,50,52,0,0,0,61,0,0,,,,,0,,,,43,44,50,51,49,45,43,0,0,0,56,0,0,False,,,0,,,,,,0,50,groundball_rp,
P2256,Francisco,Rodriguez,1987-06-29,76,167,Hispanic,light,black,mustache,R,P,LF,1,RP,SP,,,,,50,,,,52,49,51,52,52,52,52,60,59,60,55,0,0,,,,,0,,,,49,49,50,46,50,51,52,56,49,57,53,0,0,False,,,0,,,,,,0,50,finesse_sp,
P5143,Leroy,Jefferson,1990-05-02,70,243,African,dark,black,clean_shaven,L,P,RF,1,RP,SP,,,,,48,,,,51,50,52,53,54,49,51,60,63,61,0,55,0,,,,,0,,,,47,46,48,45,49,45,46,57,63,60,0,46,0,False,,,0,,,,,,0,50,finesse_sp,
P2829,Yong,Huang,1993-03-04,69,208,Asian,light,black,goatee,S,P,,1,RP,SP,,,,,54,,,,53,52,50,50,53,49,52,0,58,0,58,0,0,,,,,0,,,,45,51,44,50,43,39,46,0,49,0,55,0,0,False,,,0,,,,,,0,50,groundball_sp,
P8978,Jerrold,Bemo,1988-04-30,75,174,Anglo,medium,black,mustache,R,P,,1,RP,RP,,,,,49,,,,48,53,47,52,52,51,54,58,63,0,0,0,0,,,,,0,,,,46,45,52,52,47,47,45,57,61,0,0,0,0,False,,,0,,,,,,0,50,finesse_rp,
P5144,Cedric,Gaines,1988-01-19,69,207,African,medium,black,beard,L,P,,1,RP,RP,,,,,51,,,,50,51,52,51,53,53,53,0,63,0,0,0,0,,,,,0,,,,48,42,51,46,51,46,43,0,57,0,0,0,0,False,,,0,,,,,,0,50,finesse_rp,
P8994,Ricardo,Sanchez,1992-03-20,75,174,Hispanic,light,brown,goatee,S,P,,1,RP,RP,,,,,56,,,,48,48,49,53,52,52,51,0,0,0,62,0,0,,,,,0,,,,47,38,43,49,49,42,49,0,0,0,61,0,0,False,,,0,,,,,,0,50,groundball_rp,
P8192,Fausto,Cummer,2000-01-07,78,162,Anglo,medium,blonde,clean_shaven,L,P,,1,RP,RP,,,,,54,,,,50,50,49,53,54,50,52,0,0,0,62,0,0,,,,,0,,,,62,64,62,66,59,57,63,0,0,0,71,0,0,False,,,0,,,,,,0,50,groundball_rp,
P1618,Francisco,Lopez,1991-04-11,78,188,Hispanic,light,brown,clean_shaven,R,P,,1,RP,RP,,,,,53,,,,49,49,49,50,53,50,51,0,61,66,61,0,0,,,,,0,,,,40,44,49,51,41,40,42,0,56,66,54,0,0,False,,,0,,,,,,0,50,power_rp,
P1700,Darnell,Gaines,1991-10-06,72,250,African,dark,black,clean_shaven,L,P,,1,RP,CL,,,,,52,,,,50,54,50,50,54,52,51,0,0,65,0,0,0,,,,,0,,,,47,51,50,52,46,44,49,0,0,62,0,0,0,False,,,0,,,,,,0,50,closer,
P6039,Rufus,Taylor,2001-01-26,70,197,African,dark,black,goatee,R,C,,0,,,51,53,52,52,51,49,58,53,53,49,,,,,,,,,,,,66,67,63,66,51,0,0,53,64,55,,,,,,,,,,,,False,,,0,,,,,,0,50,,balanced
P8270,Darnell,Baker,1999-02-03,69,246,African,dark,black,clean_shaven,L,1B,,0,,,50,51,54,50,52,49,46,48,51,52,,,,,,,,,,,,62,63,62,64,52,0,0,48,56,63,,,,,,,,,,,,False,,,0,,,,,,0,50,,balanced
P1830,Felton,Shuptrine,2000-06-28,69,236,Anglo,medium,red,clean_shaven,R,2B,,0,,,52,51,50,50,52,52,60,51,50,49,,,,,,,,,,,,66,64,64,55,52,0,0,51,57,63,,,,,,,,,,,,False,,,0,,,,,,0,50,,average
P7290,Raul,Castillo,1990-10-01,74,211,Hispanic,light,blonde,clean_shaven,R,3B,,0,,,52,60,50,49,48,53,59,52,51,49,,,,,,,,,,,,46,60,47,47,48,0,0,52,44,39,,,,,,,,,,,,False,,,0,,,,,,0,50,,power
P5187,Malik,Scott,2003-01-15,76,166,African,medium,black,clean_shaven,R,SS,,0,,,52,49,50,50,48,51,58,48,50,49,,,,,,,,,,,,62,61,59,55,48,0,0,48,56,60,,,,,,,,,,,,False,,,0,,,,,,0,50,,balanced
P9856,Jamal,Mitchell,1992-09-21,76,177,African,light,black,clean_shaven,S,LF,,0,,,52,53,52,50,52,52,54,49,53,51,,,,,,,,,,,,45,50,46,43,52,0,0,49,44,43,,,,,,,,,,,,False,,,0,,,,,,0,50,,average
P6184,Sung,Park,1993-08-06,72,189,Asian,light,black,mustache,R,CF,,0,,,54,50,49,52,50,48,53,52,49,51,,,,,,,,,,,,47,42,39,43,50,0,0,52,42,47,,,,,,,,,,,,False,,,0,,,,,,0,50,,balanced
P1176,Rufus,Harris,2004-02-08,78,186,African,dark,black,clean_shaven,L,RF,,0,,,51,53,49,50,52,49,49,50,52,51,,,,,,,,,,,,56,60,64,55,52,0,0,50,66,64,,,,,,,,,,,,False,,,0,,,,,,0,50,,balanced
P9434,Jamal,Walker,1992-01-08,74,182,African,dark,black,clean_shaven,R,2B,,0,,,51,60,51,52,51,52,57,50,48,49,,,,,,,,,,,,48,59,43,49,51,0,0,50,40,48,,,,,,,,,,,,False,,,0,,,,,,0,50,,power
P8864,Erin,Tencer,1999-12-05,70,228,Anglo,medium,black,clean_shaven,R,RF,,0,,,50,58,49,49,48,50,54,51,50,53,,,,,,,,,,,,62,63,54,64,48,0,0,51,59,63,,,,,,,,,,,,False,,,0,,,,,,0,50,,power
P4269,Dwain,Zoldesy,1990-07-04,73,231,Anglo,light,blonde,clean_shaven,L,C,,0,,,62,50,49,50,50,49,51,49,51,52,,,,,,,,,,,,55,45,42,43,50,0,0,49,47,50,,,,,,,,,,,,False,,,0,,,,,,0,50,,spray
P9385,Yong,Yamamoto,1991-04-12,72,217,Asian,medium,black,mustache,S,RF,,0,,,51,53,48,51,49,50,52,48,52,51,,,,,,,,,,,,48,48,47,42,49,0,0,48,46,46,,,,,,,,,,,,False,,,0,,,,,,0,50,,balanced
P6888,Yong,Khan,2000-08-01,69,213,Asian,medium,black,clean_shaven,R,SS,,0,,,48,57,50,49,48,50,58,52,53,51,,,,,,,,,,,,60,69,58,54,48,0,0,52,62,62,,,,,,,,,,,,False,,,0,,,,,,0,50,,power
P2152,Terrance,Sidi,1999-11-06,68,249,Anglo,medium,blonde,beard,R,3B,,0,,,59,48,48,52,51,51,56,50,49,53,,,,,,,,,,,,72,54,63,62,51,0,0,50,56,66,,,,,,,,,,,,False,,,0,,,,,,0,50,,spray
P5127,Seymour,Grew,2004-09-13,77,250,Anglo,light,blonde,clean_shaven,R,P,,1,RP,CL,,,,,55,,,,49,50,49,50,52,51,54,0,0,65,0,0,0,,,,,0,,,,79,61,79,71,73,62,76,0,0,83,0,0,0,False,,,0,,,,,,0,50,closer,
P5071,Sung,Nguyen,2002-01-17,72,191,Asian,dark,brown,clean_shaven,L,P,,1,RP,SP,,,,,49,,,,51,52,50,50,54,51,53,60,61,0,60,54,0,,,,,0,,,,65,63,57,60,63,66,66,70,69,0,72,62,0,False,,,0,,,,,,0,50,finesse_sp,
P7936,Sung,Singh,2001-09-06,70,189,Asian,light,black,clean_shaven,L,P,,1,RP,RP,,,,,49,,,,52,51,48,50,52,49,55,0,59,0,0,0,0,,,,,0,,,,64,57,64,61,54,61,66,0,71,0,0,0,0,False,,,0,,,,,,0,50,power_rp,
P4781,Yong,Li,2003-09-22,69,181,Asian,light,black,mustache,R,P,,1,RP,SP,,,,,48,,,,52,51,54,52,53,53,51,58,61,61,0,0,0,,,,,0,,,,64,59,66,66,63,64,56,69,66,73,0,0,0,False,,,0,,,,,,0,50,workhorse_sp,
P7203,Eduardo,Hernandez,1987-07-24,68,170,Hispanic,light,blonde,goatee,R,P,,1,RP,RP,,,,,53,,,,51,53,48,52,52,53,54,0,59,67,64,0,0,,,,,0,,,,41,46,44,52,40,45,45,0,59,62,61,0,0,False,,,0,,,,,,0,50,groundball_rp,
P3617,Roberto,Perez,1999-03-30,68,217,Hispanic,dark,blonde,goatee,R,P,,1,RP,SP,,,,,49,,,,50,52,52,50,52,47,56,0,61,63,0,0,0,,,,,0,,,,57,66,65,62,61,59,68,0,71,73,0,0,0,False,,,0,,,,,,0,50,power_sp,
P4068,Yong,Liu,1989-05-30,76,236,Asian,dark,black,beard,L,P,,1,RP,SP,,,,,49,,,,53,51,51,50,53,48,53,58,59,0,0,0,0,,,,,0,,,,45,41,43,46,51,39,43,54,53,0,0,0,0,False,,,0,,,,,,0,50,workhorse_sp,
P2471,Cedric,Jackson,1992-02-07,72,237,African,dark,black,beard,R,CF,,0,,,51,50,70,52,52,51,52,50,52,51,,,,,,,,,,,,47,41,61,44,52,0,0,50,42,44,,,,,,,,,,,,False,,,0,,,,,,0,50,,speed
P2007,Deshawn,Green,1992-09-08,76,235,African,medium,black,clean_shaven,R,3B,,0,,,53,48,70,51,50,48,56,51,51,49,,,,,,,,,,,,45,45,70,47,50,0,0,51,41,40,,,,,,,,,,,,False,,,0,,,,,,0,50,,speed
P2712,Jermaine,Walker,1998-02-04,69,231,African,dark,black,mustache,S,RF,LF,0,,,52,59,51,51,48,52,48,49,51,48,,,,,,,,,,,,52,61,51,51,48,0,0,49,54,46,,,,,,,,,,,,False,,,0,,,,,,0,50,,power
P6063,Rufus,Washington,1996-06-07,74,196,African,dark,black,clean_shaven,L,1B,,0,,,56,58,51,50,51,51,47,53,50,49,,,,,,,,,,,,51,55,51,54,51,0,0,53,45,47,,,,,,,,,,,,False,,,0,,,,,,0,50,,gap
P8586,Alberto,Viscome,1987-12-01,75,161,Anglo,light,black,beard,R,C,3B,0,,,63,52,54,51,49,47,55,53,51,47,,,,,,,,,,,,61,50,45,49,49,0,0,53,41,37,,,,,,,,,,,,False,,,0,,,,,,0,50,,spray
P1347,Cedric,Harris,1989-03-25,78,170,African,dark,black,clean_shaven,R,CF,,0,,,53,49,70,51,52,51,58,48,47,48,,,,,,,,,,,,51,49,61,41,52,0,0,48,42,48,,,,,,,,,,,,False,,,0,,,,,,0,50,,speed
P3266,Lorenzo,Unkn,1992-03-09,77,214,Anglo,light,blonde,clean_shaven,S,RF,,0,,,61,50,53,51,52,49,49,47,49,52,,,,,,,,,,,,51,45,52,42,52,0,0,47,43,52,,,,,,,,,,,,False,,,0,,,,,,0,50,,spray
P3051,Fabian,Gullickson,1994-07-05,73,187,Anglo,medium,black,clean_shaven,R,C,,0,,,50,59,50,51,48,50,57,49,51,48,,,,,,,,,,,,55,54,48,55,48,0,0,49,55,48,,,,,,,,,,,,False,,,0,,,,,,0,50,,power
P2235,Alejandro,Ortiz,2004-12-01,69,167,Hispanic,light,brown,goatee,R,P,,1,RP,CL,,,,,55,,,,49,51,52,51,53,53,54,56,63,65,0,0,0,,,,,0,,,,62,68,71,70,66,76,65,77,91,87,0,0,0,False,,,0,,,,,,0,50,closer,
P5467,Jermaine,Mitchell,2007-11-29,72,222,African,medium,black,clean_shaven,R,P,,1,RP,SP,,,,,43,,,,48,53,49,50,54,52,50,59,62,61,0,0,0,,,,,60,,,,69,74,60,76,62,69,68,79,73,76,0,0,0,False,,,0,,,,,,0,50,balanced_sp,
P5776,Yong,Tran,2004-11-09,78,204,Asian,light,black,goatee,L,P,,1,RP,CL,,,,,50,,,,48,54,49,52,52,52,53,0,0,67,0,0,0,,,,,0,,,,59,74,81,78,69,62,72,0,0,96,0,0,0,False,,,0,,,,,,0,50,closer,
P9902,Leroy,Young,2006-06-03,75,192,African,light,brown,beard,L,P,,1,RP,RP,,,,,52,,,,52,52,50,52,52,52,55,0,0,64,0,0,0,,,,,0,,,,68,69,82,80,60,64,65,0,0,80,0,0,0,False,,,0,,,,,,0,50,power_rp,
P7171,Malik,Green,2006-09-30,75,225,African,dark,black,clean_shaven,L,P,,1,RP,SP,,,,,48,,,,50,53,54,52,52,48,52,61,61,59,0,0,0,,,,,0,,,,79,72,63,71,73,65,81,76,72,88,0,0,0,False,,,0,,,,,,0,50,workhorse_sp,
P8858,Cedric,Green,2007-03-29,75,232,African,light,black,mustache,R,C,,0,,,53,53,50,51,49,49,55,52,52,51,,,,,,,,,,,,83,81,66,65,49,0,0,52,68,67,,,,,,,,,,,,False,,,0,,,,,,0,50,,average
P2581,German,Vence,2005-03-02,70,247,Anglo,light,brown,clean_shaven,S,LF,,0,,,48,59,48,49,49,54,52,52,53,52,,,,,,,,,,,,66,88,60,61,49,0,0,52,64,69,,,,,,,,,,,,False,,,0,,,,,,0,50,,power
P7645,Gayle,Lieb,2005-11-12,69,160,Anglo,light,black,beard,S,RF,,0,,,54,50,49,52,52,50,47,50,52,51,,,,,,,,,,,,70,76,59,72,52,0,0,50,74,69,,,,,,,,,,,,False,,,0,,,,,,0,50,,balanced
P4857,Domingo,Flaherty,2006-10-23,71,186,Anglo,light,blonde,clean_shaven,L,2B,,0,,,50,49,49,51,53,49,52,51,50,49,,,,,,,,,,,,77,63,65,69,53,0,0,51,64,62,,,,,,,,,,,,False,,,0,,,,,,0,50,,average
P8387,Sung,Kim,2004-12-15,70,203,Asian,medium,black,mustache,R,RF,,0,,,53,47,70,52,53,51,54,52,51,49,,,,,,,,,,,,72,77,92,66,53,0,0,52,62,64,,,,,,,,,,,,False,,,0,,,,,,0,50,,speed
P4283,Jamal,Young,1991-02-11,68,240,African,dark,brown,clean_shaven,R,P,,1,RP,CL,,,,,55,,,,52,53,49,50,52,51,52,0,0,66,0,0,0,,,,,0,,,,43,53,47,48,45,42,44,0,0,63,0,0,0,False,,,0,,,,,,0,50,closer,
P4715,Rafael,Ortiz,1989-05-01,68,233,Hispanic,light,brown,goatee,L,P,,1,RP,SP,,,,,51,,,,49,47,51,54,52,49,52,59,60,0,0,0,0,,,,,0,,,,39,43,48,49,45,40,43,58,50,0,0,0,0,False,,,0,,,,,,0,50,finesse_sp,
P8823,Alejandro,Gonzalez,2005-01-30,76,216,Hispanic,medium,blonde,clean_shaven,L,P,,1,RP,CL,,,,,50,,,,53,50,51,50,54,53,55,0,0,67,0,0,0,,,,,0,,,,65,66,63,82,67,64,74,0,0,78,0,0,0,False,,,0,,,,,,0,50,closer,
P3082,Angel,Hollenbaugh,1990-04-19,72,239,Anglo,light,black,clean_shaven,L,P,,1,RP,SP,,,,,50,,,,52,50,53,51,54,48,52,62,0,0,58,0,0,,,,,0,,,,50,50,48,52,45,45,49,53,0,0,50,0,0,False,,,0,,,,,,0,50,groundball_sp,
P4924,Yong,Chen,1991-08-31,72,163,Asian,medium,black,clean_shaven,R,P,,1,RP,SP,,,,,51,,,,52,54,50,50,52,52,52,58,60,60,0,56,0,,,,,0,,,,47,51,42,51,43,46,49,52,59,57,0,49,0,False,,,0,,,,,,0,50,power_sp,
P1063,Sung,Yamamoto,1992-05-28,72,186,Asian,medium,black,clean_shaven,L,P,,1,RP,SP,,,,,48,,,,49,52,53,50,54,51,51,0,61,59,0,0,0,,,,,0,,,,49,43,46,53,46,46,43,0,55,54,0,0,0,False,,,0,,,,,,0,50,power_sp,
P5069,Rufus,Carter,1990-05-30,69,184,African,medium,black,beard,R,P,,1,RP,SP,,,,,54,,,,51,49,52,50,54,50,50,0,0,59,62,0,0,,,,,0,,,,47,43,45,47,50,44,46,0,0,54,62,0,0,False,,,0,,,,,,0,50,groundball_sp,
P7687,Ricardo,Vasquez,1988-03-14,70,212,Hispanic,light,brown,goatee,L,P,,1,RP,SP,,,,,49,,,,51,51,54,50,52,53,51,0,62,59,0,0,0,,,,,0,,,,47,50,47,50,51,48,48,0,56,53,0,0,0,False,,,0,,,,,,0,50,power_sp,
P3026,Millard,Kappe,1992-06-03,77,187,Anglo,light,blonde,clean_shaven,L,P,,1,RP,SP,,,,,52,,,,51,50,51,50,52,52,50,0,61,61,56,0,0,,,,,0,,,,50,50,46,52,43,45,45,0,51,52,47,0,0,False,,,0,,,,,,0,50,power_sp,
P6763,Percy,Taylor,1999-06-27,68,185,African,dark,brown,goatee,R,P,,1,RP,CL,,,,,53,,,,53,54,51,51,52,49,56,58,0,65,0,0,0,,,,,0,,,,62,65,65,65,60,63,62,63,0,74,0,0,0,False,,,0,,,,,,0,50,closer,
P7959,Otto,Parlor,1987-04-11,75,226,Anglo,light,blonde,goatee,L,P,,1,RP,SP,,,,,50,,,,50,52,51,51,52,52,49,59,63,58,56,0,0,,,,,0,,,,49,49,42,48,45,50,46,49,55,53,54,0,0,False,,,0,,,,,,0,50,balanced_sp,
P5159,Sung,Liu,1996-04-23,74,163,Asian,light,brown,goatee,R,C,,0,,,51,52,49,52,53,52,57,50,49,50,,,,,,,,,,,,54,48,52,48,53,0,0,50,47,55,,,,,,,,,,,,False,,,0,,,,,,0,50,,average
P1963,Deshawn,King,1991-02-20,72,227,African,dark,black,clean_shaven,L,1B,,0,,,53,59,50,52,50,51,46,49,52,52,,,,,,,,,,,,53,55,43,43,50,0,0,49,49,45,,,,,,,,,,,,False,,,0,,,,,,0,50,,balanced
P2229,Gregorio,Cadle,1987-10-11,77,245,Anglo,light,brown,beard,S,2B,,0,,,53,50,50,53,51,52,53,51,48,48,,,,,,,,,,,,47,44,44,50,51,0,0,51,43,39,,,,,,,,,,,,False,,,0,,,,,,0,50,,balanced
P7580,Laurence,Camus,1998-01-20,74,244,Anglo,light,black,clean_shaven,R,3B,,0,,,52,52,53,50,51,51,58,51,52,48,,,,,,,,,,,,52,49,56,51,51,0,0,51,53,51,,,,,,,,,,,,False,,,0,,,,,,0,50,,balanced
P1701,Yong,Pham,1991-01-20,68,188,Asian,medium,black,clean_shaven,R,SS,,0,,,62,47,49,53,51,47,56,52,51,50,,,,,,,,,,,,58,45,40,43,51,0,0,52,46,40,,,,,,,,,,,,False,,,0,,,,,,0,50,,spray
P9197,Hector,Sanchez,1993-02-20,69,183,Hispanic,light,black,clean_shaven,R,LF,,0,,,53,55,49,53,52,49,60,49,48,53,,,,,,,,,,,,47,47,45,46,52,0,0,49,46,44,,,,,,,,,,,,False,,,0,,,,,,0,50,,balanced
P2104,Sung,Le,1988-06-27,71,195,Asian,medium,black,clean_shaven,R,CF,,0,,,55,49,49,52,51,50,56,49,48,49,,,,,,,,,,,,54,46,49,43,51,0,0,49,48,40,,,,,,,,,,,,False,,,0,,,,,,0,50,,spray
P5805,Alejandro,Cruz,1994-05-04,75,227,Hispanic,medium,black,clean_shaven,L,RF,,0,,,53,62,50,50,51,50,44,52,50,51,,,,,,,,,,,,57,62,51,53,51,0,0,52,45,46,,,,,,,,,,,,False,,,0,,,,,,0,50,,power
P6712,Yong,Singh,2000-03-19,70,234,Asian,medium,black,clean_shaven,L,3B,,0,,,49,60,51,50,48,54,52,51,52,50,,,,,,,,,,,,54,66,64,58,48,0,0,51,61,65,,,,,,,,,,,,False,,,0,,,,,,0,50,,power
P8709,Xavier,King,1995-06-20,68,169,African,dark,black,beard,R,RF,,0,,,54,53,49,51,52,49,54,51,51,51,,,,,,,,,,,,52,51,44,52,52,0,0,51,52,50,,,,,,,,,,,,False,,,0,,,,,,0,50,,balanced
P1509,Miguel,Flores,1997-08-07,72,191,Hispanic,light,brown,goatee,R,LF,,0,,,54,53,50,51,50,50,56,51,52,48,,,,,,,,,,,,49,57,52,49,50,0,0,51,57,51,,,,,,,,,,,,False,,,0,,,,,,0,50,,gap
P6368,Sung,Hassan,1996-06-03,75,185,Asian,medium,black,clean_shaven,R,2B,,0,,,59,52,48,53,54,50,56,51,50,50,,,,,,,,,,,,58,54,49,53,54,0,0,51,48,52,,,,,,,,,,,,False,,,0,,,,,,0,50,,spray
P4854,Carlos,Ramos,1997-12-08,68,197,Hispanic,medium,brown,clean_shaven,R,SS,,0,,,49,52,50,48,50,52,58,50,50,50,,,,,,,,,,,,48,53,50,48,50,0,0,50,50,48,,,,,,,,,,,,False,,,0,,,,,,0,50,,average
P1882,Percy,Harris,2002-07-02,68,223,African,dark,black,clean_shaven,R,SS,,0,,,50,51,51,51,49,51,60,51,49,48,,,,,,,,,,,,60,58,56,62,49,0,0,51,56,59,,,,,,,,,,,,False,,,0,,,,,,0,50,,balanced
P6400,Jorge,Gonzalez,2000-11-12,74,180,Hispanic,medium,blonde,clean_shaven,R,P,,1,RP,CL,,,,,55,,,,53,50,48,53,53,51,56,58,62,65,0,0,0,,,,,0,,,,67,55,60,66,61,60,69,72,72,73,0,0,0,False,,,0,,,,,,0,50,closer,
P2954,Hector,Mendoza,1998-07-24,72,248,Hispanic,medium,black,clean_shaven,R,P,,1,RP,RP,,,,,54,,,,51,49,50,50,54,50,51,0,0,0,60,0,0,,,,,0,,,,58,62,61,60,55,56,59,0,0,0,67,0,0,False,,,0,,,,,,0,50,groundball_rp,
P5511,Sung,Khan,1987-12-10,71,236,Asian,medium,black,beard,S,P,,1,RP,SP,,,,,51,,,,51,50,52,52,52,49,49,0,0,60,62,0,0,,,,,0,,,,42,44,42,49,44,44,45,0,0,51,57,0,0,False,,,0,,,,,,0,50,groundball_sp,
P9806,Darnell,King,1987-04-12,73,185,African,dark,black,mustache,R,P,,1,RP,SP,,,,,52,,,,52,54,52,52,52,52,53,59,64,60,60,0,0,,,,,0,,,,51,53,50,44,45,45,47,54,56,53,59,0,0,False,,,0,,,,,,0,50,power_sp,
P1001,Pedro,Vargas,1990-05-03,68,229,Hispanic,dark,brown,clean_shaven,L,P,,1,RP,RP,,,,,52,,,,51,53,52,53,53,52,49,61,59,0,0,0,0,,,,,0,,,,50,49,46,47,45,44,47,55,49,0,0,0,0,False,,,0,,,,,,0,50,finesse_rp,
P4305,Alexis,Hadsall,1998-12-23,72,250,Anglo,light,brown,goatee,L,P,,1,RP,SP,,,,,49,,,,49,53,54,53,53,48,49,62,60,62,55,0,0,,,,,0,,,,59,61,63,62,66,53,54,73,67,68,69,0,0,False,,,0,,,,,,0,50,balanced_sp,
P4879,Xavier,Washington,2004-09-10,68,185,African,dark,brown,clean_shaven,R,P,,1,RP,SP,,,,,51,,,,49,50,52,50,53,47,52,58,61,61,0,0,0,,,,,0,,,,62,80,67,67,70,62,77,83,91,81,0,0,0,False,,,0,,,,,,0,50,power_sp,
P8946,Sung,Zhang,2001-07-24,71,209,Asian,light,black,clean_shaven,R,RF,,0,,,50,51,49,50,50,51,56,49,51,52,,,,,,,,,,,,56,65,61,63,50,0,0,49,59,60,,,,,,,,,,,,False,,,0,,,,,,0,50,,balanced
P7465,Stanford,Sanders,1990-12-04,74,206,Anglo,light,black,clean_shaven,R,3B,,0,,,60,48,49,52,52,51,56,49,47,48,,,,,,,,,,,,54,45,39,50,52,0,0,49,46,46,,,,,,,,,,,,False,,,0,,,,,,0,50,,spray
P9053,Carlos,Hernandez,1998-01-16,68,182,Hispanic,medium,brown,clean_shaven,R,RF,,0,,,52,50,48,51,52,52,55,50,50,51,,,,,,,,,,,,55,50,47,48,52,0,0,50,46,49,,,,,,,,,,,,False,,,0,,,,,,0,50,,average
P1344,Jorge,Delgado,1987-10-14,77,174,Hispanic,light,brown,clean_shaven,R,2B,,0,,,54,63,50,50,49,53,58,49,49,50,,,,,,,,,,,,54,60,44,44,49,0,0,49,40,48,,,,,,,,,,,,False,,,0,,,,,,0,50,,power
P7942,Xavier,Baker,1997-09-08,71,169,African,medium,black,clean_shaven,L,LF,,0,,,61,52,50,50,52,50,50,50,49,51,,,,,,,,,,,,66,52,50,49,52,0,0,50,47,51,,,,,,,,,,,,False,,,0,,,,,,0,50,,spray
P4287,Leroy,Carter,2004-06-07,77,168,African,dark,black,clean_shaven,L,RF,3B,0,,,63,51,48,52,52,47,49,51,48,49,,,,,,,,,,,,78,78,78,72,52,0,0,51,58,65,,,,,,,,,,,,False,,,0,,,,,,0,50,,spray
P1776,Aldo,Beliard,2002-08-03,73,162,Anglo,dark,black,beard,S,RF,,0,,,53,54,53,50,49,51,51,50,51,50,,,,,,,,,,,,58,67,61,64,49,0,0,50,63,57,,,,,,,,,,,,False,,,0,,,,,,0,50,,balanced
P4646,Rufus,Green,1994-11-10,76,172,African,dark,black,clean_shaven,L,3B,,0,,,52,50,48,52,52,51,52,49,49,52,,,,,,,,,,,,54,45,49,50,52,0,0,49,49,54,,,,,,,,,,,,False,,,0,,,,,,0,50,,average
P6576,Archie,Sillitti,2007-02-01,72,236,Anglo,dark,blonde,goatee,S,P,,1,RP,CL,,,,,55,,,,50,54,52,50,52,51,53,58,61,66,0,0,0,,,,,0,,,,76,64,64,78,69,77,73,72,74,93,0,0,0,False,,,0,,,,,,0,50,closer,
P6873,Yong,Tanaka,2007-06-23,69,177,Asian,medium,black,clean_shaven,R,P,,1,RP,SP,,,,,52,,,,49,50,50,54,54,51,49,63,61,60,0,0,0,,,,,0,,,,65,63,67,66,60,75,74,74,79,87,0,0,0,False,,,0,,,,,,0,50,finesse_sp,
P2006,Raul,Mendoza,2006-05-02,75,241,Hispanic,light,brown,clean_shaven,L,P,,1,RP,RP,,,,,49,,,,47,50,52,51,53,51,53,0,63,66,0,55,0,,,,,0,,,,63,69,66,65,80,63,77,0,86,95,0,71,0,False,,,0,,,,,,0,50,power_rp,
P4882,Sung,Patel,2004-09-12,78,227,Asian,medium,black,clean_shaven,S,P,,1,RP,SP,,,,,52,,,,49,50,53,51,53,49,52,61,63,61,0,0,0,,,,,0,,,,76,76,70,65,78,64,77,77,80,90,0,0,0,False,,,0,,,,,,0,50,workhorse_sp,
P2234,Santiago,Dusky,2006-02-25,72,164,Anglo,light,blonde,clean_shaven,L,P,,1,RP,RP,,,,,50,,,,51,50,51,53,52,51,52,59,60,0,0,0,0,,,,,0,,,,68,74,76,74,63,68,66,86,84,0,0,0,0,False,,,0,,,,,,0,50,finesse_rp,
P6796,Hal,Chauncey,2007-01-31,77,169,Anglo,medium,blonde,clean_shaven,R,RF,C,0,,,49,60,50,48,49,52,54,49,48,51,,,,,,,,,,,,59,85,62,61,49,0,0,49,62,77,,,,,,,,,,,,False,,,0,,,,,,0,50,,power
P3637,Burt,Dailey,2007-08-26,75,190,Anglo,light,red,clean_shaven,R,C,,0,,,53,52,50,52,51,49,60,48,49,50,,,,,,,,,,,,68,72,70,73,51,0,0,48,60,61,,,,,,,,,,,,False,,,0,,,,,,0,50,,average
P5611,Leroy,Jackson,2008-01-19,69,182,African,light,brown,clean_shaven,L,LF,1B,0,,,53,58,50,51,49,52,48,51,51,52,,,,,,,,,,,,63,76,78,74,49,0,0,51,74,73,,,,,,,,,,,,False,,,0,,,,,,0,50,,gap
P7180,Sung,Choi,2006-08-05,74,228,Asian,medium,black,clean_shaven,L,LF,,0,,,57,51,52,53,51,51,49,53,51,50,,,,,,,,,,,,69,81,74,69,51,0,0,53,81,69,,,,,,,,,,,,False,,,0,,,,,,0,50,,spray
P5442,Jermaine,Carter,2005-09-28,72,191,African,dark,brown,beard,L,LF,,0,,,63,47,49,54,51,51,49,51,50,49,,,,,,,,,,,,75,64,63,65,51,0,0,51,66,64,,,,,,,,,,,,False,,,0,,,,,,0,50,,spray
P4077,Sung,Lin,1994-06-25,78,248,Asian,light,black,clean_shaven,R,P,,1,RP,CL,,,,,55,,,,49,53,47,50,52,52,52,59,0,65,0,0,0,,,,,0,,,,50,57,51,53,52,50,47,57,0,62,0,0,0,False,,,0,,,,,,0,50,closer,
P6613,Lamont,Mosqueda,2000-01-21,72,235,Anglo,medium,blonde,mustache,R,P,,1,RP,SP,,,,,51,,,,49,48,52,51,54,49,51,59,63,61,55,0,0,,,,,0,,,,63,53,62,62,60,60,57,65,73,76,70,0,0,False,,,0,,,,,,0,50,finesse_sp,
P1636,Willis,Matheney,1994-12-14,69,204,Anglo,light,brown,mustache,S,P,,1,RP,SP,,,,,50,,,,50,53,53,52,53,51,50,60,63,59,0,0,0,,,,,0,,,,51,54,55,54,53,52,49,57,59,62,0,0,0,False,,,0,,,,,,0,50,balanced_sp,
P6366,Miguel,Rodriguez,1996-05-26,72,232,Hispanic,dark,black,beard,L,P,,1,RP,RP,,,,,52,,,,47,51,50,53,53,50,52,57,59,0,0,58,0,,,,,0,,,,42,51,55,56,46,49,54,59,58,0,0,57,0,False,,,0,,,,,,0,50,finesse_rp,
P4656,Sung,Chen,1993-01-02,76,199,Asian,dark,black,clean_shaven,L,P,,1,RP,SP,,,,,47,,,,48,54,52,50,52,49,54,0,60,61,59,0,0,,,,,0,,,,41,47,43,45,45,43,47,0,55,61,49,0,0,False,,,0,,,,,,0,50,power_sp,
P1968,Eduardo,Gonzalez,2001-06-17,72,162,Hispanic,medium,brown,clean_shaven,R,P,,1,RP,RP,,,,,51,,,,49,50,52,52,52,51,53,0,0,64,0,0,0,,,,,0,,,,58,61,58,65,64,57,63,0,0,72,0,0,0,False,,,0,,,,,,0,50,power_rp,
P9126,Cedric,Mitchell,1998-12-04,77,184,African,medium,black,clean_shaven,R,P,,1,RP,RP,,,,,51,,,,53,49,52,52,52,49,51,61,0,0,0,0,0,,,,,0,,,,60,62,58,67,57,64,56,74,0,0,0,0,0,False,,,0,,,,,,0,50,finesse_rp,
P1294,Darnell,Allen,1989-01-19,71,247,African,dark,brown,beard,L,P,,1,RP,SP,,,,,48,,,,50,51,54,52,52,53,50,62,62,57,0,0,0,,,,,0,,,,46,47,43,50,44,52,50,55,52,56,0,0,0,False,,,0,,,,,,0,50,finesse_sp,
P5111,Jose,Perez,1991-09-12,71,212,Hispanic,light,blonde,mustache,L,P,,1,RP,SP,,,,,49,,,,48,52,51,50,53,49,53,0,62,59,0,0,0,,,,,0,,,,44,45,43,46,50,49,49,0,55,53,0,0,0,False,,,0,,,,,,0,50,power_sp,
P1066,Miguel,Ramos,1994-08-23,74,188,Hispanic,light,red,clean_shaven,L,P,,1,RP,SP,,,,,51,,,,51,50,50,51,52,49,53,0,61,62,55,57,0,,,,,0,,,,53,51,51,49,48,50,57,0,58,57,58,55,0,False,,,0,,,,,,0,50,power_sp,
P5234,Jamal,Jackson,2000-06-25,68,162,African,dark,black,clean_shaven,S,P,,1,RP,RP,,,,,53,,,,48,52,49,52,52,49,51,0,0,66,0,0,0,,,,,0,,,,56,58,62,63,63,57,61,0,0,78,0,0,0,False,,,0,,,,,,0,50,power_rp,
P4390,Percy,Mitchell,1992-09-22,71,162,African,medium,brown,clean_shaven,L,C,,0,,,51,50,50,52,49,52,47,49,50,50,,,,,,,,,,,,45,45,44,42,49,0,0,49,46,45,,,,,,,,,,,,False,,,0,,,,,,0,50,,balanced
P9564,Darnell,Mitchell,2002-04-14,71,238,African,dark,brown,clean_shaven,S,1B,,0,,,52,62,49,50,48,51,48,52,51,49,,,,,,,,,,,,66,70,60,64,48,0,0,52,57,54,,,,,,,,,,,,False,,,0,,,,,,0,50,,power
P5267,Isiah,Cruikshank,1997-03-24,77,223,Anglo,medium,red,beard,R,2B,,0,,,53,50,50,49,51,52,54,49,53,52,,,,,,,,,,,,55,49,50,52,51,0,0,49,53,55,,,,,,,,,,,,False,,,0,,,,,,0,50,,average
P5277,Carlos,Gonzalez,1991-04-12,69,244,Hispanic,dark,brown,clean_shaven,R,3B,1B,0,,,48,57,48,48,48,50,60,51,48,48,,,,,,,,,,,,41,53,48,48,48,0,0,51,42,47,,,,,,,,,,,,False,,,0,,,,,,0,50,,power
P9052,Luis,Ramirez,2001-08-11,77,218,Hispanic,medium,blonde,clean_shaven,R,SS,,0,,,58,52,54,53,53,50,55,49,53,47,,,,,,,,,,,,70,67,64,60,53,0,0,49,58,56,,,,,,,,,,,,False,,,0,,,,,,0,50,,spray
P4640,Eduardo,Ortiz,2002-03-10,68,183,Hispanic,dark,blonde,clean_shaven,L,LF,,0,,,53,54,50,49,50,53,49,52,50,53,,,,,,,,,,,,60,69,57,54,50,0,0,52,56,64,,,,,,,,,,,,False,,,0,,,,,,0,50,,average
P9357,Yong,Wang,2004-06-02,72,206,Asian,medium,black,clean_shaven,L,CF,,0,,,52,50,50,52,48,51,44,52,49,52,,,,,,,,,,,,76,71,69,67,48,0,0,52,68,63,,,,,,,,,,,,False,,,0,,,,,,0,50,,balanced
P6811,Isaias,Seise,1999-01-09,76,176,Anglo,light,brown,beard,R,RF,,0,,,53,61,48,52,47,53,54,49,49,50,,,,,,,,,,,,65,75,54,67,47,0,0,49,61,56,,,,,,,,,,,,False,,,0,,,,,,0,50,,power
P3010,Darnell,Green,2002-11-23,73,219,African,dark,black,clean_shaven,R,3B,,0,,,54,52,72,52,51,51,57,50,48,49,,,,,,,,,,,,60,61,83,65,51,0,0,50,61,57,,,,,,,,,,,,False,,,0,,,,,,0,50,,speed
P9643,Malik,Washington,1998-05-03,73,171,African,dark,brown,mustache,R,1B,,0,,,51,63,52,50,47,52,55,52,49,51,,,,,,,,,,,,61,73,65,60,47,0,0,52,62,65,,,,,,,,,,,,False,,,0,,,,,,0,50,,power
P6274,Yong,Park,1999-05-02,78,196,Asian,light,black,clean_shaven,R,C,,0,,,51,49,52,51,52,51,56,52,52,53,,,,,,,,,,,,56,64,57,57,52,0,0,52,58,59,,,,,,,,,,,,False,,,0,,,,,,0,50,,average
P3085,Manuel,Rodriguez,1992-08-26,72,249,Hispanic,light,black,clean_shaven,R,C,,0,,,56,48,51,53,51,50,57,51,53,52,,,,,,,,,,,,56,43,44,43,51,0,0,51,53,46,,,,,,,,,,,,False,,,0,,,,,,0,50,,spray
P3793,Malik,Wright,1996-04-12,74,228,African,dark,black,beard,R,CF,,0,,,62,58,52,53,50,51,54,48,47,50,,,,,,,,,,,,59,59,57,49,50,0,0,48,52,53,,,,,,,,,,,,False,,,0,,,,,,0,50,,gap
P8239,Eduardo,Garcia,1994-05-09,72,200,Hispanic,medium,brown,clean_shaven,R,C,,0,,,51,57,49,52,49,53,58,50,52,49,,,,,,,,,,,,47,54,48,47,49,0,0,50,57,50,,,,,,,,,,,,False,,,0,,,,,,0,50,,power
P2637,Yong,Patel,1993-09-25,70,172,Asian,light,black,mustache,S,P,,1,RP,CL,,,,,55,,,,51,54,51,52,52,52,52,0,0,67,0,0,0,,,,,0,,,,49,48,44,50,43,44,42,0,0,63,0,0,0,False,,,0,,,,,,0,50,closer,
P6245,Cedric,White,1989-04-30,75,172,African,dark,black,beard,R,P,,1,RP,SP,,,,,53,,,,52,49,50,50,52,48,51,59,61,0,60,0,0,,,,,0,,,,52,48,41,44,43,38,43,55,51,0,53,0,0,False,,,0,,,,,,0,50,groundball_sp,
P5348,Rufus,King,1994-10-31,73,193,African,dark,black,beard,L,P,,1,RP,SP,,,,,50,,,,50,50,50,53,52,53,51,58,59,0,0,0,0,,,,,0,,,,51,48,52,53,46,53,46,63,58,0,0,0,0,False,,,0,,,,,,0,50,balanced_sp,
P6166,Sung,Li,1994-08-31,68,236,Asian,medium,black,clean_shaven,S,P,,1,RP,SP,,,,,52,,,,51,52,50,51,53,52,52,0,59,59,0,0,0,,,,,0,,,,54,55,46,50,52,53,50,0,60,57,0,0,0,False,,,0,,,,,,0,50,balanced_sp,
P9754,Carlos,Mendoza,1991-10-26,70,198,Hispanic,light,black,clean_shaven,R,P,,1,RP,SP,,,,,49,,,,52,52,52,52,52,48,52,61,59,61,0,0,0,,,,,0,,,,47,42,45,49,51,44,48,60,58,53,0,0,0,False,,,0,,,,,,0,50,workhorse_sp,
P4485,Sung,Tran,2002-07-07,78,204,Asian,medium,brown,clean_shaven,R,P,,1,RP,RP,,,,,54,,,,52,49,48,54,54,53,51,57,60,66,0,0,0,,,,,0,,,,63,62,66,69,58,68,56,70,72,74,0,0,0,False,,,0,,,,,,0,50,finesse_rp,
P4166,Floyd,Lataquin,2004-06-04,73,240,Anglo,medium,brown,clean_shaven,R,P,,1,RP,SP,,,,,47,,,,50,54,54,51,54,48,53,62,59,62,56,0,0,,,,,0,,,,80,77,69,82,64,73,83,88,79,76,79,0,0,False,,,0,,,,,,0,50,power_sp,
P3759,Arnoldo,Finister,2000-11-18,76,241,Anglo,medium,blonde,clean_shaven,R,CF,,0,,,53,50,70,53,50,48,50,51,50,48,,,,,,,,,,,,63,65,80,63,50,0,0,51,63,59,,,,,,,,,,,,False,,,0,,,,,,0,50,,speed
P4333,Fernando,Ramos,1997-04-30,73,246,Hispanic,light,black,clean_shaven,R,LF,,0,,,50,55,49,52,52,52,55,52,48,49,,,,,,,,,,,,49,57,45,49,52,0,0,52,52,44,,,,,,,,,,,,False,,,0,,,,,,0,50,,balanced
P9844,Yong,Nguyen,1999-04-30,74,211,Asian,light,black,clean_shaven,R,SS,,0,,,57,49,50,54,53,47,57,49,52,48,,,,,,,,,,,,66,54,62,66,53,0,0,49,61,60,,,,,,,,,,,,False,,,0,,,,,,0,50,,spray
P9191,Cedric,Walker,1993-08-13,72,201,African,dark,black,clean_shaven,R,LF,,0,,,51,62,48,50,51,53,58,53,49,51,,,,,,,,,,,,45,59,42,42,51,0,0,53,49,45,,,,,,,,,,,,False,,,0,,,,,,0,50,,power
P6715,Deshawn,Scott,1997-10-02,72,192,African,dark,black,beard,R,3B,,0,,,52,51,50,49,50,48,58,51,51,50,,,,,,,,,,,,47,55,49,51,50,0,0,51,49,45,,,,,,,,,,,,False,,,0,,,,,,0,50,,average
P1909,Rafael,Cruz,1990-12-15,72,239,Hispanic,medium,brown,clean_shaven,L,LF,,0,,,49,59,51,48,47,53,51,48,49,49,,,,,,,,,,,,49,57,43,41,47,0,0,48,44,40,,,,,,,,,,,,False,,,0,,,,,,0,50,,power
P2556,Manuel,Torres,1993-02-05,74,205,Hispanic,dark,black,beard,R,C,,0,,,63,49,54,53,50,46,59,50,52,50,,,,,,,,,,,,54,48,49,44,50,0,0,50,45,49,,,,,,,,,,,,False,,,0,,,,,,0,50,,spray
P2203,Guadalupe,Brickel,1992-06-16,71,192,Anglo,medium,black,clean_shaven,R,1B,,0,,,52,58,49,49,48,51,55,49,50,49,,,,,,,,,,,,43,48,44,42,48,0,0,49,41,49,,,,,,,,,,,,False,,,0,,,,,,0,50,,gap
P3565,Jarod,Wedner,2005-07-22,74,167,Anglo,light,brown,clean_shaven,L,P,,1,RP,CL,,,,,55,,,,50,53,48,51,53,51,54,0,0,65,0,0,0,,,,,0,,,,64,75,67,83,68,70,73,0,0,75,0,0,0,False,,,0,,,,,,0,50,closer,
P3055,Roberto,Vargas,2004-03-31,73,236,Hispanic,medium,blonde,beard,L,P,,1,RP,SP,,,,,51,,,,50,49,50,53,52,52,51,0,63,64,0,0,0,,,,,0,,,,80,68,79,79,66,65,67,0,75,85,0,0,0,False,,,0,,,,,,0,50,power_sp,
P4848,Trinidad,Brownsberger,2007-11-07,68,195,Anglo,dark,brown,clean_shaven,R,P,,1,RP,SP,,,,,49,,,,48,54,52,51,52,52,54,0,62,63,0,57,0,,,,,0,,,,66,73,81,62,70,76,76,0,73,91,0,77,0,False,,,0,,,,,,0,50,power_sp,
P7884,Reinaldo,Pilgreen,2005-07-14,68,240,Anglo,light,brown,clean_shaven,L,P,,1,RP,SP,,,,,51,,,,51,49,50,52,54,48,51,62,61,0,0,0,0,,,,,0,,,,81,67,65,66,73,69,68,84,84,0,0,0,0,False,,,0,,,,,,0,50,balanced_sp,
P4834,Glenn,Freehling,2006-02-17,69,194,Anglo,medium,blonde,clean_shaven,R,P,,1,RP,SP,,,,,49,,,,50,52,52,53,54,49,51,61,62,60,0,0,0,,,,,0,,,,63,76,65,75,79,70,78,87,89,77,0,0,0,False,,,0,,,,,,0,50,workhorse_sp,
P1000,Rufus,Young,2006-10-15,74,204,African,dark,brown,clean_shaven,L,1B,,0,,,53,63,50,49,49,54,46,51,50,53,,,,,,,,,,,,76,79,78,60,49,0,0,51,64,76,,,,,,,,,,,,False,,,0,,,,,,0,50,,power
P6986,Rafael,Sanchez,2008-02-17,69,230,Hispanic,dark,black,mustache,S,CF,,0,,,52,54,53,51,52,52,48,49,50,51,,,,,,,,,,,,74,73,76,71,52,0,0,49,71,67,,,,,,,,,,,,False,,,0,,,,,,0,50,,balanced
P5784,Luis,Cruz,2007-02-01,68,187,Hispanic,medium,black,clean_shaven,S,1B,,0,,,50,62,49,49,51,53,51,52,52,49,,,,,,,,,,,,67,80,66,68,51,0,0,52,70,72,,,,,,,,,,,,False,,,0,,,,,,0,50,,power
P8218,Percy,Allen,2005-03-27,69,210,African,dark,brown,clean_shaven,L,2B,,0,,,54,47,85,55,49,48,48,49,51,53,,,,,,,,,,,,80,70,99,71,49,0,0,49,72,74,,,,,,,,,,,,False,,,0,,,,,,0,50,,elite_speed
P1810,Antonio,Flores,2004-08-17,76,168,Hispanic,dark,brown,clean_shaven,R,C,,0,,,53,52,49,52,51,51,56,48,49,49,,,,,,,,,,,,80,73,72,78,51,0,0,48,71,62,,,,,,,,,,,,False,,,0,,,,,,0,50,,balanced
P8663,Russ,Tomlinson,2001-06-29,75,195,Anglo,light,blonde,clean_shaven,L,P,,1,RP,CL,,,,,55,,,,49,52,49,50,52,50,53,0,60,66,0,0,0,,,,,0,,,,60,66,61,61,58,65,64,0,65,76,0,0,0,False,,,0,,,,,,0,50,closer,
P6911,Jose,Gomez,1989-04-03,71,191,Hispanic,medium,brown,beard,R,P,,1,RP,SP,,,,,48,,,,50,51,52,50,53,52,53,59,63,60,0,58,0,,,,,0,,,,40,46,40,49,44,52,48,55,58,52,0,49,0,False,,,0,,,,,,0,50,power_sp,
P8464,Jerald,Shaklee,1998-11-27,78,163,Anglo,medium,blonde,beard,R,P,,1,RP,SP,,,,,48,,,,49,49,54,50,52,51,53,60,59,61,0,54,0,,,,,0,,,,61,56,65,57,69,57,58,73,72,71,0,64,0,False,,,0,,,,,,0,50,balanced_sp,
P6244,Malik,Carter,1992-05-20,74,227,African,dark,black,goatee,R,P,,1,RP,SP,,,,,49,,,,49,50,50,53,52,49,50,63,0,58,0,0,0,,,,,0,,,,42,43,43,44,43,49,40,62,0,54,0,0,0,False,,,0,,,,,,0,50,workhorse_sp,
P5950,Rosario,Denyes,2003-03-07,71,207,Anglo,light,red,mustache,S,P,,1,RP,SP,,,,,49,,,,52,49,49,51,52,50,49,0,0,58,60,0,0,,,,,0,,,,64,56,66,63,54,63,64,0,0,65,69,0,0,False,,,0,,,,,,0,50,groundball_sp,
P5219,Juan,Perez,2000-08-21,72,230,Hispanic,medium,black,clean_shaven,L,P,,1,RP,SP,,,,,52,,,,51,50,52,50,53,51,53,0,62,61,0,0,0,,,,,0,,,,58,58,56,63,63,59,61,0,72,68,0,0,0,False,,,0,,,,,,0,50,balanced_sp,
P8941,Leroy,Walker,2002-12-10,78,191,African,dark,black,clean_shaven,L,P,,1,RP,SP,,,,,49,,,,48,52,50,53,52,52,49,59,60,0,0,0,0,,,,,0,,,,62,62,60,64,64,60,61,64,68,0,0,0,0,False,,,0,,,,,,0,50,finesse_sp,
P7469,Raul,Delgado,2001-08-24,71,204,Hispanic,light,black,clean_shaven,L,P,,1,RP,RP,,,,,57,,,,48,50,49,52,52,51,51,60,0,0,61,0,0,,,,,0,,,,56,60,62,61,56,65,62,70,0,0,66,0,0,False,,,0,,,,,,0,50,groundball_rp,
P9300,Rafael,Morales,2000-02-25,73,228,Hispanic,dark,brown,clean_shaven,R,P,,1,RP,RP,,,,,53,,,,49,53,50,50,52,50,56,0,60,64,0,0,0,,,,,0,,,,61,63,55,64,65,58,64,0,70,73,0,0,0,False,,,0,,,,,,0,50,power_rp,
P9991,Carlos,Flores,1997-11-28,69,217,Hispanic,medium,brown,mustache,R,P,,1,RP,RP,,,,,51,,,,50,53,51,53,52,50,52,0,62,0,0,0,0,,,,,0,,,,46,49,58,49,48,48,57,0,60,0,0,0,0,False,,,0,,,,,,0,50,finesse_rp,
P3331,Rufus,Robinson,2002-03-09,73,235,African,dark,brown,clean_shaven,L,P,,1,RP,RP,,,,,52,,,,49,53,50,50,52,52,53,0,60,66,0,0,0,,,,,0,,,,58,58,62,66,61,58,66,0,67,74,0,0,0,False,,,0,,,,,,0,50,power_rp,
P8506,Johnnie,Kinaj,1996-12-09,69,197,Anglo,medium,red,clean_shaven,S,C,,0,,,53,49,49,52,51,49,54,52,52,48,,,,,,,,,,,,52,51,46,55,51,0,0,52,56,44,,,,,,,,,,,,False,,,0,,,,,,0,50,,average
P5663,Rayford,Hotelling,1991-09-11,77,225,Anglo,medium,blonde,clean_shaven,S,1B,,0,,,51,59,50,50,50,52,47,48,48,52,,,,,,,,,,,,48,50,48,48,50,0,0,48,43,46,,,,,,,,,,,,False,,,0,,,,,,0,50,,power
P9341,Manuel,Castillo,1989-09-03,74,209,Hispanic,light,black,beard,R,2B,,0,,,53,47,50,54,53,52,58,48,49,49,,,,,,,,,,,,48,43,43,54,53,0,0,48,42,48,,,,,,,,,,,,False,,,0,,,,,,0,50,,spray
P6742,Roberto,Gomez,1990-09-30,68,250,Hispanic,medium,brown,mustache,R,3B,,0,,,52,64,52,50,49,51,56,50,49,49,,,,,,,,,,,,47,56,46,43,49,0,0,50,39,45,,,,,,,,,,,,False,,,0,,,,,,0,50,,power
P2240,Fernando,Reyes,2001-10-07,69,234,Hispanic,medium,brown,clean_shaven,R,SS,,0,,,50,49,50,51,49,52,59,51,47,50,,,,,,,,,,,,61,64,59,62,49,0,0,51,54,64,,,,,,,,,,,,False,,,0,,,,,,0,50,,average
P5398,Malik,Young,1988-06-14,78,180,African,dark,black,beard,L,LF,,0,,,52,52,70,52,51,51,47,48,52,49,,,,,,,,,,,,49,47,63,44,51,0,0,48,49,42,,,,,,,,,,,,False,,,0,,,,,,0,50,,speed
P9592,Tyrone,Washington,1994-08-30,72,237,African,dark,black,clean_shaven,S,CF,,0,,,61,50,50,52,50,50,51,50,51,53,,,,,,,,,,,,58,49,46,51,50,0,0,50,51,50,,,,,,,,,,,,False,,,0,,,,,,0,50,,spray
P8572,Leroy,King,1992-06-15,73,187,African,dark,black,beard,R,RF,,0,,,53,55,48,50,49,52,52,48,49,51,,,,,,,,,,,,50,50,42,46,49,0,0,48,46,44,,,,,,,,,,,,False,,,0,,,,,,0,50,,gap
P3111,Kendrick,Denogean,1990-09-23,68,208,Anglo,light,brown,clean_shaven,L,3B,,0,,,49,50,51,48,49,49,52,50,48,50,,,,,,,,,,,,47,43,51,38,49,0,0,50,43,50,,,,,,,,,,,,False,,,0,,,,,,0,50,,balanced
P7816,Xavier,Wright,1998-12-13,76,206,African,dark,black,beard,R,LF,,0,,,53,53,71,54,53,48,57,51,51,53,,,,,,,,,,,,60,60,76,63,53,0,0,51,61,63,,,,,,,,,,,,False,,,0,,,,,,0,50,,speed
P5892,Jermaine,Harris,1997-01-20,72,193,African,dark,black,clean_shaven,R,CF,,0,,,51,50,52,52,50,48,57,50,49,50,,,,,,,,,,,,54,49,52,55,50,0,0,50,47,51,,,,,,,,,,,,False,,,0,,,,,,0,50,,average
P6604,Percy,King,1989-02-20,74,163,African,dark,black,mustache,L,1B,,0,,,50,53,50,49,49,51,46,53,52,50,,,,,,,,,,,,42,51,49,49,49,0,0,53,42,46,,,,,,,,,,,,False,,,0,,,,,,0,50,,balanced
P6645,Francisco,Garcia,2003-10-11,73,219,Hispanic,medium,blonde,clean_shaven,R,SS,,0,,,50,53,51,49,51,50,56,50,48,50,,,,,,,,,,,,62,67,65,56,51,0,0,50,63,65,,,,,,,,,,,,False,,,0,,,,,,0,50,,balanced
P3999,Luis,Vasquez,2003-07-12,78,180,Hispanic,medium,brown,mustache,L,1B,,0,,,54,60,53,53,49,52,44,50,52,49,,,,,,,,,,,,65,71,67,58,49,0,0,50,57,60,,,,,,,,,,,,False,,,0,,,,,,0,50,,gap
P4875,Francesco,Camferdam,1998-07-16,78,210,Anglo,light,black,clean_shaven,L,P,,1,RP,CL,,,,,55,,,,50,54,50,51,52,50,53,0,0,65,0,0,0,,,,,0,,,,62,59,61,61,63,59,64,0,0,74,0,0,0,False,,,0,,,,,,0,50,closer,
P5256,Carlos,Gomez,1987-06-17,77,167,Hispanic,dark,black,clean_shaven,R,P,,1,RP,SP,,,,,48,,,,51,54,51,52,52,50,54,62,63,62,60,0,0,,,,,0,,,,46,49,45,49,50,40,54,58,54,60,55,0,0,False,,,0,,,,,,0,50,power_sp,
P4982,Alejandro,Castillo,1997-02-21,77,195,Hispanic,light,brown,beard,L,P,,1,RP,SP,,,,,47,,,,50,54,54,50,54,52,53,61,59,59,0,56,0,,,,,0,,,,53,53,48,52,56,49,53,62,62,57,0,53,0,False,,,0,,,,,,0,50,power_sp,
P8613,Alejandro,Hernandez,1989-08-02,68,230,Hispanic,medium,black,beard,L,P,,1,RP,SP,,,,,49,,,,49,50,50,51,53,48,51,0,0,59,60,0,0,,,,,0,,,,46,48,47,47,42,39,42,0,0,51,53,0,0,False,,,0,,,,,,0,50,groundball_sp,
P8743,Nigel,Bielecki,1995-05-15,72,248,Anglo,light,red,clean_shaven,R,P,,1,RP,SP,,,,,50,,,,50,50,51,53,52,52,49,63,63,0,0,0,0,,,,,0,,,,55,48,57,56,48,47,50,66,58,0,0,0,0,False,,,0,,,,,,0,50,finesse_sp,
P8154,Pedro,Flores,1994-01-03,75,230,Hispanic,medium,black,clean_shaven,L,P,,1,RP,SP,,,,,51,,,,50,53,52,50,52,47,53,62,64,61,0,54,0,,,,,0,,,,43,50,46,46,47,39,45,59,64,53,0,47,0,False,,,0,,,,,,0,50,power_sp,
P1109,Hector,Vasquez,1995-06-16,72,183,Hispanic,medium,brown,goatee,R,P,,1,RP,SP,,,,,47,,,,50,54,54,50,54,51,52,0,62,62,0,54,0,,,,,0,,,,55,57,46,51,55,55,47,0,67,63,0,56,0,False,,,0,,,,,,0,50,power_sp,
P1367,Manuel,Gomez,1995-08-02,77,203,Hispanic,light,brown,mustache,R,3B,,0,,,50,51,51,51,51,50,60,52,52,48,,,,,,,,,,,,55,56,47,46,51,0,0,52,49,51,,,,,,,,,,,,False,,,0,,,,,,0,50,,average
P9614,Leroy,Green,1998-02-06,70,220,African,dark,black,beard,L,RF,,0,,,51,49,50,51,48,50,51,50,52,48,,,,,,,,,,,,48,51,55,52,48,0,0,50,49,43,,,,,,,,,,,,False,,,0,,,,,,0,50,,balanced
P9937,Timmy,Altschuler,1990-01-24,73,230,Anglo,dark,brown,mustache,L,LF,,0,,,53,50,49,52,51,48,49,50,52,52,,,,,,,,,,,,48,42,46,48,51,0,0,50,44,48,,,,,,,,,,,,False,,,0,,,,,,0,50,,average
P6764,Juan,Cruz,1993-07-07,71,203,Hispanic,light,brown,beard,S,C,,0,,,50,53,51,50,51,52,50,52,49,50,,,,,,,,,,,,41,49,45,47,51,0,0,52,40,43,,,,,,,,,,,,False,,,0,,,,,,0,50,,average
P1198,Rico,Banfield,1991-07-30,69,175,Anglo,dark,blonde,clean_shaven,R,LF,,0,,,50,64,47,51,49,51,55,51,52,50,,,,,,,,,,,,43,64,38,42,49,0,0,51,43,45,,,,,,,,,,,,False,,,0,,,,,,0,50,,power
P6095,Carlos,Sanchez,1989-01-10,76,205,Hispanic,light,blonde,beard,R,SS,,0,,,50,51,70,52,53,50,57,49,50,49,,,,,,,,,,,,43,44,69,52,53,0,0,49,43,49,,,,,,,,,,,,False,,,0,,,,,,0,50,,speed
P2812,Thanh,Wellen,1992-07-28,77,163,Anglo,light,brown,beard,L,C,,0,,,67,52,53,52,50,49,49,52,53,52,,,,,,,,,,,,57,50,53,50,50,0,0,52,51,47,,,,,,,,,,,,False,,,0,,,,,,0,50,,spray
P2818,Jamal,Jefferson,1993-03-21,74,191,African,dark,black,mustache,L,1B,,0,,,53,55,50,50,51,50,47,48,49,48,,,,,,,,,,,,51,50,44,49,51,0,0,48,46,43,,,,,,,,,,,,False,,,0,,,,,,0,50,,gap
P5110,Deshawn,White,2004-03-03,73,181,African,dark,black,clean_shaven,L,P,,1,RP,CL,,,,,55,,,,48,52,48,51,54,51,53,60,61,65,0,0,0,,,,,0,,,,69,79,69,81,75,75,72,72,79,77,0,0,0,False,,,0,,,,,,0,50,closer,
P5729,Kraig,Jabiro,2006-09-26,68,189,Anglo,dark,brown,clean_shaven,R,P,,1,RP,SP,,,,,51,,,,53,49,54,51,52,48,50,59,62,59,56,0,0,,,,,0,,,,72,79,61,63,70,68,71,89,88,78,69,0,0,False,,,0,,,,,,0,50,workhorse_sp,
P4313,Tyrone,Taylor,2007-04-24,69,233,African,dark,brown,mustache,S,P,,1,RP,CL,,,,,54,,,,49,52,48,51,52,52,55,0,62,66,0,0,0,,,,,0,,,,73,62,81,71,71,63,77,0,86,80,0,0,0,False,,,0,,,,,,0,50,closer,
P8227,Rigoberto,Minert,2005-10-24,72,205,Anglo,medium,blonde,clean_shaven,R,P,,1,RP,SP,,,,,50,,,,48,52,49,52,52,51,52,60,60,62,0,0,0,,,,,0,,,,68,69,65,73,64,67,67,90,86,73,0,0,0,False,,,0,,,,,,0,50,power_sp,
P6419,Jermaine,Robinson,2006-11-17,73,234,African,dark,black,clean_shaven,L,P,,1,RP,SP,,,,,51,,,,49,51,53,51,52,50,56,0,62,61,59,0,0,,,,,0,,,,69,69,79,81,75,63,81,0,83,78,88,0,0,False,,,0,,,,,,0,50,power_sp,
P9501,Tyrone,Allen,2004-06-27,75,221,African,dark,black,clean_shaven,L,3B,,0,,,52,64,50,49,48,49,52,49,48,50,,,,,,,,,,,,66,91,64,65,48,0,0,49,59,70,,,,,,,,,,,,False,,,0,,,,,,0,50,,power
P3927,Pedro,Sanchez,2005-02-13,71,197,Hispanic,medium,black,clean_shaven,L,1B,,0,,,49,60,48,50,48,50,46,51,49,53,,,,,,,,,,,,78,71,58,79,48,0,0,51,79,78,,,,,,,,,,,,False,,,0,,,,,,0,50,,power
P4124,Percy,Walker,2006-04-10,72,239,African,light,black,clean_shaven,R,2B,,0,,,53,49,70,53,52,51,59,53,50,48,,,,,,,,,,,,82,63,87,63,52,0,0,53,72,69,,,,,,,,,,,,False,,,0,,,,,,0,50,,speed
P9238,Darnell,Walker,2007-07-04,77,183,African,dark,brown,clean_shaven,R,1B,,0,,,51,60,51,49,51,54,54,53,50,53,,,,,,,,,,,,74,71,81,62,51,0,0,53,74,80,,,,,,,,,,,,False,,,0,,,,,,0,50,,power
P2652,Ulysses,Wassell,2007-04-21,75,165,Anglo,light,blonde,clean_shaven,R,C,,0,,,48,52,50,50,48,49,56,51,51,49,,,,,,,,,,,,70,81,75,70,48,0,0,51,70,61,,,,,,,,,,,,False,,,0,,,,,,0,50,,average
P8031,Tyrone,Wright,1992-10-08,69,205,African,dark,black,clean_shaven,L,P,,1,RP,CL,,,,,55,,,,49,52,49,52,52,52,52,0,0,67,0,0,0,,,,,0,,,,47,49,46,44,44,46,52,0,0,58,0,0,0,False,,,0,,,,,,0,50,closer,
P5708,Tod,Violett,2002-08-07,70,178,Anglo,light,blonde,clean_shaven,L,P,,1,RP,SP,,,,,51,,,,51,49,54,52,52,50,48,63,63,0,0,54,0,,,,,0,,,,62,58,64,64,61,64,57,71,77,0,0,69,0,False,,,0,,,,,,0,50,finesse_sp,
P8109,Kristofer,Katoa,1999-09-17,78,234,Anglo,dark,blonde,mustache,R,P,,1,RP,LR,,,,,50,,,,49,51,51,50,54,51,53,60,62,0,0,0,0,,,,,0,,,,62,59,62,65,59,59,64,75,76,0,0,0,0,False,,,0,,,,,,0,50,long_relief,
P5293,Tyrone,Carter,1992-01-11,74,178,African,dark,black,mustache,L,P,,1,RP,RP,,,,,51,,,,51,54,52,50,52,48,51,0,60,67,0,57,0,,,,,0,,,,42,44,48,46,49,47,44,0,55,63,0,55,0,False,,,0,,,,,,0,50,power_rp,
P8435,Kurt,Vangompel,1998-11-16,77,192,Anglo,light,brown,beard,S,P,,1,RP,RP,,,,,54,,,,51,51,52,52,53,51,51,0,0,0,63,0,0,,,,,0,,,,64,56,59,65,67,60,58,0,0,0,72,0,0,False,,,0,,,,,,0,50,groundball_rp,
P9518,Raul,Flores,1998-11-03,68,180,Hispanic,medium,brown,clean_shaven,R,P,,1,RP,RP,,,,,52,,,,51,49,52,51,52,50,54,0,60,0,0,0,0,,,,,0,,,,64,55,58,66,64,58,62,0,69,0,0,0,0,False,,,0,,,,,,0,50,power_rp,
P2426,Tim,Wannamaker,1991-10-12,76,241,Anglo,light,black,clean_shaven,L,P,,1,RP,SP,,,,,52,,,,48,52,52,53,54,52,52,58,60,59,0,56,0,,,,,0,,,,47,49,52,54,45,48,43,49,51,55,0,48,0,False,,,0,,,,,,0,50,balanced_sp,
P7368,Jermaine,Green,1993-12-02,69,213,African,dark,black,mustache,L,P,,1,RP,SP,,,,,50,,,,50,51,54,50,52,48,54,61,0,59,0,0,0,,,,,0,,,,44,49,40,43,51,41,44,61,0,59,0,0,0,False,,,0,,,,,,0,50,balanced_sp,
P1157,Malik,King,1987-12-21,75,189,African,dark,brown,beard,R,P,,1,RP,RP,,,,,55,,,,51,51,49,53,54,49,53,0,0,0,59,0,0,,,,,0,,,,47,43,44,45,39,40,47,0,0,0,54,0,0,False,,,0,,,,,,0,50,groundball_rp,
P9041,Parker,Overdorf,1993-05-09,77,212,Anglo,light,brown,mustache,L,P,,1,RP,SP,,,,,49,,,,50,51,54,50,54,49,50,60,62,61,54,0,0,,,,,0,,,,48,46,43,46,44,44,46,52,57,60,51,0,0,False,,,0,,,,,,0,50,workhorse_sp,
P3723,Jason,Wunderlich,1996-07-13,74,250,Anglo,light,blonde,beard,R,P,,1,RP,SP,,,,,49,,,,49,52,54,50,52,52,50,61,60,0,0,0,0,,,,,0,,,,53,56,52,52,50,54,54,65,61,0,0,0,0,False,,,0,,,,,,0,50,workhorse_sp,
P8284,Roberto,Garcia,1988-06-27,68,164,Hispanic,dark,black,clean_shaven,R,C,,0,,,52,54,50,53,49,50,56,50,50,50,,,,,,,,,,,,51,50,43,45,49,0,0,50,48,42,,,,,,,,,,,,False,,,0,,,,,,0,50,,balanced
P9617,Jarrett,Faulkner,1996-11-08,70,205,Anglo,light,blonde,clean_shaven,L,1B,,0,,,51,61,49,51,51,52,46,53,49,52,,,,,,,,,,,,49,62,53,48,51,0,0,53,46,54,,,,,,,,,,,,False,,,0,,,,,,0,50,,power
P7386,Mose,Hadson,1999-10-22,71,207,Anglo,light,black,clean_shaven,S,2B,,0,,,52,51,51,53,50,49,50,50,50,50,,,,,,,,,,,,59,60,65,61,50,0,0,50,61,61,,,,,,,,,,,,False,,,0,,,,,,0,50,,balanced
P5781,Luis,Garcia,1998-01-04,76,198,Hispanic,medium,black,clean_shaven,R,3B,,0,,,48,52,51,49,50,50,57,50,50,50,,,,,,,,,,,,52,49,54,54,50,0,0,50,52,54,,,,,,,,,,,,False,,,0,,,,,,0,50,,balanced
P4543,Gail,Vickery,1996-03-28,71,192,Anglo,light,blonde,beard,R,SS,,0,,,52,48,85,52,50,50,58,53,50,48,,,,,,,,,,,,49,45,90,47,50,0,0,53,52,46,,,,,,,,,,,,False,,,0,,,,,,0,50,,speed
P9979,Jayson,Masell,2004-02-26,74,202,Anglo,light,blonde,clean_shaven,S,LF,,0,,,50,63,50,51,51,52,52,53,52,50,,,,,,,,,,,,56,77,63,59,51,0,0,53,59,62,,,,,,,,,,,,False,,,0,,,,,,0,50,,power
P9167,Garland,Remaley,1989-11-08,71,178,Anglo,light,black,beard,L,CF,,0,,,55,51,53,52,52,48,46,52,48,52,,,,,,,,,,,,48,42,44,51,52,0,0,52,38,46,,,,,,,,,,,,False,,,0,,,,,,0,50,,gap
P1458,Dustin,Romero,1993-09-02,70,216,Anglo,light,blonde,goatee,L,RF,C,0,,,49,59,49,49,47,52,43,48,51,49,,,,,,,,,,,,42,59,47,46,47,0,0,48,41,40,,,,,,,,,,,,False,,,0,,,,,,0,50,,power
P5050,Man,Gabaree,1990-08-16,71,192,Anglo,medium,black,beard,R,2B,,0,,,59,56,49,54,52,48,55,53,51,52,,,,,,,,,,,,53,52,45,53,52,0,0,53,47,51,,,,,,,,,,,,False,,,0,,,,,,0,50,,gap
P9420,Percy,Baker,2001-08-03,70,168,African,dark,black,clean_shaven,R,SS,,0,,,52,51,54,51,50,52,56,51,52,51,,,,,,,,,,,,67,59,67,56,50,0,0,51,63,61,,,,,,,,,,,,False,,,0,,,,,,0,50,,balanced
P5327,Antonio,Mendoza,2002-08-26,77,164,Hispanic,medium,brown,clean_shaven,R,SS,,0,,,49,51,52,51,49,49,61,48,49,49,,,,,,,,,,,,59,59,57,64,49,0,0,48,56,55,,,,,,,,,,,,False,,,0,,,,,,0,50,,average
P2554,Hassan,Prehoda,1999-10-02,69,201,Anglo,light,brown,clean_shaven,R,CF,,0,,,54,50,71,50,51,49,54,48,52,50,,,,,,,,,,,,66,59,78,65,51,0,0,48,62,60,,,,,,,,,,,,False,,,0,,,,,,0,50,,speed
P6769,Jamal,Gaines,1987-09-29,76,166,African,dark,black,clean_shaven,R,CF,,0,,,52,48,51,51,52,53,58,47,50,51,,,,,,,,,,,,46,47,43,46,52,0,0,47,48,50,,,,,,,,,,,,False,,,0,,,,,,0,50,,average
P2793,Juan,Diaz,1999-05-16,75,179,Hispanic,light,red,clean_shaven,R,1B,,0,,,52,54,53,51,52,52,52,49,48,50,,,,,,,,,,,,61,65,66,61,52,0,0,49,53,62,,,,,,,,,,,,False,,,0,,,,,,0,50,,balanced
P5673,Ricardo,Ortiz,1997-03-04,74,191,Hispanic,dark,black,clean_shaven,R,P,,1,RP,CL,,,,,55,,,,50,52,48,50,54,48,53,0,60,65,0,0,0,,,,,0,,,,55,57,55,55,45,50,55,0,59,62,0,0,0,False,,,0,,,,,,0,50,closer,
P7572,Val,Coffie,1987-08-26,70,171,Anglo,medium,black,goatee,L,P,,1,RP,SP,,,,,48,,,,49,53,50,52,52,50,52,0,61,63,0,0,0,,,,,0,,,,47,53,50,45,43,45,51,0,53,57,0,0,0,False,,,0,,,,,,0,50,power_sp,
P3119,Luis,Flores,1993-06-25,77,237,Hispanic,medium,brown,goatee,R,P,,1,RP,SP,,,,,50,,,,50,53,50,50,52,50,52,58,60,59,0,54,0,,,,,0,,,,44,48,43,48,47,47,51,49,54,57,0,51,0,False,,,0,,,,,,0,50,workhorse_sp,
P1178,Roberto,Hernandez,1999-11-10,69,234,Hispanic,medium,brown,mustache,L,P,,1,RP,SP,,,,,51,,,,53,51,52,54,52,50,50,62,59,0,0,53,0,,,,,0,,,,68,62,67,66,63,65,62,72,64,0,0,61,0,False,,,0,,,,,,0,50,finesse_sp,
P3013,Asa,Marchell,1998-06-27,68,184,Anglo,light,brown,clean_shaven,S,P,,1,RP,RP,,,,,53,,,,48,50,51,51,54,52,53,60,61,0,58,0,0,,,,,0,,,,55,65,60,69,63,66,68,71,66,0,67,0,0,False,,,0,,,,,,0,50,finesse_rp,
P4976,Fernando,Vasquez,1999-01-19,76,239,Hispanic,medium,brown,beard,S,P,,1,RP,RP,,,,,50,,,,51,51,52,54,53,51,53,58,0,0,0,0,0,,,,,0,,,,66,61,64,68,66,60,61,70,0,0,0,0,0,False,,,0,,,,,,0,50,finesse_rp,
P3810,Fernando,Garcia,1998-05-26,69,215,Hispanic,light,brown,mustache,L,P,,1,RP,SP,,,,,50,,,,50,52,50,52,52,50,52,60,59,58,0,0,0,,,,,0,,,,55,64,59,67,63,61,59,71,64,68,0,0,0,False,,,0,,,,,,0,50,workhorse_sp,
P3046,Antonio,Vasquez,2004-09-07,68,168,Hispanic,light,brown,clean_shaven,L,1B,,0,,,49,57,53,49,51,52,50,50,50,50,,,,,,,,,,,,77,87,83,76,51,0,0,50,73,66,,,,,,,,,,,,False,,,0,,,,,,0,50,,balanced
P2769,Titus,Shearin,1995-06-15,70,248,Anglo,light,red,clean_shaven,S,RF,,0,,,50,50,51,51,53,50,54,47,52,50,,,,,,,,,,,,46,46,54,56,53,0,0,47,56,47,,,,,,,,,,,,False,,,0,,,,,,0,50,,average
P1899,Tyrone,White,1992-08-05,69,209,African,dark,black,clean_shaven,R,SS,,0,,,51,51,51,49,51,49,58,52,51,51,,,,,,,,,,,,45,46,51,49,51,0,0,52,51,50,,,,,,,,,,,,False,,,0,,,,,,0,50,,balanced
P5225,Cedric,Baker,2002-01-31,74,161,African,dark,black,mustache,S,2B,3B,0,,,61,62,51,57,49,48,54,52,50,48,,,,,,,,,,,,70,70,60,65,49,0,0,52,63,63,,,,,,,,,,,,False,,,0,,,,,,0,50,,gap
P5416,Juan,Torres,2000-01-14,72,193,Hispanic,dark,black,mustache,R,CF,,0,,,50,51,70,51,53,48,51,52,49,53,,,,,,,,,,,,56,62,80,61,53,0,0,52,54,58,,,,,,,,,,,,False,,,0,,,,,,0,50,,speed
P2836,Jorge,Vasquez,1988-03-18,78,229,Hispanic,medium,blonde,clean_shaven,R,LF,,0,,,50,62,49,51,51,52,58,51,50,53,,,,,,,,,,,,49,56,47,47,51,0,0,51,46,47,,,,,,,,,,,,False,,,0,,,,,,0,50,,power
P3872,Van,Servedio,1991-10-12,68,240,Anglo,light,red,goatee,R,3B,,0,,,50,51,50,49,47,47,58,51,49,50,,,,,,,,,,,,46,46,41,45,47,0,0,51,46,47,,,,,,,,,,,,False,,,0,,,,,,0,50,,balanced
P6993,Tyrone,Jefferson,1991-07-27,71,173,African,dark,black,clean_shaven,L,LF,,0,,,50,50,51,51,51,52,50,53,51,53,,,,,,,,,,,,42,42,42,48,51,0,0,53,43,47,,,,,,,,,,,,False,,,0,,,,,,0,50,,average
P7679,Daron,Harmison,2008-02-05,70,165,Anglo,medium,brown,clean_shaven,R,P,,1,RP,CL,,,,,55,,,,50,51,49,51,54,52,54,0,0,65,0,0,0,,,,,0,,,,68,66,64,68,74,65,66,0,0,86,0,0,0,False,,,0,,,,,,0,50,closer,
P9291,Antonio,Rivera,2005-08-28,70,200,Hispanic,medium,black,clean_shaven,S,P,,1,RP,CL,,,,,52,,,,50,53,51,53,54,50,53,58,61,66,0,0,0,,,,,0,,,,75,65,79,76,71,78,64,83,91,96,0,0,0,False,,,0,,,,,,0,50,closer,
P2504,Pedro,Garcia,2006-10-26,77,215,Hispanic,medium,brown,clean_shaven,R,P,,1,RP,SP,,,,,48,,,,52,52,52,50,52,51,53,0,59,62,0,0,0,,,,,0,,,,62,76,69,75,82,70,76,0,69,86,0,0,0,False,,,0,,,,,,0,50,power_sp,
P8213,Rufus,Jackson,2008-02-01,73,235,African,dark,black,clean_shaven,L,P,,1,RP,SP,,,,,51,,,,50,49,50,50,52,50,50,60,58,58,0,0,0,,,,,0,,,,63,79,79,82,74,74,80,88,84,79,0,0,0,False,,,0,,,,,,0,50,workhorse_sp,
P4690,Francisco,Vasquez,2007-12-12,71,176,Hispanic,light,black,clean_shaven,R,P,,1,RP,RP,,,,,50,,,,48,52,50,52,54,50,54,0,61,66,0,0,0,,,,,0,,,,62,81,68,79,74,64,67,0,85,83,0,0,0,False,,,0,,,,,,0,50,power_rp,
P5697,Myles,Hales,2006-03-05,72,194,Anglo,dark,brown,beard,R,2B,,0,,,54,50,50,50,51,48,54,48,52,50,,,,,,,,,,,,70,65,79,80,51,0,0,48,75,65,,,,,,,,,,,,False,,,0,,,,,,0,50,,balanced
P4671,Darnell,Carter,2005-08-02,68,195,African,dark,black,clean_shaven,R,CF,,0,,,50,50,78,50,53,51,54,51,47,48,,,,,,,,,,,,60,76,99,60,53,0,0,51,77,63,,,,,,,,,,,,False,,,0,,,,,,0,50,,speed
P5974,Raul,Diaz,2006-12-12,77,245,Hispanic,medium,brown,clean_shaven,R,3B,,0,,,51,53,50,50,48,53,56,51,49,53,,,,,,,,,,,,71,66,62,69,48,0,0,51,62,83,,,,,,,,,,,,False,,,0,,,,,,0,50,,average
P9130,Merrill,Lowy,2005-09-12,78,203,Anglo,light,black,goatee,L,2B,,0,,,57,49,51,52,49,48,51,49,52,50,,,,,,,,,,,,67,67,69,75,49,0,0,49,77,78,,,,,,,,,,,,False,,,0,,,,,,0,50,,balanced
P4238,Dannie,Ercolano,2006-10-09,76,250,Anglo,light,black,mustache,R,CF,,0,,,50,51,70,51,53,48,58,50,47,52,,,,,,,,,,,,72,77,86,69,53,0,0,50,76,66,,,,,,,,,,,,False,,,0,,,,,,0,50,,speed
P6336,Fernando,Cruz,1987-07-31,68,221,Hispanic,light,blonde,clean_shaven,L,P,,1,RP,CL,,,,,55,,,,48,51,49,50,52,53,53,0,0,66,0,0,0,,,,,0,,,,40,51,50,42,49,43,47,0,0,56,0,0,0,False,,,0,,,,,,0,50,closer,
P3251,Manuel,Vargas,1998-03-26,74,245,Hispanic,dark,black,goatee,R,P,,1,RP,SP,,,,,52,,,,50,49,52,50,52,49,51,0,59,60,0,0,0,,,,,0,,,,56,64,58,66,67,54,57,0,66,66,0,0,0,False,,,0,,,,,,0,50,power_sp,
P5693,Rocco,Guidrey,2004-02-13,71,161,Anglo,light,blonde,clean_shaven,R,P,,1,RP,SP,,,,,50,,,,48,50,52,53,53,48,53,62,61,62,0,0,0,,,,,0,,,,59,56,63,66,62,56,61,68,74,76,0,0,0,False,,,0,,,,,,0,50,balanced_sp,
P8883,Leroy,White,1997-11-16,74,210,African,dark,brown,clean_shaven,L,P,,1,RP,SP,,,,,50,,,,50,52,50,50,52,51,51,0,58,61,60,0,0,,,,,0,,,,54,55,50,56,53,53,47,0,54,60,62,0,0,False,,,0,,,,,,0,50,groundball_sp,
P1831,Jorge,Martinez,1994-03-10,77,218,Hispanic,dark,black,clean_shaven,L,P,,1,RP,SP,,,,,50,,,,52,50,49,51,52,49,53,58,61,62,0,0,0,,,,,0,,,,49,46,55,56,49,54,57,54,57,61,0,0,0,False,,,0,,,,,,0,50,balanced_sp,
P9282,Darnell,White,1997-11-25,75,205,African,dark,black,beard,R,P,,1,RP,LR,,,,,49,,,,51,51,50,51,53,53,51,0,0,63,0,0,0,,,,,0,,,,50,47,53,58,52,51,51,0,0,68,0,0,0,False,,,0,,,,,,0,50,long_relief,
P1343,Percy,Jackson,2002-05-06,70,172,African,dark,black,clean_shaven,S,P,,1,RP,RP,,,,,51,,,,52,54,48,50,52,50,53,0,0,63,0,0,0,,,,,0,,,,67,59,57,64,62,64,64,0,0,71,0,0,0,False,,,0,,,,,,0,50,power_rp,
P2179,Deshawn,Harris,1996-12-10,76,174,African,dark,black,mustache,R,P,,1,RP,CL,,,,,52,,,,52,51,51,50,53,52,54,60,61,67,0,0,0,,,,,0,,,,52,51,55,54,53,54,53,62,60,63,0,0,0,False,,,0,,,,,,0,50,closer,
P3254,Tyrone,Gaines,1991-10-16,70,169,African,dark,brown,clean_shaven,L,P,,1,RP,SP,,,,,50,,,,49,49,53,51,53,50,52,61,62,60,0,0,0,,,,,0,,,,40,49,48,45,48,50,42,61,56,53,0,0,0,False,,,0,,,,,,0,50,balanced_sp,
P1736,Jerald,Kut,1997-08-15,77,186,Anglo,light,blonde,clean_shaven,R,P,,1,RP,SP,,,,,49,,,,52,53,53,50,52,48,51,0,61,61,0,0,0,,,,,0,,,,56,51,50,54,56,45,48,0,65,57,0,0,0,False,,,0,,,,,,0,50,power_sp,
P3658,Ricardo,Mendoza,1997-07-28,72,161,Hispanic,medium,black,beard,L,P,,1,RP,SP,,,,,53,,,,51,52,52,51,53,51,49,58,0,0,59,0,0,,,,,0,,,,51,48,47,58,53,47,46,63,0,0,63,0,0,False,,,0,,,,,,0,50,groundball_sp,
P3361,Dewayne,Kuhr,2002-01-18,68,179,Anglo,light,red,clean_shaven,S,C,,0,,,66,51,48,52,53,51,54,52,52,47,,,,,,,,,,,,80,65,63,63,53,0,0,52,60,62,,,,,,,,,,,,False,,,0,,,,,,0,50,,spray
P8893,Hector,Ortiz,1993-06-14,73,175,Hispanic,medium,blonde,clean_shaven,R,1B,,0,,,50,54,50,51,53,49,54,48,51,49,,,,,,,,,,,,43,51,42,48,53,0,0,48,45,39,,,,,,,,,,,,False,,,0,,,,,,0,50,,average
P8495,Sterling,Godnick,2001-09-12,76,175,Anglo,light,blonde,beard,R,2B,,0,,,50,51,49,49,49,50,54,52,51,49,,,,,,,,,,,,59,66,56,55,49,0,0,52,58,55,,,,,,,,,,,,False,,,0,,,,,,0,50,,average
P8123,Roberto,Rivera,1991-05-21,70,222,Hispanic,dark,brown,beard,R,3B,,0,,,56,50,51,50,53,48,55,52,48,49,,,,,,,,,,,,50,44,42,40,53,0,0,52,46,46,,,,,,,,,,,,False,,,0,,,,,,0,50,,spray
P6904,Leroy,Wright,2004-11-14,75,234,African,dark,black,clean_shaven,R,SS,,0,,,58,48,54,52,52,47,61,53,52,49,,,,,,,,,,,,69,59,81,63,52,0,0,53,75,68,,,,,,,,,,,,False,,,0,,,,,,0,50,,spray
P1223,Hector,Rodriguez,1998-05-14,73,182,Hispanic,dark,brown,mustache,L,LF,,0,,,53,58,49,53,48,49,49,49,50,49,,,,,,,,,,,,59,72,62,58,48,0,0,49,63,62,,,,,,,,,,,,False,,,0,,,,,,0,50,,balanced
P1521,Xavier,Carter,1994-05-07,78,177,African,dark,black,clean_shaven,L,CF,,0,,,51,57,52,50,46,54,45,52,48,50,,,,,,,,,,,,49,52,54,48,46,0,0,52,46,51,,,,,,,,,,,,False,,,0,,,,,,0,50,,power
P1738,Francisco,Martinez,1989-08-27,74,203,Hispanic,medium,black,mustache,L,RF,,0,,,52,48,85,52,53,46,44,51,51,49,,,,,,,,,,,,50,44,77,44,53,0,0,51,46,44,,,,,,,,,,,,False,,,0,,,,,,0,50,,elite_speed
P5904,Darnell,Scott,1990-04-22,70,168,African,dark,black,mustache,R,CF,,0,,,53,52,53,50,51,54,52,49,51,50,,,,,,,,,,,,48,45,44,45,51,0,0,49,48,43,,,,,,,,,,,,False,,,0,,,,,,0,50,,balanced
P8207,Jamal,Washington,1991-01-28,75,224,African,dark,black,goatee,R,RF,,0,,,52,49,50,51,49,51,50,49,51,51,,,,,,,,,,,,52,42,49,42,49,0,0,49,49,42,,,,,,,,,,,,False,,,0,,,,,,0,50,,average
P7387,Darnell,Wright,2000-08-07,68,249,African,dark,black,clean_shaven,R,RF,,0,,,50,59,52,50,48,49,51,50,49,51,,,,,,,,,,,,59,69,65,64,48,0,0,50,63,62,,,,,,,,,,,,False,,,0,,,,,,0,50,,power
P3040,Teddy,Pong,2001-11-27,70,175,Anglo,dark,black,clean_shaven,R,SS,,0,,,49,53,54,50,51,49,60,49,50,50,,,,,,,,,,,,61,63,66,63,51,0,0,49,64,56,,,,,,,,,,,,False,,,0,,,,,,0,50,,balanced
P1451,Doyle,Camerena,2002-04-01,71,195,Anglo,light,brown,clean_shaven,S,2B,,0,,,62,49,50,56,54,47,50,49,51,51,,,,,,,,,,,,76,62,65,71,54,0,0,49,59,60,,,,,,,,,,,,False,,,0,,,,,,0,50,,spray
P4042,Jamal,Carter,1994-10-19,78,241,African,dark,black,beard,S,C,,0,,,51,47,74,51,53,52,51,49,52,49,,,,,,,,,,,,48,52,70,50,53,0,0,49,53,53,,,,,,,,,,,,False,,,0,,,,,,0,50,,speed
P5405,Luis,Ramos,1990-10-23,70,233,Hispanic,medium,black,mustache,R,P,,1,RP,CL,,,,,55,,,,50,50,52,51,53,50,54,56,60,65,0,0,0,,,,,0,,,,48,40,41,43,50,42,51,51,50,59,0,0,0,False,,,0,,,,,,0,50,closer,
P2790,Leroy,Allen,1992-11-16,72,181,African,dark,black,mustache,R,P,,1,RP,SP,,,,,48,,,,52,51,50,54,53,53,50,60,62,62,58,0,0,,,,,0,,,,45,47,49,52,48,47,49,57,61,58,55,0,0,False,,,0,,,,,,0,50,finesse_sp,
P6547,Alejandro,Flores,1991-08-20,74,227,Hispanic,medium,brown,beard,L,P,,1,RP,SP,,,,,49,,,,52,53,52,52,52,49,53,0,61,60,55,56,0,,,,,0,,,,50,48,52,49,45,40,48,0,51,50,54,56,0,False,,,0,,,,,,0,50,power_sp,
P2912,Carlos,Rodriguez,2000-01-08,76,211,Hispanic,medium,brown,clean_shaven,L,P,,1,RP,SP,,,,,52,,,,50,49,52,51,54,50,49,62,59,0,0,0,0,,,,,0,,,,57,58,58,63,60,60,63,77,71,0,0,0,0,False,,,0,,,,,,0,50,workhorse_sp,
P9276,Antonio,Hernandez,1997-12-18,69,188,Hispanic,medium,brown,clean_shaven,L,P,,1,RP,CL,,,,,52,,,,50,52,50,53,59,51,54,60,58,66,0,0,0,,,,,0,,,,54,54,54,61,52,53,56,55,59,66,0,0,0,False,,,0,,,,,,0,50,closer,
P5885,Darnell,Jackson,1997-01-05,77,232,African,dark,brown,goatee,R,P,,1,RP,SP,,,,,51,,,,52,53,53,50,54,51,50,0,63,58,0,0,0,,,,,0,,,,53,48,55,52,48,50,48,0,64,53,0,0,0,False,,,0,,,,,,0,50,power_sp,
P4824,Francisco,Morales,1999-12-10,71,164,Hispanic,medium,brown,clean_shaven,L,P,,1,RP,SP,,,,,52,,,,50,52,53,50,54,50,53,63,63,61,0,0,0,,,,,0,,,,56,65,56,64,65,63,67,77,72,69,0,0,0,False,,,0,,,,,,0,50,balanced_sp,
P3544,Malik,Allen,1999-02-25,72,208,African,dark,brown,mustache,R,C,,0,,,52,60,50,51,49,51,59,49,51,52,,,,,,,,,,,,66,72,63,61,49,0,0,49,66,58,,,,,,,,,,,,False,,,0,,,,,,0,50,,power
P2135,Luther,Weirauch,1987-11-19,77,209,Anglo,light,black,clean_shaven,L,1B,,0,,,51,61,52,51,48,50,46,49,50,49,,,,,,,,,,,,42,52,49,41,48,0,0,49,48,47,,,,,,,,,,,,False,,,0,,,,,,0,50,,power
P6218,Margarito,Gouras,1995-01-28,72,233,Anglo,medium,brown,mustache,L,1B,,0,,,52,51,49,49,50,51,45,49,50,48,,,,,,,,,,,,50,46,46,47,50,0,0,49,54,51,,,,,,,,,,,,False,,,0,,,,,,0,50,,average
P9213,Jose,Garcia,1996-05-28,73,248,Hispanic,medium,brown,clean_shaven,R,2B,,0,,,60,49,52,56,50,50,56,52,50,52,,,,,,,,,,,,63,53,57,56,50,0,0,52,47,47,,,,,,,,,,,,False,,,0,,,,,,0,50,,spray
P7878,Malik,Jackson,1993-12-21,76,225,African,medium,black,goatee,L,CF,,0,,,51,49,72,50,49,49,46,50,49,51,,,,,,,,,,,,50,39,65,42,49,0,0,50,39,48,,,,,,,,,,,,False,,,0,,,,,,0,50,,speed
P1592,Eduardo,Vasquez,1987-09-05,72,233,Hispanic,medium,black,clean_shaven,R,3B,,0,,,53,62,51,50,47,53,57,48,52,51,,,,,,,,,,,,52,58,50,50,47,0,0,48,43,43,,,,,,,,,,,,False,,,0,,,,,,0,50,,power
P3394,Tommy,Hanlon,1990-03-19,73,234,Anglo,light,red,clean_shaven,L,LF,,0,,,52,61,46,49,48,52,49,49,50,51,,,,,,,,,,,,46,58,37,39,48,0,0,49,49,48,,,,,,,,,,,,False,,,0,,,,,,0,50,,power
P5992,Cedric,Allen,1990-12-22,78,216,African,dark,black,beard,L,2B,,0,,,53,51,50,52,50,50,48,53,48,53,,,,,,,,,,,,49,48,46,50,50,0,0,53,44,45,,,,,,,,,,,,False,,,0,,,,,,0,50,,balanced
P6656,Tuan,Shipe,2007-04-07,72,235,Anglo,medium,brown,mustache,L,P,,1,RP,CL,,,,,55,,,,50,51,50,53,60,51,55,0,59,65,0,0,0,,,,,0,,,,70,79,76,71,78,79,79,0,76,81,0,0,0,False,,,0,,,,,,0,50,closer,
P6111,Brad,Camire,2007-05-22,75,162,Anglo,medium,black,clean_shaven,R,P,,1,RP,SP,,,,,48,,,,49,50,52,50,52,49,51,0,60,60,57,56,0,,,,,0,,,,75,70,61,81,77,74,79,0,75,70,73,86,0,False,,,0,,,,,,0,50,power_sp,
P8594,Francisco,Perez,2007-12-20,76,217,Hispanic,light,black,goatee,R,P,RF,1,RP,SP,,,,,49,,,,51,49,53,51,52,53,53,62,63,0,56,55,0,,,,,0,,,,74,61,66,76,71,64,74,82,84,0,83,80,0,False,,,0,,,,,,0,50,finesse_sp,
P2616,Tyrone,Robinson,2006-05-26,73,210,African,dark,black,clean_shaven,R,P,,1,RP,SP,,,,,51,,,,48,50,50,50,54,52,50,0,0,61,62,0,0,,,,,0,,,,58,60,66,71,70,77,63,0,0,91,85,0,0,False,,,0,,,,,,0,50,groundball_sp,
P9156,Jude,Scharf,2004-05-05,71,170,Anglo,light,red,clean_shaven,S,P,,1,RP,RP,,,,,49,,,,51,51,50,50,52,50,53,55,60,64,0,0,0,,,,,0,,,,74,70,75,79,76,80,75,81,78,86,0,0,0,False,,,0,,,,,,0,50,power_rp,
P3083,Enoch,Vielle,2004-09-29,69,230,Anglo,light,blonde,clean_shaven,S,CF,SS,0,,,54,50,49,50,50,50,52,52,51,52,,,,,,,,,,,,68,68,76,70,50,0,0,52,71,79,,,,,,,,,,,,False,,,0,,,,,,0,50,,balanced
P4424,Carol,Warncke,2004-09-03,75,233,Anglo,light,blonde,clean_shaven,R,LF,,0,,,54,58,52,51,51,49,59,49,52,53,,,,,,,,,,,,78,80,68,71,51,0,0,49,80,67,,,,,,,,,,,,False,,,0,,,,,,0,50,,balanced
P5280,Gabriel,Sandhoff,2005-04-18,74,250,Anglo,light,blonde,clean_shaven,L,C,,0,,,52,52,50,52,49,53,49,50,52,50,,,,,,,,,,,,68,71,68,81,49,0,0,50,62,77,,,,,,,,,,,,False,,,0,,,,,,0,50,,balanced
P5370,Jermaine,Washington,2005-05-03,73,225,African,dark,black,clean_shaven,L,C,,0,,,51,54,52,51,50,51,49,53,50,47,,,,,,,,,,,,61,84,72,75,50,0,0,53,77,73,,,,,,,,,,,,False,,,0,,,,,,0,50,,gap
P4190,Rufus,Mitchell,2004-10-25,72,233,African,dark,black,goatee,L,LF,,0,,,51,59,52,50,48,52,51,53,51,52,,,,,,,,,,,,81,83,82,64,48,0,0,53,61,74,,,,,,,,,,,,False,,,0,,,,,,0,50,,power
P8094,Jermaine,Gaines,2003-10-11,74,167,African,dark,black,goatee,S,P,,1,RP,CL,,,,,55,,,,51,53,50,51,53,51,56,59,58,65,0,0,0,,,,,0,,,,61,66,56,65,59,63,62,69,68,78,0,0,0,False,,,0,,,,,,0,50,closer,
P9957,Xavier,Mitchell,2000-02-28,69,230,African,light,black,beard,R,P,,1,RP,RP,,,,,50,,,,51,52,49,50,52,50,55,0,61,0,0,0,0,,,,,0,,,,60,57,59,60,56,64,67,0,72,0,0,0,0,False,,,0,,,,,,0,50,power_rp,
P6665,Chauncey,Wyles,1993-12-15,69,168,Anglo,light,blonde,clean_shaven,R,P,,1,RP,SP,,,,,51,,,,48,49,53,52,52,51,49,58,63,0,59,53,0,,,,,0,,,,48,48,45,49,47,44,46,49,58,0,54,50,0,False,,,0,,,,,,0,50,finesse_sp,
P6548,Cyrus,Humpal,1995-01-28,70,213,Anglo,light,black,goatee,R,P,,1,RP,SP,,,,,52,,,,49,50,51,50,52,51,49,59,61,58,57,0,0,,,,,0,,,,45,46,49,51,56,51,45,59,63,57,60,0,0,False,,,0,,,,,,0,50,groundball_sp,
P5075,Hector,Reyes,1996-10-05,72,200,Hispanic,dark,brown,clean_shaven,S,P,,1,RP,SP,,,,,53,,,,51,49,50,52,52,52,52,59,59,59,58,0,0,,,,,0,,,,53,51,56,54,48,50,56,54,63,55,55,0,0,False,,,0,,,,,,0,50,groundball_sp,
P5245,Ira,Chomka,1989-09-17,71,168,Anglo,light,red,beard,L,P,,1,RP,SP,,,,,51,,,,49,53,54,50,52,52,51,0,61,63,58,54,0,,,,,0,,,,40,44,46,48,53,48,41,0,59,60,48,50,0,False,,,0,,,,,,0,50,power_sp,
P7976,Jose,Hernandez,1994-11-10,75,211,Hispanic,light,black,clean_shaven,S,P,,1,RP,SP,,,,,52,,,,48,54,52,51,52,49,50,0,60,60,0,54,0,,,,,0,,,,46,49,48,53,55,46,50,0,61,56,0,59,0,False,,,0,,,,,,0,50,power_sp,
P6859,Tyrone,Jackson,1989-12-25,69,182,African,dark,black,beard,R,P,,1,RP,LR,,,,,52,,,,50,49,53,51,53,52,53,0,62,65,0,0,0,,,,,0,,,,45,40,48,50,44,49,53,0,56,64,0,0,0,False,,,0,,,,,,0,50,long_relief,
P9525,Miguel,Gomez,1997-10-24,68,192,Hispanic,light,brown,beard,R,P,,1,RP,RP,,,,,53,,,,51,53,49,52,52,51,52,0,61,0,0,0,0,,,,,0,,,,48,52,50,56,50,54,54,0,56,0,0,0,0,False,,,0,,,,,,0,50,power_rp,
P1443,Jermaine,Baker,2001-04-24,74,212,African,light,black,clean_shaven,R,P,,1,RP,RP,,,,,50,,,,48,50,50,52,52,51,51,0,63,63,0,55,0,,,,,0,,,,57,61,66,62,63,66,57,0,76,71,0,68,0,False,,,0,,,,,,0,50,power_rp,
P1536,Marshall,Sidoti,2001-09-20,77,187,Anglo,light,red,mustache,R,P,,1,RP,RP,,,,,50,,,,50,54,50,51,52,48,53,0,60,0,0,0,0,,,,,0,,,,58,65,65,60,64,62,65,0,75,0,0,0,0,False,,,0,,,,,,0,50,power_rp,
P4340,Juan,Sanchez,1987-04-27,68,239,Hispanic,medium,black,clean_shaven,R,C,,0,,,50,54,53,51,53,48,57,52,50,52,,,,,,,,,,,,50,50,51,43,53,0,0,52,42,42,,,,,,,,,,,,False,,,0,,,,,,0,50,,balanced
P5855,Francisco,Delgado,1997-08-15,69,215,Hispanic,light,blonde,beard,R,1B,,0,,,50,61,51,49,48,52,54,51,48,49,,,,,,,,,,,,48,57,50,51,48,0,0,51,45,50,,,,,,,,,,,,False,,,0,,,,,,0,50,,power
P3706,Miguel,Diaz,1994-09-23,71,205,Hispanic,dark,blonde,beard,S,2B,,0,,,53,52,48,53,50,52,55,50,49,50,,,,,,,,,,,,54,55,46,53,50,0,0,50,44,50,,,,,,,,,,,,False,,,0,,,,,,0,50,,balanced
P7920,Tyrone,Scott,2000-08-06,74,221,African,dark,black,goatee,S,3B,,0,,,51,50,51,50,48,50,54,48,49,52,,,,,,,,,,,,60,62,63,60,48,0,0,48,54,63,,,,,,,,,,,,False,,,0,,,,,,0,50,,average
P2397,Pedro,Martinez,2005-02-20,74,206,Hispanic,light,black,clean_shaven,R,SS,,0,,,48,50,49,48,51,49,60,51,51,52,,,,,,,,,,,,62,62,77,65,51,0,0,51,79,72,,,,,,,,,,,,False,,,0,,,,,,0,50,,average
P6474,Cristopher,Kole,2000-12-15,73,188,Anglo,light,black,clean_shaven,R,LF,,0,,,54,50,51,50,49,52,57,50,52,50,,,,,,,,,,,,62,59,63,57,49,0,0,50,64,61,,,,,,,,,,,,False,,,0,,,,,,0,50,,balanced
P5921,Jamal,Harris,1994-06-14,71,226,African,dark,black,clean_shaven,R,CF,,0,,,52,58,49,52,46,52,54,50,48,52,,,,,,,,,,,,48,55,53,57,46,0,0,50,51,56,,,,,,,,,,,,False,,,0,,,,,,0,50,,power
P5861,Francisco,Flores,2001-06-11,72,160,Hispanic,light,black,goatee,L,RF,3B,0,,,53,51,50,52,50,51,48,51,52,50,,,,,,,,,,,,61,60,57,63,50,0,0,51,57,62,,,,,,,,,,,,False,,,0,,,,,,0,50,,average
P2453,Ricardo,Garcia,1990-02-02,72,224,Hispanic,medium,blonde,mustache,R,SS,,0,,,49,51,71,50,49,52,60,49,48,47,,,,,,,,,,,,47,44,68,40,49,0,0,49,42,39,,,,,,,,,,,,False,,,0,,,,,,0,50,,speed
P8827,Fernando,Castillo,1993-12-12,71,237,Hispanic,medium,brown,mustache,R,RF,,0,,,53,49,70,52,51,47,56,49,50,49,,,,,,,,,,,,53,43,70,51,51,0,0,49,43,45,,,,,,,,,,,,False,,,0,,,,,,0,50,,speed
P5402,Rufus,Gaines,2000-08-17,71,212,African,dark,black,clean_shaven,R,C,,0,,,57,49,49,54,53,49,58,51,51,50,,,,,,,,,,,,64,59,62,64,53,0,0,51,57,58,,,,,,,,,,,,False,,,0,,,,,,0,50,,spray
P3037,Ike,Skyers,1996-12-03,76,227,Anglo,light,black,mustache,S,CF,,0,,,51,52,50,52,48,48,52,52,48,51,,,,,,,,,,,,47,53,51,52,48,0,0,52,49,56,,,,,,,,,,,,False,,,0,,,,,,0,50,,gap
P9593,Emerson,Mcgraff,2000-11-17,75,192,Anglo,light,black,beard,R,2B,,0,,,54,48,50,51,51,49,57,52,50,51,,,,,,,,,,,,60,57,62,66,51,0,0,52,64,65,,,,,,,,,,,,False,,,0,,,,,,0,50,,balanced
P9508,Eduardo,Morales,1998-01-31,72,240,Hispanic,medium,brown,clean_shaven,R,SS,,0,,,59,51,53,49,53,47,59,52,53,47,,,,,,,,,,,,55,48,54,52,53,0,0,52,53,50,,,,,,,,,,,,False,,,0,,,,,,0,50,,spray
P4182,Kristofer,Kinstle,1992-11-20,74,245,Anglo,medium,blonde,clean_shaven,L,P,,1,RP,CL,,,,,55,,,,47,51,48,50,53,50,54,0,0,65,0,0,0,,,,,0,,,,41,49,50,50,38,42,46,0,0,55,0,0,0,False,,,0,,,,,,0,50,closer,
P7025,Cedric,King,1994-03-15,78,230,African,medium,brown,clean_shaven,R,P,,1,RP,SP,,,,,49,,,,51,50,49,52,52,49,54,59,59,59,58,0,0,,,,,0,,,,53,54,53,53,44,44,53,56,63,56,53,0,0,False,,,0,,,,,,0,50,balanced_sp,
P8349,Deshawn,Baker,1994-03-31,78,205,African,dark,black,beard,R,P,,1,RP,RP,,,,,50,,,,49,52,49,50,52,50,55,56,61,67,0,0,0,,,,,0,,,,48,53,48,48,45,53,60,53,63,64,0,0,0,False,,,0,,,,,,0,50,power_rp,
P4542,Agustin,Barillaro,1990-10-22,70,163,Anglo,medium,red,mustache,L,P,,1,RP,SP,,,,,52,,,,50,48,54,51,52,53,52,60,62,59,0,56,0,,,,,0,,,,48,40,41,48,50,48,52,59,55,59,0,56,0,False,,,0,,,,,,0,50,workhorse_sp,
P2092,Roberto,Reyes,1987-04-30,71,190,Hispanic,dark,brown,mustache,L,P,,1,RP,SP,,,,,50,,,,52,51,50,50,54,48,54,0,64,58,0,0,0,,,,,0,,,,42,44,50,48,42,45,49,0,57,49,0,0,0,False,,,0,,,,,,0,50,power_sp,
P1771,Deshawn,Washington,1999-01-28,78,162,African,dark,black,clean_shaven,L,P,LF,1,RP,CL,,,,,51,,,,52,52,50,50,52,49,55,0,58,66,0,0,0,,,,,0,,,,59,62,57,63,58,61,60,0,70,73,0,0,0,False,,,0,,,,,,0,50,closer,
P4957,Leroy,Gaines,2002-04-08,73,242,African,dark,brown,goatee,L,P,,1,RP,SP,,,,,49,,,,51,49,50,52,53,52,52,62,62,59,60,0,0,,,,,0,,,,61,62,67,62,62,64,67,76,74,66,71,0,0,False,,,0,,,,,,0,50,finesse_sp,
P7555,Olen,Isaacsen,1996-05-27,69,199,Anglo,medium,red,clean_shaven,L,2B,,0,,,50,52,52,52,50,52,52,50,51,52,,,,,,,,,,,,54,56,48,51,50,0,0,50,56,53,,,,,,,,,,,,False,,,0,,,,,,0,50,,gap
P1794,Carlos,Reyes,2004-02-26,73,232,Hispanic,dark,black,clean_shaven,L,1B,,0,,,52,51,70,52,50,51,48,49,50,52,,,,,,,,,,,,62,63,75,58,50,0,0,49,55,64,,,,,,,,,,,,False,,,0,,,,,,0,50,,speed
P9744,Roberto,Gonzalez,1997-11-19,69,196,Hispanic,medium,brown,mustache,R,CF,,0,,,56,48,51,50,51,48,56,49,50,49,,,,,,,,,,,,59,43,49,45,51,0,0,49,53,48,,,,,,,,,,,,False,,,0,,,,,,0,50,,spray
P1798,Kent,Guerreiro,1991-01-02,68,235,Anglo,light,red,beard,R,C,,0,,,60,50,51,54,52,49,56,51,51,52,,,,,,,,,,,,57,48,50,54,52,0,0,51,50,48,,,,,,,,,,,,False,,,0,,,,,,0,50,,spray
P1691,Rufus,Allen,1987-11-21,74,232,African,dark,black,clean_shaven,R,2B,,0,,,53,49,70,53,52,48,56,48,49,48,,,,,,,,,,,,53,47,69,48,52,0,0,48,41,40,,,,,,,,,,,,False,,,0,,,,,,0,50,,speed
P5395,Cordell,Panke,2001-06-15,75,171,Anglo,light,black,clean_shaven,L,LF,,0,,,51,53,49,50,49,48,46,50,50,52,,,,,,,,,,,,61,65,64,65,49,0,0,50,60,58,,,,,,,,,,,,False,,,0,,,,,,0,50,,balanced
P7543,Salvatore,Jaeschke,1992-10-17,69,191,Anglo,light,red,clean_shaven,R,2B,3B,0,,,58,51,51,55,50,51,59,50,50,51,,,,,,,,,,,,55,51,46,50,50,0,0,50,48,49,,,,,,,,,,,,False,,,0,,,,,,0,50,,gap
P8362,Jose,Rodriguez,1994-01-20,70,249,Hispanic,dark,black,mustache,L,1B,,0,,,49,51,70,50,52,51,49,48,48,52,,,,,,,,,,,,48,45,67,50,52,0,0,48,42,47,,,,,,,,,,,,False,,,0,,,,,,0,50,,speed
P7809,Raul,Rivera,2004-04-30,75,248,Hispanic,medium,black,clean_shaven,R,P,,1,RP,CL,,,,,55,,,,49,50,49,50,52,52,53,60,63,65,0,0,0,,,,,0,,,,65,69,64,70,67,78,80,88,87,90,0,0,0,False,,,0,,,,,,0,50,closer,
P6460,Antonio,Reyes,2007-01-16,70,214,Hispanic,light,blonde,clean_shaven,L,P,,1,RP,LR,,,,,54,,,,50,52,52,50,52,50,51,0,59,67,0,0,0,,,,,0,,,,74,78,71,70,72,74,78,0,73,77,0,0,0,False,,,0,,,,,,0,50,long_relief,
P1354,Percy,Young,2006-11-21,70,248,African,dark,black,clean_shaven,L,P,,1,RP,SP,,,,,51,,,,52,50,52,50,52,50,53,59,60,61,57,0,0,,,,,0,,,,77,66,71,70,77,67,73,73,82,72,81,0,0,False,,,0,,,,,,0,50,balanced_sp,
P2739,Xavier,Harris,2005-04-06,68,189,African,dark,black,clean_shaven,R,P,,1,RP,SP,,,,,52,,,,49,52,54,53,52,47,52,0,62,59,0,0,0,,,,,0,,,,68,76,79,62,65,63,77,0,92,76,0,0,0,False,,,0,,,,,,0,50,balanced_sp,
P4946,Antonio,Gonzalez,2006-10-14,73,179,Hispanic,medium,brown,goatee,R,P,,1,RP,RP,,,,,52,,,,50,52,52,53,52,52,48,61,63,0,0,0,0,,,,,0,,,,75,81,77,72,68,72,71,76,83,0,0,0,0,False,,,0,,,,,,0,50,finesse_rp,
P3968,Benjamin,Jeffris,2004-03-04,72,231,Anglo,light,black,clean_shaven,R,SS,,0,,,61,50,50,55,53,50,57,50,50,50,,,,,,,,,,,,83,70,70,66,53,0,0,50,80,73,,,,,,,,,,,,False,,,0,,,,,,0,50,,spray
P5238,Rafael,Rodriguez,2007-08-25,76,182,Hispanic,dark,brown,clean_shaven,R,CF,,0,,,57,49,50,53,50,50,52,51,52,49,,,,,,,,,,,,87,79,71,73,50,0,0,51,66,60,,,,,,,,,,,,False,,,0,,,,,,0,50,,spray
P4428,Todd,Andreoni,2007-08-07,70,232,Anglo,medium,brown,mustache,L,C,,0,,,50,50,52,51,51,53,49,51,48,53,,,,,,,,,,,,75,74,67,74,51,0,0,51,77,73,,,,,,,,,,,,False,,,0,,,,,,0,50,,average
P9941,Fernando,Torres,2006-10-03,72,172,Hispanic,medium,blonde,clean_shaven,R,2B,,0,,,58,50,70,54,53,50,56,52,52,50,,,,,,,,,,,,70,80,98,75,53,0,0,52,80,60,,,,,,,,,,,,False,,,0,,,,,,0,50,,speed
P6402,Juan,Castillo,2004-09-17,68,197,Hispanic,dark,black,clean_shaven,R,C,,0,,,49,51,47,50,52,51,58,52,51,50,,,,,,,,,,,,68,64,58,63,52,0,0,52,68,67,,,,,,,,,,,,False,,,0,,,,,,0,50,,average
P9864,Kelly,Elsaesser,2004-05-06,72,243,Anglo,medium,black,clean_shaven,R,P,,1,RP,CL,,,,,55,,,,52,51,48,50,54,50,53,0,58,66,0,0,0,,,,,0,,,,68,61,73,66,65,62,71,0,70,80,0,0,0,False,,,0,,,,,,0,50,closer,
P2188,Darnell,Jefferson,2002-09-29,77,177,African,dark,black,clean_shaven,R,P,,1,RP,RP,,,,,53,,,,48,49,51,52,54,51,50,0,62,0,61,0,0,,,,,0,,,,57,55,67,63,62,59,57,0,71,0,75,0,0,False,,,0,,,,,,0,50,groundball_rp,
P2360,Jose,Castillo,2000-08-23,72,211,Hispanic,medium,brown,beard,S,P,,1,RP,RP,,,,,53,,,,49,51,50,53,52,49,51,60,58,0,58,0,0,,,,,0,,,,57,57,68,62,57,56,56,69,71,0,66,0,0,False,,,0,,,,,,0,50,finesse_rp,
P7450,Leroy,Robinson,1998-07-28,72,160,African,dark,black,clean_shaven,R,P,,1,RP,RP,,,,,56,,,,51,50,49,52,52,50,49,0,0,0,64,0,0,,,,,0,,,,64,58,64,65,63,64,64,0,0,0,77,0,0,False,,,0,,,,,,0,50,groundball_rp,
P4932,Pedro,Gomez,1999-05-21,76,248,Hispanic,light,brown,beard,L,P,,1,RP,SP,,,,,50,,,,50,53,53,53,52,50,53,62,61,60,61,0,0,,,,,0,,,,62,65,66,65,60,61,64,73,76,74,73,0,0,False,,,0,,,,,,0,50,groundball_sp,
P4930,Adolph,Buske,2004-08-30,75,230,Anglo,light,blonde,clean_shaven,R,P,,1,RP,RP,,,,,54,,,,52,52,52,50,54,52,53,0,59,0,62,0,0,,,,,0,,,,66,74,78,75,79,77,74,0,78,0,73,0,0,False,,,0,,,,,,0,50,groundball_rp,
P9885,Fred,Bienvenu,1994-02-24,77,235,Anglo,light,black,clean_shaven,R,P,,1,RP,RP,,,,,50,,,,50,49,50,54,52,53,51,0,63,0,0,0,0,,,,,0,,,,42,41,50,48,48,46,45,0,54,0,0,0,0,False,,,0,,,,,,0,50,finesse_rp,
P3790,Tyrone,Baker,2000-01-18,77,205,African,dark,brown,clean_shaven,S,P,,1,RP,RP,,,,,52,,,,50,50,48,50,54,52,54,0,61,64,59,0,0,,,,,0,,,,59,65,61,66,63,59,69,0,69,79,66,0,0,False,,,0,,,,,,0,50,power_rp,
P4580,Percy,Washington,1994-10-01,74,187,African,dark,brown,clean_shaven,R,P,,1,RP,SP,,,,,48,,,,51,53,54,50,53,50,50,58,62,62,0,0,0,,,,,0,,,,52,54,48,54,56,51,46,63,66,61,0,0,0,False,,,0,,,,,,0,50,balanced_sp,
P4502,Jorge,Lopez,2000-12-31,72,217,Hispanic,medium,brown,clean_shaven,R,P,,1,RP,SP,,,,,52,,,,49,51,49,50,52,52,51,58,62,0,60,0,0,,,,,0,,,,54,59,56,67,59,67,66,65,73,0,66,0,0,False,,,0,,,,,,0,50,groundball_sp,
P4643,Juan,Martinez,2003-02-19,69,185,Hispanic,light,black,clean_shaven,R,P,,1,RP,RP,,,,,49,,,,49,50,48,51,53,53,53,58,59,67,0,0,0,,,,,0,,,,54,56,63,61,61,65,63,67,73,73,0,0,0,False,,,0,,,,,,0,50,power_rp,
P3436,Antonio,Castillo,1999-08-04,75,212,Hispanic,medium,blonde,clean_shaven,R,C,,0,,,50,49,49,51,50,50,57,50,53,52,,,,,,,,,,,,64,63,64,66,50,0,0,50,68,67,,,,,,,,,,,,False,,,0,,,,,,0,50,,balanced
P5417,Chauncey,Thomison,1988-03-03,77,227,Anglo,light,brown,goatee,L,1B,,0,,,51,58,54,52,52,53,48,50,47,52,,,,,,,,,,,,43,55,47,49,52,0,0,50,46,51,,,,,,,,,,,,False,,,0,,,,,,0,50,,balanced
P2538,Leroy,Scott,1998-12-10,74,183,African,dark,black,beard,R,2B,,0,,,53,52,49,50,49,50,55,48,52,49,,,,,,,,,,,,68,58,63,64,49,0,0,48,65,57,,,,,,,,,,,,False,,,0,,,,,,0,50,,balanced
P2643,Manuel,Sanchez,1993-01-06,71,199,Hispanic,light,black,clean_shaven,R,3B,,0,,,48,49,50,50,52,49,56,52,51,52,,,,,,,,,,,,48,49,40,44,52,0,0,52,47,42,,,,,,,,,,,,False,,,0,,,,,,0,50,,average
P8330,Jermaine,Jefferson,2002-08-31,77,215,African,dark,brown,clean_shaven,R,SS,,0,,,51,53,53,51,52,52,57,51,52,51,,,,,,,,,,,,66,66,59,65,52,0,0,51,57,66,,,,,,,,,,,,False,,,0,,,,,,0,50,,balanced
P3798,Jorge,Rivera,1997-08-21,77,195,Hispanic,light,brown,clean_shaven,R,LF,,0,,,49,62,49,50,48,51,55,51,52,51,,,,,,,,,,,,54,57,50,47,48,0,0,51,57,47,,,,,,,,,,,,False,,,0,,,,,,0,50,,power
P4611,Pierre,Kolb,2003-03-30,68,185,Anglo,medium,black,clean_shaven,L,CF,,0,,,52,54,50,51,52,51,48,50,49,49,,,,,,,,,,,,64,68,63,61,52,0,0,50,62,56,,,,,,,,,,,,False,,,0,,,,,,0,50,,balanced
P9000,Len,Neis,2001-08-18,74,227,Anglo,light,blonde,clean_shaven,L,RF,,0,,,49,49,52,51,50,51,49,50,49,52,,,,,,,,,,,,62,57,59,58,50,0,0,50,60,65,,,,,,,,,,,,False,,,0,,,,,,0,50,,average
P6837,Jermaine,White,1995-02-13,70,250,African,dark,black,mustache,L,RF,,0,,,62,67,49,51,50,48,43,49,52,49,,,,,,,,,,,,60,66,44,48,50,0,0,49,54,50,,,,,,,,,,,,False,,,0,,,,,,0,50,,gap
P2655,Hector,Martinez,1999-01-05,76,208,Hispanic,medium,black,goatee,R,3B,,0,,,61,52,50,52,50,49,56,51,50,51,,,,,,,,,,,,66,58,58,57,50,0,0,51,62,60,,,,,,,,,,,,False,,,0,,,,,,0,50,,spray
P4430,Luis,Torres,1993-01-24,78,250,Hispanic,light,blonde,clean_shaven,R,2B,,0,,,56,52,70,55,53,48,58,50,49,51,,,,,,,,,,,,51,43,63,49,53,0,0,50,39,51,,,,,,,,,,,,False,,,0,,,,,,0,50,,speed
P6228,Hector,Cruz,1991-06-22,68,191,Hispanic,light,brown,mustache,R,1B,,0,,,52,59,49,51,47,54,55,50,49,48,,,,,,,,,,,,49,55,47,42,47,0,0,50,46,45,,,,,,,,,,,,False,,,0,,,,,,0,50,,power
P4055,Florentino,Labuff,1998-03-07,74,219,Anglo,medium,brown,beard,L,1B,,0,,,51,58,51,50,50,51,46,49,50,53,,,,,,,,,,,,57,63,56,63,50,0,0,49,63,67,,,,,,,,,,,,False,,,0,,,,,,0,50,,balanced
P3911,Carlos,Vasquez,2002-11-05,77,197,Hispanic,medium,brown,goatee,L,LF,,0,,,50,60,53,50,50,48,47,50,48,53,,,,,,,,,,,,65,68,66,64,50,0,0,50,56,67,,,,,,,,,,,,False,,,0,,,,,,0,50,,balanced
P6435,Miquel,Natt,1999-09-09,77,181,Anglo,light,red,clean_shaven,L,P,,1,RP,CL,,,,,55,,,,52,53,47,52,52,50,53,0,0,65,0,0,0,,,,,0,,,,61,62,65,64,58,60,66,0,0,73,0,0,0,False,,,0,,,,,,0,50,closer,
P9350,Anderson,Molinski,2000-05-05,77,165,Anglo,light,black,clean_shaven,S,P,,1,RP,SP,,,,,54,,,,52,51,53,53,52,51,50,58,59,58,60,0,0,,,,,0,,,,64,57,58,65,68,58,56,68,71,65,65,0,0,False,,,0,,,,,,0,50,groundball_sp,
P9194,Andre,Ghrist,2004-12-12,76,247,Anglo,light,brown,clean_shaven,R,P,,1,RP,SP,,,,,52,,,,51,54,54,51,52,50,55,62,62,59,57,0,0,,,,,0,,,,73,79,78,75,68,80,75,74,78,74,86,0,0,False,,,0,,,,,,0,50,power_sp,
P8224,Will,Wiegard,2003-01-24,69,176,Anglo,medium,blonde,clean_shaven,R,P,,1,RP,SP,,,,,49,,,,51,49,53,50,52,52,49,62,60,0,0,0,0,,,,,0,,,,64,56,62,62,62,63,58,68,73,0,0,0,0,False,,,0,,,,,,0,50,finesse_sp,
P7983,Augustus,Mainz,1993-04-30,72,166,Anglo,dark,brown,beard,R,P,,1,RP,LR,,,,,53,,,,49,50,52,50,52,49,49,58,0,64,0,0,0,,,,,0,,,,39,44,41,42,50,42,47,51,0,62,0,0,0,False,,,0,,,,,,0,50,long_relief,
P3722,Malik,White,2002-08-20,68,214,African,dark,brown,clean_shaven,L,P,,1,RP,SP,,,,,50,,,,48,49,53,53,52,48,52,59,62,0,0,0,0,,,,,0,,,,54,54,65,60,65,53,57,65,74,0,0,0,0,False,,,0,,,,,,0,50,finesse_sp,
P4195,Raul,Ramirez,1999-10-01,73,220,Hispanic,medium,brown,clean_shaven,L,P,,1,RP,RP,,,,,50,,,,52,52,48,50,52,48,53,0,0,64,0,0,0,,,,,0,,,,62,61,60,67,61,60,62,0,0,77,0,0,0,False,,,0,,,,,,0,50,power_rp,
P8376,Jorge,Ortiz,2003-09-21,74,216,Hispanic,dark,blonde,clean_shaven,R,C,,0,,,54,52,49,52,52,53,56,52,52,50,,,,,,,,,,,,61,57,55,60,52,0,0,52,67,56,,,,,,,,,,,,False,,,0,,,,,,0,50,,balanced
P9666,Manuel,Hernandez,1994-05-17,68,209,Hispanic,dark,black,clean_shaven,L,LF,,0,,,51,63,49,52,48,50,48,49,51,49,,,,,,,,,,,,48,63,54,49,48,0,0,49,55,50,,,,,,,,,,,,False,,,0,,,,,,0,50,,power
P2317,Pedro,Lopez,1994-09-05,77,189,Hispanic,medium,brown,goatee,R,3B,,0,,,51,51,52,50,48,50,56,53,49,48,,,,,,,,,,,,56,53,48,55,48,0,0,53,48,49,,,,,,,,,,,,False,,,0,,,,,,0,50,,balanced
P4256,Hector,Gomez,1992-04-17,75,243,Hispanic,light,red,beard,R,C,,0,,,52,48,84,51,50,51,57,49,52,52,,,,,,,,,,,,47,47,84,45,50,0,0,49,42,43,,,,,,,,,,,,False,,,0,,,,,,0,50,,speed
P8857,Dwain,Heape,1990-03-21,73,180,Anglo,light,blonde,clean_shaven,L,CF,,0,,,52,53,50,52,52,50,45,47,50,49,,,,,,,,,,,,44,43,42,48,52,0,0,47,48,46,,,,,,,,,,,,False,,,0,,,,,,0,50,,gap
P3242,Juan,Vargas,1997-02-02,72,237,Hispanic,dark,blonde,clean_shaven,L,2B,,0,,,54,61,48,50,50,51,49,48,51,50,,,,,,,,,,,,57,64,48,52,50,0,0,48,51,54,,,,,,,,,,,,False,,,0,,,,,,0,50,,power
P1124,Bryan,Mclennon,1990-11-06,74,194,Anglo,medium,brown,beard,R,3B,,0,,,52,51,50,52,51,52,56,50,49,49,,,,,,,,,,,,47,47,41,46,51,0,0,50,47,44,,,,,,,,,,,,False,,,0,,,,,,0,50,,average
P6760,Alejandro,Guerrero,1987-05-10,71,207,Hispanic,light,black,beard,L,1B,,0,,,52,58,49,51,50,48,50,51,52,49,,,,,,,,,,,,50,54,49,47,50,0,0,51,47,40,,,,,,,,,,,,False,,,0,,,,,,0,50,,gap
P4524,Juan,Ramos,2005-02-14,73,230,Hispanic,medium,brown,clean_shaven,S,P,,1,RP,CL,,,,,55,,,,49,52,51,50,54,50,54,57,60,65,0,0,0,,,,,0,,,,76,62,71,72,73,61,73,83,80,94,0,0,0,False,,,0,,,,,,0,50,closer,
P8654,Miguel,Cruz,2005-09-21,78,226,Hispanic,dark,brown,clean_shaven,L,P,,1,RP,SP,,,,,48,,,,51,50,52,50,54,52,54,0,60,64,58,55,0,,,,,0,,,,62,66,65,68,76,75,78,0,86,83,88,75,0,False,,,0,,,,,,0,50,power_sp,
P5746,Percy,Carter,2005-08-20,74,215,African,dark,black,clean_shaven,L,P,,1,RP,SP,,,,,54,,,,49,52,49,52,53,49,49,0,61,0,58,0,0,,,,,0,,,,67,76,76,78,72,61,69,0,90,0,74,0,0,False,,,0,,,,,,0,50,groundball_sp,
P2127,Luis,Sanchez,2007-08-24,77,241,Hispanic,dark,brown,mustache,R,P,,1,RP,RP,,,,,51,,,,50,50,50,50,52,52,50,56,60,0,0,0,0,,,,,0,,,,61,69,63,79,76,66,61,74,88,0,0,0,0,False,,,0,,,,,,0,50,finesse_rp,
P7232,Kyle,Henley,2007-02-10,69,171,Anglo,medium,blonde,clean_shaven,R,P,,1,RP,SP,,,,,52,,,,51,50,50,50,52,50,51,60,0,62,0,0,0,,,,,0,,,,66,69,69,64,66,62,73,90,0,78,0,0,0,False,,,0,,,,,,0,50,balanced_sp,
P7782,Roderick,Kodama,2006-10-27,69,197,Anglo,medium,brown,clean_shaven,R,2B,,0,,,53,51,51,54,52,49,55,51,51,50,,,,,,,,,,,,65,75,77,79,52,0,0,51,80,79,,,,,,,,,,,,False,,,0,,,,,,0,50,,gap
P4575,Micah,Reichmann,2006-03-01,74,241,Anglo,light,brown,clean_shaven,R,LF,,0,,,53,59,51,51,50,52,57,53,49,52,,,,,,,,,,,,75,81,67,73,50,0,0,53,79,70,,,,,,,,,,,,False,,,0,,,,,,0,50,,power
P6867,Xavier,Young,2005-06-04,75,170,African,dark,black,mustache,R,SS,,0,,,50,52,85,49,51,51,56,49,49,51,,,,,,,,,,,,62,79,99,72,51,0,0,49,73,69,,,,,,,,,,,,False,,,0,,,,,,0,50,,speed
P3262,Donovan,Pencek,2007-11-26,68,210,Anglo,light,black,clean_shaven,S,3B,,0,,,52,47,70,51,50,47,53,49,51,51,,,,,,,,,,,,79,73,98,75,50,0,0,49,73,78,,,,,,,,,,,,False,,,0,,,,,,0,50,,speed
P2126,Cedric,Washington,2004-05-13,75,163,African,dark,brown,clean_shaven,R,CF,,0,,,52,48,51,50,51,49,50,51,50,49,,,,,,,,,,,,63,69,70,79,51,0,0,51,60,71,,,,,,,,,,,,False,,,0,,,,,,0,50,,average
P6208,Eduardo,Torres,1994-08-20,72,210,Hispanic,medium,black,mustache,L,P,,1,RP,CL,,,,,55,,,,51,51,48,50,54,50,56,59,61,66,0,0,0,,,,,0,,,,46,47,52,54,52,47,53,57,59,64,0,0,0,False,,,0,,,,,,0,50,closer,
P8778,Barton,Figuroa,2000-12-25,78,231,Anglo,medium,brown,beard,R,P,,1,RP,RP,,,,,54,,,,49,50,51,50,52,50,52,0,0,0,61,0,0,,,,,0,,,,57,59,60,62,56,63,63,0,0,0,76,0,0,False,,,0,,,,,,0,50,groundball_rp,
P9899,Tyrone,King,1988-05-22,75,211,African,medium,brown,goatee,L,P,,1,RP,RP,,,,,50,,,,51,52,48,53,52,52,51,60,62,64,0,0,0,,,,,0,,,,49,42,51,50,47,42,49,55,55,59,0,0,0,False,,,0,,,,,,0,50,finesse_rp,
P8568,Ariel,Bossen,2002-03-27,70,219,Anglo,medium,red,clean_shaven,R,P,,1,RP,SP,,,,,51,,,,52,50,51,50,54,49,52,59,62,0,0,57,0,,,,,0,,,,66,59,64,59,62,60,62,71,77,0,0,67,0,False,,,0,,,,,,0,50,finesse_sp,
P1010,Malik,Gaines,1997-10-26,70,241,African,dark,black,beard,S,P,,1,RP,SP,,,,,49,,,,52,53,52,50,52,52,53,0,60,62,60,55,0,,,,,0,,,,50,52,49,52,54,49,55,0,62,66,57,53,0,False,,,0,,,,,,0,50,power_sp,
P3019,Tyrone,Walker,1997-07-13,75,224,African,dark,black,clean_shaven,R,P,,1,RP,SP,,,,,54,,,,51,51,53,51,52,53,51,58,0,0,58,0,0,,,,,0,,,,47,50,53,54,50,50,50,61,0,0,55,0,0,False,,,0,,,,,,0,50,groundball_sp,
P2476,Jermaine,King,2002-03-12,74,169,African,dark,black,clean_shaven,L,P,,1,RP,CL,,,,,52,,,,53,51,52,50,52,49,52,59,60,67,0,0,0,,,,,0,,,,68,66,56,62,65,56,62,65,67,80,0,0,0,False,,,0,,,,,,0,50,closer,
P7735,Abdul,Koepf,2003-09-11,78,160,Anglo,light,black,clean_shaven,R,P,,1,RP,SP,,,,,50,,,,49,53,52,52,54,49,52,0,61,62,57,56,0,,,,,0,,,,55,67,66,59,60,62,57,0,70,70,69,71,0,False,,,0,,,,,,0,50,power_sp,
P2173,Eduardo,Cruz,1994-01-26,68,226,Hispanic,dark,black,mustache,R,P,,1,RP,SP,,,,,52,,,,51,49,53,50,53,48,51,62,61,60,59,0,0,,,,,0,,,,41,41,42,47,45,47,42,57,56,55,59,0,0,False,,,0,,,,,,0,50,workhorse_sp,
P1613,Miguel,Garcia,1990-08-03,78,222,Hispanic,dark,blonde,mustache,R,P,,1,RP,RP,,,,,53,,,,48,49,48,50,53,52,54,58,61,0,0,0,0,,,,,0,,,,43,47,42,49,38,45,54,52,55,0,0,0,0,False,,,0,,,,,,0,50,finesse_rp,
P4341,Antonio,Ramos,1997-09-13,71,186,Hispanic,light,black,clean_shaven,R,P,,1,RP,SP,,,,,50,,,,50,52,50,51,52,51,51,0,0,60,62,0,0,,,,,0,,,,53,54,53,51,50,48,46,0,0,55,57,0,0,False,,,0,,,,,,0,50,groundball_sp,
P9266,Don,Leaks,1995-11-27,78,249,Anglo,medium,brown,clean_shaven,R,C,,0,,,50,56,47,49,49,52,57,52,50,48,,,,,,,,,,,,46,56,51,48,49,0,0,52,45,49,,,,,,,,,,,,False,,,0,,,,,,0,50,,power
P1676,Deshawn,Taylor,1997-09-04,69,239,African,dark,black,mustache,S,1B,,0,,,52,63,48,52,47,53,46,49,49,50,,,,,,,,,,,,52,60,51,57,47,0,0,49,53,55,,,,,,,,,,,,False,,,0,,,,,,0,50,,power
P8097,Garth,Dispirito,1992-08-24,72,234,Anglo,light,brown,clean_shaven,R,2B,,0,,,54,50,50,53,52,49,60,49,51,52,,,,,,,,,,,,44,48,44,44,52,0,0,49,43,46,,,,,,,,,,,,False,,,0,,,,,,0,50,,balanced
P8056,Fernando,Gomez,1998-07-28,74,244,Hispanic,light,brown,clean_shaven,R,3B,,0,,,53,50,50,52,49,50,57,53,48,51,,,,,,,,,,,,67,57,61,64,49,0,0,53,55,64,,,,,,,,,,,,False,,,0,,,,,,0,50,,balanced
P2859,Odis,Carney,1988-05-31,68,216,Anglo,light,brown,beard,R,SS,,0,,,51,47,93,50,51,49,60,52,51,50,,,,,,,,,,,,47,41,91,47,51,0,0,52,45,42,,,,,,,,,,,,False,,,0,,,,,,0,50,,elite_speed
P4839,Jose,Torres,2002-03-06,70,173,Hispanic,medium,black,clean_shaven,S,LF,,0,,,53,49,49,52,50,49,54,52,50,51,,,,,,,,,,,,66,56,59,67,50,0,0,52,62,56,,,,,,,,,,,,False,,,0,,,,,,0,50,,average
P4747,Percy,Robinson,1992-01-29,68,179,African,dark,brown,goatee,R,CF,,0,,,58,48,50,52,52,49,51,48,48,48,,,,,,,,,,,,48,39,47,45,52,0,0,48,42,44,,,,,,,,,,,,False,,,0,,,,,,0,50,,spray
P4748,Rodger,Net,1998-01-06,74,166,Anglo,light,black,clean_shaven,R,RF,,0,,,49,55,48,49,49,49,50,51,48,50,,,,,,,,,,,,51,58,44,52,49,0,0,51,45,50,,,,,,,,,,,,False,,,0,,,,,,0,50,,balanced
P9758,Malik,Jefferson,1990-10-10,72,231,African,medium,black,clean_shaven,L,C,,0,,,55,49,52,52,51,47,50,52,52,53,,,,,,,,,,,,49,48,49,46,51,0,0,52,45,47,,,,,,,,,,,,False,,,0,,,,,,0,50,,spray
P1222,Jermaine,Allen,1992-02-18,75,245,African,dark,black,mustache,R,1B,,0,,,53,55,50,51,50,50,55,51,51,49,,,,,,,,,,,,47,55,40,50,50,0,0,51,51,43,,,,,,,,,,,,False,,,0,,,,,,0,50,,average
P2629,Alejandro,Perez,1994-10-12,71,219,Hispanic,light,black,clean_shaven,R,1B,,0,,,53,60,52,53,50,49,57,49,49,50,,,,,,,,,,,,56,58,53,57,50,0,0,49,53,47,,,,,,,,,,,,False,,,0,,,,,,0,50,,gap
P8971,Luke,Glessner,1994-04-20,69,167,Anglo,light,brown,beard,L,RF,,0,,,50,60,49,50,47,53,49,52,52,51,,,,,,,,,,,,51,57,51,45,47,0,0,52,47,46,,,,,,,,,,,,False,,,0,,,,,,0,50,,power
P3278,Clemente,Binner,2004-04-16,73,196,Anglo,dark,blonde,clean_shaven,R,RF,,0,,,51,57,48,50,47,51,51,50,52,50,,,,,,,,,,,,79,82,70,74,47,0,0,50,81,75,,,,,,,,,,,,False,,,0,,,,,,0,50,,power
P5529,Xavier,Walker,2003-12-08,73,165,African,dark,black,clean_shaven,R,SS,,0,,,54,51,87,51,49,48,61,52,52,49,,,,,,,,,,,,62,66,94,56,49,0,0,52,60,56,,,,,,,,,,,,False,,,0,,,,,,0,50,,speed
P9727,Hector,Gonzalez,2004-05-19,68,171,Hispanic,dark,black,clean_shaven,S,P,,1,RP,CL,,,,,55,,,,49,52,48,51,52,52,54,56,58,65,0,0,0,,,,,0,,,,76,65,64,73,70,63,81,85,86,79,0,0,0,False,,,0,,,,,,0,50,closer,
P2541,Rafael,Martinez,1991-04-12,71,199,Hispanic,light,black,beard,L,P,,1,RP,SP,,,,,50,,,,52,49,53,50,52,50,50,61,63,58,0,55,0,,,,,0,,,,45,43,49,49,46,46,49,54,62,57,0,50,0,False,,,0,,,,,,0,50,finesse_sp,
P3312,Hector,Flores,2003-02-27,73,226,Hispanic,medium,blonde,mustache,R,P,,1,RP,SP,,,,,51,,,,49,52,54,52,52,49,51,60,63,61,0,58,0,,,,,0,,,,55,60,62,63,60,58,63,71,75,72,0,67,0,False,,,0,,,,,,0,50,power_sp,
P5017,Lacy,Lutwin,1998-06-15,70,208,Anglo,light,blonde,mustache,R,P,,1,RP,SP,,,,,47,,,,48,54,54,50,53,51,55,60,61,62,0,0,0,,,,,0,,,,61,61,62,60,61,56,61,75,69,72,0,0,0,False,,,0,,,,,,0,50,power_sp,
P5162,Tyrone,Mitchell,1999-06-18,78,184,African,dark,black,clean_shaven,R,P,,1,RP,SP,,,,,52,,,,50,53,53,52,52,51,49,59,61,0,57,55,0,,,,,0,,,,61,65,67,62,64,56,58,74,75,0,71,63,0,False,,,0,,,,,,0,50,finesse_sp,
P1789,Shane,Polselli,1990-05-01,76,183,Anglo,dark,brown,clean_shaven,R,P,,1,RP,SP,,,,,48,,,,50,49,52,50,52,50,49,62,0,61,0,0,0,,,,,0,,,,44,47,42,51,51,49,39,58,0,53,0,0,0,False,,,0,,,,,,0,50,workhorse_sp,
P4695,Shirley,Arbetman,1987-07-03,71,203,Anglo,light,black,clean_shaven,L,P,,1,RP,RP,,,,,52,,,,51,51,53,53,54,49,52,57,62,0,0,0,0,,,,,0,,,,48,50,51,54,49,47,45,49,57,0,0,0,0,False,,,0,,,,,,0,50,finesse_rp,
P2291,Shawn,Peralto,1997-12-14,76,185,Anglo,medium,brown,clean_shaven,L,LF,,0,,,53,50,48,51,51,49,51,52,51,51,,,,,,,,,,,,48,52,43,50,51,0,0,52,49,54,,,,,,,,,,,,False,,,0,,,,,,0,50,,average
P2805,Carlos,Martinez,2004-05-11,73,161,Hispanic,dark,brown,mustache,R,2B,,0,,,58,52,48,54,53,50,55,49,52,51,,,,,,,,,,,,71,70,75,72,53,0,0,49,79,67,,,,,,,,,,,,False,,,0,,,,,,0,50,,spray
P7480,Ricardo,Castillo,1988-09-25,74,241,Hispanic,dark,brown,beard,R,C,,0,,,50,48,70,51,53,53,57,51,53,49,,,,,,,,,,,,50,46,70,49,53,0,0,51,51,49,,,,,,,,,,,,False,,,0,,,,,,0,50,,speed
P3770,David,Tuten,1998-11-15,75,224,Anglo,light,black,clean_shaven,R,3B,,0,,,48,52,48,49,50,51,56,51,50,49,,,,,,,,,,,,62,60,59,56,50,0,0,51,61,59,,,,,,,,,,,,False,,,0,,,,,,0,50,,average
P8737,Lanny,Sonkin,2000-08-27,73,162,Anglo,light,brown,goatee,R,3B,,0,,,51,50,83,52,52,49,55,49,49,50,,,,,,,,,,,,57,65,94,66,52,0,0,49,64,57,,,,,,,,,,,,False,,,0,,,,,,0,50,,speed
P4529,Pedro,Reyes,1996-05-05,72,243,Hispanic,light,blonde,goatee,R,2B,,0,,,53,52,51,53,52,51,55,50,50,53,,,,,,,,,,,,57,52,53,55,52,0,0,50,51,48,,,,,,,,,,,,False,,,0,,,,,,0,50,,balanced
P5684,Jose,Gonzalez,2004-12-16,71,161,Hispanic,medium,blonde,clean_shaven,R,C,,0,,,51,50,51,51,52,53,59,50,50,51,,,,,,,,,,,,78,71,75,75,52,0,0,50,79,81,,,,,,,,,,,,False,,,0,,,,,,0,50,,balanced
P4555,Luis,Gomez,1998-08-27,71,173,Hispanic,dark,black,mustache,R,C,,0,,,53,50,53,49,49,49,56,53,51,51,,,,,,,,,,,,63,65,60,55,49,0,0,53,57,59,,,,,,,,,,,,False,,,0,,,,,,0,50,,balanced
P8407,Todd,Denoyer,2008-01-14,70,226,Anglo,medium,brown,clean_shaven,S,P,,1,RP,CL,,,,,55,,,,51,50,49,50,54,52,54,0,59,66,0,0,0,,,,,0,,,,61,62,75,74,74,81,66,0,81,95,0,0,0,False,,,0,,,,,,0,50,closer,
P7225,Rupert,Dafonte,2007-04-16,77,236,Anglo,light,black,mustache,L,P,,1,RP,RP,,,,,50,,,,48,52,48,50,54,50,55,0,60,66,0,0,0,,,,,0,,,,77,66,60,71,75,69,68,0,82,87,0,0,0,False,,,0,,,,,,0,50,power_rp,
P9062,Cedric,Taylor,2006-10-02,70,244,African,dark,black,clean_shaven,R,P,,1,RP,SP,,,,,50,,,,49,51,51,54,52,49,52,60,60,0,0,0,0,,,,,0,,,,71,74,65,73,81,72,76,90,81,0,0,0,0,False,,,0,,,,,,0,50,finesse_sp,
P7726,Xavier,Jefferson,2007-08-01,74,212,African,dark,brown,beard,R,P,,1,RP,LR,,,,,50,,,,52,49,51,50,53,51,50,60,0,65,0,0,0,,,,,0,,,,82,76,76,80,64,77,67,70,0,84,0,0,0,False,,,0,,,,,,0,50,long_relief,
P8343,Arlie,Kostka,2005-07-29,77,209,Anglo,light,brown,clean_shaven,R,P,,1,RP,SP,,,,,51,,,,51,51,52,50,52,47,53,0,60,58,0,0,0,,,,,0,,,,69,70,65,75,69,75,69,0,84,76,0,0,0,False,,,0,,,,,,0,50,power_sp,
P2863,Marco,Skarke,2006-11-30,71,223,Anglo,light,blonde,clean_shaven,R,3B,,0,,,50,61,51,51,48,50,57,51,51,52,,,,,,,,,,,,71,74,81,73,48,0,0,51,62,78,,,,,,,,,,,,False,,,0,,,,,,0,50,,power
P7167,Antonio,Martinez,2005-01-04,70,219,Hispanic,medium,brown,goatee,R,CF,,0,,,58,48,52,55,50,47,54,50,52,49,,,,,,,,,,,,85,62,62,80,50,0,0,50,73,60,,,,,,,,,,,,False,,,0,,,,,,0,50,,spray
P8734,Cedric,Jefferson,2007-07-30,74,195,African,dark,black,clean_shaven,R,CF,,0,,,54,50,70,54,53,50,56,49,51,53,,,,,,,,,,,,73,60,86,71,53,0,0,49,65,76,,,,,,,,,,,,False,,,0,,,,,,0,50,,speed
P7860,Deshawn,Jefferson,2005-08-15,69,217,African,dark,brown,beard,S,RF,,0,,,53,52,49,50,50,51,50,50,49,53,,,,,,,,,,,,64,73,76,74,50,0,0,50,60,81,,,,,,,,,,,,False,,,0,,,,,,0,50,,average
P5873,Rafael,Reyes,2004-08-14,76,187,Hispanic,dark,black,clean_shaven,L,2B,,0,,,52,50,51,51,52,48,50,50,49,52,,,,,,,,,,,,69,80,61,73,52,0,0,50,63,65,,,,,,,,,,,,False,,,0,,,,,,0,50,,balanced
P1524,Dion,Groshek,1999-09-25,70,179,Anglo,dark,brown,beard,R,P,,1,RP,CL,,,,,55,,,,50,52,48,51,54,52,56,57,61,65,0,0,0,,,,,0,,,,61,63,60,63,59,57,68,70,66,80,0,0,0,False,,,0,,,,,,0,50,closer,
P5696,Jose,Martinez,1997-12-01,70,197,Hispanic,medium,brown,clean_shaven,R,P,,1,RP,SP,,,,,40,,,,52,51,51,51,53,49,52,62,62,0,0,0,0,,,,,41,,,,49,56,56,48,50,53,48,63,65,0,0,0,0,False,,,0,,,,,,0,50,finesse_sp,
P7206,Chang,Imbesi,1988-02-07,71,222,Anglo,medium,black,mustache,S,P,,1,RP,SP,,,,,50,,,,51,52,53,50,52,50,54,0,60,63,0,58,0,,,,,0,,,,48,49,42,45,48,41,44,0,58,63,0,52,0,False,,,0,,,,,,0,50,power_sp,
P1628,Edwardo,Priore,1992-12-12,68,207,Anglo,medium,brown,clean_shaven,L,P,,1,RP,SP,,,,,49,,,,52,51,53,51,53,50,51,0,62,62,57,0,0,,,,,0,,,,48,49,43,45,48,48,51,0,60,62,55,0,0,False,,,0,,,,,,0,50,power_sp,
P2311,Randy,Escorcia,1988-08-16,69,226,Anglo,medium,brown,clean_shaven,L,P,,1,RP,SP,,,,,50,,,,48,49,52,53,52,50,52,61,60,0,0,0,0,,,,,0,,,,42,45,45,45,48,40,44,60,56,0,0,0,0,False,,,0,,,,,,0,50,finesse_sp,
P5563,Tom,Vlach,1991-05-15,74,179,Anglo,medium,black,beard,R,P,,1,RP,RP,,,,,56,,,,51,49,48,50,52,53,54,56,60,0,61,0,0,,,,,0,,,,46,41,48,46,44,46,47,50,50,0,51,0,0,False,,,0,,,,,,0,50,groundball_rp,
P6160,Carlos,Ortiz,1993-04-29,78,166,Hispanic,light,brown,goatee,R,P,,1,RP,SP,,,,,54,,,,52,51,53,52,52,52,52,58,0,60,59,0,0,,,,,0,,,,44,50,47,52,53,49,48,57,0,59,55,0,0,False,,,0,,,,,,0,50,groundball_sp,
P6109,Cedric,Carter,2001-12-24,68,176,African,dark,brown,goatee,R,P,,1,RP,SP,,,,,50,,,,51,52,52,53,52,51,53,0,60,62,0,0,0,,,,,0,,,,65,63,63,58,64,58,60,0,66,73,0,0,0,False,,,0,,,,,,0,50,power_sp,
P9387,Deshawn,Gaines,1991-02-18,78,234,African,medium,black,clean_shaven,L,P,,1,RP,RP,,,,,56,,,,51,50,50,50,54,53,50,0,62,64,62,0,0,,,,,0,,,,43,41,50,44,40,48,44,0,61,64,56,0,0,False,,,0,,,,,,0,50,groundball_rp,
P8322,Jarod,Deconti,1993-08-26,77,166,Anglo,light,blonde,goatee,R,P,,1,RP,RP,,,,,49,,,,48,52,52,51,52,53,49,0,62,0,0,0,0,,,,,0,,,,39,50,51,47,43,44,42,0,57,0,0,0,0,False,,,0,,,,,,0,50,finesse_rp,
P4220,Anderson,Wieben,1990-07-26,72,221,Anglo,medium,brown,clean_shaven,R,P,,1,RP,CL,,,,,51,,,,51,52,50,52,52,51,53,57,58,65,0,0,0,,,,,0,,,,46,48,51,46,48,47,44,57,49,62,0,0,0,False,,,0,,,,,,0,50,closer,
P6168,Luis,Diaz,1997-12-27,74,245,Hispanic,medium,brown,clean_shaven,R,C,,0,,,50,53,51,51,52,53,57,49,53,52,,,,,,,,,,,,48,53,53,51,52,0,0,49,53,48,,,,,,,,,,,,False,,,0,,,,,,0,50,,balanced
P5381,Jamal,Taylor,2002-12-26,69,219,African,medium,black,clean_shaven,L,1B,,0,,,51,56,51,49,51,47,49,49,48,49,,,,,,,,,,,,65,67,60,55,51,0,0,49,59,61,,,,,,,,,,,,False,,,0,,,,,,0,50,,gap
P6926,Carol,Gosney,2000-04-16,72,191,Anglo,medium,brown,goatee,R,2B,,0,,,51,57,47,50,48,53,58,51,49,52,,,,,,,,,,,,57,72,56,56,48,0,0,51,60,67,,,,,,,,,,,,False,,,0,,,,,,0,50,,power
P2033,Hector,Rivera,1992-02-06,76,196,Hispanic,medium,blonde,beard,R,3B,,0,,,50,49,50,49,50,53,59,52,48,52,,,,,,,,,,,,45,41,42,47,50,0,0,52,40,50,,,,,,,,,,,,False,,,0,,,,,,0,50,,balanced
P5553,Andrew,Pfeiffer,2004-01-12,72,176,Anglo,light,brown,mustache,R,SS,,0,,,51,50,86,51,50,47,61,50,50,49,,,,,,,,,,,,58,65,96,66,50,0,0,50,57,62,,,,,,,,,,,,False,,,0,,,,,,0,50,,speed
P9067,Albert,Bertagnolli,1999-11-30,71,165,Anglo,light,blonde,clean_shaven,S,LF,C,0,,,69,66,52,54,51,49,54,51,51,51,,,,,,,,,,,,77,73,60,65,51,0,0,51,63,58,,,,,,,,,,,,False,,,0,,,,,,0,50,,gap
P3294,Len,Lesa,1988-12-23,69,250,Anglo,light,blonde,mustache,R,CF,,0,,,54,55,52,52,47,51,56,51,51,51,,,,,,,,,,,,50,50,52,45,47,0,0,51,46,41,,,,,,,,,,,,False,,,0,,,,,,0,50,,gap
P8578,Alvaro,Ketron,2001-11-12,68,212,Anglo,light,black,clean_shaven,R,RF,,0,,,52,62,51,51,49,53,51,49,47,52,,,,,,,,,,,,67,70,59,61,49,0,0,49,52,62,,,,,,,,,,,,False,,,0,,,,,,0,50,,power
P7340,Tyrell,Leonpacher,1995-04-21,76,182,Anglo,medium,blonde,clean_shaven,S,2B,,0,,,53,50,48,53,53,48,52,53,48,51,,,,,,,,,,,,55,49,48,52,53,0,0,53,51,49,,,,,,,,,,,,False,,,0,,,,,,0,50,,average
P8961,Terence,Sossamon,1994-05-18,72,178,Anglo,light,black,beard,R,LF,,0,,,49,60,48,48,47,51,54,50,52,49,,,,,,,,,,,,44,55,49,50,47,0,0,50,51,53,,,,,,,,,,,,False,,,0,,,,,,0,50,,power
P5325,Antonio,Vargas,2002-04-19,78,246,Hispanic,dark,brown,mustache,S,RF,,0,,,55,48,52,52,50,50,48,50,51,51,,,,,,,,,,,,67,59,60,63,50,0,0,50,61,62,,,,,,,,,,,,False,,,0,,,,,,0,50,,spray
P3327,Roberto,Morales,2001-12-15,78,238,Hispanic,light,brown,clean_shaven,R,C,,0,,,51,50,50,50,49,51,57,50,52,50,,,,,,,,,,,,63,56,58,59,49,0,0,50,60,57,,,,,,,,,,,,False,,,0,,,,,,0,50,,gap
P7139,Hubert,Rommelfanger,2003-12-20,68,195,Anglo,medium,black,clean_shaven,R,C,,0,,,52,51,70,50,50,48,57,52,50,49,,,,,,,,,,,,58,65,83,63,50,0,0,52,60,54,,,,,,,,,,,,False,,,0,,,,,,0,50,,speed
P7132,Alejandro,Lopez,1993-07-31,71,238,Hispanic,light,brown,beard,R,RF,,0,,,54,54,50,50,52,49,57,48,48,51,,,,,,,,,,,,51,47,41,42,52,0,0,48,47,42,,,,,,,,,,,,False,,,0,,,,,,0,50,,gap
P2618,Virgil,Zettlemoyer,1999-05-23,69,181,Anglo,light,black,clean_shaven,S,P,,1,RP,CL,,,,,55,,,,48,50,48,50,52,53,52,61,59,67,0,0,0,,,,,0,,,,57,63,60,63,57,59,58,67,65,74,0,0,0,False,,,0,,,,,,0,50,closer,
P6472,John,Shatswell,1994-12-02,75,213,Anglo,medium,brown,beard,R,P,,1,RP,SP,,,,,48,,,,52,50,52,53,52,48,52,58,62,61,0,57,0,,,,,0,,,,55,46,58,54,47,52,49,60,61,66,0,61,0,False,,,0,,,,,,0,50,power_sp,
P3155,Louis,Chancy,1995-04-05,75,248,Anglo,light,blonde,clean_shaven,R,P,,1,RP,RP,,,,,49,,,,49,53,52,51,52,52,52,0,60,0,0,0,0,,,,,0,,,,54,55,55,55,49,56,48,0,59,0,0,0,0,False,,,0,,,,,,0,50,power_rp,
P9894,Abel,Bernhagen,2001-03-13,76,198,Anglo,dark,blonde,mustache,L,P,,1,RP,RP,,,,,52,,,,50,52,52,52,52,50,56,0,63,66,0,58,0,,,,,59,,,,62,63,62,61,60,57,68,0,69,76,0,65,0,False,,,0,,,,,,0,50,power_rp,
P1780,Silas,Layell,2004-04-24,75,247,Anglo,light,red,goatee,L,P,,1,RP,SP,,,,,50,,,,51,53,53,51,54,53,50,60,61,0,62,0,0,,,,,0,,,,67,80,71,72,69,63,65,79,73,0,80,0,0,False,,,0,,,,,,0,50,groundball_sp,
P7591,Scot,Mccarter,1996-10-23,76,169,Anglo,light,black,clean_shaven,R,P,,1,RP,RP,,,,,57,,,,52,51,51,51,54,49,53,58,0,67,63,0,0,,,,,0,,,,54,46,52,52,54,54,53,55,0,71,61,0,0,False,,,0,,,,,,0,50,groundball_rp,
P3121,Alonzo,Strait,1994-03-06,74,236,Anglo,medium,black,clean_shaven,S,P,,1,RP,RP,,,,,50,,,,49,49,51,51,54,53,50,60,0,0,0,0,0,,,,,0,,,,46,50,52,51,48,57,47,65,0,0,0,0,0,False,,,0,,,,,,0,50,finesse_rp,
P6007,Werner,Canzoneri,2003-04-05,71,227,Anglo,light,black,clean_shaven,R,SS,,0,,,50,50,85,50,49,50,57,50,49,51,,,,,,,,,,,,58,65,93,60,49,0,0,50,55,61,,,,,,,,,,,,False,,,0,,,,,,0,50,,elite_speed
P5124,Gerald,Eugley,1992-07-27,73,171,Anglo,light,black,goatee,L,C,,0,,,58,48,50,54,53,50,50,50,49,50,,,,,,,,,,,,58,42,48,51,53,0,0,50,49,47,,,,,,,,,,,,False,,,0,,,,,,0,50,,spray
P1201,Salvador,Otomo,1999-07-15,74,208,Anglo,light,brown,clean_shaven,L,C,,0,,,55,54,48,52,50,52,50,49,52,53,,,,,,,,,,,,60,65,54,66,50,0,0,49,64,64,,,,,,,,,,,,False,,,0,,,,,,0,50,,gap
P6528,Cornell,Hubbell,2003-08-04,73,229,Anglo,light,blonde,clean_shaven,R,CF,,0,,,53,53,51,51,48,53,52,48,52,49,,,,,,,,,,,,60,67,64,56,48,0,0,48,65,60,,,,,,,,,,,,False,,,0,,,,,,0,50,,gap
P8651,Delbert,Wilner,2003-06-17,75,174,Anglo,medium,brown,clean_shaven,L,RF,,0,,,51,51,50,52,50,53,47,52,50,49,,,,,,,,,,,,58,58,58,62,50,0,0,52,57,56,,,,,,,,,,,,False,,,0,,,,,,0,50,,balanced
P8482,Zachery,Greet,1996-09-13,73,176,Anglo,light,brown,clean_shaven,L,3B,,0,,,53,54,51,52,51,50,47,48,52,51,,,,,,,,,,,,54,50,48,55,51,0,0,48,56,56,,,,,,,,,,,,False,,,0,,,,,,0,50,,gap
P2050,Abraham,Slane,1989-08-12,77,238,Anglo,dark,red,clean_shaven,L,1B,,0,,,50,60,52,49,51,52,42,52,52,48,,,,,,,,,,,,46,56,52,44,51,0,0,52,51,44,,,,,,,,,,,,False,,,0,,,,,,0,50,,balanced
P4444,Clifton,Ussery,1995-01-01,75,233,Anglo,medium,black,clean_shaven,L,1B,,0,,,57,51,49,49,52,48,50,53,51,51,,,,,,,,,,,,62,46,44,52,52,0,0,53,49,47,,,,,,,,,,,,False,,,0,,,,,,0,50,,spray
P2487,Anthony,Gouthier,2006-08-16,73,221,Anglo,light,black,beard,R,P,,1,RP,CL,,,,,55,,,,52,54,50,50,52,49,53,59,0,67,0,0,0,,,,,0,,,,70,77,63,67,66,67,68,76,0,91,0,0,0,False,,,0,,,,,,0,50,closer,
P8404,Jacinto,Kupchinsky,2006-07-23,72,200,Anglo,light,black,clean_shaven,L,P,,1,RP,RP,,,,,57,,,,50,50,50,51,52,49,50,58,0,0,62,0,0,,,,,0,,,,75,75,81,77,80,70,68,79,0,0,74,0,0,False,,,0,,,,,,0,50,groundball_rp,
P5583,Galen,Marchuk,2005-09-29,70,195,Anglo,light,brown,clean_shaven,R,P,,1,RP,SP,,,,,53,,,,52,50,51,50,52,50,50,59,0,0,59,0,0,,,,,0,,,,72,62,72,67,75,77,79,69,0,0,80,0,0,False,,,0,,,,,,0,50,groundball_sp,
P9510,Shaun,Viessman,2004-03-10,73,225,Anglo,medium,brown,clean_shaven,L,P,,1,RP,SP,,,,,47,,,,50,54,52,50,52,51,54,59,62,62,0,0,0,,,,,0,,,,64,67,63,68,70,65,64,69,82,91,0,0,0,False,,,0,,,,,,0,50,power_sp,
P3017,Fredrick,Schneidtmille,2005-08-20,75,195,Anglo,light,brown,clean_shaven,R,P,,1,RP,RP,,,,,25,,,,51,53,49,50,52,49,55,0,62,64,0,56,0,,,,,41,,,,80,70,69,80,74,73,76,0,79,87,0,66,0,False,,,0,,,,,,0,50,power_rp,
P9401,Quentin,Harker,2007-05-24,76,169,Anglo,light,brown,clean_shaven,R,2B,,0,,,55,53,52,56,49,49,56,48,52,51,,,,,,,,,,,,74,69,63,72,49,0,0,48,80,67,,,,,,,,,,,,False,,,0,,,,,,0,50,,gap
P6684,Austin,Reginaldo,2006-03-14,74,245,Anglo,light,black,clean_shaven,L,CF,,0,,,52,51,50,50,50,50,45,50,49,51,,,,,,,,,,,,77,76,67,64,50,0,0,50,73,71,,,,,,,,,,,,False,,,0,,,,,,0,50,,balanced
P3296,Keith,Postuci,2007-08-11,72,221,Anglo,light,black,goatee,S,RF,,0,,,54,57,52,53,47,51,50,51,51,51,,,,,,,,,,,,68,82,75,72,47,0,0,51,74,74,,,,,,,,,,,,False,,,0,,,,,,0,50,,balanced
P9749,Dana,Retter,2004-11-14,68,213,Anglo,light,brown,clean_shaven,S,2B,,0,,,50,51,77,50,53,49,53,50,52,52,,,,,,,,,,,,74,62,99,70,53,0,0,50,73,70,,,,,,,,,,,,False,,,0,,,,,,0,50,,speed
P6514,Donny,Cassity,2006-05-31,77,199,Anglo,light,brown,clean_shaven,R,CF,,0,,,52,52,52,51,51,53,52,50,50,51,,,,,,,,,,,,79,76,82,72,51,0,0,50,68,64,,,,,,,,,,,,False,,,0,,,,,,0,50,,gap
P7140,Tyron,Reau,2002-08-17,76,162,Anglo,light,brown,clean_shaven,R,P,,1,RP,CL,,,,,55,,,,50,54,50,53,56,52,54,0,0,65,0,0,0,,,,,0,,,,55,61,64,69,65,62,65,0,0,79,0,0,0,False,,,0,,,,,,0,50,closer,
P3817,Gerald,Gangestad,1988-12-05,73,207,Anglo,light,black,clean_shaven,R,P,,1,RP,SP,,,,,51,,,,50,53,52,52,52,51,53,59,59,0,0,0,0,,,,,0,,,,44,53,42,46,45,49,52,53,53,0,0,0,0,False,,,0,,,,,,0,50,finesse_sp,
P6285,Kerry,Demer,1997-09-05,78,232,Anglo,medium,blonde,mustache,L,P,,1,RP,SP,,,,,50,,,,51,53,52,50,52,51,52,0,64,63,60,56,0,,,,,0,,,,54,58,52,51,50,49,47,0,60,63,64,51,0,False,,,0,,,,,,0,50,power_sp,
P8772,Otto,Mclagan,2004-04-24,78,236,Anglo,light,brown,goatee,R,P,,1,RP,RP,,,,,52,,,,51,53,49,50,52,48,51,57,59,64,0,0,0,,,,,0,,,,61,82,64,62,64,77,81,82,82,74,0,0,0,False,,,0,,,,,,0,50,power_rp,
P2139,Clifford,Sandoral,1995-01-25,69,162,Anglo,medium,blonde,goatee,L,P,,1,RP,RP,,,,,55,,,,52,49,48,50,52,50,51,0,0,0,59,0,0,,,,,0,,,,51,52,45,57,44,48,56,0,0,0,60,0,0,False,,,0,,,,,,0,50,groundball_rp,
P5772,Roderick,Grieb,1988-07-07,71,165,Anglo,dark,red,clean_shaven,R,P,,1,RP,RP,,,,,53,,,,49,53,48,52,53,52,54,0,62,64,0,0,0,,,,,0,,,,43,45,48,44,44,51,53,0,62,62,0,0,0,False,,,0,,,,,,0,50,power_rp,
P1720,Manual,Brasseux,2002-09-08,68,197,Anglo,medium,black,clean_shaven,R,P,,1,RP,SP,,,,,49,,,,52,50,53,50,52,51,53,59,61,60,0,0,0,,,,,0,,,,61,61,58,61,59,63,59,73,72,69,0,0,0,False,,,0,,,,,,0,50,power_sp,
P2960,Kevin,Saxena,1992-03-30,74,235,Anglo,light,blonde,clean_shaven,R,P,,1,RP,SP,,,,,51,,,,50,49,51,54,52,51,49,62,63,0,0,54,0,,,,,0,,,,47,44,48,43,42,42,45,61,54,0,0,44,0,False,,,0,,,,,,0,50,finesse_sp,
P5035,Marshall,Griffis,1995-04-23,68,208,Anglo,medium,blonde,clean_shaven,L,P,,1,RP,SP,,,,,50,,,,50,51,51,50,54,53,52,61,61,0,0,0,0,,,,,0,,,,50,54,54,54,46,54,49,65,66,0,0,0,0,False,,,0,,,,,,0,50,balanced_sp,
P9929,Dwight,Mccowan,1999-01-03,77,207,Anglo,light,blonde,clean_shaven,L,P,,1,RP,SP,,,,,50,,,,48,51,53,53,53,51,53,59,60,59,58,0,0,,,,,0,,,,55,63,65,59,60,66,59,66,74,70,70,0,0,False,,,0,,,,,,0,50,workhorse_sp,
P7985,Curt,Jozsa,1990-10-17,68,236,Anglo,light,blonde,clean_shaven,R,P,,1,RP,SP,,,,,51,,,,53,51,51,52,52,51,51,0,62,62,57,55,0,,,,,0,,,,45,48,47,47,44,46,45,0,55,53,48,47,0,False,,,0,,,,,,0,50,power_sp,
P2939,Weldon,Caughman,1991-02-21,69,174,Anglo,dark,brown,beard,R,C,,0,,,50,54,51,49,50,49,56,50,51,48,,,,,,,,,,,,48,50,42,42,50,0,0,50,50,38,,,,,,,,,,,,False,,,0,,,,,,0,50,,balanced
P7812,Mauro,Pavelich,1999-05-17,74,180,Anglo,light,blonde,clean_shaven,R,1B,,0,,,49,50,53,50,51,49,56,52,51,51,,,,,,,,,,,,56,55,63,55,51,0,0,52,62,58,,,,,,,,,,,,False,,,0,,,,,,0,50,,balanced
P3890,Florencio,Gizinski,1999-05-25,77,246,Anglo,light,brown,clean_shaven,S,2B,,0,,,53,63,48,51,48,54,51,52,51,48,,,,,,,,,,,,67,72,63,59,48,0,0,52,66,62,,,,,,,,,,,,False,,,0,,,,,,0,50,,power
P9399,Scott,Bourgois,2001-01-09,76,189,Anglo,medium,blonde,beard,R,3B,,0,,,49,60,50,49,48,51,58,49,50,52,,,,,,,,,,,,56,70,55,64,48,0,0,49,61,64,,,,,,,,,,,,False,,,0,,,,,,0,50,,power
P5519,Erwin,Pry,1996-04-27,75,183,Anglo,medium,blonde,beard,R,SS,,0,,,56,48,72,53,51,50,55,49,48,51,,,,,,,,,,,,55,45,70,55,51,0,0,49,49,55,,,,,,,,,,,,False,,,0,,,,,,0,50,,spray
P1305,Neal,Vollman,2004-05-09,74,213,Anglo,light,black,clean_shaven,R,LF,,0,,,50,61,50,50,49,52,57,49,49,51,,,,,,,,,,,,62,72,78,64,49,0,0,49,72,77,,,,,,,,,,,,False,,,0,,,,,,0,50,,power
P7030,Nicholas,Taruer,1995-05-07,71,196,Anglo,light,black,clean_shaven,R,CF,,0,,,50,57,52,51,47,51,54,49,50,50,,,,,,,,,,,,52,61,57,52,47,0,0,49,51,45,,,,,,,,,,,,False,,,0,,,,,,0,50,,power
P3545,Olen,Spirer,2001-02-23,70,195,Anglo,light,black,clean_shaven,L,RF,,0,,,53,64,49,51,50,53,44,51,50,52,,,,,,,,,,,,64,73,54,66,50,0,0,51,61,60,,,,,,,,,,,,False,,,0,,,,,,0,50,,power
P4939,Numbers,Charest,1995-03-04,76,213,Anglo,light,black,goatee,R,3B,2B,0,,,53,52,52,51,50,47,58,48,49,49,,,,,,,,,,,,54,53,47,52,50,0,0,48,50,47,,,,,,,,,,,,False,,,0,,,,,,0,50,,balanced
P5820,Margarito,Mako,2005-02-05,75,227,Anglo,dark,black,clean_shaven,S,C,,0,,,51,51,70,52,51,51,53,53,50,50,,,,,,,,,,,,72,63,84,76,51,0,0,53,76,68,,,,,,,,,,,,False,,,0,,,,,,0,50,,speed
P6714,Glenn,Klaja,1991-07-17,71,234,Anglo,light,black,clean_shaven,L,1B,,0,,,53,54,51,50,50,51,43,48,52,52,,,,,,,,,,,,48,51,41,40,50,0,0,48,45,49,,,,,,,,,,,,False,,,0,,,,,,0,50,,balanced
P7635,Jewel,Nesseth,1987-10-18,68,179,Anglo,dark,brown,clean_shaven,R,LF,RF,0,,,51,61,47,50,51,53,56,52,52,52,,,,,,,,,,,,42,52,44,45,51,0,0,52,47,51,,,,,,,,,,,,False,,,0,,,,,,0,50,,power
P6254,Franklin,Harding,1997-05-02,74,212,Anglo,dark,brown,clean_shaven,L,1B,,0,,,51,57,53,50,49,49,48,49,49,51,,,,,,,,,,,,49,59,49,55,49,0,0,49,50,52,,,,,,,,,,,,False,,,0,,,,,,0,50,,balanced
P2131,Terrell,Michniak,1999-05-18,74,237,Anglo,light,brown,clean_shaven,R,RF,,0,,,52,47,72,51,52,49,54,50,50,49,,,,,,,,,,,,64,57,79,61,52,0,0,50,64,60,,,,,,,,,,,,False,,,0,,,,,,0,50,,speed
P4513,Hunter,Chmura,1989-09-18,68,197,Anglo,light,brown,clean_shaven,L,P,,1,RP,CL,,,,,55,,,,49,54,48,53,53,49,53,0,0,65,0,0,0,,,,,0,,,,45,50,53,44,43,44,53,0,0,64,0,0,0,False,,,0,,,,,,0,50,closer,
P3816,Donald,Wollard,1989-12-06,70,214,Anglo,medium,blonde,beard,R,P,,1,RP,SP,,,,,52,,,,50,50,52,50,53,51,50,59,63,62,0,0,0,,,,,0,,,,43,41,41,49,44,42,40,59,63,55,0,0,0,False,,,0,,,,,,0,50,workhorse_sp,
P4645,Felton,Wach,1991-07-06,74,210,Anglo,medium,brown,clean_shaven,R,P,,1,RP,SP,,,,,51,,,,50,49,53,50,52,48,51,63,63,0,59,0,0,,,,,0,,,,44,44,40,51,50,47,49,62,54,0,59,0,0,False,,,0,,,,,,0,50,finesse_sp,
P3368,Damian,Kapuscinski,1995-06-10,73,180,Anglo,light,black,clean_shaven,R,P,,1,RP,RP,,,,,53,,,,53,52,53,51,53,49,52,0,0,65,0,0,0,,,,,0,,,,49,57,56,58,58,45,49,0,0,63,0,0,0,False,,,0,,,,,,0,50,power_rp,
P4660,Anton,Wraight,2003-08-12,76,193,Anglo,light,black,goatee,R,P,,1,RP,SP,,,,,52,,,,49,50,51,52,52,48,53,61,61,60,0,57,0,,,,,0,,,,64,61,65,61,58,56,66,72,71,66,0,64,0,False,,,0,,,,,,0,50,balanced_sp,
P8030,Russell,Read,1992-09-11,77,170,Anglo,dark,brown,goatee,R,P,RF,1,RP,SP,,,,,54,,,,50,50,53,52,52,52,52,60,61,60,62,0,0,,,,,0,,,,47,50,42,50,51,48,49,56,59,58,62,0,0,False,,,0,,,,,,0,50,groundball_sp,
P1224,Merrill,Quilliam,1994-09-21,72,207,Anglo,medium,brown,mustache,L,P,,1,RP,CL,,,,,49,,,,52,52,49,50,52,50,54,61,58,67,0,0,0,,,,,0,,,,50,53,55,50,50,49,53,58,58,64,0,0,0,False,,,0,,,,,,0,50,closer,
P7084,Marcelo,Rubulcaba,2001-05-16,69,240,Anglo,medium,black,clean_shaven,S,C,,0,,,50,50,52,49,52,50,56,51,53,49,,,,,,,,,,,,62,55,60,59,52,0,0,51,66,62,,,,,,,,,,,,False,,,0,,,,,,0,50,,balanced
P5600,Basil,Montore,1991-04-19,70,187,Anglo,light,brown,goatee,R,CF,,0,,,53,50,52,49,50,50,54,51,50,51,,,,,,,,,,,,45,46,50,41,50,0,0,51,42,47,,,,,,,,,,,,False,,,0,,,,,,0,50,,balanced
P8863,Colin,Suben,2003-02-01,77,217,Anglo,light,black,clean_shaven,R,RF,,0,,,52,50,70,52,53,49,55,51,52,49,,,,,,,,,,,,60,61,82,62,53,0,0,51,58,58,,,,,,,,,,,,False,,,0,,,,,,0,50,,speed
P9415,Fausto,Runions,1993-05-04,69,177,Anglo,medium,black,clean_shaven,R,RF,,0,,,58,50,53,49,52,48,56,48,51,49,,,,,,,,,,,,52,43,47,44,52,0,0,48,41,45,,,,,,,,,,,,False,,,0,,,,,,0,50,,spray
P5893,Milford,Hickernell,1991-05-29,78,220,Anglo,medium,black,clean_shaven,R,SS,,0,,,53,62,50,50,51,49,60,51,51,49,,,,,,,,,,,,50,60,50,45,51,0,0,51,51,39,,,,,,,,,,,,False,,,0,,,,,,0,50,,power
P2869,Bruno,Stimage,1990-04-09,77,173,Anglo,light,black,goatee,S,1B,,0,,,60,63,52,52,48,50,51,50,51,52,,,,,,,,,,,,53,60,49,51,48,0,0,50,49,45,,,,,,,,,,,,False,,,0,,,,,,0,50,,gap
P4164,Thurman,Arcilla,1991-12-22,71,177,Anglo,medium,brown,clean_shaven,R,3B,,0,,,52,49,50,50,50,50,58,53,48,52,,,,,,,,,,,,51,39,43,45,50,0,0,53,45,42,,,,,,,,,,,,False,,,0,,,,,,0,50,,average
P1278,Lynn,Orrego,2004-08-12,76,176,Anglo,dark,black,clean_shaven,R,3B,,0,,,48,60,50,48,48,51,58,49,51,52,,,,,,,,,,,,62,70,64,59,48,0,0,49,78,65,,,,,,,,,,,,False,,,0,,,,,,0,50,,power
P5028,Deandre,Eshlerman,2005-12-09,74,246,Anglo,light,brown,clean_shaven,L,P,,1,RP,CL,,,,,55,,,,49,52,48,51,52,53,56,0,60,66,0,0,0,,,,,0,,,,68,69,72,79,75,63,84,0,83,92,0,0,0,False,,,0,,,,,,0,50,closer,
P5217,Ricky,Barbarin,2007-11-07,68,181,Anglo,medium,brown,clean_shaven,R,P,,1,RP,RP,,,,,49,,,,49,50,48,50,52,51,54,0,61,67,0,54,0,,,,,0,,,,79,62,77,65,69,61,72,0,79,91,0,83,0,False,,,0,,,,,,0,50,power_rp,
P7401,Mikel,Bogaert,2005-10-29,74,248,Anglo,light,brown,beard,R,P,,1,RP,LR,,,,,53,,,,50,48,50,52,54,49,54,58,59,64,0,0,0,,,,,0,,,,71,64,81,75,75,76,70,81,69,90,0,0,0,False,,,0,,,,,,0,50,long_relief,
P7962,James,Curro,2004-11-09,73,211,Anglo,light,black,clean_shaven,R,P,,1,RP,RP,,,,,50,,,,49,49,49,52,52,53,51,59,61,64,0,0,0,,,,,0,,,,77,73,72,75,72,73,66,88,78,87,0,0,0,False,,,0,,,,,,0,50,power_rp,
P3541,Reed,Hohiudden,2007-06-04,77,235,Anglo,light,brown,clean_shaven,R,P,,1,RP,SP,,,,,48,,,,52,48,53,50,52,52,49,62,63,0,0,0,0,,,,,0,,,,69,59,73,66,83,63,67,92,91,0,0,0,0,False,,,0,,,,,,0,50,finesse_sp,
P5937,Antonia,Eliezrie,2004-12-01,77,161,Anglo,light,brown,clean_shaven,R,LF,,0,,,52,50,52,52,50,48,59,51,51,53,,,,,,,,,,,,80,63,68,82,50,0,0,51,76,75,,,,,,,,,,,,False,,,0,,,,,,0,50,,balanced
P3106,Felipe,Goodwater,2005-02-20,75,190,Anglo,light,blonde,clean_shaven,L,LF,,0,,,50,59,51,49,51,52,48,51,51,52,,,,,,,,,,,,68,79,79,68,51,0,0,51,68,73,,,,,,,,,,,,False,,,0,,,,,,0,50,,power
P9881,Adan,Gradillas,2007-01-19,71,201,Anglo,medium,black,clean_shaven,L,SS,,0,,,54,49,50,50,51,48,49,52,52,49,,,,,,,,,,,,69,78,60,64,51,0,0,52,74,59,,,,,,,,,,,,False,,,0,,,,,,0,50,,balanced
P5722,Jefferson,Constante,2004-07-08,74,189,Anglo,light,blonde,clean_shaven,R,SS,,0,,,56,50,52,51,50,48,58,52,48,49,,,,,,,,,,,,69,75,67,64,50,0,0,52,72,71,,,,,,,,,,,,False,,,0,,,,,,0,50,,spray
P7268,Newton,Schuetz,2005-01-19,73,208,Anglo,dark,black,mustache,R,1B,,0,,,52,59,49,51,48,53,56,53,52,49,,,,,,,,,,,,66,83,68,80,48,0,0,53,63,77,,,,,,,,,,,,False,,,0,,,,,,0,50,,balanced
P2496,John,Doe,1987-06-30,68,170,Unknown,light,black,beard,R,P,,1,RP,CL,,,,,55,,,,49,51,52,50,53,50,53,0,0,65,0,0,0,,,,,0,,,,49,49,48,52,51,49,50,0,0,65,0,0,0,False,,,0,,,,,,0,50,closer,
P6830,John,Doe,2002-08-14,71,248,Unknown,light,brown,clean_shaven,L,P,,1,RP,SP,,,,,51,,,,52,54,51,50,52,51,53,59,60,59,57,0,0,,,,,0,,,,62,69,64,62,59,64,58,74,71,66,67,0,0,False,,,0,,,,,,0,50,power_sp,
P3572,John,Doe,1994-11-08,76,185,Unknown,dark,brown,clean_shaven,S,P,,1,RP,SP,,,,,51,,,,49,49,54,51,53,51,50,61,62,62,0,0,0,,,,,0,,,,51,46,50,58,49,53,48,57,59,64,0,0,0,False,,,0,,,,,,0,50,balanced_sp,
P7825,John,Doe,1987-03-15,77,235,Unknown,dark,black,beard,R,P,1B,1,RP,SP,,,,,49,,,,49,49,53,52,52,52,51,0,61,62,0,0,0,,,,,0,,,,40,48,43,43,48,46,41,0,51,60,0,0,0,False,,,0,,,,,,0,50,balanced_sp,
P2932,John,Doe,1996-01-22,69,234,Unknown,dark,black,clean_shaven,L,P,,1,RP,RP,,,,,51,,,,52,52,48,51,54,52,52,59,62,0,0,0,0,,,,,0,,,,55,55,51,58,52,54,57,56,60,0,0,0,0,False,,,0,,,,,,0,50,finesse_rp,
P8831,John,Doe,1987-06-01,78,199,Unknown,medium,brown,clean_shaven,R,P,,1,RP,SP,,,,,48,,,,50,49,50,53,53,48,51,62,63,59,0,0,0,,,,,0,,,,47,39,52,48,49,44,50,57,61,58,0,0,0,False,,,0,,,,,,0,50,balanced_sp,
P9567,John,Doe,2000-11-25,73,185,Unknown,light,black,clean_shaven,L,P,,1,RP,SP,,,,,52,,,,51,50,53,52,52,48,53,59,61,59,0,0,0,,,,,0,,,,57,63,62,57,65,53,65,66,67,72,0,0,0,False,,,0,,,,,,0,50,balanced_sp,
P6156,John,Doe,1999-08-22,76,197,Unknown,dark,brown,clean_shaven,L,P,,1,RP,SP,,,,,52,,,,49,48,54,51,53,53,52,59,63,0,59,55,0,,,,,0,,,,61,60,66,60,67,63,64,71,78,0,68,62,0,False,,,0,,,,,,0,50,finesse_sp,
P7147,John,Doe,1998-12-22,78,187,Unknown,dark,black,clean_shaven,L,P,RF,1,RP,RP,,,,,49,,,,48,50,49,50,53,50,51,0,61,0,0,0,0,,,,,0,,,,60,58,60,60,56,64,56,0,71,0,0,0,0,False,,,0,,,,,,0,50,power_rp,
P1793,John,Doe,2001-02-05,71,197,Unknown,dark,brown,clean_shaven,L,P,,1,RP,SP,,,,,51,,,,50,53,50,50,52,48,53,59,63,58,60,0,0,,,,,0,,,,58,59,59,65,56,60,67,71,77,71,68,0,0,False,,,0,,,,,,0,50,balanced_sp,
P6090,John,Doe,2005-01-12,78,228,Unknown,light,black,beard,L,P,,1,RP,SP,,,,,54,,,,51,48,52,50,52,48,49,59,61,59,60,0,0,,,,,0,,,,63,63,80,74,66,59,78,72,85,83,75,0,0,False,,,0,,,,,,0,50,groundball_sp,
P8456,John,Doe,1992-04-14,77,221,Unknown,medium,black,beard,R,C,,0,,,52,50,71,50,50,50,59,53,49,49,,,,,,,,,,,,50,47,66,49,50,0,0,53,44,44,,,,,,,,,,,,False,,,0,,,,,,0,50,,speed
P7325,John,Doe,1987-11-01,77,176,Unknown,dark,black,goatee,L,1B,,0,,,58,50,49,52,53,48,46,49,51,48,,,,,,,,,,,,57,46,40,45,53,0,0,49,46,42,,,,,,,,,,,,False,,,0,,,,,,0,50,,spray
P2778,John,Doe,2000-05-22,72,203,Unknown,light,brown,clean_shaven,R,2B,,0,,,54,52,50,50,49,53,55,50,48,48,,,,,,,,,,,,66,61,56,56,49,0,0,50,55,55,,,,,,,,,,,,False,,,0,,,,,,0,50,,balanced
P5235,John,Doe,1987-05-04,72,243,Unknown,dark,brown,mustache,L,3B,,0,,,53,52,70,52,51,51,50,49,47,53,,,,,,,,,,,,53,48,64,42,51,0,0,49,40,45,,,,,,,,,,,,False,,,0,,,,,,0,50,,speed
P7094,John,Doe,2002-02-01,74,216,Unknown,light,red,mustache,S,SS,,0,,,52,46,85,51,51,46,52,48,52,51,,,,,,,,,,,,63,56,97,58,51,0,0,48,63,64,,,,,,,,,,,,False,,,0,,,,,,0,50,,elite_speed
P8208,John,Doe,1989-08-08,69,230,Unknown,light,blonde,clean_shaven,R,LF,,0,,,53,51,52,52,48,50,56,52,51,49,,,,,,,,,,,,51,42,44,51,48,0,0,52,48,49,,,,,,,,,,,,False,,,0,,,,,,0,50,,average
P4579,John,Doe,1999-08-16,72,174,Unknown,medium,brown,clean_shaven,R,CF,,0,,,54,53,50,50,50,52,54,52,50,50,,,,,,,,,,,,59,65,58,58,50,0,0,52,59,63,,,,,,,,,,,,False,,,0,,,,,,0,50,,gap
P5045,John,Doe,1999-02-25,69,187,Unknown,medium,black,clean_shaven,R,RF,,0,,,61,52,51,52,50,51,57,52,50,52,,,,,,,,,,,,71,65,56,60,50,0,0,52,62,64,,,,,,,,,,,,False,,,0,,,,,,0,50,,spray
P5021,John,Doe,1988-08-24,70,245,Unknown,dark,blonde,beard,R,2B,,0,,,60,50,51,55,53,46,60,51,49,50,,,,,,,,,,,,50,49,47,52,53,0,0,51,49,41,,,,,,,,,,,,False,,,0,,,,,,0,50,,spray
P2653,John,Doe,2005-01-08,69,179,Unknown,light,black,clean_shaven,R,C,,0,,,52,48,51,51,51,50,57,51,53,51,,,,,,,,,,,,67,74,66,80,51,0,0,51,79,65,,,,,,,,,,,,False,,,0,,,,,,0,50,,average
P7051,John,Doe,1990-01-31,76,196,Unknown,medium,black,goatee,L,C,,0,,,56,49,50,51,53,48,46,51,53,48,,,,,,,,,,,,49,49,50,41,53,0,0,51,50,45,,,,,,,,,,,,False,,,0,,,,,,0,50,,spray
P2644,John,Doe,2003-06-20,73,195,Unknown,dark,black,goatee,L,1B,,0,,,49,61,50,51,51,50,48,50,49,52,,,,,,,,,,,,62,74,61,60,51,0,0,50,59,64,,,,,,,,,,,,False,,,0,,,,,,0,50,,power
P9323,John,Doe,2001-05-24,78,234,Unknown,dark,black,clean_shaven,L,LF,3B,0,,,50,62,51,49,50,51,48,52,50,49,,,,,,,,,,,,57,77,57,60,50,0,0,52,58,54,,,,,,,,,,,,False,,,0,,,,,,0,50,,power
P3313,John,Doe,1991-10-22,73,189,Unknown,light,brown,clean_shaven,R,C,,0,,,52,54,51,51,52,49,60,49,49,51,,,,,,,,,,,,51,53,50,48,52,0,0,49,42,47,,,,,,,,,,,,False,,,0,,,,,,0,50,,balanced
P9615,John,Doe,1999-01-18,72,233,Unknown,dark,brown,goatee,R,P,,1,RP,CL,,,,,55,,,,50,54,52,51,52,53,52,60,61,65,0,0,0,,,,,0,,,,60,64,56,58,65,64,63,75,72,76,0,0,0,False,,,0,,,,,,0,50,closer,
P4147,John,Doe,1998-04-15,70,244,Unknown,dark,brown,clean_shaven,R,P,,1,RP,SP,,,,,50,,,,49,51,52,50,52,48,52,60,60,62,55,0,0,,,,,0,,,,64,61,64,64,61,57,65,74,65,77,64,0,0,False,,,0,,,,,,0,50,workhorse_sp,
P8005,John,Doe,2002-04-17,78,189,Unknown,light,brown,mustache,R,P,,1,RP,RP,,,,,53,,,,52,49,49,51,53,51,49,59,0,65,59,0,0,,,,,0,,,,60,54,65,67,54,61,64,73,0,75,70,0,0,False,,,0,,,,,,0,50,groundball_rp,
P9933,John,Doe,2000-11-14,72,217,Unknown,light,red,clean_shaven,L,P,,1,RP,SP,,,,,53,,,,52,50,50,51,52,51,50,0,58,59,62,0,0,,,,,0,,,,65,62,62,59,59,63,58,0,67,73,72,0,0,False,,,0,,,,,,0,50,groundball_sp,
P3767,John,Doe,1999-03-23,71,185,Unknown,medium,blonde,clean_shaven,R,P,,1,RP,SP,,,,,49,,,,52,50,53,52,54,49,54,62,0,61,0,0,0,,,,,0,,,,58,63,61,60,65,56,60,67,0,71,0,0,0,False,,,0,,,,,,0,50,balanced_sp,
P8370,John,Doe,1987-12-11,73,170,Unknown,medium,blonde,mustache,L,P,,1,RP,RP,,,,,48,,,,49,51,50,52,52,52,51,61,63,0,61,0,0,,,,,0,,,,44,42,45,42,47,47,42,54,57,0,53,0,0,False,,,0,,,,,,0,50,finesse_rp,
P2647,John,Doe,1996-11-19,76,226,Unknown,medium,brown,clean_shaven,L,P,,1,RP,RP,,,,,57,,,,52,51,50,51,52,49,52,0,57,64,60,0,0,,,,,0,,,,48,55,52,52,52,52,52,0,53,67,59,0,0,False,,,0,,,,,,0,50,groundball_rp,
P5526,John,Doe,1997-04-22,71,176,Unknown,light,brown,clean_shaven,R,SS,,0,,,48,49,54,51,48,53,61,50,49,50,,,,,,,,,,,,49,50,49,54,48,0,0,50,44,54,,,,,,,,,,,,False,,,0,,,,,,0,50,,balanced
P6293,John,Doe,2003-10-01,74,240,Unknown,medium,black,goatee,L,SS,,0,,,49,48,87,55,50,50,51,48,50,51,,,,,,,,,,,,56,60,99,66,50,0,0,48,57,56,,,,,,,,,,,,False,,,0,,,,,,0,50,,speed
P2051,John,Doe,1998-09-13,76,250,Unknown,medium,black,clean_shaven,R,RF,,0,,,52,57,51,53,52,49,54,48,52,49,,,,,,,,,,,,57,70,64,61,52,0,0,48,62,63,,,,,,,,,,,,False,,,0,,,,,,0,50,,gap
P4412,John,Doe,2005-02-10,73,235,Unknown,medium,blonde,goatee,R,SS,,0,,,68,52,51,53,51,50,59,50,49,50,,,,,,,,,,,,93,73,71,73,51,0,0,50,76,78,,,,,,,,,,,,False,,,0,,,,,,0,50,,spray
P5407,John,Doe,1995-05-24,69,229,Unknown,light,black,beard,R,3B,,0,,,48,51,51,49,51,49,58,51,51,51,,,,,,,,,,,,46,55,50,49,51,0,0,51,50,54,,,,,,,,,,,,False,,,0,,,,,,0,50,,average
P5586,John,Doe,1996-02-01,71,165,Unknown,dark,black,mustache,L,1B,,0,,,50,50,70,52,51,50,46,52,50,51,,,,,,,,,,,,52,48,74,48,51,0,0,52,47,54,,,,,,,,,,,,False,,,0,,,,,,0,50,,speed
P6447,John,Doe,1987-10-01,75,194,Unknown,medium,brown,clean_shaven,L,RF,,0,,,50,59,47,50,48,53,46,49,50,52,,,,,,,,,,,,45,58,43,45,48,0,0,49,50,50,,,,,,,,,,,,False,,,0,,,,,,0,50,,power
P1775,John,Doe,1997-05-31,76,201,Unknown,dark,blonde,mustache,R,1B,,0,,,51,52,53,50,50,53,56,53,50,49,,,,,,,,,,,,48,47,49,52,50,0,0,53,49,53,,,,,,,,,,,,False,,,0,,,,,,0,50,,gap
P3773,John,Doe,2008-01-21,71,192,Unknown,light,black,mustache,S,P,,1,RP,CL,,,,,55,,,,48,54,49,53,55,52,55,0,61,65,0,0,0,,,,,0,,,,78,74,71,74,62,64,73,0,77,84,0,0,0,False,,,0,,,,,,0,50,closer,
P2410,John,Doe,2006-12-10,71,181,Unknown,light,blonde,clean_shaven,S,P,,1,RP,SP,,,,,48,,,,48,51,50,51,53,51,54,0,61,59,0,0,0,,,,,0,,,,69,63,76,81,78,66,70,0,87,83,0,0,0,False,,,0,,,,,,0,50,balanced_sp,
P2418,John,Doe,2006-01-06,70,219,Unknown,light,brown,clean_shaven,S,P,,1,RP,SP,,,,,49,,,,49,53,53,53,52,51,52,59,58,59,60,0,0,,,,,0,,,,79,74,63,69,77,71,71,75,74,75,82,0,0,False,,,0,,,,,,0,50,balanced_sp,
P9793,John,Doe,2007-03-27,72,166,Unknown,medium,red,mustache,L,P,,1,RP,SP,,,,,52,,,,49,50,50,51,54,50,50,62,60,62,57,0,0,,,,,0,,,,71,75,63,72,61,66,61,88,76,92,80,0,0,False,,,0,,,,,,0,50,balanced_sp,
P1409,John,Doe,2005-01-26,76,197,Unknown,light,brown,clean_shaven,L,P,,1,RP,SP,,,,,51,,,,49,51,51,53,52,49,51,0,60,0,58,0,0,,,,,0,,,,74,77,81,67,76,59,79,0,76,0,68,0,0,False,,,0,,,,,,0,50,groundball_sp,
P9819,John,Doe,2006-04-30,70,227,Unknown,medium,black,clean_shaven,R,RF,,0,,,53,49,85,51,50,51,55,52,51,51,,,,,,,,,,,,80,61,99,64,50,0,0,52,68,77,,,,,,,,,,,,False,,,0,,,,,,0,50,,elite_speed
P7449,John,Doe,2007-12-22,77,172,Unknown,light,brown,goatee,R,1B,,0,,,51,59,49,52,48,52,55,49,51,53,,,,,,,,,,,,78,87,76,71,48,0,0,49,78,77,,,,,,,,,,,,False,,,0,,,,,,0,50,,power
P8189,John,Doe,2008-01-05,71,224,Unknown,medium,black,clean_shaven,R,C,,0,,,66,51,50,52,49,50,59,49,49,50,,,,,,,,,,,,93,73,65,72,49,0,0,49,65,76,,,,,,,,,,,,False,,,0,,,,,,0,50,,spray
P8484,John,Doe,2005-09-29,69,230,Unknown,dark,black,goatee,L,LF,,0,,,49,62,49,49,51,53,50,49,50,51,,,,,,,,,,,,65,72,70,72,51,0,0,49,78,73,,,,,,,,,,,,False,,,0,,,,,,0,50,,power
P7770,John,Doe,2004-05-25,74,214,Unknown,light,brown,clean_shaven,R,3B,,0,,,60,47,51,55,49,47,55,52,50,52,,,,,,,,,,,,82,58,62,80,49,0,0,52,72,79,,,,,,,,,,,,False,,,0,,,,,,0,50,,spray
P9296,John,Doe,1990-02-04,70,208,Unknown,light,black,mustache,L,P,,1,RP,CL,,,,,55,,,,52,51,49,53,57,50,51,59,59,65,0,0,0,,,,,0,,,,48,45,53,57,41,49,49,59,55,59,0,0,0,False,,,0,,,,,,0,50,closer,
P5343,John,Doe,1988-07-30,68,208,Unknown,medium,black,beard,R,P,,1,RP,SP,,,,,50,,,,52,51,51,50,54,49,50,57,61,62,57,0,0,,,,,0,,,,51,49,48,48,47,48,40,50,54,60,55,0,0,False,,,0,,,,,,0,50,power_sp,
P7933,John,Doe,1989-01-21,71,211,Unknown,dark,brown,clean_shaven,L,P,,1,RP,RP,,,,,53,,,,51,52,50,50,52,52,51,58,60,0,0,0,0,,,,,0,,,,50,47,45,46,50,51,49,48,53,0,0,0,0,False,,,0,,,,,,0,50,finesse_rp,
P3184,John,Doe,1998-06-16,72,212,Unknown,medium,brown,clean_shaven,R,P,,1,RP,SP,,,,,48,,,,48,50,52,50,53,51,52,59,62,58,0,0,0,,,,,0,,,,61,59,58,65,58,59,61,69,75,65,0,0,0,False,,,0,,,,,,0,50,workhorse_sp,
P1237,John,Doe,2001-04-16,70,225,Unknown,light,blonde,clean_shaven,R,P,,1,RP,RP,,,,,55,,,,49,51,48,53,52,50,50,56,60,0,63,0,0,,,,,0,,,,56,56,66,59,59,62,60,71,75,0,77,0,0,False,,,0,,,,,,0,50,groundball_rp,
P3328,John,Doe,1996-07-29,78,229,Unknown,medium,brown,clean_shaven,S,P,,1,RP,CL,,,,,52,,,,51,51,51,50,53,51,52,58,59,65,0,0,0,,,,,0,,,,56,52,47,57,52,48,48,55,62,69,0,0,0,False,,,0,,,,,,0,50,closer,
P5367,John,Doe,2000-01-13,71,230,Unknown,medium,brown,clean_shaven,R,P,,1,RP,RP,,,,,53,,,,51,49,52,52,52,51,49,0,0,0,64,0,0,,,,,0,,,,63,57,66,62,67,64,60,0,0,0,72,0,0,False,,,0,,,,,,0,50,groundball_rp,
P1537,John,Doe,1990-05-23,75,160,Unknown,light,brown,clean_shaven,R,P,,1,RP,RP,,,,,52,,,,52,50,50,51,52,53,50,0,62,0,0,0,0,,,,,0,,,,52,48,51,45,42,52,49,0,54,0,0,0,0,False,,,0,,,,,,0,50,finesse_rp,
P6308,John,Doe,2004-11-09,75,214,Unknown,dark,black,clean_shaven,L,P,,1,RP,SP,,,,,50,,,,49,50,53,53,52,48,52,63,60,0,0,53,0,,,,,0,,,,76,76,67,81,79,72,72,83,81,0,0,72,0,False,,,0,,,,,,0,50,finesse_sp,
P8984,John,Doe,1990-01-05,78,200,Unknown,medium,blonde,beard,L,P,,1,RP,RP,,,,,53,,,,52,51,47,53,52,53,53,61,59,0,0,0,0,,,,,0,,,,51,48,47,44,42,46,51,52,59,0,0,0,0,False,,,0,,,,,,0,50,finesse_rp,
P3043,John,Doe,1994-09-18,74,171,Unknown,dark,brown,mustache,R,P,,1,RP,SP,,,,,52,,,,52,53,53,51,52,49,51,0,63,60,0,0,0,,,,,0,,,,49,55,46,50,56,52,53,0,59,57,0,0,0,False,,,0,,,,,,0,50,balanced_sp,
P9499,John,Doe,2000-12-04,77,187,Unknown,medium,black,beard,R,C,,0,,,52,52,48,51,50,51,54,49,51,49,,,,,,,,,,,,67,59,57,66,50,0,0,49,62,54,,,,,,,,,,,,False,,,0,,,,,,0,50,,average
P6381,John,Doe,1997-08-26,72,175,Unknown,medium,brown,clean_shaven,L,1B,,0,,,52,55,53,52,51,53,44,52,50,50,,,,,,,,,,,,50,58,58,55,51,0,0,52,53,46,,,,,,,,,,,,False,,,0,,,,,,0,50,,balanced
P7512,John,Doe,1989-05-01,69,188,Unknown,medium,brown,clean_shaven,R,2B,,0,,,51,49,51,50,50,50,55,52,50,53,,,,,,,,,,,,51,48,50,40,50,0,0,52,43,53,,,,,,,,,,,,False,,,0,,,,,,0,50,,balanced
P2485,John,Doe,2000-06-12,74,222,Unknown,medium,black,clean_shaven,L,3B,,0,,,59,49,53,51,53,47,47,51,51,49,,,,,,,,,,,,65,56,59,65,53,0,0,51,65,54,,,,,,,,,,,,False,,,0,,,,,,0,50,,spray
P3137,John,Doe,1999-07-03,73,238,Unknown,medium,black,mustache,L,SS,,0,,,53,50,52,52,51,48,52,51,51,50,,,,,,,,,,,,64,60,66,67,51,0,0,51,64,62,,,,,,,,,,,,False,,,0,,,,,,0,50,,balanced
P6350,John,Doe,2000-08-16,72,231,Unknown,medium,brown,clean_shaven,R,LF,CF,0,,,52,51,51,51,48,49,56,49,48,52,,,,,,,,,,,,58,56,60,63,48,0,0,49,59,60,,,,,,,,,,,,False,,,0,,,,,,0,50,,average
P7737,John,Doe,2001-05-22,76,167,Unknown,dark,black,mustache,R,CF,,0,,,50,48,50,49,53,49,55,51,50,48,,,,,,,,,,,,64,59,65,58,53,0,0,51,60,55,,,,,,,,,,,,False,,,0,,,,,,0,50,,average
P2549,John,Doe,1997-03-19,69,196,Unknown,light,black,goatee,R,RF,,0,,,51,53,50,50,51,51,56,48,51,52,,,,,,,,,,,,51,50,50,51,51,0,0,48,56,57,,,,,,,,,,,,False,,,0,,,,,,0,50,,balanced
P7292,John,Doe,1995-07-17,73,240,Unknown,medium,blonde,mustache,R,SS,,0,,,52,49,70,49,52,50,59,53,49,51,,,,,,,,,,,,51,47,71,48,52,0,0,53,46,51,,,,,,,,,,,,False,,,0,,,,,,0,50,,speed
P9886,John,Doe,1987-12-29,70,240,Unknown,medium,brown,clean_shaven,R,C,,0,,,55,49,50,53,49,51,58,49,51,50,,,,,,,,,,,,47,48,44,49,49,0,0,49,47,44,,,,,,,,,,,,False,,,0,,,,,,0,50,,spray
P8413,John,Doe,1993-07-13,72,219,Unknown,medium,blonde,clean_shaven,R,RF,CF,0,,,50,62,50,49,50,51,53,52,51,51,,,,,,,,,,,,42,62,43,44,50,0,0,52,48,50,,,,,,,,,,,,False,,,0,,,,,,0,50,,power
P4048,John,Doe,1992-07-21,78,212,Unknown,medium,black,mustache,R,CF,,0,,,50,52,50,51,50,51,54,50,48,48,,,,,,,,,,,,48,44,45,51,50,0,0,50,47,43,,,,,,,,,,,,False,,,0,,,,,,0,50,,average
P8666,John,Doe,2001-06-06,68,221,Unknown,medium,brown,beard,R,C,,0,,,50,52,48,50,53,53,58,48,52,52,,,,,,,,,,,,61,64,55,56,53,0,0,48,63,66,,,,,,,,,,,,False,,,0,,,,,,0,50,,balanced
P2021,John,Doe,1987-06-01,78,246,Unknown,dark,black,mustache,S,C,,0,,,51,51,52,50,48,52,55,52,48,51,,,,,,,,,,,,49,48,44,40,48,0,0,52,38,46,,,,,,,,,,,,False,,,0,,,,,,0,50,,average
P2018,John,Doe,2001-07-20,74,202,Unknown,dark,black,clean_shaven,L,P,,1,RP,CL,,,,,55,,,,49,50,50,50,52,53,54,0,0,65,0,0,0,,,,,0,,,,61,61,61,57,59,59,68,0,0,76,0,0,0,False,,,0,,,,,,0,50,closer,
P1711,John,Doe,1995-09-07,72,223,Unknown,medium,black,clean_shaven,R,P,,1,RP,SP,,,,,53,,,,52,53,50,52,52,53,52,60,60,60,57,0,0,,,,,0,,,,54,56,56,57,46,48,57,59,59,58,62,0,0,False,,,0,,,,,,0,50,groundball_sp,
P6069,John,Doe,1988-09-07,72,176,Unknown,dark,brown,goatee,R,P,,1,RP,SP,,,,,50,,,,50,51,52,54,54,50,51,62,63,0,59,58,0,,,,,0,,,,44,44,52,48,52,40,45,55,62,0,50,57,0,False,,,0,,,,,,0,50,finesse_sp,
P5413,John,Doe,1998-09-01,76,239,Unknown,dark,brown,beard,R,P,,1,RP,SP,,,,,49,,,,51,49,51,53,52,51,49,0,62,0,58,0,0,,,,,0,,,,60,61,67,62,65,64,62,0,69,0,65,0,0,False,,,0,,,,,,0,50,groundball_sp,
P8664,John,Doe,2002-12-15,70,221,Unknown,dark,brown,clean_shaven,L,P,,1,RP,SP,,,,,49,,,,53,50,52,50,52,48,51,58,63,61,0,0,0,,,,,0,,,,64,58,63,59,63,57,57,67,72,71,0,0,0,False,,,0,,,,,,0,50,workhorse_sp,
P4284,John,Doe,1994-10-27,74,216,Unknown,dark,black,goatee,R,P,,1,RP,SP,,,,,53,,,,49,51,50,50,52,52,52,60,0,61,62,0,0,,,,,0,,,,47,56,47,51,50,52,49,58,0,64,63,0,0,False,,,0,,,,,,0,50,groundball_sp,
P7979,John,Doe,1993-05-17,70,185,Unknown,dark,brown,clean_shaven,R,P,,1,RP,SP,,,,,50,,,,52,49,52,50,52,50,49,59,62,0,0,0,0,,,,,0,,,,48,48,47,48,42,43,40,59,58,0,0,0,0,False,,,0,,,,,,0,50,balanced_sp,
P4169,John,Doe,2003-02-09,77,194,Unknown,light,black,goatee,L,1B,,0,,,50,65,49,50,50,52,50,48,48,48,,,,,,,,,,,,57,77,60,56,50,0,0,48,62,62,,,,,,,,,,,,False,,,0,,,,,,0,50,,power
P7240,John,Doe,1987-05-24,70,169,Unknown,dark,blonde,clean_shaven,S,RF,,0,,,49,52,48,49,48,51,50,52,49,50,,,,,,,,,,,,46,47,41,44,48,0,0,52,42,43,,,,,,,,,,,,False,,,0,,,,,,0,50,,balanced
P2755,John,Doe,1998-03-20,78,235,Unknown,light,black,clean_shaven,R,C,,0,,,53,52,54,51,52,53,57,49,49,52,,,,,,,,,,,,58,61,62,65,52,0,0,49,56,61,,,,,,,,,,,,False,,,0,,,,,,0,50,,balanced
P4290,John,Doe,2000-08-03,76,161,Unknown,medium,black,clean_shaven,R,2B,,0,,,51,50,49,50,49,52,55,51,49,49,,,,,,,,,,,,63,58,56,65,49,0,0,51,58,55,,,,,,,,,,,,False,,,0,,,,,,0,50,,average
P5578,John,Doe,1990-05-05,77,161,Unknown,medium,black,goatee,R,2B,SS,0,,,53,52,52,52,53,52,56,52,49,53,,,,,,,,,,,,51,45,52,42,53,0,0,52,42,48,,,,,,,,,,,,False,,,0,,,,,,0,50,,average
P4910,John,Doe,2002-09-04,74,176,Unknown,dark,blonde,clean_shaven,S,2B,,0,,,49,53,50,49,48,49,53,50,48,51,,,,,,,,,,,,64,59,64,60,48,0,0,50,61,63,,,,,,,,,,,,False,,,0,,,,,,0,50,,balanced
P4183,John,Doe,1993-02-21,77,239,Unknown,light,black,beard,R,3B,,0,,,51,49,76,52,50,51,59,48,49,50,,,,,,,,,,,,44,39,73,44,50,0,0,48,43,40,,,,,,,,,,,,False,,,0,,,,,,0,50,,speed
P1400,John,Doe,1997-10-04,76,227,Unknown,medium,red,clean_shaven,R,RF,,0,,,53,50,85,49,50,51,57,48,52,52,,,,,,,,,,,,51,49,81,51,50,0,0,48,53,53,,,,,,,,,,,,False,,,0,,,,,,0,50,,elite_speed
P8833,John,Doe,2007-09-15,72,205,Unknown,light,black,clean_shaven,R,P,,1,RP,CL,,,,,55,,,,52,51,48,53,53,49,56,57,62,65,0,0,0,,,,,0,,,,81,73,83,66,59,59,66,79,86,89,0,0,0,False,,,0,,,,,,0,50,closer,
P1384,John,Doe,2005-01-21,69,200,Unknown,light,brown,clean_shaven,S,P,,1,RP,SP,,,,,51,,,,49,50,53,50,53,51,50,61,63,59,0,57,0,,,,,0,,,,69,80,78,78,81,78,66,75,76,81,0,80,0,False,,,0,,,,,,0,50,power_sp,
P3522,John,Doe,2004-12-19,69,207,Unknown,medium,black,clean_shaven,S,P,,1,RP,SP,,,,,50,,,,52,50,54,50,53,51,53,0,63,62,0,0,0,,,,,0,,,,70,74,72,74,74,79,71,0,87,75,0,0,0,False,,,0,,,,,,0,50,power_sp,
P3960,John,Doe,2007-08-01,69,179,Unknown,light,black,mustache,R,P,,1,RP,RP,,,,,53,,,,48,51,51,54,54,52,51,60,61,0,0,0,0,,,,,0,,,,59,67,65,79,70,76,70,84,78,0,0,0,0,False,,,0,,,,,,0,50,finesse_rp,
P2971,John,Doe,2004-12-13,72,221,Unknown,dark,brown,clean_shaven,S,P,,1,RP,SP,,,,,50,,,,51,52,50,52,52,51,53,59,62,62,59,0,0,,,,,0,,,,70,72,64,75,64,70,82,70,76,82,87,0,0,False,,,0,,,,,,0,50,finesse_sp,
P5505,John,Doe,2004-05-22,74,241,Unknown,medium,brown,clean_shaven,R,LF,,0,,,52,56,52,51,50,52,55,49,49,53,,,,,,,,,,,,63,77,69,77,50,0,0,49,60,68,,,,,,,,,,,,False,,,0,,,,,,0,50,,balanced
P3344,John,Doe,2006-11-13,73,207,Unknown,light,red,clean_shaven,R,LF,,0,,,51,60,50,51,48,54,56,53,52,49,,,,,,,,,,,,78,82,70,68,48,0,0,53,77,73,,,,,,,,,,,,False,,,0,,,,,,0,50,,power
P2310,John,Doe,2007-04-29,71,181,Unknown,medium,black,clean_shaven,R,1B,,0,,,59,48,50,51,51,47,58,51,51,50,,,,,,,,,,,,78,77,60,67,51,0,0,51,81,76,,,,,,,,,,,,False,,,0,,,,,,0,50,,spray
P4234,John,Doe,2005-06-25,76,225,Unknown,medium,brown,clean_shaven,R,2B,,0,,,58,52,52,52,51,48,58,49,52,51,,,,,,,,,,,,82,75,79,66,51,0,0,49,78,74,,,,,,,,,,,,False,,,0,,,,,,0,50,,balanced
P7487,John,Doe,2008-02-15,68,186,Unknown,light,black,clean_shaven,L,CF,,0,,,52,62,50,50,46,54,46,50,52,52,,,,,,,,,,,,62,90,78,76,46,0,0,50,77,82,,,,,,,,,,,,False,,,0,,,,,,0,50,,power
P9964,John,Doe,2002-09-28,74,230,Unknown,light,brown,goatee,L,P,,1,RP,CL,,,,,55,,,,48,52,49,50,52,50,53,0,63,66,0,0,0,,,,,0,,,,54,64,62,64,59,65,65,0,77,75,0,0,0,False,,,0,,,,,,0,50,closer,
P8729,John,Doe,2003-03-30,78,190,Unknown,medium,black,clean_shaven,S,P,,1,RP,SP,,,,,49,,,,50,52,54,51,52,48,50,61,60,0,0,0,0,,,,,0,,,,59,66,57,59,69,61,55,71,72,0,0,0,0,False,,,0,,,,,,0,50,workhorse_sp,
P4160,John,Doe,1999-12-27,78,177,Unknown,dark,brown,clean_shaven,R,P,,1,RP,SP,,,,,48,,,,53,50,50,50,52,51,51,0,62,59,0,0,0,,,,,0,,,,67,59,56,67,64,58,65,0,69,66,0,0,0,False,,,0,,,,,,0,50,power_sp,
P9960,John,Doe,1994-04-23,71,212,Unknown,light,blonde,beard,S,P,,1,RP,RP,,,,,53,,,,51,51,52,50,54,51,50,0,60,60,61,0,0,,,,,0,,,,49,49,53,54,49,54,52,0,63,55,64,0,0,False,,,0,,,,,,0,50,groundball_rp,
P7049,John,Doe,1997-09-20,72,207,Unknown,dark,brown,clean_shaven,R,P,,1,RP,SP,,,,,50,,,,50,50,54,50,54,51,50,57,61,57,59,0,0,,,,,0,,,,49,45,47,49,54,53,45,56,64,52,54,0,0,False,,,0,,,,,,0,50,groundball_sp,
P4609,John,Doe,1988-02-05,73,223,Unknown,medium,black,beard,R,P,,1,RP,RP,,,,,53,,,,48,52,53,50,52,51,51,0,63,64,0,59,0,,,,,0,,,,43,50,46,45,45,41,51,0,60,54,0,53,0,False,,,0,,,,,,0,50,power_rp,
P4486,John,Doe,1993-07-25,73,197,Unknown,light,black,clean_shaven,R,P,,1,RP,SP,,,,,50,,,,50,52,49,53,53,53,53,62,63,61,0,0,0,,,,,0,,,,40,45,51,47,39,44,46,62,62,60,0,0,0,False,,,0,,,,,,0,50,finesse_sp,
P2226,John,Doe,1990-08-26,72,242,Unknown,medium,blonde,clean_shaven,R,P,,1,RP,SP,,,,,47,,,,48,53,51,53,54,49,52,59,61,61,0,56,0,,,,,0,,,,39,53,48,44,50,39,52,50,58,58,0,49,0,False,,,0,,,,,,0,50,power_sp,
P3828,John,Doe,2000-08-16,73,188,Unknown,medium,brown,mustache,S,P,,1,RP,SP,,,,,51,,,,49,52,51,52,53,50,49,59,61,60,0,0,0,,,,,0,,,,56,61,64,58,66,62,58,68,66,66,0,0,0,False,,,0,,,,,,0,50,balanced_sp,
P7264,John,Doe,1988-09-01,73,171,Unknown,medium,black,beard,L,P,,1,RP,SP,,,,,50,,,,50,49,50,53,52,49,51,59,60,57,57,0,0,,,,,0,,,,46,40,50,43,50,40,50,59,59,56,51,0,0,False,,,0,,,,,,0,50,finesse_sp,
P2977,John,Doe,1994-01-02,71,205,Unknown,medium,brown,clean_shaven,R,P,,1,RP,SP,,,,,50,,,,52,51,51,50,52,51,54,57,62,61,57,0,0,,,,,0,,,,44,43,42,42,46,41,46,55,56,58,52,0,0,False,,,0,,,,,,0,50,power_sp,
P1999,John,Doe,1990-02-05,74,175,Unknown,medium,black,clean_shaven,R,C,,0,,,50,58,48,50,51,53,55,48,52,51,,,,,,,,,,,,49,56,46,50,51,0,0,48,44,42,,,,,,,,,,,,False,,,0,,,,,,0,50,,power
P7567,John,Doe,1995-05-31,73,238,Unknown,light,brown,clean_shaven,R,1B,,0,,,52,57,53,51,53,49,55,52,50,52,,,,,,,,,,,,56,53,53,55,53,0,0,52,52,51,,,,,,,,,,,,False,,,0,,,,,,0,50,,average
P5535,John,Doe,1995-09-15,72,188,Unknown,dark,black,clean_shaven,S,2B,,0,,,50,48,87,54,50,48,53,50,49,50,,,,,,,,,,,,53,47,88,54,50,0,0,50,47,47,,,,,,,,,,,,False,,,0,,,,,,0,50,,elite_speed
P1860,John,Doe,1991-03-04,73,211,Unknown,dark,brown,clean_shaven,R,3B,,0,,,49,50,48,50,48,50,57,49,48,48,,,,,,,,,,,,45,49,38,40,48,0,0,49,42,38,,,,,,,,,,,,False,,,0,,,,,,0,50,,average
P4954,John,Doe,1994-08-20,76,179,Unknown,light,black,clean_shaven,R,SS,,0,,,51,50,52,51,50,48,62,51,48,52,,,,,,,,,,,,51,47,55,46,50,0,0,51,43,48,,,,,,,,,,,,False,,,0,,,,,,0,50,,balanced
P7382,John,Doe,1996-07-07,70,242,Unknown,light,blonde,beard,L,LF,,0,,,52,53,49,49,53,48,50,50,53,52,,,,,,,,,,,,47,54,50,51,53,0,0,50,57,49,,,,,,,,,,,,False,,,0,,,,,,0,50,,average
P7488,John,Doe,2003-07-01,76,177,Unknown,dark,brown,clean_shaven,R,CF,,0,,,49,51,75,52,51,50,57,51,48,48,,,,,,,,,,,,60,58,90,59,51,0,0,51,61,54,,,,,,,,,,,,False,,,0,,,,,,0,50,,speed
P9963,John,Doe,1992-10-25,70,250,Unknown,light,black,clean_shaven,S,RF,,0,,,54,57,51,53,47,51,50,50,50,52,,,,,,,,,,,,44,47,45,49,47,0,0,50,50,44,,,,,,,,,,,,False,,,0,,,,,,0,50,,gap
P8937,John,Doe,1998-02-13,68,246,Unknown,medium,brown,clean_shaven,S,C,,0,,,59,51,51,52,50,50,53,51,52,53,,,,,,,,,,,,57,53,50,54,50,0,0,51,47,51,,,,,,,,,,,,False,,,0,,,,,,0,50,,gap
P1924,John,Doe,2004-09-01,70,249,Unknown,dark,black,clean_shaven,S,C,,0,,,52,54,50,49,51,51,52,52,52,52,,,,,,,,,,,,81,66,80,61,51,0,0,52,66,81,,,,,,,,,,,,False,,,0,,,,,,0,50,,average
P1119,John,Doe,2004-06-13,68,189,Unknown,light,black,clean_shaven,R,1B,,0,,,65,63,50,51,49,51,54,49,48,52,,,,,,,,,,,,78,76,60,67,49,0,0,49,61,69,,,,,,,,,,,,False,,,0,,,,,,0,50,,gap
P2589,John,Doe,1997-04-01,75,220,Unknown,light,brown,clean_shaven,R,3B,,0,,,53,50,51,51,51,48,57,49,52,52,,,,,,,,,,,,49,45,52,46,51,0,0,49,57,48,,,,,,,,,,,,False,,,0,,,,,,0,50,,average
P9181,John,Doe,1994-05-22,78,210,Unknown,light,black,clean_shaven,S,3B,,0,,,54,52,50,52,51,49,52,51,49,49,,,,,,,,,,,,51,49,48,48,51,0,0,51,51,52,,,,,,,,,,,,False,,,0,,,,,,0,50,,gap
P3308,John,Doe,1991-04-12,71,163,Unknown,dark,blonde,clean_shaven,R,2B,,0,,,56,53,50,53,51,51,57,50,48,52,,,,,,,,,,,,48,50,41,44,51,0,0,50,46,43,,,,,,,,,,,,False,,,0,,,,,,0,50,,balanced
P4804,John,Doe,1994-02-01,76,238,Unknown,light,black,mustache,R,P,,1,RP,CL,,,,,55,,,,49,51,50,52,53,53,55,0,61,65,0,0,0,,,,,0,,,,39,48,49,43,41,52,48,0,54,59,0,0,0,False,,,0,,,,,,0,50,closer,
P6143,John,Doe,2004-12-25,78,216,Unknown,medium,black,beard,R,P,,1,RP,SP,,,,,48,,,,52,49,53,51,53,50,50,59,0,59,0,0,0,,,,,0,,,,69,67,74,72,77,77,60,78,0,70,0,0,0,False,,,0,,,,,,0,50,balanced_sp,
P4376,John,Doe,1998-10-17,77,171,Unknown,medium,black,clean_shaven,R,P,,1,RP,SP,,,,,50,,,,51,49,50,50,53,49,51,0,61,60,0,0,0,,,,,0,,,,66,54,57,64,63,59,65,0,70,65,0,0,0,False,,,0,,,,,,0,50,power_sp,
P9161,John,Doe,2005-02-18,69,160,Unknown,dark,brown,clean_shaven,R,P,,1,RP,SP,,,,,51,,,,49,50,54,50,52,49,54,0,62,60,0,0,0,,,,,0,,,,78,66,66,66,73,67,73,0,88,84,0,0,0,False,,,0,,,,,,0,50,power_sp,
P4916,John,Doe,2000-05-22,72,203,Unknown,light,black,mustache,R,P,,1,RP,SP,,,,,51,,,,50,51,54,51,54,49,55,0,62,63,54,53,0,,,,,0,,,,61,57,61,67,67,54,63,0,77,74,62,58,0,False,,,0,,,,,,0,50,power_sp,
P2749,John,Doe,2005-01-07,74,244,Unknown,medium,black,clean_shaven,R,P,,1,RP,SP,,,,,50,,,,50,49,51,50,52,49,53,0,61,62,0,0,0,,,,,0,,,,71,62,69,65,67,60,72,0,89,72,0,0,0,False,,,0,,,,,,0,50,power_sp,
P2479,John,Doe,1993-12-21,77,182,Unknown,medium,brown,clean_shaven,S,P,,1,RP,SP,,,,,49,,,,51,53,52,50,52,51,51,61,59,62,0,54,0,,,,,0,,,,41,46,50,42,47,42,51,53,51,55,0,50,0,False,,,0,,,,,,0,50,balanced_sp,
P5158,John,Doe,1996-08-20,74,178,Unknown,medium,brown,beard,L,RF,,0,,,48,53,48,49,48,49,49,48,51,52,,,,,,,,,,,,43,50,44,51,48,0,0,48,48,50,,,,,,,,,,,,False,,,0,,,,,,0,50,,average
P7294,John,Doe,1992-07-03,70,184,Unknown,medium,blonde,clean_shaven,R,SS,,0,,,52,51,54,51,48,52,57,49,52,47,,,,,,,,,,,,42,48,47,44,48,0,0,49,44,38,,,,,,,,,,,,False,,,0,,,,,,0,50,,balanced
P8853,John,Doe,1990-02-01,72,167,Unknown,dark,red,goatee,R,C,,0,,,53,51,49,50,50,49,56,51,50,48,,,,,,,,,,,,50,50,43,42,50,0,0,51,42,42,,,,,,,,,,,,False,,,0,,,,,,0,50,,average
P5147,John,Doe,1991-10-16,68,176,Unknown,medium,brown,goatee,R,LF,,0,,,49,53,47,51,53,49,56,49,51,51,,,,,,,,,,,,49,48,38,43,53,0,0,49,49,42,,,,,,,,,,,,False,,,0,,,,,,0,50,,average
P8357,John,Doe,1988-09-06,76,249,Unknown,dark,black,clean_shaven,L,1B,,0,,,60,50,52,52,52,47,49,53,50,49,,,,,,,,,,,,50,50,49,47,52,0,0,53,50,47,,,,,,,,,,,,False,,,0,,,,,,0,50,,spray
P7551,John,Doe,1997-10-08,72,236,Unknown,light,black,clean_shaven,R,SS,,0,,,53,48,83,51,53,48,60,49,49,51,,,,,,,,,,,,54,48,87,56,53,0,0,49,49,54,,,,,,,,,,,,False,,,0,,,,,,0,50,,speed
P9563,John,Doe,2003-09-17,73,175,Unknown,light,blonde,beard,R,1B,,0,,,49,61,51,50,49,50,52,50,49,49,,,,,,,,,,,,61,72,59,55,49,0,0,50,58,59,,,,,,,,,,,,False,,,0,,,,,,0,50,,power
P9460,John,Doe,1992-09-27,72,179,Unknown,light,brown,clean_shaven,L,LF,,0,,,53,58,49,50,50,52,47,50,52,49,,,,,,,,,,,,44,50,43,42,50,0,0,50,47,47,,,,,,,,,,,,False,,,0,,,,,,0,50,,balanced
P2949,John,Doe,2004-02-29,77,170,Unknown,light,brown,clean_shaven,R,P,,1,RP,CL,,,,,55,,,,53,54,49,50,53,51,56,60,58,65,0,0,0,,,,,0,,,,68,69,63,76,72,66,82,72,76,80,0,0,0,False,,,0,,,,,,0,50,closer,
P7135,John,Doe,2004-07-12,72,188,Unknown,dark,brown,goatee,R,P,,1,RP,SP,,,,,51,,,,48,50,53,52,52,50,54,62,62,61,59,0,0,,,,,0,,,,62,79,66,77,73,78,78,81,76,79,76,0,0,False,,,0,,,,,,0,50,power_sp,
P7758,John,Doe,2007-11-18,77,171,Unknown,dark,blonde,clean_shaven,R,P,,1,RP,SP,,,,,53,,,,52,50,51,51,53,53,50,0,0,60,60,0,0,,,,,0,,,,70,70,77,70,65,76,68,0,0,81,85,0,0,False,,,0,,,,,,0,50,groundball_sp,
P9316,John,Doe,2004-03-31,70,243,Unknown,light,black,clean_shaven,R,P,,1,RP,SP,,,,,52,,,,50,49,54,53,53,48,53,62,63,58,0,0,0,,,,,0,,,,72,77,69,69,64,75,65,77,83,79,0,0,0,False,,,0,,,,,,0,50,balanced_sp,
P7417,John,Doe,2006-04-22,73,203,Unknown,medium,brown,clean_shaven,L,P,,1,RP,LR,,,,,50,,,,51,50,51,52,52,53,52,58,0,0,0,0,0,,,,,0,,,,75,74,75,64,79,71,66,71,0,0,0,0,0,False,,,0,,,,,,0,50,long_relief,
P6199,John,Doe,2006-01-10,73,240,Unknown,dark,blonde,clean_shaven,R,C,,0,,,62,50,52,53,52,49,56,52,52,50,,,,,,,,,,,,86,67,81,68,52,0,0,52,68,68,,,,,,,,,,,,False,,,0,,,,,,0,50,,spray
P5137,John,Doe,2004-04-29,74,190,Unknown,light,black,clean_shaven,S,CF,,0,,,53,51,70,51,50,50,46,50,51,49,,,,,,,,,,,,78,74,83,73,50,0,0,50,69,68,,,,,,,,,,,,False,,,0,,,,,,0,50,,speed
P9911,John,Doe,2006-07-06,70,212,Unknown,medium,black,clean_shaven,R,SS,,0,,,54,52,49,53,48,51,59,51,49,49,,,,,,,,,,,,81,63,67,78,48,0,0,51,78,59,,,,,,,,,,,,False,,,0,,,,,,0,50,,balanced
P6120,John,Doe,2007-04-18,70,230,Unknown,dark,black,clean_shaven,R,C,,0,,,51,48,48,50,50,51,55,52,52,52,,,,,,,,,,,,73,60,61,60,50,0,0,52,79,62,,,,,,,,,,,,False,,,0,,,,,,0,50,,average
P3942,John,Doe,2007-03-13,76,250,Unknown,light,brown,clean_shaven,R,SS,,0,,,53,53,54,51,50,48,59,49,50,50,,,,,,,,,,,,78,70,66,72,50,0,0,49,79,79,,,,,,,,,,,,False,,,0,,,,,,0,50,,average
P9672,John,Doe,1995-02-15,78,167,Unknown,light,brown,clean_shaven,S,P,,1,RP,CL,,,,,55,,,,51,53,50,51,52,49,53,57,61,65,0,0,0,,,,,0,,,,50,51,54,56,45,49,52,59,59,61,0,0,0,False,,,0,,,,,,0,50,closer,
P8391,John,Doe,2000-03-13,68,169,Unknown,light,black,clean_shaven,R,P,,1,RP,RP,,,,,53,,,,49,51,51,50,52,49,54,0,62,66,0,59,0,,,,,0,,,,56,64,60,57,59,54,64,0,74,74,0,72,0,False,,,0,,,,,,0,50,power_rp,
P6724,John,Doe,1997-09-03,72,240,Unknown,medium,brown,clean_shaven,L,P,,1,RP,SP,,,,,50,,,,48,53,53,50,54,48,52,0,60,62,0,0,0,,,,,0,,,,50,50,53,54,49,50,53,0,56,60,0,0,0,False,,,0,,,,,,0,50,balanced_sp,
P1475,John,Doe,1988-08-30,70,164,Unknown,light,brown,clean_shaven,S,P,,1,RP,SP,,,,,51,,,,49,52,53,52,52,53,52,61,62,61,0,55,0,,,,,0,,,,44,51,50,49,44,48,48,61,56,53,0,51,0,False,,,0,,,,,,0,50,finesse_sp,
P4754,John,Doe,1992-02-12,75,188,Unknown,dark,brown,clean_shaven,R,P,,1,RP,RP,,,,,53,,,,52,51,50,53,54,53,50,61,62,0,0,0,0,,,,,0,,,,49,45,43,45,40,48,47,53,61,0,0,0,0,False,,,0,,,,,,0,50,finesse_rp,
P6317,John,Doe,1995-01-06,72,229,Unknown,medium,black,clean_shaven,S,P,,1,RP,SP,,,,,52,,,,49,48,50,50,54,52,51,59,0,59,0,0,0,,,,,0,,,,51,45,46,58,45,49,49,55,0,62,0,0,0,False,,,0,,,,,,0,50,workhorse_sp,
P3214,John,Doe,1998-04-21,72,161,Unknown,dark,brown,goatee,S,P,,1,RP,SP,,,,,49,,,,49,50,53,51,53,49,50,59,60,64,58,0,0,,,,,0,,,,57,61,56,66,60,57,61,71,66,71,70,0,0,False,,,0,,,,,,0,50,power_sp,
P6880,John,Doe,2000-03-11,68,216,Unknown,dark,blonde,beard,L,P,,1,RP,SP,,,,,50,,,,52,51,53,51,52,49,53,0,0,57,57,0,0,,,,,0,,,,59,65,56,64,62,63,65,0,0,67,67,0,0,False,,,0,,,,,,0,50,groundball_sp,
P3926,John,Doe,2004-01-12,77,165,Unknown,dark,black,beard,R,P,,1,RP,SP,,,,,49,,,,51,52,53,50,52,52,53,0,61,60,0,0,0,,,,,0,,,,62,64,63,65,67,66,68,0,75,69,0,0,0,False,,,0,,,,,,0,50,balanced_sp,
P9427,John,Doe,1987-09-11,77,204,Unknown,dark,black,clean_shaven,L,P,,1,RP,SP,,,,,51,,,,48,53,51,50,54,50,52,62,60,62,0,56,0,,,,,0,,,,47,45,43,45,43,42,51,58,59,62,0,54,0,False,,,0,,,,,,0,50,balanced_sp,
P9229,John,Doe,1987-05-27,72,209,Unknown,light,blonde,clean_shaven,R,P,,1,RP,SP,,,,,51,,,,49,49,51,50,53,52,53,61,59,62,58,0,0,,,,,0,,,,41,43,48,53,46,46,46,54,58,62,50,0,0,False,,,0,,,,,,0,50,balanced_sp,
P8295,John,Doe,2002-10-13,70,239,Unknown,dark,red,beard,R,C,,0,,,52,54,48,50,49,50,59,48,51,51,,,,,,,,,,,,65,66,57,55,49,0,0,48,65,60,,,,,,,,,,,,False,,,0,,,,,,0,50,,gap
P4693,John,Doe,1993-06-18,70,214,Unknown,dark,brown,clean_shaven,R,1B,,0,,,49,52,70,50,51,50,53,51,51,50,,,,,,,,,,,,43,45,60,47,51,0,0,51,48,41,,,,,,,,,,,,False,,,0,,,,,,0,50,,speed
P2841,John,Doe,1992-09-21,76,160,Unknown,dark,black,mustache,R,2B,,0,,,51,49,70,52,54,49,56,53,49,50,,,,,,,,,,,,44,45,66,46,54,0,0,53,40,47,,,,,,,,,,,,False,,,0,,,,,,0,50,,speed
P3341,John,Doe,2000-03-20,71,202,Unknown,medium,black,mustache,R,3B,,0,,,54,52,52,53,49,49,55,48,51,50,,,,,,,,,,,,64,64,59,60,49,0,0,48,62,58,,,,,,,,,,,,False,,,0,,,,,,0,50,,gap
P3058,John,Doe,1990-04-16,73,168,Unknown,dark,brown,clean_shaven,R,SS,,0,,,50,50,50,49,49,50,59,50,49,48,,,,,,,,,,,,43,43,44,44,49,0,0,50,42,44,,,,,,,,,,,,False,,,0,,,,,,0,50,,average
P9154,John,Doe,2002-06-04,73,177,Unknown,light,blonde,beard,S,LF,,0,,,52,54,49,50,47,53,53,50,50,52,,,,,,,,,,,,62,65,54,60,47,0,0,50,59,59,,,,,,,,,,,,False,,,0,,,,,,0,50,,balanced
P6889,John,Doe,1996-02-20,74,237,Unknown,medium,black,goatee,R,CF,,0,,,60,51,54,51,54,47,50,47,50,49,,,,,,,,,,,,60,56,54,46,54,0,0,47,48,45,,,,,,,,,,,,False,,,0,,,,,,0,50,,spray
P8685,John,Doe,1989-06-01,73,210,Unknown,medium,black,clean_shaven,S,RF,,0,,,53,60,53,52,52,50,51,49,48,50,,,,,,,,,,,,47,59,48,52,52,0,0,49,41,40,,,,,,,,,,,,False,,,0,,,,,,0,50,,balanced
P2264,John,Doe,2004-04-25,68,192,Unknown,dark,black,clean_shaven,L,RF,3B,0,,,52,51,51,50,48,52,48,51,52,52,,,,,,,,,,,,78,66,69,70,48,0,0,51,71,63,,,,,,,,,,,,False,,,0,,,,,,0,50,,average
P6942,John,Doe,1995-01-16,73,220,Unknown,medium,red,clean_shaven,R,3B,,0,,,50,47,71,49,53,51,60,51,52,50,,,,,,,,,,,,51,51,67,47,53,0,0,51,51,48,,,,,,,,,,,,False,,,0,,,,,,0,50,,speed
P1271,John,Doe,2001-11-08,71,174,Unknown,light,black,clean_shaven,R,CF,,0,,,51,53,49,52,48,50,53,49,51,52,,,,,,,,,,,,57,64,60,65,48,0,0,49,64,65,,,,,,,,,,,,False,,,0,,,,,,0,50,,gap
P8837,John,Doe,1987-05-16,72,178,Unknown,medium,black,clean_shaven,L,RF,,0,,,61,67,49,52,47,48,43,51,52,49,,,,,,,,,,,,61,64,45,49,47,0,0,51,48,41,,,,,,,,,,,,False,,,0,,,,,,0,50,,gap
P6098,John,Doe,1988-06-24,70,179,Unknown,medium,black,clean_shaven,L,1B,,0,,,54,59,49,53,52,51,46,52,51,51,,,,,,,,,,,,53,58,49,43,52,0,0,52,43,46,,,,,,,,,,,,False,,,0,,,,,,0,50,,gap
P7525,John,Doe,1999-10-03,74,186,Unknown,medium,black,clean_shaven,R,2B,,0,,,51,52,51,52,51,49,56,48,48,49,,,,,,,,,,,,59,58,57,60,51,0,0,48,59,55,,,,,,,,,,,,False,,,0,,,,,,0,50,,balanced
P9297,John,Doe,1987-06-02,71,179,Unknown,light,black,beard,R,P,,1,RP,CL,,,,,55,,,,51,54,49,50,52,53,51,0,0,67,0,0,0,,,,,0,,,,48,44,43,45,39,44,41,0,0,63,0,0,0,False,,,0,,,,,,0,50,closer,
P3874,John,Doe,1993-05-04,72,237,Unknown,dark,black,clean_shaven,L,P,,1,RP,SP,,,,,50,,,,49,49,51,50,52,52,52,0,62,60,0,0,0,,,,,0,,,,47,40,42,51,46,45,44,0,59,60,0,0,0,False,,,0,,,,,,0,50,power_sp,
P5796,John,Doe,2000-06-25,76,225,Unknown,medium,black,beard,L,P,,1,RP,SP,,,,,50,,,,51,50,53,53,52,49,49,62,62,0,0,0,0,,,,,0,,,,61,65,61,60,64,58,60,71,72,0,0,0,0,False,,,0,,,,,,0,50,workhorse_sp,
P3174,John,Doe,1990-02-23,76,206,Unknown,dark,black,clean_shaven,L,P,,1,RP,RP,,,,,51,,,,51,50,51,51,52,53,51,56,0,0,0,0,0,,,,,0,,,,47,45,41,52,48,43,41,54,0,0,0,0,0,False,,,0,,,,,,0,50,finesse_rp,
P1033,John,Doe,1994-07-30,71,205,Unknown,light,brown,clean_shaven,R,P,,1,RP,SP,,,,,52,,,,52,53,52,52,53,48,50,58,0,61,60,0,0,,,,,0,,,,54,49,57,56,56,43,54,61,0,56,62,0,0,False,,,0,,,,,,0,50,groundball_sp,
P9388,John,Doe,1987-09-25,70,174,Unknown,medium,brown,beard,L,P,,1,RP,RP,,,,,53,,,,52,52,49,50,52,49,52,57,60,66,0,0,0,,,,,0,,,,50,50,44,49,42,46,52,47,51,61,0,0,0,False,,,0,,,,,,0,50,finesse_rp,
P3867,John,Doe,1987-05-04,73,208,Unknown,medium,brown,beard,L,P,,1,RP,CL,,,,,52,,,,52,53,49,50,52,52,52,59,60,65,0,0,0,,,,,0,,,,50,46,49,47,44,47,51,51,58,64,0,0,0,False,,,0,,,,,,0,50,closer,
P3336,John,Doe,2003-12-31,68,181,Unknown,medium,black,clean_shaven,R,LF,,0,,,50,53,47,52,51,50,56,49,52,50,,,,,,,,,,,,64,59,57,59,51,0,0,49,61,64,,,,,,,,,,,,False,,,0,,,,,,0,50,,average
P8671,John,Doe,1997-01-28,68,200,Unknown,medium,brown,clean_shaven,R,C,,0,,,53,50,48,51,49,53,57,49,50,52,,,,,,,,,,,,50,54,48,47,49,0,0,49,54,51,,,,,,,,,,,,False,,,0,,,,,,0,50,,average
P2223,John,Doe,1987-08-17,69,202,Unknown,light,brown,clean_shaven,R,LF,,0,,,50,61,47,51,47,52,58,51,51,51,,,,,,,,,,,,42,57,44,50,47,0,0,51,41,43,,,,,,,,,,,,False,,,0,,,,,,0,50,,power
P9140,John,Doe,1993-04-02,69,202,Unknown,dark,black,clean_shaven,L,CF,,0,,,54,47,49,51,52,51,47,47,47,49,,,,,,,,,,,,52,38,45,44,52,0,0,47,38,42,,,,,,,,,,,,False,,,0,,,,,,0,50,,spray
P7453,John,Doe,2000-10-15,70,235,Unknown,medium,black,clean_shaven,R,SS,,0,,,50,52,51,51,52,49,55,52,49,52,,,,,,,,,,,,65,60,57,61,52,0,0,52,59,62,,,,,,,,,,,,False,,,0,,,,,,0,50,,average
P7529,John,Doe,1998-04-04,70,193,Unknown,light,red,mustache,L,1B,,0,,,51,61,48,51,51,50,47,51,50,53,,,,,,,,,,,,58,75,63,57,51,0,0,51,61,64,,,,,,,,,,,,False,,,0,,,,,,0,50,,power
P8924,John,Doe,1997-06-07,77,240,Unknown,medium,blonde,clean_shaven,R,CF,,0,,,54,47,70,50,50,49,55,52,50,48,,,,,,,,,,,,56,42,72,53,50,0,0,52,55,47,,,,,,,,,,,,False,,,0,,,,,,0,50,,speed
P5008,John,Doe,1991-07-09,77,197,Unknown,medium,brown,clean_shaven,R,3B,,0,,,50,49,52,50,50,53,56,50,48,48,,,,,,,,,,,,49,48,49,42,50,0,0,50,42,45,,,,,,,,,,,,False,,,0,,,,,,0,50,,average
P4515,John,Doe,2005-05-30,68,237,Unknown,dark,brown,clean_shaven,L,P,,1,RP,CL,,,,,55,,,,50,54,49,50,52,49,56,0,0,65,0,0,0,,,,,0,,,,61,77,68,69,72,61,77,0,0,77,0,0,0,False,,,0,,,,,,0,50,closer,
P7804,John,Doe,2007-12-05,76,205,Unknown,dark,blonde,clean_shaven,R,P,,1,RP,RP,,,,,57,,,,50,52,50,50,52,51,52,0,0,0,60,0,0,,,,,0,,,,68,80,72,81,69,62,67,0,0,0,72,0,0,False,,,0,,,,,,0,50,groundball_rp,
P9549,John,Doe,2005-10-22,70,203,Unknown,medium,black,clean_shaven,R,P,,1,RP,SP,,,,,48,,,,52,52,51,51,52,51,50,63,59,59,0,54,0,,,,,0,,,,64,79,81,73,64,67,67,80,89,83,0,74,0,False,,,0,,,,,,0,50,balanced_sp,
P6761,John,Doe,2004-06-24,74,229,Unknown,medium,brown,clean_shaven,L,P,,1,RP,SP,,,,,49,,,,52,53,53,51,52,50,51,62,62,62,0,0,0,,,,,0,,,,65,69,69,74,65,64,76,73,75,76,0,0,0,False,,,0,,,,,,0,50,balanced_sp,
P8129,John,Doe,2005-01-02,70,214,Unknown,medium,black,clean_shaven,R,P,,1,RP,SP,,,,,50,,,,50,53,53,50,52,50,53,0,62,58,0,0,0,,,,,0,,,,77,73,61,75,63,72,63,0,88,78,0,0,0,False,,,0,,,,,,0,50,power_sp,
P8773,John,Doe,2005-12-30,78,199,Unknown,medium,red,clean_shaven,R,SS,,0,,,51,48,52,50,51,48,59,49,52,48,,,,,,,,,,,,68,69,75,67,51,0,0,49,65,63,,,,,,,,,,,,False,,,0,,,,,,0,50,,balanced
P5895,John,Doe,2007-11-11,71,174,Unknown,light,brown,clean_shaven,L,LF,,0,,,52,50,49,50,49,50,52,49,49,50,,,,,,,,,,,,82,77,75,69,49,0,0,49,63,64,,,,,,,,,,,,False,,,0,,,,,,0,50,,average
P6524,John,Doe,2005-03-27,78,170,Unknown,medium,brown,clean_shaven,R,2B,,0,,,51,51,51,52,48,50,58,51,52,51,,,,,,,,,,,,67,74,66,72,48,0,0,51,79,71,,,,,,,,,,,,False,,,0,,,,,,0,50,,average
P6036,John,Doe,2005-09-13,72,164,Unknown,medium,black,clean_shaven,L,RF,,0,,,52,57,53,52,47,50,46,51,53,51,,,,,,,,,,,,77,87,68,81,47,0,0,51,66,72,,,,,,,,,,,,False,,,0,,,,,,0,50,,gap
P8259,John,Doe,2007-02-26,73,194,Unknown,medium,black,clean_shaven,R,C,,0,,,51,51,52,50,48,51,57,49,49,51,,,,,,,,,,,,76,76,80,61,48,0,0,49,66,63,,,,,,,,,,,,False,,,0,,,,,,0,50,,average
P7369,John,Doe,2000-01-09,68,165,Unknown,light,black,clean_shaven,R,P,,1,RP,CL,,,,,55,,,,50,52,52,50,52,52,52,59,59,66,0,0,0,,,,,0,,,,63,64,65,59,60,57,61,64,70,73,0,0,0,False,,,0,,,,,,0,50,closer,
P6868,John,Doe,2003-07-26,73,191,Unknown,medium,black,clean_shaven,R,P,,1,RP,SP,,,,,47,,,,48,51,54,51,52,49,53,0,59,61,0,0,0,,,,,0,,,,53,65,59,65,65,54,67,0,73,75,0,0,0,False,,,0,,,,,,0,50,power_sp,
P4134,John,Doe,2002-09-30,78,189,Unknown,medium,brown,clean_shaven,L,P,,1,RP,RP,,,,,53,,,,53,50,53,53,52,50,53,59,62,67,0,0,0,,,,,0,,,,62,58,67,59,67,58,66,72,73,77,0,0,0,False,,,0,,,,,,0,50,finesse_rp,
P8133,John,Doe,1990-08-25,74,230,Unknown,medium,black,goatee,S,P,,1,RP,SP,,,,,51,,,,50,52,51,50,52,48,52,0,61,64,0,0,0,,,,,0,,,,50,42,49,49,42,43,44,0,55,59,0,0,0,False,,,0,,,,,,0,50,power_sp,
P5104,John,Doe,1995-09-18,73,210,Unknown,light,brown,mustache,L,P,,1,RP,RP,,,,,52,,,,52,52,51,50,53,50,53,0,62,65,0,0,0,,,,,0,,,,55,57,46,58,56,48,50,0,67,63,0,0,0,False,,,0,,,,,,0,50,power_rp,
P7305,John,Doe,1989-05-19,71,183,Unknown,light,brown,clean_shaven,L,P,,1,RP,SP,,,,,51,,,,50,52,52,50,52,51,49,60,59,0,0,0,0,,,,,0,,,,47,50,49,43,47,48,40,50,59,0,0,0,0,False,,,0,,,,,,0,50,balanced_sp,
P9540,John,Doe,2004-09-01,70,177,Unknown,dark,black,goatee,S,P,,1,RP,SP,,,,,48,,,,52,53,51,51,52,50,50,61,0,58,0,0,0,,,,,0,,,,70,64,68,82,75,61,79,78,0,79,0,0,0,False,,,0,,,,,,0,50,workhorse_sp,
P4347,John,Doe,1989-12-27,77,166,Unknown,dark,brown,clean_shaven,R,P,,1,RP,SP,,,,,51,,,,49,49,52,52,52,50,53,58,59,57,59,0,0,,,,,0,,,,48,42,42,51,51,46,52,51,59,53,54,0,0,False,,,0,,,,,,0,50,groundball_sp,
P3766,John,Doe,1993-05-04,69,203,Unknown,dark,brown,beard,R,P,,1,RP,RP,,,,,53,,,,51,50,51,50,54,52,50,0,0,63,61,0,0,,,,,0,,,,51,40,45,49,46,51,41,0,0,58,52,0,0,False,,,0,,,,,,0,50,groundball_rp,
P1307,John,Doe,1994-12-07,74,197,Unknown,dark,black,beard,R,P,,1,RP,SP,,,,,52,,,,49,50,53,51,53,50,51,60,0,0,60,0,0,,,,,0,,,,50,52,53,55,51,52,52,62,0,0,64,0,0,False,,,0,,,,,,0,50,groundball_sp,
P4098,John,Doe,1993-05-07,78,240,Unknown,dark,red,beard,R,P,,1,RP,SP,,,,,50,,,,52,50,54,53,52,52,51,61,60,59,0,57,0,,,,,0,,,,42,50,53,50,45,45,48,58,58,52,0,53,0,False,,,0,,,,,,0,50,balanced_sp,
P5953,John,Doe,1999-01-31,73,232,Unknown,light,blonde,clean_shaven,R,C,,0,,,52,50,50,51,51,53,59,48,53,48,,,,,,,,,,,,59,63,65,60,51,0,0,48,67,63,,,,,,,,,,,,False,,,0,,,,,,0,50,,average
P9642,John,Doe,2001-09-25,71,179,Unknown,medium,black,clean_shaven,R,1B,,0,,,52,59,52,51,47,53,54,49,50,49,,,,,,,,,,,,61,64,66,66,47,0,0,49,56,56,,,,,,,,,,,,False,,,0,,,,,,0,50,,power
P4289,John,Doe,2000-09-18,77,163,Unknown,light,brown,beard,L,2B,,0,,,51,51,79,50,54,50,52,51,49,50,,,,,,,,,,,,66,60,85,65,54,0,0,51,62,58,,,,,,,,,,,,False,,,0,,,,,,0,50,,speed
P7312,John,Doe,1997-10-03,76,178,Unknown,medium,brown,clean_shaven,R,3B,,0,,,48,49,50,48,49,53,56,48,52,49,,,,,,,,,,,,51,52,54,46,49,0,0,48,51,46,,,,,,,,,,,,False,,,0,,,,,,0,50,,average
P7426,John,Doe,1991-08-18,68,168,Unknown,dark,brown,clean_shaven,R,SS,,0,,,50,48,52,49,52,49,59,49,50,51,,,,,,,,,,,,49,42,44,40,52,0,0,49,46,47,,,,,,,,,,,,False,,,0,,,,,,0,50,,average
P5727,John,Doe,1987-12-06,77,206,Unknown,dark,brown,clean_shaven,R,LF,,0,,,53,54,50,49,52,48,56,50,49,51,,,,,,,,,,,,49,51,46,42,52,0,0,50,39,51,,,,,,,,,,,,False,,,0,,,,,,0,50,,balanced
P2678,John,Doe,2001-10-05,72,194,Unknown,dark,black,clean_shaven,L,CF,,0,,,52,49,51,50,52,50,44,51,49,52,,,,,,,,,,,,66,55,57,59,52,0,0,51,64,59,,,,,,,,,,,,False,,,0,,,,,,0,50,,average
P3482,John,Doe,2000-06-11,69,185,Unknown,light,brown,clean_shaven,R,RF,,0,,,57,49,95,52,50,48,55,48,49,52,,,,,,,,,,,,64,61,99,64,50,0,0,48,58,65,,,,,,,,,,,,False,,,0,,,,,,0,50,,elite_speed
P9381,John,Doe,1996-09-25,72,242,Unknown,medium,black,clean_shaven,L,1B,,0,,,51,56,53,50,49,48,44,49,49,49,,,,,,,,,,,,50,52,55,52,49,0,0,49,45,49,,,,,,,,,,,,False,,,0,,,,,,0,50,,balanced
P2108,John,Doe,1993-02-27,71,175,Unknown,medium,black,mustache,L,3B,,0,,,53,50,51,52,49,50,51,51,50,50,,,,,,,,,,,,44,46,50,52,49,0,0,51,48,49,,,,,,,,,,,,False,,,0,,,,,,0,50,,balanced
P5437,John,Doe,1988-04-30,75,228,Unknown,dark,black,clean_shaven,L,RF,,0,,,51,58,48,50,50,50,47,50,50,49,,,,,,,,,,,,50,50,43,40,50,0,0,50,42,41,,,,,,,,,,,,False,,,0,,,,,,0,50,,power
P8168,John,Doe,1998-03-27,69,229,Unknown,dark,black,clean_shaven,L,1B,,0,,,58,55,53,52,49,49,49,52,49,50,,,,,,,,,,,,71,63,64,66,49,0,0,52,58,57,,,,,,,,,,,,False,,,0,,,,,,0,50,,gap
P2533,John,Doe,1996-08-19,68,178,Unknown,medium,brown,mustache,S,1B,,0,,,50,60,50,51,49,50,48,51,47,52,,,,,,,,,,,,51,62,48,55,49,0,0,51,52,48,,,,,,,,,,,,False,,,0,,,,,,0,50,,power
P4613,John,Doe,2002-03-25,73,244,Unknown,medium,black,clean_shaven,R,C,,0,,,54,50,50,51,51,49,59,51,51,49,,,,,,,,,,,,67,55,60,57,51,0,0,51,60,56,,,,,,,,,,,,False,,,0,,,,,,0,50,,balanced
P4530,John,Doe,1995-10-20,70,175,Unknown,light,blonde,beard,S,P,,1,RP,CL,,,,,55,,,,51,52,52,53,57,51,52,60,59,65,0,0,0,,,,,0,,,,48,56,55,53,50,53,54,56,54,69,0,0,0,False,,,0,,,,,,0,50,closer,
P9889,John,Doe,2001-04-01,75,220,Unknown,light,blonde,beard,S,P,,1,RP,SP,,,,,50,,,,53,51,50,50,53,48,51,0,62,58,0,0,0,,,,,0,,,,60,56,57,65,59,56,66,0,72,65,0,0,0,False,,,0,,,,,,0,50,balanced_sp,
P3380,John,Doe,1995-07-19,68,238,Unknown,dark,black,clean_shaven,L,P,,1,RP,SP,,,,,48,,,,48,49,51,53,52,49,48,62,62,0,0,0,0,,,,,0,,,,49,47,53,49,47,54,43,67,62,0,0,0,0,False,,,0,,,,,,0,50,finesse_sp,
P2495,John,Doe,1989-10-25,78,221,Unknown,light,blonde,mustache,L,P,,1,RP,RP,,,,,50,,,,49,52,52,50,52,53,51,0,62,64,0,0,0,,,,,0,,,,47,49,40,45,47,51,41,0,59,55,0,0,0,False,,,0,,,,,,0,50,power_rp,
P5635,John,Doe,1992-01-18,77,177,Unknown,medium,blonde,clean_shaven,L,P,,1,RP,RP,,,,,50,,,,49,52,49,50,54,49,52,0,63,66,61,0,0,,,,,0,,,,49,46,48,46,48,40,43,0,63,61,52,0,0,False,,,0,,,,,,0,50,power_rp,
P8822,John,Doe,1991-10-15,75,245,Unknown,light,brown,clean_shaven,R,P,,1,RP,RP,,,,,53,,,,51,53,51,53,54,50,52,61,0,0,0,0,0,,,,,0,,,,50,48,49,52,42,41,48,53,0,0,0,0,0,False,,,0,,,,,,0,50,finesse_rp,
P9558,John,Doe,1997-12-08,68,237,Unknown,dark,brown,clean_shaven,L,P,,1,RP,RP,,,,,53,,,,49,53,50,50,54,51,54,0,0,0,62,0,0,,,,,0,,,,52,48,48,58,48,52,50,0,0,0,62,0,0,False,,,0,,,,,,0,50,groundball_rp,
P1601,John,Doe,1997-10-08,76,176,Unknown,dark,brown,clean_shaven,R,LF,RF,0,,,51,49,49,51,52,50,59,48,53,50,,,,,,,,,,,,46,44,49,49,52,0,0,48,48,45,,,,,,,,,,,,False,,,0,,,,,,0,50,,balanced
P4998,John,Doe,1995-12-18,70,197,Unknown,medium,brown,mustache,L,2B,,0,,,53,62,48,49,47,50,51,49,48,51,,,,,,,,,,,,56,63,48,47,47,0,0,49,50,47,,,,,,,,,,,,False,,,0,,,,,,0,50,,power
P2876,John,Doe,1988-05-01,70,249,Unknown,medium,brown,beard,R,1B,,0,,,50,64,51,50,51,52,58,50,49,53,,,,,,,,,,,,41,56,46,50,51,0,0,50,49,48,,,,,,,,,,,,False,,,0,,,,,,0,50,,power
P7164,John,Doe,2001-12-12,71,240,Unknown,light,black,clean_shaven,R,C,,0,,,50,50,51,51,48,50,56,50,53,52,,,,,,,,,,,,64,60,59,63,48,0,0,50,60,66,,,,,,,,,,,,False,,,0,,,,,,0,50,,balanced
P9494,John,Doe,2001-01-19,73,217,Unknown,light,black,clean_shaven,R,SS,,0,,,47,59,52,48,48,52,55,51,51,50,,,,,,,,,,,,59,74,65,56,48,0,0,51,62,62,,,,,,,,,,,,False,,,0,,,,,,0,50,,power
P6456,John,Doe,1997-09-05,77,199,Unknown,light,red,clean_shaven,L,2B,,0,,,55,48,51,54,53,51,51,51,52,51,,,,,,,,,,,,54,45,51,58,53,0,0,51,51,51,,,,,,,,,,,,False,,,0,,,,,,0,50,,spray
P9640,John,Doe,1989-06-16,77,233,Unknown,medium,red,beard,R,3B,,0,,,51,49,49,50,50,49,59,51,48,49,,,,,,,,,,,,43,42,39,43,50,0,0,51,40,47,,,,,,,,,,,,False,,,0,,,,,,0,50,,average
P9033,John,Doe,1993-11-07,74,245,Unknown,dark,brown,mustache,L,LF,,0,,,53,61,49,52,47,52,49,51,48,49,,,,,,,,,,,,51,59,44,44,47,0,0,51,38,46,,,,,,,,,,,,False,,,0,,,,,,0,50,,power
P8382,John,Doe,2006-06-25,74,246,Unknown,light,brown,clean_shaven,L,P,,1,RP,CL,,,,,55,,,,49,52,49,53,58,50,52,0,58,65,0,0,0,,,,,0,,,,73,77,65,88,66,61,65,0,85,86,0,0,0,False,,,0,,,,,,0,50,closer,
P4920,John,Doe,2007-03-27,75,183,Unknown,medium,black,mustache,L,P,,1,RP,SP,,,,,48,,,,52,53,54,53,52,48,53,61,63,59,0,0,0,,,,,0,,,,80,70,68,82,70,68,83,75,91,82,0,0,0,False,,,0,,,,,,0,50,workhorse_sp,
P8240,John,Doe,2005-12-18,69,231,Unknown,medium,black,clean_shaven,L,P,,1,RP,SP,,,,,47,,,,49,54,52,50,52,50,51,0,60,60,0,0,0,,,,,0,,,,68,72,61,71,64,80,70,0,71,88,0,0,0,False,,,0,,,,,,0,50,power_sp,
P7121,John,Doe,2005-07-16,73,244,Unknown,medium,black,clean_shaven,S,P,,1,RP,RP,,,,,51,,,,47,49,53,52,53,50,51,58,61,0,0,58,0,,,,,0,,,,62,61,78,75,72,67,80,87,75,0,0,82,0,False,,,0,,,,,,0,50,finesse_rp,
P2250,John,Doe,2006-11-10,70,219,Unknown,dark,brown,clean_shaven,R,P,,1,RP,SP,,,,,52,,,,49,51,50,50,54,49,51,57,63,63,56,0,0,,,,,0,,,,72,78,74,72,61,67,61,78,81,90,83,0,0,False,,,0,,,,,,0,50,power_sp,
P2913,John,Doe,2006-10-26,71,193,Unknown,light,red,clean_shaven,R,CF,,0,,,50,59,52,49,51,53,58,52,50,51,,,,,,,,,,,,80,78,71,75,51,0,0,52,61,73,,,,,,,,,,,,False,,,0,,,,,,0,50,,power
P3377,John,Doe,2007-12-02,69,225,Unknown,dark,black,clean_shaven,L,1B,,0,,,50,52,78,49,51,48,45,51,50,51,,,,,,,,,,,,75,80,99,75,51,0,0,51,70,74,,,,,,,,,,,,False,,,0,,,,,,0,50,,speed
P4582,John,Doe,2008-01-16,75,195,Unknown,medium,brown,clean_shaven,R,1B,,0,,,52,54,52,50,51,50,55,52,51,52,,,,,,,,,,,,80,80,65,80,51,0,0,52,67,71,,,,,,,,,,,,False,,,0,,,,,,0,50,,balanced
P9797,John,Doe,2006-07-16,76,232,Unknown,medium,black,clean_shaven,R,LF,RF,0,,,54,49,52,50,49,51,59,52,51,50,,,,,,,,,,,,66,64,66,80,49,0,0,52,67,64,,,,,,,,,,,,False,,,0,,,,,,0,50,,average
P7230,John,Doe,2004-09-21,71,180,Unknown,medium,brown,clean_shaven,S,RF,,0,,,51,58,50,50,51,51,52,48,49,51,,,,,,,,,,,,76,83,70,75,51,0,0,48,67,62,,,,,,,,,,,,False,,,0,,,,,,0,50,,balanced
P8331,John,Doe,1990-07-08,75,191,Unknown,medium,black,goatee,R,P,,1,RP,CL,,,,,55,,,,51,52,48,51,54,50,53,60,62,65,0,0,0,,,,,0,,,,51,45,43,52,48,50,46,50,59,59,0,0,0,False,,,0,,,,,,0,50,closer,
P1910,John,Doe,1991-03-19,69,205,Unknown,light,blonde,beard,R,P,,1,RP,RP,,,,,52,,,,51,54,49,51,52,50,53,0,60,65,0,0,0,,,,,0,,,,47,50,45,50,40,40,45,0,51,63,0,0,0,False,,,0,,,,,,0,50,power_rp,
P4878,John,Doe,1987-08-19,69,249,Unknown,dark,black,mustache,R,P,,1,RP,SP,,,,,49,,,,49,50,51,50,52,50,55,0,63,58,0,0,0,,,,,0,,,,40,40,43,51,44,44,46,0,58,48,0,0,0,False,,,0,,,,,,0,50,power_sp,
P4673,John,Doe,2005-01-12,72,211,Unknown,medium,brown,clean_shaven,L,P,,1,RP,SP,,,,,51,,,,49,53,53,52,52,49,52,0,60,61,0,0,0,,,,,0,,,,59,80,63,81,70,72,62,0,79,74,0,0,0,False,,,0,,,,,,0,50,power_sp,
P3854,John,Doe,2000-02-08,71,236,Unknown,dark,brown,clean_shaven,S,P,,1,RP,RP,,,,,49,,,,49,50,52,51,54,49,51,0,0,63,0,0,0,,,,,0,,,,60,61,58,65,67,56,57,0,0,78,0,0,0,False,,,0,,,,,,0,50,power_rp,
P5739,John,Doe,1988-05-11,75,247,Unknown,dark,blonde,beard,R,P,,1,RP,SP,,,,,50,,,,51,50,51,52,52,50,52,61,59,61,56,0,0,,,,,0,,,,42,42,50,52,41,41,50,57,50,51,47,0,0,False,,,0,,,,,,0,50,power_sp,
P7039,John,Doe,1989-08-10,78,247,Unknown,dark,black,mustache,R,P,,1,RP,SP,,,,,52,,,,51,48,54,50,52,48,51,61,59,60,0,0,0,,,,,0,,,,45,41,44,44,52,41,50,51,52,59,0,0,0,False,,,0,,,,,,0,50,balanced_sp,
P6462,John,Doe,1996-04-24,71,244,Unknown,medium,red,beard,R,P,,1,RP,SP,,,,,61,,,,52,50,52,50,52,51,52,60,63,61,58,0,0,,,,,65,,,,51,52,49,56,50,52,50,58,64,58,59,0,0,False,,,0,,,,,,0,50,workhorse_sp,
P6011,John,Doe,2000-05-10,72,166,Unknown,medium,blonde,beard,R,P,,1,RP,SP,,,,,52,,,,50,52,52,53,52,49,51,0,59,60,0,0,0,,,,,0,,,,64,58,61,57,66,63,62,0,64,67,0,0,0,False,,,0,,,,,,0,50,power_sp,
P4808,John,Doe,1991-07-15,70,172,Unknown,light,brown,clean_shaven,R,P,,1,RP,RP,,,,,49,,,,49,51,52,51,52,49,52,0,63,64,0,0,0,,,,,0,,,,49,45,42,43,48,49,52,0,62,54,0,0,0,False,,,0,,,,,,0,50,power_rp,
P5310,John,Doe,1992-12-27,68,200,Unknown,light,brown,beard,R,P,,1,RP,RP,,,,,50,,,,49,51,50,50,52,53,50,0,0,66,0,0,0,,,,,0,,,,43,51,44,44,48,44,43,0,0,63,0,0,0,False,,,0,,,,,,0,50,power_rp,
P4672,John,Doe,1997-03-17,68,163,Unknown,dark,blonde,beard,S,C,,0,,,50,49,49,52,52,50,54,53,52,48,,,,,,,,,,,,46,53,46,50,52,0,0,53,52,48,,,,,,,,,,,,False,,,0,,,,,,0,50,,average
P6846,John,Doe,1996-08-08,70,246,Unknown,medium,black,clean_shaven,R,1B,,0,,,52,53,51,49,52,50,56,50,47,52,,,,,,,,,,,,50,51,48,44,52,0,0,50,51,49,,,,,,,,,,,,False,,,0,,,,,,0,50,,average
P8774,John,Doe,1994-04-29,72,173,Unknown,dark,blonde,clean_shaven,R,2B,,0,,,62,50,52,54,51,49,55,52,52,49,,,,,,,,,,,,60,46,57,50,51,0,0,52,54,51,,,,,,,,,,,,False,,,0,,,,,,0,50,,spray
P8197,John,Doe,2002-06-30,73,232,Unknown,light,blonde,clean_shaven,L,3B,,0,,,49,55,48,50,47,51,52,48,47,51,,,,,,,,,,,,62,69,59,56,47,0,0,48,61,58,,,,,,,,,,,,False,,,0,,,,,,0,50,,power
P3345,John,Doe,1988-03-25,75,241,Unknown,dark,black,beard,R,SS,,0,,,51,57,49,50,52,51,58,51,51,51,,,,,,,,,,,,45,49,46,40,52,0,0,51,41,44,,,,,,,,,,,,False,,,0,,,,,,0,50,,power
P2925,John,Doe,1990-03-25,73,232,Unknown,light,blonde,clean_shaven,R,LF,,0,,,52,52,52,50,50,53,60,49,50,53,,,,,,,,,,,,42,48,46,42,50,0,0,49,47,46,,,,,,,,,,,,False,,,0,,,,,,0,50,,average
P9742,John,Doe,2000-09-13,73,161,Unknown,medium,blonde,goatee,L,CF,,0,,,50,51,70,50,53,50,50,48,50,52,,,,,,,,,,,,60,60,85,59,53,0,0,48,61,67,,,,,,,,,,,,False,,,0,,,,,,0,50,,speed
P2155,John,Doe,1987-11-27,74,172,Unknown,light,brown,beard,L,RF,,0,,,53,53,51,49,52,49,44,49,52,48,,,,,,,,,,,,53,51,45,40,52,0,0,49,47,45,,,,,,,,,,,,False,,,0,,,,,,0,50,,average
P4439,John,Doe,1994-08-30,73,245,Unknown,dark,blonde,clean_shaven,R,2B,,0,,,57,49,53,54,53,50,56,52,49,52,,,,,,,,,,,,54,44,57,53,53,0,0,52,52,49,,,,,,,,,,,,False,,,0,,,,,,0,50,,spray
P7991,John,Doe,1998-03-20,75,167,Unknown,medium,brown,goatee,L,LF,,0,,,51,52,47,50,49,51,48,51,49,49,,,,,,,,,,,,64,65,52,58,49,0,0,51,63,58,,,,,,,,,,,,False,,,0,,,,,,0,50,,balanced
P3731,John,Doe,2003-11-19,74,247,Unknown,light,black,clean_shaven,R,C,,0,,,62,50,48,52,51,49,58,50,49,52,,,,,,,,,,,,72,55,63,66,51,0,0,50,60,57,,,,,,,,,,,,False,,,0,,,,,,0,50,,spray
P5263,John,Doe,1998-02-03,76,183,Unknown,light,brown,mustache,R,3B,,0,,,49,52,51,49,51,49,56,52,49,52,,,,,,,,,,,,50,50,51,54,51,0,0,52,45,53,,,,,,,,,,,,False,,,0,,,,,,0,50,,balanced
P6062,John,Doe,1995-09-28,77,204,Unknown,dark,brown,goatee,L,1B,,0,,,58,50,51,50,53,50,46,53,49,49,,,,,,,,,,,,61,53,55,54,53,0,0,53,54,53,,,,,,,,,,,,False,,,0,,,,,,0,50,,spray
P9124,John,Doe,1997-05-06,72,163,Unknown,light,blonde,clean_shaven,R,C,,0,,,60,52,54,54,51,52,58,52,52,48,,,,,,,,,,,,61,49,53,55,51,0,0,52,57,51,,,,,,,,,,,,False,,,0,,,,,,0,50,,spray
P8786,John,Doe,1991-10-05,77,164,Unknown,light,brown,clean_shaven,R,P,,1,RP,CL,,,,,55,,,,49,54,47,52,52,51,54,57,60,65,0,0,0,,,,,0,,,,40,50,47,44,41,43,50,47,51,60,0,0,0,False,,,0,,,,,,0,50,closer,
P8303,John,Doe,1998-12-19,69,194,Unknown,light,blonde,beard,S,P,,1,RP,SP,,,,,51,,,,51,49,50,51,52,51,51,58,59,59,0,53,0,,,,,0,,,,64,54,66,62,64,65,56,72,67,69,0,61,0,False,,,0,,,,,,0,50,workhorse_sp,
P6539,John,Doe,1998-04-23,78,211,Unknown,light,brown,beard,L,P,,1,RP,SP,,,,,50,,,,49,50,54,50,52,50,50,62,63,60,0,0,0,,,,,0,,,,58,57,55,58,62,62,59,76,69,75,0,0,0,False,,,0,,,,,,0,50,finesse_sp,
P3352,John,Doe,2000-01-07,77,211,Unknown,dark,blonde,beard,L,P,,1,RP,SP,,,,,50,,,,51,54,52,51,52,49,50,0,63,59,58,55,0,,,,,0,,,,66,59,64,61,67,57,60,0,76,68,73,70,0,False,,,0,,,,,,0,50,power_sp,
P6856,John,Doe,1994-12-21,71,240,Unknown,dark,brown,clean_shaven,R,P,,1,RP,SP,,,,,50,,,,51,50,53,53,52,50,51,0,61,61,0,0,0,,,,,0,,,,47,54,56,56,48,50,47,0,65,58,0,0,0,False,,,0,,,,,,0,50,workhorse_sp,
P1739,John,Doe,1995-04-30,69,206,Unknown,dark,black,clean_shaven,R,P,,1,RP,RP,,,,,52,,,,53,51,51,52,54,51,50,0,62,0,0,0,0,,,,,0,,,,54,49,48,59,54,47,52,0,64,0,0,0,0,False,,,0,,,,,,0,50,finesse_rp,
P9626,John,Doe,1992-07-16,72,226,Unknown,medium,black,clean_shaven,R,P,,1,RP,SP,,,,,49,,,,51,52,51,50,52,51,51,58,63,58,57,0,0,,,,,0,,,,44,52,50,47,50,47,41,54,56,48,48,0,0,False,,,0,,,,,,0,50,workhorse_sp,
P8205,John,Doe,1987-05-27,78,190,Unknown,medium,black,clean_shaven,R,3B,,0,,,49,52,50,51,52,53,59,50,50,52,,,,,,,,,,,,47,49,41,51,52,0,0,50,43,50,,,,,,,,,,,,False,,,0,,,,,,0,50,,balanced
P6414,John,Doe,1990-01-12,72,212,Unknown,dark,brown,beard,S,CF,,0,,,62,50,52,52,49,49,49,50,51,49,,,,,,,,,,,,52,50,43,51,49,0,0,50,49,46,,,,,,,,,,,,False,,,0,,,,,,0,50,,spray
P7872,John,Doe,1987-05-02,73,238,Unknown,light,red,clean_shaven,R,3B,,0,,,52,59,48,51,48,51,56,51,50,52,,,,,,,,,,,,48,52,39,47,48,0,0,51,46,47,,,,,,,,,,,,False,,,0,,,,,,0,50,,power
P9099,John,Doe,1989-09-28,76,243,Unknown,dark,black,clean_shaven,R,3B,,0,,,49,58,51,49,49,51,59,51,52,51,,,,,,,,,,,,47,56,50,46,49,0,0,51,43,43,,,,,,,,,,,,False,,,0,,,,,,0,50,,power
P6410,John,Doe,2000-07-26,78,188,Unknown,dark,blonde,clean_shaven,R,3B,,0,,,51,52,53,52,49,51,56,50,48,51,,,,,,,,,,,,66,59,64,65,49,0,0,50,62,60,,,,,,,,,,,,False,,,0,,,,,,0,50,,balanced
P5561,John,Doe,1996-01-11,76,247,Unknown,dark,brown,mustache,R,CF,,0,,,56,47,52,55,50,51,51,49,49,53,,,,,,,,,,,,54,42,47,54,50,0,0,49,49,57,,,,,,,,,,,,False,,,0,,,,,,0,50,,spray
P9915,John,Doe,1991-06-06,74,185,Unknown,light,black,clean_shaven,R,2B,,0,,,50,49,70,51,53,50,56,49,49,50,,,,,,,,,,,,43,42,70,41,53,0,0,49,41,44,,,,,,,,,,,,False,,,0,,,,,,0,50,,speed
P4979,John,Doe,1990-12-20,78,212,Unknown,medium,brown,clean_shaven,L,LF,,0,,,52,56,48,51,48,52,51,48,51,50,,,,,,,,,,,,44,54,41,50,48,0,0,48,49,41,,,,,,,,,,,,False,,,0,,,,,,0,50,,balanced
P5362,John,Doe,2006-06-27,76,194,Unknown,medium,red,clean_shaven,L,P,,1,RP,CL,,,,,55,,,,49,50,51,50,54,50,51,58,58,65,0,0,0,,,,,0,,,,59,76,68,83,63,68,73,69,88,85,0,0,0,False,,,0,,,,,,0,50,closer,
P6721,John,Doe,2005-12-02,72,214,Unknown,light,brown,goatee,R,P,,1,RP,SP,,,,,50,,,,53,51,50,51,52,51,53,0,0,60,60,0,0,,,,,0,,,,76,73,73,73,79,68,80,0,0,87,76,0,0,False,,,0,,,,,,0,50,groundball_sp,
P6500,John,Doe,2004-08-05,71,197,Unknown,medium,red,clean_shaven,R,P,,1,RP,CL,,,,,51,,,,49,51,50,52,53,51,52,59,0,66,0,0,0,,,,,0,,,,73,74,64,83,69,76,68,73,0,78,0,0,0,False,,,0,,,,,,0,50,closer,
P4381,John,Doe,2006-12-20,77,240,Unknown,medium,red,clean_shaven,R,P,,1,RP,SP,,,,,52,,,,51,50,51,53,52,52,49,61,62,59,58,0,0,,,,,0,,,,75,70,74,71,77,67,73,81,92,85,74,0,0,False,,,0,,,,,,0,50,workhorse_sp,
P7622,John,Doe,2007-05-23,72,231,Unknown,light,brown,clean_shaven,L,P,,1,RP,SP,,,,,51,,,,52,50,51,50,52,49,52,61,62,59,0,0,0,,,,,0,,,,76,67,62,63,70,76,80,73,91,83,0,0,0,False,,,0,,,,,,0,50,workhorse_sp,
P4271,John,Doe,2005-06-12,69,190,Unknown,light,black,mustache,R,C,,0,,,51,52,51,51,50,51,59,53,53,50,,,,,,,,,,,,62,71,75,65,50,0,0,53,75,70,,,,,,,,,,,,False,,,0,,,,,,0,50,,average
P5513,John,Doe,2004-05-28,69,160,Unknown,light,black,clean_shaven,R,SS,,0,,,50,49,78,49,50,49,55,51,49,51,,,,,,,,,,,,80,68,99,64,50,0,0,51,77,65,,,,,,,,,,,,False,,,0,,,,,,0,50,,speed
P7250,John,Doe,2007-04-09,71,239,Unknown,medium,blonde,clean_shaven,L,1B,,0,,,51,63,49,50,48,50,48,51,49,51,,,,,,,,,,,,74,79,77,73,48,0,0,51,65,74,,,,,,,,,,,,False,,,0,,,,,,0,50,,power
P9365,John,Doe,2004-12-16,77,176,Unknown,dark,black,clean_shaven,R,SS,,0,,,53,49,53,49,51,52,58,51,49,48,,,,,,,,,,,,67,72,78,67,51,0,0,51,75,63,,,,,,,,,,,,False,,,0,,,,,,0,50,,balanced
P6852,John,Doe,2006-09-13,69,164,Unknown,medium,black,clean_shaven,R,C,,0,,,52,53,47,51,49,52,55,53,50,48,,,,,,,,,,,,70,71,61,69,49,0,0,53,73,67,,,,,,,,,,,,False,,,0,,,,,,0,50,,balanced
P8193,John,Doe,1989-08-15,75,221,Unknown,dark,brown,clean_shaven,L,P,,1,RP,CL,,,,,55,,,,52,54,47,50,52,50,56,57,0,67,0,0,0,,,,,0,,,,50,49,50,52,47,42,50,50,0,58,0,0,0,False,,,0,,,,,,0,50,closer,
P1231,John,Doe,1993-10-05,72,207,Unknown,light,brown,clean_shaven,R,P,,1,RP,RP,,,,,49,,,,49,53,48,50,52,51,50,60,0,0,0,0,0,,,,,0,,,,40,53,49,47,38,50,46,53,0,0,0,0,0,False,,,0,,,,,,0,50,finesse_rp,
P6108,John,Doe,1993-03-10,69,250,Unknown,medium,brown,clean_shaven,R,P,,1,RP,RP,,,,,54,,,,50,51,49,51,54,52,51,56,61,0,63,0,0,,,,,0,,,,40,46,43,54,47,46,47,48,61,0,53,0,0,False,,,0,,,,,,0,50,groundball_rp,
P4596,John,Doe,1995-02-14,69,191,Unknown,dark,brown,beard,R,P,,1,RP,SP,,,,,49,,,,51,51,53,50,52,52,54,0,63,62,54,53,0,,,,,0,,,,54,48,55,47,54,55,58,0,61,58,53,54,0,False,,,0,,,,,,0,50,power_sp,
P1814,John,Doe,1994-09-06,70,199,Unknown,medium,black,clean_shaven,S,P,,1,RP,RP,,,,,52,,,,49,50,48,50,53,49,53,0,60,63,0,0,0,,,,,0,,,,49,47,52,48,49,48,55,0,60,60,0,0,0,False,,,0,,,,,,0,50,power_rp,
P2511,John,Doe,2000-10-07,77,248,Unknown,dark,black,beard,L,P,,1,RP,RP,,,,,55,,,,49,51,50,50,52,52,50,0,0,0,63,0,0,,,,,0,,,,58,64,64,61,58,65,64,0,0,0,70,0,0,False,,,0,,,,,,0,50,groundball_rp,
P8717,John,Doe,1988-09-29,74,174,Unknown,dark,brown,goatee,L,P,,1,RP,RP,,,,,50,,,,48,51,51,52,52,52,55,0,63,0,0,0,0,,,,,0,,,,39,50,49,47,48,47,45,0,63,0,0,0,0,False,,,0,,,,,,0,50,power_rp,
P4757,John,Doe,1994-09-26,68,179,Unknown,light,blonde,beard,S,P,,1,RP,SP,,,,,52,,,,52,53,53,52,52,49,53,60,60,61,0,0,0,,,,,0,,,,49,51,51,47,49,44,54,61,60,61,0,0,0,False,,,0,,,,,,0,50,balanced_sp,
P3334,John,Doe,2001-11-16,78,207,Unknown,light,blonde,clean_shaven,R,P,,1,RP,SP,,,,,48,,,,51,53,53,52,54,47,52,0,62,59,55,58,0,,,,,0,,,,65,61,63,68,58,54,57,0,75,71,70,70,0,False,,,0,,,,,,0,50,power_sp,
P7472,John,Doe,1995-05-15,77,246,Unknown,dark,blonde,clean_shaven,R,P,,1,RP,SP,,,,,50,,,,49,53,50,52,52,50,51,62,61,61,0,54,0,,,,,0,,,,45,54,51,51,48,50,51,60,62,56,0,56,0,False,,,0,,,,,,0,50,workhorse_sp,
P4037,John,Doe,2002-11-08,70,196,Unknown,light,black,goatee,L,P,,1,RP,SP,,,,,50,,,,50,52,53,50,54,52,53,62,60,62,58,0,0,,,,,0,,,,63,58,63,63,63,64,68,76,73,74,67,0,0,False,,,0,,,,,,0,50,workhorse_sp,
P7908,John,Doe,1994-07-09,78,224,Unknown,light,black,clean_shaven,R,C,,0,,,49,49,49,51,50,50,59,53,51,52,,,,,,,,,,,,46,45,44,56,50,0,0,53,56,51,,,,,,,,,,,,False,,,0,,,,,,0,50,,average
P8138,John,Doe,1988-08-11,69,228,Unknown,dark,red,beard,R,1B,P,0,,,50,57,52,52,51,49,55,0,48,51,,,,,,,,,,,,42,50,44,45,51,0,0,0,39,43,,,,,,,,,,,,False,,,0,,,,,,0,50,,balanced
P8708,John,Doe,1987-09-23,72,203,Unknown,medium,blonde,goatee,R,2B,,0,,,50,53,49,52,48,52,57,49,50,49,,,,,,,,,,,,41,48,39,43,48,0,0,49,48,45,,,,,,,,,,,,False,,,0,,,,,,0,50,,balanced
P5036,John,Doe,1997-01-03,68,197,Unknown,dark,red,clean_shaven,R,3B,,0,,,60,49,52,52,52,47,59,51,51,48,,,,,,,,,,,,64,51,51,57,52,0,0,51,47,49,,,,,,,,,,,,False,,,0,,,,,,0,50,,spray
P3884,John,Doe,1996-11-14,76,197,Unknown,dark,brown,beard,R,SS,,0,,,50,60,50,51,51,51,57,51,53,48,,,,,,,,,,,,48,58,53,56,51,0,0,51,57,46,,,,,,,,,,,,False,,,0,,,,,,0,50,,power
P3763,John,Doe,2001-10-09,78,179,Unknown,dark,black,mustache,L,LF,,0,,,58,51,53,52,50,48,48,49,53,48,,,,,,,,,,,,71,58,58,61,50,0,0,49,67,63,,,,,,,,,,,,False,,,0,,,,,,0,50,,spray
P7618,John,Doe,1991-10-11,75,223,Unknown,light,red,beard,R,CF,,0,,,51,49,70,52,49,49,52,52,50,50,,,,,,,,,,,,48,46,66,49,49,0,0,52,42,50,,,,,,,,,,,,False,,,0,,,,,,0,50,,speed
P3432,John,Doe,1993-03-03,72,240,Unknown,dark,brown,clean_shaven,L,RF,,0,,,53,54,52,52,48,52,50,50,49,48,,,,,,,,,,,,49,48,49,46,48,0,0,50,41,40,,,,,,,,,,,,False,,,0,,,,,,0,50,,balanced
P9473,John,Doe,1996-02-22,70,225,Unknown,medium,brown,beard,S,1B,,0,,,50,61,48,49,48,50,47,50,49,51,,,,,,,,,,,,51,65,52,49,48,0,0,50,52,52,,,,,,,,,,,,False,,,0,,,,,,0,50,,power
P7006,John,Doe,1990-01-03,77,176,Unknown,medium,brown,clean_shaven,L,CF,,0,,,50,51,49,49,49,49,50,51,52,48,,,,,,,,,,,,48,50,47,47,49,0,0,51,47,41,,,,,,,,,,,,False,,,0,,,,,,0,50,,balanced
P7022,John,Doe,1995-09-04,74,166,Unknown,light,blonde,goatee,R,C,,0,,,51,48,74,52,54,50,56,48,52,50,,,,,,,,,,,,46,49,69,54,54,0,0,48,57,47,,,,,,,,,,,,False,,,0,,,,,,0,50,,speed
P7096,John,Doe,1987-06-25,68,238,Unknown,dark,black,clean_shaven,R,CF,,0,,,58,51,51,52,49,48,56,51,50,50,,,,,,,,,,,,50,43,43,51,49,0,0,51,41,47,,,,,,,,,,,,False,,,0,,,,,,0,50,,spray
P3812,John,Doe,1999-08-28,78,245,Unknown,light,black,clean_shaven,L,1B,,0,,,51,58,54,52,50,49,45,50,51,48,,,,,,,,,,,,59,70,61,65,50,0,0,50,65,63,,,,,,,,,,,,False,,,0,,,,,,0,50,,gap
P6202,John,Doe,2001-12-01,77,176,Unknown,dark,brown,mustache,L,RF,,0,,,51,60,47,49,49,53,48,48,49,49,,,,,,,,,,,,64,68,53,63,49,0,0,48,54,55,,,,,,,,,,,,False,,,0,,,,,,0,50,,power
P6673,John,Doe,1990-07-06,68,220,Unknown,dark,black,clean_shaven,S,P,,1,RP,CL,,,,,55,,,,52,53,50,51,52,53,55,0,0,65,0,0,0,,,,,0,,,,42,50,41,49,46,51,53,0,0,65,0,0,0,False,,,0,,,,,,0,50,closer,
P5754,John,Doe,1988-01-12,71,222,Unknown,light,brown,mustache,L,P,,1,RP,SP,,,,,53,,,,49,49,51,50,53,52,52,0,0,60,61,0,0,,,,,0,,,,48,46,44,53,44,51,44,0,0,51,60,0,0,False,,,0,,,,,,0,50,groundball_sp,
P2391,John,Doe,1988-05-01,70,193,Unknown,medium,black,beard,L,P,,1,RP,SP,,,,,52,,,,48,53,52,50,52,53,53,0,61,58,0,0,0,,,,,0,,,,45,52,44,51,49,45,51,0,51,52,0,0,0,False,,,0,,,,,,0,50,power_sp,
P5448,John,Doe,2004-11-15,75,184,Unknown,medium,black,clean_shaven,R,P,,1,RP,RP,,,,,51,,,,50,52,51,53,52,51,49,58,0,0,0,0,0,,,,,0,,,,76,82,65,64,67,71,59,70,0,0,0,0,0,False,,,0,,,,,,0,50,finesse_rp,
P6097,John,Doe,1987-11-29,69,181,Unknown,dark,brown,goatee,S,P,,1,RP,RP,,,,,52,,,,51,51,49,52,53,50,54,0,59,63,0,0,0,,,,,0,,,,46,42,49,47,47,46,47,0,49,60,0,0,0,False,,,0,,,,,,0,50,power_rp,
P7596,John,Doe,1987-09-06,71,180,Unknown,light,brown,clean_shaven,R,P,,1,RP,RP,,,,,49,,,,49,49,52,50,52,49,51,56,62,0,0,0,0,,,,,0,,,,41,46,44,51,45,44,49,55,57,0,0,0,0,False,,,0,,,,,,0,50,finesse_rp,
P9007,John,Doe,1990-09-23,69,242,Unknown,medium,black,goatee,R,P,,1,RP,SP,,,,,49,,,,50,51,51,53,52,50,53,0,62,62,0,0,0,,,,,0,,,,47,42,52,43,51,42,45,0,61,59,0,0,0,False,,,0,,,,,,0,50,balanced_sp,
P3292,John,Doe,1992-07-23,68,160,Unknown,light,brown,clean_shaven,S,C,,0,,,59,51,51,53,52,50,53,53,53,51,,,,,,,,,,,,53,47,41,50,52,0,0,53,49,48,,,,,,,,,,,,False,,,0,,,,,,0,50,,spray
P1318,John,Doe,1987-09-17,70,201,Unknown,light,black,clean_shaven,R,SS,,0,,,51,49,86,50,50,49,58,52,49,48,,,,,,,,,,,,49,40,83,45,50,0,0,52,48,45,,,,,,,,,,,,False,,,0,,,,,,0,50,,speed
P5006,John,Doe,2001-02-23,69,175,Unknown,dark,brown,mustache,R,SS,,0,,,54,53,50,51,49,51,58,53,51,50,,,,,,,,,,,,60,64,59,62,49,0,0,53,65,59,,,,,,,,,,,,False,,,0,,,,,,0,50,,balanced
P4802,John,Doe,1992-12-19,78,229,Unknown,light,blonde,mustache,R,3B,,0,,,53,49,85,50,52,52,57,50,50,52,,,,,,,,,,,,45,39,79,50,52,0,0,50,41,52,,,,,,,,,,,,False,,,0,,,,,,0,50,,elite_speed
P6707,John,Doe,2000-01-29,68,161,Unknown,dark,black,goatee,R,3B,,0,,,52,61,48,50,46,49,58,50,51,52,,,,,,,,,,,,64,67,63,63,46,0,0,50,60,61,,,,,,,,,,,,False,,,0,,,,,,0,50,,power
P1857,John,Doe,2000-01-21,68,223,Unknown,dark,brown,clean_shaven,S,3B,,0,,,49,53,53,51,48,53,54,52,50,52,,,,,,,,,,,,62,59,64,61,48,0,0,52,63,59,,,,,,,,,,,,False,,,0,,,,,,0,50,,balanced
P5821,John,Doe,1988-06-05,71,179,Unknown,dark,brown,mustache,R,2B,,0,,,51,48,51,52,48,48,57,51,52,53,,,,,,,,,,,,47,44,50,42,48,0,0,51,44,44,,,,,,,,,,,,False,,,0,,,,,,0,50,,balanced
P1034,John,Doe,1995-11-24,76,175,Unknown,medium,black,clean_shaven,R,2B,,0,,,50,50,49,52,51,49,58,51,50,49,,,,,,,,,,,,47,45,44,50,51,0,0,51,47,49,,,,,,,,,,,,False,,,0,,,,,,0,50,,balanced
P2295,John,Doe,2007-08-29,76,187,Unknown,dark,black,clean_shaven,L,P,,1,RP,CL,,,,,55,,,,48,53,52,50,54,53,54,0,59,66,0,0,0,,,,,0,,,,69,76,80,68,79,76,82,0,69,81,0,0,0,False,,,0,,,,,,0,50,closer,
P3646,John,Doe,2007-02-08,71,227,Unknown,medium,brown,clean_shaven,L,P,,1,RP,SP,,,,,52,,,,51,52,50,53,52,51,52,61,0,58,61,0,0,,,,,0,,,,64,70,77,63,76,66,73,80,0,80,78,0,0,False,,,0,,,,,,0,50,groundball_sp,
P8798,John,Doe,2004-10-21,73,193,Unknown,medium,blonde,goatee,L,P,,1,RP,RP,,,,,53,,,,52,53,49,50,52,50,53,0,0,65,61,0,0,,,,,0,,,,76,63,80,81,72,72,73,0,0,90,79,0,0,False,,,0,,,,,,0,50,groundball_rp,
P6466,John,Doe,2006-10-07,75,221,Unknown,medium,black,clean_shaven,S,P,,1,RP,RP,,,,,53,,,,51,49,50,50,53,50,50,0,0,63,60,0,0,,,,,0,,,,69,64,77,76,61,69,67,0,0,87,76,0,0,False,,,0,,,,,,0,50,groundball_rp,
P1745,John,Doe,2004-03-12,72,225,Unknown,medium,black,clean_shaven,L,P,,1,RP,SP,,,,,48,,,,52,48,51,53,52,51,53,62,58,61,0,0,0,,,,,0,,,,77,70,64,66,77,77,70,82,71,90,0,0,0,False,,,0,,,,,,0,50,balanced_sp,
P2138,John,Doe,2007-12-04,73,217,Unknown,medium,black,clean_shaven,R,3B,,0,,,49,52,50,50,48,49,57,52,50,51,,,,,,,,,,,,70,68,71,66,48,0,0,52,76,71,,,,,,,,,,,,False,,,0,,,,,,0,50,,average
P6632,John,Doe,2006-05-26,72,228,Unknown,dark,brown,clean_shaven,L,RF,,0,,,50,59,51,51,49,50,46,51,48,50,,,,,,,,,,,,79,85,64,71,49,0,0,51,64,73,,,,,,,,,,,,False,,,0,,,,,,0,50,,balanced
P6585,John,Doe,2006-08-26,73,200,Unknown,dark,brown,beard,R,3B,,0,,,48,58,51,50,49,53,56,48,47,52,,,,,,,,,,,,60,82,81,77,49,0,0,48,66,62,,,,,,,,,,,,False,,,0,,,,,,0,50,,power
P2734,John,Doe,2007-05-21,74,169,Unknown,dark,brown,clean_shaven,L,1B,,0,,,50,54,48,51,51,52,48,50,50,53,,,,,,,,,,,,75,79,71,64,51,0,0,50,75,74,,,,,,,,,,,,False,,,0,,,,,,0,50,,average
P6314,John,Doe,2005-10-16,76,241,Unknown,dark,black,goatee,R,1B,,0,,,48,55,53,48,52,53,54,49,48,52,,,,,,,,,,,,59,67,63,67,52,0,0,49,75,67,,,,,,,,,,,,False,,,0,,,,,,0,50,,average
P2094,John,Doe,1995-11-20,69,207,Unknown,light,brown,mustache,L,P,,1,RP,CL,,,,,55,,,,52,54,50,50,52,49,54,0,60,65,0,0,0,,,,,0,,,,48,52,52,52,51,48,57,0,55,70,0,0,0,False,,,0,,,,,,0,50,closer,
P4307,John,Doe,1992-02-24,75,230,Unknown,light,black,clean_shaven,R,P,,1,RP,SP,,,,,49,,,,51,50,50,54,52,49,51,63,61,0,0,55,0,,,,,0,,,,43,43,48,47,50,42,48,58,60,0,0,48,0,False,,,0,,,,,,0,50,finesse_sp,
P3501,John,Doe,2001-11-05,78,239,Unknown,dark,black,clean_shaven,L,P,,1,RP,SP,,,,,50,,,,48,49,52,51,52,48,51,60,59,60,56,0,0,,,,,0,,,,59,63,65,62,62,55,62,75,74,75,63,0,0,False,,,0,,,,,,0,50,balanced_sp,
P9301,John,Doe,2001-04-21,68,195,Unknown,medium,black,clean_shaven,R,P,,1,RP,RP,,,,,57,,,,50,50,48,50,54,51,52,58,60,0,64,0,0,,,,,0,,,,56,61,62,61,59,58,65,66,69,0,75,0,0,False,,,0,,,,,,0,50,groundball_rp,
P7965,John,Doe,1998-11-15,76,177,Unknown,medium,brown,clean_shaven,R,P,,1,RP,SP,,,,,49,,,,50,51,53,50,54,51,53,59,62,0,0,55,0,,,,,0,,,,56,61,65,69,63,64,64,65,71,0,0,70,0,False,,,0,,,,,,0,50,finesse_sp,
P4778,John,Doe,2002-03-12,74,243,Unknown,dark,brown,clean_shaven,L,P,,1,RP,SP,,,,,48,,,,51,50,51,53,52,48,53,0,60,59,0,0,0,,,,,0,,,,58,55,58,58,58,58,63,0,66,74,0,0,0,False,,,0,,,,,,0,50,power_sp,
P8768,John,Doe,1999-10-27,78,175,Unknown,medium,brown,mustache,L,P,,1,RP,SP,,,,,48,,,,48,48,50,51,53,52,51,61,61,59,0,56,0,,,,,0,,,,53,59,64,59,61,57,58,69,67,72,0,61,0,False,,,0,,,,,,0,50,finesse_sp,
P2735,John,Doe,1995-07-07,78,204,Unknown,dark,black,clean_shaven,S,P,,1,RP,RP,,,,,50,,,,48,51,48,50,52,49,54,0,61,0,0,0,0,,,,,0,,,,53,48,49,52,45,45,58,0,57,0,0,0,0,False,,,0,,,,,,0,50,power_rp,
P8233,John,Doe,2000-09-02,76,172,Unknown,medium,brown,clean_shaven,R,P,,1,RP,SP,,,,,53,,,,53,49,50,51,52,52,51,61,58,62,0,0,0,,,,,0,,,,68,60,63,61,61,66,63,73,66,69,0,0,0,False,,,0,,,,,,0,50,workhorse_sp,
P2950,John,Doe,1995-11-22,75,195,Unknown,light,black,clean_shaven,L,P,,1,RP,RP,,,,,54,,,,51,51,49,52,54,49,51,0,0,64,63,0,0,,,,,0,,,,48,48,47,52,53,47,51,0,0,66,65,0,0,False,,,0,,,,,,0,50,groundball_rp,
P5486,John,Doe,1987-03-10,68,227,Unknown,dark,brown,mustache,R,P,,1,RP,SP,,,,,52,,,,48,50,52,53,53,50,50,0,60,62,0,0,0,,,,,0,,,,48,44,48,50,51,43,48,0,53,58,0,0,0,False,,,0,,,,,,0,50,power_sp,
P1982,John,Doe,2005-01-07,73,173,Unknown,light,black,clean_shaven,R,C,,0,,,50,51,70,52,50,49,55,52,53,50,,,,,,,,,,,,61,61,99,74,50,0,0,52,72,68,,,,,,,,,,,,False,,,0,,,,,,0,50,,speed
P1817,John,Doe,1991-06-10,78,195,Unknown,dark,black,clean_shaven,L,1B,,0,,,51,56,52,51,48,52,46,50,52,49,,,,,,,,,,,,51,51,45,49,48,0,0,50,52,46,,,,,,,,,,,,False,,,0,,,,,,0,50,,gap
P1118,John,Doe,1997-02-11,68,204,Unknown,medium,brown,clean_shaven,R,2B,,0,,,55,50,49,54,48,48,56,50,50,51,,,,,,,,,,,,55,53,49,57,48,0,0,50,49,49,,,,,,,,,,,,False,,,0,,,,,,0,50,,balanced
P4006,John,Doe,1998-08-22,73,172,Unknown,medium,brown,beard,R,3B,,0,,,49,57,49,51,47,52,57,49,52,49,,,,,,,,,,,,56,71,56,60,47,0,0,49,62,55,,,,,,,,,,,,False,,,0,,,,,,0,50,,power
P3138,John,Doe,1993-02-25,68,240,Unknown,light,black,clean_shaven,R,SS,,0,,,60,48,52,50,50,51,58,50,52,50,,,,,,,,,,,,54,45,52,41,50,0,0,50,47,41,,,,,,,,,,,,False,,,0,,,,,,0,50,,spray
P1859,John,Doe,1988-05-11,75,212,Unknown,light,black,beard,R,LF,,0,,,65,50,52,51,52,47,59,49,48,49,,,,,,,,,,,,62,43,42,43,52,0,0,49,46,46,,,,,,,,,,,,False,,,0,,,,,,0,50,,spray
P4958,John,Doe,1992-08-11,74,191,Unknown,light,red,beard,R,CF,,0,,,48,48,48,50,49,53,54,50,50,49,,,,,,,,,,,,45,48,48,45,49,0,0,50,40,39,,,,,,,,,,,,False,,,0,,,,,,0,50,,average
P2469,John,Doe,2004-08-01,72,172,Unknown,light,black,clean_shaven,L,RF,,0,,,52,61,49,51,52,54,49,49,47,49,,,,,,,,,,,,79,84,59,74,52,0,0,49,72,62,,,,,,,,,,,,False,,,0,,,,,,0,50,,power
P4233,John,Doe,1995-10-17,70,217,Unknown,dark,blonde,beard,L,RF,,0,,,62,64,49,52,47,51,46,50,50,51,,,,,,,,,,,,67,69,50,49,47,0,0,50,53,53,,,,,,,,,,,,False,,,0,,,,,,0,50,,gap
P5720,John,Doe,1988-11-05,72,245,Unknown,dark,brown,mustache,R,RF,,0,,,50,50,51,51,53,51,57,51,52,48,,,,,,,,,,,,44,45,45,47,53,0,0,51,48,41,,,,,,,,,,,,False,,,0,,,,,,0,50,,balanced
P5294,John,Doe,1988-07-18,78,204,Unknown,light,black,beard,R,CF,,0,,,54,48,54,50,50,50,58,49,49,50,,,,,,,,,,,,45,47,52,42,50,0,0,49,46,50,,,,,,,,,,,,False,,,0,,,,,,0,50,,spray
P4685,John,Doe,1988-10-15,72,192,Unknown,dark,brown,clean_shaven,R,C,,0,,,51,49,49,51,50,51,55,52,51,49,,,,,,,,,,,,46,47,49,46,50,0,0,52,50,49,,,,,,,,,,,,False,,,0,,,,,,0,50,,average
P7279,John,Doe,1993-05-01,70,191,Unknown,medium,black,clean_shaven,S,1B,,0,,,50,62,47,49,51,50,51,50,48,52,,,,,,,,,,,,50,54,43,49,51,0,0,50,47,46,,,,,,,,,,,,False,,,0,,,,,,0,50,,power
P2670,John,Doe,2005-02-07,70,242,Unknown,medium,black,clean_shaven,L,2B,,0,,,51,49,49,53,48,53,46,48,51,50,,,,,,,,,,,,62,68,60,72,48,0,0,48,72,79,,,,,,,,,,,,False,,,0,,,,,,0,50,,balanced
P4025,John,Doe,1989-02-03,76,227,Unknown,medium,brown,beard,L,P,,1,RP,CL,,,,,55,,,,51,50,48,50,52,52,53,0,0,65,0,0,0,,,,,0,,,,48,43,49,51,46,50,46,0,0,56,0,0,0,False,,,0,,,,,,0,50,closer,
P7934,John,Doe,1994-02-20,78,179,Unknown,dark,brown,clean_shaven,R,P,,1,RP,RP,,,,,54,,,,52,50,50,50,53,48,49,57,61,0,63,0,0,,,,,0,,,,47,44,40,47,48,41,49,51,56,0,60,0,0,False,,,0,,,,,,0,50,groundball_rp,
P7759,John,Doe,1998-06-02,78,202,Unknown,dark,blonde,clean_shaven,R,P,,1,RP,SP,,,,,52,,,,51,50,52,50,52,48,54,0,63,60,0,53,0,,,,,0,,,,63,65,62,64,67,61,69,0,72,75,0,63,0,False,,,0,,,,,,0,50,power_sp,
P7175,John,Doe,2003-07-02,71,196,Unknown,dark,brown,clean_shaven,R,P,,1,RP,SP,,,,,49,,,,48,52,54,53,54,51,50,59,60,0,0,0,0,,,,,0,,,,57,62,62,59,62,66,55,70,75,0,0,0,0,False,,,0,,,,,,0,50,finesse_sp,
P2963,John,Doe,2001-07-24,68,231,Unknown,light,brown,clean_shaven,R,P,,1,RP,SP,,,,,48,,,,51,53,53,50,54,51,53,62,59,62,0,0,0,,,,,0,,,,64,63,56,65,59,64,68,67,74,76,0,0,0,False,,,0,,,,,,0,50,balanced_sp,
P3532,John,Doe,1999-07-16,73,233,Unknown,dark,blonde,mustache,R,P,,1,RP,RP,,,,,53,,,,49,52,52,51,52,51,52,0,63,63,0,0,0,,,,,0,,,,62,62,65,62,59,57,60,0,76,77,0,0,0,False,,,0,,,,,,0,50,power_rp,
P9762,John,Doe,2003-12-20,73,181,Unknown,medium,blonde,goatee,R,P,,1,RP,SP,,,,,51,,,,50,50,51,50,52,51,53,59,61,61,58,0,0,,,,,0,,,,64,55,59,58,56,66,58,72,66,70,69,0,0,False,,,0,,,,,,0,50,finesse_sp,
P9202,John,Doe,1987-12-05,77,189,Unknown,medium,black,clean_shaven,L,LF,C,0,,,52,52,49,52,53,50,47,51,51,52,,,,,,,,,,,,45,52,43,50,53,0,0,51,45,42,,,,,,,,,,,,False,,,0,,,,,,0,50,,average
P3224,John,Doe,1998-07-26,73,160,Unknown,dark,brown,goatee,S,1B,,0,,,52,58,50,51,50,52,54,49,51,49,,,,,,,,,,,,66,63,64,64,50,0,0,49,56,62,,,,,,,,,,,,False,,,0,,,,,,0,50,,balanced
P9094,John,Doe,2005-02-11,72,231,Unknown,medium,black,clean_shaven,L,RF,,0,,,50,53,51,49,50,53,45,52,47,53,,,,,,,,,,,,80,67,73,62,50,0,0,52,63,70,,,,,,,,,,,,False,,,0,,,,,,0,50,,average
P5675,John,Doe,1999-12-27,70,173,Unknown,dark,black,clean_shaven,R,CF,,0,,,54,48,70,53,54,50,55,49,47,48,,,,,,,,,,,,64,60,80,65,54,0,0,49,53,54,,,,,,,,,,,,False,,,0,,,,,,0,50,,speed
P6328,John,Doe,2002-06-28,71,166,Unknown,light,brown,clean_shaven,L,1B,,0,,,51,62,50,49,50,54,46,53,47,52,,,,,,,,,,,,60,73,65,57,50,0,0,53,61,61,,,,,,,,,,,,False,,,0,,,,,,0,50,,power
P1179,John,Doe,1988-11-08,75,178,Unknown,dark,blonde,beard,R,SS,,0,,,49,49,51,50,53,52,59,51,49,48,,,,,,,,,,,,47,45,41,47,53,0,0,51,44,45,,,,,,,,,,,,False,,,0,,,,,,0,50,,balanced
P9235,John,Doe,1988-02-03,76,236,Unknown,dark,blonde,clean_shaven,R,SS,,0,,,54,48,51,50,52,46,61,52,53,52,,,,,,,,,,,,47,38,50,42,52,0,0,52,49,51,,,,,,,,,,,,False,,,0,,,,,,0,50,,spray
P1590,John,Doe,1988-03-03,72,245,Unknown,dark,brown,clean_shaven,S,2B,,0,,,67,64,50,54,48,52,55,50,50,49,,,,,,,,,,,,66,60,41,48,48,0,0,50,47,44,,,,,,,,,,,,False,,,0,,,,,,0,50,,gap
P7665,John,Doe,2006-02-22,70,214,Unknown,medium,brown,goatee,L,P,,1,RP,CL,,,,,55,,,,48,51,49,52,54,50,51,56,0,67,0,0,0,,,,,0,,,,71,80,62,65,63,80,63,69,0,80,0,0,0,False,,,0,,,,,,0,50,closer,
P2959,John,Doe,2005-02-10,75,189,Unknown,light,brown,clean_shaven,R,P,,1,RP,RP,,,,,49,,,,52,54,49,50,54,50,55,0,60,65,0,0,0,,,,,0,,,,81,79,75,82,65,65,76,0,74,84,0,0,0,False,,,0,,,,,,0,50,power_rp,
P5074,John,Doe,2004-07-12,76,212,Unknown,medium,brown,clean_shaven,R,P,,1,RP,SP,,,,,51,,,,51,51,51,50,52,51,51,0,62,0,59,0,0,,,,,0,,,,72,68,78,79,67,71,63,0,90,0,74,0,0,False,,,0,,,,,,0,50,groundball_sp,
P5431,John,Doe,2005-09-05,71,211,Unknown,dark,black,clean_shaven,L,P,,1,RP,RP,,,,,55,,,,51,49,52,52,52,50,54,0,0,0,62,0,0,,,,,0,,,,71,60,72,79,68,61,69,0,0,0,91,0,0,False,,,0,,,,,,0,50,groundball_rp,
P1213,John,Doe,2005-11-07,74,241,Unknown,dark,brown,clean_shaven,L,P,,1,RP,SP,,,,,51,,,,52,51,52,50,52,48,51,0,60,60,0,0,0,,,,,0,,,,77,81,73,77,63,65,65,0,80,78,0,0,0,False,,,0,,,,,,0,50,workhorse_sp,
P9786,John,Doe,2007-11-15,70,242,Unknown,medium,blonde,beard,R,C,,0,,,50,54,51,51,49,50,56,51,49,49,,,,,,,,,,,,63,64,79,61,49,0,0,51,73,63,,,,,,,,,,,,False,,,0,,,,,,0,50,,gap
P7177,John,Doe,2007-07-24,69,187,Unknown,light,black,clean_shaven,R,SS,,0,,,50,50,87,50,51,50,58,52,50,53,,,,,,,,,,,,70,74,99,69,51,0,0,52,60,68,,,,,,,,,,,,False,,,0,,,,,,0,50,,speed
P8707,John,Doe,2007-05-13,75,165,Unknown,light,black,clean_shaven,R,1B,,0,,,52,52,53,50,48,53,58,49,51,50,,,,,,,,,,,,65,65,72,62,48,0,0,49,79,73,,,,,,,,,,,,False,,,0,,,,,,0,50,,balanced
P4352,John,Doe,2004-04-22,74,184,Unknown,medium,brown,clean_shaven,R,2B,,0,,,54,51,49,54,52,51,59,49,51,49,,,,,,,,,,,,81,66,64,83,52,0,0,49,75,76,,,,,,,,,,,,False,,,0,,,,,,0,50,,balanced
P5758,John,Doe,2005-11-17,72,244,Unknown,medium,brown,clean_shaven,S,1B,,0,,,52,61,50,49,49,54,51,51,51,52,,,,,,,,,,,,71,76,73,68,49,0,0,51,63,74,,,,,,,,,,,,False,,,0,,,,,,0,50,,power
P9905,John,Doe,2003-05-03,71,250,Unknown,light,brown,clean_shaven,L,P,,1,RP,CL,,,,,55,,,,52,54,48,50,52,52,54,0,59,65,0,0,0,,,,,0,,,,66,67,62,63,58,61,64,0,68,79,0,0,0,False,,,0,,,,,,0,50,closer,
P1258,John,Doe,1996-05-30,71,248,Unknown,dark,brown,clean_shaven,R,P,,1,RP,SP,,,,,49,,,,52,50,50,50,54,47,52,0,62,61,58,57,0,,,,,0,,,,55,53,53,56,54,46,48,0,67,59,63,62,0,False,,,0,,,,,,0,50,power_sp,
P7430,John,Doe,1996-03-23,75,235,Unknown,medium,black,beard,R,P,,1,RP,SP,,,,,51,,,,51,51,53,53,52,48,51,60,63,58,60,0,0,,,,,0,,,,52,55,51,52,58,43,49,63,66,55,56,0,0,False,,,0,,,,,,0,50,finesse_sp,
P7352,John,Doe,1999-01-25,71,189,Unknown,medium,brown,clean_shaven,L,P,,1,RP,SP,,,,,52,,,,50,51,52,51,52,49,53,62,59,61,0,56,0,,,,,0,,,,63,59,61,64,60,63,62,70,65,71,0,66,0,False,,,0,,,,,,0,50,balanced_sp,
P2697,John,Doe,1996-04-15,72,161,Unknown,light,brown,clean_shaven,L,P,,1,RP,SP,,,,,49,,,,49,49,51,51,52,51,51,61,60,62,0,0,0,,,,,0,,,,44,52,49,56,51,51,49,60,64,60,0,0,0,False,,,0,,,,,,0,50,workhorse_sp,
P8733,John,Doe,2004-02-23,75,194,Unknown,light,black,clean_shaven,R,P,,1,RP,LR,,,,,53,,,,51,53,50,51,54,51,51,60,62,66,0,0,0,,,,,0,,,,62,66,57,66,64,63,66,75,73,77,0,0,0,False,,,0,,,,,,0,50,long_relief,
P2611,John,Doe,1990-04-29,70,209,Unknown,light,brown,clean_shaven,L,P,RF,1,RP,SP,,,,,47,,,,51,51,52,53,54,49,53,63,62,60,0,0,0,,,,,0,,,,51,41,51,44,52,49,51,60,55,51,0,0,0,False,,,0,,,,,,0,50,finesse_sp,
P3182,John,Doe,2004-09-25,68,234,Unknown,light,blonde,clean_shaven,L,P,,1,RP,SP,,,,,52,,,,52,51,53,50,54,51,51,58,60,61,61,0,0,,,,,0,,,,73,64,78,70,63,80,66,71,78,78,81,0,0,False,,,0,,,,,,0,50,groundball_sp,
P7048,John,Doe,1987-06-01,68,227,Unknown,light,brown,mustache,L,P,,1,RP,LR,,,,,53,,,,51,52,53,51,52,53,51,56,0,0,0,0,0,,,,,0,,,,47,51,42,51,43,49,42,55,0,0,0,0,0,False,,,0,,,,,,0,50,long_relief,
P7293,John,Doe,2004-03-09,68,208,Unknown,light,red,clean_shaven,R,P,,1,RP,SP,,,,,49,,,,48,52,50,53,53,52,50,63,62,0,59,0,0,,,,,0,,,,63,66,71,73,61,67,73,90,76,0,72,0,0,False,,,0,,,,,,0,50,finesse_sp,
P3603,John,Doe,1991-01-22,68,170,Unknown,medium,black,clean_shaven,R,P,,1,RP,SP,,,,,50,,,,50,50,49,54,52,49,53,63,62,0,0,0,0,,,,,0,,,,41,45,53,46,47,49,44,55,57,0,0,0,0,False,,,0,,,,,,0,50,finesse_sp,
P6488,John,Doe,1993-03-27,74,230,Unknown,medium,black,beard,R,C,,0,,,51,54,52,50,49,52,57,52,51,51,,,,,,,,,,,,45,46,42,41,49,0,0,52,48,42,,,,,,,,,,,,False,,,0,,,,,,0,50,,average
P8437,John,Doe,1988-02-25,78,202,Unknown,light,brown,mustache,R,1B,,0,,,50,63,50,49,51,53,58,48,51,50,,,,,,,,,,,,42,59,47,40,51,0,0,48,47,40,,,,,,,,,,,,False,,,0,,,,,,0,50,,power
P3464,John,Doe,2001-05-12,68,237,Unknown,dark,black,clean_shaven,R,2B,,0,,,59,50,53,55,52,49,60,53,51,52,,,,,,,,,,,,72,59,65,68,52,0,0,53,61,66,,,,,,,,,,,,False,,,0,,,,,,0,50,,spray
P6785,John,Doe,1992-07-29,76,190,Unknown,medium,black,clean_shaven,R,3B,,0,,,52,50,50,51,50,52,60,52,51,50,,,,,,,,,,,,43,41,42,44,50,0,0,52,43,46,,,,,,,,,,,,False,,,0,,,,,,0,50,,balanced
P8477,John,Doe,1995-04-18,74,236,Unknown,medium,blonde,beard,R,SS,,0,,,53,49,49,52,52,52,55,51,53,51,,,,,,,,,,,,54,48,54,54,52,0,0,51,58,48,,,,,,,,,,,,False,,,0,,,,,,0,50,,average
P9581,John,Doe,2002-11-20,74,244,Unknown,light,brown,clean_shaven,L,LF,,0,,,49,63,48,52,51,51,48,53,52,52,,,,,,,,,,,,57,69,63,59,51,0,0,53,66,65,,,,,,,,,,,,False,,,0,,,,,,0,50,,power
P4727,John,Doe,1997-04-25,71,177,Unknown,medium,black,beard,L,CF,,0,,,51,62,47,50,48,54,49,49,48,51,,,,,,,,,,,,53,67,43,45,48,0,0,49,46,52,,,,,,,,,,,,False,,,0,,,,,,0,50,,power
P2817,John,Doe,1992-09-05,70,231,Unknown,medium,blonde,clean_shaven,L,RF,,0,,,52,58,48,52,48,53,44,49,50,50,,,,,,,,,,,,44,54,46,43,48,0,0,49,46,41,,,,,,,,,,,,False,,,0,,,,,,0,50,,power
P7646,John,Doe,2004-12-24,73,195,Unknown,light,brown,clean_shaven,R,CF,,0,,,50,52,52,49,49,52,50,50,52,52,,,,,,,,,,,,64,69,64,68,49,0,0,50,76,63,,,,,,,,,,,,False,,,0,,,,,,0,50,,average
P1844,John,Doe,1995-01-14,75,215,Unknown,light,black,beard,S,2B,,0,,,50,51,48,51,51,50,52,48,51,51,,,,,,,,,,,,47,47,53,55,51,0,0,48,51,54,,,,,,,,,,,,False,,,0,,,,,,0,50,,balanced
P2703,John,Doe,1996-04-07,76,177,Unknown,medium,brown,beard,R,CF,,0,,,50,52,53,50,52,49,55,49,49,51,,,,,,,,,,,,51,53,55,52,52,0,0,49,50,50,,,,,,,,,,,,False,,,0,,,,,,0,50,,balanced
P1821,John,Doe,1998-10-21,71,180,Unknown,medium,black,mustache,R,C,,0,,,50,51,52,50,50,53,56,49,50,49,,,,,,,,,,,,62,63,60,64,50,0,0,49,58,57,,,,,,,,,,,,False,,,0,,,,,,0,50,,gap
P4636,John,Doe,1992-10-01,74,247,Unknown,medium,blonde,beard,L,RF,,0,,,62,51,50,54,51,47,46,50,48,50,,,,,,,,,,,,61,42,42,51,51,0,0,50,48,41,,,,,,,,,,,,False,,,0,,,,,,0,50,,spray
P4111,John,Doe,1996-11-04,68,243,Unknown,medium,black,mustache,L,2B,,0,,,52,47,70,52,53,48,47,51,48,52,,,,,,,,,,,,55,43,69,51,53,0,0,51,52,50,,,,,,,,,,,,False,,,0,,,,,,0,50,,speed
P2216,John,Doe,1995-10-27,71,195,Unknown,medium,brown,clean_shaven,L,P,,1,RP,CL,,,,,55,,,,51,54,50,51,53,53,56,0,0,65,0,0,0,,,,,0,,,,50,57,52,55,46,49,53,0,0,60,0,0,0,False,,,0,,,,,,0,50,closer,
P7460,John,Doe,1998-08-07,70,210,Unknown,medium,brown,clean_shaven,L,P,,1,RP,LR,,,,,54,,,,50,52,50,53,53,50,49,60,58,66,0,0,0,,,,,0,,,,59,62,59,62,55,61,58,68,70,73,0,0,0,False,,,0,,,,,,0,50,long_relief,
P1503,John,Doe,1997-11-17,74,218,Unknown,dark,black,clean_shaven,R,P,,1,RP,RP,,,,,55,,,,52,49,52,50,54,49,49,0,0,0,60,0,0,,,,,0,,,,47,48,47,49,57,51,50,0,0,0,58,0,0,False,,,0,,,,,,0,50,groundball_rp,
P2023,John,Doe,1996-08-31,71,179,Unknown,light,brown,beard,R,P,,1,RP,SP,,,,,53,,,,52,49,53,51,52,51,49,0,60,0,58,0,0,,,,,0,,,,57,47,47,48,54,49,44,0,56,0,62,0,0,False,,,0,,,,,,0,50,groundball_sp,
P6958,John,Doe,2001-06-10,74,249,Unknown,light,black,clean_shaven,R,P,,1,RP,LR,,,,,49,,,,51,52,52,53,52,51,50,0,61,0,0,0,0,,,,,0,,,,57,62,62,64,60,58,63,0,68,0,0,0,0,False,,,0,,,,,,0,50,long_relief,
P9756,John,Doe,2000-09-05,68,164,Unknown,dark,blonde,clean_shaven,R,P,,1,RP,SP,,,,,50,,,,48,50,51,53,54,51,52,58,61,58,0,0,0,,,,,0,,,,62,62,66,66,59,63,67,65,72,69,0,0,0,False,,,0,,,,,,0,50,workhorse_sp,
P2225,John,Doe,2003-11-04,74,200,Unknown,dark,black,clean_shaven,R,P,,1,RP,SP,,,,,52,,,,50,50,52,50,52,49,52,60,61,60,0,54,0,,,,,0,,,,57,62,63,65,67,63,66,72,66,66,0,59,0,False,,,0,,,,,,0,50,finesse_sp,
P3609,John,Doe,1997-01-24,76,171,Unknown,light,brown,beard,R,LF,,0,,,53,57,50,52,49,50,58,49,50,53,,,,,,,,,,,,51,61,49,49,49,0,0,49,53,53,,,,,,,,,,,,False,,,0,,,,,,0,50,,balanced
P4702,John,Doe,1993-10-27,71,243,Unknown,light,brown,mustache,S,RF,,0,,,50,58,49,51,47,53,54,49,50,52,,,,,,,,,,,,49,56,49,50,47,0,0,49,41,44,,,,,,,,,,,,False,,,0,,,,,,0,50,,power
P7694,John,Doe,1998-07-04,74,180,Unknown,medium,black,clean_shaven,R,2B,,0,,,57,47,70,54,49,51,54,49,49,49,,,,,,,,,,,,65,53,78,59,49,0,0,49,64,61,,,,,,,,,,,,False,,,0,,,,,,0,50,,speed
P9761,John,Doe,1991-12-13,74,187,Unknown,medium,brown,clean_shaven,R,1B,,0,,,49,63,52,50,49,52,57,50,52,53,,,,,,,,,,,,45,63,48,44,49,0,0,50,48,45,,,,,,,,,,,,False,,,0,,,,,,0,50,,power
P8206,John,Doe,1989-07-30,69,191,Unknown,medium,black,beard,R,RF,,0,,,49,47,70,52,51,48,56,51,48,50,,,,,,,,,,,,45,45,63,44,51,0,0,51,38,49,,,,,,,,,,,,False,,,0,,,,,,0,50,,speed
P5594,John,Doe,1993-11-25,72,205,Unknown,medium,black,clean_shaven,L,2B,,0,,,52,53,52,53,51,51,47,50,48,51,,,,,,,,,,,,47,45,51,47,51,0,0,50,47,45,,,,,,,,,,,,False,,,0,,,,,,0,50,,average
P4181,John,Doe,2001-07-21,71,216,Unknown,dark,brown,clean_shaven,R,C,,0,,,53,51,50,52,50,48,55,52,49,49,,,,,,,,,,,,58,65,61,64,50,0,0,52,56,63,,,,,,,,,,,,False,,,0,,,,,,0,50,,average
P4738,John,Doe,2000-08-12,78,210,Unknown,dark,blonde,mustache,R,C,,0,,,54,51,53,50,51,49,56,52,52,51,,,,,,,,,,,,62,56,59,56,51,0,0,52,57,62,,,,,,,,,,,,False,,,0,,,,,,0,50,,gap
P6542,John,Doe,2007-01-26,77,238,Unknown,light,brown,clean_shaven,R,P,,1,RP,CL,,,,,55,,,,51,50,49,52,52,49,55,0,0,65,0,0,0,,,,,0,,,,81,68,82,74,68,61,81,0,0,79,0,0,0,False,,,0,,,,,,0,50,closer,
P2122,John,Doe,2005-10-20,73,227,Unknown,dark,brown,clean_shaven,S,P,,1,RP,SP,,,,,49,,,,49,50,52,51,54,51,53,59,60,59,0,0,0,,,,,0,,,,63,67,62,71,77,62,80,74,76,72,0,0,0,False,,,0,,,,,,0,50,workhorse_sp,
P1160,John,Doe,2006-01-18,72,210,Unknown,dark,brown,goatee,L,P,,1,RP,RP,,,,,54,,,,48,51,51,52,52,49,50,0,0,0,60,0,0,,,,,0,,,,73,66,69,81,80,78,73,0,0,0,86,0,0,False,,,0,,,,,,0,50,groundball_rp,
P8179,John,Doe,2004-05-04,73,194,Unknown,light,black,beard,R,P,,1,RP,RP,,,,,57,,,,49,53,52,50,53,51,50,0,0,0,62,0,0,,,,,0,,,,68,71,68,65,69,65,73,0,0,0,75,0,0,False,,,0,,,,,,0,50,groundball_rp,
P6618,John,Doe,2004-11-20,74,171,Unknown,medium,brown,clean_shaven,L,P,,1,RP,SP,,,,,49,,,,53,53,51,50,52,53,53,59,60,0,0,0,0,,,,,0,,,,72,69,63,77,75,72,72,76,85,0,0,0,0,False,,,0,,,,,,0,50,finesse_sp,
P1756,John,Doe,2005-02-04,74,209,Unknown,light,brown,goatee,R,3B,,0,,,53,52,50,52,51,50,56,52,49,51,,,,,,,,,,,,67,80,71,67,51,0,0,52,63,68,,,,,,,,,,,,False,,,0,,,,,,0,50,,balanced
P2206,John,Doe,2007-12-06,70,235,Unknown,dark,blonde,clean_shaven,L,RF,,0,,,51,62,49,49,51,53,47,52,50,52,,,,,,,,,,,,73,79,77,63,51,0,0,52,79,75,,,,,,,,,,,,False,,,0,,,,,,0,50,,power
P5636,John,Doe,2007-07-24,78,178,Unknown,medium,brown,clean_shaven,R,3B,,0,,,50,48,50,49,51,50,57,49,49,52,,,,,,,,,,,,63,66,68,67,51,0,0,49,60,65,,,,,,,,,,,,False,,,0,,,,,,0,50,,average
P4511,John,Doe,2006-04-20,73,168,Unknown,medium,blonde,goatee,R,SS,,0,,,50,52,50,51,48,50,61,52,49,51,,,,,,,,,,,,73,71,75,74,48,0,0,52,76,74,,,,,,,,,,,,False,,,0,,,,,,0,50,,balanced
P2117,John,Doe,2007-03-06,70,165,Unknown,medium,black,clean_shaven,R,C,,0,,,54,51,50,50,50,51,56,49,53,50,,,,,,,,,,,,68,74,62,61,50,0,0,49,77,73,,,,,,,,,,,,False,,,0,,,,,,0,50,,gap
P4746,John,Doe,1996-04-26,73,230,Unknown,light,red,mustache,S,P,,1,RP,CL,,,,,55,,,,52,52,51,51,52,51,54,0,0,66,0,0,0,,,,,0,,,,49,57,53,52,47,55,51,0,0,61,0,0,0,False,,,0,,,,,,0,50,closer,
P9897,John,Doe,1992-05-18,78,205,Unknown,light,blonde,goatee,L,P,,1,RP,SP,,,,,51,,,,49,50,54,50,52,51,51,60,60,62,57,0,0,,,,,0,,,,42,45,44,48,45,44,43,55,58,61,50,0,0,False,,,0,,,,,,0,50,balanced_sp,
P2110,John,Doe,1990-02-24,74,210,Unknown,light,black,beard,L,P,,1,RP,SP,,,,,51,,,,53,49,53,50,52,52,53,61,0,0,58,0,0,,,,,0,,,,52,43,49,47,51,47,46,61,0,0,50,0,0,False,,,0,,,,,,0,50,groundball_sp,
P3661,John,Doe,1994-07-03,74,227,Unknown,medium,brown,beard,R,P,,1,RP,SP,,,,,51,,,,48,50,53,50,54,51,52,62,62,62,0,55,0,,,,,0,,,,49,46,55,58,48,54,51,62,61,59,0,58,0,False,,,0,,,,,,0,50,balanced_sp,
P5897,John,Doe,1998-05-03,74,219,Unknown,dark,black,clean_shaven,R,P,,1,RP,SP,,,,,50,,,,48,52,51,50,53,51,53,60,0,58,61,0,0,,,,,0,,,,60,58,58,64,60,64,59,73,0,70,73,0,0,False,,,0,,,,,,0,50,groundball_sp,
P6549,John,Doe,1990-10-26,69,190,Unknown,dark,brown,beard,R,P,,1,RP,RP,,,,,50,,,,49,50,51,52,52,53,51,0,62,0,0,0,0,,,,,0,,,,49,49,50,52,50,47,47,0,61,0,0,0,0,False,,,0,,,,,,0,50,finesse_rp,
P5606,John,Doe,1995-03-18,69,169,Unknown,medium,black,clean_shaven,R,P,,1,RP,CL,,,,,48,,,,51,50,50,51,52,51,51,58,59,65,0,0,0,,,,,0,,,,55,52,51,52,46,49,48,62,54,61,0,0,0,False,,,0,,,,,,0,50,closer,
P5191,John,Doe,1987-05-25,72,195,Unknown,dark,black,beard,R,P,,1,RP,SP,,,,,48,,,,49,51,52,50,54,52,51,59,0,58,0,0,0,,,,,0,,,,42,47,47,53,43,49,47,58,0,58,0,0,0,False,,,0,,,,,,0,50,balanced_sp,
P6635,John,Doe,1987-03-13,76,235,Unknown,medium,black,clean_shaven,R,P,,1,RP,SP,,,,,51,,,,50,50,53,52,54,51,50,0,64,59,0,0,0,,,,,0,,,,42,44,43,52,49,48,47,0,62,50,0,0,0,False,,,0,,,,,,0,50,power_sp,
P8124,John,Doe,1991-02-11,77,209,Unknown,dark,brown,clean_shaven,L,P,,1,RP,RP,,,,,55,,,,48,51,51,51,53,52,54,0,0,0,63,0,0,,,,,0,,,,48,46,51,50,42,50,48,0,0,0,59,0,0,False,,,0,,,,,,0,50,groundball_rp,
P9743,John,Doe,1988-09-20,78,216,Unknown,dark,red,clean_shaven,R,P,,1,RP,SP,,,,,50,,,,48,53,54,52,52,51,52,61,61,0,57,57,0,,,,,0,,,,45,52,46,50,47,51,52,54,51,0,52,54,0,False,,,0,,,,,,0,50,finesse_sp,
P2588,John,Doe,2000-10-06,74,238,Unknown,light,black,clean_shaven,L,C,,0,,,49,52,49,50,49,53,48,52,51,50,,,,,,,,,,,,58,65,59,63,49,0,0,52,56,64,,,,,,,,,,,,False,,,0,,,,,,0,50,,balanced
P9828,John,Doe,1994-02-20,73,245,Unknown,medium,black,clean_shaven,L,1B,,0,,,53,58,50,53,51,51,46,52,50,52,,,,,,,,,,,,48,49,47,47,51,0,0,52,40,52,,,,,,,,,,,,False,,,0,,,,,,0,50,,gap
P2170,John,Doe,1997-08-29,71,234,Unknown,medium,brown,clean_shaven,S,2B,,0,,,52,62,49,53,52,52,53,48,52,50,,,,,,,,,,,,53,63,51,51,52,0,0,48,57,52,,,,,,,,,,,,False,,,0,,,,,,0,50,,power
P1685,John,Doe,1997-09-06,77,163,Unknown,medium,black,beard,R,3B,,0,,,49,51,51,50,52,51,58,52,49,52,,,,,,,,,,,,54,55,56,48,52,0,0,52,50,53,,,,,,,,,,,,False,,,0,,,,,,0,50,,average
P3006,John,Doe,1995-05-30,68,243,Unknown,light,brown,clean_shaven,R,SS,,0,,,52,59,52,49,47,53,55,50,47,49,,,,,,,,,,,,52,59,52,47,47,0,0,50,42,50,,,,,,,,,,,,False,,,0,,,,,,0,50,,power
P2529,John,Doe,1993-04-26,75,222,Unknown,medium,brown,clean_shaven,L,LF,,0,,,68,52,49,52,50,47,46,49,51,52,,,,,,,,,,,,68,45,41,50,50,0,0,49,49,43,,,,,,,,,,,,False,,,0,,,,,,0,50,,spray
P2728,John,Doe,1998-12-07,74,201,Unknown,dark,black,goatee,L,CF,LF,0,,,51,50,70,50,50,50,42,49,50,50,,,,,,,,,,,,65,61,77,58,50,0,0,49,59,58,,,,,,,,,,,,False,,,0,,,,,,0,50,,speed
P1315,John,Doe,1995-10-02,72,232,Unknown,medium,black,clean_shaven,R,RF,,0,,,50,51,53,52,53,50,56,48,48,51,,,,,,,,,,,,47,49,53,57,53,0,0,48,52,51,,,,,,,,,,,,False,,,0,,,,,,0,50,,balanced
P8815,John,Doe,1991-03-12,69,162,Unknown,medium,black,clean_shaven,L,CF,,0,,,52,49,52,53,51,49,48,51,50,51,,,,,,,,,,,,50,47,49,52,51,0,0,51,49,49,,,,,,,,,,,,False,,,0,,,,,,0,50,,balanced
P2078,John,Doe,1988-01-25,74,219,Unknown,medium,brown,clean_shaven,R,3B,,0,,,50,59,49,49,51,52,59,49,52,51,,,,,,,,,,,,41,59,40,45,51,0,0,49,49,48,,,,,,,,,,,,False,,,0,,,,,,0,50,,power
P3787,John,Doe,1990-08-31,70,164,Unknown,dark,brown,clean_shaven,S,SS,,0,,,52,51,51,51,51,48,57,51,50,47,,,,,,,,,,,,45,51,46,50,51,0,0,51,49,37,,,,,,,,,,,,False,,,0,,,,,,0,50,,balanced
P7693,John,Doe,2004-03-07,72,197,Unknown,dark,blonde,beard,R,LF,,0,,,53,59,49,52,51,53,59,50,48,50,,,,,,,,,,,,74,87,76,80,51,0,0,50,60,63,,,,,,,,,,,,False,,,0,,,,,,0,50,,power
P5767,John,Doe,1987-10-03,76,224,Unknown,dark,brown,goatee,R,C,,0,,,50,52,77,50,51,51,59,49,53,48,,,,,,,,,,,,40,42,76,45,51,0,0,49,43,48,,,,,,,,,,,,False,,,0,,,,,,0,50,,speed
P4942,John,Doe,1994-07-06,72,161,Unknown,dark,brown,clean_shaven,S,SS,,0,,,53,52,85,53,53,49,57,50,52,52,,,,,,,,,,,,49,49,87,58,53,0,0,50,56,55,,,,,,,,,,,,False,,,0,,,,,,0,50,,speed
P3402,John,Doe,2001-08-15,71,211,Unknown,light,brown,clean_shaven,L,P,,1,RP,CL,,,,,55,,,,52,52,49,50,52,49,54,58,62,67,0,0,0,,,,,0,,,,67,57,60,60,61,63,67,64,74,79,0,0,0,False,,,0,,,,,,0,50,closer,
P7215,John,Doe,1991-10-11,73,220,Unknown,medium,black,clean_shaven,R,P,,1,RP,RP,,,,,55,,,,50,53,50,53,52,51,51,0,0,0,61,0,0,,,,,0,,,,43,45,53,42,41,41,41,0,0,0,60,0,0,False,,,0,,,,,,0,50,groundball_rp,
P5125,John,Doe,1990-05-01,71,223,Unknown,medium,brown,clean_shaven,L,P,,1,RP,SP,,,,,54,,,,49,51,53,50,52,48,50,59,0,61,62,0,0,,,,,0,,,,47,47,45,51,47,47,42,54,0,56,54,0,0,False,,,0,,,,,,0,50,groundball_sp,
P1956,John,Doe,1992-03-19,73,236,Unknown,medium,brown,clean_shaven,S,P,,1,RP,SP,,,,,53,,,,52,49,50,50,54,48,51,58,0,58,58,0,0,,,,,0,,,,43,44,43,54,47,47,43,49,0,55,50,0,0,False,,,0,,,,,,0,50,groundball_sp,
P9673,John,Doe,1990-02-05,72,184,Unknown,dark,brown,clean_shaven,L,P,,1,RP,SP,,,,,51,,,,48,49,50,52,52,48,54,0,59,63,0,0,0,,,,,0,,,,46,46,50,47,40,43,45,0,54,56,0,0,0,False,,,0,,,,,,0,50,balanced_sp,
P1508,John,Doe,2004-01-30,69,220,Unknown,light,black,clean_shaven,L,P,,1,RP,SP,,,,,51,,,,51,51,54,51,52,51,51,0,61,64,58,0,0,,,,,0,,,,60,66,62,66,63,65,57,0,75,70,71,0,0,False,,,0,,,,,,0,50,power_sp,
P6924,John,Doe,2001-10-15,77,177,Unknown,medium,brown,mustache,L,P,,1,RP,RP,,,,,52,,,,49,51,49,51,53,53,53,58,61,0,0,0,0,,,,,0,,,,57,66,65,68,63,66,61,65,72,0,0,0,0,False,,,0,,,,,,0,50,finesse_rp,
P1480,John,Doe,1993-06-04,70,227,Unknown,light,brown,beard,R,C,,0,,,50,52,49,51,49,49,56,51,51,48,,,,,,,,,,,,42,51,40,47,49,0,0,51,48,44,,,,,,,,,,,,False,,,0,,,,,,0,50,,balanced
P8713,John,Doe,1991-12-15,69,217,Unknown,light,red,clean_shaven,R,3B,,0,,,60,63,51,52,48,52,55,51,51,51,,,,,,,,,,,,57,62,42,47,48,0,0,51,43,49,,,,,,,,,,,,False,,,0,,,,,,0,50,,gap
P9669,John,Doe,2003-06-07,72,170,Unknown,dark,black,clean_shaven,R,SS,,0,,,51,52,52,50,52,48,59,49,52,50,,,,,,,,,,,,62,63,60,61,52,0,0,49,59,64,,,,,,,,,,,,False,,,0,,,,,,0,50,,balanced
P1031,John,Doe,1987-03-23,77,202,Unknown,light,brown,beard,R,LF,RF,0,,,53,49,70,52,50,48,59,52,52,49,,,,,,,,,,,,44,39,63,47,50,0,0,52,42,43,,,,,,,,,,,,False,,,0,,,,,,0,50,,speed
P5783,John,Doe,1995-11-13,76,234,Unknown,medium,black,goatee,R,2B,,0,,,51,53,50,50,52,51,56,48,53,53,,,,,,,,,,,,46,49,54,55,52,0,0,48,54,50,,,,,,,,,,,,False,,,0,,,,,,0,50,,balanced
P3148,John,Doe,1991-05-24,74,202,Unknown,medium,brown,clean_shaven,S,CF,,0,,,51,50,70,50,53,49,52,51,47,49,,,,,,,,,,,,41,45,61,42,53,0,0,51,38,41,,,,,,,,,,,,False,,,0,,,,,,0,50,,speed
P7601,John,Doe,1987-11-12,69,170,Unknown,light,black,beard,R,RF,,0,,,53,52,47,49,49,48,55,49,49,53,,,,,,,,,,,,52,48,46,41,49,0,0,49,47,45,,,,,,,,,,,,False,,,0,,,,,,0,50,,average
P7001,John,Doe,1988-10-04,71,224,Unknown,light,brown,goatee,L,1B,,0,,,54,59,51,50,50,50,45,51,52,52,,,,,,,,,,,,50,50,49,43,50,0,0,51,44,46,,,,,,,,,,,,False,,,0,,,,,,0,50,,gap
P8643,John,Doe,2004-10-31,70,210,Unknown,dark,red,clean_shaven,R,P,,1,RP,CL,,,,,55,,,,52,50,51,53,53,51,52,59,0,65,0,0,0,,,,,0,,,,64,60,71,83,67,74,63,84,0,86,0,0,0,False,,,0,,,,,,0,50,closer,
P1420,John,Doe,2007-07-11,78,228,Unknown,dark,black,beard,R,P,,1,RP,SP,,,,,51,,,,48,47,52,52,52,49,50,58,63,0,0,0,0,,,,,0,,,,71,66,81,78,69,73,71,82,87,0,0,0,0,False,,,0,,,,,,0,50,finesse_sp,
P9362,John,Doe,2008-02-09,75,196,Unknown,dark,brown,goatee,R,P,,1,RP,SP,,,,,11,,,,52,50,53,53,54,49,54,62,63,62,0,0,0,,,,,28,,,,70,66,63,84,80,71,67,92,87,72,0,0,0,False,,,0,,,,,,0,50,workhorse_sp,
P6100,John,Doe,2007-04-12,70,249,Unknown,dark,brown,goatee,R,P,,1,RP,RP,,,,,54,,,,48,49,48,51,53,52,54,0,0,0,59,0,0,,,,,0,,,,71,64,66,75,67,72,72,0,0,0,78,0,0,False,,,0,,,,,,0,50,groundball_rp,
P4146,John,Doe,2006-09-11,73,211,Unknown,dark,brown,clean_shaven,R,P,,1,RP,SP,,,,,52,,,,49,50,52,50,54,49,50,59,60,58,0,0,0,,,,,0,,,,65,72,70,79,64,79,76,70,74,81,0,0,0,False,,,0,,,,,,0,50,workhorse_sp,
P2539,John,Doe,2006-08-18,78,173,Unknown,medium,brown,clean_shaven,L,1B,RF,0,,,50,52,51,50,52,49,47,51,50,51,,,,,,,,,,,,71,80,68,60,52,0,0,51,68,64,,,,,,,,,,,,False,,,0,,,,,,0,50,,balanced
P6104,John,Doe,2006-01-16,76,247,Unknown,dark,brown,mustache,R,SS,,0,,,71,65,49,53,48,50,57,51,49,51,,,,,,,,,,,,91,90,64,77,48,0,0,51,64,61,,,,,,,,,,,,False,,,0,,,,,,0,50,,gap
P5462,John,Doe,2006-02-19,75,238,Unknown,light,brown,clean_shaven,R,C,,0,,,51,50,49,50,51,51,59,48,49,52,,,,,,,,,,,,63,68,75,69,51,0,0,48,67,64,,,,,,,,,,,,False,,,0,,,,,,0,50,,balanced
P6193,John,Doe,2006-02-17,73,235,Unknown,light,brown,clean_shaven,R,RF,,0,,,49,49,51,52,50,51,55,51,50,51,,,,,,,,,,,,65,72,67,65,50,0,0,51,61,67,,,,,,,,,,,,False,,,0,,,,,,0,50,,balanced
P4091,John,Doe,2004-10-06,69,250,Unknown,light,black,clean_shaven,R,SS,,0,,,49,52,53,50,51,49,56,52,51,50,,,,,,,,,,,,72,65,78,67,51,0,0,52,62,66,,,,,,,,,,,,False,,,0,,,,,,0,50,,balanced
P8528,John,Doe,1992-07-03,73,171,Unknown,light,black,clean_shaven,L,P,,1,RP,CL,,,,,55,,,,50,50,47,50,52,53,53,0,0,65,0,0,0,,,,,0,,,,43,47,48,48,37,50,44,0,0,60,0,0,0,False,,,0,,,,,,0,50,closer,
P6363,John,Doe,2002-03-21,69,221,Unknown,dark,brown,clean_shaven,L,P,,1,RP,SP,,,,,52,,,,52,48,52,53,53,49,53,0,60,0,59,0,0,,,,,0,,,,67,57,68,60,60,56,63,0,66,0,64,0,0,False,,,0,,,,,,0,50,groundball_sp,
P8336,John,Doe,1995-05-31,70,215,Unknown,dark,brown,clean_shaven,L,P,,1,RP,RP,,,,,49,,,,52,53,48,50,52,53,53,0,0,64,0,0,0,,,,,0,,,,54,54,53,56,49,54,56,0,0,59,0,0,0,False,,,0,,,,,,0,50,power_rp,
P6351,John,Doe,1993-01-05,76,239,Unknown,light,black,clean_shaven,R,P,,1,RP,SP,,,,,52,,,,53,50,53,51,53,51,50,61,61,59,57,0,0,,,,,0,,,,44,45,46,45,45,44,46,52,53,55,51,0,0,False,,,0,,,,,,0,50,finesse_sp,
P5296,John,Doe,1999-11-13,77,227,Unknown,light,brown,clean_shaven,R,P,,1,RP,SP,,,,,49,,,,52,53,50,53,53,50,53,61,60,60,0,0,0,,,,,0,,,,61,58,62,65,58,55,59,73,65,67,0,0,0,False,,,0,,,,,,0,50,workhorse_sp,
P2011,John,Doe,1999-08-24,71,214,Unknown,medium,brown,beard,L,P,,1,RP,SP,,,,,51,,,,48,49,50,50,53,50,50,62,61,59,0,56,0,,,,,0,,,,55,54,61,65,63,61,61,77,69,71,0,63,0,False,,,0,,,,,,0,50,workhorse_sp,
P5306,John,Doe,2002-06-25,68,219,Unknown,light,black,clean_shaven,S,P,,1,RP,SP,,,,,48,,,,52,52,52,50,52,49,53,60,61,60,54,0,0,,,,,0,,,,62,63,58,59,63,64,63,67,67,70,66,0,0,False,,,0,,,,,,0,50,balanced_sp,
P6730,John,Doe,2002-12-07,74,228,Unknown,light,blonde,clean_shaven,L,P,,1,RP,SP,,,,,52,,,,49,49,52,50,52,51,52,59,62,60,0,57,0,,,,,0,,,,64,63,64,67,66,63,64,64,72,75,0,68,0,False,,,0,,,,,,0,50,workhorse_sp,
P8215,John,Doe,1990-08-24,73,238,Unknown,light,black,beard,L,P,,1,RP,RP,,,,,53,,,,50,50,50,53,52,50,54,0,60,67,63,0,0,,,,,0,,,,49,44,49,48,49,44,54,0,54,67,58,0,0,False,,,0,,,,,,0,50,groundball_rp,
P6340,John,Doe,1990-06-05,73,243,Unknown,medium,black,goatee,R,P,,1,RP,CL,,,,,50,,,,49,52,52,50,52,51,56,59,59,65,0,0,0,,,,,0,,,,46,42,40,52,47,47,51,59,58,58,0,0,0,False,,,0,,,,,,0,50,closer,
P6699,John,Doe,1992-11-19,77,236,Unknown,light,brown,beard,R,P,,1,RP,CL,,,,,54,,,,49,52,49,50,52,53,52,59,60,66,0,0,0,,,,,0,,,,40,42,47,48,46,43,47,59,55,58,0,0,0,False,,,0,,,,,,0,50,closer,
P1102,John,Doe,1996-04-27,77,232,Unknown,light,brown,beard,R,C,,0,,,51,52,51,52,52,50,60,53,52,48,,,,,,,,,,,,52,56,48,56,52,0,0,53,50,53,,,,,,,,,,,,False,,,0,,,,,,0,50,,average
P8629,John,Doe,2004-10-16,76,213,Unknown,dark,red,beard,L,1B,,0,,,51,58,51,50,51,50,48,52,51,51,,,,,,,,,,,,74,77,73,74,51,0,0,52,74,76,,,,,,,,,,,,False,,,0,,,,,,0,50,,gap
P2436,John,Doe,1989-01-13,69,223,Unknown,light,black,beard,S,2B,,0,,,50,51,49,51,50,51,52,52,49,48,,,,,,,,,,,,41,42,45,42,50,0,0,52,42,42,,,,,,,,,,,,False,,,0,,,,,,0,50,,balanced
P3362,John,Doe,1998-03-03,71,198,Unknown,light,blonde,clean_shaven,R,3B,,0,,,52,53,52,51,52,52,55,48,50,51,,,,,,,,,,,,57,61,63,64,52,0,0,48,65,60,,,,,,,,,,,,False,,,0,,,,,,0,50,,balanced
P5517,John,Doe,1997-03-01,74,196,Unknown,medium,brown,clean_shaven,R,SS,,0,,,53,60,47,49,52,50,57,51,49,49,,,,,,,,,,,,56,64,45,47,52,0,0,51,49,52,,,,,,,,,,,,False,,,0,,,,,,0,50,,power
P1192,John,Doe,1997-09-10,70,239,Unknown,dark,blonde,clean_shaven,R,LF,,0,,,51,51,70,50,52,48,58,52,51,52,,,,,,,,,,,,53,51,73,49,52,0,0,52,46,50,,,,,,,,,,,,False,,,0,,,,,,0,50,,speed
P8886,John,Doe,1995-10-08,74,201,Unknown,medium,blonde,beard,R,CF,,0,,,55,49,51,51,51,51,54,50,51,51,,,,,,,,,,,,51,51,52,56,51,0,0,50,54,48,,,,,,,,,,,,False,,,0,,,,,,0,50,,spray
P3995,John,Doe,2005-02-20,70,190,Unknown,dark,brown,clean_shaven,R,RF,,0,,,49,49,48,51,51,50,56,49,51,48,,,,,,,,,,,,66,59,62,65,51,0,0,49,79,78,,,,,,,,,,,,False,,,0,,,,,,0,50,,balanced
P6964,John,Doe,2003-03-17,70,162,Unknown,light,blonde,clean_shaven,R,SS,,0,,,60,48,71,53,50,48,59,48,49,49,,,,,,,,,,,,68,53,76,60,50,0,0,48,63,57,,,,,,,,,,,,False,,,0,,,,,,0,50,,spray
P2603,John,Doe,1998-02-20,70,175,Unknown,medium,brown,goatee,L,SS,,0,,,49,51,53,49,50,48,47,50,47,48,,,,,,,,,,,,49,46,52,46,50,0,0,50,44,53,,,,,,,,,,,,False,,,0,,,,,,0,50,,balanced
P9662,John,Doe,1988-10-09,77,194,Unknown,medium,blonde,mustache,R,C,,0,,,50,51,84,51,53,49,55,50,53,49,,,,,,,,,,,,47,47,76,43,53,0,0,50,50,40,,,,,,,,,,,,False,,,0,,,,,,0,50,,speed
P3354,John,Doe,1999-09-14,75,199,Unknown,light,brown,goatee,R,SS,,0,,,49,51,52,50,48,52,58,49,50,50,,,,,,,,,,,,60,58,59,59,48,0,0,49,62,64,,,,,,,,,,,,False,,,0,,,,,,0,50,,balanced
P7953,John,Doe,2003-12-08,72,222,Unknown,dark,brown,clean_shaven,R,SS,,0,,,51,52,70,53,50,48,58,50,53,51,,,,,,,,,,,,66,64,79,62,50,0,0,50,65,59,,,,,,,,,,,,False,,,0,,,,,,0,50,,speed
P5510,John,Doe,1989-10-17,71,200,Unknown,medium,brown,mustache,R,C,,0,,,51,52,51,50,53,53,57,52,49,50,,,,,,,,,,,,41,42,51,49,53,0,0,52,48,43,,,,,,,,,,,,False,,,0,,,,,,0,50,,balanced
P2968,John,Doe,1992-10-23,73,207,Unknown,dark,black,clean_shaven,S,P,,1,RP,CL,,,,,55,,,,51,52,51,50,52,51,54,58,59,65,0,0,0,,,,,0,,,,50,44,45,51,44,42,44,48,56,58,0,0,0,False,,,0,,,,,,0,50,closer,
P2381,John,Doe,1996-05-01,75,189,Unknown,medium,brown,clean_shaven,L,P,,1,RP,SP,,,,,51,,,,52,52,49,50,54,50,53,0,0,58,61,0,0,,,,,0,,,,48,49,48,57,44,49,56,0,0,53,64,0,0,False,,,0,,,,,,0,50,groundball_sp,
P2577,John,Doe,1992-02-25,75,229,Unknown,light,black,goatee,R,P,,1,RP,SP,,,,,49,,,,49,49,51,53,52,49,50,60,62,0,0,0,0,,,,,0,,,,43,39,51,50,43,42,40,53,59,0,0,0,0,False,,,0,,,,,,0,50,balanced_sp,
P4969,John,Doe,1999-02-02,68,179,Unknown,dark,black,clean_shaven,R,P,,1,RP,LR,,,,,52,,,,47,48,52,53,52,51,54,0,63,65,0,0,0,,,,,0,,,,53,62,68,59,66,60,62,0,72,71,0,0,0,False,,,0,,,,,,0,50,long_relief,
P4387,John,Doe,2002-04-17,77,216,Unknown,dark,black,clean_shaven,R,P,,1,RP,RP,,,,,52,,,,50,53,48,50,54,50,53,0,60,67,0,0,0,,,,,0,,,,64,67,60,68,57,57,63,0,71,76,0,0,0,False,,,0,,,,,,0,50,power_rp,
P1387,John,Doe,1998-07-26,73,229,Unknown,light,brown,clean_shaven,R,P,,1,RP,RP,,,,,50,,,,48,50,50,50,52,51,51,0,60,65,60,0,0,,,,,0,,,,58,64,60,62,60,56,61,0,69,73,68,0,0,False,,,0,,,,,,0,50,power_rp,
P6839,John,Doe,2001-06-18,73,174,Unknown,light,black,clean_shaven,S,P,,1,RP,RP,,,,,49,,,,49,52,50,52,52,49,53,61,60,0,0,56,0,,,,,0,,,,61,57,61,60,63,55,67,68,69,0,0,63,0,False,,,0,,,,,,0,50,finesse_rp,
P6289,John,Doe,2004-05-13,72,231,Unknown,dark,black,clean_shaven,S,LF,,0,,,61,49,49,53,53,51,54,49,50,51,,,,,,,,,,,,71,72,64,83,53,0,0,49,61,64,,,,,,,,,,,,False,,,0,,,,,,0,50,,spray
P8385,John,Doe,2005-02-07,73,179,Unknown,medium,brown,clean_shaven,R,C,,0,,,53,52,49,52,52,51,58,49,52,52,,,,,,,,,,,,68,62,62,74,52,0,0,49,78,68,,,,,,,,,,,,False,,,0,,,,,,0,50,,balanced
P6023,John,Doe,1996-04-05,72,216,Unknown,dark,black,clean_shaven,R,LF,,0,,,53,49,70,51,53,51,54,51,51,52,,,,,,,,,,,,49,45,65,46,53,0,0,51,46,56,,,,,,,,,,,,False,,,0,,,,,,0,50,,speed
P2654,John,Doe,1996-05-15,77,204,Unknown,light,brown,clean_shaven,R,C,,0,,,50,50,51,49,52,52,58,49,50,48,,,,,,,,,,,,54,48,49,46,52,0,0,49,51,44,,,,,,,,,,,,False,,,0,,,,,,0,50,,balanced
P3786,John,Doe,1996-03-31,73,170,Unknown,dark,brown,mustache,R,1B,,0,,,51,51,70,52,53,48,53,51,51,52,,,,,,,,,,,,50,50,73,53,53,0,0,51,48,51,,,,,,,,,,,,False,,,0,,,,,,0,50,,speed
P7362,John,Doe,1999-06-15,69,246,Unknown,light,black,clean_shaven,S,LF,,0,,,53,50,70,53,53,51,55,53,51,53,,,,,,,,,,,,63,57,75,68,53,0,0,53,56,64,,,,,,,,,,,,False,,,0,,,,,,0,50,,speed
P8517,John,Doe,1988-11-24,73,181,Unknown,medium,black,clean_shaven,L,RF,1B,0,,,51,51,50,51,51,49,47,49,50,50,,,,,,,,,,,,48,51,45,44,51,0,0,49,50,50,,,,,,,,,,,,False,,,0,,,,,,0,50,,average
P2978,John,Doe,1992-04-21,68,242,Unknown,light,black,clean_shaven,R,LF,,0,,,53,64,50,52,49,50,56,52,51,53,,,,,,,,,,,,44,54,46,47,49,0,0,52,50,51,,,,,,,,,,,,False,,,0,,,,,,0,50,,power
P7029,John,Doe,2005-11-04,70,193,Unknown,light,blonde,clean_shaven,R,P,,1,RP,CL,,,,,55,,,,50,54,48,51,52,51,56,59,0,66,0,0,0,,,,,0,,,,71,70,66,75,78,79,68,88,0,95,0,0,0,False,,,0,,,,,,0,50,closer,
P9261,John,Doe,2005-06-30,71,240,Unknown,dark,blonde,clean_shaven,L,P,,1,RP,SP,,,,,51,,,,51,52,54,53,53,52,51,0,60,60,0,0,0,,,,,0,,,,61,73,83,78,65,70,73,0,72,72,0,0,0,False,,,0,,,,,,0,50,power_sp,
P8003,John,Doe,2005-09-15,78,209,Unknown,dark,red,clean_shaven,R,P,,1,RP,RP,,,,,53,,,,51,50,51,51,52,50,52,0,59,64,62,0,0,,,,,0,,,,62,64,64,73,68,68,62,0,76,76,83,0,0,False,,,0,,,,,,0,50,power_rp,
P7145,John,Doe,2005-10-08,74,197,Unknown,dark,brown,beard,R,P,,1,RP,RP,,,,,52,,,,49,53,52,50,54,52,51,0,63,0,0,0,0,,,,,0,,,,65,75,74,75,69,72,67,0,81,0,0,0,0,False,,,0,,,,,,0,50,power_rp,
P1931,John,Doe,2008-02-08,72,169,Unknown,dark,black,clean_shaven,L,P,,1,RP,SP,,,,,51,,,,51,50,50,50,53,51,53,0,61,63,0,0,0,,,,,0,,,,77,71,78,65,62,80,67,0,77,88,0,0,0,False,,,0,,,,,,0,50,power_sp,
P1679,John,Doe,2007-01-24,68,224,Unknown,dark,brown,mustache,L,1B,,0,,,52,51,76,51,49,47,49,49,51,48,,,,,,,,,,,,68,62,99,69,49,0,0,49,67,77,,,,,,,,,,,,False,,,0,,,,,,0,50,,speed
P8217,John,Doe,2006-08-18,69,192,Unknown,medium,black,clean_shaven,R,CF,,0,,,53,51,52,51,51,51,51,51,51,52,,,,,,,,,,,,83,64,65,69,51,0,0,51,75,82,,,,,,,,,,,,False,,,0,,,,,,0,50,,balanced
P1053,John,Doe,2006-02-11,69,161,Unknown,light,brown,goatee,R,CF,,0,,,51,56,51,50,53,50,51,51,49,52,,,,,,,,,,,,65,68,63,60,53,0,0,51,62,66,,,,,,,,,,,,False,,,0,,,,,,0,50,,gap
P3321,John,Doe,2007-10-14,68,210,Unknown,medium,blonde,beard,R,1B,,0,,,48,58,53,49,51,49,55,51,50,51,,,,,,,,,,,,74,88,82,62,51,0,0,51,63,65,,,,,,,,,,,,False,,,0,,,,,,0,50,,average
P9143,John,Doe,2006-10-07,73,179,Unknown,light,blonde,beard,S,2B,,0,,,54,49,51,53,50,52,54,50,49,50,,,,,,,,,,,,84,69,66,81,50,0,0,50,78,79,,,,,,,,,,,,False,,,0,,,,,,0,50,,balanced
P1728,John,Doe,2003-01-05,77,174,Unknown,medium,brown,clean_shaven,S,P,,1,RP,CL,,,,,55,,,,50,54,47,51,52,50,53,0,0,66,0,0,0,,,,,0,,,,56,66,63,67,56,59,59,0,0,72,0,0,0,False,,,0,,,,,,0,50,closer,
P6755,John,Doe,1995-12-24,68,205,Unknown,light,black,clean_shaven,L,P,,1,RP,LR,,,,,50,,,,52,51,51,50,53,49,52,60,59,64,0,0,0,,,,,0,,,,55,53,50,55,51,54,52,61,54,65,0,0,0,False,,,0,,,,,,0,50,long_relief,
P6928,John,Doe,1995-10-02,74,180,Unknown,medium,black,clean_shaven,R,P,,1,RP,LR,,,,,52,,,,50,50,49,50,54,50,50,0,59,0,0,0,0,,,,,0,,,,52,48,53,56,46,55,49,0,63,0,0,0,0,False,,,0,,,,,,0,50,long_relief,
P4687,John,Doe,1987-03-31,73,170,Unknown,light,brown,beard,L,P,,1,RP,SP,,,,,50,,,,48,49,50,53,54,48,52,59,60,58,57,0,0,,,,,0,,,,42,44,46,47,40,45,52,55,56,48,47,0,0,False,,,0,,,,,,0,50,workhorse_sp,
P7552,John,Doe,1996-08-20,78,171,Unknown,dark,black,clean_shaven,R,P,,1,RP,RP,,,,,51,,,,49,51,48,51,52,52,52,62,60,67,0,0,0,,,,,0,,,,49,49,46,57,48,57,49,63,57,71,0,0,0,False,,,0,,,,,,0,50,finesse_rp,
P9608,John,Doe,1988-06-15,71,177,Unknown,light,red,clean_shaven,R,P,,1,RP,SP,,,,,49,,,,49,53,53,50,54,48,52,58,59,0,0,0,0,,,,,0,,,,47,48,40,45,50,41,47,57,58,0,0,0,0,False,,,0,,,,,,0,50,workhorse_sp,
P5824,John,Doe,1992-03-31,76,199,Unknown,dark,red,clean_shaven,S,P,,1,RP,RP,,,,,50,,,,53,50,49,52,52,52,55,0,60,64,0,0,0,,,,,0,,,,46,47,48,51,44,47,49,0,51,59,0,0,0,False,,,0,,,,,,0,50,power_rp,
P4049,John,Doe,2001-05-19,77,182,Unknown,dark,blonde,goatee,R,P,,1,RP,SP,,,,,50,,,,53,50,54,52,54,52,53,62,61,0,58,0,0,,,,,0,,,,63,55,61,62,64,57,58,74,67,0,68,0,0,False,,,0,,,,,,0,50,finesse_sp,
P7243,John,Doe,1990-02-04,77,177,Unknown,medium,blonde,mustache,S,P,,1,RP,SP,,,,,49,,,,49,50,50,53,52,53,53,62,63,61,61,0,0,,,,,0,,,,42,42,50,45,46,50,48,57,59,56,54,0,0,False,,,0,,,,,,0,50,finesse_sp,
P8463,John,Doe,1998-11-04,76,171,Unknown,medium,brown,beard,R,P,,1,RP,SP,,,,,50,,,,48,53,52,50,54,50,52,63,63,58,58,0,0,,,,,0,,,,60,68,58,68,66,61,61,72,76,69,69,0,0,False,,,0,,,,,,0,50,balanced_sp,
P2546,John,Doe,2002-05-04,77,234,Unknown,dark,blonde,clean_shaven,L,P,,1,RP,RP,,,,,50,,,,51,49,52,50,53,53,52,61,60,0,59,0,0,,,,,0,,,,66,54,64,65,60,63,67,74,69,0,66,0,0,False,,,0,,,,,,0,50,finesse_rp,
P3460,John,Doe,1996-11-21,71,175,Unknown,medium,blonde,clean_shaven,S,C,,0,,,49,48,48,50,51,52,54,50,52,52,,,,,,,,,,,,46,49,53,49,51,0,0,50,55,57,,,,,,,,,,,,False,,,0,,,,,,0,50,,average
P9526,John,Doe,1989-08-04,70,176,Unknown,medium,blonde,beard,R,1B,,0,,,49,53,51,49,52,52,54,49,48,50,,,,,,,,,,,,45,45,41,49,52,0,0,49,43,42,,,,,,,,,,,,False,,,0,,,,,,0,50,,average
P1708,John,Doe,1999-05-19,71,233,Unknown,medium,brown,clean_shaven,S,2B,,0,,,50,48,49,51,52,50,54,51,52,50,,,,,,,,,,,,61,56,58,65,52,0,0,51,60,55,,,,,,,,,,,,False,,,0,,,,,,0,50,,balanced
P8991,John,Doe,1989-09-30,74,228,Unknown,medium,black,beard,S,3B,,0,,,52,53,50,50,51,47,55,53,52,48,,,,,,,,,,,,48,46,47,44,51,0,0,53,49,38,,,,,,,,,,,,False,,,0,,,,,,0,50,,balanced
P2508,John,Doe,1992-11-29,77,207,Unknown,dark,brown,goatee,R,SS,,0,,,50,51,52,50,49,48,58,51,52,47,,,,,,,,,,,,43,49,42,42,49,0,0,51,49,37,,,,,,,,,,,,False,,,0,,,,,,0,50,,average
P1917,John,Doe,2001-07-05,73,174,Unknown,medium,black,clean_shaven,R,LF,,0,,,49,60,48,52,50,52,56,52,49,50,,,,,,,,,,,,64,67,58,67,50,0,0,52,57,64,,,,,,,,,,,,False,,,0,,,,,,0,50,,power
P3279,John,Doe,1989-02-22,71,203,Unknown,light,brown,beard,R,CF,,0,,,53,50,70,53,51,48,53,48,52,49,,,,,,,,,,,,44,41,65,44,51,0,0,48,50,47,,,,,,,,,,,,False,,,0,,,,,,0,50,,speed
P4074,John,Doe,1989-11-19,70,179,Unknown,light,black,clean_shaven,L,RF,,0,,,51,55,50,51,47,49,50,51,52,50,,,,,,,,,,,,50,45,43,43,47,0,0,51,46,40,,,,,,,,,,,,False,,,0,,,,,,0,50,,balanced
P1623,John,Doe,1995-08-19,76,230,Unknown,light,brown,clean_shaven,L,LF,,0,,,52,53,51,50,51,51,49,50,49,51,,,,,,,,,,,,48,57,48,51,51,0,0,50,52,53,,,,,,,,,,,,False,,,0,,,,,,0,50,,balanced
P8346,John,Doe,1996-02-28,77,226,Unknown,medium,brown,beard,R,3B,,0,,,50,51,48,51,49,49,59,50,51,52,,,,,,,,,,,,45,50,49,50,49,0,0,50,46,56,,,,,,,,,,,,False,,,0,,,,,,0,50,,balanced
P5261,John,Doe,1993-10-27,70,223,Unknown,medium,black,goatee,R,LF,,0,,,48,62,49,49,48,52,55,52,50,48,,,,,,,,,,,,48,56,40,41,48,0,0,52,50,41,,,,,,,,,,,,False,,,0,,,,,,0,50,,power
P2667,John,Doe,1992-01-13,75,172,Unknown,medium,brown,clean_shaven,R,2B,,0,,,64,56,52,54,49,49,56,49,51,51,,,,,,,,,,,,54,46,43,54,49,0,0,49,51,47,,,,,,,,,,,,False,,,0,,,,,,0,50,,gap
P4450,John,Doe,2000-04-18,68,174,Unknown,medium,brown,beard,L,LF,,0,,,50,50,52,50,49,51,48,49,52,51,,,,,,,,,,,,58,65,67,58,49,0,0,49,58,65,,,,,,,,,,,,False,,,0,,,,,,0,50,,balanced
P4155,John,Doe,2003-11-11,74,241,Unknown,light,red,goatee,R,CF,,0,,,50,50,51,49,51,50,52,48,52,48,,,,,,,,,,,,65,59,63,58,51,0,0,48,65,60,,,,,,,,,,,,False,,,0,,,,,,0,50,,balanced
P3748,John,Doe,1988-03-27,73,180,Unknown,dark,black,beard,R,P,,1,RP,CL,,,,,55,,,,51,50,51,50,52,51,52,0,59,65,0,0,0,,,,,0,,,,50,48,44,44,49,41,48,0,52,64,0,0,0,False,,,0,,,,,,0,50,closer,
P1047,John,Doe,1989-07-21,71,232,Unknown,medium,brown,beard,L,P,,1,RP,SP,,,,,51,,,,51,52,52,51,53,50,51,58,0,59,59,0,0,,,,,0,,,,42,52,46,51,49,44,45,57,0,49,50,0,0,False,,,0,,,,,,0,50,groundball_sp,
P1988,John,Doe,1988-12-14,77,221,Unknown,medium,blonde,beard,L,P,,1,RP,SP,,,,,50,,,,51,49,52,52,53,50,51,59,63,0,0,0,0,,,,,0,,,,42,40,51,44,50,46,50,53,60,0,0,0,0,False,,,0,,,,,,0,50,finesse_sp,
P3575,John,Doe,2002-07-24,70,199,Unknown,dark,black,clean_shaven,R,P,,1,RP,CL,,,,,48,,,,50,52,52,50,54,49,54,59,62,65,0,0,0,,,,,0,,,,59,65,64,69,58,57,66,67,77,79,0,0,0,False,,,0,,,,,,0,50,closer,
P9588,John,Doe,1988-08-11,71,194,Unknown,medium,black,beard,L,P,,1,RP,SP,,,,,49,,,,51,52,53,52,52,49,51,61,62,60,0,0,0,,,,,0,,,,44,51,49,49,46,48,51,60,62,54,0,0,0,False,,,0,,,,,,0,50,power_sp,
P3965,John,Doe,1991-12-16,70,204,Unknown,light,black,clean_shaven,S,P,,1,RP,SP,,,,,51,,,,50,50,49,53,53,51,53,62,61,0,0,0,0,,,,,0,,,,44,45,50,43,48,42,50,58,60,0,0,0,0,False,,,0,,,,,,0,50,finesse_sp,
P4793,John,Doe,2004-07-02,75,165,Unknown,medium,brown,goatee,R,P,,1,RP,RP,,,,,53,,,,52,50,52,50,53,50,51,0,61,67,0,0,0,,,,,0,,,,78,62,80,71,66,63,79,0,75,96,0,0,0,False,,,0,,,,,,0,50,power_rp,
P5652,John,Doe,1997-09-07,69,217,Unknown,medium,black,clean_shaven,R,SS,,0,,,51,62,48,52,48,49,57,50,48,50,,,,,,,,,,,,54,60,50,53,48,0,0,50,47,45,,,,,,,,,,,,False,,,0,,,,,,0,50,,power
P5470,John,Doe,1999-08-13,68,228,Unknown,light,black,clean_shaven,S,RF,,0,,,51,50,49,49,49,50,53,50,49,50,,,,,,,,,,,,58,58,54,55,49,0,0,50,57,62,,,,,,,,,,,,False,,,0,,,,,,0,50,,balanced
P7234,John,Doe,1994-08-18,75,220,Unknown,medium,brown,mustache,R,LF,,0,,,68,53,52,54,50,51,54,51,50,51,,,,,,,,,,,,66,49,52,49,50,0,0,51,55,55,,,,,,,,,,,,False,,,0,,,,,,0,50,,spray
P5617,John,Doe,1991-09-28,77,213,Unknown,light,black,clean_shaven,R,1B,,0,,,50,56,53,49,52,51,51,48,52,51,,,,,,,,,,,,47,50,50,47,52,0,0,48,49,49,,,,,,,,,,,,False,,,0,,,,,,0,50,,balanced
P7940,John,Doe,1996-09-21,77,188,Unknown,light,brown,mustache,R,3B,,0,,,53,53,49,52,46,53,58,51,51,50,,,,,,,,,,,,49,51,54,49,46,0,0,51,48,46,,,,,,,,,,,,False,,,0,,,,,,0,50,,gap
P7658,John,Doe,1989-11-29,77,224,Unknown,dark,blonde,beard,R,C,,0,,,57,49,49,52,50,48,59,50,50,51,,,,,,,,,,,,51,44,41,49,50,0,0,50,46,44,,,,,,,,,,,,False,,,0,,,,,,0,50,,spray
P3597,John,Doe,2001-09-19,75,199,Unknown,light,blonde,clean_shaven,L,2B,,0,,,59,47,51,55,50,48,48,51,52,53,,,,,,,,,,,,69,58,56,62,50,0,0,51,64,67,,,,,,,,,,,,False,,,0,,,,,,0,50,,spray
P6074,John,Doe,2000-04-18,73,164,Unknown,light,black,clean_shaven,R,SS,,0,,,61,48,51,55,49,48,62,49,51,50,,,,,,,,,,,,74,58,64,66,49,0,0,49,62,62,,,,,,,,,,,,False,,,0,,,,,,0,50,,spray
P8807,John,Doe,2007-06-01,69,205,Unknown,medium,black,clean_shaven,S,P,,1,RP,CL,,,,,55,,,,48,53,48,50,52,50,53,0,62,65,0,0,0,,,,,0,,,,70,82,66,71,71,62,81,0,74,89,0,0,0,False,,,0,,,,,,0,50,closer,
P9211,John,Doe,2005-02-18,72,174,Unknown,dark,black,mustache,R,P,,1,RP,SP,,,,,47,,,,49,52,50,50,54,52,51,0,62,58,0,0,0,,,,,0,,,,72,62,66,66,62,71,80,0,90,76,0,0,0,False,,,0,,,,,,0,50,power_sp,
P2519,John,Doe,2004-03-01,72,178,Unknown,dark,black,beard,R,P,,1,RP,SP,,,,,49,,,,52,52,53,50,52,49,49,0,59,58,0,0,0,,,,,0,,,,81,78,74,78,63,72,77,0,83,75,0,0,0,False,,,0,,,,,,0,50,workhorse_sp,
P1492,John,Doe,2006-08-23,72,240,Unknown,dark,brown,clean_shaven,L,P,,1,RP,RP,,,,,49,,,,51,52,53,51,53,49,53,0,0,67,0,0,0,,,,,0,,,,70,80,65,72,74,66,69,0,0,89,0,0,0,False,,,0,,,,,,0,50,power_rp,
P7032,John,Doe,2007-05-05,69,238,Unknown,medium,blonde,clean_shaven,R,P,,1,RP,RP,,,,,53,,,,50,51,53,50,52,49,50,0,59,63,60,0,0,,,,,0,,,,79,61,71,81,72,63,70,0,88,90,87,0,0,False,,,0,,,,,,0,50,groundball_rp,
P5271,John,Doe,2007-12-03,70,237,Unknown,light,blonde,goatee,L,1B,,0,,,53,59,52,49,51,50,45,52,49,51,,,,,,,,,,,,74,87,82,67,51,0,0,52,61,66,,,,,,,,,,,,False,,,0,,,,,,0,50,,balanced
P8577,John,Doe,2005-08-04,70,197,Unknown,dark,blonde,clean_shaven,R,CF,,0,,,48,50,52,49,52,48,51,48,52,48,,,,,,,,,,,,62,68,71,76,52,0,0,48,62,59,,,,,,,,,,,,False,,,0,,,,,,0,50,,average
P7190,John,Doe,2007-09-24,75,176,Unknown,light,brown,clean_shaven,L,1B,,0,,,51,60,50,50,52,50,45,51,50,52,,,,,,,,,,,,71,90,61,63,52,0,0,51,69,74,,,,,,,,,,,,False,,,0,,,,,,0,50,,power
P1070,John,Doe,2007-07-10,69,169,Unknown,medium,black,clean_shaven,S,RF,,0,,,53,64,51,52,51,51,51,48,52,50,,,,,,,,,,,,64,90,64,65,51,0,0,48,78,60,,,,,,,,,,,,False,,,0,,,,,,0,50,,power
P9717,John,Doe,2005-12-12,76,226,Unknown,light,brown,beard,L,CF,,0,,,61,49,51,53,52,47,47,48,51,50,,,,,,,,,,,,77,69,63,79,52,0,0,48,71,69,,,,,,,,,,,,False,,,0,,,,,,0,50,,spray
P3739,John,Doe,2004-09-03,70,238,Unknown,dark,black,clean_shaven,S,P,,1,RP,CL,,,,,55,,,,50,51,47,51,53,52,55,0,0,67,0,0,0,,,,,0,,,,73,70,62,81,74,76,68,0,0,92,0,0,0,False,,,0,,,,,,0,50,closer,
P3234,John,Doe,2003-02-08,77,248,Unknown,light,brown,goatee,L,P,,1,RP,SP,,,,,52,,,,50,48,50,50,52,51,53,60,63,57,57,0,0,,,,,0,,,,57,63,61,60,62,65,59,69,76,64,70,0,0,False,,,0,,,,,,0,50,finesse_sp,
P5305,John,Doe,1989-06-09,72,175,Unknown,dark,blonde,clean_shaven,L,P,RF,1,RP,SP,,,,,49,,,,51,52,51,51,54,51,53,0,61,62,0,0,0,,,,,0,,,,42,50,48,54,45,45,50,0,52,55,0,0,0,False,,,0,,,,,,0,50,workhorse_sp,
P8849,John,Doe,1987-09-17,76,231,Unknown,medium,black,clean_shaven,L,P,,1,RP,SP,,,,,49,,,,51,50,49,50,54,50,53,62,0,59,57,0,0,,,,,0,,,,42,49,41,52,42,44,51,52,0,49,54,0,0,False,,,0,,,,,,0,50,groundball_sp,
P2398,John,Doe,1987-04-06,73,161,Unknown,light,black,clean_shaven,L,P,,1,RP,SP,,,,,49,,,,48,54,54,50,53,51,52,0,59,62,56,58,0,,,,,0,,,,46,44,45,45,50,50,47,0,56,61,56,51,0,False,,,0,,,,,,0,50,power_sp,
P5483,John,Doe,1991-02-20,78,166,Unknown,medium,brown,clean_shaven,R,P,,1,RP,SP,,,,,48,,,,52,50,50,51,54,52,52,60,62,0,0,0,0,,,,,0,,,,48,48,47,54,44,44,47,52,62,0,0,0,0,False,,,0,,,,,,0,50,finesse_sp,
P2608,John,Doe,1995-01-24,70,232,Unknown,light,brown,goatee,L,P,,1,RP,SP,,,,,50,,,,51,53,53,50,52,51,51,59,60,58,58,0,0,,,,,0,,,,55,58,55,51,51,54,52,62,56,53,63,0,0,False,,,0,,,,,,0,50,finesse_sp,
P9697,John,Doe,1999-09-14,77,219,Unknown,light,black,clean_shaven,R,P,,1,RP,SP,,,,,51,,,,51,49,51,50,52,52,51,63,60,0,56,57,0,,,,,0,,,,66,60,63,57,62,59,62,78,65,0,62,69,0,False,,,0,,,,,,0,50,finesse_sp,
P2720,John,Doe,1993-11-13,78,203,Unknown,medium,black,clean_shaven,R,P,,1,RP,RP,,,,,56,,,,50,50,50,50,53,53,50,57,0,66,62,0,0,,,,,0,,,,46,45,40,45,46,51,45,48,0,64,53,0,0,False,,,0,,,,,,0,50,groundball_rp,
P6277,John,Doe,1994-02-20,73,204,Unknown,dark,blonde,clean_shaven,R,P,,1,RP,SP,,,,,50,,,,48,53,53,50,54,52,52,0,59,0,58,0,0,,,,,0,,,,46,49,48,44,50,43,49,0,50,0,48,0,0,False,,,0,,,,,,0,50,groundball_sp,
P3640,John,Doe,2004-09-26,69,174,Unknown,light,black,beard,R,P,,1,RP,SP,,,,,48,,,,50,52,52,51,54,49,50,63,60,0,0,0,0,,,,,0,,,,65,79,65,81,62,62,68,73,75,0,0,0,0,False,,,0,,,,,,0,50,finesse_sp,
P6748,John,Doe,2005-01-23,71,237,Unknown,dark,blonde,clean_shaven,R,C,,0,,,49,52,47,50,50,52,59,49,51,51,,,,,,,,,,,,65,82,64,68,50,0,0,49,71,64,,,,,,,,,,,,False,,,0,,,,,,0,50,,average
P7156,John,Doe,2002-08-23,69,207,Unknown,light,red,clean_shaven,L,1B,,0,,,49,62,53,50,51,52,48,49,51,51,,,,,,,,,,,,55,74,64,65,51,0,0,49,56,57,,,,,,,,,,,,False,,,0,,,,,,0,50,,power
P3438,John,Doe,2000-06-18,74,178,Unknown,medium,brown,mustache,R,2B,,0,,,51,48,70,51,52,48,55,51,51,49,,,,,,,,,,,,61,60,77,65,52,0,0,51,59,58,,,,,,,,,,,,False,,,0,,,,,,0,50,,speed
P2141,John,Doe,1995-12-28,70,198,Unknown,light,brown,clean_shaven,R,3B,,0,,,49,61,50,49,49,53,58,49,50,53,,,,,,,,,,,,51,66,47,52,49,0,0,49,55,56,,,,,,,,,,,,False,,,0,,,,,,0,50,,power
P6132,John,Doe,1991-06-15,71,193,Unknown,dark,brown,beard,R,SS,,0,,,50,53,51,50,53,50,60,51,47,48,,,,,,,,,,,,47,53,50,50,53,0,0,51,37,43,,,,,,,,,,,,False,,,0,,,,,,0,50,,balanced
P3144,John,Doe,1990-07-14,72,204,Unknown,medium,brown,beard,R,LF,,0,,,60,51,52,52,49,51,59,51,53,50,,,,,,,,,,,,59,47,42,43,49,0,0,51,43,42,,,,,,,,,,,,False,,,0,,,,,,0,50,,spray
P2835,John,Doe,1995-09-08,76,172,Unknown,dark,black,beard,L,CF,,0,,,60,50,52,52,53,48,42,51,51,52,,,,,,,,,,,,60,55,54,56,53,0,0,51,50,50,,,,,,,,,,,,False,,,0,,,,,,0,50,,spray
P1497,John,Doe,1989-04-03,71,233,Unknown,dark,brown,goatee,L,RF,LF,0,,,50,62,48,50,49,49,51,48,51,48,,,,,,,,,,,,50,53,38,47,49,0,0,48,42,40,,,,,,,,,,,,False,,,0,,,,,,0,50,,power
P9785,John,Doe,1994-09-20,77,240,Unknown,light,black,clean_shaven,R,1B,,0,,,51,65,52,50,49,54,55,49,50,52,,,,,,,,,,,,51,69,47,47,49,0,0,49,47,52,,,,,,,,,,,,False,,,0,,,,,,0,50,,power
P3696,John,Doe,1994-06-20,72,241,Unknown,light,brown,clean_shaven,L,C,,0,,,62,50,51,53,51,52,48,50,52,51,,,,,,,,,,,,67,55,46,54,51,0,0,50,53,48,,,,,,,,,,,,False,,,0,,,,,,0,50,,spray
P9185,John,Doe,2003-02-18,72,184,Unknown,medium,black,clean_shaven,R,CF,,0,,,58,49,49,54,50,51,52,49,51,49,,,,,,,,,,,,73,56,57,60,50,0,0,49,61,57,,,,,,,,,,,,False,,,0,,,,,,0,50,,spray
P8420,John,Doe,2002-07-01,75,250,Unknown,light,black,clean_shaven,S,1B,,0,,,49,60,50,51,47,50,50,49,53,52,,,,,,,,,,,,55,67,63,57,47,0,0,49,63,67,,,,,,,,,,,,False,,,0,,,,,,0,50,,power
P9973,John,Doe,1997-07-22,73,170,Unknown,medium,brown,clean_shaven,R,SS,,0,,,51,49,49,51,49,51,59,50,48,48,,,,,,,,,,,,50,50,48,50,49,0,0,50,48,46,,,,,,,,,,,,False,,,0,,,,,,0,50,,balanced
P2994,John,Doe,2003-10-20,73,232,Unknown,dark,brown,clean_shaven,L,3B,,0,,,49,49,52,50,52,50,50,52,49,49,,,,,,,,,,,,54,57,57,63,52,0,0,52,55,62,,,,,,,,,,,,False,,,0,,,,,,0,50,,average
P7036,John,Doe,1996-08-03,74,163,Unknown,medium,brown,clean_shaven,R,P,,1,RP,CL,,,,,55,,,,49,52,51,50,54,49,55,0,59,67,0,0,0,,,,,0,,,,53,56,55,49,48,52,54,0,54,63,0,0,0,False,,,0,,,,,,0,50,closer,
P3966,John,Doe,2000-12-27,71,226,Unknown,dark,black,clean_shaven,L,P,,1,RP,RP,,,,,49,,,,49,50,50,54,52,53,49,60,60,0,0,0,0,,,,,0,,,,57,59,60,57,64,65,59,74,73,0,0,0,0,False,,,0,,,,,,0,50,finesse_rp,
P6010,John,Doe,1999-10-25,75,201,Unknown,medium,brown,goatee,R,P,,1,RP,SP,,,,,48,,,,52,48,52,52,54,51,48,62,63,0,0,57,0,,,,,0,,,,67,63,64,69,65,57,54,76,68,0,0,69,0,False,,,0,,,,,,0,50,finesse_sp,
P5601,John,Doe,1994-01-23,76,219,Unknown,dark,black,beard,R,P,,1,RP,SP,,,,,51,,,,49,52,53,52,54,49,51,0,58,59,57,0,0,,,,,0,,,,49,50,43,52,53,45,45,0,49,55,51,0,0,False,,,0,,,,,,0,50,groundball_sp,
P3953,John,Doe,1999-07-17,75,229,Unknown,medium,brown,mustache,L,P,,1,RP,RP,,,,,51,,,,52,51,52,50,54,50,54,0,59,65,0,0,0,,,,,0,,,,58,59,60,63,64,56,63,0,70,74,0,0,0,False,,,0,,,,,,0,50,power_rp,
P4807,John,Doe,2001-01-24,73,171,Unknown,light,black,mustache,R,P,,1,RP,RP,,,,,48,,,,49,53,49,50,52,53,53,0,62,67,61,0,0,,,,,0,,,,62,65,58,64,61,61,63,0,73,77,70,0,0,False,,,0,,,,,,0,50,power_rp,
P2707,John,Doe,1998-07-10,73,176,Unknown,dark,red,goatee,R,P,,1,RP,SP,,,,,51,,,,51,52,52,52,52,53,51,61,0,61,61,0,0,,,,,0,,,,58,65,60,67,60,63,65,67,0,68,67,0,0,False,,,0,,,,,,0,50,groundball_sp,
P6544,John,Doe,1995-12-10,68,229,Unknown,dark,black,clean_shaven,R,RF,,0,,,53,59,49,52,49,50,58,48,51,51,,,,,,,,,,,,56,62,54,56,49,0,0,48,47,48,,,,,,,,,,,,False,,,0,,,,,,0,50,,power
P5888,John,Doe,2005-02-01,78,161,Unknown,medium,black,clean_shaven,R,3B,,0,,,52,63,48,52,48,53,60,52,48,48,,,,,,,,,,,,67,81,78,80,48,0,0,52,67,58,,,,,,,,,,,,False,,,0,,,,,,0,50,,power
P1411,John,Doe,1987-12-15,71,199,Unknown,light,black,clean_shaven,R,LF,,0,,,51,58,52,52,48,50,57,50,50,49,,,,,,,,,,,,51,54,51,48,48,0,0,50,46,47,,,,,,,,,,,,False,,,0,,,,,,0,50,,gap
P2672,John,Doe,1988-06-25,78,244,Unknown,light,black,beard,L,RF,,0,,,61,53,48,53,51,52,46,50,49,52,,,,,,,,,,,,59,43,39,52,51,0,0,50,39,52,,,,,,,,,,,,False,,,0,,,,,,0,50,,spray
P4320,John,Doe,1996-05-24,68,186,Unknown,dark,black,beard,R,2B,,0,,,54,49,51,50,52,48,56,52,49,51,,,,,,,,,,,,57,54,47,55,52,0,0,52,52,53,,,,,,,,,,,,False,,,0,,,,,,0,50,,balanced
P6706,John,Doe,1992-04-09,72,175,Unknown,light,black,clean_shaven,R,CF,,0,,,54,54,52,50,52,50,58,53,52,53,,,,,,,,,,,,49,51,43,44,52,0,0,53,44,48,,,,,,,,,,,,False,,,0,,,,,,0,50,,balanced
P5390,John,Doe,2000-11-03,76,183,Unknown,medium,black,goatee,R,2B,,0,,,52,53,50,51,48,49,59,49,50,51,,,,,,,,,,,,64,58,63,57,48,0,0,49,56,58,,,,,,,,,,,,False,,,0,,,,,,0,50,,balanced
P7223,John,Doe,1989-10-30,78,223,Unknown,medium,blonde,beard,R,3B,,0,,,51,49,50,52,51,50,58,50,50,48,,,,,,,,,,,,49,45,43,43,51,0,0,50,50,45,,,,,,,,,,,,False,,,0,,,,,,0,50,,balanced
P9789,John,Doe,2007-01-23,77,230,Unknown,dark,black,clean_shaven,R,P,,1,RP,CL,,,,,55,,,,48,50,47,50,53,53,53,0,0,67,0,0,0,,,,,0,,,,69,69,67,83,61,67,66,0,0,87,0,0,0,False,,,0,,,,,,0,50,closer,
P4499,John,Doe,2005-04-16,74,245,Unknown,light,brown,clean_shaven,S,P,,1,RP,SP,,,,,51,,,,51,53,54,51,52,51,53,59,63,60,55,0,0,,,,,0,,,,79,67,63,82,77,80,76,71,83,78,83,0,0,False,,,0,,,,,,0,50,finesse_sp,
P1068,John,Doe,2007-05-12,69,216,Unknown,light,brown,clean_shaven,R,P,,1,RP,SP,,,,,52,,,,51,51,52,50,52,50,50,60,61,61,56,0,0,,,,,0,,,,72,67,70,76,68,70,73,81,80,85,84,0,0,False,,,0,,,,,,0,50,workhorse_sp,
P3325,John,Doe,2006-07-31,73,198,Unknown,medium,black,beard,R,P,,1,RP,RP,,,,,53,,,,50,51,51,51,53,50,53,59,60,0,0,55,0,,,,,0,,,,62,72,70,63,77,71,63,74,70,0,0,83,0,False,,,0,,,,,,0,50,finesse_rp,
P6242,John,Doe,2004-03-13,68,174,Unknown,light,brown,clean_shaven,R,P,,1,RP,SP,,,,,52,,,,53,49,54,50,53,49,52,0,63,60,0,0,0,,,,,0,,,,83,69,66,67,83,68,71,0,83,70,0,0,0,False,,,0,,,,,,0,50,workhorse_sp,
P7079,John,Doe,2006-11-22,77,217,Unknown,medium,black,clean_shaven,R,3B,,0,,,48,52,52,50,50,50,56,50,49,50,,,,,,,,,,,,71,73,65,70,50,0,0,50,79,69,,,,,,,,,,,,False,,,0,,,,,,0,50,,balanced
P5645,John,Doe,2007-02-03,74,215,Unknown,medium,black,clean_shaven,S,LF,,0,,,51,62,51,51,48,50,55,49,49,53,,,,,,,,,,,,64,87,80,71,48,0,0,49,60,76,,,,,,,,,,,,False,,,0,,,,,,0,50,,power
P9993,John,Doe,2006-08-26,78,173,Unknown,light,black,clean_shaven,R,LF,1B,0,,,53,58,50,52,50,49,57,50,53,50,,,,,,,,,,,,73,81,80,81,50,0,0,50,73,74,,,,,,,,,,,,False,,,0,,,,,,0,50,,balanced
P2115,John,Doe,2004-09-05,71,214,Unknown,light,red,clean_shaven,R,1B,,0,,,51,51,50,49,48,52,56,52,47,48,,,,,,,,,,,,79,76,66,65,48,0,0,52,69,64,,,,,,,,,,,,False,,,0,,,,,,0,50,,average
P5092,John,Doe,2004-11-06,78,196,Unknown,medium,black,beard,R,SS,,0,,,53,59,50,51,52,50,57,49,52,48,,,,,,,,,,,,70,82,67,68,52,0,0,49,73,77,,,,,,,,,,,,False,,,0,,,,,,0,50,,power
P9682,John,Doe,1998-08-08,78,219,Unknown,light,black,clean_shaven,S,P,,1,RP,CL,,,,,55,,,,52,52,52,51,53,50,53,59,0,65,0,0,0,,,,,55,,,,63,63,63,61,65,57,64,74,0,71,0,0,0,False,,,0,,,,,,0,50,closer,
P2402,John,Doe,2001-08-07,74,170,Unknown,medium,black,clean_shaven,R,P,,1,RP,SP,,,,,52,,,,51,51,53,54,52,48,51,63,61,0,0,57,0,,,,,0,,,,66,57,60,67,65,61,62,77,71,0,0,62,0,False,,,0,,,,,,0,50,finesse_sp,
P5795,John,Doe,2003-11-29,75,208,Unknown,light,brown,clean_shaven,L,P,,1,RP,SP,,,,,52,,,,50,54,54,52,52,51,51,0,62,63,0,0,0,,,,,0,,,,57,63,64,67,65,61,63,0,68,68,0,0,0,False,,,0,,,,,,0,50,power_sp,
P2580,John,Doe,1995-09-08,77,168,Unknown,medium,black,clean_shaven,L,P,,1,RP,RP,,,,,55,,,,50,50,50,50,52,52,54,58,62,0,60,0,0,,,,,0,,,,51,52,45,55,47,53,55,61,60,0,61,0,0,False,,,0,,,,,,0,50,groundball_rp,
P4085,John,Doe,1998-03-25,69,203,Unknown,light,blonde,clean_shaven,R,P,,1,RP,SP,,,,,52,,,,48,51,51,52,53,51,49,62,63,0,0,58,0,,,,,0,,,,53,60,59,68,65,65,58,68,71,0,0,63,0,False,,,0,,,,,,0,50,finesse_sp,
P5879,John,Doe,1995-07-05,68,188,Unknown,medium,brown,beard,R,P,,1,RP,SP,,,,,49,,,,50,51,52,52,52,52,52,62,60,0,0,0,0,,,,,0,,,,47,52,57,50,51,55,49,61,61,0,0,0,0,False,,,0,,,,,,0,50,finesse_sp,
P2374,John,Doe,1991-10-31,74,181,Unknown,light,brown,goatee,L,P,,1,RP,SP,,,,,53,,,,49,53,50,53,52,50,52,58,59,58,58,0,0,,,,,0,,,,47,47,43,49,45,44,45,55,57,58,48,0,0,False,,,0,,,,,,0,50,groundball_sp,
P7502,John,Doe,1989-04-04,78,237,Unknown,medium,black,beard,S,P,,1,RP,RP,,,,,53,,,,52,52,48,50,53,51,51,0,63,0,0,0,0,,,,,0,,,,47,52,43,53,46,44,46,0,59,0,0,0,0,False,,,0,,,,,,0,50,finesse_rp,
P3404,John,Doe,1989-06-10,74,242,Unknown,medium,black,mustache,L,P,,1,RP,SP,,,,,49,,,,52,49,50,52,52,49,50,61,0,62,0,0,0,,,,,0,,,,52,45,47,42,42,48,44,59,0,59,0,0,0,False,,,0,,,,,,0,50,balanced_sp,
P2973,John,Doe,2003-03-10,78,233,Unknown,medium,blonde,goatee,L,P,,1,RP,SP,,,,,50,,,,50,50,50,50,52,51,54,0,64,60,0,54,0,,,,,0,,,,63,56,58,65,59,62,59,0,76,71,0,61,0,False,,,0,,,,,,0,50,power_sp,
P3619,John,Doe,1988-10-26,69,182,Unknown,light,black,clean_shaven,L,P,,1,RP,SP,,,,,49,,,,48,50,50,50,52,51,50,58,60,62,0,0,0,,,,,0,,,,41,43,46,42,42,51,41,57,58,60,0,0,0,False,,,0,,,,,,0,50,balanced_sp,
P3299,John,Doe,1988-08-22,69,164,Unknown,dark,brown,clean_shaven,L,C,,0,,,50,48,70,49,51,49,48,50,51,50,,,,,,,,,,,,41,45,70,43,51,0,0,50,49,49,,,,,,,,,,,,False,,,0,,,,,,0,50,,speed
P6617,John,Doe,1999-01-08,71,175,Unknown,medium,black,clean_shaven,L,1B,,0,,,48,62,52,51,51,54,42,50,50,52,,,,,,,,,,,,62,77,58,60,51,0,0,50,62,62,,,,,,,,,,,,False,,,0,,,,,,0,50,,power
P1394,John,Doe,1998-12-15,74,167,Unknown,medium,black,clean_shaven,R,2B,,0,,,55,48,52,54,50,48,56,52,49,52,,,,,,,,,,,,69,55,64,63,50,0,0,52,62,67,,,,,,,,,,,,False,,,0,,,,,,0,50,,spray
P9815,John,Doe,1992-04-16,77,225,Unknown,light,black,beard,R,3B,,0,,,49,55,50,50,47,50,59,52,52,48,,,,,,,,,,,,45,51,47,49,47,0,0,52,48,38,,,,,,,,,,,,False,,,0,,,,,,0,50,,power
P5640,John,Doe,1997-07-28,72,189,Unknown,dark,brown,clean_shaven,R,SS,,0,,,49,58,50,50,47,49,59,52,49,48,,,,,,,,,,,,44,58,47,45,47,0,0,52,48,45,,,,,,,,,,,,False,,,0,,,,,,0,50,,power
P9459,John,Doe,1996-06-15,72,168,Unknown,dark,blonde,clean_shaven,L,LF,,0,,,53,52,50,49,50,52,48,52,49,51,,,,,,,,,,,,54,48,49,48,50,0,0,52,46,54,,,,,,,,,,,,False,,,0,,,,,,0,50,,average
P1852,John,Doe,1999-10-25,69,228,Unknown,dark,blonde,clean_shaven,S,CF,,0,,,51,48,70,52,50,53,52,51,49,53,,,,,,,,,,,,62,60,80,64,50,0,0,51,61,59,,,,,,,,,,,,False,,,0,,,,,,0,50,,speed
P8001,John,Doe,1990-03-30,78,250,Unknown,dark,blonde,clean_shaven,R,RF,,0,,,50,56,49,50,50,52,54,50,49,50,,,,,,,,,,,,50,51,46,46,50,0,0,50,49,50,,,,,,,,,,,,False,,,0,,,,,,0,50,,gap
P6862,John,Doe,1990-06-02,77,232,Unknown,light,blonde,mustache,L,1B,,0,,,51,57,49,50,48,51,48,50,48,53,,,,,,,,,,,,41,53,40,44,48,0,0,50,47,50,,,,,,,,,,,,False,,,0,,,,,,0,50,,balanced
P1077,John,Doe,1996-07-07,73,196,Unknown,medium,blonde,clean_shaven,R,SS,3B,0,,,51,50,50,52,50,49,55,52,52,49,,,,,,,,,,,,48,50,51,56,50,0,0,52,48,49,,,,,,,,,,,,False,,,0,,,,,,0,50,,balanced
P3216,John,Doe,2002-07-21,71,167,Unknown,dark,black,clean_shaven,R,LF,,0,,,53,50,51,50,50,50,59,50,51,50,,,,,,,,,,,,58,64,64,57,50,0,0,50,64,56,,,,,,,,,,,,False,,,0,,,,,,0,50,,average
P5247,John,Doe,1996-06-04,68,160,Unknown,light,brown,clean_shaven,R,1B,,0,,,48,51,49,50,50,49,53,50,51,48,,,,,,,,,,,,50,48,48,55,50,0,0,50,48,53,,,,,,,,,,,,False,,,0,,,,,,0,50,,average
P5131,John,Doe,2000-09-02,70,249,Unknown,light,black,goatee,L,RF,,0,,,51,51,51,51,52,48,42,51,50,53,,,,,,,,,,,,62,57,62,66,52,0,0,51,64,67,,,,,,,,,,,,False,,,0,,,,,,0,50,,average
P2843,John,Doe,1996-04-17,73,217,Unknown,light,red,goatee,L,LF,,0,,,61,49,53,53,52,48,49,50,51,49,,,,,,,,,,,,58,49,56,57,52,0,0,50,47,47,,,,,,,,,,,,False,,,0,,,,,,0,50,,spray
P2080,John,Doe,1994-05-28,70,198,Unknown,medium,black,clean_shaven,S,P,,1,RP,CL,,,,,55,,,,52,54,48,52,53,52,52,60,60,66,0,0,0,,,,,0,,,,53,57,47,53,52,51,54,64,62,61,0,0,0,False,,,0,,,,,,0,50,closer,
P2879,John,Doe,2002-06-17,77,172,Unknown,light,black,clean_shaven,R,P,,1,RP,SP,,,,,49,,,,52,53,51,53,52,50,50,59,59,62,0,0,0,,,,,0,,,,63,59,65,65,66,55,64,70,65,74,0,0,0,False,,,0,,,,,,0,50,power_sp,
P8548,John,Doe,1998-02-23,77,232,Unknown,dark,brown,clean_shaven,R,P,,1,RP,RP,,,,,51,,,,48,52,52,52,52,52,55,0,58,64,61,0,0,,,,,0,,,,43,55,53,54,52,52,51,0,62,60,58,0,0,False,,,0,,,,,,0,50,power_rp,
P3740,John,Doe,1995-11-09,78,249,Unknown,light,brown,clean_shaven,R,P,,1,RP,SP,,,,,51,,,,48,50,54,50,53,51,55,0,63,63,0,0,0,,,,,0,,,,47,51,54,49,51,53,58,0,65,64,0,0,0,False,,,0,,,,,,0,50,power_sp,
P7020,John,Doe,2002-12-25,78,211,Unknown,dark,brown,goatee,R,P,,1,RP,SP,,,,,51,,,,49,53,51,50,53,50,53,62,63,0,0,0,0,,,,,0,,,,56,64,59,65,64,55,61,73,76,0,0,0,0,False,,,0,,,,,,0,50,balanced_sp,
P8203,John,Doe,1995-10-04,73,210,Unknown,dark,brown,clean_shaven,R,P,,1,RP,SP,,,,,53,,,,49,52,49,50,52,51,52,57,58,58,59,0,0,,,,,0,,,,47,48,53,54,45,47,56,54,61,61,55,0,0,False,,,0,,,,,,0,50,groundball_sp,
P3729,John,Doe,1991-01-08,77,165,Unknown,dark,brown,goatee,R,P,,1,RP,SP,,,,,49,,,,51,51,51,51,52,52,50,63,63,0,0,0,0,,,,,0,,,,46,41,48,52,41,45,41,61,57,0,0,0,0,False,,,0,,,,,,0,50,finesse_sp,
P8263,John,Doe,2000-08-10,75,235,Unknown,dark,red,mustache,R,1B,,0,,,53,50,49,51,52,52,53,52,52,52,,,,,,,,,,,,58,61,64,57,52,0,0,52,67,60,,,,,,,,,,,,False,,,0,,,,,,0,50,,average
P6337,John,Doe,1997-09-13,70,231,Unknown,dark,black,mustache,L,CF,,0,,,49,50,51,51,49,52,44,51,50,48,,,,,,,,,,,,45,55,53,52,49,0,0,51,49,43,,,,,,,,,,,,False,,,0,,,,,,0,50,,balanced
P2358,John,Doe,2004-11-01,72,246,Unknown,dark,brown,clean_shaven,R,C,,0,,,51,48,49,51,52,51,58,52,52,49,,,,,,,,,,,,74,74,65,81,52,0,0,52,71,77,,,,,,,,,,,,False,,,0,,,,,,0,50,,average
P6310,John,Doe,2003-04-14,72,174,Unknown,medium,brown,goatee,R,LF,,0,,,53,58,52,52,52,51,56,52,50,52,,,,,,,,,,,,68,72,66,66,52,0,0,52,57,62,,,,,,,,,,,,False,,,0,,,,,,0,50,,balanced
P3643,John,Doe,1997-11-22,75,206,Unknown,dark,black,beard,L,1B,,0,,,51,57,49,49,52,49,46,52,48,49,,,,,,,,,,,,51,55,54,49,52,0,0,52,47,50,,,,,,,,,,,,False,,,0,,,,,,0,50,,average
P5963,John,Doe,2003-06-02,69,181,Unknown,dark,black,clean_shaven,R,2B,,0,,,53,49,51,54,51,50,55,48,53,51,,,,,,,,,,,,59,60,64,64,51,0,0,48,59,60,,,,,,,,,,,,False,,,0,,,,,,0,50,,balanced
P1600,John,Doe,1992-06-23,75,237,Unknown,dark,black,clean_shaven,R,3B,,0,,,51,52,52,50,51,49,58,48,49,51,,,,,,,,,,,,44,49,52,49,51,0,0,48,39,41,,,,,,,,,,,,False,,,0,,,,,,0,50,,balanced
P6780,John,Doe,1988-08-12,78,249,Unknown,medium,brown,goatee,S,RF,,0,,,50,51,70,51,54,48,54,48,52,51,,,,,,,,,,,,41,48,70,45,54,0,0,48,51,51,,,,,,,,,,,,False,,,0,,,,,,0,50,,speed
P8779,John,Doe,2006-09-07,78,203,Unknown,dark,brown,clean_shaven,L,P,,1,RP,CL,,,,,55,,,,52,50,51,50,54,50,55,0,61,67,0,0,0,,,,,0,,,,81,61,80,69,71,66,82,0,77,85,0,0,0,False,,,0,,,,,,0,50,closer,
P2820,John,Doe,2005-01-12,77,239,Unknown,medium,brown,clean_shaven,L,P,,1,RP,RP,,,,,54,,,,49,50,50,50,54,52,51,0,0,0,61,0,0,,,,,0,,,,67,79,62,66,67,75,63,0,0,0,78,0,0,False,,,0,,,,,,0,50,groundball_rp,
P2488,John,Doe,2004-12-02,78,166,Unknown,medium,black,mustache,L,P,,1,RP,SP,,,,,50,,,,51,50,52,52,53,52,51,62,64,60,0,0,0,,,,,0,,,,62,60,75,80,80,67,76,91,74,81,0,0,0,False,,,0,,,,,,0,50,finesse_sp,
P2799,John,Doe,2006-09-29,75,167,Unknown,dark,black,beard,R,P,,1,RP,SP,,,,,34,,,,51,52,52,50,52,51,53,0,62,62,0,0,0,,,,,60,,,,63,66,63,74,71,72,79,0,89,88,0,0,0,False,,,0,,,,,,0,50,power_sp,
P6973,John,Doe,2006-05-11,70,215,Unknown,medium,brown,clean_shaven,L,P,,1,RP,SP,,,,,53,,,,51,52,50,50,52,49,51,0,61,60,0,0,0,,,,,0,,,,74,77,71,62,61,73,79,0,90,83,0,0,0,False,,,0,,,,,,0,50,workhorse_sp,
P4348,John,Doe,2004-07-04,78,240,Unknown,dark,brown,clean_shaven,R,RF,,0,,,51,62,49,49,48,49,52,49,51,51,,,,,,,,,,,,77,72,61,61,48,0,0,49,66,62,,,,,,,,,,,,False,,,0,,,,,,0,50,,power
P7573,John,Doe,2007-02-17,74,182,Unknown,dark,black,clean_shaven,R,SS,,0,,,50,48,85,51,53,48,57,52,49,52,,,,,,,,,,,,64,75,99,70,53,0,0,52,59,71,,,,,,,,,,,,False,,,0,,,,,,0,50,,elite_speed
P3140,John,Doe,2006-05-12,77,206,Unknown,medium,brown,clean_shaven,S,CF,,0,,,52,47,70,53,53,47,50,49,52,48,,,,,,,,,,,,69,66,84,71,53,0,0,49,65,77,,,,,,,,,,,,False,,,0,,,,,,0,50,,speed
P6283,John,Doe,2008-02-09,72,176,Unknown,dark,black,beard,R,1B,,0,,,50,49,49,49,52,52,57,52,49,53,,,,,,,,,,,,77,73,59,69,52,0,0,52,66,75,,,,,,,,,,,,False,,,0,,,,,,0,50,,average
P7111,John,Doe,2004-08-11,74,167,Unknown,medium,black,goatee,R,C,,0,,,50,52,51,51,51,52,58,52,51,53,,,,,,,,,,,,76,64,73,66,51,0,0,52,72,71,,,,,,,,,,,,False,,,0,,,,,,0,50,,average
P6941,John,Doe,1995-03-04,76,204,Unknown,medium,brown,beard,R,P,1B,1,RP,CL,,,,,55,,,,52,51,49,53,59,50,53,0,59,65,0,0,0,,,,,0,,,,48,47,49,56,46,54,52,0,56,64,0,0,0,False,,,0,,,,,,0,50,closer,
P3192,John,Doe,1998-03-13,74,220,Unknown,medium,brown,clean_shaven,L,P,,1,RP,SP,,,,,52,,,,52,51,50,50,54,50,52,0,61,62,0,0,0,,,,,0,,,,63,58,59,67,63,63,59,0,66,76,0,0,0,False,,,0,,,,,,0,50,power_sp,
P4279,John,Doe,2001-04-05,69,222,Unknown,medium,brown,clean_shaven,R,P,,1,RP,SP,,,,,51,,,,52,50,51,50,52,49,52,62,60,0,0,0,0,,,,,0,,,,67,61,56,64,66,64,66,73,69,0,0,0,0,False,,,0,,,,,,0,50,workhorse_sp,
P8728,John,Doe,1994-12-10,78,218,Unknown,light,black,clean_shaven,R,P,,1,RP,RP,,,,,52,,,,49,52,51,51,52,51,53,62,61,67,0,0,0,,,,,0,,,,50,55,47,52,47,49,55,58,63,71,0,0,0,False,,,0,,,,,,0,50,finesse_rp,
P5464,John,Doe,2000-06-05,76,199,Unknown,medium,black,clean_shaven,L,P,,1,RP,SP,,,,,53,,,,50,52,53,53,52,51,52,60,59,62,62,0,0,,,,,0,,,,64,59,61,66,63,59,63,75,73,74,75,0,0,False,,,0,,,,,,0,50,groundball_sp,
P1274,John,Doe,1989-01-23,77,222,Unknown,dark,black,beard,R,P,,1,RP,SP,,,,,49,,,,48,53,53,51,52,48,52,0,60,59,0,56,0,,,,,0,,,,44,51,43,44,48,40,51,0,52,59,0,49,0,False,,,0,,,,,,0,50,power_sp,
P8824,John,Doe,1999-05-25,70,169,Unknown,dark,black,beard,R,P,,1,RP,RP,,,,,50,,,,53,52,53,52,53,52,53,0,62,65,0,0,0,,,,,0,,,,64,61,63,63,59,58,64,0,67,77,0,0,0,False,,,0,,,,,,0,50,power_rp,
P9947,John,Doe,1997-06-12,71,212,Unknown,light,black,clean_shaven,S,P,,1,RP,SP,,,,,51,,,,50,51,52,50,52,48,55,61,64,62,0,58,0,,,,,0,,,,55,55,55,56,56,48,52,65,65,59,0,59,0,False,,,0,,,,,,0,50,power_sp,
P4180,John,Doe,1995-07-30,69,184,Unknown,medium,red,beard,S,P,,1,RP,SP,,,,,30,,,,50,51,50,53,54,51,50,61,62,59,54,0,0,,,,,25,,,,46,48,49,50,49,49,46,63,67,60,55,0,0,False,,,0,,,,,,0,50,workhorse_sp,
P6272,John,Doe,1992-10-05,77,211,Unknown,light,black,clean_shaven,R,P,,1,RP,SP,,,,,54,,,,51,51,54,50,52,50,51,59,59,57,58,0,0,,,,,0,,,,48,48,41,45,47,48,49,58,57,57,49,0,0,False,,,0,,,,,,0,50,groundball_sp,
P5631,John,Doe,2002-08-17,69,215,Unknown,light,brown,clean_shaven,L,P,,1,RP,RP,,,,,48,,,,51,50,49,50,53,51,52,59,61,0,0,0,0,,,,,0,,,,59,58,65,64,61,65,61,68,76,0,0,0,0,False,,,0,,,,,,0,50,finesse_rp,
P9480,John,Doe,2002-05-13,76,211,Unknown,dark,black,clean_shaven,R,C,,0,,,50,52,49,49,51,49,58,49,53,52,,,,,,,,,,,,59,60,64,62,51,0,0,49,62,66,,,,,,,,,,,,False,,,0,,,,,,0,50,,balanced
P5457,John,Doe,1995-03-24,78,225,Unknown,medium,brown,mustache,L,1B,,0,,,53,52,50,50,49,52,49,50,49,49,,,,,,,,,,,,50,52,47,52,49,0,0,50,46,46,,,,,,,,,,,,False,,,0,,,,,,0,50,,balanced
P2798,John,Doe,2002-11-23,78,230,Unknown,medium,black,clean_shaven,R,2B,,0,,,57,51,48,56,51,47,58,48,51,49,,,,,,,,,,,,67,60,61,63,51,0,0,48,61,61,,,,,,,,,,,,False,,,0,,,,,,0,50,,spray
P8064,John,Doe,1987-10-10,73,166,Unknown,medium,brown,mustache,R,3B,,0,,,52,53,51,51,52,48,55,51,48,48,,,,,,,,,,,,46,45,48,51,52,0,0,51,39,44,,,,,,,,,,,,False,,,0,,,,,,0,50,,balanced
P7827,John,Doe,2001-05-27,72,248,Unknown,medium,black,beard,R,SS,,0,,,52,49,51,52,51,50,60,52,51,48,,,,,,,,,,,,59,63,59,61,51,0,0,52,65,54,,,,,,,,,,,,False,,,0,,,,,,0,50,,balanced
P2087,John,Doe,1994-12-22,68,234,Unknown,dark,blonde,mustache,R,LF,,0,,,52,50,49,51,49,53,57,52,53,49,,,,,,,,,,,,49,49,54,50,49,0,0,52,53,48,,,,,,,,,,,,False,,,0,,,,,,0,50,,average
P5182,John,Doe,1996-05-30,74,169,Unknown,light,blonde,clean_shaven,R,CF,,0,,,53,48,70,52,53,52,53,50,50,52,,,,,,,,,,,,58,46,65,57,53,0,0,50,54,48,,,,,,,,,,,,False,,,0,,,,,,0,50,,speed
P4607,John,Doe,1996-03-24,69,240,Unknown,light,brown,goatee,R,RF,,0,,,60,50,48,53,53,47,58,50,49,52,,,,,,,,,,,,64,52,52,55,53,0,0,50,51,52,,,,,,,,,,,,False,,,0,,,,,,0,50,,spray
P9652,John,Doe,2000-12-17,76,232,Unknown,dark,brown,beard,L,2B,,0,,,51,51,51,52,48,50,46,49,48,52,,,,,,,,,,,,56,58,66,67,48,0,0,49,59,65,,,,,,,,,,,,False,,,0,,,,,,0,50,,average
P4235,John,Doe,1999-09-14,69,232,Unknown,medium,brown,clean_shaven,R,SS,,0,,,51,51,70,52,51,48,59,51,51,52,,,,,,,,,,,,62,63,80,61,51,0,0,51,61,58,,,,,,,,,,,,False,,,0,,,,,,0,50,,speed
P6159,John,Doe,1995-04-25,78,243,Unknown,light,blonde,clean_shaven,R,SS,,0,,,51,51,83,51,53,47,56,48,48,48,,,,,,,,,,,,51,53,86,56,53,0,0,48,50,45,,,,,,,,,,,,False,,,0,,,,,,0,50,,speed
P9035,John,Doe,1997-06-22,68,169,Unknown,medium,red,clean_shaven,R,CF,,0,,,53,50,49,52,50,53,57,49,48,51,,,,,,,,,,,,54,49,49,52,50,0,0,49,50,46,,,,,,,,,,,,False,,,0,,,,,,0,50,,balanced
P1949,John,Doe,2003-02-10,78,175,Unknown,dark,black,clean_shaven,R,C,,0,,,49,51,50,50,50,51,58,49,52,51,,,,,,,,,,,,61,57,65,60,50,0,0,49,67,65,,,,,,,,,,,,False,,,0,,,,,,0,50,,average
P1640,John,Doe,1996-11-30,73,203,Unknown,medium,brown,mustache,R,3B,,0,,,50,50,74,51,52,50,59,51,51,50,,,,,,,,,,,,55,45,78,54,52,0,0,51,49,53,,,,,,,,,,,,False,,,0,,,,,,0,50,,speed
P5487,John,Doe,1994-12-19,72,192,Unknown,light,blonde,goatee,R,P,,1,RP,CL,,,,,55,,,,53,50,49,52,52,49,52,60,62,66,0,0,0,,,,,0,,,,54,54,57,49,54,45,53,57,66,61,0,0,0,False,,,0,,,,,,0,50,closer,
P9942,John,Doe,1995-01-25,77,223,Unknown,light,brown,clean_shaven,R,P,,1,RP,RP,,,,,52,,,,52,51,49,52,54,50,55,59,59,66,0,0,0,,,,,0,,,,55,52,55,55,52,51,58,59,59,62,0,0,0,False,,,0,,,,,,0,50,power_rp,
P9765,John,Doe,1996-05-25,72,211,Unknown,medium,black,beard,L,P,,1,RP,SP,,,,,48,,,,48,54,51,50,52,49,53,0,59,63,0,0,0,,,,,0,,,,49,59,47,47,53,45,51,0,61,68,0,0,0,False,,,0,,,,,,0,50,power_sp,
P7841,John,Doe,1997-08-05,72,211,Unknown,medium,black,mustache,S,P,,1,RP,RP,,,,,50,,,,49,51,53,50,54,50,53,56,58,65,0,0,0,,,,,0,,,,53,50,51,57,51,46,48,51,58,61,0,0,0,False,,,0,,,,,,0,50,power_rp,
P1561,John,Doe,2001-11-14,74,191,Unknown,medium,blonde,clean_shaven,S,P,,1,RP,SP,,,,,52,,,,52,52,51,51,52,51,50,60,60,60,0,0,0,,,,,0,,,,64,59,59,59,60,64,62,71,68,68,0,0,0,False,,,0,,,,,,0,50,balanced_sp,
P4797,John,Doe,2001-08-26,75,232,Unknown,medium,blonde,mustache,L,P,,1,RP,SP,,,,,52,,,,51,49,53,50,54,50,52,63,61,61,59,0,0,,,,,0,,,,59,64,62,60,68,64,60,68,69,66,64,0,0,False,,,0,,,,,,0,50,finesse_sp,
P7187,John,Doe,2002-05-01,75,179,Unknown,dark,brown,clean_shaven,R,P,,1,RP,SP,,,,,49,,,,48,52,52,52,53,47,50,58,63,59,0,0,0,,,,,0,,,,54,58,58,62,67,61,64,64,73,67,0,0,0,False,,,0,,,,,,0,50,balanced_sp,
P6732,John,Doe,1992-08-19,75,186,Unknown,medium,brown,clean_shaven,S,LF,,0,,,51,48,85,52,49,47,53,49,52,49,,,,,,,,,,,,47,47,78,49,49,0,0,49,42,44,,,,,,,,,,,,False,,,0,,,,,,0,50,,elite_speed
P6757,John,Doe,2000-12-12,76,180,Unknown,dark,red,clean_shaven,R,1B,,0,,,55,56,54,51,47,48,53,52,47,50,,,,,,,,,,,,67,69,68,66,47,0,0,52,60,62,,,,,,,,,,,,False,,,0,,,,,,0,50,,gap
P8760,John,Doe,1988-02-19,69,219,Unknown,light,brown,goatee,S,RF,,0,,,53,65,50,51,47,50,52,49,47,48,,,,,,,,,,,,51,61,49,44,47,0,0,49,45,42,,,,,,,,,,,,False,,,0,,,,,,0,50,,power
P4335,John,Doe,1996-11-12,73,198,Unknown,dark,blonde,clean_shaven,R,C,,0,,,50,50,70,52,49,48,57,53,50,48,,,,,,,,,,,,45,52,73,53,49,0,0,53,50,52,,,,,,,,,,,,False,,,0,,,,,,0,50,,speed
P5612,John,Doe,2001-07-13,75,167,Unknown,dark,blonde,beard,L,LF,,0,,,51,52,74,52,52,51,50,52,52,49,,,,,,,,,,,,57,65,89,59,52,0,0,52,58,60,,,,,,,,,,,,False,,,0,,,,,,0,50,,speed
P6115,John,Doe,1995-09-20,72,227,Unknown,medium,brown,clean_shaven,L,SS,,0,,,56,50,50,54,52,49,53,52,49,50,,,,,,,,,,,,51,49,50,52,52,0,0,52,49,55,,,,,,,,,,,,False,,,0,,,,,,0,50,,spray
P1244,John,Doe,1990-08-21,74,234,Unknown,light,black,clean_shaven,R,1B,,0,,,49,48,51,50,50,52,55,49,52,49,,,,,,,,,,,,41,40,41,44,50,0,0,49,50,45,,,,,,,,,,,,False,,,0,,,,,,0,50,,average
P9779,John,Doe,1995-04-23,69,201,Unknown,dark,black,goatee,R,SS,,0,,,59,52,51,53,52,48,57,51,48,47,,,,,,,,,,,,54,53,51,50,52,0,0,51,53,52,,,,,,,,,,,,False,,,0,,,,,,0,50,,spray
P3038,John,Doe,2004-05-11,78,173,Unknown,dark,brown,clean_shaven,S,P,,1,RP,CL,,,,,55,,,,52,51,52,51,52,53,56,0,62,65,0,0,0,,,,,0,,,,82,76,75,64,81,73,68,0,88,89,0,0,0,False,,,0,,,,,,0,50,closer,
P7034,John,Doe,2007-09-04,75,200,Unknown,dark,red,clean_shaven,R,P,,1,RP,SP,,,,,47,,,,50,51,54,52,52,52,55,0,61,59,60,56,0,,,,,0,,,,80,71,72,68,80,64,69,0,91,81,70,78,0,False,,,0,,,,,,0,50,power_sp,
P7148,John,Doe,2005-01-25,72,231,Unknown,dark,brown,mustache,L,P,,1,RP,SP,,,,,52,,,,52,51,50,50,52,52,49,59,63,0,0,57,0,,,,,0,,,,65,71,61,68,76,66,78,81,83,0,0,71,0,False,,,0,,,,,,0,50,finesse_sp,
P6729,John,Doe,2004-04-22,75,233,Unknown,dark,black,clean_shaven,L,P,,1,RP,SP,,,,,52,,,,51,50,52,52,52,52,49,0,0,60,58,0,0,,,,,0,,,,62,62,66,75,64,78,72,0,0,75,68,0,0,False,,,0,,,,,,0,50,groundball_sp,
P5597,John,Doe,2005-01-01,70,237,Unknown,light,brown,clean_shaven,R,P,,1,RP,SP,,,,,50,,,,49,49,52,50,52,51,52,59,63,0,58,57,0,,,,,0,,,,59,74,75,80,75,81,78,75,73,0,82,87,0,False,,,0,,,,,,0,50,finesse_sp,
P7757,John,Doe,2007-09-03,77,204,Unknown,light,blonde,clean_shaven,L,1B,,0,,,52,50,70,51,50,51,44,51,51,51,,,,,,,,,,,,71,69,97,80,50,0,0,51,62,67,,,,,,,,,,,,False,,,0,,,,,,0,50,,speed
P6950,John,Doe,2004-07-04,77,215,Unknown,dark,black,clean_shaven,R,1B,,0,,,63,54,53,50,53,49,54,52,50,48,,,,,,,,,,,,86,82,82,77,53,0,0,52,77,70,,,,,,,,,,,,False,,,0,,,,,,0,50,,spray
P8553,John,Doe,2007-03-25,74,235,Unknown,dark,black,clean_shaven,R,SS,,0,,,59,50,54,51,51,48,60,49,53,50,,,,,,,,,,,,82,63,71,76,51,0,0,49,82,77,,,,,,,,,,,,False,,,0,,,,,,0,50,,spray
P3468,John,Doe,2004-04-30,75,192,Unknown,light,blonde,beard,L,1B,,0,,,61,50,49,50,51,47,44,53,50,50,,,,,,,,,,,,89,78,79,78,51,0,0,53,76,67,,,,,,,,,,,,False,,,0,,,,,,0,50,,spray
P8202,John,Doe,2005-10-30,68,219,Unknown,medium,black,clean_shaven,R,SS,,0,,,50,51,86,51,53,50,60,49,53,48,,,,,,,,,,,,64,70,99,62,53,0,0,49,83,77,,,,,,,,,,,,False,,,0,,,,,,0,50,,speed
P1024,John,Doe,1994-04-15,78,176,Unknown,light,brown,mustache,R,P,,1,RP,CL,,,,,55,,,,50,54,47,52,52,49,54,0,0,67,0,0,0,,,,,0,,,,49,51,57,49,52,52,55,0,0,71,0,0,0,False,,,0,,,,,,0,50,closer,
P4901,John,Doe,2000-03-29,71,250,Unknown,dark,red,clean_shaven,L,P,,1,RP,RP,,,,,49,,,,52,49,49,50,52,53,50,57,59,0,0,55,0,,,,,0,,,,65,57,64,64,59,66,60,72,72,0,0,69,0,False,,,0,,,,,,0,50,finesse_rp,
P1447,John,Doe,1994-01-17,77,190,Unknown,medium,brown,clean_shaven,R,P,,1,RP,SP,,,,,50,,,,52,50,50,50,52,50,52,57,60,61,0,57,0,,,,,0,,,,45,45,45,44,46,42,44,54,52,54,0,54,0,False,,,0,,,,,,0,50,power_sp,
P5887,John,Doe,2002-02-13,77,171,Unknown,dark,brown,clean_shaven,L,P,,1,RP,SP,,,,,52,,,,51,52,53,50,53,53,52,62,61,58,0,0,0,,,,,0,,,,66,63,58,62,62,61,59,70,73,66,0,0,0,False,,,0,,,,,,0,50,balanced_sp,
P6329,John,Doe,2005-01-03,68,192,Unknown,light,black,clean_shaven,L,P,,1,RP,SP,,,,,51,,,,52,51,54,51,54,48,50,60,61,58,0,0,0,,,,,0,,,,72,69,79,70,75,76,67,82,80,82,0,0,0,False,,,0,,,,,,0,50,balanced_sp,
P7739,John,Doe,1994-12-19,68,190,Unknown,light,brown,clean_shaven,R,P,,1,RP,SP,,,,,51,,,,48,52,51,51,53,51,50,60,60,61,0,0,0,,,,,0,,,,51,54,47,50,46,48,53,62,56,65,0,0,0,False,,,0,,,,,,0,50,workhorse_sp,
P5269,John,Doe,1990-03-05,75,199,Unknown,dark,black,goatee,R,P,,1,RP,SP,,,,,53,,,,48,53,52,51,53,50,53,62,62,59,58,0,0,,,,,0,,,,38,43,43,51,44,42,46,54,58,55,49,0,0,False,,,0,,,,,,0,50,balanced_sp,
P4762,John,Doe,1996-10-06,76,205,Unknown,dark,brown,clean_shaven,R,P,,1,RP,SP,,,,,51,,,,49,52,54,53,53,51,54,0,61,62,0,0,0,,,,,0,,,,53,52,49,57,49,53,59,0,58,59,0,0,0,False,,,0,,,,,,0,50,power_sp,
P5098,John,Doe,1992-12-17,74,164,Unknown,medium,brown,beard,R,P,,1,RP,SP,,,,,50,,,,53,49,51,53,54,52,53,60,61,60,0,0,0,,,,,0,,,,49,44,47,49,43,52,53,60,56,56,0,0,0,False,,,0,,,,,,0,50,balanced_sp,
P3623,John,Doe,1989-06-26,75,220,Unknown,medium,brown,clean_shaven,L,P,,1,RP,SP,,,,,48,,,,50,50,52,50,52,47,54,60,59,61,0,0,0,,,,,0,,,,48,40,42,42,52,39,45,59,52,61,0,0,0,False,,,0,,,,,,0,50,power_sp,
P3100,John,Doe,1999-05-10,78,214,Unknown,dark,black,beard,L,P,,1,RP,SP,,,,,52,,,,48,50,51,50,52,50,52,61,60,61,62,0,0,,,,,0,,,,57,58,62,58,63,64,64,72,69,71,72,0,0,False,,,0,,,,,,0,50,groundball_sp,
P1076,John,Doe,1996-01-16,70,244,Unknown,dark,brown,clean_shaven,R,C,,0,,,52,54,50,51,49,52,58,51,52,52,,,,,,,,,,,,52,57,47,55,49,0,0,51,56,57,,,,,,,,,,,,False,,,0,,,,,,0,50,,average
P4273,John,Doe,2004-08-31,68,163,Unknown,medium,brown,clean_shaven,L,1B,,0,,,51,56,52,51,52,51,48,52,47,50,,,,,,,,,,,,75,79,66,75,52,0,0,52,63,68,,,,,,,,,,,,False,,,0,,,,,,0,50,,average
P7358,John,Doe,1994-08-19,77,191,Unknown,medium,black,clean_shaven,L,2B,,0,,,52,49,70,53,52,49,50,51,50,51,,,,,,,,,,,,52,44,71,51,52,0,0,51,55,48,,,,,,,,,,,,False,,,0,,,,,,0,50,,speed
P6237,John,Doe,2000-12-05,74,242,Unknown,medium,black,mustache,R,3B,,0,,,57,47,51,52,50,50,55,50,49,50,,,,,,,,,,,,67,61,59,61,50,0,0,50,57,59,,,,,,,,,,,,False,,,0,,,,,,0,50,,spray
P6661,John,Doe,1990-10-27,68,245,Unknown,medium,blonde,clean_shaven,R,SS,,0,,,50,52,76,50,53,51,60,53,50,51,,,,,,,,,,,,41,50,67,48,53,0,0,53,41,51,,,,,,,,,,,,False,,,0,,,,,,0,50,,speed
P1997,John,Doe,2003-02-12,68,184,Unknown,medium,brown,clean_shaven,R,LF,,0,,,50,60,50,50,47,52,59,50,49,48,,,,,,,,,,,,55,71,65,62,47,0,0,50,60,62,,,,,,,,,,,,False,,,0,,,,,,0,50,,power
P2974,John,Doe,2000-05-04,71,167,Unknown,light,brown,mustache,R,CF,,0,,,51,51,50,49,50,49,50,48,48,51,,,,,,,,,,,,62,60,57,62,50,0,0,48,56,61,,,,,,,,,,,,False,,,0,,,,,,0,50,,balanced
P8950,John,Doe,1997-03-26,77,167,Unknown,light,black,clean_shaven,S,RF,,0,,,53,59,52,50,47,48,48,48,52,51,,,,,,,,,,,,58,60,53,48,47,0,0,48,56,49,,,,,,,,,,,,False,,,0,,,,,,0,50,,gap
P3003,John,Doe,1990-02-03,75,239,Unknown,dark,black,clean_shaven,R,SS,,0,,,57,51,54,53,52,46,60,48,51,48,,,,,,,,,,,,53,49,49,49,52,0,0,48,46,40,,,,,,,,,,,,False,,,0,,,,,,0,50,,spray
P2073,John,Doe,1989-10-16,77,245,Unknown,light,brown,mustache,L,3B,,0,,,52,53,52,51,50,49,48,50,48,51,,,,,,,,,,,,50,51,44,43,50,0,0,50,46,42,,,,,,,,,,,,False,,,0,,,,,,0,50,,balanced
P4719,John,Doe,1998-06-02,69,185,Unknown,dark,brown,beard,L,1B,,0,,,50,64,51,49,49,54,46,50,51,49,,,,,,,,,,,,61,69,65,60,49,0,0,50,58,59,,,,,,,,,,,,False,,,0,,,,,,0,50,,power
P1036,John,Doe,2001-12-02,76,226,Unknown,light,brown,goatee,R,C,,0,,,52,52,48,51,51,51,58,50,52,48,,,,,,,,,,,,67,58,54,64,51,0,0,50,61,62,,,,,,,,,,,,False,,,0,,,,,,0,50,,average
P7775,John,Doe,2003-08-18,71,220,Unknown,dark,black,clean_shaven,R,RF,,0,,,59,51,50,51,49,47,54,48,48,51,,,,,,,,,,,,64,58,64,66,49,0,0,48,56,65,,,,,,,,,,,,False,,,0,,,,,,0,50,,spray
P9922,John,Doe,1993-11-10,78,165,Unknown,light,brown,clean_shaven,R,SS,,0,,,55,50,52,50,50,51,59,52,52,49,,,,,,,,,,,,49,46,51,44,50,0,0,52,46,42,,,,,,,,,,,,False,,,0,,,,,,0,50,,gap
P5533,John,Doe,1991-10-15,76,229,Unknown,light,black,clean_shaven,R,P,,1,RP,CL,,,,,55,,,,48,54,49,50,52,49,52,0,0,65,0,0,0,,,,,0,,,,41,47,46,46,40,46,45,0,0,65,0,0,0,False,,,0,,,,,,0,50,closer,
P3971,John,Doe,1995-07-05,70,201,Unknown,dark,brown,clean_shaven,L,P,,1,RP,SP,,,,,51,,,,52,52,52,54,52,51,52,62,60,0,57,56,0,,,,,0,,,,56,50,58,56,57,46,53,65,56,0,61,52,0,False,,,0,,,,,,0,50,finesse_sp,
P6596,John,Doe,1994-09-14,69,210,Unknown,medium,black,goatee,S,P,,1,RP,SP,,,,,52,,,,50,50,50,52,53,50,52,61,61,59,0,0,0,,,,,0,,,,54,53,55,48,45,51,53,59,62,54,0,0,0,False,,,0,,,,,,0,50,workhorse_sp,
P4863,John,Doe,1994-05-30,78,185,Unknown,dark,brown,clean_shaven,R,P,,1,RP,SP,,,,,52,,,,50,53,50,50,54,51,48,63,59,60,0,0,0,,,,,0,,,,51,57,52,56,53,46,47,59,59,61,0,0,0,False,,,0,,,,,,0,50,finesse_sp,
P6357,John,Doe,1994-11-12,71,204,Unknown,dark,blonde,clean_shaven,S,P,,1,RP,RP,,,,,49,,,,49,52,52,50,52,49,51,0,60,64,0,58,0,,,,,0,,,,44,57,45,47,48,44,54,0,58,61,0,54,0,False,,,0,,,,,,0,50,power_rp,
P7390,John,Doe,2002-12-17,76,244,Unknown,dark,brown,beard,R,P,,1,RP,RP,,,,,52,,,,52,51,50,53,52,53,54,57,59,0,0,0,0,,,,,0,,,,59,59,62,65,55,68,59,69,69,0,0,0,0,False,,,0,,,,,,0,50,finesse_rp,
P4105,John,Doe,1993-06-07,77,199,Unknown,light,blonde,goatee,L,P,,1,RP,CL,,,,,50,,,,50,50,47,50,52,50,54,0,59,65,0,0,0,,,,,0,,,,43,44,50,49,43,46,52,0,59,65,0,0,0,False,,,0,,,,,,0,50,closer,
P2578,John,Doe,1988-04-07,71,226,Unknown,medium,black,mustache,R,C,,0,,,52,51,48,51,48,49,56,52,51,51,,,,,,,,,,,,44,46,47,44,48,0,0,52,43,49,,,,,,,,,,,,False,,,0,,,,,,0,50,,balanced
P2795,John,Doe,1996-04-30,74,232,Unknown,dark,brown,clean_shaven,S,SS,,0,,,51,48,70,51,52,47,55,52,52,47,,,,,,,,,,,,50,47,70,51,52,0,0,52,50,44,,,,,,,,,,,,False,,,0,,,,,,0,50,,speed
P5648,John,Doe,1996-12-14,73,195,Unknown,dark,brown,clean_shaven,R,CF,,0,,,50,54,51,51,51,52,51,47,50,50,,,,,,,,,,,,50,56,46,49,51,0,0,47,55,51,,,,,,,,,,,,False,,,0,,,,,,0,50,,balanced
P6746,John,Doe,1989-12-11,72,206,Unknown,light,brown,mustache,R,2B,,0,,,50,52,49,51,50,51,58,49,49,50,,,,,,,,,,,,48,42,45,43,50,0,0,49,39,48,,,,,,,,,,,,False,,,0,,,,,,0,50,,average
P7836,John,Doe,1993-03-14,73,196,Unknown,medium,brown,mustache,R,RF,,0,,,50,58,50,51,49,51,55,50,49,51,,,,,,,,,,,,50,52,48,47,49,0,0,50,40,41,,,,,,,,,,,,False,,,0,,,,,,0,50,,gap
P1892,John,Doe,2004-08-29,73,198,Unknown,light,black,clean_shaven,L,LF,P,0,,,52,50,95,51,51,48,50,0,48,50,,,,,,,,,,,,78,60,99,63,51,0,0,0,72,69,,,,,,,,,,,,False,,,0,,,,,,0,50,,elite_speed
P4869,John,Doe,2002-09-25,68,214,Unknown,dark,blonde,clean_shaven,R,C,,0,,,51,53,48,50,50,53,59,52,50,49,,,,,,,,,,,,60,58,54,65,50,0,0,52,62,54,,,,,,,,,,,,False,,,0,,,,,,0,50,,balanced
P9403,John,Doe,1998-02-11,73,239,Unknown,light,black,mustache,R,C,,0,,,49,51,47,50,49,51,57,51,51,53,,,,,,,,,,,,47,48,48,48,49,0,0,51,56,55,,,,,,,,,,,,False,,,0,,,,,,0,50,,balanced
P6177,John,Doe,2004-10-19,77,179,Unknown,light,black,goatee,L,P,,1,RP,CL,,,,,55,,,,49,52,49,52,54,53,53,56,60,66,0,0,0,,,,,0,,,,79,82,75,70,74,80,72,77,84,91,0,0,0,False,,,0,,,,,,0,50,closer,
P5565,John,Doe,2007-05-30,75,184,Unknown,light,black,clean_shaven,R,P,,1,RP,RP,,,,,51,,,,51,52,49,53,53,53,53,57,60,0,0,0,0,,,,,0,,,,80,70,80,68,79,76,69,82,77,0,0,0,0,False,,,0,,,,,,0,50,finesse_rp,
P9210,John,Doe,2004-08-06,74,234,Unknown,dark,brown,clean_shaven,L,P,,1,RP,RP,,,,,57,,,,48,51,48,50,54,49,50,0,57,0,60,0,0,,,,,0,,,,76,66,67,67,78,73,70,0,82,0,84,0,0,False,,,0,,,,,,0,50,groundball_rp,
P4786,John,Doe,2004-07-12,73,166,Unknown,medium,brown,beard,R,P,,1,RP,SP,,,,,53,,,,50,49,49,52,53,50,53,62,61,59,60,0,0,,,,,0,,,,74,78,63,80,73,68,72,84,80,83,84,0,0,False,,,0,,,,,,0,50,groundball_sp,
P5588,John,Doe,2005-03-30,75,174,Unknown,light,black,beard,L,P,,1,RP,SP,,,,,51,,,,52,49,51,52,52,50,51,60,60,62,0,0,0,,,,,0,,,,80,60,63,63,76,79,80,70,78,82,0,0,0,False,,,0,,,,,,0,50,balanced_sp,
P6671,John,Doe,2004-12-30,76,241,Unknown,dark,brown,clean_shaven,R,SS,,0,,,54,51,83,53,51,50,57,52,50,48,,,,,,,,,,,,68,66,93,76,51,0,0,52,60,77,,,,,,,,,,,,False,,,0,,,,,,0,50,,speed
P2481,John,Doe,2006-02-27,78,199,Unknown,light,black,clean_shaven,L,1B,,0,,,54,56,53,51,47,53,48,49,50,51,,,,,,,,,,,,68,86,80,71,47,0,0,49,73,75,,,,,,,,,,,,False,,,0,,,,,,0,50,,gap
P5702,John,Doe,2006-04-10,73,206,Unknown,light,brown,clean_shaven,R,2B,,0,,,52,49,52,51,51,52,55,51,48,53,,,,,,,,,,,,80,66,65,67,51,0,0,51,72,73,,,,,,,,,,,,False,,,0,,,,,,0,50,,average
P9620,John,Doe,2005-03-21,73,244,Unknown,light,brown,clean_shaven,R,C,,0,,,53,52,52,52,52,53,58,50,49,51,,,,,,,,,,,,74,71,77,80,52,0,0,50,73,79,,,,,,,,,,,,False,,,0,,,,,,0,50,,average
P5996,John,Doe,2004-09-13,73,188,Unknown,light,brown,clean_shaven,S,1B,,0,,,53,65,49,50,51,50,50,48,51,51,,,,,,,,,,,,69,77,67,72,51,0,0,48,69,73,,,,,,,,,,,,False,,,0,,,,,,0,50,,power
P2657,John,Doe,2003-04-10,70,226,Unknown,light,black,clean_shaven,R,P,,1,RP,CL,,,,,55,,,,47,51,51,51,54,53,54,58,60,66,0,0,0,,,,,0,,,,61,57,57,67,59,66,59,71,74,78,0,0,0,False,,,0,,,,,,0,50,closer,
P1572,John,Doe,1990-10-23,71,208,Unknown,medium,blonde,goatee,L,P,,1,RP,RP,,,,,50,,,,50,53,49,52,53,53,50,0,59,0,0,0,0,,,,,0,,,,49,45,51,43,45,48,42,0,50,0,0,0,0,False,,,0,,,,,,0,50,finesse_rp,
P1819,John,Doe,2004-05-17,68,193,Unknown,light,brown,clean_shaven,R,P,,1,RP,RP,,,,,56,,,,48,49,48,53,52,52,53,0,0,0,63,0,0,,,,,0,,,,77,73,81,64,64,64,76,0,0,0,92,0,0,False,,,0,,,,,,0,50,groundball_rp,
P3897,John,Doe,1996-09-21,78,224,Unknown,medium,brown,clean_shaven,L,P,,1,RP,RP,,,,,51,,,,53,51,51,51,52,52,53,0,61,63,0,0,0,,,,,0,,,,49,53,50,50,53,55,50,0,66,68,0,0,0,False,,,0,,,,,,0,50,power_rp,
P7802,John,Doe,1999-09-10,71,216,Unknown,light,black,goatee,R,P,,1,RP,SP,,,,,51,,,,51,51,50,50,52,48,52,0,61,60,0,0,0,,,,,0,,,,61,62,63,64,60,63,59,0,76,65,0,0,0,False,,,0,,,,,,0,50,power_sp,
P5224,John,Doe,1990-08-26,70,169,Unknown,light,black,clean_shaven,L,P,,1,RP,SP,,,,,51,,,,50,51,53,52,52,52,53,59,62,61,0,0,0,,,,,0,,,,50,44,47,46,45,49,44,55,54,57,0,0,0,False,,,0,,,,,,0,50,balanced_sp,
P6648,John,Doe,1987-05-11,75,161,Unknown,medium,brown,clean_shaven,L,P,,1,RP,RP,,,,,50,,,,49,52,52,53,52,50,52,0,61,0,0,0,0,,,,,0,,,,46,48,51,44,44,44,44,0,55,0,0,0,0,False,,,0,,,,,,0,50,finesse_rp,
P9498,John,Doe,1989-01-07,72,184,Unknown,light,black,beard,R,P,,1,RP,SP,,,,,52,,,,49,51,53,52,54,49,53,58,60,0,0,0,0,,,,,0,,,,42,43,44,44,53,39,45,48,58,0,0,0,0,False,,,0,,,,,,0,50,balanced_sp,
P3745,John,Doe,1994-03-29,77,243,Unknown,dark,black,clean_shaven,R,P,,1,RP,RP,,,,,57,,,,50,53,48,52,53,51,51,58,59,0,59,0,0,,,,,0,,,,50,50,51,58,46,48,48,57,59,0,55,0,0,False,,,0,,,,,,0,50,groundball_rp,
P5283,John,Doe,1996-08-04,73,190,Unknown,dark,black,clean_shaven,L,P,,1,RP,RP,,,,,49,,,,52,48,50,52,53,50,53,59,59,0,0,0,0,,,,,0,,,,52,53,47,58,51,54,52,64,63,0,0,0,0,False,,,0,,,,,,0,50,finesse_rp,
P1161,John,Doe,2000-03-21,75,180,Unknown,dark,red,clean_shaven,L,P,,1,RP,LR,,,,,49,,,,53,50,50,50,52,53,51,61,0,65,0,0,0,,,,,0,,,,68,55,60,58,56,65,60,68,0,75,0,0,0,False,,,0,,,,,,0,50,long_relief,
P5076,John,Doe,2000-03-05,72,209,Unknown,light,brown,goatee,R,C,,0,,,50,51,49,52,52,52,59,53,50,51,,,,,,,,,,,,58,57,59,67,52,0,0,53,64,57,,,,,,,,,,,,False,,,0,,,,,,0,50,,balanced
P5203,John,Doe,1998-03-18,69,205,Unknown,light,brown,clean_shaven,R,1B,,0,,,63,70,52,52,48,53,56,51,51,51,,,,,,,,,,,,74,85,57,60,48,0,0,51,58,63,,,,,,,,,,,,False,,,0,,,,,,0,50,,gap
P1152,John,Doe,1989-05-21,69,171,Unknown,medium,brown,clean_shaven,R,2B,,0,,,50,51,70,50,50,49,54,52,53,49,,,,,,,,,,,,45,51,64,50,50,0,0,52,50,46,,,,,,,,,,,,False,,,0,,,,,,0,50,,speed
P3180,John,Doe,1992-03-28,74,242,Unknown,light,black,clean_shaven,R,3B,,0,,,52,51,51,52,49,47,56,51,51,48,,,,,,,,,,,,44,47,48,50,49,0,0,51,45,46,,,,,,,,,,,,False,,,0,,,,,,0,50,,balanced
P1571,John,Doe,1988-09-01,68,194,Unknown,medium,blonde,goatee,R,SS,,0,,,49,51,50,51,50,50,56,52,51,53,,,,,,,,,,,,40,46,40,46,50,0,0,52,41,51,,,,,,,,,,,,False,,,0,,,,,,0,50,,balanced
P1870,John,Doe,2001-08-29,78,218,Unknown,dark,black,clean_shaven,L,LF,,0,,,53,54,51,52,50,49,51,53,50,49,,,,,,,,,,,,66,59,57,63,50,0,0,53,58,64,,,,,,,,,,,,False,,,0,,,,,,0,50,,average
P2068,John,Doe,1993-02-05,71,248,Unknown,light,black,clean_shaven,R,CF,,0,,,53,52,50,50,50,52,55,49,48,48,,,,,,,,,,,,49,52,46,43,50,0,0,49,38,41,,,,,,,,,,,,False,,,0,,,,,,0,50,,balanced
P6754,John,Doe,1992-12-06,73,242,Unknown,medium,brown,clean_shaven,L,RF,,0,,,51,60,47,51,48,50,49,47,48,51,,,,,,,,,,,,46,59,40,50,48,0,0,47,47,47,,,,,,,,,,,,False,,,0,,,,,,0,50,,power
P7765,John,Doe,1988-12-16,72,190,Unknown,light,brown,beard,L,LF,,0,,,50,60,48,51,49,51,49,49,51,52,,,,,,,,,,,,41,52,40,41,49,0,0,49,45,45,,,,,,,,,,,,False,,,0,,,,,,0,50,,power
P2741,John,Doe,2000-10-06,70,209,Unknown,light,black,mustache,R,2B,,0,,,57,49,51,54,49,52,57,51,49,52,,,,,,,,,,,,69,54,63,59,49,0,0,51,60,61,,,,,,,,,,,,False,,,0,,,,,,0,50,,balanced
P8608,John,Doe,1999-02-16,72,241,Unknown,medium,black,goatee,S,RF,,0,,,49,59,50,50,49,49,49,52,50,51,,,,,,,,,,,,62,73,63,55,49,0,0,52,60,60,,,,,,,,,,,,False,,,0,,,,,,0,50,,power
P5884,John,Doe,1995-01-26,68,245,Unknown,medium,brown,clean_shaven,R,C,,0,,,50,50,50,49,52,52,56,52,53,49,,,,,,,,,,,,49,53,51,49,52,0,0,52,53,50,,,,,,,,,,,,False,,,0,,,,,,0,50,,balanced
P5690,John,Doe,1999-04-09,74,160,Unknown,medium,black,clean_shaven,R,3B,,0,,,60,50,51,55,50,51,56,49,47,51,,,,,,,,,,,,75,65,59,67,50,0,0,49,58,59,,,,,,,,,,,,False,,,0,,,,,,0,50,,spray
P2321,John,Doe,2002-07-11,72,181,Unknown,light,brown,mustache,R,CF,,0,,,53,51,70,53,53,50,54,51,50,53,,,,,,,,,,,,61,59,83,68,53,0,0,51,60,64,,,,,,,,,,,,False,,,0,,,,,,0,50,,speed
P5961,John,Doe,1987-11-05,74,227,Unknown,dark,black,mustache,S,P,,1,RP,CL,,,,,55,,,,50,52,47,51,52,51,52,57,61,65,0,0,0,,,,,0,,,,50,43,47,45,41,49,46,57,60,57,0,0,0,False,,,0,,,,,,0,50,closer,
P1980,John,Doe,1994-07-28,71,229,Unknown,light,brown,beard,L,P,,1,RP,SP,,,,,51,,,,50,50,51,51,53,50,50,59,61,0,0,0,0,,,,,0,,,,47,46,53,52,54,54,45,54,61,0,0,0,0,False,,,0,,,,,,0,50,finesse_sp,
P9247,John,Doe,1992-02-09,70,160,Unknown,light,red,clean_shaven,R,P,,1,RP,SP,,,,,48,,,,53,51,52,51,53,51,50,59,61,0,0,0,0,,,,,0,,,,50,42,51,46,45,47,43,52,52,0,0,0,0,False,,,0,,,,,,0,50,finesse_sp,
P9378,John,Doe,2002-03-28,69,186,Unknown,dark,black,clean_shaven,L,P,,1,RP,CL,,,,,53,,,,53,54,49,51,52,52,54,57,62,65,0,0,0,,,,,0,,,,67,59,58,57,56,62,60,69,77,74,0,0,0,False,,,0,,,,,,0,50,closer,
P7992,John,Doe,1993-12-18,72,181,Unknown,medium,black,beard,R,P,,1,RP,SP,,,,,49,,,,52,50,51,50,53,51,52,0,62,58,0,53,0,,,,,0,,,,44,45,43,53,51,43,45,0,58,55,0,50,0,False,,,0,,,,,,0,50,power_sp,
P9003,John,Doe,1998-04-08,73,217,Unknown,light,brown,clean_shaven,R,P,,1,RP,SP,,,,,48,,,,48,53,50,50,52,48,53,62,61,62,0,0,0,,,,,0,,,,60,63,57,63,60,61,62,75,75,69,0,0,0,False,,,0,,,,,,0,50,workhorse_sp,
P3273,John,Doe,1996-09-25,71,198,Unknown,light,brown,clean_shaven,R,P,,1,RP,RP,,,,,53,,,,49,50,53,52,53,52,51,0,63,0,0,0,0,,,,,0,,,,45,48,52,48,56,48,49,0,59,0,0,0,0,False,,,0,,,,,,0,50,finesse_rp,
P8313,John,Doe,2003-12-02,76,246,Unknown,light,brown,clean_shaven,S,SS,2B,0,,,64,53,54,52,49,50,55,53,48,49,,,,,,,,,,,,78,67,63,57,49,0,0,53,58,63,,,,,,,,,,,,False,,,0,,,,,,0,50,,spray
P7245,John,Doe,1992-02-20,75,242,Unknown,light,brown,clean_shaven,L,RF,,0,,,49,51,50,50,47,48,50,50,49,53,,,,,,,,,,,,49,46,45,44,47,0,0,50,40,53,,,,,,,,,,,,False,,,0,,,,,,0,50,,balanced
P7594,John,Doe,2004-02-18,77,191,Unknown,light,blonde,clean_shaven,R,C,,0,,,61,54,50,52,51,50,55,52,50,53,,,,,,,,,,,,72,65,65,66,51,0,0,52,60,58,,,,,,,,,,,,False,,,0,,,,,,0,50,,spray
P5614,John,Doe,1998-08-20,77,209,Unknown,light,brown,mustache,R,LF,,0,,,51,53,50,50,53,53,55,51,48,52,,,,,,,,,,,,59,63,56,62,53,0,0,51,63,57,,,,,,,,,,,,False,,,0,,,,,,0,50,,average
P1677,John,Doe,2004-10-02,75,225,Unknown,dark,blonde,clean_shaven,R,C,,0,,,52,48,51,51,48,52,59,48,52,50,,,,,,,,,,,,74,68,64,61,48,0,0,48,65,68,,,,,,,,,,,,False,,,0,,,,,,0,50,,average
P4036,John,Doe,2000-10-10,68,163,Unknown,light,blonde,beard,R,RF,,0,,,52,60,53,51,51,53,58,49,51,52,,,,,,,,,,,,66,69,68,58,51,0,0,49,58,58,,,,,,,,,,,,False,,,0,,,,,,0,50,,balanced
P4324,John,Doe,2000-01-29,68,234,Unknown,light,red,clean_shaven,R,C,,0,,,52,51,49,51,49,50,60,50,52,50,,,,,,,,,,,,66,60,57,64,49,0,0,50,61,62,,,,,,,,,,,,False,,,0,,,,,,0,50,,average
P9016,John,Doe,2000-04-15,69,244,Unknown,dark,blonde,clean_shaven,R,RF,,0,,,61,52,51,50,50,46,54,52,48,53,,,,,,,,,,,,68,66,60,57,50,0,0,52,61,68,,,,,,,,,,,,False,,,0,,,,,,0,50,,spray
P7452,John,Doe,2004-05-04,68,217,Unknown,medium,blonde,clean_shaven,S,P,,1,RP,CL,,,,,55,,,,50,51,50,50,54,53,52,58,0,66,0,0,0,,,,,0,,,,76,73,61,66,78,69,80,86,0,93,0,0,0,False,,,0,,,,,,0,50,closer,
P2309,John,Doe,2004-11-13,71,244,Unknown,light,brown,clean_shaven,S,P,,1,RP,SP,,,,,49,,,,49,52,50,50,53,48,52,0,62,62,0,0,0,,,,,0,,,,76,70,70,79,76,77,62,0,88,86,0,0,0,False,,,0,,,,,,0,50,power_sp,
P3108,John,Doe,2004-05-09,74,163,Unknown,light,brown,clean_shaven,L,P,,1,RP,RP,,,,,48,,,,50,49,53,54,53,52,51,61,61,0,0,0,0,,,,,0,,,,73,61,79,74,74,74,64,77,79,0,0,0,0,False,,,0,,,,,,0,50,finesse_rp,
P3568,John,Doe,2007-11-13,72,212,Unknown,medium,blonde,clean_shaven,R,P,,1,RP,SP,,,,,53,,,,51,52,51,53,54,48,49,0,57,0,62,0,0,,,,,0,,,,69,81,72,76,74,64,78,0,76,0,72,0,0,False,,,0,,,,,,0,50,groundball_sp,
P6479,John,Doe,2005-07-24,78,201,Unknown,medium,black,clean_shaven,L,P,,1,RP,RP,,,,,53,,,,51,52,52,50,52,53,51,0,60,0,0,0,0,,,,,0,,,,75,68,63,71,81,73,61,0,90,0,0,0,0,False,,,0,,,,,,0,50,finesse_rp,
P6835,John,Doe,2005-01-13,68,171,Unknown,light,black,goatee,R,2B,,0,,,53,52,51,54,48,50,57,49,48,50,,,,,,,,,,,,72,74,68,81,48,0,0,49,68,74,,,,,,,,,,,,False,,,0,,,,,,0,50,,balanced
P5067,John,Doe,2004-10-09,73,172,Unknown,light,black,clean_shaven,R,SS,,0,,,49,51,49,49,53,49,57,49,53,49,,,,,,,,,,,,77,72,65,66,53,0,0,49,79,74,,,,,,,,,,,,False,,,0,,,,,,0,50,,average
P3450,John,Doe,2004-11-01,73,211,Unknown,medium,black,goatee,S,SS,,0,,,66,52,53,51,52,49,55,51,49,47,,,,,,,,,,,,85,75,80,75,52,0,0,51,79,68,,,,,,,,,,,,False,,,0,,,,,,0,50,,spray
P5087,John,Doe,2007-08-10,72,193,Unknown,medium,blonde,clean_shaven,L,CF,,0,,,50,48,53,51,51,53,48,48,50,48,,,,,,,,,,,,62,60,68,63,51,0,0,48,65,61,,,,,,,,,,,,False,,,0,,,,,,0,50,,balanced
P1038,John,Doe,2004-10-31,73,237,Unknown,medium,black,clean_shaven,L,CF,,0,,,52,49,70,50,53,50,43,50,49,52,,,,,,,,,,,,69,66,92,66,53,0,0,50,70,80,,,,,,,,,,,,False,,,0,,,,,,0,50,,speed
P3516,John,Doe,1990-04-17,74,214,Unknown,light,brown,clean_shaven,R,P,,1,RP,CL,,,,,55,,,,52,50,48,52,52,52,54,0,61,65,0,0,0,,,,,0,,,,52,47,48,48,48,42,53,0,59,65,0,0,0,False,,,0,,,,,,0,50,closer,
P3821,John,Doe,1996-06-25,73,214,Unknown,medium,brown,clean_shaven,S,P,,1,RP,RP,,,,,53,,,,50,53,52,50,52,53,53,0,60,66,0,58,0,,,,,0,,,,53,48,55,57,53,51,55,0,64,63,0,55,0,False,,,0,,,,,,0,50,power_rp,
P7795,John,Doe,2000-05-02,70,229,Unknown,light,brown,clean_shaven,R,P,,1,RP,CL,,,,,49,,,,48,50,51,51,52,51,55,59,0,65,0,0,0,,,,,0,,,,56,55,61,65,57,57,67,74,0,73,0,0,0,False,,,0,,,,,,0,50,closer,
P5782,John,Doe,2003-08-22,74,169,Unknown,light,black,clean_shaven,R,P,,1,RP,RP,,,,,49,,,,51,49,50,50,52,51,53,0,59,65,59,0,0,,,,,0,,,,60,64,59,63,55,59,68,0,71,72,68,0,0,False,,,0,,,,,,0,50,power_rp,
P6807,John,Doe,1999-01-25,71,237,Unknown,dark,brown,clean_shaven,L,P,,1,RP,RP,,,,,53,,,,49,54,52,50,52,49,52,0,61,65,0,0,0,,,,,0,,,,57,60,65,60,58,60,62,0,76,80,0,0,0,False,,,0,,,,,,0,50,power_rp,
P9763,John,Doe,2004-02-21,69,174,Unknown,light,brown,clean_shaven,L,P,,1,RP,SP,,,,,51,,,,51,52,54,52,52,52,52,0,63,59,0,0,0,,,,,0,,,,65,67,60,67,59,66,67,0,69,67,0,0,0,False,,,0,,,,,,0,50,workhorse_sp,
P6175,John,Doe,2003-04-08,69,239,Unknown,light,blonde,clean_shaven,L,P,,1,RP,SP,,,,,52,,,,48,50,54,52,52,51,52,57,62,62,0,56,0,,,,,0,,,,60,57,65,57,65,57,60,69,72,76,0,66,0,False,,,0,,,,,,0,50,power_sp,
P7398,John,Doe,1987-10-05,72,240,Unknown,dark,brown,clean_shaven,R,P,,1,RP,RP,,,,,53,,,,51,52,52,54,52,49,53,59,62,0,0,0,0,,,,,0,,,,41,47,45,43,47,49,48,58,54,0,0,0,0,False,,,0,,,,,,0,50,finesse_rp,
P4840,John,Doe,2000-08-02,74,236,Unknown,light,blonde,mustache,L,P,,1,RP,CL,,,,,51,,,,52,54,52,50,52,51,54,0,0,66,0,0,0,,,,,0,,,,58,63,63,64,67,58,61,0,0,80,0,0,0,False,,,0,,,,,,0,50,closer,
P6060,John,Doe,1997-07-03,68,190,Unknown,dark,black,clean_shaven,R,P,1B,1,RP,SP,,,,,51,,,,49,50,52,50,53,52,49,59,62,62,57,0,0,,,,,0,,,,50,54,48,50,52,48,49,58,61,58,62,0,0,False,,,0,,,,,,0,50,balanced_sp,
P5920,John,Doe,1987-09-18,74,176,Unknown,light,brown,goatee,L,P,,1,RP,SP,,,,,51,,,,51,53,53,52,52,50,51,58,63,59,0,0,0,,,,,0,,,,50,47,46,43,48,42,44,53,60,55,0,0,0,False,,,0,,,,,,0,50,workhorse_sp,
P1262,John,Doe,2002-01-06,72,231,Unknown,medium,black,clean_shaven,R,C,,0,,,50,53,54,49,53,49,57,52,49,51,,,,,,,,,,,,62,64,60,59,53,0,0,52,60,64,,,,,,,,,,,,False,,,0,,,,,,0,50,,balanced
P9534,John,Doe,2002-08-04,70,201,Unknown,light,black,clean_shaven,L,1B,,0,,,48,59,49,51,48,53,46,50,51,49,,,,,,,,,,,,54,68,60,56,48,0,0,50,62,54,,,,,,,,,,,,False,,,0,,,,,,0,50,,power
P1019,John,Doe,1989-02-12,73,175,Unknown,medium,black,clean_shaven,R,2B,,0,,,49,61,47,50,50,53,55,52,50,53,,,,,,,,,,,,43,54,37,44,50,0,0,52,44,46,,,,,,,,,,,,False,,,0,,,,,,0,50,,power
P7339,John,Doe,2001-05-17,74,215,Unknown,medium,brown,clean_shaven,R,3B,,0,,,51,58,50,49,50,52,58,52,51,51,,,,,,,,,,,,56,63,61,63,50,0,0,52,64,66,,,,,,,,,,,,False,,,0,,,,,,0,50,,power
P2610,John,Doe,1995-04-27,72,227,Unknown,medium,brown,goatee,R,SS,,0,,,51,53,49,50,48,50,58,52,53,49,,,,,,,,,,,,55,57,44,54,48,0,0,52,49,54,,,,,,,,,,,,False,,,0,,,,,,0,50,,average
P1137,John,Doe,1996-09-04,73,184,Unknown,light,brown,goatee,L,LF,,0,,,49,62,50,49,50,49,47,51,50,53,,,,,,,,,,,,51,67,53,45,50,0,0,51,47,57,,,,,,,,,,,,False,,,0,,,,,,0,50,,power
P4051,John,Doe,1990-06-29,69,218,Unknown,medium,brown,goatee,R,CF,LF,0,,,53,49,49,49,53,51,54,52,48,53,,,,,,,,,,,,52,48,41,39,53,0,0,52,46,43,,,,,,,,,,,,False,,,0,,,,,,0,50,,balanced
P8235,John,Doe,1993-07-20,75,243,Unknown,light,brown,clean_shaven,R,RF,,0,,,51,54,48,52,51,50,58,51,51,49,,,,,,,,,,,,51,45,38,51,51,0,0,51,45,42,,,,,,,,,,,,False,,,0,,,,,,0,50,,balanced
P7558,John,Doe,2000-10-09,73,218,Unknown,dark,blonde,beard,L,CF,,0,,,53,51,49,52,53,50,47,47,49,48,,,,,,,,,,,,62,66,60,58,53,0,0,47,64,61,,,,,,,,,,,,False,,,0,,,,,,0,50,,average
P6453,John,Doe,1993-08-16,69,170,Unknown,medium,blonde,clean_shaven,R,3B,,0,,,54,49,49,51,50,50,58,51,51,53,,,,,,,,,,,,46,39,43,47,50,0,0,51,45,47,,,,,,,,,,,,False,,,0,,,,,,0,50,,balanced
P1715,John,Doe,1988-04-05,69,229,Unknown,dark,brown,clean_shaven,R,C,,0,,,64,52,51,51,51,48,59,49,49,51,,,,,,,,,,,,54,44,43,41,51,0,0,49,48,45,,,,,,,,,,,,False,,,0,,,,,,0,50,,spray
P4063,John,Doe,1997-07-13,75,180,Unknown,medium,blonde,clean_shaven,S,C,,0,,,53,52,52,52,51,50,56,49,52,50,,,,,,,,,,,,51,50,54,52,51,0,0,49,56,45,,,,,,,,,,,,False,,,0,,,,,,0,50,,balanced
P3287,John,Doe,1997-04-12,73,162,Unknown,light,brown,clean_shaven,R,1B,,0,,,50,55,50,51,51,50,52,48,53,49,,,,,,,,,,,,51,60,54,55,51,0,0,48,54,54,,,,,,,,,,,,False,,,0,,,,,,0,50,,balanced
P3506,John,Doe,1988-08-27,73,168,Unknown,light,black,goatee,L,1B,,0,,,53,53,49,50,52,52,47,51,48,50,,,,,,,,,,,,48,53,42,41,52,0,0,51,44,43,,,,,,,,,,,,False,,,0,,,,,,0,50,,average
P1922,John,Doe,1987-03-19,68,195,Unknown,dark,brown,beard,R,P,,1,RP,CL,,,,,55,,,,51,52,48,50,52,53,55,0,0,65,0,0,0,,,,,0,,,,48,47,43,48,40,43,45,0,0,64,0,0,0,False,,,0,,,,,,0,50,closer,
P4023,John,Doe,1989-03-20,71,160,Unknown,medium,black,clean_shaven,L,P,,1,RP,RP,,,,,56,,,,52,50,50,50,53,50,51,0,60,65,64,0,0,,,,,0,,,,50,47,47,44,41,40,46,0,50,64,64,0,0,False,,,0,,,,,,0,50,groundball_rp,
P9039,John,Doe,2001-10-06,78,177,Unknown,dark,blonde,clean_shaven,R,P,,1,RP,RP,,,,,56,,,,53,51,48,50,52,53,50,0,0,0,60,0,0,,,,,0,,,,58,65,58,58,61,62,58,0,0,0,75,0,0,False,,,0,,,,,,0,50,groundball_rp,
P2918,John,Doe,2003-08-01,77,232,Unknown,dark,brown,clean_shaven,R,P,,1,RP,SP,,,,,48,,,,48,50,50,50,52,48,54,0,62,62,0,0,0,,,,,0,,,,63,63,58,62,60,60,68,0,68,69,0,0,0,False,,,0,,,,,,0,50,power_sp,
P2473,John,Doe,1998-06-12,74,215,Unknown,dark,black,mustache,R,P,,1,RP,CL,,,,,51,,,,50,51,51,50,54,52,52,57,59,65,0,0,0,,,,,0,,,,59,58,57,61,57,63,64,69,70,79,0,0,0,False,,,0,,,,,,0,50,closer,
P5514,John,Doe,1991-12-12,69,171,Unknown,medium,brown,beard,R,P,,1,RP,SP,,,,,51,,,,49,49,50,51,52,50,49,0,60,59,0,0,0,,,,,0,,,,46,49,48,45,50,43,41,0,60,56,0,0,0,False,,,0,,,,,,0,50,workhorse_sp,
P6919,John,Doe,1995-12-26,69,163,Unknown,dark,blonde,clean_shaven,R,P,,1,RP,RP,,,,,56,,,,49,52,52,50,52,52,51,0,0,0,61,0,0,,,,,0,,,,48,51,47,48,56,53,51,0,0,0,66,0,0,False,,,0,,,,,,0,50,groundball_rp,
P7072,John,Doe,1988-07-30,72,201,Unknown,dark,brown,clean_shaven,R,RF,,0,,,62,52,48,52,50,50,50,49,50,52,,,,,,,,,,,,52,46,41,48,50,0,0,49,42,51,,,,,,,,,,,,False,,,0,,,,,,0,50,,spray
P8352,John,Doe,1993-12-31,75,194,Unknown,light,brown,clean_shaven,S,LF,,0,,,58,51,54,55,52,47,51,49,51,52,,,,,,,,,,,,48,45,51,51,52,0,0,49,47,44,,,,,,,,,,,,False,,,0,,,,,,0,50,,spray
P3281,John,Doe,1990-09-22,76,177,Unknown,medium,black,beard,L,RF,,0,,,64,54,48,54,52,48,47,49,51,51,,,,,,,,,,,,58,53,41,51,52,0,0,49,43,45,,,,,,,,,,,,False,,,0,,,,,,0,50,,spray
P7122,John,Doe,1988-07-23,74,244,Unknown,medium,black,clean_shaven,R,C,,0,,,53,53,47,51,50,51,55,52,51,49,,,,,,,,,,,,50,52,46,44,50,0,0,52,45,40,,,,,,,,,,,,False,,,0,,,,,,0,50,,balanced
P9629,John,Doe,2001-10-16,69,168,Unknown,light,brown,clean_shaven,L,RF,,0,,,53,60,51,52,50,53,49,52,48,50,,,,,,,,,,,,64,75,60,57,50,0,0,52,58,56,,,,,,,,,,,,False,,,0,,,,,,0,50,,power
P5252,John,Doe,1988-09-18,73,225,Unknown,light,blonde,beard,L,1B,,0,,,49,57,51,49,49,49,47,50,49,52,,,,,,,,,,,,40,49,51,46,49,0,0,50,40,52,,,,,,,,,,,,False,,,0,,,,,,0,50,,gap
P7875,John,Doe,1994-07-21,78,234,Unknown,light,black,clean_shaven,L,CF,,0,,,58,52,51,54,50,49,42,49,51,49,,,,,,,,,,,,63,50,47,49,50,0,0,49,54,45,,,,,,,,,,,,False,,,0,,,,,,0,50,,gap
P1991,John,Doe,2001-04-01,71,247,Unknown,light,black,mustache,S,SS,,0,,,49,50,51,50,49,51,53,49,52,47,,,,,,,,,,,,61,56,63,55,49,0,0,49,58,57,,,,,,,,,,,,False,,,0,,,,,,0,50,,gap
P4133,John,Doe,2004-10-09,77,187,Unknown,dark,brown,clean_shaven,R,P,,1,RP,CL,,,,,55,,,,49,54,49,50,52,49,55,0,0,65,0,0,0,,,,,0,,,,62,65,61,76,70,70,77,0,0,84,0,0,0,False,,,0,,,,,,0,50,closer,
P9165,John,Doe,2005-10-16,68,167,Unknown,light,brown,clean_shaven,L,P,,1,RP,RP,,,,,53,,,,50,50,52,50,52,52,51,61,63,65,0,0,0,,,,,0,,,,62,62,76,67,79,63,62,75,83,79,0,0,0,False,,,0,,,,,,0,50,finesse_rp,
P4961,John,Doe,2005-07-11,72,198,Unknown,light,brown,clean_shaven,L,P,,1,RP,RP,,,,,51,,,,49,51,51,53,52,49,52,0,59,0,0,0,0,,,,,0,,,,78,78,76,69,78,60,74,0,74,0,0,0,0,False,,,0,,,,,,0,50,finesse_rp,
P2902,John,Doe,2006-05-05,68,199,Unknown,dark,brown,clean_shaven,S,P,,1,RP,RP,,,,,52,,,,51,50,51,50,54,50,52,58,61,0,0,0,0,,,,,0,,,,76,72,75,76,68,65,72,83,80,0,0,0,0,False,,,0,,,,,,0,50,finesse_rp,
P6675,John,Doe,2006-11-14,71,196,Unknown,medium,black,clean_shaven,L,P,,1,RP,SP,,,,,52,,,,49,51,52,54,53,51,51,62,63,0,0,0,0,,,,,0,,,,69,65,72,68,69,77,68,81,74,0,0,0,0,False,,,0,,,,,,0,50,finesse_sp,
P2090,John,Doe,2006-09-13,69,250,Unknown,dark,brown,clean_shaven,R,2B,3B,0,,,59,51,52,56,52,49,59,49,48,52,,,,,,,,,,,,77,78,68,80,52,0,0,49,66,70,,,,,,,,,,,,False,,,0,,,,,,0,50,,spray
P8783,John,Doe,2005-09-02,75,227,Unknown,dark,brown,clean_shaven,L,C,,0,,,49,51,50,49,50,50,49,50,48,50,,,,,,,,,,,,74,67,66,79,50,0,0,50,77,67,,,,,,,,,,,,False,,,0,,,,,,0,50,,balanced
P2157,John,Doe,2004-05-23,74,228,Unknown,medium,black,clean_shaven,L,1B,,0,,,48,64,48,48,50,53,46,52,48,51,,,,,,,,,,,,74,92,62,75,50,0,0,52,76,62,,,,,,,,,,,,False,,,0,,,,,,0,50,,power
P3317,John,Doe,2004-05-11,74,187,Unknown,medium,black,mustache,L,2B,,0,,,54,54,49,54,52,49,48,51,52,52,,,,,,,,,,,,73,81,61,78,52,0,0,51,80,77,,,,,,,,,,,,False,,,0,,,,,,0,50,,gap
P5061,John,Doe,2006-04-02,69,169,Unknown,dark,brown,clean_shaven,R,3B,,0,,,51,50,48,50,49,48,60,51,51,52,,,,,,,,,,,,74,60,61,60,49,0,0,51,76,76,,,,,,,,,,,,False,,,0,,,,,,0,50,,average
P9479,John,Doe,1988-10-03,68,184,Unknown,light,blonde,clean_shaven,L,P,,1,RP,CL,,,,,55,,,,48,50,51,50,53,49,55,58,61,65,0,0,0,,,,,0,,,,45,45,43,43,43,43,46,54,56,59,0,0,0,False,,,0,,,,,,0,50,closer,
P9484,John,Doe,1996-10-13,75,186,Unknown,medium,blonde,mustache,R,P,,1,RP,SP,,,,,51,,,,50,53,50,52,52,49,53,62,60,61,0,58,0,,,,,0,,,,48,58,52,55,49,49,50,61,62,66,0,54,0,False,,,0,,,,,,0,50,workhorse_sp,
P3475,John,Doe,1991-06-01,77,242,Unknown,light,brown,mustache,R,P,,1,RP,SP,,,,,52,,,,50,52,51,50,52,48,51,62,62,61,0,0,0,,,,,0,,,,48,47,46,49,49,42,43,60,54,60,0,0,0,False,,,0,,,,,,0,50,balanced_sp,
P8339,John,Doe,1989-10-08,76,242,Unknown,medium,brown,mustache,R,P,,1,RP,SP,,,,,48,,,,49,52,51,53,53,47,50,0,63,63,0,0,0,,,,,0,,,,41,43,47,51,51,47,46,0,55,62,0,0,0,False,,,0,,,,,,0,50,power_sp,
P8805,John,Doe,1994-06-30,76,246,Unknown,dark,black,clean_shaven,R,P,,1,RP,RP,,,,,50,,,,50,49,48,52,53,53,48,61,62,63,0,0,0,,,,,0,,,,50,45,56,50,48,50,46,65,58,67,0,0,0,False,,,0,,,,,,0,50,finesse_rp,
P7207,John,Doe,2004-09-10,74,236,Unknown,medium,brown,mustache,R,P,,1,RP,RP,,,,,50,,,,50,51,51,53,52,52,50,57,59,0,0,0,0,,,,,0,,,,63,65,79,68,78,75,67,87,73,0,0,0,0,False,,,0,,,,,,0,50,finesse_rp,
P1177,John,Doe,1996-08-19,68,206,Unknown,medium,black,beard,L,P,,1,RP,SP,,,,,50,,,,50,52,54,53,52,50,54,0,63,61,0,0,0,,,,,0,,,,54,49,55,53,54,55,50,0,62,58,0,0,0,False,,,0,,,,,,0,50,power_sp,
P1093,John,Doe,1999-02-20,76,230,Unknown,dark,brown,clean_shaven,R,P,,1,RP,RP,,,,,51,,,,51,54,50,50,52,52,52,0,0,63,0,0,0,,,,,0,,,,62,60,61,60,59,63,58,0,0,69,0,0,0,False,,,0,,,,,,0,50,power_rp,
P5575,John,Doe,1989-12-20,68,228,Unknown,light,brown,clean_shaven,L,P,,1,RP,SP,,,,,49,,,,51,52,50,50,52,51,51,59,59,58,0,57,0,,,,,0,,,,48,45,44,43,46,44,50,57,54,50,0,55,0,False,,,0,,,,,,0,50,balanced_sp,
P1225,John,Doe,1995-06-10,75,185,Unknown,light,black,clean_shaven,R,P,,1,RP,SP,,,,,51,,,,52,52,54,50,52,48,52,58,60,0,0,0,0,,,,,0,,,,51,48,50,57,59,47,56,54,62,0,0,0,0,False,,,0,,,,,,0,50,workhorse_sp,
P6001,John,Doe,1990-11-30,76,232,Unknown,light,black,clean_shaven,R,P,,1,RP,SP,,,,,52,,,,51,53,51,51,52,49,52,59,0,58,0,0,0,,,,,0,,,,44,49,44,48,50,49,51,57,0,50,0,0,0,False,,,0,,,,,,0,50,workhorse_sp,
P7748,John,Doe,1990-08-28,73,163,Unknown,light,brown,mustache,R,C,,0,,,50,51,49,49,52,50,56,48,52,49,,,,,,,,,,,,44,48,49,42,52,0,0,48,42,43,,,,,,,,,,,,False,,,0,,,,,,0,50,,average
P1565,John,Doe,1990-09-02,78,239,Unknown,medium,brown,clean_shaven,L,1B,,0,,,48,61,52,49,50,54,43,51,49,48,,,,,,,,,,,,42,59,42,48,50,0,0,51,39,41,,,,,,,,,,,,False,,,0,,,,,,0,50,,power
P8256,John,Doe,1996-11-30,70,248,Unknown,dark,brown,clean_shaven,S,2B,,0,,,54,48,78,51,50,50,54,48,51,52,,,,,,,,,,,,59,47,80,56,50,0,0,48,54,50,,,,,,,,,,,,False,,,0,,,,,,0,50,,speed
P4896,John,Doe,1990-08-02,68,232,Unknown,medium,brown,beard,L,3B,SS,0,,,50,49,49,49,51,48,51,51,52,50,,,,,,,,,,,,43,43,42,44,51,0,0,51,51,42,,,,,,,,,,,,False,,,0,,,,,,0,50,,balanced
P7274,John,Doe,1993-10-28,76,244,Unknown,dark,brown,clean_shaven,L,SS,,0,,,60,52,51,51,49,49,50,49,51,47,,,,,,,,,,,,57,46,45,41,49,0,0,49,42,38,,,,,,,,,,,,False,,,0,,,,,,0,50,,spray
P5599,John,Doe,1993-01-17,72,165,Unknown,medium,brown,beard,R,LF,,0,,,51,63,47,49,49,50,56,52,52,52,,,,,,,,,,,,51,54,43,42,49,0,0,52,45,44,,,,,,,,,,,,False,,,0,,,,,,0,50,,power
P8004,John,Doe,1989-11-09,75,166,Unknown,dark,brown,goatee,R,CF,,0,,,52,50,50,49,49,49,51,51,51,50,,,,,,,,,,,,42,44,47,43,49,0,0,51,49,50,,,,,,,,,,,,False,,,0,,,,,,0,50,,average
P7501,John,Doe,1990-11-08,76,247,Unknown,medium,black,goatee,R,RF,,0,,,53,49,71,50,50,50,58,50,51,52,,,,,,,,,,,,47,49,63,46,50,0,0,50,48,49,,,,,,,,,,,,False,,,0,,,,,,0,50,,speed
P1309,John,Doe,2004-04-30,71,187,Unknown,light,brown,goatee,S,LF,,0,,,49,63,48,50,48,51,53,53,52,52,,,,,,,,,,,,65,81,71,78,48,0,0,53,63,65,,,,,,,,,,,,False,,,0,,,,,,0,50,,power
P3440,John,Doe,1997-11-24,76,182,Unknown,light,black,clean_shaven,R,2B,,0,,,51,51,50,49,51,49,57,50,49,51,,,,,,,,,,,,48,47,48,50,51,0,0,50,50,47,,,,,,,,,,,,False,,,0,,,,,,0,50,,balanced
P3937,John,Doe,1987-11-14,72,168,Unknown,dark,brown,clean_shaven,R,3B,,0,,,48,49,50,50,50,50,59,49,51,49,,,,,,,,,,,,48,40,44,42,50,0,0,49,43,47,,,,,,,,,,,,False,,,0,,,,,,0,50,,average
P8380,John,Doe,1996-09-25,73,241,Unknown,medium,brown,beard,L,1B,,0,,,52,54,49,51,49,50,48,51,49,51,,,,,,,,,,,,51,54,47,52,49,0,0,51,51,54,,,,,,,,,,,,False,,,0,,,,,,0,50,,balanced
P9637,John,Doe,1988-02-23,68,215,Unknown,medium,black,clean_shaven,S,1B,,0,,,50,52,51,50,53,50,50,51,48,48,,,,,,,,,,,,45,49,44,40,53,0,0,51,40,45,,,,,,,,,,,,False,,,0,,,,,,0,50,,average
P3505,John,Doe,1988-03-09,76,198,Unknown,medium,black,mustache,L,3B,,0,,,50,57,49,49,50,54,50,52,48,50,,,,,,,,,,,,50,56,46,47,50,0,0,52,43,43,,,,,,,,,,,,False,,,0,,,,,,0,50,,power
P5356,John,Doe,1987-03-30,76,201,Unknown,dark,blonde,clean_shaven,L,P,,1,RP,CL,,,,,55,,,,52,54,50,52,52,49,54,0,0,66,0,0,0,,,,,0,,,,51,47,51,45,44,39,47,0,0,62,0,0,0,False,,,0,,,,,,0,50,closer,
P1895,John,Doe,1988-03-24,70,175,Unknown,medium,brown,clean_shaven,S,P,,1,RP,SP,,,,,51,,,,52,51,51,51,52,49,50,62,59,58,0,0,0,,,,,0,,,,47,51,45,51,46,47,43,61,49,58,0,0,0,False,,,0,,,,,,0,50,workhorse_sp,
P2014,John,Doe,1991-01-12,75,184,Unknown,light,brown,mustache,R,P,,1,RP,SP,,,,,51,,,,50,53,50,52,53,50,53,58,61,60,0,0,0,,,,,0,,,,41,44,42,49,47,49,46,56,57,56,0,0,0,False,,,0,,,,,,0,50,balanced_sp,
P5637,John,Doe,2003-07-31,68,208,Unknown,light,brown,mustache,R,P,,1,RP,SP,,,,,51,,,,51,50,51,53,52,52,51,62,61,0,0,0,0,,,,,0,,,,62,60,68,67,57,62,59,76,69,0,0,0,0,False,,,0,,,,,,0,50,balanced_sp,
P1032,John,Doe,2000-06-27,75,222,Unknown,medium,black,clean_shaven,R,P,,1,RP,SP,,,,,53,,,,48,52,54,51,52,48,51,0,63,61,0,0,0,,,,,0,,,,57,64,63,60,61,55,61,0,75,73,0,0,0,False,,,0,,,,,,0,50,workhorse_sp,
P3941,John,Doe,1989-12-27,76,183,Unknown,medium,brown,clean_shaven,R,P,,1,RP,RP,,,,,48,,,,51,54,47,50,53,53,52,0,59,63,58,0,0,,,,,0,,,,48,51,50,45,39,51,52,0,56,62,52,0,0,False,,,0,,,,,,0,50,power_rp,
P2773,John,Doe,1994-07-31,69,234,Unknown,light,blonde,clean_shaven,L,P,RF,1,RP,SP,,,,,48,,,,49,50,51,53,52,50,50,59,62,0,0,0,0,,,,,0,,,,44,50,50,53,51,47,49,62,58,0,0,0,0,False,,,0,,,,,,0,50,finesse_sp,
P1477,John,Doe,1998-11-26,75,223,Unknown,medium,brown,beard,S,CF,,0,,,50,49,77,50,52,50,51,50,50,52,,,,,,,,,,,,56,64,86,62,52,0,0,50,56,66,,,,,,,,,,,,False,,,0,,,,,,0,50,,speed
P6134,John,Doe,2001-08-11,72,176,Unknown,light,black,mustache,L,C,,0,,,54,51,87,50,50,48,49,52,49,53,,,,,,,,,,,,61,58,99,61,50,0,0,52,55,58,,,,,,,,,,,,False,,,0,,,,,,0,50,,speed
P2142,John,Doe,2004-10-08,74,218,Unknown,light,brown,beard,S,1B,,0,,,50,63,52,51,50,50,54,50,49,52,,,,,,,,,,,,78,75,73,67,50,0,0,50,63,68,,,,,,,,,,,,False,,,0,,,,,,0,50,,power
P3846,John,Doe,1999-03-22,78,181,Unknown,dark,blonde,clean_shaven,R,SS,,0,,,52,48,85,52,52,49,56,50,49,51,,,,,,,,,,,,66,56,94,63,52,0,0,50,62,58,,,,,,,,,,,,False,,,0,,,,,,0,50,,elite_speed
P7169,John,Doe,1992-12-06,75,202,Unknown,light,black,clean_shaven,R,SS,,0,,,52,52,85,49,51,50,57,49,53,51,,,,,,,,,,,,50,45,85,40,51,0,0,49,48,44,,,,,,,,,,,,False,,,0,,,,,,0,50,,elite_speed
P7762,John,Doe,2000-02-14,71,177,Unknown,medium,brown,clean_shaven,L,CF,,0,,,53,52,53,51,48,50,50,50,48,49,,,,,,,,,,,,60,61,65,59,48,0,0,50,58,55,,,,,,,,,,,,False,,,0,,,,,,0,50,,gap
P2558,John,Doe,2000-12-18,71,219,Unknown,medium,brown,mustache,R,LF,RF,0,,,53,59,51,50,48,50,55,51,50,53,,,,,,,,,,,,61,69,62,56,48,0,0,51,63,68,,,,,,,,,,,,False,,,0,,,,,,0,50,,power
P9792,John,Doe,1993-11-13,75,168,Unknown,dark,brown,beard,R,2B,,0,,,51,53,48,51,48,49,56,53,48,51,,,,,,,,,,,,48,45,39,43,48,0,0,53,45,49,,,,,,,,,,,,False,,,0,,,,,,0,50,,balanced
P6579,John,Doe,2005-06-06,72,181,Unknown,dark,brown,clean_shaven,R,P,,1,RP,CL,,,,,55,,,,50,53,49,50,53,49,53,60,60,66,0,0,0,,,,,0,,,,80,70,70,72,74,77,63,82,88,91,0,0,0,False,,,0,,,,,,0,50,closer,
P7098,John,Doe,2005-11-14,71,181,Unknown,light,black,clean_shaven,L,P,,1,RP,SP,,,,,51,,,,49,50,51,53,53,49,53,61,63,0,59,0,0,,,,,0,,,,75,72,82,79,70,63,67,74,92,0,89,0,0,False,,,0,,,,,,0,50,finesse_sp,
P4512,John,Doe,2005-08-28,72,186,Unknown,light,black,clean_shaven,R,P,,1,RP,SP,,,,,49,,,,51,52,53,50,53,48,50,62,62,62,59,0,0,,,,,0,,,,70,81,78,80,73,65,66,85,82,73,86,0,0,False,,,0,,,,,,0,50,power_sp,
P2628,John,Doe,2004-06-14,74,163,Unknown,medium,brown,clean_shaven,L,P,,1,RP,RP,,,,,52,,,,50,51,50,51,52,49,54,62,62,0,0,0,0,,,,,0,,,,73,78,62,70,68,78,84,80,79,0,0,0,0,False,,,0,,,,,,0,50,finesse_rp,
P1494,John,Doe,2006-11-06,68,187,Unknown,medium,brown,clean_shaven,R,P,,1,RP,RP,,,,,52,,,,48,52,50,53,52,50,48,0,61,0,0,0,0,,,,,0,,,,68,70,63,71,70,60,69,0,84,0,0,0,0,False,,,0,,,,,,0,50,finesse_rp,
P5153,John,Doe,2005-12-14,78,172,Unknown,medium,brown,goatee,R,2B,,0,,,51,50,52,51,48,52,56,48,49,51,,,,,,,,,,,,80,68,79,66,48,0,0,48,68,79,,,,,,,,,,,,False,,,0,,,,,,0,50,,average
P6649,John,Doe,2004-12-11,77,191,Unknown,dark,black,goatee,R,SS,,0,,,50,57,50,51,49,53,57,52,49,49,,,,,,,,,,,,70,83,62,76,49,0,0,52,65,70,,,,,,,,,,,,False,,,0,,,,,,0,50,,power
P7396,John,Doe,2004-10-30,69,234,Unknown,light,black,clean_shaven,L,1B,,0,,,54,57,50,51,49,48,50,52,51,52,,,,,,,,,,,,75,87,60,69,49,0,0,52,81,66,,,,,,,,,,,,False,,,0,,,,,,0,50,,gap
P2816,John,Doe,2007-01-10,73,211,Unknown,dark,brown,clean_shaven,R,RF,,0,,,52,51,52,51,49,51,55,48,51,52,,,,,,,,,,,,68,76,64,64,49,0,0,48,81,75,,,,,,,,,,,,False,,,0,,,,,,0,50,,balanced
P9934,John,Doe,2005-09-05,68,196,Unknown,dark,blonde,goatee,L,2B,,0,,,54,52,70,53,49,48,52,50,48,48,,,,,,,,,,,,67,72,94,80,49,0,0,50,64,78,,,,,,,,,,,,False,,,0,,,,,,0,50,,speed
P1275,John,Doe,1993-04-23,77,171,Unknown,light,black,clean_shaven,L,P,,1,RP,CL,,,,,55,,,,52,52,52,52,52,51,56,57,58,67,0,0,0,,,,,0,,,,47,43,47,47,52,48,50,48,55,65,0,0,0,False,,,0,,,,,,0,50,closer,
P3991,John,Doe,1990-07-20,75,187,Unknown,light,brown,clean_shaven,L,P,,1,RP,RP,,,,,57,,,,48,51,48,51,54,53,51,0,58,0,62,0,0,,,,,0,,,,40,46,43,50,40,44,46,0,48,0,59,0,0,False,,,0,,,,,,0,50,groundball_rp,
P9246,John,Doe,1994-05-26,76,174,Unknown,dark,black,clean_shaven,L,P,,1,RP,SP,,,,,50,,,,51,52,54,53,52,52,51,62,59,62,0,58,0,,,,,0,,,,56,52,49,51,55,53,52,59,62,61,0,58,0,False,,,0,,,,,,0,50,workhorse_sp,
P1195,John,Doe,1991-01-29,71,203,Unknown,light,brown,beard,R,P,,1,RP,SP,,,,,51,,,,52,52,52,51,52,52,51,57,59,60,61,0,0,,,,,0,,,,49,48,48,48,51,49,46,47,50,59,52,0,0,False,,,0,,,,,,0,50,groundball_sp,
P8169,John,Doe,1988-03-22,73,160,Unknown,medium,black,beard,L,P,,1,RP,SP,,,,,54,,,,52,52,50,50,52,48,49,61,0,61,57,0,0,,,,,0,,,,50,44,42,51,47,47,44,59,0,61,48,0,0,False,,,0,,,,,,0,50,groundball_sp,
P6625,John,Doe,1991-06-22,71,183,Unknown,light,brown,clean_shaven,R,P,,1,RP,SP,,,,,48,,,,52,52,52,50,53,48,51,61,61,63,0,54,0,,,,,0,,,,43,48,48,48,43,43,48,58,52,60,0,47,0,False,,,0,,,,,,0,50,power_sp,
P4343,John,Doe,1995-02-01,71,164,Unknown,light,brown,clean_shaven,R,P,,1,RP,SP,,,,,50,,,,52,52,52,52,52,49,50,60,59,59,54,0,0,,,,,0,,,,47,52,57,48,49,54,45,55,63,57,58,0,0,False,,,0,,,,,,0,50,finesse_sp,
P1735,John,Doe,1987-08-13,71,191,Unknown,light,brown,goatee,L,P,,1,RP,SP,,,,,49,,,,49,53,50,50,52,51,52,59,61,58,0,0,0,,,,,0,,,,48,47,47,43,49,49,47,49,58,56,0,0,0,False,,,0,,,,,,0,50,balanced_sp,
P1030,John,Doe,1997-08-04,69,216,Unknown,dark,brown,beard,L,P,,1,RP,SP,,,,,49,,,,52,50,54,53,54,50,53,0,61,60,61,0,0,,,,,0,,,,50,49,50,51,59,47,50,0,61,56,56,0,0,False,,,0,,,,,,0,50,groundball_sp,
P9392,John,Doe,1990-11-29,76,176,Unknown,medium,black,clean_shaven,S,P,,1,RP,RP,,,,,51,,,,49,52,52,53,52,49,54,60,59,0,0,0,0,,,,,0,,,,43,52,50,46,44,49,47,59,57,0,0,0,0,False,,,0,,,,,,0,50,finesse_rp,
P2917,John,Doe,2001-01-26,70,215,Unknown,medium,brown,clean_shaven,S,P,,1,RP,RP,,,,,50,,,,49,51,48,53,53,51,49,59,59,0,0,0,0,,,,,0,,,,58,65,68,58,53,57,63,73,69,0,0,0,0,False,,,0,,,,,,0,50,finesse_rp,
P2271,John,Doe,1999-08-18,78,197,Unknown,medium,brown,goatee,R,C,,0,,,50,53,50,52,49,49,58,50,51,50,,,,,,,,,,,,56,58,56,61,49,0,0,50,62,65,,,,,,,,,,,,False,,,0,,,,,,0,50,,average
P3873,John,Doe,2001-05-03,72,215,Unknown,light,blonde,clean_shaven,R,1B,,0,,,51,54,53,49,49,52,56,52,49,51,,,,,,,,,,,,63,60,67,58,49,0,0,52,55,61,,,,,,,,,,,,False,,,0,,,,,,0,50,,average
P3503,John,Doe,1989-07-04,72,244,Unknown,light,red,clean_shaven,R,2B,,0,,,50,62,47,50,49,54,57,50,49,53,,,,,,,,,,,,41,62,44,43,49,0,0,50,39,48,,,,,,,,,,,,False,,,0,,,,,,0,50,,power
P1854,John,Doe,1996-03-27,78,181,Unknown,light,brown,mustache,R,3B,,0,,,50,49,53,51,50,49,57,50,50,48,,,,,,,,,,,,52,51,58,51,50,0,0,50,55,45,,,,,,,,,,,,False,,,0,,,,,,0,50,,balanced
P1577,John,Doe,1995-04-10,70,172,Unknown,dark,black,clean_shaven,R,SS,,0,,,50,51,53,49,49,52,58,49,52,50,,,,,,,,,,,,46,50,57,49,49,0,0,49,52,54,,,,,,,,,,,,False,,,0,,,,,,0,50,,average
P5528,John,Doe,1998-03-08,71,166,Unknown,dark,red,clean_shaven,R,LF,,0,,,52,54,52,52,53,49,59,53,51,51,,,,,,,,,,,,65,60,59,63,53,0,0,53,66,66,,,,,,,,,,,,False,,,0,,,,,,0,50,,average
P7772,John,Doe,1990-07-20,68,245,Unknown,medium,black,goatee,L,CF,,0,,,53,55,53,52,47,47,42,50,52,52,,,,,,,,,,,,52,50,46,42,47,0,0,50,47,52,,,,,,,,,,,,False,,,0,,,,,,0,50,,gap
P9137,John,Doe,1994-09-05,78,204,Unknown,medium,black,beard,R,RF,,0,,,51,54,50,50,48,49,58,52,48,51,,,,,,,,,,,,50,53,53,45,48,0,0,52,53,46,,,,,,,,,,,,False,,,0,,,,,,0,50,,gap
P7736,John,Doe,1990-07-21,69,175,Unknown,light,brown,clean_shaven,L,RF,,0,,,52,51,48,51,53,50,47,53,52,49,,,,,,,,,,,,42,51,47,42,53,0,0,53,43,46,,,,,,,,,,,,False,,,0,,,,,,0,50,,average
P8797,John,Doe,1991-09-16,77,162,Unknown,dark,black,clean_shaven,R,RF,,0,,,49,53,50,49,50,48,56,52,52,51,,,,,,,,,,,,43,46,46,48,50,0,0,52,51,49,,,,,,,,,,,,False,,,0,,,,,,0,50,,average
P4633,John,Doe,1991-08-09,71,189,Unknown,medium,brown,beard,R,3B,,0,,,52,53,53,51,48,51,59,51,48,51,,,,,,,,,,,,49,48,53,44,48,0,0,51,48,47,,,,,,,,,,,,False,,,0,,,,,,0,50,,gap
P5997,John,Doe,1998-02-17,70,246,Unknown,light,red,clean_shaven,L,3B,,0,,,49,56,48,48,51,49,48,53,49,50,,,,,,,,,,,,47,57,44,51,51,0,0,53,54,50,,,,,,,,,,,,False,,,0,,,,,,0,50,,power
P2566,John,Doe,2002-08-12,71,182,Unknown,dark,blonde,goatee,R,SS,,0,,,47,64,52,50,50,49,57,50,51,52,,,,,,,,,,,,55,77,65,61,50,0,0,50,58,58,,,,,,,,,,,,False,,,0,,,,,,0,50,,power
P5230,John,Doe,1990-02-09,72,247,Unknown,medium,brown,goatee,S,CF,,0,,,53,52,51,51,48,52,50,50,49,53,,,,,,,,,,,,46,42,41,50,48,0,0,50,40,52,,,,,,,,,,,,False,,,0,,,,,,0,50,,balanced
P7035,John,Doe,1989-04-18,69,170,Unknown,medium,black,beard,L,P,,1,RP,CL,,,,,55,,,,53,50,48,50,52,53,53,0,59,65,0,0,0,,,,,0,,,,52,44,48,44,45,52,52,0,50,56,0,0,0,False,,,0,,,,,,0,50,closer,
P2838,John,Doe,1999-11-24,73,204,Unknown,dark,blonde,clean_shaven,L,P,,1,RP,RP,,,,,49,,,,48,53,49,50,52,49,49,61,0,0,0,0,0,,,,,0,,,,58,67,59,58,64,63,57,66,0,0,0,0,0,False,,,0,,,,,,0,50,finesse_rp,
P3159,John,Doe,2004-06-27,72,199,Unknown,medium,black,mustache,L,P,,1,RP,SP,,,,,51,,,,48,50,54,53,52,50,53,0,60,62,58,53,0,,,,,0,,,,76,70,64,70,84,63,65,0,81,83,83,69,0,False,,,0,,,,,,0,50,power_sp,
P5418,John,Doe,1994-06-10,77,219,Unknown,light,black,clean_shaven,L,P,,1,RP,SP,,,,,51,,,,50,53,53,52,52,52,50,58,61,59,0,0,0,,,,,0,,,,48,49,56,57,49,52,46,63,56,59,0,0,0,False,,,0,,,,,,0,50,balanced_sp,
P2635,John,Doe,1993-05-21,75,190,Unknown,light,brown,clean_shaven,R,P,,1,RP,SP,,,,,50,,,,50,50,50,54,52,52,52,59,63,0,0,57,0,,,,,0,,,,47,44,46,50,48,46,50,56,55,0,0,51,0,False,,,0,,,,,,0,50,finesse_sp,
P2112,John,Doe,2003-12-05,71,240,Unknown,light,blonde,beard,R,P,,1,RP,SP,,,,,49,,,,50,50,51,51,53,49,55,0,60,60,56,0,0,,,,,0,,,,62,59,62,62,66,54,68,0,65,70,71,0,0,False,,,0,,,,,,0,50,power_sp,
P1457,John,Doe,2000-06-15,74,178,Unknown,light,brown,clean_shaven,L,P,,1,RP,RP,,,,,52,,,,48,50,48,52,52,49,53,59,60,0,0,0,0,,,,,0,,,,53,61,59,66,53,62,58,65,67,0,0,0,0,False,,,0,,,,,,0,50,finesse_rp,
P7967,John,Doe,1991-01-15,78,233,Unknown,light,brown,goatee,S,LF,,0,,,51,62,48,52,51,53,52,53,50,50,,,,,,,,,,,,45,53,47,43,51,0,0,53,43,45,,,,,,,,,,,,False,,,0,,,,,,0,50,,power
P6076,John,Doe,1990-08-11,74,189,Unknown,dark,brown,goatee,L,1B,,0,,,59,57,53,52,51,53,47,52,49,48,,,,,,,,,,,,53,53,44,49,51,0,0,52,48,40,,,,,,,,,,,,False,,,0,,,,,,0,50,,gap
P6322,John,Doe,2001-04-07,74,241,Unknown,dark,brown,beard,R,RF,,0,,,50,55,50,49,50,52,56,52,49,51,,,,,,,,,,,,60,60,63,61,50,0,0,52,56,56,,,,,,,,,,,,False,,,0,,,,,,0,50,,balanced
P7581,John,Doe,1992-06-03,78,177,Unknown,dark,brown,beard,R,3B,,0,,,51,50,52,49,49,51,59,52,51,48,,,,,,,,,,,,47,50,48,42,49,0,0,52,43,44,,,,,,,,,,,,False,,,0,,,,,,0,50,,average
P1470,John,Doe,1989-12-02,71,189,Unknown,light,brown,clean_shaven,L,LF,,0,,,57,49,52,51,52,50,47,53,53,48,,,,,,,,,,,,52,43,47,51,52,0,0,53,47,38,,,,,,,,,,,,False,,,0,,,,,,0,50,,spray
P5079,John,Doe,1995-07-25,76,215,Unknown,dark,black,goatee,R,1B,,0,,,62,51,53,52,49,47,54,50,52,51,,,,,,,,,,,,57,49,53,55,49,0,0,50,55,55,,,,,,,,,,,,False,,,0,,,,,,0,50,,spray
P5342,John,Doe,1987-08-31,77,186,Unknown,medium,brown,beard,R,LF,,0,,,52,48,70,51,49,48,57,52,53,52,,,,,,,,,,,,48,42,66,48,49,0,0,52,43,51,,,,,,,,,,,,False,,,0,,,,,,0,50,,speed
P4698,John,Doe,2002-02-14,77,221,Unknown,light,brown,clean_shaven,L,1B,,0,,,48,64,50,51,49,52,47,51,50,50,,,,,,,,,,,,58,69,58,60,49,0,0,51,58,62,,,,,,,,,,,,False,,,0,,,,,,0,50,,power
P2334,John,Doe,2004-06-19,78,250,Unknown,dark,brown,clean_shaven,S,P,,1,RP,CL,,,,,55,,,,49,54,47,51,52,53,54,0,0,65,0,0,0,,,,,0,,,,63,69,63,69,62,77,75,0,0,86,0,0,0,False,,,0,,,,,,0,50,closer,
P1216,John,Doe,2006-05-21,69,213,Unknown,light,blonde,clean_shaven,R,P,,1,RP,SP,,,,,51,,,,52,48,53,52,53,50,49,60,63,60,59,0,0,,,,,0,,,,63,75,65,74,66,68,78,86,83,79,71,0,0,False,,,0,,,,,,0,50,groundball_sp,
P4084,John,Doe,2007-05-04,70,250,Unknown,light,brown,goatee,R,P,,1,RP,SP,,,,,49,,,,52,53,49,50,52,50,53,59,63,58,0,0,0,,,,,0,,,,66,83,79,63,70,72,74,76,78,81,0,0,0,False,,,0,,,,,,0,50,balanced_sp,
P9069,John,Doe,2007-01-30,70,187,Unknown,medium,black,clean_shaven,R,P,,1,RP,SP,,,,,49,,,,51,50,53,50,52,51,52,0,59,62,0,58,0,,,,,0,,,,64,75,66,79,80,80,80,0,78,72,0,74,0,False,,,0,,,,,,0,50,power_sp,
P5715,John,Doe,2005-01-10,73,189,Unknown,light,brown,mustache,S,P,,1,RP,SP,,,,,52,,,,50,52,52,52,52,51,51,61,59,60,58,0,0,,,,,0,,,,72,67,64,71,80,80,68,81,75,80,73,0,0,False,,,0,,,,,,0,50,groundball_sp,
P2020,John,Doe,2005-11-03,78,221,Unknown,dark,brown,clean_shaven,S,1B,,0,,,53,54,52,51,47,52,46,53,51,51,,,,,,,,,,,,82,73,66,73,47,0,0,53,74,68,,,,,,,,,,,,False,,,0,,,,,,0,50,,gap
P9851,John,Doe,2005-07-14,78,222,Unknown,medium,brown,goatee,L,CF,,0,,,51,48,70,52,51,48,43,51,47,51,,,,,,,,,,,,63,68,95,70,51,0,0,51,76,72,,,,,,,,,,,,False,,,0,,,,,,0,50,,speed
P6051,John,Doe,2006-02-15,77,206,Unknown,medium,blonde,goatee,R,CF,,0,,,50,46,70,50,53,48,50,49,51,52,,,,,,,,,,,,72,67,84,72,53,0,0,49,65,70,,,,,,,,,,,,False,,,0,,,,,,0,50,,speed
P9684,John,Doe,2006-12-13,77,239,Unknown,medium,black,clean_shaven,R,3B,,0,,,48,58,49,51,47,50,59,50,51,52,,,,,,,,,,,,65,83,77,80,47,0,0,50,78,78,,,,,,,,,,,,False,,,0,,,,,,0,50,,power
P6004,John,Doe,2007-05-19,76,226,Unknown,medium,black,clean_shaven,S,CF,,0,,,52,53,53,51,50,51,53,49,52,51,,,,,,,,,,,,75,81,66,76,50,0,0,49,73,72,,,,,,,,,,,,False,,,0,,,,,,0,50,,gap
P1803,John,Doe,2002-12-08,73,230,Unknown,dark,black,clean_shaven,R,P,,1,RP,CL,,,,,55,,,,49,53,51,50,53,53,55,58,0,65,0,0,0,,,,,0,,,,57,68,61,61,66,66,70,70,0,73,0,0,0,False,,,0,,,,,,0,50,closer,
P7993,John,Doe,1998-04-10,78,181,Unknown,light,brown,goatee,S,P,,1,RP,RP,,,,,49,,,,49,50,50,53,52,52,49,58,59,0,0,0,0,,,,,0,,,,55,59,60,60,60,57,58,69,64,0,0,0,0,False,,,0,,,,,,0,50,finesse_rp,
P8006,John,Doe,2002-03-08,73,239,Unknown,light,black,clean_shaven,S,P,,1,RP,SP,,,,,50,,,,49,49,51,53,53,52,50,62,59,61,0,0,0,,,,,0,,,,61,57,63,58,65,59,65,71,68,70,0,0,0,False,,,0,,,,,,0,50,balanced_sp,
P9293,John,Doe,2003-04-23,74,161,Unknown,dark,brown,clean_shaven,R,P,,1,RP,SP,,,,,52,,,,52,53,50,52,52,49,49,62,59,60,62,0,0,,,,,0,,,,57,59,60,67,60,59,54,70,64,66,72,0,0,False,,,0,,,,,,0,50,groundball_sp,
P9679,John,Doe,1994-12-27,73,164,Unknown,medium,black,clean_shaven,L,P,,1,RP,SP,,,,,52,,,,50,51,51,51,52,49,52,62,59,57,61,0,0,,,,,0,,,,46,52,48,57,48,49,49,57,57,52,57,0,0,False,,,0,,,,,,0,50,groundball_sp,
P7159,John,Doe,1999-05-28,75,179,Unknown,medium,brown,beard,S,P,,1,RP,SP,,,,,50,,,,52,52,53,52,52,50,53,59,0,62,0,0,0,,,,,0,,,,60,67,57,61,60,65,64,69,0,69,0,0,0,False,,,0,,,,,,0,50,balanced_sp,
P6137,John,Doe,1999-12-01,71,204,Unknown,light,black,beard,R,P,,1,RP,RP,,,,,48,,,,51,52,48,50,54,49,52,0,63,66,0,0,0,,,,,0,,,,56,59,55,63,63,57,61,0,72,76,0,0,0,False,,,0,,,,,,0,50,power_rp,
P5730,John,Doe,2003-09-12,76,207,Unknown,dark,black,mustache,L,P,,1,RP,SP,,,,,52,,,,51,49,53,52,54,52,48,61,61,0,57,54,0,,,,,0,,,,59,64,64,68,65,58,53,73,68,0,69,63,0,False,,,0,,,,,,0,50,finesse_sp,
P5328,John,Doe,1987-04-29,74,215,Unknown,dark,brown,clean_shaven,L,P,,1,RP,SP,,,,,52,,,,52,54,53,50,53,48,51,0,63,60,0,0,0,,,,,0,,,,48,52,50,44,52,44,46,0,62,55,0,0,0,False,,,0,,,,,,0,50,power_sp,
P7660,John,Doe,1997-11-04,69,200,Unknown,medium,black,beard,R,P,,1,RP,RP,,,,,57,,,,49,50,51,50,53,53,50,0,59,65,60,0,0,,,,,0,,,,52,45,51,48,50,52,46,0,59,61,55,0,0,False,,,0,,,,,,0,50,groundball_rp,
P9321,John,Doe,1999-06-13,70,205,Unknown,light,blonde,goatee,L,P,,1,RP,SP,,,,,49,,,,52,49,53,51,53,48,52,63,62,60,0,53,0,,,,,0,,,,59,54,56,63,60,55,66,71,67,72,0,67,0,False,,,0,,,,,,0,50,balanced_sp,
P9086,John,Doe,2004-01-25,73,167,Unknown,light,blonde,clean_shaven,R,C,,0,,,51,61,53,49,47,49,55,49,51,52,,,,,,,,,,,,61,70,60,56,47,0,0,49,66,66,,,,,,,,,,,,False,,,0,,,,,,0,50,,power
P1048,John,Doe,1996-08-22,71,249,Unknown,medium,brown,goatee,L,1B,,0,,,52,53,50,52,53,53,46,52,51,48,,,,,,,,,,,,48,48,50,55,53,0,0,52,52,44,,,,,,,,,,,,False,,,0,,,,,,0,50,,average
P5622,John,Doe,1997-10-01,70,181,Unknown,light,brown,beard,L,2B,,0,,,51,49,70,53,49,52,47,52,52,53,,,,,,,,,,,,55,51,69,48,49,0,0,52,57,53,,,,,,,,,,,,False,,,0,,,,,,0,50,,speed
P1142,John,Doe,1989-10-27,72,236,Unknown,light,brown,goatee,R,3B,,0,,,48,50,51,48,51,49,57,49,52,48,,,,,,,,,,,,39,44,41,45,51,0,0,49,50,46,,,,,,,,,,,,False,,,0,,,,,,0,50,,average
P5414,John,Doe,1999-08-25,74,187,Unknown,light,brown,clean_shaven,S,SS,,0,,,65,53,51,52,49,48,58,51,49,53,,,,,,,,,,,,70,59,58,60,49,0,0,51,55,63,,,,,,,,,,,,False,,,0,,,,,,0,50,,spray
P8112,John,Doe,1995-05-04,69,165,Unknown,dark,black,clean_shaven,R,LF,,0,,,52,59,50,49,50,50,58,49,49,50,,,,,,,,,,,,50,55,47,47,50,0,0,49,51,48,,,,,,,,,,,,False,,,0,,,,,,0,50,,power
P1856,John,Doe,1992-04-18,69,173,Unknown,light,brown,goatee,L,CF,,0,,,53,49,70,52,54,50,43,47,49,50,,,,,,,,,,,,43,42,63,48,54,0,0,47,48,44,,,,,,,,,,,,False,,,0,,,,,,0,50,,speed
P2821,John,Doe,1989-05-18,78,211,Unknown,dark,black,beard,R,RF,,0,,,54,60,53,53,49,52,56,49,48,48,,,,,,,,,,,,53,58,51,50,49,0,0,49,41,48,,,,,,,,,,,,False,,,0,,,,,,0,50,,gap
P3425,John,Doe,1997-12-12,71,165,Unknown,medium,black,clean_shaven,R,3B,,0,,,51,50,51,51,51,49,60,48,48,52,,,,,,,,,,,,56,54,56,46,51,0,0,48,50,50,,,,,,,,,,,,False,,,0,,,,,,0,50,,average
P3179,John,Doe,2001-11-14,68,162,Unknown,medium,black,clean_shaven,R,SS,,0,,,64,52,51,53,51,47,56,53,52,47,,,,,,,,,,,,73,60,58,62,51,0,0,53,67,62,,,,,,,,,,,,False,,,0,,,,,,0,50,,spray
P7930,John,Doe,1994-03-17,72,222,Unknown,dark,brown,clean_shaven,R,3B,,0,,,53,51,51,53,52,53,55,51,52,53,,,,,,,,,,,,48,49,47,58,52,0,0,51,56,52,,,,,,,,,,,,False,,,0,,,,,,0,50,,balanced
P8395,John,Doe,1996-09-26,68,167,Unknown,medium,black,clean_shaven,S,1B,,0,,,59,52,52,53,49,47,49,48,47,50,,,,,,,,,,,,59,49,47,57,49,0,0,48,42,53,,,,,,,,,,,,False,,,0,,,,,,0,50,,spray
P9968,John,Doe,1999-07-16,73,212,Unknown,medium,black,goatee,R,2B,,0,,,54,53,51,51,52,49,54,51,52,50,,,,,,,,,,,,67,66,61,57,52,0,0,51,62,56,,,,,,,,,,,,False,,,0,,,,,,0,50,,balanced
P8716,John,Doe,1996-03-30,68,212,Unknown,medium,brown,clean_shaven,S,3B,,0,,,65,49,51,51,52,51,53,52,51,47,,,,,,,,,,,,68,50,52,55,52,0,0,52,46,47,,,,,,,,,,,,False,,,0,,,,,,0,50,,spray
P5737,John,Doe,2004-01-15,72,212,Unknown,medium,black,mustache,R,P,,1,RP,CL,,,,,55,,,,51,52,50,50,52,50,55,0,60,67,0,0,0,,,,,0,,,,64,64,56,60,62,64,62,0,67,74,0,0,0,False,,,0,,,,,,0,50,closer,
P9467,John,Doe,2004-12-02,71,212,Unknown,dark,brown,clean_shaven,L,P,,1,RP,SP,,,,,48,,,,51,49,50,53,53,47,53,0,60,58,0,0,0,,,,,0,,,,72,70,75,71,76,57,73,0,75,71,0,0,0,False,,,0,,,,,,0,50,balanced_sp,
P9820,John,Doe,1988-06-05,71,180,Unknown,dark,brown,goatee,L,P,,1,RP,SP,,,,,51,,,,52,52,54,50,52,51,55,0,64,62,0,0,0,,,,,0,,,,42,50,40,43,50,48,51,0,55,53,0,0,0,False,,,0,,,,,,0,50,power_sp,
P3898,John,Doe,1991-05-06,74,214,Unknown,light,black,beard,L,P,,1,RP,SP,,,,,51,,,,51,50,50,52,52,49,53,58,62,62,0,57,0,,,,,0,,,,48,48,51,46,45,45,46,58,52,61,0,51,0,False,,,0,,,,,,0,50,power_sp,
P3493,John,Doe,1998-09-08,76,250,Unknown,dark,brown,clean_shaven,L,P,,1,RP,RP,,,,,50,,,,50,50,52,50,52,50,51,0,59,63,0,54,0,,,,,0,,,,55,58,56,63,62,65,65,0,64,73,0,63,0,False,,,0,,,,,,0,50,power_rp,
P9491,John,Doe,2003-02-26,76,186,Unknown,light,black,clean_shaven,R,P,,1,RP,RP,,,,,51,,,,49,50,52,51,54,49,52,0,62,67,58,0,0,,,,,0,,,,60,60,56,67,65,64,63,0,72,78,64,0,0,False,,,0,,,,,,0,50,power_rp,
P3979,John,Doe,1999-08-29,74,206,Unknown,medium,blonde,clean_shaven,S,P,,1,RP,SP,,,,,48,,,,52,53,50,52,52,52,53,60,61,62,0,0,0,,,,,0,,,,62,61,58,66,59,60,65,69,69,77,0,0,0,False,,,0,,,,,,0,50,balanced_sp,
P1045,John,Doe,1998-08-08,71,190,Unknown,light,black,beard,R,C,,0,,,49,51,52,50,49,50,59,52,49,47,,,,,,,,,,,,62,63,58,58,49,0,0,52,54,56,,,,,,,,,,,,False,,,0,,,,,,0,50,,average
P2944,John,Doe,1987-06-02,71,180,Unknown,dark,black,beard,R,CF,,0,,,52,51,72,52,50,48,57,51,51,49,,,,,,,,,,,,44,50,65,42,50,0,0,51,51,44,,,,,,,,,,,,False,,,0,,,,,,0,50,,speed
P6676,John,Doe,1987-06-16,75,164,Unknown,medium,brown,mustache,R,2B,,0,,,50,49,52,51,52,49,59,50,48,52,,,,,,,,,,,,48,48,47,50,52,0,0,50,43,42,,,,,,,,,,,,False,,,0,,,,,,0,50,,balanced
P7904,John,Doe,1988-01-18,72,226,Unknown,light,black,beard,R,SS,,0,,,51,51,79,50,51,51,55,49,52,50,,,,,,,,,,,,50,41,75,45,51,0,0,49,50,43,,,,,,,,,,,,False,,,0,,,,,,0,50,,speed
P5672,John,Doe,1996-07-27,69,240,Unknown,light,black,clean_shaven,R,SS,,0,,,49,49,50,50,52,51,59,49,48,52,,,,,,,,,,,,53,52,54,50,52,0,0,49,53,57,,,,,,,,,,,,False,,,0,,,,,,0,50,,balanced
P3476,John,Doe,1987-09-12,73,239,Unknown,medium,brown,clean_shaven,L,C,,0,,,49,52,50,50,52,53,48,51,51,50,,,,,,,,,,,,41,46,40,50,52,0,0,51,45,41,,,,,,,,,,,,False,,,0,,,,,,0,50,,balanced
P9921,John,Doe,2002-01-29,73,171,Unknown,light,brown,goatee,L,RF,,0,,,54,53,51,51,51,50,49,50,51,51,,,,,,,,,,,,67,66,64,56,51,0,0,50,56,57,,,,,,,,,,,,False,,,0,,,,,,0,50,,balanced
P2633,John,Doe,1999-11-18,75,240,Unknown,medium,brown,goatee,R,C,,0,,,55,51,48,54,49,52,56,50,52,48,,,,,,,,,,,,70,60,54,61,49,0,0,50,57,56,,,,,,,,,,,,False,,,0,,,,,,0,50,,gap
P2877,John,Doe,2007-02-28,72,188,Unknown,dark,black,clean_shaven,R,P,,1,RP,CL,,,,,55,,,,51,50,50,51,53,51,56,0,58,65,0,0,0,,,,,0,,,,74,63,75,82,65,69,86,0,70,94,0,0,0,False,,,0,,,,,,0,50,closer,
P8892,John,Doe,2007-05-07,74,178,Unknown,medium,black,clean_shaven,R,P,,1,RP,RP,,,,,57,,,,52,52,52,51,52,51,49,0,0,0,60,0,0,,,,,0,,,,80,79,77,65,67,75,65,0,0,0,80,0,0,False,,,0,,,,,,0,50,groundball_rp,
P4159,John,Doe,2006-03-04,69,224,Unknown,light,brown,clean_shaven,L,P,,1,RP,RP,,,,,57,,,,48,52,49,51,52,52,51,0,0,65,64,0,0,,,,,0,,,,71,65,61,69,67,68,69,0,0,88,77,0,0,False,,,0,,,,,,0,50,groundball_rp,
P8652,John,Doe,2007-11-03,78,202,Unknown,dark,brown,clean_shaven,S,P,,1,RP,SP,,,,,48,,,,50,52,50,52,52,52,53,61,0,62,0,0,0,,,,,0,,,,66,65,68,73,65,81,80,74,0,72,0,0,0,False,,,0,,,,,,0,50,workhorse_sp,
P5694,John,Doe,2004-05-10,71,190,Unknown,medium,black,mustache,S,P,,1,RP,SP,,,,,53,,,,51,53,50,52,54,49,53,0,62,0,60,0,0,,,,,0,,,,67,76,81,71,68,72,78,0,85,0,78,0,0,False,,,0,,,,,,0,50,groundball_sp,
P9634,John,Doe,2005-06-09,70,190,Unknown,light,blonde,clean_shaven,L,RF,,0,,,51,52,70,50,51,46,49,49,50,51,,,,,,,,,,,,65,67,85,76,51,0,0,49,64,66,,,,,,,,,,,,False,,,0,,,,,,0,50,,speed
P3905,John,Doe,2007-01-24,73,244,Unknown,light,black,goatee,R,RF,,0,,,53,59,49,52,49,51,54,51,49,49,,,,,,,,,,,,65,73,60,78,49,0,0,51,70,59,,,,,,,,,,,,False,,,0,,,,,,0,50,,power
P7253,John,Doe,2007-04-21,71,219,Unknown,medium,black,mustache,L,RF,3B,0,,,65,51,51,53,50,48,50,49,48,49,,,,,,,,,,,,82,80,73,77,50,0,0,49,71,67,,,,,,,,,,,,False,,,0,,,,,,0,50,,spray
P8557,John,Doe,2007-05-20,68,190,Unknown,dark,black,clean_shaven,R,3B,,0,,,58,48,52,53,49,47,55,48,49,48,,,,,,,,,,,,76,69,65,66,49,0,0,48,66,77,,,,,,,,,,,,False,,,0,,,,,,0,50,,spray
P1167,John,Doe,2006-07-22,69,230,Unknown,medium,black,clean_shaven,R,LF,,0,,,61,53,54,50,50,48,59,51,50,53,,,,,,,,,,,,79,80,81,72,50,0,0,51,71,68,,,,,,,,,,,,False,,,0,,,,,,0,50,,spray
P6572,John,Doe,1997-06-12,74,177,Unknown,dark,brown,clean_shaven,R,P,,1,RP,CL,,,,,55,,,,51,52,49,50,52,49,54,56,62,65,0,0,0,,,,,0,,,,50,48,55,48,45,53,56,54,58,65,0,0,0,False,,,0,,,,,,0,50,closer,
P7210,John,Doe,2001-11-28,70,245,Unknown,light,black,clean_shaven,S,P,,1,RP,RP,,,,,49,,,,49,53,49,50,52,51,52,0,61,63,0,0,0,,,,,0,,,,62,63,58,63,59,64,67,0,72,73,0,0,0,False,,,0,,,,,,0,50,power_rp,
P5962,John,Doe,2001-08-06,72,172,Unknown,dark,black,clean_shaven,R,P,,1,RP,SP,,,,,48,,,,50,49,53,51,52,51,53,62,63,0,0,0,0,,,,,0,,,,60,62,59,58,62,57,59,72,70,0,0,0,0,False,,,0,,,,,,0,50,finesse_sp,
P3717,John,Doe,1998-02-10,71,186,Unknown,dark,brown,clean_shaven,R,P,,1,RP,SP,,,,,50,,,,49,48,50,50,52,49,49,60,62,0,56,54,0,,,,,0,,,,44,45,48,51,53,44,49,61,63,0,58,55,0,False,,,0,,,,,,0,50,finesse_sp,
P9791,John,Doe,1998-06-01,69,210,Unknown,medium,black,clean_shaven,L,P,,1,RP,SP,,,,,50,,,,48,54,53,51,52,52,52,61,59,60,0,0,0,,,,,0,,,,53,69,63,66,67,59,63,66,72,66,0,0,0,False,,,0,,,,,,0,50,power_sp,
P4094,John,Doe,1989-07-12,76,204,Unknown,light,black,clean_shaven,L,P,,1,RP,SP,,,,,49,,,,50,50,54,51,52,51,53,59,61,0,0,0,0,,,,,0,,,,41,40,45,49,53,46,44,58,52,0,0,0,0,False,,,0,,,,,,0,50,finesse_sp,
P2423,John,Doe,1995-08-19,78,208,Unknown,dark,black,clean_shaven,L,P,,1,RP,RP,,,,,51,,,,51,49,48,53,52,52,51,61,0,0,0,0,0,,,,,0,,,,46,47,48,52,53,51,47,56,0,0,0,0,0,False,,,0,,,,,,0,50,finesse_rp,
P1916,John,Doe,1992-01-07,74,174,Unknown,light,black,clean_shaven,R,P,,1,RP,SP,,,,,51,,,,51,51,52,52,54,51,49,58,62,0,0,0,0,,,,,0,,,,50,45,45,49,46,43,48,52,56,0,0,0,0,False,,,0,,,,,,0,50,finesse_sp,
P5947,John,Doe,1995-04-23,78,164,Unknown,dark,brown,clean_shaven,L,P,,1,RP,SP,,,,,51,,,,52,49,53,53,54,51,52,62,63,60,59,0,0,,,,,0,,,,48,52,55,53,54,48,47,66,66,64,56,0,0,False,,,0,,,,,,0,50,workhorse_sp,
P9095,John,Doe,2003-12-25,73,165,Unknown,dark,blonde,clean_shaven,R,P,,1,RP,RP,,,,,52,,,,51,50,49,50,52,50,53,0,62,0,0,0,0,,,,,0,,,,58,64,65,60,63,64,63,0,70,0,0,0,0,False,,,0,,,,,,0,50,power_rp,
P9578,John,Doe,1987-12-14,77,231,Unknown,light,brown,mustache,L,P,,1,RP,CL,,,,,48,,,,51,53,47,50,52,52,55,0,61,66,0,0,0,,,,,0,,,,51,43,44,48,42,50,54,0,59,66,0,0,0,False,,,0,,,,,,0,50,closer,
P8547,John,Doe,1989-06-30,75,226,Unknown,medium,black,goatee,R,C,,0,,,51,52,48,52,50,53,56,53,52,50,,,,,,,,,,,,47,51,48,48,50,0,0,53,42,44,,,,,,,,,,,,False,,,0,,,,,,0,50,,balanced
P2557,John,Doe,2002-06-25,68,206,Unknown,medium,brown,goatee,R,1B,RF,0,,,54,50,52,53,48,52,56,52,52,48,,,,,,,,,,,,60,57,64,65,48,0,0,52,65,57,,,,,,,,,,,,False,,,0,,,,,,0,50,,balanced
P9469,John,Doe,2001-05-30,77,183,Unknown,light,blonde,clean_shaven,L,2B,,0,,,58,50,50,55,53,48,46,50,49,53,,,,,,,,,,,,73,59,57,62,53,0,0,50,58,62,,,,,,,,,,,,False,,,0,,,,,,0,50,,spray
P5109,John,Doe,1992-07-10,70,197,Unknown,medium,brown,beard,S,3B,,0,,,52,49,53,52,48,48,52,51,50,49,,,,,,,,,,,,46,39,46,43,48,0,0,51,47,45,,,,,,,,,,,,False,,,0,,,,,,0,50,,gap
P2191,John,Doe,1990-02-15,75,222,Unknown,dark,brown,beard,R,SS,,0,,,51,46,85,52,50,49,57,48,51,50,,,,,,,,,,,,44,40,81,48,50,0,0,48,45,40,,,,,,,,,,,,False,,,0,,,,,,0,50,,elite_speed
P3261,John,Doe,1994-02-06,73,162,Unknown,medium,brown,clean_shaven,R,LF,,0,,,53,59,52,53,52,48,55,52,51,49,,,,,,,,,,,,43,49,45,48,52,0,0,52,46,43,,,,,,,,,,,,False,,,0,,,,,,0,50,,balanced
P4732,John,Doe,2001-06-17,70,243,Unknown,medium,brown,clean_shaven,L,CF,,0,,,51,51,51,52,50,51,47,47,51,50,,,,,,,,,,,,57,59,63,63,50,0,0,47,66,56,,,,,,,,,,,,False,,,0,,,,,,0,50,,balanced
P7367,John,Doe,1996-12-21,75,226,Unknown,medium,red,beard,R,RF,,0,,,51,60,52,50,49,54,57,52,52,49,,,,,,,,,,,,53,60,56,47,49,0,0,52,47,47,,,,,,,,,,,,False,,,0,,,,,,0,50,,power
P2868,John,Doe,1994-02-04,68,239,Unknown,medium,blonde,clean_shaven,R,SS,,0,,,50,49,53,51,50,48,60,50,50,50,,,,,,,,,,,,49,46,45,51,50,0,0,50,47,47,,,,,,,,,,,,False,,,0,,,,,,0,50,,balanced
P9517,John,Doe,1994-10-24,78,201,Unknown,medium,brown,goatee,R,2B,,0,,,51,50,70,50,50,51,56,48,51,52,,,,,,,,,,,,47,54,65,51,50,0,0,48,47,47,,,,,,,,,,,,False,,,0,,,,,,0,50,,speed
P2933,John,Doe,2001-09-01,73,249,Unknown,dark,black,clean_shaven,R,2B,,0,,,54,53,49,51,51,51,58,49,52,52,,,,,,,,,,,,61,59,56,58,51,0,0,49,61,59,,,,,,,,,,,,False,,,0,,,,,,0,50,,balanced
P8386,John,Doe,1989-01-08,72,240,Unknown,dark,brown,clean_shaven,R,CF,,0,,,49,49,49,50,50,53,50,50,48,51,,,,,,,,,,,,47,43,43,46,50,0,0,50,39,47,,,,,,,,,,,,False,,,0,,,,,,0,50,,balanced
P2483,John,Doe,1987-12-05,71,210,Unknown,light,brown,clean_shaven,S,CF,,0,,,51,50,52,51,53,51,52,52,49,49,,,,,,,,,,,,41,47,45,49,53,0,0,52,49,42,,,,,,,,,,,,False,,,0,,,,,,0,50,,average
P7732,John,Doe,1993-06-04,77,179,Unknown,light,blonde,beard,S,C,,0,,,53,59,49,50,47,51,54,49,49,52,,,,,,,,,,,,51,50,46,50,47,0,0,49,40,48,,,,,,,,,,,,False,,,0,,,,,,0,50,,power
P9058,John,Doe,1991-09-02,70,163,Unknown,light,black,clean_shaven,L,P,,1,RP,CL,,,,,55,,,,48,54,48,50,52,50,56,59,62,67,0,0,0,,,,,0,,,,46,53,49,48,45,46,51,53,60,65,0,0,0,False,,,0,,,,,,0,50,closer,
P2934,John,Doe,1999-02-14,71,175,Unknown,light,black,clean_shaven,S,P,,1,RP,CL,,,,,50,,,,48,51,51,50,52,50,53,60,62,65,0,0,0,,,,,0,,,,55,61,62,62,64,62,63,71,76,75,0,0,0,False,,,0,,,,,,0,50,closer,
P2031,John,Doe,1998-07-19,70,194,Unknown,dark,black,beard,L,P,,1,RP,SP,,,,,47,,,,51,51,54,51,54,51,52,62,62,0,59,53,0,,,,,0,,,,60,61,58,62,65,60,59,72,73,0,74,58,0,False,,,0,,,,,,0,50,finesse_sp,
P8160,John,Doe,2003-05-24,70,215,Unknown,dark,brown,goatee,R,P,,1,RP,SP,,,,,50,,,,50,53,51,50,52,51,53,60,62,62,0,0,0,,,,,0,,,,65,62,58,62,62,64,61,65,67,67,0,0,0,False,,,0,,,,,,0,50,balanced_sp,
P8533,John,Doe,2003-08-21,70,172,Unknown,medium,black,clean_shaven,R,P,,1,RP,RP,,,,,55,,,,50,48,51,50,54,49,51,0,0,63,60,0,0,,,,,0,,,,65,54,55,68,66,61,56,0,0,72,70,0,0,False,,,0,,,,,,0,50,groundball_rp,
P1721,John,Doe,1992-05-04,69,234,Unknown,medium,black,clean_shaven,R,P,,1,RP,SP,,,,,52,,,,49,50,54,50,52,48,54,0,59,62,0,0,0,,,,,0,,,,42,45,47,50,51,40,47,0,58,61,0,0,0,False,,,0,,,,,,0,50,power_sp,
P4749,John,Doe,2002-07-25,68,194,Unknown,dark,black,clean_shaven,R,P,RF,1,RP,SP,,,,,51,,,,51,52,53,52,53,48,52,58,0,62,59,0,0,,,,,0,,,,62,65,58,61,68,57,63,64,0,70,74,0,0,False,,,0,,,,,,0,50,groundball_sp,
P1120,John,Doe,1995-09-26,70,185,Unknown,dark,black,clean_shaven,R,LF,,0,,,50,57,50,49,52,52,56,50,51,49,,,,,,,,,,,,47,53,45,46,52,0,0,50,49,53,,,,,,,,,,,,False,,,0,,,,,,0,50,,balanced
P4365,John,Doe,1988-01-27,78,201,Unknown,dark,black,mustache,L,1B,,0,,,65,68,53,49,50,53,47,52,51,48,,,,,,,,,,,,58,62,48,42,50,0,0,52,41,47,,,,,,,,,,,,False,,,0,,,,,,0,50,,gap
P5771,John,Doe,1987-03-15,75,190,Unknown,medium,brown,mustache,R,CF,,0,,,49,47,70,50,53,48,50,52,52,49,,,,,,,,,,,,47,40,67,49,53,0,0,52,50,49,,,,,,,,,,,,False,,,0,,,,,,0,50,,speed
P7719,John,Doe,1987-05-06,69,203,Unknown,light,brown,clean_shaven,S,RF,LF,0,,,52,50,48,49,48,52,53,49,52,53,,,,,,,,,,,,44,40,41,42,48,0,0,49,45,53,,,,,,,,,,,,False,,,0,,,,,,0,50,,balanced
P3912,John,Doe,1987-08-23,68,219,Unknown,dark,black,beard,R,LF,,0,,,52,57,48,52,48,51,57,52,52,49,,,,,,,,,,,,50,53,42,48,48,0,0,52,48,46,,,,,,,,,,,,False,,,0,,,,,,0,50,,gap
P6377,John,Doe,1990-10-06,75,219,Unknown,light,black,goatee,R,RF,,0,,,52,58,49,51,48,53,57,51,49,52,,,,,,,,,,,,50,54,41,51,48,0,0,51,46,49,,,,,,,,,,,,False,,,0,,,,,,0,50,,power
P7883,John,Doe,2001-08-11,71,247,Unknown,dark,brown,clean_shaven,R,CF,,0,,,51,51,52,51,53,51,57,48,50,49,,,,,,,,,,,,62,58,62,60,53,0,0,48,57,64,,,,,,,,,,,,False,,,0,,,,,,0,50,,balanced
P5552,John,Doe,1989-05-27,70,247,Unknown,light,brown,clean_shaven,L,1B,,0,,,53,53,51,50,49,50,48,52,52,50,,,,,,,,,,,,43,45,45,42,49,0,0,52,47,41,,,,,,,,,,,,False,,,0,,,,,,0,50,,balanced
P7718,John,Doe,2005-01-18,68,169,Unknown,light,brown,beard,S,P,,1,RP,CL,,,,,55,,,,48,52,47,53,61,51,54,58,0,65,0,0,0,,,,,0,,,,78,81,74,86,59,81,75,72,0,83,0,0,0,False,,,0,,,,,,0,50,closer,
P8254,John,Doe,2006-02-09,72,227,Unknown,light,black,goatee,R,P,,1,RP,SP,,,,,50,,,,52,48,54,53,52,49,53,61,0,61,0,0,0,,,,,0,,,,65,71,71,64,71,62,76,83,0,77,0,0,0,False,,,0,,,,,,0,50,workhorse_sp,
P3997,John,Doe,2008-01-15,72,239,Unknown,medium,black,clean_shaven,S,P,,1,RP,SP,,,,,48,,,,49,52,52,50,53,51,52,60,63,0,0,0,0,,,,,0,,,,79,62,61,77,64,70,63,83,88,0,0,0,0,False,,,0,,,,,,0,50,balanced_sp,
P7851,John,Doe,2005-11-22,75,230,Unknown,light,brown,beard,R,P,,1,RP,SP,,,,,51,,,,47,49,53,50,54,51,52,59,60,61,0,57,0,,,,,0,,,,74,67,70,78,77,71,71,76,87,76,0,71,0,False,,,0,,,,,,0,50,balanced_sp,
P9542,John,Doe,2007-10-24,77,192,Unknown,light,red,clean_shaven,L,P,,1,RP,SP,,,,,48,,,,51,53,54,51,52,50,53,62,60,59,56,0,0,,,,,0,,,,74,69,61,77,76,66,83,76,80,82,67,0,0,False,,,0,,,,,,0,50,balanced_sp,
P1801,John,Doe,2007-09-08,69,192,Unknown,light,brown,mustache,R,CF,,0,,,52,49,51,49,52,50,54,49,52,52,,,,,,,,,,,,62,59,80,60,52,0,0,49,81,74,,,,,,,,,,,,False,,,0,,,,,,0,50,,balanced
P9366,John,Doe,2005-04-17,75,195,Unknown,medium,black,clean_shaven,R,2B,,0,,,53,52,50,53,50,49,57,52,49,49,,,,,,,,,,,,69,74,61,80,50,0,0,52,74,64,,,,,,,,,,,,False,,,0,,,,,,0,50,,gap
P4319,John,Doe,2005-12-21,74,176,Unknown,light,black,mustache,R,3B,,0,,,48,57,51,49,47,50,57,52,47,52,,,,,,,,,,,,74,73,73,64,47,0,0,52,73,64,,,,,,,,,,,,False,,,0,,,,,,0,50,,power
P1488,John,Doe,2005-01-01,73,184,Unknown,medium,black,clean_shaven,R,3B,,0,,,50,51,49,51,48,52,56,50,52,52,,,,,,,,,,,,73,62,67,69,48,0,0,50,62,69,,,,,,,,,,,,False,,,0,,,,,,0,50,,balanced
P5312,John,Doe,2005-02-04,73,161,Unknown,medium,black,goatee,R,3B,LF,0,,,51,50,70,52,51,49,58,51,48,48,,,,,,,,,,,,81,79,89,78,51,0,0,51,69,68,,,,,,,,,,,,False,,,0,,,,,,0,50,,speed
P8057,John,Doe,2002-02-10,69,229,Unknown,light,brown,clean_shaven,L,P,,1,RP,CL,,,,,55,,,,50,54,50,52,52,52,54,0,0,65,0,0,0,,,,,0,,,,59,67,58,58,64,64,65,0,0,80,0,0,0,False,,,0,,,,,,0,50,closer,
P9240,John,Doe,1998-04-24,69,231,Unknown,dark,black,clean_shaven,R,P,,1,RP,CL,,,,,52,,,,50,50,49,50,52,52,52,60,0,65,0,0,0,,,,,0,,,,57,60,55,66,62,58,61,67,0,76,0,0,0,False,,,0,,,,,,0,50,closer,
P2744,John,Doe,1988-04-08,77,193,Unknown,light,black,mustache,R,P,,1,RP,SP,,,,,49,,,,51,48,50,51,52,50,50,59,61,61,56,0,0,,,,,0,,,,44,38,50,42,43,43,42,50,59,53,50,0,0,False,,,0,,,,,,0,50,finesse_sp,
P7503,John,Doe,2003-12-29,72,246,Unknown,light,blonde,clean_shaven,L,P,,1,RP,SP,,,,,52,,,,51,52,54,50,53,48,52,62,61,59,58,0,0,,,,,0,,,,57,63,55,65,59,54,57,76,69,66,67,0,0,False,,,0,,,,,,0,50,power_sp,
P5351,John,Doe,1991-11-15,76,189,Unknown,light,brown,clean_shaven,L,P,,1,RP,RP,,,,,52,,,,49,50,48,50,53,50,51,0,62,63,0,0,0,,,,,0,,,,39,45,48,46,45,48,47,0,58,62,0,0,0,False,,,0,,,,,,0,50,power_rp,
P9474,John,Doe,1988-08-27,74,183,Unknown,medium,black,clean_shaven,S,P,,1,RP,CL,,,,,51,,,,49,54,52,53,60,53,54,0,60,67,0,0,0,,,,,0,,,,46,48,53,59,47,53,50,0,59,65,0,0,0,False,,,0,,,,,,0,50,closer,
P8008,John,Doe,1998-02-25,75,187,Unknown,light,black,clean_shaven,R,P,,1,RP,SP,,,,,49,,,,48,54,50,50,53,53,53,0,62,59,57,0,0,,,,,0,,,,50,52,46,52,46,54,52,0,67,63,59,0,0,False,,,0,,,,,,0,50,power_sp,
P6917,John,Doe,1992-07-04,74,168,Unknown,medium,black,beard,R,P,,1,RP,RP,,,,,51,,,,48,50,51,52,52,52,50,60,63,64,0,0,0,,,,,0,,,,38,47,45,49,45,48,43,53,54,58,0,0,0,False,,,0,,,,,,0,50,finesse_rp,
P1101,John,Doe,2000-09-10,72,234,Unknown,medium,brown,goatee,L,P,,1,RP,LR,,,,,53,,,,48,52,50,52,52,50,52,57,62,64,0,0,0,,,,,0,,,,57,64,57,64,61,60,67,69,69,73,0,0,0,False,,,0,,,,,,0,50,long_relief,
P9443,John,Doe,2003-10-08,71,232,Unknown,medium,black,clean_shaven,R,P,,1,RP,RP,,,,,54,,,,50,53,49,50,53,49,51,59,0,66,64,0,0,,,,,0,,,,62,65,55,66,54,57,63,73,0,74,79,0,0,False,,,0,,,,,,0,50,groundball_rp,
P3972,John,Doe,1989-02-01,78,163,Unknown,light,black,goatee,L,P,,1,RP,SP,,,,,52,,,,49,50,53,50,54,48,53,60,0,61,60,0,0,,,,,0,,,,44,40,45,48,53,45,53,60,0,61,54,0,0,False,,,0,,,,,,0,50,groundball_sp,
P5237,John,Doe,2002-04-26,77,225,Unknown,light,red,clean_shaven,R,C,,0,,,61,49,51,52,53,48,59,52,51,52,,,,,,,,,,,,75,54,62,64,53,0,0,52,62,66,,,,,,,,,,,,False,,,0,,,,,,0,50,,spray
P9259,John,Doe,1995-11-27,71,237,Unknown,medium,black,clean_shaven,R,1B,,0,,,53,64,52,52,52,53,57,50,51,51,,,,,,,,,,,,53,63,48,55,52,0,0,50,46,56,,,,,,,,,,,,False,,,0,,,,,,0,50,,power
P5438,John,Doe,2000-10-08,68,216,Unknown,dark,black,clean_shaven,R,2B,,0,,,57,50,48,54,49,53,56,52,49,49,,,,,,,,,,,,69,65,58,68,49,0,0,52,64,58,,,,,,,,,,,,False,,,0,,,,,,0,50,,balanced
P6212,John,Doe,1998-10-11,71,230,Unknown,medium,brown,beard,R,3B,,0,,,59,50,51,51,51,51,55,53,51,50,,,,,,,,,,,,66,57,58,58,51,0,0,53,59,63,,,,,,,,,,,,False,,,0,,,,,,0,50,,spray
P2395,John,Doe,1994-03-04,73,202,Unknown,medium,black,mustache,R,SS,,0,,,52,51,51,51,50,52,57,52,48,49,,,,,,,,,,,,54,49,54,48,50,0,0,52,46,47,,,,,,,,,,,,False,,,0,,,,,,0,50,,balanced
P7728,John,Doe,1992-04-28,73,249,Unknown,medium,brown,clean_shaven,L,LF,,0,,,69,53,52,54,53,50,47,49,50,53,,,,,,,,,,,,62,46,44,51,53,0,0,49,50,49,,,,,,,,,,,,False,,,0,,,,,,0,50,,spray
P9236,John,Doe,1999-12-14,72,204,Unknown,dark,black,clean_shaven,L,CF,,0,,,54,48,77,54,52,47,42,48,51,51,,,,,,,,,,,,63,53,82,63,52,0,0,48,57,64,,,,,,,,,,,,False,,,0,,,,,,0,50,,speed
P9970,John,Doe,1999-09-23,75,175,Unknown,medium,red,beard,R,RF,,0,,,48,57,50,49,47,52,52,47,52,51,,,,,,,,,,,,57,72,63,56,47,0,0,47,66,59,,,,,,,,,,,,False,,,0,,,,,,0,50,,power
P3285,John,Doe,1998-11-08,76,167,Unknown,medium,brown,clean_shaven,L,1B,,0,,,49,61,50,50,48,54,49,53,51,49,,,,,,,,,,,,59,66,57,59,48,0,0,53,58,59,,,,,,,,,,,,False,,,0,,,,,,0,50,,power
P4099,John,Doe,1995-11-23,78,228,Unknown,light,blonde,beard,L,1B,,0,,,54,55,50,51,50,49,46,53,50,51,,,,,,,,,,,,54,50,54,55,50,0,0,53,55,54,,,,,,,,,,,,False,,,0,,,,,,0,50,,gap
P9878,John,Doe,1988-12-18,77,167,Unknown,medium,black,clean_shaven,R,2B,,0,,,53,51,86,52,50,51,56,51,52,49,,,,,,,,,,,,53,46,84,50,50,0,0,51,49,44,,,,,,,,,,,,False,,,0,,,,,,0,50,,elite_speed
P2388,John,Doe,1989-10-19,70,239,Unknown,medium,brown,mustache,R,CF,,0,,,53,51,48,52,52,51,50,50,47,52,,,,,,,,,,,,49,43,46,44,52,0,0,50,42,50,,,,,,,,,,,,False,,,0,,,,,,0,50,,balanced
P5059,John,Doe,1997-03-11,73,216,Unknown,light,blonde,goatee,R,3B,,0,,,57,49,49,53,52,51,55,53,50,50,,,,,,,,,,,,62,54,49,48,52,0,0,53,47,53,,,,,,,,,,,,False,,,0,,,,,,0,50,,spray
P2904,John,Doe,1988-03-07,70,183,Unknown,dark,brown,beard,R,SS,,0,,,52,49,52,52,52,48,59,51,49,51,,,,,,,,,,,,50,44,42,45,52,0,0,51,45,46,,,,,,,,,,,,False,,,0,,,,,,0,50,,balanced
P7431,John,Doe,1993-01-09,76,218,Unknown,light,brown,clean_shaven,S,P,,1,RP,CL,,,,,55,,,,52,52,50,50,52,52,53,0,62,65,0,0,0,,,,,0,,,,44,46,40,44,47,50,46,0,56,58,0,0,0,False,,,0,,,,,,0,50,closer,
P5916,John,Doe,2004-04-05,70,222,Unknown,light,black,clean_shaven,L,P,,1,RP,SP,,,,,50,,,,48,52,52,50,54,52,52,61,63,63,0,55,0,,,,,0,,,,68,77,76,73,82,80,66,85,87,76,0,81,0,False,,,0,,,,,,0,50,balanced_sp,
P3718,John,Doe,2005-02-06,69,189,Unknown,medium,brown,clean_shaven,L,P,,1,RP,SP,,,,,48,,,,49,49,51,50,54,48,53,0,61,60,57,0,0,,,,,0,,,,67,59,72,73,75,72,72,0,75,90,72,0,0,False,,,0,,,,,,0,50,power_sp,
P8351,John,Doe,1997-08-16,71,244,Unknown,dark,red,clean_shaven,S,P,,1,RP,CL,,,,,49,,,,51,53,48,53,55,50,53,0,0,65,0,0,0,,,,,0,,,,46,56,58,55,44,47,52,0,0,70,0,0,0,False,,,0,,,,,,0,50,closer,
P6829,John,Doe,2000-01-02,72,214,Unknown,dark,black,clean_shaven,S,P,,1,RP,SP,,,,,50,,,,47,50,50,52,52,48,49,60,61,58,0,0,0,,,,,0,,,,55,60,66,62,56,57,54,70,73,66,0,0,0,False,,,0,,,,,,0,50,workhorse_sp,
P9866,John,Doe,1994-05-08,71,236,Unknown,dark,black,clean_shaven,L,P,,1,RP,RP,,,,,50,,,,49,50,48,50,52,51,52,0,59,0,0,0,0,,,,,0,,,,50,51,46,49,52,47,57,0,54,0,0,0,0,False,,,0,,,,,,0,50,finesse_rp,
P7821,John,Doe,2000-03-15,77,163,Unknown,light,black,clean_shaven,R,P,,1,RP,SP,,,,,52,,,,52,49,50,53,53,52,53,0,0,61,61,0,0,,,,,0,,,,60,57,61,66,56,67,58,0,0,68,72,0,0,False,,,0,,,,,,0,50,groundball_sp,
P2243,John,Doe,1988-11-05,71,171,Unknown,light,black,mustache,S,CF,,0,,,52,53,52,51,53,48,52,51,50,50,,,,,,,,,,,,42,49,43,49,53,0,0,51,42,42,,,,,,,,,,,,False,,,0,,,,,,0,50,,balanced
P1566,John,Doe,2004-12-07,73,210,Unknown,dark,brown,beard,L,RF,,0,,,50,53,52,51,49,52,48,50,51,50,,,,,,,,,,,,67,67,64,74,49,0,0,50,64,79,,,,,,,,,,,,False,,,0,,,,,,0,50,,average
P9966,John,Doe,1991-02-11,69,241,Unknown,light,brown,clean_shaven,L,CF,,0,,,53,51,53,49,52,52,46,50,50,51,,,,,,,,,,,,52,50,52,41,52,0,0,50,49,46,,,,,,,,,,,,False,,,0,,,,,,0,50,,balanced
P9523,John,Doe,1989-02-06,75,246,Unknown,dark,red,clean_shaven,R,LF,,0,,,51,52,49,51,52,51,55,50,50,49,,,,,,,,,,,,41,49,47,49,52,0,0,50,44,48,,,,,,,,,,,,False,,,0,,,,,,0,50,,average
P5129,John,Doe,1992-06-08,69,188,Unknown,medium,black,beard,L,1B,,0,,,53,58,52,51,49,49,42,52,51,49,,,,,,,,,,,,50,53,42,41,49,0,0,52,48,48,,,,,,,,,,,,False,,,0,,,,,,0,50,,balanced
P3183,John,Doe,1987-11-08,77,208,Unknown,medium,blonde,mustache,R,3B,,0,,,49,51,52,50,51,49,55,50,51,51,,,,,,,,,,,,39,51,45,41,51,0,0,50,44,48,,,,,,,,,,,,False,,,0,,,,,,0,50,,balanced
P3391,John,Doe,1998-05-15,77,190,Unknown,dark,black,clean_shaven,L,RF,,0,,,52,60,52,52,48,54,47,51,49,53,,,,,,,,,,,,59,67,60,65,48,0,0,51,58,64,,,,,,,,,,,,False,,,0,,,,,,0,50,,power
P8845,John,Doe,1998-08-08,74,196,Unknown,dark,red,clean_shaven,L,1B,,0,,,51,48,70,50,49,48,42,50,51,51,,,,,,,,,,,,61,61,78,61,49,0,0,50,56,66,,,,,,,,,,,,False,,,0,,,,,,0,50,,speed
P9776,John,Doe,2006-11-26,70,218,Unknown,medium,black,clean_shaven,R,P,,1,RP,CL,,,,,55,,,,48,52,48,52,52,53,52,57,58,66,0,0,0,,,,,0,,,,66,75,63,70,64,80,69,71,81,96,0,0,0,False,,,0,,,,,,0,50,closer,
P9453,John,Doe,2006-08-25,70,223,Unknown,medium,brown,clean_shaven,R,P,,1,RP,SP,,,,,48,,,,49,51,53,52,52,51,54,59,62,60,56,0,0,,,,,0,,,,79,71,74,81,64,79,65,74,73,70,78,0,0,False,,,0,,,,,,0,50,power_sp,
P1883,John,Doe,2004-07-24,71,250,Unknown,dark,brown,clean_shaven,R,P,,1,RP,SP,,,,,51,,,,49,51,53,50,54,50,55,59,64,63,0,55,0,,,,,0,,,,77,79,65,73,77,76,72,80,79,91,0,84,0,False,,,0,,,,,,0,50,power_sp,
P5595,John,Doe,2005-11-18,73,234,Unknown,medium,black,beard,R,P,,1,RP,RP,,,,,53,,,,52,53,52,50,52,53,52,0,61,0,61,0,0,,,,,0,,,,82,82,75,62,76,75,75,0,74,0,74,0,0,False,,,0,,,,,,0,50,groundball_rp,
P9698,John,Doe,2007-04-06,70,210,Unknown,medium,black,goatee,R,P,,1,RP,SP,,,,,49,,,,49,49,54,53,54,52,49,62,61,60,0,0,0,,,,,0,,,,62,59,70,83,68,81,66,88,75,90,0,0,0,False,,,0,,,,,,0,50,balanced_sp,
P3087,John,Doe,2007-12-08,77,174,Unknown,dark,black,clean_shaven,R,SS,,0,,,51,52,70,52,51,49,60,49,50,48,,,,,,,,,,,,81,72,91,79,51,0,0,49,70,77,,,,,,,,,,,,False,,,0,,,,,,0,50,,speed
P8344,John,Doe,2008-01-08,68,200,Unknown,medium,blonde,clean_shaven,S,1B,,0,,,50,52,51,49,51,53,53,52,53,48,,,,,,,,,,,,67,78,75,70,51,0,0,52,78,76,,,,,,,,,,,,False,,,0,,,,,,0,50,,average
P4822,John,Doe,2006-11-24,69,203,Unknown,dark,blonde,clean_shaven,L,2B,,0,,,54,63,51,51,47,50,50,50,51,51,,,,,,,,,,,,83,73,81,72,47,0,0,50,68,65,,,,,,,,,,,,False,,,0,,,,,,0,50,,power
P3578,John,Doe,2007-05-09,75,172,Unknown,medium,black,clean_shaven,R,C,,0,,,51,49,50,49,49,53,59,50,52,51,,,,,,,,,,,,61,77,65,61,49,0,0,50,73,61,,,,,,,,,,,,False,,,0,,,,,,0,50,,balanced
P6638,John,Doe,2007-11-18,78,244,Unknown,dark,brown,clean_shaven,R,C,,0,,,50,51,49,49,51,52,60,53,50,51,,,,,,,,,,,,61,62,60,71,51,0,0,53,70,66,,,,,,,,,,,,False,,,0,,,,,,0,50,,average
P1915,John,Doe,1999-04-06,70,200,Unknown,medium,black,beard,R,P,,1,RP,CL,,,,,55,,,,50,53,51,50,53,49,54,59,0,65,0,0,0,,,,,0,,,,55,61,56,66,61,59,64,71,0,80,0,0,0,False,,,0,,,,,,0,50,closer,
P2472,John,Doe,1989-01-24,73,172,Unknown,medium,red,beard,S,P,,1,RP,RP,,,,,54,,,,52,53,48,50,52,52,52,0,0,0,59,0,0,,,,,0,,,,49,44,44,46,48,46,49,0,0,0,49,0,0,False,,,0,,,,,,0,50,groundball_rp,
P1690,John,Doe,2003-12-22,74,245,Unknown,dark,black,clean_shaven,R,P,,1,RP,RP,,,,,54,,,,49,49,49,50,52,53,50,0,59,0,60,0,0,,,,,0,,,,61,61,55,67,64,62,65,0,66,0,69,0,0,False,,,0,,,,,,0,50,groundball_rp,
P9855,John,Doe,2002-10-07,75,207,Unknown,dark,brown,clean_shaven,S,P,,1,RP,RP,,,,,51,,,,52,54,51,51,54,48,55,0,61,66,0,56,0,,,,,0,,,,65,67,61,61,60,63,61,0,76,79,0,62,0,False,,,0,,,,,,0,50,power_rp,
P2834,John,Doe,1997-06-18,68,194,Unknown,light,red,clean_shaven,L,P,,1,RP,SP,,,,,51,,,,50,50,50,51,53,49,51,62,61,62,0,0,0,,,,,0,,,,46,46,47,57,46,51,55,64,66,62,0,0,0,False,,,0,,,,,,0,50,balanced_sp,
P9976,John,Doe,1989-05-30,75,166,Unknown,dark,black,clean_shaven,R,P,,1,RP,SP,,,,,51,,,,49,49,53,50,53,52,54,0,59,62,57,0,0,,,,,0,,,,46,39,50,44,44,52,50,0,54,54,50,0,0,False,,,0,,,,,,0,50,power_sp,
P7172,John,Doe,1987-03-08,75,236,Unknown,medium,brown,clean_shaven,R,P,,1,RP,SP,,,,,50,,,,51,49,53,52,52,52,53,58,63,60,0,57,0,,,,,0,,,,41,43,43,45,46,50,44,52,63,57,0,57,0,False,,,0,,,,,,0,50,balanced_sp,
P4435,John,Doe,1995-06-22,72,241,Unknown,light,brown,clean_shaven,L,P,,1,RP,SP,,,,,48,,,,49,51,51,50,52,48,51,60,63,58,0,57,0,,,,,0,,,,44,51,53,52,52,51,55,56,61,59,0,62,0,False,,,0,,,,,,0,50,balanced_sp,
P8026,John,Doe,2003-06-10,74,221,Unknown,light,brown,goatee,R,P,,1,RP,SP,,,,,52,,,,48,50,53,50,52,48,51,0,0,58,59,0,0,,,,,0,,,,53,61,55,59,66,63,58,0,0,72,65,0,0,False,,,0,,,,,,0,50,groundball_sp,
P6556,John,Doe,2001-06-25,78,211,Unknown,medium,blonde,mustache,L,P,,1,RP,SP,,,,,50,,,,51,53,50,52,53,51,52,61,63,61,0,56,0,,,,,0,,,,62,59,61,61,57,64,66,72,68,76,0,63,0,False,,,0,,,,,,0,50,finesse_sp,
P3671,John,Doe,1989-07-23,73,206,Unknown,medium,black,beard,R,P,,1,RP,SP,,,,,51,,,,52,50,53,50,52,50,50,62,59,62,0,0,0,,,,,0,,,,47,40,47,43,52,45,49,58,53,59,0,0,0,False,,,0,,,,,,0,50,balanced_sp,
P1463,John,Doe,1990-09-26,68,224,Unknown,light,black,clean_shaven,R,C,,0,,,50,50,70,52,50,50,55,52,50,49,,,,,,,,,,,,43,48,66,44,50,0,0,52,47,49,,,,,,,,,,,,False,,,0,,,,,,0,50,,speed
P9037,John,Doe,1987-06-07,74,183,Unknown,light,brown,clean_shaven,L,1B,,0,,,53,58,53,51,50,53,50,48,52,51,,,,,,,,,,,,53,48,48,48,50,0,0,48,43,42,,,,,,,,,,,,False,,,0,,,,,,0,50,,average
P4684,John,Doe,1988-09-25,68,207,Unknown,light,brown,clean_shaven,R,2B,,0,,,51,50,51,52,51,50,58,52,49,49,,,,,,,,,,,,43,46,43,46,51,0,0,52,43,41,,,,,,,,,,,,False,,,0,,,,,,0,50,,average
P7443,John,Doe,2000-06-06,73,193,Unknown,light,blonde,beard,R,3B,,0,,,52,52,53,50,48,48,58,52,48,51,,,,,,,,,,,,60,57,60,55,48,0,0,52,59,59,,,,,,,,,,,,False,,,0,,,,,,0,50,,average
P8903,John,Doe,1998-12-24,76,200,Unknown,dark,black,mustache,S,SS,,0,,,63,51,54,51,50,49,55,49,51,49,,,,,,,,,,,,71,58,63,65,50,0,0,49,65,60,,,,,,,,,,,,False,,,0,,,,,,0,50,,spray
P6008,John,Doe,1987-04-10,78,178,Unknown,light,blonde,clean_shaven,L,LF,,0,,,51,50,49,52,48,52,51,49,51,50,,,,,,,,,,,,51,40,41,49,48,0,0,49,47,46,,,,,,,,,,,,False,,,0,,,,,,0,50,,average
P5801,John,Doe,2000-01-07,75,176,Unknown,light,brown,clean_shaven,R,CF,,0,,,54,49,53,52,51,50,52,48,51,51,,,,,,,,,,,,64,54,64,60,51,0,0,48,64,56,,,,,,,,,,,,False,,,0,,,,,,0,50,,balanced
P9538,John,Doe,1996-08-18,77,238,Unknown,light,brown,clean_shaven,L,RF,,0,,,69,52,52,51,52,50,44,48,47,53,,,,,,,,,,,,65,53,57,54,52,0,0,48,50,48,,,,,,,,,,,,False,,,0,,,,,,0,50,,spray
P8910,John,Doe,2001-04-20,74,162,Unknown,medium,black,beard,L,RF,,0,,,49,50,49,49,51,51,49,49,48,51,,,,,,,,,,,,56,64,64,59,51,0,0,49,53,65,,,,,,,,,,,,False,,,0,,,,,,0,50,,balanced
P3462,John,Doe,1999-06-17,75,171,Unknown,light,red,beard,L,LF,,0,,,61,53,52,51,50,47,48,53,49,49,,,,,,,,,,,,74,60,61,65,50,0,0,53,58,58,,,,,,,,,,,,False,,,0,,,,,,0,50,,spray
P8049,John,Doe,1998-11-18,77,243,Unknown,dark,brown,clean_shaven,R,C,,0,,,52,51,48,50,49,51,58,50,48,50,,,,,,,,,,,,57,59,56,59,49,0,0,50,59,56,,,,,,,,,,,,False,,,0,,,,,,0,50,,balanced
P8935,John,Doe,1991-04-07,74,238,Unknown,light,brown,clean_shaven,L,1B,,0,,,49,65,47,50,47,52,47,49,50,52,,,,,,,,,,,,40,57,43,48,47,0,0,49,41,49,,,,,,,,,,,,False,,,0,,,,,,0,50,,power
P8510,John,Doe,2000-10-12,72,247,Unknown,dark,blonde,beard,R,3B,,0,,,50,53,51,51,46,49,57,48,49,47,,,,,,,,,,,,61,60,60,65,46,0,0,48,54,62,,,,,,,,,,,,False,,,0,,,,,,0,50,,gap
P7244,John,Doe,1992-09-29,75,198,Unknown,dark,black,clean_shaven,R,CF,,0,,,52,53,50,49,51,54,51,49,51,52,,,,,,,,,,,,43,43,42,43,51,0,0,49,43,43,,,,,,,,,,,,False,,,0,,,,,,0,50,,balanced
P4518,John,Doe,1988-01-08,78,181,Unknown,medium,brown,mustache,R,P,,1,RP,CL,,,,,55,,,,49,50,48,50,53,49,54,59,57,66,0,0,0,,,,,0,,,,46,43,48,48,44,44,45,49,50,63,0,0,0,False,,,0,,,,,,0,50,closer,
P2285,John,Doe,2003-07-09,69,196,Unknown,dark,black,clean_shaven,S,P,,1,RP,SP,,,,,50,,,,50,51,51,53,52,52,50,59,0,61,0,0,0,,,,,0,,,,60,66,68,62,56,58,65,71,0,76,0,0,0,False,,,0,,,,,,0,50,balanced_sp,
P3004,John,Doe,1990-10-16,71,220,Unknown,dark,brown,beard,R,P,,1,RP,SP,,,,,50,,,,51,49,52,50,52,49,51,61,61,62,0,0,0,,,,,0,,,,44,42,50,45,51,42,46,54,59,54,0,0,0,False,,,0,,,,,,0,50,workhorse_sp,
P4595,John,Doe,1995-01-11,68,214,Unknown,dark,brown,goatee,L,P,,1,RP,SP,,,,,49,,,,50,51,51,50,52,47,53,0,62,63,0,57,0,,,,,0,,,,55,47,51,50,56,51,50,0,59,64,0,59,0,False,,,0,,,,,,0,50,power_sp,
P1174,John,Doe,2000-10-05,74,223,Unknown,dark,brown,clean_shaven,R,P,,1,RP,SP,,,,,50,,,,49,49,53,53,54,48,51,59,58,59,0,0,0,,,,,0,,,,58,54,61,60,66,53,63,66,69,66,0,0,0,False,,,0,,,,,,0,50,balanced_sp,
P9170,John,Doe,1993-12-28,75,242,Unknown,light,brown,clean_shaven,R,P,,1,RP,SP,,,,,49,,,,51,51,54,52,52,53,54,0,60,61,0,0,0,,,,,0,,,,41,47,44,46,54,44,44,0,55,61,0,0,0,False,,,0,,,,,,0,50,power_sp,
P3735,John,Doe,1987-06-28,76,172,Unknown,medium,blonde,beard,R,P,,1,RP,SP,,,,,50,,,,52,50,50,50,53,50,51,61,59,0,0,0,0,,,,,0,,,,52,46,41,51,40,41,46,52,51,0,0,0,0,False,,,0,,,,,,0,50,balanced_sp,
P8878,John,Doe,2005-01-18,69,223,Unknown,medium,red,clean_shaven,R,SS,,0,,,50,50,49,51,49,49,58,50,52,50,,,,,,,,,,,,74,78,67,64,49,0,0,50,80,76,,,,,,,,,,,,False,,,0,,,,,,0,50,,balanced
P8060,John,Doe,1988-11-09,74,184,Unknown,medium,blonde,mustache,L,LF,,0,,,51,59,48,51,50,49,47,53,52,51,,,,,,,,,,,,46,56,43,44,50,0,0,53,44,51,,,,,,,,,,,,False,,,0,,,,,,0,50,,power
P1015,John,Doe,1988-11-14,73,223,Unknown,dark,brown,clean_shaven,R,C,,0,,,51,50,50,52,52,50,60,50,50,50,,,,,,,,,,,,42,41,40,46,52,0,0,50,44,44,,,,,,,,,,,,False,,,0,,,,,,0,50,,balanced
P4332,John,Doe,1996-01-31,68,212,Unknown,light,blonde,clean_shaven,R,RF,,0,,,52,58,49,51,47,54,57,52,52,49,,,,,,,,,,,,47,58,48,48,47,0,0,52,54,54,,,,,,,,,,,,False,,,0,,,,,,0,50,,power
P3161,John,Doe,1990-09-06,77,162,Unknown,light,black,clean_shaven,R,SS,,0,,,61,60,54,54,49,47,62,49,51,51,,,,,,,,,,,,56,52,49,49,49,0,0,49,45,48,,,,,,,,,,,,False,,,0,,,,,,0,50,,gap
P8630,John,Doe,1992-05-01,72,169,Unknown,dark,brown,mustache,R,2B,,0,,,54,50,51,50,51,49,54,50,48,50,,,,,,,,,,,,53,42,49,49,51,0,0,50,43,47,,,,,,,,,,,,False,,,0,,,,,,0,50,,balanced
P1983,John,Doe,1988-03-09,73,208,Unknown,light,brown,clean_shaven,R,3B,,0,,,66,52,52,53,52,49,57,50,52,48,,,,,,,,,,,,59,51,46,44,52,0,0,50,49,41,,,,,,,,,,,,False,,,0,,,,,,0,50,,spray
P4474,John,Doe,1992-06-05,75,206,Unknown,medium,red,clean_shaven,L,2B,,0,,,54,50,49,51,50,52,50,48,48,51,,,,,,,,,,,,49,46,44,50,50,0,0,48,43,46,,,,,,,,,,,,False,,,0,,,,,,0,50,,balanced
P9468,John,Doe,2006-05-06,69,233,Unknown,dark,brown,beard,R,P,,1,RP,CL,,,,,55,,,,52,54,49,52,52,50,53,0,0,67,0,0,0,,,,,0,,,,76,68,65,64,71,78,68,0,0,89,0,0,0,False,,,0,,,,,,0,50,closer,
P6600,John,Doe,2005-02-23,69,211,Unknown,dark,black,goatee,R,P,,1,RP,SP,,,,,50,,,,50,52,50,51,53,52,52,59,61,58,61,0,0,,,,,0,,,,76,74,80,66,70,80,71,78,79,75,74,0,0,False,,,0,,,,,,0,50,groundball_sp,
P8204,John,Doe,2004-12-11,70,235,Unknown,dark,blonde,clean_shaven,R,P,,1,RP,RP,,,,,49,,,,50,51,51,53,52,50,53,60,63,0,0,0,0,,,,,0,,,,65,64,70,73,81,77,75,85,92,0,0,0,0,False,,,0,,,,,,0,50,finesse_rp,
P8622,John,Doe,2006-09-01,70,200,Unknown,medium,brown,clean_shaven,R,P,,1,RP,SP,,,,,48,,,,48,54,50,52,54,48,53,0,63,62,0,0,0,,,,,0,,,,60,74,76,80,64,58,82,0,84,73,0,0,0,False,,,0,,,,,,0,50,power_sp,
P4844,John,Doe,2007-11-06,68,178,Unknown,dark,black,beard,L,P,,1,RP,RP,,,,,51,,,,51,49,53,51,52,52,52,0,0,63,0,0,0,,,,,0,,,,79,75,61,72,73,63,82,0,0,83,0,0,0,False,,,0,,,,,,0,50,power_rp,
P4452,John,Doe,2005-11-21,69,221,Unknown,dark,blonde,beard,S,C,,0,,,56,50,51,52,49,52,55,49,48,53,,,,,,,,,,,,78,61,71,73,49,0,0,49,78,76,,,,,,,,,,,,False,,,0,,,,,,0,50,,spray
P3316,John,Doe,2007-09-07,77,190,Unknown,light,red,clean_shaven,R,2B,,0,,,56,50,85,52,49,50,54,49,50,52,,,,,,,,,,,,83,72,99,73,49,0,0,49,68,81,,,,,,,,,,,,False,,,0,,,,,,0,50,,elite_speed
P7515,John,Doe,2004-12-07,71,245,Unknown,dark,blonde,clean_shaven,L,RF,,0,,,50,56,51,50,50,53,48,50,49,48,,,,,,,,,,,,60,81,78,61,50,0,0,50,66,76,,,,,,,,,,,,False,,,0,,,,,,0,50,,power
P6537,John,Doe,2006-09-01,70,236,Unknown,light,brown,clean_shaven,R,CF,,0,,,49,49,70,50,52,50,54,48,48,52,,,,,,,,,,,,67,74,88,76,52,0,0,48,74,81,,,,,,,,,,,,False,,,0,,,,,,0,50,,speed
P4151,John,Doe,2004-07-05,73,243,Unknown,light,black,goatee,S,2B,,0,,,59,52,54,53,53,49,54,50,51,52,,,,,,,,,,,,70,76,67,70,53,0,0,50,62,62,,,,,,,,,,,,False,,,0,,,,,,0,50,,spray
P9728,John,Doe,1999-11-10,76,233,Unknown,dark,brown,mustache,L,P,,1,RP,CL,,,,,55,,,,52,54,51,52,52,50,54,0,0,67,0,0,0,,,,,0,,,,66,61,60,63,61,57,65,0,0,80,0,0,0,False,,,0,,,,,,0,50,closer,
P4302,John,Doe,1995-05-31,76,230,Unknown,medium,brown,beard,R,P,,1,RP,SP,,,,,48,,,,49,51,51,50,53,50,52,61,59,59,0,55,0,,,,,0,,,,48,46,49,58,55,46,52,56,59,64,0,50,0,False,,,0,,,,,,0,50,balanced_sp,
P7069,John,Doe,2001-03-13,76,199,Unknown,medium,blonde,clean_shaven,S,P,,1,RP,SP,,,,,52,,,,51,52,54,50,52,49,50,61,62,59,0,55,0,,,,,0,,,,56,65,59,65,61,64,61,67,69,71,0,65,0,False,,,0,,,,,,0,50,finesse_sp,
P8472,John,Doe,1999-06-18,69,191,Unknown,dark,black,beard,R,P,,1,RP,RP,,,,,48,,,,48,48,48,54,52,52,50,57,60,0,0,58,0,,,,,0,,,,56,57,63,60,59,65,59,68,75,0,0,71,0,False,,,0,,,,,,0,50,finesse_rp,
P1841,John,Doe,1994-06-27,70,184,Unknown,light,blonde,clean_shaven,L,P,,1,RP,SP,,,,,52,,,,49,49,51,52,52,51,51,62,60,60,0,0,0,,,,,0,,,,47,52,51,54,49,54,54,64,63,64,0,0,0,False,,,0,,,,,,0,50,workhorse_sp,
P7604,John,Doe,1990-05-17,70,208,Unknown,dark,blonde,beard,R,P,,1,RP,SP,,,,,50,,,,50,51,51,50,52,51,53,0,60,57,61,0,0,,,,,0,,,,50,50,44,47,48,41,52,0,53,55,54,0,0,False,,,0,,,,,,0,50,groundball_sp,
P6241,John,Doe,1993-04-17,72,207,Unknown,medium,brown,clean_shaven,R,P,,1,RP,SP,,,,,50,,,,49,51,51,53,52,49,53,59,63,0,0,0,0,,,,,0,,,,42,42,53,45,46,49,48,50,56,0,0,0,0,False,,,0,,,,,,0,50,finesse_sp,
P6267,John,Doe,1991-11-17,75,242,Unknown,light,brown,beard,R,P,,1,RP,LR,,,,,51,,,,51,50,50,50,52,52,52,60,61,66,0,0,0,,,,,0,,,,43,43,47,48,43,49,47,58,55,58,0,0,0,False,,,0,,,,,,0,50,long_relief,
P6176,John,Doe,1993-10-12,68,250,Unknown,light,brown,beard,R,P,,1,RP,SP,,,,,52,,,,48,49,53,53,52,51,52,0,60,58,0,0,0,,,,,0,,,,41,45,52,52,48,42,46,0,59,49,0,0,0,False,,,0,,,,,,0,50,balanced_sp,
P3297,John,Doe,1988-06-12,73,205,Unknown,dark,brown,mustache,L,P,,1,RP,RP,,,,,54,,,,50,49,51,50,52,50,53,62,59,0,0,0,0,,,,,0,,,,43,47,42,48,48,41,47,55,55,0,0,0,0,False,,,0,,,,,,0,50,finesse_rp,
P7068,John,Doe,1987-12-14,77,207,Unknown,light,brown,beard,R,P,,1,RP,SP,,,,,52,,,,48,52,52,54,54,52,50,60,63,60,58,0,0,,,,,0,,,,42,49,54,54,45,51,41,50,59,58,58,0,0,False,,,0,,,,,,0,50,finesse_sp,
P8808,John,Doe,1996-09-07,70,250,Unknown,medium,blonde,goatee,R,C,,0,,,53,51,50,52,50,52,57,53,53,51,,,,,,,,,,,,51,50,48,50,50,0,0,53,57,49,,,,,,,,,,,,False,,,0,,,,,,0,50,,average
P4288,John,Doe,2003-12-29,74,204,Unknown,light,black,clean_shaven,S,1B,,0,,,53,62,48,51,47,49,50,51,53,50,,,,,,,,,,,,63,70,57,66,47,0,0,51,60,63,,,,,,,,,,,,False,,,0,,,,,,0,50,,power
P9955,John,Doe,1999-04-24,71,239,Unknown,medium,black,clean_shaven,R,2B,,0,,,56,51,70,52,50,48,55,50,51,50,,,,,,,,,,,,71,64,78,62,50,0,0,50,61,59,,,,,,,,,,,,False,,,0,,,,,,0,50,,speed
P2017,John,Doe,1994-02-11,72,215,Unknown,dark,black,clean_shaven,R,3B,,0,,,52,53,51,53,50,48,59,50,50,51,,,,,,,,,,,,49,48,41,46,50,0,0,50,46,47,,,,,,,,,,,,False,,,0,,,,,,0,50,,balanced
P5468,John,Doe,2003-08-06,76,233,Unknown,medium,black,clean_shaven,R,SS,,0,,,52,48,51,49,52,52,57,52,51,52,,,,,,,,,,,,67,59,65,54,52,0,0,52,65,61,,,,,,,,,,,,False,,,0,,,,,,0,50,,average
P9195,John,Doe,2004-10-10,75,246,Unknown,dark,brown,clean_shaven,R,LF,,0,,,49,52,47,50,51,49,56,50,52,52,,,,,,,,,,,,62,65,63,69,51,0,0,50,72,65,,,,,,,,,,,,False,,,0,,,,,,0,50,,average
P8195,John,Doe,2000-09-04,70,239,Unknown,dark,blonde,clean_shaven,L,CF,,0,,,48,49,51,48,53,49,45,52,52,50,,,,,,,,,,,,62,61,63,60,53,0,0,52,58,61,,,,,,,,,,,,False,,,0,,,,,,0,50,,average
P8673,John,Doe,2002-01-19,73,235,Unknown,dark,brown,clean_shaven,L,RF,,0,,,50,47,85,51,50,48,44,49,51,48,,,,,,,,,,,,59,54,97,62,50,0,0,49,66,57,,,,,,,,,,,,False,,,0,,,,,,0,50,,elite_speed
P5549,John,Doe,1987-08-15,78,214,Unknown,medium,brown,mustache,L,2B,,0,,,54,52,50,52,51,51,46,52,49,48,,,,,,,,,,,,44,48,48,47,51,0,0,52,42,42,,,,,,,,,,,,False,,,0,,,,,,0,50,,average
P5793,John,Doe,2002-07-22,75,160,Unknown,dark,brown,goatee,L,LF,,0,,,50,63,50,49,49,50,47,50,51,53,,,,,,,,,,,,65,71,65,64,49,0,0,50,57,67,,,,,,,,,,,,False,,,0,,,,,,0,50,,power
P3422,John,Doe,1988-11-14,77,168,Unknown,dark,black,goatee,R,3B,,0,,,53,52,51,51,52,49,57,53,48,53,,,,,,,,,,,,43,44,47,41,52,0,0,53,47,48,,,,,,,,,,,,False,,,0,,,,,,0,50,,average
P6798,John,Doe,1999-07-28,78,198,Unknown,light,red,clean_shaven,L,LF,,0,,,53,50,70,53,51,49,49,50,50,49,,,,,,,,,,,,60,61,80,62,51,0,0,50,63,63,,,,,,,,,,,,False,,,0,,,,,,0,50,,speed
P7185,John,Doe,1991-03-30,78,229,Unknown,medium,brown,clean_shaven,L,C,,0,,,61,51,50,52,51,48,51,50,52,51,,,,,,,,,,,,56,42,42,49,51,0,0,50,45,47,,,,,,,,,,,,False,,,0,,,,,,0,50,,spray
P9104,John,Doe,1990-08-20,78,193,Unknown,medium,blonde,beard,S,LF,,0,,,49,62,51,49,49,52,54,51,51,52,,,,,,,,,,,,39,52,47,45,49,0,0,51,44,51,,,,,,,,,,,,False,,,0,,,,,,0,50,,power
P7013,John,Doe,1993-05-08,75,250,Unknown,medium,brown,beard,L,P,,1,RP,CL,,,,,55,,,,50,54,50,50,52,50,52,0,0,65,0,0,0,,,,,0,,,,44,53,40,49,41,48,43,0,0,57,0,0,0,False,,,0,,,,,,0,50,closer,
P5249,John,Doe,1999-09-18,71,168,Unknown,dark,brown,beard,L,P,,1,RP,SP,,,,,49,,,,51,50,53,51,54,52,53,60,59,60,60,0,0,,,,,0,,,,56,57,56,68,65,65,60,66,66,71,68,0,0,False,,,0,,,,,,0,50,groundball_sp,
P2865,John,Doe,2000-09-04,74,183,Unknown,medium,blonde,goatee,L,P,,1,RP,SP,,,,,52,,,,52,53,53,51,52,51,53,60,58,58,58,0,0,,,,,0,,,,58,60,63,61,60,59,58,70,71,73,71,0,0,False,,,0,,,,,,0,50,groundball_sp,
P8906,John,Doe,1994-02-06,76,185,Unknown,light,brown,goatee,R,P,,1,RP,SP,,,,,50,,,,52,52,53,52,54,50,49,58,62,0,0,0,0,,,,,0,,,,43,48,52,46,45,48,45,56,54,0,0,0,0,False,,,0,,,,,,0,50,workhorse_sp,
P8843,John,Doe,1990-03-29,76,215,Unknown,light,brown,clean_shaven,R,P,,1,RP,RP,,,,,52,,,,52,52,48,51,52,49,51,58,63,0,0,0,0,,,,,0,,,,42,42,51,51,39,47,47,56,56,0,0,0,0,False,,,0,,,,,,0,50,finesse_rp,
P2525,John,Doe,1998-09-15,77,201,Unknown,dark,brown,clean_shaven,R,P,,1,RP,SP,,,,,49,,,,50,49,49,50,52,53,52,0,59,59,59,0,0,,,,,0,,,,63,59,57,67,57,58,67,0,73,71,73,0,0,False,,,0,,,,,,0,50,groundball_sp,
P6782,John,Doe,1994-05-04,71,229,Unknown,dark,blonde,clean_shaven,R,P,,1,RP,SP,,,,,54,,,,50,52,54,50,52,51,53,61,61,0,62,0,0,,,,,0,,,,45,49,51,57,55,46,51,59,60,0,57,0,0,False,,,0,,,,,,0,50,groundball_sp,
P9351,John,Doe,1991-09-21,70,182,Unknown,medium,brown,clean_shaven,R,SS,2B,0,,,52,52,52,51,50,48,60,52,51,48,,,,,,,,,,,,47,47,47,45,50,0,0,52,47,48,,,,,,,,,,,,False,,,0,,,,,,0,50,,balanced
P3765,John,Doe,1996-01-07,75,235,Unknown,medium,brown,clean_shaven,R,CF,,0,,,60,50,50,50,50,48,53,49,50,49,,,,,,,,,,,,63,48,49,51,50,0,0,49,55,44,,,,,,,,,,,,False,,,0,,,,,,0,50,,spray
P3443,John,Doe,2001-07-15,76,218,Unknown,medium,brown,clean_shaven,L,SS,,0,,,60,48,51,56,51,47,50,53,52,47,,,,,,,,,,,,70,60,64,71,51,0,0,53,66,57,,,,,,,,,,,,False,,,0,,,,,,0,50,,spray
P2640,John,Doe,2000-03-18,76,210,Unknown,medium,black,goatee,S,CF,,0,,,51,50,70,50,52,49,50,48,50,48,,,,,,,,,,,,59,61,78,62,52,0,0,48,65,63,,,,,,,,,,,,False,,,0,,,,,,0,50,,speed
P8721,John,Doe,1990-10-04,73,177,Unknown,dark,blonde,goatee,R,3B,,0,,,61,62,52,50,49,51,56,49,48,49,,,,,,,,,,,,54,53,44,40,49,0,0,49,46,39,,,,,,,,,,,,False,,,0,,,,,,0,50,,gap
P2565,John,Doe,2001-06-19,75,187,Unknown,medium,brown,clean_shaven,R,3B,,0,,,48,49,51,49,48,47,56,52,51,51,,,,,,,,,,,,63,57,60,55,48,0,0,52,66,61,,,,,,,,,,,,False,,,0,,,,,,0,50,,balanced
P7364,John,Doe,1999-08-13,74,229,Unknown,light,black,mustache,R,2B,,0,,,58,48,48,57,51,51,57,52,48,49,,,,,,,,,,,,69,60,63,68,51,0,0,52,57,63,,,,,,,,,,,,False,,,0,,,,,,0,50,,spray
P2306,John,Doe,2004-03-17,75,232,Unknown,dark,black,clean_shaven,R,1B,,0,,,49,54,53,51,52,51,54,49,49,48,,,,,,,,,,,,61,69,77,73,52,0,0,49,64,73,,,,,,,,,,,,False,,,0,,,,,,0,50,,average
P9532,John,Doe,2006-10-11,76,214,Unknown,light,blonde,clean_shaven,R,P,,1,RP,CL,,,,,55,,,,49,53,49,50,52,52,54,0,58,65,0,0,0,,,,,0,,,,77,64,76,62,78,70,65,0,76,86,0,0,0,False,,,0,,,,,,0,50,closer,
P4563,John,Doe,2005-03-31,73,176,Unknown,light,red,clean_shaven,R,P,,1,RP,SP,,,,,51,,,,48,50,54,50,53,50,50,0,59,62,0,0,0,,,,,0,,,,59,77,80,77,71,66,60,0,84,89,0,0,0,False,,,0,,,,,,0,50,power_sp,
P2782,John,Doe,2004-08-23,75,182,Unknown,light,brown,clean_shaven,S,P,,1,RP,SP,,,,,51,,,,50,50,53,50,52,52,49,0,60,61,0,0,0,,,,,0,,,,65,75,78,82,66,62,59,0,88,73,0,0,0,False,,,0,,,,,,0,50,workhorse_sp,
P1144,John,Doe,2008-02-18,70,237,Unknown,medium,brown,clean_shaven,R,P,,1,RP,SP,,,,,48,,,,52,48,54,50,52,53,53,61,63,0,55,56,0,,,,,0,,,,76,58,66,78,82,68,67,73,74,0,66,69,0,False,,,0,,,,,,0,50,finesse_sp,
P3887,John,Doe,2004-12-10,75,206,Unknown,medium,black,clean_shaven,L,P,,1,RP,SP,,,,,50,,,,51,51,51,50,53,52,51,60,0,59,61,0,0,,,,,0,,,,81,69,63,83,71,78,75,80,0,83,77,0,0,False,,,0,,,,,,0,50,groundball_sp,
P4885,John,Doe,2005-04-24,75,178,Unknown,medium,black,clean_shaven,R,C,,0,,,50,53,52,50,53,52,60,49,50,52,,,,,,,,,,,,69,68,64,64,53,0,0,49,68,62,,,,,,,,,,,,False,,,0,,,,,,0,50,,balanced
P9821,John,Doe,2005-10-15,69,242,Unknown,light,red,clean_shaven,R,CF,,0,,,55,48,54,53,53,48,54,49,48,50,,,,,,,,,,,,75,61,79,66,53,0,0,49,74,76,,,,,,,,,,,,False,,,0,,,,,,0,50,,spray
P3902,John,Doe,2004-08-03,73,222,Unknown,light,black,goatee,R,LF,,0,,,49,49,49,52,52,53,57,49,53,51,,,,,,,,,,,,72,68,66,78,52,0,0,49,67,66,,,,,,,,,,,,False,,,0,,,,,,0,50,,average
P1932,John,Doe,2007-02-08,68,173,Unknown,medium,black,clean_shaven,S,3B,,0,,,50,50,52,51,52,51,55,49,52,50,,,,,,,,,,,,63,76,62,69,52,0,0,49,74,63,,,,,,,,,,,,False,,,0,,,,,,0,50,,gap
P1351,John,Doe,2007-02-14,69,226,Unknown,dark,brown,clean_shaven,R,SS,,0,,,52,52,49,49,49,49,55,49,51,51,,,,,,,,,,,,62,70,60,63,49,0,0,49,81,71,,,,,,,,,,,,False,,,0,,,,,,0,50,,balanced
P3676,John,Doe,1988-08-04,68,170,Unknown,medium,red,clean_shaven,L,P,,1,RP,CL,,,,,55,,,,53,50,52,51,54,49,52,0,59,65,0,0,0,,,,,0,,,,43,40,45,45,47,40,50,0,49,57,0,0,0,False,,,0,,,,,,0,50,closer,
P6850,John,Doe,1998-04-20,69,229,Unknown,light,brown,mustache,R,P,,1,RP,SP,,,,,49,,,,49,51,54,50,52,51,54,61,63,62,0,57,0,,,,,0,,,,55,57,55,64,69,63,64,76,75,67,0,62,0,False,,,0,,,,,,0,50,power_sp,
P5044,John,Doe,1998-05-03,78,249,Unknown,medium,black,clean_shaven,S,P,,1,RP,RP,,,,,55,,,,53,50,52,50,52,53,54,0,0,0,61,0,0,,,,,0,,,,67,58,64,65,57,58,63,0,0,0,70,0,0,False,,,0,,,,,,0,50,groundball_rp,
P5590,John,Doe,1992-10-01,76,170,Unknown,light,black,mustache,R,P,,1,RP,SP,,,,,53,,,,50,49,51,50,52,52,49,60,59,60,60,0,0,,,,,0,,,,50,45,44,49,50,49,49,56,55,59,55,0,0,False,,,0,,,,,,0,50,groundball_sp,
P2609,John,Doe,1999-02-04,70,234,Unknown,medium,brown,clean_shaven,S,P,,1,RP,CL,,,,,48,,,,48,53,48,52,54,52,54,58,62,67,0,0,0,,,,,0,,,,62,59,58,64,53,63,61,67,74,82,0,0,0,False,,,0,,,,,,0,50,closer,
P3982,John,Doe,1987-10-13,74,187,Unknown,medium,brown,clean_shaven,R,P,,1,RP,RP,,,,,51,,,,52,52,51,52,53,49,50,61,63,0,0,0,0,,,,,0,,,,46,52,49,49,51,48,49,55,55,0,0,0,0,False,,,0,,,,,,0,50,finesse_rp,
P3423,John,Doe,1992-03-29,74,215,Unknown,dark,red,clean_shaven,R,P,,1,RP,SP,,,,,49,,,,51,52,52,50,52,52,52,63,62,0,0,0,0,,,,,0,,,,51,52,48,43,42,50,45,63,60,0,0,0,0,False,,,0,,,,,,0,50,finesse_sp,
P4044,John,Doe,1995-03-05,78,228,Unknown,light,black,mustache,R,P,,1,RP,SP,,,,,50,,,,49,51,52,50,53,51,52,0,61,58,0,0,0,,,,,0,,,,54,51,48,55,55,55,47,0,64,57,0,0,0,False,,,0,,,,,,0,50,power_sp,
P6629,John,Doe,2000-07-06,71,200,Unknown,medium,brown,beard,L,P,,1,RP,RP,,,,,50,,,,52,52,50,50,53,52,53,0,59,64,0,0,0,,,,,0,,,,57,66,63,65,56,59,64,0,70,69,0,0,0,False,,,0,,,,,,0,50,power_rp,
P3794,John,Doe,2002-10-29,73,225,Unknown,dark,black,clean_shaven,L,P,,1,RP,SP,,,,,53,,,,50,51,52,53,54,51,49,60,60,62,62,0,0,,,,,0,,,,58,60,62,66,61,59,60,66,68,70,68,0,0,False,,,0,,,,,,0,50,groundball_sp,
P7391,John,Doe,2004-03-07,77,181,Unknown,medium,red,clean_shaven,L,P,,1,RP,RP,,,,,55,,,,49,50,48,50,52,51,53,55,0,0,59,0,0,,,,,0,,,,70,62,68,78,59,78,81,69,0,0,82,0,0,False,,,0,,,,,,0,50,groundball_rp,
P6668,John,Doe,1992-03-26,76,215,Unknown,dark,brown,clean_shaven,R,C,,0,,,51,52,49,52,50,53,56,51,53,50,,,,,,,,,,,,50,46,43,45,50,0,0,51,43,47,,,,,,,,,,,,False,,,0,,,,,,0,50,,average
P3526,John,Doe,1996-04-15,77,164,Unknown,light,black,beard,R,1B,,0,,,53,51,70,49,50,47,56,49,52,48,,,,,,,,,,,,52,49,72,49,50,0,0,49,52,48,,,,,,,,,,,,False,,,0,,,,,,0,50,,speed
P4768,John,Doe,1992-08-26,74,184,Unknown,light,black,beard,S,2B,,0,,,53,48,75,52,50,52,53,51,53,49,,,,,,,,,,,,50,48,73,48,50,0,0,51,45,48,,,,,,,,,,,,False,,,0,,,,,,0,50,,speed
P6820,John,Doe,1991-04-04,73,227,Unknown,medium,black,beard,R,3B,,0,,,58,48,53,53,49,47,58,49,50,48,,,,,,,,,,,,58,43,47,46,49,0,0,49,49,41,,,,,,,,,,,,False,,,0,,,,,,0,50,,spray
P6918,John,Doe,1989-05-28,76,218,Unknown,light,black,mustache,R,SS,,0,,,48,49,53,51,51,51,56,51,52,50,,,,,,,,,,,,44,39,45,51,51,0,0,51,46,42,,,,,,,,,,,,False,,,0,,,,,,0,50,,balanced
P7120,John,Doe,1999-03-01,77,191,Unknown,dark,brown,clean_shaven,L,LF,,0,,,48,59,51,49,51,51,48,52,53,49,,,,,,,,,,,,62,68,63,60,51,0,0,52,66,58,,,,,,,,,,,,False,,,0,,,,,,0,50,,power
P7397,John,Doe,2000-03-17,68,170,Unknown,medium,black,beard,R,CF,,0,,,49,52,51,49,53,50,55,52,50,53,,,,,,,,,,,,62,64,60,58,53,0,0,52,59,58,,,,,,,,,,,,False,,,0,,,,,,0,50,,average
P5843,John,Doe,1991-02-13,70,242,Unknown,light,black,mustache,R,RF,,0,,,51,54,50,50,49,53,56,48,50,51,,,,,,,,,,,,48,45,50,47,49,0,0,48,43,49,,,,,,,,,,,,False,,,0,,,,,,0,50,,balanced
P3238,John,Doe,1992-10-30,72,238,Unknown,light,brown,clean_shaven,R,C,,0,,,51,54,51,52,51,50,58,52,53,50,,,,,,,,,,,,42,51,41,42,51,0,0,52,46,42,,,,,,,,,,,,False,,,0,,,,,,0,50,,balanced
P3286,John,Doe,1998-04-01,77,249,Unknown,dark,black,goatee,R,2B,3B,0,,,52,49,70,53,51,48,58,50,49,52,,,,,,,,,,,,59,59,78,67,51,0,0,50,64,67,,,,,,,,,,,,False,,,0,,,,,,0,50,,speed
P2212,John,Doe,2002-03-27,71,228,Unknown,medium,black,clean_shaven,L,CF,,0,,,51,51,49,52,52,49,50,49,52,49,,,,,,,,,,,,65,63,55,59,52,0,0,49,60,63,,,,,,,,,,,,False,,,0,,,,,,0,50,,gap
P4720,John,Doe,1996-08-07,75,172,Unknown,dark,brown,clean_shaven,R,SS,,0,,,50,52,49,49,52,52,56,52,50,51,,,,,,,,,,,,48,54,51,49,52,0,0,52,47,47,,,,,,,,,,,,False,,,0,,,,,,0,50,,gap
P8013,John,Doe,1990-02-20,74,230,Unknown,medium,blonde,beard,R,RF,,0,,,49,50,51,50,51,48,58,52,49,53,,,,,,,,,,,,48,49,44,50,51,0,0,52,46,43,,,,,,,,,,,,False,,,0,,,,,,0,50,,balanced
P2677,John,Doe,2003-07-18,70,182,Unknown,medium,black,clean_shaven,R,SS,,0,,,49,49,87,50,50,47,56,50,51,48,,,,,,,,,,,,55,61,94,57,50,0,0,50,57,57,,,,,,,,,,,,False,,,0,,,,,,0,50,,speed
P4128,John,Doe,1994-03-31,70,218,Unknown,medium,black,clean_shaven,R,P,,1,RP,CL,,,,,55,,,,50,51,47,50,53,49,52,0,0,65,0,0,0,,,,,0,,,,55,52,49,54,47,47,53,0,0,67,0,0,0,False,,,0,,,,,,0,50,closer,
P8940,John,Doe,1994-03-24,70,179,Unknown,medium,black,beard,R,P,,1,RP,RP,,,,,53,,,,49,52,51,52,52,51,55,0,60,63,0,0,0,,,,,0,,,,48,55,55,54,52,56,52,0,56,67,0,0,0,False,,,0,,,,,,0,50,power_rp,
P2340,John,Doe,1996-03-10,71,236,Unknown,light,brown,mustache,R,P,,1,RP,RP,,,,,53,,,,50,53,51,53,52,52,50,0,60,64,60,0,0,,,,,0,,,,54,53,49,49,56,54,47,0,58,60,65,0,0,False,,,0,,,,,,0,50,groundball_rp,
P1062,John,Doe,1994-06-20,68,243,Unknown,light,black,mustache,L,P,,1,RP,RP,,,,,56,,,,50,49,49,50,52,50,52,0,0,0,60,0,0,,,,,0,,,,47,50,50,57,46,47,51,0,0,0,63,0,0,False,,,0,,,,,,0,50,groundball_rp,
P4300,John,Doe,1991-11-17,77,190,Unknown,medium,blonde,goatee,L,P,,1,RP,SP,,,,,53,,,,49,50,51,51,53,49,52,60,62,0,58,0,0,,,,,0,,,,47,40,51,45,51,43,47,59,57,0,51,0,0,False,,,0,,,,,,0,50,groundball_sp,
P4495,John,Doe,1996-11-13,74,191,Unknown,dark,black,clean_shaven,R,P,,1,RP,RP,,,,,50,,,,50,50,53,51,52,49,54,0,62,65,0,0,0,,,,,0,,,,48,55,47,48,53,52,55,0,67,64,0,0,0,False,,,0,,,,,,0,50,power_rp,
P5019,John,Doe,2002-02-06,72,191,Unknown,medium,brown,clean_shaven,L,P,,1,RP,SP,,,,,48,,,,48,49,52,50,53,49,51,59,63,63,0,0,0,,,,,0,,,,53,64,63,64,65,54,56,74,70,69,0,0,0,False,,,0,,,,,,0,50,balanced_sp,
P5789,John,Doe,1987-09-25,73,197,Unknown,medium,brown,beard,R,CF,,0,,,51,48,50,50,50,51,58,48,47,52,,,,,,,,,,,,50,41,43,43,50,0,0,48,38,42,,,,,,,,,,,,False,,,0,,,,,,0,50,,average
P9044,John,Doe,2002-06-17,78,161,Unknown,medium,brown,clean_shaven,L,1B,,0,,,56,56,53,51,51,52,47,49,52,51,,,,,,,,,,,,67,62,64,64,51,0,0,49,66,66,,,,,,,,,,,,False,,,0,,,,,,0,50,,gap
P3277,John,Doe,1995-05-23,68,201,Unknown,light,black,mustache,R,2B,,0,,,53,51,51,51,48,51,55,49,50,52,,,,,,,,,,,,50,46,56,56,48,0,0,49,47,57,,,,,,,,,,,,False,,,0,,,,,,0,50,,balanced
P3756,John,Doe,1997-03-25,76,223,Unknown,dark,red,clean_shaven,R,2B,,0,,,52,51,51,51,51,50,55,49,50,50,,,,,,,,,,,,57,56,46,55,51,0,0,49,45,51,,,,,,,,,,,,False,,,0,,,,,,0,50,,gap
P4382,John,Doe,1995-05-05,69,217,Unknown,medium,brown,clean_shaven,L,LF,,0,,,50,52,53,50,49,48,46,52,52,50,,,,,,,,,,,,50,51,55,50,49,0,0,52,57,54,,,,,,,,,,,,False,,,0,,,,,,0,50,,balanced
P1828,John,Doe,2001-05-17,74,161,Unknown,dark,brown,clean_shaven,R,SS,3B,0,,,51,48,78,50,53,50,58,50,48,52,,,,,,,,,,,,65,61,88,64,53,0,0,50,57,58,,,,,,,,,,,,False,,,0,,,,,,0,50,,speed
P4478,John,Doe,1998-08-23,73,165,Unknown,medium,brown,clean_shaven,R,RF,,0,,,52,49,51,52,48,51,54,51,51,51,,,,,,,,,,,,60,60,64,61,48,0,0,51,57,58,,,,,,,,,,,,False,,,0,,,,,,0,50,,average
P9847,John,Doe,2005-01-07,71,237,Unknown,medium,brown,clean_shaven,L,RF,,0,,,49,49,48,48,50,52,49,49,49,51,,,,,,,,,,,,62,66,73,73,50,0,0,49,75,66,,,,,,,,,,,,False,,,0,,,,,,0,50,,average
P5940,John,Doe,2005-07-30,69,199,Unknown,medium,brown,clean_shaven,R,P,,1,RP,CL,,,,,55,,,,50,53,49,50,52,52,53,0,0,65,0,0,0,,,,,0,,,,76,83,77,65,66,75,74,0,0,75,0,0,0,False,,,0,,,,,,0,50,closer,
P9196,John,Doe,2005-07-14,73,229,Unknown,dark,blonde,clean_shaven,R,P,,1,RP,SP,,,,,50,,,,50,51,53,54,53,53,51,58,63,0,0,0,0,,,,,0,,,,63,81,71,78,64,64,62,82,91,0,0,0,0,False,,,0,,,,,,0,50,finesse_sp,
P1881,John,Doe,2005-10-04,78,235,Unknown,medium,brown,clean_shaven,R,P,,1,RP,SP,,,,,52,,,,51,52,52,53,52,50,51,63,61,61,58,0,0,,,,,0,,,,79,69,67,68,80,61,74,79,79,88,75,0,0,False,,,0,,,,,,0,50,finesse_sp,
P6318,John,Doe,2005-05-09,78,203,Unknown,medium,black,clean_shaven,L,P,,1,RP,SP,,,,,53,,,,50,51,53,51,54,51,51,0,59,57,61,0,0,,,,,0,,,,78,61,72,78,69,63,74,0,77,74,78,0,0,False,,,0,,,,,,0,50,groundball_sp,
P3447,John,Doe,2005-11-09,74,246,Unknown,medium,black,goatee,L,P,,1,RP,SP,,,,,48,,,,48,50,52,53,52,49,53,0,59,60,0,0,0,,,,,0,,,,74,64,63,62,70,72,67,0,81,74,0,0,0,False,,,0,,,,,,0,50,balanced_sp,
P3620,John,Doe,2008-01-11,76,246,Unknown,light,black,goatee,R,2B,,0,,,53,53,48,54,48,48,58,51,53,52,,,,,,,,,,,,70,68,60,76,48,0,0,51,80,62,,,,,,,,,,,,False,,,0,,,,,,0,50,,balanced
P8749,John,Doe,2006-09-15,69,166,Unknown,medium,brown,clean_shaven,L,LF,,0,,,52,59,51,51,51,49,48,49,53,48,,,,,,,,,,,,64,78,81,73,51,0,0,49,76,59,,,,,,,,,,,,False,,,0,,,,,,0,50,,gap
P2498,John,Doe,2007-12-05,75,249,Unknown,dark,brown,mustache,R,1B,,0,,,52,64,50,51,51,53,56,51,49,48,,,,,,,,,,,,76,85,73,61,51,0,0,51,73,65,,,,,,,,,,,,False,,,0,,,,,,0,50,,power
P3259,John,Doe,2005-08-11,70,197,Unknown,light,black,goatee,S,C,,0,,,53,52,51,52,51,53,52,53,48,53,,,,,,,,,,,,71,81,78,80,51,0,0,53,60,72,,,,,,,,,,,,False,,,0,,,,,,0,50,,balanced
P4123,John,Doe,2007-03-22,74,209,Unknown,light,brown,clean_shaven,S,3B,RF,0,,,50,52,52,50,50,53,53,48,50,50,,,,,,,,,,,,77,69,67,77,50,0,0,48,69,76,,,,,,,,,,,,False,,,0,,,,,,0,50,,gap
P6219,John,Doe,1997-03-20,73,161,Unknown,medium,brown,beard,R,P,,1,RP,CL,,,,,55,,,,51,51,51,50,54,49,56,0,0,65,0,0,0,,,,,0,,,,56,56,49,56,48,46,54,0,0,65,0,0,0,False,,,0,,,,,,0,50,closer,
P8848,John,Doe,1990-07-01,74,177,Unknown,medium,brown,clean_shaven,R,P,,1,RP,SP,,,,,50,,,,48,52,54,51,53,53,50,62,62,0,0,58,0,,,,,0,,,,47,49,44,51,50,51,40,57,57,0,0,57,0,False,,,0,,,,,,0,50,finesse_sp,
P1670,John,Doe,1990-07-09,76,242,Unknown,dark,brown,clean_shaven,R,P,,1,RP,RP,,,,,52,,,,49,52,48,51,54,52,52,61,61,0,0,0,0,,,,,0,,,,40,43,46,44,42,50,45,59,59,0,0,0,0,False,,,0,,,,,,0,50,finesse_rp,
P5946,John,Doe,1997-09-07,75,166,Unknown,light,brown,clean_shaven,L,P,,1,RP,SP,,,,,52,,,,52,48,50,50,52,52,50,62,62,0,0,0,0,,,,,0,,,,56,44,52,48,51,56,52,62,61,0,0,0,0,False,,,0,,,,,,0,50,finesse_sp,
P8776,John,Doe,2004-11-05,72,187,Unknown,medium,blonde,clean_shaven,R,P,,1,RP,RP,,,,,52,,,,50,49,51,50,52,52,53,60,59,64,0,0,0,,,,,0,,,,78,73,69,76,74,73,77,75,87,74,0,0,0,False,,,0,,,,,,0,50,power_rp,
P6401,John,Doe,1992-08-30,72,161,Unknown,light,black,beard,S,P,,1,RP,SP,,,,,48,,,,51,51,50,52,52,53,53,63,63,0,0,0,0,,,,,0,,,,43,43,50,52,47,47,43,62,60,0,0,0,0,False,,,0,,,,,,0,50,finesse_sp,
P6972,John,Doe,2003-09-14,70,162,Unknown,dark,brown,beard,R,P,,1,RP,LR,,,,,50,,,,49,51,49,50,53,48,53,57,0,65,0,0,0,,,,,0,,,,62,61,56,61,58,63,61,72,0,75,0,0,0,False,,,0,,,,,,0,50,long_relief,
P8243,John,Doe,1995-12-17,72,227,Unknown,medium,brown,clean_shaven,R,P,,1,RP,RP,,,,,51,,,,52,49,48,50,52,49,52,59,62,66,0,0,0,,,,,0,,,,48,48,54,54,49,53,52,54,64,62,0,0,0,False,,,0,,,,,,0,50,finesse_rp,
P8960,John,Doe,1995-07-01,78,249,Unknown,dark,blonde,beard,R,P,,1,RP,SP,,,,,50,,,,49,51,51,50,52,48,53,0,64,59,55,0,0,,,,,0,,,,46,46,48,54,54,45,48,0,59,63,54,0,0,False,,,0,,,,,,0,50,power_sp,
P4763,John,Doe,2004-12-28,69,196,Unknown,medium,black,clean_shaven,R,P,,1,RP,SP,,,,,51,,,,48,50,53,50,52,49,53,60,63,61,0,57,0,,,,,0,,,,61,79,74,78,70,71,63,87,73,88,0,83,0,False,,,0,,,,,,0,50,balanced_sp,
P4224,John,Doe,1994-04-21,70,216,Unknown,dark,brown,clean_shaven,R,P,,1,RP,RP,,,,,53,,,,49,51,49,52,53,50,52,0,0,0,63,0,0,,,,,0,,,,54,55,56,52,44,46,49,0,0,0,67,0,0,False,,,0,,,,,,0,50,groundball_rp,
P5816,John,Doe,1992-09-18,74,247,Unknown,medium,blonde,clean_shaven,R,C,,0,,,53,51,52,51,49,50,57,48,51,49,,,,,,,,,,,,53,41,47,46,49,0,0,48,42,41,,,,,,,,,,,,False,,,0,,,,,,0,50,,average
P8851,John,Doe,1990-04-05,76,233,Unknown,dark,brown,goatee,S,1B,,0,,,66,55,51,51,53,51,52,48,51,51,,,,,,,,,,,,66,49,43,44,53,0,0,48,50,48,,,,,,,,,,,,False,,,0,,,,,,0,50,,spray
P9072,John,Doe,2004-10-14,70,190,Unknown,dark,blonde,beard,R,2B,,0,,,50,51,48,52,50,51,56,49,48,52,,,,,,,,,,,,77,75,66,65,50,0,0,49,59,73,,,,,,,,,,,,False,,,0,,,,,,0,50,,balanced
P3626,John,Doe,2003-05-29,73,202,Unknown,dark,blonde,clean_shaven,S,3B,,0,,,59,52,52,53,51,48,53,52,52,52,,,,,,,,,,,,64,65,57,61,51,0,0,52,63,67,,,,,,,,,,,,False,,,0,,,,,,0,50,,spray
P6683,John,Doe,2003-01-16,73,175,Unknown,medium,black,clean_shaven,R,SS,,0,,,56,48,53,53,51,50,61,52,49,53,,,,,,,,,,,,66,54,68,60,51,0,0,52,54,63,,,,,,,,,,,,False,,,0,,,,,,0,50,,spray
P1762,John,Doe,2002-02-16,72,190,Unknown,dark,black,clean_shaven,L,LF,RF,0,,,50,53,52,49,49,49,47,49,52,53,,,,,,,,,,,,64,64,67,57,49,0,0,49,57,61,,,,,,,,,,,,False,,,0,,,,,,0,50,,average
P8873,John,Doe,2002-04-17,71,243,Unknown,medium,blonde,mustache,R,CF,,0,,,50,49,51,51,50,52,54,50,50,48,,,,,,,,,,,,55,60,61,58,50,0,0,50,59,57,,,,,,,,,,,,False,,,0,,,,,,0,50,,average
P7298,John,Doe,1987-05-31,74,225,Unknown,dark,red,clean_shaven,R,RF,,0,,,48,53,51,48,48,49,58,48,49,52,,,,,,,,,,,,48,52,43,44,48,0,0,48,41,45,,,,,,,,,,,,False,,,0,,,,,,0,50,,average
P8532,John,Doe,1991-08-08,69,194,Unknown,medium,black,clean_shaven,L,RF,,0,,,48,60,51,50,48,51,49,51,50,51,,,,,,,,,,,,42,60,43,49,48,0,0,51,42,41,,,,,,,,,,,,False,,,0,,,,,,0,50,,power
P5995,John,Doe,1995-06-13,71,248,Unknown,dark,black,beard,S,3B,,0,,,61,60,52,50,48,50,54,51,50,52,,,,,,,,,,,,58,62,49,47,48,0,0,51,53,48,,,,,,,,,,,,False,,,0,,,,,,0,50,,gap
P8212,John,Doe,1998-01-31,75,187,Unknown,medium,black,beard,R,3B,,0,,,51,60,51,52,49,51,57,51,51,51,,,,,,,,,,,,53,58,52,52,49,0,0,51,46,53,,,,,,,,,,,,False,,,0,,,,,,0,50,,power
P1879,John,Doe,1998-07-09,69,188,Unknown,medium,black,clean_shaven,R,1B,,0,,,51,57,50,51,50,51,54,51,52,49,,,,,,,,,,,,59,68,57,57,50,0,0,51,61,57,,,,,,,,,,,,False,,,0,,,,,,0,50,,balanced
P5605,John,Doe,1992-02-17,71,201,Unknown,dark,brown,clean_shaven,R,SS,,0,,,49,51,53,48,52,48,58,51,53,50,,,,,,,,,,,,47,44,50,42,52,0,0,51,48,44,,,,,,,,,,,,False,,,0,,,,,,0,50,,average
P1073,John,Doe,1999-11-10,78,238,Unknown,dark,brown,beard,R,CF,LF,0,,,49,56,47,51,48,54,55,52,49,51,,,,,,,,,,,,56,63,58,62,48,0,0,52,63,56,,,,,,,,,,,,False,,,0,,,,,,0,50,,power
P2695,John,Doe,2003-07-27,70,169,Unknown,light,black,clean_shaven,R,P,,1,RP,CL,,,,,55,,,,53,54,48,50,52,53,52,60,59,65,0,0,0,,,,,0,,,,63,65,60,61,54,64,60,75,74,74,0,0,0,False,,,0,,,,,,0,50,closer,
P8900,John,Doe,1998-05-19,72,248,Unknown,medium,black,clean_shaven,R,P,,1,RP,SP,,,,,49,,,,51,52,52,52,52,49,50,62,59,60,0,0,0,,,,,0,,,,66,63,61,67,67,59,61,74,74,65,0,0,0,False,,,0,,,,,,0,50,balanced_sp,
P8236,John,Doe,2000-01-14,70,169,Unknown,light,brown,clean_shaven,L,P,,1,RP,SP,,,,,49,,,,50,53,50,50,53,50,53,59,63,62,56,0,0,,,,,0,,,,62,58,59,68,63,64,58,73,74,73,63,0,0,False,,,0,,,,,,0,50,power_sp,
P6818,John,Doe,1988-09-22,78,218,Unknown,medium,blonde,beard,R,P,,1,RP,SP,,,,,52,,,,52,52,50,50,54,49,51,60,60,0,0,0,0,,,,,0,,,,46,51,45,46,49,48,44,56,54,0,0,0,0,False,,,0,,,,,,0,50,workhorse_sp,
P8986,John,Doe,1994-11-22,69,221,Unknown,dark,black,clean_shaven,L,P,1B,1,RP,SP,,,,,51,,,,47,51,52,50,54,51,50,62,63,63,0,0,0,,,,,0,,,,52,51,51,51,52,47,52,65,63,68,0,0,0,False,,,0,,,,,,0,50,balanced_sp,
P8605,John,Doe,1990-04-07,77,200,Unknown,dark,black,clean_shaven,R,P,,1,RP,LR,,,,,51,,,,48,53,53,50,54,48,51,0,63,0,0,0,0,,,,,0,,,,46,48,47,47,52,39,46,0,61,0,0,0,0,False,,,0,,,,,,0,50,long_relief,
P7625,John,Doe,2004-12-04,69,184,Unknown,dark,black,clean_shaven,R,P,,1,RP,SP,,,,,48,,,,48,51,52,50,52,51,52,58,61,61,0,56,0,,,,,0,,,,60,79,70,81,65,75,74,77,82,75,0,74,0,False,,,0,,,,,,0,50,balanced_sp,
P8982,John,Doe,2002-02-28,75,169,Unknown,dark,black,clean_shaven,S,CF,,0,,,59,50,52,56,52,47,54,51,48,52,,,,,,,,,,,,72,64,58,61,52,0,0,51,62,57,,,,,,,,,,,,False,,,0,,,,,,0,50,,spray
P3383,John,Doe,1992-10-10,77,203,Unknown,dark,brown,mustache,L,CF,,0,,,49,51,70,50,49,50,42,51,50,52,,,,,,,,,,,,42,41,64,45,49,0,0,51,44,45,,,,,,,,,,,,False,,,0,,,,,,0,50,,speed
P3020,John,Doe,2003-05-19,78,171,Unknown,light,blonde,clean_shaven,L,SS,,0,,,49,49,49,49,50,52,51,50,49,49,,,,,,,,,,,,58,61,64,60,50,0,0,50,58,56,,,,,,,,,,,,False,,,0,,,,,,0,50,,average
P6865,John,Doe,2004-05-03,74,186,Unknown,dark,brown,clean_shaven,S,C,,0,,,57,51,52,51,53,51,55,52,50,52,,,,,,,,,,,,71,74,78,63,53,0,0,52,61,75,,,,,,,,,,,,False,,,0,,,,,,0,50,,spray
P5262,John,Doe,1998-12-14,70,164,Unknown,light,brown,clean_shaven,R,3B,RF,0,,,60,48,52,51,49,47,58,52,48,52,,,,,,,,,,,,71,58,62,57,49,0,0,52,55,63,,,,,,,,,,,,False,,,0,,,,,,0,50,,spray
P4968,John,Doe,1999-06-17,77,183,Unknown,medium,blonde,clean_shaven,R,LF,,0,,,51,61,49,51,49,53,59,51,52,50,,,,,,,,,,,,65,74,63,57,49,0,0,51,62,56,,,,,,,,,,,,False,,,0,,,,,,0,50,,power
P1575,John,Doe,2003-04-23,75,248,Unknown,light,black,clean_shaven,L,C,,0,,,53,52,86,52,51,48,51,50,51,52,,,,,,,,,,,,68,59,98,63,51,0,0,50,64,57,,,,,,,,,,,,False,,,0,,,,,,0,50,,speed
P7634,John,Doe,2004-05-25,72,237,Unknown,medium,brown,clean_shaven,R,SS,,0,,,52,49,49,50,48,48,56,52,52,50,,,,,,,,,,,,75,75,79,78,48,0,0,52,62,68,,,,,,,,,,,,False,,,0,,,,,,0,50,,balanced
P7198,John,Doe,2007-10-20,68,207,Unknown,dark,black,clean_shaven,L,P,,1,RP,CL,,,,,55,,,,52,50,51,53,56,50,55,0,61,65,0,0,0,,,,,0,,,,68,67,81,78,77,80,65,0,80,88,0,0,0,False,,,0,,,,,,0,50,closer,
P3734,John,Doe,2007-09-17,78,173,Unknown,medium,brown,clean_shaven,S,P,,1,RP,RP,,,,,52,,,,48,51,52,50,52,49,53,0,62,64,0,57,0,,,,,0,,,,69,62,80,79,66,73,71,0,72,92,0,87,0,False,,,0,,,,,,0,50,power_rp,
P3348,John,Doe,2006-12-20,72,198,Unknown,medium,black,beard,L,P,,1,RP,SP,,,,,50,,,,49,52,52,51,53,52,53,61,0,59,58,0,0,,,,,0,,,,72,72,65,77,82,62,75,77,0,83,68,0,0,False,,,0,,,,,,0,50,groundball_sp,
P2848,John,Doe,2006-06-16,76,188,Unknown,medium,black,clean_shaven,R,P,,1,RP,RP,,,,,56,,,,48,49,51,50,52,52,50,60,62,0,59,0,0,,,,,0,,,,70,64,72,72,79,68,76,80,92,0,88,0,0,False,,,0,,,,,,0,50,groundball_rp,
P5868,John,Doe,2007-03-15,78,245,Unknown,medium,black,clean_shaven,R,P,,1,RP,SP,,,,,51,,,,50,50,50,51,52,50,52,59,59,0,0,0,0,,,,,0,,,,77,68,73,80,80,64,71,81,81,0,0,0,0,False,,,0,,,,,,0,50,balanced_sp,
P4429,John,Doe,2004-09-11,76,196,Unknown,dark,black,clean_shaven,L,2B,CF,0,,,54,52,52,54,52,52,49,51,52,51,,,,,,,,,,,,81,66,71,73,52,0,0,51,68,75,,,,,,,,,,,,False,,,0,,,,,,0,50,,average
P8569,John,Doe,2007-01-19,74,189,Unknown,medium,black,beard,L,1B,,0,,,51,52,48,50,50,49,47,51,52,52,,,,,,,,,,,,75,73,66,61,50,0,0,51,64,70,,,,,,,,,,,,False,,,0,,,,,,0,50,,average
P3418,John,Doe,2006-01-04,71,170,Unknown,light,brown,clean_shaven,R,LF,,0,,,53,62,50,50,50,51,58,49,49,51,,,,,,,,,,,,67,91,66,74,50,0,0,49,73,70,,,,,,,,,,,,False,,,0,,,,,,0,50,,power
P4821,John,Doe,2006-09-27,78,198,Unknown,medium,black,clean_shaven,L,C,,0,,,64,50,52,54,53,49,51,48,51,51,,,,,,,,,,,,88,78,63,64,53,0,0,48,71,66,,,,,,,,,,,,False,,,0,,,,,,0,50,,spray
P4725,John,Doe,2004-08-21,72,212,Unknown,light,black,clean_shaven,R,C,,0,,,50,51,50,51,48,50,55,52,51,48,,,,,,,,,,,,60,61,64,78,48,0,0,52,80,69,,,,,,,,,,,,False,,,0,,,,,,0,50,,balanced
P8366,John,Doe,1997-06-09,76,248,Unknown,dark,black,beard,R,P,,1,RP,CL,,,,,55,,,,47,52,50,50,52,51,55,0,0,65,0,0,0,,,,,0,,,,47,53,49,55,55,48,53,0,0,65,0,0,0,False,,,0,,,,,,0,50,closer,
P5969,John,Doe,1999-06-15,74,176,Unknown,medium,brown,clean_shaven,L,P,,1,RP,SP,,,,,47,,,,48,53,53,50,53,49,53,0,61,62,0,55,0,,,,,0,,,,59,64,65,68,60,55,63,0,73,67,0,63,0,False,,,0,,,,,,0,50,power_sp,
P6899,John,Doe,1988-11-03,69,183,Unknown,light,brown,clean_shaven,R,P,,1,RP,SP,,,,,52,,,,52,49,49,50,52,50,51,62,0,60,0,0,0,,,,,0,,,,49,43,44,51,44,42,46,59,0,54,0,0,0,False,,,0,,,,,,0,50,balanced_sp,
P8455,John,Doe,1990-03-28,70,160,Unknown,dark,black,clean_shaven,L,P,,1,RP,SP,,,,,50,,,,49,53,50,53,53,49,52,58,62,0,58,0,0,,,,,0,,,,42,52,44,44,44,40,43,57,57,0,57,0,0,False,,,0,,,,,,0,50,groundball_sp,
P2465,John,Doe,1993-06-01,70,164,Unknown,medium,brown,clean_shaven,R,P,,1,RP,SP,,,,,50,,,,51,53,53,53,52,49,51,0,62,62,0,0,0,,,,,0,,,,47,51,47,51,46,44,44,0,57,59,0,0,0,False,,,0,,,,,,0,50,balanced_sp,
P8450,John,Doe,1990-12-27,73,188,Unknown,light,blonde,beard,R,P,,1,RP,RP,,,,,52,,,,49,49,52,50,52,50,52,57,0,0,0,0,0,,,,,0,,,,45,47,49,42,42,42,46,49,0,0,0,0,0,False,,,0,,,,,,0,50,finesse_rp,
P7743,John,Doe,1996-01-06,69,237,Unknown,dark,brown,clean_shaven,R,P,,1,RP,RP,,,,,55,,,,50,53,48,50,52,51,51,58,0,67,64,0,0,,,,,0,,,,47,57,47,56,52,53,49,62,0,72,66,0,0,False,,,0,,,,,,0,50,groundball_rp,
P6620,John,Doe,2002-12-28,68,168,Unknown,medium,blonde,clean_shaven,R,P,,1,RP,SP,,,,,50,,,,50,50,54,52,52,53,56,0,63,62,0,0,0,,,,,0,,,,56,58,66,62,59,61,71,0,73,77,0,0,0,False,,,0,,,,,,0,50,power_sp,
P3559,John,Doe,1997-06-04,70,228,Unknown,dark,brown,clean_shaven,S,P,,1,RP,RP,,,,,56,,,,50,50,49,51,54,50,49,0,58,66,61,0,0,,,,,0,,,,52,47,51,56,44,48,53,0,53,71,63,0,0,False,,,0,,,,,,0,50,groundball_rp,
P1589,John,Doe,1994-06-23,69,248,Unknown,dark,blonde,clean_shaven,R,P,,1,RP,SP,,,,,48,,,,49,52,53,52,53,48,52,58,62,60,0,0,0,,,,,0,,,,53,50,54,54,57,50,54,55,61,55,0,0,0,False,,,0,,,,,,0,50,balanced_sp,
P2327,John,Doe,1997-10-04,75,234,Unknown,dark,brown,clean_shaven,R,P,,1,RP,SP,,,,,50,,,,52,54,50,52,53,52,54,0,61,60,0,0,0,,,,,0,,,,49,51,50,55,52,55,59,0,56,65,0,0,0,False,,,0,,,,,,0,50,power_sp,
P6969,John,Doe,2002-11-15,75,166,Unknown,dark,red,clean_shaven,S,C,,0,,,52,49,52,51,52,50,56,49,52,50,,,,,,,,,,,,64,60,67,63,52,0,0,49,65,59,,,,,,,,,,,,False,,,0,,,,,,0,50,,average
P9279,John,Doe,2004-11-14,73,218,Unknown,light,black,clean_shaven,S,1B,,0,,,61,51,51,49,51,49,48,52,48,48,,,,,,,,,,,,73,66,79,68,51,0,0,52,73,63,,,,,,,,,,,,False,,,0,,,,,,0,50,,spray
P8640,John,Doe,1992-10-09,71,173,Unknown,light,brown,goatee,R,2B,,0,,,53,49,70,52,50,49,55,51,48,50,,,,,,,,,,,,51,39,69,44,50,0,0,51,40,50,,,,,,,,,,,,False,,,0,,,,,,0,50,,speed
P8327,John,Doe,1998-08-10,72,192,Unknown,medium,black,clean_shaven,L,3B,,0,,,50,60,49,49,50,49,50,52,52,49,,,,,,,,,,,,57,75,54,60,50,0,0,52,62,56,,,,,,,,,,,,False,,,0,,,,,,0,50,,power
P8542,John,Doe,2001-09-16,71,204,Unknown,dark,black,mustache,L,SS,,0,,,53,53,52,50,48,50,52,52,48,50,,,,,,,,,,,,60,67,66,65,48,0,0,52,59,58,,,,,,,,,,,,False,,,0,,,,,,0,50,,balanced
P9568,John,Doe,2000-04-05,68,200,Unknown,medium,brown,clean_shaven,S,LF,,0,,,50,59,51,50,48,53,53,51,53,49,,,,,,,,,,,,58,67,63,62,48,0,0,51,61,61,,,,,,,,,,,,False,,,0,,,,,,0,50,,power
P3896,John,Doe,1997-10-08,77,223,Unknown,dark,red,clean_shaven,L,CF,,0,,,50,54,49,49,50,53,49,48,49,49,,,,,,,,,,,,47,59,51,46,50,0,0,48,53,50,,,,,,,,,,,,False,,,0,,,,,,0,50,,balanced
P9511,John,Doe,1996-01-31,75,187,Unknown,dark,black,mustache,S,RF,,0,,,67,62,48,52,49,48,54,50,52,53,,,,,,,,,,,,69,63,51,57,49,0,0,50,50,48,,,,,,,,,,,,False,,,0,,,,,,0,50,,gap
P4404,John,Doe,2002-09-09,74,169,Unknown,light,black,clean_shaven,L,RF,,0,,,52,60,51,49,50,52,51,48,52,53,,,,,,,,,,,,63,67,56,64,50,0,0,48,65,67,,,,,,,,,,,,False,,,0,,,,,,0,50,,power
P4389,John,Doe,1996-05-03,75,174,Unknown,medium,black,clean_shaven,R,LF,,0,,,49,58,49,52,49,53,54,51,51,49,,,,,,,,,,,,45,59,49,55,49,0,0,51,49,54,,,,,,,,,,,,False,,,0,,,,,,0,50,,balanced
P4895,John,Doe,1996-03-14,76,213,Unknown,dark,black,goatee,S,LF,,0,,,52,49,70,51,49,51,51,53,51,49,,,,,,,,,,,,50,50,73,50,49,0,0,53,56,54,,,,,,,,,,,,False,,,0,,,,,,0,50,,speed
P6265,John,Doe,1997-08-25,77,206,Unknown,light,black,beard,R,2B,,0,,,54,47,70,54,49,48,59,49,52,48,,,,,,,,,,,,55,44,74,54,49,0,0,49,52,50,,,,,,,,,,,,False,,,0,,,,,,0,50,,speed
P4637,John,Doe,1999-08-12,76,183,Unknown,medium,black,clean_shaven,R,SS,,0,,,57,49,52,50,50,46,59,50,52,50,,,,,,,,,,,,70,57,67,57,50,0,0,50,67,59,,,,,,,,,,,,False,,,0,,,,,,0,50,,spray
P9107,John,Doe,2002-10-15,77,164,Unknown,dark,black,clean_shaven,L,1B,,0,,,49,60,51,51,49,52,47,51,49,52,,,,,,,,,,,,62,69,56,57,49,0,0,51,64,59,,,,,,,,,,,,False,,,0,,,,,,0,50,,power
P2492,John,Doe,1993-02-09,73,178,Unknown,medium,black,clean_shaven,R,P,,1,RP,CL,,,,,55,,,,49,54,47,50,52,49,53,57,0,65,0,0,0,,,,,0,,,,49,54,50,44,38,42,49,48,0,61,0,0,0,False,,,0,,,,,,0,50,closer,
P9531,John,Doe,1998-08-17,69,218,Unknown,medium,black,clean_shaven,L,P,,1,RP,SP,,,,,50,,,,50,51,51,53,53,51,53,60,59,57,57,0,0,,,,,0,,,,63,64,61,59,58,63,63,72,72,67,63,0,0,False,,,0,,,,,,0,50,groundball_sp,
P7664,John,Doe,1988-01-16,77,176,Unknown,dark,black,beard,R,P,,1,RP,CL,,,,,50,,,,52,51,52,50,54,53,51,58,58,65,0,0,0,,,,,0,,,,47,48,45,52,44,49,50,58,52,58,0,0,0,False,,,0,,,,,,0,50,closer,
P2446,John,Doe,1990-07-08,72,214,Unknown,medium,brown,clean_shaven,S,P,,1,RP,SP,,,,,53,,,,52,51,54,50,52,51,53,59,60,0,60,0,0,,,,,0,,,,50,50,49,50,53,41,46,58,53,0,57,0,0,False,,,0,,,,,,0,50,groundball_sp,
P5195,John,Doe,2004-09-23,72,215,Unknown,dark,blonde,clean_shaven,L,P,,1,RP,CL,,,,,48,,,,49,51,48,50,53,52,55,0,0,65,0,0,0,,,,,0,,,,64,70,72,69,75,66,80,0,0,80,0,0,0,False,,,0,,,,,,0,50,closer,
P4990,John,Doe,2001-04-23,76,222,Unknown,light,black,beard,L,P,,1,RP,RP,,,,,53,,,,49,52,50,50,53,53,51,0,0,0,63,0,0,,,,,0,,,,63,60,56,67,57,60,65,0,0,0,77,0,0,False,,,0,,,,,,0,50,groundball_rp,
P7833,John,Doe,1992-11-06,77,238,Unknown,light,blonde,goatee,R,P,,1,RP,RP,,,,,50,,,,51,50,52,50,52,51,51,0,0,63,0,0,0,,,,,0,,,,45,44,44,42,42,42,46,0,0,63,0,0,0,False,,,0,,,,,,0,50,power_rp,
P5043,John,Doe,1997-05-27,68,241,Unknown,medium,blonde,goatee,L,LF,,0,,,57,50,49,52,52,49,51,50,50,51,,,,,,,,,,,,59,47,52,50,52,0,0,50,47,46,,,,,,,,,,,,False,,,0,,,,,,0,50,,spray
P4356,John,Doe,2000-06-19,72,227,Unknown,light,blonde,beard,L,1B,,0,,,58,54,50,52,51,51,48,51,49,49,,,,,,,,,,,,65,64,62,65,51,0,0,51,55,59,,,,,,,,,,,,False,,,0,,,,,,0,50,,gap
P4983,John,Doe,2004-01-02,77,182,Unknown,light,brown,clean_shaven,R,LF,RF,0,,,67,73,51,54,51,52,55,50,50,49,,,,,,,,,,,,72,78,58,66,51,0,0,50,55,60,,,,,,,,,,,,False,,,0,,,,,,0,50,,gap
P1597,John,Doe,1990-06-30,77,173,Unknown,light,black,clean_shaven,R,3B,,0,,,52,61,48,52,46,50,60,49,49,52,,,,,,,,,,,,46,56,46,43,46,0,0,49,48,46,,,,,,,,,,,,False,,,0,,,,,,0,50,,power
P4461,John,Doe,1989-12-28,77,162,Unknown,medium,brown,beard,R,2B,,0,,,50,53,51,51,52,51,57,51,48,51,,,,,,,,,,,,46,44,44,43,52,0,0,51,48,51,,,,,,,,,,,,False,,,0,,,,,,0,50,,balanced
P5375,John,Doe,1996-04-28,68,228,Unknown,dark,black,clean_shaven,R,2B,,0,,,51,52,52,52,48,49,59,49,53,52,,,,,,,,,,,,47,52,52,57,48,0,0,49,58,48,,,,,,,,,,,,False,,,0,,,,,,0,50,,gap
P7285,John,Doe,1991-03-21,77,174,Unknown,dark,blonde,clean_shaven,R,CF,,0,,,59,51,54,51,51,48,55,52,52,51,,,,,,,,,,,,58,51,48,51,51,0,0,52,42,51,,,,,,,,,,,,False,,,0,,,,,,0,50,,spray
P2125,John,Doe,1988-04-11,70,198,Unknown,medium,brown,clean_shaven,L,LF,,0,,,49,61,48,49,50,52,50,49,52,49,,,,,,,,,,,,39,54,47,49,50,0,0,49,52,48,,,,,,,,,,,,False,,,0,,,,,,0,50,,power
P5899,John,Doe,2007-09-21,72,185,Unknown,light,brown,clean_shaven,L,P,,1,RP,CL,,,,,55,,,,48,53,48,50,53,50,55,0,0,65,0,0,0,,,,,0,,,,63,83,68,74,70,77,84,0,0,86,0,0,0,False,,,0,,,,,,0,50,closer,
P2489,John,Doe,2007-03-27,69,198,Unknown,medium,black,clean_shaven,L,P,,1,RP,SP,,,,,50,,,,51,51,53,52,52,49,53,58,61,58,0,55,0,,,,,0,,,,71,66,65,72,64,64,76,87,77,80,0,81,0,False,,,0,,,,,,0,50,workhorse_sp,
P1800,John,Doe,2006-03-04,70,174,Unknown,medium,black,clean_shaven,S,P,,1,RP,LR,,,,,52,,,,48,51,49,50,52,52,54,57,61,65,0,0,0,,,,,0,,,,59,63,60,81,62,72,78,70,71,90,0,0,0,False,,,0,,,,,,0,50,long_relief,
P9647,John,Doe,2006-07-06,72,208,Unknown,dark,blonde,clean_shaven,R,P,,1,RP,SP,,,,,53,,,,51,51,51,53,53,51,52,58,61,57,62,0,0,,,,,0,,,,73,72,76,76,79,76,78,83,75,85,83,0,0,False,,,0,,,,,,0,50,groundball_sp,
P9901,John,Doe,2004-10-19,72,233,Unknown,medium,black,beard,L,P,,1,RP,SP,,,,,48,,,,48,53,50,51,52,49,53,59,59,62,0,58,0,,,,,71,,,,78,65,79,75,74,79,65,73,86,77,0,69,0,False,,,0,,,,,,0,50,workhorse_sp,
P4591,John,Doe,2005-04-21,72,218,Unknown,light,brown,beard,R,C,,0,,,61,59,53,52,50,49,56,49,49,51,,,,,,,,,,,,79,85,76,66,50,0,0,49,64,68,,,,,,,,,,,,False,,,0,,,,,,0,50,,gap
P7896,John,Doe,2006-02-21,74,173,Unknown,medium,blonde,clean_shaven,R,SS,,0,,,51,49,86,50,48,48,61,49,50,48,,,,,,,,,,,,81,70,99,65,48,0,0,49,68,66,,,,,,,,,,,,False,,,0,,,,,,0,50,,elite_speed
P7057,John,Doe,2006-11-24,74,162,Unknown,dark,black,clean_shaven,R,3B,,0,,,49,52,52,49,49,51,58,52,48,48,,,,,,,,,,,,65,80,63,68,49,0,0,52,64,58,,,,,,,,,,,,False,,,0,,,,,,0,50,,balanced
P8470,John,Doe,2005-03-20,72,210,Unknown,medium,brown,clean_shaven,L,2B,,0,,,53,49,52,52,50,52,49,51,53,51,,,,,,,,,,,,65,68,66,82,50,0,0,51,64,66,,,,,,,,,,,,False,,,0,,,,,,0,50,,balanced
P6127,John,Doe,2004-11-30,70,193,Unknown,medium,brown,clean_shaven,R,LF,,0,,,61,50,52,52,50,51,57,51,51,50,,,,,,,,,,,,77,64,64,71,50,0,0,51,70,74,,,,,,,,,,,,False,,,0,,,,,,0,50,,spray
