player_id,first_name,last_name,birthdate,height,weight,ethnicity,skin_tone,hair_color,facial_hair,bats,primary_position,other_positions,is_pitcher,role,preferred_pitching_role,ch,ph,sp,eye,gf,pl,vl,sc,fa,arm,endurance,control,movement,hold_runner,fb,cu,cb,sl,si,scb,kn,pot_ch,pot_ph,pot_sp,pot_eye,pot_gf,pot_pl,pot_vl,pot_sc,pot_fa,pot_arm,pot_control,pot_movement,pot_endurance,pot_hold_runner,pot_fb,pot_cu,pot_cb,pot_sl,pot_si,pot_scb,pot_kn,injured,injury_description,return_date,ready,injury_list,injury_start_date,injury_minimum_days,injury_eligible_date,injury_rehab_assignment,injury_rehab_days,durability,pitcher_archetype,hitter_archetype
P9405,Alvaro,Ketron,1994-10-31,76,183,Anglo,light,brown,clean_shaven,L,P,1B,1,RP,CL,,,,,55,,,,53,52,50,50,53,52,53,58,58,66,0,0,0,,,,,0,,,,49,51,46,51,48,55,50,61,55,64,0,0,0,False,,,0,,,,,,0,50,closer,
P4059,Kurt,Vangompel,1987-06-30,74,178,Anglo,light,blonde,beard,R,P,,1,RP,SP,,,,,49,,,,52,49,50,50,52,50,50,61,63,62,57,0,0,,,,,0,,,,47,41,44,43,48,48,48,59,55,52,47,0,0,False,,,0,,,,,,0,50,power_sp,
P2338,Eduardo,Garcia,1994-11-13,68,193,Hispanic,medium,brown,goatee,R,P,,1,RP,RP,,,,,52,,,,51,51,50,52,54,53,51,0,60,67,0,55,0,,,,,0,,,,46,46,49,49,54,50,51,0,60,67,0,53,0,False,,,0,,,,,,0,50,power_rp,
P2740,Fausto,Cummer,1993-07-14,77,214,Anglo,light,brown,beard,R,P,,1,RP,SP,,,,,54,,,,51,53,54,52,54,51,53,59,58,0,61,0,0,,,,,0,,,,48,50,50,52,46,44,53,50,52,0,55,0,0,False,,,0,,,,,,0,50,groundball_sp,
P2367,Antonio,Vasquez,1999-04-27,71,198,Hispanic,medium,brown,clean_shaven,L,P,,1,RP,CL,,,,,53,,,,53,52,52,51,52,49,52,56,58,66,0,0,0,,,,,0,,,,59,62,65,61,63,62,64,71,72,74,0,0,0,False,,,0,,,,,,0,50,closer,
P8560,Yong,Park,2002-04-19,71,233,Asian,light,brown,clean_shaven,R,P,,1,RP,SP,,,,,49,,,,47,53,54,50,53,49,53,0,59,61,58,0,0,,,,,0,,,,62,62,65,65,60,64,60,0,67,67,69,0,0,False,,,0,,,,,,0,50,power_sp,
P7597,Sung,Pham,1990-01-14,77,171,Asian,light,black,goatee,L,P,,1,RP,RP,,,,,53,,,,53,49,52,50,52,49,51,0,62,67,59,0,0,,,,,0,,,,43,49,42,44,46,44,41,0,59,60,54,0,0,False,,,0,,,,,,0,50,power_rp,
P3775,Yong,Liu,2004-09-23,71,238,Asian,medium,black,clean_shaven,S,P,,1,RP,RP,,,,,50,,,,53,50,51,50,52,52,51,0,59,63,0,0,0,,,,,0,,,,63,70,76,74,75,65,64,0,88,80,0,0,0,False,,,0,,,,,,0,50,power_rp,
P6892,Jermaine,Allen,1994-07-25,78,169,African,dark,black,clean_shaven,R,P,,1,RP,RP,,,,,48,,,,49,52,50,52,52,51,52,0,58,0,0,0,0,,,,,0,,,,54,56,56,55,49,48,57,0,60,0,0,0,0,False,,,0,,,,,,0,50,power_rp,
P8286,Rufus,Mitchell,1999-08-27,78,222,African,dark,brown,beard,L,P,,1,RP,SP,,,,,52,,,,48,49,54,52,53,51,51,61,63,60,60,0,0,,,,,0,,,,58,57,58,58,66,58,66,71,73,66,72,0,0,False,,,0,,,,,,0,50,finesse_sp,
P8619,Carlos,Sanchez,1990-08-07,69,224,Hispanic,dark,blonde,mustache,L,P,,1,RP,SP,,,,,49,,,,52,53,53,52,52,50,53,58,62,58,0,0,0,,,,,0,,,,48,47,43,48,45,46,52,48,59,57,0,0,0,False,,,0,,,,,,0,50,power_sp,
P9246,Alejandro,Perez,2004-04-22,78,197,Hispanic,dark,blonde,mustache,R,C,,0,,,51,51,47,52,50,52,58,50,50,49,,,,,,,,,,,,63,68,57,74,50,0,0,50,61,78,,,,,,,,,,,,False,,,0,,,,,,0,50,,average
P3865,Florencio,Gizinski,1988-06-10,75,223,Anglo,light,black,clean_shaven,S,1B,,0,,,51,65,48,52,50,52,53,53,52,51,,,,,,,,,,,,49,55,45,43,50,0,0,53,42,46,,,,,,,,,,,,False,,,0,,,,,,0,50,,power
P2771,Hector,Hernandez,1996-03-20,75,177,Hispanic,dark,black,clean_shaven,R,2B,,0,,,50,58,52,52,51,52,54,52,51,50,,,,,,,,,,,,47,60,49,52,51,0,0,52,51,53,,,,,,,,,,,,False,,,0,,,,,,0,50,,power
P8110,Myles,Hales,1988-04-08,72,197,Anglo,light,blonde,clean_shaven,S,3B,,0,,,50,57,49,49,50,50,52,53,48,50,,,,,,,,,,,,50,54,47,40,50,0,0,53,38,41,,,,,,,,,,,,False,,,0,,,,,,0,50,,power
P9913,Sterling,Godnick,2004-10-03,73,215,Anglo,dark,black,clean_shaven,R,SS,2B,0,,,53,47,50,50,49,49,59,51,50,50,,,,,,,,,,,,83,72,75,78,49,0,0,51,72,60,,,,,,,,,,,,False,,,0,,,,,,0,50,,spray
P9371,Fernando,Cruz,2002-04-08,73,160,Hispanic,light,black,mustache,R,LF,,0,,,52,62,48,51,51,51,56,52,52,49,,,,,,,,,,,,57,73,59,62,51,0,0,52,58,57,,,,,,,,,,,,False,,,0,,,,,,0,50,,power
P5472,Edwardo,Priore,1995-12-09,68,214,Anglo,dark,brown,clean_shaven,R,CF,,0,,,54,53,53,50,52,52,51,51,50,53,,,,,,,,,,,,50,53,50,45,52,0,0,51,50,48,,,,,,,,,,,,False,,,0,,,,,,0,50,,gap
P3159,Todd,Andreoni,2004-07-23,75,228,Anglo,light,brown,clean_shaven,L,RF,,0,,,49,49,50,52,49,49,49,47,50,50,,,,,,,,,,,,68,62,76,65,49,0,0,47,72,60,,,,,,,,,,,,False,,,0,,,,,,0,50,,average
P6418,Ulysses,Wassell,2003-08-15,68,181,Anglo,light,red,clean_shaven,R,C,,0,,,49,53,49,51,53,50,59,50,50,52,,,,,,,,,,,,59,61,56,66,53,0,0,50,56,57,,,,,,,,,,,,False,,,0,,,,,,0,50,,average
P7062,Yong,Li,1987-09-14,76,185,Asian,dark,black,mustache,L,RF,C,0,,,50,61,50,51,48,51,48,52,52,54,,,,,,,,,,,,46,60,48,48,48,0,0,52,43,52,,,,,,,,,,,,False,,,0,,,,,,0,50,,power
P4261,Xavier,Harris,1998-10-17,77,206,African,medium,black,clean_shaven,R,2B,,0,,,52,51,47,53,53,52,55,52,51,49,,,,,,,,,,,,59,62,59,62,53,0,0,52,62,56,,,,,,,,,,,,False,,,0,,,,,,0,50,,average
P6319,Chang,Imbesi,2004-01-17,71,221,Anglo,light,blonde,mustache,L,CF,,0,,,49,51,70,49,53,53,47,51,50,50,,,,,,,,,,,,60,56,77,59,53,0,0,51,58,60,,,,,,,,,,,,False,,,0,,,,,,0,50,,speed
P2172,Xavier,Walker,2002-03-17,70,168,African,light,black,clean_shaven,L,C,,0,,,57,49,48,52,49,50,49,51,48,49,,,,,,,,,,,,70,64,62,58,49,0,0,51,61,54,,,,,,,,,,,,False,,,0,,,,,,0,50,,spray
P1380,Sung,Patel,2003-12-20,69,163,Asian,light,black,clean_shaven,R,SS,,0,,,53,50,86,54,49,51,58,50,51,50,,,,,,,,,,,,61,59,99,64,49,0,0,50,65,55,,,,,,,,,,,,False,,,0,,,,,,0,50,,elite_speed
P3960,Raul,Ramirez,1998-05-09,76,171,Hispanic,medium,blonde,clean_shaven,S,P,,1,RP,CL,,,,,55,,,,52,52,49,50,52,51,54,60,60,65,0,0,0,,,,,0,,,,63,64,58,61,54,56,69,65,70,74,0,0,0,False,,,0,,,,,,0,50,closer,
P7082,Sung,Kim,1997-07-18,75,249,Asian,medium,black,mustache,L,P,,1,RP,SP,,,,,52,,,,50,53,52,53,52,49,54,62,61,62,0,0,0,,,,,0,,,,47,57,48,49,48,47,57,57,57,58,0,0,0,False,,,0,,,,,,0,50,workhorse_sp,
P7713,Malik,Harris,2003-02-21,68,183,African,medium,black,clean_shaven,R,P,,1,RP,RP,,,,,52,,,,50,52,50,52,54,53,52,57,63,0,0,0,0,,,,,0,,,,56,61,63,63,63,66,60,70,77,0,0,0,0,False,,,0,,,,,,0,50,finesse_rp,
P5176,Chauncey,Thomison,1992-08-08,76,230,Anglo,medium,blonde,clean_shaven,R,P,,1,RP,SP,,,,,48,,,,51,52,53,51,52,50,52,0,62,63,0,57,0,,,,,0,,,,42,52,42,51,52,46,45,0,55,62,0,54,0,False,,,0,,,,,,0,50,power_sp,
P4107,Fernando,Ramos,1993-05-30,76,223,Hispanic,medium,black,clean_shaven,R,P,,1,RP,SP,,,,,51,,,,50,52,51,53,54,50,51,59,62,0,0,0,0,,,,,0,,,,41,50,48,47,51,42,49,54,54,0,0,0,0,False,,,0,,,,,,0,50,finesse_sp,
P8140,Stanford,Sanders,2002-02-19,78,169,Anglo,light,black,clean_shaven,R,P,,1,RP,SP,,,,,50,,,,50,51,51,53,52,48,50,60,0,58,0,0,0,,,,,0,,,,55,61,64,59,61,53,65,65,0,72,0,0,0,False,,,0,,,,,,0,50,balanced_sp,
P9630,Francisco,Rodriguez,1987-04-30,74,196,Hispanic,medium,red,goatee,L,P,,1,RP,SP,,,,,49,,,,51,52,52,52,52,49,51,60,61,60,0,0,0,,,,,0,,,,43,49,47,52,49,43,43,54,54,59,0,0,0,False,,,0,,,,,,0,50,workhorse_sp,
P8326,Leroy,Carter,1991-10-20,77,183,African,dark,black,goatee,S,2B,SS,0,,,51,49,52,50,49,51,51,52,50,51,,,,,,,,,,,,49,47,44,40,49,0,0,52,40,49,,,,,,,,,,,,False,,,0,,,,,,0,50,,balanced
P6673,Sung,Huang,1992-01-18,69,189,Asian,medium,brown,clean_shaven,R,3B,,0,,,51,52,50,50,52,51,60,52,50,49,,,,,,,,,,,,48,51,41,49,52,0,0,52,46,43,,,,,,,,,,,,False,,,0,,,,,,0,50,,average
P3629,Luther,Weirauch,2002-09-02,69,173,Anglo,medium,black,clean_shaven,R,3B,,0,,,50,47,70,49,52,47,58,51,48,50,,,,,,,,,,,,64,57,76,57,52,0,0,51,61,57,,,,,,,,,,,,False,,,0,,,,,,0,50,,speed
P7291,Percy,King,1989-02-19,77,234,African,dark,black,clean_shaven,L,C,,0,,,54,53,53,53,49,53,50,52,53,52,,,,,,,,,,,,48,50,53,51,49,0,0,52,45,44,,,,,,,,,,,,False,,,0,,,,,,0,50,,gap
P3162,Sung,Le,2002-06-03,71,236,Asian,light,black,clean_shaven,S,SS,,0,,,51,53,52,52,52,50,55,53,52,47,,,,,,,,,,,,59,60,61,59,52,0,0,53,62,59,,,,,,,,,,,,False,,,0,,,,,,0,50,,balanced
P2971,Tyrone,Mitchell,1993-02-23,69,189,African,medium,black,clean_shaven,L,1B,,0,,,49,51,52,50,49,51,48,52,51,49,,,,,,,,,,,,45,43,52,50,49,0,0,52,43,41,,,,,,,,,,,,False,,,0,,,,,,0,50,,balanced
P6343,Gerald,Eugley,1991-12-30,76,186,Anglo,medium,blonde,clean_shaven,L,RF,,0,,,57,47,91,52,49,46,50,51,47,53,,,,,,,,,,,,51,43,82,47,49,0,0,51,47,46,,,,,,,,,,,,False,,,0,,,,,,0,50,,elite_speed
P7922,Donny,Cassity,2004-09-12,74,189,Anglo,light,brown,clean_shaven,S,CF,,0,,,50,47,52,49,52,49,48,49,47,48,,,,,,,,,,,,67,74,77,68,52,0,0,49,63,63,,,,,,,,,,,,False,,,0,,,,,,0,50,,average
P5635,Yong,Pham,2004-12-31,76,163,Asian,medium,brown,clean_shaven,R,P,,1,RP,CL,,,,,55,,,,51,52,49,51,54,50,52,56,61,65,0,0,0,,,,,0,,,,80,74,76,67,71,78,66,86,77,95,0,0,0,False,,,0,,,,,,0,50,closer,
P1454,Darnell,Mitchell,2007-03-11,71,220,African,dark,brown,clean_shaven,L,P,,1,RP,SP,,,,,50,,,,49,50,53,52,53,53,52,61,61,59,0,55,0,,,,,0,,,,79,80,62,71,81,74,80,83,83,80,0,78,0,False,,,0,,,,,,0,50,finesse_sp,
P1835,Sung,Lin,2006-10-09,75,166,Asian,medium,black,clean_shaven,R,P,,1,RP,RP,,,,,50,,,,48,50,49,50,52,51,53,57,59,0,0,0,0,,,,,0,,,,73,62,74,73,60,62,64,77,86,0,0,0,0,False,,,0,,,,,,0,50,finesse_rp,
P4417,Sung,Chen,2007-08-22,73,176,Asian,medium,black,goatee,R,P,,1,RP,SP,,,,,49,,,,50,52,53,52,53,52,50,61,60,61,0,0,0,,,,,0,,,,76,77,74,67,79,65,72,79,74,76,0,0,0,False,,,0,,,,,,0,50,balanced_sp,
P3752,Jorge,Rivera,2006-04-27,71,226,Hispanic,medium,black,mustache,R,P,,1,RP,RP,,,,,48,,,,53,50,49,52,53,51,52,0,60,67,0,0,0,,,,,0,,,,64,70,72,68,69,72,71,0,90,79,0,0,0,False,,,0,,,,,,0,50,power_rp,
P1604,Roberto,Perez,2005-07-24,70,162,Hispanic,medium,brown,beard,R,LF,,0,,,61,49,50,51,50,51,58,51,49,52,,,,,,,,,,,,79,61,68,78,50,0,0,51,70,75,,,,,,,,,,,,False,,,0,,,,,,0,50,,spray
P6148,Roberto,Gonzalez,2006-12-22,76,178,Hispanic,dark,blonde,beard,R,C,,0,,,56,51,50,52,49,52,56,52,51,50,,,,,,,,,,,,80,75,69,67,49,0,0,52,61,78,,,,,,,,,,,,False,,,0,,,,,,0,50,,gap
P4271,Adolph,Buske,2006-09-11,68,208,Anglo,dark,red,clean_shaven,S,RF,,0,,,51,52,52,52,48,49,51,52,51,50,,,,,,,,,,,,71,67,65,72,48,0,0,52,68,79,,,,,,,,,,,,False,,,0,,,,,,0,50,,average
P5922,Jamal,Robinson,2005-08-14,78,166,African,dark,black,clean_shaven,L,2B,,0,,,59,51,48,56,51,50,48,52,50,49,,,,,,,,,,,,86,81,75,86,51,0,0,52,63,63,,,,,,,,,,,,False,,,0,,,,,,0,50,,spray
P7230,Micah,Reichmann,2006-09-23,75,229,Anglo,light,black,clean_shaven,R,3B,,0,,,53,48,50,52,51,49,59,49,48,50,,,,,,,,,,,,65,68,72,70,51,0,0,49,74,68,,,,,,,,,,,,False,,,0,,,,,,0,50,,balanced
P6272,Francisco,Vasquez,1999-02-26,78,164,Hispanic,medium,black,beard,S,P,,1,RP,CL,,,,,55,,,,50,50,51,50,52,52,53,58,61,65,0,0,0,,,,,0,,,,55,58,63,67,59,58,66,71,74,71,0,0,0,False,,,0,,,,,,0,50,closer,
P7495,Yong,Hassan,1998-08-28,78,238,Asian,light,black,clean_shaven,R,P,,1,RP,SP,,,,,51,,,,50,53,53,53,53,52,53,61,59,60,0,55,0,,,,,0,,,,56,65,66,61,66,62,67,67,69,65,0,66,0,False,,,0,,,,,,0,50,balanced_sp,
P7848,Rufus,Walker,1989-07-02,69,189,African,dark,black,clean_shaven,R,P,,1,RP,RP,,,,,49,,,,50,52,49,51,52,50,53,0,62,65,0,0,0,,,,,0,,,,48,46,44,51,43,40,45,0,57,57,0,0,0,False,,,0,,,,,,0,50,power_rp,
P3943,Brad,Camire,1996-10-20,71,229,Anglo,medium,blonde,beard,L,P,,1,RP,RP,,,,,56,,,,50,52,51,50,52,53,51,60,61,0,62,0,0,,,,,0,,,,48,57,55,55,49,49,52,55,61,0,59,0,0,False,,,0,,,,,,0,50,groundball_rp,
P5401,Jamal,Carter,1997-11-23,78,160,African,dark,black,beard,R,P,,1,RP,SP,,,,,49,,,,49,49,53,51,54,51,52,61,59,60,56,0,0,,,,,0,,,,45,53,56,52,52,51,51,58,60,64,55,0,0,False,,,0,,,,,,0,50,balanced_sp,
P1785,James,Curro,1997-05-17,72,217,Anglo,light,brown,clean_shaven,R,P,,1,RP,SP,,,,,48,,,,48,49,52,53,54,52,52,61,61,61,0,54,0,,,,,0,,,,51,44,54,59,54,47,56,60,56,63,0,51,0,False,,,0,,,,,,0,50,balanced_sp,
P9996,Sung,Park,1989-10-31,71,249,Asian,medium,black,clean_shaven,R,P,,1,RP,SP,,,,,51,,,,48,49,52,50,52,49,53,59,63,58,0,55,0,,,,,0,,,,41,40,44,47,48,39,51,56,54,49,0,49,0,False,,,0,,,,,,0,50,workhorse_sp,
P7573,Yong,Le,1994-06-08,71,209,Asian,light,black,clean_shaven,R,P,,1,RP,SP,,,,,52,,,,53,50,49,50,54,52,53,59,59,60,60,0,0,,,,,0,,,,51,47,45,59,54,48,58,62,62,61,65,0,0,False,,,0,,,,,,0,50,groundball_sp,
P6007,Francisco,Perez,1993-07-10,71,193,Hispanic,dark,brown,beard,L,P,,1,RP,CL,,,,,49,,,,52,50,49,50,52,51,55,0,58,65,0,0,0,,,,,0,,,,50,43,42,45,39,48,54,0,51,58,0,0,0,False,,,0,,,,,,0,50,closer,
P4454,Tyrone,White,1999-03-07,70,210,African,dark,black,beard,R,P,,1,RP,SP,,,,,49,,,,51,52,51,50,52,50,53,62,59,62,55,0,0,,,,,0,,,,64,67,59,58,66,65,62,76,71,75,60,0,0,False,,,0,,,,,,0,50,balanced_sp,
P4670,Sung,Li,2001-10-27,72,217,Asian,medium,black,clean_shaven,L,P,,1,RP,SP,,,,,51,,,,51,52,52,50,52,51,52,0,0,61,61,0,0,,,,,0,,,,66,61,63,64,61,56,59,0,0,73,76,0,0,False,,,0,,,,,,0,50,groundball_sp,
P9099,Cedric,Carter,1993-02-09,73,216,African,light,black,goatee,R,C,,0,,,51,51,51,50,51,49,59,51,50,50,,,,,,,,,,,,48,51,47,42,51,0,0,51,45,41,,,,,,,,,,,,False,,,0,,,,,,0,50,,average
P3217,Cyrus,Humpal,1997-06-16,78,178,Anglo,medium,brown,beard,L,1B,,0,,,52,58,51,51,49,51,48,53,48,52,,,,,,,,,,,,55,58,48,52,49,0,0,53,51,55,,,,,,,,,,,,False,,,0,,,,,,0,50,,balanced
P4510,Augustus,Mainz,1996-12-14,71,222,Anglo,light,blonde,clean_shaven,R,2B,,0,,,55,51,51,52,48,51,58,49,49,49,,,,,,,,,,,,56,48,52,53,48,0,0,49,45,47,,,,,,,,,,,,False,,,0,,,,,,0,50,,gap
P7044,Darnell,Gaines,1999-03-14,74,244,African,dark,black,clean_shaven,R,3B,,0,,,53,51,50,50,47,50,56,53,48,49,,,,,,,,,,,,66,65,56,58,47,0,0,53,56,63,,,,,,,,,,,,False,,,0,,,,,,0,50,,average
P5357,Deshawn,Harris,1992-08-27,77,176,African,light,black,clean_shaven,S,SS,,0,,,49,46,85,52,49,51,58,50,52,49,,,,,,,,,,,,41,36,77,51,49,0,0,50,42,47,,,,,,,,,,,,False,,,0,,,,,,0,50,,elite_speed
P6987,Sung,Liu,1990-06-19,73,171,Asian,light,black,clean_shaven,S,LF,,0,,,50,56,49,51,52,51,50,52,48,53,,,,,,,,,,,,41,46,44,42,52,0,0,52,43,50,,,,,,,,,,,,False,,,0,,,,,,0,50,,balanced
P5110,Randy,Escorcia,1998-03-29,76,223,Anglo,light,black,goatee,R,CF,,0,,,58,51,52,51,49,50,54,52,51,49,,,,,,,,,,,,71,64,64,57,49,0,0,52,57,63,,,,,,,,,,,,False,,,0,,,,,,0,50,,spray
P1080,Tyrone,King,1989-03-19,68,163,African,dark,black,clean_shaven,S,RF,,0,,,53,48,48,52,50,51,48,50,50,52,,,,,,,,,,,,51,45,45,52,50,0,0,50,42,49,,,,,,,,,,,,False,,,0,,,,,,0,50,,average
P7063,Sung,Wang,1994-09-22,77,201,Asian,medium,black,clean_shaven,L,2B,,0,,,49,49,52,50,51,52,49,51,48,49,,,,,,,,,,,,53,53,57,47,51,0,0,51,49,50,,,,,,,,,,,,False,,,0,,,,,,0,50,,balanced
P8562,Yong,Tran,1987-06-03,70,216,Asian,medium,black,clean_shaven,L,C,,0,,,51,63,49,50,49,50,48,49,51,49,,,,,,,,,,,,51,53,43,43,49,0,0,49,43,44,,,,,,,,,,,,False,,,0,,,,,,0,50,,power
P6687,Yong,Kim,1989-11-06,78,183,Asian,medium,black,clean_shaven,R,C,,0,,,59,52,51,50,53,49,56,49,52,52,,,,,,,,,,,,58,49,42,44,53,0,0,49,44,44,,,,,,,,,,,,False,,,0,,,,,,0,50,,spray
P5917,Darnell,Carter,1989-07-23,72,205,African,dark,black,beard,R,C,,0,,,53,53,49,51,50,51,56,49,50,53,,,,,,,,,,,,43,46,45,44,50,0,0,49,49,50,,,,,,,,,,,,False,,,0,,,,,,0,50,,gap
P5568,Yong,Patel,1997-06-30,77,171,Asian,light,black,goatee,R,2B,,0,,,63,52,50,57,52,47,57,52,52,49,,,,,,,,,,,,61,48,50,53,52,0,0,52,51,53,,,,,,,,,,,,False,,,0,,,,,,0,50,,spray
P9588,Pedro,Sanchez,1994-03-15,68,183,Hispanic,dark,brown,clean_shaven,R,CF,,0,,,53,49,70,52,53,50,53,51,51,51,,,,,,,,,,,,56,44,75,53,53,0,0,51,50,52,,,,,,,,,,,,False,,,0,,,,,,0,50,,speed
P3179,Yong,Huang,1989-04-19,70,236,Asian,light,black,clean_shaven,S,P,,1,RP,CL,,,,,55,,,,50,54,47,53,54,53,55,0,62,66,0,0,0,,,,,0,,,,42,52,43,53,42,44,52,0,55,59,0,0,0,False,,,0,,,,,,0,50,closer,
P7841,Ricardo,Diaz,1987-07-17,68,174,Hispanic,medium,black,clean_shaven,R,P,,1,RP,SP,,,,,49,,,,49,53,50,52,53,48,53,63,61,0,0,57,0,,,,,0,,,,47,44,43,44,50,41,46,59,52,0,0,49,0,False,,,0,,,,,,0,50,finesse_sp,
P5111,Ricardo,Sanchez,1989-02-21,75,198,Hispanic,medium,blonde,clean_shaven,R,P,,1,RP,RP,,,,,53,,,,53,51,48,50,52,51,52,0,60,66,0,0,0,,,,,0,,,,53,42,40,45,42,47,52,0,58,64,0,0,0,False,,,0,,,,,,0,50,power_rp,
P4487,Carol,Warncke,2004-03-28,70,202,Anglo,light,brown,clean_shaven,R,P,,1,RP,SP,,,,,51,,,,50,49,50,50,52,50,50,0,59,0,61,0,0,,,,,0,,,,71,75,70,79,78,78,61,0,71,0,73,0,0,False,,,0,,,,,,0,50,groundball_sp,
P3885,Darnell,Robinson,1991-03-03,69,202,African,dark,black,clean_shaven,L,P,,1,RP,SP,,,,,51,,,,49,51,54,52,52,51,53,60,59,62,0,54,0,,,,,0,,,,45,41,46,47,44,41,45,51,56,57,0,44,0,False,,,0,,,,,,0,50,power_sp,
P9864,Deshawn,King,1989-09-18,72,209,African,dark,black,beard,R,P,LF,1,RP,RP,,,,,54,,,,52,52,52,52,54,52,53,0,0,0,60,0,0,,,,,0,,,,43,52,44,44,44,45,51,0,0,0,57,0,0,False,,,0,,,,,,0,50,groundball_rp,
P6985,Pedro,Garcia,2001-09-25,75,217,Hispanic,dark,black,clean_shaven,S,P,,1,RP,SP,,,,,50,,,,52,51,50,51,52,49,52,60,63,62,0,0,0,,,,,0,,,,67,63,59,60,61,61,67,67,75,72,0,0,0,False,,,0,,,,,,0,50,power_sp,
P9966,Hector,Rodriguez,2004-12-31,77,195,Hispanic,light,black,mustache,R,3B,,0,,,50,59,52,49,50,50,57,52,49,50,,,,,,,,,,,,77,89,75,62,50,0,0,52,74,62,,,,,,,,,,,,False,,,0,,,,,,0,50,,power
P7702,Rufus,Taylor,1987-09-22,71,231,African,dark,black,mustache,L,RF,,0,,,54,56,50,51,52,49,51,48,50,49,,,,,,,,,,,,54,54,44,49,52,0,0,48,49,44,,,,,,,,,,,,False,,,0,,,,,,0,50,,balanced
P6336,Gabriel,Sandhoff,1997-01-11,69,223,Anglo,light,black,clean_shaven,R,LF,,0,,,58,51,50,50,53,49,57,49,50,52,,,,,,,,,,,,61,54,47,47,53,0,0,49,50,50,,,,,,,,,,,,False,,,0,,,,,,0,50,,spray
P7740,Percy,Jackson,2000-02-01,71,204,African,dark,black,beard,S,LF,,0,,,53,59,49,51,51,51,53,52,51,49,,,,,,,,,,,,64,73,57,65,51,0,0,52,60,64,,,,,,,,,,,,False,,,0,,,,,,0,50,,gap
P1681,Sung,Khan,2004-01-07,69,199,Asian,light,black,clean_shaven,L,LF,,0,,,53,58,48,52,51,51,51,52,51,48,,,,,,,,,,,,62,65,62,67,51,0,0,52,62,60,,,,,,,,,,,,False,,,0,,,,,,0,50,,balanced
P6798,Antonio,Reyes,1990-08-13,72,216,Hispanic,dark,blonde,clean_shaven,R,SS,,0,,,67,52,54,50,50,48,56,53,50,49,,,,,,,,,,,,67,51,50,47,50,0,0,53,49,41,,,,,,,,,,,,False,,,0,,,,,,0,50,,spray
P7390,Werner,Canzoneri,1996-04-08,78,227,Anglo,medium,black,clean_shaven,L,LF,,0,,,50,61,51,49,49,54,49,50,48,49,,,,,,,,,,,,50,65,50,44,49,0,0,50,43,46,,,,,,,,,,,,False,,,0,,,,,,0,50,,power
P8724,Alberto,Viscome,2002-02-11,68,190,Anglo,medium,blonde,mustache,R,C,,0,,,50,51,50,52,53,49,58,49,49,50,,,,,,,,,,,,59,64,58,66,53,0,0,49,54,61,,,,,,,,,,,,False,,,0,,,,,,0,50,,average
P3223,Sung,Tran,2004-11-19,72,187,Asian,medium,brown,clean_shaven,S,P,,1,RP,CL,,,,,55,,,,49,50,50,50,52,50,55,58,0,67,0,0,0,,,,,0,,,,70,70,80,79,75,69,70,77,0,88,0,0,0,False,,,0,,,,,,0,50,closer,
P6978,Sung,Yamamoto,2005-07-11,78,160,Asian,medium,black,clean_shaven,R,P,,1,RP,SP,,,,,51,,,,51,51,54,50,52,52,53,58,58,59,0,0,0,,,,,0,,,,61,69,72,76,76,72,80,78,84,85,0,0,0,False,,,0,,,,,,0,50,workhorse_sp,
P1903,Yong,Zhang,2004-04-13,69,189,Asian,medium,black,clean_shaven,R,P,,1,RP,SP,,,,,54,,,,49,53,50,53,52,50,52,0,61,60,58,0,0,,,,,0,,,,74,75,83,66,79,65,65,0,84,73,68,0,0,False,,,0,,,,,,0,50,groundball_sp,
P9442,Yong,Khan,2005-11-21,77,171,Asian,medium,black,clean_shaven,S,P,,1,RP,SP,,,,,49,,,,52,52,54,50,52,47,50,0,61,61,54,53,0,,,,,0,,,,78,80,73,77,75,58,69,0,87,90,69,70,0,False,,,0,,,,,,0,50,power_sp,
P6281,Basil,Montore,2007-03-30,74,229,Anglo,light,brown,clean_shaven,L,P,,1,RP,RP,,,,,49,,,,51,50,50,50,53,49,52,0,60,0,0,0,0,,,,,0,,,,70,61,66,83,75,75,69,0,72,0,0,0,0,False,,,0,,,,,,0,50,finesse_rp,
P4919,Lamont,Mosqueda,2004-12-19,77,160,Anglo,light,blonde,clean_shaven,R,C,,0,,,53,51,50,49,50,53,57,49,53,49,,,,,,,,,,,,65,79,70,76,50,0,0,49,67,62,,,,,,,,,,,,False,,,0,,,,,,0,50,,average
P2281,Roberto,Cruz,2007-11-16,75,221,Hispanic,medium,blonde,mustache,L,C,,0,,,51,57,48,50,51,51,50,50,51,49,,,,,,,,,,,,71,86,78,66,51,0,0,50,72,68,,,,,,,,,,,,False,,,0,,,,,,0,50,,power
P9477,Sung,Zhang,2007-04-10,72,209,Asian,light,brown,clean_shaven,S,LF,,0,,,50,60,50,51,49,49,51,52,49,52,,,,,,,,,,,,71,70,61,76,49,0,0,52,65,73,,,,,,,,,,,,False,,,0,,,,,,0,50,,power
P5121,Yong,Nguyen,2004-12-28,78,204,Asian,medium,black,clean_shaven,R,2B,,0,,,51,52,49,50,50,52,56,48,51,48,,,,,,,,,,,,61,62,68,69,50,0,0,48,78,61,,,,,,,,,,,,False,,,0,,,,,,0,50,,balanced
P9144,Alejandro,Cruz,2006-01-31,70,176,Hispanic,light,brown,clean_shaven,R,2B,,0,,,54,48,70,55,52,49,57,48,49,51,,,,,,,,,,,,80,62,99,72,52,0,0,48,68,65,,,,,,,,,,,,False,,,0,,,,,,0,50,,speed
P6422,Darnell,Wright,1993-04-26,71,185,African,dark,black,beard,L,P,,1,RP,CL,,,,,55,,,,48,51,51,50,54,51,54,61,62,67,0,0,0,,,,,0,,,,44,41,43,46,49,42,46,60,62,58,0,0,0,False,,,0,,,,,,0,50,closer,
P9031,Leroy,Robinson,1999-04-14,69,176,African,medium,brown,mustache,S,P,,1,RP,SP,,,,,51,,,,48,54,52,50,54,50,54,0,59,63,0,0,0,,,,,0,,,,56,68,63,63,59,64,65,0,69,76,0,0,0,False,,,0,,,,,,0,50,power_sp,
P9096,Lynn,Orrego,1998-02-18,77,161,Anglo,light,brown,goatee,R,P,,1,RP,SP,,,,,52,,,,51,53,52,50,52,52,52,59,60,58,56,0,0,,,,,0,,,,50,50,49,54,55,51,53,64,58,62,58,0,0,False,,,0,,,,,,0,50,power_sp,
P5107,Andre,Ghrist,1998-09-27,75,176,Anglo,light,black,clean_shaven,S,P,,1,RP,SP,,,,,48,,,,52,51,50,52,52,50,53,58,58,58,0,56,0,,,,,0,,,,67,60,57,62,61,62,64,63,66,73,0,69,0,False,,,0,,,,,,0,50,balanced_sp,
P3534,Carlos,Rodriguez,1990-02-01,71,220,Hispanic,medium,blonde,clean_shaven,L,P,,1,RP,SP,,,,,51,,,,48,53,51,51,52,51,51,62,59,59,56,0,0,,,,,0,,,,45,48,46,52,48,43,42,61,51,59,49,0,0,False,,,0,,,,,,0,50,workhorse_sp,
P3142,Sung,Nguyen,1995-07-30,73,231,Asian,medium,black,goatee,R,P,,1,RP,LR,,,,,50,,,,52,52,49,52,54,52,53,56,61,66,0,0,0,,,,,0,,,,53,56,52,54,54,51,54,55,58,61,0,0,0,False,,,0,,,,,,0,50,long_relief,
P2324,Rafael,Cruz,1987-07-15,75,185,Hispanic,medium,brown,goatee,R,P,,1,RP,RP,,,,,51,,,,52,50,48,50,52,51,51,0,63,65,0,0,0,,,,,0,,,,42,45,46,47,45,50,51,0,55,57,0,0,0,False,,,0,,,,,,0,50,power_rp,
P6963,Yong,Chen,1999-03-04,74,246,Asian,medium,black,clean_shaven,R,P,,1,RP,SP,,,,,49,,,,52,52,50,51,54,48,49,60,60,59,0,0,0,,,,,0,,,,58,61,65,63,55,54,55,68,67,69,0,0,0,False,,,0,,,,,,0,50,balanced_sp,
P7632,Miguel,Garcia,1990-03-07,74,192,Hispanic,medium,blonde,beard,S,P,,1,RP,RP,,,,,53,,,,49,53,49,50,53,53,51,0,61,67,0,58,0,,,,,0,,,,41,53,46,48,43,50,47,0,59,60,0,55,0,False,,,0,,,,,,0,50,power_rp,
P6840,Florentino,Labuff,2003-01-13,71,247,Anglo,medium,brown,clean_shaven,S,P,,1,RP,RP,,,,,53,,,,48,51,47,50,52,52,50,58,59,0,62,0,0,,,,,0,,,,56,58,61,61,55,65,55,71,74,0,70,0,0,False,,,0,,,,,,0,50,groundball_rp,
P4849,Francisco,Morales,1990-06-27,77,238,Hispanic,dark,black,goatee,S,P,,1,RP,SP,,,,,51,,,,48,52,53,53,52,52,52,63,60,62,0,55,0,,,,,0,,,,39,52,47,48,45,47,50,61,57,57,0,49,0,False,,,0,,,,,,0,50,balanced_sp,
P9641,Rafael,Morales,2000-06-16,77,197,Hispanic,medium,black,clean_shaven,R,C,,0,,,49,54,51,50,49,51,59,50,53,50,,,,,,,,,,,,62,62,59,63,49,0,0,50,58,61,,,,,,,,,,,,False,,,0,,,,,,0,50,,balanced
P4603,Yong,Yamamoto,1992-08-21,76,222,Asian,medium,black,clean_shaven,R,1B,,0,,,50,60,49,51,48,52,53,51,52,50,,,,,,,,,,,,43,54,47,46,48,0,0,51,52,46,,,,,,,,,,,,False,,,0,,,,,,0,50,,power
P9520,Rufus,Young,1992-08-11,71,196,African,light,black,clean_shaven,L,2B,,0,,,53,49,48,51,51,50,49,51,50,52,,,,,,,,,,,,49,45,38,41,51,0,0,51,48,50,,,,,,,,,,,,False,,,0,,,,,,0,50,,balanced
P7732,Sung,Tanaka,2003-07-09,74,203,Asian,medium,black,clean_shaven,R,3B,SS,0,,,51,50,50,52,48,51,58,53,51,52,,,,,,,,,,,,66,62,60,61,48,0,0,53,58,67,,,,,,,,,,,,False,,,0,,,,,,0,50,,balanced
P9018,Darnell,Green,1991-11-26,74,194,African,medium,black,clean_shaven,L,SS,2B,0,,,53,53,51,51,52,51,51,50,52,48,,,,,,,,,,,,43,44,44,43,52,0,0,50,49,38,,,,,,,,,,,,False,,,0,,,,,,0,50,,balanced
P7403,Percy,Gaines,1995-04-13,70,164,African,dark,black,beard,R,LF,,0,,,53,63,51,52,51,54,54,49,49,50,,,,,,,,,,,,49,61,55,48,51,0,0,49,50,45,,,,,,,,,,,,False,,,0,,,,,,0,50,,power
P5976,Luis,Garcia,2004-04-19,77,200,Hispanic,medium,blonde,clean_shaven,L,CF,,0,,,54,50,70,52,49,50,46,49,47,51,,,,,,,,,,,,81,62,80,72,49,0,0,49,62,65,,,,,,,,,,,,False,,,0,,,,,,0,50,,speed
P4972,Yong,Lin,2000-04-07,74,216,Asian,medium,black,clean_shaven,R,RF,,0,,,56,50,50,50,52,50,59,50,52,48,,,,,,,,,,,,69,64,63,55,52,0,0,50,63,57,,,,,,,,,,,,False,,,0,,,,,,0,50,,spray
P6812,Rayford,Hotelling,1997-12-24,73,167,Anglo,medium,black,clean_shaven,R,SS,,0,,,57,49,50,54,50,47,60,52,51,51,,,,,,,,,,,,52,45,46,51,50,0,0,52,56,53,,,,,,,,,,,,False,,,0,,,,,,0,50,,spray
P6888,Malik,King,1993-01-16,70,224,African,dark,black,clean_shaven,R,RF,,0,,,48,59,47,49,47,51,54,51,47,51,,,,,,,,,,,,47,53,41,49,47,0,0,51,42,47,,,,,,,,,,,,False,,,0,,,,,,0,50,,power
P7580,Rosario,Denyes,1994-07-02,68,201,Anglo,light,red,beard,S,CF,,0,,,50,52,51,49,48,54,47,51,50,50,,,,,,,,,,,,51,48,49,45,48,0,0,51,55,51,,,,,,,,,,,,False,,,0,,,,,,0,50,,balanced
P1437,Sung,Singh,1989-05-01,68,238,Asian,medium,black,clean_shaven,L,CF,,0,,,54,53,51,53,51,51,46,47,48,53,,,,,,,,,,,,48,51,49,43,51,0,0,47,41,53,,,,,,,,,,,,False,,,0,,,,,,0,50,,balanced
P4123,Eduardo,Ortiz,1987-03-14,71,249,Hispanic,dark,brown,clean_shaven,L,1B,,0,,,51,65,51,49,51,51,47,52,52,48,,,,,,,,,,,,46,59,47,48,51,0,0,52,51,48,,,,,,,,,,,,False,,,0,,,,,,0,50,,power
P5272,Jamal,Young,1996-12-01,69,189,African,dark,black,beard,S,RF,LF,0,,,52,63,47,51,47,50,51,47,53,51,,,,,,,,,,,,55,64,52,50,47,0,0,47,54,52,,,,,,,,,,,,False,,,0,,,,,,0,50,,power
P3455,Merrill,Quilliam,1993-06-07,69,235,Anglo,light,red,mustache,L,P,,1,RP,CL,,,,,55,,,,52,50,51,52,52,52,52,58,61,65,0,0,0,,,,,0,,,,52,44,46,42,44,42,46,51,56,62,0,0,0,False,,,0,,,,,,0,50,closer,
P1067,Ferdinand,Berning,1997-03-26,76,210,Anglo,light,brown,clean_shaven,R,P,,1,RP,SP,,,,,53,,,,51,53,51,50,52,50,51,58,0,0,58,0,0,,,,,0,,,,46,57,55,49,50,46,56,54,0,0,60,0,0,False,,,0,,,,,,0,50,groundball_sp,
P6941,Yong,Choi,2001-12-21,70,223,Asian,light,black,clean_shaven,R,P,,1,RP,RP,,,,,50,,,,53,52,51,50,52,50,54,0,59,0,0,0,0,,,,,0,,,,66,67,57,58,58,59,61,0,70,0,0,0,0,False,,,0,,,,,,0,50,power_rp,
P7670,Xavier,Carter,1998-07-05,71,174,African,dark,black,mustache,R,P,,1,RP,SP,,,,,50,,,,49,53,50,51,52,48,51,63,60,60,0,0,0,,,,,0,,,,54,63,65,60,60,63,61,71,68,74,0,0,0,False,,,0,,,,,,0,50,finesse_sp,
P1088,Juan,Sanchez,1995-09-04,69,221,Hispanic,light,brown,mustache,R,P,,1,RP,SP,,,,,54,,,,50,52,54,51,52,50,53,57,0,59,58,0,0,,,,,0,,,,48,57,47,52,54,49,48,58,0,62,57,0,0,False,,,0,,,,,,0,50,groundball_sp,
P5715,Yong,Singh,1993-12-28,74,221,Asian,light,black,clean_shaven,R,P,,1,RP,CL,,,,,52,,,,52,50,50,51,53,51,52,59,0,65,0,0,0,,,,,0,,,,43,41,47,49,43,51,42,59,0,65,0,0,0,False,,,0,,,,,,0,50,closer,
P4187,Len,Lesa,1995-08-02,69,178,Anglo,medium,brown,clean_shaven,R,P,,1,RP,SP,,,,,16,,,,50,50,53,52,52,50,53,60,63,60,0,54,0,,,,,16,,,,46,50,48,54,57,51,51,64,60,56,0,55,0,False,,,0,,,,,,0,50,finesse_sp,
P4720,Malik,Taylor,2003-03-19,68,196,African,dark,black,clean_shaven,R,3B,,0,,,60,49,48,54,52,51,58,50,50,51,,,,,,,,,,,,68,59,53,63,52,0,0,50,65,65,,,,,,,,,,,,False,,,0,,,,,,0,50,,spray
P2121,Carlos,Hernandez,1996-10-25,70,215,Hispanic,medium,black,beard,R,LF,,0,,,53,59,50,50,50,51,56,49,49,51,,,,,,,,,,,,49,58,49,52,50,0,0,49,53,55,,,,,,,,,,,,False,,,0,,,,,,0,50,,balanced
P6974,Dustin,Romero,1999-07-05,75,195,Anglo,light,black,clean_shaven,R,3B,2B,0,,,48,57,49,48,47,52,60,51,51,53,,,,,,,,,,,,56,66,61,63,47,0,0,51,64,67,,,,,,,,,,,,False,,,0,,,,,,0,50,,power
P7257,Sung,Choi,2004-04-06,68,213,Asian,medium,brown,goatee,R,2B,SS,0,,,57,49,70,52,50,51,58,51,49,48,,,,,,,,,,,,72,79,88,66,50,0,0,51,66,68,,,,,,,,,,,,False,,,0,,,,,,0,50,,speed
P2773,Leroy,Allen,1995-12-16,75,245,African,dark,brown,clean_shaven,R,SS,,0,,,49,50,53,49,52,53,62,50,48,51,,,,,,,,,,,,45,45,49,54,52,0,0,50,49,49,,,,,,,,,,,,False,,,0,,,,,,0,50,,balanced
P9257,Yong,Wang,1993-09-06,76,247,Asian,light,black,mustache,S,C,,0,,,62,53,48,51,53,48,56,50,52,48,,,,,,,,,,,,57,52,41,44,53,0,0,50,49,39,,,,,,,,,,,,False,,,0,,,,,,0,50,,spray
P7952,Titus,Shearin,2002-02-23,72,169,Anglo,medium,brown,clean_shaven,S,1B,,0,,,49,59,49,51,51,51,48,52,48,52,,,,,,,,,,,,55,65,59,63,51,0,0,52,59,65,,,,,,,,,,,,False,,,0,,,,,,0,50,,balanced
P5587,Sung,Hassan,1998-07-09,75,246,Asian,light,black,mustache,R,C,,0,,,50,54,51,51,49,53,57,52,51,51,,,,,,,,,,,,59,65,65,62,49,0,0,52,58,59,,,,,,,,,,,,False,,,0,,,,,,0,50,,average
P2910,Yong,Tanaka,2004-06-02,77,205,Asian,medium,black,clean_shaven,R,P,,1,RP,CL,,,,,55,,,,48,50,48,53,57,52,56,59,58,66,0,0,0,,,,,0,,,,69,74,63,74,61,81,84,86,68,93,0,0,0,False,,,0,,,,,,0,50,closer,
P6464,Lorenzo,Unkn,2005-06-24,69,175,Anglo,light,black,clean_shaven,R,P,,1,RP,SP,,,,,48,,,,48,50,54,50,52,49,51,0,63,59,58,58,0,,,,,0,,,,75,79,78,72,70,68,78,0,84,71,73,85,0,False,,,0,,,,,,0,50,power_sp,
P5606,Jose,Rodriguez,2004-07-06,73,240,Hispanic,medium,black,goatee,L,P,,1,RP,RP,,,,,49,,,,50,52,49,50,53,50,53,0,60,63,62,0,0,,,,,0,,,,77,62,62,79,73,67,75,0,70,76,88,0,0,False,,,0,,,,,,0,50,power_rp,
P4550,Juan,Diaz,2005-08-29,78,200,Hispanic,medium,black,clean_shaven,R,P,,1,RP,SP,,,,,52,,,,50,53,52,52,52,52,51,0,61,0,62,0,0,,,,,0,,,,72,81,81,69,69,66,70,0,80,0,77,0,0,False,,,0,,,,,,0,50,groundball_sp,
P1515,Pedro,Gomez,2006-10-17,72,174,Hispanic,dark,brown,clean_shaven,R,P,,1,RP,SP,,,,,52,,,,49,49,53,53,52,50,50,59,63,0,59,0,0,,,,,0,,,,73,70,66,79,64,64,73,80,79,0,79,0,0,False,,,0,,,,,,0,50,finesse_sp,
P2048,Leroy,Gaines,2006-09-30,75,228,African,medium,black,goatee,R,SS,,0,,,49,53,53,48,48,48,57,49,49,49,,,,,,,,,,,,66,63,78,62,48,0,0,49,66,69,,,,,,,,,,,,False,,,0,,,,,,0,50,,balanced
P1407,Jose,Martinez,2004-06-30,68,161,Hispanic,dark,black,mustache,R,2B,,0,,,69,52,52,54,49,52,55,51,49,51,,,,,,,,,,,,87,76,68,70,49,0,0,51,72,66,,,,,,,,,,,,False,,,0,,,,,,0,50,,spray
P2167,Jose,Castillo,2007-04-06,68,195,Hispanic,medium,brown,clean_shaven,L,C,,0,,,53,48,84,53,49,49,52,48,50,52,,,,,,,,,,,,79,64,99,79,49,0,0,48,75,79,,,,,,,,,,,,False,,,0,,,,,,0,50,,speed
P1685,Luis,Cruz,2005-11-16,68,197,Hispanic,light,blonde,mustache,R,2B,,0,,,52,51,85,53,50,50,54,52,52,51,,,,,,,,,,,,80,65,97,75,50,0,0,52,73,78,,,,,,,,,,,,False,,,0,,,,,,0,50,,elite_speed
P9134,Cedric,Harris,2006-04-07,75,191,African,dark,black,mustache,S,CF,,0,,,53,50,53,52,50,48,52,48,49,49,,,,,,,,,,,,80,80,77,76,50,0,0,48,60,65,,,,,,,,,,,,False,,,0,,,,,,0,50,,gap
P5895,Rufus,Harris,2000-09-10,71,214,African,dark,black,clean_shaven,R,P,,1,RP,CL,,,,,55,,,,51,53,47,50,54,49,53,0,0,65,0,0,0,,,,,0,,,,63,61,56,66,60,62,64,0,0,78,0,0,0,False,,,0,,,,,,0,50,closer,
P6149,Francisco,Delgado,1989-05-14,69,241,Hispanic,medium,black,beard,L,P,,1,RP,SP,,,,,49,,,,50,52,53,50,52,50,54,58,59,63,54,0,0,,,,,0,,,,45,44,49,48,44,46,52,53,57,60,53,0,0,False,,,0,,,,,,0,50,power_sp,
P7853,Jorge,Gonzalez,1988-12-18,71,212,Hispanic,medium,brown,clean_shaven,R,P,,1,RP,SP,,,,,49,,,,50,49,51,52,52,51,53,0,62,58,0,0,0,,,,,0,,,,49,42,47,44,49,50,47,0,52,55,0,0,0,False,,,0,,,,,,0,50,workhorse_sp,
P5179,Rodger,Net,1997-10-05,74,235,Anglo,light,blonde,beard,S,P,,1,RP,SP,,,,,48,,,,53,51,51,50,52,48,52,0,59,62,0,0,0,,,,,0,,,,55,46,50,55,46,48,47,0,63,67,0,0,0,False,,,0,,,,,,0,50,workhorse_sp,
P7197,Kraig,Jabiro,1990-10-24,73,247,Anglo,light,blonde,beard,L,P,,1,RP,RP,,,,,53,,,,52,50,50,52,52,49,49,58,62,0,0,0,0,,,,,0,,,,51,42,49,42,46,49,39,49,62,0,0,0,0,False,,,0,,,,,,0,50,finesse_rp,
P3025,Rufus,Robinson,1990-02-23,75,183,African,dark,black,mustache,L,P,,1,RP,SP,,,,,50,,,,48,50,53,50,53,49,54,0,62,59,0,0,0,,,,,0,,,,40,41,50,48,52,44,53,0,57,56,0,0,0,False,,,0,,,,,,0,50,power_sp,
P7239,Fernando,Vasquez,1997-05-16,78,235,Hispanic,dark,black,clean_shaven,R,P,,1,RP,SP,,,,,51,,,,52,52,52,51,53,52,49,62,59,58,54,0,0,,,,,0,,,,57,48,48,57,53,57,49,57,64,56,58,0,0,False,,,0,,,,,,0,50,balanced_sp,
P4599,Juan,Guerrero,2000-04-04,74,243,Hispanic,medium,black,mustache,R,P,,1,RP,RP,,,,,51,,,,52,54,50,51,54,52,52,0,62,0,0,0,0,,,,,0,,,,61,69,57,66,62,66,64,0,75,0,0,0,0,False,,,0,,,,,,0,50,power_rp,
P2331,Jermaine,King,1991-04-21,75,191,African,dark,black,clean_shaven,L,P,,1,RP,RP,,,,,49,,,,52,49,50,54,54,52,52,0,63,0,0,0,0,,,,,0,,,,42,41,50,47,40,43,48,0,61,0,0,0,0,False,,,0,,,,,,0,50,finesse_rp,
P2990,Man,Gabaree,1996-02-22,77,223,Anglo,medium,blonde,beard,R,P,,1,RP,CL,,,,,51,,,,52,52,51,50,53,52,56,0,0,65,0,0,0,,,,,0,,,,51,53,47,50,53,49,54,0,0,63,0,0,0,False,,,0,,,,,,0,50,closer,
P2694,Percy,Harris,1995-10-30,71,203,African,dark,black,goatee,L,P,,1,RP,SP,,,,,48,,,,50,51,51,50,52,48,50,61,60,59,55,0,0,,,,,0,,,,55,48,50,52,51,43,45,64,57,64,59,0,0,False,,,0,,,,,,0,50,power_sp,
P2572,Scott,Bourgois,2003-11-07,72,168,Anglo,light,red,clean_shaven,L,C,,0,,,53,54,51,52,48,50,47,52,51,50,,,,,,,,,,,,65,65,66,60,48,0,0,52,66,59,,,,,,,,,,,,False,,,0,,,,,,0,50,,gap
P1063,Van,Servedio,1988-07-31,69,195,Anglo,light,brown,goatee,R,1B,,0,,,64,51,51,53,52,52,51,52,50,50,,,,,,,,,,,,57,46,45,44,52,0,0,52,50,49,,,,,,,,,,,,False,,,0,,,,,,0,50,,spray
P1769,Malik,Gaines,2002-11-29,75,171,African,dark,black,clean_shaven,L,2B,,0,,,56,48,51,55,52,47,51,49,49,51,,,,,,,,,,,,65,58,60,69,52,0,0,49,59,62,,,,,,,,,,,,False,,,0,,,,,,0,50,,spray
P1268,Miguel,Rodriguez,1997-09-21,76,188,Hispanic,medium,black,goatee,R,3B,,0,,,49,60,51,48,48,51,59,52,51,50,,,,,,,,,,,,51,63,54,53,48,0,0,52,54,46,,,,,,,,,,,,False,,,0,,,,,,0,50,,power
P3139,Cedric,Gaines,1995-06-16,77,182,African,medium,black,clean_shaven,R,SS,,0,,,51,53,50,50,48,52,59,52,50,49,,,,,,,,,,,,54,58,45,53,48,0,0,52,49,53,,,,,,,,,,,,False,,,0,,,,,,0,50,,average
P8280,Jermaine,Green,1988-05-15,78,216,African,dark,black,clean_shaven,L,LF,,0,,,51,58,51,51,50,52,50,53,50,51,,,,,,,,,,,,42,54,45,45,50,0,0,53,48,46,,,,,,,,,,,,False,,,0,,,,,,0,50,,gap
P5764,Kendrick,Denogean,1988-05-24,74,230,Anglo,light,black,beard,R,CF,SS,0,,,50,50,52,49,53,48,50,49,50,50,,,,,,,,,,,,50,49,43,48,53,0,0,49,44,43,,,,,,,,,,,,False,,,0,,,,,,0,50,,balanced
P2777,Juan,Ramos,1992-05-09,74,163,Hispanic,dark,blonde,beard,L,RF,,0,,,51,48,51,51,50,49,49,52,48,49,,,,,,,,,,,,51,44,46,50,50,0,0,52,47,49,,,,,,,,,,,,False,,,0,,,,,,0,50,,average
P1129,Percy,Robinson,1997-06-16,74,191,African,dark,black,clean_shaven,R,CF,,0,,,52,47,70,52,53,50,57,48,48,52,,,,,,,,,,,,53,44,75,53,53,0,0,48,53,53,,,,,,,,,,,,False,,,0,,,,,,0,50,,speed
P3799,Percy,Young,1993-05-31,76,164,African,dark,black,clean_shaven,R,C,,0,,,51,53,48,50,48,51,57,52,51,52,,,,,,,,,,,,42,51,41,46,48,0,0,52,43,46,,,,,,,,,,,,False,,,0,,,,,,0,50,,balanced
P3473,Jorge,Vasquez,2001-01-01,68,225,Hispanic,light,brown,clean_shaven,R,RF,,0,,,52,62,50,52,49,50,55,47,52,50,,,,,,,,,,,,57,76,63,62,49,0,0,47,59,57,,,,,,,,,,,,False,,,0,,,,,,0,50,,power
P1496,Luis,Diaz,1989-09-28,77,164,Hispanic,light,black,mustache,R,SS,,0,,,53,52,70,51,53,47,58,52,48,50,,,,,,,,,,,,50,46,63,45,53,0,0,52,41,46,,,,,,,,,,,,False,,,0,,,,,,0,50,,speed
P4046,Eduardo,Morales,1990-07-22,69,160,Hispanic,medium,blonde,clean_shaven,S,RF,,0,,,53,60,48,52,48,50,54,51,50,49,,,,,,,,,,,,46,59,46,50,48,0,0,51,50,45,,,,,,,,,,,,False,,,0,,,,,,0,50,,power
P9349,Leroy,Scott,1992-07-16,72,203,African,dark,brown,beard,L,1B,,0,,,49,54,53,48,49,51,46,51,48,51,,,,,,,,,,,,40,46,46,46,49,0,0,51,45,48,,,,,,,,,,,,False,,,0,,,,,,0,50,,balanced
P2229,Cornell,Hubbell,1996-11-21,71,194,Anglo,medium,brown,clean_shaven,R,P,,1,RP,CL,,,,,55,,,,50,50,50,50,52,53,52,0,0,65,0,0,0,,,,,0,,,,53,52,45,47,50,56,53,0,0,60,0,0,0,False,,,0,,,,,,0,50,closer,
P6627,Xavier,Washington,1997-05-18,68,209,African,dark,black,mustache,L,P,,1,RP,SP,,,,,50,,,,51,51,50,50,52,48,50,0,59,59,0,0,0,,,,,0,,,,48,54,48,49,45,53,50,0,61,55,0,0,0,False,,,0,,,,,,0,50,balanced_sp,
P3927,Cristopher,Kole,1997-05-26,74,217,Anglo,light,red,beard,R,P,,1,RP,RP,,,,,53,,,,51,51,51,52,54,50,50,0,60,0,0,0,0,,,,,0,,,,52,53,50,55,51,53,53,0,64,0,0,0,0,False,,,0,,,,,,0,50,finesse_rp,
P4424,Manuel,Gomez,1990-07-29,73,196,Hispanic,medium,red,mustache,R,P,,1,RP,RP,,,,,51,,,,51,49,51,52,52,49,53,61,61,0,0,54,0,,,,,0,,,,48,40,43,48,44,47,45,61,53,0,0,48,0,False,,,0,,,,,,0,50,finesse_rp,
P3509,Gregorio,Cadle,1997-04-06,73,248,Anglo,medium,black,beard,L,P,,1,RP,RP,,,,,50,,,,49,49,52,50,53,49,51,57,62,0,0,0,0,,,,,0,,,,49,46,45,52,51,46,47,52,60,0,0,0,0,False,,,0,,,,,,0,50,finesse_rp,
P4890,Francesco,Camferdam,1993-10-30,73,194,Anglo,light,black,clean_shaven,R,P,,1,RP,SP,,,,,54,,,,51,50,51,50,54,53,52,62,61,61,59,0,0,,,,,0,,,,51,45,50,45,49,45,51,56,59,57,57,0,0,False,,,0,,,,,,0,50,groundball_sp,
P9204,Erin,Tencer,1997-06-02,77,250,Anglo,light,black,clean_shaven,L,P,,1,RP,RP,,,,,53,,,,52,52,52,51,54,51,53,58,62,0,0,55,0,,,,,0,,,,53,52,48,50,49,48,48,57,67,0,0,60,0,False,,,0,,,,,,0,50,finesse_rp,
P9932,Alejandro,Hernandez,1996-06-09,68,199,Hispanic,dark,black,clean_shaven,R,LF,,0,,,49,50,52,50,49,50,59,51,50,49,,,,,,,,,,,,52,54,57,48,49,0,0,51,54,54,,,,,,,,,,,,False,,,0,,,,,,0,50,,average
P3199,Eduardo,Vasquez,2003-10-19,69,247,Hispanic,light,brown,goatee,R,LF,,0,,,53,61,50,53,48,50,57,48,49,52,,,,,,,,,,,,64,76,62,58,48,0,0,48,54,66,,,,,,,,,,,,False,,,0,,,,,,0,50,,power
P8529,Rafael,Martinez,1995-01-03,69,248,Hispanic,medium,brown,mustache,S,C,,0,,,51,52,49,50,51,52,51,49,50,50,,,,,,,,,,,,50,47,52,54,51,0,0,49,55,49,,,,,,,,,,,,False,,,0,,,,,,0,50,,average
P2203,Shawn,Peralto,2002-05-29,76,167,Anglo,light,brown,mustache,R,LF,,0,,,52,50,50,51,49,51,57,49,52,49,,,,,,,,,,,,64,63,55,66,49,0,0,49,59,64,,,,,,,,,,,,False,,,0,,,,,,0,50,,average
P6449,Antonio,Hernandez,2004-12-20,77,198,Hispanic,light,brown,clean_shaven,R,RF,,0,,,53,61,50,51,51,50,57,49,48,51,,,,,,,,,,,,69,80,71,73,51,0,0,49,68,71,,,,,,,,,,,,False,,,0,,,,,,0,50,,power
P8523,Jorge,Delgado,1988-12-13,72,202,Hispanic,light,blonde,beard,R,LF,,0,,,54,64,51,50,48,50,56,52,50,49,,,,,,,,,,,,46,63,45,45,48,0,0,52,40,49,,,,,,,,,,,,False,,,0,,,,,,0,50,,power
P5678,John,Shatswell,1988-01-08,69,218,Anglo,light,brown,goatee,R,C,,0,,,52,50,49,51,49,51,58,48,50,48,,,,,,,,,,,,50,43,49,46,49,0,0,48,41,42,,,,,,,,,,,,False,,,0,,,,,,0,50,,average
P5439,Rigoberto,Minert,1990-03-14,69,227,Anglo,light,brown,goatee,S,2B,,0,,,57,49,50,54,48,52,52,51,51,52,,,,,,,,,,,,57,49,43,54,48,0,0,51,46,45,,,,,,,,,,,,False,,,0,,,,,,0,50,,balanced
P1448,Luke,Glessner,2006-09-05,75,229,Anglo,dark,brown,clean_shaven,L,P,,1,RP,CL,,,,,55,,,,52,53,48,51,52,50,54,0,0,66,0,0,0,,,,,0,,,,77,74,81,70,60,70,68,0,0,92,0,0,0,False,,,0,,,,,,0,50,closer,
P2820,Malik,Washington,2007-11-02,71,240,African,dark,black,clean_shaven,R,P,,1,RP,SP,,,,,50,,,,48,52,51,53,53,50,51,60,59,63,56,0,0,,,,,0,,,,65,69,66,71,64,68,62,84,69,75,82,0,0,False,,,0,,,,,,0,50,workhorse_sp,
P6671,Xavier,Baker,2007-05-17,77,225,African,medium,black,mustache,R,P,,1,RP,RP,,,,,56,,,,48,53,52,50,52,51,53,0,57,66,59,0,0,,,,,0,,,,64,63,76,72,73,66,82,0,76,91,83,0,0,False,,,0,,,,,,0,50,groundball_rp,
P6297,Olen,Spirer,2006-10-13,74,181,Anglo,light,black,clean_shaven,R,P,,1,RP,RP,,,,,52,,,,49,49,48,52,52,53,52,60,59,0,0,0,0,,,,,0,,,,69,70,78,78,76,64,71,88,79,0,0,0,0,False,,,0,,,,,,0,50,finesse_rp,
P5339,Leroy,King,2004-07-20,77,243,African,dark,black,clean_shaven,R,P,,1,RP,RP,,,,,51,,,,50,51,47,52,53,51,52,57,61,0,63,0,0,,,,,0,,,,65,76,78,71,59,73,81,85,83,0,85,0,0,False,,,0,,,,,,0,50,finesse_rp,
P2247,Miguel,Cruz,2006-06-03,70,198,Hispanic,light,brown,clean_shaven,L,2B,,0,,,52,52,50,52,53,49,47,52,52,50,,,,,,,,,,,,66,67,80,68,53,0,0,52,80,63,,,,,,,,,,,,False,,,0,,,,,,0,50,,average
P2068,Ricardo,Ortiz,2006-05-07,75,219,Hispanic,light,black,clean_shaven,L,RF,,0,,,51,59,52,50,50,52,50,51,49,54,,,,,,,,,,,,73,77,64,63,50,0,0,51,77,79,,,,,,,,,,,,False,,,0,,,,,,0,50,,power
P1218,German,Vence,2007-01-18,73,229,Anglo,light,black,clean_shaven,R,1B,,0,,,48,63,49,50,49,52,57,52,51,48,,,,,,,,,,,,64,88,69,66,49,0,0,52,78,69,,,,,,,,,,,,False,,,0,,,,,,0,50,,power
P3697,Cedric,Taylor,2007-09-04,74,207,African,dark,black,clean_shaven,R,1B,,0,,,52,60,51,49,51,54,55,49,50,48,,,,,,,,,,,,63,84,64,62,51,0,0,49,80,61,,,,,,,,,,,,False,,,0,,,,,,0,50,,power
P8508,Xavier,King,2007-01-31,70,193,African,dark,black,clean_shaven,R,SS,,0,,,49,52,78,51,54,50,59,50,50,47,,,,,,,,,,,,72,69,99,67,54,0,0,50,76,77,,,,,,,,,,,,False,,,0,,,,,,0,50,,speed
P1874,Reinaldo,Pilgreen,1996-12-21,78,212,Anglo,medium,blonde,clean_shaven,R,P,,1,RP,CL,,,,,55,,,,49,52,47,50,52,52,52,57,59,65,0,0,0,,,,,0,,,,45,52,52,53,46,52,49,52,58,60,0,0,0,False,,,0,,,,,,0,50,closer,
P8075,Antonio,Castillo,1990-01-12,74,182,Hispanic,light,black,clean_shaven,L,P,,1,RP,SP,,,,,51,,,,52,52,51,50,52,53,52,0,61,62,56,0,0,,,,,0,,,,43,52,49,44,43,43,50,0,57,57,50,0,0,False,,,0,,,,,,0,50,power_sp,
P4966,Tyrone,Jackson,1997-10-15,78,242,African,dark,brown,beard,S,P,,1,RP,SP,,,,,50,,,,50,53,52,50,54,52,52,61,59,62,59,0,0,,,,,0,,,,46,52,45,56,55,50,53,56,62,62,55,0,0,False,,,0,,,,,,0,50,balanced_sp,
P4632,Agustin,Barillaro,1997-12-25,73,201,Anglo,medium,red,mustache,R,P,,1,RP,LR,,,,,51,,,,48,50,52,51,53,48,50,60,60,66,0,0,0,,,,,0,,,,53,55,55,52,53,46,48,61,64,69,0,0,0,False,,,0,,,,,,0,50,long_relief,
P5358,Jermaine,Walker,2001-02-19,68,194,African,dark,black,clean_shaven,R,P,,1,RP,SP,,,,,51,,,,52,53,53,50,52,49,50,0,59,63,56,0,0,,,,,0,,,,58,58,56,65,58,59,59,0,69,77,65,0,0,False,,,0,,,,,,0,50,power_sp,
P3269,Tyrell,Leonpacher,1998-06-23,71,161,Anglo,light,brown,clean_shaven,R,P,,1,RP,SP,,,,,48,,,,53,48,52,51,52,51,53,60,0,59,0,0,0,,,,,0,,,,62,63,60,59,61,64,60,75,0,65,0,0,0,False,,,0,,,,,,0,50,workhorse_sp,
P5858,Fernando,Castillo,2004-09-20,76,226,Hispanic,light,black,clean_shaven,R,P,,1,RP,SP,,,,,51,,,,48,49,50,52,54,48,51,60,62,60,59,0,0,,,,,0,,,,62,72,65,73,77,71,66,80,75,75,73,0,0,False,,,0,,,,,,0,50,workhorse_sp,
P3914,Albert,Bertagnolli,1995-03-24,69,214,Anglo,light,black,clean_shaven,R,P,,1,RP,SP,,,,,51,,,,49,54,50,50,53,51,54,61,59,62,0,54,0,,,,,0,,,,49,52,45,49,48,47,59,61,56,61,0,50,0,False,,,0,,,,,,0,50,power_sp,
P7667,Raul,Castillo,1992-07-21,75,169,Hispanic,light,blonde,clean_shaven,L,P,,1,RP,RP,,,,,52,,,,51,54,52,53,54,53,55,0,64,67,63,0,0,,,,,0,,,,43,49,52,50,48,45,54,0,58,64,60,0,0,False,,,0,,,,,,0,50,power_rp,
P9982,Raul,Gomez,2004-09-10,73,206,Hispanic,medium,brown,clean_shaven,L,P,,1,RP,RP,,,,,56,,,,49,50,52,50,52,53,51,0,58,63,62,0,0,,,,,0,,,,62,67,64,82,63,72,72,0,83,74,77,0,0,False,,,0,,,,,,0,50,groundball_rp,
P8930,Darnell,Scott,1995-03-08,75,185,African,medium,brown,clean_shaven,R,P,,1,RP,SP,,,,,48,,,,49,51,51,52,52,53,54,0,60,63,59,0,0,,,,,0,,,,52,49,57,53,50,54,51,0,61,60,60,0,0,False,,,0,,,,,,0,50,power_sp,
P2707,Rufus,Allen,2002-02-12,74,204,African,dark,black,clean_shaven,R,C,,0,,,53,54,50,51,51,50,56,49,53,51,,,,,,,,,,,,61,60,56,65,51,0,0,49,65,59,,,,,,,,,,,,False,,,0,,,,,,0,50,,average
P9231,Gerald,Gangestad,1993-02-01,71,171,Anglo,light,black,clean_shaven,R,1B,,0,,,55,54,54,48,47,50,54,51,51,49,,,,,,,,,,,,49,50,52,43,47,0,0,51,45,48,,,,,,,,,,,,False,,,0,,,,,,0,50,,gap
P2720,Alejandro,Diaz,1988-03-25,74,213,Hispanic,light,brown,beard,R,2B,,0,,,56,49,70,55,49,48,55,50,50,49,,,,,,,,,,,,48,47,60,46,49,0,0,50,44,48,,,,,,,,,,,,False,,,0,,,,,,0,50,,speed
P1280,Leroy,Green,1993-08-13,78,167,African,dark,black,clean_shaven,L,3B,,0,,,50,51,85,52,49,52,50,51,50,49,,,,,,,,,,,,47,41,75,50,49,0,0,51,40,44,,,,,,,,,,,,False,,,0,,,,,,0,50,,elite_speed
P2780,Deshawn,Gaines,2004-01-16,68,247,African,dark,black,clean_shaven,S,SS,,0,,,51,46,93,52,53,51,53,52,52,52,,,,,,,,,,,,59,53,99,63,53,0,0,52,65,59,,,,,,,,,,,,False,,,0,,,,,,0,50,,speed
P6381,Jefferson,Constante,2000-05-08,72,171,Anglo,light,black,clean_shaven,S,LF,,0,,,52,51,49,50,49,53,54,49,52,49,,,,,,,,,,,,66,65,60,65,49,0,0,49,58,64,,,,,,,,,,,,False,,,0,,,,,,0,50,,average
P9553,Tommy,Hanlon,2001-06-14,76,221,Anglo,medium,black,beard,L,CF,RF,0,,,53,51,52,53,51,49,43,48,49,53,,,,,,,,,,,,65,56,57,58,51,0,0,48,63,62,,,,,,,,,,,,False,,,0,,,,,,0,50,,balanced
P3122,Rufus,White,1996-12-02,76,210,African,dark,black,clean_shaven,L,RF,,0,,,52,48,48,53,48,52,50,50,47,49,,,,,,,,,,,,56,50,53,52,48,0,0,50,43,45,,,,,,,,,,,,False,,,0,,,,,,0,50,,average
P4666,Lanny,Sonkin,2002-08-28,78,223,Anglo,light,brown,goatee,S,LF,RF,0,,,56,49,52,52,50,48,53,51,52,50,,,,,,,,,,,,65,57,63,63,50,0,0,51,58,61,,,,,,,,,,,,False,,,0,,,,,,0,50,,spray
P9873,Miguel,Ramos,1993-06-01,75,191,Hispanic,light,black,goatee,R,C,,0,,,53,51,48,52,52,53,57,52,49,49,,,,,,,,,,,,52,50,46,51,52,0,0,52,47,39,,,,,,,,,,,,False,,,0,,,,,,0,50,,balanced
P4691,Dewayne,Kuhr,2004-12-14,74,243,Anglo,dark,brown,goatee,R,C,,0,,,66,53,48,53,53,49,57,49,52,50,,,,,,,,,,,,88,80,75,81,53,0,0,49,82,64,,,,,,,,,,,,False,,,0,,,,,,0,50,,spray
P2642,Newton,Schuetz,1998-05-15,72,246,Anglo,light,blonde,beard,R,2B,,0,,,58,57,52,53,52,50,58,51,48,49,,,,,,,,,,,,73,63,60,59,52,0,0,51,62,61,,,,,,,,,,,,False,,,0,,,,,,0,50,,gap
P4334,Todd,Denoyer,1987-07-30,69,208,Anglo,light,blonde,beard,L,CF,RF,0,,,49,49,49,50,53,53,44,52,48,49,,,,,,,,,,,,42,40,46,49,53,0,0,52,45,46,,,,,,,,,,,,False,,,0,,,,,,0,50,,average
P5021,Francisco,Lopez,1990-10-24,69,187,Hispanic,medium,black,clean_shaven,R,2B,,0,,,60,52,52,54,51,47,56,52,52,51,,,,,,,,,,,,59,46,44,53,51,0,0,52,52,50,,,,,,,,,,,,False,,,0,,,,,,0,50,,spray
P5177,Donovan,Pencek,1998-09-19,68,220,Anglo,light,black,clean_shaven,R,P,,1,RP,CL,,,,,55,,,,52,54,50,52,52,52,53,57,60,65,0,0,0,,,,,0,,,,59,67,64,64,60,64,63,64,65,77,0,0,0,False,,,0,,,,,,0,50,closer,
P3024,Jermaine,White,2002-11-11,76,179,African,dark,black,mustache,L,P,,1,RP,SP,,,,,48,,,,49,52,51,51,54,50,54,62,61,60,55,0,0,,,,,0,,,,58,62,56,64,61,55,66,75,67,71,63,0,0,False,,,0,,,,,,0,50,balanced_sp,
P5611,Hector,Reyes,1998-05-03,74,200,Hispanic,medium,brown,clean_shaven,L,P,,1,RP,LR,,,,,53,,,,49,49,51,50,52,48,54,58,61,65,0,0,0,,,,,0,,,,59,63,62,66,57,55,60,73,73,70,0,0,0,False,,,0,,,,,,0,50,long_relief,
P5795,Alejandro,Ortiz,1995-06-15,75,232,Hispanic,light,blonde,goatee,R,P,,1,RP,RP,,,,,51,,,,49,53,50,50,52,50,49,58,0,0,0,0,0,,,,,0,,,,51,51,49,53,54,55,53,55,0,0,0,0,0,False,,,0,,,,,,0,50,finesse_rp,
P2197,Merrill,Lowy,1995-10-01,68,184,Anglo,light,brown,beard,L,P,,1,RP,LR,,,,,51,,,,50,49,51,51,53,52,53,57,0,0,0,0,0,,,,,0,,,,53,50,52,57,51,56,55,55,0,0,0,0,0,False,,,0,,,,,,0,50,long_relief,
P5007,Tyrone,Robinson,2001-09-19,71,214,African,dark,black,clean_shaven,R,P,,1,RP,SP,,,,,50,,,,49,50,54,51,52,49,51,61,61,60,0,0,0,,,,,0,,,,60,61,66,59,66,56,57,66,71,71,0,0,0,False,,,0,,,,,,0,50,power_sp,
P5578,Rufus,Gaines,1988-11-22,70,207,African,dark,black,beard,L,P,,1,RP,RP,,,,,49,,,,50,53,52,51,52,50,50,61,60,0,62,0,0,,,,,0,,,,49,46,51,46,42,40,46,60,58,0,58,0,0,False,,,0,,,,,,0,50,finesse_rp,
P9195,Jewel,Nesseth,1992-04-11,74,187,Anglo,light,red,clean_shaven,R,SS,,0,,,52,51,52,51,48,49,55,48,47,51,,,,,,,,,,,,45,49,44,49,48,0,0,48,41,43,,,,,,,,,,,,False,,,0,,,,,,0,50,,average
P7217,Hassan,Prehoda,1992-11-19,77,240,Anglo,light,black,goatee,R,1B,RF,0,,,52,56,52,50,50,51,52,52,51,52,,,,,,,,,,,,48,47,46,50,50,0,0,52,48,45,,,,,,,,,,,,False,,,0,,,,,,0,50,,balanced
P2915,Darnell,Allen,1999-03-22,75,238,African,light,black,clean_shaven,R,CF,,0,,,63,61,53,53,51,51,54,50,51,49,,,,,,,,,,,,72,69,58,61,51,0,0,50,65,54,,,,,,,,,,,,False,,,0,,,,,,0,50,,gap
P1830,Johnnie,Kinaj,1994-01-03,76,233,Anglo,medium,red,beard,L,1B,,0,,,50,60,50,49,50,50,45,53,51,48,,,,,,,,,,,,42,56,46,45,50,0,0,53,50,48,,,,,,,,,,,,False,,,0,,,,,,0,50,,power
P8472,Daron,Harmison,2000-12-14,74,200,Anglo,light,blonde,beard,R,SS,,0,,,51,53,49,50,49,51,56,52,52,47,,,,,,,,,,,,57,59,56,60,49,0,0,52,61,52,,,,,,,,,,,,False,,,0,,,,,,0,50,,balanced
P4413,Manuel,Sanchez,2004-08-11,69,250,Hispanic,medium,black,clean_shaven,S,C,,0,,,50,53,49,49,50,52,51,49,53,48,,,,,,,,,,,,79,65,68,61,50,0,0,49,70,75,,,,,,,,,,,,False,,,0,,,,,,0,50,,balanced
P2408,Eduardo,Cruz,1987-06-12,69,211,Hispanic,light,red,mustache,R,C,,0,,,53,52,51,53,48,50,59,50,52,48,,,,,,,,,,,,46,46,44,53,48,0,0,50,51,47,,,,,,,,,,,,False,,,0,,,,,,0,50,,balanced
P9629,Felipe,Goodwater,2003-07-29,69,170,Anglo,light,blonde,clean_shaven,S,CF,,0,,,50,48,50,51,50,50,53,48,52,51,,,,,,,,,,,,60,59,63,62,50,0,0,48,65,58,,,,,,,,,,,,False,,,0,,,,,,0,50,,average
P5398,Jorge,Reyes,2004-03-17,72,232,Hispanic,light,brown,clean_shaven,L,P,,1,RP,CL,,,,,55,,,,51,53,49,50,52,52,55,58,0,65,0,0,0,,,,,0,,,,62,83,70,68,76,70,65,78,0,92,0,0,0,False,,,0,,,,,,0,50,closer,
P3308,Jamal,Walker,2006-10-07,73,168,African,dark,brown,clean_shaven,R,P,,1,RP,SP,,,,,53,,,,51,53,50,50,53,49,50,60,0,58,0,0,0,,,,,0,,,,70,77,65,82,71,60,64,78,0,83,0,0,0,False,,,0,,,,,,0,50,balanced_sp,
P3804,Jarrett,Faulkner,2008-01-25,77,202,Anglo,light,black,mustache,L,P,,1,RP,RP,,,,,53,,,,52,53,50,53,52,53,53,0,58,0,59,0,0,,,,,0,,,,64,81,71,76,77,81,71,0,70,0,70,0,0,False,,,0,,,,,,0,50,groundball_rp,
P9045,Shane,Polselli,2006-05-02,71,212,Anglo,dark,blonde,clean_shaven,L,P,,1,RP,LR,,,,,53,,,,52,52,51,50,53,51,53,0,59,0,0,0,0,,,,,0,,,,74,76,60,80,78,73,71,0,69,0,0,0,0,False,,,0,,,,,,0,50,long_relief,
P5573,Abraham,Slane,2007-09-16,68,235,Anglo,light,blonde,clean_shaven,R,P,,1,RP,SP,,,,,52,,,,49,49,52,50,54,52,49,63,60,60,0,55,0,,,,,0,,,,71,69,75,65,73,68,60,78,87,85,0,77,0,False,,,0,,,,,,0,50,finesse_sp,
P9251,Hector,Sanchez,2004-03-12,69,248,Hispanic,medium,red,clean_shaven,R,2B,,0,,,50,48,85,49,51,48,60,49,49,52,,,,,,,,,,,,75,77,99,79,51,0,0,49,67,81,,,,,,,,,,,,False,,,0,,,,,,0,50,,elite_speed
P4163,Russell,Read,2007-08-30,76,245,Anglo,dark,black,clean_shaven,R,LF,,0,,,51,59,51,50,49,51,55,50,51,53,,,,,,,,,,,,64,89,65,60,49,0,0,50,61,82,,,,,,,,,,,,False,,,0,,,,,,0,50,,power
P9169,Cedric,Jefferson,2007-10-29,76,218,African,dark,black,mustache,R,RF,,0,,,56,53,51,54,50,52,57,50,51,49,,,,,,,,,,,,74,77,75,79,50,0,0,50,81,63,,,,,,,,,,,,False,,,0,,,,,,0,50,,gap
P7929,Fernando,Martinez,2004-04-23,73,203,Hispanic,light,black,clean_shaven,R,RF,,0,,,58,60,49,53,50,51,57,51,51,50,,,,,,,,,,,,82,79,75,76,50,0,0,51,71,72,,,,,,,,,,,,False,,,0,,,,,,0,50,,gap
P3299,Cedric,King,2005-09-12,69,169,African,dark,black,clean_shaven,R,RF,,0,,,53,50,50,49,51,48,54,47,48,51,,,,,,,,,,,,67,61,69,77,51,0,0,47,78,70,,,,,,,,,,,,False,,,0,,,,,,0,50,,average
P1058,Scot,Mccarter,1988-09-19,70,182,Anglo,medium,brown,clean_shaven,S,P,,1,RP,CL,,,,,55,,,,49,53,50,50,52,50,53,61,0,65,0,0,0,,,,,0,,,,43,49,47,42,48,49,50,57,0,57,0,0,0,False,,,0,,,,,,0,50,closer,
P7796,Cedric,Jackson,1989-08-21,77,247,African,light,black,clean_shaven,L,P,,1,RP,SP,,,,,52,,,,52,52,50,53,52,49,52,0,60,59,0,56,0,,,,,0,,,,43,46,53,50,48,41,42,0,50,57,0,46,0,False,,,0,,,,,,0,50,power_sp,
P9035,Darnell,White,1993-07-05,78,235,African,medium,black,clean_shaven,R,P,,1,RP,SP,,,,,47,,,,50,50,50,52,52,49,49,61,60,0,0,0,0,,,,,0,,,,40,46,44,51,40,45,44,59,51,0,0,0,0,False,,,0,,,,,,0,50,finesse_sp,
P7002,Tod,Violett,1997-01-30,69,245,Anglo,light,brown,clean_shaven,L,P,,1,RP,SP,,,,,52,,,,53,48,52,54,53,52,51,62,63,62,59,0,0,,,,,0,,,,57,53,52,51,54,53,53,66,59,61,55,0,0,False,,,0,,,,,,0,50,finesse_sp,
P3155,Marco,Skarke,2002-11-07,72,194,Anglo,medium,brown,clean_shaven,R,P,,1,RP,RP,,,,,50,,,,48,52,50,52,52,50,51,58,0,0,0,0,0,,,,,0,,,,55,67,67,62,59,65,66,68,0,0,0,0,0,False,,,0,,,,,,0,50,finesse_rp,
P3345,Xavier,Mitchell,1993-01-20,68,195,African,dark,black,clean_shaven,L,P,,1,RP,SP,,,,,51,,,,50,50,52,52,53,50,53,0,59,61,0,56,0,,,,,0,,,,41,48,50,45,45,41,47,0,56,53,0,51,0,False,,,0,,,,,,0,50,power_sp,
P4579,Tyrone,Washington,1988-12-18,71,247,African,dark,black,beard,L,P,,1,RP,SP,,,,,49,,,,49,53,50,51,54,52,50,0,63,61,0,56,0,,,,,0,,,,44,44,44,51,48,48,49,0,61,52,0,55,0,False,,,0,,,,,,0,50,power_sp,
P1258,Reed,Hohiudden,1992-10-03,71,174,Anglo,dark,brown,clean_shaven,R,P,,1,RP,SP,,,,,50,,,,49,50,52,53,52,50,53,58,60,62,0,54,0,,,,,0,,,,40,40,52,52,51,47,43,52,54,59,0,51,0,False,,,0,,,,,,0,50,balanced_sp,
P5113,Hector,Mendoza,1996-02-04,78,177,Hispanic,medium,brown,mustache,R,P,,1,RP,RP,,,,,54,,,,50,52,48,51,52,49,54,60,0,0,63,0,0,,,,,0,,,,55,54,51,51,52,44,49,60,0,0,60,0,0,False,,,0,,,,,,0,50,groundball_rp,
P5560,Alejandro,Lopez,1990-04-29,73,162,Hispanic,dark,black,goatee,R,P,,1,RP,RP,,,,,51,,,,51,53,52,51,52,53,53,58,0,0,0,0,0,,,,,0,,,,50,43,45,49,50,46,48,50,0,0,0,0,0,False,,,0,,,,,,0,50,finesse_rp,
P8825,Miguel,Gomez,2004-09-12,77,211,Hispanic,medium,black,goatee,R,P,,1,RP,SP,,,,,49,,,,52,49,52,52,53,49,52,62,62,62,0,54,0,,,,,0,,,,82,76,62,81,62,66,63,81,73,88,0,64,0,False,,,0,,,,,,0,50,balanced_sp,
P1238,Ariel,Bossen,1993-08-02,77,171,Anglo,light,brown,beard,R,C,,0,,,50,51,77,51,52,46,59,52,51,50,,,,,,,,,,,,44,43,69,49,52,0,0,52,41,40,,,,,,,,,,,,False,,,0,,,,,,0,50,,speed
P2009,Tom,Vlach,1994-01-07,77,238,Anglo,light,black,clean_shaven,R,1B,,0,,,54,59,49,53,47,49,53,50,53,51,,,,,,,,,,,,45,57,44,53,47,0,0,50,48,43,,,,,,,,,,,,False,,,0,,,,,,0,50,,gap
P7317,Marshall,Griffis,1991-05-25,74,222,Anglo,light,black,clean_shaven,L,2B,,0,,,58,50,50,54,52,49,50,52,49,51,,,,,,,,,,,,53,48,45,53,52,0,0,52,41,47,,,,,,,,,,,,False,,,0,,,,,,0,50,,balanced
P7811,Jorge,Perez,1999-01-06,74,193,Hispanic,medium,black,clean_shaven,R,3B,,0,,,51,48,49,52,47,50,56,52,52,48,,,,,,,,,,,,61,53,55,58,47,0,0,52,64,63,,,,,,,,,,,,False,,,0,,,,,,0,50,,average
P5765,Jermaine,Mitchell,2003-07-21,72,170,African,dark,black,clean_shaven,R,SS,,0,,,50,50,87,51,49,48,55,52,51,50,,,,,,,,,,,,55,63,93,61,49,0,0,52,61,60,,,,,,,,,,,,False,,,0,,,,,,0,50,,speed
P2067,Tyrone,Gaines,1990-02-19,70,168,African,dark,black,mustache,R,LF,,0,,,61,52,52,53,52,48,55,51,52,50,,,,,,,,,,,,61,42,44,43,52,0,0,51,50,42,,,,,,,,,,,,False,,,0,,,,,,0,50,,spray
P6678,Rufus,Washington,2000-09-25,78,219,African,light,black,goatee,L,CF,,0,,,53,50,51,52,49,49,49,49,51,50,,,,,,,,,,,,68,55,62,59,49,0,0,49,65,59,,,,,,,,,,,,False,,,0,,,,,,0,50,,balanced
P8592,Fernando,Gomez,1998-11-15,76,249,Hispanic,dark,brown,mustache,R,RF,,0,,,50,52,51,51,51,53,57,51,50,52,,,,,,,,,,,,62,60,65,60,51,0,0,51,60,62,,,,,,,,,,,,False,,,0,,,,,,0,50,,balanced
P1902,Manuel,Rodriguez,1994-04-04,72,233,Hispanic,light,black,goatee,S,CF,,0,,,50,49,70,51,53,50,50,48,49,51,,,,,,,,,,,,46,50,68,49,53,0,0,48,51,55,,,,,,,,,,,,False,,,0,,,,,,0,50,,speed
P8266,Curt,Jozsa,1998-07-27,76,230,Anglo,medium,blonde,clean_shaven,L,CF,,0,,,61,49,53,49,51,50,42,49,49,52,,,,,,,,,,,,74,58,64,61,51,0,0,49,54,63,,,,,,,,,,,,False,,,0,,,,,,0,50,,spray
P6306,Cedric,White,2003-07-21,76,223,African,medium,black,clean_shaven,R,SS,,0,,,54,48,53,50,49,51,59,51,50,47,,,,,,,,,,,,66,57,61,65,49,0,0,51,59,58,,,,,,,,,,,,False,,,0,,,,,,0,50,,spray
P7017,Juan,Vargas,2004-05-04,71,248,Hispanic,medium,black,clean_shaven,R,CF,,0,,,50,57,50,51,51,52,56,49,51,51,,,,,,,,,,,,62,68,66,62,51,0,0,49,62,79,,,,,,,,,,,,False,,,0,,,,,,0,50,,power
P5653,Will,Wiegard,2004-02-22,72,196,Anglo,light,black,goatee,R,C,,0,,,63,54,52,51,53,51,60,52,49,51,,,,,,,,,,,,76,59,63,63,53,0,0,52,63,56,,,,,,,,,,,,False,,,0,,,,,,0,50,,spray
P7177,Tyrone,Taylor,2001-04-30,74,247,African,dark,black,mustache,R,3B,,0,,,49,58,52,50,49,51,58,49,48,49,,,,,,,,,,,,55,69,67,63,49,0,0,49,56,59,,,,,,,,,,,,False,,,0,,,,,,0,50,,power
P7663,Jose,Gomez,1999-06-18,76,221,Hispanic,dark,blonde,clean_shaven,L,P,,1,RP,CL,,,,,55,,,,51,52,50,53,58,50,51,59,63,65,0,0,0,,,,,0,,,,59,60,63,68,62,56,58,71,69,77,0,0,0,False,,,0,,,,,,0,50,closer,
P1801,Malik,Carter,1989-11-10,74,199,African,dark,black,goatee,L,P,,1,RP,SP,,,,,51,,,,49,52,50,53,52,49,52,61,62,0,0,0,0,,,,,0,,,,39,51,45,44,47,45,43,52,58,0,0,0,0,False,,,0,,,,,,0,50,balanced_sp,
P9683,Malik,Allen,1992-01-12,70,228,African,dark,brown,clean_shaven,R,P,,1,RP,SP,,,,,48,,,,51,47,52,52,54,50,50,60,63,59,0,55,0,,,,,0,,,,41,38,48,45,45,40,42,52,61,51,0,55,0,False,,,0,,,,,,0,50,finesse_sp,
P4131,Fredrick,Wohlers,1991-11-03,71,203,Anglo,light,brown,clean_shaven,R,P,,1,RP,SP,,,,,53,,,,51,49,54,51,52,50,49,62,61,59,0,0,0,,,,,0,,,,50,40,44,44,53,50,48,62,60,50,0,0,0,False,,,0,,,,,,0,50,balanced_sp,
P9429,Carlos,Gonzalez,1993-05-18,75,183,Hispanic,medium,red,clean_shaven,L,P,,1,RP,RP,,,,,53,,,,49,50,51,51,53,52,51,0,61,66,0,0,0,,,,,0,,,,43,45,48,43,45,43,41,0,60,65,0,0,0,False,,,0,,,,,,0,50,power_rp,
P6310,Roberto,Garcia,2001-02-15,75,242,Hispanic,light,black,beard,L,P,,1,RP,SP,,,,,50,,,,49,52,54,54,52,50,49,60,59,0,0,0,0,,,,,0,,,,56,65,60,61,66,61,61,67,67,0,0,0,0,False,,,0,,,,,,0,50,finesse_sp,
P3115,Jose,Cruz,2004-10-25,76,202,Hispanic,light,brown,beard,R,P,,1,RP,SP,,,,,48,,,,52,51,51,53,53,52,52,59,0,60,0,0,0,,,,,0,,,,67,63,64,67,70,78,73,75,0,85,0,0,0,False,,,0,,,,,,0,50,workhorse_sp,
P7361,Rufus,Green,1988-02-02,70,193,African,dark,black,clean_shaven,R,3B,,0,,,52,51,50,52,50,49,55,51,49,48,,,,,,,,,,,,47,50,44,46,50,0,0,51,39,47,,,,,,,,,,,,False,,,0,,,,,,0,50,,gap
P8757,Pedro,Flores,1996-01-26,72,172,Hispanic,light,brown,clean_shaven,L,LF,,0,,,52,59,50,52,49,50,50,51,51,50,,,,,,,,,,,,54,60,51,49,49,0,0,51,53,49,,,,,,,,,,,,False,,,0,,,,,,0,50,,power
P8985,Cedric,Walker,1995-01-06,75,162,African,dark,black,clean_shaven,R,3B,,0,,,53,49,52,51,49,53,58,52,49,49,,,,,,,,,,,,48,48,48,48,49,0,0,52,50,54,,,,,,,,,,,,False,,,0,,,,,,0,50,,balanced
P3051,Juan,Torres,2000-12-05,70,188,Hispanic,light,brown,clean_shaven,R,3B,,0,,,51,52,48,49,47,50,58,52,51,51,,,,,,,,,,,,56,67,58,63,47,0,0,52,58,60,,,,,,,,,,,,False,,,0,,,,,,0,50,,average
P7281,Jorge,Martinez,2000-03-08,77,195,Hispanic,medium,brown,beard,R,CF,,0,,,60,51,52,54,53,47,54,53,51,53,,,,,,,,,,,,66,64,58,60,53,0,0,53,61,66,,,,,,,,,,,,False,,,0,,,,,,0,50,,spray
P4440,Malik,White,2003-08-08,72,182,African,dark,black,clean_shaven,R,1B,,0,,,57,63,52,50,51,53,54,52,51,52,,,,,,,,,,,,68,68,63,60,51,0,0,52,66,58,,,,,,,,,,,,False,,,0,,,,,,0,50,,gap
P9833,Tim,Wannamaker,2003-07-11,71,220,Anglo,light,black,clean_shaven,R,3B,,0,,,50,49,51,49,50,52,59,49,52,47,,,,,,,,,,,,58,56,61,57,50,0,0,49,58,58,,,,,,,,,,,,False,,,0,,,,,,0,50,,balanced
P2329,Kent,Guerreiro,2000-06-21,68,236,Anglo,light,blonde,beard,R,2B,,0,,,52,50,70,52,50,51,54,50,50,49,,,,,,,,,,,,62,65,81,58,50,0,0,50,64,54,,,,,,,,,,,,False,,,0,,,,,,0,50,,speed
P4682,Carlos,Ortiz,2008-01-12,76,247,Hispanic,medium,blonde,clean_shaven,R,P,,1,RP,CL,,,,,55,,,,48,52,51,51,52,50,52,57,63,65,0,0,0,,,,,0,,,,69,63,66,67,66,62,82,68,73,95,0,0,0,False,,,0,,,,,,0,50,closer,
P8517,Milford,Hickernell,2004-04-30,70,193,Anglo,light,brown,goatee,R,P,,1,RP,SP,,,,,49,,,,49,51,50,51,52,50,50,61,61,58,0,0,0,,,,,0,,,,61,80,67,65,65,77,60,81,91,76,0,0,0,False,,,0,,,,,,0,50,workhorse_sp,
P1453,Jarod,Deconti,2004-04-09,77,162,Anglo,medium,black,clean_shaven,R,P,,1,RP,RP,,,,,54,,,,49,48,48,51,54,52,50,59,60,0,0,57,0,,,,,0,,,,77,77,69,75,59,65,79,78,71,0,0,85,0,False,,,0,,,,,,0,50,finesse_rp,
P6009,Tyrone,Walker,2004-09-07,72,169,African,dark,brown,goatee,R,P,,1,RP,RP,,,,,53,,,,49,50,51,50,53,52,51,0,0,66,0,0,0,,,,,0,,,,73,73,63,71,78,72,62,0,0,90,0,0,0,False,,,0,,,,,,0,50,power_rp,
P9287,Tyrone,Green,2006-03-11,76,209,African,dark,black,beard,L,P,,1,RP,SP,,,,,51,,,,50,50,50,50,53,50,53,58,62,63,0,0,0,,,,,0,,,,77,78,77,66,74,62,65,72,76,76,0,0,0,False,,,0,,,,,,0,50,power_sp,
P4184,Eduardo,Torres,2004-06-18,72,177,Hispanic,medium,black,clean_shaven,L,1B,,0,,,50,57,51,49,52,52,47,50,51,51,,,,,,,,,,,,76,68,71,68,52,0,0,50,65,80,,,,,,,,,,,,False,,,0,,,,,,0,50,,balanced
P4387,Delbert,Wilner,2007-03-15,75,230,Anglo,light,blonde,clean_shaven,R,RF,,0,,,49,52,49,50,49,49,54,47,52,48,,,,,,,,,,,,71,68,60,72,49,0,0,47,73,70,,,,,,,,,,,,False,,,0,,,,,,0,50,,average
P8593,Rufus,King,2005-07-25,72,202,African,medium,black,clean_shaven,R,RF,,0,,,57,48,52,53,48,50,54,52,52,53,,,,,,,,,,,,72,78,78,79,48,0,0,52,80,69,,,,,,,,,,,,False,,,0,,,,,,0,50,,spray
P1267,Kristofer,Katoa,2007-01-04,74,175,Anglo,medium,brown,clean_shaven,R,1B,,0,,,53,57,50,52,49,50,57,49,53,48,,,,,,,,,,,,77,74,76,67,49,0,0,49,69,62,,,,,,,,,,,,False,,,0,,,,,,0,50,,gap
P1828,Malik,Jefferson,2007-10-10,70,170,African,dark,black,clean_shaven,L,RF,,0,,,49,63,49,50,49,49,48,52,49,52,,,,,,,,,,,,60,90,63,75,49,0,0,52,59,75,,,,,,,,,,,,False,,,0,,,,,,0,50,,power
P6871,Benjamin,Jeffris,1992-12-31,76,195,Anglo,light,blonde,clean_shaven,R,P,,1,RP,CL,,,,,55,,,,49,53,47,50,53,52,54,57,0,65,0,0,0,,,,,0,,,,47,43,50,44,40,47,50,57,0,62,0,0,0,False,,,0,,,,,,0,50,closer,
P6881,Luis,Gomez,1997-05-17,73,213,Hispanic,medium,brown,clean_shaven,L,P,,1,RP,RP,,,,,56,,,,50,51,49,52,53,49,50,0,0,0,62,0,0,,,,,0,,,,54,48,54,50,49,48,46,0,0,0,58,0,0,False,,,0,,,,,,0,50,groundball_rp,
P5014,Gail,Vickery,1992-06-09,77,193,Anglo,medium,blonde,beard,R,P,,1,RP,RP,,,,,52,,,,52,52,50,50,52,52,54,0,0,64,0,0,0,,,,,0,,,,52,42,40,47,46,52,45,0,0,54,0,0,0,False,,,0,,,,,,0,50,power_rp,
P2799,Tyrone,Jefferson,1992-09-03,72,225,African,dark,brown,clean_shaven,L,P,,1,RP,SP,,,,,52,,,,50,47,53,51,53,49,50,60,59,0,0,0,0,,,,,0,,,,48,41,48,43,48,49,48,57,58,0,0,0,0,False,,,0,,,,,,0,50,finesse_sp,
P4553,Eduardo,Hernandez,1988-07-22,73,203,Hispanic,dark,brown,mustache,L,P,,1,RP,SP,,,,,41,,,,48,52,51,50,52,51,52,60,60,0,0,0,0,,,,,40,,,,46,50,47,51,51,51,48,59,54,0,0,0,0,False,,,0,,,,,,0,50,balanced_sp,
P7335,Dion,Groshek,1996-10-11,76,241,Anglo,light,blonde,beard,R,P,,1,RP,RP,,,,,56,,,,51,51,50,50,52,49,52,0,0,0,62,0,0,,,,,0,,,,49,51,55,53,50,44,55,0,0,0,63,0,0,False,,,0,,,,,,0,50,groundball_rp,
P3289,Pedro,Martinez,1998-03-01,73,234,Hispanic,medium,black,goatee,R,P,,1,RP,SP,,,,,49,,,,51,53,49,51,52,49,51,0,61,57,60,0,0,,,,,0,,,,62,61,61,57,55,62,64,0,70,68,75,0,0,False,,,0,,,,,,0,50,groundball_sp,
P8614,Hector,Cruz,2002-05-25,70,246,Hispanic,medium,brown,clean_shaven,R,P,,1,RP,SP,,,,,50,,,,51,48,53,50,52,51,52,62,63,59,0,0,0,,,,,0,,,,58,62,55,59,60,65,65,67,69,74,0,0,0,False,,,0,,,,,,0,50,workhorse_sp,
P5328,Roberto,Vargas,1987-05-13,75,247,Hispanic,medium,black,goatee,L,P,,1,RP,RP,,,,,57,,,,49,52,49,50,52,49,51,0,0,67,60,0,0,,,,,0,,,,42,44,45,46,39,39,51,0,0,59,55,0,0,False,,,0,,,,,,0,50,groundball_rp,
P7113,Garth,Dispirito,1989-06-25,75,235,Anglo,medium,red,mustache,L,P,,1,RP,SP,,,,,48,,,,48,50,53,51,52,48,53,0,60,58,0,0,0,,,,,0,,,,38,42,49,42,52,42,48,0,54,53,0,0,0,False,,,0,,,,,,0,50,balanced_sp,
P5388,Luis,Ramirez,1997-11-22,74,228,Hispanic,dark,black,goatee,S,P,,1,RP,SP,,,,,48,,,,50,53,52,50,54,51,53,60,61,62,0,55,0,,,,,50,,,,49,50,55,58,54,56,48,57,66,59,0,60,0,False,,,0,,,,,,0,50,balanced_sp,
P1960,Rafael,Sanchez,1992-02-10,69,207,Hispanic,medium,black,clean_shaven,R,C,,0,,,51,51,51,53,51,51,57,51,51,52,,,,,,,,,,,,44,47,46,46,51,0,0,51,43,48,,,,,,,,,,,,False,,,0,,,,,,0,50,,gap
P4794,Jose,Hernandez,2003-05-30,68,233,Hispanic,medium,brown,clean_shaven,S,1B,,0,,,52,58,53,49,50,48,51,50,52,51,,,,,,,,,,,,67,71,67,57,50,0,0,50,66,62,,,,,,,,,,,,False,,,0,,,,,,0,50,,gap
P3007,Hector,Vasquez,1994-12-30,77,232,Hispanic,dark,brown,beard,R,2B,,0,,,58,51,49,54,48,52,57,52,52,49,,,,,,,,,,,,63,48,45,59,48,0,0,52,50,52,,,,,,,,,,,,False,,,0,,,,,,0,50,,balanced
P2081,Xavier,Jefferson,2000-06-07,78,173,African,medium,black,mustache,L,3B,,0,,,49,58,52,50,49,51,47,48,51,52,,,,,,,,,,,,62,70,57,64,49,0,0,48,60,59,,,,,,,,,,,,False,,,0,,,,,,0,50,,power
P1212,Darnell,Baker,1999-03-02,70,225,African,dark,black,clean_shaven,S,SS,,0,,,54,48,53,53,53,51,53,50,51,52,,,,,,,,,,,,59,60,65,60,53,0,0,50,62,59,,,,,,,,,,,,False,,,0,,,,,,0,50,,spray
P8039,Ira,Chomka,1998-07-05,78,165,Anglo,light,brown,clean_shaven,L,LF,,0,,,53,51,50,52,48,53,47,49,49,50,,,,,,,,,,,,66,56,60,62,48,0,0,49,56,56,,,,,,,,,,,,False,,,0,,,,,,0,50,,balanced
P2179,Terence,Sossamon,2003-11-08,73,239,Anglo,light,red,clean_shaven,L,CF,,0,,,54,50,50,50,51,53,46,51,49,49,,,,,,,,,,,,60,62,56,65,51,0,0,51,55,54,,,,,,,,,,,,False,,,0,,,,,,0,50,,balanced
P5172,Dexter,Chirco,1990-11-18,73,240,Anglo,light,brown,goatee,L,RF,,0,,,50,58,52,49,48,49,46,51,48,52,,,,,,,,,,,,42,57,43,39,48,0,0,51,39,50,,,,,,,,,,,,False,,,0,,,,,,0,50,,balanced
P8990,Raul,Rivera,1993-11-17,69,233,Hispanic,light,black,beard,R,RF,,0,,,50,54,50,51,50,51,50,50,51,53,,,,,,,,,,,,49,45,40,47,50,0,0,50,44,43,,,,,,,,,,,,False,,,0,,,,,,0,50,,average
P8893,Fernando,Reyes,1996-04-10,78,170,Hispanic,medium,blonde,clean_shaven,R,RF,,0,,,48,63,51,48,47,50,50,50,50,49,,,,,,,,,,,,48,68,50,43,47,0,0,50,49,44,,,,,,,,,,,,False,,,0,,,,,,0,50,,power
P1602,Leroy,Jefferson,2004-09-30,69,244,African,dark,black,clean_shaven,L,RF,,0,,,52,50,52,49,49,53,49,51,48,52,,,,,,,,,,,,82,64,80,76,49,0,0,51,68,78,,,,,,,,,,,,False,,,0,,,,,,0,50,,average
P6513,Numbers,Charest,1999-12-08,72,186,Anglo,light,blonde,beard,R,RF,,0,,,50,59,50,49,51,52,56,50,48,52,,,,,,,,,,,,59,65,59,56,51,0,0,50,62,63,,,,,,,,,,,,False,,,0,,,,,,0,50,,power
P9743,Percy,Taylor,1990-02-05,76,225,African,dark,brown,mustache,L,1B,,0,,,49,61,48,50,50,53,47,51,52,52,,,,,,,,,,,,39,56,43,49,50,0,0,51,50,45,,,,,,,,,,,,False,,,0,,,,,,0,50,,power
P5781,Rocco,Guidrey,1988-08-09,75,226,Anglo,medium,blonde,clean_shaven,L,RF,1B,0,,,50,59,50,50,48,50,47,50,49,53,,,,,,,,,,,,45,54,44,47,48,0,0,50,47,48,,,,,,,,,,,,False,,,0,,,,,,0,50,,power
P3263,Deshawn,White,1989-10-31,69,221,African,dark,black,mustache,L,P,,1,RP,CL,,,,,55,,,,51,52,47,50,52,53,53,0,61,65,0,0,0,,,,,0,,,,42,48,44,42,38,45,51,0,51,58,0,0,0,False,,,0,,,,,,0,50,closer,
P7968,Juan,Perez,1989-07-28,71,247,Hispanic,light,black,beard,R,P,,1,RP,SP,,,,,48,,,,50,54,53,50,53,49,52,0,63,59,0,56,0,,,,,0,,,,47,54,43,43,47,47,48,0,53,59,0,51,0,False,,,0,,,,,,0,50,power_sp,
P2330,Ricardo,Martinez,1991-08-04,75,171,Hispanic,light,brown,mustache,R,P,,1,RP,SP,,,,,48,,,,48,50,52,50,52,52,52,62,0,61,0,0,0,,,,,0,,,,43,48,42,42,43,46,44,55,0,59,0,0,0,False,,,0,,,,,,0,50,workhorse_sp,
P1494,Antonio,Flores,1999-09-29,73,225,Hispanic,medium,black,clean_shaven,L,P,,1,RP,SP,,,,,51,,,,52,50,53,51,52,48,52,62,61,59,0,0,0,,,,,0,,,,60,58,56,62,66,62,64,75,73,73,0,0,0,False,,,0,,,,,,0,50,balanced_sp,
P1775,Hector,Ortiz,1997-07-02,71,172,Hispanic,medium,brown,clean_shaven,L,P,,1,RP,RP,,,,,54,,,,51,52,51,50,52,49,52,57,57,0,63,0,0,,,,,0,,,,49,56,46,48,53,52,48,53,52,0,58,0,0,False,,,0,,,,,,0,50,groundball_rp,
P1479,Shirley,Arbetman,2004-04-21,71,202,Anglo,medium,blonde,clean_shaven,L,P,,1,RP,RP,,,,,54,,,,53,51,48,53,52,52,50,0,0,0,60,0,0,,,,,0,,,,64,76,75,69,66,70,62,0,0,0,86,0,0,False,,,0,,,,,,0,50,groundball_rp,
P1925,Jacinto,Kupchinsky,1997-05-16,75,211,Anglo,light,blonde,mustache,L,P,,1,RP,SP,,,,,52,,,,50,48,52,50,53,50,49,58,59,58,0,0,0,,,,,0,,,,51,47,49,50,50,46,51,53,56,63,0,0,0,False,,,0,,,,,,0,50,finesse_sp,
P4422,Lacy,Lutwin,2000-11-16,75,161,Anglo,medium,black,clean_shaven,L,LF,,0,,,51,49,49,50,52,49,47,50,52,53,,,,,,,,,,,,59,59,54,60,52,0,0,50,61,63,,,,,,,,,,,,False,,,0,,,,,,0,50,,average
P2327,Arlie,Kostka,1998-09-05,70,165,Anglo,light,red,clean_shaven,L,3B,,0,,,52,49,86,49,50,50,50,50,49,48,,,,,,,,,,,,66,57,98,56,50,0,0,50,56,57,,,,,,,,,,,,False,,,0,,,,,,0,50,,elite_speed
P7622,Antonio,Rivera,1993-06-04,76,209,Hispanic,medium,brown,beard,R,C,,0,,,61,53,49,53,51,50,58,51,53,48,,,,,,,,,,,,51,50,49,51,51,0,0,51,48,41,,,,,,,,,,,,False,,,0,,,,,,0,50,,spray
P7401,Chauncey,Wyles,2004-04-20,73,218,Anglo,dark,blonde,clean_shaven,R,C,,0,,,52,51,51,50,49,50,58,50,53,49,,,,,,,,,,,,78,67,80,76,49,0,0,50,79,66,,,,,,,,,,,,False,,,0,,,,,,0,50,,average
P2238,Fabian,Gullickson,1995-02-05,71,220,Anglo,dark,blonde,beard,S,CF,,0,,,56,48,52,55,52,47,47,52,48,50,,,,,,,,,,,,52,46,48,55,52,0,0,52,43,50,,,,,,,,,,,,False,,,0,,,,,,0,50,,spray
P4064,Rafael,Reyes,1998-04-30,78,209,Hispanic,light,blonde,mustache,R,C,,0,,,53,49,49,52,50,53,57,53,53,52,,,,,,,,,,,,68,64,61,58,50,0,0,53,68,64,,,,,,,,,,,,False,,,0,,,,,,0,50,,average
P6789,Antonio,Vargas,1994-04-01,77,189,Hispanic,medium,blonde,clean_shaven,R,LF,,0,,,52,54,48,51,52,52,58,53,49,50,,,,,,,,,,,,49,52,49,51,52,0,0,53,45,52,,,,,,,,,,,,False,,,0,,,,,,0,50,,balanced
P7468,Kristofer,Kinstle,1999-03-11,75,222,Anglo,medium,brown,mustache,R,C,,0,,,51,51,50,52,52,48,56,50,51,52,,,,,,,,,,,,56,60,65,64,52,0,0,50,58,61,,,,,,,,,,,,False,,,0,,,,,,0,50,,average
P8709,Tyrone,Carter,2008-01-29,69,172,African,dark,black,clean_shaven,L,P,,1,RP,CL,,,,,55,,,,50,52,47,53,61,50,52,0,0,65,0,0,0,,,,,0,,,,63,64,70,83,77,78,79,0,0,93,0,0,0,False,,,0,,,,,,0,50,closer,
P2427,Pedro,Reyes,2007-05-24,77,206,Hispanic,light,brown,clean_shaven,R,P,,1,RP,SP,,,,,51,,,,49,52,51,52,52,50,52,0,63,59,0,0,0,,,,,0,,,,59,79,63,72,75,62,63,0,89,87,0,0,0,False,,,0,,,,,,0,50,power_sp,
P5245,Cedric,Green,2006-07-17,78,223,African,light,black,goatee,R,P,,1,RP,RP,,,,,52,,,,51,52,52,53,52,49,50,58,0,0,0,0,0,,,,,0,,,,77,66,73,63,65,63,61,74,0,0,0,0,0,False,,,0,,,,,,0,50,finesse_rp,
P4664,Luis,Ramos,2005-08-07,76,214,Hispanic,medium,brown,clean_shaven,R,P,,1,RP,SP,,,,,49,,,,51,53,52,50,54,51,52,62,0,58,0,0,0,,,,,0,,,,70,70,64,79,67,63,75,84,0,85,0,0,0,False,,,0,,,,,,0,50,balanced_sp,
P9830,Malik,Scott,2005-09-25,71,223,African,medium,brown,beard,R,P,,1,RP,CL,,,,,48,,,,48,51,48,50,54,49,54,0,61,65,0,0,0,,,,,0,,,,74,71,73,84,72,74,82,0,87,94,0,0,0,False,,,0,,,,,,0,50,closer,
P8321,Pedro,Lopez,2005-12-07,73,231,Hispanic,medium,brown,clean_shaven,R,RF,,0,,,60,50,51,52,53,51,56,51,47,49,,,,,,,,,,,,82,64,65,69,53,0,0,51,72,64,,,,,,,,,,,,False,,,0,,,,,,0,50,,spray
P4139,Leroy,Young,2005-12-14,68,176,African,dark,black,mustache,S,2B,,0,,,50,48,49,52,51,50,50,52,51,49,,,,,,,,,,,,72,61,65,77,51,0,0,52,78,70,,,,,,,,,,,,False,,,0,,,,,,0,50,,balanced
P2061,Glenn,Klaja,2006-06-11,78,204,Anglo,light,black,clean_shaven,R,CF,,0,,,50,51,52,51,51,52,50,51,50,51,,,,,,,,,,,,79,61,78,64,51,0,0,51,63,75,,,,,,,,,,,,False,,,0,,,,,,0,50,,average
P6263,Percy,Allen,2004-05-16,72,215,African,dark,brown,clean_shaven,R,CF,,0,,,54,47,85,52,53,50,53,48,48,52,,,,,,,,,,,,65,60,99,69,53,0,0,48,73,72,,,,,,,,,,,,False,,,0,,,,,,0,50,,elite_speed
P8835,Jamal,Jefferson,2005-10-10,78,202,African,dark,brown,beard,S,CF,,0,,,52,52,51,50,49,54,50,51,49,50,,,,,,,,,,,,78,70,79,65,49,0,0,51,77,65,,,,,,,,,,,,False,,,0,,,,,,0,50,,average
P1004,Domingo,Flaherty,1996-08-07,74,171,Anglo,light,black,clean_shaven,S,P,,1,RP,CL,,,,,55,,,,48,52,50,50,54,50,55,58,60,66,0,0,0,,,,,0,,,,45,53,53,50,52,52,52,63,58,68,0,0,0,False,,,0,,,,,,0,50,closer,
P6316,Antonio,Gonzalez,2004-04-14,76,203,Hispanic,medium,brown,goatee,L,P,,1,RP,RP,,,,,50,,,,49,50,50,51,53,50,53,58,0,0,0,0,0,,,,,0,,,,73,73,67,72,60,60,71,87,0,0,0,0,0,False,,,0,,,,,,0,50,finesse_rp,
P7052,Marcelo,Rubulcaba,1991-12-28,78,235,Anglo,dark,red,clean_shaven,L,P,,1,RP,SP,,,,,50,,,,50,50,54,51,53,50,50,62,61,61,0,55,0,,,,,0,,,,40,49,47,53,48,48,50,54,61,52,0,47,0,False,,,0,,,,,,0,50,workhorse_sp,
P2008,Val,Coffie,1997-12-20,69,219,Anglo,light,blonde,clean_shaven,R,P,,1,RP,RP,,,,,51,,,,52,50,50,50,53,51,52,0,60,66,61,0,0,,,,,0,,,,49,55,49,54,46,54,57,0,62,70,66,0,0,False,,,0,,,,,,0,50,power_rp,
P9794,Guadalupe,Brickel,1997-04-25,71,245,Anglo,light,blonde,goatee,R,P,,1,RP,SP,,,,,51,,,,50,54,50,50,54,48,53,59,63,62,0,57,0,,,,,0,,,,52,49,47,51,54,45,51,58,61,66,0,58,0,False,,,0,,,,,,0,50,power_sp,
P6609,Hector,Rivera,1991-01-16,72,168,Hispanic,medium,black,clean_shaven,R,P,,1,RP,SP,,,,,50,,,,51,53,53,50,52,52,49,60,59,58,58,0,0,,,,,0,,,,50,48,46,42,49,49,46,52,59,58,54,0,0,False,,,0,,,,,,0,50,groundball_sp,
P1636,Olen,Isaacsen,1998-09-03,73,196,Anglo,light,brown,clean_shaven,R,P,,1,RP,SP,,,,,50,,,,51,50,54,54,52,50,52,63,61,0,0,0,0,,,,,0,,,,56,62,61,58,65,65,61,73,69,0,0,0,0,False,,,0,,,,,,0,50,finesse_sp,
P2501,Pedro,Vargas,1997-10-21,78,198,Hispanic,dark,brown,clean_shaven,L,P,,1,RP,RP,,,,,50,,,,52,51,50,50,52,53,54,0,62,0,0,0,0,,,,,0,,,,47,54,46,48,47,58,54,0,60,0,0,0,0,False,,,0,,,,,,0,50,power_rp,
P4574,Fernando,Mendoza,1994-12-12,78,245,Hispanic,dark,blonde,goatee,R,P,,1,RP,LR,,,,,49,,,,52,51,53,52,52,50,49,58,60,66,0,0,0,,,,,0,,,,56,54,52,47,57,54,46,53,58,64,0,0,0,False,,,0,,,,,,0,50,long_relief,
P9343,Dannie,Ercolano,2000-06-19,74,177,Anglo,light,blonde,clean_shaven,L,P,,1,RP,RP,,,,,51,,,,51,49,52,50,52,51,52,0,59,0,0,0,0,,,,,0,,,,66,57,61,60,62,59,61,0,70,0,0,0,0,False,,,0,,,,,,0,50,finesse_rp,
P4446,Roberto,Morales,1991-08-02,71,173,Hispanic,medium,black,mustache,L,P,,1,RP,RP,,,,,57,,,,49,48,48,53,52,49,51,0,60,65,60,0,0,,,,,0,,,,41,40,53,47,47,48,43,0,55,60,54,0,0,False,,,0,,,,,,0,50,groundball_rp,
P7367,Jorge,Lopez,2004-02-18,69,195,Hispanic,light,black,clean_shaven,R,C,,0,,,56,49,51,50,53,51,55,52,50,51,,,,,,,,,,,,65,62,61,62,53,0,0,52,62,63,,,,,,,,,,,,False,,,0,,,,,,0,50,,spray
P4776,Millard,Kappe,1988-01-31,69,182,Anglo,light,brown,clean_shaven,S,1B,,0,,,51,59,52,49,51,53,51,51,48,49,,,,,,,,,,,,50,52,47,45,51,0,0,51,38,40,,,,,,,,,,,,False,,,0,,,,,,0,50,,balanced
P4485,Tyrone,Wright,1995-04-16,74,211,African,medium,brown,clean_shaven,R,2B,,0,,,53,51,70,52,51,49,60,49,49,49,,,,,,,,,,,,56,51,66,50,51,0,0,49,46,51,,,,,,,,,,,,False,,,0,,,,,,0,50,,speed
P1110,Cedric,Baker,1987-09-08,70,249,African,light,black,mustache,R,3B,,0,,,50,52,52,51,46,49,55,53,48,49,,,,,,,,,,,,40,47,45,41,46,0,0,53,46,43,,,,,,,,,,,,False,,,0,,,,,,0,50,,gap
P5993,Eduardo,Gonzalez,1991-02-11,73,218,Hispanic,medium,black,clean_shaven,R,SS,,0,,,49,50,54,49,49,53,61,53,49,51,,,,,,,,,,,,47,50,54,41,49,0,0,53,49,46,,,,,,,,,,,,False,,,0,,,,,,0,50,,balanced
P7467,Hal,Chauncey,1997-06-16,68,215,Anglo,dark,red,goatee,L,LF,,0,,,62,51,51,51,50,49,51,51,52,50,,,,,,,,,,,,67,54,53,49,50,0,0,51,48,49,,,,,,,,,,,,False,,,0,,,,,,0,50,,spray
P8748,Erwin,Pry,1998-04-29,75,232,Anglo,medium,brown,clean_shaven,L,CF,,0,,,53,51,52,50,48,49,46,48,49,50,,,,,,,,,,,,58,58,59,60,48,0,0,48,61,65,,,,,,,,,,,,False,,,0,,,,,,0,50,,balanced
P1851,Luis,Vasquez,1994-07-31,73,207,Hispanic,dark,brown,clean_shaven,S,RF,,0,,,50,50,50,49,50,52,53,48,52,51,,,,,,,,,,,,48,51,46,49,50,0,0,48,51,50,,,,,,,,,,,,False,,,0,,,,,,0,50,,balanced
P4008,Ike,Skyers,2004-06-10,72,171,Anglo,medium,blonde,clean_shaven,R,1B,,0,,,49,58,50,49,51,51,55,50,51,51,,,,,,,,,,,,76,80,72,74,51,0,0,50,65,68,,,,,,,,,,,,False,,,0,,,,,,0,50,,balanced
P8775,Carlos,Reyes,1994-11-09,73,243,Hispanic,light,black,clean_shaven,R,LF,,0,,,51,51,70,50,52,47,59,50,50,48,,,,,,,,,,,,46,54,66,48,52,0,0,50,54,52,,,,,,,,,,,,False,,,0,,,,,,0,50,,speed
P4769,Clemente,Binner,1990-12-11,76,225,Anglo,light,brown,clean_shaven,R,LF,,0,,,51,49,51,49,52,52,59,51,51,49,,,,,,,,,,,,46,44,51,42,52,0,0,51,46,44,,,,,,,,,,,,False,,,0,,,,,,0,50,,average
P7746,Keith,Postuci,1996-08-19,73,177,Anglo,light,brown,clean_shaven,L,C,,0,,,50,51,50,50,53,52,52,50,51,51,,,,,,,,,,,,54,51,45,47,53,0,0,50,54,55,,,,,,,,,,,,False,,,0,,,,,,0,50,,average
P8294,Luis,Sanchez,1990-02-13,70,227,Hispanic,dark,brown,clean_shaven,S,1B,,0,,,63,51,50,52,49,47,49,52,50,52,,,,,,,,,,,,54,46,42,43,49,0,0,52,47,44,,,,,,,,,,,,False,,,0,,,,,,0,50,,spray
P6705,Hector,Gonzalez,1998-01-23,76,219,Hispanic,light,black,clean_shaven,R,2B,,0,,,53,65,51,52,52,49,56,52,51,52,,,,,,,,,,,,53,62,54,49,52,0,0,52,48,52,,,,,,,,,,,,False,,,0,,,,,,0,50,,power
P4948,Anderson,Wieben,2004-06-04,77,243,Anglo,light,blonde,clean_shaven,R,P,,1,RP,CL,,,,,55,,,,53,51,48,50,52,50,51,57,57,67,0,0,0,,,,,0,,,,66,68,66,70,67,62,79,79,76,84,0,0,0,False,,,0,,,,,,0,50,closer,
P6762,Hector,Gomez,2000-06-18,75,181,Hispanic,medium,black,mustache,R,P,,1,RP,SP,,,,,52,,,,51,50,52,50,52,49,52,0,0,58,60,0,0,,,,,0,,,,56,60,58,59,65,62,62,0,0,70,72,0,0,False,,,0,,,,,,0,50,groundball_sp,
P2735,Francisco,Flores,1992-03-16,77,196,Hispanic,dark,red,beard,R,P,,1,RP,RP,,,,,58,,,,49,52,51,51,54,51,52,0,60,0,0,0,0,,,,,58,,,,40,48,48,52,45,49,48,0,53,0,0,0,0,False,,,0,,,,,,0,50,finesse_rp,
P4983,Roderick,Kodama,1995-12-29,74,209,Anglo,medium,black,clean_shaven,L,P,,1,RP,SP,,,,,50,,,,50,53,50,52,52,48,50,61,0,59,0,0,0,,,,,0,,,,49,55,56,54,46,47,55,64,0,54,0,0,0,False,,,0,,,,,,0,50,balanced_sp,
P2765,Fernando,Garcia,1991-08-19,72,225,Hispanic,medium,black,clean_shaven,S,P,,1,RP,SP,,,,,52,,,,50,50,52,51,52,52,49,60,60,0,0,0,0,,,,,0,,,,50,47,45,43,45,45,48,54,57,0,0,0,0,False,,,0,,,,,,0,50,finesse_sp,
P4713,Deshawn,Jefferson,2003-11-22,73,163,African,dark,black,clean_shaven,L,P,,1,RP,SP,,,,,52,,,,49,51,51,54,54,50,52,59,61,61,0,53,0,,,,,0,,,,64,63,63,62,58,55,58,64,67,71,0,65,0,False,,,0,,,,,,0,50,finesse_sp,
P9034,Dwain,Heape,1996-05-16,72,190,Anglo,light,brown,clean_shaven,R,P,,1,RP,SP,,,,,50,,,,51,52,50,54,52,53,50,58,61,0,0,0,0,,,,,0,,,,49,49,51,49,47,57,46,63,63,0,0,0,0,False,,,0,,,,,,0,50,finesse_sp,
P1656,Arnoldo,Finister,1990-12-12,68,220,Anglo,light,black,clean_shaven,R,3B,,0,,,52,60,47,51,48,54,55,49,52,50,,,,,,,,,,,,48,54,37,50,48,0,0,49,49,50,,,,,,,,,,,,False,,,0,,,,,,0,50,,power
P6962,Jermaine,Baker,2003-02-11,70,246,African,dark,black,clean_shaven,L,RF,,0,,,62,61,51,53,51,48,46,48,50,51,,,,,,,,,,,,67,67,65,64,51,0,0,48,58,66,,,,,,,,,,,,False,,,0,,,,,,0,50,,gap
P5628,Ricardo,Mendoza,1992-09-06,75,195,Hispanic,light,brown,clean_shaven,R,1B,,0,,,53,56,53,51,52,52,58,48,49,50,,,,,,,,,,,,45,54,44,45,52,0,0,48,47,47,,,,,,,,,,,,False,,,0,,,,,,0,50,,balanced
P3054,Fredrick,Schneidtmille,1994-12-09,68,173,Anglo,light,black,beard,R,2B,SS,0,,,53,50,51,51,53,50,58,52,49,49,,,,,,,,,,,,53,45,48,47,53,0,0,52,51,44,,,,,,,,,,,,False,,,0,,,,,,0,50,,balanced
P9881,Archie,Sillitti,1990-11-17,74,208,Anglo,light,brown,clean_shaven,R,2B,,0,,,58,51,70,54,50,49,58,51,49,52,,,,,,,,,,,,53,48,60,48,50,0,0,51,47,47,,,,,,,,,,,,False,,,0,,,,,,0,50,,speed
P5520,Kerry,Demer,1990-10-30,78,224,Anglo,medium,black,clean_shaven,S,LF,,0,,,52,48,70,52,52,50,51,51,49,50,,,,,,,,,,,,43,42,65,43,52,0,0,51,45,44,,,,,,,,,,,,False,,,0,,,,,,0,50,,speed
P6493,Jamal,Washington,1997-11-11,77,203,African,dark,black,goatee,R,2B,,0,,,50,60,49,49,52,51,55,52,51,50,,,,,,,,,,,,50,59,45,48,52,0,0,52,52,45,,,,,,,,,,,,False,,,0,,,,,,0,50,,power
P2662,Deshawn,Green,1999-01-27,76,181,African,dark,black,beard,L,SS,,0,,,53,49,86,53,50,48,48,48,53,52,,,,,,,,,,,,59,54,96,67,50,0,0,48,64,63,,,,,,,,,,,,False,,,0,,,,,,0,50,,speed
P2191,Miguel,Flores,2007-04-17,78,174,Hispanic,medium,brown,clean_shaven,R,P,,1,RP,CL,,,,,55,,,,53,52,48,52,54,53,52,0,0,65,0,0,0,,,,,0,,,,65,62,71,70,73,74,67,0,0,87,0,0,0,False,,,0,,,,,,0,50,closer,
P4844,Raul,Delgado,2005-06-08,75,243,Hispanic,light,brown,clean_shaven,L,P,,1,RP,RP,,,,,50,,,,52,50,51,52,52,50,53,58,62,67,0,0,0,,,,,0,,,,75,66,62,73,77,76,79,80,90,87,0,0,0,False,,,0,,,,,,0,50,power_rp,
P2325,Jermaine,Gaines,2004-12-07,77,187,African,dark,black,clean_shaven,R,P,,1,RP,SP,,,,,48,,,,50,53,52,50,52,49,53,0,60,61,0,0,0,,,,,0,,,,73,68,60,63,77,66,68,0,87,89,0,0,0,False,,,0,,,,,,0,50,power_sp,
P7794,Rafael,Ortiz,2005-10-01,73,213,Hispanic,medium,blonde,clean_shaven,S,P,,1,RP,SP,,,,,50,,,,50,54,51,50,53,48,54,0,59,64,56,55,0,,,,,0,,,,75,69,68,63,73,60,73,0,79,76,68,67,0,False,,,0,,,,,,0,50,power_sp,
P1062,Alejandro,Gonzalez,2006-11-01,75,245,Hispanic,medium,brown,goatee,R,P,,1,RP,CL,,,,,49,,,,52,50,51,51,54,53,52,0,61,67,0,0,0,,,,,0,,,,69,64,70,73,79,76,80,0,79,80,0,0,0,False,,,0,,,,,,0,50,closer,
P2635,Carlos,Vasquez,2006-08-13,76,234,Hispanic,light,blonde,clean_shaven,R,3B,,0,,,52,52,50,50,51,48,59,51,51,49,,,,,,,,,,,,74,78,62,79,51,0,0,51,62,78,,,,,,,,,,,,False,,,0,,,,,,0,50,,average
P3400,Luis,Flores,2005-02-15,78,196,Hispanic,medium,brown,mustache,R,2B,,0,,,51,51,70,52,51,47,57,51,52,49,,,,,,,,,,,,76,67,96,67,51,0,0,51,73,75,,,,,,,,,,,,False,,,0,,,,,,0,50,,speed
P8609,Darnell,Jefferson,2004-03-23,74,166,African,dark,black,mustache,R,2B,,0,,,53,51,49,54,51,51,55,51,49,48,,,,,,,,,,,,66,78,66,73,51,0,0,51,77,67,,,,,,,,,,,,False,,,0,,,,,,0,50,,balanced
P1556,Fernando,Torres,2007-06-16,68,176,Hispanic,light,red,clean_shaven,R,3B,,0,,,48,57,48,51,49,53,56,49,49,52,,,,,,,,,,,,76,72,65,70,49,0,0,49,68,67,,,,,,,,,,,,False,,,0,,,,,,0,50,,power
P8216,Manual,Brasseux,2006-01-13,76,216,Anglo,medium,brown,clean_shaven,S,1B,,0,,,50,59,50,49,47,50,51,51,49,48,,,,,,,,,,,,71,78,72,66,47,0,0,51,73,77,,,,,,,,,,,,False,,,0,,,,,,0,50,,power
P5042,Austin,Reginaldo,1993-07-18,70,214,Anglo,light,blonde,goatee,L,P,,1,RP,CL,,,,,55,,,,50,50,50,50,52,52,52,0,0,67,0,0,0,,,,,0,,,,43,46,41,42,43,47,46,0,0,65,0,0,0,False,,,0,,,,,,0,50,closer,
P2026,Juan,Cruz,1998-09-01,78,178,Hispanic,medium,brown,beard,R,P,,1,RP,SP,,,,,52,,,,50,50,52,51,52,51,51,59,60,0,0,0,0,,,,,0,,,,59,60,64,60,61,64,66,74,66,0,0,0,0,False,,,0,,,,,,0,50,finesse_sp,
P8139,Felton,Wach,1996-09-18,69,226,Anglo,light,brown,clean_shaven,R,P,,1,RP,SP,,,,,48,,,,48,50,51,51,52,50,50,58,62,0,0,0,0,,,,,0,,,,46,51,47,56,47,52,55,62,66,0,0,0,0,False,,,0,,,,,,0,50,workhorse_sp,
P3113,Xavier,Young,1998-03-02,75,199,African,medium,black,clean_shaven,L,P,,1,RP,RP,,,,,57,,,,53,50,51,50,52,51,53,0,0,0,59,0,0,,,,,0,,,,60,60,64,59,58,58,64,0,0,0,69,0,0,False,,,0,,,,,,0,50,groundball_rp,
P9436,Manuel,Hernandez,1992-09-14,77,190,Hispanic,medium,brown,mustache,R,P,,1,RP,RP,,,,,52,,,,52,51,51,50,53,49,52,57,61,66,0,0,0,,,,,0,,,,48,49,45,53,41,44,50,51,58,62,0,0,0,False,,,0,,,,,,0,50,power_rp,
P8386,Gayle,Lieb,1989-08-06,71,228,Anglo,light,blonde,mustache,L,P,,1,RP,SP,,,,,51,,,,51,49,53,50,52,52,51,0,60,0,60,0,0,,,,,0,,,,49,45,45,51,52,52,50,0,53,0,59,0,0,False,,,0,,,,,,0,50,groundball_sp,
P8044,Tyrone,Scott,1989-03-17,76,222,African,medium,brown,mustache,L,P,,1,RP,CL,,,,,52,,,,49,50,48,50,52,53,55,56,58,65,0,0,0,,,,,0,,,,44,47,43,52,47,50,48,49,49,64,0,0,0,False,,,0,,,,,,0,50,closer,
P1763,Deshawn,Scott,2001-03-11,68,242,African,dark,brown,clean_shaven,L,P,,1,RP,RP,,,,,49,,,,52,52,51,50,53,50,49,60,60,0,0,57,0,,,,,0,,,,62,57,59,64,60,64,60,73,69,0,0,69,0,False,,,0,,,,,,0,50,finesse_rp,
P1616,Deandre,Eshlerman,1999-06-29,70,167,Anglo,light,black,clean_shaven,L,P,,1,RP,RP,,,,,52,,,,53,49,51,51,54,53,49,60,60,0,0,55,0,,,,,0,,,,65,57,63,63,58,66,54,72,65,0,0,61,0,False,,,0,,,,,,0,50,finesse_rp,
P9094,Kyle,Henley,1990-09-01,77,160,Anglo,light,black,clean_shaven,R,P,,1,RP,RP,,,,,54,,,,49,50,49,50,53,50,51,61,62,0,62,0,0,,,,,0,,,,41,45,42,43,40,41,46,51,58,0,61,0,0,False,,,0,,,,,,0,50,finesse_rp,
P2042,Bruno,Stimage,1996-01-25,68,238,Anglo,light,brown,clean_shaven,L,P,,1,RP,LR,,,,,50,,,,51,49,53,51,52,52,53,60,58,0,0,0,0,,,,,0,,,,54,46,49,56,50,48,52,61,57,0,0,0,0,False,,,0,,,,,,0,50,long_relief,
P4903,Galen,Marchuk,1992-05-02,68,209,Anglo,medium,brown,clean_shaven,R,C,,0,,,53,52,50,52,50,50,60,52,51,48,,,,,,,,,,,,52,52,50,42,50,0,0,52,48,41,,,,,,,,,,,,False,,,0,,,,,,0,50,,balanced
P3367,Antonio,Ramos,1991-11-11,68,211,Hispanic,medium,black,clean_shaven,L,1B,,0,,,61,67,51,52,48,49,45,53,53,48,,,,,,,,,,,,61,58,43,47,48,0,0,53,47,41,,,,,,,,,,,,False,,,0,,,,,,0,50,,gap
P1798,Rafael,Rodriguez,1994-01-04,71,181,Hispanic,medium,red,clean_shaven,R,2B,,0,,,58,50,51,56,50,46,55,53,52,50,,,,,,,,,,,,49,40,42,49,50,0,0,53,50,45,,,,,,,,,,,,False,,,0,,,,,,0,50,,spray
P5572,Alejandro,Flores,1998-09-22,78,169,Hispanic,light,blonde,goatee,R,3B,,0,,,51,51,71,52,54,49,58,51,52,50,,,,,,,,,,,,66,57,85,61,54,0,0,51,67,62,,,,,,,,,,,,False,,,0,,,,,,0,50,,speed
P5013,Jermaine,Jefferson,2004-01-22,69,208,African,dark,brown,clean_shaven,R,SS,,0,,,56,49,53,52,50,51,58,50,47,49,,,,,,,,,,,,65,62,62,61,50,0,0,50,56,54,,,,,,,,,,,,False,,,0,,,,,,0,50,,spray
P2124,Fred,Bienvenu,1990-01-22,68,250,Anglo,light,blonde,goatee,S,LF,,0,,,54,49,70,51,51,49,53,50,51,50,,,,,,,,,,,,44,41,69,44,51,0,0,50,42,46,,,,,,,,,,,,False,,,0,,,,,,0,50,,speed
P1404,Otto,Mclagan,1996-02-23,75,192,Anglo,light,blonde,clean_shaven,L,CF,,0,,,54,51,51,50,53,52,50,50,48,50,,,,,,,,,,,,55,50,46,54,53,0,0,50,53,48,,,,,,,,,,,,False,,,0,,,,,,0,50,,balanced
P8117,Ricky,Barbarin,1994-03-19,72,204,Anglo,light,blonde,mustache,R,RF,,0,,,50,59,50,51,52,53,53,52,50,52,,,,,,,,,,,,49,57,55,46,52,0,0,52,50,47,,,,,,,,,,,,False,,,0,,,,,,0,50,,power
P1650,Juan,Martinez,1995-07-03,78,202,Hispanic,medium,brown,clean_shaven,R,1B,,0,,,49,59,48,50,48,53,53,52,50,52,,,,,,,,,,,,51,63,49,46,48,0,0,52,50,49,,,,,,,,,,,,False,,,0,,,,,,0,50,,power
P4077,Deshawn,Taylor,1993-02-24,78,186,African,dark,black,clean_shaven,S,LF,RF,0,,,53,49,71,53,52,49,52,51,48,53,,,,,,,,,,,,44,45,64,51,52,0,0,51,42,51,,,,,,,,,,,,False,,,0,,,,,,0,50,,speed
P3520,Malik,Young,2004-07-08,74,212,African,dark,black,clean_shaven,L,RF,,0,,,51,57,49,49,51,53,47,49,48,50,,,,,,,,,,,,72,86,63,61,51,0,0,49,77,60,,,,,,,,,,,,False,,,0,,,,,,0,50,,power
P3746,Alejandro,Castillo,1995-02-15,76,226,Hispanic,medium,black,clean_shaven,R,3B,SS,0,,,50,48,70,51,52,48,57,50,48,48,,,,,,,,,,,,50,50,74,49,52,0,0,50,51,48,,,,,,,,,,,,False,,,0,,,,,,0,50,,speed
P1916,Tyrone,Young,1987-08-22,74,181,African,dark,black,beard,L,CF,,0,,,52,49,70,52,52,49,46,50,49,49,,,,,,,,,,,,47,41,61,49,52,0,0,50,40,46,,,,,,,,,,,,False,,,0,,,,,,0,50,,speed
P3708,Francisco,Garcia,2002-09-26,69,214,Hispanic,light,blonde,clean_shaven,L,RF,,0,,,48,59,48,49,47,53,50,49,52,49,,,,,,,,,,,,56,73,59,64,47,0,0,49,61,56,,,,,,,,,,,,False,,,0,,,,,,0,50,,power
P6463,Jamal,Harris,1988-01-12,78,209,African,dark,black,mustache,S,P,,1,RP,CL,,,,,55,,,,50,52,50,50,52,49,54,0,0,67,0,0,0,,,,,0,,,,44,45,42,44,48,39,48,0,0,67,0,0,0,False,,,0,,,,,,0,50,closer,
P2257,Jermaine,Robinson,1992-08-01,76,210,African,dark,black,clean_shaven,R,P,,1,RP,CL,,,,,51,,,,49,52,52,51,52,48,52,0,0,66,0,0,0,,,,,0,,,,39,50,46,47,45,41,51,0,0,59,0,0,0,False,,,0,,,,,,0,50,closer,
P8647,Cedric,Washington,2002-04-25,72,162,African,dark,black,clean_shaven,R,P,,1,RP,SP,,,,,50,,,,50,53,53,52,52,51,52,61,0,60,0,0,0,,,,,0,,,,61,62,65,67,63,64,61,68,0,70,0,0,0,False,,,0,,,,,,0,50,workhorse_sp,
P6839,Terrance,Sidi,1993-06-09,73,246,Anglo,medium,black,clean_shaven,R,P,,1,RP,SP,,,,,49,,,,50,49,51,52,53,49,52,58,59,59,58,0,0,,,,,0,,,,43,40,52,53,41,49,51,51,54,50,52,0,0,False,,,0,,,,,,0,50,groundball_sp,
P4750,Dwight,Mccowan,1999-11-18,76,225,Anglo,light,blonde,clean_shaven,R,P,,1,RP,SP,,,,,53,,,,48,50,52,50,52,49,50,61,62,57,61,0,0,,,,,0,,,,55,57,57,57,60,64,65,67,77,70,71,0,0,False,,,0,,,,,,0,50,groundball_sp,
P2432,Raul,Mendoza,2003-09-08,71,187,Hispanic,light,black,clean_shaven,L,P,,1,RP,RP,,,,,55,,,,48,50,51,50,52,50,50,58,0,0,60,0,0,,,,,0,,,,63,60,61,57,65,56,57,69,0,0,73,0,0,False,,,0,,,,,,0,50,groundball_rp,
P4066,Salvatore,Jaeschke,1999-10-22,73,228,Anglo,light,brown,beard,L,P,,1,RP,SP,,,,,50,,,,52,52,50,50,52,49,51,61,63,62,0,0,0,,,,,0,,,,63,61,65,60,61,61,64,69,75,77,0,0,0,False,,,0,,,,,,0,50,power_sp,
P5344,Jose,Gonzalez,1990-04-09,75,231,Hispanic,medium,brown,mustache,R,SS,,0,,,50,50,51,49,48,52,58,49,49,49,,,,,,,,,,,,41,44,45,45,48,0,0,49,46,41,,,,,,,,,,,,False,,,0,,,,,,0,50,,balanced
P6557,Deshawn,Washington,1991-11-10,69,244,African,dark,black,clean_shaven,L,2B,,0,,,64,52,49,52,51,49,49,48,50,52,,,,,,,,,,,,61,44,43,44,51,0,0,48,41,48,,,,,,,,,,,,False,,,0,,,,,,0,50,,spray
P5234,Cedric,Mitchell,1989-02-13,70,204,African,dark,black,goatee,R,LF,,0,,,50,51,50,50,53,48,55,51,49,51,,,,,,,,,,,,41,43,42,46,53,0,0,51,42,49,,,,,,,,,,,,False,,,0,,,,,,0,50,,average
P6850,Jonas,Moser,1998-01-04,74,161,Anglo,light,red,clean_shaven,R,C,,0,,,59,59,49,52,47,51,58,51,51,48,,,,,,,,,,,,57,58,47,54,47,0,0,51,51,47,,,,,,,,,,,,False,,,0,,,,,,0,50,,gap
P4102,Rufus,Carter,1999-06-01,77,185,African,dark,brown,beard,R,SS,,0,,,51,51,50,50,52,48,57,49,50,51,,,,,,,,,,,,58,62,65,55,52,0,0,49,64,64,,,,,,,,,,,,False,,,0,,,,,,0,50,,balanced
P1137,Aldo,Beliard,2003-08-09,78,195,Anglo,light,blonde,clean_shaven,L,RF,,0,,,48,51,51,50,50,52,46,47,50,49,,,,,,,,,,,,62,60,60,58,50,0,0,47,61,56,,,,,,,,,,,,False,,,0,,,,,,0,50,,balanced
P1285,Carlos,Gomez,1989-01-23,71,199,Hispanic,light,brown,beard,L,LF,,0,,,53,59,51,50,52,52,51,50,51,50,,,,,,,,,,,,52,50,46,47,52,0,0,50,51,45,,,,,,,,,,,,False,,,0,,,,,,0,50,,balanced
P7137,Mose,Hadson,1996-06-16,77,200,Anglo,light,blonde,clean_shaven,L,3B,,0,,,52,48,53,51,49,51,49,48,51,49,,,,,,,,,,,,57,49,48,49,49,0,0,48,49,46,,,,,,,,,,,,False,,,0,,,,,,0,50,,average
P6622,Ricardo,Vasquez,2005-12-14,71,218,Hispanic,light,brown,clean_shaven,L,P,,1,RP,CL,,,,,63,,,,49,53,48,52,54,52,51,0,0,67,0,0,0,,,,,88,,,,72,78,77,76,68,62,74,0,0,77,0,0,0,False,,,0,,,,,,0,50,closer,
P4873,Alejandro,Guerrero,2007-07-21,75,236,Hispanic,medium,blonde,clean_shaven,L,P,RF,1,RP,RP,,,,,51,,,,48,50,50,51,52,50,51,0,0,63,0,0,0,,,,,0,,,,72,74,77,76,71,79,64,0,0,90,0,0,0,False,,,0,,,,,,0,50,power_rp,
P7707,Louis,Chancy,2006-11-27,73,220,Anglo,medium,black,clean_shaven,L,P,,1,RP,RP,,,,,50,,,,49,52,52,50,53,49,51,60,61,0,0,54,0,,,,,0,,,,72,78,60,66,81,60,72,88,85,0,0,80,0,False,,,0,,,,,,0,50,finesse_rp,
P3066,Deshawn,Baker,2004-06-25,78,224,African,medium,black,clean_shaven,L,P,,1,RP,RP,,,,,52,,,,49,54,50,50,52,51,53,0,62,67,59,0,0,,,,,0,,,,60,65,70,78,62,76,63,0,86,87,77,0,0,False,,,0,,,,,,0,50,power_rp,
P4463,Percy,Mitchell,2006-12-06,74,196,African,dark,black,clean_shaven,R,P,,1,RP,SP,,,,,50,,,,51,50,50,51,53,53,52,63,62,0,0,0,0,,,,,0,,,,79,77,77,79,79,74,65,83,92,0,0,0,0,False,,,0,,,,,,0,50,finesse_sp,
P6900,Hunter,Chmura,2007-10-15,75,163,Anglo,light,brown,clean_shaven,R,RF,,0,,,50,57,48,50,49,53,57,52,48,53,,,,,,,,,,,,67,73,63,68,49,0,0,52,62,73,,,,,,,,,,,,False,,,0,,,,,,0,50,,power
P8899,Carlos,Mendoza,2007-01-21,73,179,Hispanic,medium,brown,clean_shaven,R,1B,,0,,,52,52,53,50,49,53,54,52,53,52,,,,,,,,,,,,71,68,75,70,49,0,0,52,66,81,,,,,,,,,,,,False,,,0,,,,,,0,50,,balanced
P5006,Malik,Wright,2004-05-27,73,217,African,light,brown,beard,R,CF,,0,,,50,48,52,49,49,52,56,51,51,48,,,,,,,,,,,,76,67,63,78,49,0,0,51,68,63,,,,,,,,,,,,False,,,0,,,,,,0,50,,balanced
P1895,Ricardo,Vargas,2007-04-20,78,225,Hispanic,dark,black,clean_shaven,L,SS,,0,,,51,57,48,52,51,50,47,52,49,49,,,,,,,,,,,,69,80,63,70,51,0,0,52,66,69,,,,,,,,,,,,False,,,0,,,,,,0,50,,power
P1456,Darnell,Walker,2007-06-26,72,200,African,dark,black,clean_shaven,R,SS,,0,,,57,49,53,54,50,49,59,49,53,50,,,,,,,,,,,,81,79,69,66,50,0,0,49,79,76,,,,,,,,,,,,False,,,0,,,,,,0,50,,spray
P6555,Salvador,Otomo,1998-12-19,77,178,Anglo,light,brown,beard,R,P,,1,RP,CL,,,,,55,,,,48,50,49,50,52,50,55,0,0,65,0,0,0,,,,,0,,,,63,58,65,60,64,55,63,0,0,75,0,0,0,False,,,0,,,,,,0,50,closer,
P9279,Marshall,Sidoti,1990-12-18,76,211,Anglo,light,red,mustache,L,P,,1,RP,RP,,,,,52,,,,49,50,50,50,53,53,52,0,61,0,0,0,0,,,,,0,,,,41,44,43,45,41,43,48,0,51,0,0,0,0,False,,,0,,,,,,0,50,power_rp,
P4610,Damian,Kapuscinski,2000-05-19,68,238,Anglo,dark,brown,clean_shaven,L,P,,1,RP,SP,,,,,47,,,,50,51,50,50,52,51,51,0,59,59,61,0,0,,,,,0,,,,63,59,64,60,62,61,56,0,73,66,66,0,0,False,,,0,,,,,,0,50,power_sp,
P7331,Kevin,Saxena,1997-05-28,75,232,Anglo,light,brown,clean_shaven,L,P,,1,RP,SP,,,,,48,,,,49,49,53,51,54,53,49,60,59,62,57,0,0,,,,,0,,,,54,53,55,50,51,56,48,58,57,64,60,0,0,False,,,0,,,,,,0,50,finesse_sp,
P4580,Jerald,Kut,1990-06-04,75,176,Anglo,medium,black,clean_shaven,R,P,,1,RP,RP,,,,,57,,,,52,52,52,51,52,49,50,0,0,0,59,0,0,,,,,0,,,,46,46,45,49,45,41,46,0,0,0,51,0,0,False,,,0,,,,,,0,50,groundball_rp,
P8759,Antonia,Eliezrie,1997-02-16,70,173,Anglo,dark,brown,beard,R,P,,1,RP,RP,,,,,52,,,,49,52,50,50,52,52,52,0,62,0,0,0,0,,,,,0,,,,53,57,51,57,52,49,50,0,58,0,0,0,0,False,,,0,,,,,,0,50,finesse_rp,
P3552,Darnell,Jackson,1993-03-25,77,216,African,dark,brown,clean_shaven,R,P,,1,RP,SP,,,,,49,,,,52,54,53,50,52,51,53,57,62,63,58,0,0,,,,,0,,,,49,44,49,46,53,45,45,55,59,59,56,0,0,False,,,0,,,,,,0,50,power_sp,
P4264,Jermaine,Harris,2003-04-30,70,233,African,dark,black,clean_shaven,L,P,,1,RP,SP,,,,,49,,,,52,50,50,52,52,51,52,0,63,63,0,0,0,,,,,0,,,,62,59,63,60,65,57,65,0,69,70,0,0,0,False,,,0,,,,,,0,50,power_sp,
P9889,Jamal,Mitchell,2000-03-01,73,223,African,dark,black,mustache,R,P,,1,RP,SP,,,,,50,,,,51,50,54,50,52,52,51,62,62,60,0,54,0,,,,,0,,,,57,61,61,65,65,64,63,71,69,75,0,59,0,False,,,0,,,,,,0,50,balanced_sp,
P4930,Jorge,Hernandez,1990-12-01,78,250,Hispanic,medium,brown,clean_shaven,L,P,,1,RP,SP,,,,,50,,,,49,52,52,50,54,51,52,62,61,0,58,58,0,,,,,0,,,,48,51,46,45,51,46,51,61,53,0,54,54,0,False,,,0,,,,,,0,50,finesse_sp,
P2837,Hector,Martinez,2003-12-28,69,212,Hispanic,medium,blonde,clean_shaven,R,P,,1,RP,RP,,,,,56,,,,51,50,48,52,52,52,54,0,0,0,62,0,0,,,,,0,,,,66,58,64,61,58,63,62,0,0,0,71,0,0,False,,,0,,,,,,0,50,groundball_rp,
P1980,Malik,Jackson,1997-12-11,71,245,African,dark,black,mustache,L,C,,0,,,66,52,49,51,53,49,48,51,51,50,,,,,,,,,,,,70,50,50,49,53,0,0,51,49,47,,,,,,,,,,,,False,,,0,,,,,,0,50,,spray
P3631,Cedric,Young,2001-10-25,71,189,African,dark,brown,clean_shaven,L,1B,,0,,,59,51,53,53,49,47,47,49,51,50,,,,,,,,,,,,71,63,63,62,49,0,0,49,62,60,,,,,,,,,,,,False,,,0,,,,,,0,50,,spray
P9453,Percy,Baker,1990-12-29,70,233,African,dark,brown,clean_shaven,R,2B,,0,,,50,50,49,52,50,48,59,48,48,48,,,,,,,,,,,,40,48,45,42,50,0,0,48,48,48,,,,,,,,,,,,False,,,0,,,,,,0,50,,balanced
P7602,Darnell,Taylor,2001-07-12,76,243,African,dark,black,beard,R,3B,,0,,,52,50,49,53,49,49,55,49,50,51,,,,,,,,,,,,63,60,59,60,49,0,0,49,57,65,,,,,,,,,,,,False,,,0,,,,,,0,50,,balanced
P6027,Manuel,Vargas,1999-04-12,69,248,Hispanic,medium,black,clean_shaven,S,SS,,0,,,50,49,49,51,52,52,53,49,48,47,,,,,,,,,,,,57,56,58,57,52,0,0,49,57,60,,,,,,,,,,,,False,,,0,,,,,,0,50,,average
P5377,Leroy,Jackson,1994-08-15,74,178,African,dark,black,clean_shaven,S,LF,,0,,,53,64,49,52,51,49,54,51,49,53,,,,,,,,,,,,48,59,54,47,51,0,0,51,48,52,,,,,,,,,,,,False,,,0,,,,,,0,50,,power
P6242,Franklin,Harding,1997-05-29,70,186,Anglo,dark,red,goatee,L,CF,,0,,,57,48,53,52,51,50,46,52,48,50,,,,,,,,,,,,54,53,56,57,51,0,0,52,44,53,,,,,,,,,,,,False,,,0,,,,,,0,50,,spray
P4201,Jermaine,Washington,1991-04-25,77,219,African,dark,black,mustache,S,RF,,0,,,53,51,85,50,50,50,55,47,48,49,,,,,,,,,,,,45,46,82,42,50,0,0,47,47,47,,,,,,,,,,,,False,,,0,,,,,,0,50,,elite_speed
P9803,Pedro,Morales,2002-12-19,77,203,Hispanic,light,brown,clean_shaven,R,CF,,0,,,49,56,49,49,47,53,50,49,48,51,,,,,,,,,,,,56,64,60,63,47,0,0,49,59,63,,,,,,,,,,,,False,,,0,,,,,,0,50,,power
P8608,Cedric,Allen,1996-02-03,77,194,African,dark,black,clean_shaven,R,C,,0,,,50,54,52,49,49,52,56,48,50,51,,,,,,,,,,,,51,57,49,49,49,0,0,48,49,50,,,,,,,,,,,,False,,,0,,,,,,0,50,,balanced
P1243,Tyrone,Allen,1998-05-16,68,200,African,dark,brown,clean_shaven,R,3B,,0,,,52,51,51,53,48,49,59,52,52,51,,,,,,,,,,,,58,61,65,59,48,0,0,52,66,64,,,,,,,,,,,,False,,,0,,,,,,0,50,,balanced
P7347,Miguel,Diaz,1999-06-20,72,215,Hispanic,medium,brown,clean_shaven,R,C,,0,,,51,50,49,49,53,52,58,48,51,51,,,,,,,,,,,,64,64,54,54,53,0,0,48,64,66,,,,,,,,,,,,False,,,0,,,,,,0,50,,balanced
P9190,Abdul,Koepf,1999-04-11,72,161,Anglo,light,black,clean_shaven,R,RF,,0,,,50,52,49,50,52,51,57,52,50,50,,,,,,,,,,,,58,58,56,57,52,0,0,52,62,64,,,,,,,,,,,,False,,,0,,,,,,0,50,,average
P1757,Barton,Figuroa,1997-04-10,72,170,Anglo,dark,black,clean_shaven,R,1B,,0,,,52,63,52,52,47,51,55,50,52,50,,,,,,,,,,,,55,60,52,51,47,0,0,50,51,47,,,,,,,,,,,,False,,,0,,,,,,0,50,,power
P7773,Pierre,Kolb,2000-03-01,69,177,Anglo,light,brown,clean_shaven,R,P,,1,RP,CL,,,,,55,,,,52,53,50,53,53,50,56,0,0,65,0,0,0,,,,,0,,,,65,64,68,68,55,56,66,0,0,72,0,0,0,False,,,0,,,,,,0,50,closer,
P5542,Jorge,Ortiz,2005-01-16,72,170,Hispanic,dark,brown,goatee,L,P,,1,RP,LR,,,,,51,,,,52,48,50,52,52,52,50,59,0,63,0,0,0,,,,,0,,,,82,78,81,66,60,62,77,73,0,92,0,0,0,False,,,0,,,,,,0,50,long_relief,
P4573,Carlos,Ramos,1989-01-02,73,230,Hispanic,dark,black,mustache,R,P,,1,RP,CL,,,,,52,,,,51,51,51,50,52,49,52,59,58,67,0,0,0,,,,,0,,,,47,42,44,49,49,43,49,56,48,59,0,0,0,False,,,0,,,,,,0,50,closer,
P6527,Roberto,Gomez,1990-10-28,75,192,Hispanic,medium,black,clean_shaven,R,P,,1,RP,SP,,,,,48,,,,50,49,53,50,54,50,52,59,64,60,0,57,0,,,,,0,,,,42,45,45,52,46,50,49,50,64,56,0,53,0,False,,,0,,,,,,0,50,finesse_sp,
P6107,Jamal,Gaines,1990-06-16,71,231,African,dark,black,mustache,R,P,,1,RP,RP,,,,,49,,,,52,48,52,51,52,49,51,0,60,0,0,0,0,,,,,0,,,,47,38,51,44,46,42,42,0,55,0,0,0,0,False,,,0,,,,,,0,50,finesse_rp,
P6402,Jose,Perez,2004-12-29,76,236,Hispanic,light,brown,goatee,L,P,,1,RP,SP,,,,,47,,,,52,51,52,53,52,51,50,60,59,0,0,54,0,,,,,0,,,,73,71,67,63,78,66,76,79,71,0,0,70,0,False,,,0,,,,,,0,50,finesse_sp,
P5130,Asa,Marchell,2001-01-23,69,246,Anglo,medium,brown,beard,R,P,,1,RP,CL,,,,,53,,,,50,50,49,50,52,51,55,60,58,65,0,0,0,,,,,0,,,,64,63,58,59,57,62,63,74,69,75,0,0,0,False,,,0,,,,,,0,50,closer,
P3445,Anderson,Molinski,2003-02-23,69,202,Anglo,light,black,clean_shaven,R,2B,,0,,,52,58,52,49,48,50,58,51,50,50,,,,,,,,,,,,63,66,59,62,48,0,0,51,56,60,,,,,,,,,,,,False,,,0,,,,,,0,50,,power
P2446,Tyrone,Baker,1991-05-28,74,216,African,dark,black,clean_shaven,R,3B,,0,,,52,48,78,53,53,51,57,48,50,50,,,,,,,,,,,,46,42,78,46,53,0,0,48,43,49,,,,,,,,,,,,False,,,0,,,,,,0,50,,speed
P9466,Jamal,Green,2004-12-24,71,166,African,dark,black,clean_shaven,R,2B,,0,,,51,51,52,53,48,50,61,51,48,49,,,,,,,,,,,,66,69,76,75,48,0,0,51,78,65,,,,,,,,,,,,False,,,0,,,,,,0,50,,gap
P9294,Manuel,Torres,1988-03-12,69,220,Hispanic,medium,black,goatee,R,SS,,0,,,62,56,52,52,51,50,61,52,50,50,,,,,,,,,,,,52,47,47,49,51,0,0,52,44,45,,,,,,,,,,,,False,,,0,,,,,,0,50,,gap
P2889,Virgil,Zettlemoyer,1995-12-27,72,189,Anglo,light,brown,clean_shaven,R,2B,,0,,,57,51,51,55,50,49,56,49,49,50,,,,,,,,,,,,60,47,55,59,50,0,0,49,51,48,,,,,,,,,,,,False,,,0,,,,,,0,50,,spray
P5127,Santiago,Dusky,1992-01-19,70,167,Anglo,dark,red,clean_shaven,R,SS,,0,,,53,53,51,52,48,47,57,50,49,50,,,,,,,,,,,,51,52,43,42,48,0,0,50,39,48,,,,,,,,,,,,False,,,0,,,,,,0,50,,balanced
P5610,Raul,Flores,1996-07-13,77,226,Hispanic,medium,blonde,goatee,R,C,,0,,,50,51,51,50,52,49,58,51,51,50,,,,,,,,,,,,52,49,56,46,52,0,0,51,47,51,,,,,,,,,,,,False,,,0,,,,,,0,50,,average
P3442,Andrew,Pfeiffer,1991-01-11,78,231,Anglo,medium,black,clean_shaven,R,SS,,0,,,51,47,71,53,49,47,59,52,52,50,,,,,,,,,,,,42,37,65,43,49,0,0,52,48,45,,,,,,,,,,,,False,,,0,,,,,,0,50,,speed
P4924,Colin,Suben,2007-06-16,69,234,Anglo,medium,blonde,clean_shaven,S,P,,1,RP,CL,,,,,55,,,,49,53,49,53,55,50,55,59,62,65,0,0,0,,,,,0,,,,74,78,67,85,62,74,74,74,85,86,0,0,0,False,,,0,,,,,,0,50,closer,
P7283,Leroy,Wright,2006-08-24,69,214,African,dark,black,mustache,R,P,,1,RP,SP,,,,,52,,,,52,51,54,50,54,50,50,59,63,61,0,0,0,,,,,0,,,,71,73,76,77,69,62,62,75,80,76,0,0,0,False,,,0,,,,,,0,50,workhorse_sp,
P5340,Jermaine,Jackson,2006-11-29,77,228,African,dark,black,clean_shaven,R,P,,1,RP,SP,,,,,51,,,,52,54,52,52,53,49,52,0,63,60,0,55,0,,,,,0,,,,73,66,63,80,78,78,63,0,88,79,0,71,0,False,,,0,,,,,,0,50,power_sp,
P5066,Jose,Garcia,2005-07-04,78,250,Hispanic,medium,black,clean_shaven,L,P,,1,RP,SP,,,,,54,,,,51,51,51,50,53,49,50,0,58,59,58,0,0,,,,,0,,,,66,81,68,65,69,64,78,0,87,88,78,0,0,False,,,0,,,,,,0,50,groundball_sp,
P4508,Roberto,Hernandez,2005-09-19,72,220,Hispanic,medium,brown,mustache,R,P,,1,RP,RP,,,,,52,,,,50,52,48,50,52,53,51,0,63,64,0,0,0,,,,,0,,,,70,82,61,66,78,63,74,0,91,83,0,0,0,False,,,0,,,,,,0,50,power_rp,
P8500,Xavier,Jackson,2005-09-22,77,208,African,dark,black,clean_shaven,R,RF,,0,,,54,60,51,51,50,50,57,51,51,49,,,,,,,,,,,,68,83,74,67,50,0,0,51,63,59,,,,,,,,,,,,False,,,0,,,,,,0,50,,gap
P5646,Garland,Remaley,2004-08-08,69,160,Anglo,medium,blonde,clean_shaven,L,LF,,0,,,53,60,47,49,49,51,47,53,49,49,,,,,,,,,,,,78,75,67,73,49,0,0,53,62,70,,,,,,,,,,,,False,,,0,,,,,,0,50,,power
P3965,Roberto,Ortiz,2006-02-08,69,203,Hispanic,dark,blonde,clean_shaven,R,C,,0,,,61,52,51,54,53,49,59,50,51,50,,,,,,,,,,,,89,77,61,65,53,0,0,50,73,65,,,,,,,,,,,,False,,,0,,,,,,0,50,,spray
P8735,Don,Leaks,2005-12-09,78,214,Anglo,light,brown,clean_shaven,L,1B,,0,,,63,56,50,52,52,50,43,51,48,51,,,,,,,,,,,,74,81,80,62,52,0,0,51,73,72,,,,,,,,,,,,False,,,0,,,,,,0,50,,spray
P3590,Xavier,Wright,2004-09-23,68,182,African,dark,black,clean_shaven,S,3B,,0,,,50,52,47,51,50,48,56,51,52,51,,,,,,,,,,,,62,68,73,67,50,0,0,51,78,70,,,,,,,,,,,,False,,,0,,,,,,0,50,,average
P3173,Hector,Lopez,1990-08-30,77,232,Hispanic,medium,brown,mustache,S,P,,1,RP,CL,,,,,55,,,,47,53,50,50,52,52,55,57,58,65,0,0,0,,,,,0,,,,44,47,44,46,42,42,54,54,55,65,0,0,0,False,,,0,,,,,,0,50,closer,
P1245,Malik,Green,1998-03-23,73,176,African,dark,brown,beard,R,P,,1,RP,SP,,,,,52,,,,50,49,53,50,52,52,50,61,0,0,61,0,0,,,,,0,,,,63,61,59,61,62,62,55,72,0,0,66,0,0,False,,,0,,,,,,0,50,groundball_sp,
P2205,Donald,Wollard,2003-06-06,74,175,Anglo,light,red,clean_shaven,R,P,,1,RP,SP,,,,,49,,,,51,48,54,50,52,53,51,61,59,0,0,0,0,,,,,0,,,,57,57,60,61,59,63,65,68,69,0,0,0,0,False,,,0,,,,,,0,50,finesse_sp,
P5654,Juan,Castillo,2004-07-13,69,228,Hispanic,light,blonde,clean_shaven,L,P,,1,RP,SP,,,,,49,,,,49,53,51,50,52,50,49,60,59,58,60,0,0,,,,,0,,,,78,67,70,72,64,64,75,80,80,80,77,0,0,False,,,0,,,,,,0,50,workhorse_sp,
P4145,Francisco,Martinez,1999-01-22,69,168,Hispanic,dark,black,clean_shaven,S,P,,1,RP,CL,,,,,52,,,,50,52,50,50,54,53,53,57,0,66,0,0,0,,,,,0,,,,58,57,59,68,63,60,60,66,0,75,0,0,0,False,,,0,,,,,,0,50,closer,
P3531,Manuel,Castillo,1998-07-01,78,215,Hispanic,dark,black,beard,L,P,,1,RP,SP,,,,,52,,,,52,52,50,52,52,48,51,0,60,59,0,0,0,,,,,0,,,,61,59,60,59,58,63,56,0,72,68,0,0,0,False,,,0,,,,,,0,50,power_sp,
P2897,Leroy,White,1994-01-12,75,199,African,dark,black,mustache,R,P,,1,RP,SP,,,,,48,,,,49,49,51,51,54,52,50,62,63,60,58,0,0,,,,,0,,,,46,42,46,44,42,42,42,54,53,60,58,0,0,False,,,0,,,,,,0,50,finesse_sp,
P4775,Raul,Diaz,1992-09-25,77,242,Hispanic,medium,blonde,clean_shaven,L,P,,1,RP,SP,,,,,49,,,,48,50,54,51,52,49,54,58,61,59,0,54,0,,,,,0,,,,44,48,41,47,48,44,45,52,59,59,0,45,0,False,,,0,,,,,,0,50,power_sp,
P4770,Darnell,King,1991-10-05,75,222,African,dark,black,clean_shaven,S,P,,1,RP,RP,,,,,53,,,,51,51,51,50,52,50,51,0,64,0,0,0,0,,,,,0,,,,43,50,42,43,43,46,44,0,64,0,0,0,0,False,,,0,,,,,,0,50,finesse_rp,
P4544,Emerson,Mcgraff,2003-02-23,72,221,Anglo,light,blonde,clean_shaven,R,P,,1,RP,SP,,,,,49,,,,50,51,52,53,52,50,53,60,59,58,0,0,0,,,,,0,,,,63,64,58,64,67,63,68,65,64,72,0,0,0,False,,,0,,,,,,0,50,balanced_sp,
P3100,Percy,Walker,2003-12-30,72,208,African,dark,black,clean_shaven,R,P,,1,RP,SP,,,,,49,,,,50,51,53,53,52,48,50,62,60,60,0,56,0,,,,,0,,,,61,58,62,62,64,63,64,73,74,75,0,68,0,False,,,0,,,,,,0,50,workhorse_sp,
P2478,Jerald,Shaklee,1994-10-10,68,180,Anglo,light,blonde,clean_shaven,R,C,,0,,,52,62,51,51,50,53,59,52,50,52,,,,,,,,,,,,49,58,49,55,50,0,0,52,50,47,,,,,,,,,,,,False,,,0,,,,,,0,50,,power
P5617,Rufus,Jackson,1988-05-14,76,229,African,medium,black,clean_shaven,L,1B,,0,,,51,51,50,52,50,52,48,52,51,52,,,,,,,,,,,,41,45,50,48,50,0,0,52,45,47,,,,,,,,,,,,False,,,0,,,,,,0,50,,average
P2083,Carlos,Flores,1990-07-03,69,168,Hispanic,dark,brown,goatee,R,2B,,0,,,53,51,70,52,53,51,57,50,52,51,,,,,,,,,,,,48,41,60,50,53,0,0,50,43,42,,,,,,,,,,,,False,,,0,,,,,,0,50,,speed
P8364,Jamal,Jackson,2001-12-03,69,217,African,dark,brown,clean_shaven,R,3B,,0,,,53,51,85,52,50,48,60,49,51,52,,,,,,,,,,,,63,56,97,59,50,0,0,49,57,61,,,,,,,,,,,,False,,,0,,,,,,0,50,,elite_speed
P9491,Percy,Carter,2004-09-01,71,224,African,dark,black,clean_shaven,R,SS,,0,,,53,59,49,50,47,50,57,51,53,47,,,,,,,,,,,,64,72,70,68,47,0,0,51,75,74,,,,,,,,,,,,False,,,0,,,,,,0,50,,power
P2535,Luis,Torres,1993-06-21,76,188,Hispanic,light,red,clean_shaven,S,LF,,0,,,53,51,71,53,49,47,51,50,52,49,,,,,,,,,,,,53,48,65,45,49,0,0,50,42,48,,,,,,,,,,,,False,,,0,,,,,,0,50,,speed
P9963,Jose,Vargas,2000-04-15,74,219,Hispanic,medium,red,beard,S,CF,,0,,,51,49,75,50,51,50,50,50,52,52,,,,,,,,,,,,64,64,87,61,51,0,0,50,62,62,,,,,,,,,,,,False,,,0,,,,,,0,50,,speed
P5452,Leroy,Walker,1990-04-15,69,198,African,dark,black,mustache,L,RF,,0,,,50,61,48,49,50,49,48,49,52,48,,,,,,,,,,,,46,60,48,41,50,0,0,49,47,38,,,,,,,,,,,,False,,,0,,,,,,0,50,,power
P4168,Roberto,Rivera,1992-12-27,74,249,Hispanic,light,red,clean_shaven,R,CF,,0,,,54,47,53,51,49,49,57,47,50,49,,,,,,,,,,,,52,41,50,43,49,0,0,47,45,40,,,,,,,,,,,,False,,,0,,,,,,0,50,,spray
P3191,Percy,Washington,1998-08-01,77,242,African,dark,black,clean_shaven,R,C,,0,,,53,52,50,53,49,52,59,48,51,51,,,,,,,,,,,,66,59,55,68,49,0,0,48,56,61,,,,,,,,,,,,False,,,0,,,,,,0,50,,balanced
P4247,Malik,Baker,2001-06-06,78,191,African,dark,brown,mustache,R,2B,,0,,,59,52,51,54,50,47,58,49,48,49,,,,,,,,,,,,68,65,64,63,50,0,0,49,63,58,,,,,,,,,,,,False,,,0,,,,,,0,50,,spray
P3298,Jermaine,Carter,1995-06-04,72,185,African,dark,black,mustache,L,CF,,0,,,64,51,51,52,53,48,45,50,52,50,,,,,,,,,,,,67,53,49,53,53,0,0,50,53,50,,,,,,,,,,,,False,,,0,,,,,,0,50,,spray
P4622,Jamal,Taylor,1996-06-05,72,236,African,dark,black,clean_shaven,R,C,,0,,,50,49,78,51,49,51,59,50,49,50,,,,,,,,,,,,52,50,78,47,49,0,0,50,50,51,,,,,,,,,,,,False,,,0,,,,,,0,50,,speed
P8574,Nigel,Bielecki,2000-11-09,69,165,Anglo,light,black,mustache,R,C,,0,,,53,61,51,52,51,50,55,50,53,51,,,,,,,,,,,,61,67,65,64,51,0,0,50,67,60,,,,,,,,,,,,False,,,0,,,,,,0,50,,power
P5789,Roberto,Reyes,2002-05-21,71,202,Hispanic,light,black,mustache,R,P,,1,RP,CL,,,,,55,,,,52,52,49,52,52,49,52,61,60,65,0,0,0,,,,,0,,,,65,60,63,65,63,58,58,74,69,80,0,0,0,False,,,0,,,,,,0,50,closer,
P6891,Felton,Shuptrine,2002-07-06,75,187,Anglo,light,brown,clean_shaven,L,P,,1,RP,SP,,,,,49,,,,48,52,54,52,52,48,51,58,59,59,58,0,0,,,,,0,,,,55,60,63,58,64,63,56,73,69,64,67,0,0,False,,,0,,,,,,0,50,workhorse_sp,
P5427,Cordell,Panke,2003-05-22,70,188,Anglo,light,brown,clean_shaven,L,P,,1,RP,LR,,,,,49,,,,49,53,51,50,52,49,50,0,62,0,0,0,0,,,,,0,,,,56,68,59,62,65,59,61,0,70,0,0,0,0,False,,,0,,,,,,0,50,long_relief,
P4507,Antonio,Martinez,2000-10-24,68,170,Hispanic,light,brown,clean_shaven,L,P,,1,RP,SP,,,,,50,,,,52,50,53,50,52,52,50,61,60,0,0,0,0,,,,,0,,,,67,56,62,60,63,62,65,73,66,0,0,0,0,False,,,0,,,,,,0,50,finesse_sp,
P8187,Jude,Scharf,1994-12-20,74,227,Anglo,medium,red,beard,R,P,,1,RP,SP,,,,,48,,,,51,49,53,51,52,51,53,61,0,59,0,0,0,,,,,0,,,,54,52,56,51,57,51,49,62,0,61,0,0,0,False,,,0,,,,,,0,50,workhorse_sp,
P2015,Ricardo,Garcia,1997-12-08,70,191,Hispanic,medium,black,clean_shaven,R,P,,1,RP,SP,,,,,49,,,,51,49,51,50,52,52,53,60,63,59,0,54,0,,,,,0,,,,50,49,47,56,47,51,51,64,68,56,0,56,0,False,,,0,,,,,,0,50,finesse_sp,
P8244,Alejandro,Rivera,1992-11-09,70,208,Hispanic,medium,brown,beard,R,P,,1,RP,SP,,,,,51,,,,50,49,51,50,54,48,54,57,60,59,0,57,0,,,,,0,,,,43,40,45,49,43,39,52,51,60,59,0,47,0,False,,,0,,,,,,0,50,power_sp,
P2940,Jose,Torres,1991-09-16,77,240,Hispanic,medium,black,clean_shaven,L,1B,,0,,,53,64,52,50,50,49,44,52,50,52,,,,,,,,,,,,53,59,44,41,50,0,0,52,49,51,,,,,,,,,,,,False,,,0,,,,,,0,50,,power
P9698,Antonio,Mendoza,1989-01-06,68,202,Hispanic,medium,brown,goatee,S,RF,,0,,,49,50,79,50,52,49,50,51,48,50,,,,,,,,,,,,42,48,73,49,52,0,0,51,48,48,,,,,,,,,,,,False,,,0,,,,,,0,50,,speed
P5567,Hector,Flores,1995-08-03,69,177,Hispanic,light,red,clean_shaven,R,LF,,0,,,52,51,52,52,49,51,55,53,49,53,,,,,,,,,,,,54,47,54,56,49,0,0,53,51,57,,,,,,,,,,,,False,,,0,,,,,,0,50,,average
P4490,Rico,Banfield,2003-07-05,78,226,Anglo,medium,blonde,clean_shaven,R,C,,0,,,50,52,48,51,49,52,59,51,51,51,,,,,,,,,,,,63,67,53,58,49,0,0,51,62,64,,,,,,,,,,,,False,,,0,,,,,,0,50,,average
P7725,Enoch,Vielle,1998-02-05,75,247,Anglo,light,blonde,clean_shaven,L,CF,RF,0,,,59,47,52,51,50,50,48,48,51,49,,,,,,,,,,,,62,51,47,47,50,0,0,48,55,50,,,,,,,,,,,,False,,,0,,,,,,0,50,,spray
P2749,Ricardo,Castillo,2004-01-19,78,242,Hispanic,medium,brown,beard,R,SS,,0,,,52,52,86,52,50,51,55,50,48,50,,,,,,,,,,,,60,66,96,57,50,0,0,50,61,55,,,,,,,,,,,,False,,,0,,,,,,0,50,,elite_speed
P5128,Hector,Ramos,1994-05-11,78,183,Hispanic,medium,black,clean_shaven,L,CF,LF,0,,,55,48,52,53,52,51,46,51,49,50,,,,,,,,,,,,53,53,49,50,52,0,0,51,47,48,,,,,,,,,,,,False,,,0,,,,,,0,50,,spray
P3036,Carlos,Martinez,1996-06-11,72,171,Hispanic,medium,blonde,clean_shaven,L,1B,,0,,,48,58,49,50,49,51,49,49,48,52,,,,,,,,,,,,46,62,45,53,49,0,0,49,45,55,,,,,,,,,,,,False,,,0,,,,,,0,50,,power
P9253,Miquel,Natt,2007-07-03,70,165,Anglo,light,blonde,clean_shaven,S,P,,1,RP,CL,,,,,55,,,,52,50,51,50,54,51,55,56,59,65,0,0,0,,,,,0,,,,67,78,80,75,65,71,68,83,86,92,0,0,0,False,,,0,,,,,,0,50,closer,
P9771,Anthony,Gouthier,2007-08-24,71,232,Anglo,medium,blonde,clean_shaven,R,P,,1,RP,SP,,,,,48,,,,52,53,50,54,52,49,53,61,59,0,0,0,0,,,,,0,,,,65,77,77,66,68,77,73,83,87,0,0,0,0,False,,,0,,,,,,0,50,finesse_sp,
P7798,Willis,Matheney,2007-04-03,77,164,Anglo,light,blonde,clean_shaven,L,P,,1,RP,RP,,,,,50,,,,49,51,48,50,52,50,55,0,62,64,59,0,0,,,,,0,,,,78,80,78,73,71,68,77,0,88,92,76,0,0,False,,,0,,,,,,0,50,power_rp,
P9407,Jason,Wunderlich,2005-05-19,70,160,Anglo,light,brown,clean_shaven,L,P,,1,RP,RP,,,,,51,,,,52,52,50,50,52,51,51,0,58,0,0,0,0,,,,,0,,,,77,70,60,78,77,61,78,0,86,0,0,0,0,False,,,0,,,,,,0,50,power_rp,
P3306,Burt,Dailey,2007-04-27,75,185,Anglo,light,brown,clean_shaven,S,P,,1,RP,SP,,,,,54,,,,52,49,50,50,54,51,52,60,59,0,60,0,0,,,,,0,,,,72,79,78,71,76,80,72,85,79,0,82,0,0,False,,,0,,,,,,0,50,groundball_sp,
P2633,Jarod,Wedner,2006-07-30,77,205,Anglo,dark,black,clean_shaven,L,LF,,0,,,53,53,49,52,48,48,49,53,49,52,,,,,,,,,,,,67,64,61,68,48,0,0,53,69,74,,,,,,,,,,,,False,,,0,,,,,,0,50,,average
P9985,Angel,Hollenbaugh,2006-04-07,72,173,Anglo,light,red,clean_shaven,R,C,,0,,,51,53,51,50,52,51,58,53,50,51,,,,,,,,,,,,73,75,64,79,52,0,0,53,74,61,,,,,,,,,,,,False,,,0,,,,,,0,50,,balanced
P9753,Laurence,Camus,2006-09-03,76,217,Anglo,medium,brown,beard,L,C,,0,,,50,50,70,51,51,50,52,49,53,52,,,,,,,,,,,,65,68,91,72,51,0,0,49,64,68,,,,,,,,,,,,False,,,0,,,,,,0,50,,speed
P5422,Rupert,Dafonte,2004-12-22,78,242,Anglo,light,black,goatee,R,1B,,0,,,63,51,53,51,52,51,56,48,51,50,,,,,,,,,,,,75,74,70,75,52,0,0,48,76,76,,,,,,,,,,,,False,,,0,,,,,,0,50,,spray
P5912,Glenn,Freehling,2005-04-12,75,250,Anglo,light,black,clean_shaven,L,2B,,0,,,56,49,49,55,52,49,51,48,52,53,,,,,,,,,,,,78,72,67,67,52,0,0,48,76,81,,,,,,,,,,,,False,,,0,,,,,,0,50,,spray
P6541,Margarito,Mako,2002-04-28,70,204,Anglo,medium,blonde,goatee,L,P,,1,RP,CL,,,,,55,,,,52,53,50,53,54,53,52,58,62,66,0,0,0,,,,,0,,,,66,67,60,63,65,64,57,71,72,77,0,0,0,False,,,0,,,,,,0,50,closer,
P6744,Bryan,Mclennon,2000-03-17,76,173,Anglo,light,red,clean_shaven,L,P,,1,RP,SP,,,,,50,,,,52,51,52,51,52,50,53,58,62,0,57,54,0,,,,,0,,,,63,66,63,59,64,57,64,63,77,0,68,68,0,False,,,0,,,,,,0,50,finesse_sp,
P9785,Seymour,Grew,1994-12-16,77,172,Anglo,light,brown,clean_shaven,S,P,,1,RP,SP,,,,,50,,,,48,49,54,51,52,49,52,61,61,0,0,56,0,,,,,0,,,,47,54,51,49,56,53,47,65,65,0,0,58,0,False,,,0,,,,,,0,50,finesse_sp,
P3767,Tuan,Shipe,2000-03-31,70,190,Anglo,light,black,clean_shaven,R,P,,1,RP,SP,,,,,50,,,,49,48,52,52,52,51,52,60,61,60,0,0,0,,,,,0,,,,57,57,66,67,62,65,57,65,68,68,0,0,0,False,,,0,,,,,,0,50,balanced_sp,
P9842,Doyle,Camerena,1999-03-03,71,206,Anglo,dark,blonde,clean_shaven,R,P,,1,RP,SP,,,,,51,,,,52,50,50,50,52,50,54,60,59,63,0,0,0,,,,,0,,,,60,63,61,57,61,59,65,65,68,74,0,0,0,False,,,0,,,,,,0,50,workhorse_sp,
P3691,Alexis,Hadsall,2004-02-15,71,190,Anglo,light,black,clean_shaven,R,P,,1,RP,RP,,,,,53,,,,52,49,50,50,53,49,54,58,60,0,0,0,0,,,,,0,,,,58,56,62,68,55,63,69,67,71,0,0,0,0,False,,,0,,,,,,0,50,finesse_rp,
P1770,Jayson,Masell,2002-08-04,77,173,Anglo,light,blonde,clean_shaven,L,P,,1,RP,SP,,,,,50,,,,52,51,53,52,54,50,55,61,61,62,59,0,0,,,,,0,,,,60,64,61,68,60,60,65,70,73,73,71,0,0,False,,,0,,,,,,0,50,power_sp,
P8170,Roderick,Grieb,1994-07-27,72,227,Anglo,light,brown,goatee,L,P,,1,RP,RP,,,,,53,,,,48,52,49,52,54,49,50,57,62,0,0,0,0,,,,,0,,,,51,49,52,51,48,52,49,58,58,0,0,0,0,False,,,0,,,,,,0,50,finesse_rp,
P6356,Odis,Carney,1995-05-29,74,237,Anglo,light,red,beard,R,P,,1,RP,SP,,,,,50,,,,49,53,53,51,52,48,51,0,60,61,0,0,0,,,,,0,,,,45,50,55,54,58,49,52,0,59,56,0,0,0,False,,,0,,,,,,0,50,power_sp,
P6141,Sam,Thamphia,1989-06-28,74,193,Anglo,medium,black,clean_shaven,L,P,,1,RP,SP,,,,,48,,,,49,50,50,52,52,52,52,62,59,61,0,0,0,,,,,0,,,,49,44,46,49,42,51,50,62,53,56,0,0,0,False,,,0,,,,,,0,50,finesse_sp,
P4697,Quentin,Harker,1997-04-23,69,191,Anglo,light,brown,goatee,S,P,,1,RP,RP,,,,,55,,,,53,52,48,51,53,52,52,58,0,0,61,0,0,,,,,0,,,,53,52,47,52,44,49,48,55,0,0,58,0,0,False,,,0,,,,,,0,50,groundball_rp,
P6594,Timmy,Altschuler,2000-07-20,73,199,Anglo,light,black,clean_shaven,R,C,,0,,,51,50,70,51,51,52,55,50,50,49,,,,,,,,,,,,59,57,81,56,51,0,0,50,61,58,,,,,,,,,,,,False,,,0,,,,,,0,50,,speed
P5082,Dana,Retter,1991-06-25,69,243,Anglo,medium,brown,clean_shaven,S,1B,,0,,,54,56,52,50,49,49,50,49,48,52,,,,,,,,,,,,46,51,42,44,49,0,0,49,48,49,,,,,,,,,,,,False,,,0,,,,,,0,50,,gap
P7682,Mikel,Bogaert,1991-04-19,69,203,Anglo,light,blonde,clean_shaven,R,2B,,0,,,54,51,49,53,48,51,56,48,49,50,,,,,,,,,,,,52,46,46,48,48,0,0,48,48,41,,,,,,,,,,,,False,,,0,,,,,,0,50,,balanced
P9141,Silas,Layell,1996-12-07,72,196,Anglo,light,brown,goatee,L,3B,,0,,,50,50,51,49,51,52,51,49,49,48,,,,,,,,,,,,47,54,50,44,51,0,0,49,52,49,,,,,,,,,,,,False,,,0,,,,,,0,50,,balanced
P8407,Russ,Tomlinson,1999-04-29,78,238,Anglo,light,brown,clean_shaven,L,SS,,0,,,50,49,51,51,51,51,52,50,53,48,,,,,,,,,,,,59,63,60,66,51,0,0,50,61,56,,,,,,,,,,,,False,,,0,,,,,,0,50,,balanced
P9380,Otto,Parlor,2004-04-19,71,193,Anglo,light,brown,clean_shaven,S,LF,,0,,,53,63,49,50,47,51,52,49,48,48,,,,,,,,,,,,67,84,61,79,47,0,0,49,62,62,,,,,,,,,,,,False,,,0,,,,,,0,50,,power
P2434,Isaias,Seise,2000-01-07,77,223,Anglo,light,black,clean_shaven,R,CF,,0,,,52,63,52,51,52,54,54,51,49,53,,,,,,,,,,,,63,72,61,65,52,0,0,51,63,62,,,,,,,,,,,,False,,,0,,,,,,0,50,,power
P8791,Zachery,Greet,1989-09-09,69,212,Anglo,medium,blonde,clean_shaven,L,RF,LF,0,,,55,49,53,52,53,46,51,52,52,51,,,,,,,,,,,,49,42,43,48,53,0,0,52,46,42,,,,,,,,,,,,False,,,0,,,,,,0,50,,spray
P5117,Anton,Wraight,1993-06-27,70,167,Anglo,light,red,clean_shaven,R,C,,0,,,53,50,48,52,48,50,54,48,52,50,,,,,,,,,,,,50,45,39,49,48,0,0,48,52,40,,,,,,,,,,,,False,,,0,,,,,,0,50,,average
P6553,Nicholas,Taruer,1989-09-18,72,223,Anglo,light,black,clean_shaven,S,RF,,0,,,52,52,50,51,49,53,53,50,49,49,,,,,,,,,,,,50,43,42,45,49,0,0,50,49,46,,,,,,,,,,,,False,,,0,,,,,,0,50,,average
P9413,Thurman,Arcilla,1993-07-06,73,239,Anglo,light,blonde,goatee,R,SS,,0,,,49,53,49,49,51,52,61,51,48,48,,,,,,,,,,,,44,47,44,41,51,0,0,51,45,42,,,,,,,,,,,,False,,,0,,,,,,0,50,,balanced
P7385,Kelly,Elsaesser,1995-01-26,76,175,Anglo,medium,blonde,clean_shaven,R,1B,,0,,,51,56,48,50,51,48,53,49,47,49,,,,,,,,,,,,51,52,53,53,51,0,0,49,46,54,,,,,,,,,,,,False,,,0,,,,,,0,50,,gap
P9969,Terrell,Michniak,2004-10-01,69,225,Anglo,light,blonde,clean_shaven,S,2B,,0,,,51,61,49,51,52,51,51,49,48,49,,,,,,,,,,,,66,81,65,63,52,0,0,49,68,75,,,,,,,,,,,,False,,,0,,,,,,0,50,,power
P1205,Teddy,Pong,1999-12-20,76,248,Anglo,light,blonde,clean_shaven,L,CF,,0,,,53,52,48,49,51,48,45,49,48,51,,,,,,,,,,,,61,58,54,54,51,0,0,49,59,58,,,,,,,,,,,,False,,,0,,,,,,0,50,,balanced
P8813,Shaun,Viessman,1988-04-22,68,167,Anglo,medium,blonde,clean_shaven,R,P,,1,RP,CL,,,,,55,,,,49,53,49,52,54,51,54,61,61,67,0,0,0,,,,,0,,,,46,51,49,53,43,49,49,51,51,64,0,0,0,False,,,0,,,,,,0,50,closer,
P4275,David,Tuten,2003-05-14,77,164,Anglo,light,red,mustache,R,P,,1,RP,SP,,,,,51,,,,52,50,52,53,52,51,50,60,63,63,57,0,0,,,,,0,,,,67,58,60,66,60,58,63,73,78,73,62,0,0,False,,,0,,,,,,0,50,power_sp,
P2188,Trinidad,Brownsberger,1998-01-12,77,193,Anglo,medium,blonde,clean_shaven,L,P,,1,RP,SP,,,,,51,,,,50,49,54,50,52,52,53,58,63,60,0,0,0,,,,,0,,,,48,53,55,50,55,56,53,55,64,56,0,0,0,False,,,0,,,,,,0,50,balanced_sp,
P1195,Weldon,Caughman,1997-06-15,76,198,Anglo,dark,black,clean_shaven,L,P,,1,RP,RP,,,,,50,,,,51,54,49,50,53,50,55,0,61,0,0,0,0,,,,,0,,,,52,51,50,50,51,45,56,0,58,0,0,0,0,False,,,0,,,,,,0,50,power_rp,
P8956,Abel,Bernhagen,1991-05-05,74,226,Anglo,medium,red,clean_shaven,S,P,,1,RP,RP,,,,,52,,,,49,52,49,50,52,53,50,0,62,0,0,0,0,,,,,0,,,,39,47,41,51,45,44,45,0,53,0,0,0,0,False,,,0,,,,,,0,50,finesse_rp,
P6143,Clifford,Sandoral,2001-08-30,73,213,Anglo,light,blonde,mustache,L,P,,1,RP,CL,,,,,52,,,,51,53,51,52,52,52,53,56,60,65,0,0,0,,,,,0,,,,60,59,60,67,59,60,59,70,75,78,0,0,0,False,,,0,,,,,,0,50,closer,
P1954,Jerrold,Bemo,1993-02-03,77,222,Anglo,dark,brown,clean_shaven,R,P,,1,RP,SP,,,,,51,,,,51,50,51,50,53,52,51,60,60,62,0,54,0,,,,,0,,,,47,45,40,49,44,45,44,59,55,54,0,46,0,False,,,0,,,,,,0,50,balanced_sp,
P1683,Alonzo,Strait,2004-12-11,72,237,Anglo,light,red,clean_shaven,S,3B,,0,,,50,53,52,49,47,47,52,51,52,49,,,,,,,,,,,,65,73,75,79,47,0,0,51,64,64,,,,,,,,,,,,False,,,0,,,,,,0,50,,gap
P4323,Clifton,Ussery,1991-06-04,76,166,Anglo,light,brown,clean_shaven,R,2B,3B,0,,,50,52,49,50,52,48,57,50,52,53,,,,,,,,,,,,47,47,48,47,52,0,0,50,51,49,,,,,,,,,,,,False,,,0,,,,,,0,50,,balanced
P6639,Len,Neis,1991-10-04,71,176,Anglo,medium,blonde,beard,R,C,,0,,,51,53,51,52,49,49,54,52,53,49,,,,,,,,,,,,49,46,46,48,49,0,0,52,46,39,,,,,,,,,,,,False,,,0,,,,,,0,50,,balanced
P3418,Margarito,Gouras,1998-10-24,72,188,Anglo,medium,blonde,clean_shaven,S,2B,,0,,,50,52,48,49,51,52,51,50,49,53,,,,,,,,,,,,56,62,58,54,51,0,0,50,55,64,,,,,,,,,,,,False,,,0,,,,,,0,50,,balanced
P5496,Omar,Surina,1999-01-13,69,215,Anglo,dark,brown,clean_shaven,R,RF,,0,,,56,52,48,51,47,53,53,49,49,52,,,,,,,,,,,,62,63,59,61,47,0,0,49,56,63,,,,,,,,,,,,False,,,0,,,,,,0,50,,gap
P7104,Duane,Esfahani,1991-08-05,71,170,Anglo,medium,brown,clean_shaven,R,2B,,0,,,49,49,48,52,49,48,59,50,49,49,,,,,,,,,,,,46,43,45,51,49,0,0,50,39,49,,,,,,,,,,,,False,,,0,,,,,,0,50,,average
P5679,Carol,Gosney,1990-08-17,76,224,Anglo,light,brown,beard,R,RF,,0,,,52,49,94,50,49,52,58,51,49,49,,,,,,,,,,,,51,40,87,43,49,0,0,51,40,41,,,,,,,,,,,,False,,,0,,,,,,0,50,,elite_speed
P1108,Floyd,Lataquin,1996-03-23,73,185,Anglo,light,blonde,mustache,R,CF,,0,,,50,54,49,51,49,52,54,48,47,52,,,,,,,,,,,,47,51,52,52,49,0,0,48,49,52,,,,,,,,,,,,False,,,0,,,,,,0,50,,gap
P7942,Hubert,Rommelfanger,2007-09-07,68,213,Anglo,light,black,goatee,S,P,,1,RP,CL,,,,,55,,,,49,53,49,51,53,53,52,61,59,65,0,0,0,,,,,0,,,,61,77,74,64,64,83,75,87,85,93,0,0,0,False,,,0,,,,,,0,50,closer,
P5413,Neal,Vollman,2005-10-05,77,188,Anglo,medium,black,clean_shaven,S,P,,1,RP,SP,,,,,50,,,,52,48,51,52,54,50,53,62,61,0,0,0,0,,,,,0,,,,76,60,67,79,69,78,79,80,84,0,0,0,0,False,,,0,,,,,,0,50,finesse_sp,
P1376,Fausto,Runions,2004-12-11,77,217,Anglo,light,blonde,beard,R,P,,1,RP,SP,,,,,50,,,,49,52,53,51,52,52,53,60,0,62,0,0,0,,,,,0,,,,78,82,78,65,64,82,78,81,0,75,0,0,0,False,,,0,,,,,,0,50,balanced_sp,
P7077,Mauro,Pavelich,2004-07-24,71,167,Anglo,dark,red,clean_shaven,S,P,,1,RP,SP,,,,,49,,,,53,51,53,52,54,47,50,0,60,62,59,0,0,,,,,0,,,,66,67,66,74,81,72,70,0,74,92,83,0,0,False,,,0,,,,,,0,50,power_sp,
P9433,Parker,Overdorf,2007-12-07,75,207,Anglo,medium,blonde,clean_shaven,R,P,,1,RP,SP,,,,,51,,,,52,49,54,51,53,48,53,61,0,60,0,0,0,,,,,0,,,,66,69,64,69,76,69,65,77,0,90,0,0,0,False,,,0,,,,,,0,50,balanced_sp,
P3238,Adan,Gradillas,2005-03-11,75,171,Anglo,light,brown,clean_shaven,R,RF,,0,,,54,47,51,50,53,46,58,51,48,48,,,,,,,,,,,,70,68,67,73,53,0,0,51,76,71,,,,,,,,,,,,False,,,0,,,,,,0,50,,spray
P6163,Tyron,Reau,2004-05-04,77,168,Anglo,medium,black,beard,R,2B,,0,,,53,52,51,52,52,50,56,52,48,52,,,,,,,,,,,,73,63,62,77,52,0,0,52,67,67,,,,,,,,,,,,False,,,0,,,,,,0,50,,average
P4881,Dwain,Zoldesy,2005-03-09,75,240,Anglo,light,red,clean_shaven,R,LF,,0,,,53,60,48,51,48,51,57,51,50,51,,,,,,,,,,,,83,90,77,79,48,0,0,51,80,67,,,,,,,,,,,,False,,,0,,,,,,0,50,,balanced
P9578,Thanh,Wellen,2005-02-02,72,189,Anglo,medium,black,clean_shaven,R,2B,,0,,,53,50,50,49,50,48,56,49,48,50,,,,,,,,,,,,74,79,70,64,50,0,0,49,59,62,,,,,,,,,,,,False,,,0,,,,,,0,50,,average
P9634,Isiah,Cruikshank,2005-01-27,71,198,Anglo,medium,black,clean_shaven,L,1B,,0,,,52,62,47,50,48,52,48,49,48,48,,,,,,,,,,,,67,74,62,67,48,0,0,49,72,67,,,,,,,,,,,,False,,,0,,,,,,0,50,,power
P4643,John,Doe,1997-09-17,75,219,Unknown,medium,brown,clean_shaven,L,P,,1,RP,CL,,,,,55,,,,51,51,50,50,52,52,54,0,62,66,0,0,0,,,,,0,,,,46,50,50,52,48,56,54,0,66,68,0,0,0,False,,,0,,,,,,0,50,closer,
P7948,John,Doe,1991-07-08,68,197,Unknown,light,brown,beard,L,P,,1,RP,RP,,,,,55,,,,49,52,47,51,54,53,52,57,57,0,61,0,0,,,,,0,,,,44,45,48,51,39,43,49,55,54,0,61,0,0,False,,,0,,,,,,0,50,groundball_rp,
P4241,John,Doe,2002-09-23,75,210,Unknown,medium,black,clean_shaven,R,P,,1,RP,RP,,,,,51,,,,51,53,49,50,52,51,52,0,0,65,0,0,0,,,,,0,,,,62,62,59,58,59,66,65,0,0,70,0,0,0,False,,,0,,,,,,0,50,power_rp,
P8963,John,Doe,2004-01-01,70,239,Unknown,light,black,goatee,R,P,,1,RP,SP,,,,,53,,,,50,49,50,52,52,50,51,58,62,58,58,0,0,,,,,0,,,,61,64,58,59,55,58,57,73,73,72,72,0,0,False,,,0,,,,,,0,50,groundball_sp,
P8806,John,Doe,1987-05-24,76,247,Unknown,dark,black,beard,R,P,,1,RP,SP,,,,,51,,,,50,48,53,52,54,49,51,58,60,61,0,0,0,,,,,0,,,,45,46,43,52,50,49,44,48,56,56,0,0,0,False,,,0,,,,,,0,50,balanced_sp,
P5218,John,Doe,1999-08-28,68,169,Unknown,dark,red,beard,R,P,,1,RP,SP,,,,,48,,,,50,50,53,50,52,51,51,0,62,59,0,0,0,,,,,0,,,,59,64,55,60,60,63,63,0,69,68,0,0,0,False,,,0,,,,,,0,50,power_sp,
P1536,John,Doe,1999-05-09,70,219,Unknown,dark,brown,beard,L,P,,1,RP,SP,,,,,50,,,,50,49,53,53,52,48,52,61,59,61,0,55,0,,,,,0,,,,57,63,65,57,65,56,59,68,74,73,0,61,0,False,,,0,,,,,,0,50,balanced_sp,
P2997,John,Doe,1999-01-20,68,181,Unknown,medium,black,clean_shaven,R,P,,1,RP,SP,,,,,50,,,,52,50,54,52,54,49,49,58,60,61,0,0,0,,,,,0,,,,60,55,62,69,65,57,63,66,73,76,0,0,0,False,,,0,,,,,,0,50,balanced_sp,
P9754,John,Doe,1997-12-29,78,198,Unknown,medium,brown,mustache,S,P,,1,RP,SP,,,,,50,,,,52,52,49,51,52,52,51,58,62,0,0,0,0,,,,,0,,,,54,47,51,51,49,47,55,58,63,0,0,0,0,False,,,0,,,,,,0,50,finesse_sp,
P3701,John,Doe,1996-02-11,69,248,Unknown,dark,brown,goatee,L,P,,1,RP,SP,,,,,52,,,,50,50,51,50,53,52,51,0,60,0,61,0,0,,,,,0,,,,51,53,45,53,51,47,49,0,62,0,59,0,0,False,,,0,,,,,,0,50,groundball_sp,
P2640,John,Doe,1992-02-21,68,245,Unknown,medium,brown,goatee,R,P,,1,RP,RP,,,,,52,,,,48,49,50,52,52,49,51,60,60,0,0,0,0,,,,,0,,,,45,41,47,49,49,41,45,55,54,0,0,0,0,False,,,0,,,,,,0,50,finesse_rp,
P8164,John,Doe,2003-10-02,78,194,Unknown,dark,red,mustache,R,C,,0,,,50,54,53,49,51,52,57,52,48,49,,,,,,,,,,,,64,60,67,64,51,0,0,52,62,63,,,,,,,,,,,,False,,,0,,,,,,0,50,,balanced
P2024,John,Doe,1992-01-28,68,197,Unknown,dark,blonde,clean_shaven,R,1B,,0,,,52,62,50,49,51,51,51,48,48,49,,,,,,,,,,,,50,59,44,41,51,0,0,48,41,49,,,,,,,,,,,,False,,,0,,,,,,0,50,,power
P3171,John,Doe,1997-04-20,68,222,Unknown,light,brown,clean_shaven,R,2B,,0,,,54,51,70,54,53,50,58,53,52,53,,,,,,,,,,,,56,53,66,57,53,0,0,53,56,51,,,,,,,,,,,,False,,,0,,,,,,0,50,,speed
P2631,John,Doe,1987-03-22,71,199,Unknown,dark,brown,clean_shaven,L,3B,,0,,,51,62,48,51,49,50,48,50,51,49,,,,,,,,,,,,45,52,48,51,49,0,0,50,43,47,,,,,,,,,,,,False,,,0,,,,,,0,50,,power
P5532,John,Doe,1990-06-04,71,220,Unknown,dark,black,clean_shaven,L,SS,,0,,,58,51,49,53,51,47,51,50,50,51,,,,,,,,,,,,56,45,49,48,51,0,0,50,42,50,,,,,,,,,,,,False,,,0,,,,,,0,50,,spray
P4810,John,Doe,2003-12-13,74,248,Unknown,medium,brown,clean_shaven,S,LF,1B,0,,,56,60,50,51,50,49,51,51,51,51,,,,,,,,,,,,64,70,60,58,50,0,0,51,64,65,,,,,,,,,,,,False,,,0,,,,,,0,50,,gap
P4772,John,Doe,1987-12-29,74,220,Unknown,medium,black,goatee,R,CF,,0,,,54,50,51,50,53,52,56,52,50,48,,,,,,,,,,,,50,48,49,46,53,0,0,52,48,43,,,,,,,,,,,,False,,,0,,,,,,0,50,,balanced
P5973,John,Doe,1994-02-06,76,221,Unknown,light,black,clean_shaven,R,RF,,0,,,49,61,48,51,48,54,54,49,48,53,,,,,,,,,,,,42,58,44,44,48,0,0,49,39,53,,,,,,,,,,,,False,,,0,,,,,,0,50,,power
P1833,John,Doe,2000-01-26,68,243,Unknown,light,brown,clean_shaven,R,2B,3B,0,,,52,48,51,49,49,50,55,50,48,53,,,,,,,,,,,,65,59,59,63,49,0,0,50,53,62,,,,,,,,,,,,False,,,0,,,,,,0,50,,average
P1591,John,Doe,1988-04-13,70,169,Unknown,medium,black,beard,R,LF,,0,,,59,49,50,52,52,51,56,53,49,49,,,,,,,,,,,,54,47,41,48,52,0,0,53,45,43,,,,,,,,,,,,False,,,0,,,,,,0,50,,spray
P2521,John,Doe,1996-10-07,78,162,Unknown,medium,brown,clean_shaven,R,CF,,0,,,51,51,53,52,52,50,56,53,47,50,,,,,,,,,,,,47,46,50,57,52,0,0,53,44,46,,,,,,,,,,,,False,,,0,,,,,,0,50,,average
P1102,John,Doe,1995-11-11,77,229,Unknown,medium,blonde,clean_shaven,S,LF,,0,,,52,49,48,52,51,48,50,53,50,49,,,,,,,,,,,,54,52,50,56,51,0,0,53,47,47,,,,,,,,,,,,False,,,0,,,,,,0,50,,average
P6205,John,Doe,1997-12-16,70,197,Unknown,dark,black,clean_shaven,S,CF,,0,,,52,50,76,52,53,48,50,50,48,49,,,,,,,,,,,,49,55,72,47,53,0,0,50,44,47,,,,,,,,,,,,False,,,0,,,,,,0,50,,speed
P3983,John,Doe,1993-11-04,71,199,Unknown,medium,brown,goatee,S,2B,,0,,,54,52,53,52,51,52,54,52,52,49,,,,,,,,,,,,46,44,44,47,51,0,0,52,49,41,,,,,,,,,,,,False,,,0,,,,,,0,50,,balanced
P2534,John,Doe,1989-04-11,75,168,Unknown,medium,black,beard,R,P,,1,RP,CL,,,,,55,,,,49,51,47,50,52,53,53,0,0,65,0,0,0,,,,,0,,,,48,41,50,51,47,50,47,0,0,55,0,0,0,False,,,0,,,,,,0,50,closer,
P4757,John,Doe,1989-12-27,77,215,Unknown,light,brown,mustache,R,P,,1,RP,RP,,,,,53,,,,48,50,52,50,52,52,54,57,0,0,60,0,0,,,,,0,,,,43,49,47,42,52,47,51,52,0,0,58,0,0,False,,,0,,,,,,0,50,groundball_rp,
P7289,John,Doe,1997-12-22,71,212,Unknown,dark,black,clean_shaven,R,P,,1,RP,SP,,,,,48,,,,49,53,51,50,52,51,55,0,62,60,0,0,0,,,,,0,,,,51,48,52,54,54,47,60,0,59,60,0,0,0,False,,,0,,,,,,0,50,power_sp,
P4296,John,Doe,1988-05-31,76,223,Unknown,light,black,beard,R,P,,1,RP,SP,,,,,53,,,,50,48,53,53,54,49,51,0,60,61,58,0,0,,,,,0,,,,45,44,47,47,49,44,49,0,56,51,48,0,0,False,,,0,,,,,,0,50,groundball_sp,
P7915,John,Doe,1992-05-21,78,172,Unknown,dark,brown,clean_shaven,R,P,,1,RP,CL,,,,,52,,,,48,54,49,52,53,48,55,0,0,66,0,0,0,,,,,0,,,,43,47,47,47,43,45,49,0,0,64,0,0,0,False,,,0,,,,,,0,50,closer,
P5865,John,Doe,1987-06-06,72,200,Unknown,medium,black,clean_shaven,L,P,,1,RP,RP,,,,,56,,,,50,50,52,50,53,48,53,0,0,0,64,0,0,,,,,0,,,,46,43,48,43,43,47,50,0,0,0,55,0,0,False,,,0,,,,,,0,50,groundball_rp,
P6544,John,Doe,1999-06-23,76,213,Unknown,dark,brown,clean_shaven,S,P,,1,RP,SP,,,,,50,,,,51,52,53,52,52,51,51,0,59,58,0,0,0,,,,,0,,,,66,57,59,57,63,56,64,0,65,67,0,0,0,False,,,0,,,,,,0,50,workhorse_sp,
P2925,John,Doe,1993-03-16,71,238,Unknown,light,brown,clean_shaven,R,C,,0,,,57,51,52,53,50,49,60,51,53,51,,,,,,,,,,,,54,46,47,49,50,0,0,51,47,51,,,,,,,,,,,,False,,,0,,,,,,0,50,,spray
P8088,John,Doe,2003-10-18,73,246,Unknown,light,brown,clean_shaven,R,RF,,0,,,50,52,48,50,50,53,57,49,47,52,,,,,,,,,,,,65,60,53,64,50,0,0,49,56,57,,,,,,,,,,,,False,,,0,,,,,,0,50,,average
P8951,John,Doe,1988-07-20,71,197,Unknown,dark,brown,clean_shaven,S,1B,,0,,,50,52,52,51,51,53,53,51,48,52,,,,,,,,,,,,43,50,52,44,51,0,0,51,45,43,,,,,,,,,,,,False,,,0,,,,,,0,50,,average
P5620,John,Doe,2000-08-25,78,171,Unknown,dark,brown,clean_shaven,R,2B,,0,,,53,53,52,54,52,48,55,51,51,50,,,,,,,,,,,,60,63,59,68,52,0,0,51,62,59,,,,,,,,,,,,False,,,0,,,,,,0,50,,gap
P6081,John,Doe,2003-02-11,70,222,Unknown,dark,brown,clean_shaven,L,LF,,0,,,64,68,51,52,51,53,50,51,51,52,,,,,,,,,,,,74,82,63,66,51,0,0,51,59,61,,,,,,,,,,,,False,,,0,,,,,,0,50,,gap
P6088,John,Doe,1990-11-12,75,233,Unknown,dark,brown,mustache,L,LF,,0,,,53,62,51,49,47,50,49,53,51,53,,,,,,,,,,,,47,53,47,39,47,0,0,53,43,50,,,,,,,,,,,,False,,,0,,,,,,0,50,,power
P1481,John,Doe,1991-07-07,74,193,Unknown,light,brown,beard,R,C,,0,,,49,51,51,49,51,53,56,50,50,51,,,,,,,,,,,,47,49,41,49,51,0,0,50,41,44,,,,,,,,,,,,False,,,0,,,,,,0,50,,average
P5159,John,Doe,1997-03-03,70,175,Unknown,light,brown,clean_shaven,R,1B,,0,,,54,62,50,51,49,51,55,52,50,48,,,,,,,,,,,,58,58,45,48,49,0,0,52,47,47,,,,,,,,,,,,False,,,0,,,,,,0,50,,gap
P2868,John,Doe,2007-07-14,69,225,Unknown,dark,blonde,clean_shaven,S,P,,1,RP,CL,,,,,55,,,,51,54,50,50,52,52,56,56,62,67,0,0,0,,,,,0,,,,63,84,79,71,61,64,82,71,88,91,0,0,0,False,,,0,,,,,,0,50,closer,
P9701,John,Doe,2007-03-11,73,192,Unknown,light,red,clean_shaven,L,P,,1,RP,RP,,,,,51,,,,52,52,52,50,52,49,53,0,63,67,0,0,0,,,,,0,,,,73,82,79,74,79,76,72,0,75,77,0,0,0,False,,,0,,,,,,0,50,power_rp,
P1219,John,Doe,2006-06-02,78,239,Unknown,medium,brown,clean_shaven,R,P,,1,RP,SP,,,,,52,,,,48,51,50,51,54,51,51,0,62,62,0,0,0,,,,,0,,,,77,66,64,66,78,75,69,0,84,82,0,0,0,False,,,0,,,,,,0,50,power_sp,
P6766,John,Doe,2008-01-09,78,249,Unknown,dark,red,clean_shaven,R,P,,1,RP,CL,,,,,51,,,,51,54,48,51,54,51,54,58,60,67,0,0,0,,,,,0,,,,74,83,68,82,78,72,67,73,81,87,0,0,0,False,,,0,,,,,,0,50,closer,
P6144,John,Doe,2005-09-05,72,198,Unknown,light,red,mustache,L,P,,1,RP,RP,,,,,56,,,,52,53,50,53,52,51,51,56,0,0,59,0,0,,,,,0,,,,80,69,71,70,63,79,79,84,0,0,87,0,0,False,,,0,,,,,,0,50,groundball_rp,
P8804,John,Doe,2005-02-05,74,229,Unknown,light,black,clean_shaven,R,LF,,0,,,50,59,47,51,48,49,58,53,52,50,,,,,,,,,,,,65,72,59,68,48,0,0,53,67,72,,,,,,,,,,,,False,,,0,,,,,,0,50,,power
P1251,John,Doe,2007-09-29,70,237,Unknown,dark,brown,clean_shaven,R,2B,,0,,,51,53,48,52,49,51,54,49,52,51,,,,,,,,,,,,67,65,77,63,49,0,0,49,75,76,,,,,,,,,,,,False,,,0,,,,,,0,50,,balanced
P4703,John,Doe,2005-01-11,76,203,Unknown,light,blonde,clean_shaven,R,SS,,0,,,64,52,50,52,49,51,55,48,53,49,,,,,,,,,,,,91,78,61,74,49,0,0,48,73,61,,,,,,,,,,,,False,,,0,,,,,,0,50,,spray
P7898,John,Doe,2004-05-05,72,171,Unknown,light,brown,clean_shaven,R,RF,,0,,,53,52,49,51,51,49,56,49,49,50,,,,,,,,,,,,74,62,74,75,51,0,0,49,69,75,,,,,,,,,,,,False,,,0,,,,,,0,50,,balanced
P5898,John,Doe,2004-10-07,78,185,Unknown,dark,black,clean_shaven,R,SS,,0,,,63,52,51,54,49,50,58,50,52,51,,,,,,,,,,,,75,80,65,79,49,0,0,50,66,64,,,,,,,,,,,,False,,,0,,,,,,0,50,,spray
P3415,John,Doe,2004-04-01,77,194,Unknown,light,black,clean_shaven,R,P,,1,RP,CL,,,,,55,,,,52,54,52,50,52,49,53,58,58,65,0,0,0,,,,,0,,,,80,75,61,67,77,69,68,84,69,94,0,0,0,False,,,0,,,,,,0,50,closer,
P1969,John,Doe,1998-09-26,72,215,Unknown,medium,black,clean_shaven,S,P,,1,RP,SP,,,,,49,,,,49,52,52,53,52,48,51,58,60,0,0,0,0,,,,,0,,,,58,67,60,67,58,56,58,64,66,0,0,0,0,False,,,0,,,,,,0,50,workhorse_sp,
P4927,John,Doe,1999-08-11,74,237,Unknown,light,red,mustache,S,P,,1,RP,SP,,,,,49,,,,49,52,54,51,52,51,52,60,59,0,0,57,0,,,,,0,,,,64,58,58,57,66,66,57,68,68,0,0,66,0,False,,,0,,,,,,0,50,finesse_sp,
P7497,John,Doe,1991-11-28,77,206,Unknown,light,black,beard,L,P,,1,RP,SP,,,,,52,,,,49,48,51,53,52,48,52,0,59,61,62,0,0,,,,,0,,,,47,38,48,43,51,38,47,0,50,56,60,0,0,False,,,0,,,,,,0,50,groundball_sp,
P2073,John,Doe,1998-04-28,71,201,Unknown,dark,blonde,clean_shaven,L,P,,1,RP,RP,,,,,53,,,,49,49,48,54,52,51,54,60,62,0,0,59,0,,,,,0,,,,60,63,61,66,62,57,65,72,69,0,0,66,0,False,,,0,,,,,,0,50,finesse_rp,
P6460,John,Doe,1996-05-07,68,222,Unknown,light,blonde,mustache,L,P,,1,RP,SP,,,,,49,,,,49,52,53,52,52,52,52,0,61,60,0,0,0,,,,,0,,,,50,51,51,51,49,55,51,0,61,63,0,0,0,False,,,0,,,,,,0,50,balanced_sp,
P9277,John,Doe,1994-04-02,75,164,Unknown,light,black,clean_shaven,S,P,,1,RP,SP,,,,,50,,,,52,52,54,53,52,50,52,61,60,62,0,0,0,,,,,0,,,,50,47,49,52,53,55,47,56,55,57,0,0,0,False,,,0,,,,,,0,50,workhorse_sp,
P6997,John,Doe,2003-06-11,72,220,Unknown,light,blonde,clean_shaven,S,P,,1,RP,RP,,,,,55,,,,50,50,52,50,54,52,50,0,62,0,61,0,0,,,,,0,,,,55,64,61,59,65,61,59,0,69,0,73,0,0,False,,,0,,,,,,0,50,groundball_rp,
P3380,John,Doe,1989-01-29,73,217,Unknown,medium,brown,clean_shaven,L,P,,1,RP,SP,,,,,51,,,,51,53,51,51,52,48,51,0,59,61,0,0,0,,,,,0,,,,49,44,44,50,51,45,42,0,59,53,0,0,0,False,,,0,,,,,,0,50,power_sp,
P2875,John,Doe,2000-06-08,71,236,Unknown,dark,blonde,mustache,R,P,,1,RP,RP,,,,,53,,,,49,50,52,52,53,51,51,0,0,0,59,0,0,,,,,0,,,,59,61,64,67,63,59,65,0,0,0,73,0,0,False,,,0,,,,,,0,50,groundball_rp,
P8776,John,Doe,1988-09-20,72,220,Unknown,light,brown,beard,L,P,,1,RP,SP,,,,,50,,,,49,50,50,50,53,49,51,59,62,0,55,0,0,,,,,0,,,,41,47,49,43,44,43,48,49,60,0,49,0,0,False,,,0,,,,,,0,50,finesse_sp,
P3916,John,Doe,1997-02-12,76,235,Unknown,medium,brown,beard,S,C,,0,,,60,49,52,52,50,46,52,49,50,52,,,,,,,,,,,,56,45,55,49,50,0,0,49,49,55,,,,,,,,,,,,False,,,0,,,,,,0,50,,spray
P7705,John,Doe,1994-05-16,71,183,Unknown,medium,brown,clean_shaven,R,1B,,0,,,53,60,51,49,51,51,58,53,48,49,,,,,,,,,,,,53,60,49,50,51,0,0,53,53,45,,,,,,,,,,,,False,,,0,,,,,,0,50,,gap
P8001,John,Doe,1994-03-21,73,237,Unknown,medium,black,beard,L,2B,3B,0,,,50,51,70,54,49,51,47,49,48,50,,,,,,,,,,,,52,56,66,57,49,0,0,49,49,48,,,,,,,,,,,,False,,,0,,,,,,0,50,,speed
P8445,John,Doe,2001-03-21,75,214,Unknown,medium,red,clean_shaven,R,3B,,0,,,52,54,49,55,47,48,56,49,51,49,,,,,,,,,,,,62,63,62,60,47,0,0,49,56,54,,,,,,,,,,,,False,,,0,,,,,,0,50,,gap
P3989,John,Doe,2002-04-11,73,209,Unknown,medium,blonde,clean_shaven,R,SS,,0,,,50,53,50,51,50,49,57,48,51,48,,,,,,,,,,,,65,58,57,61,50,0,0,48,58,58,,,,,,,,,,,,False,,,0,,,,,,0,50,,balanced
P4055,John,Doe,2001-10-01,68,232,Unknown,medium,blonde,clean_shaven,R,LF,,0,,,52,49,51,50,52,51,55,49,53,49,,,,,,,,,,,,67,64,56,57,52,0,0,49,63,57,,,,,,,,,,,,False,,,0,,,,,,0,50,,average
P7157,John,Doe,2000-11-27,74,206,Unknown,light,brown,clean_shaven,S,CF,,0,,,58,50,54,55,53,52,46,48,51,49,,,,,,,,,,,,70,62,64,62,53,0,0,48,65,64,,,,,,,,,,,,False,,,0,,,,,,0,50,,spray
P7786,John,Doe,1999-02-01,78,219,Unknown,light,black,mustache,R,RF,,0,,,50,57,52,51,51,50,54,48,48,50,,,,,,,,,,,,55,66,58,60,51,0,0,48,62,60,,,,,,,,,,,,False,,,0,,,,,,0,50,,power
P6855,John,Doe,1987-07-12,75,223,Unknown,medium,blonde,beard,L,RF,,0,,,51,51,48,52,51,48,46,53,52,52,,,,,,,,,,,,43,48,40,52,51,0,0,53,51,49,,,,,,,,,,,,False,,,0,,,,,,0,50,,average
P9108,John,Doe,1988-01-23,74,182,Unknown,light,brown,goatee,R,RF,,0,,,53,52,50,50,49,49,55,48,51,51,,,,,,,,,,,,50,50,42,49,49,0,0,48,48,43,,,,,,,,,,,,False,,,0,,,,,,0,50,,balanced
P6006,John,Doe,1991-01-13,75,193,Unknown,dark,black,clean_shaven,R,3B,RF,0,,,51,49,50,50,52,50,59,51,50,51,,,,,,,,,,,,50,45,50,47,52,0,0,51,42,45,,,,,,,,,,,,False,,,0,,,,,,0,50,,average
P2220,John,Doe,1989-10-25,75,164,Unknown,medium,brown,clean_shaven,R,SS,,0,,,58,50,53,52,50,49,58,48,53,52,,,,,,,,,,,,54,48,51,44,50,0,0,48,52,51,,,,,,,,,,,,False,,,0,,,,,,0,50,,spray
P3553,John,Doe,2003-12-08,74,188,Unknown,medium,black,beard,S,CF,,0,,,50,51,52,51,52,52,50,49,52,48,,,,,,,,,,,,57,56,57,65,52,0,0,49,57,63,,,,,,,,,,,,False,,,0,,,,,,0,50,,average
P8467,John,Doe,1998-09-16,75,161,Unknown,dark,black,clean_shaven,L,RF,,0,,,53,50,51,52,52,50,50,51,48,49,,,,,,,,,,,,63,62,62,58,52,0,0,51,57,56,,,,,,,,,,,,False,,,0,,,,,,0,50,,gap
P5561,John,Doe,2000-01-06,68,244,Unknown,light,brown,clean_shaven,R,P,,1,RP,CL,,,,,55,,,,50,54,51,51,53,49,54,0,62,65,0,0,0,,,,,0,,,,64,69,59,58,59,55,60,0,67,75,0,0,0,False,,,0,,,,,,0,50,closer,
P8237,John,Doe,2002-06-23,75,166,Unknown,dark,brown,beard,R,P,,1,RP,SP,,,,,51,,,,51,50,54,52,54,53,50,59,62,61,0,58,0,,,,,0,,,,62,62,59,62,62,62,61,67,75,66,0,63,0,False,,,0,,,,,,0,50,finesse_sp,
P9448,John,Doe,2000-11-16,74,187,Unknown,dark,blonde,clean_shaven,R,P,,1,RP,SP,,,,,51,,,,49,50,53,50,52,50,54,58,61,64,58,0,0,,,,,0,,,,59,61,59,66,63,64,60,69,67,78,63,0,0,False,,,0,,,,,,0,50,power_sp,
P6844,John,Doe,1995-09-25,77,169,Unknown,dark,brown,beard,L,P,,1,RP,SP,,,,,48,,,,49,52,51,52,54,52,54,58,60,62,59,0,0,,,,,0,,,,48,55,54,51,48,55,56,58,57,59,64,0,0,False,,,0,,,,,,0,50,power_sp,
P2723,John,Doe,1989-05-13,75,224,Unknown,light,black,beard,R,P,,1,RP,SP,,,,,51,,,,49,52,53,53,54,49,52,62,59,0,0,0,0,,,,,0,,,,47,49,47,49,45,42,48,59,55,0,0,0,0,False,,,0,,,,,,0,50,finesse_sp,
P3311,John,Doe,1998-06-22,77,221,Unknown,medium,blonde,beard,L,P,,1,RP,SP,,,,,48,,,,50,50,54,51,52,52,52,59,62,0,0,0,0,,,,,0,,,,62,58,58,67,69,59,66,64,68,0,0,0,0,False,,,0,,,,,,0,50,balanced_sp,
P4235,John,Doe,1990-08-17,70,200,Unknown,dark,black,beard,R,P,,1,RP,CL,,,,,48,,,,52,54,51,50,54,49,56,60,0,65,0,0,0,,,,,0,,,,48,53,46,53,46,40,56,56,0,61,0,0,0,False,,,0,,,,,,0,50,closer,
P1965,John,Doe,2003-11-22,76,160,Unknown,light,brown,clean_shaven,L,1B,,0,,,48,62,50,49,48,54,46,53,52,48,,,,,,,,,,,,58,69,57,55,48,0,0,53,67,63,,,,,,,,,,,,False,,,0,,,,,,0,50,,power
P1104,John,Doe,1995-11-30,68,177,Unknown,light,black,mustache,R,SS,,0,,,50,47,77,51,51,47,59,50,51,51,,,,,,,,,,,,47,49,72,54,51,0,0,50,48,46,,,,,,,,,,,,False,,,0,,,,,,0,50,,speed
P8674,John,Doe,1993-05-28,75,238,Unknown,light,red,clean_shaven,L,LF,1B,0,,,51,47,70,52,53,48,47,53,49,49,,,,,,,,,,,,48,44,67,52,53,0,0,53,46,45,,,,,,,,,,,,False,,,0,,,,,,0,50,,speed
P7824,John,Doe,1999-07-30,77,190,Unknown,dark,red,beard,R,CF,,0,,,49,49,50,50,51,51,54,50,49,51,,,,,,,,,,,,59,64,58,60,51,0,0,50,63,61,,,,,,,,,,,,False,,,0,,,,,,0,50,,average
P5710,John,Doe,1990-12-16,71,225,Unknown,dark,black,beard,L,1B,,0,,,49,59,51,48,47,54,49,51,52,51,,,,,,,,,,,,39,51,45,38,47,0,0,51,49,51,,,,,,,,,,,,False,,,0,,,,,,0,50,,power
P5170,John,Doe,1996-09-07,71,246,Unknown,dark,red,clean_shaven,R,LF,,0,,,52,50,85,53,50,51,55,51,48,49,,,,,,,,,,,,50,48,80,57,50,0,0,51,53,47,,,,,,,,,,,,False,,,0,,,,,,0,50,,elite_speed
P5701,John,Doe,2001-06-10,74,182,Unknown,light,brown,clean_shaven,R,2B,,0,,,54,50,84,50,50,51,59,50,51,49,,,,,,,,,,,,63,62,89,64,50,0,0,50,61,62,,,,,,,,,,,,False,,,0,,,,,,0,50,,speed
P3698,John,Doe,1992-09-08,78,219,Unknown,medium,brown,clean_shaven,S,CF,,0,,,52,52,51,51,52,50,50,51,48,53,,,,,,,,,,,,44,50,44,51,52,0,0,51,39,45,,,,,,,,,,,,False,,,0,,,,,,0,50,,balanced
P7431,John,Doe,2007-06-17,70,234,Unknown,dark,blonde,clean_shaven,L,P,,1,RP,CL,,,,,55,,,,49,53,47,50,52,50,54,57,0,65,0,0,0,,,,,0,,,,67,66,69,75,66,78,76,74,0,85,0,0,0,False,,,0,,,,,,0,50,closer,
P4402,John,Doe,2007-11-30,75,199,Unknown,light,brown,goatee,R,P,,1,RP,RP,,,,,50,,,,52,53,51,54,52,52,51,57,0,0,0,0,0,,,,,0,,,,72,67,69,65,66,71,64,81,0,0,0,0,0,False,,,0,,,,,,0,50,finesse_rp,
P1499,John,Doe,2007-08-15,72,195,Unknown,dark,brown,clean_shaven,L,P,,1,RP,SP,,,,,53,,,,49,48,53,51,52,51,51,61,0,59,58,0,0,,,,,0,,,,66,70,76,72,65,81,62,82,0,71,83,0,0,False,,,0,,,,,,0,50,groundball_sp,
P9624,John,Doe,2004-08-13,78,234,Unknown,light,brown,clean_shaven,L,P,,1,RP,SP,,,,,51,,,,50,51,50,50,54,51,53,0,58,0,57,0,0,,,,,0,,,,78,72,68,67,61,75,66,0,86,0,83,0,0,False,,,0,,,,,,0,50,groundball_sp,
P1452,John,Doe,2004-03-29,72,178,Unknown,dark,blonde,clean_shaven,S,P,,1,RP,SP,,,,,49,,,,52,50,53,52,52,51,52,63,62,0,57,56,0,,,,,0,,,,71,63,73,82,71,61,64,79,83,0,86,85,0,False,,,0,,,,,,0,50,finesse_sp,
P2605,John,Doe,2006-05-05,69,185,Unknown,light,brown,clean_shaven,L,RF,,0,,,49,60,51,50,50,52,49,50,53,52,,,,,,,,,,,,70,76,79,76,50,0,0,50,82,64,,,,,,,,,,,,False,,,0,,,,,,0,50,,power
P8771,John,Doe,2006-09-30,71,221,Unknown,dark,brown,clean_shaven,R,2B,,0,,,66,49,49,56,52,51,58,48,51,53,,,,,,,,,,,,83,65,65,79,52,0,0,48,66,68,,,,,,,,,,,,False,,,0,,,,,,0,50,,spray
P1273,John,Doe,2005-05-16,68,192,Unknown,light,brown,clean_shaven,R,RF,,0,,,52,59,48,50,47,49,50,48,53,52,,,,,,,,,,,,64,85,67,66,47,0,0,48,73,81,,,,,,,,,,,,False,,,0,,,,,,0,50,,gap
P7087,John,Doe,2005-06-04,74,237,Unknown,light,blonde,clean_shaven,L,RF,,0,,,54,49,50,52,52,48,47,48,49,52,,,,,,,,,,,,64,78,62,73,52,0,0,48,65,62,,,,,,,,,,,,False,,,0,,,,,,0,50,,balanced
P8455,John,Doe,2005-02-28,68,187,Unknown,light,brown,clean_shaven,R,1B,,0,,,69,64,52,50,50,52,50,51,50,52,,,,,,,,,,,,96,76,65,70,50,0,0,51,63,68,,,,,,,,,,,,False,,,0,,,,,,0,50,,gap
P8827,John,Doe,1987-04-17,68,181,Unknown,dark,black,mustache,L,P,1B,1,RP,CL,,,,,55,,,,52,50,50,50,52,52,52,57,62,67,0,0,0,,,,,0,,,,51,50,45,43,42,46,51,52,61,66,0,0,0,False,,,0,,,,,,0,50,closer,
P6794,John,Doe,2002-04-14,69,204,Unknown,dark,brown,clean_shaven,R,P,,1,RP,RP,,,,,57,,,,50,53,49,53,52,52,53,0,0,0,60,0,0,,,,,0,,,,60,58,66,63,59,62,59,0,0,0,74,0,0,False,,,0,,,,,,0,50,groundball_rp,
P1040,John,Doe,1998-01-18,72,174,Unknown,light,black,goatee,R,P,,1,RP,SP,,,,,50,,,,48,49,52,50,52,48,50,0,62,0,61,0,0,,,,,0,,,,50,45,48,55,48,52,54,0,65,0,63,0,0,False,,,0,,,,,,0,50,groundball_sp,
P5757,John,Doe,1992-07-19,74,224,Unknown,dark,brown,clean_shaven,R,P,,1,RP,RP,,,,,52,,,,51,50,49,52,52,49,52,0,63,64,0,59,0,,,,,0,,,,47,50,48,42,39,39,48,0,58,60,0,55,0,False,,,0,,,,,,0,50,power_rp,
P8197,John,Doe,1993-08-22,75,205,Unknown,dark,brown,beard,R,P,,1,RP,RP,,,,,49,,,,50,54,52,50,54,52,54,0,64,65,0,0,0,,,,,0,,,,46,51,44,50,52,48,52,0,62,60,0,0,0,False,,,0,,,,,,0,50,power_rp,
P2234,John,Doe,1990-04-28,71,203,Unknown,dark,black,clean_shaven,S,P,,1,RP,RP,,,,,50,,,,52,50,50,50,52,50,53,56,62,67,0,0,0,,,,,0,,,,45,45,45,47,41,48,52,51,60,64,0,0,0,False,,,0,,,,,,0,50,power_rp,
P3955,John,Doe,1987-12-22,72,162,Unknown,dark,black,beard,S,P,,1,RP,RP,,,,,55,,,,50,52,50,53,53,52,50,0,0,0,62,0,0,,,,,0,,,,41,50,45,49,41,48,43,0,0,0,52,0,0,False,,,0,,,,,,0,50,groundball_rp,
P2779,John,Doe,1989-05-15,70,232,Unknown,medium,black,beard,L,P,,1,RP,RP,,,,,55,,,,52,52,50,53,52,51,50,0,0,67,63,0,0,,,,,0,,,,43,43,52,43,46,49,46,0,0,62,63,0,0,False,,,0,,,,,,0,50,groundball_rp,
P2019,John,Doe,2000-01-21,71,171,Unknown,dark,blonde,clean_shaven,R,P,,1,RP,SP,,,,,50,,,,51,50,50,53,54,50,49,61,61,0,60,0,0,,,,,0,,,,66,57,63,60,56,62,59,75,66,0,75,0,0,False,,,0,,,,,,0,50,finesse_sp,
P4624,John,Doe,1998-05-06,74,228,Unknown,dark,brown,mustache,R,P,,1,RP,SP,,,,,51,,,,49,49,50,50,52,51,49,57,0,58,57,0,0,,,,,0,,,,60,56,65,57,56,60,54,70,0,68,72,0,0,False,,,0,,,,,,0,50,groundball_sp,
P2697,John,Doe,1991-03-17,72,238,Unknown,dark,black,clean_shaven,R,P,,1,RP,SP,,,,,48,,,,48,51,53,50,53,53,49,60,59,0,0,0,0,,,,,0,,,,38,44,40,45,53,46,39,57,55,0,0,0,0,False,,,0,,,,,,0,50,finesse_sp,
P3044,John,Doe,1990-10-19,73,167,Unknown,dark,brown,beard,R,C,,0,,,53,50,70,50,53,52,58,53,51,48,,,,,,,,,,,,45,41,62,44,53,0,0,53,42,43,,,,,,,,,,,,False,,,0,,,,,,0,50,,speed
P5156,John,Doe,2003-10-17,78,237,Unknown,dark,blonde,clean_shaven,L,1B,,0,,,51,58,53,51,48,52,45,49,49,48,,,,,,,,,,,,61,68,61,61,48,0,0,49,64,62,,,,,,,,,,,,False,,,0,,,,,,0,50,,gap
P6131,John,Doe,1988-04-16,68,223,Unknown,medium,brown,mustache,R,2B,,0,,,52,47,85,52,50,48,56,52,50,49,,,,,,,,,,,,48,43,83,42,50,0,0,52,47,44,,,,,,,,,,,,False,,,0,,,,,,0,50,,elite_speed
P1073,John,Doe,1987-09-08,71,247,Unknown,medium,blonde,mustache,R,3B,,0,,,60,52,54,52,50,48,58,51,50,52,,,,,,,,,,,,55,48,46,45,50,0,0,51,44,45,,,,,,,,,,,,False,,,0,,,,,,0,50,,spray
P3135,John,Doe,1995-08-12,75,250,Unknown,dark,brown,beard,R,SS,,0,,,50,50,80,50,50,49,59,51,51,53,,,,,,,,,,,,51,50,82,52,50,0,0,51,51,52,,,,,,,,,,,,False,,,0,,,,,,0,50,,speed
P6683,John,Doe,1987-10-02,75,206,Unknown,dark,brown,clean_shaven,L,LF,,0,,,51,55,49,50,48,50,48,52,48,53,,,,,,,,,,,,51,53,43,45,48,0,0,52,42,49,,,,,,,,,,,,False,,,0,,,,,,0,50,,balanced
P7010,John,Doe,1998-10-21,73,245,Unknown,light,black,clean_shaven,R,CF,,0,,,51,52,49,49,53,51,58,51,48,50,,,,,,,,,,,,64,67,58,61,53,0,0,51,53,65,,,,,,,,,,,,False,,,0,,,,,,0,50,,balanced
P2775,John,Doe,1995-07-01,69,164,Unknown,dark,blonde,clean_shaven,S,RF,,0,,,51,54,51,50,52,51,50,53,52,49,,,,,,,,,,,,56,53,54,50,52,0,0,53,56,49,,,,,,,,,,,,False,,,0,,,,,,0,50,,balanced
P6080,John,Doe,1997-07-03,75,202,Unknown,dark,blonde,clean_shaven,R,3B,,0,,,61,62,52,50,51,51,55,50,50,49,,,,,,,,,,,,59,58,48,49,51,0,0,50,47,48,,,,,,,,,,,,False,,,0,,,,,,0,50,,gap
P3739,John,Doe,2004-05-08,74,179,Unknown,medium,black,goatee,L,CF,,0,,,51,48,85,53,49,48,45,52,48,49,,,,,,,,,,,,67,63,99,64,49,0,0,52,74,67,,,,,,,,,,,,False,,,0,,,,,,0,50,,elite_speed
P1036,John,Doe,2003-03-06,77,187,Unknown,light,black,clean_shaven,R,CF,,0,,,50,47,70,52,52,50,54,51,48,51,,,,,,,,,,,,55,54,84,58,52,0,0,51,53,57,,,,,,,,,,,,False,,,0,,,,,,0,50,,speed
P3866,John,Doe,2000-06-15,77,248,Unknown,dark,black,clean_shaven,L,CF,,0,,,48,50,49,49,52,52,44,49,50,52,,,,,,,,,,,,62,60,58,63,52,0,0,49,60,58,,,,,,,,,,,,False,,,0,,,,,,0,50,,balanced
P1544,John,Doe,1998-09-24,70,195,Unknown,dark,brown,clean_shaven,R,2B,,0,,,58,51,49,52,51,48,59,49,49,51,,,,,,,,,,,,64,61,57,67,51,0,0,49,59,63,,,,,,,,,,,,False,,,0,,,,,,0,50,,balanced
P7851,John,Doe,2001-09-27,72,209,Unknown,dark,brown,clean_shaven,R,RF,,0,,,67,51,51,51,50,50,55,48,48,52,,,,,,,,,,,,75,60,64,66,50,0,0,48,62,61,,,,,,,,,,,,False,,,0,,,,,,0,50,,spray
P9376,John,Doe,1988-03-13,77,248,Unknown,dark,black,beard,L,P,,1,RP,CL,,,,,55,,,,51,52,51,50,52,53,51,60,62,65,0,0,0,,,,,0,,,,51,48,47,42,46,44,42,50,54,62,0,0,0,False,,,0,,,,,,0,50,closer,
P7959,John,Doe,1996-11-01,77,199,Unknown,dark,blonde,clean_shaven,L,P,,1,RP,SP,,,,,48,,,,49,54,52,52,53,49,54,57,63,59,0,54,0,,,,,0,,,,54,52,57,52,48,44,55,57,64,59,0,55,0,False,,,0,,,,,,0,50,power_sp,
P8957,John,Doe,1997-07-26,71,194,Unknown,medium,black,clean_shaven,R,P,,1,RP,RP,,,,,52,,,,47,50,49,51,52,50,51,0,60,65,0,59,0,,,,,0,,,,45,49,48,51,54,49,55,0,62,70,0,61,0,False,,,0,,,,,,0,50,power_rp,
P9275,John,Doe,1999-06-25,73,195,Unknown,light,brown,beard,L,P,,1,RP,LR,,,,,49,,,,50,51,53,50,52,50,52,59,59,64,0,0,0,,,,,0,,,,60,61,59,67,68,55,60,71,70,73,0,0,0,False,,,0,,,,,,0,50,long_relief,
P6137,John,Doe,1997-08-07,68,183,Unknown,medium,black,clean_shaven,R,P,,1,RP,SP,,,,,50,,,,48,51,51,52,52,49,49,0,62,60,0,0,0,,,,,0,,,,49,53,51,51,56,51,47,0,66,58,0,0,0,False,,,0,,,,,,0,50,balanced_sp,
P8002,John,Doe,2001-10-31,71,167,Unknown,dark,black,beard,R,P,,1,RP,RP,,,,,51,,,,50,50,48,50,53,53,54,0,0,67,0,0,0,,,,,0,,,,65,55,65,65,60,58,69,0,0,82,0,0,0,False,,,0,,,,,,0,50,power_rp,
P5275,John,Doe,2002-11-20,74,234,Unknown,light,brown,goatee,R,P,,1,RP,RP,,,,,48,,,,49,52,49,53,53,51,52,57,63,0,0,0,0,,,,,0,,,,58,57,58,66,58,57,64,66,74,0,0,0,0,False,,,0,,,,,,0,50,finesse_rp,
P6606,John,Doe,1997-05-17,78,218,Unknown,light,black,mustache,S,SS,,0,,,51,48,51,51,51,48,55,53,52,53,,,,,,,,,,,,47,48,50,48,51,0,0,53,49,57,,,,,,,,,,,,False,,,0,,,,,,0,50,,balanced
P5126,John,Doe,1992-03-16,73,238,Unknown,light,black,clean_shaven,R,RF,,0,,,50,52,50,49,51,48,51,51,51,52,,,,,,,,,,,,46,49,46,48,51,0,0,51,50,46,,,,,,,,,,,,False,,,0,,,,,,0,50,,balanced
P8926,John,Doe,1997-04-09,74,183,Unknown,dark,brown,clean_shaven,R,C,,0,,,49,56,47,51,48,52,57,52,52,53,,,,,,,,,,,,50,61,51,47,48,0,0,52,49,51,,,,,,,,,,,,False,,,0,,,,,,0,50,,power
P6062,John,Doe,1996-12-29,70,208,Unknown,light,black,clean_shaven,R,2B,,0,,,56,53,49,53,50,51,55,48,50,49,,,,,,,,,,,,61,54,44,58,50,0,0,48,54,47,,,,,,,,,,,,False,,,0,,,,,,0,50,,balanced
P4085,John,Doe,1990-05-07,74,160,Unknown,light,black,clean_shaven,R,LF,,0,,,60,49,52,52,49,50,59,49,50,49,,,,,,,,,,,,59,41,46,50,49,0,0,49,45,47,,,,,,,,,,,,False,,,0,,,,,,0,50,,spray
P7735,John,Doe,2001-09-14,73,246,Unknown,dark,brown,clean_shaven,S,RF,,0,,,50,59,47,51,51,51,50,50,50,54,,,,,,,,,,,,65,65,62,56,51,0,0,50,55,68,,,,,,,,,,,,False,,,0,,,,,,0,50,,power
P9934,John,Doe,2002-04-28,78,222,Unknown,dark,blonde,clean_shaven,R,RF,,0,,,52,63,49,51,48,52,52,52,49,50,,,,,,,,,,,,60,68,63,59,48,0,0,52,62,63,,,,,,,,,,,,False,,,0,,,,,,0,50,,power
P7567,John,Doe,1999-12-24,74,242,Unknown,medium,black,goatee,R,1B,C,0,,,49,62,53,50,50,52,56,49,51,52,,,,,,,,,,,,63,67,62,60,50,0,0,49,58,62,,,,,,,,,,,,False,,,0,,,,,,0,50,,power
P6456,John,Doe,2005-11-21,75,169,Unknown,dark,brown,beard,L,P,,1,RP,CL,,,,,55,,,,51,54,50,52,54,51,53,58,61,66,0,0,0,,,,,0,,,,73,67,70,67,60,76,75,69,81,83,0,0,0,False,,,0,,,,,,0,50,closer,
P9100,John,Doe,2008-02-19,75,163,Unknown,dark,black,goatee,L,P,,1,RP,SP,,,,,52,,,,50,51,53,50,53,53,51,60,60,0,61,0,0,,,,,0,,,,68,71,68,83,81,67,72,77,86,0,90,0,0,False,,,0,,,,,,0,50,groundball_sp,
P7944,John,Doe,2007-02-21,68,190,Unknown,light,brown,clean_shaven,L,P,,1,RP,SP,,,,,50,,,,49,51,53,50,52,51,52,59,59,60,61,0,0,,,,,0,,,,67,70,66,67,72,65,73,72,83,90,85,0,0,False,,,0,,,,,,0,50,groundball_sp,
P4025,John,Doe,2007-11-25,75,222,Unknown,dark,black,clean_shaven,R,P,,1,RP,SP,,,,,49,,,,53,50,51,51,52,49,51,0,60,0,59,0,0,,,,,0,,,,74,78,66,69,72,61,71,0,71,0,70,0,0,False,,,0,,,,,,0,50,groundball_sp,
P8997,John,Doe,2006-06-18,73,241,Unknown,medium,brown,clean_shaven,R,P,,1,RP,SP,,,,,48,,,,48,49,50,51,52,50,50,59,64,62,0,55,0,,,,,0,,,,73,64,79,78,67,67,75,80,91,86,0,71,0,False,,,0,,,,,,0,50,power_sp,
P8774,John,Doe,2007-06-07,69,203,Unknown,light,blonde,mustache,L,CF,2B,0,,,53,49,71,53,51,48,44,52,48,51,,,,,,,,,,,,74,68,88,70,51,0,0,52,75,61,,,,,,,,,,,,False,,,0,,,,,,0,50,,speed
P5473,John,Doe,2007-05-01,70,212,Unknown,light,black,clean_shaven,R,3B,,0,,,52,51,52,52,51,48,57,49,50,48,,,,,,,,,,,,67,79,82,62,51,0,0,49,61,72,,,,,,,,,,,,False,,,0,,,,,,0,50,,average
P1761,John,Doe,2005-07-13,77,163,Unknown,light,black,clean_shaven,R,SS,,0,,,50,53,52,49,50,50,58,50,53,51,,,,,,,,,,,,73,70,69,61,50,0,0,50,71,73,,,,,,,,,,,,False,,,0,,,,,,0,50,,balanced
P7245,John,Doe,2007-01-10,69,243,Unknown,light,blonde,beard,R,2B,,0,,,58,50,72,54,52,49,57,51,53,51,,,,,,,,,,,,76,71,97,73,52,0,0,51,79,69,,,,,,,,,,,,False,,,0,,,,,,0,50,,speed
P7543,John,Doe,2007-06-28,70,231,Unknown,light,brown,clean_shaven,R,C,,0,,,56,48,54,52,53,51,59,51,49,52,,,,,,,,,,,,81,58,67,80,53,0,0,51,70,79,,,,,,,,,,,,False,,,0,,,,,,0,50,,spray
P6103,John,Doe,1999-07-24,74,186,Unknown,medium,brown,mustache,R,P,,1,RP,CL,,,,,55,,,,48,52,51,50,52,51,55,58,58,65,0,0,0,,,,,0,,,,61,66,55,58,59,58,61,64,66,71,0,0,0,False,,,0,,,,,,0,50,closer,
P8677,John,Doe,1999-05-13,71,162,Unknown,dark,black,clean_shaven,R,P,,1,RP,SP,,,,,52,,,,48,51,52,53,53,51,53,0,63,60,0,0,0,,,,,0,,,,62,57,64,60,61,60,63,0,72,67,0,0,0,False,,,0,,,,,,0,50,power_sp,
P5078,John,Doe,1995-07-14,77,238,Unknown,dark,brown,clean_shaven,L,P,,1,RP,RP,,,,,55,,,,49,53,48,53,52,52,52,0,0,0,62,0,0,,,,,0,,,,44,55,50,51,48,48,50,0,0,0,59,0,0,False,,,0,,,,,,0,50,groundball_rp,
P7837,John,Doe,1988-12-01,71,243,Unknown,dark,black,mustache,L,P,,1,RP,SP,,,,,52,,,,51,51,51,53,54,52,51,62,60,58,0,0,0,,,,,0,,,,49,49,46,54,45,51,41,57,51,54,0,0,0,False,,,0,,,,,,0,50,balanced_sp,
P7938,John,Doe,1994-12-18,75,224,Unknown,medium,black,mustache,R,P,,1,RP,RP,,,,,51,,,,52,50,49,50,52,53,49,59,63,0,0,0,0,,,,,0,,,,55,48,54,53,46,53,44,59,66,0,0,0,0,False,,,0,,,,,,0,50,finesse_rp,
P4925,John,Doe,1999-09-02,76,249,Unknown,dark,brown,clean_shaven,L,P,,1,RP,SP,,,,,50,,,,52,51,51,52,54,49,51,61,61,59,0,55,0,,,,,0,,,,67,59,62,66,59,54,62,73,74,73,0,66,0,False,,,0,,,,,,0,50,finesse_sp,
P6670,John,Doe,1990-11-01,73,239,Unknown,light,brown,clean_shaven,R,P,,1,RP,CL,,,,,51,,,,47,53,47,51,52,52,55,0,0,65,0,0,0,,,,,0,,,,43,48,46,50,45,44,46,0,0,58,0,0,0,False,,,0,,,,,,0,50,closer,
P6152,John,Doe,2004-06-02,69,193,Unknown,light,black,clean_shaven,R,P,,1,RP,SP,,,,,52,,,,52,52,52,51,54,51,52,60,64,60,54,0,0,,,,,0,,,,67,65,69,79,82,67,70,87,87,89,75,0,0,False,,,0,,,,,,0,50,power_sp,
P3770,John,Doe,2000-08-30,72,195,Unknown,light,black,beard,R,P,,1,RP,RP,,,,,48,,,,52,50,51,54,54,53,53,60,62,67,0,0,0,,,,,0,,,,61,58,59,64,61,67,58,73,69,77,0,0,0,False,,,0,,,,,,0,50,finesse_rp,
P1514,John,Doe,1991-08-15,71,215,Unknown,light,black,mustache,R,P,,1,RP,LR,,,,,50,,,,50,52,50,50,52,52,53,0,63,0,0,0,0,,,,,0,,,,40,52,48,49,40,51,53,0,56,0,0,0,0,False,,,0,,,,,,0,50,long_relief,
P8505,John,Doe,1993-06-23,68,168,Unknown,medium,blonde,beard,R,P,,1,RP,SP,,,,,52,,,,52,50,49,52,52,52,49,62,60,57,59,0,0,,,,,0,,,,49,49,48,48,46,50,46,55,51,49,58,0,0,False,,,0,,,,,,0,50,groundball_sp,
P7424,John,Doe,1998-03-13,71,221,Unknown,light,brown,clean_shaven,R,C,,0,,,53,52,51,50,52,49,58,51,52,51,,,,,,,,,,,,64,67,59,65,52,0,0,51,62,65,,,,,,,,,,,,False,,,0,,,,,,0,50,,average
P2132,John,Doe,2001-05-10,75,179,Unknown,dark,black,goatee,R,1B,,0,,,49,50,52,49,51,51,51,53,49,48,,,,,,,,,,,,56,58,58,60,51,0,0,53,56,53,,,,,,,,,,,,False,,,0,,,,,,0,50,,average
P3922,John,Doe,1992-02-14,77,163,Unknown,medium,brown,beard,R,2B,,0,,,57,53,49,52,49,50,56,50,49,49,,,,,,,,,,,,54,45,45,47,49,0,0,50,46,48,,,,,,,,,,,,False,,,0,,,,,,0,50,,balanced
P5855,John,Doe,1989-05-09,76,197,Unknown,dark,red,goatee,R,3B,,0,,,48,48,72,49,50,48,59,52,50,49,,,,,,,,,,,,42,46,68,45,50,0,0,52,43,43,,,,,,,,,,,,False,,,0,,,,,,0,50,,speed
P2150,John,Doe,1988-05-17,69,199,Unknown,light,brown,beard,R,SS,,0,,,61,52,51,52,48,49,57,49,49,51,,,,,,,,,,,,53,45,48,48,48,0,0,49,42,41,,,,,,,,,,,,False,,,0,,,,,,0,50,,spray
P3644,John,Doe,1999-07-30,70,231,Unknown,light,brown,clean_shaven,R,LF,,0,,,50,61,50,49,49,50,57,53,50,49,,,,,,,,,,,,59,67,58,57,49,0,0,53,65,61,,,,,,,,,,,,False,,,0,,,,,,0,50,,power
P5580,John,Doe,1998-08-12,73,240,Unknown,medium,blonde,beard,L,CF,LF,0,,,54,49,70,53,52,51,49,49,47,48,,,,,,,,,,,,64,63,85,63,52,0,0,49,54,56,,,,,,,,,,,,False,,,0,,,,,,0,50,,speed
P4112,John,Doe,2000-10-08,78,228,Unknown,medium,blonde,clean_shaven,R,RF,,0,,,52,48,85,53,50,50,50,52,49,53,,,,,,,,,,,,59,57,98,67,50,0,0,52,54,60,,,,,,,,,,,,False,,,0,,,,,,0,50,,elite_speed
P6130,John,Doe,1990-05-27,75,208,Unknown,medium,brown,beard,R,SS,,0,,,50,46,72,50,52,51,58,49,52,51,,,,,,,,,,,,41,40,70,41,52,0,0,49,45,47,,,,,,,,,,,,False,,,0,,,,,,0,50,,speed
P5293,John,Doe,2001-03-07,77,233,Unknown,light,brown,clean_shaven,L,LF,,0,,,53,53,50,50,51,52,51,50,49,49,,,,,,,,,,,,60,60,62,57,51,0,0,50,57,59,,,,,,,,,,,,False,,,0,,,,,,0,50,,average
P4474,John,Doe,2003-01-28,71,232,Unknown,dark,blonde,clean_shaven,S,2B,,0,,,53,61,50,52,51,50,52,53,49,51,,,,,,,,,,,,64,68,58,63,51,0,0,53,59,60,,,,,,,,,,,,False,,,0,,,,,,0,50,,power
P3132,John,Doe,1993-02-16,74,249,Unknown,light,black,clean_shaven,R,3B,,0,,,51,51,53,49,48,49,56,50,48,52,,,,,,,,,,,,46,46,46,43,48,0,0,50,38,45,,,,,,,,,,,,False,,,0,,,,,,0,50,,balanced
P4830,John,Doe,1995-02-13,70,220,Unknown,medium,red,clean_shaven,R,CF,,0,,,53,48,70,54,53,48,50,47,48,53,,,,,,,,,,,,58,46,65,52,53,0,0,47,47,57,,,,,,,,,,,,False,,,0,,,,,,0,50,,speed
P7334,John,Doe,2004-08-25,76,172,Unknown,light,brown,clean_shaven,S,SS,,0,,,47,49,54,48,50,51,54,51,49,48,,,,,,,,,,,,72,64,75,78,50,0,0,51,67,66,,,,,,,,,,,,False,,,0,,,,,,0,50,,average
P5726,John,Doe,1991-10-22,75,161,Unknown,medium,black,clean_shaven,R,P,,1,RP,CL,,,,,55,,,,53,50,52,52,54,51,55,0,62,65,0,0,0,,,,,0,,,,53,49,50,44,48,43,54,0,58,61,0,0,0,False,,,0,,,,,,0,50,closer,
P7276,John,Doe,1998-08-13,70,238,Unknown,medium,black,clean_shaven,L,P,,1,RP,SP,,,,,53,,,,49,52,53,50,52,48,50,0,59,62,0,0,0,,,,,0,,,,61,64,62,62,67,62,57,0,73,70,0,0,0,False,,,0,,,,,,0,50,workhorse_sp,
P2657,John,Doe,1996-10-15,69,170,Unknown,dark,brown,clean_shaven,L,P,,1,RP,SP,,,,,51,,,,51,53,54,52,52,49,52,0,63,64,0,0,0,,,,,0,,,,55,53,52,52,53,52,53,0,64,66,0,0,0,False,,,0,,,,,,0,50,power_sp,
P6630,John,Doe,1987-04-27,73,205,Unknown,dark,blonde,mustache,R,P,,1,RP,SP,,,,,50,,,,50,49,51,50,52,49,49,59,60,61,0,0,0,,,,,0,,,,40,39,49,52,45,41,43,58,51,56,0,0,0,False,,,0,,,,,,0,50,balanced_sp,
P7494,John,Doe,1996-02-02,75,179,Unknown,light,brown,clean_shaven,L,P,,1,RP,SP,,,,,50,,,,51,50,52,53,52,51,50,0,59,60,0,57,0,,,,,0,,,,46,51,57,55,51,46,52,0,57,61,0,61,0,False,,,0,,,,,,0,50,power_sp,
P6499,John,Doe,1995-09-18,78,178,Unknown,medium,brown,clean_shaven,L,P,,1,RP,RP,,,,,48,,,,50,51,48,50,54,50,56,0,59,63,0,0,0,,,,,0,,,,48,51,45,51,43,49,58,0,57,60,0,0,0,False,,,0,,,,,,0,50,power_rp,
P6590,John,Doe,1995-10-19,77,186,Unknown,dark,black,clean_shaven,S,P,,1,RP,SP,,,,,53,,,,48,51,51,53,52,49,52,62,59,0,0,0,0,,,,,0,,,,48,52,55,56,51,45,50,64,64,0,0,0,0,False,,,0,,,,,,0,50,workhorse_sp,
P3898,John,Doe,1991-02-26,71,189,Unknown,medium,red,beard,R,LF,,0,,,52,57,50,52,50,48,55,49,49,50,,,,,,,,,,,,43,50,43,45,50,0,0,49,43,40,,,,,,,,,,,,False,,,0,,,,,,0,50,,gap
P4306,John,Doe,1991-08-01,73,246,Unknown,dark,brown,clean_shaven,R,3B,,0,,,48,52,50,49,52,47,59,51,52,48,,,,,,,,,,,,47,49,50,42,52,0,0,51,48,45,,,,,,,,,,,,False,,,0,,,,,,0,50,,balanced
P1498,John,Doe,1991-08-18,71,239,Unknown,light,black,clean_shaven,R,2B,,0,,,50,50,51,49,50,51,57,48,48,49,,,,,,,,,,,,50,46,48,40,50,0,0,48,46,49,,,,,,,,,,,,False,,,0,,,,,,0,50,,average
P1768,John,Doe,1988-05-24,68,245,Unknown,light,blonde,clean_shaven,S,1B,,0,,,51,53,49,50,49,50,50,52,49,49,,,,,,,,,,,,48,50,47,47,49,0,0,52,43,48,,,,,,,,,,,,False,,,0,,,,,,0,50,,balanced
P5555,John,Doe,1989-09-27,77,228,Unknown,dark,black,clean_shaven,S,1B,,0,,,49,62,50,48,51,53,52,52,48,52,,,,,,,,,,,,40,55,45,45,51,0,0,52,39,51,,,,,,,,,,,,False,,,0,,,,,,0,50,,power
P1653,John,Doe,1988-11-06,76,206,Unknown,dark,black,goatee,R,CF,,0,,,53,50,48,52,53,53,54,50,50,51,,,,,,,,,,,,50,44,48,44,53,0,0,50,47,44,,,,,,,,,,,,False,,,0,,,,,,0,50,,balanced
P9840,John,Doe,1994-02-22,71,188,Unknown,light,black,goatee,R,3B,2B,0,,,59,51,50,53,49,50,59,50,47,51,,,,,,,,,,,,52,49,46,48,49,0,0,50,38,43,,,,,,,,,,,,False,,,0,,,,,,0,50,,spray
P3593,John,Doe,1994-09-30,76,244,Unknown,dark,brown,mustache,L,CF,,0,,,52,50,85,51,50,47,46,53,51,50,,,,,,,,,,,,55,53,88,54,50,0,0,53,54,48,,,,,,,,,,,,False,,,0,,,,,,0,50,,elite_speed
P5169,John,Doe,2006-11-30,72,236,Unknown,medium,brown,mustache,S,P,,1,RP,CL,,,,,55,,,,51,54,51,50,52,50,51,58,58,65,0,0,0,,,,,0,,,,76,67,60,70,65,75,69,81,79,78,0,0,0,False,,,0,,,,,,0,50,closer,
P6976,John,Doe,2004-11-19,68,238,Unknown,light,blonde,clean_shaven,R,P,,1,RP,SP,,,,,50,,,,49,51,53,50,52,49,52,61,59,59,0,0,0,,,,,0,,,,76,79,73,68,65,61,72,84,83,88,0,0,0,False,,,0,,,,,,0,50,workhorse_sp,
P7319,John,Doe,2007-11-01,73,169,Unknown,medium,black,clean_shaven,L,P,,1,RP,SP,,,,,50,,,,49,49,53,52,52,52,48,62,60,0,0,0,0,,,,,0,,,,67,74,74,73,72,68,60,90,78,0,0,0,0,False,,,0,,,,,,0,50,finesse_sp,
P9464,John,Doe,2007-09-24,69,167,Unknown,medium,black,clean_shaven,R,P,RF,1,RP,CL,,,,,52,,,,52,51,51,50,52,51,51,0,59,66,0,0,0,,,,,0,,,,79,81,70,72,67,81,65,0,69,89,0,0,0,False,,,0,,,,,,0,50,closer,
P9646,John,Doe,2007-06-15,68,229,Unknown,light,black,clean_shaven,L,P,,1,RP,SP,,,,,50,,,,49,50,51,50,53,50,53,61,61,59,0,0,0,,,,,0,,,,77,61,63,73,71,60,79,71,91,72,0,0,0,False,,,0,,,,,,0,50,workhorse_sp,
P8569,John,Doe,2004-10-29,78,232,Unknown,light,black,goatee,R,2B,,0,,,49,52,50,50,53,51,56,52,49,53,,,,,,,,,,,,62,77,62,80,53,0,0,52,70,65,,,,,,,,,,,,False,,,0,,,,,,0,50,,average
P7559,John,Doe,2005-07-07,72,167,Unknown,medium,brown,clean_shaven,R,SS,,0,,,59,52,70,53,52,49,60,49,51,51,,,,,,,,,,,,84,80,97,66,52,0,0,49,63,65,,,,,,,,,,,,False,,,0,,,,,,0,50,,spray
P7253,John,Doe,2005-11-16,73,168,Unknown,light,brown,clean_shaven,R,C,,0,,,51,62,51,50,51,51,56,53,52,52,,,,,,,,,,,,71,83,71,71,51,0,0,53,77,79,,,,,,,,,,,,False,,,0,,,,,,0,50,,power
P7459,John,Doe,2004-08-17,73,161,Unknown,light,brown,clean_shaven,R,LF,,0,,,61,51,52,51,53,51,55,51,53,51,,,,,,,,,,,,81,64,62,79,53,0,0,51,67,67,,,,,,,,,,,,False,,,0,,,,,,0,50,,spray
P7046,John,Doe,2006-12-04,70,194,Unknown,medium,brown,clean_shaven,R,SS,,0,,,54,49,53,51,52,51,60,50,49,51,,,,,,,,,,,,69,62,73,81,52,0,0,50,74,64,,,,,,,,,,,,False,,,0,,,,,,0,50,,gap
P5400,John,Doe,1992-07-31,72,226,Unknown,medium,brown,clean_shaven,L,P,,1,RP,CL,,,,,55,,,,48,54,52,53,53,50,53,0,0,65,0,0,0,,,,,0,,,,40,50,53,52,48,46,53,0,0,65,0,0,0,False,,,0,,,,,,0,50,closer,
P7111,John,Doe,1998-08-25,69,200,Unknown,dark,black,clean_shaven,R,P,,1,RP,SP,,,,,52,,,,50,51,54,51,54,49,49,58,60,62,0,0,0,,,,,0,,,,58,56,64,69,67,62,59,72,71,76,0,0,0,False,,,0,,,,,,0,50,balanced_sp,
P9724,John,Doe,2003-01-04,77,246,Unknown,medium,black,clean_shaven,R,P,,1,RP,SP,,,,,48,,,,52,48,52,52,52,51,53,58,60,60,0,55,0,,,,,0,,,,57,59,66,60,61,64,67,73,66,67,0,61,0,False,,,0,,,,,,0,50,finesse_sp,
P1856,John,Doe,1990-04-04,72,181,Unknown,dark,black,clean_shaven,R,P,,1,RP,SP,,,,,52,,,,52,53,54,50,52,48,52,60,0,61,0,0,0,,,,,0,,,,45,48,42,43,46,41,47,51,0,51,0,0,0,False,,,0,,,,,,0,50,workhorse_sp,
P8630,John,Doe,2003-09-19,70,172,Unknown,dark,blonde,clean_shaven,L,P,,1,RP,CL,,,,,51,,,,52,52,47,50,52,53,54,57,0,67,0,0,0,,,,,0,,,,67,65,60,62,53,59,66,64,0,75,0,0,0,False,,,0,,,,,,0,50,closer,
P6352,John,Doe,2000-02-05,68,217,Unknown,medium,black,clean_shaven,R,P,,1,RP,RP,,,,,54,,,,52,52,49,53,52,49,54,0,0,64,63,0,0,,,,,0,,,,58,60,65,59,56,62,66,0,0,77,78,0,0,False,,,0,,,,,,0,50,groundball_rp,
P5682,John,Doe,1998-08-03,73,198,Unknown,medium,black,clean_shaven,R,P,,1,RP,RP,,,,,60,,,,51,52,49,51,52,50,53,0,59,63,0,0,0,,,,,73,,,,56,57,65,61,57,62,60,0,69,74,0,0,0,False,,,0,,,,,,0,50,power_rp,
P4034,John,Doe,1994-11-05,73,203,Unknown,medium,black,clean_shaven,L,P,,1,RP,RP,,,,,54,,,,47,49,50,52,52,49,53,0,0,65,62,0,0,,,,,0,,,,52,53,57,51,54,45,56,0,0,66,57,0,0,False,,,0,,,,,,0,50,groundball_rp,
P3970,John,Doe,1988-11-01,78,215,Unknown,dark,blonde,mustache,R,P,,1,RP,SP,,,,,52,,,,49,49,52,52,52,51,49,60,60,0,0,0,0,,,,,0,,,,49,44,52,48,42,49,43,54,60,0,0,0,0,False,,,0,,,,,,0,50,finesse_sp,
P1420,John,Doe,1997-04-21,74,189,Unknown,dark,brown,beard,R,P,,1,RP,SP,,,,,54,,,,50,51,52,51,52,52,51,0,0,59,60,0,0,,,,,0,,,,46,55,52,48,55,48,49,0,0,56,65,0,0,False,,,0,,,,,,0,50,groundball_sp,
P5301,John,Doe,1994-09-01,73,187,Unknown,light,brown,beard,R,P,,1,RP,RP,,,,,48,,,,51,52,49,50,52,53,51,0,60,64,0,0,0,,,,,0,,,,52,55,47,49,54,56,54,0,61,69,0,0,0,False,,,0,,,,,,0,50,power_rp,
P7750,John,Doe,1991-08-28,68,208,Unknown,dark,blonde,goatee,R,C,,0,,,49,49,51,51,53,52,58,48,50,50,,,,,,,,,,,,48,44,44,44,53,0,0,48,47,45,,,,,,,,,,,,False,,,0,,,,,,0,50,,average
P9535,John,Doe,1997-01-29,74,215,Unknown,dark,red,beard,R,1B,,0,,,54,48,52,53,53,50,54,51,52,48,,,,,,,,,,,,56,44,47,56,53,0,0,51,50,45,,,,,,,,,,,,False,,,0,,,,,,0,50,,spray
P8050,John,Doe,1995-07-20,74,198,Unknown,dark,red,clean_shaven,R,2B,,0,,,54,51,85,53,50,49,59,52,50,50,,,,,,,,,,,,53,50,84,53,50,0,0,52,55,46,,,,,,,,,,,,False,,,0,,,,,,0,50,,elite_speed
P9738,John,Doe,2000-07-12,77,204,Unknown,medium,black,mustache,L,3B,,0,,,54,53,51,52,48,52,52,51,50,52,,,,,,,,,,,,60,67,62,60,48,0,0,51,61,65,,,,,,,,,,,,False,,,0,,,,,,0,50,,balanced
P2065,John,Doe,2001-05-11,73,178,Unknown,medium,blonde,clean_shaven,R,SS,,0,,,53,51,53,49,50,51,56,49,52,49,,,,,,,,,,,,60,59,59,60,50,0,0,49,66,63,,,,,,,,,,,,False,,,0,,,,,,0,50,,balanced
P3819,John,Doe,1994-03-21,78,162,Unknown,medium,black,clean_shaven,L,LF,,0,,,53,49,51,53,49,51,49,52,49,51,,,,,,,,,,,,55,51,50,56,49,0,0,52,49,46,,,,,,,,,,,,False,,,0,,,,,,0,50,,average
P7085,John,Doe,1999-09-28,74,187,Unknown,medium,blonde,goatee,S,CF,,0,,,49,51,48,51,52,52,46,53,52,49,,,,,,,,,,,,59,63,55,62,52,0,0,53,57,61,,,,,,,,,,,,False,,,0,,,,,,0,50,,average
P6616,John,Doe,2004-05-23,69,163,Unknown,dark,brown,clean_shaven,R,RF,,0,,,54,51,50,53,48,50,55,49,51,49,,,,,,,,,,,,76,61,63,76,48,0,0,49,61,65,,,,,,,,,,,,False,,,0,,,,,,0,50,,gap
P2479,John,Doe,1998-09-06,72,234,Unknown,dark,black,clean_shaven,R,C,,0,,,51,50,85,50,52,50,55,53,52,48,,,,,,,,,,,,56,59,93,60,52,0,0,53,59,55,,,,,,,,,,,,False,,,0,,,,,,0,50,,elite_speed
P2297,John,Doe,2001-08-06,76,225,Unknown,medium,brown,clean_shaven,R,C,,0,,,52,52,48,51,51,49,57,49,53,52,,,,,,,,,,,,57,58,57,59,51,0,0,49,60,63,,,,,,,,,,,,False,,,0,,,,,,0,50,,average
P3236,John,Doe,1993-08-25,74,246,Unknown,light,black,clean_shaven,S,RF,,0,,,64,64,51,53,49,52,50,50,51,52,,,,,,,,,,,,61,60,51,45,49,0,0,50,41,47,,,,,,,,,,,,False,,,0,,,,,,0,50,,gap
P1173,John,Doe,2003-03-13,72,236,Unknown,medium,black,clean_shaven,L,CF,,0,,,52,51,52,52,47,49,44,52,52,53,,,,,,,,,,,,60,57,65,59,47,0,0,52,61,68,,,,,,,,,,,,False,,,0,,,,,,0,50,,gap
P1920,John,Doe,1987-08-03,77,191,Unknown,dark,brown,beard,R,CF,,0,,,49,50,70,50,51,49,57,52,52,53,,,,,,,,,,,,47,49,70,50,51,0,0,52,48,45,,,,,,,,,,,,False,,,0,,,,,,0,50,,speed
P8083,John,Doe,1996-11-08,68,191,Unknown,light,brown,clean_shaven,L,LF,,0,,,48,60,51,50,50,50,49,49,53,49,,,,,,,,,,,,48,61,53,52,50,0,0,49,54,45,,,,,,,,,,,,False,,,0,,,,,,0,50,,power
P3241,John,Doe,1993-07-16,73,187,Unknown,medium,blonde,clean_shaven,L,P,,1,RP,CL,,,,,55,,,,52,51,51,50,52,51,56,0,59,65,0,0,0,,,,,0,,,,46,49,49,49,49,50,46,0,55,63,0,0,0,False,,,0,,,,,,0,50,closer,
P4856,John,Doe,1995-09-08,71,227,Unknown,medium,black,beard,R,P,,1,RP,RP,,,,,49,,,,49,52,51,51,53,50,51,61,61,0,0,0,0,,,,,0,,,,50,50,48,51,47,51,55,58,57,0,0,0,0,False,,,0,,,,,,0,50,finesse_rp,
P4625,John,Doe,1990-12-04,78,216,Unknown,medium,brown,clean_shaven,R,P,,1,RP,RP,,,,,50,,,,50,50,50,52,52,50,52,0,59,64,0,0,0,,,,,0,,,,41,47,47,48,42,44,50,0,52,55,0,0,0,False,,,0,,,,,,0,50,power_rp,
P1640,John,Doe,1997-01-18,78,188,Unknown,light,black,clean_shaven,R,P,,1,RP,SP,,,,,53,,,,50,52,51,51,52,50,52,0,58,0,59,0,0,,,,,0,,,,54,57,46,49,54,52,52,0,63,0,55,0,0,False,,,0,,,,,,0,50,groundball_sp,
P3912,John,Doe,2004-11-06,78,193,Unknown,light,black,clean_shaven,R,P,,1,RP,RP,,,,,50,,,,53,53,51,50,54,52,52,0,62,0,0,0,0,,,,,0,,,,80,74,62,79,73,79,76,0,76,0,0,0,0,False,,,0,,,,,,0,50,power_rp,
P8877,John,Doe,2001-10-24,73,226,Unknown,medium,brown,clean_shaven,R,P,,1,RP,SP,,,,,52,,,,52,52,53,52,54,49,52,58,61,58,0,53,0,,,,,0,,,,66,67,60,61,58,62,67,64,67,65,0,63,0,False,,,0,,,,,,0,50,workhorse_sp,
P8449,John,Doe,1992-05-17,70,206,Unknown,light,brown,clean_shaven,R,P,,1,RP,LR,,,,,51,,,,50,51,51,51,52,51,53,56,0,0,0,0,0,,,,,0,,,,47,51,45,45,46,49,49,54,0,0,0,0,0,False,,,0,,,,,,0,50,long_relief,
P1708,John,Doe,1989-09-10,70,189,Unknown,light,brown,clean_shaven,L,LF,,0,,,54,48,50,53,50,51,49,52,48,53,,,,,,,,,,,,50,43,43,43,50,0,0,52,42,53,,,,,,,,,,,,False,,,0,,,,,,0,50,,spray
P1249,John,Doe,1989-06-01,73,223,Unknown,medium,brown,mustache,S,3B,,0,,,58,58,51,51,47,50,54,53,49,51,,,,,,,,,,,,48,55,46,50,47,0,0,53,44,45,,,,,,,,,,,,False,,,0,,,,,,0,50,,gap
P8194,John,Doe,2000-03-12,77,202,Unknown,light,brown,clean_shaven,R,CF,,0,,,58,50,49,52,49,47,55,48,52,51,,,,,,,,,,,,65,65,54,58,49,0,0,48,67,60,,,,,,,,,,,,False,,,0,,,,,,0,50,,spray
P3919,John,Doe,1996-09-11,76,213,Unknown,medium,black,clean_shaven,R,C,,0,,,53,49,70,52,49,50,56,50,48,51,,,,,,,,,,,,52,50,74,54,49,0,0,50,43,52,,,,,,,,,,,,False,,,0,,,,,,0,50,,speed
P9244,John,Doe,1991-02-07,74,199,Unknown,medium,blonde,beard,R,1B,,0,,,52,60,50,51,47,49,54,49,52,49,,,,,,,,,,,,50,59,45,47,47,0,0,49,49,48,,,,,,,,,,,,False,,,0,,,,,,0,50,,power
P1790,John,Doe,1998-12-19,78,246,Unknown,medium,brown,goatee,R,SS,,0,,,49,51,86,49,51,51,59,51,51,48,,,,,,,,,,,,58,66,92,59,51,0,0,51,66,59,,,,,,,,,,,,False,,,0,,,,,,0,50,,speed
P1978,John,Doe,2002-07-23,74,174,Unknown,medium,black,clean_shaven,R,SS,,0,,,50,49,54,50,52,47,59,52,48,53,,,,,,,,,,,,57,60,59,60,52,0,0,52,53,58,,,,,,,,,,,,False,,,0,,,,,,0,50,,balanced
P1460,John,Doe,1987-06-30,68,195,Unknown,light,brown,goatee,L,3B,,0,,,49,59,50,50,47,52,48,53,50,51,,,,,,,,,,,,43,52,50,44,47,0,0,53,45,48,,,,,,,,,,,,False,,,0,,,,,,0,50,,power
P9235,John,Doe,2006-10-29,76,193,Unknown,light,brown,clean_shaven,L,P,,1,RP,CL,,,,,55,,,,49,51,51,50,52,51,54,59,60,65,0,0,0,,,,,0,,,,74,73,76,71,74,66,73,74,78,89,0,0,0,False,,,0,,,,,,0,50,closer,
P5161,John,Doe,2006-08-17,76,203,Unknown,light,blonde,beard,S,P,,1,RP,RP,,,,,53,,,,48,51,49,50,53,52,52,0,61,0,0,0,0,,,,,0,,,,66,63,74,77,77,68,63,0,82,0,0,0,0,False,,,0,,,,,,0,50,power_rp,
P5659,John,Doe,2006-12-30,72,200,Unknown,light,red,clean_shaven,L,P,,1,RP,RP,,,,,53,,,,51,51,50,53,52,53,50,59,58,0,0,0,0,,,,,0,,,,73,76,63,76,76,82,68,69,70,0,0,0,0,False,,,0,,,,,,0,50,finesse_rp,
P2485,John,Doe,2007-06-29,77,205,Unknown,medium,brown,beard,R,P,,1,RP,SP,,,,,49,,,,51,49,50,51,52,52,53,0,60,62,0,0,0,,,,,0,,,,73,59,70,62,76,68,66,0,90,78,0,0,0,False,,,0,,,,,,0,50,balanced_sp,
P6599,John,Doe,2007-02-09,71,224,Unknown,light,brown,mustache,L,P,,1,RP,SP,,,,,52,,,,49,51,51,53,52,50,53,59,0,63,0,0,0,,,,,0,,,,75,72,68,64,63,78,78,75,0,88,0,0,0,False,,,0,,,,,,0,50,balanced_sp,
P2341,John,Doe,2004-07-25,72,230,Unknown,medium,black,clean_shaven,R,C,,0,,,60,48,50,50,53,47,56,49,50,49,,,,,,,,,,,,74,70,76,68,53,0,0,49,74,79,,,,,,,,,,,,False,,,0,,,,,,0,50,,spray
P8396,John,Doe,2007-05-29,78,164,Unknown,light,brown,clean_shaven,L,SS,,0,,,49,48,70,50,53,50,51,51,51,52,,,,,,,,,,,,66,72,93,68,53,0,0,51,81,70,,,,,,,,,,,,False,,,0,,,,,,0,50,,speed
P1076,John,Doe,2007-01-26,71,181,Unknown,dark,brown,clean_shaven,R,2B,,0,,,53,52,50,52,53,51,58,50,52,49,,,,,,,,,,,,79,70,72,73,53,0,0,50,74,69,,,,,,,,,,,,False,,,0,,,,,,0,50,,balanced
P6489,John,Doe,2005-07-28,76,208,Unknown,medium,black,clean_shaven,L,1B,,0,,,51,60,51,49,48,52,46,52,52,48,,,,,,,,,,,,68,73,70,77,48,0,0,52,76,70,,,,,,,,,,,,False,,,0,,,,,,0,50,,power
P7589,John,Doe,2006-11-27,70,230,Unknown,medium,brown,clean_shaven,R,C,,0,,,50,50,51,51,51,52,60,50,49,49,,,,,,,,,,,,76,60,73,72,51,0,0,50,67,59,,,,,,,,,,,,False,,,0,,,,,,0,50,,balanced
P1719,John,Doe,1996-01-29,72,184,Unknown,light,black,clean_shaven,R,P,,1,RP,CL,,,,,55,,,,48,51,51,51,54,50,55,0,0,67,0,0,0,,,,,0,,,,44,47,52,58,51,47,53,0,0,66,0,0,0,False,,,0,,,,,,0,50,closer,
P7642,John,Doe,1996-03-26,75,191,Unknown,light,red,clean_shaven,L,P,,1,RP,RP,,,,,49,,,,51,49,51,50,52,49,53,0,0,66,0,0,0,,,,,0,,,,48,45,46,49,54,45,48,0,0,65,0,0,0,False,,,0,,,,,,0,50,power_rp,
P6042,John,Doe,1994-08-15,76,224,Unknown,medium,brown,beard,R,P,,1,RP,SP,,,,,50,,,,52,50,52,52,53,52,50,62,60,59,0,0,0,,,,,0,,,,51,54,56,53,50,48,51,62,61,54,0,0,0,False,,,0,,,,,,0,50,balanced_sp,
P3945,John,Doe,1988-11-22,78,227,Unknown,light,brown,clean_shaven,R,P,,1,RP,CL,,,,,50,,,,49,54,51,50,52,51,56,0,0,65,0,0,0,,,,,0,,,,43,45,42,43,46,50,53,0,0,56,0,0,0,False,,,0,,,,,,0,50,closer,
P3471,John,Doe,2005-01-28,77,216,Unknown,dark,black,clean_shaven,L,P,,1,RP,RP,,,,,51,,,,53,51,49,51,54,53,51,60,59,66,0,0,0,,,,,0,,,,75,78,64,66,62,64,77,82,88,77,0,0,0,False,,,0,,,,,,0,50,power_rp,
P2473,John,Doe,2003-08-03,76,231,Unknown,dark,black,clean_shaven,L,P,,1,RP,SP,,,,,52,,,,49,54,53,52,52,53,54,0,63,64,0,0,0,,,,,0,,,,55,61,57,61,61,64,62,0,72,74,0,0,0,False,,,0,,,,,,0,50,power_sp,
P4700,John,Doe,1999-03-23,73,236,Unknown,light,blonde,clean_shaven,L,P,,1,RP,SP,,,,,49,,,,51,50,53,54,54,52,50,63,63,0,0,0,0,,,,,0,,,,58,60,63,59,60,64,60,77,72,0,0,0,0,False,,,0,,,,,,0,50,finesse_sp,
P4331,John,Doe,1997-05-04,75,222,Unknown,dark,black,goatee,R,P,,1,RP,SP,,,,,51,,,,50,51,52,50,54,50,50,63,60,62,0,54,0,,,,,0,,,,55,56,50,56,48,53,54,68,57,65,0,53,0,False,,,0,,,,,,0,50,balanced_sp,
P1134,John,Doe,2001-02-08,76,220,Unknown,medium,black,goatee,R,P,,1,RP,CL,,,,,51,,,,49,54,49,51,53,50,54,0,0,66,0,0,0,,,,,0,,,,62,69,56,67,61,61,67,0,0,72,0,0,0,False,,,0,,,,,,0,50,closer,
P2344,John,Doe,2003-10-13,69,222,Unknown,medium,red,clean_shaven,R,P,,1,RP,CL,,,,,51,,,,48,54,49,52,52,52,54,59,62,65,0,0,0,,,,,0,,,,54,61,65,66,58,67,67,73,71,79,0,0,0,False,,,0,,,,,,0,50,closer,
P7139,John,Doe,1993-07-15,69,235,Unknown,dark,black,clean_shaven,R,P,,1,RP,SP,,,,,52,,,,51,53,53,53,52,51,51,60,59,59,0,57,0,,,,,0,,,,43,51,49,48,45,45,44,59,54,49,0,52,0,False,,,0,,,,,,0,50,balanced_sp,
P9921,John,Doe,2002-08-10,68,180,Unknown,dark,brown,goatee,L,C,,0,,,49,57,49,50,48,50,50,51,53,48,,,,,,,,,,,,63,64,61,65,48,0,0,51,64,53,,,,,,,,,,,,False,,,0,,,,,,0,50,,power
P1274,John,Doe,1988-07-21,68,246,Unknown,light,brown,beard,R,1B,,0,,,49,65,47,50,50,51,56,50,50,48,,,,,,,,,,,,46,61,46,44,50,0,0,50,48,45,,,,,,,,,,,,False,,,0,,,,,,0,50,,power
P3287,John,Doe,1993-01-01,77,198,Unknown,medium,brown,beard,R,2B,,0,,,53,52,53,53,50,48,59,52,48,49,,,,,,,,,,,,49,46,52,53,50,0,0,52,41,41,,,,,,,,,,,,False,,,0,,,,,,0,50,,balanced
P9672,John,Doe,1999-12-27,72,219,Unknown,light,black,clean_shaven,R,3B,,0,,,67,63,49,54,48,48,59,52,50,50,,,,,,,,,,,,79,70,56,68,48,0,0,52,55,60,,,,,,,,,,,,False,,,0,,,,,,0,50,,gap
P3486,John,Doe,2003-06-07,78,168,Unknown,dark,brown,mustache,R,SS,,0,,,54,48,50,51,52,49,60,52,49,49,,,,,,,,,,,,64,53,60,60,52,0,0,52,61,59,,,,,,,,,,,,False,,,0,,,,,,0,50,,spray
P4876,John,Doe,1997-09-22,71,233,Unknown,light,black,clean_shaven,R,LF,,0,,,58,50,54,51,51,47,57,50,49,51,,,,,,,,,,,,53,45,58,50,51,0,0,50,46,46,,,,,,,,,,,,False,,,0,,,,,,0,50,,spray
P7059,John,Doe,1993-09-18,68,228,Unknown,light,brown,mustache,R,CF,,0,,,57,50,53,53,54,47,53,48,52,53,,,,,,,,,,,,53,40,53,51,54,0,0,48,46,51,,,,,,,,,,,,False,,,0,,,,,,0,50,,spray
P7834,John,Doe,1992-12-12,75,181,Unknown,medium,black,clean_shaven,L,RF,,0,,,52,62,49,50,49,50,50,49,48,48,,,,,,,,,,,,49,58,40,45,49,0,0,49,43,43,,,,,,,,,,,,False,,,0,,,,,,0,50,,power
P9696,John,Doe,1996-09-19,71,211,Unknown,medium,brown,beard,R,3B,,0,,,59,51,54,52,48,48,60,49,48,50,,,,,,,,,,,,63,47,55,53,48,0,0,49,53,50,,,,,,,,,,,,False,,,0,,,,,,0,50,,spray
P4926,John,Doe,1998-10-25,75,249,Unknown,light,black,mustache,L,CF,,0,,,51,50,70,49,50,48,48,48,49,51,,,,,,,,,,,,58,57,85,55,50,0,0,48,59,56,,,,,,,,,,,,False,,,0,,,,,,0,50,,speed
P6068,John,Doe,2001-01-24,76,160,Unknown,medium,brown,clean_shaven,S,CF,,0,,,52,49,52,51,49,49,46,52,49,50,,,,,,,,,,,,60,56,67,61,49,0,0,52,56,62,,,,,,,,,,,,False,,,0,,,,,,0,50,,average
P1537,John,Doe,1996-07-19,72,182,Unknown,dark,blonde,clean_shaven,R,2B,,0,,,53,50,51,51,48,50,55,52,49,50,,,,,,,,,,,,56,55,54,51,48,0,0,52,44,52,,,,,,,,,,,,False,,,0,,,,,,0,50,,balanced
P8839,John,Doe,1999-06-16,73,182,Unknown,medium,brown,clean_shaven,L,RF,,0,,,51,58,49,53,49,48,49,48,49,48,,,,,,,,,,,,62,72,64,63,49,0,0,48,60,55,,,,,,,,,,,,False,,,0,,,,,,0,50,,gap
P1250,John,Doe,1991-06-06,73,183,Unknown,medium,black,goatee,R,C,,0,,,49,50,48,51,51,51,58,51,53,50,,,,,,,,,,,,41,45,41,42,51,0,0,51,45,40,,,,,,,,,,,,False,,,0,,,,,,0,50,,average
P4964,John,Doe,1999-10-11,75,232,Unknown,light,brown,clean_shaven,R,P,,1,RP,CL,,,,,55,,,,49,50,48,50,52,53,52,60,60,66,0,0,0,,,,,0,,,,54,59,61,64,59,68,60,72,71,76,0,0,0,False,,,0,,,,,,0,50,closer,
P3682,John,Doe,1998-03-21,71,235,Unknown,dark,black,clean_shaven,L,P,,1,RP,SP,,,,,50,,,,50,51,50,50,52,50,53,0,60,60,55,0,0,,,,,0,,,,57,61,64,60,57,60,67,0,67,72,61,0,0,False,,,0,,,,,,0,50,power_sp,
P5943,John,Doe,1990-12-10,70,177,Unknown,light,brown,clean_shaven,S,P,,1,RP,SP,,,,,48,,,,52,48,51,52,53,51,50,59,59,60,0,0,0,,,,,0,,,,49,40,44,53,47,47,42,59,59,54,0,0,0,False,,,0,,,,,,0,50,workhorse_sp,
P3114,John,Doe,1988-07-19,77,198,Unknown,dark,red,beard,R,P,,1,RP,SP,,,,,49,,,,52,50,54,50,52,52,55,0,62,59,56,55,0,,,,,0,,,,43,43,49,48,54,50,53,0,62,56,49,52,0,False,,,0,,,,,,0,50,power_sp,
P2738,John,Doe,1996-08-16,76,204,Unknown,medium,brown,beard,R,P,,1,RP,SP,,,,,51,,,,49,49,52,50,52,47,52,58,62,61,58,0,0,,,,,0,,,,52,47,54,54,49,52,56,61,65,56,54,0,0,False,,,0,,,,,,0,50,balanced_sp,
P2991,John,Doe,1999-02-07,76,164,Unknown,light,black,clean_shaven,R,P,,1,RP,RP,,,,,53,,,,51,53,49,50,52,51,52,57,58,0,0,0,0,,,,,0,,,,59,60,58,62,56,57,57,64,63,0,0,0,0,False,,,0,,,,,,0,50,finesse_rp,
P8442,John,Doe,2000-07-02,78,223,Unknown,light,red,beard,R,P,,1,RP,RP,,,,,50,,,,49,53,51,50,52,50,52,0,60,63,0,0,0,,,,,0,,,,58,67,56,60,62,59,63,0,68,75,0,0,0,False,,,0,,,,,,0,50,power_rp,
P3771,John,Doe,2001-11-22,78,189,Unknown,medium,blonde,beard,R,1B,,0,,,66,57,50,50,49,51,55,51,48,49,,,,,,,,,,,,74,70,63,57,49,0,0,51,60,60,,,,,,,,,,,,False,,,0,,,,,,0,50,,spray
P7843,John,Doe,2002-05-20,71,181,Unknown,dark,brown,clean_shaven,R,LF,,0,,,54,56,52,53,49,53,57,51,53,50,,,,,,,,,,,,64,69,66,67,49,0,0,51,66,62,,,,,,,,,,,,False,,,0,,,,,,0,50,,balanced
P4492,John,Doe,1990-11-27,69,212,Unknown,dark,black,beard,R,1B,,0,,,50,64,51,49,50,54,56,51,50,48,,,,,,,,,,,,43,56,43,39,50,0,0,51,50,45,,,,,,,,,,,,False,,,0,,,,,,0,50,,power
P7858,John,Doe,1991-02-20,73,162,Unknown,light,brown,clean_shaven,R,C,,0,,,50,52,50,51,51,50,55,49,53,49,,,,,,,,,,,,43,46,40,51,51,0,0,49,48,45,,,,,,,,,,,,False,,,0,,,,,,0,50,,balanced
P6710,John,Doe,1994-12-11,77,246,Unknown,medium,brown,clean_shaven,S,3B,,0,,,52,48,51,50,52,49,55,48,48,49,,,,,,,,,,,,51,44,50,47,52,0,0,48,51,53,,,,,,,,,,,,False,,,0,,,,,,0,50,,balanced
P3260,John,Doe,2004-10-02,71,233,Unknown,medium,black,clean_shaven,R,RF,,0,,,51,53,51,51,48,51,52,50,48,50,,,,,,,,,,,,71,66,62,62,48,0,0,50,73,62,,,,,,,,,,,,False,,,0,,,,,,0,50,,gap
P3870,John,Doe,1987-06-26,77,162,Unknown,dark,black,mustache,R,C,,0,,,49,49,49,50,50,50,56,50,52,53,,,,,,,,,,,,46,44,46,43,50,0,0,50,44,44,,,,,,,,,,,,False,,,0,,,,,,0,50,,average
P5890,John,Doe,2002-06-28,73,167,Unknown,dark,black,goatee,R,3B,,0,,,50,56,50,51,48,53,59,49,50,52,,,,,,,,,,,,59,66,60,66,48,0,0,49,64,66,,,,,,,,,,,,False,,,0,,,,,,0,50,,power
P5202,John,Doe,2005-01-06,77,243,Unknown,dark,blonde,clean_shaven,R,P,,1,RP,CL,,,,,55,,,,49,51,52,52,52,50,54,0,0,66,0,0,0,,,,,0,,,,71,66,72,75,73,62,79,0,0,79,0,0,0,False,,,0,,,,,,0,50,closer,
P8543,John,Doe,2007-06-29,73,220,Unknown,dark,black,clean_shaven,R,P,,1,RP,SP,,,,,51,,,,52,51,51,50,53,52,51,58,59,62,0,0,0,,,,,0,,,,64,62,80,67,65,73,66,84,72,81,0,0,0,False,,,0,,,,,,0,50,balanced_sp,
P1809,John,Doe,2005-04-03,77,173,Unknown,medium,black,beard,R,P,,1,RP,RP,,,,,50,,,,52,51,48,51,52,49,51,0,61,65,62,0,0,,,,,0,,,,67,79,66,82,65,66,76,0,78,89,74,0,0,False,,,0,,,,,,0,50,power_rp,
P5049,John,Doe,2008-02-08,68,196,Unknown,dark,black,clean_shaven,R,P,,1,RP,RP,,,,,57,,,,52,50,51,50,52,51,50,0,62,0,63,0,0,,,,,0,,,,64,79,61,82,81,80,69,0,85,0,74,0,0,False,,,0,,,,,,0,50,groundball_rp,
P7306,John,Doe,2004-10-04,75,209,Unknown,dark,blonde,clean_shaven,R,P,,1,RP,SP,,,,,48,,,,49,54,52,51,52,50,54,0,60,62,0,0,0,,,,,0,,,,65,84,75,73,67,71,81,0,81,91,0,0,0,False,,,0,,,,,,0,50,power_sp,
P6995,John,Doe,2008-01-23,75,161,Unknown,dark,black,clean_shaven,R,CF,,0,,,52,53,50,51,52,50,57,48,48,52,,,,,,,,,,,,75,69,79,67,52,0,0,48,74,69,,,,,,,,,,,,False,,,0,,,,,,0,50,,balanced
P7525,John,Doe,2004-09-07,73,190,Unknown,light,red,clean_shaven,L,RF,,0,,,49,52,52,51,47,48,47,52,49,53,,,,,,,,,,,,73,76,69,62,47,0,0,52,78,77,,,,,,,,,,,,False,,,0,,,,,,0,50,,balanced
P5918,John,Doe,2004-05-12,70,192,Unknown,light,black,clean_shaven,R,2B,,0,,,59,48,48,51,49,48,59,51,50,53,,,,,,,,,,,,75,76,64,80,49,0,0,51,61,75,,,,,,,,,,,,False,,,0,,,,,,0,50,,spray
P5338,John,Doe,2004-09-07,69,190,Unknown,medium,black,clean_shaven,R,1B,,0,,,62,50,50,50,51,48,53,53,50,48,,,,,,,,,,,,73,78,68,70,51,0,0,53,64,77,,,,,,,,,,,,False,,,0,,,,,,0,50,,spray
P3971,John,Doe,2006-01-26,71,179,Unknown,medium,black,clean_shaven,R,2B,CF,0,,,50,47,70,54,49,50,56,52,50,51,,,,,,,,,,,,64,76,88,70,49,0,0,52,77,75,,,,,,,,,,,,False,,,0,,,,,,0,50,,speed
P4998,John,Doe,1988-06-18,78,186,Unknown,light,blonde,mustache,R,P,,1,RP,CL,,,,,55,,,,49,51,49,50,52,49,52,58,62,65,0,0,0,,,,,0,,,,39,44,47,44,43,43,44,58,53,55,0,0,0,False,,,0,,,,,,0,50,closer,
P5133,John,Doe,1988-05-25,70,185,Unknown,dark,black,clean_shaven,S,P,,1,RP,RP,,,,,56,,,,50,49,50,50,52,48,52,0,0,0,61,0,0,,,,,0,,,,47,42,42,43,42,45,46,0,0,0,57,0,0,False,,,0,,,,,,0,50,groundball_rp,
P5937,John,Doe,1994-05-01,77,240,Unknown,light,brown,goatee,R,P,,1,RP,RP,,,,,53,,,,52,50,51,52,52,51,52,60,63,0,0,0,0,,,,,0,,,,48,48,47,55,55,47,57,57,63,0,0,0,0,False,,,0,,,,,,0,50,finesse_rp,
P4188,John,Doe,1998-07-28,69,237,Unknown,medium,black,clean_shaven,L,P,,1,RP,SP,,,,,51,,,,50,51,52,53,52,52,51,0,0,61,62,0,0,,,,,0,,,,60,65,63,64,59,62,65,0,0,67,73,0,0,False,,,0,,,,,,0,50,groundball_sp,
P4957,John,Doe,2000-04-11,72,182,Unknown,medium,brown,goatee,R,P,,1,RP,SP,,,,,12,,,,50,53,50,50,52,52,52,59,61,61,0,0,0,,,,,18,,,,57,61,56,58,60,62,60,69,75,72,0,0,0,False,,,0,,,,,,0,50,balanced_sp,
P6116,John,Doe,1996-02-22,72,235,Unknown,light,blonde,beard,L,P,,1,RP,SP,,,,,50,,,,50,51,53,53,52,50,53,62,62,0,0,54,0,,,,,0,,,,55,55,52,56,57,52,53,60,67,0,0,58,0,False,,,0,,,,,,0,50,finesse_sp,
P8796,John,Doe,1999-04-05,74,210,Unknown,light,blonde,clean_shaven,L,P,,1,RP,RP,,,,,48,,,,52,53,50,52,52,51,52,61,62,0,0,0,0,,,,,0,,,,57,63,65,66,62,64,66,74,70,0,0,0,0,False,,,0,,,,,,0,50,finesse_rp,
P4921,John,Doe,1991-05-16,68,209,Unknown,light,brown,clean_shaven,L,P,,1,RP,RP,,,,,51,,,,52,51,52,52,54,50,52,0,62,67,0,0,0,,,,,0,,,,51,49,42,46,43,40,49,0,62,65,0,0,0,False,,,0,,,,,,0,50,power_rp,
P7996,John,Doe,1996-02-23,77,225,Unknown,light,black,clean_shaven,R,P,,1,RP,RP,,,,,51,,,,51,51,48,50,52,51,50,61,64,0,0,0,0,,,,,0,,,,56,53,51,55,51,46,55,59,66,0,0,0,0,False,,,0,,,,,,0,50,finesse_rp,
P6679,John,Doe,1988-12-31,76,203,Unknown,light,brown,clean_shaven,R,P,,1,RP,RP,,,,,52,,,,49,52,51,51,52,52,52,0,60,0,0,0,0,,,,,0,,,,45,48,48,52,43,46,49,0,57,0,0,0,0,False,,,0,,,,,,0,50,finesse_rp,
P6441,John,Doe,1989-01-15,70,197,Unknown,light,brown,goatee,R,P,,1,RP,SP,,,,,50,,,,48,51,51,50,52,48,54,0,63,61,0,57,0,,,,,0,,,,42,48,43,51,47,47,52,0,59,53,0,48,0,False,,,0,,,,,,0,50,power_sp,
P1823,John,Doe,1995-04-30,74,215,Unknown,medium,red,clean_shaven,L,C,,0,,,50,59,48,51,50,54,49,52,52,50,,,,,,,,,,,,53,58,43,46,50,0,0,52,51,49,,,,,,,,,,,,False,,,0,,,,,,0,50,,power
P5507,John,Doe,2002-12-29,76,197,Unknown,medium,black,clean_shaven,S,1B,,0,,,49,62,51,51,47,49,50,52,50,50,,,,,,,,,,,,60,72,62,65,47,0,0,52,59,63,,,,,,,,,,,,False,,,0,,,,,,0,50,,power
P8671,John,Doe,2000-11-29,69,216,Unknown,dark,brown,goatee,R,2B,,0,,,50,50,49,52,52,50,59,50,50,51,,,,,,,,,,,,65,64,61,61,52,0,0,50,61,64,,,,,,,,,,,,False,,,0,,,,,,0,50,,balanced
P5894,John,Doe,1993-07-15,78,230,Unknown,dark,black,clean_shaven,R,3B,,0,,,52,58,50,51,47,53,57,52,50,48,,,,,,,,,,,,42,48,48,44,47,0,0,52,48,45,,,,,,,,,,,,False,,,0,,,,,,0,50,,power
P1568,John,Doe,2004-09-02,77,246,Unknown,light,black,clean_shaven,R,SS,,0,,,54,50,87,51,52,48,61,52,52,50,,,,,,,,,,,,69,80,99,61,52,0,0,52,63,80,,,,,,,,,,,,False,,,0,,,,,,0,50,,speed
P8874,John,Doe,1990-10-01,72,250,Unknown,light,brown,beard,L,LF,,0,,,52,61,48,50,47,53,50,48,51,51,,,,,,,,,,,,43,55,47,40,47,0,0,48,50,45,,,,,,,,,,,,False,,,0,,,,,,0,50,,power
P7422,John,Doe,1988-06-17,76,218,Unknown,light,blonde,goatee,R,CF,,0,,,53,52,49,50,53,50,50,48,49,51,,,,,,,,,,,,47,50,48,48,53,0,0,48,39,45,,,,,,,,,,,,False,,,0,,,,,,0,50,,balanced
P4328,John,Doe,1993-01-22,70,203,Unknown,medium,brown,beard,R,RF,,0,,,51,59,52,50,51,48,52,50,47,50,,,,,,,,,,,,42,57,49,49,51,0,0,50,40,45,,,,,,,,,,,,False,,,0,,,,,,0,50,,balanced
P5723,John,Doe,2003-08-24,74,175,Unknown,dark,black,goatee,R,2B,,0,,,56,49,54,56,49,48,55,53,48,50,,,,,,,,,,,,62,58,65,62,49,0,0,53,55,59,,,,,,,,,,,,False,,,0,,,,,,0,50,,spray
P5419,John,Doe,1992-03-24,71,248,Unknown,dark,brown,goatee,L,1B,,0,,,57,55,49,50,49,49,47,51,49,49,,,,,,,,,,,,57,47,47,50,49,0,0,51,42,46,,,,,,,,,,,,False,,,0,,,,,,0,50,,gap
P8927,John,Doe,1993-05-28,75,163,Unknown,dark,blonde,beard,R,3B,,0,,,50,48,51,51,49,51,57,48,49,51,,,,,,,,,,,,43,39,47,49,49,0,0,48,44,50,,,,,,,,,,,,False,,,0,,,,,,0,50,,balanced
P9869,John,Doe,1991-03-05,75,212,Unknown,medium,black,mustache,R,C,,0,,,49,50,52,49,50,49,55,53,51,50,,,,,,,,,,,,43,48,44,42,50,0,0,53,51,44,,,,,,,,,,,,False,,,0,,,,,,0,50,,average
P3408,John,Doe,2001-05-28,73,250,Unknown,light,brown,clean_shaven,R,C,,0,,,53,50,52,52,52,49,59,51,50,52,,,,,,,,,,,,66,59,63,63,52,0,0,51,62,62,,,,,,,,,,,,False,,,0,,,,,,0,50,,balanced
P9473,John,Doe,1996-01-16,70,193,Unknown,light,black,mustache,S,2B,,0,,,59,50,51,53,51,52,51,51,52,50,,,,,,,,,,,,64,55,54,51,51,0,0,51,57,55,,,,,,,,,,,,False,,,0,,,,,,0,50,,spray
P6566,John,Doe,2001-10-13,70,175,Unknown,light,blonde,clean_shaven,L,P,,1,RP,CL,,,,,55,,,,49,52,48,50,52,52,54,58,60,66,0,0,0,,,,,0,,,,58,67,65,58,57,66,61,65,73,71,0,0,0,False,,,0,,,,,,0,50,closer,
P3867,John,Doe,1995-04-15,70,226,Unknown,medium,black,clean_shaven,L,P,,1,RP,SP,,,,,50,,,,48,51,52,51,53,49,52,62,58,61,61,0,0,,,,,0,,,,48,50,53,49,54,50,48,58,63,61,62,0,0,False,,,0,,,,,,0,50,groundball_sp,
P3656,John,Doe,2002-05-05,71,229,Unknown,dark,black,clean_shaven,L,P,,1,RP,RP,,,,,53,,,,51,53,50,50,52,49,53,0,62,66,0,59,0,,,,,0,,,,62,58,59,59,55,60,61,0,68,78,0,74,0,False,,,0,,,,,,0,50,power_rp,
P8340,John,Doe,1997-04-16,77,170,Unknown,light,black,beard,R,P,,1,RP,SP,,,,,49,,,,50,50,52,53,53,51,54,60,61,59,0,0,0,,,,,0,,,,45,50,50,51,47,48,52,64,58,57,0,0,0,False,,,0,,,,,,0,50,workhorse_sp,
P3841,John,Doe,1999-05-19,69,226,Unknown,dark,black,clean_shaven,L,P,,1,RP,RP,,,,,57,,,,50,52,49,52,52,49,53,0,0,64,59,0,0,,,,,0,,,,55,57,67,59,55,64,60,0,0,77,69,0,0,False,,,0,,,,,,0,50,groundball_rp,
P3957,John,Doe,1992-12-03,74,249,Unknown,dark,black,clean_shaven,L,P,,1,RP,SP,,,,,49,,,,51,52,52,50,52,49,52,61,60,61,55,0,0,,,,,0,,,,47,44,43,52,45,49,52,54,60,52,47,0,0,False,,,0,,,,,,0,50,balanced_sp,
P9768,John,Doe,1989-03-28,71,177,Unknown,medium,red,beard,L,P,,1,RP,SP,,,,,51,,,,51,51,51,50,53,50,49,62,58,62,58,0,0,,,,,0,,,,41,44,42,48,45,41,47,52,57,53,55,0,0,False,,,0,,,,,,0,50,groundball_sp,
P2706,John,Doe,1995-05-02,73,205,Unknown,dark,black,clean_shaven,R,2B,,0,,,54,47,70,53,52,48,57,49,49,50,,,,,,,,,,,,59,49,68,49,52,0,0,49,46,55,,,,,,,,,,,,False,,,0,,,,,,0,50,,speed
P7130,John,Doe,1997-07-06,77,224,Unknown,light,black,mustache,L,LF,,0,,,64,52,53,51,51,52,49,52,48,49,,,,,,,,,,,,59,57,56,51,51,0,0,52,50,48,,,,,,,,,,,,False,,,0,,,,,,0,50,,spray
P5768,John,Doe,1993-06-11,73,222,Unknown,medium,black,clean_shaven,R,3B,,0,,,51,59,50,50,50,49,57,50,52,50,,,,,,,,,,,,48,51,47,46,50,0,0,50,43,50,,,,,,,,,,,,False,,,0,,,,,,0,50,,power
P1513,John,Doe,1991-01-19,70,233,Unknown,medium,black,mustache,R,C,,0,,,53,52,75,54,52,48,55,52,51,50,,,,,,,,,,,,53,50,71,52,52,0,0,52,49,43,,,,,,,,,,,,False,,,0,,,,,,0,50,,speed
P1908,John,Doe,1993-10-23,68,210,Unknown,dark,blonde,clean_shaven,R,3B,,0,,,54,54,53,55,49,49,56,49,51,53,,,,,,,,,,,,45,44,53,47,49,0,0,49,41,53,,,,,,,,,,,,False,,,0,,,,,,0,50,,gap
P9631,John,Doe,1996-01-17,69,210,Unknown,dark,brown,goatee,R,CF,,0,,,57,51,52,54,53,46,50,50,50,52,,,,,,,,,,,,61,56,51,52,53,0,0,50,50,50,,,,,,,,,,,,False,,,0,,,,,,0,50,,spray
P9580,John,Doe,2001-10-28,68,210,Unknown,medium,black,clean_shaven,L,3B,,0,,,49,48,84,50,51,50,50,53,47,52,,,,,,,,,,,,58,56,92,56,51,0,0,53,57,61,,,,,,,,,,,,False,,,0,,,,,,0,50,,speed
P8954,John,Doe,1988-01-04,72,202,Unknown,medium,brown,goatee,L,CF,,0,,,52,52,52,49,51,50,42,50,49,50,,,,,,,,,,,,43,42,43,42,51,0,0,50,47,45,,,,,,,,,,,,False,,,0,,,,,,0,50,,balanced
P5927,John,Doe,2005-03-24,74,176,Unknown,dark,black,clean_shaven,L,P,,1,RP,CL,,,,,55,,,,50,51,49,50,52,50,52,0,63,65,0,0,0,,,,,0,,,,69,72,65,63,75,65,72,0,78,87,0,0,0,False,,,0,,,,,,0,50,closer,
P1008,John,Doe,2005-05-19,68,168,Unknown,medium,brown,clean_shaven,R,P,,1,RP,SP,,,,,50,,,,52,52,51,51,52,50,52,63,60,0,0,0,0,,,,,0,,,,63,77,67,73,80,66,68,87,88,0,0,0,0,False,,,0,,,,,,0,50,finesse_sp,
P5514,John,Doe,2004-06-19,75,229,Unknown,medium,blonde,mustache,S,P,,1,RP,SP,,,,,50,,,,51,53,52,50,54,50,52,0,59,61,0,54,0,,,,,0,,,,74,73,60,65,75,71,70,0,82,77,0,71,0,False,,,0,,,,,,0,50,power_sp,
P3900,John,Doe,2006-01-02,77,201,Unknown,light,brown,clean_shaven,R,P,,1,RP,RP,,,,,53,,,,53,50,51,50,52,50,52,61,0,0,0,0,0,,,,,0,,,,66,66,78,79,78,66,70,85,0,0,0,0,0,False,,,0,,,,,,0,50,finesse_rp,
P8315,John,Doe,2004-10-06,69,168,Unknown,medium,brown,goatee,S,P,,1,RP,SP,,,,,50,,,,51,53,50,50,52,52,53,59,63,61,0,58,0,,,,,0,,,,69,83,65,82,63,82,76,74,83,77,0,69,0,False,,,0,,,,,,0,50,workhorse_sp,
P4161,John,Doe,2005-10-26,74,193,Unknown,dark,red,clean_shaven,R,2B,,0,,,50,51,49,51,53,50,55,51,48,50,,,,,,,,,,,,77,68,78,67,53,0,0,51,64,69,,,,,,,,,,,,False,,,0,,,,,,0,50,,average
P5242,John,Doe,2005-08-11,76,214,Unknown,dark,black,goatee,S,C,,0,,,50,58,49,50,48,52,55,52,53,48,,,,,,,,,,,,61,85,59,64,48,0,0,52,65,78,,,,,,,,,,,,False,,,0,,,,,,0,50,,power
P9388,John,Doe,2006-10-23,75,206,Unknown,dark,brown,beard,R,RF,,0,,,50,48,71,51,54,52,57,51,51,49,,,,,,,,,,,,77,70,99,61,54,0,0,51,75,62,,,,,,,,,,,,False,,,0,,,,,,0,50,,speed
P1324,John,Doe,2006-12-28,69,218,Unknown,medium,brown,clean_shaven,R,3B,,0,,,61,52,51,56,49,47,59,50,50,48,,,,,,,,,,,,75,66,64,78,49,0,0,50,71,64,,,,,,,,,,,,False,,,0,,,,,,0,50,,spray
P9324,John,Doe,2006-05-27,70,236,Unknown,light,black,clean_shaven,R,C,,0,,,51,52,51,52,50,50,57,53,53,49,,,,,,,,,,,,64,62,65,82,50,0,0,53,78,61,,,,,,,,,,,,False,,,0,,,,,,0,50,,balanced
P1586,John,Doe,2001-06-27,70,221,Unknown,dark,blonde,clean_shaven,R,P,,1,RP,CL,,,,,55,,,,50,50,51,50,52,53,55,0,0,67,0,0,0,,,,,0,,,,58,64,59,61,61,58,62,0,0,76,0,0,0,False,,,0,,,,,,0,50,closer,
P9165,John,Doe,1987-08-28,75,201,Unknown,medium,brown,beard,R,P,,1,RP,SP,,,,,54,,,,51,52,51,52,54,53,49,0,0,60,61,0,0,,,,,0,,,,43,44,43,45,42,49,45,0,0,53,56,0,0,False,,,0,,,,,,0,50,groundball_sp,
P7471,John,Doe,1987-09-09,78,164,Unknown,light,red,clean_shaven,R,P,,1,RP,RP,,,,,25,,,,49,50,53,53,52,50,50,55,0,0,60,0,0,,,,,17,,,,39,43,47,50,53,49,45,49,0,0,50,0,0,False,,,0,,,,,,0,50,groundball_rp,
P5897,John,Doe,2001-01-25,70,207,Unknown,light,blonde,clean_shaven,R,P,,1,RP,SP,,,,,48,,,,50,53,53,51,52,51,51,62,59,62,0,0,0,,,,,0,,,,55,58,60,66,64,65,57,76,71,73,0,0,0,False,,,0,,,,,,0,50,balanced_sp,
P5057,John,Doe,1996-11-22,72,177,Unknown,light,blonde,clean_shaven,R,P,,1,RP,SP,,,,,51,,,,48,50,53,50,54,52,50,62,59,0,60,57,0,,,,,0,,,,50,53,55,59,51,50,50,63,56,0,60,57,0,False,,,0,,,,,,0,50,finesse_sp,
P8106,John,Doe,1994-01-12,78,181,Unknown,dark,brown,clean_shaven,R,P,,1,RP,RP,,,,,52,,,,50,51,49,50,54,48,51,0,59,63,0,0,0,,,,,0,,,,45,44,48,48,40,42,47,0,53,55,0,0,0,False,,,0,,,,,,0,50,power_rp,
P1870,John,Doe,1998-03-25,77,215,Unknown,dark,black,clean_shaven,S,P,,1,RP,RP,,,,,52,,,,52,53,52,50,52,50,53,0,59,65,0,0,0,,,,,0,,,,58,65,58,66,61,58,68,0,72,70,0,0,0,False,,,0,,,,,,0,50,power_rp,
P1425,John,Doe,1990-06-24,71,197,Unknown,light,black,clean_shaven,L,P,,1,RP,SP,,,,,51,,,,51,52,54,52,52,51,53,58,63,0,0,0,0,,,,,0,,,,43,45,50,42,45,48,51,51,53,0,0,0,0,False,,,0,,,,,,0,50,workhorse_sp,
P1922,John,Doe,1990-08-24,77,218,Unknown,dark,black,mustache,L,P,,1,RP,RP,,,,,50,,,,49,48,51,50,52,52,51,58,61,0,0,0,0,,,,,0,,,,48,41,40,50,51,46,43,54,53,0,0,0,0,False,,,0,,,,,,0,50,finesse_rp,
P4606,John,Doe,2001-02-14,76,237,Unknown,light,black,clean_shaven,R,P,,1,RP,SP,,,,,49,,,,49,50,50,50,52,52,52,59,62,60,0,0,0,,,,,0,,,,62,63,59,63,63,64,63,74,71,67,0,0,0,False,,,0,,,,,,0,50,balanced_sp,
P8672,John,Doe,1997-09-19,71,213,Unknown,light,red,beard,R,P,,1,RP,RP,,,,,51,,,,49,50,49,50,53,50,52,0,0,64,0,0,0,,,,,0,,,,44,53,45,51,53,54,56,0,0,69,0,0,0,False,,,0,,,,,,0,50,power_rp,
P1387,John,Doe,2002-03-01,75,225,Unknown,light,black,clean_shaven,R,C,,0,,,52,52,51,53,52,51,55,51,49,53,,,,,,,,,,,,62,61,65,62,52,0,0,51,62,64,,,,,,,,,,,,False,,,0,,,,,,0,50,,balanced
P3936,John,Doe,1994-12-11,69,222,Unknown,light,brown,mustache,R,1B,,0,,,50,59,48,49,49,50,55,53,52,48,,,,,,,,,,,,52,64,48,52,49,0,0,53,57,43,,,,,,,,,,,,False,,,0,,,,,,0,50,,balanced
P7123,John,Doe,1994-12-21,68,240,Unknown,light,black,clean_shaven,R,2B,,0,,,50,51,70,50,50,50,59,52,52,48,,,,,,,,,,,,54,56,65,45,50,0,0,52,48,53,,,,,,,,,,,,False,,,0,,,,,,0,50,,speed
P3137,John,Doe,1991-04-16,68,210,Unknown,light,black,beard,R,3B,,0,,,49,52,52,50,50,51,57,51,49,50,,,,,,,,,,,,39,47,51,45,50,0,0,51,41,42,,,,,,,,,,,,False,,,0,,,,,,0,50,,balanced
P1060,John,Doe,2003-12-26,74,200,Unknown,light,brown,clean_shaven,R,SS,,0,,,49,50,51,51,49,48,60,50,51,47,,,,,,,,,,,,57,56,62,65,49,0,0,50,62,52,,,,,,,,,,,,False,,,0,,,,,,0,50,,balanced
P9159,John,Doe,1988-04-27,69,164,Unknown,light,brown,goatee,S,LF,,0,,,48,62,51,51,51,49,51,52,52,53,,,,,,,,,,,,44,57,51,49,51,0,0,52,52,50,,,,,,,,,,,,False,,,0,,,,,,0,50,,power
P7185,John,Doe,2000-03-23,76,190,Unknown,dark,black,clean_shaven,R,CF,,0,,,53,62,48,52,50,53,50,49,51,51,,,,,,,,,,,,63,69,56,61,50,0,0,49,57,66,,,,,,,,,,,,False,,,0,,,,,,0,50,,power
P9183,John,Doe,2001-06-17,76,215,Unknown,medium,blonde,clean_shaven,R,RF,,0,,,49,59,50,51,48,53,55,50,52,50,,,,,,,,,,,,55,67,62,59,48,0,0,50,59,63,,,,,,,,,,,,False,,,0,,,,,,0,50,,power
P8483,John,Doe,1995-12-01,70,233,Unknown,light,black,clean_shaven,R,C,,0,,,50,54,50,51,52,49,59,52,52,48,,,,,,,,,,,,47,58,47,50,52,0,0,52,55,53,,,,,,,,,,,,False,,,0,,,,,,0,50,,balanced
P9495,John,Doe,1999-03-08,76,248,Unknown,light,black,beard,R,3B,,0,,,48,62,51,50,50,53,58,50,51,52,,,,,,,,,,,,55,75,60,59,50,0,0,50,61,63,,,,,,,,,,,,False,,,0,,,,,,0,50,,power
P6681,John,Doe,1993-06-05,68,190,Unknown,medium,brown,beard,L,1B,,0,,,58,61,49,52,52,48,46,50,49,50,,,,,,,,,,,,51,54,48,49,52,0,0,50,46,43,,,,,,,,,,,,False,,,0,,,,,,0,50,,gap
P6808,John,Doe,1990-12-11,76,241,Unknown,medium,brown,goatee,R,3B,,0,,,51,60,50,51,49,50,58,52,48,50,,,,,,,,,,,,50,60,44,41,49,0,0,52,47,48,,,,,,,,,,,,False,,,0,,,,,,0,50,,power
P4617,John,Doe,2000-07-25,68,190,Unknown,dark,brown,mustache,S,3B,,0,,,52,59,50,51,48,54,53,50,48,52,,,,,,,,,,,,67,74,59,66,48,0,0,50,61,65,,,,,,,,,,,,False,,,0,,,,,,0,50,,power
P1944,John,Doe,2002-06-20,70,192,Unknown,medium,black,clean_shaven,R,3B,,0,,,50,61,49,50,50,51,58,53,49,48,,,,,,,,,,,,64,74,58,57,50,0,0,53,61,57,,,,,,,,,,,,False,,,0,,,,,,0,50,,power
P4613,John,Doe,1990-10-07,77,214,Unknown,dark,brown,clean_shaven,L,P,,1,RP,CL,,,,,55,,,,48,51,51,50,53,52,55,57,57,65,0,0,0,,,,,0,,,,47,51,46,49,47,43,45,51,51,56,0,0,0,False,,,0,,,,,,0,50,closer,
P1573,John,Doe,1989-01-19,68,227,Unknown,light,brown,beard,S,P,,1,RP,RP,,,,,56,,,,51,49,49,51,52,49,53,0,62,64,62,0,0,,,,,0,,,,50,40,42,48,40,47,46,0,54,61,62,0,0,False,,,0,,,,,,0,50,groundball_rp,
P4305,John,Doe,2001-10-01,77,227,Unknown,medium,blonde,mustache,R,P,,1,RP,SP,,,,,50,,,,49,52,51,50,52,50,50,61,61,61,0,0,0,,,,,0,,,,54,59,65,66,64,59,64,68,73,69,0,0,0,False,,,0,,,,,,0,50,balanced_sp,
P5969,John,Doe,1988-12-08,74,214,Unknown,light,brown,beard,R,P,,1,RP,RP,,,,,53,,,,50,53,52,50,52,49,51,0,0,63,62,0,0,,,,,0,,,,44,49,43,42,49,45,46,0,0,61,56,0,0,False,,,0,,,,,,0,50,groundball_rp,
P6980,John,Doe,1992-12-06,74,179,Unknown,medium,blonde,beard,R,P,,1,RP,CL,,,,,49,,,,52,52,49,50,52,53,54,0,62,65,0,0,0,,,,,0,,,,51,50,48,49,39,53,48,0,59,57,0,0,0,False,,,0,,,,,,0,50,closer,
P7788,John,Doe,1995-12-17,69,212,Unknown,medium,black,clean_shaven,S,P,,1,RP,SP,,,,,54,,,,51,52,50,53,52,52,49,60,58,60,58,0,0,,,,,0,,,,55,47,57,52,51,51,53,58,55,55,61,0,0,False,,,0,,,,,,0,50,groundball_sp,
P8132,John,Doe,1995-06-29,70,206,Unknown,light,brown,mustache,S,P,,1,RP,CL,,,,,49,,,,52,52,50,51,54,51,53,0,0,66,0,0,0,,,,,0,,,,53,53,46,54,52,51,48,0,0,61,0,0,0,False,,,0,,,,,,0,50,closer,
P8221,John,Doe,1995-04-05,73,210,Unknown,medium,red,beard,L,1B,,0,,,53,59,49,52,48,51,43,49,49,50,,,,,,,,,,,,55,57,44,56,48,0,0,49,50,49,,,,,,,,,,,,False,,,0,,,,,,0,50,,balanced
P7056,John,Doe,1998-12-14,73,188,Unknown,dark,black,clean_shaven,L,RF,,0,,,49,60,48,49,48,52,45,51,50,48,,,,,,,,,,,,59,75,55,55,48,0,0,51,60,60,,,,,,,,,,,,False,,,0,,,,,,0,50,,power
P3809,John,Doe,1996-09-19,69,170,Unknown,dark,black,beard,S,C,,0,,,53,52,48,52,49,52,54,51,52,49,,,,,,,,,,,,55,57,43,54,49,0,0,51,51,49,,,,,,,,,,,,False,,,0,,,,,,0,50,,average
P8582,John,Doe,1994-09-11,73,173,Unknown,medium,brown,goatee,R,CF,,0,,,51,51,50,53,52,52,56,49,50,50,,,,,,,,,,,,52,53,49,58,52,0,0,49,54,54,,,,,,,,,,,,False,,,0,,,,,,0,50,,gap
P8171,John,Doe,1988-06-11,74,248,Unknown,light,brown,clean_shaven,R,2B,,0,,,48,54,49,48,50,51,57,50,51,48,,,,,,,,,,,,48,54,40,48,50,0,0,50,44,48,,,,,,,,,,,,False,,,0,,,,,,0,50,,power
P5251,John,Doe,1994-04-09,69,190,Unknown,light,brown,clean_shaven,S,RF,1B,0,,,49,59,49,51,51,52,52,48,51,52,,,,,,,,,,,,52,63,50,51,51,0,0,48,48,47,,,,,,,,,,,,False,,,0,,,,,,0,50,,power
P4928,John,Doe,1994-10-20,70,205,Unknown,dark,black,clean_shaven,R,RF,,0,,,52,61,48,51,50,52,59,52,48,53,,,,,,,,,,,,49,66,45,46,50,0,0,52,43,53,,,,,,,,,,,,False,,,0,,,,,,0,50,,power
P6344,John,Doe,2002-03-21,72,162,Unknown,medium,brown,clean_shaven,R,CF,,0,,,51,50,49,52,51,53,50,52,49,53,,,,,,,,,,,,63,61,63,59,51,0,0,52,59,59,,,,,,,,,,,,False,,,0,,,,,,0,50,,balanced
P7434,John,Doe,2007-11-06,76,199,Unknown,medium,brown,clean_shaven,R,P,,1,RP,CL,,,,,55,,,,51,52,49,53,53,53,52,57,0,66,0,0,0,,,,,0,,,,73,79,69,76,72,80,62,77,0,82,0,0,0,False,,,0,,,,,,0,50,closer,
P3144,John,Doe,2006-06-02,72,231,Unknown,dark,black,clean_shaven,L,P,,1,RP,SP,,,,,51,,,,51,53,50,51,54,49,52,62,63,0,61,0,0,,,,,0,,,,67,72,74,84,68,60,67,73,81,0,78,0,0,False,,,0,,,,,,0,50,finesse_sp,
P1319,John,Doe,2006-11-18,71,236,Unknown,light,blonde,clean_shaven,L,P,,1,RP,SP,,,,,52,,,,52,53,52,50,52,50,50,62,62,60,59,0,0,,,,,0,,,,78,83,75,62,81,74,80,75,76,86,81,0,0,False,,,0,,,,,,0,50,power_sp,
P6278,John,Doe,2008-02-04,72,231,Unknown,dark,brown,clean_shaven,R,P,,1,RP,RP,,,,,52,,,,52,52,48,51,53,49,55,0,61,64,0,57,0,,,,,0,,,,73,78,67,76,58,70,65,0,75,91,0,71,0,False,,,0,,,,,,0,50,power_rp,
P4195,John,Doe,2008-02-16,78,212,Unknown,medium,black,clean_shaven,L,P,,1,RP,SP,,,,,51,,,,53,53,51,52,52,52,52,0,61,61,0,0,0,,,,,0,,,,67,69,64,64,80,67,79,0,89,91,0,0,0,False,,,0,,,,,,0,50,power_sp,
P4254,John,Doe,2007-08-07,69,165,Unknown,light,brown,clean_shaven,R,C,,0,,,54,53,51,50,49,49,58,50,49,49,,,,,,,,,,,,75,66,61,62,49,0,0,50,73,68,,,,,,,,,,,,False,,,0,,,,,,0,50,,balanced
P6127,John,Doe,2007-03-31,77,206,Unknown,medium,black,clean_shaven,L,CF,,0,,,51,50,71,52,50,50,47,47,49,49,,,,,,,,,,,,79,67,92,73,50,0,0,47,69,71,,,,,,,,,,,,False,,,0,,,,,,0,50,,speed
P3614,John,Doe,2007-06-07,73,173,Unknown,medium,black,mustache,S,3B,,0,,,52,58,51,50,46,52,55,50,48,52,,,,,,,,,,,,81,80,72,65,46,0,0,50,64,75,,,,,,,,,,,,False,,,0,,,,,,0,50,,power
P8198,John,Doe,2005-03-08,78,165,Unknown,dark,red,clean_shaven,S,C,,0,,,52,52,52,52,50,50,52,53,49,51,,,,,,,,,,,,63,73,63,79,50,0,0,53,68,74,,,,,,,,,,,,False,,,0,,,,,,0,50,,balanced
P5330,John,Doe,2006-02-03,74,211,Unknown,light,brown,beard,R,3B,,0,,,59,52,51,53,50,47,60,49,48,49,,,,,,,,,,,,77,72,67,83,50,0,0,49,62,72,,,,,,,,,,,,False,,,0,,,,,,0,50,,spray
P1968,John,Doe,1990-11-23,73,189,Unknown,dark,red,clean_shaven,R,P,,1,RP,CL,,,,,55,,,,49,51,49,50,52,53,52,0,0,66,0,0,0,,,,,0,,,,48,42,41,51,48,46,42,0,0,57,0,0,0,False,,,0,,,,,,0,50,closer,
P8053,John,Doe,2004-08-20,69,200,Unknown,medium,brown,clean_shaven,L,P,,1,RP,RP,,,,,49,,,,51,53,48,50,52,52,50,62,59,64,0,0,0,,,,,0,,,,66,76,73,71,72,77,65,92,80,87,0,0,0,False,,,0,,,,,,0,50,finesse_rp,
P1347,John,Doe,1996-03-20,76,173,Unknown,dark,black,clean_shaven,R,P,,1,RP,SP,,,,,51,,,,51,50,51,50,52,50,51,0,60,60,0,0,0,,,,,0,,,,50,48,47,57,50,46,50,0,59,56,0,0,0,False,,,0,,,,,,0,50,power_sp,
P8526,John,Doe,2001-11-07,78,221,Unknown,light,black,beard,R,P,,1,RP,RP,,,,,57,,,,50,48,50,51,52,50,53,60,0,0,60,0,0,,,,,0,,,,55,63,58,65,62,65,60,74,0,0,66,0,0,False,,,0,,,,,,0,50,groundball_rp,
P5445,John,Doe,1993-05-25,72,227,Unknown,dark,black,mustache,L,P,,1,RP,SP,,,,,51,,,,49,49,52,52,52,49,53,0,59,59,60,0,0,,,,,0,,,,47,49,51,47,47,42,44,0,54,50,51,0,0,False,,,0,,,,,,0,50,groundball_sp,
P3388,John,Doe,1993-05-14,75,219,Unknown,medium,brown,beard,R,P,,1,RP,RP,,,,,51,,,,51,51,49,53,52,53,52,0,61,0,0,0,0,,,,,0,,,,50,45,43,51,47,46,46,0,61,0,0,0,0,False,,,0,,,,,,0,50,finesse_rp,
P4021,John,Doe,2005-02-03,73,188,Unknown,light,blonde,clean_shaven,L,P,,1,RP,RP,,,,,55,,,,50,50,52,53,52,52,53,55,0,0,61,0,0,,,,,0,,,,68,80,68,74,63,68,63,83,0,0,75,0,0,False,,,0,,,,,,0,50,groundball_rp,
P8982,John,Doe,1991-05-01,76,235,Unknown,dark,brown,beard,R,P,,1,RP,SP,,,,,50,,,,52,51,52,50,54,50,49,60,61,0,57,55,0,,,,,0,,,,52,46,45,54,49,48,47,53,61,0,57,51,0,False,,,0,,,,,,0,50,finesse_sp,
P1695,John,Doe,2003-04-19,71,190,Unknown,medium,black,goatee,L,P,,1,RP,RP,,,,,51,,,,49,51,50,50,53,51,49,59,63,0,61,0,0,,,,,0,,,,59,58,64,66,58,56,60,69,76,0,72,0,0,False,,,0,,,,,,0,50,finesse_rp,
P8855,John,Doe,1993-06-28,72,201,Unknown,medium,brown,clean_shaven,L,P,,1,RP,SP,,,,,48,,,,52,54,51,50,52,52,54,0,61,60,58,54,0,,,,,0,,,,52,49,40,51,48,42,49,0,55,54,58,45,0,False,,,0,,,,,,0,50,power_sp,
P3625,John,Doe,2002-02-01,68,226,Unknown,dark,brown,clean_shaven,R,P,,1,RP,RP,,,,,57,,,,48,51,49,51,53,49,51,0,0,0,61,0,0,,,,,0,,,,59,65,58,65,60,59,57,0,0,0,76,0,0,False,,,0,,,,,,0,50,groundball_rp,
P4457,John,Doe,1995-06-23,77,216,Unknown,medium,black,clean_shaven,R,C,,0,,,51,54,49,51,50,50,57,50,52,48,,,,,,,,,,,,48,54,50,53,50,0,0,50,56,49,,,,,,,,,,,,False,,,0,,,,,,0,50,,balanced
P9390,John,Doe,1996-10-02,78,172,Unknown,medium,brown,clean_shaven,L,1B,RF,0,,,51,53,49,50,49,53,46,51,52,50,,,,,,,,,,,,54,53,51,52,49,0,0,51,54,55,,,,,,,,,,,,False,,,0,,,,,,0,50,,balanced
P2219,John,Doe,1993-11-16,70,192,Unknown,light,black,clean_shaven,S,2B,,0,,,56,48,51,54,53,46,51,49,48,50,,,,,,,,,,,,53,44,43,51,53,0,0,49,42,43,,,,,,,,,,,,False,,,0,,,,,,0,50,,spray
P6936,John,Doe,1990-08-09,78,230,Unknown,light,brown,clean_shaven,R,3B,,0,,,53,50,49,50,47,50,58,48,52,50,,,,,,,,,,,,47,49,44,49,47,0,0,48,49,47,,,,,,,,,,,,False,,,0,,,,,,0,50,,balanced
P7338,John,Doe,2002-07-26,76,247,Unknown,medium,black,clean_shaven,S,SS,,0,,,62,50,54,51,50,49,52,51,47,48,,,,,,,,,,,,75,63,64,65,50,0,0,51,60,62,,,,,,,,,,,,False,,,0,,,,,,0,50,,spray
P8300,John,Doe,1999-08-07,76,180,Unknown,dark,black,clean_shaven,R,LF,,0,,,51,50,51,52,52,48,57,52,52,53,,,,,,,,,,,,65,61,63,60,52,0,0,52,66,60,,,,,,,,,,,,False,,,0,,,,,,0,50,,balanced
P1244,John,Doe,2003-07-10,68,166,Unknown,medium,red,clean_shaven,L,CF,,0,,,53,50,74,52,52,47,47,48,51,52,,,,,,,,,,,,67,61,82,58,52,0,0,48,65,65,,,,,,,,,,,,False,,,0,,,,,,0,50,,speed
P1546,John,Doe,2004-03-08,77,200,Unknown,medium,blonde,clean_shaven,L,RF,,0,,,53,50,49,49,48,50,44,49,50,49,,,,,,,,,,,,69,76,68,66,48,0,0,49,67,75,,,,,,,,,,,,False,,,0,,,,,,0,50,,balanced
P2613,John,Doe,1989-12-15,71,166,Unknown,light,brown,clean_shaven,R,RF,,0,,,53,60,51,52,49,52,57,51,48,48,,,,,,,,,,,,49,56,49,44,49,0,0,51,45,44,,,,,,,,,,,,False,,,0,,,,,,0,50,,power
P2210,John,Doe,1998-01-06,69,209,Unknown,light,brown,goatee,L,CF,,0,,,53,48,70,52,54,48,46,47,51,50,,,,,,,,,,,,51,53,67,53,54,0,0,47,51,52,,,,,,,,,,,,False,,,0,,,,,,0,50,,speed
P6158,John,Doe,1993-05-26,73,235,Unknown,dark,black,clean_shaven,R,LF,,0,,,50,59,49,49,47,52,59,52,49,52,,,,,,,,,,,,41,56,44,40,47,0,0,52,39,42,,,,,,,,,,,,False,,,0,,,,,,0,50,,power
P7135,John,Doe,1990-04-02,78,219,Unknown,medium,black,goatee,R,1B,,0,,,50,65,50,51,49,52,58,51,50,52,,,,,,,,,,,,47,61,46,47,49,0,0,51,46,48,,,,,,,,,,,,False,,,0,,,,,,0,50,,power
P3224,John,Doe,1993-09-26,71,236,Unknown,light,blonde,clean_shaven,R,C,,0,,,50,48,92,52,52,50,58,52,49,52,,,,,,,,,,,,48,40,91,50,52,0,0,52,44,44,,,,,,,,,,,,False,,,0,,,,,,0,50,,speed
P7456,John,Doe,1995-10-21,73,212,Unknown,medium,black,clean_shaven,R,2B,,0,,,54,51,70,54,52,50,56,48,50,48,,,,,,,,,,,,51,48,72,49,52,0,0,48,47,51,,,,,,,,,,,,False,,,0,,,,,,0,50,,speed
P2437,John,Doe,1988-04-30,74,181,Unknown,light,brown,clean_shaven,L,P,,1,RP,CL,,,,,55,,,,52,53,50,52,54,49,55,60,62,65,0,0,0,,,,,0,,,,43,44,49,53,43,40,53,58,52,61,0,0,0,False,,,0,,,,,,0,50,closer,
P9665,John,Doe,1992-02-01,73,184,Unknown,dark,brown,clean_shaven,L,P,,1,RP,RP,,,,,57,,,,48,50,52,53,54,50,50,57,0,0,62,0,0,,,,,0,,,,39,43,48,49,49,44,50,57,0,0,62,0,0,False,,,0,,,,,,0,50,groundball_rp,
P3535,John,Doe,1989-10-29,70,233,Unknown,medium,black,beard,L,P,,1,RP,SP,,,,,51,,,,49,50,49,51,52,52,53,0,0,58,61,0,0,,,,,0,,,,39,46,44,49,43,49,47,0,0,55,52,0,0,False,,,0,,,,,,0,50,groundball_sp,
P3620,John,Doe,1988-02-02,78,240,Unknown,dark,brown,beard,R,P,,1,RP,SP,,,,,52,,,,51,51,52,52,54,48,53,0,59,62,0,0,0,,,,,0,,,,46,42,50,53,42,47,51,0,50,58,0,0,0,False,,,0,,,,,,0,50,balanced_sp,
P6108,John,Doe,1989-07-10,75,181,Unknown,medium,blonde,goatee,L,P,,1,RP,SP,,,,,49,,,,52,53,49,50,52,49,53,0,58,60,0,0,0,,,,,0,,,,51,48,40,48,44,48,44,0,49,57,0,0,0,False,,,0,,,,,,0,50,balanced_sp,
P9709,John,Doe,1994-10-16,68,238,Unknown,medium,brown,clean_shaven,S,P,,1,RP,SP,,,,,50,,,,50,50,51,51,54,52,52,61,62,0,0,56,0,,,,,0,,,,52,47,46,56,50,48,52,62,60,0,0,56,0,False,,,0,,,,,,0,50,finesse_sp,
P8269,John,Doe,2000-06-03,68,171,Unknown,dark,black,mustache,L,P,,1,RP,SP,,,,,48,,,,50,53,51,51,52,51,53,61,61,58,0,0,0,,,,,0,,,,56,62,60,62,65,62,65,74,67,65,0,0,0,False,,,0,,,,,,0,50,balanced_sp,
P8423,John,Doe,2002-05-10,74,239,Unknown,dark,blonde,clean_shaven,L,1B,,0,,,51,64,48,51,50,50,46,50,51,52,,,,,,,,,,,,63,77,63,66,50,0,0,50,56,64,,,,,,,,,,,,False,,,0,,,,,,0,50,,power
P6956,John,Doe,1991-05-17,70,163,Unknown,dark,brown,clean_shaven,L,LF,,0,,,52,48,70,51,51,49,47,52,50,51,,,,,,,,,,,,42,43,67,43,51,0,0,52,48,51,,,,,,,,,,,,False,,,0,,,,,,0,50,,speed
P3830,John,Doe,2003-11-20,74,238,Unknown,dark,blonde,mustache,R,LF,CF,0,,,50,62,51,50,48,52,56,53,53,49,,,,,,,,,,,,56,69,64,61,48,0,0,53,66,58,,,,,,,,,,,,False,,,0,,,,,,0,50,,power
P8102,John,Doe,1994-10-21,74,195,Unknown,light,black,clean_shaven,R,CF,RF,0,,,51,55,49,52,50,51,57,48,48,49,,,,,,,,,,,,54,58,47,57,50,0,0,48,49,44,,,,,,,,,,,,False,,,0,,,,,,0,50,,gap
P7973,John,Doe,1995-01-30,71,228,Unknown,light,black,clean_shaven,L,SS,,0,,,52,50,78,51,51,47,52,49,49,47,,,,,,,,,,,,52,50,77,56,51,0,0,49,51,46,,,,,,,,,,,,False,,,0,,,,,,0,50,,speed
P4076,John,Doe,2003-02-13,77,244,Unknown,medium,red,clean_shaven,R,C,,0,,,52,58,50,51,49,51,58,52,53,50,,,,,,,,,,,,57,65,55,62,49,0,0,52,61,65,,,,,,,,,,,,False,,,0,,,,,,0,50,,power
P1183,John,Doe,1999-01-17,78,165,Unknown,medium,black,clean_shaven,R,1B,,0,,,50,56,52,51,53,52,53,53,49,50,,,,,,,,,,,,60,65,59,66,53,0,0,53,54,63,,,,,,,,,,,,False,,,0,,,,,,0,50,,balanced
P7623,John,Doe,1988-03-07,74,230,Unknown,medium,blonde,beard,R,1B,,0,,,48,64,49,49,50,51,56,49,50,48,,,,,,,,,,,,41,64,40,39,50,0,0,49,48,46,,,,,,,,,,,,False,,,0,,,,,,0,50,,power
P9384,John,Doe,2007-10-30,74,247,Unknown,dark,black,clean_shaven,L,P,,1,RP,CL,,,,,55,,,,50,50,49,50,54,49,55,61,62,67,0,0,0,,,,,0,,,,62,78,68,82,61,61,67,71,91,92,0,0,0,False,,,0,,,,,,0,50,closer,
P8551,John,Doe,2005-05-18,74,164,Unknown,dark,brown,mustache,R,P,,1,RP,CL,,,,,52,,,,53,50,49,52,54,53,52,0,0,67,0,0,0,,,,,0,,,,72,68,71,75,78,63,81,0,0,89,0,0,0,False,,,0,,,,,,0,50,closer,
P9317,John,Doe,2006-01-12,76,162,Unknown,light,brown,beard,L,P,,1,RP,SP,,,,,52,,,,48,51,50,50,52,49,51,60,63,59,0,0,0,,,,,0,,,,74,80,60,62,78,72,73,72,83,82,0,0,0,False,,,0,,,,,,0,50,balanced_sp,
P5677,John,Doe,2004-07-29,78,235,Unknown,medium,black,clean_shaven,R,P,,1,RP,SP,,,,,51,,,,48,51,53,50,52,50,54,62,59,63,0,0,0,,,,,0,,,,62,63,76,67,66,75,71,86,71,88,0,0,0,False,,,0,,,,,,0,50,power_sp,
P6982,John,Doe,2005-12-09,75,240,Unknown,light,brown,clean_shaven,L,P,,1,RP,SP,,,,,47,,,,50,50,52,52,53,52,54,0,63,61,0,56,0,,,,,0,,,,62,78,66,73,65,63,67,0,76,87,0,68,0,False,,,0,,,,,,0,50,power_sp,
P4467,John,Doe,2005-10-04,76,197,Unknown,light,blonde,clean_shaven,R,2B,,0,,,52,48,70,52,54,51,58,49,49,52,,,,,,,,,,,,66,60,99,70,54,0,0,49,71,68,,,,,,,,,,,,False,,,0,,,,,,0,50,,speed
P6109,John,Doe,2007-09-01,69,248,Unknown,medium,blonde,clean_shaven,L,RF,,0,,,51,58,52,50,48,48,45,50,48,49,,,,,,,,,,,,79,73,66,61,48,0,0,50,65,68,,,,,,,,,,,,False,,,0,,,,,,0,50,,gap
P3605,John,Doe,2004-02-28,69,240,Unknown,dark,brown,mustache,R,3B,,0,,,51,48,49,50,49,49,55,52,51,50,,,,,,,,,,,,71,70,71,78,49,0,0,52,77,69,,,,,,,,,,,,False,,,0,,,,,,0,50,,average
P3773,John,Doe,2007-11-03,74,186,Unknown,dark,brown,clean_shaven,R,2B,,0,,,62,50,50,56,52,49,57,51,48,50,,,,,,,,,,,,92,74,66,76,52,0,0,51,77,66,,,,,,,,,,,,False,,,0,,,,,,0,50,,spray
P9498,John,Doe,2005-09-01,78,217,Unknown,light,brown,clean_shaven,R,2B,,0,,,56,53,52,53,51,49,57,52,48,49,,,,,,,,,,,,81,63,77,69,51,0,0,52,60,74,,,,,,,,,,,,False,,,0,,,,,,0,50,,balanced
P8290,John,Doe,1991-10-31,77,172,Unknown,medium,red,clean_shaven,L,P,,1,RP,CL,,,,,55,,,,50,51,49,50,53,49,54,0,0,65,0,0,0,,,,,0,,,,43,47,42,52,46,40,44,0,0,62,0,0,0,False,,,0,,,,,,0,50,closer,
P9554,John,Doe,1995-01-10,76,176,Unknown,medium,black,clean_shaven,R,P,,1,RP,RP,,,,,53,,,,52,52,53,51,52,52,54,0,0,66,0,0,0,,,,,0,,,,51,48,54,53,56,57,53,0,0,69,0,0,0,False,,,0,,,,,,0,50,power_rp,
P1899,John,Doe,1994-07-23,74,241,Unknown,dark,brown,clean_shaven,R,P,,1,RP,RP,,,,,55,,,,49,49,49,52,52,51,50,0,0,61,59,0,0,,,,,0,,,,45,52,48,57,50,55,49,0,0,64,54,0,0,False,,,0,,,,,,0,50,groundball_rp,
P7630,John,Doe,2003-01-25,78,243,Unknown,medium,brown,clean_shaven,R,P,,1,RP,CL,,,,,52,,,,48,50,51,51,52,49,53,57,62,67,0,0,0,,,,,0,,,,54,65,57,62,60,60,62,68,77,72,0,0,0,False,,,0,,,,,,0,50,closer,
P3949,John,Doe,2002-03-12,69,160,Unknown,light,brown,clean_shaven,S,P,,1,RP,SP,,,,,48,,,,49,53,53,53,52,48,50,59,59,63,0,0,0,,,,,0,,,,57,65,64,66,67,54,58,74,74,71,0,0,0,False,,,0,,,,,,0,50,balanced_sp,
P4390,John,Doe,1995-04-28,72,182,Unknown,medium,black,clean_shaven,R,P,,1,RP,SP,,,,,49,,,,52,48,51,52,53,50,52,63,60,60,0,55,0,,,,,0,,,,56,45,48,57,54,53,50,62,65,60,0,55,0,False,,,0,,,,,,0,50,finesse_sp,
P5668,John,Doe,1991-07-22,70,189,Unknown,dark,brown,beard,R,P,,1,RP,SP,,,,,51,,,,48,49,49,50,52,50,49,62,59,0,0,0,0,,,,,0,,,,48,42,46,45,39,44,41,60,52,0,0,0,0,False,,,0,,,,,,0,50,finesse_sp,
P1031,John,Doe,1998-06-01,74,174,Unknown,dark,brown,clean_shaven,R,P,,1,RP,SP,,,,,53,,,,50,52,52,50,52,48,52,0,0,60,58,0,0,,,,,0,,,,61,60,60,67,58,58,64,0,0,73,66,0,0,False,,,0,,,,,,0,50,groundball_sp,
P4888,John,Doe,1990-06-24,70,186,Unknown,dark,brown,clean_shaven,S,P,,1,RP,LR,,,,,49,,,,48,49,53,53,52,52,49,0,0,64,0,0,0,,,,,0,,,,40,46,53,45,52,52,43,0,0,60,0,0,0,False,,,0,,,,,,0,50,long_relief,
P7212,John,Doe,1995-03-12,76,240,Unknown,medium,brown,beard,R,P,LF,1,RP,RP,,,,,56,,,,48,52,52,50,52,49,50,57,0,0,60,0,0,,,,,0,,,,51,51,52,55,57,44,49,59,0,0,55,0,0,False,,,0,,,,,,0,50,groundball_rp,
P2988,John,Doe,1999-11-11,75,179,Unknown,dark,red,goatee,R,P,,1,RP,SP,,,,,50,,,,52,50,52,52,54,50,50,60,61,0,59,0,0,,,,,0,,,,62,65,60,68,58,56,59,74,73,0,66,0,0,False,,,0,,,,,,0,50,finesse_sp,
P9582,John,Doe,1995-06-11,71,182,Unknown,dark,red,beard,R,C,,0,,,52,54,50,50,51,53,59,52,50,48,,,,,,,,,,,,48,58,50,47,51,0,0,52,52,48,,,,,,,,,,,,False,,,0,,,,,,0,50,,balanced
P5020,John,Doe,2000-03-18,74,247,Unknown,dark,blonde,clean_shaven,R,1B,,0,,,52,64,49,51,47,50,55,51,49,50,,,,,,,,,,,,60,73,55,56,47,0,0,51,58,59,,,,,,,,,,,,False,,,0,,,,,,0,50,,power
P3908,John,Doe,2003-01-17,73,178,Unknown,medium,red,goatee,S,2B,,0,,,60,51,48,54,53,47,53,52,52,48,,,,,,,,,,,,71,57,54,69,53,0,0,52,67,53,,,,,,,,,,,,False,,,0,,,,,,0,50,,spray
P8339,John,Doe,1988-06-11,72,250,Unknown,dark,brown,goatee,S,3B,,0,,,52,51,50,49,49,50,52,52,50,50,,,,,,,,,,,,46,42,48,44,49,0,0,52,49,50,,,,,,,,,,,,False,,,0,,,,,,0,50,,balanced
P8831,John,Doe,1997-04-01,75,222,Unknown,light,blonde,clean_shaven,L,SS,,0,,,49,61,53,50,48,51,51,51,48,49,,,,,,,,,,,,52,63,52,52,48,0,0,51,51,45,,,,,,,,,,,,False,,,0,,,,,,0,50,,power
P7578,John,Doe,1995-09-01,68,166,Unknown,dark,brown,goatee,L,LF,,0,,,51,52,49,50,49,50,47,50,51,50,,,,,,,,,,,,49,49,54,52,49,0,0,50,54,52,,,,,,,,,,,,False,,,0,,,,,,0,50,,balanced
P7421,John,Doe,1988-10-27,68,235,Unknown,dark,black,goatee,L,CF,,0,,,54,53,51,51,50,51,42,51,48,48,,,,,,,,,,,,47,45,47,45,50,0,0,51,42,47,,,,,,,,,,,,False,,,0,,,,,,0,50,,gap
P8408,John,Doe,1988-08-23,73,238,Unknown,medium,red,beard,L,RF,,0,,,49,51,51,50,52,49,48,51,51,51,,,,,,,,,,,,48,43,41,41,52,0,0,51,45,51,,,,,,,,,,,,False,,,0,,,,,,0,50,,balanced
P9653,John,Doe,1997-07-16,74,220,Unknown,light,black,clean_shaven,L,LF,,0,,,52,49,50,53,51,53,49,51,52,49,,,,,,,,,,,,52,54,45,54,51,0,0,51,55,45,,,,,,,,,,,,False,,,0,,,,,,0,50,,balanced
P7535,John,Doe,1994-08-02,68,221,Unknown,medium,blonde,mustache,R,2B,,0,,,51,49,76,51,52,48,59,48,52,51,,,,,,,,,,,,50,48,79,54,52,0,0,48,50,48,,,,,,,,,,,,False,,,0,,,,,,0,50,,speed
P4535,John,Doe,2000-02-14,72,239,Unknown,light,black,clean_shaven,S,3B,,0,,,51,49,71,52,51,51,54,53,50,48,,,,,,,,,,,,57,63,86,60,51,0,0,53,58,56,,,,,,,,,,,,False,,,0,,,,,,0,50,,speed
P8820,John,Doe,1988-09-03,69,204,Unknown,medium,black,clean_shaven,R,1B,,0,,,49,50,49,48,49,52,56,52,52,50,,,,,,,,,,,,44,46,49,44,49,0,0,52,48,47,,,,,,,,,,,,False,,,0,,,,,,0,50,,balanced
P5449,John,Doe,1990-10-11,77,212,Unknown,light,brown,beard,R,SS,,0,,,50,49,51,49,48,48,60,49,48,49,,,,,,,,,,,,45,49,50,41,48,0,0,49,44,41,,,,,,,,,,,,False,,,0,,,,,,0,50,,balanced
P7872,John,Doe,1990-12-18,73,187,Unknown,medium,brown,clean_shaven,S,LF,RF,0,,,52,53,48,52,48,50,52,52,49,50,,,,,,,,,,,,47,48,42,42,48,0,0,52,45,46,,,,,,,,,,,,False,,,0,,,,,,0,50,,balanced
P9421,John,Doe,1994-12-27,73,218,Unknown,light,black,clean_shaven,R,P,,1,RP,CL,,,,,55,,,,50,50,51,51,52,53,52,0,0,67,0,0,0,,,,,0,,,,47,52,51,52,47,50,47,0,0,71,0,0,0,False,,,0,,,,,,0,50,closer,
P5771,John,Doe,2000-07-21,78,197,Unknown,dark,black,beard,R,P,,1,RP,CL,,,,,49,,,,51,51,49,50,52,52,55,0,61,65,0,0,0,,,,,0,,,,63,57,63,63,57,66,67,0,68,80,0,0,0,False,,,0,,,,,,0,50,closer,
P7452,John,Doe,1987-11-27,73,238,Unknown,medium,blonde,beard,S,P,,1,RP,RP,,,,,49,,,,51,51,49,51,53,53,52,0,60,66,0,54,0,,,,,0,,,,49,45,46,52,49,50,51,0,53,66,0,49,0,False,,,0,,,,,,0,50,power_rp,
P9164,John,Doe,2003-11-16,78,242,Unknown,dark,blonde,clean_shaven,R,P,,1,RP,RP,,,,,53,,,,50,51,49,50,52,51,51,0,61,0,0,0,0,,,,,0,,,,59,61,63,61,54,62,58,0,68,0,0,0,0,False,,,0,,,,,,0,50,finesse_rp,
P4897,John,Doe,2002-04-06,77,219,Unknown,medium,black,clean_shaven,R,P,,1,RP,SP,,,,,52,,,,48,50,52,50,53,52,52,58,64,58,56,0,0,,,,,0,,,,58,65,62,66,58,63,63,69,72,65,69,0,0,False,,,0,,,,,,0,50,power_sp,
P1961,John,Doe,1990-11-01,73,190,Unknown,medium,black,goatee,L,P,,1,RP,SP,,,,,52,,,,51,50,53,50,52,50,54,0,63,61,0,0,0,,,,,0,,,,46,42,50,51,48,48,47,0,62,60,0,0,0,False,,,0,,,,,,0,50,balanced_sp,
P9184,John,Doe,1987-09-09,75,192,Unknown,dark,brown,goatee,S,P,,1,RP,RP,,,,,49,,,,49,50,48,50,54,49,54,0,62,67,0,55,0,,,,,0,,,,49,46,48,52,48,44,52,0,60,64,0,51,0,False,,,0,,,,,,0,50,power_rp,
P6399,John,Doe,1993-09-19,72,216,Unknown,dark,red,clean_shaven,R,SS,,0,,,49,49,51,51,53,52,58,48,50,49,,,,,,,,,,,,39,47,43,42,53,0,0,48,42,39,,,,,,,,,,,,False,,,0,,,,,,0,50,,average
P6016,John,Doe,1991-12-20,71,250,Unknown,light,blonde,clean_shaven,L,3B,,0,,,51,51,52,52,48,52,50,48,49,53,,,,,,,,,,,,44,45,43,49,48,0,0,48,47,51,,,,,,,,,,,,False,,,0,,,,,,0,50,,balanced
P4397,John,Doe,1999-11-12,76,173,Unknown,medium,black,beard,R,CF,,0,,,57,48,53,54,53,48,55,51,51,50,,,,,,,,,,,,63,63,60,62,53,0,0,51,56,64,,,,,,,,,,,,False,,,0,,,,,,0,50,,spray
P8029,John,Doe,1994-03-30,70,164,Unknown,light,brown,clean_shaven,S,RF,3B,0,,,57,50,49,53,52,50,53,50,49,51,,,,,,,,,,,,55,55,47,49,52,0,0,50,44,52,,,,,,,,,,,,False,,,0,,,,,,0,50,,spray
P6114,John,Doe,2002-07-31,69,197,Unknown,medium,black,clean_shaven,R,RF,,0,,,51,57,50,51,48,51,58,52,51,48,,,,,,,,,,,,61,64,57,64,48,0,0,52,61,54,,,,,,,,,,,,False,,,0,,,,,,0,50,,gap
P9234,John,Doe,2003-05-14,69,174,Unknown,dark,red,clean_shaven,L,1B,,0,,,55,58,53,51,49,51,47,49,49,48,,,,,,,,,,,,67,67,61,65,49,0,0,49,59,60,,,,,,,,,,,,False,,,0,,,,,,0,50,,gap
P7336,John,Doe,1999-08-04,78,164,Unknown,medium,brown,clean_shaven,R,SS,,0,,,52,52,77,52,52,47,58,50,50,47,,,,,,,,,,,,61,66,87,61,52,0,0,50,65,62,,,,,,,,,,,,False,,,0,,,,,,0,50,,speed
P4143,John,Doe,2002-02-01,74,193,Unknown,dark,blonde,mustache,L,LF,,0,,,52,58,51,53,51,49,47,50,52,48,,,,,,,,,,,,62,64,64,59,51,0,0,50,60,56,,,,,,,,,,,,False,,,0,,,,,,0,50,,balanced
P5091,John,Doe,2006-01-29,77,194,Unknown,dark,blonde,clean_shaven,R,P,,1,RP,CL,,,,,55,,,,53,53,52,53,59,52,52,57,59,65,0,0,0,,,,,0,,,,66,65,66,82,79,71,71,84,86,79,0,0,0,False,,,0,,,,,,0,50,closer,
P1306,John,Doe,2005-01-05,78,188,Unknown,light,brown,clean_shaven,L,P,RF,1,RP,SP,,,,,50,,,,50,50,52,50,54,48,55,0,59,58,0,58,0,,,,,0,,,,60,65,70,68,70,72,82,0,76,85,0,69,0,False,,,0,,,,,,0,50,power_sp,
P9224,John,Doe,2006-04-02,77,233,Unknown,medium,black,clean_shaven,R,P,,1,RP,RP,,,,,54,,,,52,50,48,52,54,52,51,0,0,0,62,0,0,,,,,0,,,,79,80,65,79,63,68,77,0,0,0,79,0,0,False,,,0,,,,,,0,50,groundball_rp,
P9714,John,Doe,2005-12-01,71,181,Unknown,light,red,clean_shaven,R,P,,1,RP,RP,,,,,50,,,,50,52,47,50,52,49,49,60,59,0,59,0,0,,,,,0,,,,77,80,80,81,69,70,66,72,82,0,78,0,0,False,,,0,,,,,,0,50,finesse_rp,
P3776,John,Doe,2007-04-16,68,249,Unknown,medium,black,clean_shaven,R,P,,1,RP,SP,,,,,49,,,,52,50,52,51,52,48,53,0,60,58,0,0,0,,,,,0,,,,72,68,76,82,66,70,65,0,81,81,0,0,0,False,,,0,,,,,,0,50,balanced_sp,
P6470,John,Doe,2004-07-12,71,162,Unknown,medium,black,goatee,S,C,,0,,,58,50,50,54,49,49,51,50,52,50,,,,,,,,,,,,68,66,62,82,49,0,0,50,76,65,,,,,,,,,,,,False,,,0,,,,,,0,50,,spray
P1045,John,Doe,2004-03-31,70,212,Unknown,dark,brown,clean_shaven,R,RF,,0,,,53,49,70,52,53,49,57,51,52,51,,,,,,,,,,,,82,71,87,70,53,0,0,51,69,64,,,,,,,,,,,,False,,,0,,,,,,0,50,,speed
P8941,John,Doe,2004-09-20,76,175,Unknown,medium,brown,beard,L,LF,,0,,,51,53,52,50,50,48,47,51,53,52,,,,,,,,,,,,71,81,71,69,50,0,0,51,71,70,,,,,,,,,,,,False,,,0,,,,,,0,50,,average
P6037,John,Doe,2005-12-02,68,169,Unknown,dark,brown,clean_shaven,R,2B,,0,,,54,52,52,52,50,51,54,51,49,48,,,,,,,,,,,,77,73,67,64,50,0,0,51,65,71,,,,,,,,,,,,False,,,0,,,,,,0,50,,balanced
P4159,John,Doe,2007-07-11,71,235,Unknown,dark,brown,clean_shaven,L,1B,,0,,,60,49,53,49,51,46,46,50,49,50,,,,,,,,,,,,77,76,79,60,51,0,0,50,62,71,,,,,,,,,,,,False,,,0,,,,,,0,50,,spray
P4583,John,Doe,2004-04-06,73,224,Unknown,medium,brown,beard,L,P,,1,RP,CL,,,,,55,,,,52,51,51,50,52,51,56,60,0,65,0,0,0,,,,,0,,,,73,77,66,76,67,79,67,73,0,78,0,0,0,False,,,0,,,,,,0,50,closer,
P9340,John,Doe,1992-09-29,73,211,Unknown,medium,black,beard,R,P,,1,RP,RP,,,,,52,,,,50,53,51,50,52,49,53,0,61,65,0,0,0,,,,,0,,,,42,52,50,52,46,44,52,0,55,59,0,0,0,False,,,0,,,,,,0,50,power_rp,
P2566,John,Doe,1989-03-04,78,250,Unknown,dark,red,mustache,S,P,,1,RP,RP,,,,,55,,,,51,53,48,52,53,51,49,0,57,66,62,0,0,,,,,0,,,,47,47,43,46,43,49,44,0,54,63,52,0,0,False,,,0,,,,,,0,50,groundball_rp,
P5831,John,Doe,1991-03-01,71,191,Unknown,dark,black,clean_shaven,L,P,,1,RP,RP,,,,,54,,,,51,51,51,50,53,49,50,0,0,0,60,0,0,,,,,0,,,,50,51,44,53,51,47,40,0,0,0,50,0,0,False,,,0,,,,,,0,50,groundball_rp,
P7505,John,Doe,1991-09-22,75,206,Unknown,light,black,goatee,L,P,,1,RP,SP,,,,,48,,,,50,53,51,50,52,51,50,59,61,60,56,0,0,,,,,0,,,,45,48,45,52,47,41,42,55,55,51,54,0,0,False,,,0,,,,,,0,50,power_sp,
P5134,John,Doe,1996-06-08,72,184,Unknown,light,black,clean_shaven,R,P,,1,RP,SP,,,,,52,,,,51,51,52,50,53,49,50,59,62,60,0,0,0,,,,,0,,,,48,54,54,52,48,49,53,54,62,58,0,0,0,False,,,0,,,,,,0,50,balanced_sp,
P4104,John,Doe,2003-02-11,70,212,Unknown,light,brown,beard,R,P,,1,RP,RP,,,,,51,,,,48,49,51,52,52,49,51,0,61,0,0,0,0,,,,,0,,,,56,56,64,67,57,58,58,0,69,0,0,0,0,False,,,0,,,,,,0,50,finesse_rp,
P4594,John,Doe,1991-12-31,69,203,Unknown,dark,brown,clean_shaven,R,P,,1,RP,CL,,,,,50,,,,50,50,49,52,52,52,51,0,0,65,0,0,0,,,,,0,,,,46,50,42,45,44,45,44,0,0,59,0,0,0,False,,,0,,,,,,0,50,closer,
P8038,John,Doe,1995-10-02,71,243,Unknown,dark,blonde,clean_shaven,L,P,,1,RP,RP,,,,,57,,,,52,53,49,53,52,53,50,60,57,0,60,0,0,,,,,0,,,,52,50,50,47,48,55,51,63,53,0,60,0,0,False,,,0,,,,,,0,50,groundball_rp,
P3755,John,Doe,2005-01-15,74,250,Unknown,light,black,goatee,R,P,,1,RP,SP,,,,,54,,,,49,50,50,50,53,49,50,0,0,58,62,0,0,,,,,0,,,,69,79,75,65,70,67,68,0,0,75,81,0,0,False,,,0,,,,,,0,50,groundball_sp,
P2352,John,Doe,1990-07-04,69,188,Unknown,light,red,mustache,R,P,,1,RP,RP,,,,,56,,,,52,48,52,51,52,51,54,0,0,0,61,0,0,,,,,0,,,,43,47,50,52,48,46,47,0,0,0,57,0,0,False,,,0,,,,,,0,50,groundball_rp,
P9172,John,Doe,1995-12-14,68,203,Unknown,light,brown,clean_shaven,R,C,,0,,,64,53,52,52,51,51,59,51,52,52,,,,,,,,,,,,65,49,52,55,51,0,0,51,53,49,,,,,,,,,,,,False,,,0,,,,,,0,50,,spray
P6322,John,Doe,1995-07-20,70,189,Unknown,dark,black,goatee,S,1B,,0,,,52,65,48,50,49,51,52,49,48,52,,,,,,,,,,,,49,66,48,54,49,0,0,49,50,56,,,,,,,,,,,,False,,,0,,,,,,0,50,,power
P6461,John,Doe,2001-01-27,73,173,Unknown,light,red,clean_shaven,R,2B,3B,0,,,68,61,51,52,51,52,57,53,51,52,,,,,,,,,,,,82,68,64,60,51,0,0,53,66,63,,,,,,,,,,,,False,,,0,,,,,,0,50,,gap
P7556,John,Doe,2003-07-26,72,173,Unknown,medium,brown,clean_shaven,R,3B,,0,,,52,51,70,51,49,49,57,50,50,48,,,,,,,,,,,,64,62,80,58,49,0,0,50,55,62,,,,,,,,,,,,False,,,0,,,,,,0,50,,speed
P5709,John,Doe,1987-08-19,72,250,Unknown,dark,red,clean_shaven,R,SS,,0,,,50,52,50,49,52,48,57,49,50,48,,,,,,,,,,,,40,50,46,39,52,0,0,49,42,41,,,,,,,,,,,,False,,,0,,,,,,0,50,,average
P5081,John,Doe,1990-05-31,78,227,Unknown,light,black,clean_shaven,S,LF,,0,,,51,53,50,50,49,51,52,50,52,49,,,,,,,,,,,,44,44,49,40,49,0,0,50,49,39,,,,,,,,,,,,False,,,0,,,,,,0,50,,balanced
P5092,John,Doe,1997-10-09,78,199,Unknown,dark,black,clean_shaven,R,CF,RF,0,,,51,51,72,52,52,49,53,53,47,51,,,,,,,,,,,,51,47,70,56,52,0,0,53,43,49,,,,,,,,,,,,False,,,0,,,,,,0,50,,speed
P8546,John,Doe,2003-09-29,76,175,Unknown,medium,brown,clean_shaven,L,RF,,0,,,50,52,52,51,50,51,49,50,51,51,,,,,,,,,,,,64,57,66,56,50,0,0,50,56,65,,,,,,,,,,,,False,,,0,,,,,,0,50,,balanced
P1523,John,Doe,1992-04-06,70,179,Unknown,light,blonde,beard,S,RF,,0,,,64,51,50,52,49,50,47,49,50,52,,,,,,,,,,,,63,46,49,52,49,0,0,49,50,47,,,,,,,,,,,,False,,,0,,,,,,0,50,,spray
P8235,John,Doe,2003-04-18,72,218,Unknown,light,brown,clean_shaven,L,1B,RF,0,,,51,53,48,50,51,51,50,50,49,49,,,,,,,,,,,,56,58,58,65,51,0,0,50,55,61,,,,,,,,,,,,False,,,0,,,,,,0,50,,average
P8798,John,Doe,1990-12-11,76,166,Unknown,medium,blonde,clean_shaven,R,2B,,0,,,50,48,53,51,52,49,56,50,52,49,,,,,,,,,,,,40,40,46,46,52,0,0,50,50,44,,,,,,,,,,,,False,,,0,,,,,,0,50,,balanced
P3815,John,Doe,1999-03-24,69,217,Unknown,light,red,beard,S,CF,,0,,,51,46,85,51,51,50,47,52,49,52,,,,,,,,,,,,62,59,91,63,51,0,0,52,55,62,,,,,,,,,,,,False,,,0,,,,,,0,50,,elite_speed
P1322,John,Doe,1999-05-17,78,201,Unknown,dark,blonde,clean_shaven,R,CF,,0,,,50,52,53,49,52,52,54,50,51,49,,,,,,,,,,,,61,58,62,56,52,0,0,50,62,62,,,,,,,,,,,,False,,,0,,,,,,0,50,,balanced
P4279,John,Doe,2000-07-14,73,197,Unknown,medium,brown,beard,R,C,,0,,,51,60,51,52,50,51,59,52,49,51,,,,,,,,,,,,61,73,63,65,50,0,0,52,54,56,,,,,,,,,,,,False,,,0,,,,,,0,50,,power
P5563,John,Doe,1994-05-13,70,224,Unknown,medium,black,goatee,R,P,,1,RP,CL,,,,,55,,,,48,51,52,50,52,49,52,0,0,66,0,0,0,,,,,0,,,,53,55,45,55,56,53,49,0,0,70,0,0,0,False,,,0,,,,,,0,50,closer,
P5316,John,Doe,1992-10-08,73,241,Unknown,dark,black,clean_shaven,S,P,,1,RP,SP,,,,,48,,,,48,49,53,51,52,50,49,61,64,0,58,57,0,,,,,0,,,,47,43,51,42,44,48,48,54,63,0,54,47,0,False,,,0,,,,,,0,50,finesse_sp,
P1861,John,Doe,2000-10-23,73,230,Unknown,light,brown,clean_shaven,S,P,,1,RP,RP,,,,,49,,,,48,50,53,52,54,50,56,0,62,0,0,0,0,,,,,0,,,,58,58,63,62,62,55,62,0,67,0,0,0,0,False,,,0,,,,,,0,50,power_rp,
P2557,John,Doe,1997-02-21,69,236,Unknown,medium,brown,clean_shaven,L,P,,1,RP,RP,,,,,51,,,,48,53,50,52,54,50,51,57,60,65,0,0,0,,,,,0,,,,47,48,57,53,53,54,49,57,63,67,0,0,0,False,,,0,,,,,,0,50,power_rp,
P3645,John,Doe,1987-09-01,70,188,Unknown,dark,brown,beard,R,P,,1,RP,RP,,,,,53,,,,53,52,53,51,54,52,51,57,58,0,0,0,0,,,,,0,,,,52,42,45,45,47,43,45,55,56,0,0,0,0,False,,,0,,,,,,0,50,finesse_rp,
P3172,John,Doe,2003-10-31,77,215,Unknown,light,blonde,beard,L,P,,1,RP,RP,,,,,51,,,,49,53,53,52,52,52,50,59,62,0,0,57,0,,,,,0,,,,60,65,67,60,64,57,61,65,70,0,0,62,0,False,,,0,,,,,,0,50,finesse_rp,
P4169,John,Doe,2000-07-03,69,202,Unknown,light,black,clean_shaven,L,P,,1,RP,SP,,,,,50,,,,53,49,52,52,53,48,51,0,0,59,58,0,0,,,,,0,,,,64,56,61,66,57,58,66,0,0,66,65,0,0,False,,,0,,,,,,0,50,groundball_sp,
P6206,John,Doe,1994-08-28,75,182,Unknown,medium,black,beard,R,CF,,0,,,49,48,70,49,53,49,56,51,52,51,,,,,,,,,,,,52,50,73,54,53,0,0,51,47,51,,,,,,,,,,,,False,,,0,,,,,,0,50,,speed
P4660,John,Doe,1994-02-22,77,237,Unknown,medium,black,clean_shaven,R,1B,,0,,,51,59,52,49,51,51,53,50,52,49,,,,,,,,,,,,43,49,51,46,51,0,0,50,43,40,,,,,,,,,,,,False,,,0,,,,,,0,50,,power
P6874,John,Doe,2000-01-08,72,183,Unknown,dark,black,beard,R,C,,0,,,53,51,70,54,50,49,57,53,51,51,,,,,,,,,,,,60,65,79,62,50,0,0,53,60,66,,,,,,,,,,,,False,,,0,,,,,,0,50,,speed
P8802,John,Doe,1994-10-09,73,205,Unknown,dark,brown,goatee,L,LF,,0,,,58,52,52,52,49,50,47,49,49,51,,,,,,,,,,,,54,53,56,52,49,0,0,49,47,51,,,,,,,,,,,,False,,,0,,,,,,0,50,,spray
P7488,John,Doe,1996-06-24,71,168,Unknown,light,brown,clean_shaven,L,LF,,0,,,52,63,51,51,49,51,48,50,48,52,,,,,,,,,,,,53,58,47,51,49,0,0,50,46,53,,,,,,,,,,,,False,,,0,,,,,,0,50,,power
P1567,John,Doe,1999-04-22,76,212,Unknown,dark,black,clean_shaven,R,3B,,0,,,51,62,50,50,51,52,55,52,49,51,,,,,,,,,,,,64,67,63,58,51,0,0,52,60,63,,,,,,,,,,,,False,,,0,,,,,,0,50,,power
P9884,John,Doe,2000-03-03,75,168,Unknown,medium,blonde,clean_shaven,R,RF,,0,,,58,48,51,53,49,49,55,49,50,50,,,,,,,,,,,,67,57,62,63,49,0,0,49,62,60,,,,,,,,,,,,False,,,0,,,,,,0,50,,spray
P8783,John,Doe,2003-07-25,74,198,Unknown,medium,black,clean_shaven,L,C,,0,,,54,52,52,53,50,53,49,50,52,49,,,,,,,,,,,,59,61,66,58,50,0,0,50,65,57,,,,,,,,,,,,False,,,0,,,,,,0,50,,balanced
P9867,John,Doe,2007-10-01,70,226,Unknown,medium,black,clean_shaven,R,P,,1,RP,CL,,,,,55,,,,48,50,51,50,52,49,52,58,61,65,0,0,0,,,,,0,,,,68,74,63,69,63,77,79,78,77,93,0,0,0,False,,,0,,,,,,0,50,closer,
P8747,John,Doe,2007-10-03,70,234,Unknown,dark,brown,clean_shaven,S,P,,1,RP,RP,,,,,56,,,,49,49,50,52,52,50,52,0,0,0,61,0,0,,,,,0,,,,65,74,78,80,74,75,69,0,0,0,73,0,0,False,,,0,,,,,,0,50,groundball_rp,
P3891,John,Doe,2006-02-07,71,165,Unknown,medium,black,mustache,S,P,,1,RP,SP,,,,,48,,,,49,53,50,50,52,52,50,59,62,60,56,0,0,,,,,0,,,,68,73,60,70,61,78,76,70,76,87,81,0,0,False,,,0,,,,,,0,50,balanced_sp,
P2593,John,Doe,2007-03-02,71,225,Unknown,light,brown,clean_shaven,L,P,,1,RP,RP,,,,,49,,,,50,49,50,53,52,53,49,58,0,0,0,0,0,,,,,0,,,,69,73,73,68,61,71,60,83,0,0,0,0,0,False,,,0,,,,,,0,50,finesse_rp,
P2527,John,Doe,2006-03-19,76,211,Unknown,light,brown,clean_shaven,L,P,,1,RP,RP,,,,,53,,,,49,52,51,50,53,50,50,0,60,63,61,0,0,,,,,0,,,,69,78,75,64,65,63,77,0,82,79,86,0,0,False,,,0,,,,,,0,50,groundball_rp,
P2364,John,Doe,2004-04-11,71,244,Unknown,light,blonde,clean_shaven,L,C,,0,,,53,51,50,52,52,52,50,49,50,53,,,,,,,,,,,,73,66,69,62,52,0,0,49,69,73,,,,,,,,,,,,False,,,0,,,,,,0,50,,gap
P5345,John,Doe,2007-07-08,73,250,Unknown,medium,brown,clean_shaven,R,2B,,0,,,53,49,51,50,48,50,57,53,52,52,,,,,,,,,,,,67,67,80,68,48,0,0,53,71,78,,,,,,,,,,,,False,,,0,,,,,,0,50,,balanced
P1500,John,Doe,2004-05-26,73,162,Unknown,medium,red,clean_shaven,R,1B,,0,,,52,58,50,49,50,49,52,52,53,51,,,,,,,,,,,,70,71,62,73,50,0,0,52,64,68,,,,,,,,,,,,False,,,0,,,,,,0,50,,balanced
P3352,John,Doe,2007-02-05,71,221,Unknown,light,black,clean_shaven,R,LF,,0,,,53,47,85,53,51,49,57,49,51,49,,,,,,,,,,,,82,73,99,75,51,0,0,49,72,76,,,,,,,,,,,,False,,,0,,,,,,0,50,,elite_speed
P7924,John,Doe,2006-08-28,75,249,Unknown,dark,black,mustache,L,1B,,0,,,52,49,53,49,50,53,44,53,49,50,,,,,,,,,,,,67,68,67,77,50,0,0,53,77,76,,,,,,,,,,,,False,,,0,,,,,,0,50,,average
P9590,John,Doe,2002-06-26,75,161,Unknown,dark,red,goatee,L,P,,1,RP,CL,,,,,55,,,,48,54,51,52,52,51,54,0,62,65,0,0,0,,,,,0,,,,61,64,63,64,60,57,64,0,72,75,0,0,0,False,,,0,,,,,,0,50,closer,
P6290,John,Doe,1996-03-17,68,205,Unknown,medium,brown,clean_shaven,L,P,,1,RP,SP,,,,,48,,,,50,53,51,53,53,52,49,62,60,0,0,0,0,,,,,0,,,,48,48,49,49,50,56,53,57,63,0,0,0,0,False,,,0,,,,,,0,50,finesse_sp,
P1462,John,Doe,2004-10-01,74,198,Unknown,medium,red,clean_shaven,R,P,,1,RP,SP,,,,,48,,,,50,53,51,52,52,51,51,60,60,62,0,0,0,,,,,0,,,,70,69,75,81,77,70,73,79,89,90,0,0,0,False,,,0,,,,,,0,50,workhorse_sp,
P4357,John,Doe,1995-08-31,69,173,Unknown,medium,black,clean_shaven,S,P,,1,RP,SP,,,,,54,,,,51,51,51,50,54,50,52,61,59,0,62,0,0,,,,,0,,,,55,49,49,58,49,51,56,57,54,0,67,0,0,False,,,0,,,,,,0,50,groundball_sp,
P3001,John,Doe,1990-07-24,70,216,Unknown,medium,black,goatee,L,P,,1,RP,SP,,,,,51,,,,48,49,50,50,53,49,50,63,59,0,54,0,0,,,,,0,,,,41,48,44,50,47,41,46,57,58,0,48,0,0,False,,,0,,,,,,0,50,finesse_sp,
P7687,John,Doe,1998-06-03,72,232,Unknown,medium,black,beard,R,P,,1,RP,CL,,,,,48,,,,52,50,48,51,52,53,51,60,0,66,0,0,0,,,,,0,,,,61,56,60,60,53,61,63,75,0,80,0,0,0,False,,,0,,,,,,0,50,closer,
P4633,John,Doe,1992-02-28,73,206,Unknown,medium,black,clean_shaven,L,P,,1,RP,SP,,,,,49,,,,49,51,50,51,52,52,50,59,62,62,0,0,0,,,,,0,,,,40,43,49,49,50,50,40,51,56,52,0,0,0,False,,,0,,,,,,0,50,power_sp,
P8115,John,Doe,2004-02-09,76,180,Unknown,light,blonde,clean_shaven,L,P,,1,RP,SP,,,,,49,,,,51,53,50,50,53,52,51,60,59,60,54,0,0,,,,,0,,,,60,60,61,62,59,63,63,75,71,71,69,0,0,False,,,0,,,,,,0,50,balanced_sp,
P9959,John,Doe,1998-06-16,75,162,Unknown,light,black,beard,R,P,,1,RP,SP,,,,,53,,,,51,52,53,51,52,50,52,0,59,62,0,0,0,,,,,0,,,,61,66,66,59,58,62,57,0,73,77,0,0,0,False,,,0,,,,,,0,50,balanced_sp,
P5511,John,Doe,1998-03-22,74,194,Unknown,medium,black,clean_shaven,S,P,,1,RP,SP,,,,,51,,,,50,53,54,50,54,52,50,62,63,61,0,0,0,,,,,0,,,,65,62,65,62,66,58,56,76,69,69,0,0,0,False,,,0,,,,,,0,50,power_sp,
P3476,John,Doe,1993-06-07,68,177,Unknown,medium,brown,clean_shaven,R,P,,1,RP,RP,,,,,57,,,,51,50,50,53,52,53,53,0,0,0,60,0,0,,,,,0,,,,44,50,48,47,44,43,49,0,0,0,55,0,0,False,,,0,,,,,,0,50,groundball_rp,
P1429,John,Doe,1988-12-28,77,238,Unknown,light,black,beard,R,C,,0,,,51,52,52,49,52,53,55,50,53,51,,,,,,,,,,,,51,49,42,49,52,0,0,50,52,43,,,,,,,,,,,,False,,,0,,,,,,0,50,,balanced
P1807,John,Doe,1989-07-18,75,201,Unknown,light,red,beard,R,1B,,0,,,50,61,50,49,49,50,56,52,48,50,,,,,,,,,,,,49,52,48,47,49,0,0,52,41,47,,,,,,,,,,,,False,,,0,,,,,,0,50,,power
P7861,John,Doe,2000-08-06,75,201,Unknown,dark,brown,clean_shaven,S,2B,,0,,,53,48,49,52,51,48,50,52,52,50,,,,,,,,,,,,65,63,63,64,51,0,0,52,67,59,,,,,,,,,,,,False,,,0,,,,,,0,50,,average
P2982,John,Doe,1995-04-25,70,234,Unknown,light,brown,mustache,R,3B,,0,,,60,58,50,53,47,49,56,52,51,48,,,,,,,,,,,,56,56,47,54,47,0,0,52,50,53,,,,,,,,,,,,False,,,0,,,,,,0,50,,gap
P1519,John,Doe,1989-05-26,77,182,Unknown,dark,brown,beard,R,SS,,0,,,50,53,51,49,50,50,59,53,49,49,,,,,,,,,,,,42,48,44,43,50,0,0,53,45,44,,,,,,,,,,,,False,,,0,,,,,,0,50,,balanced
P7493,John,Doe,1989-04-13,72,173,Unknown,dark,brown,clean_shaven,S,LF,,0,,,51,58,50,50,50,52,53,52,52,52,,,,,,,,,,,,41,49,44,41,50,0,0,52,43,47,,,,,,,,,,,,False,,,0,,,,,,0,50,,power
P2866,John,Doe,1992-12-09,69,211,Unknown,medium,black,clean_shaven,L,CF,,0,,,58,50,51,51,53,52,47,47,48,52,,,,,,,,,,,,57,48,43,42,53,0,0,47,47,42,,,,,,,,,,,,False,,,0,,,,,,0,50,,spray
P1065,John,Doe,2003-12-03,76,176,Unknown,dark,blonde,goatee,R,RF,,0,,,53,49,50,52,51,50,58,51,51,53,,,,,,,,,,,,68,59,60,63,51,0,0,51,60,60,,,,,,,,,,,,False,,,0,,,,,,0,50,,balanced
P1234,John,Doe,2000-02-27,78,209,Unknown,dark,black,clean_shaven,L,C,,0,,,52,52,49,51,49,51,48,51,52,49,,,,,,,,,,,,66,64,56,57,49,0,0,51,63,60,,,,,,,,,,,,False,,,0,,,,,,0,50,,average
P8046,John,Doe,2000-08-11,72,191,Unknown,light,black,clean_shaven,R,2B,,0,,,53,51,50,51,51,50,56,50,48,51,,,,,,,,,,,,58,65,61,57,51,0,0,50,56,66,,,,,,,,,,,,False,,,0,,,,,,0,50,,balanced
P4789,John,Doe,1990-03-31,69,229,Unknown,light,brown,clean_shaven,R,3B,,0,,,53,52,70,53,52,47,58,53,51,50,,,,,,,,,,,,45,48,64,50,52,0,0,53,42,43,,,,,,,,,,,,False,,,0,,,,,,0,50,,speed
P8429,John,Doe,1994-02-16,71,221,Unknown,dark,blonde,clean_shaven,R,C,,0,,,51,51,48,52,52,53,57,50,53,49,,,,,,,,,,,,41,50,45,51,52,0,0,50,48,40,,,,,,,,,,,,False,,,0,,,,,,0,50,,average
P2157,John,Doe,1994-05-10,75,244,Unknown,light,black,beard,R,C,,0,,,54,51,54,53,50,51,60,52,48,49,,,,,,,,,,,,56,49,57,52,50,0,0,52,52,52,,,,,,,,,,,,False,,,0,,,,,,0,50,,balanced
P2277,John,Doe,2001-06-16,75,238,Unknown,light,brown,clean_shaven,R,2B,,0,,,52,49,71,52,50,52,56,51,52,53,,,,,,,,,,,,66,61,79,58,50,0,0,51,62,64,,,,,,,,,,,,False,,,0,,,,,,0,50,,speed
P2370,John,Doe,2003-10-07,78,182,Unknown,light,black,clean_shaven,S,P,,1,RP,CL,,,,,55,,,,49,53,51,50,52,53,56,59,59,65,0,0,0,,,,,0,,,,58,68,62,65,61,64,61,65,67,71,0,0,0,False,,,0,,,,,,0,50,closer,
P3357,John,Doe,1988-08-22,72,174,Unknown,light,brown,clean_shaven,L,P,,1,RP,SP,,,,,52,,,,48,50,54,50,52,50,50,58,0,57,60,0,0,,,,,0,,,,44,44,49,44,44,48,46,55,0,52,58,0,0,False,,,0,,,,,,0,50,groundball_sp,
P2112,John,Doe,2004-11-10,72,164,Unknown,light,red,clean_shaven,R,P,,1,RP,SP,,,,,51,,,,50,50,54,51,52,49,55,0,64,62,0,0,0,,,,,0,,,,79,70,65,69,65,61,79,0,93,88,0,0,0,False,,,0,,,,,,0,50,power_sp,
P4265,John,Doe,1996-05-29,77,245,Unknown,medium,red,clean_shaven,L,P,,1,RP,RP,,,,,53,,,,53,49,50,51,52,49,52,0,59,0,0,0,0,,,,,0,,,,49,53,48,53,55,54,52,0,64,0,0,0,0,False,,,0,,,,,,0,50,finesse_rp,
P3803,John,Doe,1989-09-12,76,176,Unknown,dark,black,beard,R,P,,1,RP,SP,,,,,49,,,,47,52,52,50,52,51,52,59,60,0,0,0,0,,,,,0,,,,47,48,50,52,49,50,45,52,54,0,0,0,0,False,,,0,,,,,,0,50,balanced_sp,
P6321,John,Doe,2001-07-03,73,234,Unknown,light,brown,clean_shaven,L,P,,1,RP,SP,,,,,51,,,,50,52,51,51,54,53,53,62,59,62,0,53,0,,,,,0,,,,59,64,60,62,61,62,65,67,74,71,0,58,0,False,,,0,,,,,,0,50,workhorse_sp,
P6307,John,Doe,1989-10-15,70,210,Unknown,light,black,beard,L,P,,1,RP,RP,,,,,50,,,,51,51,51,52,52,49,52,0,61,64,0,0,0,,,,,0,,,,42,41,52,51,46,42,47,0,56,58,0,0,0,False,,,0,,,,,,0,50,power_rp,
P6395,John,Doe,1992-02-24,68,193,Unknown,light,black,beard,S,2B,,0,,,54,51,49,52,51,51,54,48,48,48,,,,,,,,,,,,52,50,40,52,51,0,0,48,44,40,,,,,,,,,,,,False,,,0,,,,,,0,50,,gap
P9715,John,Doe,1992-04-25,70,215,Unknown,dark,brown,clean_shaven,L,LF,,0,,,51,51,85,51,52,51,49,53,53,53,,,,,,,,,,,,51,45,83,41,52,0,0,53,49,45,,,,,,,,,,,,False,,,0,,,,,,0,50,,elite_speed
P4956,John,Doe,1994-05-16,70,173,Unknown,light,black,clean_shaven,R,3B,,0,,,53,48,49,51,47,51,58,49,52,49,,,,,,,,,,,,49,46,54,48,47,0,0,49,52,53,,,,,,,,,,,,False,,,0,,,,,,0,50,,average
P7726,John,Doe,2000-03-31,72,204,Unknown,medium,blonde,mustache,R,C,,0,,,53,53,49,52,49,49,59,50,49,50,,,,,,,,,,,,67,66,55,60,49,0,0,50,62,60,,,,,,,,,,,,False,,,0,,,,,,0,50,,balanced
P2275,John,Doe,1987-08-03,76,192,Unknown,dark,brown,beard,R,SS,,0,,,51,50,91,48,51,49,58,49,51,48,,,,,,,,,,,,49,40,84,45,51,0,0,49,51,40,,,,,,,,,,,,False,,,0,,,,,,0,50,,elite_speed
P4993,John,Doe,2002-08-27,76,246,Unknown,light,black,clean_shaven,L,1B,,0,,,53,50,49,52,50,49,47,51,51,50,,,,,,,,,,,,60,65,54,58,50,0,0,51,63,64,,,,,,,,,,,,False,,,0,,,,,,0,50,,balanced
P2451,John,Doe,2002-05-08,72,239,Unknown,dark,brown,clean_shaven,R,C,,0,,,53,60,49,50,48,52,58,50,51,52,,,,,,,,,,,,68,66,56,58,48,0,0,50,64,62,,,,,,,,,,,,False,,,0,,,,,,0,50,,power
P4005,John,Doe,2000-12-21,75,165,Unknown,light,black,clean_shaven,L,LF,,0,,,49,64,48,50,49,53,48,50,53,53,,,,,,,,,,,,60,79,56,59,49,0,0,50,59,64,,,,,,,,,,,,False,,,0,,,,,,0,50,,power
P7815,John,Doe,2006-05-27,74,201,Unknown,dark,brown,goatee,R,P,,1,RP,CL,,,,,55,,,,50,52,50,51,54,52,55,0,61,65,0,0,0,,,,,0,,,,60,80,71,71,76,81,68,0,87,94,0,0,0,False,,,0,,,,,,0,50,closer,
P8361,John,Doe,2005-08-15,71,177,Unknown,medium,brown,clean_shaven,R,P,,1,RP,SP,,,,,53,,,,50,48,53,52,54,52,49,58,61,0,60,0,0,,,,,0,,,,60,72,69,71,65,73,77,76,76,0,84,0,0,False,,,0,,,,,,0,50,groundball_sp,
P2865,John,Doe,2004-05-24,69,220,Unknown,dark,black,clean_shaven,R,P,,1,RP,SP,,,,,53,,,,52,51,50,53,53,49,52,0,0,58,60,0,0,,,,,0,,,,80,73,74,83,76,70,63,0,0,86,75,0,0,False,,,0,,,,,,0,50,groundball_sp,
P5731,John,Doe,2005-03-02,69,178,Unknown,light,black,clean_shaven,R,P,,1,RP,RP,,,,,53,,,,51,51,53,53,52,50,51,0,63,0,0,0,0,,,,,0,,,,78,67,81,65,68,79,66,0,88,0,0,0,0,False,,,0,,,,,,0,50,finesse_rp,
P3687,John,Doe,2004-12-07,76,210,Unknown,light,black,beard,L,P,,1,RP,SP,,,,,49,,,,51,50,53,50,53,49,53,60,63,62,0,0,0,,,,,0,,,,69,73,66,65,80,63,71,77,93,72,0,0,0,False,,,0,,,,,,0,50,power_sp,
P6728,John,Doe,2004-12-11,75,231,Unknown,dark,black,mustache,R,C,,0,,,63,51,51,53,52,47,58,52,50,47,,,,,,,,,,,,90,71,63,73,52,0,0,52,64,77,,,,,,,,,,,,False,,,0,,,,,,0,50,,spray
P9565,John,Doe,2007-07-03,68,178,Unknown,light,red,beard,S,CF,,0,,,50,49,70,51,52,48,47,47,49,49,,,,,,,,,,,,71,74,92,72,52,0,0,47,66,73,,,,,,,,,,,,False,,,0,,,,,,0,50,,speed
P9454,John,Doe,2005-01-30,77,229,Unknown,medium,black,clean_shaven,R,2B,,0,,,53,47,78,54,51,48,55,52,50,50,,,,,,,,,,,,73,60,99,80,51,0,0,52,64,62,,,,,,,,,,,,False,,,0,,,,,,0,50,,speed
P1473,John,Doe,2007-02-11,68,176,Unknown,light,blonde,clean_shaven,L,RF,,0,,,64,65,50,53,52,51,50,52,51,52,,,,,,,,,,,,80,86,70,64,52,0,0,52,62,69,,,,,,,,,,,,False,,,0,,,,,,0,50,,gap
P1793,John,Doe,2008-01-14,77,222,Unknown,medium,brown,clean_shaven,S,3B,,0,,,52,51,53,50,51,52,55,50,49,51,,,,,,,,,,,,71,68,79,67,51,0,0,50,59,76,,,,,,,,,,,,False,,,0,,,,,,0,50,,balanced
P5063,John,Doe,2000-10-10,74,167,Unknown,medium,black,clean_shaven,R,P,,1,RP,CL,,,,,55,,,,51,54,49,50,52,51,53,56,60,65,0,0,0,,,,,0,,,,60,59,63,62,54,62,64,68,65,74,0,0,0,False,,,0,,,,,,0,50,closer,
P7695,John,Doe,1990-03-08,75,243,Unknown,medium,black,clean_shaven,R,P,,1,RP,SP,,,,,52,,,,52,53,53,54,52,49,53,60,62,61,0,56,0,,,,,0,,,,46,49,53,48,48,41,50,51,54,54,0,47,0,False,,,0,,,,,,0,50,finesse_sp,
P9213,John,Doe,1989-12-28,78,248,Unknown,medium,brown,clean_shaven,L,P,,1,RP,SP,,,,,52,,,,50,53,52,50,54,51,50,60,61,59,61,0,0,,,,,0,,,,50,43,48,45,50,43,43,52,54,54,53,0,0,False,,,0,,,,,,0,50,groundball_sp,
P5546,John,Doe,2001-01-04,75,193,Unknown,dark,black,mustache,R,P,,1,RP,SP,,,,,48,,,,53,51,53,52,52,51,52,60,63,61,0,53,0,,,,,0,,,,66,63,65,62,60,57,57,65,76,70,0,66,0,False,,,0,,,,,,0,50,balanced_sp,
P3254,John,Doe,1996-01-05,76,193,Unknown,light,black,goatee,L,P,,1,RP,SP,,,,,49,,,,48,52,54,50,52,48,53,0,63,59,59,58,0,,,,,0,,,,47,47,46,50,59,47,49,0,61,55,64,63,0,False,,,0,,,,,,0,50,power_sp,
P6266,John,Doe,1998-06-12,77,243,Unknown,light,black,mustache,R,P,,1,RP,SP,,,,,52,,,,49,48,50,52,52,52,49,58,62,59,0,57,0,,,,,0,,,,61,63,67,59,56,57,54,66,68,73,0,63,0,False,,,0,,,,,,0,50,workhorse_sp,
P4883,John,Doe,1989-07-20,77,213,Unknown,dark,black,clean_shaven,R,P,,1,RP,CL,,,,,54,,,,53,52,50,52,53,49,53,0,0,65,0,0,0,,,,,0,,,,46,48,46,51,45,40,51,0,0,58,0,0,0,False,,,0,,,,,,0,50,closer,
P2463,John,Doe,1988-04-16,74,213,Unknown,medium,black,beard,R,P,,1,RP,SP,,,,,48,,,,52,52,53,51,52,51,53,59,61,63,54,0,0,,,,,0,,,,48,51,44,51,47,48,51,58,60,53,45,0,0,False,,,0,,,,,,0,50,power_sp,
P8011,John,Doe,2002-03-14,78,236,Unknown,light,black,clean_shaven,L,P,,1,RP,SP,,,,,50,,,,49,49,52,50,52,53,50,62,63,61,55,0,0,,,,,0,,,,57,56,60,65,59,68,59,68,70,75,70,0,0,False,,,0,,,,,,0,50,finesse_sp,
P8884,John,Doe,2002-07-09,71,221,Unknown,medium,brown,goatee,R,P,,1,RP,SP,,,,,50,,,,52,50,50,50,54,48,51,0,59,62,57,0,0,,,,,0,,,,57,63,62,66,55,62,64,0,73,72,68,0,0,False,,,0,,,,,,0,50,power_sp,
P6295,John,Doe,1991-05-30,68,206,Unknown,light,blonde,clean_shaven,R,P,,1,RP,RP,,,,,50,,,,48,51,52,52,52,52,55,0,62,64,0,54,0,,,,,0,,,,39,47,47,43,44,51,48,0,52,54,0,47,0,False,,,0,,,,,,0,50,power_rp,
P8417,John,Doe,2001-01-26,69,195,Unknown,dark,black,clean_shaven,L,C,,0,,,58,49,50,53,51,50,50,51,50,48,,,,,,,,,,,,69,57,64,66,51,0,0,51,64,60,,,,,,,,,,,,False,,,0,,,,,,0,50,,spray
P6136,John,Doe,1993-05-03,71,193,Unknown,medium,black,goatee,L,1B,,0,,,49,63,53,49,52,53,47,52,47,48,,,,,,,,,,,,39,56,53,41,52,0,0,52,46,46,,,,,,,,,,,,False,,,0,,,,,,0,50,,power
P6491,John,Doe,2001-02-11,72,167,Unknown,dark,black,goatee,R,2B,,0,,,59,57,52,53,50,49,54,52,50,52,,,,,,,,,,,,66,63,57,68,50,0,0,52,62,63,,,,,,,,,,,,False,,,0,,,,,,0,50,,gap
P3430,John,Doe,2002-01-10,70,225,Unknown,dark,brown,mustache,R,3B,,0,,,54,51,53,53,50,50,56,52,52,49,,,,,,,,,,,,65,60,62,59,50,0,0,52,61,54,,,,,,,,,,,,False,,,0,,,,,,0,50,,balanced
P8191,John,Doe,1993-10-29,74,202,Unknown,light,brown,mustache,R,SS,,0,,,57,51,52,54,51,50,59,52,47,49,,,,,,,,,,,,53,47,51,46,51,0,0,52,41,47,,,,,,,,,,,,False,,,0,,,,,,0,50,,spray
P3719,John,Doe,1993-06-14,73,175,Unknown,light,red,beard,R,LF,,0,,,50,59,50,51,50,51,57,51,51,51,,,,,,,,,,,,45,49,46,42,50,0,0,51,51,46,,,,,,,,,,,,False,,,0,,,,,,0,50,,power
P6659,John,Doe,1998-09-08,75,173,Unknown,medium,red,beard,R,CF,,0,,,58,48,54,53,52,49,56,51,50,50,,,,,,,,,,,,70,58,68,67,52,0,0,51,58,62,,,,,,,,,,,,False,,,0,,,,,,0,50,,spray
P1298,John,Doe,1995-06-06,78,238,Unknown,dark,black,clean_shaven,R,RF,,0,,,61,66,51,52,51,49,54,48,49,49,,,,,,,,,,,,66,70,51,49,51,0,0,48,50,50,,,,,,,,,,,,False,,,0,,,,,,0,50,,gap
P7143,John,Doe,2004-03-02,72,244,Unknown,light,black,clean_shaven,L,RF,,0,,,60,51,52,53,51,48,46,48,49,52,,,,,,,,,,,,78,67,76,72,51,0,0,48,74,70,,,,,,,,,,,,False,,,0,,,,,,0,50,,spray
P9947,John,Doe,2000-04-13,72,221,Unknown,dark,red,clean_shaven,S,2B,,0,,,55,50,48,53,53,50,51,49,49,50,,,,,,,,,,,,64,62,59,68,53,0,0,49,61,56,,,,,,,,,,,,False,,,0,,,,,,0,50,,balanced
P1386,John,Doe,2003-01-31,78,176,Unknown,light,black,clean_shaven,R,2B,,0,,,53,61,51,51,50,51,57,51,49,52,,,,,,,,,,,,59,67,60,65,50,0,0,51,56,63,,,,,,,,,,,,False,,,0,,,,,,0,50,,power
P7910,John,Doe,1994-07-28,76,180,Unknown,medium,blonde,beard,L,LF,,0,,,50,54,52,52,51,52,51,53,48,50,,,,,,,,,,,,48,55,56,51,51,0,0,53,51,55,,,,,,,,,,,,False,,,0,,,,,,0,50,,balanced
P9152,John,Doe,1996-05-25,69,238,Unknown,light,brown,clean_shaven,R,LF,,0,,,53,49,72,53,51,49,55,50,48,50,,,,,,,,,,,,57,45,71,56,51,0,0,50,48,54,,,,,,,,,,,,False,,,0,,,,,,0,50,,speed
P7423,John,Doe,1999-02-26,75,224,Unknown,medium,brown,mustache,L,CF,,0,,,49,58,48,48,50,54,46,49,51,52,,,,,,,,,,,,57,68,59,63,50,0,0,49,56,61,,,,,,,,,,,,False,,,0,,,,,,0,50,,power
P4363,John,Doe,2001-04-01,75,223,Unknown,dark,black,clean_shaven,R,P,,1,RP,CL,,,,,55,,,,49,51,48,50,52,52,52,60,0,65,0,0,0,,,,,0,,,,58,65,59,57,55,63,57,74,0,73,0,0,0,False,,,0,,,,,,0,50,closer,
P1713,John,Doe,1994-05-29,75,165,Unknown,light,brown,beard,R,P,,1,RP,RP,,,,,53,,,,49,48,49,54,53,49,50,56,63,0,0,0,0,,,,,0,,,,44,44,50,49,48,49,45,57,64,0,0,0,0,False,,,0,,,,,,0,50,finesse_rp,
P7847,John,Doe,1988-10-19,77,185,Unknown,dark,black,mustache,R,P,,1,RP,SP,,,,,48,,,,49,49,52,50,53,49,51,63,60,62,0,0,0,,,,,0,,,,45,44,47,44,45,47,48,61,50,57,0,0,0,False,,,0,,,,,,0,50,workhorse_sp,
P7758,John,Doe,2003-08-14,75,216,Unknown,dark,brown,clean_shaven,L,P,,1,RP,SP,,,,,50,,,,49,50,54,52,52,52,50,61,62,60,0,0,0,,,,,0,,,,55,61,64,64,69,67,65,75,70,70,0,0,0,False,,,0,,,,,,0,50,balanced_sp,
P8444,John,Doe,1996-08-16,74,238,Unknown,light,black,clean_shaven,S,P,,1,RP,SP,,,,,51,,,,52,51,50,51,54,49,52,60,61,0,0,57,0,,,,,0,,,,56,54,48,51,47,52,49,55,60,0,0,58,0,False,,,0,,,,,,0,50,finesse_sp,
P1557,John,Doe,2000-07-25,76,209,Unknown,medium,brown,beard,S,P,,1,RP,RP,,,,,52,,,,52,50,47,51,54,52,55,0,62,63,58,0,0,,,,,0,,,,59,61,59,60,54,58,68,0,73,69,66,0,0,False,,,0,,,,,,0,50,power_rp,
P8450,John,Doe,2002-04-30,77,250,Unknown,medium,brown,goatee,L,P,,1,RP,LR,,,,,53,,,,51,52,49,51,54,49,50,0,62,0,0,0,0,,,,,0,,,,56,59,62,63,63,55,57,0,73,0,0,0,0,False,,,0,,,,,,0,50,long_relief,
P3844,John,Doe,1994-02-18,69,199,Unknown,light,blonde,beard,R,CF,,0,,,57,51,52,54,50,49,56,50,50,50,,,,,,,,,,,,56,41,51,48,50,0,0,50,43,44,,,,,,,,,,,,False,,,0,,,,,,0,50,,spray
P1209,John,Doe,1997-06-18,68,235,Unknown,dark,red,clean_shaven,L,RF,,0,,,56,57,52,49,51,51,48,49,49,51,,,,,,,,,,,,55,60,47,47,51,0,0,49,50,54,,,,,,,,,,,,False,,,0,,,,,,0,50,,gap
P4312,John,Doe,1995-07-12,75,205,Unknown,dark,black,beard,R,3B,,0,,,51,60,49,49,49,50,59,49,50,52,,,,,,,,,,,,54,60,51,47,49,0,0,49,51,49,,,,,,,,,,,,False,,,0,,,,,,0,50,,power
P9081,John,Doe,1987-05-01,71,184,Unknown,dark,brown,goatee,R,LF,,0,,,66,49,48,51,53,50,54,51,51,49,,,,,,,,,,,,56,43,47,45,53,0,0,51,49,46,,,,,,,,,,,,False,,,0,,,,,,0,50,,spray
P3851,John,Doe,1997-03-29,76,220,Unknown,dark,black,mustache,R,LF,,0,,,52,59,52,50,51,52,55,50,52,48,,,,,,,,,,,,52,55,55,53,51,0,0,50,50,51,,,,,,,,,,,,False,,,0,,,,,,0,50,,gap
P1210,John,Doe,1997-01-13,73,190,Unknown,light,brown,clean_shaven,R,CF,,0,,,52,51,85,50,53,48,50,49,52,52,,,,,,,,,,,,51,46,85,55,53,0,0,49,48,54,,,,,,,,,,,,False,,,0,,,,,,0,50,,elite_speed
P3998,John,Doe,1999-08-10,78,210,Unknown,light,brown,beard,R,SS,,0,,,49,50,51,51,49,51,61,49,48,50,,,,,,,,,,,,59,57,63,60,49,0,0,49,58,64,,,,,,,,,,,,False,,,0,,,,,,0,50,,balanced
P5314,John,Doe,2002-09-08,74,249,Unknown,dark,black,clean_shaven,R,LF,,0,,,54,52,52,50,52,50,59,49,49,50,,,,,,,,,,,,64,62,67,62,52,0,0,49,55,64,,,,,,,,,,,,False,,,0,,,,,,0,50,,balanced
P9687,John,Doe,2007-03-29,70,203,Unknown,dark,brown,clean_shaven,R,P,,1,RP,CL,,,,,55,,,,50,51,49,50,54,53,52,0,0,65,0,0,0,,,,,0,,,,71,71,67,78,66,78,82,0,0,93,0,0,0,False,,,0,,,,,,0,50,closer,
P6165,John,Doe,2006-09-14,71,176,Unknown,dark,black,mustache,R,P,,1,RP,SP,,,,,48,,,,51,48,49,52,54,48,49,60,61,0,0,0,0,,,,,0,,,,61,63,67,79,60,74,59,71,72,0,0,0,0,False,,,0,,,,,,0,50,finesse_sp,
P6632,John,Doe,2005-11-22,75,217,Unknown,light,brown,clean_shaven,L,P,,1,RP,SP,,,,,52,,,,53,52,52,50,52,52,54,0,61,63,0,0,0,,,,,0,,,,75,63,66,79,73,65,80,0,75,84,0,0,0,False,,,0,,,,,,0,50,power_sp,
P2221,John,Doe,2007-03-26,70,236,Unknown,medium,brown,clean_shaven,L,P,,1,RP,SP,,,,,73,,,,50,50,54,51,53,51,53,0,62,63,55,0,0,,,,,96,,,,64,78,69,77,80,74,78,0,89,82,79,0,0,False,,,0,,,,,,0,50,power_sp,
P7370,John,Doe,2004-10-08,73,184,Unknown,medium,brown,clean_shaven,L,P,,1,RP,RP,,,,,52,,,,51,53,49,52,53,48,53,0,59,65,0,0,0,,,,,0,,,,69,72,79,67,66,70,80,0,75,82,0,0,0,False,,,0,,,,,,0,50,power_rp,
P2233,John,Doe,2007-03-02,69,208,Unknown,light,black,clean_shaven,L,1B,,0,,,52,55,52,50,52,52,45,51,48,49,,,,,,,,,,,,67,75,82,60,52,0,0,51,58,75,,,,,,,,,,,,False,,,0,,,,,,0,50,,average
P2594,John,Doe,2006-09-19,69,197,Unknown,medium,black,clean_shaven,S,C,,0,,,50,49,48,52,50,50,53,49,50,51,,,,,,,,,,,,62,65,69,65,50,0,0,49,80,65,,,,,,,,,,,,False,,,0,,,,,,0,50,,average
P8015,John,Doe,2006-10-03,76,189,Unknown,dark,brown,clean_shaven,R,C,,0,,,52,49,51,50,53,50,57,52,49,50,,,,,,,,,,,,77,75,78,60,53,0,0,52,79,73,,,,,,,,,,,,False,,,0,,,,,,0,50,,average
P7799,John,Doe,2006-02-09,76,235,Unknown,medium,brown,clean_shaven,L,1B,,0,,,52,50,70,51,50,52,46,48,52,48,,,,,,,,,,,,80,72,97,73,50,0,0,48,70,63,,,,,,,,,,,,False,,,0,,,,,,0,50,,speed
P9509,John,Doe,2007-12-20,76,219,Unknown,medium,black,clean_shaven,R,RF,,0,,,50,50,49,49,51,53,53,48,51,50,,,,,,,,,,,,64,80,64,60,51,0,0,48,72,67,,,,,,,,,,,,False,,,0,,,,,,0,50,,average
P5914,John,Doe,1999-01-04,77,196,Unknown,dark,black,clean_shaven,S,P,,1,RP,CL,,,,,55,,,,50,50,50,51,52,51,51,0,0,67,0,0,0,,,,,0,,,,65,57,64,63,55,58,63,0,0,81,0,0,0,False,,,0,,,,,,0,50,closer,
P9512,John,Doe,1989-08-30,68,228,Unknown,medium,brown,goatee,L,P,,1,RP,SP,,,,,54,,,,51,49,54,50,52,53,52,57,0,0,61,0,0,,,,,0,,,,45,46,43,44,53,53,47,49,0,0,53,0,0,False,,,0,,,,,,0,50,groundball_sp,
P3088,John,Doe,1992-03-05,73,185,Unknown,light,brown,clean_shaven,L,P,,1,RP,SP,,,,,51,,,,51,52,52,51,52,50,52,0,59,0,62,0,0,,,,,0,,,,45,43,48,51,45,40,50,0,55,0,54,0,0,False,,,0,,,,,,0,50,groundball_sp,
P3734,John,Doe,1999-12-06,75,206,Unknown,medium,blonde,clean_shaven,L,P,,1,RP,SP,,,,,51,,,,50,48,51,50,52,51,49,59,61,0,59,0,0,,,,,0,,,,64,57,64,61,59,59,55,72,67,0,71,0,0,False,,,0,,,,,,0,50,groundball_sp,
P9428,John,Doe,1992-07-12,70,182,Unknown,dark,brown,beard,R,P,,1,RP,RP,,,,,56,,,,51,51,49,52,52,50,50,56,58,0,62,0,0,,,,,0,,,,51,43,47,50,46,49,43,50,52,0,56,0,0,False,,,0,,,,,,0,50,groundball_rp,
P6755,John,Doe,2003-10-12,77,219,Unknown,light,blonde,beard,R,P,,1,RP,SP,,,,,48,,,,51,54,50,50,52,50,54,60,59,63,0,0,0,,,,,0,,,,58,65,64,67,60,64,59,70,65,77,0,0,0,False,,,0,,,,,,0,50,power_sp,
P1355,John,Doe,2003-01-28,68,202,Unknown,medium,brown,clean_shaven,R,P,,1,RP,SP,,,,,49,,,,49,50,54,50,54,48,52,0,63,62,0,0,0,,,,,0,,,,61,64,63,64,64,60,59,0,70,77,0,0,0,False,,,0,,,,,,0,50,power_sp,
P8234,John,Doe,1991-09-25,74,217,Unknown,dark,brown,clean_shaven,R,P,,1,RP,SP,,,,,51,,,,52,52,53,51,52,49,50,59,0,57,59,0,0,,,,,0,,,,48,46,47,50,43,39,49,59,0,48,57,0,0,False,,,0,,,,,,0,50,groundball_sp,
P5641,John,Doe,2003-05-27,78,203,Unknown,dark,brown,clean_shaven,L,P,,1,RP,RP,,,,,52,,,,52,50,52,50,54,50,51,0,62,0,0,0,0,,,,,0,,,,66,61,55,62,67,60,58,0,73,0,0,0,0,False,,,0,,,,,,0,50,power_rp,
P5380,John,Doe,2004-08-11,69,193,Unknown,medium,black,clean_shaven,L,P,,1,RP,RP,,,,,49,,,,52,51,52,50,52,49,52,0,63,63,0,0,0,,,,,0,,,,76,68,60,67,74,63,73,0,92,78,0,0,0,False,,,0,,,,,,0,50,power_rp,
P8432,John,Doe,1995-05-08,70,227,Unknown,dark,black,clean_shaven,R,P,,1,RP,SP,,,,,52,,,,48,49,50,53,52,51,53,0,59,57,58,0,0,,,,,0,,,,51,46,54,55,51,53,50,0,60,61,54,0,0,False,,,0,,,,,,0,50,groundball_sp,
P1373,John,Doe,1989-06-17,70,229,Unknown,medium,black,beard,R,C,,0,,,70,51,51,52,50,51,56,53,50,52,,,,,,,,,,,,63,46,49,48,50,0,0,53,46,50,,,,,,,,,,,,False,,,0,,,,,,0,50,,spray
P9098,John,Doe,1991-10-23,72,181,Unknown,dark,brown,clean_shaven,S,1B,,0,,,64,57,49,52,49,49,53,50,49,51,,,,,,,,,,,,64,50,41,46,49,0,0,50,48,41,,,,,,,,,,,,False,,,0,,,,,,0,50,,spray
P4249,John,Doe,1999-11-19,68,185,Unknown,medium,black,clean_shaven,R,2B,CF,0,,,64,49,49,56,53,49,56,50,51,51,,,,,,,,,,,,75,57,64,62,53,0,0,50,59,57,,,,,,,,,,,,False,,,0,,,,,,0,50,,spray
P4445,John,Doe,2001-01-12,70,248,Unknown,dark,brown,clean_shaven,R,3B,,0,,,50,58,47,51,46,52,58,49,51,49,,,,,,,,,,,,63,71,52,57,46,0,0,49,58,58,,,,,,,,,,,,False,,,0,,,,,,0,50,,power
P8882,John,Doe,1997-01-29,69,192,Unknown,light,brown,clean_shaven,R,SS,,0,,,52,53,53,51,52,47,55,50,50,49,,,,,,,,,,,,50,49,57,48,52,0,0,50,49,49,,,,,,,,,,,,False,,,0,,,,,,0,50,,balanced
P3353,John,Doe,1997-12-13,75,182,Unknown,dark,black,beard,S,LF,,0,,,60,48,50,53,51,51,54,51,49,50,,,,,,,,,,,,63,52,49,50,51,0,0,51,44,53,,,,,,,,,,,,False,,,0,,,,,,0,50,,spray
P7855,John,Doe,1988-03-04,71,186,Unknown,light,blonde,beard,R,CF,,0,,,58,50,49,53,51,49,54,48,50,50,,,,,,,,,,,,54,41,46,47,51,0,0,48,41,49,,,,,,,,,,,,False,,,0,,,,,,0,50,,spray
P4531,John,Doe,1997-03-12,68,220,Unknown,medium,black,clean_shaven,R,RF,,0,,,57,51,49,53,53,47,50,50,51,52,,,,,,,,,,,,52,49,50,57,53,0,0,50,47,54,,,,,,,,,,,,False,,,0,,,,,,0,50,,spray
P9057,John,Doe,1996-12-03,68,193,Unknown,light,black,beard,L,2B,,0,,,53,52,48,51,52,50,47,52,48,50,,,,,,,,,,,,58,56,53,56,52,0,0,52,53,46,,,,,,,,,,,,False,,,0,,,,,,0,50,,average
P7026,John,Doe,2001-09-18,70,204,Unknown,light,black,clean_shaven,R,3B,,0,,,48,51,50,51,48,52,57,52,50,49,,,,,,,,,,,,60,58,55,57,48,0,0,52,58,63,,,,,,,,,,,,False,,,0,,,,,,0,50,,balanced
P5662,John,Doe,1996-10-25,77,235,Unknown,medium,black,mustache,R,CF,,0,,,53,50,53,52,52,53,57,51,51,50,,,,,,,,,,,,52,54,55,56,52,0,0,51,47,46,,,,,,,,,,,,False,,,0,,,,,,0,50,,balanced
P8656,John,Doe,1999-07-11,78,163,Unknown,dark,black,beard,R,3B,,0,,,49,56,49,48,50,53,58,53,51,49,,,,,,,,,,,,59,67,54,55,50,0,0,53,63,56,,,,,,,,,,,,False,,,0,,,,,,0,50,,power
P6848,John,Doe,2000-10-30,76,201,Unknown,medium,brown,mustache,R,2B,,0,,,53,50,49,52,53,49,57,51,49,52,,,,,,,,,,,,60,64,58,66,53,0,0,51,62,61,,,,,,,,,,,,False,,,0,,,,,,0,50,,balanced
P4317,John,Doe,1996-06-20,77,237,Unknown,dark,brown,clean_shaven,R,RF,,0,,,52,50,85,53,49,49,56,47,51,49,,,,,,,,,,,,52,54,88,55,49,0,0,47,54,51,,,,,,,,,,,,False,,,0,,,,,,0,50,,elite_speed
P4729,John,Doe,1994-07-15,70,208,Unknown,light,black,clean_shaven,S,P,,1,RP,CL,,,,,55,,,,49,50,50,50,52,52,55,0,0,65,0,0,0,,,,,0,,,,54,52,52,54,49,49,54,0,0,69,0,0,0,False,,,0,,,,,,0,50,closer,
P2626,John,Doe,1997-10-24,75,186,Unknown,dark,brown,mustache,L,P,,1,RP,RP,,,,,52,,,,50,53,49,52,52,52,50,0,60,65,0,0,0,,,,,0,,,,50,55,54,57,51,49,49,0,58,67,0,0,0,False,,,0,,,,,,0,50,power_rp,
P7970,John,Doe,1990-08-26,68,224,Unknown,light,brown,clean_shaven,R,P,,1,RP,SP,,,,,50,,,,48,49,49,50,54,53,51,60,60,0,0,0,0,,,,,0,,,,48,41,45,51,40,49,49,58,56,0,0,0,0,False,,,0,,,,,,0,50,finesse_sp,
P6600,John,Doe,1999-08-10,78,239,Unknown,dark,brown,clean_shaven,S,P,,1,RP,SP,,,,,52,,,,52,49,54,50,54,50,51,57,0,0,59,0,0,,,,,0,,,,63,59,63,68,63,65,66,67,0,0,70,0,0,False,,,0,,,,,,0,50,groundball_sp,
P5494,John,Doe,1992-02-06,70,250,Unknown,medium,brown,clean_shaven,S,P,,1,RP,SP,,,,,50,,,,49,50,50,50,54,50,50,0,0,61,62,0,0,,,,,0,,,,40,41,46,48,46,43,47,0,0,56,60,0,0,False,,,0,,,,,,0,50,groundball_sp,
P4277,John,Doe,1993-10-22,74,209,Unknown,dark,brown,clean_shaven,L,P,,1,RP,RP,,,,,49,,,,48,52,50,52,52,52,51,61,60,0,63,0,0,,,,,0,,,,44,50,42,45,48,45,43,60,60,0,54,0,0,False,,,0,,,,,,0,50,finesse_rp,
P7009,John,Doe,2002-01-10,71,166,Unknown,medium,brown,clean_shaven,R,P,,1,RP,SP,,,,,49,,,,48,49,51,50,53,50,49,60,62,60,0,55,0,,,,,0,,,,55,62,64,61,63,56,54,65,69,68,0,63,0,False,,,0,,,,,,0,50,balanced_sp,
P8098,John,Doe,2001-01-29,75,239,Unknown,light,black,beard,R,CF,RF,0,,,60,50,50,56,51,50,57,52,50,49,,,,,,,,,,,,69,56,65,66,51,0,0,52,59,59,,,,,,,,,,,,False,,,0,,,,,,0,50,,spray
P4694,John,Doe,1993-09-01,68,161,Unknown,light,brown,clean_shaven,R,2B,,0,,,53,49,49,50,51,51,56,49,49,48,,,,,,,,,,,,51,45,45,41,51,0,0,49,39,48,,,,,,,,,,,,False,,,0,,,,,,0,50,,balanced
P6841,John,Doe,1998-01-22,77,210,Unknown,medium,brown,mustache,R,RF,1B,0,,,64,52,51,51,52,48,56,49,51,51,,,,,,,,,,,,68,48,51,55,52,0,0,49,50,54,,,,,,,,,,,,False,,,0,,,,,,0,50,,spray
P2190,John,Doe,1998-12-30,68,207,Unknown,light,black,mustache,R,SS,,0,,,52,52,52,51,51,50,58,52,48,49,,,,,,,,,,,,65,62,59,65,51,0,0,52,58,59,,,,,,,,,,,,False,,,0,,,,,,0,50,,gap
P1620,John,Doe,2001-12-01,76,249,Unknown,light,brown,clean_shaven,R,RF,,0,,,55,58,52,53,49,51,58,47,49,50,,,,,,,,,,,,65,73,57,66,49,0,0,47,59,64,,,,,,,,,,,,False,,,0,,,,,,0,50,,gap
P8219,John,Doe,2000-10-28,78,178,Unknown,light,brown,clean_shaven,S,SS,,0,,,49,58,49,50,52,51,51,49,50,53,,,,,,,,,,,,60,72,59,57,52,0,0,49,55,62,,,,,,,,,,,,False,,,0,,,,,,0,50,,power
P8127,John,Doe,2003-12-16,75,196,Unknown,medium,brown,clean_shaven,R,CF,,0,,,50,48,85,51,50,48,56,51,52,52,,,,,,,,,,,,60,63,99,64,50,0,0,51,59,64,,,,,,,,,,,,False,,,0,,,,,,0,50,,elite_speed
P4041,John,Doe,2002-02-25,74,169,Unknown,dark,blonde,clean_shaven,L,C,,0,,,53,50,49,52,53,49,48,48,52,51,,,,,,,,,,,,67,55,54,58,53,0,0,48,65,63,,,,,,,,,,,,False,,,0,,,,,,0,50,,average
P4206,John,Doe,2004-07-19,71,179,Unknown,dark,brown,clean_shaven,R,P,,1,RP,CL,,,,,55,,,,52,53,52,50,52,50,52,58,0,65,0,0,0,,,,,0,,,,71,69,64,80,78,67,71,70,0,77,0,0,0,False,,,0,,,,,,0,50,closer,
P3034,John,Doe,2007-08-03,72,200,Unknown,light,black,clean_shaven,R,P,,1,RP,SP,,,,,73,,,,49,51,51,50,52,52,52,62,60,62,0,0,0,,,,,92,,,,70,71,80,80,62,71,82,89,80,80,0,0,0,False,,,0,,,,,,0,50,balanced_sp,
P2834,John,Doe,2008-02-15,78,212,Unknown,medium,blonde,mustache,R,P,,1,RP,SP,,,,,47,,,,48,50,52,52,54,48,49,62,63,0,59,56,0,,,,,0,,,,73,74,80,73,75,61,63,75,82,0,83,71,0,False,,,0,,,,,,0,50,finesse_sp,
P6725,John,Doe,2007-12-24,78,195,Unknown,dark,black,clean_shaven,R,P,,1,RP,SP,,,,,49,,,,48,50,50,53,53,52,51,0,63,60,57,56,0,,,,,0,,,,73,73,69,78,68,67,69,0,83,87,79,78,0,False,,,0,,,,,,0,50,power_sp,
P4304,John,Doe,2005-06-16,78,245,Unknown,dark,black,clean_shaven,R,P,,1,RP,LR,,,,,49,,,,50,49,50,50,54,53,53,0,0,65,0,0,0,,,,,0,,,,60,76,78,64,72,76,68,0,0,75,0,0,0,False,,,0,,,,,,0,50,long_relief,
P3853,John,Doe,2004-11-12,70,166,Unknown,light,blonde,clean_shaven,L,RF,,0,,,53,50,48,50,52,48,49,48,49,53,,,,,,,,,,,,82,69,62,72,52,0,0,48,69,77,,,,,,,,,,,,False,,,0,,,,,,0,50,,balanced
P8583,John,Doe,2007-12-03,77,182,Unknown,medium,black,goatee,R,C,,0,,,52,49,51,51,49,49,57,49,50,52,,,,,,,,,,,,71,69,62,77,49,0,0,49,79,65,,,,,,,,,,,,False,,,0,,,,,,0,50,,average
P1411,John,Doe,2007-05-05,74,174,Unknown,light,black,beard,R,3B,,0,,,51,47,85,50,51,47,59,52,49,50,,,,,,,,,,,,72,59,98,77,51,0,0,52,74,76,,,,,,,,,,,,False,,,0,,,,,,0,50,,elite_speed
P4615,John,Doe,2005-06-10,69,200,Unknown,dark,brown,clean_shaven,S,RF,,0,,,52,59,48,51,47,49,52,50,49,51,,,,,,,,,,,,81,74,69,77,47,0,0,50,64,75,,,,,,,,,,,,False,,,0,,,,,,0,50,,power
P3251,John,Doe,2005-08-19,78,215,Unknown,light,black,clean_shaven,S,1B,,0,,,51,62,51,51,49,50,48,50,48,49,,,,,,,,,,,,77,86,81,78,49,0,0,50,76,79,,,,,,,,,,,,False,,,0,,,,,,0,50,,power
P8463,John,Doe,2002-09-30,78,168,Unknown,dark,brown,clean_shaven,L,P,,1,RP,CL,,,,,55,,,,49,51,52,50,52,50,52,0,0,67,0,0,0,,,,,0,,,,60,65,65,66,67,58,60,0,0,77,0,0,0,False,,,0,,,,,,0,50,closer,
P2878,John,Doe,1989-03-05,74,161,Unknown,dark,black,mustache,R,P,,1,RP,SP,,,,,50,,,,49,51,51,51,54,52,50,60,59,58,0,0,0,,,,,0,,,,46,48,48,52,41,47,46,51,53,49,0,0,0,False,,,0,,,,,,0,50,balanced_sp,
P3061,John,Doe,1988-08-04,70,165,Unknown,dark,black,beard,R,P,,1,RP,SP,,,,,48,,,,52,49,54,51,52,48,52,59,63,58,0,0,0,,,,,0,,,,47,46,42,46,50,46,49,55,57,55,0,0,0,False,,,0,,,,,,0,50,balanced_sp,
P1476,John,Doe,2002-02-04,76,245,Unknown,dark,black,beard,S,P,,1,RP,RP,,,,,52,,,,50,49,53,52,52,51,49,60,0,0,0,0,0,,,,,0,,,,57,55,61,57,67,57,64,67,0,0,0,0,0,False,,,0,,,,,,0,50,finesse_rp,
P3438,John,Doe,1988-07-29,78,250,Unknown,dark,brown,mustache,L,P,,1,RP,SP,,,,,49,,,,51,48,52,50,53,49,51,61,62,61,0,53,0,,,,,0,,,,43,41,40,44,42,47,44,53,60,53,0,46,0,False,,,0,,,,,,0,50,finesse_sp,
P5782,John,Doe,1993-02-15,69,160,Unknown,dark,red,clean_shaven,L,P,,1,RP,RP,,,,,50,,,,51,51,52,50,53,50,55,0,62,0,0,0,0,,,,,0,,,,51,43,49,45,50,41,55,0,57,0,0,0,0,False,,,0,,,,,,0,50,power_rp,
P4635,John,Doe,2004-11-20,77,245,Unknown,medium,black,clean_shaven,L,P,,1,RP,SP,,,,,50,,,,51,49,54,52,52,50,49,62,63,60,0,0,0,,,,,0,,,,70,78,82,69,81,72,74,74,74,77,0,0,0,False,,,0,,,,,,0,50,balanced_sp,
P6063,John,Doe,1993-05-08,69,173,Unknown,medium,brown,clean_shaven,L,P,,1,RP,SP,,,,,48,,,,51,51,53,52,52,47,55,59,62,58,0,0,0,,,,,0,,,,46,51,42,46,50,46,52,57,54,50,0,0,0,False,,,0,,,,,,0,50,power_sp,
P4470,John,Doe,1999-06-27,74,174,Unknown,dark,black,clean_shaven,R,P,,1,RP,RP,,,,,53,,,,47,50,48,52,53,51,52,0,0,66,0,0,0,,,,,0,,,,52,63,65,62,59,63,63,0,0,73,0,0,0,False,,,0,,,,,,0,50,power_rp,
P8524,John,Doe,2000-03-29,70,245,Unknown,dark,brown,clean_shaven,R,P,,1,RP,RP,,,,,50,,,,49,51,50,53,52,49,50,58,0,0,0,0,0,,,,,0,,,,56,59,62,65,58,54,65,64,0,0,0,0,0,False,,,0,,,,,,0,50,finesse_rp,
P1912,John,Doe,1996-05-27,77,199,Unknown,light,black,goatee,R,P,,1,RP,SP,,,,,51,,,,49,48,51,54,52,53,53,62,63,0,57,54,0,,,,,0,,,,46,53,59,50,52,52,48,64,62,0,59,59,0,False,,,0,,,,,,0,50,finesse_sp,
P1146,John,Doe,2000-12-28,71,187,Unknown,dark,black,goatee,R,C,,0,,,51,52,49,52,52,49,56,51,53,53,,,,,,,,,,,,57,58,54,63,52,0,0,51,60,60,,,,,,,,,,,,False,,,0,,,,,,0,50,,average
P6882,John,Doe,1994-04-19,75,249,Unknown,light,black,beard,R,1B,,0,,,52,50,70,51,51,48,56,53,52,52,,,,,,,,,,,,56,45,73,50,51,0,0,53,57,47,,,,,,,,,,,,False,,,0,,,,,,0,50,,speed
P7808,John,Doe,1998-11-22,68,248,Unknown,light,brown,goatee,R,2B,,0,,,60,48,49,52,50,50,58,52,50,48,,,,,,,,,,,,69,55,61,59,50,0,0,52,61,59,,,,,,,,,,,,False,,,0,,,,,,0,50,,spray
P8166,John,Doe,1995-03-11,69,167,Unknown,dark,blonde,clean_shaven,R,3B,,0,,,52,59,50,52,50,54,57,50,49,49,,,,,,,,,,,,54,64,45,56,50,0,0,50,46,46,,,,,,,,,,,,False,,,0,,,,,,0,50,,power
P3164,John,Doe,1998-04-07,74,223,Unknown,light,brown,clean_shaven,R,SS,,0,,,50,54,51,50,50,52,59,53,50,50,,,,,,,,,,,,58,67,59,62,50,0,0,53,62,63,,,,,,,,,,,,False,,,0,,,,,,0,50,,balanced
P1680,John,Doe,1987-11-29,77,179,Unknown,dark,black,goatee,L,LF,,0,,,63,52,52,53,54,48,47,53,51,51,,,,,,,,,,,,62,43,46,43,54,0,0,53,46,48,,,,,,,,,,,,False,,,0,,,,,,0,50,,spray
P3990,John,Doe,1997-08-16,68,184,Unknown,medium,brown,clean_shaven,S,CF,,0,,,49,51,52,48,50,53,49,48,51,52,,,,,,,,,,,,44,48,49,52,50,0,0,48,50,57,,,,,,,,,,,,False,,,0,,,,,,0,50,,average
P8292,John,Doe,1996-07-10,78,164,Unknown,medium,brown,beard,L,RF,3B,0,,,52,62,49,52,48,52,48,50,49,52,,,,,,,,,,,,52,58,44,48,48,0,0,50,49,47,,,,,,,,,,,,False,,,0,,,,,,0,50,,power
P7098,John,Doe,1998-04-03,74,166,Unknown,light,blonde,clean_shaven,L,SS,,0,,,52,53,52,51,49,49,51,51,49,53,,,,,,,,,,,,58,62,62,61,49,0,0,51,60,67,,,,,,,,,,,,False,,,0,,,,,,0,50,,average
P6911,John,Doe,2004-07-12,71,225,Unknown,medium,black,clean_shaven,R,3B,,0,,,49,50,53,50,50,51,55,52,49,49,,,,,,,,,,,,59,69,74,61,50,0,0,52,66,62,,,,,,,,,,,,False,,,0,,,,,,0,50,,gap
P7909,John,Doe,1993-12-07,77,204,Unknown,light,brown,clean_shaven,L,C,,0,,,52,58,47,51,51,49,50,49,50,48,,,,,,,,,,,,43,50,44,42,51,0,0,49,41,47,,,,,,,,,,,,False,,,0,,,,,,0,50,,power
P3281,John,Doe,1988-01-27,77,180,Unknown,dark,red,beard,L,1B,,0,,,59,64,50,50,52,48,48,50,51,49,,,,,,,,,,,,57,62,42,48,52,0,0,50,47,43,,,,,,,,,,,,False,,,0,,,,,,0,50,,gap
P7247,John,Doe,1996-09-07,68,173,Unknown,light,brown,clean_shaven,S,C,,0,,,49,50,51,50,53,51,53,52,52,53,,,,,,,,,,,,49,48,50,51,53,0,0,52,57,56,,,,,,,,,,,,False,,,0,,,,,,0,50,,average
P7883,John,Doe,2003-06-22,69,227,Unknown,medium,black,mustache,S,3B,,0,,,48,51,49,51,50,48,51,49,51,50,,,,,,,,,,,,58,66,56,56,50,0,0,49,62,62,,,,,,,,,,,,False,,,0,,,,,,0,50,,balanced
P2540,John,Doe,1999-06-10,71,192,Unknown,medium,brown,clean_shaven,R,P,,1,RP,CL,,,,,55,,,,52,52,51,50,54,51,51,59,60,67,0,0,0,,,,,0,,,,60,62,64,69,59,62,59,67,72,73,0,0,0,False,,,0,,,,,,0,50,closer,
P6686,John,Doe,2001-09-04,69,216,Unknown,dark,black,goatee,R,P,,1,RP,RP,,,,,50,,,,51,53,48,50,54,52,53,0,63,0,0,0,0,,,,,0,,,,65,58,57,60,56,66,58,0,72,0,0,0,0,False,,,0,,,,,,0,50,power_rp,
P4721,John,Doe,1989-04-27,73,166,Unknown,dark,black,clean_shaven,L,P,,1,RP,SP,,,,,49,,,,51,50,52,50,52,51,50,58,60,59,0,0,0,,,,,0,,,,49,45,45,49,42,41,40,49,59,50,0,0,0,False,,,0,,,,,,0,50,workhorse_sp,
P1227,John,Doe,2003-05-13,78,178,Unknown,light,black,goatee,R,P,,1,RP,SP,,,,,51,,,,51,51,53,52,53,49,49,60,0,0,62,0,0,,,,,0,,,,60,58,65,61,58,59,58,69,0,0,71,0,0,False,,,0,,,,,,0,50,groundball_sp,
P1625,John,Doe,2003-10-05,73,174,Unknown,light,black,clean_shaven,R,P,,1,RP,SP,,,,,49,,,,51,51,54,53,52,51,51,60,60,60,0,55,0,,,,,0,,,,56,63,64,65,63,56,61,75,69,68,0,61,0,False,,,0,,,,,,0,50,workhorse_sp,
P4592,John,Doe,1991-02-22,71,199,Unknown,light,red,clean_shaven,R,P,,1,RP,RP,,,,,56,,,,52,50,49,53,52,51,53,0,0,0,64,0,0,,,,,0,,,,50,41,46,52,45,47,52,0,0,0,60,0,0,False,,,0,,,,,,0,50,groundball_rp,
P8048,John,Doe,1999-07-03,78,168,Unknown,dark,brown,clean_shaven,R,P,,1,RP,RP,,,,,53,,,,53,52,53,51,52,50,50,0,0,0,62,0,0,,,,,0,,,,65,62,66,65,65,57,64,0,0,0,76,0,0,False,,,0,,,,,,0,50,groundball_rp,
P7980,John,Doe,1989-05-27,68,197,Unknown,dark,black,clean_shaven,L,1B,,0,,,50,56,52,49,50,52,49,52,52,51,,,,,,,,,,,,44,46,45,44,50,0,0,52,51,51,,,,,,,,,,,,False,,,0,,,,,,0,50,,balanced
P3744,John,Doe,2004-06-22,69,197,Unknown,light,blonde,clean_shaven,R,3B,,0,,,50,52,49,49,50,49,59,51,48,48,,,,,,,,,,,,74,63,70,69,50,0,0,51,72,67,,,,,,,,,,,,False,,,0,,,,,,0,50,,balanced
P6284,John,Doe,1999-08-10,69,207,Unknown,light,brown,goatee,R,2B,,0,,,54,51,72,53,52,49,57,52,52,53,,,,,,,,,,,,60,62,82,64,52,0,0,52,62,66,,,,,,,,,,,,False,,,0,,,,,,0,50,,speed
P7041,John,Doe,2000-03-29,73,187,Unknown,medium,red,clean_shaven,R,RF,,0,,,62,52,48,52,52,48,57,49,48,52,,,,,,,,,,,,71,64,61,64,52,0,0,49,57,58,,,,,,,,,,,,False,,,0,,,,,,0,50,,spray
P9042,John,Doe,1989-01-11,77,191,Unknown,dark,black,clean_shaven,R,2B,,0,,,51,48,49,51,50,52,58,50,52,51,,,,,,,,,,,,41,46,41,43,50,0,0,50,47,44,,,,,,,,,,,,False,,,0,,,,,,0,50,,balanced
P2312,John,Doe,1997-04-05,75,184,Unknown,light,black,clean_shaven,R,C,,0,,,50,50,52,49,49,50,56,49,51,51,,,,,,,,,,,,47,46,57,52,49,0,0,49,55,56,,,,,,,,,,,,False,,,0,,,,,,0,50,,average
P9084,John,Doe,2002-05-28,73,234,Unknown,dark,black,clean_shaven,L,CF,,0,,,51,51,53,52,53,51,42,52,49,50,,,,,,,,,,,,56,59,58,66,53,0,0,52,58,58,,,,,,,,,,,,False,,,0,,,,,,0,50,,balanced
P5094,John,Doe,1989-03-05,73,187,Unknown,dark,brown,mustache,L,RF,,0,,,49,57,50,49,51,51,43,51,50,50,,,,,,,,,,,,43,53,48,41,51,0,0,51,41,50,,,,,,,,,,,,False,,,0,,,,,,0,50,,balanced
P4803,John,Doe,2007-02-12,72,176,Unknown,light,brown,clean_shaven,S,P,,1,RP,CL,,,,,55,,,,49,52,50,50,52,49,52,0,0,67,0,0,0,,,,,0,,,,62,80,71,71,66,69,81,0,0,89,0,0,0,False,,,0,,,,,,0,50,closer,
P9133,John,Doe,2007-02-17,75,163,Unknown,medium,brown,beard,L,P,,1,RP,SP,,,,,49,,,,50,52,53,52,52,50,50,58,61,58,57,0,0,,,,,0,,,,79,71,73,80,83,74,77,73,83,76,68,0,0,False,,,0,,,,,,0,50,balanced_sp,
P9692,John,Doe,2007-07-02,75,230,Unknown,medium,brown,clean_shaven,R,P,,1,RP,LR,,,,,50,,,,52,51,50,50,52,50,54,61,61,63,0,0,0,,,,,0,,,,77,73,77,66,61,78,77,90,73,79,0,0,0,False,,,0,,,,,,0,50,long_relief,
P3342,John,Doe,2006-01-20,74,166,Unknown,dark,blonde,clean_shaven,L,P,,1,RP,SP,,,,,51,,,,52,53,52,50,52,50,53,58,60,59,0,54,0,,,,,0,,,,73,70,70,74,78,77,72,77,89,71,0,75,0,False,,,0,,,,,,0,50,power_sp,
P6077,John,Doe,2004-07-20,74,201,Unknown,dark,brown,beard,R,P,,1,RP,LR,,,,,53,,,,48,51,50,50,54,51,51,58,60,0,0,0,0,,,,,0,,,,74,67,79,64,68,65,66,69,87,0,0,0,0,False,,,0,,,,,,0,50,long_relief,
P9635,John,Doe,2006-01-16,77,174,Unknown,light,brown,beard,L,3B,,0,,,48,52,50,51,47,49,48,52,50,50,,,,,,,,,,,,78,65,67,62,47,0,0,52,71,75,,,,,,,,,,,,False,,,0,,,,,,0,50,,average
P3228,John,Doe,2007-07-25,74,218,Unknown,medium,black,clean_shaven,S,LF,,0,,,51,53,49,52,51,51,53,53,51,53,,,,,,,,,,,,66,69,59,69,51,0,0,53,66,80,,,,,,,,,,,,False,,,0,,,,,,0,50,,average
P1128,John,Doe,2004-06-17,73,184,Unknown,light,brown,beard,R,2B,,0,,,67,64,50,52,52,48,56,52,51,51,,,,,,,,,,,,92,77,78,78,52,0,0,52,71,64,,,,,,,,,,,,False,,,0,,,,,,0,50,,gap
P5707,John,Doe,2005-04-22,78,222,Unknown,medium,black,clean_shaven,L,2B,,0,,,54,50,70,53,49,49,46,48,50,50,,,,,,,,,,,,82,60,91,76,49,0,0,48,65,78,,,,,,,,,,,,False,,,0,,,,,,0,50,,speed
P8678,John,Doe,2006-11-26,78,167,Unknown,medium,blonde,clean_shaven,R,3B,,0,,,50,49,49,51,49,51,58,49,48,52,,,,,,,,,,,,63,70,77,73,49,0,0,49,71,77,,,,,,,,,,,,False,,,0,,,,,,0,50,,balanced
P7852,John,Doe,1990-09-29,68,242,Unknown,medium,blonde,clean_shaven,S,P,,1,RP,CL,,,,,55,,,,51,54,52,50,52,50,53,61,58,66,0,0,0,,,,,0,,,,42,48,49,52,46,42,52,61,54,61,0,0,0,False,,,0,,,,,,0,50,closer,
P6540,John,Doe,2001-09-18,68,204,Unknown,light,black,clean_shaven,S,P,,1,RP,RP,,,,,54,,,,48,53,52,52,52,50,51,0,0,67,63,0,0,,,,,0,,,,61,62,57,64,67,59,58,0,0,78,69,0,0,False,,,0,,,,,,0,50,groundball_rp,
P5791,John,Doe,2000-06-17,74,224,Unknown,medium,brown,beard,R,P,,1,RP,SP,,,,,52,,,,52,51,53,50,54,51,53,59,58,63,0,0,0,,,,,0,,,,58,66,65,66,67,66,63,69,72,69,0,0,0,False,,,0,,,,,,0,50,balanced_sp,
P3324,John,Doe,2002-06-10,78,200,Unknown,dark,black,clean_shaven,S,P,,1,RP,SP,,,,,49,,,,49,49,53,50,52,52,53,63,62,59,0,56,0,,,,,0,,,,60,61,56,65,59,63,63,68,72,70,0,65,0,False,,,0,,,,,,0,50,workhorse_sp,
P7415,John,Doe,1990-03-01,76,204,Unknown,light,brown,mustache,L,P,,1,RP,RP,,,,,56,,,,49,48,49,50,52,50,50,0,0,0,62,0,0,,,,,0,,,,46,41,50,52,45,45,43,0,0,0,57,0,0,False,,,0,,,,,,0,50,groundball_rp,
P5323,John,Doe,2004-11-29,78,230,Unknown,dark,black,beard,R,P,,1,RP,SP,,,,,50,,,,48,53,50,53,52,48,52,58,59,58,0,53,0,,,,,0,,,,59,80,68,75,65,75,74,78,85,83,0,67,0,False,,,0,,,,,,0,50,balanced_sp,
P9764,John,Doe,1998-08-08,78,175,Unknown,medium,blonde,mustache,L,P,,1,RP,SP,,,,,51,,,,50,52,50,51,54,48,50,0,62,58,0,0,0,,,,,0,,,,56,57,64,68,64,53,55,0,77,63,0,0,0,False,,,0,,,,,,0,50,power_sp,
P5442,John,Doe,1992-05-24,70,194,Unknown,medium,brown,clean_shaven,R,P,,1,RP,SP,,,,,48,,,,50,51,51,52,52,50,51,61,61,0,0,0,0,,,,,0,,,,44,49,46,47,43,50,47,51,55,0,0,0,0,False,,,0,,,,,,0,50,finesse_sp,
P7979,John,Doe,1998-07-30,70,205,Unknown,dark,brown,beard,R,P,,1,RP,LR,,,,,52,,,,52,52,50,50,52,50,51,61,59,67,0,0,0,,,,,0,,,,63,66,56,66,61,63,58,74,70,79,0,0,0,False,,,0,,,,,,0,50,long_relief,
P8881,John,Doe,1998-10-21,73,225,Unknown,medium,black,beard,S,P,,1,RP,SP,,,,,48,,,,48,50,53,51,52,53,52,62,61,59,0,53,0,,,,,0,,,,62,64,56,63,63,68,61,76,75,71,0,58,0,False,,,0,,,,,,0,50,finesse_sp,
P1662,John,Doe,1989-06-23,76,180,Unknown,medium,black,beard,S,P,,1,RP,RP,,,,,49,,,,50,53,49,50,52,51,54,0,59,0,0,0,0,,,,,0,,,,43,50,44,48,49,42,46,0,57,0,0,0,0,False,,,0,,,,,,0,50,power_rp,
P9892,John,Doe,2001-10-05,76,230,Unknown,dark,black,clean_shaven,R,C,,0,,,51,57,50,50,49,53,57,51,51,52,,,,,,,,,,,,62,69,60,55,49,0,0,51,58,62,,,,,,,,,,,,False,,,0,,,,,,0,50,,power
P1919,John,Doe,1997-09-18,70,239,Unknown,dark,black,clean_shaven,L,1B,,0,,,49,50,53,50,53,51,50,48,51,50,,,,,,,,,,,,51,50,55,47,53,0,0,48,48,51,,,,,,,,,,,,False,,,0,,,,,,0,50,,average
P7716,John,Doe,1987-07-17,70,233,Unknown,medium,black,mustache,R,2B,,0,,,55,51,85,52,52,51,56,51,50,49,,,,,,,,,,,,54,46,75,49,52,0,0,51,40,44,,,,,,,,,,,,False,,,0,,,,,,0,50,,elite_speed
P9337,John,Doe,1990-09-02,73,174,Unknown,light,brown,beard,L,3B,,0,,,49,49,53,50,49,47,48,52,51,50,,,,,,,,,,,,39,42,53,43,49,0,0,52,44,48,,,,,,,,,,,,False,,,0,,,,,,0,50,,average
P4101,John,Doe,2002-11-05,76,226,Unknown,dark,brown,beard,R,SS,,0,,,59,51,51,53,53,50,55,53,51,51,,,,,,,,,,,,73,60,61,64,53,0,0,53,58,61,,,,,,,,,,,,False,,,0,,,,,,0,50,,spray
P5691,John,Doe,1996-07-16,75,209,Unknown,dark,brown,clean_shaven,L,LF,,0,,,50,49,70,52,53,52,51,52,50,52,,,,,,,,,,,,55,54,68,54,53,0,0,52,50,47,,,,,,,,,,,,False,,,0,,,,,,0,50,,speed
P1294,John,Doe,1998-09-09,70,199,Unknown,medium,black,clean_shaven,L,CF,,0,,,62,64,49,50,50,49,48,53,48,48,,,,,,,,,,,,77,78,61,61,50,0,0,53,54,62,,,,,,,,,,,,False,,,0,,,,,,0,50,,gap
P1520,John,Doe,2001-06-12,73,189,Unknown,light,black,clean_shaven,S,RF,,0,,,61,67,50,52,51,53,51,47,51,48,,,,,,,,,,,,73,73,61,61,51,0,0,47,57,61,,,,,,,,,,,,False,,,0,,,,,,0,50,,gap
P4353,John,Doe,1994-01-09,70,250,Unknown,light,blonde,clean_shaven,R,3B,,0,,,52,48,51,51,50,50,59,51,50,50,,,,,,,,,,,,45,48,45,51,50,0,0,51,45,49,,,,,,,,,,,,False,,,0,,,,,,0,50,,balanced
P2385,John,Doe,2000-10-24,76,203,Unknown,dark,black,mustache,R,1B,,0,,,52,60,51,50,47,54,52,53,50,52,,,,,,,,,,,,66,74,61,58,47,0,0,53,63,58,,,,,,,,,,,,False,,,0,,,,,,0,50,,power
P3341,John,Doe,1994-09-21,72,212,Unknown,dark,red,clean_shaven,R,SS,,0,,,53,48,70,52,54,47,60,51,51,47,,,,,,,,,,,,56,44,70,51,54,0,0,51,53,50,,,,,,,,,,,,False,,,0,,,,,,0,50,,speed
P5226,John,Doe,2004-05-07,75,241,Unknown,medium,brown,clean_shaven,L,1B,,0,,,50,62,51,51,47,51,48,52,52,50,,,,,,,,,,,,73,87,62,77,47,0,0,52,71,64,,,,,,,,,,,,False,,,0,,,,,,0,50,,power
P7089,John,Doe,1994-12-05,68,161,Unknown,medium,blonde,goatee,R,SS,,0,,,49,50,90,51,51,46,56,51,48,48,,,,,,,,,,,,46,52,95,54,51,0,0,51,44,52,,,,,,,,,,,,False,,,0,,,,,,0,50,,speed
P6038,John,Doe,2003-01-09,78,198,Unknown,light,brown,clean_shaven,R,CF,,0,,,52,50,70,51,53,50,58,48,50,48,,,,,,,,,,,,61,57,75,59,53,0,0,48,61,56,,,,,,,,,,,,False,,,0,,,,,,0,50,,speed
P7575,John,Doe,1993-02-07,69,205,Unknown,dark,black,clean_shaven,R,P,,1,RP,CL,,,,,55,,,,50,51,50,50,52,53,55,0,0,65,0,0,0,,,,,0,,,,44,49,43,52,43,50,46,0,0,57,0,0,0,False,,,0,,,,,,0,50,closer,
P7876,John,Doe,1988-12-03,69,206,Unknown,medium,black,clean_shaven,L,P,,1,RP,SP,,,,,51,,,,50,51,53,51,52,50,52,59,61,0,0,54,0,,,,,0,,,,44,43,48,49,43,41,52,52,54,0,0,44,0,False,,,0,,,,,,0,50,finesse_sp,
P3469,John,Doe,1991-06-28,78,223,Unknown,light,brown,clean_shaven,S,P,,1,RP,SP,,,,,48,,,,52,49,51,52,53,51,52,63,0,58,0,0,0,,,,,0,,,,46,39,48,45,51,45,42,62,0,57,0,0,0,False,,,0,,,,,,0,50,balanced_sp,
P4176,John,Doe,1989-01-12,72,173,Unknown,dark,brown,beard,R,P,,1,RP,SP,,,,,50,,,,48,50,53,50,52,51,51,0,62,63,0,0,0,,,,,0,,,,38,43,41,49,53,49,50,0,57,59,0,0,0,False,,,0,,,,,,0,50,power_sp,
P5125,John,Doe,1994-05-23,72,215,Unknown,light,black,goatee,L,P,,1,RP,SP,,,,,49,,,,51,51,52,51,52,52,52,60,61,59,0,0,0,,,,,0,,,,54,56,53,50,48,50,56,61,62,55,0,0,0,False,,,0,,,,,,0,50,workhorse_sp,
P8332,John,Doe,1998-02-12,72,242,Unknown,dark,brown,beard,R,P,,1,RP,RP,,,,,53,,,,50,50,50,50,52,51,52,0,61,63,0,0,0,,,,,0,,,,51,50,55,48,45,55,50,0,59,64,0,0,0,False,,,0,,,,,,0,50,power_rp,
P5437,John,Doe,2004-02-27,70,213,Unknown,dark,brown,clean_shaven,L,P,,1,RP,SP,,,,,53,,,,52,52,51,50,53,50,52,59,61,62,59,0,0,,,,,0,,,,60,57,59,67,58,61,57,74,68,69,68,0,0,False,,,0,,,,,,0,50,groundball_sp,
P9129,John,Doe,2001-06-28,78,221,Unknown,light,blonde,beard,R,3B,,0,,,56,49,52,50,50,50,59,50,52,51,,,,,,,,,,,,65,61,58,65,50,0,0,50,60,63,,,,,,,,,,,,False,,,0,,,,,,0,50,,spray
P9059,John,Doe,2004-09-09,73,184,Unknown,dark,black,clean_shaven,R,C,,0,,,50,52,48,51,51,52,59,48,51,50,,,,,,,,,,,,77,63,62,61,51,0,0,48,70,75,,,,,,,,,,,,False,,,0,,,,,,0,50,,balanced
P7765,John,Doe,1993-01-22,68,233,Unknown,medium,black,clean_shaven,R,2B,,0,,,50,49,48,50,52,49,56,49,52,51,,,,,,,,,,,,45,39,47,47,52,0,0,49,44,50,,,,,,,,,,,,False,,,0,,,,,,0,50,,balanced
P7160,John,Doe,1993-12-19,77,204,Unknown,dark,brown,goatee,R,C,,0,,,64,65,47,54,50,53,57,51,51,49,,,,,,,,,,,,60,63,39,53,50,0,0,51,43,39,,,,,,,,,,,,False,,,0,,,,,,0,50,,gap
P1092,John,Doe,1987-07-22,68,187,Unknown,light,black,clean_shaven,L,LF,,0,,,52,61,51,50,47,52,48,50,52,50,,,,,,,,,,,,46,51,49,50,47,0,0,50,48,47,,,,,,,,,,,,False,,,0,,,,,,0,50,,power
P3372,John,Doe,2004-02-29,76,222,Unknown,medium,black,clean_shaven,R,C,,0,,,50,57,47,51,51,53,58,50,52,47,,,,,,,,,,,,69,86,59,74,51,0,0,50,64,67,,,,,,,,,,,,False,,,0,,,,,,0,50,,power
P8779,John,Doe,1995-12-12,77,231,Unknown,light,black,goatee,R,SS,,0,,,48,52,49,50,51,48,57,49,51,49,,,,,,,,,,,,53,52,48,45,51,0,0,49,49,44,,,,,,,,,,,,False,,,0,,,,,,0,50,,average
P7524,John,Doe,2004-11-20,77,174,Unknown,light,black,clean_shaven,R,RF,,0,,,48,59,48,51,48,54,57,52,48,49,,,,,,,,,,,,78,79,75,80,48,0,0,52,61,77,,,,,,,,,,,,False,,,0,,,,,,0,50,,power
P8853,John,Doe,2007-09-29,78,239,Unknown,dark,red,goatee,R,P,,1,RP,CL,,,,,55,,,,49,50,48,52,54,51,51,0,58,66,0,0,0,,,,,0,,,,63,60,62,82,65,63,61,0,79,86,0,0,0,False,,,0,,,,,,0,50,closer,
P8646,John,Doe,2006-10-04,73,243,Unknown,dark,black,clean_shaven,R,P,,1,RP,SP,,,,,50,,,,50,52,53,54,52,49,50,59,63,57,0,55,0,,,,,0,,,,75,80,72,69,82,65,60,73,85,85,0,80,0,False,,,0,,,,,,0,50,finesse_sp,
P4336,John,Doe,2007-09-10,69,187,Unknown,light,black,clean_shaven,L,P,,1,RP,SP,,,,,48,,,,51,50,51,51,53,51,54,62,0,59,0,0,0,,,,,0,,,,66,62,74,82,78,70,79,77,0,77,0,0,0,False,,,0,,,,,,0,50,balanced_sp,
P4528,John,Doe,2005-04-09,69,201,Unknown,light,red,clean_shaven,R,P,,1,RP,SP,,,,,50,,,,50,52,51,52,52,48,51,0,61,59,0,0,0,,,,,0,,,,62,63,68,80,62,74,62,0,85,74,0,0,0,False,,,0,,,,,,0,50,power_sp,
P2021,John,Doe,2005-04-19,77,179,Unknown,dark,brown,mustache,S,P,,1,RP,SP,,,,,49,,,,48,54,54,50,52,49,51,61,62,62,0,0,0,,,,,0,,,,64,76,69,65,70,71,77,82,74,90,0,0,0,False,,,0,,,,,,0,50,power_sp,
P6849,John,Doe,2004-06-07,70,167,Unknown,medium,brown,clean_shaven,L,RF,,0,,,50,57,53,52,48,49,48,49,50,48,,,,,,,,,,,,67,81,65,67,48,0,0,49,72,76,,,,,,,,,,,,False,,,0,,,,,,0,50,,balanced
P1945,John,Doe,2005-05-08,77,227,Unknown,medium,red,goatee,R,C,,0,,,50,51,51,49,49,49,58,48,52,50,,,,,,,,,,,,65,66,81,64,49,0,0,48,73,76,,,,,,,,,,,,False,,,0,,,,,,0,50,,balanced
P7908,John,Doe,2006-01-16,78,227,Unknown,dark,brown,goatee,R,C,,0,,,53,52,51,52,50,53,59,51,52,52,,,,,,,,,,,,68,62,63,74,50,0,0,51,69,63,,,,,,,,,,,,False,,,0,,,,,,0,50,,average
P3148,John,Doe,2005-08-11,75,250,Unknown,medium,black,mustache,R,RF,,0,,,51,49,48,51,52,50,57,52,49,52,,,,,,,,,,,,80,62,71,73,52,0,0,52,68,81,,,,,,,,,,,,False,,,0,,,,,,0,50,,average
P5144,John,Doe,2007-08-31,75,205,Unknown,medium,red,clean_shaven,R,2B,,0,,,53,51,48,52,53,52,59,50,52,51,,,,,,,,,,,,76,79,61,78,53,0,0,50,76,81,,,,,,,,,,,,False,,,0,,,,,,0,50,,average
P5564,John,Doe,1989-04-09,69,167,Unknown,light,black,beard,L,P,,1,RP,CL,,,,,55,,,,51,54,50,51,52,52,55,0,0,65,0,0,0,,,,,0,,,,46,48,49,42,50,47,49,0,0,65,0,0,0,False,,,0,,,,,,0,50,closer,
P7795,John,Doe,1991-01-07,77,236,Unknown,dark,brown,clean_shaven,R,P,,1,RP,RP,,,,,55,,,,50,53,49,53,53,51,50,0,0,64,63,0,0,,,,,0,,,,42,53,48,51,44,47,46,0,0,60,55,0,0,False,,,0,,,,,,0,50,groundball_rp,
P9517,John,Doe,1988-12-04,74,222,Unknown,light,brown,clean_shaven,L,P,,1,RP,SP,,,,,52,,,,50,52,50,52,54,51,51,57,59,0,61,0,0,,,,,0,,,,41,44,48,45,49,43,47,55,51,0,54,0,0,False,,,0,,,,,,0,50,groundball_sp,
P7022,John,Doe,1990-10-20,78,173,Unknown,light,black,mustache,L,P,,1,RP,SP,,,,,51,,,,48,52,54,51,52,50,52,61,0,58,60,0,0,,,,,0,,,,42,45,45,48,52,40,44,52,0,51,60,0,0,False,,,0,,,,,,0,50,groundball_sp,
P3797,John,Doe,1992-12-23,68,247,Unknown,medium,brown,clean_shaven,L,P,,1,RP,RP,,,,,51,,,,50,50,48,50,52,50,51,0,58,63,61,0,0,,,,,0,,,,47,49,45,49,46,42,44,0,50,55,56,0,0,False,,,0,,,,,,0,50,power_rp,
P6147,John,Doe,2000-12-09,71,193,Unknown,medium,brown,goatee,L,P,,1,RP,SP,,,,,48,,,,52,52,53,50,52,51,54,0,62,64,0,0,0,,,,,0,,,,61,60,60,67,65,56,68,0,76,74,0,0,0,False,,,0,,,,,,0,50,power_sp,
P3888,John,Doe,2003-07-19,75,161,Unknown,light,black,beard,R,P,,1,RP,RP,,,,,48,,,,49,52,49,52,52,52,51,0,59,67,0,55,0,,,,,0,,,,61,60,62,63,62,62,64,0,69,74,0,60,0,False,,,0,,,,,,0,50,power_rp,
P8719,John,Doe,1992-04-21,69,207,Unknown,medium,brown,clean_shaven,S,P,,1,RP,SP,,,,,51,,,,52,49,53,52,52,49,53,63,60,59,0,56,0,,,,,0,,,,48,39,50,51,52,48,46,62,56,58,0,54,0,False,,,0,,,,,,0,50,workhorse_sp,
P3037,John,Doe,2003-08-09,68,185,Unknown,dark,black,clean_shaven,S,P,,1,RP,SP,,,,,52,,,,51,52,54,52,54,52,53,62,63,62,0,0,0,,,,,0,,,,56,60,58,64,60,62,59,75,72,75,0,0,0,False,,,0,,,,,,0,50,workhorse_sp,
P3769,John,Doe,1997-01-15,76,223,Unknown,medium,black,beard,R,P,,1,RP,RP,,,,,57,,,,52,49,48,51,52,52,49,0,60,67,59,0,0,,,,,0,,,,48,50,53,57,47,49,54,0,63,65,58,0,0,False,,,0,,,,,,0,50,groundball_rp,
P6004,John,Doe,1992-11-25,70,238,Unknown,dark,brown,clean_shaven,L,P,,1,RP,RP,,,,,53,,,,49,50,53,52,52,53,51,57,0,0,0,0,0,,,,,0,,,,45,44,42,43,47,53,51,52,0,0,0,0,0,False,,,0,,,,,,0,50,finesse_rp,
P3511,John,Doe,1994-10-11,69,201,Unknown,dark,brown,goatee,R,C,,0,,,52,54,52,52,48,49,60,53,53,53,,,,,,,,,,,,47,51,54,50,48,0,0,53,49,54,,,,,,,,,,,,False,,,0,,,,,,0,50,,balanced
P7533,John,Doe,1991-12-16,69,241,Unknown,medium,black,mustache,L,1B,,0,,,52,61,48,50,47,51,45,50,49,48,,,,,,,,,,,,49,51,41,43,47,0,0,50,42,42,,,,,,,,,,,,False,,,0,,,,,,0,50,,power
P4223,John,Doe,1997-07-11,73,199,Unknown,dark,blonde,clean_shaven,R,2B,SS,0,,,53,50,78,52,53,49,56,50,50,48,,,,,,,,,,,,48,49,78,47,53,0,0,50,49,44,,,,,,,,,,,,False,,,0,,,,,,0,50,,speed
P9798,John,Doe,1996-11-12,77,234,Unknown,medium,brown,mustache,L,3B,LF,0,,,54,49,53,50,50,50,51,52,51,51,,,,,,,,,,,,59,51,53,50,50,0,0,52,46,47,,,,,,,,,,,,False,,,0,,,,,,0,50,,balanced
P4717,John,Doe,1995-01-16,77,242,Unknown,medium,blonde,clean_shaven,R,SS,,0,,,59,52,49,52,51,52,59,52,50,51,,,,,,,,,,,,54,55,45,54,51,0,0,52,54,48,,,,,,,,,,,,False,,,0,,,,,,0,50,,gap
P5012,John,Doe,2000-10-21,76,235,Unknown,medium,brown,clean_shaven,S,LF,,0,,,53,62,52,50,52,53,55,51,53,48,,,,,,,,,,,,58,77,59,56,52,0,0,51,59,63,,,,,,,,,,,,False,,,0,,,,,,0,50,,power
P1487,John,Doe,1989-07-13,77,191,Unknown,medium,black,beard,S,CF,,0,,,57,51,49,52,51,48,47,49,48,49,,,,,,,,,,,,55,46,42,49,51,0,0,49,40,46,,,,,,,,,,,,False,,,0,,,,,,0,50,,spray
P7005,John,Doe,2004-10-12,73,249,Unknown,light,brown,goatee,R,RF,,0,,,55,49,50,51,52,49,52,51,53,50,,,,,,,,,,,,82,60,75,61,52,0,0,51,76,76,,,,,,,,,,,,False,,,0,,,,,,0,50,,spray
P4539,John,Doe,1988-12-05,77,233,Unknown,light,red,clean_shaven,R,CF,,0,,,49,50,50,49,52,52,57,51,49,48,,,,,,,,,,,,42,47,44,41,52,0,0,51,45,42,,,,,,,,,,,,False,,,0,,,,,,0,50,,balanced
P9677,John,Doe,1997-07-28,77,240,Unknown,medium,black,beard,R,CF,,0,,,51,49,50,52,50,50,54,47,51,51,,,,,,,,,,,,52,51,51,57,50,0,0,47,49,47,,,,,,,,,,,,False,,,0,,,,,,0,50,,average
P3508,John,Doe,1988-12-03,78,215,Unknown,medium,brown,beard,R,RF,,0,,,48,60,50,50,48,52,54,49,49,49,,,,,,,,,,,,41,54,44,45,48,0,0,49,49,39,,,,,,,,,,,,False,,,0,,,,,,0,50,,power
P5457,John,Doe,2003-08-11,73,162,Unknown,light,black,clean_shaven,R,LF,,0,,,49,62,49,50,49,52,54,50,48,50,,,,,,,,,,,,59,67,55,62,49,0,0,50,61,58,,,,,,,,,,,,False,,,0,,,,,,0,50,,power
P7024,John,Doe,2004-11-16,69,246,Unknown,dark,black,clean_shaven,R,SS,,0,,,54,54,53,55,52,48,55,51,48,53,,,,,,,,,,,,72,70,64,83,52,0,0,51,72,72,,,,,,,,,,,,False,,,0,,,,,,0,50,,gap
P2244,John,Doe,1998-10-06,76,193,Unknown,dark,brown,goatee,R,1B,,0,,,53,56,51,52,51,50,52,52,51,50,,,,,,,,,,,,63,63,58,63,51,0,0,52,60,62,,,,,,,,,,,,False,,,0,,,,,,0,50,,balanced
P6843,John,Doe,1992-08-02,75,226,Unknown,medium,black,clean_shaven,L,P,,1,RP,CL,,,,,55,,,,52,52,51,51,54,49,54,0,0,65,0,0,0,,,,,0,,,,44,50,41,48,44,40,44,0,0,59,0,0,0,False,,,0,,,,,,0,50,closer,
P9489,John,Doe,1991-02-09,78,216,Unknown,medium,black,clean_shaven,L,P,,1,RP,SP,,,,,50,,,,51,54,54,51,52,48,51,0,63,59,0,0,0,,,,,0,,,,48,48,48,48,48,39,49,0,56,49,0,0,0,False,,,0,,,,,,0,50,power_sp,
P2941,John,Doe,1996-06-01,75,206,Unknown,medium,brown,goatee,L,P,,1,RP,RP,,,,,51,,,,52,49,48,52,52,49,52,61,61,0,0,0,0,,,,,0,,,,53,53,47,55,53,49,56,60,64,0,0,0,0,False,,,0,,,,,,0,50,finesse_rp,
P4626,John,Doe,1992-05-22,69,248,Unknown,medium,brown,clean_shaven,R,P,,1,RP,RP,,,,,55,,,,51,49,49,50,52,52,51,0,0,0,59,0,0,,,,,0,,,,43,40,43,48,45,45,49,0,0,0,57,0,0,False,,,0,,,,,,0,50,groundball_rp,
P6106,John,Doe,1993-11-15,74,201,Unknown,light,black,clean_shaven,R,P,,1,RP,RP,,,,,54,,,,50,50,49,50,54,51,49,0,61,0,60,0,0,,,,,0,,,,47,45,49,48,48,51,44,0,53,0,57,0,0,False,,,0,,,,,,0,50,groundball_rp,
P4831,John,Doe,2000-06-18,68,237,Unknown,light,black,clean_shaven,R,P,,1,RP,RP,,,,,52,,,,51,50,49,51,54,50,52,59,63,0,0,0,0,,,,,0,,,,62,63,61,67,55,64,67,66,71,0,0,0,0,False,,,0,,,,,,0,50,finesse_rp,
P9594,John,Doe,1998-08-17,69,212,Unknown,light,brown,clean_shaven,R,P,,1,RP,SP,,,,,49,,,,50,53,53,54,53,51,52,59,61,61,59,0,0,,,,,0,,,,65,64,64,68,58,58,57,68,68,73,66,0,0,False,,,0,,,,,,0,50,finesse_sp,
P7674,John,Doe,1996-01-04,78,187,Unknown,light,brown,mustache,R,C,,0,,,68,49,51,56,51,50,56,51,49,51,,,,,,,,,,,,69,53,48,60,51,0,0,51,52,55,,,,,,,,,,,,False,,,0,,,,,,0,50,,spray
P3484,John,Doe,1999-01-02,75,190,Unknown,dark,brown,clean_shaven,R,SS,,0,,,50,50,49,51,49,51,58,52,48,49,,,,,,,,,,,,61,60,63,57,49,0,0,52,55,60,,,,,,,,,,,,False,,,0,,,,,,0,50,,balanced
P5247,John,Doe,1997-12-19,68,235,Unknown,medium,brown,clean_shaven,R,LF,,0,,,50,59,48,51,50,51,57,51,51,50,,,,,,,,,,,,53,60,44,51,50,0,0,51,46,45,,,,,,,,,,,,False,,,0,,,,,,0,50,,power
P7962,John,Doe,1998-07-12,70,192,Unknown,light,blonde,clean_shaven,L,2B,,0,,,54,50,48,51,52,48,49,51,48,53,,,,,,,,,,,,69,57,54,64,52,0,0,51,53,59,,,,,,,,,,,,False,,,0,,,,,,0,50,,balanced
P7138,John,Doe,1987-07-30,69,170,Unknown,light,brown,clean_shaven,L,CF,,0,,,50,50,85,51,49,50,45,51,51,52,,,,,,,,,,,,40,46,77,42,49,0,0,51,51,48,,,,,,,,,,,,False,,,0,,,,,,0,50,,elite_speed
P5921,John,Doe,1991-04-05,70,236,Unknown,light,black,clean_shaven,R,2B,,0,,,54,47,70,55,50,52,56,52,51,52,,,,,,,,,,,,48,44,69,50,50,0,0,52,47,50,,,,,,,,,,,,False,,,0,,,,,,0,50,,speed
P3578,John,Doe,1987-04-03,76,206,Unknown,dark,brown,clean_shaven,R,CF,,0,,,49,50,53,51,52,50,54,50,51,49,,,,,,,,,,,,44,41,48,48,52,0,0,50,48,40,,,,,,,,,,,,False,,,0,,,,,,0,50,,average
P7168,John,Doe,1988-09-05,69,178,Unknown,dark,brown,goatee,R,2B,3B,0,,,50,52,51,51,48,52,56,52,50,53,,,,,,,,,,,,41,48,44,49,48,0,0,52,47,53,,,,,,,,,,,,False,,,0,,,,,,0,50,,balanced
P5693,John,Doe,2004-04-11,77,185,Unknown,light,brown,mustache,L,P,,1,RP,CL,,,,,55,,,,51,52,48,52,52,48,55,60,58,65,0,0,0,,,,,0,,,,73,70,69,78,73,65,65,78,69,82,0,0,0,False,,,0,,,,,,0,50,closer,
P2957,John,Doe,2005-12-03,77,188,Unknown,medium,blonde,mustache,R,P,,1,RP,RP,,,,,49,,,,49,50,51,50,54,51,55,0,60,0,0,0,0,,,,,0,,,,68,77,70,78,79,63,77,0,83,0,0,0,0,False,,,0,,,,,,0,50,power_rp,
P1048,John,Doe,2004-12-14,76,240,Unknown,dark,brown,beard,L,P,,1,RP,SP,,,,,48,,,,48,50,51,53,52,50,53,0,62,60,0,0,0,,,,,0,,,,72,67,82,73,71,79,63,0,75,73,0,0,0,False,,,0,,,,,,0,50,power_sp,
P4665,John,Doe,2006-02-26,73,162,Unknown,medium,brown,clean_shaven,S,P,,1,RP,LR,,,,,49,,,,53,50,49,50,53,50,50,59,61,67,0,0,0,,,,,0,,,,83,78,61,78,60,74,73,89,86,94,0,0,0,False,,,0,,,,,,0,50,long_relief,
P1467,John,Doe,2004-09-06,76,171,Unknown,dark,blonde,clean_shaven,R,P,,1,RP,SP,,,,,48,,,,50,51,53,50,52,48,52,60,63,62,0,55,0,,,,,0,,,,62,64,66,80,70,59,79,80,79,90,0,76,0,False,,,0,,,,,,0,50,power_sp,
P3190,John,Doe,2007-06-18,72,224,Unknown,light,brown,clean_shaven,R,2B,,0,,,56,49,50,53,49,49,57,52,49,52,,,,,,,,,,,,83,78,72,73,49,0,0,52,70,66,,,,,,,,,,,,False,,,0,,,,,,0,50,,spray
P4368,John,Doe,2007-09-28,78,161,Unknown,light,black,clean_shaven,R,RF,,0,,,53,59,51,53,47,51,55,52,48,51,,,,,,,,,,,,80,89,76,83,47,0,0,52,73,68,,,,,,,,,,,,False,,,0,,,,,,0,50,,gap
P3859,John,Doe,2008-01-17,72,237,Unknown,light,black,goatee,R,CF,,0,,,52,51,51,49,51,51,50,50,48,48,,,,,,,,,,,,65,72,81,68,51,0,0,50,60,65,,,,,,,,,,,,False,,,0,,,,,,0,50,,balanced
P2335,John,Doe,2005-05-26,72,218,Unknown,light,brown,clean_shaven,L,CF,,0,,,51,49,50,52,49,51,48,50,49,52,,,,,,,,,,,,65,66,73,63,49,0,0,50,66,82,,,,,,,,,,,,False,,,0,,,,,,0,50,,average
P8474,John,Doe,2004-05-03,77,230,Unknown,light,blonde,clean_shaven,R,3B,,0,,,50,58,50,51,47,54,59,50,51,52,,,,,,,,,,,,75,80,76,70,47,0,0,50,81,68,,,,,,,,,,,,False,,,0,,,,,,0,50,,power
P8154,John,Doe,2003-12-21,76,218,Unknown,dark,black,clean_shaven,R,P,,1,RP,CL,,,,,55,,,,50,53,52,52,52,52,52,0,61,67,0,0,0,,,,,0,,,,58,62,57,66,64,57,59,0,66,78,0,0,0,False,,,0,,,,,,0,50,closer,
P2274,John,Doe,1990-06-18,73,231,Unknown,medium,blonde,goatee,L,P,LF,1,RP,RP,,,,,49,,,,50,54,50,50,53,52,53,0,0,67,0,0,0,,,,,0,,,,47,46,42,43,46,46,46,0,0,66,0,0,0,False,,,0,,,,,,0,50,power_rp,
P9149,John,Doe,1994-02-01,75,167,Unknown,light,black,clean_shaven,R,P,,1,RP,SP,,,,,51,,,,49,49,54,52,53,48,49,59,62,59,0,0,0,,,,,0,,,,49,48,49,50,48,38,42,57,59,57,0,0,0,False,,,0,,,,,,0,50,balanced_sp,
P7899,John,Doe,2000-03-21,74,238,Unknown,dark,black,beard,L,P,,1,RP,SP,,,,,51,,,,49,51,49,53,52,52,50,0,0,59,61,0,0,,,,,0,,,,63,60,64,64,57,63,61,0,0,66,71,0,0,False,,,0,,,,,,0,50,groundball_sp,
P3394,John,Doe,1990-11-03,78,162,Unknown,medium,blonde,mustache,R,P,,1,RP,RP,,,,,48,,,,50,53,50,50,52,51,53,0,0,67,0,0,0,,,,,0,,,,43,43,47,42,50,43,48,0,0,59,0,0,0,False,,,0,,,,,,0,50,power_rp,
P6065,John,Doe,1999-07-21,75,248,Unknown,light,black,clean_shaven,L,P,,1,RP,RP,,,,,57,,,,49,51,50,50,52,50,51,0,56,0,59,0,0,,,,,0,,,,58,66,65,62,60,59,60,0,61,0,64,0,0,False,,,0,,,,,,0,50,groundball_rp,
P5836,John,Doe,1994-09-11,70,223,Unknown,light,black,clean_shaven,R,P,,1,RP,SP,,,,,51,,,,50,52,54,50,52,50,53,62,61,58,0,0,0,,,,,0,,,,51,51,51,53,59,55,53,62,61,61,0,0,0,False,,,0,,,,,,0,50,balanced_sp,
P9649,John,Doe,1989-11-03,78,227,Unknown,light,black,beard,S,P,,1,RP,SP,,,,,52,,,,49,52,53,50,52,51,51,62,63,0,0,0,0,,,,,0,,,,47,44,45,42,43,45,44,62,59,0,0,0,0,False,,,0,,,,,,0,50,balanced_sp,
P8705,John,Doe,1996-10-19,75,190,Unknown,dark,brown,clean_shaven,L,P,,1,RP,RP,,,,,53,,,,52,53,49,52,54,53,48,59,0,65,64,0,0,,,,,0,,,,51,56,56,53,50,57,53,64,0,61,62,0,0,False,,,0,,,,,,0,50,groundball_rp,
P2813,John,Doe,2001-06-16,71,241,Unknown,medium,brown,clean_shaven,R,P,,1,RP,SP,,,,,49,,,,49,50,53,52,52,50,50,62,61,62,0,53,0,,,,,0,,,,61,60,57,60,68,62,56,69,67,72,0,64,0,False,,,0,,,,,,0,50,workhorse_sp,
P7635,John,Doe,1997-09-14,74,163,Unknown,dark,blonde,clean_shaven,L,P,,1,RP,SP,,,,,51,,,,48,49,51,50,52,51,51,58,63,63,57,0,0,,,,,0,,,,48,50,45,54,50,49,55,55,64,66,62,0,0,False,,,0,,,,,,0,50,workhorse_sp,
P7450,John,Doe,1992-07-18,77,229,Unknown,dark,blonde,goatee,R,C,,0,,,53,49,49,49,51,50,57,51,52,53,,,,,,,,,,,,45,44,47,40,51,0,0,51,48,53,,,,,,,,,,,,False,,,0,,,,,,0,50,,average
P6933,John,Doe,1997-06-01,69,163,Unknown,light,brown,clean_shaven,L,1B,,0,,,62,55,50,50,51,49,48,49,53,48,,,,,,,,,,,,62,58,50,50,51,0,0,49,50,52,,,,,,,,,,,,False,,,0,,,,,,0,50,,spray
P2455,John,Doe,2003-07-09,77,245,Unknown,light,black,beard,S,2B,,0,,,51,50,51,51,50,49,54,49,48,49,,,,,,,,,,,,60,57,60,62,50,0,0,49,53,55,,,,,,,,,,,,False,,,0,,,,,,0,50,,balanced
P4072,John,Doe,1992-08-16,70,205,Unknown,medium,blonde,beard,R,3B,,0,,,49,51,49,48,50,52,56,51,50,52,,,,,,,,,,,,48,48,42,48,50,0,0,51,43,42,,,,,,,,,,,,False,,,0,,,,,,0,50,,balanced
P4491,John,Doe,1987-04-26,71,188,Unknown,dark,brown,clean_shaven,R,SS,,0,,,57,51,52,55,53,49,58,51,48,47,,,,,,,,,,,,57,50,49,49,53,0,0,51,46,47,,,,,,,,,,,,False,,,0,,,,,,0,50,,spray
P8341,John,Doe,1997-08-22,71,163,Unknown,dark,black,clean_shaven,S,LF,,0,,,52,50,48,51,51,50,52,49,50,49,,,,,,,,,,,,54,50,50,53,51,0,0,49,49,48,,,,,,,,,,,,False,,,0,,,,,,0,50,,average
P7316,John,Doe,1992-05-01,71,223,Unknown,medium,black,clean_shaven,L,CF,,0,,,48,56,52,49,49,53,46,51,50,50,,,,,,,,,,,,46,50,46,41,49,0,0,51,47,43,,,,,,,,,,,,False,,,0,,,,,,0,50,,power
P5784,John,Doe,1996-11-25,72,214,Unknown,medium,black,clean_shaven,R,RF,,0,,,52,49,70,51,50,51,52,50,49,52,,,,,,,,,,,,55,54,68,54,50,0,0,50,44,57,,,,,,,,,,,,False,,,0,,,,,,0,50,,speed
P7086,John,Doe,1993-01-19,71,187,Unknown,dark,red,beard,R,SS,,0,,,51,49,86,52,51,50,60,50,49,50,,,,,,,,,,,,45,45,82,50,51,0,0,50,40,47,,,,,,,,,,,,False,,,0,,,,,,0,50,,elite_speed
P3443,John,Doe,1990-12-14,72,207,Unknown,light,black,clean_shaven,R,CF,,0,,,58,52,52,54,49,51,57,52,49,52,,,,,,,,,,,,52,52,47,48,49,0,0,52,49,52,,,,,,,,,,,,False,,,0,,,,,,0,50,,spray
P6256,John,Doe,1996-01-29,77,177,Unknown,dark,brown,goatee,R,3B,,0,,,49,48,52,50,49,52,55,50,51,52,,,,,,,,,,,,51,51,50,50,49,0,0,50,49,49,,,,,,,,,,,,False,,,0,,,,,,0,50,,average
P9694,John,Doe,1994-09-21,78,163,Unknown,dark,red,goatee,R,C,,0,,,49,52,49,52,50,53,56,48,52,49,,,,,,,,,,,,44,57,48,53,50,0,0,48,50,47,,,,,,,,,,,,False,,,0,,,,,,0,50,,balanced
P8416,John,Doe,1991-11-23,69,172,Unknown,medium,brown,clean_shaven,R,2B,,0,,,50,52,48,51,50,52,57,49,48,52,,,,,,,,,,,,46,49,41,49,50,0,0,49,38,45,,,,,,,,,,,,False,,,0,,,,,,0,50,,average
P4974,John,Doe,1995-04-17,70,188,Unknown,dark,blonde,clean_shaven,S,3B,,0,,,58,51,52,53,52,50,53,51,52,51,,,,,,,,,,,,57,53,47,53,52,0,0,51,56,49,,,,,,,,,,,,False,,,0,,,,,,0,50,,spray
P8686,John,Doe,1996-03-07,74,215,Unknown,dark,brown,mustache,R,P,,1,RP,CL,,,,,55,,,,52,51,50,52,52,53,52,0,0,67,0,0,0,,,,,0,,,,56,54,56,52,55,53,54,0,0,65,0,0,0,False,,,0,,,,,,0,50,closer,
P9989,John,Doe,2002-12-04,71,175,Unknown,dark,black,clean_shaven,R,P,,1,RP,SP,,,,,49,,,,48,52,54,52,52,51,52,60,60,0,0,0,0,,,,,0,,,,59,62,67,59,63,66,63,69,70,0,0,0,0,False,,,0,,,,,,0,50,workhorse_sp,
P9916,John,Doe,1988-09-16,71,219,Unknown,dark,black,beard,R,P,,1,RP,RP,,,,,53,,,,52,51,50,50,54,53,51,0,0,64,60,0,0,,,,,0,,,,46,49,46,52,43,50,42,0,0,62,56,0,0,False,,,0,,,,,,0,50,groundball_rp,
P3688,John,Doe,1992-02-04,76,232,Unknown,light,brown,beard,S,P,,1,RP,SP,,,,,51,,,,49,52,53,50,54,52,52,0,62,61,0,0,0,,,,,0,,,,47,42,45,54,52,47,50,0,52,53,0,0,0,False,,,0,,,,,,0,50,balanced_sp,
P9130,John,Doe,1998-12-26,70,212,Unknown,dark,brown,clean_shaven,R,P,,1,RP,CL,,,,,53,,,,50,52,47,53,54,53,52,0,0,66,0,0,0,,,,,0,,,,61,63,67,62,57,62,59,0,0,74,0,0,0,False,,,0,,,,,,0,50,closer,
P7511,John,Doe,1993-06-07,74,180,Unknown,light,black,beard,L,P,,1,RP,RP,,,,,56,,,,52,52,50,50,52,53,51,56,0,0,61,0,0,,,,,0,,,,51,46,50,42,40,43,51,48,0,0,53,0,0,False,,,0,,,,,,0,50,groundball_rp,
P1359,John,Doe,1993-03-03,77,214,Unknown,light,black,clean_shaven,L,P,,1,RP,SP,,,,,52,,,,52,51,50,50,52,49,54,60,61,0,0,0,0,,,,,0,,,,46,43,50,42,49,49,51,54,55,0,0,0,0,False,,,0,,,,,,0,50,balanced_sp,
P1751,John,Doe,1996-10-24,68,162,Unknown,medium,brown,clean_shaven,L,RF,LF,0,,,57,50,49,52,49,51,48,51,50,52,,,,,,,,,,,,58,55,44,54,49,0,0,51,49,56,,,,,,,,,,,,False,,,0,,,,,,0,50,,spray
P4683,John,Doe,1998-01-08,70,214,Unknown,light,brown,beard,L,LF,,0,,,50,65,51,49,50,51,48,52,49,50,,,,,,,,,,,,48,64,48,53,50,0,0,52,49,52,,,,,,,,,,,,False,,,0,,,,,,0,50,,power
P1824,John,Doe,1997-02-18,68,202,Unknown,medium,black,clean_shaven,S,2B,,0,,,54,48,70,54,52,52,54,48,52,50,,,,,,,,,,,,57,47,67,55,52,0,0,48,50,50,,,,,,,,,,,,False,,,0,,,,,,0,50,,speed
P3184,John,Doe,1995-08-24,70,217,Unknown,light,black,clean_shaven,L,C,,0,,,53,49,48,51,48,52,48,48,51,53,,,,,,,,,,,,53,44,50,48,48,0,0,48,51,56,,,,,,,,,,,,False,,,0,,,,,,0,50,,balanced
P6280,John,Doe,1993-03-01,71,198,Unknown,medium,black,clean_shaven,R,RF,,0,,,50,57,48,50,49,52,57,47,52,48,,,,,,,,,,,,50,53,40,41,49,0,0,47,50,45,,,,,,,,,,,,False,,,0,,,,,,0,50,,balanced
P8889,John,Doe,1989-04-16,68,185,Unknown,light,brown,beard,R,SS,,0,,,50,48,53,49,48,52,60,51,50,50,,,,,,,,,,,,46,44,51,47,48,0,0,51,41,41,,,,,,,,,,,,False,,,0,,,,,,0,50,,balanced
P4502,John,Doe,1993-06-04,73,250,Unknown,medium,brown,beard,R,CF,,0,,,53,48,72,52,51,48,54,48,50,50,,,,,,,,,,,,47,39,65,46,51,0,0,48,46,46,,,,,,,,,,,,False,,,0,,,,,,0,50,,speed
P4065,John,Doe,2003-06-22,70,185,Unknown,dark,blonde,clean_shaven,L,RF,,0,,,52,62,47,52,50,51,44,51,52,50,,,,,,,,,,,,58,69,61,66,50,0,0,51,58,57,,,,,,,,,,,,False,,,0,,,,,,0,50,,power
P4014,John,Doe,2005-08-11,73,243,Unknown,medium,red,clean_shaven,S,P,,1,RP,CL,,,,,55,,,,52,51,51,50,54,50,51,59,0,65,0,0,0,,,,,0,,,,82,81,60,71,74,62,66,69,0,87,0,0,0,False,,,0,,,,,,0,50,closer,
P7102,John,Doe,2004-11-18,70,189,Unknown,dark,blonde,clean_shaven,L,P,,1,RP,RP,,,,,53,,,,50,51,49,50,53,53,51,58,60,0,0,0,0,,,,,0,,,,67,63,60,67,67,82,66,81,70,0,0,0,0,False,,,0,,,,,,0,50,finesse_rp,
P6797,John,Doe,2007-12-13,78,199,Unknown,medium,black,clean_shaven,R,P,RF,1,RP,SP,,,,,50,,,,50,52,51,50,52,51,51,61,61,60,59,0,0,,,,,0,,,,73,78,63,63,72,69,78,83,72,82,74,0,0,False,,,0,,,,,,0,50,finesse_sp,
P6164,John,Doe,2007-04-07,75,164,Unknown,light,brown,clean_shaven,L,P,,1,RP,SP,,,,,49,,,,50,54,53,53,52,50,55,0,62,60,0,0,0,,,,,0,,,,76,69,64,79,68,75,73,0,76,79,0,0,0,False,,,0,,,,,,0,50,power_sp,
P2553,John,Doe,2006-12-04,69,194,Unknown,light,black,clean_shaven,R,P,,1,RP,RP,,,,,56,,,,49,49,51,50,52,50,53,57,0,64,63,0,0,,,,,0,,,,63,63,72,70,79,71,65,74,0,83,93,0,0,False,,,0,,,,,,0,50,groundball_rp,
P7451,John,Doe,2004-10-24,74,181,Unknown,medium,brown,goatee,L,LF,,0,,,55,47,49,52,50,49,49,51,49,52,,,,,,,,,,,,84,70,65,66,50,0,0,51,65,64,,,,,,,,,,,,False,,,0,,,,,,0,50,,spray
P6663,John,Doe,2004-08-26,71,224,Unknown,light,black,clean_shaven,L,SS,,0,,,50,52,53,51,50,51,47,52,50,51,,,,,,,,,,,,71,71,76,65,50,0,0,52,74,73,,,,,,,,,,,,False,,,0,,,,,,0,50,,balanced
P7991,John,Doe,2005-04-21,72,201,Unknown,dark,red,clean_shaven,R,C,,0,,,49,50,51,50,48,51,58,50,52,50,,,,,,,,,,,,70,77,64,67,48,0,0,50,81,73,,,,,,,,,,,,False,,,0,,,,,,0,50,,balanced
P2458,John,Doe,2005-08-08,76,234,Unknown,light,red,clean_shaven,S,LF,,0,,,53,64,52,51,51,50,51,49,50,51,,,,,,,,,,,,79,89,80,67,51,0,0,49,79,64,,,,,,,,,,,,False,,,0,,,,,,0,50,,power
P1070,John,Doe,2006-01-03,75,245,Unknown,dark,blonde,clean_shaven,R,C,,0,,,52,49,50,52,48,52,56,49,52,49,,,,,,,,,,,,69,61,80,72,48,0,0,49,67,60,,,,,,,,,,,,False,,,0,,,,,,0,50,,average
P4922,John,Doe,1990-08-12,75,226,Unknown,light,blonde,beard,L,P,,1,RP,CL,,,,,55,,,,50,50,47,51,52,48,56,58,61,67,0,0,0,,,,,0,,,,44,48,48,51,43,45,47,54,60,61,0,0,0,False,,,0,,,,,,0,50,closer,
P5264,John,Doe,1990-09-15,69,216,Unknown,dark,brown,beard,R,P,,1,RP,SP,,,,,51,,,,50,52,54,52,53,52,51,59,60,59,0,58,0,,,,,0,,,,50,50,44,49,50,49,45,52,54,51,0,49,0,False,,,0,,,,,,0,50,workhorse_sp,
P3910,John,Doe,1996-07-28,69,174,Unknown,medium,black,mustache,L,P,,1,RP,SP,,,,,52,,,,52,53,51,53,52,50,53,0,62,61,0,0,0,,,,,0,,,,49,51,57,57,48,47,58,0,66,57,0,0,0,False,,,0,,,,,,0,50,power_sp,
P2391,John,Doe,1989-09-05,71,175,Unknown,medium,red,mustache,R,P,,1,RP,RP,,,,,53,,,,50,50,50,52,52,49,51,0,59,60,62,0,0,,,,,0,,,,44,42,52,49,48,39,47,0,51,59,54,0,0,False,,,0,,,,,,0,50,groundball_rp,
P4773,John,Doe,2002-06-03,69,176,Unknown,medium,brown,clean_shaven,R,P,,1,RP,RP,,,,,51,,,,49,49,52,54,53,51,52,61,61,0,0,55,0,,,,,0,,,,59,54,68,60,59,61,57,69,75,0,0,63,0,False,,,0,,,,,,0,50,finesse_rp,
P6018,John,Doe,1995-03-11,74,213,Unknown,dark,black,mustache,R,P,,1,RP,LR,,,,,52,,,,52,48,53,51,54,50,54,0,62,66,0,0,0,,,,,0,,,,50,50,56,50,55,52,55,0,61,68,0,0,0,False,,,0,,,,,,0,50,long_relief,
P7164,John,Doe,1988-08-07,78,187,Unknown,medium,black,clean_shaven,L,P,,1,RP,SP,,,,,49,,,,50,52,52,51,52,53,53,62,61,0,58,0,0,,,,,0,,,,44,47,43,48,42,43,45,60,56,0,48,0,0,False,,,0,,,,,,0,50,finesse_sp,
P7425,John,Doe,2000-05-04,78,231,Unknown,medium,blonde,clean_shaven,S,P,,1,RP,RP,,,,,56,,,,49,52,51,50,53,50,51,0,0,0,59,0,0,,,,,0,,,,63,61,62,58,56,65,56,0,0,0,68,0,0,False,,,0,,,,,,0,50,groundball_rp,
P3118,John,Doe,2000-07-15,73,169,Unknown,medium,blonde,clean_shaven,L,P,,1,RP,SP,,,,,51,,,,49,52,53,52,53,49,52,60,59,59,61,0,0,,,,,0,,,,60,57,64,59,58,54,58,66,67,64,66,0,0,False,,,0,,,,,,0,50,groundball_sp,
P9691,John,Doe,1997-05-26,76,241,Unknown,light,blonde,clean_shaven,R,P,,1,RP,RP,,,,,51,,,,52,50,51,53,54,52,50,61,64,0,0,0,0,,,,,0,,,,51,46,54,57,50,55,47,57,62,0,0,0,0,False,,,0,,,,,,0,50,finesse_rp,
P8163,John,Doe,1988-04-24,69,178,Unknown,medium,brown,clean_shaven,R,P,,1,RP,RP,,,,,50,,,,49,52,50,52,52,50,52,0,62,0,0,0,0,,,,,0,,,,47,52,49,47,44,49,48,0,60,0,0,0,0,False,,,0,,,,,,0,50,power_rp,
P6012,John,Doe,1989-11-04,71,186,Unknown,light,black,clean_shaven,R,C,,0,,,51,53,50,50,50,49,59,49,52,49,,,,,,,,,,,,46,44,44,40,50,0,0,49,50,43,,,,,,,,,,,,False,,,0,,,,,,0,50,,average
P1231,John,Doe,1988-10-16,68,237,Unknown,medium,black,mustache,R,1B,,0,,,51,63,49,50,49,49,53,51,52,51,,,,,,,,,,,,41,62,47,45,49,0,0,51,43,48,,,,,,,,,,,,False,,,0,,,,,,0,50,,power
P9053,John,Doe,1992-05-29,74,178,Unknown,medium,brown,beard,R,2B,,0,,,61,48,49,56,54,51,57,48,50,51,,,,,,,,,,,,57,47,48,56,54,0,0,48,47,45,,,,,,,,,,,,False,,,0,,,,,,0,50,,spray
P6217,John,Doe,1998-07-23,68,249,Unknown,dark,brown,beard,S,3B,,0,,,49,52,48,49,51,51,52,48,51,50,,,,,,,,,,,,59,62,53,55,51,0,0,48,56,59,,,,,,,,,,,,False,,,0,,,,,,0,50,,balanced
P3808,John,Doe,1991-11-30,73,177,Unknown,light,brown,clean_shaven,R,SS,,0,,,51,50,85,50,49,50,61,50,49,51,,,,,,,,,,,,51,50,84,47,49,0,0,50,48,51,,,,,,,,,,,,False,,,0,,,,,,0,50,,speed
P1235,John,Doe,1990-02-10,77,185,Unknown,light,brown,goatee,L,LF,,0,,,53,62,46,50,47,53,51,51,48,51,,,,,,,,,,,,49,59,37,48,47,0,0,51,47,48,,,,,,,,,,,,False,,,0,,,,,,0,50,,power
P8282,John,Doe,2002-02-23,69,222,Unknown,dark,brown,clean_shaven,L,CF,,0,,,49,50,49,51,50,52,44,50,49,49,,,,,,,,,,,,59,57,63,56,50,0,0,50,57,62,,,,,,,,,,,,False,,,0,,,,,,0,50,,average
P1340,John,Doe,2002-12-23,74,248,Unknown,light,blonde,beard,S,RF,,0,,,49,64,48,48,50,51,48,51,52,49,,,,,,,,,,,,58,69,53,55,50,0,0,51,65,61,,,,,,,,,,,,False,,,0,,,,,,0,50,,power
P2582,John,Doe,2003-11-17,70,175,Unknown,medium,blonde,clean_shaven,S,C,,0,,,59,53,48,50,53,47,53,52,49,48,,,,,,,,,,,,67,63,55,63,53,0,0,52,56,58,,,,,,,,,,,,False,,,0,,,,,,0,50,,spray
P8357,John,Doe,1987-03-16,70,249,Unknown,light,brown,beard,L,CF,,0,,,64,63,49,52,48,49,45,48,52,49,,,,,,,,,,,,63,56,49,50,48,0,0,48,43,44,,,,,,,,,,,,False,,,0,,,,,,0,50,,gap
P4629,John,Doe,2002-10-10,68,245,Unknown,medium,brown,goatee,R,2B,,0,,,50,51,70,51,53,51,56,50,49,49,,,,,,,,,,,,61,60,82,61,53,0,0,50,60,59,,,,,,,,,,,,False,,,0,,,,,,0,50,,speed
P6949,John,Doe,1992-09-08,72,171,Unknown,medium,black,clean_shaven,L,2B,,0,,,57,48,50,54,50,47,50,51,51,51,,,,,,,,,,,,48,48,48,47,50,0,0,51,43,46,,,,,,,,,,,,False,,,0,,,,,,0,50,,spray
P8727,John,Doe,2002-01-26,69,239,Unknown,light,brown,clean_shaven,L,3B,,0,,,50,58,51,50,50,51,49,53,50,51,,,,,,,,,,,,57,70,65,61,50,0,0,53,59,56,,,,,,,,,,,,False,,,0,,,,,,0,50,,power
P7323,John,Doe,1987-04-02,72,199,Unknown,light,brown,mustache,R,3B,,0,,,48,51,51,49,48,50,58,48,51,48,,,,,,,,,,,,40,44,44,39,48,0,0,48,47,42,,,,,,,,,,,,False,,,0,,,,,,0,50,,average
P7038,John,Doe,2002-12-02,74,233,Unknown,dark,blonde,clean_shaven,L,P,,1,RP,CL,,,,,55,,,,51,53,50,53,59,48,52,59,62,66,0,0,0,,,,,0,,,,57,67,66,68,62,54,62,70,72,71,0,0,0,False,,,0,,,,,,0,50,closer,
P6508,John,Doe,2001-01-17,70,192,Unknown,light,brown,clean_shaven,R,P,,1,RP,RP,,,,,56,,,,52,52,51,50,52,49,50,0,0,0,60,0,0,,,,,0,,,,64,57,62,64,56,55,57,0,0,0,66,0,0,False,,,0,,,,,,0,50,groundball_rp,
P9922,John,Doe,2005-01-13,68,197,Unknown,medium,brown,clean_shaven,R,P,,1,RP,CL,,,,,53,,,,49,54,49,53,60,51,53,0,0,65,0,0,0,,,,,0,,,,70,71,68,78,70,71,65,0,0,83,0,0,0,False,,,0,,,,,,0,50,closer,
P5489,John,Doe,2001-08-09,68,218,Unknown,medium,brown,mustache,L,P,,1,RP,RP,,,,,54,,,,49,51,51,51,53,51,51,59,61,0,0,55,0,,,,,0,,,,59,61,58,63,62,60,57,65,76,0,0,69,0,False,,,0,,,,,,0,50,finesse_rp,
P3939,John,Doe,2003-10-09,77,178,Unknown,dark,black,clean_shaven,R,P,,1,RP,SP,,,,,50,,,,48,49,53,50,52,53,53,58,0,61,61,0,0,,,,,0,,,,59,60,61,59,62,64,63,72,0,68,72,0,0,False,,,0,,,,,,0,50,groundball_sp,
P9575,John,Doe,1993-09-27,76,211,Unknown,light,blonde,beard,S,P,,1,RP,SP,,,,,51,,,,51,49,52,53,52,50,51,60,62,57,0,55,0,,,,,0,,,,43,40,43,47,42,49,49,57,61,48,0,53,0,False,,,0,,,,,,0,50,finesse_sp,
P7564,John,Doe,1999-11-29,78,191,Unknown,dark,brown,beard,L,P,,1,RP,SP,,,,,49,,,,49,49,51,51,52,50,52,58,0,60,0,0,0,,,,,0,,,,61,55,58,58,59,63,65,67,0,67,0,0,0,False,,,0,,,,,,0,50,balanced_sp,
P1894,John,Doe,1988-05-16,78,225,Unknown,medium,brown,clean_shaven,R,C,,0,,,51,51,47,52,50,51,58,51,51,51,,,,,,,,,,,,41,45,42,49,50,0,0,51,45,43,,,,,,,,,,,,False,,,0,,,,,,0,50,,average
P7034,John,Doe,1998-04-09,68,181,Unknown,dark,black,goatee,L,C,,0,,,51,52,47,50,50,49,49,53,50,48,,,,,,,,,,,,57,59,53,64,50,0,0,53,57,61,,,,,,,,,,,,False,,,0,,,,,,0,50,,balanced
P5801,John,Doe,1988-07-15,73,235,Unknown,medium,brown,beard,S,LF,,0,,,53,59,49,50,51,50,55,52,52,50,,,,,,,,,,,,43,51,41,40,51,0,0,52,46,47,,,,,,,,,,,,False,,,0,,,,,,0,50,,power
P6877,John,Doe,1997-12-01,69,165,Unknown,light,black,beard,R,SS,,0,,,56,49,49,50,51,48,62,49,53,53,,,,,,,,,,,,59,46,46,54,51,0,0,49,57,54,,,,,,,,,,,,False,,,0,,,,,,0,50,,spray
P4619,John,Doe,1990-01-22,78,236,Unknown,light,blonde,goatee,R,RF,,0,,,59,51,50,53,53,51,54,53,49,52,,,,,,,,,,,,51,47,45,50,53,0,0,53,44,52,,,,,,,,,,,,False,,,0,,,,,,0,50,,spray
P8821,John,Doe,2001-11-04,73,222,Unknown,dark,blonde,clean_shaven,S,CF,,0,,,61,63,54,52,52,48,49,50,52,52,,,,,,,,,,,,73,69,60,59,52,0,0,50,61,65,,,,,,,,,,,,False,,,0,,,,,,0,50,,gap
P9619,John,Doe,2003-05-21,77,175,Unknown,light,black,clean_shaven,R,C,,0,,,49,50,50,50,53,51,59,50,50,52,,,,,,,,,,,,59,61,56,59,53,0,0,50,55,64,,,,,,,,,,,,False,,,0,,,,,,0,50,,average
P6647,John,Doe,1997-04-21,73,184,Unknown,dark,black,beard,R,2B,,0,,,50,52,51,51,51,52,54,50,50,50,,,,,,,,,,,,51,47,47,50,51,0,0,50,49,45,,,,,,,,,,,,False,,,0,,,,,,0,50,,average
P4224,John,Doe,2004-12-02,75,214,Unknown,light,blonde,clean_shaven,R,P,,1,RP,CL,,,,,55,,,,48,54,51,50,52,51,51,58,59,66,0,0,0,,,,,0,,,,77,76,60,62,63,69,71,88,74,85,0,0,0,False,,,0,,,,,,0,50,closer,
P6734,John,Doe,2007-12-21,69,230,Unknown,dark,blonde,clean_shaven,L,P,,1,RP,SP,,,,,50,,,,49,51,50,51,53,48,53,60,64,62,0,56,0,,,,,0,,,,77,64,68,79,69,61,69,70,89,86,0,72,0,False,,,0,,,,,,0,50,power_sp,
P8368,John,Doe,2006-10-21,68,240,Unknown,medium,brown,clean_shaven,S,P,,1,RP,SP,,,,,49,,,,50,50,52,50,52,51,49,60,60,0,0,0,0,,,,,0,,,,70,79,74,67,75,79,64,89,87,0,0,0,0,False,,,0,,,,,,0,50,finesse_sp,
P4141,John,Doe,2007-01-30,72,249,Unknown,dark,black,clean_shaven,R,P,,1,RP,SP,,,,,53,,,,52,52,51,53,53,52,49,60,60,58,59,0,0,,,,,0,,,,70,70,74,65,63,72,70,86,82,74,80,0,0,False,,,0,,,,,,0,50,groundball_sp,
P5643,John,Doe,2005-11-24,72,232,Unknown,dark,brown,goatee,R,P,,1,RP,SP,,,,,47,,,,52,53,51,52,52,49,53,0,63,61,0,0,0,,,,,0,,,,75,75,70,80,74,72,73,0,91,84,0,0,0,False,,,0,,,,,,0,50,power_sp,
P2186,John,Doe,2006-02-26,74,179,Unknown,dark,brown,clean_shaven,R,2B,,0,,,52,48,70,53,50,51,57,49,48,50,,,,,,,,,,,,82,70,93,67,50,0,0,49,66,75,,,,,,,,,,,,False,,,0,,,,,,0,50,,speed
P3852,John,Doe,2005-11-12,77,183,Unknown,dark,black,clean_shaven,R,2B,,0,,,52,51,72,52,49,48,57,49,52,52,,,,,,,,,,,,66,68,83,64,49,0,0,49,73,77,,,,,,,,,,,,False,,,0,,,,,,0,50,,speed
P9627,John,Doe,2006-02-15,70,186,Unknown,dark,black,beard,R,SS,,0,,,54,47,72,52,50,48,61,49,49,49,,,,,,,,,,,,83,70,90,65,50,0,0,49,71,75,,,,,,,,,,,,False,,,0,,,,,,0,50,,speed
P3362,John,Doe,2007-10-30,72,230,Unknown,medium,red,clean_shaven,L,RF,,0,,,49,52,50,49,50,53,49,48,52,50,,,,,,,,,,,,72,76,72,74,50,0,0,48,78,68,,,,,,,,,,,,False,,,0,,,,,,0,50,,average
P9689,John,Doe,2005-02-07,68,175,Unknown,light,red,goatee,R,C,,0,,,48,57,50,51,52,52,59,49,50,51,,,,,,,,,,,,60,71,70,75,52,0,0,49,61,76,,,,,,,,,,,,False,,,0,,,,,,0,50,,power
P8977,John,Doe,1990-11-30,74,168,Unknown,light,blonde,beard,R,P,,1,RP,CL,,,,,55,,,,49,52,51,50,54,50,53,0,0,65,0,0,0,,,,,0,,,,43,49,42,48,50,43,53,0,0,64,0,0,0,False,,,0,,,,,,0,50,closer,
P5940,John,Doe,2004-05-04,77,212,Unknown,medium,brown,clean_shaven,L,P,,1,RP,SP,,,,,52,,,,50,52,50,50,54,51,53,58,0,0,62,0,0,,,,,0,,,,78,63,74,82,79,80,80,74,0,0,89,0,0,False,,,0,,,,,,0,50,groundball_sp,
P6300,John,Doe,1990-12-27,69,169,Unknown,medium,brown,clean_shaven,R,P,,1,RP,CL,,,,,49,,,,50,51,50,50,52,53,54,60,59,65,0,0,0,,,,,0,,,,48,46,43,47,43,49,46,53,49,58,0,0,0,False,,,0,,,,,,0,50,closer,
P6575,John,Doe,2003-02-25,78,226,Unknown,dark,brown,clean_shaven,R,P,,1,RP,RP,,,,,50,,,,52,52,50,50,52,51,51,61,0,0,0,0,0,,,,,0,,,,62,64,64,67,56,63,66,71,0,0,0,0,0,False,,,0,,,,,,0,50,finesse_rp,
P2093,John,Doe,1993-04-13,71,218,Unknown,dark,blonde,clean_shaven,R,P,,1,RP,SP,,,,,48,,,,50,49,54,50,53,48,50,59,58,58,0,57,0,,,,,0,,,,43,46,50,49,51,48,45,52,58,48,0,48,0,False,,,0,,,,,,0,50,balanced_sp,
P2155,John,Doe,2002-07-21,78,184,Unknown,medium,brown,clean_shaven,R,P,,1,RP,SP,,,,,48,,,,51,49,52,52,53,52,54,59,0,61,0,0,0,,,,,0,,,,57,62,61,58,61,57,59,65,0,73,0,0,0,False,,,0,,,,,,0,50,balanced_sp,
P8172,John,Doe,1991-07-18,77,181,Unknown,medium,black,clean_shaven,R,P,,1,RP,SP,,,,,51,,,,48,52,51,51,54,49,51,61,63,59,0,54,0,,,,,0,,,,42,43,45,45,47,48,41,55,55,52,0,44,0,False,,,0,,,,,,0,50,workhorse_sp,
P7266,John,Doe,1997-12-07,73,170,Unknown,medium,black,beard,R,P,,1,RP,SP,,,,,48,,,,48,51,50,51,52,51,53,0,61,58,0,0,0,,,,,0,,,,53,53,50,56,53,51,49,0,57,63,0,0,0,False,,,0,,,,,,0,50,balanced_sp,
P3977,John,Doe,1987-10-27,78,222,Unknown,dark,brown,clean_shaven,R,P,RF,1,RP,LR,,,,,50,,,,51,52,53,50,52,51,51,59,60,65,0,0,0,,,,,0,,,,51,49,48,52,52,48,42,53,55,58,0,0,0,False,,,0,,,,,,0,50,long_relief,
P5171,John,Doe,2000-02-14,71,199,Unknown,medium,black,mustache,R,P,,1,RP,RP,,,,,51,,,,52,51,51,50,52,49,52,0,62,0,0,0,0,,,,,0,,,,62,66,61,59,66,54,62,0,77,0,0,0,0,False,,,0,,,,,,0,50,finesse_rp,
P1771,John,Doe,1989-09-27,73,245,Unknown,dark,brown,beard,R,P,,1,RP,LR,,,,,53,,,,51,50,50,52,52,51,53,58,60,0,0,0,0,,,,,0,,,,49,47,49,43,47,47,49,52,58,0,0,0,0,False,,,0,,,,,,0,50,long_relief,
P9685,John,Doe,1987-12-30,71,216,Unknown,dark,brown,clean_shaven,S,C,,0,,,49,52,49,48,50,52,52,51,51,50,,,,,,,,,,,,43,42,46,47,50,0,0,51,49,46,,,,,,,,,,,,False,,,0,,,,,,0,50,,average
P1755,John,Doe,2000-01-27,72,189,Unknown,medium,blonde,beard,R,1B,,0,,,50,58,50,49,49,53,53,48,51,52,,,,,,,,,,,,62,69,60,56,49,0,0,48,65,62,,,,,,,,,,,,False,,,0,,,,,,0,50,,power
P4432,John,Doe,1992-12-16,75,176,Unknown,medium,black,mustache,R,2B,,0,,,52,50,49,51,49,48,54,49,51,52,,,,,,,,,,,,45,43,41,43,49,0,0,49,43,45,,,,,,,,,,,,False,,,0,,,,,,0,50,,average
P6928,John,Doe,1998-03-27,77,212,Unknown,medium,blonde,clean_shaven,R,3B,,0,,,59,50,52,52,50,48,56,52,52,51,,,,,,,,,,,,71,57,63,60,50,0,0,52,57,59,,,,,,,,,,,,False,,,0,,,,,,0,50,,spray
P5823,John,Doe,2003-08-11,71,162,Unknown,medium,brown,beard,R,SS,,0,,,53,48,70,52,53,51,60,51,50,50,,,,,,,,,,,,60,57,78,60,53,0,0,51,58,64,,,,,,,,,,,,False,,,0,,,,,,0,50,,speed
P9660,John,Doe,1999-09-17,77,174,Unknown,light,brown,clean_shaven,L,LF,,0,,,51,51,70,52,52,51,47,52,51,50,,,,,,,,,,,,63,63,83,62,52,0,0,52,57,62,,,,,,,,,,,,False,,,0,,,,,,0,50,,speed
P3334,John,Doe,1993-06-09,73,165,Unknown,medium,red,clean_shaven,R,CF,,0,,,55,49,51,53,50,49,52,50,52,51,,,,,,,,,,,,54,45,44,48,50,0,0,50,51,46,,,,,,,,,,,,False,,,0,,,,,,0,50,,spray
P7641,John,Doe,1994-08-15,71,206,Unknown,dark,brown,clean_shaven,L,RF,,0,,,49,60,50,49,47,52,46,51,49,52,,,,,,,,,,,,54,58,50,50,47,0,0,51,45,49,,,,,,,,,,,,False,,,0,,,,,,0,50,,power
P8480,John,Doe,2000-02-27,74,187,Unknown,light,black,clean_shaven,L,CF,,0,,,48,57,52,51,51,53,47,47,52,50,,,,,,,,,,,,55,71,64,58,51,0,0,47,67,58,,,,,,,,,,,,False,,,0,,,,,,0,50,,power
P8544,John,Doe,1991-11-05,73,202,Unknown,medium,black,beard,R,CF,,0,,,50,51,70,52,50,49,50,51,48,51,,,,,,,,,,,,43,51,67,43,50,0,0,51,43,45,,,,,,,,,,,,False,,,0,,,,,,0,50,,speed
P4934,John,Doe,2000-06-21,74,184,Unknown,medium,brown,clean_shaven,L,1B,,0,,,67,69,52,49,49,48,47,50,47,50,,,,,,,,,,,,82,78,67,62,49,0,0,50,60,55,,,,,,,,,,,,False,,,0,,,,,,0,50,,gap
P3258,John,Doe,1993-03-24,69,163,Unknown,dark,black,clean_shaven,L,LF,,0,,,52,64,51,51,48,51,51,52,49,51,,,,,,,,,,,,45,59,47,42,48,0,0,52,41,47,,,,,,,,,,,,False,,,0,,,,,,0,50,,power
P2426,John,Doe,1993-10-16,70,216,Unknown,medium,brown,clean_shaven,S,1B,,0,,,53,57,52,51,49,49,47,49,49,51,,,,,,,,,,,,46,51,49,43,49,0,0,49,45,45,,,,,,,,,,,,False,,,0,,,,,,0,50,,gap
P4938,John,Doe,1991-06-30,69,200,Unknown,medium,brown,clean_shaven,R,SS,,0,,,54,47,53,52,50,46,61,49,51,49,,,,,,,,,,,,49,42,49,51,50,0,0,49,51,46,,,,,,,,,,,,False,,,0,,,,,,0,50,,spray
P9211,John,Doe,1996-04-28,77,241,Unknown,light,brown,beard,R,P,,1,RP,CL,,,,,55,,,,48,54,48,52,53,50,55,57,59,66,0,0,0,,,,,0,,,,49,56,55,50,45,51,58,53,58,67,0,0,0,False,,,0,,,,,,0,50,closer,
P3958,John,Doe,1996-02-11,71,243,Unknown,medium,brown,clean_shaven,R,P,,1,RP,SP,,,,,49,,,,49,52,52,50,52,52,50,0,64,61,0,0,0,,,,,0,,,,53,56,53,50,53,55,48,0,65,58,0,0,0,False,,,0,,,,,,0,50,power_sp,
P6610,John,Doe,2000-07-18,70,207,Unknown,dark,black,clean_shaven,R,P,,1,RP,RP,,,,,54,,,,49,49,50,52,52,52,53,57,0,67,60,0,0,,,,,0,,,,58,61,57,65,57,57,66,65,0,73,72,0,0,False,,,0,,,,,,0,50,groundball_rp,
P8903,John,Doe,1990-10-28,76,246,Unknown,light,black,clean_shaven,R,P,,1,RP,LR,,,,,53,,,,48,48,53,50,52,51,50,60,60,66,0,0,0,,,,,0,,,,39,45,45,49,43,43,50,57,54,62,0,0,0,False,,,0,,,,,,0,50,long_relief,
P9282,John,Doe,1991-07-23,68,167,Unknown,medium,blonde,goatee,R,P,,1,RP,RP,,,,,52,,,,50,53,49,50,53,53,52,60,62,0,0,0,0,,,,,0,,,,44,51,44,48,43,53,47,54,62,0,0,0,0,False,,,0,,,,,,0,50,finesse_rp,
P8031,John,Doe,1990-04-20,73,188,Unknown,dark,brown,clean_shaven,R,P,,1,RP,RP,,,,,52,,,,51,51,51,52,52,53,54,57,64,63,0,0,0,,,,,0,,,,41,46,43,52,44,51,48,53,54,55,0,0,0,False,,,0,,,,,,0,50,power_rp,
P8236,John,Doe,2000-07-15,76,237,Unknown,dark,brown,clean_shaven,R,P,,1,RP,RP,,,,,56,,,,50,51,52,53,52,51,52,0,0,64,60,0,0,,,,,0,,,,56,58,63,67,57,65,62,0,0,70,72,0,0,False,,,0,,,,,,0,50,groundball_rp,
P8433,John,Doe,2003-05-29,74,212,Unknown,dark,black,goatee,R,CF,,0,,,50,48,51,51,51,49,52,51,50,49,,,,,,,,,,,,60,57,64,64,51,0,0,51,65,63,,,,,,,,,,,,False,,,0,,,,,,0,50,,balanced
P8225,John,Doe,1993-11-07,77,216,Unknown,medium,blonde,clean_shaven,L,SS,,0,,,49,52,53,51,53,49,50,50,51,47,,,,,,,,,,,,45,47,53,51,53,0,0,50,48,46,,,,,,,,,,,,False,,,0,,,,,,0,50,,balanced
P4990,John,Doe,2004-07-31,68,226,Unknown,light,brown,clean_shaven,R,1B,,0,,,49,62,53,51,48,50,53,52,50,52,,,,,,,,,,,,73,90,64,80,48,0,0,52,67,79,,,,,,,,,,,,False,,,0,,,,,,0,50,,power
P1701,John,Doe,1989-06-02,70,178,Unknown,dark,brown,clean_shaven,R,RF,,0,,,48,52,50,49,49,49,53,48,47,52,,,,,,,,,,,,38,46,40,48,49,0,0,48,39,44,,,,,,,,,,,,False,,,0,,,,,,0,50,,average
P5093,John,Doe,1992-08-23,73,169,Unknown,medium,black,beard,R,LF,,0,,,50,63,49,49,49,52,56,49,53,51,,,,,,,,,,,,43,61,42,40,49,0,0,49,48,46,,,,,,,,,,,,False,,,0,,,,,,0,50,,power
P6676,John,Doe,1993-10-31,77,249,Unknown,dark,black,clean_shaven,R,1B,,0,,,63,52,50,51,51,52,55,49,51,49,,,,,,,,,,,,60,45,48,44,51,0,0,49,44,40,,,,,,,,,,,,False,,,0,,,,,,0,50,,spray
P4303,John,Doe,1994-01-03,76,196,Unknown,medium,black,clean_shaven,R,1B,,0,,,50,61,49,50,49,54,52,53,47,48,,,,,,,,,,,,44,58,48,44,49,0,0,53,38,40,,,,,,,,,,,,False,,,0,,,,,,0,50,,power
P4172,John,Doe,1988-08-04,78,187,Unknown,dark,brown,clean_shaven,R,2B,,0,,,51,50,70,53,49,47,55,52,51,51,,,,,,,,,,,,46,50,61,43,49,0,0,52,46,49,,,,,,,,,,,,False,,,0,,,,,,0,50,,speed
P7274,John,Doe,2004-03-15,72,211,Unknown,dark,brown,mustache,S,P,,1,RP,CL,,,,,55,,,,50,51,50,51,53,52,52,58,0,65,0,0,0,,,,,0,,,,60,77,74,71,62,81,74,82,0,80,0,0,0,False,,,0,,,,,,0,50,closer,
P1079,John,Doe,2007-03-07,73,201,Unknown,medium,brown,clean_shaven,L,P,,1,RP,SP,,,,,48,,,,51,49,52,53,54,51,49,60,59,0,55,0,0,,,,,0,,,,75,73,74,83,80,75,68,81,89,0,80,0,0,False,,,0,,,,,,0,50,finesse_sp,
P1395,John,Doe,2006-05-08,75,195,Unknown,light,red,clean_shaven,S,P,,1,RP,SP,,,,,50,,,,50,51,54,53,53,49,50,61,0,0,61,0,0,,,,,0,,,,68,77,83,66,73,74,62,72,0,0,78,0,0,False,,,0,,,,,,0,50,groundball_sp,
P9801,John,Doe,2007-03-28,69,217,Unknown,light,red,mustache,L,P,,1,RP,CL,,,,,48,,,,49,54,51,50,52,49,52,56,62,65,0,0,0,,,,,0,,,,70,78,63,73,81,74,65,68,73,80,0,0,0,False,,,0,,,,,,0,50,closer,
P8389,John,Doe,2005-02-04,68,241,Unknown,dark,blonde,clean_shaven,L,P,,1,RP,SP,,,,,49,,,,49,50,53,50,52,49,53,62,61,0,58,0,0,,,,,0,,,,69,76,67,70,64,67,66,81,89,0,75,0,0,False,,,0,,,,,,0,50,groundball_sp,
P4806,John,Doe,2005-02-17,69,194,Unknown,medium,black,clean_shaven,L,CF,,0,,,53,50,71,51,51,51,44,49,52,48,,,,,,,,,,,,69,72,99,78,51,0,0,49,75,58,,,,,,,,,,,,False,,,0,,,,,,0,50,,speed
P2484,John,Doe,2006-03-15,75,189,Unknown,dark,blonde,clean_shaven,S,1B,,0,,,49,64,53,49,48,50,52,52,50,48,,,,,,,,,,,,65,90,64,64,48,0,0,52,70,64,,,,,,,,,,,,False,,,0,,,,,,0,50,,power
P9341,John,Doe,2006-02-10,73,222,Unknown,dark,blonde,clean_shaven,L,RF,,0,,,51,49,70,52,50,49,47,47,48,49,,,,,,,,,,,,68,75,81,71,50,0,0,47,61,77,,,,,,,,,,,,False,,,0,,,,,,0,50,,speed
P6243,John,Doe,2007-09-21,74,162,Unknown,dark,brown,clean_shaven,R,2B,,0,,,62,49,51,56,53,50,56,52,50,51,,,,,,,,,,,,83,59,62,83,53,0,0,52,74,71,,,,,,,,,,,,False,,,0,,,,,,0,50,,spray
P7828,John,Doe,2005-06-02,72,203,Unknown,light,brown,clean_shaven,R,SS,,0,,,49,49,50,50,50,51,57,53,50,52,,,,,,,,,,,,75,67,64,71,50,0,0,53,65,65,,,,,,,,,,,,False,,,0,,,,,,0,50,,average
P2667,John,Doe,1999-05-10,78,234,Unknown,light,black,beard,L,P,,1,RP,CL,,,,,55,,,,48,51,50,51,53,51,55,0,0,65,0,0,0,,,,,0,,,,63,64,61,62,59,66,70,0,0,72,0,0,0,False,,,0,,,,,,0,50,closer,
P7465,John,Doe,1997-07-11,69,175,Unknown,light,brown,clean_shaven,L,P,,1,RP,SP,,,,,51,,,,50,50,54,50,52,53,51,59,58,0,59,0,0,,,,,0,,,,46,47,48,53,58,57,53,57,55,0,58,0,0,False,,,0,,,,,,0,50,groundball_sp,
P1468,John,Doe,1990-09-29,76,176,Unknown,dark,black,beard,R,P,,1,RP,RP,,,,,52,,,,51,52,48,53,52,52,49,57,63,0,0,0,0,,,,,0,,,,43,49,43,52,46,43,44,47,58,0,0,0,0,False,,,0,,,,,,0,50,finesse_rp,
P5934,John,Doe,1994-07-24,69,211,Unknown,light,brown,goatee,R,P,,1,RP,RP,,,,,53,,,,53,49,50,51,52,51,54,59,61,0,0,0,0,,,,,0,,,,49,47,46,49,51,48,52,60,62,0,0,0,0,False,,,0,,,,,,0,50,finesse_rp,
P8362,John,Doe,1989-12-07,73,170,Unknown,dark,black,beard,R,P,,1,RP,SP,,,,,51,,,,49,53,51,52,54,50,53,0,61,61,0,54,0,,,,,0,,,,41,51,47,49,45,49,45,0,52,59,0,46,0,False,,,0,,,,,,0,50,power_sp,
P6244,John,Doe,1998-04-11,76,180,Unknown,dark,brown,clean_shaven,R,P,,1,RP,SP,,,,,51,,,,49,53,53,50,52,49,52,60,59,0,0,0,0,,,,,0,,,,64,67,55,66,67,62,60,69,70,0,0,0,0,False,,,0,,,,,,0,50,balanced_sp,
P4788,John,Doe,1990-12-02,70,169,Unknown,light,black,goatee,R,P,,1,RP,SP,,,,,51,,,,51,52,52,52,53,50,51,62,60,0,0,0,0,,,,,0,,,,43,46,42,43,49,47,47,56,57,0,0,0,0,False,,,0,,,,,,0,50,workhorse_sp,
P1707,John,Doe,1995-12-08,69,237,Unknown,dark,brown,beard,S,P,,1,RP,CL,,,,,52,,,,50,51,51,50,52,52,56,0,61,66,0,0,0,,,,,0,,,,47,56,46,51,55,57,51,0,60,65,0,0,0,False,,,0,,,,,,0,50,closer,
P3881,John,Doe,1993-10-12,78,211,Unknown,light,black,beard,R,P,,1,RP,SP,,,,,48,,,,53,51,52,51,52,52,49,58,60,59,0,58,0,,,,,0,,,,50,50,50,46,48,42,44,48,58,56,0,58,0,False,,,0,,,,,,0,50,finesse_sp,
P6836,John,Doe,1994-09-01,71,174,Unknown,light,blonde,beard,S,P,,1,RP,SP,,,,,50,,,,50,51,51,50,52,48,52,59,61,60,0,0,0,,,,,0,,,,53,49,51,53,48,53,47,60,64,55,0,0,0,False,,,0,,,,,,0,50,balanced_sp,
P9533,John,Doe,1994-01-12,71,237,Unknown,dark,black,beard,L,P,,1,RP,CL,,,,,49,,,,50,54,51,53,54,52,54,0,0,65,0,0,0,,,,,0,,,,42,53,51,52,48,51,45,0,0,58,0,0,0,False,,,0,,,,,,0,50,closer,
P9147,John,Doe,1990-05-09,74,222,Unknown,medium,blonde,clean_shaven,R,C,,0,,,50,57,49,49,51,53,59,49,51,53,,,,,,,,,,,,48,56,44,47,51,0,0,49,42,44,,,,,,,,,,,,False,,,0,,,,,,0,50,,power
P5428,John,Doe,2001-04-26,73,213,Unknown,dark,black,clean_shaven,L,1B,,0,,,68,56,49,53,53,47,45,50,49,51,,,,,,,,,,,,73,66,58,60,53,0,0,50,57,58,,,,,,,,,,,,False,,,0,,,,,,0,50,,spray
P6092,John,Doe,1988-10-23,69,207,Unknown,light,brown,beard,R,2B,,0,,,50,53,51,51,48,49,61,49,49,49,,,,,,,,,,,,41,49,42,42,48,0,0,49,41,39,,,,,,,,,,,,False,,,0,,,,,,0,50,,average
P7850,John,Doe,2002-01-12,75,224,Unknown,dark,blonde,mustache,L,3B,,0,,,50,51,52,50,52,52,52,49,48,48,,,,,,,,,,,,56,65,59,55,52,0,0,49,61,57,,,,,,,,,,,,False,,,0,,,,,,0,50,,average
P1236,John,Doe,1998-12-10,69,162,Unknown,light,black,mustache,R,SS,,0,,,50,50,72,50,53,48,57,51,49,48,,,,,,,,,,,,58,58,85,59,53,0,0,51,61,59,,,,,,,,,,,,False,,,0,,,,,,0,50,,speed
P1034,John,Doe,2000-08-26,71,206,Unknown,light,blonde,clean_shaven,L,LF,,0,,,50,52,48,49,48,52,48,52,53,50,,,,,,,,,,,,63,65,53,60,48,0,0,52,64,64,,,,,,,,,,,,False,,,0,,,,,,0,50,,balanced
P9539,John,Doe,1997-08-04,71,202,Unknown,medium,brown,clean_shaven,R,CF,,0,,,55,49,54,50,54,48,50,51,49,52,,,,,,,,,,,,50,53,54,55,54,0,0,51,54,53,,,,,,,,,,,,False,,,0,,,,,,0,50,,spray
P6756,John,Doe,1993-06-17,68,218,Unknown,dark,brown,goatee,R,RF,,0,,,50,57,51,51,50,51,54,51,48,52,,,,,,,,,,,,47,51,51,48,50,0,0,51,46,50,,,,,,,,,,,,False,,,0,,,,,,0,50,,balanced
P1301,John,Doe,2002-11-21,68,169,Unknown,light,brown,goatee,R,SS,,0,,,50,62,50,49,50,51,60,52,51,53,,,,,,,,,,,,58,75,56,60,50,0,0,52,61,63,,,,,,,,,,,,False,,,0,,,,,,0,50,,power
P7066,John,Doe,2004-07-02,78,166,Unknown,medium,black,clean_shaven,S,CF,,0,,,51,58,52,49,49,54,48,51,50,48,,,,,,,,,,,,81,73,63,63,49,0,0,51,69,65,,,,,,,,,,,,False,,,0,,,,,,0,50,,power
P7953,John,Doe,2003-11-17,78,162,Unknown,dark,red,clean_shaven,L,C,,0,,,53,52,49,51,51,52,50,50,50,53,,,,,,,,,,,,68,59,62,64,51,0,0,50,64,61,,,,,,,,,,,,False,,,0,,,,,,0,50,,average
P7969,John,Doe,1991-09-12,72,223,Unknown,dark,black,clean_shaven,R,C,,0,,,50,62,48,50,51,52,58,49,53,49,,,,,,,,,,,,44,56,42,45,51,0,0,49,49,44,,,,,,,,,,,,False,,,0,,,,,,0,50,,power
P8278,John,Doe,2004-01-30,70,240,Unknown,dark,blonde,clean_shaven,R,CF,,0,,,50,48,70,50,49,48,50,49,51,50,,,,,,,,,,,,61,53,79,64,49,0,0,49,62,64,,,,,,,,,,,,False,,,0,,,,,,0,50,,speed
P4308,John,Doe,2004-09-03,78,170,Unknown,dark,black,goatee,R,C,,0,,,50,54,52,50,51,53,60,49,52,50,,,,,,,,,,,,62,82,64,66,51,0,0,49,69,67,,,,,,,,,,,,False,,,0,,,,,,0,50,,balanced
P3542,John,Doe,1995-05-03,77,220,Unknown,medium,black,beard,L,P,,1,RP,CL,,,,,55,,,,48,52,50,53,53,53,52,0,0,66,0,0,0,,,,,0,,,,47,47,58,57,47,56,52,0,0,68,0,0,0,False,,,0,,,,,,0,50,closer,
P6305,John,Doe,1989-01-12,75,161,Unknown,light,brown,mustache,S,P,,1,RP,SP,,,,,52,,,,50,51,52,50,52,52,49,59,62,58,59,0,0,,,,,0,,,,45,46,43,43,50,52,40,59,57,51,53,0,0,False,,,0,,,,,,0,50,groundball_sp,
P5395,John,Doe,1999-06-03,70,231,Unknown,dark,brown,clean_shaven,L,P,,1,RP,RP,,,,,49,,,,51,51,52,52,54,52,53,58,58,63,0,0,0,,,,,0,,,,66,61,58,64,58,60,67,69,72,74,0,0,0,False,,,0,,,,,,0,50,finesse_rp,
P9936,John,Doe,1989-02-04,68,167,Unknown,light,blonde,beard,R,P,,1,RP,SP,,,,,49,,,,51,52,51,50,52,52,52,61,61,0,0,0,0,,,,,0,,,,46,50,48,47,51,48,42,57,58,0,0,0,0,False,,,0,,,,,,0,50,finesse_sp,
P3596,John,Doe,2003-05-19,78,193,Unknown,medium,black,clean_shaven,L,P,,1,RP,RP,,,,,53,,,,49,49,52,52,52,49,54,0,60,63,61,0,0,,,,,0,,,,58,60,58,59,59,64,68,0,75,69,69,0,0,False,,,0,,,,,,0,50,power_rp,
P3214,John,Doe,1989-03-21,68,213,Unknown,medium,blonde,clean_shaven,S,P,,1,RP,SP,,,,,51,,,,52,53,51,51,52,50,53,60,0,62,0,0,0,,,,,0,,,,46,47,48,42,42,43,46,56,0,54,0,0,0,False,,,0,,,,,,0,50,balanced_sp,
P1360,John,Doe,1997-03-28,75,160,Unknown,medium,brown,clean_shaven,R,P,,1,RP,RP,,,,,53,,,,52,51,49,52,52,50,50,60,62,0,0,0,0,,,,,0,,,,55,50,54,54,54,47,48,58,64,0,0,0,0,False,,,0,,,,,,0,50,finesse_rp,
P9186,John,Doe,1996-12-05,69,166,Unknown,medium,black,mustache,R,SS,,0,,,54,51,51,51,51,48,58,49,48,48,,,,,,,,,,,,53,48,56,55,51,0,0,49,48,47,,,,,,,,,,,,False,,,0,,,,,,0,50,,balanced
P1022,John,Doe,2003-01-10,78,160,Unknown,medium,brown,goatee,R,LF,,0,,,50,60,49,51,51,50,57,53,48,48,,,,,,,,,,,,63,69,64,62,51,0,0,53,59,57,,,,,,,,,,,,False,,,0,,,,,,0,50,,power
P6010,John,Doe,1987-08-09,74,245,Unknown,medium,black,mustache,S,CF,,0,,,54,50,51,53,53,51,53,48,49,50,,,,,,,,,,,,46,47,48,46,53,0,0,48,47,43,,,,,,,,,,,,False,,,0,,,,,,0,50,,gap
P9073,John,Doe,1996-05-04,73,216,Unknown,light,brown,mustache,R,C,,0,,,51,51,49,50,48,51,59,52,51,49,,,,,,,,,,,,47,55,50,50,48,0,0,52,48,48,,,,,,,,,,,,False,,,0,,,,,,0,50,,average
P9444,John,Doe,1999-06-08,72,180,Unknown,light,brown,beard,R,RF,,0,,,51,53,48,49,49,52,56,49,51,50,,,,,,,,,,,,57,61,63,56,49,0,0,49,62,65,,,,,,,,,,,,False,,,0,,,,,,0,50,,average
P8004,John,Doe,1989-12-09,68,236,Unknown,light,black,mustache,L,CF,,0,,,50,56,52,51,50,54,46,50,50,51,,,,,,,,,,,,48,49,49,48,50,0,0,50,50,51,,,,,,,,,,,,False,,,0,,,,,,0,50,,power
P9307,John,Doe,2004-10-14,74,161,Unknown,light,brown,mustache,R,3B,,0,,,53,50,49,52,48,48,58,49,48,52,,,,,,,,,,,,78,77,70,73,48,0,0,49,61,68,,,,,,,,,,,,False,,,0,,,,,,0,50,,balanced
P8501,John,Doe,2004-01-19,68,226,Unknown,light,brown,clean_shaven,L,CF,,0,,,54,50,51,51,53,53,46,49,48,48,,,,,,,,,,,,63,59,56,63,53,0,0,49,63,56,,,,,,,,,,,,False,,,0,,,,,,0,50,,balanced
P1163,John,Doe,2008-02-12,70,210,Unknown,medium,black,clean_shaven,R,P,,1,RP,CL,,,,,55,,,,51,53,47,50,54,50,51,0,60,67,0,0,0,,,,,0,,,,65,82,80,73,73,66,76,0,72,93,0,0,0,False,,,0,,,,,,0,50,closer,
P6823,John,Doe,2004-06-05,68,250,Unknown,medium,black,beard,L,P,,1,RP,SP,,,,,52,,,,52,51,51,52,52,48,51,59,61,0,55,0,0,,,,,0,,,,79,72,75,66,66,61,74,83,82,0,67,0,0,False,,,0,,,,,,0,50,finesse_sp,
P6407,John,Doe,2008-01-05,73,202,Unknown,dark,brown,clean_shaven,R,P,,1,RP,LR,,,,,52,,,,51,53,53,51,52,51,53,56,0,0,0,0,0,,,,,0,,,,68,77,61,70,68,72,71,82,0,0,0,0,0,False,,,0,,,,,,0,50,long_relief,
P5151,John,Doe,2004-02-29,74,219,Unknown,light,brown,goatee,S,P,,1,RP,SP,,,,,52,,,,49,51,53,52,52,51,50,60,60,62,57,0,0,,,,,0,,,,72,64,81,82,75,67,60,71,74,73,73,0,0,False,,,0,,,,,,0,50,balanced_sp,
P4534,John,Doe,2006-07-03,75,245,Unknown,medium,black,clean_shaven,L,P,,1,RP,SP,,,,,50,,,,52,53,54,50,52,52,54,57,64,60,55,0,0,,,,,0,,,,67,66,78,63,67,82,80,86,80,80,81,0,0,False,,,0,,,,,,0,50,power_sp,
P4414,John,Doe,2004-04-17,78,178,Unknown,dark,blonde,clean_shaven,R,CF,,0,,,50,52,48,49,50,50,54,53,52,48,,,,,,,,,,,,73,73,68,68,50,0,0,53,68,77,,,,,,,,,,,,False,,,0,,,,,,0,50,,balanced
P8991,John,Doe,2007-03-16,70,238,Unknown,light,black,goatee,L,LF,,0,,,51,53,51,52,52,51,50,50,48,50,,,,,,,,,,,,66,75,69,73,52,0,0,50,70,63,,,,,,,,,,,,False,,,0,,,,,,0,50,,average
P6222,John,Doe,2005-11-06,70,197,Unknown,dark,black,clean_shaven,R,LF,,0,,,52,54,53,51,52,50,55,50,53,52,,,,,,,,,,,,79,73,77,76,52,0,0,50,80,66,,,,,,,,,,,,False,,,0,,,,,,0,50,,balanced
P6478,John,Doe,2004-11-13,75,227,Unknown,medium,brown,clean_shaven,R,RF,,0,,,53,51,52,52,51,49,57,52,52,52,,,,,,,,,,,,79,74,81,75,51,0,0,52,65,70,,,,,,,,,,,,False,,,0,,,,,,0,50,,average
P5324,John,Doe,2007-12-24,75,247,Unknown,light,black,clean_shaven,R,3B,,0,,,53,61,47,49,49,51,58,49,52,49,,,,,,,,,,,,74,72,60,60,49,0,0,49,70,67,,,,,,,,,,,,False,,,0,,,,,,0,50,,power
P3216,John,Doe,1993-10-15,69,207,Unknown,dark,brown,clean_shaven,L,P,,1,RP,CL,,,,,55,,,,50,52,50,53,53,53,53,0,0,67,0,0,0,,,,,0,,,,47,43,50,52,40,50,53,0,0,57,0,0,0,False,,,0,,,,,,0,50,closer,
P1014,John,Doe,1991-11-08,73,161,Unknown,medium,brown,mustache,L,P,,1,RP,SP,,,,,50,,,,50,51,53,53,52,48,51,58,58,60,0,0,0,,,,,0,,,,43,49,51,46,50,47,51,48,53,50,0,0,0,False,,,0,,,,,,0,50,balanced_sp,
P9352,John,Doe,1993-03-21,72,245,Unknown,medium,brown,goatee,S,P,,1,RP,SP,,,,,53,,,,48,52,53,52,53,49,49,59,0,58,57,0,0,,,,,0,,,,42,43,50,47,44,42,40,57,0,48,55,0,0,False,,,0,,,,,,0,50,groundball_sp,
P7947,John,Doe,1996-06-16,75,160,Unknown,medium,black,clean_shaven,R,P,,1,RP,SP,,,,,52,,,,50,53,54,50,53,50,53,61,62,59,0,0,0,,,,,0,,,,51,55,52,53,50,54,56,63,57,63,0,0,0,False,,,0,,,,,,0,50,balanced_sp,
P3662,John,Doe,1989-08-05,68,208,Unknown,dark,red,mustache,L,P,,1,RP,RP,,,,,57,,,,51,53,51,52,54,50,51,57,0,66,61,0,0,,,,,0,,,,43,45,49,46,45,50,49,50,0,59,55,0,0,False,,,0,,,,,,0,50,groundball_rp,
P4723,John,Doe,1990-04-25,73,196,Unknown,light,brown,clean_shaven,R,P,,1,RP,SP,,,,,52,,,,52,49,53,51,54,51,51,0,61,62,61,0,0,,,,,0,,,,50,42,47,54,51,41,47,0,56,52,59,0,0,False,,,0,,,,,,0,50,groundball_sp,
P4471,John,Doe,1987-05-04,70,172,Unknown,dark,blonde,goatee,L,P,,1,RP,SP,,,,,51,,,,51,50,51,51,53,48,53,0,0,59,58,0,0,,,,,0,,,,42,46,50,43,51,43,43,0,0,52,54,0,0,False,,,0,,,,,,0,50,groundball_sp,
P9037,John,Doe,1991-04-27,78,227,Unknown,light,black,mustache,R,P,,1,RP,SP,,,,,49,,,,53,53,50,52,52,51,50,60,64,0,57,58,0,,,,,0,,,,45,45,42,47,47,41,50,55,60,0,49,52,0,False,,,0,,,,,,0,50,finesse_sp,
P1981,John,Doe,1989-11-03,73,194,Unknown,medium,brown,clean_shaven,R,P,,1,RP,SP,,,,,51,,,,51,49,54,52,52,51,49,62,0,59,0,0,0,,,,,0,,,,41,48,52,50,51,41,40,55,0,53,0,0,0,False,,,0,,,,,,0,50,workhorse_sp,
P1778,John,Doe,1997-07-16,69,227,Unknown,medium,brown,goatee,L,P,,1,RP,SP,,,,,48,,,,51,50,54,53,52,51,51,60,60,61,0,0,0,,,,,0,,,,46,46,57,56,49,49,54,60,61,60,0,0,0,False,,,0,,,,,,0,50,balanced_sp,
P3790,John,Doe,2004-01-08,76,178,Unknown,medium,black,clean_shaven,L,P,,1,RP,RP,,,,,56,,,,50,49,52,50,52,50,53,59,57,0,61,0,0,,,,,0,,,,59,64,61,63,65,62,67,68,69,0,72,0,0,False,,,0,,,,,,0,50,groundball_rp,
P6055,John,Doe,1994-08-20,69,189,Unknown,light,black,beard,R,C,,0,,,50,50,51,52,53,51,55,50,53,48,,,,,,,,,,,,52,51,51,48,53,0,0,50,54,52,,,,,,,,,,,,False,,,0,,,,,,0,50,,average
P5947,John,Doe,1996-07-09,68,217,Unknown,medium,brown,clean_shaven,R,1B,,0,,,53,58,54,53,47,49,56,49,52,50,,,,,,,,,,,,57,59,49,51,47,0,0,49,55,51,,,,,,,,,,,,False,,,0,,,,,,0,50,,gap
P9430,John,Doe,2004-05-02,71,242,Unknown,light,brown,goatee,R,2B,,0,,,53,50,49,53,49,49,57,52,52,48,,,,,,,,,,,,68,61,62,75,49,0,0,52,73,75,,,,,,,,,,,,False,,,0,,,,,,0,50,,balanced
P5205,John,Doe,1997-10-10,78,211,Unknown,light,brown,clean_shaven,S,3B,,0,,,54,51,50,51,48,49,56,53,49,49,,,,,,,,,,,,58,53,49,49,48,0,0,53,44,52,,,,,,,,,,,,False,,,0,,,,,,0,50,,balanced
P9927,John,Doe,1996-02-17,78,207,Unknown,dark,blonde,beard,R,SS,,0,,,51,51,72,52,53,47,59,52,53,49,,,,,,,,,,,,48,47,71,56,53,0,0,52,52,51,,,,,,,,,,,,False,,,0,,,,,,0,50,,speed
P7389,John,Doe,1990-12-23,78,223,Unknown,dark,brown,mustache,R,LF,,0,,,59,58,50,52,49,51,58,48,51,52,,,,,,,,,,,,49,49,44,49,49,0,0,48,46,45,,,,,,,,,,,,False,,,0,,,,,,0,50,,gap
P9978,John,Doe,2001-12-26,77,177,Unknown,light,black,clean_shaven,R,CF,,0,,,49,50,48,48,49,52,54,52,49,52,,,,,,,,,,,,62,63,54,61,49,0,0,52,56,67,,,,,,,,,,,,False,,,0,,,,,,0,50,,average
P9929,John,Doe,1998-07-05,77,225,Unknown,light,brown,clean_shaven,R,RF,,0,,,50,60,48,51,50,49,58,49,49,51,,,,,,,,,,,,58,65,58,65,50,0,0,49,58,57,,,,,,,,,,,,False,,,0,,,,,,0,50,,power
P7438,John,Doe,1994-03-31,69,217,Unknown,light,brown,clean_shaven,R,C,,0,,,50,54,48,51,49,52,60,52,49,50,,,,,,,,,,,,45,53,44,46,49,0,0,52,48,45,,,,,,,,,,,,False,,,0,,,,,,0,50,,balanced
P3725,John,Doe,1999-08-11,75,235,Unknown,medium,black,clean_shaven,R,C,,0,,,53,52,48,54,51,50,57,51,53,52,,,,,,,,,,,,65,57,57,60,51,0,0,51,61,61,,,,,,,,,,,,False,,,0,,,,,,0,50,,gap
P7761,John,Doe,1995-10-12,70,212,Unknown,light,red,clean_shaven,S,RF,,0,,,50,57,52,49,49,52,49,48,51,51,,,,,,,,,,,,49,57,52,50,49,0,0,48,56,48,,,,,,,,,,,,False,,,0,,,,,,0,50,,power
P1305,John,Doe,1988-04-25,77,181,Unknown,medium,brown,clean_shaven,L,2B,,0,,,50,50,49,51,51,51,47,48,49,49,,,,,,,,,,,,42,42,43,48,51,0,0,48,47,44,,,,,,,,,,,,False,,,0,,,,,,0,50,,balanced
P5815,John,Doe,1988-11-08,69,227,Unknown,dark,red,beard,R,CF,,0,,,54,52,49,51,49,52,58,50,52,51,,,,,,,,,,,,52,48,49,45,49,0,0,50,47,51,,,,,,,,,,,,False,,,0,,,,,,0,50,,gap
P7586,John,Doe,1998-11-02,72,240,Unknown,medium,black,clean_shaven,L,CF,,0,,,49,48,85,50,49,49,46,48,49,52,,,,,,,,,,,,58,57,97,56,49,0,0,48,61,64,,,,,,,,,,,,False,,,0,,,,,,0,50,,elite_speed
P8767,John,Doe,1995-05-11,75,175,Unknown,light,blonde,beard,R,P,,1,RP,CL,,,,,55,,,,48,52,50,52,52,53,52,57,59,65,0,0,0,,,,,0,,,,43,56,49,55,46,50,48,57,63,67,0,0,0,False,,,0,,,,,,0,50,closer,
P2173,John,Doe,1989-12-10,68,205,Unknown,dark,blonde,clean_shaven,R,P,,1,RP,RP,,,,,49,,,,50,50,51,50,54,53,51,0,61,0,0,0,0,,,,,0,,,,43,46,48,53,41,50,47,0,61,0,0,0,0,False,,,0,,,,,,0,50,power_rp,
P3482,John,Doe,2001-02-10,74,194,Unknown,light,black,clean_shaven,L,P,,1,RP,RP,,,,,50,,,,51,53,48,50,52,49,52,0,0,67,0,0,0,,,,,0,,,,59,68,58,66,53,58,67,0,0,81,0,0,0,False,,,0,,,,,,0,50,power_rp,
P9412,John,Doe,1987-07-05,74,183,Unknown,medium,black,beard,S,P,,1,RP,RP,,,,,48,,,,49,51,49,50,53,50,51,58,59,65,0,0,0,,,,,0,,,,44,47,43,51,39,45,46,58,54,64,0,0,0,False,,,0,,,,,,0,50,power_rp,
P4814,John,Doe,1996-01-21,69,165,Unknown,medium,brown,clean_shaven,R,P,,1,RP,LR,,,,,54,,,,50,50,53,51,53,51,50,0,61,67,0,0,0,,,,,0,,,,45,51,47,57,55,49,49,0,63,65,0,0,0,False,,,0,,,,,,0,50,long_relief,
P9603,John,Doe,1992-05-11,70,230,Unknown,dark,black,clean_shaven,R,P,,1,RP,RP,,,,,49,,,,51,53,51,52,54,51,54,0,61,66,0,0,0,,,,,0,,,,46,44,48,49,51,42,46,0,57,57,0,0,0,False,,,0,,,,,,0,50,power_rp,
P8532,John,Doe,1998-03-01,74,171,Unknown,light,black,clean_shaven,L,P,,1,RP,SP,,,,,50,,,,50,49,53,52,52,48,50,59,62,62,0,57,0,,,,,0,,,,60,57,67,64,59,55,65,67,75,68,0,70,0,False,,,0,,,,,,0,50,workhorse_sp,
P6522,John,Doe,1995-07-23,72,183,Unknown,medium,blonde,clean_shaven,R,RF,,0,,,51,58,51,50,49,52,53,49,47,52,,,,,,,,,,,,50,57,55,48,49,0,0,49,42,57,,,,,,,,,,,,False,,,0,,,,,,0,50,,power
P3861,John,Doe,2002-05-22,74,185,Unknown,dark,brown,clean_shaven,R,LF,,0,,,59,50,51,50,53,48,56,52,51,51,,,,,,,,,,,,64,65,64,59,53,0,0,52,64,60,,,,,,,,,,,,False,,,0,,,,,,0,50,,spray
P5492,John,Doe,2004-06-20,78,243,Unknown,light,blonde,goatee,L,1B,,0,,,48,63,49,51,50,52,50,48,51,52,,,,,,,,,,,,60,80,74,74,50,0,0,48,75,81,,,,,,,,,,,,False,,,0,,,,,,0,50,,power
P5732,John,Doe,1995-12-22,71,210,Unknown,light,black,beard,L,C,,0,,,50,50,51,51,48,49,51,50,50,50,,,,,,,,,,,,49,45,46,50,48,0,0,50,53,53,,,,,,,,,,,,False,,,0,,,,,,0,50,,balanced
P1997,John,Doe,1997-01-13,76,200,Unknown,medium,brown,mustache,R,RF,CF,0,,,50,56,52,52,51,53,56,51,52,50,,,,,,,,,,,,55,59,55,57,51,0,0,51,48,46,,,,,,,,,,,,False,,,0,,,,,,0,50,,balanced
P2347,John,Doe,1995-11-17,72,199,Unknown,dark,brown,clean_shaven,L,3B,,0,,,49,50,85,50,50,50,47,49,50,50,,,,,,,,,,,,52,46,82,46,50,0,0,49,52,49,,,,,,,,,,,,False,,,0,,,,,,0,50,,elite_speed
P3918,John,Doe,1995-02-15,74,207,Unknown,dark,black,clean_shaven,L,RF,,0,,,53,54,52,53,50,52,46,48,49,52,,,,,,,,,,,,54,51,53,54,50,0,0,48,45,47,,,,,,,,,,,,False,,,0,,,,,,0,50,,balanced
P7248,John,Doe,2003-10-19,68,205,Unknown,medium,brown,clean_shaven,R,RF,,0,,,59,49,51,52,51,49,55,49,51,48,,,,,,,,,,,,72,54,56,62,51,0,0,49,66,56,,,,,,,,,,,,False,,,0,,,,,,0,50,,spray
P5240,John,Doe,2005-11-01,78,191,Unknown,medium,black,clean_shaven,L,P,,1,RP,CL,,,,,55,,,,51,50,50,50,52,49,53,58,0,65,0,0,0,,,,,0,,,,76,60,60,74,66,69,73,71,0,95,0,0,0,False,,,0,,,,,,0,50,closer,
P7583,John,Doe,2007-07-27,76,224,Unknown,medium,brown,mustache,R,P,,1,RP,RP,,,,,51,,,,49,49,48,50,52,49,51,59,59,0,0,0,0,,,,,0,,,,60,70,68,72,78,76,71,78,86,0,0,0,0,False,,,0,,,,,,0,50,finesse_rp,
P5845,John,Doe,2006-06-25,72,205,Unknown,light,brown,clean_shaven,R,P,,1,RP,CL,,,,,50,,,,51,50,48,50,54,49,53,57,0,65,0,0,0,,,,,0,,,,79,65,61,71,73,67,63,82,0,86,0,0,0,False,,,0,,,,,,0,50,closer,
P3226,John,Doe,2004-07-12,72,168,Unknown,light,black,clean_shaven,L,P,,1,RP,RP,,,,,56,,,,51,51,50,51,52,50,51,59,59,0,63,0,0,,,,,0,,,,67,72,61,66,75,64,79,84,88,0,87,0,0,False,,,0,,,,,,0,50,groundball_rp,
P2243,John,Doe,2007-04-01,68,175,Unknown,medium,black,goatee,R,P,,1,RP,SP,,,,,51,,,,50,49,53,50,52,52,50,62,63,57,62,0,0,,,,,0,,,,62,77,68,73,81,81,75,90,75,77,75,0,0,False,,,0,,,,,,0,50,groundball_sp,
P7194,John,Doe,2007-05-04,73,166,Unknown,medium,brown,mustache,L,LF,,0,,,58,51,53,54,51,51,49,51,52,52,,,,,,,,,,,,78,73,83,72,51,0,0,51,78,78,,,,,,,,,,,,False,,,0,,,,,,0,50,,spray
P8567,John,Doe,2007-10-25,72,237,Unknown,medium,brown,clean_shaven,R,RF,,0,,,51,60,49,51,48,52,57,51,49,48,,,,,,,,,,,,61,70,79,74,48,0,0,51,71,68,,,,,,,,,,,,False,,,0,,,,,,0,50,,power
P7981,John,Doe,2004-12-30,75,171,Unknown,dark,brown,clean_shaven,R,SS,,0,,,53,50,50,51,53,48,59,48,49,49,,,,,,,,,,,,77,62,75,62,53,0,0,48,74,75,,,,,,,,,,,,False,,,0,,,,,,0,50,,balanced
P1716,John,Doe,2007-09-16,68,217,Unknown,medium,black,mustache,L,LF,,0,,,49,59,49,50,48,53,47,49,52,49,,,,,,,,,,,,74,70,67,65,48,0,0,49,64,59,,,,,,,,,,,,False,,,0,,,,,,0,50,,power
P9409,John,Doe,2005-08-18,70,166,Unknown,medium,black,clean_shaven,R,SS,3B,0,,,48,63,50,49,49,51,57,49,51,52,,,,,,,,,,,,75,74,76,72,49,0,0,49,78,74,,,,,,,,,,,,False,,,0,,,,,,0,50,,power
P9731,John,Doe,1998-01-24,77,232,Unknown,dark,black,clean_shaven,R,P,,1,RP,CL,,,,,55,,,,50,52,51,50,53,52,55,57,63,65,0,0,0,,,,,0,,,,49,50,46,48,49,51,57,54,64,70,0,0,0,False,,,0,,,,,,0,50,closer,
P8487,John,Doe,2002-08-04,71,197,Unknown,medium,black,beard,L,P,,1,RP,SP,,,,,49,,,,50,52,50,53,53,51,53,59,59,60,0,0,0,,,,,0,,,,63,62,60,64,58,56,65,73,67,71,0,0,0,False,,,0,,,,,,0,50,balanced_sp,
P1020,John,Doe,1995-03-20,71,214,Unknown,light,blonde,beard,L,P,,1,RP,SP,,,,,48,,,,50,52,52,53,53,51,51,60,63,60,0,0,0,,,,,0,,,,47,55,52,50,52,52,51,65,61,58,0,0,0,False,,,0,,,,,,0,50,workhorse_sp,
P9353,John,Doe,1992-09-08,73,195,Unknown,light,brown,clean_shaven,S,P,,1,RP,SP,,,,,51,,,,53,50,50,51,52,51,52,0,62,60,62,0,0,,,,,0,,,,47,43,41,44,48,44,42,0,61,58,56,0,0,False,,,0,,,,,,0,50,groundball_sp,
P6547,John,Doe,2000-03-15,77,195,Unknown,dark,black,clean_shaven,S,P,,1,RP,SP,,,,,52,,,,50,53,53,53,52,50,51,61,62,0,0,0,0,,,,,0,,,,61,64,59,57,62,57,59,72,68,0,0,0,0,False,,,0,,,,,,0,50,balanced_sp,
P8958,John,Doe,2002-03-12,70,171,Unknown,dark,brown,beard,R,P,,1,RP,SP,,,,,50,,,,51,54,52,50,53,48,53,59,59,62,0,54,0,,,,,0,,,,59,69,56,68,58,62,65,66,67,68,0,65,0,False,,,0,,,,,,0,50,power_sp,
P2166,John,Doe,1997-11-21,73,186,Unknown,medium,black,goatee,L,P,,1,RP,RP,,,,,57,,,,50,48,48,50,53,52,49,58,0,0,59,0,0,,,,,0,,,,55,43,47,53,47,47,50,61,0,0,58,0,0,False,,,0,,,,,,0,50,groundball_rp,
P3930,John,Doe,1995-03-15,71,237,Unknown,light,black,goatee,L,P,,1,RP,SP,,,,,52,,,,50,51,50,52,52,49,51,0,63,58,0,0,0,,,,,0,,,,46,48,57,49,50,50,55,0,66,62,0,0,0,False,,,0,,,,,,0,50,workhorse_sp,
P2053,John,Doe,1998-03-16,76,232,Unknown,light,black,mustache,R,P,,1,RP,RP,,,,,53,,,,48,51,51,50,52,52,51,56,64,0,62,0,0,,,,,0,,,,61,66,64,67,57,64,56,70,69,0,75,0,0,False,,,0,,,,,,0,50,finesse_rp,
P4257,John,Doe,2002-03-12,71,244,Unknown,dark,black,mustache,R,P,,1,RP,RP,,,,,52,,,,49,50,53,51,54,52,53,0,63,65,0,0,0,,,,,0,,,,55,62,63,69,58,64,65,0,72,80,0,0,0,False,,,0,,,,,,0,50,power_rp,
P4420,John,Doe,1995-02-17,68,164,Unknown,medium,brown,goatee,S,P,,1,RP,RP,,,,,53,,,,52,51,52,52,52,49,50,56,0,0,61,0,0,,,,,0,,,,51,47,52,48,54,52,53,54,0,0,66,0,0,False,,,0,,,,,,0,50,groundball_rp,
P4598,John,Doe,1997-08-19,70,181,Unknown,dark,black,clean_shaven,R,C,,0,,,50,50,70,50,51,50,60,49,51,51,,,,,,,,,,,,54,46,68,55,51,0,0,49,54,47,,,,,,,,,,,,False,,,0,,,,,,0,50,,speed
P9356,John,Doe,2004-01-16,70,163,Unknown,dark,brown,clean_shaven,L,1B,,0,,,52,50,70,51,49,50,46,49,51,51,,,,,,,,,,,,62,58,85,66,49,0,0,49,57,64,,,,,,,,,,,,False,,,0,,,,,,0,50,,speed
P4576,John,Doe,1997-06-28,70,191,Unknown,medium,brown,clean_shaven,R,2B,,0,,,52,48,72,51,52,50,59,51,49,53,,,,,,,,,,,,51,53,74,49,52,0,0,51,53,54,,,,,,,,,,,,False,,,0,,,,,,0,50,,speed
P9993,John,Doe,1990-11-30,76,180,Unknown,medium,black,mustache,R,3B,,0,,,52,50,51,52,51,53,59,51,51,51,,,,,,,,,,,,46,42,44,49,51,0,0,51,49,50,,,,,,,,,,,,False,,,0,,,,,,0,50,,average
P8349,John,Doe,1989-09-08,69,222,Unknown,medium,black,clean_shaven,S,SS,,0,,,49,49,81,51,52,47,55,51,50,50,,,,,,,,,,,,42,49,74,49,52,0,0,51,44,43,,,,,,,,,,,,False,,,0,,,,,,0,50,,speed
P7709,John,Doe,1989-09-10,75,179,Unknown,medium,brown,clean_shaven,L,LF,,0,,,49,60,48,51,51,52,48,51,52,51,,,,,,,,,,,,48,57,46,41,51,0,0,51,47,49,,,,,,,,,,,,False,,,0,,,,,,0,50,,power
P9548,John,Doe,1990-03-07,77,204,Unknown,dark,brown,goatee,R,CF,,0,,,48,60,49,48,51,50,55,50,52,49,,,,,,,,,,,,39,53,41,43,51,0,0,50,42,48,,,,,,,,,,,,False,,,0,,,,,,0,50,,power
P3101,John,Doe,1991-03-13,77,227,Unknown,dark,brown,clean_shaven,R,RF,,0,,,53,52,94,50,52,48,54,51,52,50,,,,,,,,,,,,44,43,87,47,52,0,0,51,48,42,,,,,,,,,,,,False,,,0,,,,,,0,50,,elite_speed
P1806,John,Doe,2003-07-20,68,181,Unknown,medium,black,beard,L,LF,,0,,,50,61,51,50,50,50,48,52,49,53,,,,,,,,,,,,61,66,64,65,50,0,0,52,54,66,,,,,,,,,,,,False,,,0,,,,,,0,50,,power
P7404,John,Doe,1987-07-02,68,237,Unknown,light,blonde,beard,R,C,,0,,,53,52,52,53,51,50,59,49,49,49,,,,,,,,,,,,44,49,43,49,51,0,0,49,44,47,,,,,,,,,,,,False,,,0,,,,,,0,50,,balanced
P8749,John,Doe,2001-12-15,71,235,Unknown,medium,black,goatee,R,1B,,0,,,51,57,52,50,51,53,53,51,51,50,,,,,,,,,,,,56,63,62,63,51,0,0,51,65,65,,,,,,,,,,,,False,,,0,,,,,,0,50,,balanced
P8530,John,Doe,1988-06-12,72,200,Unknown,light,black,mustache,R,RF,,0,,,53,59,52,51,47,53,55,51,51,50,,,,,,,,,,,,50,54,52,44,47,0,0,51,43,44,,,,,,,,,,,,False,,,0,,,,,,0,50,,power
P4434,John,Doe,2000-03-11,68,247,Unknown,dark,brown,clean_shaven,L,C,,0,,,50,61,52,51,51,49,49,48,50,51,,,,,,,,,,,,59,67,67,60,51,0,0,48,60,58,,,,,,,,,,,,False,,,0,,,,,,0,50,,power
P5891,John,Doe,1999-02-01,77,226,Unknown,dark,black,clean_shaven,R,C,,0,,,52,52,50,50,51,52,57,53,48,51,,,,,,,,,,,,62,67,64,59,51,0,0,53,55,56,,,,,,,,,,,,False,,,0,,,,,,0,50,,average
P5539,John,Doe,1995-06-07,72,194,Unknown,dark,black,beard,L,P,,1,RP,CL,,,,,55,,,,51,51,49,50,52,51,55,60,62,65,0,0,0,,,,,0,,,,50,55,45,57,53,50,60,60,66,64,0,0,0,False,,,0,,,,,,0,50,closer,
P8617,John,Doe,1987-08-20,71,183,Unknown,light,brown,mustache,R,P,,1,RP,SP,,,,,50,,,,51,52,54,51,52,49,52,0,61,0,61,0,0,,,,,0,,,,41,48,46,48,47,47,47,0,57,0,59,0,0,False,,,0,,,,,,0,50,groundball_sp,
P4960,John,Doe,1997-03-09,70,248,Unknown,dark,blonde,beard,R,P,,1,RP,RP,,,,,55,,,,48,50,49,52,54,51,50,0,0,0,64,0,0,,,,,0,,,,48,52,49,53,46,47,46,0,0,0,65,0,0,False,,,0,,,,,,0,50,groundball_rp,
P5996,John,Doe,1999-02-28,75,250,Unknown,light,brown,clean_shaven,L,P,,1,RP,RP,,,,,57,,,,53,50,51,51,54,51,53,0,0,0,63,0,0,,,,,0,,,,59,61,63,68,60,65,59,0,0,0,73,0,0,False,,,0,,,,,,0,50,groundball_rp,
P2650,John,Doe,2002-11-28,76,197,Unknown,light,blonde,beard,L,P,,1,RP,SP,,,,,50,,,,51,53,53,53,52,50,53,61,61,0,0,0,0,,,,,0,,,,56,67,59,64,68,59,59,75,69,0,0,0,0,False,,,0,,,,,,0,50,finesse_sp,
P9474,John,Doe,1993-06-20,76,179,Unknown,dark,black,clean_shaven,R,P,,1,RP,RP,,,,,51,,,,50,53,53,50,52,52,53,60,63,67,0,0,0,,,,,0,,,,40,53,49,47,46,49,47,56,58,63,0,0,0,False,,,0,,,,,,0,50,power_rp,
P1299,John,Doe,1991-06-27,69,174,Unknown,medium,black,mustache,R,P,,1,RP,SP,,,,,51,,,,49,50,51,51,53,50,53,0,60,58,0,0,0,,,,,0,,,,49,47,41,48,49,49,43,0,56,48,0,0,0,False,,,0,,,,,,0,50,power_sp,
P2436,John,Doe,2000-05-10,77,242,Unknown,light,blonde,clean_shaven,L,LF,,0,,,50,53,51,50,52,52,48,51,52,51,,,,,,,,,,,,61,65,64,62,52,0,0,51,66,63,,,,,,,,,,,,False,,,0,,,,,,0,50,,balanced
P8863,John,Doe,1999-01-03,77,228,Unknown,light,blonde,clean_shaven,L,C,,0,,,50,51,52,51,51,49,50,49,51,50,,,,,,,,,,,,56,61,65,58,51,0,0,49,62,55,,,,,,,,,,,,False,,,0,,,,,,0,50,,balanced
P6664,John,Doe,1989-10-14,74,172,Unknown,dark,black,mustache,R,SS,,0,,,51,52,52,50,51,48,55,49,49,50,,,,,,,,,,,,46,43,45,46,51,0,0,49,39,44,,,,,,,,,,,,False,,,0,,,,,,0,50,,balanced
P8922,John,Doe,1988-09-08,69,233,Unknown,dark,brown,goatee,R,1B,,0,,,60,53,49,52,51,46,55,51,53,48,,,,,,,,,,,,51,43,48,43,51,0,0,51,44,38,,,,,,,,,,,,False,,,0,,,,,,0,50,,spray
P5753,John,Doe,1994-02-06,72,246,Unknown,medium,blonde,clean_shaven,R,CF,,0,,,50,49,70,51,49,50,51,49,51,51,,,,,,,,,,,,46,40,66,45,49,0,0,49,48,45,,,,,,,,,,,,False,,,0,,,,,,0,50,,speed
P5807,John,Doe,1989-04-15,71,246,Unknown,light,brown,beard,L,1B,,0,,,53,53,50,52,48,52,46,50,52,53,,,,,,,,,,,,49,49,40,49,48,0,0,50,49,43,,,,,,,,,,,,False,,,0,,,,,,0,50,,balanced
P6313,John,Doe,1987-06-23,70,239,Unknown,dark,blonde,clean_shaven,L,LF,,0,,,53,55,50,50,49,49,47,51,53,52,,,,,,,,,,,,49,54,47,43,49,0,0,51,51,46,,,,,,,,,,,,False,,,0,,,,,,0,50,,gap
P6342,John,Doe,2002-03-15,78,216,Unknown,medium,brown,goatee,R,C,,0,,,53,51,48,52,53,53,58,48,53,51,,,,,,,,,,,,59,59,57,65,53,0,0,48,59,61,,,,,,,,,,,,False,,,0,,,,,,0,50,,average
P6658,John,Doe,2007-01-16,70,226,Unknown,medium,black,clean_shaven,R,P,,1,RP,CL,,,,,55,,,,49,54,52,51,52,49,52,58,61,65,0,0,0,,,,,0,,,,65,78,81,81,75,75,69,85,73,76,0,0,0,False,,,0,,,,,,0,50,closer,
P3395,John,Doe,2007-11-19,68,190,Unknown,medium,black,clean_shaven,L,P,,1,RP,SP,,,,,54,,,,50,49,54,52,53,50,50,0,60,0,60,0,0,,,,,0,,,,73,65,79,83,82,66,75,0,72,0,77,0,0,False,,,0,,,,,,0,50,groundball_sp,
P2128,John,Doe,2007-07-30,71,250,Unknown,dark,black,clean_shaven,R,P,,1,RP,SP,,,,,9,,,,50,49,52,51,52,50,52,62,59,60,0,0,0,,,,,27,,,,60,69,61,69,74,67,75,80,78,75,0,0,0,False,,,0,,,,,,0,50,workhorse_sp,
P2510,John,Doe,2005-07-02,76,247,Unknown,dark,black,mustache,L,P,,1,RP,SP,,,,,48,,,,48,53,51,53,53,50,53,58,61,0,0,0,0,,,,,0,,,,72,65,82,81,63,73,79,86,88,0,0,0,0,False,,,0,,,,,,0,50,balanced_sp,
P8947,John,Doe,2007-12-09,76,247,Unknown,dark,black,clean_shaven,L,P,,1,RP,SP,,,,,51,,,,52,49,52,52,52,49,51,58,61,61,0,57,0,,,,,0,,,,77,78,62,69,73,63,79,78,72,91,0,68,0,False,,,0,,,,,,0,50,balanced_sp,
P3154,John,Doe,2004-07-23,70,169,Unknown,dark,black,clean_shaven,L,1B,,0,,,50,60,52,49,50,50,47,51,50,51,,,,,,,,,,,,77,88,72,67,50,0,0,51,77,75,,,,,,,,,,,,False,,,0,,,,,,0,50,,power
P8862,John,Doe,2005-09-20,77,242,Unknown,medium,black,clean_shaven,R,C,,0,,,49,50,50,49,49,49,59,50,50,50,,,,,,,,,,,,74,73,61,70,49,0,0,50,65,78,,,,,,,,,,,,False,,,0,,,,,,0,50,,average
P3096,John,Doe,2005-03-28,75,223,Unknown,medium,black,clean_shaven,R,C,,0,,,60,48,52,52,51,50,58,49,49,48,,,,,,,,,,,,74,58,78,76,51,0,0,49,71,77,,,,,,,,,,,,False,,,0,,,,,,0,50,,spray
P2828,John,Doe,2004-11-29,72,183,Unknown,dark,black,clean_shaven,L,LF,,0,,,51,50,70,52,53,50,47,50,50,50,,,,,,,,,,,,75,72,99,71,53,0,0,50,65,67,,,,,,,,,,,,False,,,0,,,,,,0,50,,speed
P6419,John,Doe,2006-10-10,71,181,Unknown,dark,blonde,clean_shaven,R,RF,,0,,,52,58,49,51,50,49,56,49,50,51,,,,,,,,,,,,75,71,60,79,50,0,0,49,67,79,,,,,,,,,,,,False,,,0,,,,,,0,50,,power
P3225,John,Doe,1992-05-07,74,213,Unknown,medium,red,clean_shaven,R,P,,1,RP,CL,,,,,55,,,,49,52,48,50,53,50,56,0,59,67,0,0,0,,,,,0,,,,40,46,47,45,39,40,54,0,54,66,0,0,0,False,,,0,,,,,,0,50,closer,
P8864,John,Doe,1990-04-24,77,241,Unknown,light,blonde,clean_shaven,L,P,,1,RP,SP,,,,,52,,,,51,52,50,51,52,48,51,0,60,61,61,0,0,,,,,0,,,,42,51,42,52,43,40,44,0,51,52,60,0,0,False,,,0,,,,,,0,50,groundball_sp,
P9780,John,Doe,1996-06-10,73,216,Unknown,light,black,clean_shaven,L,P,,1,RP,RP,,,,,52,,,,52,50,50,51,52,53,56,0,60,67,60,0,0,,,,,0,,,,50,45,50,55,52,55,56,0,61,67,64,0,0,False,,,0,,,,,,0,50,power_rp,
P3222,John,Doe,1999-08-04,75,225,Unknown,light,blonde,clean_shaven,S,P,,1,RP,CL,,,,,48,,,,50,50,50,50,52,51,56,58,58,65,0,0,0,,,,,0,,,,56,60,60,57,61,62,64,64,66,77,0,0,0,False,,,0,,,,,,0,50,closer,
P7208,John,Doe,1987-06-05,77,186,Unknown,medium,black,beard,L,P,,1,RP,SP,,,,,51,,,,49,52,52,50,52,52,53,60,59,61,0,0,0,,,,,0,,,,44,43,44,42,48,51,44,58,59,56,0,0,0,False,,,0,,,,,,0,50,workhorse_sp,
P7387,John,Doe,2003-02-10,68,186,Unknown,medium,blonde,clean_shaven,R,P,,1,RP,CL,,,,,51,,,,52,52,51,50,52,49,55,61,58,67,0,0,0,,,,,0,,,,62,63,62,65,62,60,66,66,64,77,0,0,0,False,,,0,,,,,,0,50,closer,
P5471,John,Doe,1992-03-06,68,240,Unknown,medium,blonde,goatee,L,P,,1,RP,RP,,,,,57,,,,49,49,50,50,52,50,51,0,0,0,63,0,0,,,,,0,,,,46,44,49,51,46,46,50,0,0,0,57,0,0,False,,,0,,,,,,0,50,groundball_rp,
P9775,John,Doe,1996-12-24,69,192,Unknown,dark,black,beard,L,P,,1,RP,RP,,,,,57,,,,51,52,51,50,52,50,49,57,61,0,61,0,0,,,,,0,,,,49,51,55,52,47,53,44,52,64,0,65,0,0,False,,,0,,,,,,0,50,groundball_rp,
P6040,John,Doe,2002-12-09,72,210,Unknown,medium,blonde,clean_shaven,L,P,,1,RP,SP,,,,,51,,,,52,52,53,51,52,51,51,61,0,0,61,0,0,,,,,0,,,,58,66,56,63,65,58,64,72,0,0,74,0,0,False,,,0,,,,,,0,50,groundball_sp,
P9984,John,Doe,1989-10-26,68,207,Unknown,dark,brown,clean_shaven,S,P,,1,RP,CL,,,,,49,,,,49,53,50,52,52,52,54,0,0,65,0,0,0,,,,,0,,,,43,46,45,52,46,42,51,0,0,62,0,0,0,False,,,0,,,,,,0,50,closer,
P4128,John,Doe,1998-02-18,69,236,Unknown,medium,black,clean_shaven,R,P,,1,RP,RP,,,,,51,,,,49,52,48,50,52,48,51,0,63,64,0,0,0,,,,,0,,,,49,48,51,49,43,45,56,0,59,62,0,0,0,False,,,0,,,,,,0,50,power_rp,
P6651,John,Doe,2004-12-25,74,205,Unknown,dark,brown,clean_shaven,R,C,,0,,,51,59,49,52,49,49,58,49,53,49,,,,,,,,,,,,70,71,63,63,49,0,0,49,65,74,,,,,,,,,,,,False,,,0,,,,,,0,50,,power
P2342,John,Doe,1997-05-06,69,192,Unknown,dark,black,beard,L,1B,,0,,,51,62,50,50,48,50,48,51,50,48,,,,,,,,,,,,52,59,46,50,48,0,0,51,55,50,,,,,,,,,,,,False,,,0,,,,,,0,50,,power
P6830,John,Doe,1988-03-29,71,197,Unknown,light,red,mustache,R,2B,,0,,,52,51,51,51,49,49,59,49,51,49,,,,,,,,,,,,46,49,43,45,49,0,0,49,44,49,,,,,,,,,,,,False,,,0,,,,,,0,50,,balanced
P5276,John,Doe,1989-09-08,70,242,Unknown,dark,brown,clean_shaven,R,3B,,0,,,63,51,51,55,49,51,56,51,52,49,,,,,,,,,,,,58,41,47,49,49,0,0,51,45,48,,,,,,,,,,,,False,,,0,,,,,,0,50,,spray
P9510,John,Doe,2001-01-27,74,221,Unknown,medium,brown,clean_shaven,R,SS,,0,,,61,53,53,56,52,46,61,49,49,50,,,,,,,,,,,,71,61,60,65,52,0,0,49,56,65,,,,,,,,,,,,False,,,0,,,,,,0,50,,spray
P9289,John,Doe,1999-03-14,71,198,Unknown,medium,black,clean_shaven,R,LF,,0,,,50,50,71,53,50,48,55,51,51,51,,,,,,,,,,,,56,59,80,64,50,0,0,51,66,60,,,,,,,,,,,,False,,,0,,,,,,0,50,,speed
P5433,John,Doe,1995-04-12,69,238,Unknown,light,brown,clean_shaven,R,CF,,0,,,61,50,50,50,50,48,58,53,52,51,,,,,,,,,,,,57,47,54,53,50,0,0,53,54,54,,,,,,,,,,,,False,,,0,,,,,,0,50,,spray
P7784,John,Doe,1999-06-11,71,209,Unknown,medium,brown,clean_shaven,S,RF,,0,,,54,55,52,51,49,49,54,51,50,54,,,,,,,,,,,,59,61,62,58,49,0,0,51,58,67,,,,,,,,,,,,False,,,0,,,,,,0,50,,gap
P2977,John,Doe,1994-10-29,71,230,Unknown,dark,black,clean_shaven,L,1B,,0,,,50,51,70,51,53,51,46,49,50,48,,,,,,,,,,,,50,51,71,51,53,0,0,49,54,44,,,,,,,,,,,,False,,,0,,,,,,0,50,,speed
P7204,John,Doe,1994-07-08,76,235,Unknown,dark,blonde,beard,R,SS,,0,,,51,51,70,52,51,47,58,51,51,50,,,,,,,,,,,,53,48,70,53,51,0,0,51,49,50,,,,,,,,,,,,False,,,0,,,,,,0,50,,speed
P3099,John,Doe,1999-10-07,68,195,Unknown,light,black,clean_shaven,R,1B,,0,,,49,55,50,48,53,52,50,53,53,52,,,,,,,,,,,,57,64,60,58,53,0,0,53,66,66,,,,,,,,,,,,False,,,0,,,,,,0,50,,average
P2616,John,Doe,1988-05-16,76,234,Unknown,medium,brown,clean_shaven,R,2B,,0,,,55,49,51,54,51,51,56,50,49,50,,,,,,,,,,,,48,42,42,52,51,0,0,50,48,40,,,,,,,,,,,,False,,,0,,,,,,0,50,,spray
P2845,John,Doe,2003-04-19,78,203,Unknown,dark,brown,clean_shaven,L,1B,,0,,,52,52,78,52,51,53,46,49,50,52,,,,,,,,,,,,59,61,88,63,51,0,0,49,64,58,,,,,,,,,,,,False,,,0,,,,,,0,50,,speed
P5058,John,Doe,1997-12-20,74,160,Unknown,dark,brown,clean_shaven,S,1B,LF,0,,,51,61,49,50,47,50,51,52,51,52,,,,,,,,,,,,56,65,53,50,47,0,0,52,50,52,,,,,,,,,,,,False,,,0,,,,,,0,50,,power
P5332,John,Doe,1992-07-26,78,192,Unknown,medium,black,goatee,R,P,,1,RP,CL,,,,,55,,,,50,53,49,51,53,49,56,56,61,65,0,0,0,,,,,0,,,,40,50,48,45,46,42,47,53,55,55,0,0,0,False,,,0,,,,,,0,50,closer,
P4166,John,Doe,2000-02-25,68,218,Unknown,light,black,clean_shaven,L,P,,1,RP,SP,,,,,50,,,,51,51,51,52,53,52,50,62,64,0,58,57,0,,,,,0,,,,57,65,59,64,58,62,58,75,71,0,65,62,0,False,,,0,,,,,,0,50,finesse_sp,
P3107,John,Doe,1994-04-30,68,229,Unknown,light,red,clean_shaven,S,P,,1,RP,SP,,,,,65,,,,52,52,54,53,52,53,54,60,62,61,59,0,0,,,,,64,,,,54,48,55,55,59,57,50,59,61,59,55,0,0,False,,,0,,,,,,0,50,power_sp,
P8354,John,Doe,2003-09-21,70,172,Unknown,light,black,clean_shaven,L,P,,1,RP,SP,,,,,50,,,,51,52,51,51,52,51,51,62,62,58,0,54,0,,,,,0,,,,58,60,62,63,61,62,62,71,77,73,0,66,0,False,,,0,,,,,,0,50,finesse_sp,
P3541,John,Doe,1990-09-15,68,246,Unknown,light,brown,goatee,L,P,,1,RP,RP,,,,,51,,,,52,52,53,54,52,49,48,0,59,0,0,0,0,,,,,0,,,,48,52,51,47,44,43,47,0,57,0,0,0,0,False,,,0,,,,,,0,50,finesse_rp,
P4905,John,Doe,1988-10-07,77,188,Unknown,light,brown,clean_shaven,R,P,,1,RP,SP,,,,,51,,,,51,52,54,52,52,49,50,62,63,61,0,0,0,,,,,0,,,,45,47,50,45,48,40,44,61,56,57,0,0,0,False,,,0,,,,,,0,50,workhorse_sp,
P6723,John,Doe,1997-02-11,78,203,Unknown,light,brown,clean_shaven,R,P,,1,RP,CL,,,,,50,,,,52,51,48,52,52,52,54,59,58,67,0,0,0,,,,,0,,,,54,53,54,50,44,51,49,55,60,66,0,0,0,False,,,0,,,,,,0,50,closer,
P5025,John,Doe,1992-07-04,70,198,Unknown,medium,blonde,clean_shaven,L,CF,,0,,,61,51,52,51,52,50,47,49,50,49,,,,,,,,,,,,54,42,47,51,52,0,0,49,46,47,,,,,,,,,,,,False,,,0,,,,,,0,50,,spray
P7507,John,Doe,1994-01-28,74,211,Unknown,dark,black,clean_shaven,R,1B,,0,,,49,60,53,50,47,50,54,52,52,50,,,,,,,,,,,,45,53,53,40,47,0,0,52,46,45,,,,,,,,,,,,False,,,0,,,,,,0,50,,power
P1247,John,Doe,2000-07-01,70,245,Unknown,dark,brown,beard,S,RF,,0,,,49,59,50,50,50,50,50,48,49,50,,,,,,,,,,,,63,70,56,63,50,0,0,48,62,65,,,,,,,,,,,,False,,,0,,,,,,0,50,,power
P4071,John,Doe,1989-05-29,69,204,Unknown,dark,black,mustache,R,C,,0,,,59,51,50,55,52,47,60,52,53,52,,,,,,,,,,,,59,48,44,51,52,0,0,52,51,47,,,,,,,,,,,,False,,,0,,,,,,0,50,,spray
P5002,John,Doe,2002-11-23,68,201,Unknown,medium,brown,clean_shaven,R,RF,,0,,,50,54,49,49,52,50,56,52,51,52,,,,,,,,,,,,59,61,64,58,52,0,0,52,64,63,,,,,,,,,,,,False,,,0,,,,,,0,50,,balanced
P7804,John,Doe,1997-10-27,74,235,Unknown,dark,brown,mustache,L,SS,,0,,,54,56,50,54,47,51,47,51,51,49,,,,,,,,,,,,55,52,47,55,47,0,0,51,48,48,,,,,,,,,,,,False,,,0,,,,,,0,50,,gap
P7793,John,Doe,1989-06-01,78,161,Unknown,dark,blonde,beard,R,2B,,0,,,60,51,53,56,49,47,55,51,50,50,,,,,,,,,,,,58,51,49,49,49,0,0,51,45,43,,,,,,,,,,,,False,,,0,,,,,,0,50,,spray
P3259,John,Doe,2000-06-07,71,236,Unknown,light,black,clean_shaven,S,SS,,0,,,54,50,49,52,50,48,57,52,49,51,,,,,,,,,,,,63,55,64,65,50,0,0,52,57,61,,,,,,,,,,,,False,,,0,,,,,,0,50,,balanced
P3125,John,Doe,2007-07-08,73,216,Unknown,light,blonde,beard,R,P,,1,RP,CL,,,,,55,,,,51,52,52,53,56,51,55,56,0,65,0,0,0,,,,,0,,,,73,64,73,77,65,67,70,83,0,84,0,0,0,False,,,0,,,,,,0,50,closer,
P2357,John,Doe,2006-04-04,72,230,Unknown,light,blonde,clean_shaven,L,P,,1,RP,RP,,,,,57,,,,52,52,51,51,52,50,49,0,0,0,64,0,0,,,,,0,,,,75,76,78,62,63,79,73,0,0,0,90,0,0,False,,,0,,,,,,0,50,groundball_rp,
P7165,John,Doe,2005-07-18,69,184,Unknown,medium,brown,clean_shaven,S,P,,1,RP,CL,,,,,52,,,,51,54,52,50,52,51,53,0,0,65,0,0,0,,,,,0,,,,72,81,66,68,65,65,81,0,0,83,0,0,0,False,,,0,,,,,,0,50,closer,
P6517,John,Doe,2004-03-11,73,160,Unknown,medium,blonde,clean_shaven,R,P,,1,RP,SP,,,,,52,,,,49,53,51,50,53,50,53,0,64,59,61,57,0,,,,,0,,,,77,82,65,66,80,74,76,0,82,75,83,71,0,False,,,0,,,,,,0,50,power_sp,
P2470,John,Doe,2007-12-09,72,216,Unknown,medium,black,clean_shaven,L,P,,1,RP,SP,,,,,51,,,,48,52,53,52,53,52,53,0,61,0,62,0,0,,,,,0,,,,75,79,72,72,63,70,72,0,74,0,82,0,0,False,,,0,,,,,,0,50,groundball_sp,
P1776,John,Doe,2005-12-28,77,231,Unknown,dark,brown,clean_shaven,L,2B,,0,,,53,53,52,52,48,51,50,48,52,52,,,,,,,,,,,,64,72,68,67,48,0,0,48,82,65,,,,,,,,,,,,False,,,0,,,,,,0,50,,balanced
P5948,John,Doe,2006-02-03,76,209,Unknown,medium,black,clean_shaven,R,C,,0,,,50,50,52,51,50,50,55,49,49,48,,,,,,,,,,,,66,62,65,78,50,0,0,49,62,66,,,,,,,,,,,,False,,,0,,,,,,0,50,,balanced
P9111,John,Doe,2006-06-07,70,232,Unknown,dark,brown,goatee,R,3B,,0,,,52,50,53,50,51,52,57,49,49,50,,,,,,,,,,,,68,80,77,60,51,0,0,49,77,68,,,,,,,,,,,,False,,,0,,,,,,0,50,,average
P2954,John,Doe,2007-12-24,73,243,Unknown,medium,black,beard,R,C,,0,,,51,53,52,50,51,52,56,51,51,52,,,,,,,,,,,,72,71,63,60,51,0,0,51,63,62,,,,,,,,,,,,False,,,0,,,,,,0,50,,average
P6043,John,Doe,2007-03-10,68,199,Unknown,medium,black,goatee,L,1B,,0,,,51,58,50,52,51,48,47,51,49,52,,,,,,,,,,,,71,81,76,75,51,0,0,51,59,66,,,,,,,,,,,,False,,,0,,,,,,0,50,,average
P6556,John,Doe,2002-02-19,68,167,Unknown,medium,brown,mustache,L,P,,1,RP,CL,,,,,55,,,,53,51,49,50,53,52,54,0,0,65,0,0,0,,,,,0,,,,65,59,61,60,57,64,61,0,0,72,0,0,0,False,,,0,,,,,,0,50,closer,
P6257,John,Doe,1993-09-03,75,181,Unknown,dark,black,mustache,L,P,,1,RP,RP,,,,,49,,,,51,53,50,50,52,50,51,0,63,66,0,0,0,,,,,0,,,,50,44,45,46,49,45,42,0,61,60,0,0,0,False,,,0,,,,,,0,50,power_rp,
P7961,John,Doe,1996-03-12,74,239,Unknown,medium,brown,beard,R,P,,1,RP,RP,,,,,55,,,,52,51,52,50,52,51,50,58,0,0,60,0,0,,,,,0,,,,48,53,46,47,48,50,49,62,0,0,64,0,0,False,,,0,,,,,,0,50,groundball_rp,
P9718,John,Doe,1997-02-21,76,195,Unknown,dark,brown,clean_shaven,R,P,,1,RP,SP,,,,,52,,,,51,51,53,52,53,49,51,0,63,61,0,0,0,,,,,0,,,,53,50,49,56,57,46,53,0,61,60,0,0,0,False,,,0,,,,,,0,50,power_sp,
P6970,John,Doe,1987-03-06,75,228,Unknown,medium,brown,mustache,S,P,,1,RP,SP,,,,,51,,,,49,48,53,53,52,49,49,59,62,58,55,0,0,,,,,0,,,,44,43,43,49,50,42,44,57,54,48,52,0,0,False,,,0,,,,,,0,50,workhorse_sp,
P7882,John,Doe,1999-10-15,76,168,Unknown,light,black,beard,R,P,,1,RP,CL,,,,,52,,,,52,52,52,50,52,51,54,0,0,65,0,0,0,,,,,0,,,,57,65,55,60,67,60,69,0,0,71,0,0,0,False,,,0,,,,,,0,50,closer,
P4035,John,Doe,2004-12-27,69,246,Unknown,dark,black,clean_shaven,R,P,,1,RP,RP,,,,,53,,,,50,51,52,52,53,51,50,0,0,0,62,0,0,,,,,0,,,,64,75,70,82,72,78,63,0,0,0,83,0,0,False,,,0,,,,,,0,50,groundball_rp,
P1550,John,Doe,1989-10-02,72,162,Unknown,dark,brown,clean_shaven,R,P,,1,RP,RP,,,,,56,,,,51,50,48,53,52,48,51,0,62,0,62,0,0,,,,,0,,,,48,45,43,47,48,43,51,0,55,0,60,0,0,False,,,0,,,,,,0,50,groundball_rp,
P2263,John,Doe,2001-10-23,77,226,Unknown,light,brown,clean_shaven,R,P,,1,RP,SP,,,,,52,,,,52,50,53,52,53,49,52,59,64,0,0,0,0,,,,,0,,,,66,57,60,65,65,57,67,67,69,0,0,0,0,False,,,0,,,,,,0,50,finesse_sp,
P4243,John,Doe,2003-11-15,70,176,Unknown,medium,blonde,mustache,L,P,,1,RP,RP,,,,,52,,,,48,54,51,52,52,50,54,0,62,64,0,0,0,,,,,0,,,,60,63,67,64,61,62,67,0,73,75,0,0,0,False,,,0,,,,,,0,50,power_rp,
P8952,John,Doe,1997-11-23,70,161,Unknown,medium,brown,beard,R,P,,1,RP,RP,,,,,69,,,,48,49,53,50,52,53,52,0,60,0,0,0,0,,,,,73,,,,45,49,54,55,50,52,57,0,55,0,0,0,0,False,,,0,,,,,,0,50,finesse_rp,
P1175,John,Doe,1988-11-07,69,247,Unknown,light,blonde,clean_shaven,R,C,,0,,,62,51,50,54,52,47,58,48,53,52,,,,,,,,,,,,61,45,45,53,52,0,0,48,52,52,,,,,,,,,,,,False,,,0,,,,,,0,50,,spray
P6072,John,Doe,1988-10-23,71,218,Unknown,dark,brown,beard,L,1B,,0,,,52,61,48,51,49,52,43,51,52,49,,,,,,,,,,,,44,60,38,50,49,0,0,51,45,42,,,,,,,,,,,,False,,,0,,,,,,0,50,,power
P2727,John,Doe,2000-03-19,78,187,Unknown,dark,brown,clean_shaven,R,2B,,0,,,53,52,48,49,51,52,58,53,52,51,,,,,,,,,,,,67,65,53,58,51,0,0,53,59,58,,,,,,,,,,,,False,,,0,,,,,,0,50,,average
P2742,John,Doe,1992-10-19,77,222,Unknown,medium,brown,goatee,R,3B,,0,,,54,54,52,51,47,48,57,53,50,50,,,,,,,,,,,,47,49,50,47,47,0,0,53,49,40,,,,,,,,,,,,False,,,0,,,,,,0,50,,gap
P1810,John,Doe,1988-03-03,71,194,Unknown,medium,black,clean_shaven,R,SS,,0,,,49,50,49,51,49,50,58,51,50,48,,,,,,,,,,,,45,46,47,47,49,0,0,51,40,38,,,,,,,,,,,,False,,,0,,,,,,0,50,,average
P2937,John,Doe,1989-09-26,75,208,Unknown,light,black,clean_shaven,R,LF,,0,,,49,60,48,51,51,53,56,50,52,52,,,,,,,,,,,,41,54,43,48,51,0,0,50,43,48,,,,,,,,,,,,False,,,0,,,,,,0,50,,power
P1882,John,Doe,2000-07-24,74,203,Unknown,dark,red,clean_shaven,S,CF,,0,,,53,59,51,49,48,50,52,51,50,51,,,,,,,,,,,,64,67,63,62,48,0,0,51,62,63,,,,,,,,,,,,False,,,0,,,,,,0,50,,power
P4708,John,Doe,2003-07-14,72,200,Unknown,dark,black,clean_shaven,L,RF,,0,,,50,56,49,51,48,54,48,52,47,53,,,,,,,,,,,,57,65,59,57,48,0,0,52,61,65,,,,,,,,,,,,False,,,0,,,,,,0,50,,power
P1795,John,Doe,2002-09-04,70,224,Unknown,dark,brown,clean_shaven,R,CF,,0,,,51,49,70,52,49,49,58,49,51,52,,,,,,,,,,,,66,62,75,58,49,0,0,49,62,58,,,,,,,,,,,,False,,,0,,,,,,0,50,,speed
P9174,John,Doe,1995-10-08,68,248,Unknown,dark,black,beard,L,LF,RF,0,,,52,53,48,51,50,52,49,49,50,48,,,,,,,,,,,,51,48,52,46,50,0,0,49,48,49,,,,,,,,,,,,False,,,0,,,,,,0,50,,balanced
P6221,John,Doe,1992-11-16,74,177,Unknown,light,blonde,clean_shaven,R,SS,,0,,,48,49,49,49,51,48,61,52,51,47,,,,,,,,,,,,46,44,47,46,51,0,0,52,46,40,,,,,,,,,,,,False,,,0,,,,,,0,50,,average
P3779,John,Doe,1998-03-28,77,208,Unknown,light,brown,clean_shaven,R,RF,CF,0,,,50,50,50,50,53,52,50,47,48,51,,,,,,,,,,,,65,60,58,57,53,0,0,47,60,64,,,,,,,,,,,,False,,,0,,,,,,0,50,,balanced
P4410,John,Doe,1993-03-03,70,166,Unknown,dark,blonde,clean_shaven,R,LF,,0,,,53,51,50,51,53,50,57,53,49,51,,,,,,,,,,,,49,51,43,43,53,0,0,53,41,44,,,,,,,,,,,,False,,,0,,,,,,0,50,,average
P3234,John,Doe,2003-01-04,78,236,Unknown,dark,red,clean_shaven,R,1B,,0,,,53,51,49,52,52,49,57,50,53,50,,,,,,,,,,,,66,63,55,67,52,0,0,50,68,59,,,,,,,,,,,,False,,,0,,,,,,0,50,,average
P4230,John,Doe,2004-01-25,70,205,Unknown,medium,black,clean_shaven,R,P,,1,RP,CL,,,,,55,,,,49,52,49,50,52,51,52,58,59,65,0,0,0,,,,,0,,,,60,60,55,61,58,60,61,69,68,76,0,0,0,False,,,0,,,,,,0,50,closer,
P9272,John,Doe,1997-01-18,72,199,Unknown,medium,black,clean_shaven,R,P,,1,RP,SP,,,,,51,,,,51,49,50,51,53,52,50,57,0,0,61,0,0,,,,,0,,,,54,50,48,48,48,52,52,52,0,0,61,0,0,False,,,0,,,,,,0,50,groundball_sp,
P8065,John,Doe,1991-11-13,76,235,Unknown,medium,black,clean_shaven,R,P,,1,RP,SP,,,,,48,,,,49,52,51,51,53,52,50,62,63,0,59,54,0,,,,,0,,,,45,42,46,43,48,52,41,58,60,0,55,53,0,False,,,0,,,,,,0,50,finesse_sp,
P9628,John,Doe,1993-06-28,72,186,Unknown,dark,black,clean_shaven,L,P,,1,RP,SP,,,,,50,,,,48,48,52,50,52,49,53,58,63,60,0,0,0,,,,,0,,,,38,47,43,43,44,49,46,49,54,50,0,0,0,False,,,0,,,,,,0,50,balanced_sp,
P4845,John,Doe,2000-12-01,74,169,Unknown,medium,brown,goatee,R,P,,1,RP,LR,,,,,54,,,,48,49,51,50,52,49,53,59,0,0,0,0,0,,,,,0,,,,53,56,63,61,56,58,67,70,0,0,0,0,0,False,,,0,,,,,,0,50,long_relief,
P7676,John,Doe,1991-04-28,68,241,Unknown,dark,black,beard,R,P,,1,RP,RP,,,,,52,,,,50,49,50,52,52,52,51,0,63,63,0,54,0,,,,,0,,,,41,40,44,50,49,49,48,0,59,59,0,50,0,False,,,0,,,,,,0,50,power_rp,
P8684,John,Doe,1996-05-21,71,212,Unknown,light,black,beard,L,P,,1,RP,SP,,,,,50,,,,49,53,51,53,52,48,53,62,59,62,58,0,0,,,,,0,,,,54,58,52,55,46,50,55,64,62,61,55,0,0,False,,,0,,,,,,0,50,power_sp,
P3109,John,Doe,2001-12-27,75,228,Unknown,medium,black,beard,R,3B,,0,,,52,60,47,49,47,50,58,51,52,48,,,,,,,,,,,,59,74,57,55,47,0,0,51,65,57,,,,,,,,,,,,False,,,0,,,,,,0,50,,power
P8872,John,Doe,2003-04-25,78,181,Unknown,light,brown,clean_shaven,R,C,,0,,,57,49,49,53,50,50,60,52,53,50,,,,,,,,,,,,70,57,54,58,50,0,0,52,64,64,,,,,,,,,,,,False,,,0,,,,,,0,50,,spray
P3689,John,Doe,1994-05-13,78,246,Unknown,light,brown,clean_shaven,R,2B,,0,,,54,49,85,52,52,51,58,51,50,53,,,,,,,,,,,,51,51,80,51,52,0,0,51,45,56,,,,,,,,,,,,False,,,0,,,,,,0,50,,elite_speed
P5420,John,Doe,2003-03-05,75,195,Unknown,dark,black,clean_shaven,R,CF,,0,,,51,51,52,51,50,52,56,52,49,48,,,,,,,,,,,,56,58,63,60,50,0,0,52,54,62,,,,,,,,,,,,False,,,0,,,,,,0,50,,balanced
P4095,John,Doe,2000-06-11,69,160,Unknown,dark,black,goatee,R,SS,,0,,,51,52,53,50,51,51,58,51,52,51,,,,,,,,,,,,65,57,65,64,51,0,0,51,64,63,,,,,,,,,,,,False,,,0,,,,,,0,50,,balanced
P9485,John,Doe,1998-05-16,69,186,Unknown,dark,blonde,goatee,R,1B,,0,,,50,53,50,49,51,53,57,49,50,52,,,,,,,,,,,,59,65,62,57,51,0,0,49,65,66,,,,,,,,,,,,False,,,0,,,,,,0,50,,average
P1836,John,Doe,1999-10-02,69,227,Unknown,dark,brown,clean_shaven,R,C,,0,,,59,48,52,50,51,48,55,50,49,49,,,,,,,,,,,,73,53,66,55,51,0,0,50,59,60,,,,,,,,,,,,False,,,0,,,,,,0,50,,spray
P2946,John,Doe,1995-12-26,76,208,Unknown,dark,brown,mustache,L,1B,,0,,,50,54,48,51,49,49,48,52,50,48,,,,,,,,,,,,48,52,49,46,49,0,0,52,51,53,,,,,,,,,,,,False,,,0,,,,,,0,50,,average
P5965,John,Doe,2008-02-10,72,168,Unknown,dark,black,clean_shaven,R,P,,1,RP,CL,,,,,55,,,,51,50,51,52,52,50,55,0,0,65,0,0,0,,,,,0,,,,62,71,69,63,63,79,68,0,0,76,0,0,0,False,,,0,,,,,,0,50,closer,
P6442,John,Doe,2005-11-19,74,215,Unknown,medium,black,clean_shaven,R,P,,1,RP,RP,,,,,53,,,,53,54,48,51,53,49,52,0,60,67,0,58,0,,,,,0,,,,75,82,72,79,75,73,66,0,89,92,0,77,0,False,,,0,,,,,,0,50,power_rp,
P2764,John,Doe,2006-12-31,77,175,Unknown,medium,blonde,clean_shaven,R,P,,1,RP,RP,,,,,49,,,,51,49,49,50,53,51,52,56,62,0,61,0,0,,,,,0,,,,76,59,71,74,75,76,72,66,74,0,90,0,0,False,,,0,,,,,,0,50,finesse_rp,
P8323,John,Doe,2005-11-22,75,186,Unknown,dark,red,clean_shaven,R,P,,1,RP,CL,,,,,50,,,,49,54,48,50,52,48,53,60,59,65,0,0,0,,,,,0,,,,77,77,75,70,72,74,77,79,70,90,0,0,0,False,,,0,,,,,,0,50,closer,
P3567,John,Doe,2007-03-04,68,216,Unknown,light,blonde,clean_shaven,R,P,,1,RP,SP,,,,,49,,,,49,51,54,51,52,51,51,59,62,57,56,0,0,,,,,0,,,,65,73,77,68,66,75,69,78,78,81,84,0,0,False,,,0,,,,,,0,50,finesse_sp,
P6901,John,Doe,2004-03-09,76,164,Unknown,medium,blonde,goatee,L,1B,,0,,,62,65,49,49,48,49,48,53,52,52,,,,,,,,,,,,82,82,70,74,48,0,0,53,75,64,,,,,,,,,,,,False,,,0,,,,,,0,50,,gap
P8093,John,Doe,2007-12-07,76,235,Unknown,dark,blonde,clean_shaven,L,SS,,0,,,53,54,50,51,48,49,50,51,51,51,,,,,,,,,,,,63,73,70,70,48,0,0,51,63,63,,,,,,,,,,,,False,,,0,,,,,,0,50,,balanced
P3913,John,Doe,2006-05-05,74,238,Unknown,dark,black,clean_shaven,R,1B,,0,,,63,54,49,52,53,49,51,49,53,52,,,,,,,,,,,,82,81,64,74,53,0,0,49,72,62,,,,,,,,,,,,False,,,0,,,,,,0,50,,spray
P9654,John,Doe,2007-07-12,68,191,Unknown,light,brown,clean_shaven,R,2B,,0,,,53,50,50,52,50,50,59,53,48,48,,,,,,,,,,,,66,79,76,80,50,0,0,53,67,59,,,,,,,,,,,,False,,,0,,,,,,0,50,,average
P3085,John,Doe,2004-12-25,69,180,Unknown,dark,black,clean_shaven,R,C,,0,,,51,53,50,50,50,52,58,52,49,52,,,,,,,,,,,,71,69,75,79,50,0,0,52,79,65,,,,,,,,,,,,False,,,0,,,,,,0,50,,balanced
P2645,John,Doe,2002-06-23,74,165,Unknown,light,brown,beard,R,P,,1,RP,CL,,,,,55,,,,53,54,48,51,52,51,53,0,0,67,0,0,0,,,,,0,,,,59,64,65,62,61,65,64,0,0,72,0,0,0,False,,,0,,,,,,0,50,closer,
P4332,John,Doe,1990-02-22,75,178,Unknown,medium,brown,goatee,S,P,,1,RP,SP,,,,,48,,,,48,52,51,51,54,51,53,59,61,0,57,54,0,,,,,0,,,,42,49,41,48,50,47,43,51,61,0,57,51,0,False,,,0,,,,,,0,50,finesse_sp,
P2302,John,Doe,1997-04-07,73,216,Unknown,dark,black,clean_shaven,L,P,,1,RP,SP,,,,,47,,,,53,51,52,51,52,49,52,61,62,58,0,54,0,,,,,0,,,,55,56,51,48,54,45,54,59,57,53,0,56,0,False,,,0,,,,,,0,50,power_sp,
P2663,John,Doe,2002-11-30,78,161,Unknown,light,black,goatee,L,P,,1,RP,RP,,,,,57,,,,53,51,52,50,52,50,51,57,58,0,62,0,0,,,,,0,,,,65,61,61,61,62,62,62,69,69,0,73,0,0,False,,,0,,,,,,0,50,groundball_rp,
P4992,John,Doe,1995-01-21,69,216,Unknown,medium,black,clean_shaven,L,P,,1,RP,RP,,,,,51,,,,51,51,53,51,53,49,52,57,59,0,0,0,0,,,,,0,,,,51,51,48,54,52,54,52,58,54,0,0,0,0,False,,,0,,,,,,0,50,finesse_rp,
P6440,John,Doe,1996-01-14,77,231,Unknown,medium,blonde,goatee,R,P,,1,RP,SP,,,,,52,,,,48,52,52,53,52,52,52,63,60,0,0,0,0,,,,,0,,,,48,57,56,56,51,56,56,58,57,0,0,0,0,False,,,0,,,,,,0,50,finesse_sp,
P4947,John,Doe,1990-09-04,78,170,Unknown,light,blonde,clean_shaven,L,P,,1,RP,RP,,,,,49,,,,48,52,49,51,54,53,50,56,61,65,0,0,0,,,,,0,,,,44,44,49,50,47,52,42,53,57,57,0,0,0,False,,,0,,,,,,0,50,power_rp,
P2139,John,Doe,1993-09-01,76,250,Unknown,light,brown,clean_shaven,L,P,,1,RP,SP,,,,,48,,,,52,49,52,51,52,52,50,59,64,62,0,57,0,,,,,0,,,,46,45,51,44,52,48,41,51,59,57,0,51,0,False,,,0,,,,,,0,50,finesse_sp,
P3817,John,Doe,1997-01-04,72,235,Unknown,light,brown,beard,S,P,,1,RP,SP,,,,,54,,,,51,51,53,50,52,49,50,60,58,59,58,0,0,,,,,0,,,,49,49,53,50,53,44,54,60,60,60,63,0,0,False,,,0,,,,,,0,50,groundball_sp,
P5939,John,Doe,1989-01-27,71,172,Unknown,dark,black,clean_shaven,L,P,,1,RP,SP,,,,,51,,,,50,49,50,50,52,49,52,58,60,0,0,0,0,,,,,0,,,,44,46,46,52,50,46,42,55,50,0,0,0,0,False,,,0,,,,,,0,50,finesse_sp,
P6292,John,Doe,1989-07-13,77,170,Unknown,light,red,clean_shaven,R,P,,1,RP,SP,,,,,50,,,,48,52,54,52,52,49,51,62,62,63,60,0,0,,,,,0,,,,46,52,46,43,49,44,45,52,59,61,56,0,0,False,,,0,,,,,,0,50,balanced_sp,
P6967,John,Doe,1998-10-11,69,246,Unknown,light,black,beard,R,C,,0,,,50,50,49,50,51,53,56,51,52,52,,,,,,,,,,,,60,56,62,61,51,0,0,51,64,61,,,,,,,,,,,,False,,,0,,,,,,0,50,,average
P7341,John,Doe,1998-07-29,76,176,Unknown,medium,brown,clean_shaven,L,1B,,0,,,50,63,49,49,47,51,48,51,50,50,,,,,,,,,,,,62,72,59,59,47,0,0,51,63,62,,,,,,,,,,,,False,,,0,,,,,,0,50,,power
P8394,John,Doe,1998-07-22,71,198,Unknown,light,brown,clean_shaven,R,2B,SS,0,,,57,50,50,53,51,49,56,50,50,51,,,,,,,,,,,,63,55,64,64,51,0,0,50,62,60,,,,,,,,,,,,False,,,0,,,,,,0,50,,gap
P4040,John,Doe,1993-04-28,73,197,Unknown,light,brown,mustache,R,3B,,0,,,51,61,52,51,51,50,59,50,51,51,,,,,,,,,,,,46,54,44,51,51,0,0,50,45,44,,,,,,,,,,,,False,,,0,,,,,,0,50,,power
P2874,John,Doe,1989-02-10,71,226,Unknown,medium,black,clean_shaven,R,SS,,0,,,51,51,51,49,52,47,60,50,50,50,,,,,,,,,,,,44,46,41,48,52,0,0,50,50,43,,,,,,,,,,,,False,,,0,,,,,,0,50,,average
P8973,John,Doe,1989-08-17,75,204,Unknown,dark,brown,beard,L,LF,,0,,,53,52,48,50,50,52,51,53,51,50,,,,,,,,,,,,45,47,39,40,50,0,0,53,51,44,,,,,,,,,,,,False,,,0,,,,,,0,50,,average
P7249,John,Doe,1996-01-27,70,168,Unknown,dark,black,beard,R,CF,,0,,,50,51,50,51,49,52,58,49,52,50,,,,,,,,,,,,46,56,50,52,49,0,0,49,52,51,,,,,,,,,,,,False,,,0,,,,,,0,50,,balanced
P5841,John,Doe,1998-12-23,71,226,Unknown,dark,black,beard,L,RF,,0,,,57,50,51,52,49,49,46,47,52,50,,,,,,,,,,,,72,60,61,63,49,0,0,47,61,64,,,,,,,,,,,,False,,,0,,,,,,0,50,,spray
P6203,John,Doe,1990-12-29,71,250,Unknown,light,brown,clean_shaven,R,C,,0,,,51,52,49,51,53,49,57,50,52,51,,,,,,,,,,,,42,48,39,50,53,0,0,50,46,49,,,,,,,,,,,,False,,,0,,,,,,0,50,,average
P2509,John,Doe,2000-04-21,78,201,Unknown,light,brown,beard,R,CF,,0,,,50,48,77,52,50,51,57,49,50,50,,,,,,,,,,,,62,53,90,63,50,0,0,49,64,56,,,,,,,,,,,,False,,,0,,,,,,0,50,,speed
P2617,John,Doe,1994-07-20,72,201,Unknown,medium,blonde,clean_shaven,R,3B,,0,,,48,50,50,49,48,52,58,48,48,49,,,,,,,,,,,,52,52,55,48,48,0,0,48,47,53,,,,,,,,,,,,False,,,0,,,,,,0,50,,average
P2290,John,Doe,1998-02-01,78,220,Unknown,light,black,beard,R,LF,,0,,,49,49,49,49,50,48,55,53,51,49,,,,,,,,,,,,51,49,54,48,50,0,0,53,47,46,,,,,,,,,,,,False,,,0,,,,,,0,50,,average
P9933,John,Doe,1994-07-13,75,166,Unknown,light,black,clean_shaven,R,CF,SS,0,,,49,53,50,50,50,50,58,50,51,49,,,,,,,,,,,,49,55,54,50,50,0,0,50,52,53,,,,,,,,,,,,False,,,0,,,,,,0,50,,balanced
P4015,John,Doe,2004-06-26,74,212,Unknown,light,brown,mustache,R,SS,,0,,,50,53,53,51,51,48,58,53,51,50,,,,,,,,,,,,62,80,77,74,51,0,0,53,62,76,,,,,,,,,,,,False,,,0,,,,,,0,50,,balanced
P8380,John,Doe,1999-04-23,69,216,Unknown,medium,black,clean_shaven,R,P,,1,RP,CL,,,,,55,,,,52,53,52,53,60,52,54,0,61,66,0,0,0,,,,,0,,,,57,62,61,70,64,64,63,0,69,80,0,0,0,False,,,0,,,,,,0,50,closer,
P3994,John,Doe,2002-09-13,68,217,Unknown,light,brown,goatee,L,P,,1,RP,SP,,,,,49,,,,48,50,53,50,53,49,55,0,60,61,0,0,0,,,,,0,,,,61,65,64,65,62,57,66,0,73,73,0,0,0,False,,,0,,,,,,0,50,power_sp,
P2784,John,Doe,1997-06-20,68,196,Unknown,light,brown,clean_shaven,L,P,,1,RP,CL,,,,,48,,,,50,54,51,52,52,53,53,0,0,67,0,0,0,,,,,0,,,,46,53,55,52,49,49,48,0,0,66,0,0,0,False,,,0,,,,,,0,50,closer,
P2178,John,Doe,1991-09-24,70,203,Unknown,light,brown,clean_shaven,S,P,,1,RP,SP,,,,,49,,,,51,50,52,53,52,48,50,62,60,62,60,0,0,,,,,0,,,,42,41,51,44,51,39,46,60,60,59,55,0,0,False,,,0,,,,,,0,50,workhorse_sp,
P6340,John,Doe,2003-01-18,68,191,Unknown,light,brown,clean_shaven,R,P,,1,RP,SP,,,,,49,,,,48,50,51,54,53,50,49,63,60,0,0,0,0,,,,,0,,,,55,61,65,58,60,55,55,71,65,0,0,0,0,False,,,0,,,,,,0,50,finesse_sp,
P3961,John,Doe,1995-09-24,71,180,Unknown,dark,black,clean_shaven,S,P,,1,RP,RP,,,,,52,,,,50,53,50,50,54,51,54,0,0,63,0,0,0,,,,,0,,,,55,49,53,49,47,47,58,0,0,67,0,0,0,False,,,0,,,,,,0,50,power_rp,
P5585,John,Doe,2003-03-25,73,182,Unknown,medium,black,clean_shaven,L,P,,1,RP,LR,,,,,50,,,,49,50,49,53,52,52,54,60,61,66,0,0,0,,,,,0,,,,59,59,58,57,60,67,61,68,75,80,0,0,0,False,,,0,,,,,,0,50,long_relief,
P6447,John,Doe,1988-07-28,73,167,Unknown,medium,black,clean_shaven,R,C,,0,,,53,63,49,49,51,53,58,48,51,48,,,,,,,,,,,,44,61,43,46,51,0,0,48,48,45,,,,,,,,,,,,False,,,0,,,,,,0,50,,power
P7678,John,Doe,1991-07-03,74,247,Unknown,dark,brown,clean_shaven,L,RF,,0,,,52,54,50,51,51,52,47,52,52,50,,,,,,,,,,,,42,45,41,42,51,0,0,52,47,48,,,,,,,,,,,,False,,,0,,,,,,0,50,,balanced
P1601,John,Doe,2002-04-17,70,233,Unknown,dark,black,clean_shaven,L,LF,,0,,,51,57,48,50,53,50,48,50,50,53,,,,,,,,,,,,62,67,56,62,53,0,0,50,56,68,,,,,,,,,,,,False,,,0,,,,,,0,50,,balanced
P9316,John,Doe,1987-11-08,74,190,Unknown,medium,brown,beard,L,3B,,0,,,54,47,85,52,52,50,52,50,52,51,,,,,,,,,,,,49,41,75,49,52,0,0,50,47,51,,,,,,,,,,,,False,,,0,,,,,,0,50,,elite_speed
P1044,John,Doe,1999-05-25,74,226,Unknown,light,brown,beard,S,LF,,0,,,53,47,70,52,52,50,54,49,51,48,,,,,,,,,,,,66,57,81,60,52,0,0,49,59,57,,,,,,,,,,,,False,,,0,,,,,,0,50,,speed
P9268,John,Doe,1997-10-04,74,235,Unknown,dark,blonde,beard,R,3B,,0,,,57,59,51,51,51,51,58,51,50,50,,,,,,,,,,,,52,62,46,49,51,0,0,51,45,52,,,,,,,,,,,,False,,,0,,,,,,0,50,,gap
P6100,John,Doe,1989-10-13,73,199,Unknown,medium,black,beard,R,1B,,0,,,54,58,53,50,47,48,55,52,49,52,,,,,,,,,,,,45,49,51,49,47,0,0,52,45,47,,,,,,,,,,,,False,,,0,,,,,,0,50,,gap
P2326,John,Doe,1998-04-24,72,172,Unknown,dark,blonde,clean_shaven,R,1B,,0,,,52,63,51,51,49,49,57,50,49,52,,,,,,,,,,,,59,72,63,62,49,0,0,50,61,66,,,,,,,,,,,,False,,,0,,,,,,0,50,,power
P9759,John,Doe,2007-06-23,69,179,Unknown,medium,blonde,clean_shaven,R,P,,1,RP,CL,,,,,55,,,,53,51,48,53,59,49,52,56,60,66,0,0,0,,,,,0,,,,67,79,67,75,62,79,78,72,80,84,0,0,0,False,,,0,,,,,,0,50,closer,
P5055,John,Doe,2004-12-27,75,203,Unknown,light,blonde,clean_shaven,L,P,,1,RP,SP,,,,,49,,,,52,49,51,51,53,50,53,58,60,62,0,56,0,,,,,0,,,,77,59,64,67,61,68,80,77,80,77,0,70,0,False,,,0,,,,,,0,50,balanced_sp,
P4958,John,Doe,2005-07-01,70,246,Unknown,light,blonde,goatee,R,P,,1,RP,RP,,,,,51,,,,50,52,51,50,52,51,50,59,60,65,0,0,0,,,,,0,,,,62,77,60,70,69,62,66,74,81,89,0,0,0,False,,,0,,,,,,0,50,finesse_rp,
P6371,John,Doe,2008-02-07,77,170,Unknown,dark,black,clean_shaven,L,P,,1,RP,RP,,,,,53,,,,49,53,48,50,53,51,52,58,0,63,59,0,0,,,,,0,,,,73,66,73,73,76,70,78,83,0,86,77,0,0,False,,,0,,,,,,0,50,groundball_rp,
P6279,John,Doe,2006-03-27,74,177,Unknown,medium,brown,clean_shaven,S,P,,1,RP,RP,,,,,53,,,,49,48,50,50,52,51,48,59,59,63,0,0,0,,,,,0,,,,71,75,63,73,73,78,77,82,87,88,0,0,0,False,,,0,,,,,,0,50,finesse_rp,
P7628,John,Doe,2007-11-24,73,218,Unknown,medium,brown,clean_shaven,L,SS,2B,0,,,50,50,51,50,48,49,51,51,52,51,,,,,,,,,,,,65,68,71,68,48,0,0,51,70,70,,,,,,,,,,,,False,,,0,,,,,,0,50,,balanced
P5881,John,Doe,2006-03-21,78,231,Unknown,dark,black,clean_shaven,R,CF,,0,,,48,48,50,49,50,52,53,51,48,49,,,,,,,,,,,,58,73,68,60,50,0,0,51,70,68,,,,,,,,,,,,False,,,0,,,,,,0,50,,average
P8809,John,Doe,2006-03-16,73,187,Unknown,light,brown,clean_shaven,L,LF,,0,,,52,49,72,52,54,49,50,52,48,49,,,,,,,,,,,,63,66,99,68,54,0,0,52,61,59,,,,,,,,,,,,False,,,0,,,,,,0,50,,speed
P4855,John,Doe,2005-12-20,75,176,Unknown,light,black,clean_shaven,R,2B,,0,,,59,48,77,56,54,49,58,50,48,51,,,,,,,,,,,,70,77,99,77,54,0,0,50,58,64,,,,,,,,,,,,False,,,0,,,,,,0,50,,speed
P2558,John,Doe,2005-12-27,71,176,Unknown,light,black,clean_shaven,L,1B,,0,,,58,51,51,51,53,49,50,51,49,50,,,,,,,,,,,,77,75,61,81,53,0,0,51,78,73,,,,,,,,,,,,False,,,0,,,,,,0,50,,spray
P3933,John,Doe,2001-11-27,68,202,Unknown,light,brown,goatee,R,P,,1,RP,CL,,,,,55,,,,48,51,48,50,52,53,55,0,60,65,0,0,0,,,,,0,,,,63,65,55,66,55,63,64,0,65,79,0,0,0,False,,,0,,,,,,0,50,closer,
P3717,John,Doe,2001-08-18,71,219,Unknown,medium,black,clean_shaven,R,P,,1,RP,RP,,,,,52,,,,49,53,51,50,52,52,52,0,58,0,0,0,0,,,,,0,,,,57,67,56,57,60,63,58,0,71,0,0,0,0,False,,,0,,,,,,0,50,power_rp,
P7902,John,Doe,1997-09-18,72,223,Unknown,dark,red,clean_shaven,L,P,,1,RP,SP,,,,,48,,,,50,52,53,53,53,50,55,0,61,61,60,0,0,,,,,0,,,,50,47,57,57,58,51,51,0,61,65,58,0,0,False,,,0,,,,,,0,50,power_sp,
P2494,John,Doe,1989-08-30,71,228,Unknown,medium,brown,clean_shaven,L,P,,1,RP,RP,,,,,49,,,,48,49,49,52,52,53,53,0,63,66,0,0,0,,,,,0,,,,47,46,46,50,48,53,48,0,62,62,0,0,0,False,,,0,,,,,,0,50,power_rp,
P7870,John,Doe,1999-10-29,73,236,Unknown,light,black,clean_shaven,R,P,,1,RP,SP,,,,,48,,,,49,51,52,51,52,51,52,61,59,61,0,0,0,,,,,0,,,,63,63,58,57,64,57,67,66,71,75,0,0,0,False,,,0,,,,,,0,50,workhorse_sp,
P4349,John,Doe,2001-04-27,75,181,Unknown,dark,black,clean_shaven,R,P,,1,RP,SP,,,,,53,,,,51,49,51,50,52,51,53,62,59,59,60,0,0,,,,,0,,,,60,63,65,65,62,59,59,72,70,66,74,0,0,False,,,0,,,,,,0,50,groundball_sp,
P1098,John,Doe,1987-11-12,76,222,Unknown,dark,brown,beard,L,P,,1,RP,SP,,,,,52,,,,50,50,50,53,53,49,53,0,62,62,0,0,0,,,,,0,,,,42,48,52,46,44,48,49,0,62,60,0,0,0,False,,,0,,,,,,0,50,workhorse_sp,
P4882,John,Doe,1994-11-19,74,163,Unknown,dark,brown,clean_shaven,R,P,,1,RP,SP,,,,,49,,,,49,49,54,50,52,52,51,58,0,61,0,0,0,,,,,0,,,,46,48,55,55,51,48,48,63,0,62,0,0,0,False,,,0,,,,,,0,50,workhorse_sp,
P1439,John,Doe,1992-04-23,69,165,Unknown,medium,black,clean_shaven,S,P,,1,RP,SP,,,,,47,,,,52,51,50,53,52,53,52,62,63,0,0,0,0,,,,,0,,,,50,50,47,46,43,47,50,62,54,0,0,0,0,False,,,0,,,,,,0,50,finesse_sp,
P8781,John,Doe,1996-01-15,69,217,Unknown,medium,black,clean_shaven,S,P,,1,RP,RP,,,,,49,,,,50,48,50,50,54,53,51,0,60,0,0,0,0,,,,,0,,,,45,48,55,59,53,57,51,0,60,0,0,0,0,False,,,0,,,,,,0,50,finesse_rp,
P4537,John,Doe,2001-04-08,69,206,Unknown,light,brown,clean_shaven,L,P,,1,RP,SP,,,,,50,,,,49,52,51,50,52,52,52,62,62,58,61,0,0,,,,,0,,,,62,67,56,66,65,63,63,76,70,71,69,0,0,False,,,0,,,,,,0,50,groundball_sp,
P1094,John,Doe,2002-01-08,72,169,Unknown,dark,black,beard,R,C,,0,,,60,52,49,52,49,49,59,51,52,53,,,,,,,,,,,,73,62,62,62,49,0,0,51,63,63,,,,,,,,,,,,False,,,0,,,,,,0,50,,spray
P8259,John,Doe,2002-12-16,68,167,Unknown,light,black,goatee,L,1B,,0,,,54,55,51,50,49,51,46,51,52,50,,,,,,,,,,,,60,67,56,56,49,0,0,51,63,58,,,,,,,,,,,,False,,,0,,,,,,0,50,,gap
P9778,John,Doe,1990-11-14,68,206,Unknown,dark,black,beard,R,2B,,0,,,52,48,51,49,50,48,58,50,51,49,,,,,,,,,,,,47,38,50,43,50,0,0,50,45,40,,,,,,,,,,,,False,,,0,,,,,,0,50,,average
P4878,John,Doe,1999-05-12,74,224,Unknown,light,black,clean_shaven,R,3B,,0,,,54,50,70,53,51,47,59,51,49,52,,,,,,,,,,,,60,57,81,62,51,0,0,51,55,58,,,,,,,,,,,,False,,,0,,,,,,0,50,,speed
P7270,John,Doe,1990-04-04,74,208,Unknown,medium,black,clean_shaven,L,SS,,0,,,62,62,53,51,50,49,48,49,49,47,,,,,,,,,,,,53,52,51,47,50,0,0,49,39,37,,,,,,,,,,,,False,,,0,,,,,,0,50,,gap
P4977,John,Doe,1989-10-16,69,185,Unknown,medium,red,clean_shaven,L,LF,,0,,,52,55,52,50,51,49,49,49,49,51,,,,,,,,,,,,49,54,51,47,51,0,0,49,46,51,,,,,,,,,,,,False,,,0,,,,,,0,50,,balanced
P9414,John,Doe,1988-05-23,77,166,Unknown,medium,blonde,beard,L,CF,,0,,,61,48,52,54,52,47,46,51,47,51,,,,,,,,,,,,56,38,49,45,52,0,0,51,47,41,,,,,,,,,,,,False,,,0,,,,,,0,50,,spray
P6701,John,Doe,1992-01-13,75,175,Unknown,dark,brown,beard,R,RF,,0,,,49,50,85,52,49,48,56,48,50,49,,,,,,,,,,,,46,41,79,49,49,0,0,48,40,46,,,,,,,,,,,,False,,,0,,,,,,0,50,,elite_speed
P6234,John,Doe,2003-10-04,78,178,Unknown,medium,black,goatee,R,CF,,0,,,57,51,52,52,51,48,58,49,47,49,,,,,,,,,,,,69,59,60,64,51,0,0,49,61,60,,,,,,,,,,,,False,,,0,,,,,,0,50,,spray
P1657,John,Doe,1994-03-13,70,226,Unknown,light,brown,clean_shaven,R,LF,,0,,,49,62,47,48,47,50,58,49,50,52,,,,,,,,,,,,46,60,43,47,47,0,0,49,54,48,,,,,,,,,,,,False,,,0,,,,,,0,50,,power
P9416,John,Doe,1990-04-11,70,184,Unknown,light,black,beard,L,RF,LF,0,,,52,52,50,51,50,50,48,50,50,52,,,,,,,,,,,,47,51,45,50,50,0,0,50,46,48,,,,,,,,,,,,False,,,0,,,,,,0,50,,average
P7354,John,Doe,1996-02-01,75,163,Unknown,dark,brown,clean_shaven,R,2B,,0,,,49,50,51,52,53,49,58,51,51,51,,,,,,,,,,,,51,52,54,56,53,0,0,51,47,46,,,,,,,,,,,,False,,,0,,,,,,0,50,,average
P3048,John,Doe,1991-11-13,73,240,Unknown,medium,black,clean_shaven,L,CF,,0,,,53,49,70,50,53,50,48,50,52,53,,,,,,,,,,,,52,48,62,44,53,0,0,50,50,53,,,,,,,,,,,,False,,,0,,,,,,0,50,,speed
P7945,John,Doe,2000-08-28,72,222,Unknown,medium,brown,clean_shaven,S,C,,0,,,60,50,52,52,52,52,54,51,51,51,,,,,,,,,,,,71,65,59,57,52,0,0,51,65,66,,,,,,,,,,,,False,,,0,,,,,,0,50,,spray
P1506,John,Doe,2001-12-06,70,245,Unknown,dark,brown,goatee,L,P,,1,RP,CL,,,,,55,,,,51,51,49,50,54,49,55,0,0,67,0,0,0,,,,,0,,,,66,59,58,61,62,55,66,0,0,77,0,0,0,False,,,0,,,,,,0,50,closer,
P2284,John,Doe,1996-12-08,72,169,Unknown,dark,brown,clean_shaven,L,P,,1,RP,LR,,,,,53,,,,50,49,49,51,53,49,50,58,0,64,0,0,0,,,,,0,,,,55,44,56,58,53,50,47,60,0,61,0,0,0,False,,,0,,,,,,0,50,long_relief,
P4908,John,Doe,1993-04-13,69,227,Unknown,medium,blonde,clean_shaven,L,P,,1,RP,RP,,,,,57,,,,49,53,49,53,52,49,53,59,59,0,63,0,0,,,,,0,,,,41,49,52,49,49,42,52,51,56,0,56,0,0,False,,,0,,,,,,0,50,groundball_rp,
P9981,John,Doe,1993-06-05,74,233,Unknown,light,brown,clean_shaven,L,P,,1,RP,RP,,,,,53,,,,48,51,51,50,52,52,54,0,0,0,60,0,0,,,,,0,,,,39,44,50,44,43,49,47,0,0,0,57,0,0,False,,,0,,,,,,0,50,groundball_rp,
P4802,John,Doe,2000-01-13,71,167,Unknown,light,blonde,clean_shaven,L,P,,1,RP,SP,,,,,50,,,,51,51,51,52,54,50,49,0,60,62,0,0,0,,,,,0,,,,61,60,60,59,62,60,63,0,74,72,0,0,0,False,,,0,,,,,,0,50,balanced_sp,
P6474,John,Doe,1990-07-03,71,185,Unknown,medium,brown,clean_shaven,S,P,,1,RP,SP,,,,,50,,,,51,50,50,50,53,52,53,61,63,59,0,0,0,,,,,0,,,,43,40,50,46,49,45,44,61,60,59,0,0,0,False,,,0,,,,,,0,50,finesse_sp,
P9822,John,Doe,2005-02-15,73,165,Unknown,medium,brown,clean_shaven,R,P,,1,RP,CL,,,,,52,,,,48,52,52,50,52,49,55,57,59,65,0,0,0,,,,,0,,,,61,62,67,79,80,61,67,72,79,93,0,0,0,False,,,0,,,,,,0,50,closer,
P1853,John,Doe,2003-08-20,73,193,Unknown,light,brown,clean_shaven,S,3B,,0,,,53,50,53,51,49,53,54,50,52,53,,,,,,,,,,,,66,65,62,57,49,0,0,50,60,67,,,,,,,,,,,,False,,,0,,,,,,0,50,,balanced
P9250,John,Doe,1993-07-25,77,247,Unknown,light,black,beard,R,C,,0,,,49,50,51,50,50,51,57,53,50,52,,,,,,,,,,,,42,46,46,40,50,0,0,53,41,48,,,,,,,,,,,,False,,,0,,,,,,0,50,,average
P3555,John,Doe,2001-12-30,75,222,Unknown,light,brown,clean_shaven,R,2B,,0,,,50,50,70,51,52,52,58,53,52,52,,,,,,,,,,,,62,59,82,58,52,0,0,53,61,67,,,,,,,,,,,,False,,,0,,,,,,0,50,,speed
P5778,John,Doe,1989-05-19,75,203,Unknown,medium,brown,clean_shaven,R,2B,,0,,,59,61,51,58,48,50,60,52,49,50,,,,,,,,,,,,53,57,41,48,48,0,0,52,48,45,,,,,,,,,,,,False,,,0,,,,,,0,50,,gap
P3732,John,Doe,1989-09-20,71,228,Unknown,light,blonde,clean_shaven,R,LF,,0,,,53,49,51,53,49,52,58,49,50,53,,,,,,,,,,,,48,49,46,52,49,0,0,49,41,51,,,,,,,,,,,,False,,,0,,,,,,0,50,,average
P2794,John,Doe,2004-03-12,74,161,Unknown,dark,black,clean_shaven,L,LF,,0,,,51,62,49,52,49,52,51,53,50,49,,,,,,,,,,,,72,87,67,80,49,0,0,53,60,78,,,,,,,,,,,,False,,,0,,,,,,0,50,,power
P5289,John,Doe,1989-12-27,72,186,Unknown,medium,brown,clean_shaven,R,3B,,0,,,64,52,52,52,49,47,57,52,49,50,,,,,,,,,,,,54,50,49,49,49,0,0,52,45,45,,,,,,,,,,,,False,,,0,,,,,,0,50,,spray
P1106,John,Doe,1999-02-18,76,187,Unknown,dark,brown,clean_shaven,R,CF,,0,,,53,64,48,51,47,51,58,52,48,52,,,,,,,,,,,,59,71,53,66,47,0,0,52,55,57,,,,,,,,,,,,False,,,0,,,,,,0,50,,power
P2090,John,Doe,2007-11-26,72,163,Unknown,dark,blonde,clean_shaven,L,P,,1,RP,CL,,,,,55,,,,51,52,50,50,52,52,56,60,0,65,0,0,0,,,,,0,,,,74,78,74,81,78,65,85,88,0,89,0,0,0,False,,,0,,,,,,0,50,closer,
P6014,John,Doe,2007-05-31,76,242,Unknown,medium,brown,clean_shaven,S,P,,1,RP,SP,,,,,52,,,,52,53,51,50,52,52,53,61,59,58,0,56,0,,,,,0,,,,73,78,78,65,63,63,83,88,85,74,0,73,0,False,,,0,,,,,,0,50,balanced_sp,
P1731,John,Doe,2005-01-27,70,213,Unknown,medium,brown,mustache,L,P,,1,RP,RP,,,,,53,,,,51,50,53,50,52,51,52,57,62,0,0,0,0,,,,,0,,,,64,72,71,62,74,73,63,78,82,0,0,0,0,False,,,0,,,,,,0,50,finesse_rp,
P1826,John,Doe,2006-08-31,71,179,Unknown,light,black,clean_shaven,S,P,,1,RP,RP,,,,,57,,,,50,49,48,52,53,51,53,0,0,0,61,0,0,,,,,0,,,,73,73,66,74,75,61,64,0,0,0,88,0,0,False,,,0,,,,,,0,50,groundball_rp,
P5185,John,Doe,2007-08-02,75,199,Unknown,medium,black,clean_shaven,R,P,,1,RP,RP,,,,,55,,,,49,49,50,52,52,49,53,60,62,0,64,0,0,,,,,0,,,,60,59,72,63,73,62,68,84,72,0,83,0,0,False,,,0,,,,,,0,50,groundball_rp,
P1377,John,Doe,2007-03-01,69,193,Unknown,medium,black,clean_shaven,L,C,,0,,,49,57,52,48,51,53,47,50,49,49,,,,,,,,,,,,65,80,64,64,51,0,0,50,77,71,,,,,,,,,,,,False,,,0,,,,,,0,50,,power
P2453,John,Doe,2005-05-29,70,199,Unknown,light,black,clean_shaven,R,RF,LF,0,,,59,48,51,53,51,50,55,52,49,49,,,,,,,,,,,,89,71,61,75,51,0,0,52,74,64,,,,,,,,,,,,False,,,0,,,,,,0,50,,spray
P8091,John,Doe,2006-12-23,76,246,Unknown,light,black,goatee,S,SS,,0,,,52,52,49,51,51,48,56,50,53,51,,,,,,,,,,,,71,67,65,77,51,0,0,50,75,63,,,,,,,,,,,,False,,,0,,,,,,0,50,,average
P5075,John,Doe,2006-02-15,73,176,Unknown,medium,brown,clean_shaven,R,3B,,0,,,50,52,51,51,52,49,58,48,48,51,,,,,,,,,,,,80,70,78,81,52,0,0,48,71,62,,,,,,,,,,,,False,,,0,,,,,,0,50,,balanced
P2198,John,Doe,2005-03-16,77,203,Unknown,dark,black,goatee,S,C,,0,,,50,50,49,51,53,51,55,48,53,51,,,,,,,,,,,,66,69,78,61,53,0,0,48,69,78,,,,,,,,,,,,False,,,0,,,,,,0,50,,average
P8627,John,Doe,2000-03-19,73,185,Unknown,dark,blonde,clean_shaven,L,P,,1,RP,CL,,,,,55,,,,48,50,49,52,52,50,51,0,63,66,0,0,0,,,,,0,,,,58,59,64,66,62,55,66,0,76,81,0,0,0,False,,,0,,,,,,0,50,closer,
P4380,John,Doe,1989-12-18,77,212,Unknown,dark,blonde,clean_shaven,R,P,,1,RP,SP,,,,,48,,,,51,50,50,52,52,48,55,0,61,61,0,0,0,,,,,0,,,,48,46,44,47,41,41,49,0,59,59,0,0,0,False,,,0,,,,,,0,50,power_sp,
P5412,John,Doe,2003-07-16,68,185,Unknown,medium,brown,clean_shaven,R,P,,1,RP,SP,,,,,49,,,,50,48,50,50,53,49,53,62,0,61,0,0,0,,,,,0,,,,63,59,65,66,58,54,63,67,0,70,0,0,0,False,,,0,,,,,,0,50,workhorse_sp,
P3730,John,Doe,2001-12-29,71,242,Unknown,light,brown,clean_shaven,R,P,,1,RP,SP,,,,,49,,,,48,51,51,50,54,50,51,59,61,0,0,0,0,,,,,0,,,,60,58,55,65,57,58,65,67,75,0,0,0,0,False,,,0,,,,,,0,50,workhorse_sp,
P2493,John,Doe,1989-03-30,78,190,Unknown,dark,blonde,beard,S,P,,1,RP,SP,,,,,54,,,,50,49,51,50,52,53,51,59,60,56,58,0,0,,,,,0,,,,49,49,49,49,50,44,48,53,57,54,54,0,0,False,,,0,,,,,,0,50,groundball_sp,
P3081,John,Doe,1994-10-20,69,228,Unknown,medium,black,clean_shaven,L,P,,1,RP,SP,,,,,52,,,,48,48,53,51,54,48,52,58,61,0,0,0,0,,,,,0,,,,43,51,50,54,54,44,48,63,63,0,0,0,0,False,,,0,,,,,,0,50,finesse_sp,
P4742,John,Doe,1988-02-01,77,245,Unknown,medium,black,goatee,R,P,,1,RP,RP,,,,,50,,,,48,49,52,50,54,50,53,58,0,0,0,0,0,,,,,0,,,,39,43,50,52,43,40,48,57,0,0,0,0,0,False,,,0,,,,,,0,50,finesse_rp,
P7464,John,Doe,2004-02-04,76,193,Unknown,dark,black,clean_shaven,R,P,,1,RP,RP,,,,,51,,,,50,49,48,50,52,51,51,0,59,67,60,0,0,,,,,0,,,,62,56,65,63,58,65,59,0,68,76,66,0,0,False,,,0,,,,,,0,50,power_rp,
P6695,John,Doe,1990-02-08,74,185,Unknown,medium,brown,beard,L,P,,1,RP,RP,,,,,53,,,,50,52,51,52,52,52,51,60,62,0,0,0,0,,,,,0,,,,47,43,44,44,51,48,47,54,57,0,0,0,0,False,,,0,,,,,,0,50,finesse_rp,
P8895,John,Doe,1987-04-03,72,213,Unknown,light,black,clean_shaven,R,P,RF,1,RP,SP,,,,,51,,,,49,51,54,50,53,48,50,0,64,60,0,0,0,,,,,0,,,,49,49,45,45,50,43,45,0,54,57,0,0,0,False,,,0,,,,,,0,50,power_sp,
P4951,John,Doe,2004-03-10,74,192,Unknown,dark,red,clean_shaven,L,P,,1,RP,SP,,,,,51,,,,48,51,53,53,52,52,52,0,62,60,0,0,0,,,,,0,,,,75,79,69,78,68,79,78,0,77,77,0,0,0,False,,,0,,,,,,0,50,power_sp,
P6013,John,Doe,1992-05-17,72,218,Unknown,medium,black,clean_shaven,R,C,,0,,,54,50,52,52,49,52,56,49,51,50,,,,,,,,,,,,53,41,44,46,49,0,0,49,42,48,,,,,,,,,,,,False,,,0,,,,,,0,50,,balanced
P1269,John,Doe,1996-10-16,73,234,Unknown,medium,brown,clean_shaven,L,1B,,0,,,49,49,70,48,50,49,44,51,51,51,,,,,,,,,,,,49,46,75,48,50,0,0,51,52,53,,,,,,,,,,,,False,,,0,,,,,,0,50,,speed
P1673,John,Doe,1993-11-12,78,183,Unknown,light,brown,clean_shaven,R,2B,,0,,,53,50,52,50,50,50,57,52,51,52,,,,,,,,,,,,45,43,51,46,50,0,0,52,44,42,,,,,,,,,,,,False,,,0,,,,,,0,50,,balanced
P7273,John,Doe,1997-12-29,73,186,Unknown,light,blonde,clean_shaven,R,3B,,0,,,50,52,49,51,51,53,56,51,52,47,,,,,,,,,,,,50,52,52,48,51,0,0,51,50,51,,,,,,,,,,,,False,,,0,,,,,,0,50,,balanced
P8205,John,Doe,1992-12-05,74,169,Unknown,light,red,clean_shaven,R,SS,,0,,,71,49,71,54,50,48,57,50,50,48,,,,,,,,,,,,71,44,69,50,50,0,0,50,49,39,,,,,,,,,,,,False,,,0,,,,,,0,50,,spray
P1166,John,Doe,2000-07-25,77,211,Unknown,light,brown,clean_shaven,S,LF,,0,,,52,58,51,53,50,49,51,51,51,52,,,,,,,,,,,,63,69,66,66,50,0,0,51,63,62,,,,,,,,,,,,False,,,0,,,,,,0,50,,balanced
P8675,John,Doe,1990-01-18,73,237,Unknown,light,red,mustache,L,CF,RF,0,,,50,51,51,51,53,50,45,49,50,53,,,,,,,,,,,,50,50,41,41,53,0,0,49,43,47,,,,,,,,,,,,False,,,0,,,,,,0,50,,balanced
P8306,John,Doe,2004-01-22,78,250,Unknown,medium,brown,clean_shaven,R,RF,1B,0,,,50,53,50,49,50,49,53,48,49,51,,,,,,,,,,,,63,64,57,64,50,0,0,48,60,60,,,,,,,,,,,,False,,,0,,,,,,0,50,,average
P8124,John,Doe,2002-09-21,74,236,Unknown,light,black,clean_shaven,S,SS,,0,,,53,48,51,49,53,48,56,50,49,49,,,,,,,,,,,,63,63,65,56,53,0,0,50,54,58,,,,,,,,,,,,False,,,0,,,,,,0,50,,average
P2031,John,Doe,2002-10-11,78,194,Unknown,medium,brown,mustache,R,3B,,0,,,59,48,53,53,52,47,57,51,51,48,,,,,,,,,,,,68,57,65,65,52,0,0,51,58,63,,,,,,,,,,,,False,,,0,,,,,,0,50,,spray
P4193,John,Doe,2002-09-26,72,213,Unknown,light,black,clean_shaven,R,2B,,0,,,62,49,51,54,53,48,56,51,51,52,,,,,,,,,,,,71,62,59,65,53,0,0,51,65,62,,,,,,,,,,,,False,,,0,,,,,,0,50,,spray
P1078,John,Doe,1996-10-30,70,237,Unknown,medium,red,clean_shaven,R,C,,0,,,52,49,49,49,49,51,57,49,53,53,,,,,,,,,,,,55,51,49,48,49,0,0,49,49,57,,,,,,,,,,,,False,,,0,,,,,,0,50,,average
P1932,John,Doe,1993-08-27,74,237,Unknown,dark,black,clean_shaven,S,1B,,0,,,53,53,53,50,48,51,51,52,51,48,,,,,,,,,,,,45,49,44,46,48,0,0,52,47,42,,,,,,,,,,,,False,,,0,,,,,,0,50,,gap
P9048,John,Doe,1995-06-24,70,164,Unknown,light,brown,clean_shaven,L,LF,,0,,,52,52,51,51,49,49,48,52,51,49,,,,,,,,,,,,53,52,48,53,49,0,0,52,48,48,,,,,,,,,,,,False,,,0,,,,,,0,50,,balanced
P2774,John,Doe,1987-03-15,72,219,Unknown,light,brown,beard,R,P,,1,RP,CL,,,,,55,,,,52,54,48,52,52,49,56,57,0,67,0,0,0,,,,,0,,,,52,52,42,48,44,41,50,49,0,58,0,0,0,False,,,0,,,,,,0,50,closer,
P4961,John,Doe,1996-10-27,75,181,Unknown,dark,black,goatee,R,P,,1,RP,SP,,,,,47,,,,49,51,52,51,53,50,52,58,62,0,0,0,0,,,,,49,,,,49,49,50,51,48,45,49,62,57,0,0,0,0,False,,,0,,,,,,0,50,finesse_sp,
P4248,John,Doe,1995-01-27,70,202,Unknown,dark,brown,clean_shaven,S,P,,1,RP,SP,,,,,48,,,,49,53,49,51,53,48,52,58,63,0,0,0,0,,,,,0,,,,47,56,54,48,50,46,51,58,65,0,0,0,0,False,,,0,,,,,,0,50,balanced_sp,
P4051,John,Doe,1994-07-28,77,199,Unknown,light,brown,beard,R,P,,1,RP,SP,,,,,50,,,,50,51,50,52,52,48,51,0,62,60,0,0,0,,,,,0,,,,55,55,47,55,47,46,47,0,60,59,0,0,0,False,,,0,,,,,,0,50,balanced_sp,
P1135,John,Doe,1996-06-14,77,211,Unknown,light,black,mustache,L,P,,1,RP,SP,,,,,51,,,,49,50,50,51,54,48,50,59,61,58,0,0,0,,,,,0,,,,54,46,54,55,49,47,47,54,57,55,0,0,0,False,,,0,,,,,,0,50,workhorse_sp,
P6001,John,Doe,1997-03-04,73,199,Unknown,light,black,clean_shaven,S,P,,1,RP,SP,,,,,52,,,,52,54,50,51,52,49,52,61,63,61,0,54,0,,,,,0,,,,56,53,50,49,45,45,57,60,62,57,0,59,0,False,,,0,,,,,,0,50,power_sp,
P3077,John,Doe,1991-02-15,73,197,Unknown,dark,blonde,clean_shaven,R,P,,1,RP,SP,,,,,49,,,,50,50,54,50,52,50,51,61,60,60,57,0,0,,,,,0,,,,47,50,50,49,53,43,49,59,54,58,48,0,0,False,,,0,,,,,,0,50,workhorse_sp,
P7931,John,Doe,1988-08-30,70,168,Unknown,dark,black,goatee,L,LF,,0,,,50,60,49,51,51,50,48,50,52,49,,,,,,,,,,,,41,50,41,47,51,0,0,50,47,39,,,,,,,,,,,,False,,,0,,,,,,0,50,,power
P2372,John,Doe,1993-01-07,73,225,Unknown,light,blonde,clean_shaven,R,1B,,0,,,54,54,49,51,51,51,54,53,48,51,,,,,,,,,,,,50,50,42,47,51,0,0,53,44,47,,,,,,,,,,,,False,,,0,,,,,,0,50,,gap
P3882,John,Doe,2001-03-30,72,246,Unknown,light,black,clean_shaven,R,CF,,0,,,51,46,85,50,52,51,54,51,49,52,,,,,,,,,,,,64,55,90,61,52,0,0,51,59,57,,,,,,,,,,,,False,,,0,,,,,,0,50,,elite_speed
P3237,John,Doe,1994-04-02,76,174,Unknown,dark,black,clean_shaven,R,2B,,0,,,54,52,48,53,49,51,57,51,49,52,,,,,,,,,,,,53,51,50,58,49,0,0,51,51,55,,,,,,,,,,,,False,,,0,,,,,,0,50,,average
P6110,John,Doe,1994-01-02,76,204,Unknown,medium,black,clean_shaven,L,LF,,0,,,53,51,70,50,54,50,48,53,50,52,,,,,,,,,,,,53,46,63,46,54,0,0,53,44,43,,,,,,,,,,,,False,,,0,,,,,,0,50,,speed
P6389,John,Doe,1994-06-14,77,171,Unknown,dark,black,goatee,R,C,,0,,,49,53,48,51,52,53,56,50,51,51,,,,,,,,,,,,44,58,43,55,52,0,0,50,56,46,,,,,,,,,,,,False,,,0,,,,,,0,50,,average
P4835,John,Doe,2001-10-06,72,186,Unknown,dark,brown,goatee,L,3B,,0,,,50,52,52,49,52,52,52,50,50,51,,,,,,,,,,,,61,59,62,58,52,0,0,50,60,58,,,,,,,,,,,,False,,,0,,,,,,0,50,,balanced
P8041,John,Doe,1992-04-28,69,166,Unknown,medium,brown,clean_shaven,L,C,,0,,,53,54,48,50,53,52,51,49,51,52,,,,,,,,,,,,48,49,46,41,53,0,0,49,41,52,,,,,,,,,,,,False,,,0,,,,,,0,50,,balanced
P2589,John,Doe,2007-07-23,70,209,Unknown,medium,black,clean_shaven,L,P,,1,RP,CL,,,,,55,,,,48,50,48,51,52,53,51,58,61,66,0,0,0,,,,,0,,,,62,79,75,71,61,74,69,86,80,87,0,0,0,False,,,0,,,,,,0,50,closer,
P3613,John,Doe,2006-04-26,74,166,Unknown,dark,brown,goatee,L,P,,1,RP,SP,,,,,49,,,,47,50,53,50,52,52,52,0,0,60,59,0,0,,,,,0,,,,64,69,77,72,70,63,69,0,0,80,89,0,0,False,,,0,,,,,,0,50,groundball_sp,
P9964,John,Doe,2005-08-16,78,229,Unknown,dark,black,clean_shaven,L,P,,1,RP,SP,,,,,49,,,,53,50,50,52,52,53,50,60,60,61,57,0,0,,,,,0,,,,63,80,65,69,63,79,75,75,74,80,74,0,0,False,,,0,,,,,,0,50,workhorse_sp,
P6156,John,Doe,2006-05-12,78,206,Unknown,light,black,clean_shaven,R,P,,1,RP,RP,,,,,52,,,,50,54,49,51,52,52,52,0,62,66,0,0,0,,,,,0,,,,65,66,75,78,75,67,69,0,86,95,0,0,0,False,,,0,,,,,,0,50,power_rp,
P5102,John,Doe,2005-03-19,68,229,Unknown,dark,brown,clean_shaven,R,P,,1,RP,SP,,,,,48,,,,50,49,52,53,54,52,53,60,0,60,0,0,0,,,,,0,,,,70,69,80,71,72,78,71,76,0,70,0,0,0,False,,,0,,,,,,0,50,workhorse_sp,
P7114,John,Doe,2004-09-27,76,177,Unknown,light,blonde,clean_shaven,R,LF,,0,,,51,53,51,51,49,52,59,49,51,49,,,,,,,,,,,,62,72,77,68,49,0,0,49,63,73,,,,,,,,,,,,False,,,0,,,,,,0,50,,average
P2056,John,Doe,2006-06-24,78,228,Unknown,light,brown,clean_shaven,R,RF,,0,,,51,59,49,50,53,48,51,51,49,52,,,,,,,,,,,,61,81,59,64,53,0,0,51,66,73,,,,,,,,,,,,False,,,0,,,,,,0,50,,balanced
P5271,John,Doe,2004-09-11,68,191,Unknown,medium,brown,beard,R,C,,0,,,57,50,49,53,50,48,57,49,52,48,,,,,,,,,,,,82,79,77,76,50,0,0,49,72,61,,,,,,,,,,,,False,,,0,,,,,,0,50,,gap
P8676,John,Doe,2006-10-25,77,221,Unknown,light,red,clean_shaven,R,SS,,0,,,50,51,85,50,50,51,57,52,50,47,,,,,,,,,,,,71,75,98,80,50,0,0,52,72,58,,,,,,,,,,,,False,,,0,,,,,,0,50,,speed
P7258,John,Doe,2007-06-20,70,233,Unknown,light,brown,goatee,R,SS,,0,,,52,50,72,51,49,49,60,51,50,49,,,,,,,,,,,,64,79,99,74,49,0,0,51,68,75,,,,,,,,,,,,False,,,0,,,,,,0,50,,speed
