{
  "version": 1,
  "teams": {
    "ATL": {
      "seasons": {
        "usabl-2026": {
          "l": 76,
          "g": 166,
          "r": 744,
          "ra": 681,
          "lob": 1156,
          "opp_pa": 6397,
          "opp_h": 1450,
          "opp_bb": 531,
          "opp_so": 1326,
          "opp_hbp": 68,
          "opp_hr": 173,
          "opp_roe": 32,
          "der": 0.6552686671318911,
          "rpg": 4.481927710843373,
          "rag": 4.102409638554217,
          "w": 90
        }
      },
      "totals": {
        "l": 76,
        "g": 166,
        "r": 744,
        "ra": 681,
        "lob": 1156,
        "opp_pa": 6397,
        "opp_h": 1450,
        "opp_bb": 531,
        "opp_so": 1326,
        "opp_hbp": 68,
        "opp_hr": 173,
        "opp_roe": 32,
        "der": 0.6552686671318911,
        "rpg": 4.481927710843373,
        "rag": 4.102409638554217,
        "w": 90
      }
    },
    "GRE": {
      "seasons": {
        "usabl-2026": {
          "w": 95,
          "g": 172,
          "r": 796,
          "ra": 713,
          "lob": 1237,
          "opp_pa": 6554,
          "opp_h": 1434,
          "opp_bb": 534,
          "opp_so": 1363,
          "opp_hbp": 86,
          "opp_hr": 176,
          "opp_roe": 53,
          "der": 0.6616609783845279,
          "rpg": 4.627906976744186,
          "rag": 4.145348837209302,
          "l": 77
        }
      },
      "totals": {
        "w": 95,
        "g": 172,
        "r": 796,
        "ra": 713,
        "lob": 1237,
        "opp_pa": 6554,
        "opp_h": 1434,
        "opp_bb": 534,
        "opp_so": 1363,
        "opp_hbp": 86,
        "opp_hr": 176,
        "opp_roe": 53,
        "der": 0.6616609783845279,
        "rpg": 4.627906976744186,
        "rag": 4.145348837209302,
        "l": 77
      }
    },
    "BAL": {
      "seasons": {
        "usabl-2026": {
          "l": 85,
          "g": 165,
          "r": 724,
          "ra": 731,
          "lob": 1205,
          "opp_pa": 6446,
          "opp_h": 1408,
          "opp_bb": 568,
          "opp_so": 1313,
          "opp_hbp": 82,
          "opp_hr": 186,
          "opp_roe": 45,
          "der": 0.6618571096113568,
          "rpg": 4.387878787878788,
          "rag": 4.430303030303031,
          "w": 80
        }
      },
      "totals": {
        "l": 85,
        "g": 165,
        "r": 724,
        "ra": 731,
        "lob": 1205,
        "opp_pa": 6446,
        "opp_h": 1408,
        "opp_bb": 568,
        "opp_so": 1313,
        "opp_hbp": 82,
        "opp_hr": 186,
        "opp_roe": 45,
        "der": 0.6618571096113568,
        "rpg": 4.387878787878788,
        "rag": 4.430303030303031,
        "w": 80
      }
    },
    "WAS": {
      "seasons": {
        "usabl-2026": {
          "w": 80,
          "g": 162,
          "r": 716,
          "ra": 764,
          "lob": 1126,
          "opp_pa": 6347,
          "opp_h": 1422,
          "opp_bb": 548,
          "opp_so": 1282,
          "opp_hbp": 87,
          "opp_hr": 212,
          "opp_roe": 46,
          "der": 0.651967757230915,
          "rpg": 4.419753086419753,
          "rag": 4.716049382716049,
          "l": 82
        }
      },
      "totals": {
        "w": 80,
        "g": 162,
        "r": 716,
        "ra": 764,
        "lob": 1126,
        "opp_pa": 6347,
        "opp_h": 1422,
        "opp_bb": 548,
        "opp_so": 1282,
        "opp_hbp": 87,
        "opp_hr": 212,
        "opp_roe": 46,
        "der": 0.651967757230915,
        "rpg": 4.419753086419753,
        "rag": 4.716049382716049,
        "l": 82
      }
    },
    "BUF": {
      "seasons": {
        "usabl-2026": {
          "l": 80,
          "g": 162,
          "r": 697,
          "ra": 732,
          "lob": 1169,
          "opp_pa": 6319,
          "opp_h": 1413,
          "opp_bb": 531,
          "opp_so": 1346,
          "opp_hbp": 75,
          "opp_hr": 184,
          "opp_roe": 63,
          "der": 0.6471431986612479,
          "rpg": 4.302469135802469,
          "rag": 4.518518518518518,
          "w": 82
        }
      },
      "totals": {
        "l": 80,
        "g": 162,
        "r": 697,
        "ra": 732,
        "lob": 1169,
        "opp_pa": 6319,
        "opp_h": 1413,
        "opp_bb": 531,
        "opp_so": 1346,
        "opp_hbp": 75,
        "opp_hr": 184,
        "opp_roe": 63,
        "der": 0.6471431986612479,
        "rpg": 4.302469135802469,
        "rag": 4.518518518518518,
        "w": 82
      }
    },
    "LOS": {
      "seasons": {
        "usabl-2026": {
          "w": 76,
          "g": 162,
          "r": 698,
          "ra": 686,
          "lob": 1116,
          "opp_pa": 6252,
          "opp_h": 1385,
          "opp_bb": 500,
          "opp_so": 1310,
          "opp_hbp": 91,
          "opp_hr": 182,
          "opp_roe": 36,
          "der": 0.6591508755097146,
          "rpg": 4.308641975308642,
          "rag": 4.234567901234568,
          "l": 86
        }
      },
      "totals": {
        "w": 76,
        "g": 162,
        "r": 698,
        "ra": 686,
        "lob": 1116,
        "opp_pa": 6252,
        "opp_h": 1385,
        "opp_bb": 500,
        "opp_so": 1310,
        "opp_hbp": 91,
        "opp_hr": 182,
        "opp_roe": 36,
        "der": 0.6591508755097146,
        "rpg": 4.308641975308642,
        "rag": 4.234567901234568,
        "l": 86
      }
    },
    "LAS": {
      "seasons": {
        "usabl-2026": {
          "w": 78,
          "g": 162,
          "r": 690,
          "ra": 709,
          "lob": 1140,
          "opp_pa": 6255,
          "opp_h": 1394,
          "opp_bb": 510,
          "opp_so": 1305,
          "opp_hbp": 75,
          "opp_hr": 212,
          "opp_roe": 45,
          "der": 0.6535034914519624,
          "rpg": 4.2592592592592595,
          "rag": 4.3765432098765435,
          "l": 84
        }
      },
      "totals": {
        "w": 78,
        "g": 162,
        "r": 690,
        "ra": 709,
        "lob": 1140,
        "opp_pa": 6255,
        "opp_h": 1394,
        "opp_bb": 510,
        "opp_so": 1305,
        "opp_hbp": 75,
        "opp_hr": 212,
        "opp_roe": 45,
        "der": 0.6535034914519624,
        "rpg": 4.2592592592592595,
        "rag": 4.3765432098765435,
        "l": 84
      }
    },
    "CIN": {
      "seasons": {
        "usabl-2026": {
          "l": 84,
          "g": 162,
          "r": 738,
          "ra": 764,
          "lob": 1169,
          "opp_pa": 6418,
          "opp_h": 1405,
          "opp_bb": 573,
          "opp_so": 1361,
          "opp_hbp": 94,
          "opp_hr": 197,
          "opp_roe": 39,
          "der": 0.6556165036966373,
          "rpg": 4.555555555555555,
          "rag": 4.716049382716049,
          "w": 78
        }
      },
      "totals": {
        "l": 84,
        "g": 162,
        "r": 738,
        "ra": 764,
        "lob": 1169,
        "opp_pa": 6418,
        "opp_h": 1405,
        "opp_bb": 573,
        "opp_so": 1361,
        "opp_hbp": 94,
        "opp_hr": 197,
        "opp_roe": 39,
        "der": 0.6556165036966373,
        "rpg": 4.555555555555555,
        "rag": 4.716049382716049,
        "w": 78
      }
    },
    "NEW": {
      "seasons": {
        "usabl-2026": {
          "w": 73,
          "g": 162,
          "r": 731,
          "ra": 745,
          "lob": 1136,
          "opp_pa": 6225,
          "opp_h": 1370,
          "opp_bb": 515,
          "opp_so": 1327,
          "opp_hbp": 77,
          "opp_hr": 184,
          "opp_roe": 42,
          "der": 0.6574478408539544,
          "rpg": 4.512345679012346,
          "rag": 4.598765432098766,
          "l": 89
        }
      },
      "totals": {
        "w": 73,
        "g": 162,
        "r": 731,
        "ra": 745,
        "lob": 1136,
        "opp_pa": 6225,
        "opp_h": 1370,
        "opp_bb": 515,
        "opp_so": 1327,
        "opp_hbp": 77,
        "opp_hr": 184,
        "opp_roe": 42,
        "der": 0.6574478408539544,
        "rpg": 4.512345679012346,