player_id,first_name,last_name,birthdate,height,weight,ethnicity,skin_tone,hair_color,facial_hair,bats,primary_position,other_positions,is_pitcher,role,preferred_pitching_role,ch,ph,sp,eye,gf,pl,vl,sc,fa,arm,endurance,control,movement,hold_runner,fb,cu,cb,sl,si,scb,kn,pot_ch,pot_ph,pot_sp,pot_eye,pot_gf,pot_pl,pot_vl,pot_sc,pot_fa,pot_arm,pot_control,pot_movement,pot_endurance,pot_hold_runner,pot_fb,pot_cu,pot_cb,pot_sl,pot_si,pot_scb,pot_kn,injured,injury_description,return_date,ready,injury_list,injury_start_date,injury_minimum_days,injury_eligible_date,injury_rehab_assignment,injury_rehab_days,durability,pitcher_archetype,hitter_archetype
P1858,Roberto,Vargas,1990-03-06,75,168,Hispanic,medium,black,clean_shaven,R,P,,1,RP,CL,,,,,55,,,,50,52,47,51,52,52,54,0,0,65,0,0,0,,,,,0,,,,46,52,49,46,45,46,49,0,0,65,0,0,0,False,,,0,,,,,,0,50,closer,
P8019,Curt,Jozsa,1999-05-24,70,228,Anglo,light,brown,clean_shaven,R,P,,1,RP,SP,,,,,49,,,,49,48,52,52,52,52,50,62,61,0,0,0,0,,,,,0,,,,62,56,63,64,61,60,65,73,75,0,0,0,0,False,,,0,,,,,,0,50,finesse_sp,
P2862,Malik,Green,2003-07-04,72,239,African,dark,black,goatee,R,P,,1,RP,RP,,,,,54,,,,48,50,50,53,52,50,51,0,0,0,60,0,0,,,,,0,,,,58,61,60,57,56,64,56,0,0,0,66,0,0,False,,,0,,,,,,0,50,groundball_rp,
P8244,Jonas,Moser,2002-10-17,72,222,Anglo,medium,brown,clean_shaven,R,P,,1,RP,SP,,,,,51,,,,52,53,50,50,52,51,53,61,0,59,0,0,0,,,,,0,,,,59,64,58,61,61,56,67,67,0,65,0,0,0,False,,,0,,,,,,0,50,balanced_sp,
P9601,Fernando,Garcia,1995-05-30,76,170,Hispanic,light,brown,goatee,R,P,,1,RP,SP,,,,,51,,,,47,51,52,52,52,51,51,0,62,0,62,0,0,,,,,0,,,,49,53,51,50,49,56,53,0,57,0,66,0,0,False,,,0,,,,,,0,50,groundball_sp,
P8721,Sung,Tanaka,1992-11-15,78,208,Asian,light,black,clean_shaven,L,P,,1,RP,RP,,,,,56,,,,52,52,49,50,54,53,51,0,61,63,62,0,0,,,,,0,,,,50,51,50,52,42,43,49,0,54,56,61,0,0,False,,,0,,,,,,0,50,groundball_rp,
P9095,Austin,Reginaldo,1987-06-01,75,173,Anglo,medium,black,clean_shaven,R,P,,1,RP,RP,,,,,53,,,,50,51,51,50,52,48,54,58,61,65,0,0,0,,,,,0,,,,47,46,40,42,49,46,51,49,53,59,0,0,0,False,,,0,,,,,,0,50,power_rp,
P4813,Eduardo,Morales,1988-10-29,78,232,Hispanic,dark,black,goatee,S,P,,1,RP,RP,,,,,53,,,,50,53,50,51,52,50,50,60,63,0,0,59,0,,,,,0,,,,40,44,44,46,46,42,44,53,55,0,0,56,0,False,,,0,,,,,,0,50,finesse_rp,
P6714,Bruno,Stimage,1991-09-18,73,250,Anglo,dark,black,clean_shaven,R,P,,1,RP,SP,,,,,49,,,,49,52,53,50,52,52,50,59,62,58,0,0,0,,,,,0,,,,46,44,40,49,53,44,40,59,58,48,0,0,0,False,,,0,,,,,,0,50,workhorse_sp,
P1196,Jorge,Martinez,1998-08-10,76,179,Hispanic,dark,black,clean_shaven,L,P,,1,RP,RP,,,,,49,,,,52,52,51,53,53,52,53,0,61,0,0,0,0,,,,,0,,,,58,67,62,67,58,67,58,0,68,0,0,0,0,False,,,0,,,,,,0,50,finesse_rp,
P6779,Shirley,Arbetman,2003-04-16,70,219,Anglo,light,red,mustache,R,P,,1,RP,SP,,,,,51,,,,52,49,53,52,52,49,52,63,61,0,0,0,0,,,,,0,,,,66,58,57,58,58,64,62,78,68,0,0,0,0,False,,,0,,,,,,0,50,finesse_sp,
P5732,Percy,Allen,1996-03-28,73,225,African,medium,brown,clean_shaven,R,C,,0,,,64,52,50,53,51,50,60,49,51,51,,,,,,,,,,,,68,50,46,51,51,0,0,49,53,55,,,,,,,,,,,,False,,,0,,,,,,0,50,,spray
P3083,Miguel,Garcia,1991-03-24,69,246,Hispanic,medium,black,clean_shaven,R,1B,,0,,,52,52,50,50,53,50,54,49,50,52,,,,,,,,,,,,50,49,47,40,53,0,0,49,40,48,,,,,,,,,,,,False,,,0,,,,,,0,50,,balanced
P9402,Juan,Diaz,1993-01-13,75,193,Hispanic,light,brown,goatee,R,2B,,0,,,52,51,49,51,49,49,56,50,48,51,,,,,,,,,,,,47,51,47,41,49,0,0,50,41,41,,,,,,,,,,,,False,,,0,,,,,,0,50,,balanced
P5966,Hector,Hernandez,2001-11-16,72,249,Hispanic,medium,black,clean_shaven,R,3B,,0,,,54,53,52,51,48,50,57,53,52,52,,,,,,,,,,,,69,65,66,65,48,0,0,53,59,60,,,,,,,,,,,,False,,,0,,,,,,0,50,,balanced
P6048,Hector,Vasquez,2000-11-14,77,189,Hispanic,medium,black,clean_shaven,L,SS,,0,,,56,48,52,52,51,51,53,49,52,50,,,,,,,,,,,,70,55,62,67,51,0,0,49,65,60,,,,,,,,,,,,False,,,0,,,,,,0,50,,spray
P2294,Sung,Liu,2000-03-03,72,232,Asian,medium,black,clean_shaven,L,LF,,0,,,62,51,50,51,49,48,46,52,53,53,,,,,,,,,,,,74,63,63,63,49,0,0,52,61,64,,,,,,,,,,,,False,,,0,,,,,,0,50,,spray
P7184,Cyrus,Humpal,1999-02-13,78,219,Anglo,light,red,beard,L,CF,,0,,,63,50,48,55,53,51,48,47,50,51,,,,,,,,,,,,70,61,54,61,53,0,0,47,55,59,,,,,,,,,,,,False,,,0,,,,,,0,50,,spray
P1818,Basil,Montore,1993-05-05,74,219,Anglo,dark,brown,clean_shaven,L,RF,,0,,,50,53,50,49,53,52,50,50,49,50,,,,,,,,,,,,43,45,50,40,53,0,0,50,41,45,,,,,,,,,,,,False,,,0,,,,,,0,50,,average
P7424,Sung,Zhang,1994-07-19,69,236,Asian,light,black,clean_shaven,R,SS,,0,,,51,49,81,52,53,49,60,51,53,50,,,,,,,,,,,,50,53,84,52,53,0,0,51,50,51,,,,,,,,,,,,False,,,0,,,,,,0,50,,speed
P4793,Yong,Hassan,2004-06-04,68,234,Asian,light,black,clean_shaven,R,3B,,0,,,59,53,52,51,48,50,58,51,52,53,,,,,,,,,,,,70,69,68,61,48,0,0,51,70,65,,,,,,,,,,,,False,,,0,,,,,,0,50,,gap
P6744,Yong,Liu,1997-08-27,71,246,Asian,medium,black,clean_shaven,R,3B,,0,,,51,58,53,50,48,52,56,53,52,52,,,,,,,,,,,,49,58,50,54,48,0,0,53,54,53,,,,,,,,,,,,False,,,0,,,,,,0,50,,power
P7301,Sung,Li,1991-08-21,75,222,Asian,medium,black,clean_shaven,S,RF,,0,,,52,59,50,49,47,53,54,47,49,48,,,,,,,,,,,,47,59,45,41,47,0,0,47,42,47,,,,,,,,,,,,False,,,0,,,,,,0,50,,power
P6766,Jose,Castillo,2002-10-01,71,161,Hispanic,medium,black,clean_shaven,R,3B,,0,,,53,50,51,49,50,51,56,48,47,48,,,,,,,,,,,,58,60,61,57,50,0,0,48,60,61,,,,,,,,,,,,False,,,0,,,,,,0,50,,gap
P9282,Eduardo,Ortiz,2001-08-06,78,196,Hispanic,dark,blonde,clean_shaven,R,RF,,0,,,52,52,51,52,49,48,55,51,49,48,,,,,,,,,,,,60,57,64,67,49,0,0,51,58,58,,,,,,,,,,,,False,,,0,,,,,,0,50,,average
P9302,Yong,Park,1998-06-26,76,182,Asian,light,black,mustache,L,P,,1,RP,CL,,,,,55,,,,49,54,50,50,53,51,53,0,62,66,0,0,0,,,,,0,,,,57,60,62,58,63,56,68,0,76,73,0,0,0,False,,,0,,,,,,0,50,closer,
P4649,Enoch,Vielle,1996-04-20,74,175,Anglo,light,black,beard,S,P,,1,RP,RP,,,,,53,,,,50,52,52,52,53,52,49,57,0,0,0,0,0,,,,,0,,,,47,57,51,48,47,50,51,62,0,0,0,0,0,False,,,0,,,,,,0,50,finesse_rp,
P6710,Pedro,Garcia,2004-04-20,76,217,Hispanic,medium,brown,clean_shaven,L,P,,1,RP,SP,,,,,50,,,,50,51,51,51,54,49,51,60,63,61,0,0,0,,,,,0,,,,72,70,69,68,77,78,75,77,76,80,0,0,0,False,,,0,,,,,,0,50,balanced_sp,
P2357,Darnell,Walker,1997-05-23,73,172,African,dark,black,goatee,R,P,,1,RP,SP,,,,,49,,,,50,53,50,52,52,48,53,0,61,64,0,0,0,,,,,0,,,,48,58,52,47,52,44,49,0,62,69,0,0,0,False,,,0,,,,,,0,50,power_sp,
P6331,Yong,Li,1987-12-08,72,233,Asian,light,black,clean_shaven,R,P,,1,RP,RP,,,,,51,,,,52,50,51,52,53,51,54,0,60,65,0,0,0,,,,,0,,,,46,42,48,47,51,43,51,0,54,58,0,0,0,False,,,0,,,,,,0,50,power_rp,
P6869,Todd,Denoyer,1994-06-28,77,195,Anglo,light,blonde,clean_shaven,L,P,,1,RP,SP,,,,,49,,,,53,49,50,53,52,50,51,59,0,60,0,0,0,,,,,0,,,,52,45,53,53,45,47,55,63,0,61,0,0,0,False,,,0,,,,,,0,50,workhorse_sp,
P6159,Yong,Patel,1993-07-12,68,199,Asian,medium,black,goatee,R,P,,1,RP,RP,,,,,50,,,,51,53,50,50,52,51,55,0,59,64,60,0,0,,,,,0,,,,43,44,49,50,46,48,46,0,54,55,58,0,0,False,,,0,,,,,,0,50,power_rp,
P8175,Pedro,Lopez,1987-04-21,71,243,Hispanic,medium,black,mustache,L,LF,,0,,,57,60,51,51,51,49,50,49,52,49,,,,,,,,,,,,52,50,42,44,51,0,0,49,44,47,,,,,,,,,,,,False,,,0,,,,,,0,50,,gap
P5962,Pedro,Reyes,1992-04-14,78,163,Hispanic,light,black,clean_shaven,R,SS,,0,,,48,63,47,51,47,53,58,51,50,50,,,,,,,,,,,,42,59,39,42,47,0,0,51,45,44,,,,,,,,,,,,False,,,0,,,,,,0,50,,power
P5001,Antonia,Eliezrie,2001-03-27,77,206,Anglo,light,black,beard,R,CF,,0,,,63,51,52,49,49,47,51,52,48,51,,,,,,,,,,,,70,65,64,54,49,0,0,52,53,56,,,,,,,,,,,,False,,,0,,,,,,0,50,,spray
P7805,Roberto,Cruz,1997-01-21,72,231,Hispanic,dark,brown,clean_shaven,L,2B,,0,,,50,49,48,51,50,52,46,51,49,49,,,,,,,,,,,,54,52,48,51,50,0,0,51,44,53,,,,,,,,,,,,False,,,0,,,,,,0,50,,balanced
P8113,Xavier,Harris,2001-06-27,78,246,African,medium,black,clean_shaven,R,1B,,0,,,50,65,51,51,51,52,57,49,50,49,,,,,,,,,,,,55,76,60,62,51,0,0,49,57,59,,,,,,,,,,,,False,,,0,,,,,,0,50,,power
P8223,Sung,Tran,1998-08-16,68,225,Asian,light,black,clean_shaven,L,1B,,0,,,50,56,49,51,49,49,47,52,49,50,,,,,,,,,,,,57,69,64,65,49,0,0,52,61,65,,,,,,,,,,,,False,,,0,,,,,,0,50,,average
P3016,Leroy,Gaines,1995-10-09,69,234,African,medium,black,clean_shaven,R,SS,,0,,,55,48,49,54,50,49,61,50,49,49,,,,,,,,,,,,50,46,47,58,50,0,0,50,50,48,,,,,,,,,,,,False,,,0,,,,,,0,50,,spray
P4218,Malik,Baker,1998-09-05,71,192,African,dark,black,clean_shaven,R,RF,1B,0,,,58,52,50,53,53,49,58,48,47,51,,,,,,,,,,,,69,57,64,62,53,0,0,48,54,59,,,,,,,,,,,,False,,,0,,,,,,0,50,,spray
P8200,Yong,Tanaka,2006-10-25,70,213,Asian,medium,black,clean_shaven,S,P,,1,RP,CL,,,,,55,,,,51,51,48,52,53,50,52,0,61,66,0,0,0,,,,,0,,,,68,74,81,81,70,76,76,0,71,90,0,0,0,False,,,0,,,,,,0,50,closer,
P4636,Francisco,Martinez,2004-03-15,76,210,Hispanic,dark,brown,mustache,L,P,,1,RP,SP,,,,,48,,,,51,50,54,50,52,48,54,0,62,62,0,55,0,,,,,0,,,,79,75,66,71,77,58,71,0,89,72,0,66,0,False,,,0,,,,,,0,50,power_sp,
P6854,Sung,Yamamoto,2007-04-19,70,189,Asian,medium,black,clean_shaven,S,P,,1,RP,SP,,,,,49,,,,52,51,52,51,54,53,49,60,61,0,0,0,0,,,,,0,,,,63,71,67,71,62,82,73,71,84,0,0,0,0,False,,,0,,,,,,0,50,finesse_sp,
P3870,Jorge,Gonzalez,2007-10-09,78,249,Hispanic,medium,blonde,clean_shaven,R,P,,1,RP,SP,,,,,49,,,,49,51,53,50,52,51,50,63,61,62,0,0,0,,,,,0,,,,65,63,75,64,70,66,76,80,82,81,0,0,0,False,,,0,,,,,,0,50,balanced_sp,
P2494,Sung,Pham,2005-07-22,77,207,Asian,medium,black,clean_shaven,S,P,,1,RP,RP,,,,,53,,,,50,49,51,50,52,53,51,0,59,0,0,0,0,,,,,0,,,,61,63,65,67,81,67,78,0,73,0,0,0,0,False,,,0,,,,,,0,50,finesse_rp,
P7336,Dwight,Mccowan,2005-08-28,77,161,Anglo,medium,brown,clean_shaven,R,LF,,0,,,52,63,50,50,48,49,58,49,52,49,,,,,,,,,,,,63,74,68,70,48,0,0,49,68,64,,,,,,,,,,,,False,,,0,,,,,,0,50,,power
P3504,Jorge,Rivera,2007-06-10,71,236,Hispanic,light,brown,clean_shaven,R,LF,,0,,,50,50,51,49,50,52,56,51,49,53,,,,,,,,,,,,65,61,68,73,50,0,0,51,61,81,,,,,,,,,,,,False,,,0,,,,,,0,50,,average
P5483,Benjamin,Jeffris,2006-04-18,77,244,Anglo,medium,blonde,clean_shaven,L,RF,,0,,,54,47,70,50,51,49,44,49,48,52,,,,,,,,,,,,73,77,98,66,51,0,0,49,78,81,,,,,,,,,,,,False,,,0,,,,,,0,50,,speed
P9308,Jamal,Carter,2005-04-13,73,184,African,dark,black,mustache,L,C,,0,,,50,53,52,51,52,53,51,49,53,52,,,,,,,,,,,,64,78,65,72,52,0,0,49,81,77,,,,,,,,,,,,False,,,0,,,,,,0,50,,balanced
P8536,Tyrone,Robinson,2007-01-19,69,167,African,dark,black,goatee,R,LF,,0,,,49,64,49,50,49,51,55,52,51,51,,,,,,,,,,,,64,88,68,68,49,0,0,52,65,69,,,,,,,,,,,,False,,,0,,,,,,0,50,,power
P8885,Sung,Le,1999-11-09,75,188,Asian,medium,black,clean_shaven,S,P,,1,RP,CL,,,,,55,,,,51,52,52,50,53,49,56,0,0,66,0,0,0,,,,,0,,,,58,67,57,62,67,55,61,0,0,80,0,0,0,False,,,0,,,,,,0,50,closer,
P8430,Pedro,Vargas,1988-01-20,73,230,Hispanic,medium,red,beard,L,P,,1,RP,SP,,,,,48,,,,52,53,50,51,52,49,52,60,62,61,58,0,0,,,,,0,,,,52,45,42,46,42,44,51,59,59,57,56,0,0,False,,,0,,,,,,0,50,power_sp,
P8289,Hector,Ramos,1988-01-14,75,205,Hispanic,medium,brown,clean_shaven,R,P,,1,RP,SP,,,,,52,,,,51,53,53,51,52,49,53,62,60,61,0,0,0,,,,,0,,,,49,51,46,52,48,47,53,57,59,56,0,0,0,False,,,0,,,,,,0,50,balanced_sp,
P8780,Alejandro,Gonzalez,1999-06-23,77,249,Hispanic,medium,brown,mustache,L,P,,1,RP,SP,,,,,48,,,,51,52,52,50,54,48,54,0,64,59,57,57,0,,,,,0,,,,58,61,59,61,60,58,59,0,70,70,68,66,0,False,,,0,,,,,,0,50,power_sp,
P4199,Rufus,Taylor,1998-08-05,78,176,African,dark,black,clean_shaven,L,P,,1,RP,SP,,,,,49,,,,50,50,53,50,54,48,51,61,61,60,0,0,0,,,,,0,,,,58,56,63,59,60,63,65,73,71,65,0,0,0,False,,,0,,,,,,0,50,balanced_sp,
P6743,Sung,Huang,1987-12-18,72,232,Asian,medium,black,clean_shaven,R,P,,1,RP,SP,,,,,54,,,,49,53,52,51,52,51,53,0,62,0,59,0,0,,,,,0,,,,39,52,44,51,46,42,52,0,57,0,55,0,0,False,,,0,,,,,,0,50,groundball_sp,
P5958,Ricardo,Vasquez,2003-11-09,68,206,Hispanic,light,black,clean_shaven,R,P,,1,RP,CL,,,,,50,,,,51,54,49,52,53,49,53,60,59,65,0,0,0,,,,,0,,,,56,66,57,65,56,60,59,67,68,80,0,0,0,False,,,0,,,,,,0,50,closer,
P6722,Cordell,Panke,1998-04-23,72,212,Anglo,medium,brown,beard,R,P,,1,RP,LR,,,,,53,,,,52,51,49,50,53,51,51,58,0,0,0,0,0,,,,,0,,,,57,57,59,58,60,62,59,68,0,0,0,0,0,False,,,0,,,,,,0,50,long_relief,
P9401,Fredrick,Schneidtmille,1991-06-29,75,161,Anglo,medium,black,clean_shaven,R,P,,1,RP,SP,,,,,54,,,,51,48,52,50,53,49,49,59,59,60,61,0,0,,,,,0,,,,41,39,48,50,47,40,41,50,49,55,53,0,0,False,,,0,,,,,,0,50,groundball_sp,
P8923,Yong,Yamamoto,2000-01-21,74,219,Asian,medium,black,clean_shaven,R,P,,1,RP,RP,,,,,55,,,,48,53,51,50,52,51,52,0,0,0,63,0,0,,,,,0,,,,60,64,64,67,58,59,67,0,0,0,69,0,0,False,,,0,,,,,,0,50,groundball_rp,
P6081,Deshawn,Green,1992-07-20,75,207,African,dark,black,goatee,S,P,,1,RP,SP,,,,,49,,,,49,51,50,51,52,50,51,59,59,59,0,0,0,,,,,0,,,,45,44,51,48,44,42,46,57,57,57,0,0,0,False,,,0,,,,,,0,50,workhorse_sp,
P2080,Francisco,Rodriguez,1990-04-28,78,179,Hispanic,dark,black,clean_shaven,R,C,,0,,,61,51,50,52,51,50,59,51,51,49,,,,,,,,,,,,58,41,45,47,51,0,0,51,46,44,,,,,,,,,,,,False,,,0,,,,,,0,50,,spray
P1185,Bryan,Mclennon,1993-09-13,69,164,Anglo,medium,brown,beard,R,1B,,0,,,50,63,47,49,50,50,55,53,50,51,,,,,,,,,,,,42,57,46,41,50,0,0,53,42,44,,,,,,,,,,,,False,,,0,,,,,,0,50,,power
P2321,Felton,Wach,1997-07-25,74,187,Anglo,light,black,beard,R,2B,,0,,,53,47,49,53,51,48,58,50,51,52,,,,,,,,,,,,48,44,46,51,51,0,0,50,48,56,,,,,,,,,,,,False,,,0,,,,,,0,50,,average
P4903,Yong,Singh,2004-03-26,73,226,Asian,medium,black,clean_shaven,R,3B,,0,,,51,53,49,52,49,49,55,51,49,50,,,,,,,,,,,,79,77,72,68,49,0,0,51,77,64,,,,,,,,,,,,False,,,0,,,,,,0,50,,balanced
P1290,Yong,Wang,2002-10-28,78,221,Asian,medium,black,clean_shaven,L,SS,,0,,,53,49,50,52,48,51,48,52,48,48,,,,,,,,,,,,63,61,65,57,48,0,0,52,62,57,,,,,,,,,,,,False,,,0,,,,,,0,50,,balanced
P2267,Leroy,Scott,1999-11-28,73,241,African,dark,black,clean_shaven,L,LF,,0,,,50,61,47,49,50,49,48,50,50,52,,,,,,,,,,,,55,74,59,58,50,0,0,50,60,62,,,,,,,,,,,,False,,,0,,,,,,0,50,,power
P9368,Hector,Gomez,1999-10-09,77,223,Hispanic,light,blonde,goatee,R,CF,,0,,,60,50,51,51,49,48,55,50,51,51,,,,,,,,,,,,67,60,66,62,49,0,0,50,65,66,,,,,,,,,,,,False,,,0,,,,,,0,50,,spray
P2411,German,Vence,2004-10-21,71,216,Anglo,light,blonde,clean_shaven,R,RF,,0,,,52,61,47,49,47,54,56,48,51,53,,,,,,,,,,,,65,84,68,68,47,0,0,48,74,73,,,,,,,,,,,,False,,,0,,,,,,0,50,,power
P9404,Roberto,Garcia,2003-08-27,74,234,Hispanic,light,red,goatee,L,RF,,0,,,50,57,48,51,51,52,50,47,52,52,,,,,,,,,,,,59,69,57,64,51,0,0,47,57,60,,,,,,,,,,,,False,,,0,,,,,,0,50,,power
P7054,Hector,Gonzalez,1987-12-09,73,195,Hispanic,medium,brown,clean_shaven,R,LF,,0,,,53,63,47,53,50,51,59,51,51,50,,,,,,,,,,,,48,59,46,50,50,0,0,51,47,43,,,,,,,,,,,,False,,,0,,,,,,0,50,,power
P7770,Darnell,Taylor,2001-10-17,71,167,African,dark,black,beard,R,SS,,0,,,51,51,84,50,52,51,59,51,48,53,,,,,,,,,,,,57,65,97,55,52,0,0,51,63,59,,,,,,,,,,,,False,,,0,,,,,,0,50,,speed
P9429,Juan,Perez,1998-11-05,69,186,Hispanic,light,brown,clean_shaven,R,2B,,0,,,58,49,70,57,49,50,58,51,48,51,,,,,,,,,,,,71,64,80,68,49,0,0,51,53,61,,,,,,,,,,,,False,,,0,,,,,,0,50,,speed
P5645,Kraig,Jabiro,2003-11-28,70,193,Anglo,dark,brown,beard,R,C,,0,,,52,51,50,52,53,52,58,49,49,48,,,,,,,,,,,,61,61,64,65,53,0,0,49,59,57,,,,,,,,,,,,False,,,0,,,,,,0,50,,average
P8659,Sung,Park,1987-12-22,68,168,Asian,medium,black,beard,S,3B,,0,,,51,47,79,52,52,51,54,49,49,50,,,,,,,,,,,,44,44,73,46,52,0,0,49,43,44,,,,,,,,,,,,False,,,0,,,,,,0,50,,speed
P9012,Yong,Tran,1990-04-06,78,218,Asian,medium,black,clean_shaven,S,P,,1,RP,CL,,,,,55,,,,49,53,51,50,52,51,53,59,58,65,0,0,0,,,,,0,,,,43,46,45,43,50,46,53,56,58,65,0,0,0,False,,,0,,,,,,0,50,closer,
P1353,Sung,Choi,2002-02-07,77,166,Asian,medium,black,clean_shaven,S,P,,1,RP,SP,,,,,51,,,,51,49,52,50,53,48,52,63,61,60,0,0,0,,,,,0,,,,58,63,58,62,61,54,57,78,71,67,0,0,0,False,,,0,,,,,,0,50,workhorse_sp,
P7944,Eduardo,Garcia,1988-03-07,70,225,Hispanic,medium,black,clean_shaven,R,P,,1,RP,SP,,,,,49,,,,51,50,50,53,52,50,53,63,63,62,0,57,0,,,,,0,,,,44,46,48,46,41,47,52,59,54,60,0,57,0,False,,,0,,,,,,0,50,finesse_sp,
P1938,Andrew,Pfeiffer,1995-08-29,78,200,Anglo,light,blonde,beard,R,P,,1,RP,RP,,,,,53,,,,51,48,49,50,54,49,51,60,61,0,0,0,0,,,,,0,,,,48,52,50,50,53,50,47,57,65,0,0,0,0,False,,,0,,,,,,0,50,finesse_rp,
P6728,Tom,Vlach,1993-09-03,68,226,Anglo,light,black,clean_shaven,L,P,,1,RP,SP,,,,,49,,,,51,50,49,53,53,52,50,61,58,62,0,0,0,,,,,0,,,,48,43,51,43,46,47,45,56,55,53,0,0,0,False,,,0,,,,,,0,50,balanced_sp,
P6530,Sung,Singh,1989-11-16,76,228,Asian,dark,black,clean_shaven,R,P,,1,RP,SP,,,,,49,,,,48,54,54,50,52,50,54,0,60,60,58,57,0,,,,,0,,,,46,50,47,42,45,41,53,0,50,56,53,50,0,False,,,0,,,,,,0,50,power_sp,
P2890,Sung,Patel,1995-09-08,75,177,Asian,dark,black,beard,R,P,,1,RP,SP,,,,,52,,,,50,49,51,50,53,50,50,57,59,61,62,0,0,,,,,0,,,,48,48,45,49,46,55,47,62,57,58,63,0,0,False,,,0,,,,,,0,50,groundball_sp,
P5945,Carlos,Gonzalez,2002-01-27,74,227,Hispanic,medium,black,clean_shaven,R,SS,,0,,,51,48,92,49,51,51,59,51,49,53,,,,,,,,,,,,58,60,97,54,51,0,0,51,56,64,,,,,,,,,,,,False,,,0,,,,,,0,50,,speed
P7319,Yong,Zhang,1989-07-22,77,165,Asian,light,black,clean_shaven,L,SS,,0,,,50,61,50,51,50,49,50,50,52,52,,,,,,,,,,,,44,55,45,44,50,0,0,50,51,47,,,,,,,,,,,,False,,,0,,,,,,0,50,,power
P4341,Sung,Nguyen,1989-05-04,76,198,Asian,medium,brown,beard,R,CF,,0,,,49,48,71,49,50,50,51,50,52,49,,,,,,,,,,,,41,43,61,46,50,0,0,50,47,42,,,,,,,,,,,,False,,,0,,,,,,0,50,,speed
P6824,Fernando,Reyes,2003-12-08,77,241,Hispanic,light,brown,goatee,R,2B,,0,,,52,53,49,51,50,52,57,51,49,51,,,,,,,,,,,,60,62,56,61,50,0,0,51,63,61,,,,,,,,,,,,False,,,0,,,,,,0,50,,balanced
P7086,Yong,Kim,2004-05-23,68,246,Asian,medium,black,clean_shaven,R,SS,,0,,,65,51,50,49,53,47,59,52,49,51,,,,,,,,,,,,80,69,76,77,53,0,0,52,59,77,,,,,,,,,,,,False,,,0,,,,,,0,50,,spray
P9810,Sung,Lin,1992-02-25,70,243,Asian,medium,black,clean_shaven,S,CF,,0,,,53,53,52,50,52,52,54,51,48,50,,,,,,,,,,,,46,48,52,43,52,0,0,51,41,42,,,,,,,,,,,,False,,,0,,,,,,0,50,,balanced
P1279,Tyrone,Wright,1997-02-25,68,248,African,dark,black,clean_shaven,S,2B,,0,,,57,50,53,54,50,46,55,48,51,49,,,,,,,,,,,,55,55,50,51,50,0,0,48,56,47,,,,,,,,,,,,False,,,0,,,,,,0,50,,spray
P8339,Malik,Allen,1994-06-23,72,218,African,dark,black,beard,S,RF,,0,,,49,53,51,49,52,52,54,50,47,52,,,,,,,,,,,,50,52,51,51,52,0,0,50,43,49,,,,,,,,,,,,False,,,0,,,,,,0,50,,average
P2232,Carlos,Ramos,2005-09-21,69,214,Hispanic,medium,black,clean_shaven,R,P,,1,RP,CL,,,,,55,,,,50,51,47,52,52,52,52,0,0,65,0,0,0,,,,,0,,,,78,70,76,63,61,77,69,0,0,84,0,0,0,False,,,0,,,,,,0,50,closer,
P8855,Yong,Nguyen,2007-08-07,78,184,Asian,medium,black,clean_shaven,R,P,,1,RP,SP,,,,,51,,,,49,50,49,52,54,48,53,0,59,59,60,0,0,,,,,0,,,,78,65,72,78,67,76,76,0,69,71,74,0,0,False,,,0,,,,,,0,50,groundball_sp,
P4126,Jermaine,Baker,2007-09-20,77,202,African,dark,black,goatee,R,P,,1,RP,SP,,,,,53,,,,49,52,54,50,52,52,49,62,62,61,62,0,0,,,,,0,,,,73,69,67,65,65,62,74,85,86,74,82,0,0,False,,,0,,,,,,0,50,groundball_sp,
P4861,Yong,Le,2006-09-02,78,239,Asian,medium,black,mustache,L,P,,1,RP,SP,,,,,52,,,,49,51,54,51,52,52,50,61,59,60,0,0,0,,,,,0,,,,73,80,78,70,77,78,69,74,76,82,0,0,0,False,,,0,,,,,,0,50,workhorse_sp,
P6465,Roberto,Reyes,2004-08-18,77,200,Hispanic,light,black,clean_shaven,R,P,,1,RP,SP,,,,,48,,,,50,49,52,50,52,52,51,58,60,61,0,0,0,,,,,0,,,,60,79,60,67,62,71,65,70,76,88,0,0,0,False,,,0,,,,,,0,50,balanced_sp,
P5456,Sung,Khan,2006-12-31,73,243,Asian,medium,black,clean_shaven,S,LF,,0,,,61,52,50,50,50,50,52,49,53,53,,,,,,,,,,,,91,69,77,73,50,0,0,49,65,73,,,,,,,,,,,,False,,,0,,,,,,0,50,,spray
P9112,Garth,Dispirito,2006-09-26,77,250,Anglo,light,blonde,clean_shaven,R,LF,,0,,,60,52,48,50,50,47,55,53,48,49,,,,,,,,,,,,78,70,61,79,50,0,0,53,60,64,,,,,,,,,,,,False,,,0,,,,,,0,50,,spray
P9224,Jose,Perez,2006-09-14,74,249,Hispanic,dark,brown,goatee,R,C,,0,,,52,50,52,53,52,51,56,48,52,50,,,,,,,,,,,,64,65,71,71,52,0,0,48,73,72,,,,,,,,,,,,False,,,0,,,,,,0,50,,balanced
P5946,Titus,Shearin,2006-07-27,75,186,Anglo,light,brown,clean_shaven,R,LF,,0,,,52,48,72,53,54,47,56,51,52,51,,,,,,,,,,,,80,59,90,72,54,0,0,51,64,64,,,,,,,,,,,,False,,,0,,,,,,0,50,,speed
P8480,Juan,Cruz,2006-03-27,73,167,Hispanic,medium,black,clean_shaven,L,SS,,0,,,48,50,48,49,53,49,51,50,52,49,,,,,,,,,,,,77,65,78,75,53,0,0,50,66,75,,,,,,,,,,,,False,,,0,,,,,,0,50,,average
P9816,Tyrone,Baker,1994-01-05,75,161,African,dark,black,mustache,R,P,,1,RP,CL,,,,,55,,,,51,51,49,50,52,50,55,0,0,65,0,0,0,,,,,0,,,,45,42,48,47,42,49,50,0,0,60,0,0,0,False,,,0,,,,,,0,50,closer,
P8638,Luis,Diaz,2000-03-21,75,230,Hispanic,light,black,beard,L,P,,1,RP,SP,,,,,51,,,,51,50,52,53,52,50,51,60,62,60,0,58,0,,,,,0,,,,66,55,67,59,61,61,59,71,69,75,0,65,0,False,,,0,,,,,,0,50,workhorse_sp,
P9075,Cristopher,Kole,1992-06-04,70,178,Anglo,light,brown,clean_shaven,S,P,,1,RP,SP,,,,,50,,,,51,50,50,50,52,49,53,0,60,58,59,0,0,,,,,0,,,,43,49,42,45,45,48,52,0,54,56,59,0,0,False,,,0,,,,,,0,50,groundball_sp,
P9720,Juan,Torres,1988-05-28,75,202,Hispanic,light,brown,clean_shaven,S,P,,1,RP,SP,,,,,54,,,,51,51,53,50,52,48,52,59,62,60,57,0,0,,,,,0,,,,42,48,41,42,47,47,43,53,53,52,56,0,0,False,,,0,,,,,,0,50,groundball_sp,
P8121,Xavier,Carter,1994-09-06,71,163,African,dark,black,clean_shaven,L,P,,1,RP,SP,,,,,52,,,,49,51,50,50,52,50,51,63,62,59,56,0,0,,,,,0,,,,45,46,46,50,55,49,51,64,60,55,54,0,0,False,,,0,,,,,,0,50,workhorse_sp,
P3827,Yong,Chen,2004-03-19,74,243,Asian,light,black,clean_shaven,S,P,,1,RP,SP,,,,,49,,,,50,50,50,51,52,49,50,62,63,0,0,57,0,,,,,0,,,,72,73,67,69,70,71,65,79,89,0,0,87,0,False,,,0,,,,,,0,50,finesse_sp,
P6698,Neal,Vollman,1998-06-16,75,242,Anglo,medium,red,beard,R,P,,1,RP,RP,,,,,57,,,,49,49,51,51,52,51,54,0,59,62,61,0,0,,,,,0,,,,58,61,63,61,63,57,60,0,73,67,72,0,0,False,,,0,,,,,,0,50,groundball_rp,
P5151,Sung,Kim,1991-06-04,78,167,Asian,light,black,clean_shaven,L,P,,1,RP,SP,,,,,47,,,,53,53,50,53,52,50,52,60,64,0,0,0,0,,,,,0,,,,45,43,44,43,50,40,45,57,64,0,0,0,0,False,,,0,,,,,,0,50,finesse_sp,
P5697,Jose,Vargas,1997-02-03,70,220,Hispanic,dark,brown,mustache,R,P,,1,RP,SP,,,,,48,,,,48,51,51,53,54,51,50,60,63,60,0,0,0,,,,,0,,,,47,49,58,51,46,56,52,57,59,57,0,0,0,False,,,0,,,,,,0,50,balanced_sp,
P2028,Malik,Taylor,2001-08-27,71,219,African,dark,black,clean_shaven,R,P,,1,RP,RP,,,,,49,,,,51,49,50,52,54,51,53,59,60,66,0,0,0,,,,,0,,,,61,62,57,59,55,59,65,74,70,73,0,0,0,False,,,0,,,,,,0,50,finesse_rp,
P8717,Antonio,Ramos,2003-11-01,78,172,Hispanic,dark,red,clean_shaven,R,P,LF,1,RP,SP,,,,,48,,,,49,51,50,50,52,52,51,58,63,0,60,0,0,,,,,0,,,,63,57,58,60,64,61,62,69,70,0,65,0,0,False,,,0,,,,,,0,50,finesse_sp,
P4289,Yong,Choi,2004-06-16,72,160,Asian,light,black,clean_shaven,R,C,,0,,,54,53,51,51,51,51,57,49,48,52,,,,,,,,,,,,77,81,78,66,51,0,0,49,69,78,,,,,,,,,,,,False,,,0,,,,,,0,50,,balanced
P5246,Manuel,Sanchez,1998-01-16,75,234,Hispanic,light,brown,beard,L,1B,,0,,,54,58,53,53,49,50,46,49,52,51,,,,,,,,,,,,54,60,57,56,49,0,0,49,55,48,,,,,,,,,,,,False,,,0,,,,,,0,50,,gap
P3694,Yong,Lin,1999-09-29,69,200,Asian,medium,black,clean_shaven,R,2B,,0,,,49,60,50,50,50,49,58,48,48,52,,,,,,,,,,,,54,67,64,62,50,0,0,48,60,65,,,,,,,,,,,,False,,,0,,,,,,0,50,,power
P4327,Sung,Hassan,1997-01-07,76,199,Asian,medium,black,clean_shaven,R,3B,,0,,,58,52,51,54,49,47,59,50,49,53,,,,,,,,,,,,55,53,51,54,49,0,0,50,49,56,,,,,,,,,,,,False,,,0,,,,,,0,50,,spray
P3184,Darnell,White,2003-03-24,69,171,African,dark,brown,clean_shaven,R,SS,,0,,,54,49,51,53,52,49,58,50,48,52,,,,,,,,,,,,69,55,61,68,52,0,0,50,55,59,,,,,,,,,,,,False,,,0,,,,,,0,50,,balanced
P2505,Darnell,Jefferson,1993-12-13,77,185,African,dark,black,clean_shaven,R,LF,,0,,,50,50,52,51,50,51,60,50,52,53,,,,,,,,,,,,43,44,47,41,50,0,0,50,50,45,,,,,,,,,,,,False,,,0,,,,,,0,50,,average
P4485,Malik,Harris,1987-07-11,78,235,African,dark,black,beard,R,CF,,0,,,54,51,54,53,49,51,54,51,50,52,,,,,,,,,,,,53,41,50,43,49,0,0,51,50,44,,,,,,,,,,,,False,,,0,,,,,,0,50,,gap
P3974,Louis,Chancy,1996-07-02,72,172,Anglo,dark,black,clean_shaven,L,RF,,0,,,52,49,70,53,49,50,46,47,51,52,,,,,,,,,,,,54,53,69,53,49,0,0,47,51,53,,,,,,,,,,,,False,,,0,,,,,,0,50,,speed
P5057,Leroy,Robinson,1991-12-27,76,163,African,dark,black,clean_shaven,R,3B,,0,,,52,51,53,51,51,52,56,52,50,52,,,,,,,,,,,,49,49,49,49,51,0,0,52,47,48,,,,,,,,,,,,False,,,0,,,,,,0,50,,average
P2349,Carol,Gosney,1987-03-05,70,226,Anglo,dark,brown,goatee,R,SS,3B,0,,,51,50,51,50,48,48,61,52,51,48,,,,,,,,,,,,41,48,44,42,48,0,0,52,47,39,,,,,,,,,,,,False,,,0,,,,,,0,50,,balanced
P3868,Jermaine,Gaines,1997-09-22,71,243,African,dark,brown,beard,L,CF,,0,,,54,47,50,53,50,48,47,48,48,49,,,,,,,,,,,,51,48,46,54,50,0,0,48,43,47,,,,,,,,,,,,False,,,0,,,,,,0,50,,spray
P3909,Scott,Bourgois,2003-11-03,74,242,Anglo,light,brown,mustache,S,CF,,0,,,61,59,52,50,48,48,46,47,50,52,,,,,,,,,,,,69,72,61,59,48,0,0,47,62,60,,,,,,,,,,,,False,,,0,,,,,,0,50,,gap
P9538,Johnnie,Kinaj,1987-07-22,78,165,Anglo,medium,blonde,mustache,R,RF,,0,,,48,50,51,51,52,51,51,50,50,51,,,,,,,,,,,,48,40,44,44,52,0,0,50,48,49,,,,,,,,,,,,False,,,0,,,,,,0,50,,average
P6856,Carlos,Martinez,1994-02-05,74,208,Hispanic,medium,blonde,clean_shaven,R,1B,,0,,,64,56,50,51,53,48,58,50,50,51,,,,,,,,,,,,54,56,46,48,53,0,0,50,50,42,,,,,,,,,,,,False,,,0,,,,,,0,50,,spray
P3810,Roderick,Grieb,1987-03-17,73,243,Anglo,light,brown,mustache,S,P,,1,RP,CL,,,,,55,,,,48,51,51,51,52,49,52,0,60,66,0,0,0,,,,,0,,,,44,47,45,49,44,41,46,0,51,63,0,0,0,False,,,0,,,,,,0,50,closer,
P7091,Russell,Read,1992-02-14,78,234,Anglo,medium,black,clean_shaven,R,P,,1,RP,SP,,,,,52,,,,51,49,51,50,52,50,53,58,0,62,0,0,0,,,,,0,,,,50,47,43,43,42,48,49,48,0,56,0,0,0,False,,,0,,,,,,0,50,balanced_sp,
P2217,Hector,Rivera,1995-08-30,73,237,Hispanic,medium,brown,beard,L,P,,1,RP,RP,,,,,53,,,,52,52,52,52,52,53,51,58,59,0,0,0,0,,,,,0,,,,57,55,51,51,56,50,50,58,54,0,0,0,0,False,,,0,,,,,,0,50,finesse_rp,
P7608,Antonio,Gonzalez,1994-01-26,78,250,Hispanic,light,blonde,clean_shaven,L,P,,1,RP,RP,,,,,52,,,,48,52,49,50,54,52,53,59,59,0,59,0,0,,,,,0,,,,45,43,45,52,47,51,52,58,50,0,51,0,0,False,,,0,,,,,,0,50,finesse_rp,
P3134,Van,Servedio,1996-04-04,76,174,Anglo,medium,blonde,clean_shaven,R,P,,1,RP,SP,,,,,50,,,,49,53,53,50,52,52,50,59,61,59,0,56,0,,,,,0,,,,46,51,52,49,56,57,47,59,63,56,0,52,0,False,,,0,,,,,,0,50,workhorse_sp,
P5013,Luis,Gomez,1994-06-06,73,215,Hispanic,light,black,clean_shaven,R,P,,1,RP,CL,,,,,53,,,,52,53,50,50,53,49,53,59,58,65,0,0,0,,,,,0,,,,48,56,49,54,53,45,57,56,60,69,0,0,0,False,,,0,,,,,,0,50,closer,
P8420,Sung,Wang,1997-07-23,73,164,Asian,light,black,clean_shaven,S,P,,1,RP,SP,,,,,50,,,,48,51,51,50,53,53,52,58,60,58,62,0,0,,,,,0,,,,50,51,46,54,51,49,49,60,56,63,67,0,0,False,,,0,,,,,,0,50,groundball_sp,
P2754,Fernando,Ramos,1992-03-17,72,206,Hispanic,medium,brown,mustache,L,LF,3B,0,,,60,53,50,55,52,51,47,51,52,51,,,,,,,,,,,,50,45,41,52,52,0,0,51,42,46,,,,,,,,,,,,False,,,0,,,,,,0,50,,spray
P4262,Dannie,Ercolano,1989-09-24,69,249,Anglo,light,brown,beard,L,CF,,0,,,52,50,49,51,50,52,42,48,52,49,,,,,,,,,,,,49,47,49,44,50,0,0,48,44,47,,,,,,,,,,,,False,,,0,,,,,,0,50,,balanced
P6900,Jorge,Delgado,1997-01-04,72,174,Hispanic,medium,black,clean_shaven,R,2B,,0,,,58,52,51,53,50,51,56,48,52,49,,,,,,,,,,,,55,48,47,57,50,0,0,48,54,45,,,,,,,,,,,,False,,,0,,,,,,0,50,,spray
P2284,Francesco,Camferdam,1996-06-09,70,229,Anglo,light,blonde,beard,L,C,,0,,,59,49,50,50,52,50,50,50,53,47,,,,,,,,,,,,55,47,55,54,52,0,0,50,48,51,,,,,,,,,,,,False,,,0,,,,,,0,50,,spray
P1757,Yong,Pham,2003-06-22,71,171,Asian,medium,black,clean_shaven,R,SS,,0,,,58,49,53,52,51,48,59,49,50,50,,,,,,,,,,,,63,55,64,61,51,0,0,49,65,60,,,,,,,,,,,,False,,,0,,,,,,0,50,,spray
P5240,Yong,Huang,1990-07-15,68,186,Asian,medium,black,clean_shaven,L,LF,,0,,,50,60,48,49,47,51,49,49,50,48,,,,,,,,,,,,50,57,41,45,47,0,0,49,40,38,,,,,,,,,,,,False,,,0,,,,,,0,50,,power
P4471,Antonio,Hernandez,1990-10-17,74,165,Hispanic,medium,blonde,clean_shaven,L,1B,,0,,,61,51,50,52,49,48,46,52,49,52,,,,,,,,,,,,53,50,46,44,49,0,0,52,40,43,,,,,,,,,,,,False,,,0,,,,,,0,50,,spray
P8627,Jayson,Masell,1992-02-02,75,232,Anglo,light,blonde,goatee,R,3B,,0,,,49,53,52,50,51,50,59,53,48,51,,,,,,,,,,,,49,43,48,47,51,0,0,53,48,51,,,,,,,,,,,,False,,,0,,,,,,0,50,,balanced
P9415,Jacinto,Kupchinsky,2006-07-28,77,196,Anglo,light,black,clean_shaven,L,P,,1,RP,CL,,,,,55,,,,51,51,50,52,54,49,51,0,0,65,0,0,0,,,,,0,,,,80,64,73,76,61,60,68,0,0,88,0,0,0,False,,,0,,,,,,0,50,closer,
P3027,Yong,Khan,2006-08-02,70,214,Asian,light,black,clean_shaven,R,P,,1,RP,SP,,,,,52,,,,49,52,51,51,53,49,50,60,0,60,0,0,0,,,,,0,,,,79,81,62,63,67,72,78,77,0,72,0,0,0,False,,,0,,,,,,0,50,workhorse_sp,
P5166,Eduardo,Hernandez,2007-06-24,72,168,Hispanic,light,brown,clean_shaven,R,P,,1,RP,SP,,,,,51,,,,51,52,53,50,54,49,51,62,59,60,0,0,0,,,,,0,,,,68,67,68,68,73,64,74,83,71,84,0,0,0,False,,,0,,,,,,0,50,power_sp,
P2438,Malik,White,2004-03-28,77,194,African,dark,brown,clean_shaven,R,P,,1,RP,SP,,,,,51,,,,48,52,53,51,54,49,50,61,63,62,58,0,0,,,,,0,,,,67,69,62,81,63,63,70,72,73,92,87,0,0,False,,,0,,,,,,0,50,balanced_sp,
P6417,Sung,Chen,2006-11-23,73,230,Asian,medium,black,clean_shaven,L,P,,1,RP,SP,,,,,48,,,,50,50,50,52,52,52,51,58,60,59,60,0,0,,,,,0,,,,60,66,66,80,73,68,66,81,90,81,79,0,0,False,,,0,,,,,,0,50,finesse_sp,
P7325,Leroy,Wright,2006-03-23,77,190,African,dark,brown,clean_shaven,R,3B,,0,,,60,49,53,52,50,50,59,50,50,50,,,,,,,,,,,,70,74,81,70,50,0,0,50,72,69,,,,,,,,,,,,False,,,0,,,,,,0,50,,spray
P4868,Antonio,Rivera,2006-02-23,74,216,Hispanic,light,blonde,goatee,R,C,,0,,,51,52,48,50,50,48,58,48,53,50,,,,,,,,,,,,67,68,59,80,50,0,0,48,71,63,,,,,,,,,,,,False,,,0,,,,,,0,50,,balanced
P5186,Hector,Lopez,2007-11-23,73,197,Hispanic,light,blonde,clean_shaven,R,1B,,0,,,61,48,51,49,50,48,54,50,51,52,,,,,,,,,,,,86,72,65,76,50,0,0,50,73,80,,,,,,,,,,,,False,,,0,,,,,,0,50,,spray
P6550,Jamal,Robinson,2004-12-17,68,163,African,dark,black,clean_shaven,L,C,,0,,,51,52,49,50,48,52,51,49,52,49,,,,,,,,,,,,63,64,77,80,48,0,0,49,78,76,,,,,,,,,,,,False,,,0,,,,,,0,50,,balanced
P3502,Will,Wiegard,2007-04-04,77,245,Anglo,medium,black,clean_shaven,L,LF,,0,,,50,54,49,51,50,50,49,48,52,51,,,,,,,,,,,,68,77,64,78,50,0,0,48,62,72,,,,,,,,,,,,False,,,0,,,,,,0,50,,balanced
P9670,Malik,Wright,1989-04-15,75,169,African,medium,black,goatee,S,P,,1,RP,CL,,,,,55,,,,51,54,48,50,53,49,51,0,0,67,0,0,0,,,,,0,,,,49,46,50,49,41,47,43,0,0,62,0,0,0,False,,,0,,,,,,0,50,closer,
P5987,Fausto,Cummer,1995-03-18,70,215,Anglo,light,brown,beard,R,P,,1,RP,RP,,,,,50,,,,48,52,50,51,52,53,50,62,58,67,0,0,0,,,,,0,,,,52,52,56,50,51,57,51,61,56,72,0,0,0,False,,,0,,,,,,0,50,finesse_rp,
P6373,Marcelo,Rubulcaba,2003-11-12,74,176,Anglo,medium,brown,beard,S,P,,1,RP,SP,,,,,51,,,,49,50,51,50,52,52,50,61,59,60,0,54,0,,,,,0,,,,61,61,60,57,58,60,56,69,64,65,0,60,0,False,,,0,,,,,,0,50,balanced_sp,
P9323,Jamal,Taylor,1989-12-03,77,198,African,medium,black,goatee,L,P,,1,RP,SP,,,,,49,,,,49,49,52,51,54,49,51,60,58,62,0,55,0,,,,,0,,,,48,48,48,52,46,49,49,57,55,58,0,50,0,False,,,0,,,,,,0,50,workhorse_sp,
P2373,Rufus,Walker,1996-01-24,74,226,African,dark,black,beard,L,P,,1,RP,SP,,,,,47,,,,48,52,52,50,52,51,53,58,60,60,54,0,0,,,,,0,,,,43,47,45,51,52,50,51,55,56,56,53,0,0,False,,,0,,,,,,0,50,power_sp,
P5593,Jamal,Green,1999-09-19,70,186,African,dark,brown,mustache,R,P,,1,RP,RP,,,,,53,,,,51,50,52,52,53,52,52,0,0,61,59,0,0,,,,,0,,,,57,55,61,66,67,60,57,0,0,67,69,0,0,False,,,0,,,,,,0,50,groundball_rp,
P4095,Fernando,Mendoza,1999-11-17,74,230,Hispanic,medium,black,clean_shaven,S,P,,1,RP,RP,,,,,50,,,,49,48,50,52,54,49,51,61,63,0,0,0,0,,,,,0,,,,58,58,60,59,59,64,63,68,69,0,0,0,0,False,,,0,,,,,,0,50,finesse_rp,
P4994,Laurence,Camus,1995-12-09,75,206,Anglo,medium,blonde,beard,R,P,,1,RP,RP,,,,,56,,,,51,50,51,51,52,50,52,55,57,0,64,0,0,,,,,0,,,,54,54,54,47,50,54,51,53,61,0,63,0,0,False,,,0,,,,,,0,50,groundball_rp,
P7935,Cedric,Carter,2002-08-28,73,216,African,dark,black,clean_shaven,S,P,,1,RP,SP,,,,,48,,,,51,51,50,52,52,48,54,62,63,59,0,58,0,,,,,0,,,,58,62,59,59,64,61,59,75,71,68,0,73,0,False,,,0,,,,,,0,50,balanced_sp,
P5142,Rufus,White,2002-02-11,78,189,African,dark,brown,clean_shaven,R,P,,1,RP,SP,,,,,50,,,,50,52,52,50,54,49,52,0,60,61,0,0,0,,,,,0,,,,59,60,56,60,60,59,58,0,72,68,0,0,0,False,,,0,,,,,,0,50,power_sp,
P9005,Roberto,Perez,2002-06-18,68,183,Hispanic,light,blonde,clean_shaven,L,P,,1,RP,RP,,,,,54,,,,50,52,50,52,52,50,53,57,0,64,60,0,0,,,,,0,,,,61,65,57,63,62,64,62,64,0,76,68,0,0,False,,,0,,,,,,0,50,groundball_rp,
P5588,Kelly,Elsaesser,1994-10-08,71,160,Anglo,light,black,clean_shaven,R,C,,0,,,68,52,48,55,50,47,57,51,51,52,,,,,,,,,,,,63,49,44,51,50,0,0,51,55,57,,,,,,,,,,,,False,,,0,,,,,,0,50,,spray
P8203,Mauro,Pavelich,1996-09-01,76,224,Anglo,light,brown,mustache,L,1B,,0,,,57,58,50,51,49,51,47,53,48,48,,,,,,,,,,,,61,62,49,49,49,0,0,53,45,51,,,,,,,,,,,,False,,,0,,,,,,0,50,,gap
P7687,Clemente,Binner,2005-01-25,72,238,Anglo,medium,red,clean_shaven,R,2B,,0,,,52,48,70,53,54,48,59,49,48,51,,,,,,,,,,,,78,76,98,63,54,0,0,49,74,63,,,,,,,,,,,,False,,,0,,,,,,0,50,,speed
P4607,Doyle,Camerena,2004-03-02,68,217,Anglo,medium,blonde,clean_shaven,R,3B,,0,,,50,51,48,50,50,52,58,51,52,50,,,,,,,,,,,,71,75,66,80,50,0,0,51,68,78,,,,,,,,,,,,False,,,0,,,,,,0,50,,average
P4951,Tyrell,Leonpacher,1993-10-10,69,202,Anglo,medium,red,clean_shaven,R,SS,,0,,,65,51,52,50,49,47,56,50,50,48,,,,,,,,,,,,59,42,44,40,49,0,0,50,40,45,,,,,,,,,,,,False,,,0,,,,,,0,50,,spray
P6581,Alejandro,Perez,1996-09-05,73,250,Hispanic,dark,brown,clean_shaven,R,LF,,0,,,59,52,50,52,52,48,58,51,52,50,,,,,,,,,,,,59,52,48,50,52,0,0,51,48,53,,,,,,,,,,,,False,,,0,,,,,,0,50,,spray
P8165,Leroy,Green,1997-08-27,68,169,African,dark,black,mustache,L,CF,RF,0,,,59,52,53,51,50,49,45,52,48,49,,,,,,,,,,,,58,51,54,52,50,0,0,52,48,50,,,,,,,,,,,,False,,,0,,,,,,0,50,,spray
P8611,Darnell,Wright,1991-05-17,75,234,African,dark,brown,clean_shaven,S,RF,,0,,,50,51,52,51,51,48,48,52,49,48,,,,,,,,,,,,44,41,47,42,51,0,0,52,48,46,,,,,,,,,,,,False,,,0,,,,,,0,50,,average
P6430,Jermaine,Jackson,1992-02-27,72,234,African,dark,black,clean_shaven,R,1B,,0,,,51,54,49,49,53,52,58,50,51,50,,,,,,,,,,,,49,51,41,46,53,0,0,50,47,50,,,,,,,,,,,,False,,,0,,,,,,0,50,,balanced
P1701,Dewayne,Kuhr,2001-09-10,72,168,Anglo,light,brown,clean_shaven,R,3B,,0,,,52,51,50,51,50,52,58,50,52,49,,,,,,,,,,,,59,58,59,58,50,0,0,50,67,55,,,,,,,,,,,,False,,,0,,,,,,0,50,,average
P9756,Malik,Jefferson,1991-08-19,69,213,African,dark,black,beard,R,1B,,0,,,53,51,85,50,50,50,55,49,50,52,,,,,,,,,,,,51,51,81,41,50,0,0,49,41,43,,,,,,,,,,,,False,,,0,,,,,,0,50,,elite_speed
P5639,Rafael,Morales,1991-10-17,72,229,Hispanic,light,black,beard,L,C,,0,,,61,50,53,52,51,49,48,49,49,50,,,,,,,,,,,,57,41,48,49,51,0,0,49,44,48,,,,,,,,,,,,False,,,0,,,,,,0,50,,spray
P5751,Jose,Gonzalez,2001-10-07,74,194,Hispanic,dark,black,beard,L,C,,0,,,51,51,50,51,50,53,47,52,49,51,,,,,,,,,,,,63,59,64,66,50,0,0,52,56,56,,,,,,,,,,,,False,,,0,,,,,,0,50,,average
P9845,Ricardo,Ortiz,2002-07-19,72,178,Hispanic,light,brown,mustache,R,C,,0,,,62,53,51,52,50,48,56,49,49,51,,,,,,,,,,,,77,66,57,67,50,0,0,49,59,61,,,,,,,,,,,,False,,,0,,,,,,0,50,,spray
P1560,Cedric,Green,1995-05-12,77,227,African,dark,black,mustache,R,P,,1,RP,CL,,,,,55,,,,48,53,47,52,52,52,55,59,58,65,0,0,0,,,,,0,,,,48,56,57,52,46,49,59,59,61,62,0,0,0,False,,,0,,,,,,0,50,closer,
P2823,Tyrone,Gaines,1995-12-27,77,248,African,dark,black,clean_shaven,R,P,,1,RP,SP,,,,,52,,,,48,50,52,50,52,51,53,0,60,61,0,0,0,,,,,0,,,,53,48,51,52,50,53,58,0,61,57,0,0,0,False,,,0,,,,,,0,50,balanced_sp,
P2512,Quentin,Harker,1997-02-14,75,173,Anglo,light,black,clean_shaven,L,P,,1,RP,RP,,,,,53,,,,49,51,49,54,52,51,51,59,62,0,61,0,0,,,,,0,,,,48,53,53,51,44,50,47,59,60,0,58,0,0,False,,,0,,,,,,0,50,finesse_rp,
P2616,Alejandro,Diaz,1994-10-13,68,250,Hispanic,medium,blonde,clean_shaven,L,P,,1,RP,CL,,,,,54,,,,50,50,49,50,52,49,56,60,61,66,0,0,0,,,,,0,,,,55,50,45,54,44,51,61,65,59,69,0,0,0,False,,,0,,,,,,0,50,closer,
P2554,Eduardo,Cruz,1988-01-15,74,200,Hispanic,medium,black,goatee,L,P,,1,RP,SP,,,,,51,,,,49,53,54,52,53,49,53,59,61,62,0,0,0,,,,,0,,,,40,48,49,50,54,41,49,54,61,56,0,0,0,False,,,0,,,,,,0,50,balanced_sp,
P5031,Roberto,Gomez,1996-12-11,68,233,Hispanic,medium,brown,clean_shaven,R,P,,1,RP,SP,,,,,54,,,,50,50,50,53,52,49,52,58,0,60,60,0,0,,,,,0,,,,52,49,58,48,47,47,48,59,0,55,65,0,0,False,,,0,,,,,,0,50,groundball_sp,
P2379,Donovan,Pencek,1994-10-06,74,185,Anglo,dark,brown,mustache,R,P,,1,RP,RP,,,,,57,,,,51,52,53,50,52,53,54,0,0,0,59,0,0,,,,,0,,,,48,57,51,52,53,48,59,0,0,0,64,0,0,False,,,0,,,,,,0,50,groundball_rp,
P9694,Jorge,Reyes,1991-07-28,72,229,Hispanic,light,brown,clean_shaven,R,LF,,0,,,54,52,51,53,53,52,58,49,49,51,,,,,,,,,,,,44,46,43,47,53,0,0,49,42,46,,,,,,,,,,,,False,,,0,,,,,,0,50,,balanced
P5195,Malik,Scott,2005-01-28,75,198,African,medium,black,clean_shaven,L,CF,,0,,,53,61,48,51,47,50,47,52,50,53,,,,,,,,,,,,82,89,58,62,47,0,0,52,72,66,,,,,,,,,,,,False,,,0,,,,,,0,50,,power
P2386,Ricardo,Sanchez,1988-01-13,73,166,Hispanic,medium,brown,clean_shaven,R,LF,,0,,,49,60,49,50,49,52,58,52,49,51,,,,,,,,,,,,47,53,46,43,49,0,0,52,41,45,,,,,,,,,,,,False,,,0,,,,,,0,50,,power
P3793,Val,Coffie,1995-05-02,76,223,Anglo,dark,black,clean_shaven,R,SS,,0,,,57,50,72,53,51,46,59,48,52,51,,,,,,,,,,,,60,52,76,57,51,0,0,48,56,48,,,,,,,,,,,,False,,,0,,,,,,0,50,,spray
P2291,Aldo,Beliard,2002-07-24,72,182,Anglo,medium,brown,clean_shaven,R,C,,0,,,51,60,48,51,47,51,55,49,52,51,,,,,,,,,,,,62,67,63,65,47,0,0,49,63,64,,,,,,,,,,,,False,,,0,,,,,,0,50,,power
P2915,Raul,Gomez,2005-01-15,75,214,Hispanic,medium,red,goatee,R,2B,,0,,,50,51,49,51,49,52,60,49,51,48,,,,,,,,,,,,75,62,70,72,49,0,0,49,70,65,,,,,,,,,,,,False,,,0,,,,,,0,50,,balanced
P5167,Darnell,Robinson,1992-09-25,71,226,African,dark,black,clean_shaven,L,C,,0,,,52,52,50,52,50,51,50,53,51,48,,,,,,,,,,,,52,50,47,46,50,0,0,53,51,42,,,,,,,,,,,,False,,,0,,,,,,0,50,,balanced
P9979,Alejandro,Hernandez,1991-05-18,73,206,Hispanic,dark,brown,clean_shaven,R,LF,,0,,,51,53,49,52,48,52,57,53,51,51,,,,,,,,,,,,41,52,42,43,48,0,0,53,45,42,,,,,,,,,,,,False,,,0,,,,,,0,50,,balanced
P1142,Malik,Carter,2006-08-23,70,202,African,dark,brown,clean_shaven,L,P,,1,RP,CL,,,,,55,,,,51,53,52,51,53,53,54,0,0,66,0,0,0,,,,,0,,,,62,82,80,67,68,79,81,0,0,83,0,0,0,False,,,0,,,,,,0,50,closer,
P3500,Felton,Shuptrine,2008-02-01,74,186,Anglo,light,brown,clean_shaven,R,P,,1,RP,SP,,,,,51,,,,52,52,50,53,53,53,53,60,59,0,59,56,0,,,,,0,,,,72,78,65,64,66,65,67,76,86,0,83,86,0,False,,,0,,,,,,0,50,finesse_sp,
P4851,Trinidad,Brownsberger,2005-04-27,69,217,Anglo,light,brown,clean_shaven,R,P,,1,RP,RP,,,,,57,,,,49,50,48,50,52,52,52,0,0,63,60,0,0,,,,,0,,,,71,70,65,68,62,80,76,0,0,82,87,0,0,False,,,0,,,,,,0,50,groundball_rp,
P9069,Rufus,Green,2007-04-10,78,214,African,dark,black,mustache,R,P,,1,RP,SP,,,,,50,,,,52,53,50,50,54,51,52,61,60,62,0,0,0,,,,,0,,,,71,77,74,79,64,72,78,87,78,86,0,0,0,False,,,0,,,,,,0,50,workhorse_sp,
P1337,Francisco,Garcia,2006-11-17,68,231,Hispanic,light,brown,goatee,R,P,,1,RP,SP,,,,,48,,,,51,50,52,50,52,52,53,61,59,61,0,0,0,,,,,0,,,,74,62,76,73,82,68,82,81,82,73,0,0,0,False,,,0,,,,,,0,50,workhorse_sp,
P7923,Francisco,Flores,2007-08-22,72,231,Hispanic,medium,brown,clean_shaven,R,SS,,0,,,51,53,51,52,48,48,60,53,51,49,,,,,,,,,,,,66,76,69,74,48,0,0,53,61,66,,,,,,,,,,,,False,,,0,,,,,,0,50,,balanced
P4691,Cedric,Walker,2005-03-26,68,181,African,medium,black,mustache,S,1B,,0,,,52,64,52,52,47,50,49,52,53,52,,,,,,,,,,,,73,85,68,72,47,0,0,52,67,76,,,,,,,,,,,,False,,,0,,,,,,0,50,,power
P8259,Hector,Flores,2004-12-29,72,191,Hispanic,medium,blonde,clean_shaven,R,C,,0,,,53,53,52,50,50,53,57,51,50,52,,,,,,,,,,,,64,77,63,71,50,0,0,51,60,82,,,,,,,,,,,,False,,,0,,,,,,0,50,,average
P2974,Fernando,Cruz,2005-09-19,72,184,Hispanic,medium,black,clean_shaven,L,LF,,0,,,61,53,53,51,50,47,50,52,49,48,,,,,,,,,,,,82,78,72,74,50,0,0,52,76,59,,,,,,,,,,,,False,,,0,,,,,,0,50,,spray
P6980,Rufus,Young,2006-06-28,70,245,African,dark,black,goatee,R,2B,,0,,,52,49,70,53,52,48,57,50,50,49,,,,,,,,,,,,62,74,99,83,52,0,0,50,69,76,,,,,,,,,,,,False,,,0,,,,,,0,50,,speed
P4864,Pedro,Martinez,1999-07-13,68,242,Hispanic,light,brown,mustache,R,P,,1,RP,CL,,,,,55,,,,49,51,50,50,52,51,52,58,62,65,0,0,0,,,,,0,,,,59,59,56,57,62,57,67,67,68,76,0,0,0,False,,,0,,,,,,0,50,closer,
P1020,Leroy,White,1993-01-23,70,250,African,medium,black,beard,L,P,,1,RP,RP,,,,,49,,,,51,53,52,53,52,52,52,58,61,0,59,0,0,,,,,0,,,,49,43,45,51,52,51,46,58,57,0,50,0,0,False,,,0,,,,,,0,50,finesse_rp,
P8768,Todd,Andreoni,2001-12-15,76,214,Anglo,medium,brown,clean_shaven,S,P,,1,RP,SP,,,,,53,,,,50,51,54,53,52,51,51,59,59,60,59,0,0,,,,,0,,,,64,59,65,64,60,64,56,64,67,74,68,0,0,False,,,0,,,,,,0,50,groundball_sp,
P5493,Merrill,Lowy,1987-04-25,74,176,Anglo,dark,blonde,mustache,L,P,,1,RP,SP,,,,,51,,,,52,52,54,51,54,52,51,61,62,0,56,0,0,,,,,0,,,,45,42,48,49,48,42,42,59,58,0,53,0,0,False,,,0,,,,,,0,50,finesse_sp,
P7152,Malik,Jackson,2002-11-13,68,239,African,dark,brown,clean_shaven,R,P,,1,RP,RP,,,,,51,,,,49,50,52,50,53,49,50,61,61,0,0,0,0,,,,,0,,,,63,57,58,66,62,54,60,72,72,0,0,0,0,False,,,0,,,,,,0,50,finesse_rp,
P5336,Sterling,Godnick,2004-01-10,77,202,Anglo,light,brown,clean_shaven,R,P,,1,RP,RP,,,,,56,,,,49,50,49,50,52,52,53,0,0,0,62,0,0,,,,,0,,,,60,65,65,64,59,61,67,0,0,0,76,0,0,False,,,0,,,,,,0,50,groundball_rp,
P7767,Antonio,Vasquez,1999-03-29,70,229,Hispanic,light,red,clean_shaven,L,P,,1,RP,RP,,,,,50,,,,53,51,50,50,52,52,53,0,61,63,62,0,0,,,,,0,,,,61,59,56,60,55,64,63,0,70,72,69,0,0,False,,,0,,,,,,0,50,power_rp,
P2289,Percy,Gaines,1994-08-31,75,213,African,dark,brown,clean_shaven,L,P,,1,RP,SP,,,,,51,,,,49,51,52,51,52,48,53,61,0,0,58,0,0,,,,,0,,,,51,49,47,56,53,52,56,61,0,0,57,0,0,False,,,0,,,,,,0,50,groundball_sp,
P8683,Jamal,Washington,1997-07-25,72,169,African,dark,brown,clean_shaven,R,P,,1,RP,SP,,,,,48,,,,52,52,50,51,53,51,53,61,62,61,0,0,0,,,,,0,,,,48,51,53,58,52,49,50,57,59,65,0,0,0,False,,,0,,,,,,0,50,power_sp,
P7786,Anderson,Molinski,1990-03-20,73,204,Anglo,dark,brown,clean_shaven,L,P,,1,RP,SP,,,,,50,,,,50,52,53,50,52,48,53,60,62,60,0,0,0,,,,,0,,,,49,46,42,48,53,44,47,52,62,59,0,0,0,False,,,0,,,,,,0,50,balanced_sp,
P9219,Fernando,Gomez,1991-12-11,78,231,Hispanic,medium,blonde,clean_shaven,R,P,,1,RP,SP,,,,,50,,,,49,50,51,52,52,49,52,59,60,61,0,0,0,,,,,0,,,,43,40,48,50,41,46,51,58,58,58,0,0,0,False,,,0,,,,,,0,50,power_sp,
P3953,Marshall,Griffis,1989-05-16,75,196,Anglo,light,black,mustache,R,C,,0,,,52,49,50,52,51,49,57,52,51,51,,,,,,,,,,,,46,46,47,51,51,0,0,52,49,43,,,,,,,,,,,,False,,,0,,,,,,0,50,,average
P7002,Roberto,Hernandez,2001-06-05,73,170,Hispanic,dark,blonde,goatee,R,1B,,0,,,67,55,49,49,52,49,56,48,53,52,,,,,,,,,,,,78,64,60,55,52,0,0,48,58,62,,,,,,,,,,,,False,,,0,,,,,,0,50,,spray
P7332,Ulysses,Wassell,2002-11-18,70,190,Anglo,dark,brown,clean_shaven,R,2B,,0,,,62,50,51,53,52,48,54,51,52,50,,,,,,,,,,,,76,59,65,62,52,0,0,51,63,55,,,,,,,,,,,,False,,,0,,,,,,0,50,,spray
P4499,Fernando,Vasquez,1997-05-12,75,167,Hispanic,medium,black,clean_shaven,L,3B,,0,,,53,49,52,53,49,51,48,48,50,48,,,,,,,,,,,,48,47,48,57,49,0,0,48,50,44,,,,,,,,,,,,False,,,0,,,,,,0,50,,average
P3602,Rodger,Net,2000-03-09,71,218,Anglo,light,brown,clean_shaven,R,SS,,0,,,60,48,51,54,49,49,55,49,50,49,,,,,,,,,,,,70,63,62,66,49,0,0,49,65,57,,,,,,,,,,,,False,,,0,,,,,,0,50,,spray
P1906,Jose,Hernandez,2000-07-02,73,174,Hispanic,light,blonde,goatee,R,LF,,0,,,52,53,49,53,51,51,57,53,52,48,,,,,,,,,,,,59,68,54,68,51,0,0,53,62,53,,,,,,,,,,,,False,,,0,,,,,,0,50,,average
P9285,Tyrone,Mitchell,2001-02-24,75,233,African,medium,black,mustache,L,CF,,0,,,50,60,51,51,50,52,46,48,49,53,,,,,,,,,,,,60,70,63,57,50,0,0,48,62,59,,,,,,,,,,,,False,,,0,,,,,,0,50,,power
P7847,Rafael,Rodriguez,2001-12-15,71,208,Hispanic,medium,black,clean_shaven,R,RF,,0,,,60,52,52,51,49,49,56,51,50,52,,,,,,,,,,,,74,60,67,66,49,0,0,51,63,67,,,,,,,,,,,,False,,,0,,,,,,0,50,,spray
P7980,Francisco,Delgado,1997-04-04,73,216,Hispanic,medium,black,goatee,S,RF,,0,,,48,60,50,49,49,53,53,52,50,48,,,,,,,,,,,,44,55,47,50,49,0,0,52,48,47,,,,,,,,,,,,False,,,0,,,,,,0,50,,power
P4633,Leroy,Allen,1998-04-02,68,202,African,medium,brown,clean_shaven,R,RF,,0,,,50,50,70,49,54,49,56,47,49,52,,,,,,,,,,,,55,61,85,55,54,0,0,47,54,58,,,,,,,,,,,,False,,,0,,,,,,0,50,,speed
P6799,Luis,Ramirez,1993-10-30,78,191,Hispanic,light,brown,clean_shaven,S,RF,,0,,,49,59,51,50,51,50,50,53,50,48,,,,,,,,,,,,43,50,41,49,51,0,0,53,41,42,,,,,,,,,,,,False,,,0,,,,,,0,50,,power
P3876,Malik,Young,1999-03-07,74,166,African,dark,black,clean_shaven,R,C,,0,,,56,50,50,52,50,49,57,51,50,49,,,,,,,,,,,,70,58,64,63,50,0,0,51,63,61,,,,,,,,,,,,False,,,0,,,,,,0,50,,spray
P4658,Cedric,Jackson,1991-07-12,73,217,African,medium,black,clean_shaven,S,RF,,0,,,52,50,85,52,48,51,53,49,52,50,,,,,,,,,,,,44,45,79,44,48,0,0,49,43,46,,,,,,,,,,,,False,,,0,,,,,,0,50,,elite_speed
P7382,Reed,Hohiudden,1995-12-19,76,216,Anglo,light,brown,clean_shaven,L,LF,,0,,,70,51,52,51,53,50,48,50,50,50,,,,,,,,,,,,70,53,50,55,53,0,0,50,55,46,,,,,,,,,,,,False,,,0,,,,,,0,50,,spray
P6413,Fredrick,Wohlers,1992-09-24,72,217,Anglo,light,red,clean_shaven,R,P,,1,RP,CL,,,,,55,,,,48,53,49,53,53,50,56,0,0,65,0,0,0,,,,,0,,,,40,44,51,48,47,45,51,0,0,65,0,0,0,False,,,0,,,,,,0,50,closer,
P9146,Antonio,Castillo,1995-09-25,73,172,Hispanic,light,black,goatee,L,P,,1,RP,SP,,,,,51,,,,50,49,51,50,52,49,53,61,60,0,0,54,0,,,,,0,,,,50,50,47,57,49,46,52,57,65,0,0,56,0,False,,,0,,,,,,0,50,finesse_sp,
P2718,Jerald,Kut,1989-11-11,74,195,Anglo,medium,red,mustache,S,P,,1,RP,RP,,,,,55,,,,50,51,49,50,52,53,51,0,60,66,61,0,0,,,,,0,,,,45,51,50,51,47,47,45,0,58,63,61,0,0,False,,,0,,,,,,0,50,groundball_rp,
P9752,Lamont,Mosqueda,2003-01-13,78,195,Anglo,light,blonde,mustache,R,P,,1,RP,SP,,,,,49,,,,50,48,53,51,52,52,49,58,63,62,0,56,0,,,,,0,,,,60,54,60,66,61,58,56,70,76,76,0,66,0,False,,,0,,,,,,0,50,workhorse_sp,
P6749,Ricardo,Mendoza,1994-02-21,78,202,Hispanic,medium,brown,clean_shaven,L,P,,1,RP,SP,,,,,54,,,,51,49,49,50,53,50,52,0,0,60,58,0,0,,,,,0,,,,50,39,49,51,42,48,42,0,0,54,51,0,0,False,,,0,,,,,,0,50,groundball_sp,
P9511,Luis,Sanchez,2002-12-20,74,214,Hispanic,medium,black,mustache,S,P,,1,RP,RP,,,,,50,,,,49,54,49,52,52,50,54,0,60,63,0,0,0,,,,,0,,,,59,61,57,64,61,62,69,0,70,72,0,0,0,False,,,0,,,,,,0,50,power_rp,
P7832,Arlie,Kostka,2002-07-28,76,161,Anglo,light,brown,clean_shaven,R,P,,1,RP,RP,,,,,56,,,,48,53,51,50,52,52,53,0,61,0,63,0,0,,,,,0,,,,62,68,57,61,65,66,60,0,73,0,76,0,0,False,,,0,,,,,,0,50,groundball_rp,
P3918,Isiah,Cruikshank,1995-10-06,69,195,Anglo,light,red,clean_shaven,R,C,,0,,,53,49,47,53,49,53,58,50,52,51,,,,,,,,,,,,49,52,51,55,49,0,0,50,51,53,,,,,,,,,,,,False,,,0,,,,,,0,50,,balanced
P4886,Eduardo,Torres,1999-10-03,70,220,Hispanic,dark,brown,mustache,R,2B,,0,,,54,48,70,54,53,49,57,49,51,51,,,,,,,,,,,,59,54,81,63,53,0,0,49,64,57,,,,,,,,,,,,False,,,0,,,,,,0,50,,speed
P8031,Jermaine,King,2001-02-21,74,234,African,dark,black,mustache,R,C,,0,,,50,51,49,52,48,49,60,48,53,51,,,,,,,,,,,,61,63,60,60,48,0,0,48,66,64,,,,,,,,,,,,False,,,0,,,,,,0,50,,balanced
P1295,Carlos,Flores,1994-01-17,72,194,Hispanic,dark,blonde,clean_shaven,R,CF,,0,,,51,50,70,53,51,50,53,53,50,52,,,,,,,,,,,,46,48,62,53,51,0,0,53,42,42,,,,,,,,,,,,False,,,0,,,,,,0,50,,speed
P3514,Rufus,Mitchell,1999-04-20,77,196,African,medium,brown,clean_shaven,L,C,,0,,,50,51,52,51,51,52,49,52,48,52,,,,,,,,,,,,62,57,65,59,51,0,0,52,60,60,,,,,,,,,,,,False,,,0,,,,,,0,50,,average
P3299,Carol,Warncke,1998-02-13,71,236,Anglo,light,blonde,clean_shaven,S,C,,0,,,51,49,70,50,50,50,52,51,51,51,,,,,,,,,,,,56,46,72,52,50,0,0,51,50,56,,,,,,,,,,,,False,,,0,,,,,,0,50,,speed
P5393,Hector,Cruz,2000-07-17,69,172,Hispanic,medium,brown,clean_shaven,L,LF,,0,,,51,63,48,51,48,49,47,53,50,49,,,,,,,,,,,,62,76,60,61,48,0,0,53,62,62,,,,,,,,,,,,False,,,0,,,,,,0,50,,power
P2556,Ricky,Barbarin,2005-01-19,75,210,Anglo,dark,brown,clean_shaven,R,SS,,0,,,52,53,53,51,49,49,56,53,52,49,,,,,,,,,,,,74,66,68,70,49,0,0,53,65,69,,,,,,,,,,,,False,,,0,,,,,,0,50,,balanced
P7035,Tyrone,Young,2004-10-01,73,197,African,dark,black,clean_shaven,L,P,,1,RP,CL,,,,,55,,,,53,52,50,50,52,50,54,0,0,65,0,0,0,,,,,0,,,,74,73,64,71,72,80,72,0,0,91,0,0,0,False,,,0,,,,,,0,50,closer,
P8513,Eduardo,Gonzalez,2007-11-01,75,193,Hispanic,light,black,goatee,L,P,,1,RP,SP,,,,,50,,,,51,49,54,51,52,49,52,59,61,62,56,0,0,,,,,0,,,,73,67,73,72,74,78,70,81,73,90,73,0,0,False,,,0,,,,,,0,50,workhorse_sp,
P3171,Tim,Wannamaker,2007-10-11,73,234,Anglo,medium,brown,clean_shaven,S,P,,1,RP,SP,,,,,51,,,,50,51,54,51,53,50,52,0,61,60,0,0,0,,,,,0,,,,67,66,61,81,81,77,74,0,79,79,0,0,0,False,,,0,,,,,,0,50,power_sp,
P8343,Dwain,Zoldesy,2006-08-02,76,169,Anglo,light,brown,clean_shaven,L,P,,1,RP,RP,,,,,49,,,,53,49,49,53,54,51,52,59,63,0,0,0,0,,,,,0,,,,63,64,65,80,74,65,63,89,86,0,0,0,0,False,,,0,,,,,,0,50,finesse_rp,
P1792,Luis,Vasquez,2007-07-13,75,179,Hispanic,dark,red,mustache,R,P,,1,RP,RP,,,,,50,,,,49,53,49,52,52,50,55,0,62,63,0,54,0,,,,,0,,,,77,80,73,80,65,71,76,0,90,81,0,82,0,False,,,0,,,,,,0,50,power_rp,
P4748,Darnell,Gaines,2006-07-21,76,189,African,dark,black,goatee,L,CF,,0,,,49,53,51,51,50,50,48,49,50,50,,,,,,,,,,,,78,63,63,67,50,0,0,49,66,78,,,,,,,,,,,,False,,,0,,,,,,0,50,,balanced
P6742,Leroy,Young,2005-07-19,69,203,African,dark,brown,clean_shaven,R,C,,0,,,52,49,47,53,49,51,56,51,53,48,,,,,,,,,,,,76,63,63,78,49,0,0,51,65,74,,,,,,,,,,,,False,,,0,,,,,,0,50,,balanced
P5096,Xavier,Wright,2004-05-13,73,172,African,dark,brown,clean_shaven,R,C,,0,,,52,51,51,52,51,50,57,50,53,51,,,,,,,,,,,,67,73,70,68,51,0,0,50,66,77,,,,,,,,,,,,False,,,0,,,,,,0,50,,average
P7590,Deshawn,King,2004-12-12,73,182,African,dark,black,goatee,S,CF,,0,,,49,51,72,52,54,50,53,49,51,52,,,,,,,,,,,,78,81,93,67,54,0,0,49,61,81,,,,,,,,,,,,False,,,0,,,,,,0,50,,speed
P2210,Roberto,Morales,2006-07-30,75,247,Hispanic,dark,blonde,clean_shaven,R,SS,,0,,,59,48,52,52,50,50,61,53,50,49,,,,,,,,,,,,84,64,68,62,50,0,0,53,61,70,,,,,,,,,,,,False,,,0,,,,,,0,50,,spray
P2769,Willis,Matheney,1995-05-24,68,204,Anglo,light,brown,clean_shaven,R,P,,1,RP,CL,,,,,55,,,,52,51,49,51,52,51,55,0,60,65,0,0,0,,,,,0,,,,52,51,56,50,45,50,57,0,62,68,0,0,0,False,,,0,,,,,,0,50,closer,
P7031,Juan,Martinez,2001-08-05,78,222,Hispanic,medium,red,clean_shaven,R,P,,1,RP,SP,,,,,51,,,,49,53,52,52,52,51,52,60,61,0,0,0,0,,,,,0,,,,63,63,67,57,60,66,61,67,69,0,0,0,0,False,,,0,,,,,,0,50,balanced_sp,
P6653,Deshawn,Gaines,1995-09-26,69,211,African,dark,black,clean_shaven,L,P,,1,RP,SP,,,,,52,,,,51,50,51,53,52,52,52,61,60,0,0,0,0,,,,,0,,,,52,50,51,54,52,47,49,64,60,0,0,0,0,False,,,0,,,,,,0,50,finesse_sp,
P3380,Kyle,Henley,1992-11-26,72,217,Anglo,light,red,clean_shaven,S,P,,1,RP,SP,,,,,48,,,,50,50,49,52,52,50,50,59,63,0,0,0,0,,,,,0,,,,49,41,42,46,45,46,48,52,61,0,0,0,0,False,,,0,,,,,,0,50,balanced_sp,
P3028,Roberto,Rivera,1987-05-24,77,201,Hispanic,medium,black,mustache,S,P,,1,RP,SP,,,,,54,,,,52,49,51,50,52,49,49,0,0,58,61,0,0,,,,,0,,,,50,39,43,46,47,42,45,0,0,53,56,0,0,False,,,0,,,,,,0,50,groundball_sp,
P2519,Merrill,Quilliam,1992-08-10,76,220,Anglo,light,brown,mustache,L,P,,1,RP,RP,,,,,48,,,,49,52,50,52,54,50,55,0,60,67,0,0,0,,,,,0,,,,46,42,50,46,42,43,55,0,58,63,0,0,0,False,,,0,,,,,,0,50,power_rp,
P3363,Alonzo,Strait,1992-08-28,74,185,Anglo,light,black,beard,L,P,,1,RP,SP,,,,,48,,,,52,50,51,50,52,52,52,58,63,59,0,55,0,,,,,0,,,,49,42,49,44,41,48,46,55,57,53,0,55,0,False,,,0,,,,,,0,50,power_sp,
P7603,Darnell,Allen,1998-07-18,73,160,African,dark,black,clean_shaven,R,P,,1,RP,SP,,,,,54,,,,51,49,53,51,54,52,49,57,0,60,58,0,0,,,,,0,,,,66,58,64,68,67,58,57,66,0,67,68,0,0,False,,,0,,,,,,0,50,groundball_sp,
P7442,Angel,Hollenbaugh,1991-07-04,75,203,Anglo,medium,blonde,mustache,S,P,,1,RP,LR,,,,,51,,,,52,51,53,52,52,50,49,0,62,65,0,0,0,,,,,0,,,,51,50,44,49,53,47,49,0,56,60,0,0,0,False,,,0,,,,,,0,50,long_relief,
P7617,Darnell,Baker,1996-09-12,74,172,African,medium,black,clean_shaven,R,P,,1,RP,RP,,,,,50,,,,52,51,50,53,52,50,49,0,61,0,0,0,0,,,,,0,,,,57,46,51,56,52,55,54,0,58,0,0,0,0,False,,,0,,,,,,0,50,finesse_rp,
P1824,Jose,Rodriguez,1999-04-04,75,200,Hispanic,medium,red,clean_shaven,R,P,,1,RP,SP,,,,,48,,,,48,52,50,50,52,49,50,59,63,58,0,0,0,,,,,0,,,,58,57,58,59,59,64,61,70,74,66,0,0,0,False,,,0,,,,,,0,50,workhorse_sp,
P1422,Rafael,Ortiz,2000-05-01,71,247,Hispanic,medium,blonde,beard,S,C,,0,,,56,52,49,53,52,49,55,50,52,51,,,,,,,,,,,,69,63,54,59,52,0,0,50,66,65,,,,,,,,,,,,False,,,0,,,,,,0,50,,gap
P4893,Manuel,Torres,1999-06-27,74,205,Hispanic,light,brown,goatee,L,1B,,0,,,52,58,52,50,52,50,42,52,49,52,,,,,,,,,,,,57,71,57,60,52,0,0,52,54,65,,,,,,,,,,,,False,,,0,,,,,,0,50,,balanced
P3570,Darnell,Jackson,1995-02-17,77,206,African,dark,brown,beard,R,2B,,0,,,58,52,52,52,47,49,55,50,49,51,,,,,,,,,,,,56,54,53,54,47,0,0,50,52,46,,,,,,,,,,,,False,,,0,,,,,,0,50,,gap
P5127,Xavier,Mitchell,1994-11-11,72,185,African,medium,black,mustache,S,3B,,0,,,61,47,51,54,51,47,51,51,51,48,,,,,,,,,,,,57,47,46,58,51,0,0,51,46,47,,,,,,,,,,,,False,,,0,,,,,,0,50,,spray
P3475,Cedric,Mitchell,1991-02-28,70,212,African,dark,brown,mustache,L,SS,,0,,,51,50,51,50,49,50,51,51,50,51,,,,,,,,,,,,47,40,43,41,49,0,0,51,41,44,,,,,,,,,,,,False,,,0,,,,,,0,50,,gap
P8362,Rufus,Washington,1998-09-30,72,209,African,dark,black,clean_shaven,S,LF,RF,0,,,52,64,48,52,47,54,52,49,52,48,,,,,,,,,,,,59,73,57,64,47,0,0,49,66,55,,,,,,,,,,,,False,,,0,,,,,,0,50,,power
P8700,Tyrone,Jefferson,1987-11-05,78,227,African,dark,black,beard,R,CF,,0,,,48,48,48,48,50,49,52,49,51,50,,,,,,,,,,,,38,38,47,41,50,0,0,49,49,45,,,,,,,,,,,,False,,,0,,,,,,0,50,,average
P9246,Florentino,Labuff,1991-02-11,74,190,Anglo,light,red,clean_shaven,R,RF,,0,,,51,49,52,50,51,53,58,48,50,49,,,,,,,,,,,,44,45,47,47,51,0,0,48,42,40,,,,,,,,,,,,False,,,0,,,,,,0,50,,balanced
P7143,Cedric,Washington,2000-10-27,73,198,African,dark,black,clean_shaven,R,C,,0,,,56,48,52,50,51,51,57,49,53,52,,,,,,,,,,,,65,53,58,56,51,0,0,49,63,57,,,,,,,,,,,,False,,,0,,,,,,0,50,,spray
P9359,Ariel,Bossen,2001-08-04,75,217,Anglo,medium,blonde,clean_shaven,L,LF,,0,,,49,51,51,49,49,53,49,52,49,48,,,,,,,,,,,,62,59,61,54,49,0,0,52,63,63,,,,,,,,,,,,False,,,0,,,,,,0,50,,average
P7514,Cedric,Allen,2002-04-29,78,235,African,dark,brown,clean_shaven,R,RF,CF,0,,,61,53,53,54,53,46,55,51,52,52,,,,,,,,,,,,75,64,63,69,53,0,0,51,65,60,,,,,,,,,,,,False,,,0,,,,,,0,50,,spray
P7235,Jorge,Vasquez,2003-07-28,74,229,Hispanic,light,brown,clean_shaven,R,C,,0,,,58,60,53,51,52,48,56,52,50,51,,,,,,,,,,,,69,70,65,66,52,0,0,52,57,60,,,,,,,,,,,,False,,,0,,,,,,0,50,,gap
P4687,Darnell,Carter,1989-10-31,77,167,African,dark,black,beard,R,C,,0,,,49,57,51,48,49,53,59,52,53,49,,,,,,,,,,,,41,56,49,44,49,0,0,52,53,41,,,,,,,,,,,,False,,,0,,,,,,0,50,,power
P1554,Deshawn,Jefferson,1989-06-12,70,193,African,dark,black,clean_shaven,R,RF,,0,,,51,60,50,49,52,49,51,48,52,51,,,,,,,,,,,,50,60,47,43,52,0,0,48,46,48,,,,,,,,,,,,False,,,0,,,,,,0,50,,power
P8108,Jorge,Lopez,1995-01-25,73,220,Hispanic,light,red,clean_shaven,L,P,,1,RP,CL,,,,,55,,,,52,53,50,50,52,52,51,58,63,65,0,0,0,,,,,0,,,,48,54,47,52,46,54,49,53,67,61,0,0,0,False,,,0,,,,,,0,50,closer,
P2879,Tod,Violett,1992-10-21,72,245,Anglo,light,blonde,clean_shaven,R,P,,1,RP,SP,,,,,53,,,,53,49,52,53,54,50,53,61,61,62,0,0,0,,,,,0,,,,47,48,52,53,51,44,47,58,59,60,0,0,0,False,,,0,,,,,,0,50,balanced_sp,
P9020,Rafael,Martinez,1990-07-17,78,212,Hispanic,medium,black,clean_shaven,L,P,,1,RP,LR,,,,,54,,,,52,52,52,50,52,52,54,58,60,67,0,0,0,,,,,0,,,,46,46,48,52,51,50,44,55,57,66,0,0,0,False,,,0,,,,,,0,50,long_relief,
P3499,Myles,Hales,2004-07-12,75,233,Anglo,light,blonde,clean_shaven,R,P,,1,RP,RP,,,,,50,,,,48,52,52,50,52,51,52,58,61,0,0,0,0,,,,,0,,,,71,72,72,72,78,73,77,71,76,0,0,0,0,False,,,0,,,,,,0,50,finesse_rp,
P2487,Rupert,Dafonte,1991-11-09,77,196,Anglo,dark,brown,clean_shaven,R,P,,1,RP,SP,,,,,49,,,,50,51,53,51,52,52,53,61,64,0,57,0,0,,,,,0,,,,50,42,47,45,51,42,53,52,59,0,52,0,0,False,,,0,,,,,,0,50,finesse_sp,
P8526,Augustus,Mainz,2004-03-13,71,190,Anglo,light,brown,clean_shaven,R,P,,1,RP,RP,,,,,24,,,,50,52,48,53,52,50,52,0,61,0,63,0,0,,,,,42,,,,78,64,77,67,62,71,62,0,86,0,77,0,0,False,,,0,,,,,,0,50,groundball_rp,
P5359,Jamal,Jackson,1992-12-26,68,160,African,dark,black,beard,L,P,,1,RP,RP,,,,,54,,,,51,51,52,50,52,52,54,56,0,64,62,0,0,,,,,0,,,,44,45,49,52,48,44,44,53,0,55,53,0,0,False,,,0,,,,,,0,50,groundball_rp,
P1086,Manuel,Vargas,2003-01-22,69,245,Hispanic,medium,brown,clean_shaven,R,LF,,0,,,50,54,52,50,49,50,60,49,52,51,,,,,,,,,,,,56,60,58,59,49,0,0,49,58,62,,,,,,,,,,,,False,,,0,,,,,,0,50,,balanced
P3552,Timmy,Altschuler,2004-12-21,73,182,Anglo,light,brown,clean_shaven,R,SS,,0,,,51,52,51,49,52,49,57,49,51,50,,,,,,,,,,,,80,66,66,77,52,0,0,49,68,80,,,,,,,,,,,,False,,,0,,,,,,0,50,,gap
P5573,Fernando,Martinez,1993-07-03,78,222,Hispanic,dark,black,beard,R,3B,,0,,,52,58,47,50,49,50,56,50,47,51,,,,,,,,,,,,44,55,38,49,49,0,0,50,38,49,,,,,,,,,,,,False,,,0,,,,,,0,50,,power
P5433,Cedric,Harris,1995-12-07,76,250,African,dark,black,goatee,R,SS,,0,,,52,50,52,51,50,51,59,51,51,49,,,,,,,,,,,,47,47,56,47,50,0,0,51,51,50,,,,,,,,,,,,False,,,0,,,,,,0,50,,gap
P8305,Luis,Cruz,1998-01-28,75,199,Hispanic,medium,brown,beard,L,RF,,0,,,53,56,48,52,52,48,50,50,50,52,,,,,,,,,,,,50,54,44,54,52,0,0,50,48,50,,,,,,,,,,,,False,,,0,,,,,,0,50,,balanced
P2194,Juan,Sanchez,2003-11-27,70,236,Hispanic,medium,black,clean_shaven,R,3B,,0,,,49,52,52,50,51,49,56,51,49,50,,,,,,,,,,,,62,64,59,64,51,0,0,51,56,65,,,,,,,,,,,,False,,,0,,,,,,0,50,,average
P3653,Alexis,Hadsall,1995-09-12,69,220,Anglo,dark,brown,mustache,R,3B,,0,,,51,58,51,51,48,52,57,50,48,51,,,,,,,,,,,,53,56,55,56,48,0,0,50,50,56,,,,,,,,,,,,False,,,0,,,,,,0,50,,power
P8752,Ricardo,Vargas,2004-05-12,74,169,Hispanic,medium,brown,goatee,R,2B,,0,,,53,47,70,52,52,48,55,48,52,53,,,,,,,,,,,,63,71,91,68,52,0,0,48,75,65,,,,,,,,,,,,False,,,0,,,,,,0,50,,speed
P4283,Carlos,Gomez,2005-03-27,74,243,Hispanic,medium,brown,clean_shaven,L,P,,1,RP,CL,,,,,55,,,,52,54,51,52,52,53,54,58,0,65,0,0,0,,,,,0,,,,74,73,80,77,65,80,64,81,0,78,0,0,0,False,,,0,,,,,,0,50,closer,
P2732,Luis,Ramos,2004-03-15,74,219,Hispanic,medium,black,clean_shaven,L,P,,1,RP,SP,,,,,48,,,,51,49,52,50,54,49,49,59,62,61,0,0,0,,,,,0,,,,75,75,65,73,62,64,72,80,83,71,0,0,0,False,,,0,,,,,,0,50,balanced_sp,
P7333,Miguel,Flores,2007-11-01,76,198,Hispanic,dark,black,clean_shaven,L,P,,1,RP,SP,,,,,51,,,,49,53,52,52,52,49,50,62,62,60,56,0,0,,,,,0,,,,60,72,80,66,72,72,69,81,90,73,80,0,0,False,,,0,,,,,,0,50,balanced_sp,
P2576,Hector,Mendoza,2007-09-08,69,238,Hispanic,medium,black,clean_shaven,R,P,,1,RP,SP,,,,,51,,,,49,53,52,50,52,48,52,58,0,60,61,0,0,,,,,0,,,,62,73,72,77,66,72,79,87,0,79,71,0,0,False,,,0,,,,,,0,50,groundball_sp,
P3070,Roderick,Kodama,2007-06-04,77,196,Anglo,medium,black,clean_shaven,S,P,,1,RP,SP,,,,,49,,,,51,53,53,52,54,51,51,61,62,0,61,0,0,,,,,0,,,,80,64,62,73,69,68,70,73,85,0,82,0,0,False,,,0,,,,,,0,50,groundball_sp,
P6222,Otto,Mclagan,2006-12-10,75,213,Anglo,medium,black,clean_shaven,S,C,,0,,,50,58,50,49,49,50,55,52,50,49,,,,,,,,,,,,74,73,80,75,49,0,0,52,68,60,,,,,,,,,,,,False,,,0,,,,,,0,50,,power
P7014,Percy,Jackson,2007-07-18,71,230,African,dark,black,mustache,R,2B,,0,,,58,50,52,53,50,50,55,52,53,52,,,,,,,,,,,,76,75,76,81,50,0,0,52,63,73,,,,,,,,,,,,False,,,0,,,,,,0,50,,spray
P9206,Luis,Torres,2004-10-31,69,242,Hispanic,light,brown,clean_shaven,S,CF,,0,,,61,47,49,52,51,49,48,49,50,49,,,,,,,,,,,,74,74,60,73,51,0,0,49,80,59,,,,,,,,,,,,False,,,0,,,,,,0,50,,spray
P3794,Francisco,Morales,2007-03-05,70,172,Hispanic,dark,brown,clean_shaven,R,3B,,0,,,49,57,51,49,49,54,58,51,47,52,,,,,,,,,,,,65,80,61,65,49,0,0,51,67,62,,,,,,,,,,,,False,,,0,,,,,,0,50,,power
P4470,Antonio,Flores,2004-09-07,75,185,Hispanic,medium,brown,mustache,L,LF,,0,,,49,50,49,51,51,52,50,48,50,51,,,,,,,,,,,,79,62,64,66,51,0,0,48,76,75,,,,,,,,,,,,False,,,0,,,,,,0,50,,average
P6667,Deandre,Eshlerman,2000-12-21,75,188,Anglo,medium,black,beard,S,P,,1,RP,CL,,,,,55,,,,50,52,48,50,52,49,53,0,60,65,0,0,0,,,,,0,,,,64,58,63,61,63,64,62,0,75,80,0,0,0,False,,,0,,,,,,0,50,closer,
P5164,Ricardo,Martinez,1987-06-26,77,194,Hispanic,medium,brown,beard,R,P,,1,RP,SP,,,,,50,,,,49,50,53,50,52,50,55,0,64,63,0,0,0,,,,,0,,,,46,43,41,43,46,45,51,0,54,59,0,0,0,False,,,0,,,,,,0,50,power_sp,
P9740,Hubert,Rommelfanger,1988-02-12,78,213,Anglo,light,brown,clean_shaven,L,P,,1,RP,RP,,,,,56,,,,51,53,49,51,52,50,54,0,0,65,63,0,0,,,,,0,,,,42,45,41,46,42,41,46,0,0,63,53,0,0,False,,,0,,,,,,0,50,groundball_rp,
P7564,Percy,Baker,1993-12-21,73,188,African,dark,black,clean_shaven,R,P,,1,RP,CL,,,,,52,,,,49,50,49,52,52,50,53,0,0,66,0,0,0,,,,,0,,,,49,45,46,44,45,48,46,0,0,56,0,0,0,False,,,0,,,,,,0,50,closer,
P8997,Alejandro,Cruz,2002-08-14,68,203,Hispanic,light,black,clean_shaven,R,P,,1,RP,SP,,,,,51,,,,51,49,53,51,53,49,50,63,60,62,56,0,0,,,,,0,,,,60,54,64,63,63,55,60,75,74,77,69,0,0,False,,,0,,,,,,0,50,finesse_sp,
P9360,Seymour,Grew,2004-11-27,74,171,Anglo,dark,blonde,mustache,R,P,,1,RP,RP,,,,,52,,,,51,51,50,52,54,49,53,0,62,0,0,0,0,,,,,0,,,,78,61,81,72,64,70,65,0,81,0,0,0,0,False,,,0,,,,,,0,50,power_rp,
P6805,Antonio,Vargas,1998-09-09,69,183,Hispanic,medium,brown,mustache,S,P,,1,RP,SP,,,,,51,,,,48,50,53,53,52,51,51,0,61,58,0,0,0,,,,,0,,,,59,64,67,63,63,57,56,0,71,67,0,0,0,False,,,0,,,,,,0,50,workhorse_sp,
P6354,Raul,Diaz,1989-02-23,74,232,Hispanic,medium,black,beard,L,P,,1,RP,SP,,,,,51,,,,50,50,50,53,52,51,49,62,61,0,0,0,0,,,,,0,,,,47,50,52,48,43,46,42,62,60,0,0,0,0,False,,,0,,,,,,0,50,finesse_sp,
P3453,Percy,Young,1993-07-04,75,180,African,medium,black,mustache,R,P,,1,RP,RP,,,,,53,,,,51,49,48,50,53,49,49,59,61,0,62,0,0,,,,,0,,,,47,41,50,50,46,41,48,57,53,0,57,0,0,False,,,0,,,,,,0,50,finesse_rp,
P7563,Jermaine,Jefferson,1997-02-08,69,171,African,dark,brown,clean_shaven,R,P,,1,RP,RP,,,,,51,,,,49,50,48,53,52,50,49,61,60,0,0,0,0,,,,,0,,,,51,55,55,48,45,49,47,62,61,0,0,0,0,False,,,0,,,,,,0,50,finesse_rp,
P9396,Alejandro,Rivera,1997-09-26,72,203,Hispanic,medium,brown,clean_shaven,L,P,,1,RP,SP,,,,,53,,,,51,52,53,51,52,49,51,60,58,61,59,0,0,,,,,0,,,,51,55,47,55,52,48,47,65,58,63,64,0,0,False,,,0,,,,,,0,50,groundball_sp,
P2586,Pedro,Flores,1992-07-16,73,180,Hispanic,light,black,clean_shaven,S,C,,0,,,50,50,70,50,50,53,56,51,49,52,,,,,,,,,,,,48,47,64,47,50,0,0,51,43,42,,,,,,,,,,,,False,,,0,,,,,,0,50,,speed
P4588,Juan,Ramos,2004-03-04,73,230,Hispanic,medium,black,clean_shaven,R,1B,,0,,,53,54,50,52,49,51,58,48,49,52,,,,,,,,,,,,77,70,65,80,49,0,0,48,75,62,,,,,,,,,,,,False,,,0,,,,,,0,50,,average
P9665,Clifton,Ussery,1993-04-01,70,185,Anglo,dark,black,beard,L,2B,,0,,,57,48,50,54,51,51,47,49,51,49,,,,,,,,,,,,49,45,40,45,51,0,0,49,41,44,,,,,,,,,,,,False,,,0,,,,,,0,50,,balanced
P2665,Hector,Reyes,2000-11-02,72,241,Hispanic,dark,brown,beard,R,3B,,0,,,48,58,49,51,48,51,57,50,52,49,,,,,,,,,,,,54,67,56,58,48,0,0,50,62,57,,,,,,,,,,,,False,,,0,,,,,,0,50,,power
P9891,Jose,Cruz,1992-04-23,70,191,Hispanic,medium,brown,clean_shaven,R,SS,,0,,,52,53,51,51,52,50,55,52,48,51,,,,,,,,,,,,50,44,44,42,52,0,0,52,41,44,,,,,,,,,,,,False,,,0,,,,,,0,50,,gap
P3246,Erwin,Pry,1988-12-24,72,200,Anglo,light,red,beard,R,LF,,0,,,53,57,52,51,51,49,58,52,52,52,,,,,,,,,,,,52,47,46,44,51,0,0,52,49,50,,,,,,,,,,,,False,,,0,,,,,,0,50,,balanced
P9576,Rigoberto,Minert,1992-01-21,78,212,Anglo,light,blonde,clean_shaven,R,CF,,0,,,49,50,70,48,51,49,55,49,48,50,,,,,,,,,,,,39,50,70,43,51,0,0,49,45,49,,,,,,,,,,,,False,,,0,,,,,,0,50,,speed
P3088,Gayle,Lieb,2001-09-13,78,208,Anglo,light,black,beard,R,RF,LF,0,,,60,52,51,50,52,51,58,49,50,51,,,,,,,,,,,,69,58,65,55,52,0,0,49,59,63,,,,,,,,,,,,False,,,0,,,,,,0,50,,spray
P2409,Jorge,Perez,1999-03-30,71,248,Hispanic,dark,blonde,goatee,S,2B,,0,,,50,59,49,51,48,51,50,50,51,49,,,,,,,,,,,,59,71,64,60,48,0,0,50,60,59,,,,,,,,,,,,False,,,0,,,,,,0,50,,power
P3594,Jamal,Walker,1999-09-09,76,234,African,dark,black,clean_shaven,L,CF,,0,,,51,49,50,50,53,51,49,49,48,48,,,,,,,,,,,,62,55,56,63,53,0,0,49,59,55,,,,,,,,,,,,False,,,0,,,,,,0,50,,average
P7234,Xavier,Washington,1994-02-12,76,161,African,dark,black,beard,R,LF,,0,,,51,50,49,52,53,49,56,49,49,53,,,,,,,,,,,,46,49,39,51,53,0,0,49,43,46,,,,,,,,,,,,False,,,0,,,,,,0,50,,balanced
P7120,Numbers,Charest,2003-06-28,70,215,Anglo,light,red,mustache,R,CF,,0,,,50,49,70,52,52,48,53,47,50,50,,,,,,,,,,,,65,63,82,63,52,0,0,47,58,59,,,,,,,,,,,,False,,,0,,,,,,0,50,,speed
P6497,Ricardo,Garcia,2004-09-05,71,170,Hispanic,medium,black,clean_shaven,R,3B,,0,,,51,51,49,50,52,48,57,49,48,48,,,,,,,,,,,,70,76,74,77,52,0,0,49,69,70,,,,,,,,,,,,False,,,0,,,,,,0,50,,balanced
P2083,Weldon,Caughman,1993-10-09,77,237,Anglo,light,blonde,beard,L,RF,,0,,,58,49,50,53,51,47,49,51,51,52,,,,,,,,,,,,58,48,43,45,51,0,0,51,47,42,,,,,,,,,,,,False,,,0,,,,,,0,50,,spray
P7801,Hector,Ortiz,1991-01-06,76,174,Hispanic,dark,brown,clean_shaven,R,P,,1,RP,CL,,,,,55,,,,48,54,47,51,54,52,54,0,61,65,0,0,0,,,,,0,,,,45,47,49,48,47,46,53,0,59,65,0,0,0,False,,,0,,,,,,0,50,closer,
P7027,Marco,Skarke,1995-03-09,71,198,Anglo,dark,brown,clean_shaven,R,P,,1,RP,RP,,,,,49,,,,51,52,52,50,52,53,52,59,61,64,0,0,0,,,,,0,,,,51,52,51,49,50,58,55,64,66,68,0,0,0,False,,,0,,,,,,0,50,power_rp,
P4901,Manuel,Hernandez,1992-02-18,71,243,Hispanic,medium,brown,goatee,S,P,,1,RP,SP,,,,,48,,,,51,50,49,53,54,50,51,60,62,0,56,55,0,,,,,0,,,,51,40,43,51,48,49,41,51,52,0,49,45,0,False,,,0,,,,,,0,50,finesse_sp,
P6773,Carlos,Reyes,1989-12-28,78,232,Hispanic,medium,blonde,goatee,L,P,,1,RP,RP,,,,,57,,,,52,51,50,52,54,51,51,0,0,0,61,0,0,,,,,0,,,,48,45,48,47,47,45,44,0,0,0,52,0,0,False,,,0,,,,,,0,50,groundball_rp,
P2037,Jamal,Young,2002-07-07,68,211,African,dark,black,clean_shaven,S,P,,1,RP,SP,,,,,49,,,,53,50,53,50,52,48,51,0,63,58,58,55,0,,,,,0,,,,66,59,63,59,59,54,57,0,73,64,72,68,0,False,,,0,,,,,,0,50,power_sp,
P1960,Fernando,Castillo,2001-08-29,75,221,Hispanic,light,brown,clean_shaven,R,P,,1,RP,RP,,,,,52,,,,48,52,50,51,52,52,51,0,60,0,0,0,0,,,,,0,,,,59,59,64,60,65,58,66,0,65,0,0,0,0,False,,,0,,,,,,0,50,finesse_rp,
P3111,Juan,Castillo,1992-07-12,78,202,Hispanic,medium,red,beard,L,P,,1,RP,SP,,,,,48,,,,51,50,53,51,54,49,49,59,61,0,60,0,0,,,,,0,,,,44,46,43,48,47,45,46,53,51,0,53,0,0,False,,,0,,,,,,0,50,finesse_sp,
P9829,Antonio,Reyes,1987-11-20,78,189,Hispanic,medium,brown,clean_shaven,L,CF,,0,,,58,48,53,54,51,48,49,51,52,53,,,,,,,,,,,,53,38,48,44,51,0,0,51,50,45,,,,,,,,,,,,False,,,0,,,,,,0,50,,spray
P6593,Cedric,Baker,1992-08-07,73,195,African,dark,black,beard,R,3B,,0,,,49,59,51,50,49,52,57,52,49,49,,,,,,,,,,,,47,49,46,47,49,0,0,52,45,44,,,,,,,,,,,,False,,,0,,,,,,0,50,,power
P3556,Tyrone,Jackson,1994-12-24,71,182,African,dark,black,clean_shaven,R,RF,,0,,,53,65,48,49,50,49,53,52,52,52,,,,,,,,,,,,57,69,50,48,50,0,0,52,50,54,,,,,,,,,,,,False,,,0,,,,,,0,50,,power
P4456,Deshawn,Washington,1989-02-05,77,190,African,medium,black,clean_shaven,L,LF,,0,,,50,53,49,51,50,50,49,53,48,50,,,,,,,,,,,,48,43,45,44,50,0,0,53,44,44,,,,,,,,,,,,False,,,0,,,,,,0,50,,average
P9778,Jarod,Wedner,1994-01-02,74,202,Anglo,dark,blonde,goatee,R,2B,,0,,,56,49,76,55,50,52,55,53,48,51,,,,,,,,,,,,48,44,73,47,50,0,0,53,47,43,,,,,,,,,,,,False,,,0,,,,,,0,50,,speed
P8984,Gabriel,Sandhoff,1998-10-04,70,212,Anglo,medium,red,goatee,R,CF,,0,,,58,49,50,53,53,50,53,49,51,53,,,,,,,,,,,,70,61,63,68,53,0,0,49,63,59,,,,,,,,,,,,False,,,0,,,,,,0,50,,spray
P8838,Luis,Garcia,2001-02-10,68,216,Hispanic,medium,black,clean_shaven,R,CF,,0,,,53,52,49,53,49,51,56,47,48,53,,,,,,,,,,,,65,67,61,60,49,0,0,47,57,58,,,,,,,,,,,,False,,,0,,,,,,0,50,,balanced
P5062,Zachery,Greet,1995-07-22,72,162,Anglo,medium,red,clean_shaven,R,LF,,0,,,53,60,47,52,50,51,57,51,50,49,,,,,,,,,,,,53,61,52,56,50,0,0,51,47,50,,,,,,,,,,,,False,,,0,,,,,,0,50,,power
P5437,Jermaine,Allen,2006-12-10,68,199,African,dark,brown,clean_shaven,L,P,,1,RP,CL,,,,,55,,,,51,52,47,50,54,52,55,0,58,66,0,0,0,,,,,0,,,,76,75,63,66,71,64,80,0,77,95,0,0,0,False,,,0,,,,,,0,50,closer,
P9864,Jose,Gomez,2005-09-19,75,213,Hispanic,medium,black,clean_shaven,L,P,,1,RP,SP,,,,,50,,,,48,49,52,50,52,50,49,58,0,58,0,0,0,,,,,0,,,,72,61,64,80,74,79,75,73,0,72,0,0,0,False,,,0,,,,,,0,50,balanced_sp,
P4580,Olen,Isaacsen,2007-07-10,72,228,Anglo,light,black,clean_shaven,R,P,,1,RP,RP,,,,,53,,,,48,52,50,52,52,51,51,57,60,0,63,0,0,,,,,0,,,,60,81,64,72,62,68,64,81,81,0,91,0,0,False,,,0,,,,,,0,50,groundball_rp,
P7524,Manuel,Gomez,2007-03-06,75,233,Hispanic,medium,black,clean_shaven,R,P,,1,RP,RP,,,,,57,,,,53,52,53,50,52,52,50,59,0,67,59,0,0,,,,,0,,,,66,77,70,80,83,77,63,81,0,84,78,0,0,False,,,0,,,,,,0,50,groundball_rp,
P4313,Manual,Brasseux,2008-01-04,69,175,Anglo,light,brown,clean_shaven,R,P,,1,RP,SP,,,,,48,,,,48,49,51,50,52,53,52,62,62,0,0,0,0,,,,,0,,,,66,74,76,79,78,64,81,89,87,0,0,0,0,False,,,0,,,,,,0,50,finesse_sp,
P3404,Carlos,Vasquez,2006-02-15,75,200,Hispanic,medium,brown,mustache,L,CF,,0,,,51,50,70,50,49,48,42,51,52,51,,,,,,,,,,,,61,69,87,65,49,0,0,51,64,72,,,,,,,,,,,,False,,,0,,,,,,0,50,,speed
P6414,Jerrold,Bemo,2005-03-29,77,173,Anglo,medium,black,clean_shaven,R,RF,,0,,,50,54,51,49,48,51,57,48,50,49,,,,,,,,,,,,73,82,66,60,48,0,0,48,74,66,,,,,,,,,,,,False,,,0,,,,,,0,50,,average
P3968,Jermaine,Walker,2007-08-28,75,161,African,dark,black,clean_shaven,S,C,,0,,,53,52,50,52,49,50,51,49,49,52,,,,,,,,,,,,72,68,65,75,49,0,0,49,77,76,,,,,,,,,,,,False,,,0,,,,,,0,50,,average
P9024,Manuel,Castillo,2006-05-21,70,240,Hispanic,medium,brown,beard,R,LF,,0,,,51,58,51,52,51,51,58,52,51,50,,,,,,,,,,,,80,88,78,73,51,0,0,52,81,66,,,,,,,,,,,,False,,,0,,,,,,0,50,,balanced
P1393,Raul,Mendoza,2007-04-28,78,206,Hispanic,medium,black,clean_shaven,L,3B,,0,,,49,49,51,51,50,51,48,51,50,52,,,,,,,,,,,,73,69,71,69,50,0,0,51,79,63,,,,,,,,,,,,False,,,0,,,,,,0,50,,balanced
P1071,Carlos,Sanchez,1990-11-20,69,183,Hispanic,medium,black,goatee,R,P,,1,RP,CL,,,,,55,,,,49,50,47,52,52,49,56,57,58,65,0,0,0,,,,,0,,,,46,47,52,48,45,48,48,54,54,61,0,0,0,False,,,0,,,,,,0,50,closer,
P1945,Ferdinand,Berning,2003-10-19,76,206,Anglo,light,brown,clean_shaven,L,P,,1,RP,RP,,,,,51,,,,48,52,52,51,54,50,50,59,60,0,63,0,0,,,,,0,,,,54,65,65,59,57,63,57,69,67,0,68,0,0,False,,,0,,,,,,0,50,finesse_rp,
P3360,Darnell,King,1995-10-28,76,234,African,dark,black,clean_shaven,R,P,,1,RP,RP,,,,,56,,,,49,52,48,52,53,49,52,0,0,0,60,0,0,,,,,0,,,,45,52,53,58,44,52,50,0,0,0,62,0,0,False,,,0,,,,,,0,50,groundball_rp,
P7875,Jermaine,Washington,1998-02-20,71,168,African,dark,brown,mustache,R,P,,1,RP,SP,,,,,48,,,,49,50,50,50,54,52,54,0,64,60,55,57,0,,,,,0,,,,46,46,46,53,52,54,56,0,60,56,58,53,0,False,,,0,,,,,,0,50,power_sp,
P7250,Anthony,Gouthier,1994-07-08,76,232,Anglo,light,blonde,mustache,L,P,,1,RP,SP,,,,,50,,,,49,51,50,54,53,49,53,59,61,62,0,0,0,,,,,0,,,,51,52,57,56,45,45,56,62,65,66,0,0,0,False,,,0,,,,,,0,50,finesse_sp,
P2399,Raul,Delgado,1997-01-05,70,176,Hispanic,light,brown,clean_shaven,L,P,,1,RP,RP,,,,,51,,,,49,51,52,53,52,53,52,57,0,0,0,0,0,,,,,0,,,,52,56,55,50,55,51,48,55,0,0,0,0,0,False,,,0,,,,,,0,50,finesse_rp,
P8227,Deshawn,White,1999-05-29,71,168,African,dark,black,mustache,S,P,,1,RP,RP,,,,,52,,,,53,50,51,51,53,50,55,0,60,63,0,57,0,,,,,0,,,,66,55,66,66,58,61,64,0,69,76,0,68,0,False,,,0,,,,,,0,50,power_rp,
P5874,Miguel,Ramos,1998-02-05,76,212,Hispanic,medium,brown,clean_shaven,R,P,,1,RP,SP,,,,,48,,,,49,53,50,51,54,51,53,59,61,60,0,57,0,,,,,0,,,,51,55,47,50,45,46,58,60,58,64,0,59,0,False,,,0,,,,,,0,50,workhorse_sp,
P3743,Pedro,Sanchez,2001-11-30,77,170,Hispanic,light,brown,mustache,R,P,,1,RP,SP,,,,,49,,,,52,52,53,50,53,48,51,0,62,61,0,0,0,,,,,0,,,,60,67,60,62,68,53,62,0,75,68,0,0,0,False,,,0,,,,,,0,50,power_sp,
P2275,Manuel,Rodriguez,1999-06-29,68,243,Hispanic,light,red,clean_shaven,R,P,,1,RP,SP,,,,,54,,,,49,52,54,51,52,49,52,60,0,0,60,0,0,,,,,0,,,,57,67,57,60,69,61,58,65,0,0,70,0,0,False,,,0,,,,,,0,50,groundball_sp,
P1219,Tyrone,Walker,1995-02-14,73,160,African,dark,brown,clean_shaven,L,P,,1,RP,SP,,,,,50,,,,48,50,53,53,52,52,53,62,60,0,0,57,0,,,,,0,,,,48,55,57,57,53,47,48,58,64,0,0,56,0,False,,,0,,,,,,0,50,finesse_sp,
P9664,Jason,Wunderlich,1992-10-30,77,242,Anglo,light,brown,clean_shaven,S,C,,0,,,64,52,52,52,51,49,54,51,50,53,,,,,,,,,,,,62,51,48,49,51,0,0,51,49,46,,,,,,,,,,,,False,,,0,,,,,,0,50,,spray
P1952,Galen,Marchuk,1988-08-25,70,176,Anglo,light,blonde,beard,R,1B,,0,,,50,65,51,50,47,53,56,51,51,51,,,,,,,,,,,,43,55,50,43,47,0,0,51,48,42,,,,,,,,,,,,False,,,0,,,,,,0,50,,power
P9034,Jermaine,Mitchell,1990-10-30,78,179,African,dark,black,goatee,R,2B,,0,,,51,50,51,52,49,49,59,51,49,52,,,,,,,,,,,,51,47,44,44,49,0,0,51,48,44,,,,,,,,,,,,False,,,0,,,,,,0,50,,balanced
P7748,Roberto,Gonzalez,1997-04-16,75,209,Hispanic,medium,black,clean_shaven,R,3B,,0,,,50,49,52,51,50,50,58,52,48,47,,,,,,,,,,,,49,45,52,48,50,0,0,52,48,52,,,,,,,,,,,,False,,,0,,,,,,0,50,,balanced
P6706,Leroy,Carter,1991-04-17,71,236,African,dark,brown,beard,R,SS,,0,,,51,51,51,51,48,50,60,51,50,51,,,,,,,,,,,,45,45,49,49,48,0,0,51,43,42,,,,,,,,,,,,False,,,0,,,,,,0,50,,average
P8510,Miguel,Cruz,1996-07-21,69,170,Hispanic,dark,brown,clean_shaven,L,LF,,0,,,53,63,48,52,49,53,46,52,49,52,,,,,,,,,,,,56,59,50,55,49,0,0,52,52,51,,,,,,,,,,,,False,,,0,,,,,,0,50,,power
P7949,Rufus,Jackson,1997-04-25,68,228,African,dark,black,clean_shaven,L,CF,,0,,,53,52,49,51,52,51,48,50,48,50,,,,,,,,,,,,57,48,50,53,52,0,0,50,49,52,,,,,,,,,,,,False,,,0,,,,,,0,50,,average
P5546,Edwardo,Priore,1995-06-05,68,201,Anglo,light,brown,clean_shaven,L,RF,,0,,,53,50,70,51,50,50,44,50,49,52,,,,,,,,,,,,57,47,65,50,50,0,0,50,48,53,,,,,,,,,,,,False,,,0,,,,,,0,50,,speed
P9515,Deshawn,Baker,1996-04-23,78,242,African,dark,black,clean_shaven,R,3B,,0,,,50,50,53,51,47,52,58,50,48,49,,,,,,,,,,,,55,55,56,53,47,0,0,50,49,46,,,,,,,,,,,,False,,,0,,,,,,0,50,,balanced
P5809,Otto,Parlor,1997-09-02,77,202,Anglo,medium,blonde,clean_shaven,R,SS,,0,,,55,49,54,52,49,46,61,51,53,52,,,,,,,,,,,,60,49,49,52,49,0,0,51,58,57,,,,,,,,,,,,False,,,0,,,,,,0,50,,spray
P6230,Percy,Mitchell,1991-01-20,70,213,African,dark,black,mustache,L,LF,,0,,,51,64,48,50,49,50,48,50,51,51,,,,,,,,,,,,46,61,40,42,49,0,0,50,47,43,,,,,,,,,,,,False,,,0,,,,,,0,50,,power
P2188,Tyrone,Washington,1999-10-02,77,165,African,dark,black,clean_shaven,R,SS,,0,,,51,51,50,49,49,51,55,50,51,47,,,,,,,,,,,,66,65,62,64,49,0,0,50,66,61,,,,,,,,,,,,False,,,0,,,,,,0,50,,average
P4181,Keith,Postuci,2003-08-10,69,236,Anglo,light,brown,clean_shaven,S,3B,,0,,,52,52,51,51,50,51,53,50,48,52,,,,,,,,,,,,66,63,66,65,50,0,0,50,55,59,,,,,,,,,,,,False,,,0,,,,,,0,50,,balanced
P3555,Millard,Kappe,1995-12-11,69,225,Anglo,light,black,beard,R,2B,,0,,,51,52,48,50,50,51,55,51,50,49,,,,,,,,,,,,48,55,44,53,50,0,0,51,52,49,,,,,,,,,,,,False,,,0,,,,,,0,50,,balanced
P6931,Raul,Castillo,1999-02-11,68,162,Hispanic,light,brown,beard,R,P,,1,RP,CL,,,,,55,,,,53,54,51,50,52,49,51,0,58,65,0,0,0,,,,,0,,,,65,64,60,64,63,63,62,0,72,78,0,0,0,False,,,0,,,,,,0,50,closer,
P4752,Fred,Bienvenu,2002-07-21,77,173,Anglo,light,brown,beard,L,P,,1,RP,SP,,,,,49,,,,49,53,54,51,52,51,51,62,58,61,0,0,0,,,,,0,,,,60,65,60,59,59,62,58,69,68,68,0,0,0,False,,,0,,,,,,0,50,balanced_sp,
P2190,Rufus,Gaines,1999-10-09,78,162,African,dark,brown,clean_shaven,R,P,,1,RP,LR,,,,,53,,,,50,50,51,52,52,53,49,0,60,0,0,0,0,,,,,0,,,,61,65,60,60,60,68,55,0,74,0,0,0,0,False,,,0,,,,,,0,50,long_relief,
P2462,Jermaine,Green,2004-05-05,76,240,African,light,black,mustache,R,P,,1,RP,SP,,,,,47,,,,50,49,54,51,54,48,49,61,59,61,0,55,0,,,,,0,,,,77,60,66,83,77,78,77,86,83,79,0,83,0,False,,,0,,,,,,0,50,finesse_sp,
P9264,Ricardo,Castillo,2002-12-27,70,175,Hispanic,medium,blonde,goatee,L,P,,1,RP,CL,,,,,52,,,,50,54,48,50,54,52,54,60,60,67,0,0,0,,,,,0,,,,62,65,65,64,57,57,67,66,72,74,0,0,0,False,,,0,,,,,,0,50,closer,
P1943,Antonio,Martinez,1995-07-08,68,211,Hispanic,dark,blonde,clean_shaven,L,P,,1,RP,SP,,,,,51,,,,49,51,51,50,54,53,53,59,59,0,0,54,0,,,,,0,,,,54,55,51,58,53,48,48,61,56,0,0,59,0,False,,,0,,,,,,0,50,finesse_sp,
P1349,Percy,Washington,1996-12-28,74,227,African,medium,black,clean_shaven,L,P,,1,RP,RP,,,,,56,,,,53,50,48,50,54,52,50,0,0,0,61,0,0,,,,,0,,,,50,48,52,52,50,48,50,0,0,0,62,0,0,False,,,0,,,,,,0,50,groundball_rp,
P5968,Tyrone,Scott,1992-12-22,72,212,African,dark,black,clean_shaven,R,LF,,0,,,53,50,49,51,51,51,54,52,52,50,,,,,,,,,,,,43,47,42,41,51,0,0,52,44,46,,,,,,,,,,,,False,,,0,,,,,,0,50,,balanced
P3249,Carlos,Mendoza,1988-11-22,73,250,Hispanic,medium,blonde,beard,R,3B,,0,,,51,48,48,51,50,52,58,51,50,49,,,,,,,,,,,,43,46,41,42,50,0,0,51,49,40,,,,,,,,,,,,False,,,0,,,,,,0,50,,balanced
P2186,Francisco,Perez,1989-06-29,77,224,Hispanic,light,brown,clean_shaven,R,3B,,0,,,52,51,48,51,51,48,58,52,51,52,,,,,,,,,,,,51,48,38,50,51,0,0,52,50,42,,,,,,,,,,,,False,,,0,,,,,,0,50,,average
P3472,Hector,Rodriguez,1992-04-05,69,202,Hispanic,light,black,clean_shaven,S,2B,,0,,,50,51,50,50,51,52,54,51,48,52,,,,,,,,,,,,40,48,45,43,51,0,0,51,47,51,,,,,,,,,,,,False,,,0,,,,,,0,50,,balanced
P4509,Darnell,Scott,1999-08-15,74,239,African,dark,black,beard,R,3B,,0,,,53,50,53,51,49,52,59,48,52,52,,,,,,,,,,,,65,63,67,58,49,0,0,48,59,60,,,,,,,,,,,,False,,,0,,,,,,0,50,,balanced
P8920,Fernando,Torres,1989-12-19,69,175,Hispanic,dark,blonde,mustache,R,1B,,0,,,51,59,51,52,47,51,54,49,49,49,,,,,,,,,,,,44,58,43,44,47,0,0,49,44,46,,,,,,,,,,,,False,,,0,,,,,,0,50,,gap
P8410,Deshawn,Harris,1989-11-25,72,186,African,medium,black,beard,S,C,,0,,,49,53,49,52,52,49,54,49,48,51,,,,,,,,,,,,40,52,39,45,52,0,0,49,47,44,,,,,,,,,,,,False,,,0,,,,,,0,50,,average
P9823,Damian,Kapuscinski,2001-04-26,75,211,Anglo,light,black,clean_shaven,R,LF,,0,,,49,53,49,51,51,49,58,50,50,52,,,,,,,,,,,,60,63,59,66,51,0,0,50,59,67,,,,,,,,,,,,False,,,0,,,,,,0,50,,balanced
P5126,Jermaine,Robinson,2006-03-28,75,231,African,medium,black,clean_shaven,L,P,,1,RP,CL,,,,,55,,,,49,52,52,50,52,52,55,57,61,65,0,0,0,,,,,0,,,,60,78,60,68,74,69,72,69,80,75,0,0,0,False,,,0,,,,,,0,50,closer,
P9215,Jose,Martinez,2007-03-13,74,207,Hispanic,medium,brown,clean_shaven,S,P,,1,RP,SP,,,,,51,,,,48,52,51,50,54,52,52,0,60,0,61,0,0,,,,,0,,,,64,79,80,78,78,74,73,0,70,0,78,0,0,False,,,0,,,,,,0,50,groundball_sp,
P8118,Alejandro,Flores,2005-05-25,71,210,Hispanic,medium,brown,clean_shaven,R,P,,1,RP,RP,,,,,57,,,,52,52,51,51,53,51,50,0,0,66,61,0,0,,,,,0,,,,66,64,68,83,72,70,64,0,0,87,72,0,0,False,,,0,,,,,,0,50,groundball_rp,
P3462,Ricardo,Diaz,2007-02-05,72,248,Hispanic,medium,black,clean_shaven,R,P,,1,RP,SP,,,,,50,,,,52,51,54,50,52,52,54,62,63,58,0,0,0,,,,,0,,,,70,71,63,62,80,70,70,92,76,79,0,0,0,False,,,0,,,,,,0,50,balanced_sp,
P1852,Juan,Vargas,2007-08-10,76,194,Hispanic,medium,brown,clean_shaven,S,P,,1,RP,SP,,,,,52,,,,51,50,52,50,52,50,50,58,61,59,58,0,0,,,,,0,,,,61,71,75,69,74,79,78,81,78,89,71,0,0,False,,,0,,,,,,0,50,finesse_sp,
P5214,Chang,Imbesi,2006-03-19,77,174,Anglo,medium,brown,clean_shaven,S,LF,,0,,,64,50,50,52,50,50,52,52,51,52,,,,,,,,,,,,94,73,80,82,50,0,0,52,74,81,,,,,,,,,,,,False,,,0,,,,,,0,50,,spray
P6949,Leroy,Jefferson,2004-08-23,78,243,African,dark,black,beard,L,1B,,0,,,50,62,51,49,48,53,45,52,50,49,,,,,,,,,,,,67,78,75,60,48,0,0,52,68,68,,,,,,,,,,,,False,,,0,,,,,,0,50,,power
P8961,Raul,Flores,2007-09-02,73,168,Hispanic,medium,brown,beard,R,LF,,0,,,53,62,48,50,48,53,60,51,50,49,,,,,,,,,,,,68,90,62,67,48,0,0,51,60,60,,,,,,,,,,,,False,,,0,,,,,,0,50,,power
P5108,Shawn,Peralto,2005-12-27,71,172,Anglo,medium,blonde,clean_shaven,L,RF,,0,,,53,47,85,50,50,51,46,51,50,53,,,,,,,,,,,,78,75,99,76,50,0,0,51,60,80,,,,,,,,,,,,False,,,0,,,,,,0,50,,elite_speed
P6059,Cornell,Hubbell,2005-12-15,74,243,Anglo,medium,black,clean_shaven,R,SS,,0,,,59,53,49,52,51,49,56,53,50,47,,,,,,,,,,,,80,68,79,79,51,0,0,53,74,67,,,,,,,,,,,,False,,,0,,,,,,0,50,,spray
P9594,Margarito,Gouras,1988-05-26,75,186,Anglo,dark,red,beard,L,P,,1,RP,CL,,,,,55,,,,49,52,49,50,52,53,51,56,60,67,0,0,0,,,,,0,,,,49,46,47,43,41,50,44,53,52,58,0,0,0,False,,,0,,,,,,0,50,closer,
P7334,Cedric,White,1988-05-30,71,245,African,dark,brown,mustache,R,P,,1,RP,SP,,,,,49,,,,49,52,54,53,54,52,54,60,62,59,0,0,0,,,,,0,,,,47,42,49,53,45,43,44,60,60,56,0,0,0,False,,,0,,,,,,0,50,balanced_sp,
P5775,Hunter,Chmura,2004-02-10,70,207,Anglo,light,black,clean_shaven,R,P,,1,RP,SP,,,,,53,,,,52,53,54,51,52,51,52,60,60,59,0,0,0,,,,,0,,,,59,67,64,66,59,57,65,69,72,74,0,0,0,False,,,0,,,,,,0,50,workhorse_sp,
P2434,Rafael,Reyes,2001-06-06,74,218,Hispanic,medium,black,clean_shaven,S,P,,1,RP,RP,,,,,49,,,,51,52,51,51,52,53,53,0,59,0,0,0,0,,,,,0,,,,62,61,62,65,64,66,68,0,65,0,0,0,0,False,,,0,,,,,,0,50,power_rp,
P9321,Werner,Canzoneri,1999-12-06,76,249,Anglo,light,brown,clean_shaven,L,P,,1,RP,SP,,,,,51,,,,50,49,50,51,54,50,49,0,61,60,58,0,0,,,,,0,,,,62,55,65,61,62,57,60,0,66,73,71,0,0,False,,,0,,,,,,0,50,groundball_sp,
P3758,Teddy,Pong,2002-07-18,76,228,Anglo,light,blonde,clean_shaven,R,P,,1,RP,SP,,,,,49,,,,48,53,51,52,52,51,53,58,62,62,60,0,0,,,,,0,,,,60,67,60,57,60,63,66,67,72,68,66,0,0,False,,,0,,,,,,0,50,finesse_sp,
P8010,Pedro,Morales,1998-05-06,77,182,Hispanic,dark,black,beard,L,P,,1,RP,SP,,,,,52,,,,51,51,51,52,52,49,50,61,59,59,0,0,0,,,,,0,,,,57,65,57,64,58,54,59,69,66,71,0,0,0,False,,,0,,,,,,0,50,balanced_sp,
P5537,Alejandro,Castillo,2001-10-20,73,196,Hispanic,medium,brown,clean_shaven,R,P,,1,RP,SP,,,,,50,,,,49,50,52,50,52,53,51,61,61,58,0,56,0,,,,,0,,,,55,57,55,61,57,66,64,67,67,65,0,63,0,False,,,0,,,,,,0,50,finesse_sp,
P1909,Alejandro,Guerrero,2004-05-03,75,211,Hispanic,medium,blonde,goatee,R,P,,1,RP,RP,,,,,55,,,,50,53,49,51,52,50,49,58,62,0,61,0,0,,,,,0,,,,72,65,74,79,74,72,79,78,73,0,75,0,0,False,,,0,,,,,,0,50,groundball_rp,
P1250,Francisco,Lopez,2002-02-23,77,240,Hispanic,medium,brown,goatee,L,P,,1,RP,RP,,,,,53,,,,51,52,50,50,54,52,54,0,0,0,60,0,0,,,,,0,,,,56,63,56,66,57,57,63,0,0,0,69,0,0,False,,,0,,,,,,0,50,groundball_rp,
P4433,Cedric,King,1992-01-11,71,205,African,dark,black,clean_shaven,L,P,,1,RP,RP,,,,,53,,,,50,52,51,50,53,51,49,59,59,64,0,0,0,,,,,0,,,,49,49,41,43,51,42,47,59,54,57,0,0,0,False,,,0,,,,,,0,50,finesse_rp,
P5785,Roberto,Ortiz,1992-02-08,75,209,Hispanic,light,blonde,clean_shaven,R,C,,0,,,51,53,51,51,52,50,56,52,53,52,,,,,,,,,,,,49,45,48,48,52,0,0,52,45,45,,,,,,,,,,,,False,,,0,,,,,,0,50,,balanced
P2855,Pedro,Gomez,1996-12-26,70,212,Hispanic,light,black,clean_shaven,S,1B,,0,,,52,51,70,52,52,50,53,49,51,50,,,,,,,,,,,,51,53,75,56,52,0,0,49,49,52,,,,,,,,,,,,False,,,0,,,,,,0,50,,speed
P3222,Deshawn,Taylor,1988-01-02,77,210,African,dark,black,clean_shaven,R,2B,,0,,,55,48,70,55,54,47,55,49,51,51,,,,,,,,,,,,53,45,63,47,54,0,0,49,41,42,,,,,,,,,,,,False,,,0,,,,,,0,50,,speed
P8966,Jermaine,Harris,1991-04-21,75,184,African,medium,black,clean_shaven,L,3B,,0,,,50,62,50,51,46,50,50,51,50,51,,,,,,,,,,,,44,52,41,48,46,0,0,51,48,50,,,,,,,,,,,,False,,,0,,,,,,0,50,,power
P2824,Antonio,Mendoza,2001-10-15,69,175,Hispanic,medium,red,clean_shaven,L,SS,,0,,,63,52,51,51,53,46,52,52,49,52,,,,,,,,,,,,78,63,60,60,53,0,0,52,64,58,,,,,,,,,,,,False,,,0,,,,,,0,50,,spray
P2125,Raul,Rivera,1999-11-03,77,201,Hispanic,light,brown,goatee,R,LF,,0,,,53,47,85,51,52,50,56,51,51,51,,,,,,,,,,,,60,55,92,62,52,0,0,51,62,59,,,,,,,,,,,,False,,,0,,,,,,0,50,,elite_speed
P8769,Jamal,Jefferson,1994-12-14,78,163,African,medium,black,clean_shaven,R,CF,,0,,,57,51,49,54,51,48,54,48,51,53,,,,,,,,,,,,57,50,53,54,51,0,0,48,54,49,,,,,,,,,,,,False,,,0,,,,,,0,50,,spray
P4101,Duane,Esfahani,2000-04-08,74,167,Anglo,light,blonde,clean_shaven,S,RF,,0,,,52,62,52,50,48,49,52,47,52,51,,,,,,,,,,,,61,70,66,59,48,0,0,47,65,60,,,,,,,,,,,,False,,,0,,,,,,0,50,,power
P4028,Rufus,Harris,1995-11-05,72,234,African,dark,black,clean_shaven,L,1B,,0,,,53,60,51,51,48,53,47,49,52,52,,,,,,,,,,,,53,64,46,55,48,0,0,49,56,56,,,,,,,,,,,,False,,,0,,,,,,0,50,,power
P2811,Xavier,Jackson,1988-02-10,70,246,African,dark,black,clean_shaven,R,LF,,0,,,53,57,48,53,48,50,59,52,50,51,,,,,,,,,,,,50,53,47,52,48,0,0,52,47,47,,,,,,,,,,,,False,,,0,,,,,,0,50,,balanced
P2205,Jamal,Mitchell,1991-08-05,71,184,African,dark,black,clean_shaven,R,SS,,0,,,63,49,71,54,50,50,58,51,50,51,,,,,,,,,,,,61,44,62,45,50,0,0,51,44,50,,,,,,,,,,,,False,,,0,,,,,,0,50,,spray
P7238,Hector,Martinez,1988-04-17,72,182,Hispanic,medium,brown,mustache,R,SS,,0,,,62,51,49,52,49,50,57,52,52,52,,,,,,,,,,,,55,46,43,42,49,0,0,52,46,43,,,,,,,,,,,,False,,,0,,,,,,0,50,,spray
P5802,Jorge,Ortiz,1991-02-24,76,247,Hispanic,medium,blonde,mustache,L,RF,,0,,,51,60,48,51,49,53,47,50,47,48,,,,,,,,,,,,43,52,44,47,49,0,0,50,43,44,,,,,,,,,,,,False,,,0,,,,,,0,50,,power
P7712,Tyrone,White,1993-02-22,74,216,African,light,black,clean_shaven,R,3B,,0,,,64,48,53,52,50,50,58,49,51,51,,,,,,,,,,,,61,44,52,52,50,0,0,49,51,51,,,,,,,,,,,,False,,,0,,,,,,0,50,,spray
P5515,Tyrone,Taylor,1995-01-10,74,199,African,dark,brown,clean_shaven,R,P,,1,RP,CL,,,,,55,,,,48,52,47,50,52,49,56,61,60,65,0,0,0,,,,,0,,,,51,51,46,56,47,50,57,61,57,69,0,0,0,False,,,0,,,,,,0,50,closer,
P1127,Raul,Ramirez,2000-11-08,71,177,Hispanic,dark,brown,clean_shaven,S,P,,1,RP,SP,,,,,49,,,,48,49,54,50,53,50,51,62,60,61,0,55,0,,,,,0,,,,55,56,58,60,64,61,66,70,68,66,0,68,0,False,,,0,,,,,,0,50,balanced_sp,
P9101,Alejandro,Ortiz,2003-12-08,76,242,Hispanic,light,black,clean_shaven,S,P,,1,RP,SP,,,,,52,,,,48,54,52,53,52,47,52,59,60,58,0,54,0,,,,,0,,,,58,61,64,58,64,56,60,68,73,69,0,64,0,False,,,0,,,,,,0,50,power_sp,
P6268,Kendrick,Denogean,1993-08-18,78,214,Anglo,light,brown,mustache,L,P,,1,RP,RP,,,,,56,,,,48,48,51,50,53,53,52,0,0,0,59,0,0,,,,,0,,,,46,39,42,47,45,52,43,0,0,0,51,0,0,False,,,0,,,,,,0,50,groundball_rp,
P5162,Leroy,King,1992-04-18,75,192,African,dark,black,beard,L,P,,1,RP,SP,,,,,51,,,,51,50,51,50,53,50,54,0,59,58,57,0,0,,,,,0,,,,44,50,41,49,50,48,44,0,55,50,49,0,0,False,,,0,,,,,,0,50,power_sp,
P8571,Adolph,Buske,1991-01-01,75,185,Anglo,dark,blonde,goatee,S,P,,1,RP,SP,,,,,49,,,,49,49,53,51,54,49,51,59,59,61,0,54,0,,,,,0,,,,48,45,51,47,52,41,49,58,55,51,0,45,0,False,,,0,,,,,,0,50,workhorse_sp,
P3087,Eduardo,Vasquez,2001-12-25,68,199,Hispanic,medium,blonde,clean_shaven,R,P,,1,RP,SP,,,,,48,,,,50,51,50,53,53,50,53,62,59,0,0,0,0,,,,,0,,,,65,63,63,67,56,64,64,70,64,0,0,0,0,False,,,0,,,,,,0,50,balanced_sp,
P9265,Clifford,Sandoral,2004-09-16,74,198,Anglo,light,black,clean_shaven,R,2B,,0,,,54,50,70,54,53,49,60,51,52,49,,,,,,,,,,,,73,77,99,81,53,0,0,51,64,76,,,,,,,,,,,,False,,,0,,,,,,0,50,,speed
P9765,Dion,Groshek,1998-02-11,73,224,Anglo,medium,brown,clean_shaven,R,CF,RF,0,,,52,54,49,52,50,50,52,52,51,48,,,,,,,,,,,,50,57,48,57,50,0,0,52,46,44,,,,,,,,,,,,False,,,0,,,,,,0,50,,balanced
P9974,Isaias,Seise,1997-02-09,70,229,Anglo,light,brown,clean_shaven,R,3B,,0,,,48,58,51,49,50,52,56,49,52,49,,,,,,,,,,,,52,61,55,44,50,0,0,49,53,49,,,,,,,,,,,,False,,,0,,,,,,0,50,,power
P7727,Francisco,Vasquez,1991-08-30,68,216,Hispanic,medium,black,goatee,R,2B,,0,,,49,56,48,50,52,53,55,52,50,50,,,,,,,,,,,,44,54,48,48,52,0,0,52,48,41,,,,,,,,,,,,False,,,0,,,,,,0,50,,power
P9961,Percy,Harris,1997-03-28,72,231,African,dark,black,beard,R,C,,0,,,53,60,53,51,48,54,56,52,49,47,,,,,,,,,,,,54,59,58,52,48,0,0,52,54,45,,,,,,,,,,,,False,,,0,,,,,,0,50,,power
P4494,Len,Neis,1988-01-27,77,228,Anglo,light,red,mustache,R,SS,,0,,,61,53,53,51,51,50,57,50,51,48,,,,,,,,,,,,51,50,46,51,51,0,0,50,41,47,,,,,,,,,,,,False,,,0,,,,,,0,50,,spray
P3762,Malik,Washington,1988-02-05,70,165,African,dark,brown,clean_shaven,L,1B,,0,,,51,61,47,49,47,50,46,51,51,49,,,,,,,,,,,,50,51,38,48,47,0,0,51,46,43,,,,,,,,,,,,False,,,0,,,,,,0,50,,power
P9065,Jamal,Gaines,1987-05-29,70,194,African,dark,black,beard,L,C,,0,,,62,52,48,53,51,46,51,52,49,48,,,,,,,,,,,,58,52,45,51,51,0,0,52,49,47,,,,,,,,,,,,False,,,0,,,,,,0,50,,spray
P6389,Darnell,Green,2007-09-29,76,231,African,dark,black,clean_shaven,L,P,,1,RP,CL,,,,,55,,,,52,52,50,53,53,48,53,58,60,66,0,0,0,,,,,0,,,,62,62,75,65,63,70,79,79,80,80,0,0,0,False,,,0,,,,,,0,50,closer,
P2878,Malik,Gaines,2007-02-22,71,228,African,light,black,clean_shaven,R,P,,1,RP,RP,,,,,51,,,,50,51,52,50,53,49,55,0,0,67,0,0,0,,,,,0,,,,80,66,80,77,63,65,82,0,0,91,0,0,0,False,,,0,,,,,,0,50,power_rp,
P5742,Archie,Sillitti,2007-04-28,76,187,Anglo,light,brown,clean_shaven,S,P,,1,RP,RP,,,,,48,,,,49,53,48,50,52,53,53,0,61,63,59,0,0,,,,,0,,,,63,77,74,67,77,73,64,0,76,87,79,0,0,False,,,0,,,,,,0,50,power_rp,
P9833,Miguel,Rodriguez,2005-05-07,71,162,Hispanic,dark,brown,clean_shaven,R,P,,1,RP,SP,,,,,48,,,,51,54,54,50,52,52,54,0,63,59,0,0,0,,,,,0,,,,74,75,73,80,79,73,77,0,80,76,0,0,0,False,,,0,,,,,,0,50,power_sp,
P6232,Tyrone,Allen,2006-06-05,75,188,African,dark,black,clean_shaven,L,P,,1,RP,RP,,,,,52,,,,48,53,51,51,53,48,51,0,0,65,0,0,0,,,,,0,,,,61,77,73,68,70,58,76,0,0,95,0,0,0,False,,,0,,,,,,0,50,power_rp,
P5170,Carlos,Ortiz,2007-10-27,76,211,Hispanic,light,brown,clean_shaven,L,RF,,0,,,52,59,47,51,47,53,46,52,49,51,,,,,,,,,,,,74,77,74,70,47,0,0,52,77,71,,,,,,,,,,,,False,,,0,,,,,,0,50,,power
P6770,Donald,Wollard,2005-01-08,73,176,Anglo,medium,blonde,clean_shaven,R,3B,,0,,,51,48,51,50,49,48,58,53,50,48,,,,,,,,,,,,65,66,76,72,49,0,0,53,71,59,,,,,,,,,,,,False,,,0,,,,,,0,50,,balanced
P4356,Olen,Spirer,2005-03-08,74,192,Anglo,light,brown,clean_shaven,R,2B,,0,,,56,52,49,52,52,48,59,50,52,52,,,,,,,,,,,,83,72,69,63,52,0,0,50,68,76,,,,,,,,,,,,False,,,0,,,,,,0,50,,gap
P2449,Tyrone,Green,2007-02-16,70,161,African,dark,brown,mustache,R,2B,,0,,,50,48,70,53,49,51,58,48,52,51,,,,,,,,,,,,72,64,90,79,49,0,0,48,66,62,,,,,,,,,,,,False,,,0,,,,,,0,50,,speed
P9839,Luis,Flores,2004-10-02,68,247,Hispanic,light,blonde,mustache,R,LF,,0,,,50,57,52,49,49,50,57,50,52,49,,,,,,,,,,,,67,86,70,68,49,0,0,50,69,79,,,,,,,,,,,,False,,,0,,,,,,0,50,,balanced
P6077,Miguel,Diaz,1989-02-23,68,167,Hispanic,medium,black,goatee,R,P,,1,RP,CL,,,,,55,,,,50,51,51,53,58,51,53,0,62,66,0,0,0,,,,,0,,,,41,51,48,50,44,43,53,0,58,64,0,0,0,False,,,0,,,,,,0,50,closer,
P1419,Virgil,Zettlemoyer,1987-12-02,78,237,Anglo,light,blonde,clean_shaven,S,P,,1,RP,SP,,,,,52,,,,53,49,52,50,52,51,49,58,61,58,60,0,0,,,,,0,,,,46,47,40,48,44,43,39,49,59,48,51,0,0,False,,,0,,,,,,0,50,finesse_sp,
P3604,Miguel,Gomez,1993-06-13,70,165,Hispanic,dark,brown,clean_shaven,R,P,,1,RP,RP,,,,,54,,,,51,51,49,51,52,49,52,61,59,0,0,0,0,,,,,0,,,,42,50,44,50,42,48,51,58,52,0,0,0,0,False,,,0,,,,,,0,50,finesse_rp,
P1623,Alejandro,Lopez,1996-05-24,78,198,Hispanic,medium,black,mustache,R,P,,1,RP,RP,,,,,53,,,,48,51,49,50,52,49,51,0,0,0,62,0,0,,,,,0,,,,46,47,49,48,46,53,49,0,0,0,57,0,0,False,,,0,,,,,,0,50,groundball_rp,
P7077,Kurt,Vangompel,1997-10-06,73,218,Anglo,dark,black,clean_shaven,R,P,,1,RP,SP,,,,,49,,,,51,50,50,50,52,51,52,61,60,0,0,0,0,,,,,0,,,,52,54,45,51,45,54,50,60,56,0,0,0,0,False,,,0,,,,,,0,50,balanced_sp,
P4839,Carlos,Rodriguez,1993-07-17,75,189,Hispanic,medium,black,clean_shaven,L,P,,1,RP,SP,,,,,49,,,,49,51,50,50,52,52,53,59,61,62,0,57,0,,,,,0,,,,44,41,46,42,44,46,48,54,54,56,0,50,0,False,,,0,,,,,,0,50,balanced_sp,
P1836,Rafael,Sanchez,1999-07-09,78,224,Hispanic,light,black,goatee,L,P,,1,RP,SP,,,,,50,,,,48,50,53,52,53,52,49,61,60,0,0,0,0,,,,,0,,,,54,58,58,60,65,59,56,66,75,0,0,0,0,False,,,0,,,,,,0,50,balanced_sp,
P2025,Hector,Sanchez,1995-07-03,75,186,Hispanic,medium,black,beard,S,P,,1,RP,RP,,,,,52,,,,51,52,51,53,53,51,54,0,61,0,0,0,0,,,,,0,,,,55,55,51,48,49,48,50,0,56,0,0,0,0,False,,,0,,,,,,0,50,power_rp,
P9813,Len,Lesa,1999-05-11,76,187,Anglo,medium,red,beard,L,P,,1,RP,RP,,,,,51,,,,52,49,50,52,52,53,56,0,62,64,0,0,0,,,,,0,,,,60,63,67,64,60,62,68,0,75,69,0,0,0,False,,,0,,,,,,0,50,power_rp,
P8201,Cedric,Taylor,2000-03-19,77,236,African,dark,black,mustache,R,P,,1,RP,SP,,,,,50,,,,52,52,50,50,53,51,52,0,63,63,0,0,0,,,,,0,,,,62,64,58,58,65,65,67,0,78,73,0,0,0,False,,,0,,,,,,0,50,power_sp,
P9116,Margarito,Mako,1990-03-20,73,215,Anglo,medium,blonde,clean_shaven,L,P,,1,RP,SP,,,,,48,,,,49,51,51,52,52,49,53,59,60,0,0,55,0,,,,,0,,,,40,41,45,50,46,49,51,53,59,0,0,47,0,False,,,0,,,,,,0,50,finesse_sp,
P2197,Jose,Garcia,1998-10-17,78,225,Hispanic,light,black,beard,R,C,,0,,,49,54,48,51,49,48,57,49,49,53,,,,,,,,,,,,59,61,54,64,49,0,0,49,59,58,,,,,,,,,,,,False,,,0,,,,,,0,50,,average
P1305,Daron,Harmison,1993-09-28,78,187,Anglo,medium,red,clean_shaven,L,1B,,0,,,49,53,53,49,49,52,43,50,51,53,,,,,,,,,,,,39,51,43,45,49,0,0,50,51,47,,,,,,,,,,,,False,,,0,,,,,,0,50,,average
P1067,Jamal,Harris,1992-09-03,68,217,African,dark,black,mustache,R,2B,,0,,,54,51,51,54,52,50,57,52,50,51,,,,,,,,,,,,54,45,44,48,52,0,0,52,47,48,,,,,,,,,,,,False,,,0,,,,,,0,50,,balanced
P3929,Percy,Robinson,1989-06-20,70,217,African,dark,black,mustache,R,3B,,0,,,51,49,51,51,50,50,57,51,50,52,,,,,,,,,,,,42,45,43,42,50,0,0,51,50,44,,,,,,,,,,,,False,,,0,,,,,,0,50,,balanced
P1493,Man,Gabaree,1994-02-22,75,170,Anglo,light,black,clean_shaven,R,SS,,0,,,57,50,51,54,50,48,60,49,51,51,,,,,,,,,,,,47,50,41,53,50,0,0,49,49,43,,,,,,,,,,,,False,,,0,,,,,,0,50,,gap
P3971,Rafael,Cruz,1990-07-04,77,176,Hispanic,medium,black,clean_shaven,L,LF,,0,,,49,60,51,49,51,53,46,51,48,53,,,,,,,,,,,,44,60,48,47,51,0,0,51,46,48,,,,,,,,,,,,False,,,0,,,,,,0,50,,power
P5811,Rufus,King,1996-04-02,74,171,African,dark,black,clean_shaven,L,CF,,0,,,57,50,49,54,52,48,44,51,51,52,,,,,,,,,,,,61,46,50,50,52,0,0,51,55,49,,,,,,,,,,,,False,,,0,,,,,,0,50,,gap
P3315,Jorge,Hernandez,1994-04-08,70,221,Hispanic,medium,black,clean_shaven,L,RF,LF,0,,,50,61,48,51,48,52,46,50,48,52,,,,,,,,,,,,51,64,47,48,48,0,0,50,48,55,,,,,,,,,,,,False,,,0,,,,,,0,50,,power
P3927,Gerald,Eugley,2003-06-09,73,236,Anglo,medium,blonde,clean_shaven,L,RF,,0,,,57,49,92,51,52,49,44,49,49,51,,,,,,,,,,,,66,63,99,58,52,0,0,49,54,56,,,,,,,,,,,,False,,,0,,,,,,0,50,,elite_speed
P8487,Silas,Layell,1998-02-19,73,160,Anglo,light,blonde,beard,L,RF,,0,,,50,48,52,50,50,49,45,48,51,50,,,,,,,,,,,,49,49,48,49,50,0,0,48,54,50,,,,,,,,,,,,False,,,0,,,,,,0,50,,average
P5677,Juan,Guerrero,1988-05-24,76,225,Hispanic,light,brown,mustache,L,CF,,0,,,50,51,72,49,52,50,42,49,51,51,,,,,,,,,,,,43,49,66,43,52,0,0,49,45,47,,,,,,,,,,,,False,,,0,,,,,,0,50,,speed
P3671,Floyd,Lataquin,2001-12-27,75,199,Anglo,light,blonde,clean_shaven,R,C,,0,,,53,54,48,50,49,52,57,51,53,49,,,,,,,,,,,,61,60,58,56,49,0,0,51,67,64,,,,,,,,,,,,False,,,0,,,,,,0,50,,balanced
P6334,Dexter,Chirco,2005-02-21,73,194,Anglo,light,brown,clean_shaven,R,RF,,0,,,53,59,49,51,47,51,55,48,49,50,,,,,,,,,,,,80,69,69,66,47,0,0,48,78,76,,,,,,,,,,,,False,,,0,,,,,,0,50,,power
P5436,Xavier,Young,1987-04-01,75,249,African,dark,black,beard,L,CF,,0,,,49,51,70,51,52,51,46,51,49,50,,,,,,,,,,,,39,45,62,51,52,0,0,51,48,41,,,,,,,,,,,,False,,,0,,,,,,0,50,,speed
P9356,Percy,Walker,1991-04-11,72,230,African,dark,black,clean_shaven,R,P,,1,RP,CL,,,,,55,,,,50,52,51,50,53,50,53,0,0,66,0,0,0,,,,,0,,,,40,49,46,53,47,40,46,0,0,64,0,0,0,False,,,0,,,,,,0,50,closer,
P2437,Carlos,Hernandez,1988-08-11,73,182,Hispanic,light,brown,beard,S,P,,1,RP,SP,,,,,50,,,,51,53,53,52,52,51,53,61,0,58,0,0,0,,,,,0,,,,47,47,46,48,44,43,47,58,0,52,0,0,0,False,,,0,,,,,,0,50,balanced_sp,
P6576,Dustin,Romero,2000-05-23,73,242,Anglo,light,brown,clean_shaven,R,P,,1,RP,RP,,,,,50,,,,53,49,48,52,54,51,55,0,0,67,0,0,0,,,,,0,,,,61,58,64,63,61,58,61,0,0,76,0,0,0,False,,,0,,,,,,0,50,power_rp,
P6616,Lacy,Lutwin,2004-02-03,68,224,Anglo,light,blonde,mustache,R,P,,1,RP,SP,,,,,51,,,,48,48,54,51,52,51,51,61,62,58,0,57,0,,,,,0,,,,55,55,56,58,62,57,58,72,75,69,0,67,0,False,,,0,,,,,,0,50,finesse_sp,
P9362,Rufus,Robinson,1996-09-29,71,209,African,dark,black,mustache,R,P,,1,RP,SP,,,,,49,,,,49,49,53,53,53,52,53,58,62,63,0,0,0,,,,,0,,,,51,52,48,57,57,53,57,57,59,68,0,0,0,False,,,0,,,,,,0,50,workhorse_sp,
P7821,Kevin,Saxena,2002-06-04,70,233,Anglo,light,red,mustache,L,P,,1,RP,SP,,,,,51,,,,49,51,52,50,53,53,51,59,0,60,0,0,0,,,,,0,,,,55,59,64,68,67,67,57,67,0,75,0,0,0,False,,,0,,,,,,0,50,balanced_sp,
P9277,Jarod,Deconti,2001-02-24,76,240,Anglo,dark,black,clean_shaven,L,P,,1,RP,SP,,,,,50,,,,49,54,54,50,53,48,53,0,63,61,0,55,0,,,,,0,,,,54,68,61,63,60,59,62,0,75,70,0,67,0,False,,,0,,,,,,0,50,power_sp,
P2458,Jose,Torres,1992-06-19,72,240,Hispanic,medium,black,clean_shaven,R,1B,,0,,,70,54,52,54,52,46,52,51,50,48,,,,,,,,,,,,63,52,47,48,52,0,0,51,41,46,,,,,,,,,,,,False,,,0,,,,,,0,50,,spray
P5267,Xavier,Baker,1992-03-02,74,204,African,medium,black,clean_shaven,L,2B,,0,,,58,51,48,53,52,47,51,50,48,48,,,,,,,,,,,,55,42,41,45,52,0,0,50,44,48,,,,,,,,,,,,False,,,0,,,,,,0,50,,spray
P7820,James,Curro,1992-08-21,76,160,Anglo,light,red,clean_shaven,R,C,,0,,,53,49,50,50,49,50,56,49,50,51,,,,,,,,,,,,48,48,50,47,49,0,0,49,46,45,,,,,,,,,,,,False,,,0,,,,,,0,50,,average
P2287,Darnell,Mitchell,1999-01-04,72,213,African,dark,black,mustache,R,C,,0,,,56,49,50,52,51,50,60,51,50,53,,,,,,,,,,,,64,54,58,67,51,0,0,51,60,60,,,,,,,,,,,,False,,,0,,,,,,0,50,,spray
P3086,Lorenzo,Unkn,1997-05-23,70,168,Anglo,light,black,goatee,R,3B,,0,,,49,56,50,49,46,50,59,51,48,48,,,,,,,,,,,,53,56,47,49,46,0,0,51,51,50,,,,,,,,,,,,False,,,0,,,,,,0,50,,power
P3090,Tommy,Hanlon,1998-01-13,73,193,Anglo,light,brown,clean_shaven,S,CF,,0,,,58,50,53,52,52,46,52,50,48,50,,,,,,,,,,,,54,53,52,51,52,0,0,50,48,53,,,,,,,,,,,,False,,,0,,,,,,0,50,,spray
P5567,Tuan,Shipe,1989-05-06,77,210,Anglo,light,brown,mustache,R,C,,0,,,51,53,51,49,52,53,56,48,51,49,,,,,,,,,,,,42,51,45,49,52,0,0,48,41,42,,,,,,,,,,,,False,,,0,,,,,,0,50,,balanced
P8658,Kent,Guerreiro,1995-01-30,69,203,Anglo,medium,black,clean_shaven,S,CF,LF,0,,,50,50,53,51,49,52,48,49,51,53,,,,,,,,,,,,51,55,56,48,49,0,0,49,55,53,,,,,,,,,,,,False,,,0,,,,,,0,50,,balanced
P1983,Randy,Escorcia,2007-03-27,71,169,Anglo,light,red,clean_shaven,S,P,,1,RP,CL,,,,,55,,,,49,51,50,50,52,49,53,0,0,67,0,0,0,,,,,0,,,,76,76,63,66,74,69,75,0,0,85,0,0,0,False,,,0,,,,,,0,50,closer,
P6923,Chauncey,Thomison,2005-09-28,74,236,Anglo,medium,brown,clean_shaven,R,P,,1,RP,SP,,,,,50,,,,50,48,54,51,53,50,51,60,62,0,0,0,0,,,,,0,,,,64,75,79,82,82,63,62,89,76,0,0,0,0,False,,,0,,,,,,0,50,finesse_sp,
P7299,Kerry,Demer,2005-01-10,74,245,Anglo,dark,brown,goatee,R,P,,1,RP,SP,,,,,52,,,,49,51,53,51,54,51,52,61,63,0,60,0,0,,,,,0,,,,63,67,75,66,70,80,70,84,84,0,88,0,0,False,,,0,,,,,,0,50,finesse_sp,
P4197,Jewel,Nesseth,2006-06-22,77,222,Anglo,light,brown,beard,L,P,,1,RP,RP,,,,,51,,,,50,50,49,52,52,51,51,61,0,0,0,0,0,,,,,0,,,,64,77,80,63,69,76,75,89,0,0,0,0,0,False,,,0,,,,,,0,50,finesse_rp,
P1318,Percy,Taylor,2005-02-09,78,205,African,dark,black,clean_shaven,R,P,,1,RP,RP,,,,,55,,,,51,49,51,50,52,51,50,58,61,0,59,0,0,,,,,0,,,,68,76,67,63,80,71,62,77,89,0,86,0,0,False,,,0,,,,,,0,50,groundball_rp,
P2484,Xavier,King,2007-06-25,73,176,African,dark,black,clean_shaven,L,CF,,0,,,51,60,49,50,47,52,46,50,52,48,,,,,,,,,,,,79,80,60,74,47,0,0,50,79,77,,,,,,,,,,,,False,,,0,,,,,,0,50,,power
P4457,Burt,Dailey,2004-09-12,76,209,Anglo,medium,brown,clean_shaven,R,2B,,0,,,61,48,51,55,50,50,55,49,49,50,,,,,,,,,,,,89,74,74,82,50,0,0,49,65,65,,,,,,,,,,,,False,,,0,,,,,,0,50,,spray
P9495,Percy,King,2006-03-04,72,203,African,dark,black,clean_shaven,R,C,,0,,,50,53,49,50,51,50,56,50,50,48,,,,,,,,,,,,64,67,69,63,51,0,0,50,75,70,,,,,,,,,,,,False,,,0,,,,,,0,50,,balanced
P7795,Cedric,Gaines,2004-02-29,76,172,African,dark,black,clean_shaven,R,C,,0,,,59,57,52,56,49,53,56,53,50,47,,,,,,,,,,,,86,79,63,86,49,0,0,53,70,63,,,,,,,,,,,,False,,,0,,,,,,0,50,,gap
P5239,Percy,Carter,2007-06-14,72,240,African,dark,black,clean_shaven,L,2B,,0,,,69,51,50,53,52,47,49,49,50,50,,,,,,,,,,,,93,63,61,78,52,0,0,49,76,64,,,,,,,,,,,,False,,,0,,,,,,0,50,,spray
P8015,Fabian,Gullickson,1999-01-23,75,237,Anglo,light,brown,clean_shaven,R,P,,1,RP,CL,,,,,55,,,,50,53,47,50,52,51,55,0,0,66,0,0,0,,,,,0,,,,65,61,56,62,58,64,67,0,0,80,0,0,0,False,,,0,,,,,,0,50,closer,
P1761,Pierre,Kolb,1988-12-04,74,234,Anglo,light,brown,mustache,L,P,,1,RP,RP,,,,,55,,,,49,50,49,50,52,53,52,57,0,65,60,0,0,,,,,0,,,,47,43,46,52,45,53,45,52,0,57,60,0,0,False,,,0,,,,,,0,50,groundball_rp,
P2999,Deshawn,Scott,1989-01-14,76,233,African,medium,black,beard,R,P,,1,RP,SP,,,,,49,,,,52,53,54,50,52,50,53,0,61,59,0,0,0,,,,,0,,,,45,44,43,42,50,44,48,0,60,56,0,0,0,False,,,0,,,,,,0,50,balanced_sp,
P6452,Alvaro,Ketron,1999-07-20,74,242,Anglo,medium,brown,clean_shaven,S,P,,1,RP,SP,,,,,52,,,,51,52,54,51,53,49,52,59,61,0,0,0,0,,,,,0,,,,56,65,56,68,65,64,67,68,75,0,0,0,0,False,,,0,,,,,,0,50,finesse_sp,
P6610,Leroy,Walker,1999-10-19,77,196,African,dark,black,goatee,R,P,,1,RP,RP,,,,,53,,,,52,49,51,53,54,50,51,0,0,0,61,0,0,,,,,0,,,,61,57,68,66,58,57,66,0,0,0,71,0,0,False,,,0,,,,,,0,50,groundball_rp,
P4913,Kristofer,Kinstle,2005-01-19,69,223,Anglo,light,blonde,clean_shaven,L,P,,1,RP,SP,,,,,52,,,,51,53,53,51,52,51,51,61,0,61,0,0,0,,,,,0,,,,76,72,62,80,66,71,62,85,0,90,0,0,0,False,,,0,,,,,,0,50,balanced_sp,
P6259,Rico,Banfield,1994-01-05,75,187,Anglo,light,black,mustache,R,P,,1,RP,RP,,,,,53,,,,49,52,52,52,54,51,50,0,0,0,63,0,0,,,,,0,,,,46,48,51,54,42,45,45,0,0,0,55,0,0,False,,,0,,,,,,0,50,groundball_rp,
P5007,Hassan,Prehoda,2003-12-24,74,208,Anglo,light,black,mustache,L,P,,1,RP,RP,,,,,52,,,,50,52,53,51,53,51,53,0,61,0,0,0,0,,,,,0,,,,61,65,64,62,65,57,66,0,66,0,0,0,0,False,,,0,,,,,,0,50,finesse_rp,
P2492,Tyrone,Carter,1997-08-11,77,226,African,dark,black,clean_shaven,L,P,,1,RP,RP,,,,,53,,,,50,53,50,52,52,52,53,0,62,0,0,0,0,,,,,0,,,,54,54,51,50,48,54,50,0,65,0,0,0,0,False,,,0,,,,,,0,50,power_rp,
P4232,Leroy,Jackson,1990-05-12,72,169,African,dark,black,clean_shaven,L,P,,1,RP,SP,,,,,52,,,,52,50,53,51,52,52,53,60,62,0,0,0,0,,,,,0,,,,45,49,45,44,47,47,50,50,59,0,0,0,0,False,,,0,,,,,,0,50,balanced_sp,
P8334,Mikel,Bogaert,1991-10-24,71,198,Anglo,light,blonde,clean_shaven,R,P,,1,RP,SP,,,,,52,,,,49,52,50,52,52,49,50,58,62,0,0,0,0,,,,,0,,,,40,47,46,50,47,39,50,53,57,0,0,0,0,False,,,0,,,,,,0,50,workhorse_sp,
P8854,Glenn,Klaja,1991-11-21,78,220,Anglo,light,black,clean_shaven,R,C,,0,,,51,51,49,50,52,51,58,50,50,53,,,,,,,,,,,,47,44,39,48,52,0,0,50,47,47,,,,,,,,,,,,False,,,0,,,,,,0,50,,average
P1175,Marshall,Sidoti,1994-07-30,73,235,Anglo,medium,brown,mustache,L,1B,,0,,,51,57,50,49,53,51,48,52,49,51,,,,,,,,,,,,54,54,53,54,53,0,0,52,54,51,,,,,,,,,,,,False,,,0,,,,,,0,50,,balanced
P6306,Rocco,Guidrey,1990-01-03,74,200,Anglo,light,blonde,beard,R,2B,,0,,,51,53,52,52,52,51,58,52,48,51,,,,,,,,,,,,44,49,52,47,52,0,0,52,47,41,,,,,,,,,,,,False,,,0,,,,,,0,50,,average
P9071,Rosario,Denyes,1998-05-27,77,177,Anglo,light,brown,clean_shaven,R,3B,,0,,,52,48,51,51,52,50,60,51,49,49,,,,,,,,,,,,65,55,66,62,52,0,0,51,60,60,,,,,,,,,,,,False,,,0,,,,,,0,50,,average
P7965,Rufus,Allen,1990-05-04,76,184,African,dark,black,beard,R,SS,,0,,,60,51,51,57,49,46,56,50,47,52,,,,,,,,,,,,59,41,43,53,49,0,0,50,46,46,,,,,,,,,,,,False,,,0,,,,,,0,50,,spray
P1919,Malik,King,1987-09-28,75,200,African,dark,black,clean_shaven,L,LF,,0,,,53,49,51,52,52,50,48,53,51,50,,,,,,,,,,,,44,39,49,45,52,0,0,53,41,49,,,,,,,,,,,,False,,,0,,,,,,0,50,,average
P7666,Milford,Hickernell,1994-05-04,78,188,Anglo,medium,brown,clean_shaven,L,CF,,0,,,50,51,70,53,52,49,43,47,52,49,,,,,,,,,,,,50,48,74,57,52,0,0,47,55,44,,,,,,,,,,,,False,,,0,,,,,,0,50,,speed
P1391,Terence,Sossamon,1997-09-06,77,205,Anglo,dark,blonde,mustache,R,RF,,0,,,50,60,51,50,49,52,56,52,51,50,,,,,,,,,,,,52,61,51,53,49,0,0,52,53,47,,,,,,,,,,,,False,,,0,,,,,,0,50,,power
P5956,Andre,Ghrist,1998-09-02,75,196,Anglo,dark,black,beard,S,CF,,0,,,63,47,53,52,50,49,49,49,51,49,,,,,,,,,,,,77,61,66,64,50,0,0,49,61,63,,,,,,,,,,,,False,,,0,,,,,,0,50,,spray
P5017,Tyrone,King,2004-08-03,69,215,African,dark,black,clean_shaven,L,CF,,0,,,60,50,50,51,50,50,46,49,49,52,,,,,,,,,,,,70,68,63,70,50,0,0,49,65,72,,,,,,,,,,,,False,,,0,,,,,,0,50,,spray
P1980,Rufus,Carter,1989-03-26,78,184,African,dark,black,mustache,R,1B,,0,,,54,60,52,51,51,52,58,48,52,48,,,,,,,,,,,,50,54,48,41,51,0,0,48,44,45,,,,,,,,,,,,False,,,0,,,,,,0,50,,gap
P7033,Jermaine,Carter,1995-02-14,73,244,African,dark,black,clean_shaven,L,1B,,0,,,51,57,50,52,48,53,44,51,49,50,,,,,,,,,,,,50,52,55,54,48,0,0,51,47,51,,,,,,,,,,,,False,,,0,,,,,,0,50,,gap
P7984,Miquel,Natt,2000-03-18,78,248,Anglo,light,blonde,clean_shaven,R,2B,,0,,,51,51,87,50,52,51,59,53,49,48,,,,,,,,,,,,59,59,97,60,52,0,0,53,54,62,,,,,,,,,,,,False,,,0,,,,,,0,50,,elite_speed
P5181,Cedric,Young,2004-04-08,71,213,African,dark,black,mustache,R,2B,,0,,,54,49,95,50,51,49,55,50,50,50,,,,,,,,,,,,65,60,99,71,51,0,0,50,74,64,,,,,,,,,,,,False,,,0,,,,,,0,50,,elite_speed
P2511,Abdul,Koepf,1992-01-28,73,193,Anglo,medium,brown,goatee,R,P,,1,RP,CL,,,,,55,,,,50,50,47,52,52,53,56,0,0,66,0,0,0,,,,,0,,,,49,50,52,45,46,47,46,0,0,65,0,0,0,False,,,0,,,,,,0,50,closer,
P1808,Thurman,Arcilla,1990-09-11,75,179,Anglo,medium,brown,goatee,L,P,,1,RP,SP,,,,,49,,,,50,53,52,50,54,51,53,60,62,59,0,0,0,,,,,0,,,,42,45,50,44,46,51,49,54,59,59,0,0,0,False,,,0,,,,,,0,50,balanced_sp,
P7880,Kristofer,Katoa,1994-02-08,71,222,Anglo,light,brown,beard,R,P,,1,RP,SP,,,,,50,,,,50,52,50,52,52,52,53,59,62,59,0,0,0,,,,,0,,,,50,44,43,45,47,50,46,55,56,51,0,0,0,False,,,0,,,,,,0,50,power_sp,
P7388,Shaun,Viessman,2002-08-01,77,227,Anglo,light,brown,clean_shaven,R,P,,1,RP,SP,,,,,50,,,,52,49,52,50,52,50,50,60,62,0,0,0,0,,,,,0,,,,63,54,56,63,64,55,60,69,70,0,0,0,0,False,,,0,,,,,,0,50,balanced_sp,
P4978,John,Shatswell,1988-05-06,78,239,Anglo,light,blonde,goatee,R,P,,1,RP,SP,,,,,49,,,,52,50,52,53,52,50,49,62,59,0,57,0,0,,,,,0,,,,51,41,49,47,42,45,42,61,53,0,50,0,0,False,,,0,,,,,,0,50,finesse_sp,
P8288,Tyron,Reau,1990-04-06,76,211,Anglo,light,black,clean_shaven,R,P,,1,RP,SP,,,,,51,,,,50,52,53,53,53,53,52,63,64,0,0,0,0,,,,,0,,,,40,48,48,48,52,50,47,63,56,0,0,0,0,False,,,0,,,,,,0,50,finesse_sp,
P9050,Cedric,Jefferson,2001-04-15,78,250,African,dark,black,mustache,R,P,,1,RP,SP,,,,,52,,,,49,49,53,53,52,51,51,60,59,0,57,56,0,,,,,0,,,,55,63,59,67,58,60,59,73,71,0,71,67,0,False,,,0,,,,,,0,50,finesse_sp,
P6296,Xavier,Jefferson,1992-02-20,76,192,African,dark,black,clean_shaven,R,SS,,0,,,51,48,70,51,52,48,57,48,49,51,,,,,,,,,,,,43,43,61,47,52,0,0,48,49,47,,,,,,,,,,,,False,,,0,,,,,,0,50,,speed
P9834,Jermaine,White,1997-11-10,77,166,African,medium,black,clean_shaven,R,RF,,0,,,53,56,49,51,50,52,54,51,52,52,,,,,,,,,,,,52,57,44,53,50,0,0,51,52,49,,,,,,,,,,,,False,,,0,,,,,,0,50,,balanced
P2810,Dana,Retter,1997-01-05,78,217,Anglo,light,black,mustache,L,LF,,0,,,56,49,54,53,51,51,50,50,52,52,,,,,,,,,,,,55,44,53,51,51,0,0,50,54,57,,,,,,,,,,,,False,,,0,,,,,,0,50,,spray
P8458,Odis,Carney,1992-10-10,68,222,Anglo,light,brown,mustache,R,2B,,0,,,55,48,77,52,49,50,56,52,53,53,,,,,,,,,,,,53,42,74,46,49,0,0,52,52,45,,,,,,,,,,,,False,,,0,,,,,,0,50,,speed
P7766,Xavier,Walker,2004-12-22,69,249,African,dark,black,clean_shaven,L,1B,,0,,,69,54,54,55,50,49,46,50,53,50,,,,,,,,,,,,83,76,77,68,50,0,0,50,72,60,,,,,,,,,,,,False,,,0,,,,,,0,50,,spray
P6792,Glenn,Freehling,1997-09-06,73,165,Anglo,dark,black,clean_shaven,R,2B,,0,,,53,48,82,52,51,51,59,53,52,51,,,,,,,,,,,,52,50,83,50,51,0,0,53,50,50,,,,,,,,,,,,False,,,0,,,,,,0,50,,speed
P1237,Colin,Suben,1989-06-21,73,178,Anglo,light,brown,mustache,R,SS,,0,,,61,50,69,51,50,49,56,51,51,49,,,,,,,,,,,,59,48,69,48,50,0,0,51,47,44,,,,,,,,,,,,False,,,0,,,,,,0,50,,spray
P7306,Micah,Reichmann,2000-03-09,70,185,Anglo,light,brown,clean_shaven,L,1B,,0,,,48,60,49,49,51,54,43,50,51,48,,,,,,,,,,,,53,67,61,58,51,0,0,50,61,57,,,,,,,,,,,,False,,,0,,,,,,0,50,,power
P5392,Abraham,Slane,2006-09-30,75,248,Anglo,light,blonde,beard,R,P,,1,RP,CL,,,,,55,,,,48,53,51,53,56,53,55,0,62,65,0,0,0,,,,,0,,,,63,66,66,75,66,68,68,0,74,94,0,0,0,False,,,0,,,,,,0,50,closer,
P7246,Nicholas,Taruer,2006-08-03,68,172,Anglo,medium,blonde,clean_shaven,R,P,,1,RP,RP,,,,,54,,,,48,51,52,50,53,51,49,0,0,64,61,0,0,,,,,0,,,,71,68,79,72,63,72,69,0,0,85,73,0,0,False,,,0,,,,,,0,50,groundball_rp,
P6579,Albert,Bertagnolli,2006-03-18,69,214,Anglo,light,brown,clean_shaven,R,P,,1,RP,RP,,,,,55,,,,51,52,51,50,52,52,52,57,0,67,63,0,0,,,,,0,,,,81,62,65,64,71,71,74,68,0,96,80,0,0,False,,,0,,,,,,0,50,groundball_rp,
P3869,Terrance,Sidi,2007-01-20,70,232,Anglo,light,blonde,goatee,L,P,,1,RP,RP,,,,,49,,,,50,51,49,50,52,52,50,57,60,67,0,0,0,,,,,0,,,,66,79,78,74,70,77,78,67,80,79,0,0,0,False,,,0,,,,,,0,50,finesse_rp,
P7453,Gregorio,Cadle,2007-02-27,69,214,Anglo,medium,brown,clean_shaven,R,P,,1,RP,SP,,,,,54,,,,52,53,50,51,52,49,52,61,63,62,57,0,0,,,,,0,,,,71,83,66,81,68,72,82,74,78,72,78,0,0,False,,,0,,,,,,0,50,groundball_sp,
P4524,Barton,Figuroa,2007-05-25,73,215,Anglo,light,blonde,clean_shaven,L,3B,,0,,,50,51,71,51,54,48,47,50,51,49,,,,,,,,,,,,70,80,98,70,54,0,0,50,69,61,,,,,,,,,,,,False,,,0,,,,,,0,50,,speed
P2676,Garland,Remaley,2007-07-07,78,181,Anglo,medium,red,clean_shaven,S,CF,,0,,,50,47,85,49,50,47,47,49,50,52,,,,,,,,,,,,80,64,99,79,50,0,0,49,66,73,,,,,,,,,,,,False,,,0,,,,,,0,50,,elite_speed
P5934,Anton,Wraight,2004-06-09,73,163,Anglo,medium,brown,beard,R,C,,0,,,53,51,47,49,52,51,57,50,51,49,,,,,,,,,,,,76,73,68,65,52,0,0,50,62,71,,,,,,,,,,,,False,,,0,,,,,,0,50,,average
P4294,Sam,Thamphia,2006-01-12,68,182,Anglo,dark,blonde,clean_shaven,R,2B,,0,,,55,49,70,54,49,52,56,53,52,52,,,,,,,,,,,,77,59,90,72,49,0,0,53,72,75,,,,,,,,,,,,False,,,0,,,,,,0,50,,speed
P1567,Russ,Tomlinson,2006-04-16,71,170,Anglo,light,red,clean_shaven,L,C,,0,,,54,51,53,53,52,51,50,52,50,52,,,,,,,,,,,,83,65,69,81,52,0,0,52,68,68,,,,,,,,,,,,False,,,0,,,,,,0,50,,balanced
P5586,Adan,Gradillas,2003-03-19,74,248,Anglo,medium,brown,goatee,L,P,,1,RP,CL,,,,,63,,,,49,54,50,50,53,49,56,60,0,66,0,0,0,,,,,71,,,,55,66,57,59,60,57,61,73,0,72,0,0,0,False,,,0,,,,,,0,50,closer,
P1531,Franklin,Harding,2001-06-11,77,185,Anglo,light,brown,mustache,L,P,,1,RP,SP,,,,,51,,,,49,51,51,50,54,50,52,0,62,62,0,0,0,,,,,0,,,,55,64,60,68,64,64,63,0,68,69,0,0,0,False,,,0,,,,,,0,50,balanced_sp,
P7548,Dwain,Heape,1990-06-20,78,177,Anglo,light,black,mustache,L,P,,1,RP,CL,,,,,51,,,,47,50,48,50,52,50,54,0,0,65,0,0,0,,,,,0,,,,43,43,43,43,46,48,54,0,0,65,0,0,0,False,,,0,,,,,,0,50,closer,
P9298,Gerald,Gangestad,2001-11-03,74,219,Anglo,light,black,beard,L,P,,1,RP,SP,,,,,49,,,,51,50,52,53,52,50,49,61,60,58,0,0,0,,,,,0,,,,58,55,67,63,63,59,58,70,72,67,0,0,0,False,,,0,,,,,,0,50,balanced_sp,
P8844,Domingo,Flaherty,1999-11-07,74,199,Anglo,medium,brown,beard,L,P,,1,RP,SP,,,,,51,,,,49,51,50,54,52,50,53,59,64,60,0,58,0,,,,,0,,,,57,59,68,67,55,64,65,74,72,75,0,67,0,False,,,0,,,,,,0,50,finesse_sp,
P4780,Salvador,Otomo,1989-05-02,75,246,Anglo,light,brown,clean_shaven,R,P,,1,RP,RP,,,,,56,,,,51,53,51,50,54,49,51,0,0,0,61,0,0,,,,,0,,,,50,49,50,46,43,39,42,0,0,0,55,0,0,False,,,0,,,,,,0,50,groundball_rp,
P6344,Stanford,Sanders,2004-02-23,78,213,Anglo,medium,blonde,clean_shaven,L,P,,1,RP,CL,,,,,49,,,,48,50,51,50,54,49,53,56,0,65,0,0,0,,,,,0,,,,57,59,62,62,64,56,65,65,0,74,0,0,0,False,,,0,,,,,,0,50,closer,
P9629,Fausto,Runions,1994-03-20,73,163,Anglo,light,black,clean_shaven,S,P,,1,RP,SP,,,,,50,,,,49,52,50,53,52,48,52,62,61,58,55,0,0,,,,,0,,,,52,57,58,48,55,50,55,63,66,56,53,0,0,False,,,0,,,,,,0,50,workhorse_sp,
P2040,Ike,Skyers,1988-10-13,77,211,Anglo,medium,red,clean_shaven,S,P,,1,RP,RP,,,,,56,,,,50,51,49,50,53,53,52,0,0,65,60,0,0,,,,,0,,,,45,44,50,45,39,53,42,0,0,65,57,0,0,False,,,0,,,,,,0,50,groundball_rp,
P3654,Arnoldo,Finister,1999-07-22,77,231,Anglo,dark,black,clean_shaven,R,P,,1,RP,SP,,,,,51,,,,50,50,51,50,54,52,51,0,0,58,59,0,0,,,,,0,,,,61,57,57,63,58,63,63,0,0,64,74,0,0,False,,,0,,,,,,0,50,groundball_sp,
P3508,Rayford,Hotelling,1995-06-27,70,211,Anglo,light,black,clean_shaven,L,P,,1,RP,SP,,,,,50,,,,52,49,53,52,54,49,53,62,62,0,57,0,0,,,,,0,,,,53,46,53,51,50,48,57,60,62,0,55,0,0,False,,,0,,,,,,0,50,finesse_sp,
P4240,Nigel,Bielecki,1988-12-09,69,248,Anglo,medium,black,clean_shaven,S,C,,0,,,52,63,52,51,48,54,54,52,52,49,,,,,,,,,,,,44,62,49,44,48,0,0,52,43,44,,,,,,,,,,,,False,,,0,,,,,,0,50,,power
P4420,Luther,Weirauch,1995-01-01,78,210,Anglo,light,black,clean_shaven,L,1B,,0,,,60,66,52,50,52,49,44,49,52,49,,,,,,,,,,,,57,66,49,55,52,0,0,49,49,53,,,,,,,,,,,,False,,,0,,,,,,0,50,,gap
P3863,Asa,Marchell,2005-01-27,78,183,Anglo,light,brown,clean_shaven,R,2B,,0,,,50,49,70,52,50,51,60,51,52,50,,,,,,,,,,,,79,64,80,75,50,0,0,51,68,76,,,,,,,,,,,,False,,,0,,,,,,0,50,,speed
P4092,Donny,Cassity,1995-10-09,70,220,Anglo,light,black,clean_shaven,R,3B,,0,,,62,50,52,52,52,48,55,52,49,48,,,,,,,,,,,,63,55,47,52,52,0,0,52,44,45,,,,,,,,,,,,False,,,0,,,,,,0,50,,spray
P3745,Terrell,Michniak,1999-04-01,70,240,Anglo,light,black,clean_shaven,R,SS,,0,,,59,48,49,52,52,50,60,51,51,52,,,,,,,,,,,,64,55,54,63,52,0,0,51,64,57,,,,,,,,,,,,False,,,0,,,,,,0,50,,spray
P1529,Salvatore,Jaeschke,1995-04-08,70,234,Anglo,light,blonde,clean_shaven,S,LF,,0,,,49,64,52,51,51,51,51,49,52,50,,,,,,,,,,,,49,69,52,53,51,0,0,49,50,53,,,,,,,,,,,,False,,,0,,,,,,0,50,,power
P2647,Thanh,Wellen,2004-12-19,74,237,Anglo,light,blonde,clean_shaven,L,CF,,0,,,48,49,51,49,52,54,47,50,52,49,,,,,,,,,,,,78,79,80,66,52,0,0,50,66,62,,,,,,,,,,,,False,,,0,,,,,,0,50,,average
P4600,Gail,Vickery,1999-03-18,75,169,Anglo,medium,brown,beard,S,RF,,0,,,54,50,70,52,54,51,51,49,52,50,,,,,,,,,,,,59,61,84,60,54,0,0,49,58,64,,,,,,,,,,,,False,,,0,,,,,,0,50,,speed
P3447,Felipe,Goodwater,1987-08-28,77,166,Anglo,light,blonde,clean_shaven,R,CF,,0,,,50,48,85,50,51,49,57,50,50,50,,,,,,,,,,,,40,41,83,44,51,0,0,50,47,43,,,,,,,,,,,,False,,,0,,,,,,0,50,,elite_speed
P3786,Emerson,Mcgraff,1996-02-18,78,173,Anglo,light,blonde,clean_shaven,R,RF,,0,,,51,53,49,49,52,50,54,51,49,52,,,,,,,,,,,,56,51,50,48,52,0,0,51,45,52,,,,,,,,,,,,False,,,0,,,,,,0,50,,balanced
P8018,Anderson,Wieben,1993-06-22,68,183,Anglo,light,black,clean_shaven,R,SS,,0,,,61,51,68,57,51,49,56,50,50,48,,,,,,,,,,,,57,44,61,57,51,0,0,50,41,42,,,,,,,,,,,,False,,,0,,,,,,0,50,,spray
P5441,Santiago,Dusky,1997-11-12,69,221,Anglo,light,blonde,clean_shaven,R,C,,0,,,49,51,87,52,53,52,57,49,51,49,,,,,,,,,,,,51,48,85,51,53,0,0,49,52,51,,,,,,,,,,,,False,,,0,,,,,,0,50,,elite_speed
P3444,Omar,Surina,1994-08-23,74,162,Anglo,light,black,mustache,R,C,,0,,,63,51,54,52,50,46,55,49,48,53,,,,,,,,,,,,64,56,56,50,50,0,0,49,44,52,,,,,,,,,,,,False,,,0,,,,,,0,50,,spray
P1074,Mose,Hadson,1999-06-13,72,247,Anglo,light,red,goatee,R,CF,,0,,,69,65,50,52,48,50,50,53,47,50,,,,,,,,,,,,79,71,55,60,48,0,0,53,56,58,,,,,,,,,,,,False,,,0,,,,,,0,50,,gap
P7028,Ira,Chomka,1997-09-15,68,226,Anglo,medium,blonde,clean_shaven,L,P,,1,RP,CL,,,,,55,,,,49,53,50,50,52,49,53,58,60,65,0,0,0,,,,,0,,,,53,54,55,57,51,51,52,55,64,61,0,0,0,False,,,0,,,,,,0,50,closer,
P6201,Don,Leaks,1997-01-01,75,187,Anglo,light,black,beard,L,P,,1,RP,RP,,,,,49,,,,49,49,49,50,52,53,53,57,59,0,61,0,0,,,,,0,,,,47,52,47,49,52,51,51,57,64,0,56,0,0,False,,,0,,,,,,0,50,finesse_rp,
P8360,David,Tuten,1994-01-11,74,181,Anglo,light,black,beard,S,P,,1,RP,RP,,,,,53,,,,50,52,47,50,54,48,54,0,0,66,0,0,0,,,,,0,,,,49,50,46,49,44,45,47,0,0,65,0,0,0,False,,,0,,,,,,0,50,power_rp,
P7818,Luke,Glessner,1989-11-08,77,248,Anglo,light,brown,beard,L,P,,1,RP,SP,,,,,51,,,,50,53,52,52,54,51,52,60,0,61,58,0,0,,,,,0,,,,47,49,43,44,51,51,48,57,0,52,56,0,0,False,,,0,,,,,,0,50,groundball_sp,
P3945,Brad,Camire,1990-10-26,76,192,Anglo,medium,red,clean_shaven,R,P,,1,RP,LR,,,,,49,,,,52,49,50,50,52,49,51,60,62,64,0,0,0,,,,,0,,,,52,49,50,51,41,46,45,50,54,58,0,0,0,False,,,0,,,,,,0,50,long_relief,
P4146,Shane,Polselli,1996-08-07,78,208,Anglo,light,black,beard,R,P,,1,RP,SP,,,,,49,,,,51,54,53,53,53,50,51,58,62,62,0,55,0,,,,,0,,,,46,58,53,52,56,48,51,56,60,60,0,56,0,False,,,0,,,,,,0,50,power_sp,
P7765,Florencio,Gizinski,2000-02-21,75,206,Anglo,dark,brown,beard,R,P,,1,RP,RP,,,,,53,,,,52,52,52,52,52,53,52,0,62,67,0,0,0,,,,,0,,,,57,62,66,63,67,61,64,0,69,73,0,0,0,False,,,0,,,,,,0,50,power_rp,
P8353,Hal,Chauncey,1993-10-30,77,220,Anglo,dark,brown,beard,L,RF,,0,,,50,50,50,51,50,50,43,49,51,49,,,,,,,,,,,,40,49,49,49,50,0,0,49,51,49,,,,,,,,,,,,False,,,0,,,,,,0,50,,balanced
P6955,Alberto,Viscome,1996-08-12,71,192,Anglo,light,brown,clean_shaven,L,RF,,0,,,52,53,49,51,49,52,48,50,48,49,,,,,,,,,,,,47,55,48,51,49,0,0,50,43,50,,,,,,,,,,,,False,,,0,,,,,,0,50,,balanced
P4050,Erin,Tencer,1996-01-20,72,231,Anglo,light,brown,clean_shaven,R,SS,,0,,,51,50,50,49,50,49,58,52,48,47,,,,,,,,,,,,48,48,51,50,50,0,0,52,53,51,,,,,,,,,,,,False,,,0,,,,,,0,50,,gap
P3054,Parker,Overdorf,2002-04-05,76,243,Anglo,light,black,mustache,R,C,,0,,,53,63,48,50,50,51,58,51,52,51,,,,,,,,,,,,67,69,63,59,50,0,0,51,59,62,,,,,,,,,,,,False,,,0,,,,,,0,50,,power
P5565,Delbert,Wilner,1992-10-20,69,213,Anglo,light,brown,beard,R,1B,,0,,,51,64,50,49,47,49,57,49,51,49,,,,,,,,,,,,50,54,42,47,47,0,0,49,50,47,,,,,,,,,,,,False,,,0,,,,,,0,50,,power
P4696,Newton,Schuetz,1988-12-29,68,242,Anglo,dark,blonde,clean_shaven,R,C,,0,,,49,52,51,50,52,49,56,50,50,52,,,,,,,,,,,,42,49,51,48,52,0,0,50,50,50,,,,,,,,,,,,False,,,0,,,,,,0,50,,balanced
P4659,Abel,Bernhagen,1991-06-14,71,227,Anglo,light,brown,goatee,R,LF,,0,,,56,58,49,49,49,52,55,52,52,49,,,,,,,,,,,,46,49,48,39,49,0,0,52,42,47,,,,,,,,,,,,False,,,0,,,,,,0,50,,gap
P1273,Jefferson,Constante,1994-07-08,68,246,Anglo,medium,brown,clean_shaven,L,RF,,0,,,51,51,52,52,49,52,44,52,47,51,,,,,,,,,,,,51,54,56,55,49,0,0,52,47,51,,,,,,,,,,,,False,,,0,,,,,,0,50,,average
P2043,Jude,Scharf,2006-03-25,74,236,Anglo,light,brown,clean_shaven,S,P,,1,RP,CL,,,,,55,,,,50,53,48,52,54,51,52,0,0,67,0,0,0,,,,,0,,,,78,72,71,74,74,81,77,0,0,93,0,0,0,False,,,0,,,,,,0,50,closer,
P6549,Jarrett,Faulkner,2005-12-08,74,191,Anglo,dark,red,goatee,R,P,,1,RP,RP,,,,,50,,,,49,54,52,51,54,52,56,56,62,66,0,0,0,,,,,0,,,,66,81,73,73,80,79,74,66,92,88,0,0,0,False,,,0,,,,,,0,50,power_rp,
P1261,Reinaldo,Pilgreen,2006-02-26,74,176,Anglo,light,brown,mustache,R,P,,1,RP,SP,,,,,48,,,,52,49,53,52,54,50,52,60,60,0,0,0,0,,,,,0,,,,80,70,71,71,82,73,63,72,78,0,0,0,0,False,,,0,,,,,,0,50,finesse_sp,
P3735,Lynn,Orrego,2005-11-29,75,172,Anglo,medium,brown,clean_shaven,R,P,,1,RP,LR,,,,,50,,,,50,53,50,52,52,52,52,60,63,0,0,0,0,,,,,0,,,,80,72,68,82,71,72,66,74,93,0,0,0,0,False,,,0,,,,,,0,50,long_relief,
P3150,Chauncey,Wyles,2006-01-03,68,175,Anglo,dark,brown,clean_shaven,R,P,,1,RP,SP,,,,,48,,,,50,51,54,50,53,50,52,62,61,59,0,55,0,,,,,0,,,,63,79,76,74,65,63,73,88,76,83,0,77,0,False,,,0,,,,,,0,50,power_sp,
P3232,Scot,Mccarter,2006-08-22,69,198,Anglo,light,brown,clean_shaven,L,CF,,0,,,48,51,51,48,51,50,47,52,52,52,,,,,,,,,,,,58,74,70,61,51,0,0,52,65,75,,,,,,,,,,,,False,,,0,,,,,,0,50,,balanced
P8535,Jerald,Shaklee,2007-06-13,70,234,Anglo,light,red,clean_shaven,L,LF,,0,,,50,51,50,51,52,49,48,48,50,49,,,,,,,,,,,,63,69,76,73,52,0,0,48,75,61,,,,,,,,,,,,False,,,0,,,,,,0,50,,average
P6764,Guadalupe,Brickel,2007-03-14,78,242,Anglo,light,brown,clean_shaven,R,LF,,0,,,62,51,50,50,50,51,58,50,51,52,,,,,,,,,,,,76,75,72,68,50,0,0,50,79,74,,,,,,,,,,,,False,,,0,,,,,,0,50,,spray
P5992,Agustin,Barillaro,2006-05-15,72,227,Anglo,light,blonde,clean_shaven,R,RF,1B,0,,,52,54,51,51,49,53,57,49,52,49,,,,,,,,,,,,74,65,79,74,49,0,0,49,79,70,,,,,,,,,,,,False,,,0,,,,,,0,50,,average
P7499,Lanny,Sonkin,2006-05-28,70,183,Anglo,light,black,mustache,L,1B,,0,,,52,58,50,53,52,50,45,50,52,51,,,,,,,,,,,,79,68,73,80,52,0,0,50,74,70,,,,,,,,,,,,False,,,0,,,,,,0,50,,balanced
P2775,John,Doe,2002-08-13,69,193,Unknown,medium,brown,beard,L,P,,1,RP,CL,,,,,55,,,,52,52,48,50,53,51,54,59,62,65,0,0,0,,,,,0,,,,57,64,57,59,63,65,64,72,74,72,0,0,0,False,,,0,,,,,,0,50,closer,
P5685,John,Doe,2001-03-30,73,243,Unknown,medium,black,clean_shaven,R,P,,1,RP,SP,,,,,51,,,,52,49,51,53,52,51,49,61,60,0,54,57,0,,,,,0,,,,60,60,65,63,60,61,56,71,66,0,59,66,0,False,,,0,,,,,,0,50,finesse_sp,
P3605,John,Doe,1990-01-09,75,191,Unknown,light,brown,beard,L,P,,1,RP,SP,,,,,49,,,,49,52,52,51,54,53,52,59,63,59,0,0,0,,,,,0,,,,49,42,47,52,47,50,52,59,53,51,0,0,0,False,,,0,,,,,,0,50,finesse_sp,
P1331,John,Doe,1987-05-31,69,202,Unknown,dark,brown,mustache,S,P,,1,RP,RP,,,,,49,,,,49,51,51,51,52,50,54,0,63,64,0,0,0,,,,,0,,,,47,45,47,43,50,50,44,0,55,58,0,0,0,False,,,0,,,,,,0,50,power_rp,
P8397,John,Doe,1998-09-11,73,239,Unknown,light,brown,mustache,L,P,,1,RP,RP,,,,,48,,,,52,52,50,50,52,53,55,0,63,65,58,0,0,,,,,0,,,,67,64,64,64,65,58,64,0,73,71,68,0,0,False,,,0,,,,,,0,50,power_rp,
P7098,John,Doe,1992-03-22,72,208,Unknown,dark,brown,clean_shaven,L,P,,1,RP,SP,,,,,49,,,,52,50,53,50,53,52,50,0,61,59,0,0,0,,,,,0,,,,52,45,41,47,53,43,42,0,56,59,0,0,0,False,,,0,,,,,,0,50,power_sp,
P2059,John,Doe,1999-09-11,71,198,Unknown,dark,black,clean_shaven,R,P,,1,RP,RP,,,,,48,,,,51,50,53,50,52,49,55,0,63,66,0,0,0,,,,,0,,,,60,59,56,58,65,56,64,0,68,77,0,0,0,False,,,0,,,,,,0,50,power_rp,
P5230,John,Doe,1997-12-27,73,169,Unknown,dark,black,clean_shaven,R,P,,1,RP,SP,,,,,48,,,,51,50,53,51,52,52,49,61,61,0,0,0,0,,,,,0,,,,54,51,56,55,53,53,47,65,58,0,0,0,0,False,,,0,,,,,,0,50,finesse_sp,
P6003,John,Doe,1989-11-13,78,181,Unknown,light,black,clean_shaven,R,P,,1,RP,SP,,,,,49,,,,49,49,50,52,53,53,49,60,63,0,0,0,0,,,,,0,,,,45,46,50,46,44,51,44,51,63,0,0,0,0,False,,,0,,,,,,0,50,finesse_sp,
P4121,John,Doe,1996-06-03,71,187,Unknown,dark,brown,goatee,R,P,,1,RP,RP,,,,,50,,,,49,52,51,50,52,50,51,57,62,0,0,0,0,,,,,0,,,,50,52,52,47,46,49,50,54,65,0,0,0,0,False,,,0,,,,,,0,50,finesse_rp,
P2101,John,Doe,1987-07-18,68,243,Unknown,medium,blonde,goatee,L,P,,1,RP,SP,,,,,52,,,,52,48,50,52,54,52,49,59,60,58,58,0,0,,,,,0,,,,44,46,52,53,43,47,47,59,50,48,49,0,0,False,,,0,,,,,,0,50,groundball_sp,
P8230,John,Doe,2002-12-29,68,160,Unknown,dark,black,beard,R,C,,0,,,62,51,51,52,51,50,57,49,53,51,,,,,,,,,,,,69,64,57,66,51,0,0,49,67,66,,,,,,,,,,,,False,,,0,,,,,,0,50,,spray
P5463,John,Doe,1996-10-31,71,172,Unknown,medium,blonde,beard,L,1B,,0,,,69,55,50,50,49,47,44,52,51,50,,,,,,,,,,,,65,51,49,48,49,0,0,52,55,55,,,,,,,,,,,,False,,,0,,,,,,0,50,,spray
P7523,John,Doe,1988-07-27,70,163,Unknown,medium,black,clean_shaven,L,2B,,0,,,55,52,49,53,51,50,49,52,48,49,,,,,,,,,,,,53,43,47,51,51,0,0,52,42,40,,,,,,,,,,,,False,,,0,,,,,,0,50,,gap
P1230,John,Doe,1993-03-24,78,190,Unknown,medium,brown,beard,R,3B,,0,,,58,51,52,52,52,48,57,53,49,48,,,,,,,,,,,,57,43,46,50,52,0,0,53,39,41,,,,,,,,,,,,False,,,0,,,,,,0,50,,spray
P7647,John,Doe,1997-09-01,69,177,Unknown,dark,brown,clean_shaven,R,SS,,0,,,51,49,86,52,51,49,55,53,49,51,,,,,,,,,,,,49,44,88,50,51,0,0,53,46,49,,,,,,,,,,,,False,,,0,,,,,,0,50,,speed
P2006,John,Doe,1990-03-28,78,167,Unknown,dark,brown,clean_shaven,R,LF,P,0,,,59,50,49,53,49,50,54,0,49,53,,,,,,,,,,,,56,44,41,45,49,0,0,0,41,52,,,,,,,,,,,,False,,,0,,,,,,0,50,,spray
P9453,John,Doe,1987-09-08,68,228,Unknown,dark,black,beard,R,CF,,0,,,51,51,50,50,51,52,58,49,52,52,,,,,,,,,,,,41,48,40,49,51,0,0,49,52,50,,,,,,,,,,,,False,,,0,,,,,,0,50,,balanced
P9705,John,Doe,2004-11-04,72,197,Unknown,dark,black,clean_shaven,R,RF,,0,,,51,51,72,52,51,52,58,48,48,49,,,,,,,,,,,,75,62,92,74,51,0,0,48,62,64,,,,,,,,,,,,False,,,0,,,,,,0,50,,speed
P1087,John,Doe,1993-01-27,75,230,Unknown,light,black,mustache,R,LF,,0,,,59,52,51,54,52,49,57,51,50,53,,,,,,,,,,,,53,49,51,45,52,0,0,51,43,48,,,,,,,,,,,,False,,,0,,,,,,0,50,,spray
P7331,John,Doe,1988-10-16,71,191,Unknown,dark,brown,clean_shaven,L,2B,,0,,,58,50,49,57,52,51,49,50,51,49,,,,,,,,,,,,51,42,47,54,52,0,0,50,46,48,,,,,,,,,,,,False,,,0,,,,,,0,50,,spray
P8135,John,Doe,1996-08-09,73,218,Unknown,light,brown,clean_shaven,L,RF,,0,,,55,49,48,51,49,47,48,49,50,49,,,,,,,,,,,,54,52,48,46,49,0,0,49,45,50,,,,,,,,,,,,False,,,0,,,,,,0,50,,spray
P3361,John,Doe,1998-06-06,69,249,Unknown,light,brown,beard,L,LF,,0,,,50,59,49,51,50,54,50,50,52,49,,,,,,,,,,,,64,72,57,64,50,0,0,50,67,64,,,,,,,,,,,,False,,,0,,,,,,0,50,,power
P2144,John,Doe,2000-04-04,70,201,Unknown,light,black,clean_shaven,R,RF,,0,,,51,52,50,52,48,52,51,51,52,49,,,,,,,,,,,,62,61,64,62,48,0,0,51,57,64,,,,,,,,,,,,False,,,0,,,,,,0,50,,gap
P8423,John,Doe,1988-09-02,73,249,Unknown,light,brown,beard,R,2B,3B,0,,,53,51,49,52,51,52,59,50,49,51,,,,,,,,,,,,48,49,40,43,51,0,0,50,45,42,,,,,,,,,,,,False,,,0,,,,,,0,50,,balanced
P8464,John,Doe,1996-02-08,71,164,Unknown,light,red,clean_shaven,R,P,,1,RP,CL,,,,,55,,,,50,51,49,51,52,50,55,57,61,65,0,0,0,,,,,0,,,,47,47,54,48,50,49,52,55,57,65,0,0,0,False,,,0,,,,,,0,50,closer,
P8300,John,Doe,2001-04-11,75,187,Unknown,dark,brown,clean_shaven,S,P,,1,RP,SP,,,,,53,,,,48,52,53,50,52,50,50,62,0,0,61,0,0,,,,,0,,,,55,62,56,67,62,56,64,75,0,0,68,0,0,False,,,0,,,,,,0,50,groundball_sp,
P4948,John,Doe,1995-04-02,71,226,Unknown,light,brown,clean_shaven,R,P,,1,RP,RP,,,,,50,,,,48,52,50,50,52,49,52,59,58,0,59,0,0,,,,,0,,,,43,52,49,54,51,49,51,58,60,0,62,0,0,False,,,0,,,,,,0,50,finesse_rp,
P5614,John,Doe,2003-12-17,68,247,Unknown,medium,brown,clean_shaven,R,P,,1,RP,SP,,,,,48,,,,48,51,50,54,54,53,52,60,62,62,0,0,0,,,,,0,,,,62,62,64,69,63,63,64,70,73,73,0,0,0,False,,,0,,,,,,0,50,finesse_sp,
P2420,John,Doe,1995-09-25,69,236,Unknown,medium,brown,clean_shaven,R,P,,1,RP,SP,,,,,51,,,,48,49,51,52,52,53,51,60,0,59,0,0,0,,,,,0,,,,51,49,55,52,48,53,56,62,0,55,0,0,0,False,,,0,,,,,,0,50,balanced_sp,
P9535,John,Doe,2003-06-06,70,224,Unknown,dark,brown,clean_shaven,L,P,,1,RP,SP,,,,,50,,,,50,52,50,50,52,51,51,0,61,62,0,0,0,,,,,0,,,,55,64,65,64,64,64,61,0,67,77,0,0,0,False,,,0,,,,,,0,50,workhorse_sp,
P1520,John,Doe,1997-04-07,74,203,Unknown,dark,black,clean_shaven,R,P,,1,RP,RP,,,,,51,,,,52,50,50,53,53,51,52,57,61,0,0,0,0,,,,,0,,,,57,53,52,58,55,50,52,57,66,0,0,0,0,False,,,0,,,,,,0,50,finesse_rp,
P9841,John,Doe,2004-08-04,68,190,Unknown,dark,blonde,clean_shaven,L,SS,,0,,,48,51,52,48,51,52,51,52,51,53,,,,,,,,,,,,70,67,71,71,51,0,0,52,70,63,,,,,,,,,,,,False,,,0,,,,,,0,50,,balanced
P2159,John,Doe,1994-11-10,73,207,Unknown,dark,brown,clean_shaven,R,CF,,0,,,50,50,51,51,53,51,54,51,48,49,,,,,,,,,,,,47,48,56,51,53,0,0,51,53,54,,,,,,,,,,,,False,,,0,,,,,,0,50,,average
P5000,John,Doe,2003-09-05,77,165,Unknown,medium,black,clean_shaven,R,2B,,0,,,57,50,52,54,52,50,56,51,50,52,,,,,,,,,,,,65,64,66,65,52,0,0,51,63,59,,,,,,,,,,,,False,,,0,,,,,,0,50,,balanced
P3565,John,Doe,1989-08-07,76,206,Unknown,medium,brown,clean_shaven,R,SS,,0,,,57,59,51,54,52,51,57,52,50,51,,,,,,,,,,,,55,56,43,44,52,0,0,52,44,51,,,,,,,,,,,,False,,,0,,,,,,0,50,,gap
P2522,John,Doe,1999-02-09,75,189,Unknown,medium,brown,clean_shaven,R,3B,,0,,,49,53,49,52,51,50,57,50,49,48,,,,,,,,,,,,57,68,64,66,51,0,0,50,58,60,,,,,,,,,,,,False,,,0,,,,,,0,50,,balanced
P9354,John,Doe,1999-09-04,72,203,Unknown,light,blonde,clean_shaven,R,RF,,0,,,52,57,52,53,48,48,57,49,51,49,,,,,,,,,,,,58,67,64,63,48,0,0,49,62,63,,,,,,,,,,,,False,,,0,,,,,,0,50,,gap
P5295,John,Doe,2000-03-29,78,196,Unknown,medium,brown,clean_shaven,L,CF,,0,,,50,53,53,52,53,48,46,49,52,52,,,,,,,,,,,,63,59,65,60,53,0,0,49,59,59,,,,,,,,,,,,False,,,0,,,,,,0,50,,gap
P6810,John,Doe,1987-11-17,72,227,Unknown,light,brown,beard,S,2B,,0,,,51,50,83,51,50,50,51,49,52,52,,,,,,,,,,,,42,48,82,42,50,0,0,49,43,42,,,,,,,,,,,,False,,,0,,,,,,0,50,,speed
P3107,John,Doe,2004-10-09,73,211,Unknown,medium,brown,clean_shaven,R,P,,1,RP,CL,,,,,55,,,,49,52,51,52,52,49,52,60,60,65,0,0,0,,,,,0,,,,70,75,81,63,64,76,62,90,76,87,0,0,0,False,,,0,,,,,,0,50,closer,
P5887,John,Doe,2005-09-08,71,175,Unknown,dark,black,clean_shaven,R,P,,1,RP,SP,,,,,50,,,,49,49,51,53,54,51,54,60,61,59,0,55,0,,,,,0,,,,68,70,78,76,77,62,82,73,72,84,0,75,0,False,,,0,,,,,,0,50,balanced_sp,
P2285,John,Doe,2004-12-25,76,197,Unknown,light,black,clean_shaven,R,P,,1,RP,RP,,,,,49,,,,49,52,49,52,53,49,52,0,61,64,0,0,0,,,,,0,,,,60,72,67,65,66,60,67,0,86,77,0,0,0,False,,,0,,,,,,0,50,power_rp,
P4674,John,Doe,2007-11-27,72,184,Unknown,medium,black,clean_shaven,R,P,,1,RP,CL,,,,,53,,,,48,50,48,50,53,51,51,56,59,65,0,0,0,,,,,0,,,,67,65,62,76,62,66,70,69,77,83,0,0,0,False,,,0,,,,,,0,50,closer,
P5252,John,Doe,2005-08-06,77,192,Unknown,dark,brown,clean_shaven,R,P,,1,RP,SP,,,,,49,,,,50,50,50,52,52,49,52,0,62,59,0,56,0,,,,,0,,,,69,61,66,74,77,76,77,0,74,89,0,77,0,False,,,0,,,,,,0,50,power_sp,
P6762,John,Doe,2005-12-07,68,227,Unknown,light,brown,clean_shaven,R,C,,0,,,49,52,51,51,48,52,58,51,49,53,,,,,,,,,,,,78,79,78,80,48,0,0,51,62,81,,,,,,,,,,,,False,,,0,,,,,,0,50,,balanced
P2312,John,Doe,2004-11-04,73,180,Unknown,dark,black,goatee,S,C,,0,,,52,53,50,52,53,50,51,49,51,51,,,,,,,,,,,,66,73,77,76,53,0,0,49,68,64,,,,,,,,,,,,False,,,0,,,,,,0,50,,average
P3668,John,Doe,2004-08-16,68,236,Unknown,medium,brown,clean_shaven,R,SS,,0,,,52,51,54,51,49,48,62,51,51,52,,,,,,,,,,,,65,62,82,76,49,0,0,51,63,69,,,,,,,,,,,,False,,,0,,,,,,0,50,,balanced
P3290,John,Doe,2007-12-30,69,208,Unknown,dark,brown,clean_shaven,R,1B,,0,,,60,64,50,50,49,49,53,53,50,52,,,,,,,,,,,,72,77,66,65,49,0,0,53,63,77,,,,,,,,,,,,False,,,0,,,,,,0,50,,gap
P7778,John,Doe,2006-10-07,72,227,Unknown,medium,blonde,clean_shaven,L,RF,,0,,,49,61,48,51,49,51,47,52,51,50,,,,,,,,,,,,74,84,74,71,49,0,0,52,78,66,,,,,,,,,,,,False,,,0,,,,,,0,50,,power
P5411,John,Doe,1987-12-13,73,228,Unknown,medium,brown,mustache,S,P,,1,RP,CL,,,,,55,,,,48,54,51,50,52,50,53,0,60,65,0,0,0,,,,,0,,,,47,54,50,46,47,50,50,0,57,55,0,0,0,False,,,0,,,,,,0,50,closer,
P3860,John,Doe,1990-09-28,70,236,Unknown,medium,brown,clean_shaven,R,P,,1,RP,RP,,,,,53,,,,49,54,50,51,53,49,54,0,62,63,0,0,0,,,,,0,,,,48,48,50,51,41,49,44,0,57,63,0,0,0,False,,,0,,,,,,0,50,power_rp,
P7395,John,Doe,2004-02-15,71,213,Unknown,light,blonde,clean_shaven,R,P,,1,RP,SP,,,,,52,,,,52,51,52,50,52,50,52,58,60,58,0,54,0,,,,,0,,,,65,56,59,57,59,55,59,70,70,73,0,67,0,False,,,0,,,,,,0,50,workhorse_sp,
P4364,John,Doe,1998-03-24,69,218,Unknown,dark,brown,clean_shaven,R,P,,1,RP,RP,,,,,57,,,,51,50,51,52,52,51,54,60,60,0,60,0,0,,,,,0,,,,59,60,60,62,62,61,68,68,75,0,67,0,0,False,,,0,,,,,,0,50,groundball_rp,
P1458,John,Doe,1992-01-16,78,217,Unknown,dark,brown,clean_shaven,R,P,,1,RP,SP,,,,,49,,,,51,51,52,50,52,48,52,58,60,59,0,57,0,,,,,0,,,,41,47,40,49,51,47,50,57,56,55,0,57,0,False,,,0,,,,,,0,50,balanced_sp,
P1648,John,Doe,2000-10-26,71,247,Unknown,medium,brown,clean_shaven,R,P,,1,RP,CL,,,,,49,,,,50,52,47,52,54,48,51,57,0,67,0,0,0,,,,,0,,,,57,65,65,61,56,54,62,68,0,76,0,0,0,False,,,0,,,,,,0,50,closer,
P2446,John,Doe,1994-10-27,78,222,Unknown,dark,black,clean_shaven,R,P,,1,RP,CL,,,,,52,,,,49,53,49,51,54,53,55,58,0,65,0,0,0,,,,,0,,,,44,52,53,55,45,58,51,58,0,68,0,0,0,False,,,0,,,,,,0,50,closer,
P9115,John,Doe,2002-11-13,70,171,Unknown,light,black,clean_shaven,R,P,,1,RP,SP,,,,,49,,,,48,53,52,53,52,52,49,58,0,63,0,0,0,,,,,0,,,,63,66,68,66,59,60,64,66,0,71,0,0,0,False,,,0,,,,,,0,50,balanced_sp,
P7830,John,Doe,1987-05-05,68,213,Unknown,light,brown,goatee,L,P,1B,1,RP,SP,,,,,50,,,,51,49,52,53,52,52,52,60,61,58,57,0,0,,,,,0,,,,43,46,52,48,49,45,50,51,54,49,53,0,0,False,,,0,,,,,,0,50,power_sp,
P1738,John,Doe,1993-08-26,73,186,Unknown,medium,brown,clean_shaven,L,P,,1,RP,RP,,,,,52,,,,50,50,50,50,52,51,53,0,60,67,0,0,0,,,,,0,,,,48,40,42,45,41,46,44,0,54,62,0,0,0,False,,,0,,,,,,0,50,power_rp,
P1507,John,Doe,2003-03-07,75,179,Unknown,light,brown,goatee,R,P,,1,RP,LR,,,,,52,,,,52,48,49,51,52,51,53,0,0,65,0,0,0,,,,,0,,,,57,58,60,63,64,65,58,0,0,79,0,0,0,False,,,0,,,,,,0,50,long_relief,
P9757,John,Doe,2004-08-31,75,181,Unknown,dark,brown,clean_shaven,L,C,,0,,,53,54,52,52,50,53,52,52,51,50,,,,,,,,,,,,63,76,64,72,50,0,0,52,61,60,,,,,,,,,,,,False,,,0,,,,,,0,50,,balanced
P8398,John,Doe,1990-04-16,75,164,Unknown,medium,brown,mustache,R,1B,,0,,,48,61,49,49,50,52,54,52,53,52,,,,,,,,,,,,48,58,39,48,50,0,0,52,45,43,,,,,,,,,,,,False,,,0,,,,,,0,50,,power
P6308,John,Doe,2000-12-19,74,247,Unknown,light,blonde,clean_shaven,L,2B,,0,,,56,51,48,54,51,49,47,49,51,51,,,,,,,,,,,,64,59,53,59,51,0,0,49,65,60,,,,,,,,,,,,False,,,0,,,,,,0,50,,gap
P6316,John,Doe,2003-05-28,70,161,Unknown,medium,brown,clean_shaven,S,3B,,0,,,51,48,85,52,50,49,55,51,50,53,,,,,,,,,,,,64,57,98,59,50,0,0,51,64,66,,,,,,,,,,,,False,,,0,,,,,,0,50,,elite_speed
P1890,John,Doe,2002-02-23,69,223,Unknown,light,black,clean_shaven,L,SS,,0,,,50,53,51,51,51,52,50,50,50,50,,,,,,,,,,,,61,59,60,58,51,0,0,50,55,58,,,,,,,,,,,,False,,,0,,,,,,0,50,,balanced
P7972,John,Doe,2003-11-05,72,202,Unknown,medium,black,clean_shaven,R,LF,,0,,,52,52,49,50,48,52,57,53,49,48,,,,,,,,,,,,66,66,59,63,48,0,0,53,59,55,,,,,,,,,,,,False,,,0,,,,,,0,50,,balanced
P1483,John,Doe,1993-12-22,70,198,Unknown,medium,brown,clean_shaven,L,CF,,0,,,53,53,53,52,50,48,46,51,47,49,,,,,,,,,,,,53,52,49,48,50,0,0,51,38,42,,,,,,,,,,,,False,,,0,,,,,,0,50,,gap
P9037,John,Doe,1995-02-27,70,231,Unknown,medium,red,clean_shaven,R,RF,,0,,,51,51,48,50,49,50,58,49,51,49,,,,,,,,,,,,48,48,45,48,49,0,0,49,56,45,,,,,,,,,,,,False,,,0,,,,,,0,50,,average
P9846,John,Doe,1999-12-17,78,239,Unknown,medium,black,clean_shaven,R,CF,,0,,,49,51,49,49,53,52,57,50,50,50,,,,,,,,,,,,57,64,58,55,53,0,0,50,65,59,,,,,,,,,,,,False,,,0,,,,,,0,50,,balanced
P9057,John,Doe,1997-12-27,70,248,Unknown,light,brown,clean_shaven,R,RF,,0,,,54,58,52,51,51,50,54,48,51,49,,,,,,,,,,,,55,55,51,49,51,0,0,48,51,44,,,,,,,,,,,,False,,,0,,,,,,0,50,,gap
P9276,John,Doe,1991-07-24,77,244,Unknown,dark,black,clean_shaven,R,SS,,0,,,63,51,52,54,53,50,59,48,49,50,,,,,,,,,,,,55,46,45,44,53,0,0,48,49,42,,,,,,,,,,,,False,,,0,,,,,,0,50,,spray
P9500,John,Doe,1995-11-17,72,242,Unknown,medium,brown,beard,L,SS,2B,0,,,56,49,53,55,54,51,47,53,49,51,,,,,,,,,,,,60,47,56,54,54,0,0,53,49,46,,,,,,,,,,,,False,,,0,,,,,,0,50,,spray
P5504,John,Doe,1990-06-20,76,211,Unknown,medium,brown,goatee,R,C,,0,,,52,53,48,51,51,49,56,48,50,48,,,,,,,,,,,,47,43,44,45,51,0,0,48,42,38,,,,,,,,,,,,False,,,0,,,,,,0,50,,balanced
P2659,John,Doe,2000-06-02,76,219,Unknown,light,black,beard,R,3B,,0,,,49,50,52,50,49,50,59,49,50,48,,,,,,,,,,,,57,59,62,59,49,0,0,49,60,53,,,,,,,,,,,,False,,,0,,,,,,0,50,,average
P9541,John,Doe,1990-05-02,73,186,Unknown,light,brown,clean_shaven,L,P,,1,RP,CL,,,,,55,,,,53,51,49,52,52,50,53,0,0,65,0,0,0,,,,,0,,,,48,42,51,52,46,43,51,0,0,65,0,0,0,False,,,0,,,,,,0,50,closer,
P1143,John,Doe,1990-10-30,75,232,Unknown,medium,brown,clean_shaven,R,P,,1,RP,SP,,,,,50,,,,48,53,51,52,54,49,52,0,60,59,0,0,0,,,,,0,,,,39,50,46,51,44,47,52,0,51,59,0,0,0,False,,,0,,,,,,0,50,balanced_sp,
P3233,John,Doe,1991-08-03,69,187,Unknown,dark,black,clean_shaven,R,P,,1,RP,SP,,,,,51,,,,49,48,53,52,54,51,52,59,62,0,61,55,0,,,,,0,,,,48,45,46,49,47,43,44,54,55,0,57,51,0,False,,,0,,,,,,0,50,finesse_sp,
P2057,John,Doe,1993-08-05,70,228,Unknown,dark,black,clean_shaven,R,P,,1,RP,SP,,,,,51,,,,50,52,51,54,52,49,51,63,63,0,0,0,0,,,,,0,,,,43,52,49,45,42,49,47,62,58,0,0,0,0,False,,,0,,,,,,0,50,finesse_sp,
P7633,John,Doe,1990-03-20,71,212,Unknown,dark,blonde,clean_shaven,S,P,,1,RP,SP,,,,,47,,,,52,51,52,52,53,51,56,61,61,60,0,57,0,,,,,0,,,,47,46,44,52,46,49,46,60,52,55,0,47,0,False,,,0,,,,,,0,50,power_sp,
P6020,John,Doe,1996-02-23,71,222,Unknown,dark,black,clean_shaven,R,P,,1,RP,SP,,,,,50,,,,52,52,49,53,54,50,50,58,62,60,0,56,0,,,,,0,,,,56,54,49,54,46,45,50,55,63,60,0,51,0,False,,,0,,,,,,0,50,balanced_sp,
P3244,John,Doe,1997-07-27,72,232,Unknown,medium,black,beard,L,P,,1,RP,RP,,,,,49,,,,48,52,50,50,52,51,53,0,60,66,0,0,0,,,,,0,,,,52,52,50,54,55,52,55,0,57,67,0,0,0,False,,,0,,,,,,0,50,power_rp,
P3417,John,Doe,2000-05-14,71,166,Unknown,dark,brown,clean_shaven,R,1B,,0,,,49,59,49,51,49,49,56,51,52,51,,,,,,,,,,,,64,69,60,63,49,0,0,51,58,65,,,,,,,,,,,,False,,,0,,,,,,0,50,,balanced
P2597,John,Doe,2004-09-04,75,247,Unknown,medium,black,beard,R,2B,,0,,,51,53,49,50,50,49,58,50,52,52,,,,,,,,,,,,73,70,70,62,50,0,0,50,75,72,,,,,,,,,,,,False,,,0,,,,,,0,50,,balanced
P4862,John,Doe,1987-10-09,74,179,Unknown,light,black,clean_shaven,R,3B,,0,,,49,52,52,48,48,49,58,50,50,49,,,,,,,,,,,,44,46,46,40,48,0,0,50,46,39,,,,,,,,,,,,False,,,0,,,,,,0,50,,average
P1793,John,Doe,1990-11-27,75,162,Unknown,dark,red,clean_shaven,L,LF,,0,,,54,60,49,51,49,50,46,51,49,51,,,,,,,,,,,,52,52,44,44,49,0,0,51,47,43,,,,,,,,,,,,False,,,0,,,,,,0,50,,power
P5789,John,Doe,1995-02-24,70,177,Unknown,medium,brown,clean_shaven,L,C,,0,,,49,50,51,50,50,50,47,51,51,51,,,,,,,,,,,,45,54,48,47,50,0,0,51,56,53,,,,,,,,,,,,False,,,0,,,,,,0,50,,balanced
P2719,John,Doe,1997-07-25,78,202,Unknown,medium,black,beard,R,C,,0,,,51,52,51,52,50,49,58,49,50,50,,,,,,,,,,,,54,57,49,47,50,0,0,49,53,49,,,,,,,,,,,,False,,,0,,,,,,0,50,,balanced
P5508,John,Doe,1991-03-23,78,177,Unknown,dark,blonde,clean_shaven,L,CF,,0,,,52,53,51,51,51,48,44,51,51,51,,,,,,,,,,,,51,51,47,46,51,0,0,51,48,47,,,,,,,,,,,,False,,,0,,,,,,0,50,,gap
P1352,John,Doe,1989-01-12,78,237,Unknown,light,black,clean_shaven,R,2B,,0,,,53,48,50,52,53,49,54,49,52,53,,,,,,,,,,,,46,40,46,49,53,0,0,49,45,49,,,,,,,,,,,,False,,,0,,,,,,0,50,,average
P2756,John,Doe,2007-02-26,68,193,Unknown,medium,blonde,clean_shaven,R,P,,1,RP,CL,,,,,55,,,,50,54,50,52,52,52,54,57,61,67,0,0,0,,,,,0,,,,63,75,65,71,63,72,78,84,91,84,0,0,0,False,,,0,,,,,,0,50,closer,
P4701,John,Doe,2004-07-24,74,208,Unknown,dark,brown,clean_shaven,L,P,,1,RP,RP,,,,,52,,,,48,50,48,51,53,53,53,0,59,0,0,0,0,,,,,0,,,,61,62,81,70,66,82,83,0,79,0,0,0,0,False,,,0,,,,,,0,50,power_rp,
P5147,John,Doe,2004-03-11,78,232,Unknown,dark,brown,clean_shaven,S,P,,1,RP,SP,,,,,50,,,,50,52,52,53,52,48,50,60,60,62,0,55,0,,,,,0,,,,61,63,63,73,71,69,76,81,76,87,0,81,0,False,,,0,,,,,,0,50,workhorse_sp,
P7610,John,Doe,2008-01-14,69,209,Unknown,medium,brown,clean_shaven,L,P,,1,RP,RP,,,,,51,,,,50,51,51,53,53,53,51,58,61,0,0,0,0,,,,,0,,,,75,70,69,64,78,71,68,74,89,0,0,0,0,False,,,0,,,,,,0,50,finesse_rp,
P2418,John,Doe,2005-09-29,78,230,Unknown,medium,black,clean_shaven,R,P,,1,RP,SP,,,,,49,,,,51,50,49,50,52,52,52,61,64,0,0,56,0,,,,,0,,,,65,73,68,67,64,76,72,91,88,0,0,71,0,False,,,0,,,,,,0,50,finesse_sp,
P4997,John,Doe,2005-12-31,70,188,Unknown,dark,black,clean_shaven,L,RF,,0,,,48,61,48,49,47,50,48,50,52,51,,,,,,,,,,,,72,79,69,69,47,0,0,50,65,72,,,,,,,,,,,,False,,,0,,,,,,0,50,,power
P4277,John,Doe,2005-02-11,77,214,Unknown,medium,red,beard,L,CF,,0,,,51,51,49,49,51,53,43,49,50,52,,,,,,,,,,,,74,78,79,77,51,0,0,49,64,73,,,,,,,,,,,,False,,,0,,,,,,0,50,,balanced
P6661,John,Doe,2008-02-23,68,238,Unknown,light,black,clean_shaven,R,SS,,0,,,52,50,49,51,48,51,56,48,50,53,,,,,,,,,,,,68,67,68,78,48,0,0,48,78,68,,,,,,,,,,,,False,,,0,,,,,,0,50,,gap
P1179,John,Doe,2006-05-23,70,212,Unknown,light,black,clean_shaven,R,LF,,0,,,50,51,47,49,50,49,58,48,49,49,,,,,,,,,,,,70,81,57,78,50,0,0,48,73,60,,,,,,,,,,,,False,,,0,,,,,,0,50,,average
P8631,John,Doe,2005-08-10,75,176,Unknown,medium,black,clean_shaven,L,C,,0,,,50,49,70,53,49,46,48,52,51,50,,,,,,,,,,,,76,74,89,80,49,0,0,52,80,60,,,,,,,,,,,,False,,,0,,,,,,0,50,,speed
P4016,John,Doe,2003-09-20,71,231,Unknown,dark,black,goatee,R,P,,1,RP,CL,,,,,55,,,,50,53,49,51,52,53,54,0,0,65,0,0,0,,,,,0,,,,56,61,58,58,63,60,68,0,0,73,0,0,0,False,,,0,,,,,,0,50,closer,
P2098,John,Doe,1990-01-08,74,175,Unknown,medium,brown,clean_shaven,S,P,,1,RP,SP,,,,,52,,,,51,51,52,50,54,49,53,62,60,61,0,53,0,,,,,0,,,,46,45,43,53,50,45,46,54,59,52,0,45,0,False,,,0,,,,,,0,50,finesse_sp,
P2503,John,Doe,1996-07-07,73,175,Unknown,dark,black,goatee,R,P,,1,RP,SP,,,,,48,,,,48,54,53,51,52,51,52,0,60,58,58,55,0,,,,,0,,,,45,57,49,56,52,46,51,0,61,57,58,55,0,False,,,0,,,,,,0,50,power_sp,
P7293,John,Doe,2001-11-27,70,182,Unknown,medium,black,mustache,L,P,,1,RP,SP,,,,,49,,,,52,50,52,50,52,51,53,57,60,0,61,0,0,,,,,0,,,,62,56,62,61,57,64,61,62,72,0,67,0,0,False,,,0,,,,,,0,50,groundball_sp,
P9898,John,Doe,2000-06-25,78,193,Unknown,dark,brown,goatee,L,P,,1,RP,RP,,,,,52,,,,53,54,51,51,52,49,54,0,0,65,0,0,0,,,,,0,,,,61,60,61,65,65,58,69,0,0,74,0,0,0,False,,,0,,,,,,0,50,power_rp,
P8069,John,Doe,2000-07-02,78,200,Unknown,light,brown,clean_shaven,R,P,,1,RP,SP,,,,,50,,,,48,52,51,53,53,52,52,0,61,0,62,0,0,,,,,0,,,,62,67,65,68,66,63,65,0,76,0,72,0,0,False,,,0,,,,,,0,50,groundball_sp,
P9742,John,Doe,1998-03-07,78,179,Unknown,light,blonde,clean_shaven,L,P,,1,RP,SP,,,,,47,,,,52,53,50,52,52,52,53,0,60,59,57,56,0,,,,,0,,,,66,63,58,66,55,64,65,0,70,70,67,62,0,False,,,0,,,,,,0,50,power_sp,
P7365,John,Doe,1998-04-10,75,195,Unknown,dark,red,beard,L,P,,1,RP,LR,,,,,54,,,,50,50,50,53,54,52,53,61,58,0,0,0,0,,,,,0,,,,58,59,64,69,62,58,63,76,68,0,0,0,0,False,,,0,,,,,,0,50,long_relief,
P2543,John,Doe,1988-02-15,71,208,Unknown,medium,black,mustache,R,P,,1,RP,RP,,,,,50,,,,50,51,50,50,53,50,52,57,61,0,0,0,0,,,,,0,,,,49,49,40,51,50,47,52,57,51,0,0,0,0,False,,,0,,,,,,0,50,finesse_rp,
P3792,John,Doe,1999-05-07,74,244,Unknown,light,brown,beard,S,P,,1,RP,SP,,,,,51,,,,50,50,51,50,52,49,50,0,63,59,0,0,0,,,,,0,,,,61,64,64,58,61,54,58,0,70,69,0,0,0,False,,,0,,,,,,0,50,workhorse_sp,
P7789,John,Doe,1989-02-10,77,167,Unknown,light,black,clean_shaven,R,P,,1,RP,RP,,,,,50,,,,47,50,51,50,54,53,54,0,0,67,0,0,0,,,,,0,,,,47,49,41,47,43,50,51,0,0,57,0,0,0,False,,,0,,,,,,0,50,power_rp,
P8095,John,Doe,1991-11-30,77,179,Unknown,light,black,goatee,R,C,,0,,,53,51,70,54,50,50,59,51,50,48,,,,,,,,,,,,50,44,64,49,50,0,0,51,44,44,,,,,,,,,,,,False,,,0,,,,,,0,50,,speed
P8323,John,Doe,2004-09-25,72,243,Unknown,medium,brown,clean_shaven,S,1B,,0,,,52,59,51,52,49,50,52,52,48,53,,,,,,,,,,,,82,79,72,69,49,0,0,52,68,70,,,,,,,,,,,,False,,,0,,,,,,0,50,,balanced
P1961,John,Doe,1997-02-19,70,172,Unknown,dark,brown,clean_shaven,S,2B,,0,,,50,48,48,49,49,48,52,49,52,49,,,,,,,,,,,,50,51,49,46,49,0,0,49,55,54,,,,,,,,,,,,False,,,0,,,,,,0,50,,average
P2155,John,Doe,1991-06-29,71,171,Unknown,dark,black,clean_shaven,R,3B,,0,,,50,49,51,52,47,48,56,49,50,50,,,,,,,,,,,,46,41,47,43,47,0,0,49,49,47,,,,,,,,,,,,False,,,0,,,,,,0,50,,gap
P4591,John,Doe,2002-10-23,78,168,Unknown,light,black,clean_shaven,R,SS,,0,,,56,49,52,54,51,47,59,52,50,48,,,,,,,,,,,,67,55,59,62,51,0,0,52,55,53,,,,,,,,,,,,False,,,0,,,,,,0,50,,spray
P4919,John,Doe,1996-01-20,77,235,Unknown,dark,brown,beard,R,LF,1B,0,,,52,61,49,49,48,51,57,50,49,51,,,,,,,,,,,,53,64,54,52,48,0,0,50,52,50,,,,,,,,,,,,False,,,0,,,,,,0,50,,power
P6485,John,Doe,1995-08-30,71,188,Unknown,medium,black,clean_shaven,R,CF,,0,,,48,49,50,48,52,49,57,48,51,52,,,,,,,,,,,,46,51,50,51,52,0,0,48,49,56,,,,,,,,,,,,False,,,0,,,,,,0,50,,average
P1791,John,Doe,1996-10-22,74,182,Unknown,medium,black,clean_shaven,R,RF,,0,,,49,62,51,52,49,52,59,48,49,48,,,,,,,,,,,,46,66,49,50,49,0,0,48,52,43,,,,,,,,,,,,False,,,0,,,,,,0,50,,power
P5016,John,Doe,2004-04-10,74,195,Unknown,dark,black,goatee,R,LF,RF,0,,,51,62,51,51,51,49,57,50,49,49,,,,,,,,,,,,61,76,63,65,51,0,0,50,73,76,,,,,,,,,,,,False,,,0,,,,,,0,50,,power
P8562,John,Doe,1990-05-01,68,162,Unknown,light,blonde,beard,R,3B,,0,,,62,48,49,54,49,49,56,48,48,50,,,,,,,,,,,,57,42,44,50,49,0,0,48,47,48,,,,,,,,,,,,False,,,0,,,,,,0,50,,spray
P1939,John,Doe,2000-10-18,70,240,Unknown,medium,black,beard,L,LF,,0,,,49,51,47,49,50,49,48,53,50,50,,,,,,,,,,,,58,65,61,60,50,0,0,53,64,57,,,,,,,,,,,,False,,,0,,,,,,0,50,,average
P6175,John,Doe,1996-09-13,76,249,Unknown,light,blonde,mustache,L,CF,RF,0,,,58,52,52,54,53,49,43,51,49,52,,,,,,,,,,,,59,53,52,55,53,0,0,51,46,50,,,,,,,,,,,,False,,,0,,,,,,0,50,,spray
P2122,John,Doe,1988-10-03,71,195,Unknown,light,brown,mustache,R,2B,,0,,,54,47,77,52,51,47,57,49,49,49,,,,,,,,,,,,45,39,67,47,51,0,0,49,49,41,,,,,,,,,,,,False,,,0,,,,,,0,50,,speed
P5491,John,Doe,1995-06-18,74,236,Unknown,dark,black,clean_shaven,S,SS,,0,,,55,53,50,52,52,49,53,52,47,51,,,,,,,,,,,,57,49,52,47,52,0,0,52,46,48,,,,,,,,,,,,False,,,0,,,,,,0,50,,gap
P7421,John,Doe,2000-10-04,68,212,Unknown,light,brown,clean_shaven,L,P,,1,RP,CL,,,,,55,,,,52,54,51,50,54,50,53,61,59,65,0,0,0,,,,,0,,,,61,62,58,69,60,59,67,76,66,71,0,0,0,False,,,0,,,,,,0,50,closer,
P7844,John,Doe,1998-06-10,71,194,Unknown,dark,brown,beard,L,P,,1,RP,SP,,,,,52,,,,51,52,50,50,52,49,53,0,61,59,0,0,0,,,,,0,,,,63,57,60,60,64,64,59,0,74,64,0,0,0,False,,,0,,,,,,0,50,balanced_sp,
P8868,John,Doe,1992-07-02,68,224,Unknown,light,black,beard,L,P,,1,RP,SP,,,,,51,,,,53,52,52,50,54,49,50,61,59,0,58,0,0,,,,,0,,,,43,48,44,54,52,44,47,61,55,0,51,0,0,False,,,0,,,,,,0,50,groundball_sp,
P5077,John,Doe,1990-03-24,68,183,Unknown,light,brown,mustache,R,P,,1,RP,SP,,,,,53,,,,50,51,52,50,53,50,53,58,62,0,61,0,0,,,,,0,,,,40,49,40,52,47,41,52,50,56,0,51,0,0,False,,,0,,,,,,0,50,groundball_sp,
P1874,John,Doe,1995-04-09,78,239,Unknown,medium,black,clean_shaven,R,P,,1,RP,RP,,,,,52,,,,52,49,48,51,53,49,53,0,63,67,0,0,0,,,,,0,,,,54,54,47,52,47,51,54,0,58,71,0,0,0,False,,,0,,,,,,0,50,power_rp,
P2803,John,Doe,1996-03-08,74,250,Unknown,medium,brown,clean_shaven,R,P,,1,RP,LR,,,,,50,,,,48,52,53,50,52,53,53,58,62,0,0,0,0,,,,,0,,,,44,48,45,48,52,51,55,63,63,0,0,0,0,False,,,0,,,,,,0,50,long_relief,
P3388,John,Doe,1989-08-18,75,183,Unknown,dark,brown,clean_shaven,R,P,,1,RP,SP,,,,,50,,,,52,52,52,50,52,49,54,0,61,59,0,0,0,,,,,0,,,,46,52,50,45,44,47,46,0,57,54,0,0,0,False,,,0,,,,,,0,50,power_sp,
P1662,John,Doe,1996-08-19,76,220,Unknown,medium,black,mustache,L,C,,0,,,50,52,48,49,53,51,48,50,50,51,,,,,,,,,,,,47,56,46,51,53,0,0,50,47,49,,,,,,,,,,,,False,,,0,,,,,,0,50,,average
P9998,John,Doe,1998-04-16,71,211,Unknown,dark,brown,clean_shaven,R,C,,0,,,49,53,51,50,48,52,58,53,52,49,,,,,,,,,,,,63,66,63,58,48,0,0,53,66,54,,,,,,,,,,,,False,,,0,,,,,,0,50,,average
P2252,John,Doe,1992-08-20,68,173,Unknown,light,brown,clean_shaven,S,C,,0,,,60,51,54,52,50,48,51,51,53,52,,,,,,,,,,,,60,43,51,46,50,0,0,51,47,49,,,,,,,,,,,,False,,,0,,,,,,0,50,,spray
P7358,John,Doe,1988-01-26,72,223,Unknown,light,brown,beard,R,2B,,0,,,60,51,50,54,53,46,57,51,50,52,,,,,,,,,,,,59,50,44,50,53,0,0,51,47,43,,,,,,,,,,,,False,,,0,,,,,,0,50,,spray
P5387,John,Doe,2000-08-29,77,226,Unknown,light,brown,clean_shaven,L,CF,,0,,,50,52,51,51,53,49,49,50,50,50,,,,,,,,,,,,58,57,56,65,53,0,0,50,60,59,,,,,,,,,,,,False,,,0,,,,,,0,50,,balanced
P9856,John,Doe,1992-03-29,72,188,Unknown,dark,black,beard,L,CF,,0,,,52,53,53,49,51,50,50,50,50,48,,,,,,,,,,,,48,45,51,46,51,0,0,50,46,46,,,,,,,,,,,,False,,,0,,,,,,0,50,,balanced
P8696,John,Doe,1997-04-28,73,171,Unknown,dark,brown,clean_shaven,L,1B,,0,,,52,63,51,51,48,50,48,52,49,50,,,,,,,,,,,,50,64,50,54,48,0,0,52,51,47,,,,,,,,,,,,False,,,0,,,,,,0,50,,power
P7043,John,Doe,1997-05-11,75,214,Unknown,medium,black,clean_shaven,R,2B,,0,,,57,50,52,55,53,51,58,50,48,52,,,,,,,,,,,,61,51,52,51,53,0,0,50,49,47,,,,,,,,,,,,False,,,0,,,,,,0,50,,spray
P5367,John,Doe,2004-10-21,68,182,Unknown,light,red,beard,R,P,,1,RP,CL,,,,,55,,,,48,50,50,50,52,52,54,57,60,67,0,0,0,,,,,0,,,,76,66,67,82,66,76,80,85,80,78,0,0,0,False,,,0,,,,,,0,50,closer,
P8588,John,Doe,2005-02-03,72,190,Unknown,light,black,clean_shaven,L,P,,1,RP,SP,,,,,51,,,,50,50,53,53,54,51,50,59,62,60,0,58,0,,,,,0,,,,61,63,83,66,75,76,65,72,74,74,0,73,0,False,,,0,,,,,,0,50,balanced_sp,
P4265,John,Doe,2006-05-09,70,223,Unknown,light,black,mustache,L,P,,1,RP,RP,,,,,51,,,,49,54,51,51,53,52,51,0,62,64,60,0,0,,,,,0,,,,62,68,71,64,75,76,81,0,77,89,72,0,0,False,,,0,,,,,,0,50,power_rp,
P2126,John,Doe,2006-11-10,70,249,Unknown,light,brown,clean_shaven,R,P,,1,RP,SP,,,,,51,,,,51,52,50,51,53,47,52,0,64,59,57,55,0,,,,,0,,,,75,69,76,76,80,68,68,0,76,73,67,68,0,False,,,0,,,,,,0,50,power_sp,
P6506,John,Doe,2005-12-19,76,179,Unknown,dark,brown,clean_shaven,L,P,,1,RP,SP,,,,,49,,,,51,51,52,51,52,50,53,0,60,60,0,0,0,,,,,0,,,,65,73,63,75,76,73,78,0,88,85,0,0,0,False,,,0,,,,,,0,50,power_sp,
P7288,John,Doe,2007-01-31,73,167,Unknown,light,red,clean_shaven,R,1B,,0,,,49,54,50,50,53,51,54,52,51,51,,,,,,,,,,,,71,74,70,78,53,0,0,52,67,81,,,,,,,,,,,,False,,,0,,,,,,0,50,,balanced
P7487,John,Doe,2005-06-17,70,170,Unknown,dark,brown,clean_shaven,R,C,,0,,,64,52,52,53,52,50,55,50,50,50,,,,,,,,,,,,76,78,67,77,52,0,0,50,61,70,,,,,,,,,,,,False,,,0,,,,,,0,50,,spray
P4384,John,Doe,2007-08-09,76,244,Unknown,light,brown,clean_shaven,L,1B,,0,,,60,53,51,49,49,52,46,51,52,49,,,,,,,,,,,,80,79,64,66,49,0,0,51,64,73,,,,,,,,,,,,False,,,0,,,,,,0,50,,spray
P3731,John,Doe,2006-03-26,71,166,Unknown,light,blonde,clean_shaven,R,C,,0,,,51,52,52,50,52,51,57,49,50,51,,,,,,,,,,,,62,68,81,63,52,0,0,49,72,63,,,,,,,,,,,,False,,,0,,,,,,0,50,,balanced
P3159,John,Doe,2008-01-18,68,240,Unknown,medium,brown,clean_shaven,R,2B,,0,,,53,49,49,53,50,52,56,49,52,50,,,,,,,,,,,,76,60,59,70,50,0,0,49,65,63,,,,,,,,,,,,False,,,0,,,,,,0,50,,balanced
P3494,John,Doe,2004-05-31,76,204,Unknown,medium,red,clean_shaven,L,P,,1,RP,CL,,,,,55,,,,51,52,50,51,52,51,56,58,59,65,0,0,0,,,,,0,,,,68,78,78,70,70,79,70,81,85,94,0,0,0,False,,,0,,,,,,0,50,closer,
P7910,John,Doe,1987-06-18,74,176,Unknown,light,black,clean_shaven,R,P,,1,RP,CL,,,,,50,,,,48,53,48,50,54,53,52,0,0,66,0,0,0,,,,,0,,,,47,52,43,45,40,50,50,0,0,63,0,0,0,False,,,0,,,,,,0,50,closer,
P1123,John,Doe,1998-12-24,77,210,Unknown,dark,brown,goatee,L,P,,1,RP,SP,,,,,49,,,,52,54,50,50,52,51,52,0,61,62,0,0,0,,,,,0,,,,66,62,55,63,64,56,60,0,71,70,0,0,0,False,,,0,,,,,,0,50,power_sp,
P5696,John,Doe,2002-03-23,71,217,Unknown,medium,black,clean_shaven,L,P,,1,RP,CL,,,,,53,,,,52,50,52,51,53,49,52,0,60,65,0,0,0,,,,,0,,,,61,57,61,60,59,54,67,0,71,77,0,0,0,False,,,0,,,,,,0,50,closer,
P3527,John,Doe,1992-04-30,78,233,Unknown,dark,black,clean_shaven,L,P,,1,RP,SP,,,,,49,,,,50,51,52,50,52,51,50,60,60,0,60,56,0,,,,,0,,,,47,47,45,52,51,51,48,57,50,0,53,54,0,False,,,0,,,,,,0,50,finesse_sp,
P8007,John,Doe,1996-01-26,70,250,Unknown,light,blonde,clean_shaven,R,P,,1,RP,RP,,,,,54,,,,48,50,48,50,52,50,52,0,59,66,62,0,0,,,,,0,,,,52,52,55,50,47,47,57,0,59,67,61,0,0,False,,,0,,,,,,0,50,groundball_rp,
P1577,John,Doe,1992-04-21,78,246,Unknown,dark,brown,clean_shaven,R,P,,1,RP,SP,,,,,51,,,,52,50,50,50,53,52,50,61,63,58,54,0,0,,,,,0,,,,48,45,49,50,47,51,50,56,60,51,53,0,0,False,,,0,,,,,,0,50,workhorse_sp,
P6912,John,Doe,2003-05-11,71,236,Unknown,dark,red,clean_shaven,R,P,,1,RP,RP,,,,,55,,,,49,52,49,53,52,50,53,58,58,0,60,0,0,,,,,0,,,,57,66,66,61,56,64,61,68,65,0,65,0,0,False,,,0,,,,,,0,50,groundball_rp,
P9783,John,Doe,1990-12-06,78,187,Unknown,medium,brown,clean_shaven,R,P,,1,RP,RP,,,,,51,,,,48,50,51,50,52,49,55,0,0,67,0,0,0,,,,,0,,,,39,47,50,48,50,49,46,0,0,61,0,0,0,False,,,0,,,,,,0,50,power_rp,
P2497,John,Doe,1998-07-07,68,226,Unknown,dark,black,mustache,S,P,,1,RP,RP,,,,,50,,,,51,53,49,50,52,51,51,0,62,63,59,0,0,,,,,0,,,,66,61,60,66,57,65,62,0,73,73,73,0,0,False,,,0,,,,,,0,50,power_rp,
P3587,John,Doe,1999-04-09,75,205,Unknown,light,brown,clean_shaven,R,P,,1,RP,RP,,,,,52,,,,50,51,48,53,53,52,49,57,58,0,61,0,0,,,,,0,,,,61,61,58,60,57,58,62,70,70,0,68,0,0,False,,,0,,,,,,0,50,finesse_rp,
P7483,John,Doe,2001-08-23,76,198,Unknown,medium,red,clean_shaven,R,C,,0,,,54,50,50,53,49,52,56,48,51,52,,,,,,,,,,,,65,58,59,64,49,0,0,48,61,62,,,,,,,,,,,,False,,,0,,,,,,0,50,,balanced
P5015,John,Doe,1993-02-07,74,190,Unknown,light,black,clean_shaven,L,1B,,0,,,52,60,50,51,52,52,49,49,49,50,,,,,,,,,,,,48,53,44,48,52,0,0,49,43,46,,,,,,,,,,,,False,,,0,,,,,,0,50,,gap
P5913,John,Doe,1995-04-28,78,171,Unknown,medium,black,mustache,L,2B,,0,,,54,66,51,50,47,50,48,48,51,49,,,,,,,,,,,,49,70,48,52,47,0,0,48,52,54,,,,,,,,,,,,False,,,0,,,,,,0,50,,power
P3002,John,Doe,1990-10-24,71,212,Unknown,medium,black,clean_shaven,R,3B,,0,,,51,49,48,51,49,50,57,49,52,52,,,,,,,,,,,,43,44,39,49,49,0,0,49,42,45,,,,,,,,,,,,False,,,0,,,,,,0,50,,average
P6210,John,Doe,1989-08-21,70,231,Unknown,medium,brown,clean_shaven,R,SS,,0,,,53,52,50,50,51,47,57,52,53,47,,,,,,,,,,,,51,45,44,40,51,0,0,52,43,40,,,,,,,,,,,,False,,,0,,,,,,0,50,,average
P4335,John,Doe,1996-05-13,69,218,Unknown,light,black,clean_shaven,R,LF,,0,,,58,59,50,54,51,50,56,50,48,49,,,,,,,,,,,,53,59,51,59,51,0,0,50,44,46,,,,,,,,,,,,False,,,0,,,,,,0,50,,gap
P4309,John,Doe,1999-11-16,78,191,Unknown,light,brown,goatee,R,CF,,0,,,54,50,70,52,50,50,53,50,49,48,,,,,,,,,,,,67,59,78,62,50,0,0,50,60,53,,,,,,,,,,,,False,,,0,,,,,,0,50,,speed
P7545,John,Doe,1993-11-17,76,240,Unknown,light,brown,beard,L,RF,,0,,,54,54,48,53,50,49,46,50,49,48,,,,,,,,,,,,52,48,39,53,50,0,0,50,49,40,,,,,,,,,,,,False,,,0,,,,,,0,50,,gap
P2271,John,Doe,1992-07-20,70,229,Unknown,medium,blonde,clean_shaven,R,CF,,0,,,54,47,53,53,53,48,52,50,48,53,,,,,,,,,,,,46,42,51,47,53,0,0,50,38,53,,,,,,,,,,,,False,,,0,,,,,,0,50,,spray
P8466,John,Doe,1995-12-30,68,248,Unknown,medium,black,clean_shaven,L,LF,,0,,,52,61,51,51,51,51,49,53,50,53,,,,,,,,,,,,56,58,55,56,51,0,0,53,45,53,,,,,,,,,,,,False,,,0,,,,,,0,50,,power
P6432,John,Doe,1991-07-10,75,180,Unknown,dark,brown,clean_shaven,R,1B,,0,,,50,55,49,49,48,52,55,48,49,49,,,,,,,,,,,,41,46,48,41,48,0,0,48,39,47,,,,,,,,,,,,False,,,0,,,,,,0,50,,balanced
P4365,John,Doe,1990-06-06,73,209,Unknown,medium,brown,beard,R,LF,,0,,,62,51,52,51,51,49,56,51,52,53,,,,,,,,,,,,58,50,44,41,51,0,0,51,52,49,,,,,,,,,,,,False,,,0,,,,,,0,50,,spray
P8919,John,Doe,1993-07-12,68,220,Unknown,medium,black,mustache,L,RF,,0,,,53,50,52,51,53,50,48,52,48,49,,,,,,,,,,,,47,42,52,49,53,0,0,52,39,47,,,,,,,,,,,,False,,,0,,,,,,0,50,,balanced
P5045,John,Doe,1999-08-01,73,164,Unknown,light,brown,clean_shaven,R,2B,,0,,,53,58,50,56,48,49,56,48,51,48,,,,,,,,,,,,62,67,60,63,48,0,0,48,64,53,,,,,,,,,,,,False,,,0,,,,,,0,50,,gap
P5177,John,Doe,2002-07-02,68,227,Unknown,medium,brown,clean_shaven,S,P,,1,RP,CL,,,,,55,,,,51,53,49,53,60,51,55,0,0,65,0,0,0,,,,,0,,,,61,66,61,71,55,66,68,0,0,74,0,0,0,False,,,0,,,,,,0,50,closer,
P1521,John,Doe,1990-08-06,73,205,Unknown,light,brown,goatee,R,P,,1,RP,SP,,,,,53,,,,49,50,50,52,52,52,51,57,0,56,57,0,0,,,,,0,,,,46,48,45,47,48,49,42,47,0,46,51,0,0,False,,,0,,,,,,0,50,groundball_sp,
P1090,John,Doe,2002-07-01,73,169,Unknown,dark,brown,clean_shaven,R,P,,1,RP,RP,,,,,49,,,,51,53,51,52,52,50,53,0,59,64,0,0,0,,,,,0,,,,57,64,63,59,59,61,59,0,66,74,0,0,0,False,,,0,,,,,,0,50,power_rp,
P9018,John,Doe,1998-09-01,70,235,Unknown,medium,brown,clean_shaven,R,P,,1,RP,SP,,,,,48,,,,51,48,52,51,52,51,50,58,64,59,0,54,0,,,,,0,,,,60,57,61,60,64,65,59,68,73,71,0,59,0,False,,,0,,,,,,0,50,finesse_sp,
P5920,John,Doe,2001-06-23,78,220,Unknown,medium,red,clean_shaven,R,P,,1,RP,CL,,,,,52,,,,51,50,49,50,52,53,54,0,0,65,0,0,0,,,,,0,,,,58,60,56,64,61,60,65,0,0,77,0,0,0,False,,,0,,,,,,0,50,closer,
P6881,John,Doe,1994-03-07,75,226,Unknown,light,brown,clean_shaven,R,P,,1,RP,RP,,,,,48,,,,48,52,51,53,52,51,53,58,58,0,0,0,0,,,,,0,,,,46,53,50,55,53,51,48,57,54,0,0,0,0,False,,,0,,,,,,0,50,finesse_rp,
P1195,John,Doe,1999-03-27,68,241,Unknown,dark,brown,clean_shaven,R,P,,1,RP,SP,,,,,51,,,,50,48,53,50,52,50,53,58,59,62,0,0,0,,,,,0,,,,59,54,57,61,61,55,64,73,71,75,0,0,0,False,,,0,,,,,,0,50,workhorse_sp,
P9469,John,Doe,1991-07-24,70,239,Unknown,light,brown,clean_shaven,L,1B,,0,,,50,55,49,49,51,51,48,52,48,49,,,,,,,,,,,,48,50,48,46,51,0,0,52,43,48,,,,,,,,,,,,False,,,0,,,,,,0,50,,average
P7477,John,Doe,2000-10-29,74,243,Unknown,light,brown,clean_shaven,L,2B,,0,,,57,50,70,56,52,51,50,51,50,52,,,,,,,,,,,,64,65,84,67,52,0,0,51,58,61,,,,,,,,,,,,False,,,0,,,,,,0,50,,speed
P9200,John,Doe,1989-05-12,72,161,Unknown,dark,brown,mustache,R,SS,,0,,,50,56,49,51,48,51,56,51,50,50,,,,,,,,,,,,40,51,46,48,48,0,0,51,40,49,,,,,,,,,,,,False,,,0,,,,,,0,50,,power
P8003,John,Doe,1990-08-13,71,187,Unknown,light,black,beard,R,RF,,0,,,49,61,52,48,50,50,57,50,49,51,,,,,,,,,,,,43,56,47,42,50,0,0,50,39,50,,,,,,,,,,,,False,,,0,,,,,,0,50,,power
P9280,John,Doe,1999-02-16,75,222,Unknown,medium,brown,goatee,S,C,,0,,,52,58,49,51,50,53,52,52,52,53,,,,,,,,,,,,66,73,64,59,50,0,0,52,59,66,,,,,,,,,,,,False,,,0,,,,,,0,50,,power
P4996,John,Doe,1990-03-24,70,215,Unknown,dark,black,beard,L,2B,,0,,,53,56,48,55,48,48,49,48,52,53,,,,,,,,,,,,52,56,43,45,48,0,0,48,49,49,,,,,,,,,,,,False,,,0,,,,,,0,50,,gap
P3796,John,Doe,2003-02-10,70,163,Unknown,medium,black,beard,R,C,,0,,,48,50,49,50,50,52,56,53,53,48,,,,,,,,,,,,63,60,57,62,50,0,0,53,65,58,,,,,,,,,,,,False,,,0,,,,,,0,50,,average
P1904,John,Doe,2003-12-08,72,214,Unknown,dark,black,clean_shaven,R,C,,0,,,53,63,51,49,49,54,56,51,51,49,,,,,,,,,,,,60,68,59,55,49,0,0,51,56,56,,,,,,,,,,,,False,,,0,,,,,,0,50,,power
P8653,John,Doe,2005-06-29,74,161,Unknown,dark,brown,clean_shaven,R,P,,1,RP,CL,,,,,55,,,,51,50,52,52,53,51,53,58,59,65,0,0,0,,,,,0,,,,69,62,63,75,70,77,80,75,87,83,0,0,0,False,,,0,,,,,,0,50,closer,
P4469,John,Doe,2005-08-16,78,238,Unknown,medium,black,goatee,S,P,,1,RP,SP,,,,,50,,,,48,49,50,50,52,53,53,63,60,0,0,0,0,,,,,0,,,,61,78,71,79,70,81,78,85,79,0,0,0,0,False,,,0,,,,,,0,50,finesse_sp,
P8876,John,Doe,2007-05-15,75,165,Unknown,dark,brown,goatee,L,P,,1,RP,RP,,,,,39,,,,51,52,48,50,52,49,52,0,63,0,0,0,0,,,,,64,,,,64,78,80,65,69,59,74,0,91,0,0,0,0,False,,,0,,,,,,0,50,power_rp,
P7955,John,Doe,2008-01-12,74,160,Unknown,medium,brown,mustache,R,P,,1,RP,RP,,,,,51,,,,52,50,49,50,54,52,48,59,60,0,0,0,0,,,,,0,,,,64,79,69,70,75,81,62,75,72,0,0,0,0,False,,,0,,,,,,0,50,finesse_rp,
P3597,John,Doe,2007-11-02,72,190,Unknown,medium,black,goatee,R,P,,1,RP,SP,,,,,49,,,,52,50,51,51,53,51,51,0,60,58,0,0,0,,,,,0,,,,67,71,73,69,81,75,65,0,70,88,0,0,0,False,,,0,,,,,,0,50,balanced_sp,
P9600,John,Doe,2007-09-06,71,201,Unknown,medium,brown,clean_shaven,R,3B,,0,,,51,51,72,52,51,50,58,50,52,52,,,,,,,,,,,,67,61,98,66,51,0,0,50,67,68,,,,,,,,,,,,False,,,0,,,,,,0,50,,speed
P8492,John,Doe,2005-07-07,68,203,Unknown,medium,blonde,clean_shaven,R,3B,,0,,,50,53,52,51,49,50,56,53,50,48,,,,,,,,,,,,78,63,80,80,49,0,0,53,61,67,,,,,,,,,,,,False,,,0,,,,,,0,50,,balanced
P5960,John,Doe,2007-08-07,68,193,Unknown,light,blonde,goatee,L,2B,,0,,,53,60,47,51,49,49,51,49,49,50,,,,,,,,,,,,65,73,58,68,49,0,0,49,74,66,,,,,,,,,,,,False,,,0,,,,,,0,50,,power
P6984,John,Doe,2005-08-24,73,243,Unknown,dark,black,clean_shaven,R,1B,,0,,,52,59,49,51,48,51,55,52,48,48,,,,,,,,,,,,82,85,72,69,48,0,0,52,63,61,,,,,,,,,,,,False,,,0,,,,,,0,50,,power
P2842,John,Doe,2006-10-31,71,229,Unknown,medium,blonde,clean_shaven,R,RF,,0,,,49,52,49,50,52,51,54,50,49,49,,,,,,,,,,,,71,75,69,64,52,0,0,50,77,64,,,,,,,,,,,,False,,,0,,,,,,0,50,,average
