player_id,first_name,last_name,birthdate,height,weight,ethnicity,skin_tone,hair_color,facial_hair,bats,primary_position,other_positions,is_pitcher,role,preferred_pitching_role,ch,ph,sp,eye,gf,pl,vl,sc,fa,arm,endurance,control,movement,hold_runner,fb,cu,cb,sl,si,scb,kn,pot_ch,pot_ph,pot_sp,pot_eye,pot_gf,pot_pl,pot_vl,pot_sc,pot_fa,pot_arm,pot_control,pot_movement,pot_endurance,pot_hold_runner,pot_fb,pot_cu,pot_cb,pot_sl,pot_si,pot_scb,pot_kn,injured,injury_description,return_date,ready,injury_list,injury_start_date,injury_minimum_days,injury_eligible_date,injury_rehab_assignment,injury_rehab_days,durability,pitcher_archetype,hitter_archetype
P4545,Yong,Patel,1996-07-03,69,225,Asian,medium,brown,clean_shaven,R,P,,1,RP,CL,,,,,55,,,,51,52,48,53,60,50,53,0,62,65,0,0,0,,,,,0,,,,48,47,54,59,49,53,55,0,66,62,0,0,0,False,,,0,,,,,,0,50,closer,
P1352,Yong,Choi,1989-09-10,74,244,Asian,light,black,beard,R,P,,1,RP,RP,,,,,57,,,,51,52,50,53,53,49,52,0,57,67,62,0,0,,,,,0,,,,47,47,49,46,44,43,48,0,50,59,52,0,0,False,,,0,,,,,,0,50,groundball_rp,
P1938,Ricardo,Vargas,1997-05-21,76,239,Hispanic,light,brown,clean_shaven,R,P,,1,RP,RP,,,,,53,,,,51,51,52,50,53,49,54,0,0,67,62,0,0,,,,,0,,,,49,56,46,54,52,47,53,0,0,63,63,0,0,False,,,0,,,,,,0,50,groundball_rp,
P2448,Manuel,Torres,1991-12-09,74,192,Hispanic,light,brown,beard,L,P,,1,RP,RP,,,,,49,,,,50,51,53,53,52,53,53,60,0,0,0,0,0,,,,,0,,,,43,48,51,46,48,45,49,57,0,0,0,0,0,False,,,0,,,,,,0,50,finesse_rp,
P4917,Leroy,Allen,1991-10-08,77,195,African,dark,black,mustache,R,P,,1,RP,SP,,,,,48,,,,48,51,52,50,53,51,50,63,61,0,0,0,0,,,,,0,,,,42,42,47,44,44,43,40,57,54,0,0,0,0,False,,,0,,,,,,0,50,workhorse_sp,
P1708,Antonio,Ramos,1996-07-30,78,208,Hispanic,medium,black,clean_shaven,L,P,,1,RP,SP,,,,,50,,,,51,50,53,52,52,53,50,62,60,0,0,57,0,,,,,0,,,,50,49,57,48,53,56,51,62,63,0,0,61,0,False,,,0,,,,,,0,50,finesse_sp,
P9269,Yong,Zhang,2002-08-25,74,191,Asian,light,black,clean_shaven,R,P,,1,RP,RP,,,,,55,,,,52,51,50,50,54,51,52,0,0,0,59,0,0,,,,,0,,,,65,56,59,62,60,60,61,0,0,0,70,0,0,False,,,0,,,,,,0,50,groundball_rp,
P3062,Guadalupe,Brickel,1992-08-12,75,173,Anglo,dark,blonde,clean_shaven,R,P,,1,RP,RP,,,,,53,,,,51,53,50,53,52,53,52,58,62,0,0,0,0,,,,,0,,,,50,46,51,50,49,46,52,50,53,0,0,0,0,False,,,0,,,,,,0,50,finesse_rp,
P8444,Sung,Park,2001-08-08,74,234,Asian,medium,black,clean_shaven,R,P,,1,RP,LR,,,,,53,,,,48,52,52,53,52,51,52,0,61,67,0,0,0,,,,,0,,,,57,61,64,62,64,60,58,0,68,73,0,0,0,False,,,0,,,,,,0,50,long_relief,
P8338,Russell,Read,1988-05-30,78,178,Anglo,light,blonde,beard,L,P,,1,RP,RP,,,,,52,,,,49,51,49,52,53,53,55,0,64,63,0,0,0,,,,,0,,,,47,44,42,47,48,46,51,0,60,55,0,0,0,False,,,0,,,,,,0,50,power_rp,
P5076,Cedric,Young,1995-10-07,77,233,African,dark,black,clean_shaven,S,P,LF,1,RP,SP,,,,,51,,,,49,53,53,50,54,51,53,60,62,61,0,0,0,,,,,0,,,,47,55,53,52,54,51,48,58,59,63,0,0,0,False,,,0,,,,,,0,50,balanced_sp,
P5953,Lynn,Orrego,1995-03-26,68,221,Anglo,medium,black,beard,R,C,,0,,,53,52,51,50,53,50,59,49,53,51,,,,,,,,,,,,54,49,50,53,53,0,0,49,55,50,,,,,,,,,,,,False,,,0,,,,,,0,50,,balanced
P3259,Roberto,Ortiz,2003-04-21,78,246,Hispanic,dark,black,goatee,L,1B,RF,0,,,49,59,52,49,50,49,50,50,49,48,,,,,,,,,,,,62,68,64,58,50,0,0,50,56,62,,,,,,,,,,,,False,,,0,,,,,,0,50,,balanced
P5785,Yong,Liu,1994-07-20,72,244,Asian,light,black,mustache,R,2B,,0,,,50,51,50,51,50,52,55,52,51,49,,,,,,,,,,,,50,56,53,53,50,0,0,52,56,45,,,,,,,,,,,,False,,,0,,,,,,0,50,,average
P8093,Sung,Wang,1991-06-06,70,192,Asian,dark,black,clean_shaven,R,3B,,0,,,51,50,49,50,49,53,56,50,51,49,,,,,,,,,,,,46,46,45,48,49,0,0,50,44,42,,,,,,,,,,,,False,,,0,,,,,,0,50,,gap
P3048,Kurt,Vangompel,1994-03-19,70,174,Anglo,medium,blonde,mustache,R,SS,,0,,,50,48,87,49,52,47,56,51,47,50,,,,,,,,,,,,45,48,91,47,52,0,0,51,46,55,,,,,,,,,,,,False,,,0,,,,,,0,50,,speed
P9244,Darnell,Mitchell,2004-08-23,69,245,African,dark,black,goatee,L,LF,,0,,,53,51,70,51,50,49,47,49,48,51,,,,,,,,,,,,67,78,83,68,50,0,0,49,68,79,,,,,,,,,,,,False,,,0,,,,,,0,50,,speed
P7592,Jose,Hernandez,1989-11-11,74,160,Hispanic,medium,brown,mustache,R,CF,,0,,,49,48,70,50,49,50,56,50,50,52,,,,,,,,,,,,39,41,68,46,49,0,0,50,43,42,,,,,,,,,,,,False,,,0,,,,,,0,50,,speed
P7077,Marshall,Sidoti,1987-08-04,75,169,Anglo,medium,blonde,clean_shaven,L,RF,CF,0,,,53,61,51,50,50,53,48,48,48,51,,,,,,,,,,,,49,60,51,46,50,0,0,48,38,49,,,,,,,,,,,,False,,,0,,,,,,0,50,,power
P2130,Antonio,Hernandez,1991-05-16,69,231,Hispanic,medium,black,clean_shaven,R,RF,,0,,,50,59,50,51,50,53,52,52,52,49,,,,,,,,,,,,50,52,41,48,50,0,0,52,44,48,,,,,,,,,,,,False,,,0,,,,,,0,50,,power
P4422,Donovan,Pencek,1997-09-28,74,175,Anglo,light,blonde,mustache,R,3B,,0,,,52,51,53,52,48,52,57,50,51,49,,,,,,,,,,,,47,51,50,56,48,0,0,50,47,47,,,,,,,,,,,,False,,,0,,,,,,0,50,,balanced
P4482,Fernando,Torres,1999-02-12,69,191,Hispanic,dark,brown,clean_shaven,R,C,,0,,,57,50,54,50,51,50,57,50,49,51,,,,,,,,,,,,64,60,63,62,51,0,0,50,56,56,,,,,,,,,,,,False,,,0,,,,,,0,50,,spray
P9609,Darnell,Carter,1987-12-25,74,198,African,medium,black,clean_shaven,R,C,,0,,,59,52,50,51,49,46,57,50,51,49,,,,,,,,,,,,53,44,47,43,49,0,0,50,46,41,,,,,,,,,,,,False,,,0,,,,,,0,50,,spray
P3063,Yong,Le,1999-01-19,70,232,Asian,medium,black,clean_shaven,R,LF,,0,,,64,51,51,51,49,48,55,53,50,48,,,,,,,,,,,,79,56,62,66,49,0,0,53,55,61,,,,,,,,,,,,False,,,0,,,,,,0,50,,spray
P4802,Yong,Chen,2003-03-14,68,174,Asian,light,black,clean_shaven,R,C,,0,,,50,57,48,51,47,53,59,53,52,49,,,,,,,,,,,,58,63,56,65,47,0,0,53,58,61,,,,,,,,,,,,False,,,0,,,,,,0,50,,power
P8521,Sung,Li,1989-04-03,69,237,Asian,light,black,clean_shaven,R,P,,1,RP,CL,,,,,55,,,,50,50,49,50,53,50,51,61,0,65,0,0,0,,,,,0,,,,43,41,43,48,39,50,47,58,0,60,0,0,0,False,,,0,,,,,,0,50,closer,
P3415,Russ,Tomlinson,2004-12-16,68,250,Anglo,medium,brown,clean_shaven,R,P,,1,RP,SP,,,,,51,,,,52,51,53,54,52,51,48,62,62,61,56,0,0,,,,,0,,,,82,79,72,72,80,63,59,72,80,74,67,0,0,False,,,0,,,,,,0,50,finesse_sp,
P1113,Sung,Chen,1990-07-26,76,235,Asian,medium,black,clean_shaven,R,P,,1,RP,SP,,,,,52,,,,49,53,51,53,54,52,52,0,63,58,59,0,0,,,,,0,,,,47,48,53,46,45,49,51,0,57,55,54,0,0,False,,,0,,,,,,0,50,groundball_sp,
P3855,Carlos,Ortiz,2004-05-01,73,182,Hispanic,medium,brown,mustache,R,P,,1,RP,SP,,,,,53,,,,51,51,50,50,54,53,52,61,59,58,62,0,0,,,,,0,,,,68,80,79,83,67,69,69,87,87,69,91,0,0,False,,,0,,,,,,0,50,groundball_sp,
P9560,Manuel,Castillo,2003-03-05,70,161,Hispanic,medium,black,clean_shaven,R,P,,1,RP,CL,,,,,50,,,,52,54,49,50,52,52,53,0,62,66,0,0,0,,,,,0,,,,67,60,62,61,57,63,61,0,76,76,0,0,0,False,,,0,,,,,,0,50,closer,
P9422,Percy,Gaines,1993-02-16,74,190,African,dark,black,clean_shaven,L,P,,1,RP,SP,,,,,50,,,,49,51,52,53,52,51,54,0,60,61,0,0,0,,,,,0,,,,43,48,53,47,49,48,44,0,54,52,0,0,0,False,,,0,,,,,,0,50,power_sp,
P5895,Pedro,Flores,1993-09-10,73,244,Hispanic,dark,black,goatee,L,P,,1,RP,RP,,,,,50,,,,51,52,50,50,52,48,54,0,0,66,0,0,0,,,,,0,,,,41,46,49,44,44,45,47,0,0,62,0,0,0,False,,,0,,,,,,0,50,power_rp,
P4680,Antonio,Martinez,1992-08-14,68,182,Hispanic,medium,black,beard,S,RF,,0,,,51,63,48,51,50,52,51,50,49,51,,,,,,,,,,,,49,55,39,48,50,0,0,50,43,51,,,,,,,,,,,,False,,,0,,,,,,0,50,,power
P2712,Sung,Liu,1996-01-28,71,223,Asian,medium,black,clean_shaven,R,2B,,0,,,62,51,50,52,51,50,56,51,51,51,,,,,,,,,,,,64,49,46,48,51,0,0,51,55,52,,,,,,,,,,,,False,,,0,,,,,,0,50,,spray
P1598,Sung,Kim,1995-07-24,78,198,Asian,medium,black,goatee,L,C,,0,,,52,50,51,51,50,51,48,50,50,48,,,,,,,,,,,,51,51,52,54,50,0,0,50,46,45,,,,,,,,,,,,False,,,0,,,,,,0,50,,average
P3392,Ricardo,Castillo,1997-04-11,76,237,Hispanic,medium,brown,clean_shaven,R,1B,,0,,,50,60,52,50,49,52,55,48,52,51,,,,,,,,,,,,48,62,51,51,49,0,0,48,57,51,,,,,,,,,,,,False,,,0,,,,,,0,50,,balanced
P6144,Yong,Singh,1989-07-20,76,225,Asian,medium,black,clean_shaven,R,CF,,0,,,51,51,52,50,50,49,53,49,49,51,,,,,,,,,,,,43,44,43,45,50,0,0,49,45,51,,,,,,,,,,,,False,,,0,,,,,,0,50,,balanced
P8282,Virgil,Zettlemoyer,1995-03-30,74,173,Anglo,light,red,clean_shaven,R,RF,,0,,,53,63,52,52,50,51,56,52,50,50,,,,,,,,,,,,53,67,52,49,50,0,0,52,50,46,,,,,,,,,,,,False,,,0,,,,,,0,50,,power
P7433,Tyrone,Baker,1995-04-24,78,192,African,dark,black,clean_shaven,R,3B,SS,0,,,52,52,48,49,51,52,57,49,51,50,,,,,,,,,,,,57,49,44,54,51,0,0,49,52,53,,,,,,,,,,,,False,,,0,,,,,,0,50,,average
P1384,Yong,Pham,1993-01-20,73,168,Asian,light,black,clean_shaven,R,3B,,0,,,52,52,48,52,50,50,56,50,48,51,,,,,,,,,,,,44,50,43,52,50,0,0,50,47,48,,,,,,,,,,,,False,,,0,,,,,,0,50,,balanced
P4661,Jamal,Washington,2005-08-13,75,187,African,dark,black,clean_shaven,L,P,,1,RP,CL,,,,,55,,,,51,51,50,51,52,50,52,56,62,65,0,0,0,,,,,0,,,,71,70,77,76,62,70,78,68,91,91,0,0,0,False,,,0,,,,,,0,50,closer,
P9981,Deshawn,Taylor,2007-07-24,69,238,African,light,black,clean_shaven,S,P,,1,RP,SP,,,,,50,,,,50,53,50,54,53,48,52,63,59,60,0,57,0,,,,,0,,,,71,70,76,70,62,78,71,88,73,73,0,72,0,False,,,0,,,,,,0,50,finesse_sp,
P4305,Sung,Huang,2005-11-18,69,240,Asian,light,black,clean_shaven,L,P,,1,RP,RP,,,,,53,,,,51,51,47,54,52,51,48,59,63,63,0,0,0,,,,,0,,,,73,79,77,70,65,62,66,70,92,85,0,0,0,False,,,0,,,,,,0,50,finesse_rp,
P8115,Van,Servedio,2004-06-27,69,245,Anglo,medium,brown,clean_shaven,L,P,,1,RP,SP,,,,,49,,,,50,50,51,51,52,50,50,62,62,0,0,0,0,,,,,0,,,,73,63,65,77,66,61,67,87,73,0,0,0,0,False,,,0,,,,,,0,50,workhorse_sp,
P1968,Juan,Martinez,2006-10-17,74,239,Hispanic,light,black,goatee,L,P,,1,RP,SP,,,,,49,,,,51,49,53,53,52,51,53,62,63,60,0,0,0,,,,,0,,,,65,59,77,70,82,68,81,79,78,90,0,0,0,False,,,0,,,,,,0,50,finesse_sp,
P6942,Fred,Bienvenu,2006-04-12,71,231,Anglo,light,black,beard,L,3B,,0,,,51,58,49,50,49,51,52,53,51,50,,,,,,,,,,,,76,75,60,73,49,0,0,53,80,67,,,,,,,,,,,,False,,,0,,,,,,0,50,,power
P3600,Alejandro,Guerrero,2006-05-18,72,214,Hispanic,light,brown,clean_shaven,L,CF,,0,,,53,53,49,51,51,50,48,51,48,52,,,,,,,,,,,,73,81,67,76,51,0,0,51,68,68,,,,,,,,,,,,False,,,0,,,,,,0,50,,balanced
P9623,Ariel,Bossen,2005-01-31,71,160,Anglo,light,brown,clean_shaven,R,3B,,0,,,50,48,51,52,48,50,60,48,52,51,,,,,,,,,,,,73,58,70,75,48,0,0,48,66,80,,,,,,,,,,,,False,,,0,,,,,,0,50,,balanced
P6686,Luis,Flores,2006-08-26,70,231,Hispanic,light,brown,goatee,R,2B,,0,,,52,50,51,53,52,53,54,52,51,48,,,,,,,,,,,,70,74,78,76,52,0,0,52,80,69,,,,,,,,,,,,False,,,0,,,,,,0,50,,balanced
P8086,Rufus,Harris,2006-06-01,73,164,African,dark,brown,mustache,R,1B,,0,,,52,60,53,52,50,53,50,50,53,52,,,,,,,,,,,,80,85,64,79,50,0,0,50,79,78,,,,,,,,,,,,False,,,0,,,,,,0,50,,power
P4713,Kevin,Saxena,1993-06-12,69,170,Anglo,light,brown,mustache,R,P,,1,RP,CL,,,,,55,,,,52,52,48,50,52,51,52,0,0,65,0,0,0,,,,,0,,,,44,51,47,47,48,50,49,0,0,55,0,0,0,False,,,0,,,,,,0,50,closer,
P2661,Yong,Tran,2003-07-09,78,238,Asian,light,black,clean_shaven,L,P,,1,RP,SP,,,,,52,,,,52,52,53,52,52,50,53,0,63,59,0,0,0,,,,,0,,,,59,57,63,67,62,59,58,0,74,69,0,0,0,False,,,0,,,,,,0,50,power_sp,
P4086,Sung,Yamamoto,1990-12-18,78,218,Asian,medium,black,clean_shaven,S,P,,1,RP,CL,,,,,51,,,,52,52,49,50,52,53,55,57,62,65,0,0,0,,,,,0,,,,49,51,46,49,45,44,46,52,52,61,0,0,0,False,,,0,,,,,,0,50,closer,
P9651,Hector,Lopez,2002-06-13,69,178,Hispanic,dark,red,clean_shaven,L,P,,1,RP,SP,,,,,52,,,,49,53,53,50,53,53,50,60,60,0,0,0,0,,,,,0,,,,55,62,65,60,63,60,55,74,71,0,0,0,0,False,,,0,,,,,,0,50,finesse_sp,
P7908,Jamal,Young,1991-07-10,70,203,African,medium,black,goatee,R,P,,1,RP,SP,,,,,49,,,,51,50,50,52,52,49,53,63,60,0,0,0,0,,,,,0,,,,48,50,50,44,47,41,51,60,57,0,0,0,0,False,,,0,,,,,,0,50,finesse_sp,
P2217,Sung,Patel,1995-09-18,72,229,Asian,light,black,clean_shaven,R,P,,1,RP,RP,,,,,54,,,,49,51,48,51,52,53,50,57,0,64,59,0,0,,,,,0,,,,49,49,56,54,47,58,51,52,0,65,61,0,0,False,,,0,,,,,,0,50,groundball_rp,
P6456,Percy,Mitchell,1989-07-03,74,173,African,dark,black,goatee,S,P,,1,RP,SP,,,,,48,,,,48,54,52,52,53,49,53,0,59,59,0,57,0,,,,,0,,,,45,48,51,47,48,43,45,0,49,57,0,47,0,False,,,0,,,,,,0,50,power_sp,
P6039,Weldon,Caughman,1996-05-10,77,197,Anglo,light,brown,beard,R,P,,1,RP,RP,,,,,55,,,,49,49,52,50,53,50,52,0,0,0,63,0,0,,,,,0,,,,45,53,51,56,55,52,55,0,0,0,58,0,0,False,,,0,,,,,,0,50,groundball_rp,
P5694,Sung,Nguyen,1996-04-07,75,250,Asian,light,black,clean_shaven,L,P,,1,RP,RP,,,,,51,,,,51,51,49,51,52,48,54,0,58,0,0,0,0,,,,,0,,,,49,51,49,55,49,50,52,0,60,0,0,0,0,False,,,0,,,,,,0,50,power_rp,
P4792,Yong,Hassan,1996-06-08,68,183,Asian,medium,black,clean_shaven,L,P,,1,RP,RP,,,,,49,,,,51,50,48,50,52,50,52,0,60,66,0,0,0,,,,,0,,,,54,53,45,54,44,46,50,0,60,69,0,0,0,False,,,0,,,,,,0,50,power_rp,
P6046,Yong,Yamamoto,1987-08-18,73,180,Asian,light,black,goatee,R,P,,1,RP,SP,,,,,51,,,,51,49,53,50,53,50,52,59,61,61,61,0,0,,,,,0,,,,41,45,40,48,46,41,50,57,57,56,51,0,0,False,,,0,,,,,,0,50,groundball_sp,
P6181,Carol,Warncke,1987-10-05,70,221,Anglo,light,brown,mustache,L,C,,0,,,52,53,50,53,51,49,51,51,53,51,,,,,,,,,,,,48,52,40,44,51,0,0,51,44,46,,,,,,,,,,,,False,,,0,,,,,,0,50,,average
P3913,Sung,Zhang,2004-09-28,78,181,Asian,medium,black,goatee,R,1B,,0,,,52,54,50,51,52,52,58,49,52,48,,,,,,,,,,,,69,65,79,71,52,0,0,49,80,67,,,,,,,,,,,,False,,,0,,,,,,0,50,,average
P6146,Shane,Polselli,1987-06-15,76,226,Anglo,light,brown,clean_shaven,S,2B,,0,,,58,52,51,55,49,49,52,51,49,50,,,,,,,,,,,,56,45,49,54,49,0,0,51,49,50,,,,,,,,,,,,False,,,0,,,,,,0,50,,spray
P3169,Sung,Hassan,2003-05-01,77,211,Asian,dark,black,clean_shaven,L,3B,,0,,,58,52,50,54,52,50,51,49,49,49,,,,,,,,,,,,64,59,65,60,52,0,0,49,58,63,,,,,,,,,,,,False,,,0,,,,,,0,50,,spray
P4830,Miguel,Cruz,1997-03-24,71,179,Hispanic,medium,brown,clean_shaven,R,SS,,0,,,54,52,51,50,51,52,60,49,53,48,,,,,,,,,,,,54,55,46,50,51,0,0,49,49,44,,,,,,,,,,,,False,,,0,,,,,,0,50,,gap
P2411,Sung,Pham,1988-11-09,72,218,Asian,light,black,clean_shaven,R,LF,,0,,,52,53,50,51,52,49,59,51,49,50,,,,,,,,,,,,52,49,49,45,52,0,0,51,40,46,,,,,,,,,,,,False,,,0,,,,,,0,50,,average
P1521,Antonio,Rivera,2003-01-10,70,224,Hispanic,dark,black,beard,R,CF,,0,,,51,48,77,52,51,50,57,51,48,52,,,,,,,,,,,,61,53,82,64,51,0,0,51,62,65,,,,,,,,,,,,False,,,0,,,,,,0,50,,speed
P3086,Rodger,Net,1993-11-10,77,202,Anglo,light,blonde,mustache,R,RF,,0,,,52,51,51,52,53,50,58,51,52,48,,,,,,,,,,,,49,41,51,49,53,0,0,51,52,40,,,,,,,,,,,,False,,,0,,,,,,0,50,,average
P1921,Leroy,King,2000-02-07,72,228,African,dark,brown,beard,R,1B,,0,,,48,64,51,50,49,54,56,52,50,51,,,,,,,,,,,,57,70,58,65,49,0,0,52,61,58,,,,,,,,,,,,False,,,0,,,,,,0,50,,power
P4080,Dion,Groshek,2004-01-01,71,174,Anglo,medium,blonde,goatee,R,SS,,0,,,51,53,53,50,48,48,59,53,49,48,,,,,,,,,,,,65,65,66,59,48,0,0,53,62,61,,,,,,,,,,,,False,,,0,,,,,,0,50,,balanced
P7584,Roberto,Gonzalez,1988-08-02,77,248,Hispanic,light,black,clean_shaven,R,RF,,0,,,53,59,51,49,47,53,52,49,52,52,,,,,,,,,,,,43,57,47,49,47,0,0,49,46,52,,,,,,,,,,,,False,,,0,,,,,,0,50,,power
P9748,Leroy,Jefferson,2004-05-07,71,180,African,dark,black,beard,R,1B,,0,,,70,58,54,50,53,51,54,49,51,52,,,,,,,,,,,,80,71,76,66,53,0,0,49,68,64,,,,,,,,,,,,False,,,0,,,,,,0,50,,spray
P9959,Malik,Young,2001-11-03,76,203,African,dark,black,mustache,R,SS,,0,,,50,48,70,50,50,52,58,49,49,49,,,,,,,,,,,,63,58,80,61,50,0,0,49,63,59,,,,,,,,,,,,False,,,0,,,,,,0,50,,speed
P9891,Kristofer,Katoa,1992-03-07,73,216,Anglo,dark,blonde,beard,R,LF,,0,,,65,64,50,51,47,50,59,50,50,51,,,,,,,,,,,,63,58,44,42,47,0,0,50,42,51,,,,,,,,,,,,False,,,0,,,,,,0,50,,gap
P3724,Jefferson,Constante,2004-08-19,70,217,Anglo,medium,blonde,beard,S,P,,1,RP,CL,,,,,55,,,,49,53,49,50,54,50,54,60,60,66,0,0,0,,,,,0,,,,64,65,60,75,60,61,65,86,87,80,0,0,0,False,,,0,,,,,,0,50,closer,
P8148,Luis,Diaz,2001-08-27,74,181,Hispanic,medium,brown,beard,R,P,,1,RP,SP,,,,,53,,,,49,53,52,52,54,53,53,0,60,0,60,0,0,,,,,0,,,,62,68,67,65,58,61,66,0,71,0,72,0,0,False,,,0,,,,,,0,50,groundball_sp,
P9701,Rufus,Jackson,2000-10-30,71,221,African,medium,black,mustache,L,P,,1,RP,SP,,,,,52,,,,52,52,53,50,53,48,51,62,61,0,0,0,0,,,,,0,,,,63,63,57,62,68,58,60,72,66,0,0,0,0,False,,,0,,,,,,0,50,workhorse_sp,
P6566,Jermaine,King,1999-05-11,70,166,African,dark,black,clean_shaven,L,P,,1,RP,SP,,,,,52,,,,53,49,54,52,52,52,51,58,58,61,0,0,0,,,,,0,,,,61,54,57,61,68,66,60,68,69,76,0,0,0,False,,,0,,,,,,0,50,workhorse_sp,
P3104,Timmy,Altschuler,2002-03-21,70,164,Anglo,dark,brown,clean_shaven,L,P,,1,RP,SP,,,,,49,,,,51,51,52,50,53,50,50,0,0,61,59,0,0,,,,,0,,,,58,56,63,65,66,65,55,0,0,72,66,0,0,False,,,0,,,,,,0,50,groundball_sp,
P5841,Sung,Singh,2004-07-07,75,233,Asian,medium,black,clean_shaven,L,P,,1,RP,RP,,,,,51,,,,50,52,52,50,53,51,54,0,59,63,0,58,0,,,,,0,,,,69,81,80,79,64,61,83,0,76,86,0,77,0,False,,,0,,,,,,0,50,power_rp,
P8353,Sung,Le,1996-10-29,71,201,Asian,medium,black,mustache,R,P,,1,RP,RP,,,,,50,,,,49,49,51,50,52,53,52,57,59,0,0,55,0,,,,,0,,,,46,51,45,47,51,57,49,60,56,0,0,56,0,False,,,0,,,,,,0,50,finesse_rp,
P3009,Jorge,Perez,1997-09-07,75,240,Hispanic,dark,black,clean_shaven,R,2B,,0,,,52,62,47,49,49,50,56,50,50,53,,,,,,,,,,,,51,57,43,47,49,0,0,50,49,54,,,,,,,,,,,,False,,,0,,,,,,0,50,,power
P1575,Yong,Huang,1993-03-30,76,224,Asian,light,black,clean_shaven,R,3B,LF,0,,,57,51,54,53,50,48,56,53,51,52,,,,,,,,,,,,52,44,50,47,50,0,0,53,51,46,,,,,,,,,,,,False,,,0,,,,,,0,50,,spray
P1689,Tommy,Hanlon,2002-02-11,75,240,Anglo,medium,blonde,clean_shaven,L,2B,,0,,,54,49,85,54,50,51,48,50,52,51,,,,,,,,,,,,64,59,90,63,50,0,0,50,59,62,,,,,,,,,,,,False,,,0,,,,,,0,50,,elite_speed
P3794,Percy,Washington,1995-11-12,68,193,African,medium,black,beard,R,2B,,0,,,63,47,48,58,50,48,59,53,49,49,,,,,,,,,,,,61,51,48,61,50,0,0,53,52,50,,,,,,,,,,,,False,,,0,,,,,,0,50,,spray
P5531,Reinaldo,Pilgreen,1992-09-27,73,218,Anglo,light,black,goatee,R,C,,0,,,50,52,49,49,53,49,57,48,53,51,,,,,,,,,,,,48,48,43,40,53,0,0,48,47,50,,,,,,,,,,,,False,,,0,,,,,,0,50,,balanced
P9549,Sung,Tran,2002-07-31,72,205,Asian,medium,black,clean_shaven,R,2B,,0,,,55,51,51,54,50,50,57,51,50,52,,,,,,,,,,,,61,66,58,65,50,0,0,51,63,67,,,,,,,,,,,,False,,,0,,,,,,0,50,,balanced
P2720,Malik,Scott,2003-09-12,78,218,African,dark,black,clean_shaven,R,LF,,0,,,54,55,53,53,49,49,58,49,51,51,,,,,,,,,,,,59,61,62,62,49,0,0,49,58,64,,,,,,,,,,,,False,,,0,,,,,,0,50,,gap
P5169,Carlos,Rodriguez,1991-09-26,76,225,Hispanic,medium,black,beard,L,RF,,0,,,50,51,52,50,50,49,49,48,52,52,,,,,,,,,,,,45,47,50,46,50,0,0,48,51,51,,,,,,,,,,,,False,,,0,,,,,,0,50,,balanced
P1777,Sung,Khan,2004-10-29,71,245,Asian,medium,black,clean_shaven,L,P,,1,RP,CL,,,,,55,,,,48,50,47,51,52,51,51,58,0,67,0,0,0,,,,,0,,,,77,67,67,75,74,62,64,69,0,92,0,0,0,False,,,0,,,,,,0,50,closer,
P3962,Darnell,Jefferson,2007-01-02,77,181,African,dark,black,clean_shaven,L,P,,1,RP,SP,,,,,54,,,,49,49,49,53,52,51,51,0,59,0,59,0,0,,,,,0,,,,67,72,69,77,65,81,61,0,72,0,87,0,0,False,,,0,,,,,,0,50,groundball_sp,
P6524,Sung,Tanaka,2006-10-14,78,199,Asian,light,black,clean_shaven,L,P,,1,RP,LR,,,,,52,,,,52,49,52,53,53,52,50,61,62,63,0,0,0,,,,,0,,,,82,72,73,66,80,63,69,91,72,83,0,0,0,False,,,0,,,,,,0,50,long_relief,
P1303,Carlos,Reyes,2004-05-04,77,192,Hispanic,medium,brown,clean_shaven,L,P,,1,RP,SP,,,,,48,,,,49,51,50,51,54,49,51,63,63,61,0,0,0,,,,,0,,,,62,68,67,65,74,62,63,78,90,78,0,0,0,False,,,0,,,,,,0,50,finesse_sp,
P3463,Mose,Hadson,2006-02-02,70,225,Anglo,light,black,clean_shaven,L,P,,1,RP,SP,,,,,51,,,,49,50,50,50,52,52,50,0,63,61,0,0,0,,,,,0,,,,74,65,66,74,68,76,61,0,77,83,0,0,0,False,,,0,,,,,,0,50,power_sp,
P4615,Rufus,Allen,2006-06-18,70,221,African,dark,brown,clean_shaven,R,SS,,0,,,56,59,50,50,50,48,56,53,48,49,,,,,,,,,,,,77,82,73,62,50,0,0,53,74,64,,,,,,,,,,,,False,,,0,,,,,,0,50,,gap
P5331,Brad,Camire,2005-05-23,76,217,Anglo,light,brown,mustache,S,2B,,0,,,57,53,49,54,50,48,54,51,52,52,,,,,,,,,,,,67,78,79,80,50,0,0,51,64,68,,,,,,,,,,,,False,,,0,,,,,,0,50,,gap
P7994,Tyrone,Carter,2004-05-03,78,190,African,dark,black,goatee,S,CF,,0,,,52,48,52,50,50,52,49,52,49,52,,,,,,,,,,,,77,71,62,79,50,0,0,52,60,77,,,,,,,,,,,,False,,,0,,,,,,0,50,,balanced
P7758,Xavier,Walker,2004-04-06,73,201,African,dark,black,beard,L,CF,,0,,,52,51,51,49,51,49,42,49,48,52,,,,,,,,,,,,62,81,81,68,51,0,0,49,68,73,,,,,,,,,,,,False,,,0,,,,,,0,50,,average
P7204,Leroy,Young,2007-10-16,72,225,African,dark,black,goatee,L,CF,,0,,,50,52,52,49,49,48,46,49,50,50,,,,,,,,,,,,67,79,70,77,49,0,0,49,80,73,,,,,,,,,,,,False,,,0,,,,,,0,50,,balanced
P6585,Yong,Khan,1989-02-26,78,186,Asian,light,black,clean_shaven,R,P,,1,RP,CL,,,,,55,,,,53,54,49,51,54,52,54,0,61,65,0,0,0,,,,,0,,,,43,46,51,47,41,50,54,0,52,64,0,0,0,False,,,0,,,,,,0,50,closer,
P7820,Yong,Lin,1993-03-17,72,238,Asian,medium,brown,clean_shaven,L,P,,1,RP,SP,,,,,51,,,,51,49,50,53,53,50,54,61,63,61,56,0,0,,,,,0,,,,46,40,53,52,42,41,45,52,59,56,47,0,0,False,,,0,,,,,,0,50,balanced_sp,
P3596,Yong,Nguyen,1988-05-15,75,186,Asian,medium,brown,clean_shaven,S,P,,1,RP,SP,,,,,51,,,,51,52,52,50,54,50,53,59,59,62,0,0,0,,,,,0,,,,41,44,44,53,44,47,45,50,50,61,0,0,0,False,,,0,,,,,,0,50,balanced_sp,
P6495,Deshawn,Green,1987-05-19,68,207,African,dark,black,goatee,L,P,,1,RP,SP,,,,,50,,,,48,51,53,53,52,50,52,0,61,62,0,54,0,,,,,0,,,,41,49,47,48,43,43,46,0,57,61,0,53,0,False,,,0,,,,,,0,50,power_sp,
P7991,Fausto,Runions,1993-10-13,73,250,Anglo,light,black,clean_shaven,R,P,,1,RP,SP,,,,,48,,,,50,53,50,53,52,52,52,62,61,59,0,0,0,,,,,0,,,,40,45,46,48,42,47,49,52,60,54,0,0,0,False,,,0,,,,,,0,50,workhorse_sp,
P3037,Xavier,Mitchell,1991-02-27,78,173,African,dark,black,clean_shaven,L,P,,1,RP,RP,,,,,52,,,,53,51,49,52,54,53,51,60,59,0,0,57,0,,,,,0,,,,48,49,50,45,48,45,44,60,54,0,0,48,0,False,,,0,,,,,,0,50,finesse_rp,
P1388,Rufus,Taylor,2001-03-28,72,242,African,dark,black,clean_shaven,L,P,,1,RP,RP,,,,,49,,,,47,50,48,50,54,53,52,58,60,65,0,0,0,,,,,0,,,,59,57,62,68,54,61,63,72,71,78,0,0,0,False,,,0,,,,,,0,50,finesse_rp,
P4528,Carlos,Gomez,1992-02-17,70,228,Hispanic,light,black,mustache,L,P,,1,RP,SP,,,,,52,,,,49,50,53,51,54,50,51,59,61,61,57,0,0,,,,,0,,,,48,41,50,47,48,49,49,52,59,61,48,0,0,False,,,0,,,,,,0,50,balanced_sp,
P7341,Luke,Glessner,1992-07-12,70,198,Anglo,medium,blonde,clean_shaven,R,P,,1,RP,SP,,,,,51,,,,52,49,49,50,54,53,50,63,60,59,0,0,0,,,,,0,,,,52,41,46,52,42,50,45,54,58,54,0,0,0,False,,,0,,,,,,0,50,finesse_sp,
P8483,Yong,Li,1996-04-29,72,196,Asian,light,black,clean_shaven,R,P,,1,RP,SP,,,,,52,,,,49,51,52,50,53,53,53,62,62,0,0,54,0,,,,,0,,,,45,47,54,56,54,53,55,64,61,0,0,57,0,False,,,0,,,,,,0,50,finesse_sp,
P9687,Alonzo,Strait,2002-03-24,76,235,Anglo,medium,black,mustache,R,P,,1,RP,SP,,,,,50,,,,49,48,52,52,52,48,51,58,62,60,0,0,0,,,,,0,,,,59,58,58,67,65,53,61,66,68,74,0,0,0,False,,,0,,,,,,0,50,workhorse_sp,
P7487,Malik,Green,2002-12-06,73,170,African,dark,black,clean_shaven,R,C,,0,,,51,54,51,50,53,49,59,52,50,51,,,,,,,,,,,,58,59,65,55,53,0,0,52,63,66,,,,,,,,,,,,False,,,0,,,,,,0,50,,balanced
P1776,Yong,Wang,1995-12-13,75,235,Asian,medium,black,clean_shaven,R,1B,,0,,,50,59,53,50,50,49,57,49,52,51,,,,,,,,,,,,46,58,56,53,50,0,0,49,47,46,,,,,,,,,,,,False,,,0,,,,,,0,50,,balanced
P4900,Eduardo,Ortiz,1999-09-25,71,178,Hispanic,dark,brown,clean_shaven,S,2B,,0,,,53,51,75,51,51,48,53,53,53,49,,,,,,,,,,,,65,65,88,56,51,0,0,53,65,58,,,,,,,,,,,,False,,,0,,,,,,0,50,,speed
P2644,Darnell,Robinson,2001-11-26,70,205,African,medium,black,beard,R,3B,,0,,,50,50,51,49,51,47,55,53,51,49,,,,,,,,,,,,64,56,63,58,51,0,0,53,66,55,,,,,,,,,,,,False,,,0,,,,,,0,50,,average
P4975,Yong,Kim,2001-12-30,70,222,Asian,medium,black,clean_shaven,R,SS,,0,,,49,49,51,50,51,51,61,50,49,51,,,,,,,,,,,,60,55,65,57,51,0,0,50,57,63,,,,,,,,,,,,False,,,0,,,,,,0,50,,average
P4326,Tyrone,Taylor,1989-09-25,70,235,African,dark,black,mustache,R,LF,,0,,,50,57,50,53,48,51,58,51,50,51,,,,,,,,,,,,49,49,41,47,48,0,0,51,47,44,,,,,,,,,,,,False,,,0,,,,,,0,50,,gap
P9771,Willis,Matheney,1987-05-02,68,235,Anglo,light,brown,clean_shaven,R,CF,,0,,,54,47,70,53,53,51,53,49,47,52,,,,,,,,,,,,54,46,60,49,53,0,0,49,46,46,,,,,,,,,,,,False,,,0,,,,,,0,50,,speed
P6909,Ricardo,Garcia,1994-06-14,77,209,Hispanic,medium,black,goatee,S,RF,,0,,,50,47,70,49,52,50,50,48,49,52,,,,,,,,,,,,51,52,74,45,52,0,0,48,47,57,,,,,,,,,,,,False,,,0,,,,,,0,50,,speed
P1751,Sung,Lin,1989-06-27,75,217,Asian,light,black,clean_shaven,R,LF,,0,,,54,52,51,53,52,52,58,49,48,48,,,,,,,,,,,,51,47,49,52,52,0,0,49,45,45,,,,,,,,,,,,False,,,0,,,,,,0,50,,average
P3485,Augustus,Mainz,2002-06-07,68,242,Anglo,medium,blonde,clean_shaven,R,SS,,0,,,50,52,53,49,51,50,56,52,50,49,,,,,,,,,,,,63,64,67,63,51,0,0,52,55,54,,,,,,,,,,,,False,,,0,,,,,,0,50,,balanced
P5176,Sung,Choi,1999-06-14,69,211,Asian,medium,black,clean_shaven,R,1B,,0,,,48,61,51,49,49,50,56,48,49,49,,,,,,,,,,,,58,69,56,61,49,0,0,48,55,61,,,,,,,,,,,,False,,,0,,,,,,0,50,,power
P4850,Glenn,Freehling,1990-08-26,69,207,Anglo,light,brown,clean_shaven,R,2B,,0,,,54,49,77,55,51,50,55,52,50,52,,,,,,,,,,,,51,45,74,53,51,0,0,52,46,42,,,,,,,,,,,,False,,,0,,,,,,0,50,,speed
P9859,Pedro,Martinez,1997-07-30,76,186,Hispanic,light,black,clean_shaven,R,C,,0,,,52,52,47,49,52,50,56,51,50,53,,,,,,,,,,,,53,56,52,52,52,0,0,51,49,51,,,,,,,,,,,,False,,,0,,,,,,0,50,,average
P3340,Yong,Park,1990-02-03,68,162,Asian,medium,black,clean_shaven,R,RF,,0,,,50,56,52,50,50,50,54,51,49,51,,,,,,,,,,,,41,52,50,41,50,0,0,51,41,49,,,,,,,,,,,,False,,,0,,,,,,0,50,,power
P7600,Cedric,Harris,2002-08-29,68,223,African,dark,brown,goatee,S,P,,1,RP,CL,,,,,55,,,,50,52,48,53,54,51,56,56,58,65,0,0,0,,,,,0,,,,56,59,63,67,53,63,71,67,70,74,0,0,0,False,,,0,,,,,,0,50,closer,
P6781,Tyrone,Young,2002-11-28,75,224,African,dark,black,clean_shaven,S,P,,1,RP,SP,,,,,52,,,,53,48,51,51,53,49,51,59,59,0,0,0,0,,,,,0,,,,58,56,65,58,56,55,61,69,73,0,0,0,0,False,,,0,,,,,,0,50,finesse_sp,
P9120,Jorge,Gonzalez,1996-04-25,69,190,Hispanic,medium,brown,beard,R,P,,1,RP,SP,,,,,49,,,,52,50,54,52,52,47,54,0,64,61,0,0,0,,,,,0,,,,56,50,54,55,53,51,55,0,65,59,0,0,0,False,,,0,,,,,,0,50,power_sp,
P7521,Yong,Tanaka,1995-05-14,77,239,Asian,medium,black,clean_shaven,L,P,,1,RP,RP,,,,,54,,,,48,53,48,50,52,53,51,60,60,0,60,0,0,,,,,0,,,,53,49,54,50,51,57,56,65,64,0,64,0,0,False,,,0,,,,,,0,50,groundball_rp,
P4632,Hal,Chauncey,1997-11-01,73,242,Anglo,dark,black,beard,R,P,,1,RP,SP,,,,,48,,,,48,53,52,54,54,51,53,60,59,57,56,0,0,,,,,0,,,,46,53,57,55,47,53,56,60,55,59,60,0,0,False,,,0,,,,,,0,50,finesse_sp,
P1179,Deshawn,Harris,2004-08-02,76,196,African,medium,black,clean_shaven,R,P,,1,RP,CL,,,,,49,,,,51,54,49,50,52,48,53,0,0,65,0,0,0,,,,,0,,,,76,78,70,65,69,67,72,0,0,94,0,0,0,False,,,0,,,,,,0,50,closer,
P4097,Manuel,Vargas,2002-02-10,74,189,Hispanic,light,black,goatee,R,P,,1,RP,SP,,,,,49,,,,50,54,52,53,52,48,53,0,61,60,0,0,0,,,,,0,,,,65,61,67,57,66,62,65,0,75,74,0,0,0,False,,,0,,,,,,0,50,power_sp,
P9862,Percy,Walker,1996-05-07,73,205,African,dark,black,clean_shaven,L,CF,,0,,,54,53,53,52,51,49,43,51,48,50,,,,,,,,,,,,57,56,53,53,51,0,0,51,49,47,,,,,,,,,,,,False,,,0,,,,,,0,50,,average
P2089,Darnell,White,1992-12-30,76,213,African,dark,brown,clean_shaven,R,LF,,0,,,52,53,51,51,53,50,56,52,49,49,,,,,,,,,,,,44,51,43,42,53,0,0,52,44,41,,,,,,,,,,,,False,,,0,,,,,,0,50,,average
P3036,Isaias,Seise,1990-10-16,78,183,Anglo,light,red,mustache,R,2B,,0,,,58,52,50,53,49,48,57,52,48,53,,,,,,,,,,,,58,52,46,46,49,0,0,52,43,52,,,,,,,,,,,,False,,,0,,,,,,0,50,,spray
P6554,Jorge,Rivera,1998-12-18,78,182,Hispanic,light,brown,clean_shaven,S,C,,0,,,51,53,48,51,52,49,51,49,52,49,,,,,,,,,,,,58,65,54,64,52,0,0,49,66,55,,,,,,,,,,,,False,,,0,,,,,,0,50,,balanced
P4114,Cyrus,Humpal,1992-06-29,74,213,Anglo,light,blonde,beard,R,C,,0,,,58,52,51,53,49,48,58,52,53,51,,,,,,,,,,,,54,52,47,52,49,0,0,52,45,47,,,,,,,,,,,,False,,,0,,,,,,0,50,,spray
P9172,Carlos,Hernandez,1990-07-31,69,201,Hispanic,light,red,clean_shaven,L,SS,,0,,,50,51,51,51,50,48,49,51,52,49,,,,,,,,,,,,50,50,46,48,50,0,0,51,44,43,,,,,,,,,,,,False,,,0,,,,,,0,50,,average
P1591,Rafael,Cruz,1997-10-14,78,237,Hispanic,medium,blonde,clean_shaven,R,3B,,0,,,51,52,51,49,49,50,59,50,48,48,,,,,,,,,,,,48,48,48,46,49,0,0,50,48,45,,,,,,,,,,,,False,,,0,,,,,,0,50,,balanced
P2882,Antonio,Flores,1987-07-05,71,227,Hispanic,medium,brown,beard,L,RF,,0,,,51,57,49,52,52,51,45,49,49,52,,,,,,,,,,,,42,56,44,48,52,0,0,49,45,47,,,,,,,,,,,,False,,,0,,,,,,0,50,,gap
P1159,Jose,Gomez,2006-04-12,75,242,Hispanic,dark,black,clean_shaven,L,P,,1,RP,CL,,,,,55,,,,52,54,49,50,52,49,52,60,60,65,0,0,0,,,,,0,,,,76,76,72,62,66,74,72,88,79,90,0,0,0,False,,,0,,,,,,0,50,closer,
P3431,Olen,Spirer,2004-09-15,69,198,Anglo,medium,black,clean_shaven,R,P,,1,RP,RP,,,,,50,,,,49,49,48,51,53,50,52,59,62,0,0,0,0,,,,,0,,,,65,67,67,73,68,62,71,81,83,0,0,0,0,False,,,0,,,,,,0,50,finesse_rp,
P6288,Pedro,Vargas,2005-05-02,71,173,Hispanic,medium,red,clean_shaven,R,P,,1,RP,SP,,,,,50,,,,52,50,51,50,52,50,53,59,58,60,57,0,0,,,,,0,,,,72,66,64,79,66,70,63,85,86,74,69,0,0,False,,,0,,,,,,0,50,groundball_sp,
P1862,Hector,Martinez,2007-04-30,75,203,Hispanic,dark,black,clean_shaven,R,P,,1,RP,SP,,,,,49,,,,52,53,52,50,52,51,52,0,60,60,0,0,0,,,,,0,,,,73,71,76,71,64,75,71,0,88,89,0,0,0,False,,,0,,,,,,0,50,power_sp,
P3495,Percy,Allen,2004-04-01,74,243,African,dark,brown,clean_shaven,L,P,,1,RP,LR,,,,,53,,,,48,51,51,51,53,50,52,57,60,0,0,0,0,,,,,0,,,,66,65,65,82,63,74,77,72,89,0,0,0,0,False,,,0,,,,,,0,50,long_relief,
P2842,Clifford,Sandoral,2005-02-18,75,196,Anglo,light,blonde,goatee,R,3B,,0,,,54,52,49,50,47,51,59,52,52,49,,,,,,,,,,,,73,81,74,78,47,0,0,52,74,69,,,,,,,,,,,,False,,,0,,,,,,0,50,,balanced
P4811,Percy,Carter,2007-10-09,74,185,African,medium,black,clean_shaven,R,3B,,0,,,49,48,49,48,52,51,57,50,50,51,,,,,,,,,,,,76,60,75,66,52,0,0,50,79,76,,,,,,,,,,,,False,,,0,,,,,,0,50,,average
P8491,Leroy,Scott,2006-09-25,75,188,African,dark,black,mustache,R,RF,3B,0,,,51,53,49,50,51,50,59,50,52,52,,,,,,,,,,,,63,78,67,62,51,0,0,50,64,73,,,,,,,,,,,,False,,,0,,,,,,0,50,,balanced
P3003,Jermaine,Carter,2007-02-21,69,230,African,dark,black,clean_shaven,S,C,,0,,,52,47,70,50,51,51,54,51,53,50,,,,,,,,,,,,70,69,83,67,51,0,0,51,79,68,,,,,,,,,,,,False,,,0,,,,,,0,50,,speed
P3863,Werner,Canzoneri,2004-11-10,75,174,Anglo,light,black,beard,R,LF,,0,,,59,66,51,53,47,52,56,52,48,52,,,,,,,,,,,,82,79,79,82,47,0,0,52,77,73,,,,,,,,,,,,False,,,0,,,,,,0,50,,gap
P8693,Louis,Chancy,2003-01-11,76,172,Anglo,light,brown,mustache,R,P,,1,RP,CL,,,,,55,,,,48,53,50,51,52,51,53,0,0,65,0,0,0,,,,,0,,,,57,60,63,66,56,56,58,0,0,75,0,0,0,False,,,0,,,,,,0,50,closer,
P8191,Francisco,Perez,1989-03-26,74,234,Hispanic,medium,blonde,beard,L,P,,1,RP,SP,,,,,51,,,,52,52,54,50,52,50,51,61,64,0,0,55,0,,,,,0,,,,43,47,50,43,45,40,41,56,58,0,0,54,0,False,,,0,,,,,,0,50,finesse_sp,
P6941,Percy,Young,1991-03-15,75,216,African,dark,black,beard,L,P,,1,RP,SP,,,,,51,,,,53,50,52,50,52,50,49,0,62,0,62,0,0,,,,,0,,,,51,43,48,50,45,43,43,0,59,0,62,0,0,False,,,0,,,,,,0,50,groundball_sp,
P5828,Carlos,Vasquez,2000-06-22,73,210,Hispanic,medium,black,clean_shaven,R,P,,1,RP,RP,,,,,53,,,,51,52,53,50,52,49,54,0,0,0,61,0,0,,,,,0,,,,63,57,58,57,61,55,59,0,0,0,70,0,0,False,,,0,,,,,,0,50,groundball_rp,
P4494,Cedric,Carter,1996-01-12,76,194,African,dark,black,goatee,R,P,,1,RP,SP,,,,,49,,,,53,54,51,51,52,49,51,0,63,64,0,0,0,,,,,0,,,,55,53,55,56,55,54,51,0,63,69,0,0,0,False,,,0,,,,,,0,50,power_sp,
P4543,Deshawn,Baker,1987-06-30,74,248,African,medium,brown,clean_shaven,L,P,,1,RP,SP,,,,,48,,,,51,49,50,52,52,50,53,60,62,61,0,54,0,,,,,0,,,,51,41,52,51,42,41,50,56,58,58,0,54,0,False,,,0,,,,,,0,50,workhorse_sp,
P8905,Cedric,Jackson,1987-08-14,72,197,African,medium,brown,mustache,S,P,,1,RP,RP,,,,,51,,,,52,51,52,52,52,53,51,58,62,0,0,0,0,,,,,0,,,,51,50,42,43,51,43,42,48,60,0,0,0,0,False,,,0,,,,,,0,50,finesse_rp,
P1169,Tyrone,Gaines,1992-01-08,72,234,African,dark,black,clean_shaven,L,P,,1,RP,RP,,,,,51,,,,53,52,51,50,54,49,53,0,61,64,0,54,0,,,,,0,,,,51,47,47,52,41,42,50,0,51,54,0,54,0,False,,,0,,,,,,0,50,power_rp,
P8589,Percy,Harris,1996-11-12,69,182,African,dark,black,mustache,R,P,,1,RP,SP,,,,,51,,,,52,51,54,51,52,50,53,0,63,61,0,0,0,,,,,0,,,,51,50,53,53,54,55,52,0,59,57,0,0,0,False,,,0,,,,,,0,50,power_sp,
P9617,Glenn,Klaja,1995-11-11,76,243,Anglo,dark,brown,mustache,L,P,,1,RP,RP,,,,,50,,,,50,50,47,53,54,50,53,60,61,0,0,0,0,,,,,0,,,,50,50,54,49,51,47,53,56,61,0,0,0,0,False,,,0,,,,,,0,50,finesse_rp,
P6265,Francisco,Delgado,1991-08-17,72,208,Hispanic,light,blonde,beard,L,P,,1,RP,SP,,,,,50,,,,52,51,51,51,52,52,51,0,61,61,0,0,0,,,,,0,,,,50,46,44,52,41,45,43,0,58,53,0,0,0,False,,,0,,,,,,0,50,balanced_sp,
P9429,Deshawn,King,2004-10-04,74,168,African,dark,brown,clean_shaven,R,C,,0,,,58,50,50,53,52,50,57,50,52,49,,,,,,,,,,,,71,80,76,78,52,0,0,50,64,67,,,,,,,,,,,,False,,,0,,,,,,0,50,,spray
P9783,Eduardo,Torres,2003-02-25,71,198,Hispanic,light,black,mustache,R,1B,,0,,,52,56,53,51,53,52,56,52,50,51,,,,,,,,,,,,62,61,63,63,53,0,0,52,61,63,,,,,,,,,,,,False,,,0,,,,,,0,50,,average
P9027,Hubert,Rommelfanger,2000-02-08,77,208,Anglo,light,brown,beard,L,2B,,0,,,54,49,48,53,51,50,47,48,50,52,,,,,,,,,,,,61,59,58,58,51,0,0,48,65,63,,,,,,,,,,,,False,,,0,,,,,,0,50,,balanced
P4602,Roberto,Vargas,1997-11-23,78,230,Hispanic,medium,black,clean_shaven,R,3B,,0,,,50,50,51,51,50,49,58,52,52,52,,,,,,,,,,,,52,53,56,54,50,0,0,52,48,48,,,,,,,,,,,,False,,,0,,,,,,0,50,,balanced
P2157,Basil,Montore,1992-05-09,68,249,Anglo,light,brown,clean_shaven,R,SS,,0,,,49,52,53,48,50,50,57,52,51,47,,,,,,,,,,,,41,49,52,47,50,0,0,52,48,45,,,,,,,,,,,,False,,,0,,,,,,0,50,,average
P8872,Deshawn,Gaines,1998-10-21,72,210,African,dark,black,mustache,L,LF,,0,,,58,59,49,51,48,49,50,51,49,51,,,,,,,,,,,,73,72,54,64,48,0,0,51,59,58,,,,,,,,,,,,False,,,0,,,,,,0,50,,gap
P6568,Percy,King,1997-12-13,77,167,African,dark,black,goatee,R,CF,,0,,,55,49,50,52,52,50,58,50,49,49,,,,,,,,,,,,50,50,51,56,52,0,0,50,44,51,,,,,,,,,,,,False,,,0,,,,,,0,50,,spray
P5577,Alejandro,Flores,2004-11-17,71,214,Hispanic,medium,black,clean_shaven,L,RF,,0,,,53,55,49,52,52,53,46,49,51,50,,,,,,,,,,,,74,70,66,76,52,0,0,49,67,61,,,,,,,,,,,,False,,,0,,,,,,0,50,,balanced
P6745,Xavier,Harris,1987-09-02,73,220,African,dark,black,mustache,L,1B,,0,,,51,57,54,49,53,50,47,50,48,48,,,,,,,,,,,,50,55,51,44,53,0,0,50,40,40,,,,,,,,,,,,False,,,0,,,,,,0,50,,balanced
P3271,Deshawn,Scott,2004-06-03,68,166,African,dark,black,beard,R,SS,,0,,,53,51,54,51,51,51,58,49,49,50,,,,,,,,,,,,66,75,68,75,51,0,0,49,68,74,,,,,,,,,,,,False,,,0,,,,,,0,50,,balanced
P9099,Felipe,Goodwater,1991-06-08,75,216,Anglo,medium,brown,clean_shaven,R,SS,,0,,,53,51,50,52,49,51,59,49,48,50,,,,,,,,,,,,45,41,44,46,49,0,0,49,39,42,,,,,,,,,,,,False,,,0,,,,,,0,50,,average
P5942,Malik,White,2004-08-05,69,165,African,dark,black,clean_shaven,R,C,,0,,,51,52,52,52,53,50,56,48,51,51,,,,,,,,,,,,66,72,82,78,53,0,0,48,64,79,,,,,,,,,,,,False,,,0,,,,,,0,50,,average
P6628,Teddy,Pong,1990-01-23,68,190,Anglo,light,black,beard,S,CF,,0,,,51,51,53,52,52,50,49,50,52,52,,,,,,,,,,,,45,49,47,46,52,0,0,50,47,48,,,,,,,,,,,,False,,,0,,,,,,0,50,,average
P6688,Terrell,Michniak,2002-01-27,74,172,Anglo,light,blonde,clean_shaven,R,3B,,0,,,55,48,51,54,53,50,55,49,49,52,,,,,,,,,,,,62,56,61,61,53,0,0,49,60,67,,,,,,,,,,,,False,,,0,,,,,,0,50,,spray
P8381,Seymour,Grew,2001-07-30,77,217,Anglo,medium,red,mustache,L,P,,1,RP,CL,,,,,55,,,,51,54,50,50,52,48,51,0,0,67,0,0,0,,,,,0,,,,64,63,63,60,61,54,57,0,0,77,0,0,0,False,,,0,,,,,,0,50,closer,
P7484,Dwight,Mccowan,2001-03-10,69,206,Anglo,light,brown,clean_shaven,L,P,,1,RP,SP,,,,,50,,,,51,51,50,50,52,51,51,0,62,60,0,0,0,,,,,0,,,,61,60,56,67,65,66,66,0,72,66,0,0,0,False,,,0,,,,,,0,50,workhorse_sp,
P3940,Manual,Brasseux,1990-10-18,73,228,Anglo,light,brown,clean_shaven,R,P,,1,RP,SP,,,,,51,,,,53,49,52,50,52,49,52,62,61,0,0,54,0,,,,,0,,,,44,39,42,46,47,48,44,56,54,0,0,48,0,False,,,0,,,,,,0,50,finesse_sp,
P2577,Jamal,Jackson,1993-03-06,78,218,African,dark,black,clean_shaven,L,P,,1,RP,SP,,,,,50,,,,51,51,50,50,53,50,51,60,61,0,0,0,0,,,,,0,,,,50,47,44,50,43,43,47,51,58,0,0,0,0,False,,,0,,,,,,0,50,workhorse_sp,
P7236,Myles,Hales,2001-03-16,69,244,Anglo,light,black,goatee,L,P,,1,RP,SP,,,,,54,,,,53,51,50,53,52,49,52,61,0,0,62,0,0,,,,,0,,,,66,61,67,60,61,57,64,68,0,0,75,0,0,False,,,0,,,,,,0,50,groundball_sp,
P5819,Asa,Marchell,1996-05-28,77,235,Anglo,medium,brown,clean_shaven,R,P,,1,RP,LR,,,,,53,,,,52,50,49,50,52,49,49,58,0,0,0,0,0,,,,,0,,,,47,51,45,51,52,50,45,63,0,0,0,0,0,False,,,0,,,,,,0,50,long_relief,
P9546,Fernando,Vasquez,1994-12-23,72,180,Hispanic,light,blonde,beard,R,P,,1,RP,SP,,,,,50,,,,52,50,53,51,52,50,55,0,59,63,0,53,0,,,,,0,,,,47,53,50,55,50,55,53,0,63,64,0,58,0,False,,,0,,,,,,0,50,power_sp,
P1452,Jose,Cruz,2001-07-13,75,198,Hispanic,dark,black,clean_shaven,L,CF,,0,,,50,54,49,51,50,54,44,50,48,52,,,,,,,,,,,,61,62,62,59,50,0,0,50,54,60,,,,,,,,,,,,False,,,0,,,,,,0,50,,balanced
P9588,Mikel,Bogaert,2003-07-17,71,232,Anglo,light,red,clean_shaven,R,3B,,0,,,50,52,49,50,47,51,59,49,51,50,,,,,,,,,,,,59,59,56,62,47,0,0,49,61,65,,,,,,,,,,,,False,,,0,,,,,,0,50,,balanced
P2948,Luis,Cruz,2002-06-21,77,208,Hispanic,medium,brown,goatee,L,2B,,0,,,52,59,50,49,48,49,51,50,51,52,,,,,,,,,,,,63,71,61,56,48,0,0,50,56,62,,,,,,,,,,,,False,,,0,,,,,,0,50,,power
P4773,Malik,Jefferson,2003-03-09,71,250,African,dark,brown,clean_shaven,R,C,,0,,,53,53,48,53,51,49,58,50,51,49,,,,,,,,,,,,58,62,62,67,51,0,0,50,58,63,,,,,,,,,,,,False,,,0,,,,,,0,50,,balanced
P5333,Tyrone,Washington,1994-10-10,70,241,African,dark,brown,mustache,L,CF,,0,,,51,58,51,50,47,54,44,53,51,51,,,,,,,,,,,,49,53,54,51,47,0,0,53,55,47,,,,,,,,,,,,False,,,0,,,,,,0,50,,power
P1429,Hector,Gonzalez,2005-02-14,71,183,Hispanic,light,blonde,clean_shaven,L,RF,CF,0,,,53,47,49,51,49,47,48,52,50,50,,,,,,,,,,,,72,61,66,75,49,0,0,52,62,71,,,,,,,,,,,,False,,,0,,,,,,0,50,,spray
P3097,Tuan,Shipe,1997-01-01,77,179,Anglo,light,blonde,clean_shaven,L,3B,,0,,,49,55,51,49,50,53,47,51,52,49,,,,,,,,,,,,44,53,54,52,50,0,0,51,53,52,,,,,,,,,,,,False,,,0,,,,,,0,50,,power
P6755,Andre,Ghrist,1999-02-04,76,248,Anglo,dark,blonde,clean_shaven,L,RF,,0,,,48,57,49,48,47,53,47,49,49,51,,,,,,,,,,,,58,63,54,63,47,0,0,49,57,64,,,,,,,,,,,,False,,,0,,,,,,0,50,,power
P4678,Cedric,Mitchell,2007-03-29,75,217,African,dark,black,clean_shaven,R,P,,1,RP,CL,,,,,55,,,,50,51,52,51,52,49,54,56,0,65,0,0,0,,,,,0,,,,67,75,68,73,66,63,78,77,0,77,0,0,0,False,,,0,,,,,,0,50,closer,
P1297,Xavier,Baker,2004-05-05,68,160,African,dark,black,clean_shaven,R,P,,1,RP,RP,,,,,48,,,,51,52,53,50,52,48,55,0,62,0,0,0,0,,,,,0,,,,62,63,64,73,69,62,78,0,79,0,0,0,0,False,,,0,,,,,,0,50,power_rp,
P8118,Xavier,Young,2007-11-24,70,225,African,dark,black,goatee,S,P,,1,RP,SP,,,,,49,,,,51,48,51,52,52,53,50,60,63,61,0,0,0,,,,,0,,,,81,76,65,68,78,83,79,79,93,77,0,0,0,False,,,0,,,,,,0,50,finesse_sp,
P3324,Roberto,Garcia,2005-02-11,71,243,Hispanic,medium,brown,clean_shaven,R,P,,1,RP,RP,,,,,52,,,,48,50,49,52,52,49,55,0,62,67,0,0,0,,,,,0,,,,70,63,72,82,79,77,74,0,84,77,0,0,0,False,,,0,,,,,,0,50,power_rp,
P9736,Cedric,Green,2005-09-27,69,217,African,dark,black,beard,L,P,,1,RP,SP,,,,,50,,,,52,50,50,50,52,49,50,62,0,60,0,0,0,,,,,0,,,,65,71,80,65,72,73,60,87,0,73,0,0,0,False,,,0,,,,,,0,50,balanced_sp,
P1484,Hector,Vasquez,2004-05-16,70,177,Hispanic,light,black,clean_shaven,L,RF,,0,,,49,59,51,51,48,50,46,49,50,53,,,,,,,,,,,,77,74,80,70,48,0,0,49,76,67,,,,,,,,,,,,False,,,0,,,,,,0,50,,power
P8233,Jermaine,Baker,2007-10-25,75,214,African,medium,black,clean_shaven,S,RF,,0,,,52,60,51,50,49,51,52,52,51,53,,,,,,,,,,,,62,74,67,62,49,0,0,52,69,78,,,,,,,,,,,,False,,,0,,,,,,0,50,,power
P1242,Fernando,Castillo,2004-11-07,71,243,Hispanic,light,black,clean_shaven,R,SS,,0,,,60,50,49,53,52,50,61,50,48,47,,,,,,,,,,,,77,80,66,82,52,0,0,50,77,72,,,,,,,,,,,,False,,,0,,,,,,0,50,,spray
P3787,Tyrone,Wright,2005-06-25,77,194,African,dark,black,clean_shaven,R,C,,0,,,50,51,51,49,51,48,58,52,50,53,,,,,,,,,,,,65,77,72,59,51,0,0,52,66,71,,,,,,,,,,,,False,,,0,,,,,,0,50,,balanced
P2717,Leroy,Walker,2006-11-04,71,225,African,dark,brown,clean_shaven,R,C,,0,,,50,52,48,51,49,52,59,50,51,51,,,,,,,,,,,,69,82,65,65,49,0,0,50,62,66,,,,,,,,,,,,False,,,0,,,,,,0,50,,average
P6544,Jewel,Nesseth,2003-04-25,74,187,Anglo,medium,brown,clean_shaven,L,P,,1,RP,CL,,,,,55,,,,51,52,49,53,59,53,56,0,0,65,0,0,0,,,,,0,,,,63,59,66,67,54,67,68,0,0,72,0,0,0,False,,,0,,,,,,0,50,closer,
P4741,Jacinto,Kupchinsky,1998-10-06,73,163,Anglo,light,brown,beard,L,P,,1,RP,RP,,,,,53,,,,47,52,51,50,52,48,54,0,0,64,0,0,0,,,,,0,,,,57,61,64,61,60,59,64,0,0,69,0,0,0,False,,,0,,,,,,0,50,power_rp,
P1286,Leroy,Wright,1992-02-25,71,181,African,dark,black,clean_shaven,R,P,,1,RP,RP,,,,,49,,,,53,51,51,52,53,50,52,0,61,0,0,0,0,,,,,0,,,,52,41,45,47,44,40,49,0,54,0,0,0,0,False,,,0,,,,,,0,50,power_rp,
P3124,Erin,Tencer,2000-12-07,68,243,Anglo,light,brown,clean_shaven,R,P,,1,RP,SP,,,,,50,,,,48,52,53,50,52,50,51,63,60,58,55,0,0,,,,,0,,,,53,61,58,67,64,59,66,71,65,64,67,0,0,False,,,0,,,,,,0,50,workhorse_sp,
P7947,Leroy,Green,1987-07-26,70,189,African,medium,black,beard,L,P,,1,RP,RP,,,,,57,,,,49,52,49,50,53,49,53,0,60,0,59,0,0,,,,,0,,,,41,47,47,49,40,41,53,0,51,0,50,0,0,False,,,0,,,,,,0,50,groundball_rp,
P2034,Deshawn,Washington,2001-03-24,72,184,African,dark,black,clean_shaven,L,P,,1,RP,SP,,,,,49,,,,52,49,53,52,52,50,49,0,62,60,0,0,0,,,,,0,,,,59,63,57,63,61,60,55,0,74,67,0,0,0,False,,,0,,,,,,0,50,workhorse_sp,
P6924,Tyrone,Scott,1990-03-29,74,168,African,medium,brown,clean_shaven,S,P,,1,RP,LR,,,,,52,,,,52,50,53,50,52,50,51,58,58,0,0,0,0,,,,,0,,,,42,43,40,51,45,44,41,58,49,0,0,0,0,False,,,0,,,,,,0,50,long_relief,
P9478,Cedric,Walker,1991-12-04,76,192,African,medium,brown,clean_shaven,R,P,,1,RP,SP,,,,,51,,,,50,52,54,51,53,49,52,59,62,61,0,0,0,,,,,0,,,,50,52,45,47,46,48,52,56,59,54,0,0,0,False,,,0,,,,,,0,50,workhorse_sp,
P2428,Cedric,Washington,1991-03-30,71,173,African,dark,black,clean_shaven,L,P,,1,RP,SP,,,,,48,,,,51,51,53,53,53,50,52,62,63,58,57,0,0,,,,,0,,,,49,46,46,44,47,40,46,55,61,49,49,0,0,False,,,0,,,,,,0,50,workhorse_sp,
P6083,Raul,Flores,1992-01-25,71,202,Hispanic,light,black,mustache,L,P,,1,RP,RP,,,,,54,,,,48,49,49,50,52,53,51,0,0,0,60,0,0,,,,,0,,,,39,43,40,42,42,53,50,0,0,0,60,0,0,False,,,0,,,,,,0,50,groundball_rp,
P5166,Xavier,Carter,1994-10-01,71,211,African,dark,black,clean_shaven,L,P,,1,RP,SP,,,,,50,,,,48,49,52,50,52,52,49,63,63,0,0,0,0,,,,,0,,,,49,51,45,52,57,53,53,58,66,0,0,0,0,False,,,0,,,,,,0,50,finesse_sp,
P4675,Luis,Sanchez,2003-04-03,76,167,Hispanic,light,brown,goatee,L,C,,0,,,50,50,49,49,49,50,47,52,51,52,,,,,,,,,,,,63,62,60,56,49,0,0,52,56,59,,,,,,,,,,,,False,,,0,,,,,,0,50,,average
P9045,Dannie,Ercolano,2004-09-20,73,231,Anglo,light,blonde,clean_shaven,L,1B,,0,,,50,60,48,49,50,50,49,50,48,50,,,,,,,,,,,,61,87,63,79,50,0,0,50,76,72,,,,,,,,,,,,False,,,0,,,,,,0,50,,power
P6802,Nigel,Bielecki,2003-08-20,70,174,Anglo,light,black,clean_shaven,L,2B,,0,,,59,50,52,53,49,51,46,49,50,50,,,,,,,,,,,,65,57,60,59,49,0,0,49,59,64,,,,,,,,,,,,False,,,0,,,,,,0,50,,spray
P2960,Jamal,Taylor,2001-11-14,74,172,African,dark,black,clean_shaven,R,3B,,0,,,56,57,53,54,48,52,57,50,52,50,,,,,,,,,,,,61,69,63,68,48,0,0,50,67,56,,,,,,,,,,,,False,,,0,,,,,,0,50,,gap
P8400,Luis,Ramirez,1998-12-15,77,169,Hispanic,dark,black,clean_shaven,R,SS,,0,,,64,59,50,54,51,50,59,51,49,52,,,,,,,,,,,,77,71,59,68,51,0,0,51,61,61,,,,,,,,,,,,False,,,0,,,,,,0,50,,gap
P3607,Jermaine,Jackson,1999-09-16,68,225,African,dark,black,beard,L,LF,,0,,,52,56,49,50,51,51,51,52,52,52,,,,,,,,,,,,64,64,62,61,51,0,0,52,58,60,,,,,,,,,,,,False,,,0,,,,,,0,50,,balanced
P8656,Kerry,Demer,1998-08-01,75,229,Anglo,medium,blonde,clean_shaven,L,CF,,0,,,49,49,51,50,52,49,47,49,51,51,,,,,,,,,,,,64,59,61,65,52,0,0,49,66,57,,,,,,,,,,,,False,,,0,,,,,,0,50,,average
P4953,Neal,Vollman,1988-05-18,73,197,Anglo,light,brown,clean_shaven,R,RF,,0,,,49,49,70,49,54,49,54,48,51,48,,,,,,,,,,,,44,42,62,49,54,0,0,48,41,43,,,,,,,,,,,,False,,,0,,,,,,0,50,,speed
P1736,Don,Leaks,2001-11-28,73,178,Anglo,medium,brown,clean_shaven,L,RF,,0,,,49,59,47,48,51,52,48,47,51,51,,,,,,,,,,,,60,73,52,60,51,0,0,47,57,58,,,,,,,,,,,,False,,,0,,,,,,0,50,,power
P1993,Fausto,Cummer,1991-02-13,75,217,Anglo,medium,red,clean_shaven,R,2B,,0,,,59,50,70,52,50,51,58,50,52,51,,,,,,,,,,,,56,48,61,52,50,0,0,50,50,42,,,,,,,,,,,,False,,,0,,,,,,0,50,,speed
P5748,Thanh,Wellen,1995-11-25,71,183,Anglo,medium,black,clean_shaven,R,3B,,0,,,57,51,51,54,49,48,55,48,52,51,,,,,,,,,,,,61,49,55,58,49,0,0,48,47,47,,,,,,,,,,,,False,,,0,,,,,,0,50,,spray
P5115,Ricardo,Martinez,2002-01-20,70,220,Hispanic,medium,brown,clean_shaven,R,C,,0,,,51,52,48,52,51,50,60,51,50,51,,,,,,,,,,,,57,64,63,63,51,0,0,51,59,58,,,,,,,,,,,,False,,,0,,,,,,0,50,,average
P7113,Alejandro,Gonzalez,1992-09-23,68,250,Hispanic,dark,brown,beard,S,2B,,0,,,54,49,52,52,50,52,51,49,52,48,,,,,,,,,,,,52,47,50,50,50,0,0,49,50,43,,,,,,,,,,,,False,,,0,,,,,,0,50,,balanced
P5518,Xavier,Wright,2000-07-20,76,213,African,dark,black,mustache,S,1B,,0,,,49,64,51,51,49,51,53,51,47,48,,,,,,,,,,,,54,77,60,59,49,0,0,51,57,57,,,,,,,,,,,,False,,,0,,,,,,0,50,,power
P8919,Odis,Carney,1989-12-28,68,242,Anglo,light,blonde,goatee,R,P,,1,RP,CL,,,,,55,,,,49,52,48,51,52,51,55,0,61,67,0,0,0,,,,,0,,,,46,49,51,48,43,42,48,0,57,67,0,0,0,False,,,0,,,,,,0,50,closer,
P9113,Luis,Ramos,1998-12-14,69,250,Hispanic,medium,brown,clean_shaven,L,P,,1,RP,SP,,,,,53,,,,48,49,54,50,54,50,51,0,58,62,59,0,0,,,,,0,,,,54,55,60,67,59,57,60,0,73,71,69,0,0,False,,,0,,,,,,0,50,groundball_sp,
P6268,Gerald,Eugley,2003-01-13,69,246,Anglo,light,brown,clean_shaven,L,P,,1,RP,SP,,,,,49,,,,49,53,52,50,52,49,50,62,61,60,61,0,0,,,,,0,,,,54,60,58,66,64,56,64,70,74,71,66,0,0,False,,,0,,,,,,0,50,groundball_sp,
P9492,Ricardo,Diaz,2001-03-06,69,240,Hispanic,medium,blonde,mustache,R,P,,1,RP,SP,,,,,48,,,,49,49,51,53,52,52,49,61,61,0,58,53,0,,,,,0,,,,61,59,63,66,64,62,63,68,71,0,73,63,0,False,,,0,,,,,,0,50,finesse_sp,
P9405,Eduardo,Hernandez,1991-06-05,70,179,Hispanic,medium,black,clean_shaven,R,P,,1,RP,LR,,,,,53,,,,49,53,50,50,52,53,53,61,0,0,0,0,0,,,,,0,,,,44,44,45,51,42,52,52,57,0,0,0,0,0,False,,,0,,,,,,0,50,long_relief,
P6078,Francisco,Garcia,1998-10-15,75,218,Hispanic,dark,brown,goatee,R,P,,1,RP,RP,,,,,54,,,,52,49,48,51,53,52,50,61,60,0,0,0,0,,,,,0,,,,58,60,65,66,61,64,56,73,69,0,0,0,0,False,,,0,,,,,,0,50,finesse_rp,
P9072,Arnoldo,Finister,1996-08-20,69,239,Anglo,light,blonde,beard,R,P,,1,RP,SP,,,,,52,,,,48,51,53,52,52,51,51,60,59,62,0,0,0,,,,,0,,,,50,46,56,52,53,55,55,64,55,58,0,0,0,False,,,0,,,,,,0,50,workhorse_sp,
P1087,Carlos,Martinez,2004-02-10,71,176,Hispanic,medium,brown,clean_shaven,L,LF,3B,0,,,62,65,49,51,50,51,51,52,49,50,,,,,,,,,,,,67,72,63,60,50,0,0,52,62,58,,,,,,,,,,,,False,,,0,,,,,,0,50,,gap
P3695,Arlie,Kostka,2001-03-18,71,174,Anglo,light,blonde,clean_shaven,R,3B,,0,,,51,57,53,52,51,51,57,52,50,51,,,,,,,,,,,,57,72,60,67,51,0,0,52,64,61,,,,,,,,,,,,False,,,0,,,,,,0,50,,gap
P9738,Silas,Layell,1996-01-01,70,248,Anglo,light,blonde,beard,S,2B,,0,,,53,51,77,54,50,49,55,49,51,49,,,,,,,,,,,,53,50,81,59,50,0,0,49,49,49,,,,,,,,,,,,False,,,0,,,,,,0,50,,speed
P8562,Jermaine,Mitchell,1998-06-15,75,193,African,dark,brown,goatee,L,SS,,0,,,53,48,71,49,50,50,50,52,52,47,,,,,,,,,,,,62,54,81,58,50,0,0,52,66,54,,,,,,,,,,,,False,,,0,,,,,,0,50,,speed
P3859,Archie,Sillitti,2004-09-23,76,216,Anglo,light,black,clean_shaven,L,RF,,0,,,62,53,52,51,51,49,49,51,50,49,,,,,,,,,,,,91,77,81,72,51,0,0,51,70,62,,,,,,,,,,,,False,,,0,,,,,,0,50,,spray
P5698,Olen,Isaacsen,2000-03-08,68,199,Anglo,light,black,clean_shaven,R,C,,0,,,51,52,52,51,51,51,57,51,49,49,,,,,,,,,,,,66,63,58,64,51,0,0,51,60,57,,,,,,,,,,,,False,,,0,,,,,,0,50,,average
P3414,Juan,Castillo,2002-01-23,75,200,Hispanic,medium,brown,clean_shaven,R,RF,,0,,,53,48,85,50,51,49,55,49,49,52,,,,,,,,,,,,59,54,96,62,51,0,0,49,59,57,,,,,,,,,,,,False,,,0,,,,,,0,50,,elite_speed
P3739,Jose,Castillo,2002-02-02,69,198,Hispanic,medium,black,clean_shaven,R,C,,0,,,53,50,49,51,53,51,57,51,52,52,,,,,,,,,,,,58,57,63,57,53,0,0,51,62,58,,,,,,,,,,,,False,,,0,,,,,,0,50,,average
P5163,Malik,Washington,2007-01-24,69,176,African,medium,black,mustache,R,P,,1,RP,CL,,,,,55,,,,49,50,49,50,52,49,52,57,61,65,0,0,0,,,,,0,,,,68,63,66,81,71,74,82,78,87,84,0,0,0,False,,,0,,,,,,0,50,closer,
P1765,Jamal,Harris,2005-07-29,71,164,African,dark,brown,mustache,R,P,,1,RP,SP,,,,,50,,,,51,53,50,53,52,50,53,62,0,59,60,0,0,,,,,0,,,,74,63,80,70,65,74,81,79,0,86,85,0,0,False,,,0,,,,,,0,50,groundball_sp,
P6134,Carlos,Flores,2004-11-24,70,239,Hispanic,light,blonde,clean_shaven,R,P,,1,RP,SP,,,,,49,,,,52,48,51,51,52,52,53,63,62,0,56,53,0,,,,,0,,,,77,73,72,67,72,66,67,93,83,0,72,73,0,False,,,0,,,,,,0,50,finesse_sp,
P7167,Jermaine,Jefferson,2005-11-17,68,247,African,dark,black,clean_shaven,R,P,,1,RP,SP,,,,,50,,,,51,51,51,50,53,47,51,60,0,61,0,0,0,,,,,0,,,,66,79,62,81,76,64,77,75,0,72,0,0,0,False,,,0,,,,,,0,50,workhorse_sp,
P1081,Donald,Wollard,2005-08-29,78,250,Anglo,light,blonde,clean_shaven,L,P,,1,RP,RP,,,,,57,,,,51,52,52,53,53,51,50,0,0,0,62,0,0,,,,,0,,,,73,73,70,69,82,70,65,0,0,0,81,0,0,False,,,0,,,,,,0,50,groundball_rp,
P2385,Margarito,Gouras,2004-08-15,77,175,Anglo,light,brown,clean_shaven,R,3B,,0,,,50,53,49,52,51,48,56,49,48,48,,,,,,,,,,,,79,71,71,71,51,0,0,49,77,68,,,,,,,,,,,,False,,,0,,,,,,0,50,,average
P9693,Percy,Jackson,2005-06-05,73,171,African,dark,black,clean_shaven,R,CF,,0,,,56,48,54,52,53,48,55,49,51,52,,,,,,,,,,,,78,70,79,74,53,0,0,49,70,66,,,,,,,,,,,,False,,,0,,,,,,0,50,,spray
P4517,Cedric,White,2006-10-31,75,221,African,medium,black,clean_shaven,R,RF,,0,,,48,58,52,51,47,54,57,47,49,51,,,,,,,,,,,,60,76,68,61,47,0,0,47,60,72,,,,,,,,,,,,False,,,0,,,,,,0,50,,power
P4379,Mauro,Pavelich,2005-07-13,78,182,Anglo,light,blonde,beard,R,3B,LF,0,,,53,51,48,52,50,49,56,53,49,51,,,,,,,,,,,,68,81,58,81,50,0,0,53,76,69,,,,,,,,,,,,False,,,0,,,,,,0,50,,average
P9149,Malik,Wright,2007-01-13,73,171,African,dark,black,clean_shaven,L,3B,,0,,,52,52,51,52,52,51,51,52,48,51,,,,,,,,,,,,64,64,65,77,52,0,0,52,75,80,,,,,,,,,,,,False,,,0,,,,,,0,50,,average
P8214,Rufus,Young,1990-04-07,76,240,African,dark,black,mustache,R,P,,1,RP,CL,,,,,55,,,,48,52,50,50,54,53,54,56,0,65,0,0,0,,,,,0,,,,44,45,44,46,42,50,44,56,0,63,0,0,0,False,,,0,,,,,,0,50,closer,
P1483,Jermaine,Green,1994-07-18,75,190,African,medium,black,beard,R,P,,1,RP,SP,,,,,53,,,,50,52,51,52,54,50,53,60,61,59,58,0,0,,,,,0,,,,50,55,53,59,50,55,58,57,57,64,55,0,0,False,,,0,,,,,,0,50,groundball_sp,
P7990,Hector,Mendoza,1998-09-24,70,218,Hispanic,light,blonde,mustache,R,P,,1,RP,SP,,,,,48,,,,51,53,50,51,52,51,55,59,59,64,0,57,0,,,,,0,,,,59,59,60,65,63,63,65,74,72,69,0,62,0,False,,,0,,,,,,0,50,power_sp,
P8311,Salvador,Otomo,1993-08-22,70,221,Anglo,light,blonde,clean_shaven,L,P,,1,RP,RP,,,,,55,,,,49,51,48,52,53,50,53,0,0,0,62,0,0,,,,,0,,,,46,50,46,44,41,47,48,0,0,0,53,0,0,False,,,0,,,,,,0,50,groundball_rp,
P8660,Juan,Guerrero,1992-12-31,73,205,Hispanic,dark,black,clean_shaven,R,P,,1,RP,SP,,,,,51,,,,48,52,52,50,52,49,51,60,62,62,56,0,0,,,,,0,,,,40,48,47,44,43,47,50,53,60,60,56,0,0,False,,,0,,,,,,0,50,workhorse_sp,
P5506,Hector,Flores,2000-09-26,72,242,Hispanic,light,brown,clean_shaven,R,P,,1,RP,SP,,,,,48,,,,47,54,53,51,52,51,51,57,62,62,57,0,0,,,,,0,,,,60,59,61,60,67,63,65,64,77,68,69,0,0,False,,,0,,,,,,0,50,power_sp,
P5235,Hector,Reyes,1996-12-06,68,229,Hispanic,light,black,beard,L,P,,1,RP,SP,,,,,49,,,,50,50,50,52,54,51,49,62,61,61,0,0,0,,,,,0,,,,48,46,49,51,52,52,52,67,60,58,0,0,0,False,,,0,,,,,,0,50,balanced_sp,
P6203,Percy,Baker,1999-08-10,76,182,African,medium,black,clean_shaven,L,P,,1,RP,SP,,,,,50,,,,49,52,50,51,52,51,50,62,62,60,0,0,0,,,,,0,,,,54,58,56,60,58,61,63,70,70,74,0,0,0,False,,,0,,,,,,0,50,balanced_sp,
P9848,Dana,Retter,1999-10-18,71,234,Anglo,light,black,clean_shaven,R,P,,1,RP,RP,,,,,52,,,,52,54,50,50,54,50,53,59,60,64,0,0,0,,,,,0,,,,64,65,60,62,56,61,59,65,69,75,0,0,0,False,,,0,,,,,,0,50,power_rp,
P5692,Roberto,Rivera,1994-12-01,69,207,Hispanic,light,brown,clean_shaven,L,P,,1,RP,SP,,,,,50,,,,50,50,53,52,52,49,51,63,61,58,0,0,0,,,,,0,,,,54,53,55,55,49,45,48,63,56,57,0,0,0,False,,,0,,,,,,0,50,workhorse_sp,
P1048,Benjamin,Jeffris,1997-10-25,71,225,Anglo,light,brown,clean_shaven,L,P,,1,RP,CL,,,,,48,,,,51,52,50,50,52,53,53,0,59,65,0,0,0,,,,,0,,,,47,57,47,53,47,56,57,0,58,63,0,0,0,False,,,0,,,,,,0,50,closer,
P7793,Antonio,Mendoza,1999-01-29,72,203,Hispanic,light,black,beard,R,C,,0,,,51,53,51,51,52,49,57,50,49,48,,,,,,,,,,,,60,66,58,64,52,0,0,50,59,55,,,,,,,,,,,,False,,,0,,,,,,0,50,,balanced
P4448,Gayle,Lieb,1991-10-13,74,221,Anglo,light,brown,clean_shaven,L,1B,,0,,,48,63,50,49,48,49,44,53,49,50,,,,,,,,,,,,42,63,44,45,48,0,0,53,44,41,,,,,,,,,,,,False,,,0,,,,,,0,50,,power
P2972,Jamal,Robinson,2002-07-21,77,223,African,medium,brown,clean_shaven,R,2B,,0,,,54,50,70,53,53,47,58,52,52,49,,,,,,,,,,,,61,56,84,62,53,0,0,52,59,64,,,,,,,,,,,,False,,,0,,,,,,0,50,,speed
P7452,Tyrone,White,1987-05-24,77,165,African,dark,black,beard,R,3B,RF,0,,,51,49,70,52,50,49,55,49,51,52,,,,,,,,,,,,44,39,69,44,50,0,0,49,45,48,,,,,,,,,,,,False,,,0,,,,,,0,50,,speed
P1703,Len,Neis,1990-09-20,78,210,Anglo,medium,blonde,clean_shaven,R,SS,,0,,,61,51,54,53,51,49,56,50,52,49,,,,,,,,,,,,60,47,45,48,51,0,0,50,47,44,,,,,,,,,,,,False,,,0,,,,,,0,50,,spray
P4509,Darnell,Taylor,1996-03-18,75,208,African,dark,black,goatee,R,LF,,0,,,52,59,49,51,48,53,59,51,48,52,,,,,,,,,,,,52,54,52,48,48,0,0,51,45,50,,,,,,,,,,,,False,,,0,,,,,,0,50,,power
P1693,Roberto,Reyes,1992-09-20,76,181,Hispanic,medium,blonde,clean_shaven,L,CF,,0,,,52,47,72,51,49,49,47,52,49,50,,,,,,,,,,,,45,44,72,49,49,0,0,52,41,41,,,,,,,,,,,,False,,,0,,,,,,0,50,,speed
P6179,Tyrone,Green,1998-01-11,68,233,African,dark,black,clean_shaven,L,RF,,0,,,59,53,51,53,50,47,49,51,49,49,,,,,,,,,,,,56,57,46,57,50,0,0,51,44,50,,,,,,,,,,,,False,,,0,,,,,,0,50,,spray
P9450,Jose,Torres,1990-02-01,75,174,Hispanic,medium,black,goatee,R,3B,,0,,,51,49,85,52,50,47,59,51,47,51,,,,,,,,,,,,46,41,83,47,50,0,0,51,38,44,,,,,,,,,,,,False,,,0,,,,,,0,50,,elite_speed
P8477,Luther,Weirauch,1988-05-14,78,210,Anglo,light,brown,clean_shaven,R,RF,,0,,,66,66,48,51,51,51,51,48,50,53,,,,,,,,,,,,58,62,38,43,51,0,0,48,49,46,,,,,,,,,,,,False,,,0,,,,,,0,50,,gap
P4832,Carol,Gosney,2003-12-15,71,211,Anglo,light,brown,clean_shaven,R,SS,,0,,,52,52,52,53,53,51,57,51,52,51,,,,,,,,,,,,62,61,58,68,53,0,0,51,60,61,,,,,,,,,,,,False,,,0,,,,,,0,50,,balanced
P2839,Rico,Banfield,1996-08-28,78,212,Anglo,light,blonde,clean_shaven,R,C,1B,0,,,50,54,52,49,50,53,58,52,53,51,,,,,,,,,,,,46,50,53,47,50,0,0,52,55,50,,,,,,,,,,,,False,,,0,,,,,,0,50,,balanced
P4123,Quentin,Harker,1998-09-10,75,191,Anglo,light,blonde,mustache,R,SS,,0,,,52,49,87,56,51,47,58,48,48,51,,,,,,,,,,,,65,59,99,64,51,0,0,48,63,66,,,,,,,,,,,,False,,,0,,,,,,0,50,,speed
P4401,Xavier,Jackson,1990-02-01,71,175,African,dark,black,mustache,L,C,,0,,,61,50,53,53,49,48,49,52,53,53,,,,,,,,,,,,57,40,52,49,49,0,0,52,43,47,,,,,,,,,,,,False,,,0,,,,,,0,50,,spray
P6751,Todd,Denoyer,1998-09-12,76,185,Anglo,light,blonde,mustache,S,P,,1,RP,CL,,,,,55,,,,48,54,49,50,52,53,55,59,60,66,0,0,0,,,,,0,,,,62,67,56,66,63,67,70,69,67,72,0,0,0,False,,,0,,,,,,0,50,closer,
P7740,Cedric,Jefferson,1998-01-31,68,197,African,dark,black,goatee,R,P,,1,RP,RP,,,,,53,,,,52,51,49,50,52,48,54,0,59,67,0,0,0,,,,,0,,,,54,46,51,57,47,48,54,0,56,69,0,0,0,False,,,0,,,,,,0,50,power_rp,
P4105,Cedric,Gaines,2000-09-28,73,223,African,dark,black,mustache,L,P,,1,RP,SP,,,,,52,,,,51,49,54,52,52,50,52,58,61,61,0,0,0,,,,,0,,,,57,54,64,61,61,61,61,72,72,69,0,0,0,False,,,0,,,,,,0,50,balanced_sp,
P3588,Anderson,Molinski,1994-06-18,69,186,Anglo,light,black,mustache,L,P,,1,RP,RP,,,,,54,,,,50,51,52,50,52,53,53,57,61,0,62,0,0,,,,,0,,,,47,52,51,48,47,53,54,57,60,0,66,0,0,False,,,0,,,,,,0,50,groundball_rp,
P1686,Jarod,Wedner,1990-05-21,68,222,Anglo,medium,black,clean_shaven,R,P,,1,RP,RP,,,,,53,,,,52,52,51,52,53,50,50,0,61,66,0,55,0,,,,,0,,,,44,50,45,52,42,50,43,0,57,66,0,55,0,False,,,0,,,,,,0,50,power_rp,
P4555,Garth,Dispirito,1994-06-09,74,164,Anglo,light,black,clean_shaven,R,P,,1,RP,SP,,,,,49,,,,52,49,53,50,54,53,53,0,63,58,0,0,0,,,,,0,,,,53,51,54,52,54,51,52,0,59,61,0,0,0,False,,,0,,,,,,0,50,balanced_sp,
P4892,Ricardo,Ortiz,2004-07-16,76,183,Hispanic,light,brown,clean_shaven,L,P,,1,RP,SP,,,,,54,,,,48,51,52,53,52,48,53,57,61,60,60,0,0,,,,,0,,,,66,80,83,65,79,58,64,74,78,79,86,0,0,False,,,0,,,,,,0,50,groundball_sp,
P3149,Pedro,Sanchez,2000-08-01,73,216,Hispanic,light,brown,goatee,R,CF,,0,,,53,51,53,51,49,53,55,49,47,49,,,,,,,,,,,,68,63,65,58,49,0,0,49,58,58,,,,,,,,,,,,False,,,0,,,,,,0,50,,balanced
P4513,Tyrell,Leonpacher,1994-03-10,68,181,Anglo,medium,black,clean_shaven,R,1B,,0,,,49,64,52,50,50,54,57,52,50,50,,,,,,,,,,,,53,68,52,51,50,0,0,52,48,52,,,,,,,,,,,,False,,,0,,,,,,0,50,,power
P8533,Tyrone,Jefferson,2002-05-03,68,188,African,dark,black,clean_shaven,R,CF,,0,,,54,50,70,51,54,47,52,50,48,52,,,,,,,,,,,,60,61,81,57,54,0,0,50,57,65,,,,,,,,,,,,False,,,0,,,,,,0,50,,speed
P3198,Cordell,Panke,1992-02-20,69,225,Anglo,medium,brown,clean_shaven,R,C,,0,,,64,49,49,53,51,51,59,49,51,49,,,,,,,,,,,,64,41,47,44,51,0,0,49,49,47,,,,,,,,,,,,False,,,0,,,,,,0,50,,spray
P2575,Rafael,Rodriguez,1995-09-11,70,243,Hispanic,dark,brown,mustache,R,SS,,0,,,60,51,53,59,53,49,58,49,50,51,,,,,,,,,,,,58,53,56,58,53,0,0,49,55,50,,,,,,,,,,,,False,,,0,,,,,,0,50,,spray
P2554,David,Tuten,1990-09-12,77,205,Anglo,light,brown,clean_shaven,R,3B,,0,,,55,49,51,51,50,47,58,51,51,51,,,,,,,,,,,,53,44,46,50,50,0,0,51,50,49,,,,,,,,,,,,False,,,0,,,,,,0,50,,spray
P3697,Rufus,Carter,2005-02-06,69,191,African,dark,black,clean_shaven,S,SS,,0,,,60,52,68,56,50,48,56,49,50,50,,,,,,,,,,,,80,71,79,82,50,0,0,49,79,62,,,,,,,,,,,,False,,,0,,,,,,0,50,,spray
P4224,Zachery,Greet,1992-03-31,76,213,Anglo,light,brown,clean_shaven,S,3B,,0,,,53,63,48,52,48,49,55,49,49,49,,,,,,,,,,,,49,54,38,49,48,0,0,49,49,47,,,,,,,,,,,,False,,,0,,,,,,0,50,,power
P3726,Florentino,Labuff,2004-12-05,76,198,Anglo,light,brown,clean_shaven,L,P,,1,RP,CL,,,,,55,,,,52,51,48,50,52,50,52,0,60,66,0,0,0,,,,,0,,,,66,69,72,74,61,73,77,0,88,90,0,0,0,False,,,0,,,,,,0,50,closer,
P4598,Abraham,Slane,2005-06-27,68,162,Anglo,light,brown,clean_shaven,R,P,,1,RP,SP,,,,,50,,,,51,52,53,53,52,50,53,60,63,59,0,0,0,,,,,0,,,,72,78,77,82,82,75,70,78,78,75,0,0,0,False,,,0,,,,,,0,50,workhorse_sp,
P1155,Malik,Baker,2007-02-23,68,236,African,dark,black,clean_shaven,R,P,,1,RP,RP,,,,,50,,,,47,52,50,52,52,53,51,60,63,66,0,0,0,,,,,0,,,,75,74,67,71,78,65,77,72,78,77,0,0,0,False,,,0,,,,,,0,50,finesse_rp,
P3883,Roberto,Cruz,2004-05-12,71,165,Hispanic,light,brown,clean_shaven,R,P,,1,RP,SP,,,,,50,,,,52,53,50,52,52,51,53,62,62,60,0,0,0,,,,,0,,,,77,68,69,79,72,63,78,83,82,77,0,0,0,False,,,0,,,,,,0,50,balanced_sp,
P3528,Roberto,Gomez,2007-02-17,69,222,Hispanic,dark,brown,clean_shaven,S,P,,1,RP,SP,,,,,48,,,,53,52,50,51,52,50,49,59,62,59,0,0,0,,,,,0,,,,74,69,72,82,61,62,66,83,81,69,0,0,0,False,,,0,,,,,,0,50,balanced_sp,
P2745,Jamal,Jefferson,2007-04-23,74,217,African,dark,black,clean_shaven,S,RF,,0,,,67,50,52,51,51,49,49,48,49,48,,,,,,,,,,,,77,68,66,62,51,0,0,48,76,60,,,,,,,,,,,,False,,,0,,,,,,0,50,,spray
P1687,Isiah,Cruikshank,2006-03-11,78,210,Anglo,dark,brown,clean_shaven,L,C,,0,,,53,53,49,53,49,51,49,51,49,51,,,,,,,,,,,,83,79,61,75,49,0,0,51,60,81,,,,,,,,,,,,False,,,0,,,,,,0,50,,average
P4417,Tyrone,Walker,2006-08-16,69,195,African,dark,black,clean_shaven,R,SS,,0,,,48,49,53,48,50,48,58,50,48,53,,,,,,,,,,,,59,65,65,64,50,0,0,50,60,70,,,,,,,,,,,,False,,,0,,,,,,0,50,,average
P7272,Val,Coffie,2006-08-20,70,212,Anglo,light,blonde,clean_shaven,R,1B,,0,,,62,53,52,50,50,51,55,50,49,48,,,,,,,,,,,,81,68,74,73,50,0,0,50,78,60,,,,,,,,,,,,False,,,0,,,,,,0,50,,spray
P3543,Tyrone,Allen,2006-04-15,73,199,African,dark,black,clean_shaven,R,1B,,0,,,51,63,50,49,47,51,58,49,50,52,,,,,,,,,,,,73,84,68,75,47,0,0,49,77,70,,,,,,,,,,,,False,,,0,,,,,,0,50,,power
P7590,Merrill,Quilliam,1996-07-26,70,199,Anglo,light,brown,clean_shaven,S,P,,1,RP,CL,,,,,55,,,,49,52,50,50,52,53,52,59,58,65,0,0,0,,,,,0,,,,45,51,53,50,54,55,52,57,54,66,0,0,0,False,,,0,,,,,,0,50,closer,
P6953,Dustin,Romero,2002-03-29,77,240,Anglo,light,black,goatee,L,P,,1,RP,SP,,,,,50,,,,48,51,50,53,52,48,51,59,63,60,0,53,0,,,,,0,,,,57,57,67,67,60,57,60,67,75,66,0,67,0,False,,,0,,,,,,0,50,workhorse_sp,
P2840,Anderson,Wieben,1990-09-12,70,218,Anglo,light,blonde,mustache,R,P,,1,RP,SP,,,,,51,,,,52,49,51,51,52,51,50,0,62,0,61,0,0,,,,,0,,,,43,40,50,46,51,50,45,0,58,0,53,0,0,False,,,0,,,,,,0,50,groundball_sp,
P7982,Domingo,Flaherty,1998-07-17,77,172,Anglo,light,blonde,clean_shaven,L,P,,1,RP,RP,,,,,49,,,,49,52,48,50,52,50,48,62,62,0,63,0,0,,,,,0,,,,63,65,62,62,53,56,58,77,75,0,74,0,0,False,,,0,,,,,,0,50,finesse_rp,
P4858,Duane,Esfahani,1995-06-03,68,179,Anglo,medium,brown,clean_shaven,S,P,,1,RP,SP,,,,,48,,,,48,52,52,50,52,50,50,58,62,62,56,0,0,,,,,0,,,,48,48,53,54,57,51,54,63,62,58,61,0,0,False,,,0,,,,,,0,50,balanced_sp,
P4083,Fernando,Cruz,1991-09-02,70,173,Hispanic,medium,black,clean_shaven,R,P,,1,RP,SP,,,,,49,,,,53,50,53,51,53,50,51,0,63,62,0,0,0,,,,,0,,,,43,46,48,44,53,40,45,0,55,54,0,0,0,False,,,0,,,,,,0,50,workhorse_sp,
P1716,Rufus,White,1996-01-05,75,225,African,dark,black,clean_shaven,R,P,,1,RP,SP,,,,,52,,,,50,50,51,50,52,48,49,61,59,58,56,0,0,,,,,0,,,,46,49,48,49,50,44,46,58,54,61,54,0,0,False,,,0,,,,,,0,50,workhorse_sp,
P5621,Ike,Skyers,1994-10-31,73,187,Anglo,light,black,goatee,L,P,,1,RP,SP,,,,,48,,,,50,48,50,50,52,49,50,62,60,0,0,0,0,,,,,0,,,,48,52,46,47,55,53,54,60,56,0,0,0,0,False,,,0,,,,,,0,50,finesse_sp,
P1704,Cedric,Taylor,1987-10-06,73,245,African,dark,black,beard,R,P,,1,RP,RP,,,,,50,,,,48,51,48,50,52,50,51,0,60,64,0,0,0,,,,,0,,,,47,44,42,50,45,46,49,0,56,64,0,0,0,False,,,0,,,,,,0,50,power_rp,
P1974,Antonio,Vargas,1987-09-06,72,170,Hispanic,medium,brown,mustache,L,P,,1,RP,SP,,,,,51,,,,50,53,53,53,52,49,52,0,59,62,0,0,0,,,,,0,,,,44,53,50,52,46,42,46,0,50,57,0,0,0,False,,,0,,,,,,0,50,balanced_sp,
P7089,Todd,Andreoni,1994-11-19,70,197,Anglo,light,blonde,clean_shaven,R,P,,1,RP,SP,,,,,51,,,,50,52,50,53,53,52,53,61,60,0,0,0,0,,,,,0,,,,52,51,58,48,53,52,56,57,61,0,0,0,0,False,,,0,,,,,,0,50,finesse_sp,
P7799,Alejandro,Cruz,2004-07-06,73,193,Hispanic,light,brown,clean_shaven,R,C,,0,,,49,51,48,50,48,52,58,49,49,49,,,,,,,,,,,,70,73,77,78,48,0,0,49,70,69,,,,,,,,,,,,False,,,0,,,,,,0,50,,average
P4923,Jorge,Lopez,2003-06-22,77,185,Hispanic,dark,black,goatee,S,1B,RF,0,,,51,52,52,52,51,49,54,50,52,52,,,,,,,,,,,,61,67,67,66,51,0,0,50,59,57,,,,,,,,,,,,False,,,0,,,,,,0,50,,average
P6408,Tyrone,Jackson,1994-01-11,68,237,African,dark,black,mustache,L,2B,,0,,,58,52,51,54,49,51,48,49,48,49,,,,,,,,,,,,49,45,45,48,49,0,0,49,43,44,,,,,,,,,,,,False,,,0,,,,,,0,50,,spray
P8216,Francisco,Lopez,1987-08-29,78,224,Hispanic,light,brown,beard,R,3B,,0,,,52,51,49,53,52,53,59,49,50,49,,,,,,,,,,,,43,45,44,44,52,0,0,49,50,47,,,,,,,,,,,,False,,,0,,,,,,0,50,,average
P6424,Manuel,Gomez,1988-09-28,73,179,Hispanic,medium,brown,beard,R,SS,,0,,,59,52,53,52,49,50,62,52,48,48,,,,,,,,,,,,52,43,47,45,49,0,0,52,43,43,,,,,,,,,,,,False,,,0,,,,,,0,50,,gap
P4505,Jose,Perez,1996-02-05,71,226,Hispanic,light,black,clean_shaven,S,LF,,0,,,51,55,51,51,51,50,51,49,48,50,,,,,,,,,,,,50,59,52,54,51,0,0,49,52,53,,,,,,,,,,,,False,,,0,,,,,,0,50,,balanced
P4450,Garland,Remaley,1999-03-18,74,239,Anglo,light,brown,clean_shaven,L,CF,,0,,,52,50,49,49,53,52,46,48,50,49,,,,,,,,,,,,62,58,56,64,53,0,0,48,62,55,,,,,,,,,,,,False,,,0,,,,,,0,50,,average
P4008,Malik,Carter,2001-12-11,74,205,African,dark,black,clean_shaven,L,RF,,0,,,53,57,50,53,49,51,47,52,50,52,,,,,,,,,,,,60,68,57,65,49,0,0,52,61,65,,,,,,,,,,,,False,,,0,,,,,,0,50,,balanced
P3469,Florencio,Gizinski,2003-07-09,77,183,Anglo,light,brown,clean_shaven,R,CF,,0,,,54,48,79,54,49,47,55,50,50,49,,,,,,,,,,,,64,56,86,64,49,0,0,50,55,54,,,,,,,,,,,,False,,,0,,,,,,0,50,,speed
P9266,Carlos,Mendoza,2003-09-18,75,233,Hispanic,dark,blonde,clean_shaven,L,RF,,0,,,53,54,49,52,50,52,49,50,49,51,,,,,,,,,,,,59,61,61,59,50,0,0,50,61,66,,,,,,,,,,,,False,,,0,,,,,,0,50,,balanced
P2692,Ira,Chomka,2002-10-20,73,210,Anglo,medium,brown,goatee,R,LF,,0,,,53,49,52,52,49,52,58,50,52,49,,,,,,,,,,,,59,62,64,60,49,0,0,50,59,59,,,,,,,,,,,,False,,,0,,,,,,0,50,,average
P6927,Fernando,Garcia,1990-05-12,68,209,Hispanic,medium,black,clean_shaven,R,SS,,0,,,68,50,51,53,53,50,59,50,53,48,,,,,,,,,,,,60,41,48,46,53,0,0,50,45,39,,,,,,,,,,,,False,,,0,,,,,,0,50,,spray
P3587,Darnell,Baker,1987-05-01,69,238,African,dark,black,mustache,S,RF,,0,,,58,51,51,52,51,47,50,48,50,51,,,,,,,,,,,,58,43,48,42,51,0,0,48,43,51,,,,,,,,,,,,False,,,0,,,,,,0,50,,spray
P4130,Xavier,Washington,1990-02-13,74,217,African,light,black,beard,R,CF,,0,,,54,50,48,50,50,48,50,49,51,50,,,,,,,,,,,,46,49,40,40,50,0,0,49,50,42,,,,,,,,,,,,False,,,0,,,,,,0,50,,gap
P7488,Roberto,Morales,1989-04-20,74,233,Hispanic,light,black,beard,R,P,,1,RP,CL,,,,,55,,,,53,51,47,50,52,50,53,0,0,65,0,0,0,,,,,0,,,,51,48,48,51,37,49,49,0,0,61,0,0,0,False,,,0,,,,,,0,50,closer,
P7153,Malik,King,1993-03-16,75,193,African,dark,black,beard,L,P,,1,RP,RP,,,,,50,,,,51,49,48,51,53,48,51,0,61,63,0,0,0,,,,,0,,,,48,47,50,44,46,45,48,0,61,55,0,0,0,False,,,0,,,,,,0,50,power_rp,
P2468,Jamal,Walker,1988-03-07,76,227,African,dark,brown,clean_shaven,R,P,,1,RP,SP,,,,,51,,,,50,51,53,52,54,50,52,63,62,61,56,0,0,,,,,0,,,,41,41,47,51,52,42,46,56,60,59,51,0,0,False,,,0,,,,,,0,50,balanced_sp,
P6199,Jamal,Green,2002-05-17,73,184,African,dark,black,goatee,R,P,,1,RP,RP,,,,,56,,,,52,50,51,51,52,49,52,0,0,64,62,0,0,,,,,0,,,,58,65,63,66,63,61,61,0,0,75,67,0,0,False,,,0,,,,,,0,50,groundball_rp,
P1129,Antonio,Gonzalez,2002-12-18,72,193,Hispanic,medium,black,clean_shaven,L,P,,1,RP,SP,,,,,53,,,,52,53,53,51,52,50,52,0,59,0,62,0,0,,,,,0,,,,66,62,66,58,67,56,67,0,71,0,69,0,0,False,,,0,,,,,,0,50,groundball_sp,
P5313,Eduardo,Vasquez,1993-07-04,68,221,Hispanic,dark,brown,mustache,R,P,,1,RP,SP,,,,,50,,,,52,53,51,50,52,52,52,59,58,61,0,0,0,,,,,0,,,,49,52,50,51,51,46,51,54,53,61,0,0,0,False,,,0,,,,,,0,50,workhorse_sp,
P6176,Juan,Cruz,1995-12-09,77,162,Hispanic,medium,brown,clean_shaven,R,P,,1,RP,SP,,,,,50,,,,49,49,52,52,53,52,52,60,58,59,0,0,0,,,,,0,,,,44,44,49,48,55,53,50,57,59,64,0,0,0,False,,,0,,,,,,0,50,balanced_sp,
P3247,Ricardo,Sanchez,1997-05-13,76,209,Hispanic,medium,blonde,beard,L,RF,,0,,,49,51,52,49,53,51,49,50,52,52,,,,,,,,,,,,44,47,52,45,53,0,0,50,53,51,,,,,,,,,,,,False,,,0,,,,,,0,50,,average
P4139,Jermaine,Allen,2001-05-22,74,217,African,dark,brown,clean_shaven,R,3B,,0,,,49,56,47,51,48,53,59,52,50,49,,,,,,,,,,,,62,61,53,66,48,0,0,52,62,57,,,,,,,,,,,,False,,,0,,,,,,0,50,,power
P7630,Alejandro,Castillo,2004-01-22,75,178,Hispanic,medium,brown,mustache,R,RF,,0,,,48,52,52,51,51,49,54,52,51,50,,,,,,,,,,,,61,66,57,64,51,0,0,52,58,63,,,,,,,,,,,,False,,,0,,,,,,0,50,,average
P3408,Anton,Wraight,1991-11-20,72,250,Anglo,medium,brown,clean_shaven,S,C,,0,,,50,50,49,52,52,51,51,49,49,48,,,,,,,,,,,,40,46,45,49,52,0,0,49,48,38,,,,,,,,,,,,False,,,0,,,,,,0,50,,average
P7305,Darnell,Allen,1987-07-24,68,209,African,dark,black,beard,R,LF,,0,,,62,52,49,50,52,50,59,53,52,50,,,,,,,,,,,,58,44,48,45,52,0,0,53,42,42,,,,,,,,,,,,False,,,0,,,,,,0,50,,spray
P1882,Alberto,Viscome,2000-02-28,70,226,Anglo,light,brown,clean_shaven,R,C,,0,,,50,51,49,51,53,52,56,51,52,52,,,,,,,,,,,,56,64,59,65,53,0,0,51,67,66,,,,,,,,,,,,False,,,0,,,,,,0,50,,balanced
P9389,Darnell,Green,2003-03-16,78,213,African,medium,black,mustache,R,SS,,0,,,52,53,53,53,47,51,60,52,51,47,,,,,,,,,,,,62,60,64,58,47,0,0,52,61,53,,,,,,,,,,,,False,,,0,,,,,,0,50,,gap
P5307,Cedric,King,1998-07-07,78,201,African,dark,brown,clean_shaven,L,SS,,0,,,49,52,52,48,51,49,51,53,49,47,,,,,,,,,,,,56,61,66,55,51,0,0,53,55,58,,,,,,,,,,,,False,,,0,,,,,,0,50,,average
P3112,Jerald,Kut,2006-02-10,72,166,Anglo,light,brown,goatee,L,P,,1,RP,CL,,,,,55,,,,52,50,50,50,54,49,53,60,0,66,0,0,0,,,,,0,,,,82,74,79,79,80,78,63,84,0,77,0,0,0,False,,,0,,,,,,0,50,closer,
P7576,Rufus,Mitchell,2004-03-25,76,208,African,dark,black,clean_shaven,R,P,,1,RP,SP,,,,,51,,,,51,48,53,50,52,53,51,60,62,0,0,0,0,,,,,0,,,,81,70,67,66,77,63,75,76,85,0,0,0,0,False,,,0,,,,,,0,50,finesse_sp,
P6876,Cristopher,Kole,2007-10-10,76,184,Anglo,light,black,clean_shaven,L,P,,1,RP,SP,,,,,50,,,,50,50,50,52,53,50,50,0,61,62,0,0,0,,,,,0,,,,62,78,66,67,61,62,61,0,81,89,0,0,0,False,,,0,,,,,,0,50,balanced_sp,
P3542,Agustin,Barillaro,2004-11-12,71,203,Anglo,light,brown,clean_shaven,R,P,,1,RP,SP,,,,,52,,,,52,52,51,52,53,49,50,63,59,60,0,0,0,,,,,0,,,,66,76,70,72,72,61,68,80,86,82,0,0,0,False,,,0,,,,,,0,50,balanced_sp,
P7377,Chauncey,Wyles,2006-10-19,76,170,Anglo,light,brown,clean_shaven,R,P,,1,RP,RP,,,,,49,,,,49,52,49,50,52,53,51,61,61,0,0,0,0,,,,,0,,,,72,76,66,72,59,72,70,84,87,0,0,0,0,False,,,0,,,,,,0,50,finesse_rp,
P7854,Jose,Gonzalez,2006-01-26,70,239,Hispanic,light,brown,mustache,R,SS,,0,,,53,52,51,53,48,51,56,49,49,50,,,,,,,,,,,,80,82,80,81,48,0,0,49,76,68,,,,,,,,,,,,False,,,0,,,,,,0,50,,balanced
P4345,Clemente,Binner,2005-07-12,76,190,Anglo,light,black,clean_shaven,L,CF,,0,,,52,48,70,52,51,51,45,53,51,52,,,,,,,,,,,,70,78,97,78,51,0,0,53,76,80,,,,,,,,,,,,False,,,0,,,,,,0,50,,speed
P7615,Lacy,Lutwin,2007-02-18,78,235,Anglo,light,brown,clean_shaven,R,RF,,0,,,50,53,51,49,51,51,56,48,48,52,,,,,,,,,,,,71,66,72,79,51,0,0,48,60,80,,,,,,,,,,,,False,,,0,,,,,,0,50,,balanced
P3705,Miguel,Diaz,2004-06-19,74,176,Hispanic,medium,brown,goatee,R,3B,,0,,,52,61,49,52,48,53,57,52,52,48,,,,,,,,,,,,69,80,60,63,48,0,0,52,64,69,,,,,,,,,,,,False,,,0,,,,,,0,50,,power
P7048,Darnell,Gaines,2005-04-20,71,238,African,dark,black,clean_shaven,R,2B,,0,,,57,50,51,54,50,48,58,51,53,48,,,,,,,,,,,,74,66,67,76,50,0,0,51,72,74,,,,,,,,,,,,False,,,0,,,,,,0,50,,spray
P1398,Miguel,Rodriguez,1993-01-03,71,174,Hispanic,light,brown,clean_shaven,R,P,,1,RP,CL,,,,,55,,,,51,50,52,50,52,51,52,0,0,66,0,0,0,,,,,0,,,,45,47,42,45,52,50,52,0,0,58,0,0,0,False,,,0,,,,,,0,50,closer,
P4562,Alejandro,Hernandez,2004-07-27,71,231,Hispanic,medium,brown,clean_shaven,R,P,,1,RP,RP,,,,,50,,,,51,50,53,52,52,49,54,0,63,66,60,0,0,,,,,0,,,,70,61,68,75,82,78,73,0,80,85,75,0,0,False,,,0,,,,,,0,50,power_rp,
P9710,Darnell,Jackson,1995-07-04,72,222,African,dark,black,goatee,S,P,,1,RP,LR,,,,,51,,,,50,51,50,50,53,51,51,57,60,63,0,0,0,,,,,0,,,,55,53,55,51,52,46,46,62,55,67,0,0,0,False,,,0,,,,,,0,50,long_relief,
P8655,Rafael,Sanchez,1994-10-15,71,231,Hispanic,light,brown,clean_shaven,R,P,,1,RP,RP,,,,,45,,,,51,52,50,53,54,51,54,57,60,0,60,0,0,,,,,50,,,,54,57,54,55,46,56,59,52,60,0,62,0,0,False,,,0,,,,,,0,50,groundball_rp,
P4003,Roderick,Kodama,1993-01-05,68,197,Anglo,light,black,goatee,L,P,,1,RP,RP,,,,,52,,,,49,51,50,50,54,50,53,0,59,64,0,0,0,,,,,0,,,,42,44,40,50,40,45,45,0,58,55,0,0,0,False,,,0,,,,,,0,50,power_rp,
P2421,Jermaine,Robinson,1998-09-05,71,244,African,dark,black,beard,R,P,,1,RP,CL,,,,,53,,,,53,50,50,51,52,49,55,0,0,66,0,0,0,,,,,0,,,,62,60,57,65,56,62,64,0,0,72,0,0,0,False,,,0,,,,,,0,50,closer,
P9868,Jermaine,Harris,1996-06-05,78,246,African,dark,black,beard,L,P,,1,RP,SP,,,,,48,,,,52,52,54,50,53,49,53,0,62,63,0,0,0,,,,,0,,,,52,55,55,50,58,52,54,0,63,60,0,0,0,False,,,0,,,,,,0,50,power_sp,
P8817,Franklin,Harding,2000-02-29,71,207,Anglo,light,brown,clean_shaven,S,P,,1,RP,SP,,,,,50,,,,50,52,51,50,54,49,52,0,61,59,0,0,0,,,,,0,,,,58,58,62,63,59,58,59,0,71,70,0,0,0,False,,,0,,,,,,0,50,power_sp,
P9031,Malik,Gaines,1994-08-07,69,168,African,dark,black,goatee,L,P,,1,RP,RP,,,,,53,,,,50,50,49,50,54,53,49,58,0,0,64,0,0,,,,,0,,,,50,49,51,49,49,55,44,59,0,0,67,0,0,False,,,0,,,,,,0,50,groundball_rp,
P8885,Ricky,Barbarin,1997-06-21,71,243,Anglo,medium,black,clean_shaven,R,P,,1,RP,SP,,,,,50,,,,52,50,53,51,53,50,52,62,62,0,0,0,0,,,,,0,,,,50,47,52,48,51,49,52,58,67,0,0,0,0,False,,,0,,,,,,0,50,balanced_sp,
P9232,Darnell,Wright,1993-10-07,71,245,African,dark,brown,clean_shaven,R,P,,1,RP,RP,,,,,51,,,,52,48,49,52,53,50,53,0,59,0,0,0,0,,,,,0,,,,44,45,51,44,47,40,49,0,54,0,0,0,0,False,,,0,,,,,,0,50,finesse_rp,
P8095,Jermaine,Gaines,2002-09-07,77,242,African,light,black,beard,R,C,,0,,,52,48,70,53,49,49,56,49,52,51,,,,,,,,,,,,64,58,75,63,49,0,0,49,62,64,,,,,,,,,,,,False,,,0,,,,,,0,50,,speed
P6536,Deshawn,Jefferson,1989-10-07,70,220,African,light,black,mustache,L,1B,,0,,,53,56,53,52,49,52,43,52,49,52,,,,,,,,,,,,51,51,47,46,49,0,0,52,49,50,,,,,,,,,,,,False,,,0,,,,,,0,50,,gap
P2897,Merrill,Lowy,1991-11-02,69,193,Anglo,light,brown,beard,R,2B,,0,,,57,50,85,56,50,46,56,51,49,51,,,,,,,,,,,,49,48,82,55,50,0,0,51,47,46,,,,,,,,,,,,False,,,0,,,,,,0,50,,elite_speed
P3922,Luis,Garcia,1994-10-22,74,177,Hispanic,medium,brown,mustache,R,3B,,0,,,49,51,51,49,50,51,57,49,52,50,,,,,,,,,,,,46,53,47,50,50,0,0,49,54,53,,,,,,,,,,,,False,,,0,,,,,,0,50,,average
P3927,Jamal,Mitchell,1992-03-24,69,185,African,dark,brown,clean_shaven,R,SS,,0,,,59,50,53,55,51,49,56,51,51,47,,,,,,,,,,,,52,48,52,51,51,0,0,51,48,47,,,,,,,,,,,,False,,,0,,,,,,0,50,,spray
P8761,Pedro,Garcia,1988-01-24,72,181,Hispanic,medium,red,beard,L,LF,,0,,,52,50,79,51,52,48,46,53,51,51,,,,,,,,,,,,46,43,76,41,52,0,0,53,42,41,,,,,,,,,,,,False,,,0,,,,,,0,50,,speed
P7030,Hector,Rodriguez,1993-04-29,68,249,Hispanic,light,brown,clean_shaven,S,CF,,0,,,54,50,52,52,49,50,50,52,49,52,,,,,,,,,,,,44,47,50,51,49,0,0,52,46,48,,,,,,,,,,,,False,,,0,,,,,,0,50,,gap
P1711,Malik,Allen,1997-11-28,78,181,African,dark,black,mustache,L,RF,,0,,,50,53,52,52,52,51,46,49,49,50,,,,,,,,,,,,49,55,57,53,52,0,0,49,45,49,,,,,,,,,,,,False,,,0,,,,,,0,50,,balanced
P8141,Gabriel,Sandhoff,2004-09-16,68,175,Anglo,medium,brown,goatee,L,C,,0,,,50,53,49,50,52,53,47,53,52,50,,,,,,,,,,,,69,80,68,73,52,0,0,53,68,66,,,,,,,,,,,,False,,,0,,,,,,0,50,,balanced
P2653,Jermaine,Washington,1987-07-25,69,247,African,dark,black,mustache,S,2B,,0,,,58,50,50,54,50,50,52,49,50,51,,,,,,,,,,,,50,50,47,47,50,0,0,49,47,45,,,,,,,,,,,,False,,,0,,,,,,0,50,,gap
P1754,Xavier,Jefferson,1991-03-18,69,214,African,medium,black,beard,L,CF,,0,,,51,50,70,50,53,51,43,48,50,51,,,,,,,,,,,,45,45,66,41,53,0,0,48,45,41,,,,,,,,,,,,False,,,0,,,,,,0,50,,speed
P3533,Hector,Ortiz,1996-11-25,70,171,Hispanic,medium,black,clean_shaven,R,3B,,0,,,51,58,47,50,48,54,57,50,51,50,,,,,,,,,,,,50,58,49,49,48,0,0,50,54,45,,,,,,,,,,,,False,,,0,,,,,,0,50,,power
P9893,Pierre,Kolb,2004-06-14,69,190,Anglo,dark,brown,clean_shaven,L,CF,,0,,,52,47,70,52,52,52,46,47,52,49,,,,,,,,,,,,73,72,93,82,52,0,0,47,71,63,,,,,,,,,,,,False,,,0,,,,,,0,50,,speed
P6075,Tyrone,Mitchell,1992-01-10,76,180,African,dark,black,mustache,R,LF,,0,,,52,50,52,52,51,50,55,50,52,51,,,,,,,,,,,,46,40,49,43,51,0,0,50,42,51,,,,,,,,,,,,False,,,0,,,,,,0,50,,average
P7420,Malik,Jackson,1997-04-13,70,224,African,dark,black,clean_shaven,L,P,,1,RP,CL,,,,,55,,,,48,50,49,50,53,51,55,0,58,65,0,0,0,,,,,0,,,,48,48,53,54,50,47,60,0,62,61,0,0,0,False,,,0,,,,,,0,50,closer,
P9434,Manuel,Hernandez,2003-10-23,74,209,Hispanic,light,black,clean_shaven,R,P,,1,RP,SP,,,,,52,,,,53,52,52,50,52,48,51,63,59,0,0,0,0,,,,,0,,,,66,62,56,64,67,53,61,75,68,0,0,0,0,False,,,0,,,,,,0,50,balanced_sp,
P1588,Percy,Robinson,1998-02-20,75,177,African,dark,black,clean_shaven,R,P,,1,RP,RP,,,,,56,,,,49,50,52,51,52,50,50,0,60,64,61,0,0,,,,,0,,,,54,46,54,48,49,47,45,0,59,68,57,0,0,False,,,0,,,,,,0,50,groundball_rp,
P8135,Kelly,Elsaesser,1987-09-28,78,163,Anglo,light,black,clean_shaven,R,P,,1,RP,SP,,,,,49,,,,52,53,52,51,54,53,51,63,62,61,58,0,0,,,,,0,,,,44,49,49,50,50,50,43,55,53,61,52,0,0,False,,,0,,,,,,0,50,finesse_sp,
P5466,Trinidad,Brownsberger,1999-02-21,71,200,Anglo,light,blonde,mustache,L,P,,1,RP,CL,,,,,52,,,,48,53,48,51,52,49,55,57,58,67,0,0,0,,,,,0,,,,57,67,61,64,61,57,62,68,65,73,0,0,0,False,,,0,,,,,,0,50,closer,
P9123,Erwin,Pry,1996-11-29,68,202,Anglo,light,brown,clean_shaven,R,P,,1,RP,SP,,,,,51,,,,51,48,51,52,54,53,52,62,61,0,0,0,0,,,,,0,,,,49,53,49,59,54,58,51,62,62,0,0,0,0,False,,,0,,,,,,0,50,finesse_sp,
P3936,Rufus,Washington,1998-10-10,74,169,African,dark,black,clean_shaven,R,P,,1,RP,SP,,,,,48,,,,49,49,54,54,54,49,49,62,63,0,0,0,0,,,,,0,,,,64,61,61,69,62,57,58,70,70,0,0,0,0,False,,,0,,,,,,0,50,finesse_sp,
P1529,Roberto,Hernandez,1995-02-18,75,180,Hispanic,medium,brown,clean_shaven,L,1B,,0,,,52,64,50,49,48,54,46,48,53,50,,,,,,,,,,,,54,69,47,46,48,0,0,48,50,46,,,,,,,,,,,,False,,,0,,,,,,0,50,,power
P4949,Jorge,Vasquez,1987-09-08,76,236,Hispanic,medium,black,mustache,R,2B,,0,,,52,64,47,52,47,50,56,50,48,49,,,,,,,,,,,,43,61,37,47,47,0,0,50,41,44,,,,,,,,,,,,False,,,0,,,,,,0,50,,power
P1566,Carlos,Sanchez,2003-01-24,68,189,Hispanic,dark,brown,clean_shaven,R,1B,,0,,,49,64,49,50,50,49,58,49,52,50,,,,,,,,,,,,60,71,62,58,50,0,0,49,67,58,,,,,,,,,,,,False,,,0,,,,,,0,50,,power
P5566,Eduardo,Morales,1994-01-20,77,216,Hispanic,light,black,clean_shaven,R,RF,,0,,,51,61,48,50,48,52,56,49,48,52,,,,,,,,,,,,49,56,40,50,48,0,0,49,40,46,,,,,,,,,,,,False,,,0,,,,,,0,50,,power
P5355,Manuel,Rodriguez,1993-01-27,77,219,Hispanic,medium,black,clean_shaven,R,SS,,0,,,49,54,52,50,52,49,55,48,51,50,,,,,,,,,,,,41,44,52,42,52,0,0,48,49,41,,,,,,,,,,,,False,,,0,,,,,,0,50,,balanced
P5335,Darnell,Walker,1998-12-31,75,169,African,dark,brown,clean_shaven,R,RF,,0,,,52,53,50,50,48,52,57,49,50,50,,,,,,,,,,,,65,61,62,55,48,0,0,49,63,61,,,,,,,,,,,,False,,,0,,,,,,0,50,,balanced
P1493,Doyle,Camerena,1991-10-15,75,206,Anglo,dark,brown,clean_shaven,S,SS,,0,,,52,48,85,52,50,50,51,52,53,50,,,,,,,,,,,,46,42,83,50,50,0,0,52,49,43,,,,,,,,,,,,False,,,0,,,,,,0,50,,elite_speed
P9702,Raul,Ramirez,2000-10-24,68,207,Hispanic,medium,brown,goatee,R,SS,,0,,,49,49,49,50,52,47,58,52,47,50,,,,,,,,,,,,54,64,57,61,52,0,0,52,53,56,,,,,,,,,,,,False,,,0,,,,,,0,50,,average
P5408,Darnell,Scott,2006-04-15,77,223,African,dark,black,beard,L,P,,1,RP,CL,,,,,55,,,,49,51,47,51,53,50,54,58,59,66,0,0,0,,,,,0,,,,69,69,77,67,73,67,66,85,79,79,0,0,0,False,,,0,,,,,,0,50,closer,
P5896,Jonas,Moser,2008-01-03,75,226,Anglo,light,brown,clean_shaven,L,P,,1,RP,SP,,,,,48,,,,48,52,51,50,52,49,51,61,61,61,0,54,0,,,,,0,,,,71,77,75,65,65,67,78,87,78,71,0,73,0,False,,,0,,,,,,0,50,balanced_sp,
P7839,Lanny,Sonkin,2007-06-04,78,197,Anglo,medium,brown,goatee,L,P,,1,RP,RP,,,,,50,,,,50,49,52,50,52,50,52,57,0,0,0,0,0,,,,,0,,,,64,77,75,71,78,77,63,69,0,0,0,0,0,False,,,0,,,,,,0,50,finesse_rp,
P4134,Fabian,Gullickson,2006-07-03,68,237,Anglo,light,black,beard,S,P,,1,RP,RP,,,,,54,,,,49,51,49,51,53,52,54,0,59,0,61,0,0,,,,,0,,,,76,72,78,72,61,69,78,0,87,0,84,0,0,False,,,0,,,,,,0,50,groundball_rp,
P8306,Percy,Taylor,2006-07-15,69,188,African,dark,black,goatee,L,P,,1,RP,SP,,,,,49,,,,48,49,54,51,53,48,53,60,63,61,59,0,0,,,,,0,,,,66,79,81,68,67,69,83,90,93,84,84,0,0,False,,,0,,,,,,0,50,workhorse_sp,
P2332,Miguel,Gomez,2004-09-10,71,227,Hispanic,medium,blonde,beard,R,3B,,0,,,58,53,51,54,50,48,59,48,51,53,,,,,,,,,,,,70,73,63,73,50,0,0,48,77,80,,,,,,,,,,,,False,,,0,,,,,,0,50,,gap
P4458,Jose,Vargas,2004-07-11,74,204,Hispanic,medium,brown,clean_shaven,S,2B,,0,,,57,50,48,53,51,48,53,52,52,49,,,,,,,,,,,,75,71,65,82,51,0,0,52,72,72,,,,,,,,,,,,False,,,0,,,,,,0,50,,gap
P8193,Antonia,Eliezrie,2006-07-15,71,250,Anglo,dark,brown,clean_shaven,R,3B,,0,,,50,49,70,49,50,47,59,48,52,50,,,,,,,,,,,,61,61,99,65,50,0,0,48,76,80,,,,,,,,,,,,False,,,0,,,,,,0,50,,speed
P6110,Fredrick,Schneidtmille,2007-07-15,78,197,Anglo,light,red,clean_shaven,R,LF,,0,,,51,51,50,52,51,48,59,48,49,52,,,,,,,,,,,,63,61,73,70,51,0,0,48,79,71,,,,,,,,,,,,False,,,0,,,,,,0,50,,average
P2458,Bruno,Stimage,2007-12-30,71,161,Anglo,medium,blonde,clean_shaven,L,RF,,0,,,61,49,48,51,52,50,50,52,52,51,,,,,,,,,,,,86,75,61,69,52,0,0,52,78,64,,,,,,,,,,,,False,,,0,,,,,,0,50,,spray
P5893,Kent,Guerreiro,1991-04-28,69,205,Anglo,light,brown,clean_shaven,R,P,,1,RP,CL,,,,,55,,,,50,51,49,50,52,53,52,0,60,65,0,0,0,,,,,0,,,,50,46,48,48,45,50,45,0,54,63,0,0,0,False,,,0,,,,,,0,50,closer,
P6534,Antonio,Reyes,2003-06-10,68,223,Hispanic,light,brown,clean_shaven,S,P,,1,RP,SP,,,,,50,,,,50,50,51,53,52,49,52,61,58,59,61,0,0,,,,,0,,,,64,65,65,57,65,61,67,73,64,69,66,0,0,False,,,0,,,,,,0,50,groundball_sp,
P6151,Micah,Reichmann,1990-10-20,75,208,Anglo,light,red,mustache,R,P,,1,RP,RP,,,,,48,,,,49,52,51,50,52,49,52,57,61,67,0,0,0,,,,,0,,,,49,42,43,46,43,43,46,48,61,65,0,0,0,False,,,0,,,,,,0,50,power_rp,
P3858,Anthony,Gouthier,1992-06-25,68,240,Anglo,dark,brown,clean_shaven,L,P,,1,RP,RP,,,,,52,,,,48,50,50,51,53,52,53,0,0,66,0,0,0,,,,,0,,,,43,43,50,52,41,42,48,0,0,63,0,0,0,False,,,0,,,,,,0,50,power_rp,
P8250,Roderick,Grieb,1988-02-11,71,233,Anglo,light,black,clean_shaven,L,P,,1,RP,SP,,,,,54,,,,49,48,51,50,52,50,49,62,61,60,58,0,0,,,,,0,,,,45,40,41,52,44,41,42,53,60,55,52,0,0,False,,,0,,,,,,0,50,groundball_sp,
P7874,Curt,Jozsa,1998-05-29,78,223,Anglo,dark,brown,clean_shaven,S,P,,1,RP,SP,,,,,50,,,,52,50,51,51,53,52,49,0,62,0,59,0,0,,,,,0,,,,61,65,58,60,62,61,59,0,71,0,69,0,0,False,,,0,,,,,,0,50,groundball_sp,
P5582,Francisco,Rodriguez,2000-12-05,77,184,Hispanic,dark,blonde,clean_shaven,R,P,,1,RP,RP,,,,,50,,,,50,50,50,52,54,51,52,0,63,0,0,0,0,,,,,0,,,,56,61,66,62,57,63,63,0,76,0,0,0,0,False,,,0,,,,,,0,50,power_rp,
P8786,John,Shatswell,1993-02-27,73,213,Anglo,medium,brown,clean_shaven,R,P,,1,RP,RP,,,,,54,,,,52,53,50,53,54,51,51,57,0,0,0,0,0,,,,,0,,,,51,51,43,49,42,46,47,47,0,0,0,0,0,False,,,0,,,,,,0,50,finesse_rp,
P6283,Numbers,Charest,1991-11-11,76,176,Anglo,light,black,beard,L,P,,1,RP,RP,,,,,53,,,,51,50,49,50,52,52,54,0,62,64,0,0,0,,,,,0,,,,47,42,45,47,45,46,44,0,62,62,0,0,0,False,,,0,,,,,,0,50,power_rp,
P5752,Cedric,Baker,1987-03-15,75,163,African,dark,black,mustache,L,P,,1,RP,SP,,,,,49,,,,52,54,52,50,52,51,52,0,60,62,57,0,0,,,,,0,,,,47,45,45,47,49,50,45,0,58,59,55,0,0,False,,,0,,,,,,0,50,power_sp,
P1140,Hassan,Prehoda,1999-02-28,77,206,Anglo,light,red,mustache,L,P,,1,RP,SP,,,,,50,,,,51,53,51,53,52,52,52,0,60,59,0,0,0,,,,,0,,,,63,64,67,66,61,57,57,0,69,66,0,0,0,False,,,0,,,,,,0,50,balanced_sp,
P6420,Rufus,Green,2004-10-21,69,177,African,dark,black,clean_shaven,S,C,,0,,,50,51,53,51,48,51,56,51,52,49,,,,,,,,,,,,69,77,74,61,48,0,0,51,68,72,,,,,,,,,,,,False,,,0,,,,,,0,50,,balanced
P8813,Raul,Castillo,1990-01-03,78,162,Hispanic,light,blonde,goatee,R,1B,,0,,,56,52,50,51,51,51,53,51,53,49,,,,,,,,,,,,56,44,49,45,51,0,0,51,46,45,,,,,,,,,,,,False,,,0,,,,,,0,50,,gap
P6462,Hector,Sanchez,2004-08-06,77,183,Hispanic,medium,brown,clean_shaven,S,2B,,0,,,54,60,48,54,48,49,53,51,51,49,,,,,,,,,,,,84,87,69,71,48,0,0,51,69,61,,,,,,,,,,,,False,,,0,,,,,,0,50,,gap
P1941,Tyrone,Robinson,2001-01-05,72,214,African,dark,brown,clean_shaven,L,3B,,0,,,48,49,49,51,52,52,49,52,50,52,,,,,,,,,,,,55,61,57,58,52,0,0,52,58,67,,,,,,,,,,,,False,,,0,,,,,,0,50,,average
P9250,Xavier,King,1988-05-08,70,194,African,dark,brown,clean_shaven,R,SS,,0,,,48,51,50,49,49,50,59,53,52,53,,,,,,,,,,,,42,41,50,41,49,0,0,53,43,53,,,,,,,,,,,,False,,,0,,,,,,0,50,,balanced
P9273,Alejandro,Diaz,1991-07-08,75,164,Hispanic,medium,brown,clean_shaven,R,LF,,0,,,59,51,52,52,50,49,58,51,50,50,,,,,,,,,,,,55,42,46,45,50,0,0,51,46,44,,,,,,,,,,,,False,,,0,,,,,,0,50,,spray
P2124,Leroy,Jackson,1991-06-19,78,163,African,dark,black,goatee,R,CF,,0,,,51,50,50,50,50,50,54,47,50,52,,,,,,,,,,,,47,45,49,46,50,0,0,47,44,51,,,,,,,,,,,,False,,,0,,,,,,0,50,,balanced
P5314,Rufus,King,1999-01-10,75,209,African,dark,black,clean_shaven,S,RF,,0,,,51,59,47,50,47,52,51,49,49,51,,,,,,,,,,,,64,71,61,59,47,0,0,49,64,60,,,,,,,,,,,,False,,,0,,,,,,0,50,,power
P4948,Tyron,Reau,1992-11-06,75,245,Anglo,medium,brown,clean_shaven,R,RF,,0,,,50,59,50,49,51,49,55,51,50,51,,,,,,,,,,,,48,50,43,39,51,0,0,51,42,46,,,,,,,,,,,,False,,,0,,,,,,0,50,,power
P2261,Rufus,Walker,1998-07-21,72,215,African,dark,black,clean_shaven,L,C,,0,,,52,59,50,49,49,51,50,50,52,52,,,,,,,,,,,,65,65,55,61,49,0,0,50,60,57,,,,,,,,,,,,False,,,0,,,,,,0,50,,power
P6082,Leroy,Robinson,2001-01-04,77,168,African,dark,black,beard,R,RF,,0,,,50,52,48,49,51,49,51,51,50,52,,,,,,,,,,,,61,61,57,64,51,0,0,51,65,67,,,,,,,,,,,,False,,,0,,,,,,0,50,,average
P2002,Deshawn,White,1990-04-11,74,216,African,dark,brown,clean_shaven,L,CF,,0,,,53,62,51,52,47,53,48,51,52,51,,,,,,,,,,,,50,55,41,42,47,0,0,51,50,41,,,,,,,,,,,,False,,,0,,,,,,0,50,,power
P8198,Tim,Wannamaker,1990-08-30,71,177,Anglo,medium,brown,beard,L,C,,0,,,51,50,50,49,49,50,50,52,50,53,,,,,,,,,,,,41,40,47,49,49,0,0,52,43,53,,,,,,,,,,,,False,,,0,,,,,,0,50,,average
P8958,Leroy,Carter,1997-07-28,68,223,African,dark,black,beard,L,1B,,0,,,50,58,50,50,48,53,46,53,48,52,,,,,,,,,,,,46,54,54,51,48,0,0,53,48,51,,,,,,,,,,,,False,,,0,,,,,,0,50,,balanced
P8194,Juan,Diaz,1997-11-18,77,223,Hispanic,medium,black,clean_shaven,R,P,,1,RP,CL,,,,,55,,,,48,52,51,53,53,49,52,0,0,65,0,0,0,,,,,0,,,,45,50,54,55,53,48,48,0,0,64,0,0,0,False,,,0,,,,,,0,50,closer,
P1537,Raul,Rivera,1999-02-26,74,187,Hispanic,medium,black,goatee,R,P,,1,RP,SP,,,,,54,,,,47,52,54,50,52,48,50,0,0,57,58,0,0,,,,,0,,,,52,65,59,62,66,63,65,0,0,65,63,0,0,False,,,0,,,,,,0,50,groundball_sp,
P5403,Leroy,Gaines,1993-08-28,77,241,African,dark,black,beard,L,P,,1,RP,RP,,,,,55,,,,51,50,50,50,52,50,54,0,0,0,60,0,0,,,,,0,,,,50,47,40,51,40,40,45,0,0,0,52,0,0,False,,,0,,,,,,0,50,groundball_rp,
P3234,Leroy,White,1994-04-03,74,220,African,dark,black,mustache,L,P,,1,RP,LR,,,,,53,,,,48,52,52,51,53,49,52,56,61,67,0,0,0,,,,,0,,,,49,49,50,54,52,49,47,57,62,63,0,0,0,False,,,0,,,,,,0,50,long_relief,
P8939,Miguel,Ramos,1993-04-14,68,245,Hispanic,light,blonde,clean_shaven,S,P,,1,RP,RP,,,,,53,,,,51,49,48,50,53,52,50,0,0,0,62,0,0,,,,,0,,,,51,46,44,45,42,52,44,0,0,0,62,0,0,False,,,0,,,,,,0,50,groundball_rp,
P5873,Jude,Scharf,1994-11-11,73,160,Anglo,medium,brown,clean_shaven,L,P,,1,RP,RP,,,,,35,,,,48,49,49,51,53,53,49,0,62,0,0,0,0,,,,,37,,,,47,51,50,49,47,55,49,0,59,0,0,0,0,False,,,0,,,,,,0,50,finesse_rp,
P5509,Chauncey,Thomison,2002-07-31,73,190,Anglo,light,red,mustache,S,P,,1,RP,RP,,,,,52,,,,52,49,52,52,54,53,52,0,61,65,0,56,0,,,,,0,,,,59,56,61,60,59,68,67,0,74,79,0,66,0,False,,,0,,,,,,0,50,power_rp,
P7782,Rufus,Robinson,1994-09-28,73,173,African,dark,black,beard,L,LF,,0,,,49,50,52,50,51,50,50,50,50,50,,,,,,,,,,,,44,48,51,49,51,0,0,50,46,47,,,,,,,,,,,,False,,,0,,,,,,0,50,,average
P8286,Malik,Harris,1997-11-30,74,182,African,dark,black,clean_shaven,S,C,,0,,,49,53,53,51,51,51,54,50,50,53,,,,,,,,,,,,52,53,51,51,51,0,0,50,45,55,,,,,,,,,,,,False,,,0,,,,,,0,50,,balanced
P5724,Raul,Diaz,1992-10-31,74,168,Hispanic,medium,brown,clean_shaven,S,LF,,0,,,52,49,70,51,52,47,51,53,49,49,,,,,,,,,,,,47,47,67,50,52,0,0,53,44,47,,,,,,,,,,,,False,,,0,,,,,,0,50,,speed
P5261,Randy,Escorcia,2003-07-02,68,177,Anglo,light,brown,beard,L,3B,,0,,,53,51,71,51,50,48,50,51,51,51,,,,,,,,,,,,61,60,85,61,50,0,0,51,66,61,,,,,,,,,,,,False,,,0,,,,,,0,50,,speed
P1461,Reed,Hohiudden,1987-03-13,77,223,Anglo,light,blonde,mustache,S,3B,,0,,,50,49,53,49,49,52,51,52,48,51,,,,,,,,,,,,49,39,53,45,49,0,0,52,48,51,,,,,,,,,,,,False,,,0,,,,,,0,50,,balanced
P9987,Ulysses,Wassell,1999-01-23,72,203,Anglo,dark,brown,clean_shaven,L,CF,,0,,,57,50,50,52,53,49,49,52,51,52,,,,,,,,,,,,70,58,60,64,53,0,0,52,61,58,,,,,,,,,,,,False,,,0,,,,,,0,50,,spray
P3627,Pedro,Lopez,1989-09-19,75,250,Hispanic,medium,brown,beard,L,CF,,0,,,49,55,48,50,51,50,44,52,51,52,,,,,,,,,,,,44,46,39,48,51,0,0,52,49,51,,,,,,,,,,,,False,,,0,,,,,,0,50,,power
P3446,Tyrone,King,1994-02-17,74,171,African,light,brown,goatee,R,LF,,0,,,52,63,50,50,52,53,55,52,51,53,,,,,,,,,,,,49,61,50,44,52,0,0,52,43,50,,,,,,,,,,,,False,,,0,,,,,,0,50,,power
P9963,Rafael,Martinez,2006-06-22,71,162,Hispanic,medium,black,clean_shaven,L,P,,1,RP,CL,,,,,55,,,,52,50,49,51,52,51,51,58,0,65,0,0,0,,,,,0,,,,64,62,79,74,76,73,81,72,0,75,0,0,0,False,,,0,,,,,,0,50,closer,
P3046,Cedric,Allen,2006-03-07,71,181,African,dark,black,clean_shaven,R,P,,1,RP,SP,,,,,52,,,,48,52,52,50,52,50,50,60,61,0,60,0,0,,,,,0,,,,75,80,79,66,71,65,64,74,86,0,76,0,0,False,,,0,,,,,,0,50,groundball_sp,
P2961,Jermaine,Walker,2004-09-01,68,224,African,dark,black,clean_shaven,R,P,,1,RP,CL,,,,,50,,,,52,50,49,50,52,51,52,0,0,65,0,0,0,,,,,0,,,,78,71,64,63,59,61,62,0,0,91,0,0,0,False,,,0,,,,,,0,50,closer,
P6401,Juan,Ramos,2006-01-27,68,219,Hispanic,light,black,clean_shaven,R,P,,1,RP,SP,,,,,51,,,,48,52,51,51,52,49,53,0,0,58,61,0,0,,,,,0,,,,78,72,71,70,66,69,78,0,0,83,90,0,0,False,,,0,,,,,,0,50,groundball_sp,
P1779,Rufus,Gaines,2005-09-03,69,213,African,dark,black,clean_shaven,R,P,,1,RP,SP,,,,,49,,,,52,50,51,52,53,50,50,63,60,0,0,0,0,,,,,0,,,,80,78,63,83,76,69,76,73,73,0,0,0,0,False,,,0,,,,,,0,50,workhorse_sp,
P4000,Jamal,Gaines,2007-11-21,77,195,African,dark,black,clean_shaven,R,RF,,0,,,50,63,49,49,49,52,58,50,51,50,,,,,,,,,,,,68,83,70,77,49,0,0,50,79,71,,,,,,,,,,,,False,,,0,,,,,,0,50,,power
P7269,Malik,Taylor,2004-05-03,76,232,African,light,black,beard,R,LF,,0,,,54,60,51,51,47,53,56,51,50,48,,,,,,,,,,,,72,80,66,63,47,0,0,51,79,76,,,,,,,,,,,,False,,,0,,,,,,0,50,,power
P4695,Fredrick,Wohlers,2005-07-15,78,186,Anglo,medium,blonde,beard,R,2B,,0,,,51,50,50,51,51,49,57,51,52,52,,,,,,,,,,,,68,63,79,79,51,0,0,51,81,66,,,,,,,,,,,,False,,,0,,,,,,0,50,,balanced
P5296,Jamal,Carter,2004-05-13,75,233,African,medium,black,goatee,R,3B,,0,,,51,58,48,51,51,50,60,53,50,52,,,,,,,,,,,,77,83,63,68,51,0,0,53,65,76,,,,,,,,,,,,False,,,0,,,,,,0,50,,power
P8349,Rayford,Hotelling,2005-05-13,78,236,Anglo,light,blonde,clean_shaven,R,1B,,0,,,50,59,52,51,48,50,56,52,47,51,,,,,,,,,,,,70,82,68,69,48,0,0,52,63,67,,,,,,,,,,,,False,,,0,,,,,,0,50,,power
P6400,Darnell,King,1999-02-11,73,189,African,dark,black,clean_shaven,S,P,,1,RP,CL,,,,,55,,,,52,50,47,53,53,49,54,57,62,65,0,0,0,,,,,0,,,,61,61,66,62,59,62,69,62,76,75,0,0,0,False,,,0,,,,,,0,50,closer,
P1676,Gail,Vickery,1992-09-11,74,235,Anglo,light,brown,clean_shaven,L,P,,1,RP,RP,,,,,52,,,,51,49,50,50,54,52,50,59,0,0,0,0,0,,,,,0,,,,49,41,47,51,40,43,41,59,0,0,0,0,0,False,,,0,,,,,,0,50,finesse_rp,
P9880,Bryan,Mclennon,1995-04-29,78,192,Anglo,light,blonde,clean_shaven,R,P,,1,RP,LR,,,,,52,,,,49,49,53,53,54,53,50,61,62,64,0,0,0,,,,,0,,,,53,52,54,55,58,56,52,56,58,66,0,0,0,False,,,0,,,,,,0,50,long_relief,
P1805,Hector,Rivera,1987-08-16,71,181,Hispanic,light,blonde,beard,R,P,,1,RP,SP,,,,,51,,,,49,54,50,50,52,53,54,0,64,61,0,55,0,,,,,0,,,,40,50,42,42,41,43,48,0,61,61,0,49,0,False,,,0,,,,,,0,50,power_sp,
P5641,Carlos,Gonzalez,1988-11-26,68,247,Hispanic,light,red,clean_shaven,R,P,,1,RP,SP,,,,,52,,,,52,49,53,53,54,53,48,61,62,60,0,56,0,,,,,0,,,,49,46,51,52,52,50,46,59,55,59,0,49,0,False,,,0,,,,,,0,50,finesse_sp,
P3404,Marco,Skarke,1990-01-14,75,198,Anglo,light,red,mustache,R,P,,1,RP,SP,,,,,51,,,,51,51,54,51,52,52,53,0,0,59,57,0,0,,,,,0,,,,44,49,42,47,49,46,48,0,0,53,48,0,0,False,,,0,,,,,,0,50,groundball_sp,
P2322,Deandre,Eshlerman,1988-08-19,75,226,Anglo,light,brown,beard,L,P,,1,RP,SP,,,,,50,,,,51,53,50,52,54,53,54,61,60,0,0,0,0,,,,,0,,,,47,53,48,48,47,45,46,52,51,0,0,0,0,False,,,0,,,,,,0,50,balanced_sp,
P1382,Jermaine,White,1993-06-17,78,229,African,medium,black,beard,R,P,,1,RP,SP,,,,,53,,,,48,49,51,50,52,52,51,0,60,58,58,0,0,,,,,0,,,,44,43,43,50,44,52,42,0,51,49,52,0,0,False,,,0,,,,,,0,50,groundball_sp,
P3374,Milford,Hickernell,2000-03-31,75,231,Anglo,medium,red,clean_shaven,R,P,,1,RP,SP,,,,,47,,,,48,51,51,51,52,50,54,0,61,61,0,0,0,,,,,0,,,,61,64,66,61,62,61,67,0,72,70,0,0,0,False,,,0,,,,,,0,50,power_sp,
P3819,Manuel,Sanchez,1994-10-07,68,207,Hispanic,light,brown,clean_shaven,R,P,,1,RP,SP,,,,,48,,,,50,53,51,50,52,50,53,62,59,62,0,0,0,,,,,0,,,,55,52,49,48,55,54,57,65,63,61,0,0,0,False,,,0,,,,,,0,50,workhorse_sp,
P7437,Antonio,Castillo,2003-03-16,68,169,Hispanic,dark,blonde,clean_shaven,L,P,,1,RP,RP,,,,,49,,,,49,52,52,52,54,52,51,0,0,67,0,0,0,,,,,0,,,,55,57,66,63,58,58,65,0,0,81,0,0,0,False,,,0,,,,,,0,50,power_rp,
P9477,Carlos,Ramos,1997-02-27,75,162,Hispanic,light,black,beard,R,C,,0,,,60,50,50,57,52,50,59,48,51,49,,,,,,,,,,,,55,51,51,52,52,0,0,48,48,49,,,,,,,,,,,,False,,,0,,,,,,0,50,,spray
P1697,Pedro,Morales,1996-10-22,71,200,Hispanic,medium,brown,mustache,R,1B,,0,,,63,54,49,50,50,47,58,51,50,51,,,,,,,,,,,,60,49,49,46,50,0,0,51,51,50,,,,,,,,,,,,False,,,0,,,,,,0,50,,spray
P4190,Burt,Dailey,2003-03-22,74,198,Anglo,light,blonde,clean_shaven,R,2B,,0,,,51,52,49,52,49,49,58,49,49,49,,,,,,,,,,,,64,60,62,62,49,0,0,49,57,59,,,,,,,,,,,,False,,,0,,,,,,0,50,,balanced
P3666,Marshall,Griffis,2003-03-05,77,186,Anglo,medium,brown,clean_shaven,R,3B,,0,,,49,54,51,50,47,48,55,53,48,49,,,,,,,,,,,,55,63,59,55,47,0,0,53,59,61,,,,,,,,,,,,False,,,0,,,,,,0,50,,gap
P3569,Colin,Suben,1999-03-28,68,185,Anglo,dark,brown,clean_shaven,R,SS,,0,,,49,49,50,49,49,48,61,52,52,51,,,,,,,,,,,,57,61,56,57,49,0,0,52,66,57,,,,,,,,,,,,False,,,0,,,,,,0,50,,balanced
P2815,Rafael,Reyes,2000-07-30,77,227,Hispanic,light,blonde,clean_shaven,S,LF,,0,,,50,64,51,51,51,51,53,53,50,49,,,,,,,,,,,,57,71,56,59,51,0,0,53,55,63,,,,,,,,,,,,False,,,0,,,,,,0,50,,power
P9837,Jorge,Hernandez,2004-01-13,76,214,Hispanic,medium,black,goatee,L,CF,,0,,,50,54,52,52,51,51,44,52,48,52,,,,,,,,,,,,59,69,65,63,51,0,0,52,59,58,,,,,,,,,,,,False,,,0,,,,,,0,50,,balanced
P8393,Kristofer,Kinstle,2002-05-04,68,199,Anglo,medium,red,clean_shaven,R,RF,,0,,,52,55,52,50,48,49,53,50,47,48,,,,,,,,,,,,59,66,61,62,48,0,0,50,53,53,,,,,,,,,,,,False,,,0,,,,,,0,50,,gap
P6892,Dwain,Zoldesy,1995-12-12,74,172,Anglo,medium,black,clean_shaven,R,SS,,0,,,49,50,50,50,51,50,57,48,50,51,,,,,,,,,,,,53,48,48,48,51,0,0,48,52,54,,,,,,,,,,,,False,,,0,,,,,,0,50,,average
P2681,Jorge,Martinez,2000-12-09,70,226,Hispanic,dark,blonde,clean_shaven,R,LF,,0,,,49,53,51,49,49,50,57,51,51,49,,,,,,,,,,,,56,65,66,62,49,0,0,51,65,55,,,,,,,,,,,,False,,,0,,,,,,0,50,,average
P6143,Francisco,Morales,1990-09-04,70,221,Hispanic,medium,brown,clean_shaven,S,1B,,0,,,53,63,49,52,49,50,47,49,48,50,,,,,,,,,,,,47,57,44,45,49,0,0,49,46,42,,,,,,,,,,,,False,,,0,,,,,,0,50,,power
P5336,Chang,Imbesi,1996-01-06,69,247,Anglo,light,brown,goatee,R,SS,,0,,,51,52,49,52,48,47,55,49,51,51,,,,,,,,,,,,48,53,52,47,48,0,0,49,50,46,,,,,,,,,,,,False,,,0,,,,,,0,50,,balanced
P8687,Francisco,Flores,1990-05-15,69,190,Hispanic,light,brown,clean_shaven,L,C,,0,,,53,53,50,49,51,51,49,50,48,49,,,,,,,,,,,,53,49,48,43,51,0,0,50,38,49,,,,,,,,,,,,False,,,0,,,,,,0,50,,average
P2185,Emerson,Mcgraff,1990-07-21,68,207,Anglo,light,blonde,mustache,R,RF,,0,,,49,53,51,48,48,51,57,50,52,50,,,,,,,,,,,,42,50,49,43,48,0,0,50,44,44,,,,,,,,,,,,False,,,0,,,,,,0,50,,balanced
P7296,Margarito,Mako,1992-01-04,68,242,Anglo,medium,brown,beard,L,P,,1,RP,CL,,,,,55,,,,53,50,49,50,52,53,54,56,57,65,0,0,0,,,,,0,,,,47,44,40,50,44,51,44,51,49,65,0,0,0,False,,,0,,,,,,0,50,closer,
P8789,Jarrett,Faulkner,1993-10-23,78,218,Anglo,light,blonde,clean_shaven,R,P,,1,RP,RP,,,,,56,,,,49,53,52,50,53,53,51,0,0,67,63,0,0,,,,,0,,,,46,50,46,45,52,45,50,0,0,66,54,0,0,False,,,0,,,,,,0,50,groundball_rp,
P3757,Clifton,Ussery,1989-07-27,69,245,Anglo,light,red,clean_shaven,R,P,,1,RP,SP,,,,,52,,,,50,48,49,52,52,52,52,0,60,0,58,0,0,,,,,0,,,,43,48,47,46,46,43,48,0,54,0,58,0,0,False,,,0,,,,,,0,50,groundball_sp,
P1218,Luis,Gomez,1991-12-08,78,166,Hispanic,dark,red,goatee,L,P,,1,RP,SP,,,,,51,,,,48,48,53,50,53,53,51,60,60,0,0,58,0,,,,,0,,,,39,47,47,47,45,52,41,52,57,0,0,53,0,False,,,0,,,,,,0,50,finesse_sp,
P9279,Ricardo,Vasquez,2003-01-27,68,195,Hispanic,medium,brown,clean_shaven,R,P,,1,RP,SP,,,,,51,,,,52,51,53,52,54,48,53,0,61,62,60,0,0,,,,,0,,,,57,61,63,67,64,54,59,0,75,76,66,0,0,False,,,0,,,,,,0,50,power_sp,
P7331,Angel,Hollenbaugh,1997-04-14,71,177,Anglo,light,blonde,beard,L,P,,1,RP,RP,,,,,51,,,,51,50,51,50,52,53,52,0,62,64,61,0,0,,,,,0,,,,54,47,55,47,53,49,51,0,65,61,60,0,0,False,,,0,,,,,,0,50,power_rp,
P4880,Raul,Mendoza,1995-08-15,77,165,Hispanic,medium,blonde,beard,L,P,,1,RP,RP,,,,,49,,,,51,52,48,50,53,51,51,0,59,0,0,0,0,,,,,0,,,,46,50,46,52,47,56,49,0,63,0,0,0,0,False,,,0,,,,,,0,50,power_rp,
P4903,Jose,Garcia,1990-04-24,76,213,Hispanic,dark,black,clean_shaven,S,2B,,0,,,53,48,70,52,50,50,51,53,49,52,,,,,,,,,,,,45,43,60,50,50,0,0,53,42,52,,,,,,,,,,,,False,,,0,,,,,,0,50,,speed
P3683,Titus,Shearin,1995-06-10,72,179,Anglo,light,brown,clean_shaven,L,1B,,0,,,50,53,49,51,48,51,47,52,49,48,,,,,,,,,,,,54,48,44,52,48,0,0,52,44,49,,,,,,,,,,,,False,,,0,,,,,,0,50,,average
P1332,Ricardo,Mendoza,1999-07-22,76,212,Hispanic,medium,brown,clean_shaven,R,RF,3B,0,,,49,58,48,49,48,51,55,49,49,49,,,,,,,,,,,,56,65,62,64,48,0,0,49,54,59,,,,,,,,,,,,False,,,0,,,,,,0,50,,power
P9567,Tod,Violett,1992-08-26,73,232,Anglo,medium,brown,clean_shaven,R,1B,,0,,,52,54,52,50,50,52,52,49,51,48,,,,,,,,,,,,51,47,52,50,50,0,0,49,41,42,,,,,,,,,,,,False,,,0,,,,,,0,50,,gap
P2534,Keith,Postuci,1997-11-06,76,188,Anglo,light,blonde,clean_shaven,L,CF,,0,,,51,50,70,52,50,50,43,52,48,52,,,,,,,,,,,,51,50,74,57,50,0,0,52,49,48,,,,,,,,,,,,False,,,0,,,,,,0,50,,speed
P3001,Alvaro,Ketron,1996-12-14,74,243,Anglo,light,brown,mustache,R,C,,0,,,51,49,50,50,51,50,55,52,49,49,,,,,,,,,,,,49,48,52,45,51,0,0,52,50,53,,,,,,,,,,,,False,,,0,,,,,,0,50,,average
P2991,Kyle,Henley,1995-03-08,71,165,Anglo,light,brown,mustache,R,3B,,0,,,50,52,49,50,49,49,59,51,51,49,,,,,,,,,,,,52,52,54,45,49,0,0,51,52,54,,,,,,,,,,,,False,,,0,,,,,,0,50,,balanced
P4188,Jason,Wunderlich,2001-09-09,76,202,Anglo,medium,brown,clean_shaven,R,C,,0,,,53,53,49,52,49,52,56,53,51,52,,,,,,,,,,,,58,64,55,61,49,0,0,53,62,65,,,,,,,,,,,,False,,,0,,,,,,0,50,,balanced
P7663,Alexis,Hadsall,2004-08-27,72,170,Anglo,light,brown,beard,L,P,,1,RP,CL,,,,,55,,,,53,51,50,53,54,50,56,0,59,65,0,0,0,,,,,0,,,,77,64,72,81,62,77,69,0,79,86,0,0,0,False,,,0,,,,,,0,50,closer,
P7275,Jose,Martinez,2006-06-28,73,170,Hispanic,medium,black,clean_shaven,R,P,,1,RP,RP,,,,,52,,,,52,50,49,51,53,53,53,58,63,0,0,58,0,,,,,0,,,,62,63,78,75,65,65,67,78,79,0,0,80,0,False,,,0,,,,,,0,50,finesse_rp,
P2251,Felton,Wach,2006-04-27,73,189,Anglo,medium,black,clean_shaven,L,P,,1,RP,RP,,,,,49,,,,48,51,50,52,52,50,53,60,63,0,62,0,0,,,,,0,,,,59,63,74,79,72,69,78,78,86,0,79,0,0,False,,,0,,,,,,0,50,finesse_rp,
P9243,Alejandro,Perez,2007-05-18,70,170,Hispanic,light,blonde,clean_shaven,S,P,,1,RP,RP,,,,,53,,,,48,50,51,50,52,53,50,60,61,0,62,0,0,,,,,0,,,,59,74,61,72,69,70,76,76,77,0,84,0,0,False,,,0,,,,,,0,50,finesse_rp,
P7134,Roberto,Perez,2005-08-02,69,176,Hispanic,medium,red,clean_shaven,R,P,,1,RP,CL,,,,,50,,,,49,51,52,50,54,53,54,56,61,66,0,0,0,,,,,0,,,,71,69,63,79,71,82,82,86,85,89,0,0,0,False,,,0,,,,,,0,50,closer,
P2135,Fernando,Mendoza,2004-03-10,69,249,Hispanic,medium,blonde,clean_shaven,L,RF,,0,,,49,60,51,50,47,51,49,52,51,51,,,,,,,,,,,,72,75,77,78,47,0,0,52,69,75,,,,,,,,,,,,False,,,0,,,,,,0,50,,power
P7166,James,Curro,2004-09-11,69,211,Anglo,dark,black,clean_shaven,R,SS,,0,,,53,51,54,50,52,49,58,51,51,49,,,,,,,,,,,,73,73,82,68,52,0,0,51,74,70,,,,,,,,,,,,False,,,0,,,,,,0,50,,balanced
P2550,Thurman,Arcilla,2006-08-31,78,179,Anglo,light,brown,clean_shaven,R,LF,RF,0,,,59,50,52,52,53,47,57,51,49,52,,,,,,,,,,,,70,76,77,65,53,0,0,51,73,74,,,,,,,,,,,,False,,,0,,,,,,0,50,,spray
P6225,Rigoberto,Minert,2004-06-22,78,180,Anglo,light,brown,clean_shaven,S,C,,0,,,62,51,51,51,53,49,55,51,53,48,,,,,,,,,,,,81,80,72,64,53,0,0,51,78,62,,,,,,,,,,,,False,,,0,,,,,,0,50,,spray
P9214,Jorge,Delgado,2005-05-19,76,209,Hispanic,medium,black,clean_shaven,R,C,,0,,,50,50,49,49,50,50,55,49,52,51,,,,,,,,,,,,77,79,60,69,50,0,0,49,65,62,,,,,,,,,,,,False,,,0,,,,,,0,50,,average
P3188,Daron,Harmison,1991-05-11,73,231,Anglo,medium,brown,beard,L,P,,1,RP,CL,,,,,55,,,,51,50,48,50,52,52,52,56,58,65,0,0,0,,,,,0,,,,42,44,50,50,39,43,52,50,54,61,0,0,0,False,,,0,,,,,,0,50,closer,
P9551,Lamont,Mosqueda,1999-01-21,77,240,Anglo,medium,black,clean_shaven,R,P,,1,RP,RP,,,,,54,,,,50,51,50,51,52,51,51,58,0,65,63,0,0,,,,,0,,,,57,59,59,60,62,65,60,65,0,70,69,0,0,False,,,0,,,,,,0,50,groundball_rp,
P1695,Sterling,Godnick,1998-04-24,68,250,Anglo,light,brown,clean_shaven,R,P,,1,RP,SP,,,,,50,,,,51,48,54,52,54,48,50,61,62,0,0,0,0,,,,,0,,,,61,58,66,68,65,62,56,70,67,0,0,0,0,False,,,0,,,,,,0,50,workhorse_sp,
P7567,Rupert,Dafonte,1989-02-08,70,169,Anglo,light,black,clean_shaven,L,P,,1,RP,SP,,,,,51,,,,47,52,54,50,52,51,51,60,61,62,0,0,0,,,,,0,,,,38,51,45,50,52,42,47,55,55,53,0,0,0,False,,,0,,,,,,0,50,power_sp,
P4251,Rafael,Ortiz,2004-06-16,72,194,Hispanic,medium,black,mustache,L,P,,1,RP,SP,,,,,52,,,,51,51,51,51,52,51,52,61,62,0,61,0,0,,,,,0,,,,78,65,79,68,64,79,71,91,77,0,82,0,0,False,,,0,,,,,,0,50,groundball_sp,
P2530,Enoch,Vielle,1995-01-01,69,180,Anglo,light,black,clean_shaven,R,P,,1,RP,SP,,,,,49,,,,50,50,51,53,52,53,51,0,63,62,0,0,0,,,,,0,,,,48,48,55,47,51,52,47,0,58,66,0,0,0,False,,,0,,,,,,0,50,power_sp,
P5338,Jose,Rodriguez,2001-01-08,74,176,Hispanic,medium,blonde,clean_shaven,S,P,,1,RP,SP,,,,,51,,,,50,51,51,51,53,52,52,59,62,57,58,0,0,,,,,0,,,,62,66,61,58,64,57,64,66,73,67,70,0,0,False,,,0,,,,,,0,50,groundball_sp,
P8009,Delbert,Wilner,1994-10-06,72,213,Anglo,medium,black,mustache,R,P,,1,RP,SP,,,,,51,,,,51,49,52,50,53,49,53,62,63,62,58,0,0,,,,,0,,,,46,45,54,57,55,53,58,60,68,66,53,0,0,False,,,0,,,,,,0,50,balanced_sp,
P6475,Abdul,Koepf,2002-07-25,78,198,Anglo,light,blonde,clean_shaven,L,P,,1,RP,RP,,,,,52,,,,48,53,52,52,54,49,52,0,61,64,0,0,0,,,,,0,,,,55,63,63,65,66,61,66,0,73,77,0,0,0,False,,,0,,,,,,0,50,power_rp,
P6343,Pedro,Reyes,2002-06-20,69,165,Hispanic,medium,brown,clean_shaven,R,P,,1,RP,CL,,,,,49,,,,52,50,50,50,54,53,53,0,0,65,0,0,0,,,,,0,,,,57,60,59,66,57,68,64,0,0,72,0,0,0,False,,,0,,,,,,0,50,closer,
P9902,Juan,Vargas,1997-09-02,75,224,Hispanic,medium,black,clean_shaven,R,P,,1,RP,SP,,,,,50,,,,48,52,52,52,52,51,54,0,62,62,0,0,0,,,,,0,,,,44,51,49,51,54,55,57,0,58,57,0,0,0,False,,,0,,,,,,0,50,power_sp,
P2172,Alejandro,Lopez,1997-07-14,77,187,Hispanic,light,brown,goatee,L,C,,0,,,50,51,50,50,51,52,50,48,49,52,,,,,,,,,,,,50,52,47,52,51,0,0,48,52,54,,,,,,,,,,,,False,,,0,,,,,,0,50,,balanced
P9842,Eduardo,Cruz,2003-09-15,72,172,Hispanic,medium,blonde,goatee,L,1B,,0,,,50,56,54,51,52,53,47,49,52,51,,,,,,,,,,,,62,61,62,64,52,0,0,49,59,56,,,,,,,,,,,,False,,,0,,,,,,0,50,,balanced
P9143,Miquel,Natt,2002-03-02,74,239,Anglo,medium,blonde,clean_shaven,R,2B,,0,,,58,49,50,57,51,51,56,49,50,52,,,,,,,,,,,,70,55,55,69,51,0,0,49,61,60,,,,,,,,,,,,False,,,0,,,,,,0,50,,spray
P2461,Fernando,Gomez,2003-10-13,75,178,Hispanic,dark,black,clean_shaven,S,3B,LF,0,,,52,50,48,49,48,51,54,53,52,49,,,,,,,,,,,,57,64,61,59,48,0,0,53,60,56,,,,,,,,,,,,False,,,0,,,,,,0,50,,average
P9255,Dexter,Chirco,1996-01-12,71,182,Anglo,dark,brown,beard,R,SS,,0,,,49,51,49,49,49,49,59,52,51,51,,,,,,,,,,,,53,46,53,52,49,0,0,52,52,51,,,,,,,,,,,,False,,,0,,,,,,0,50,,average
P3194,Jayson,Masell,1988-11-03,73,235,Anglo,dark,brown,mustache,S,LF,,0,,,61,52,50,52,51,51,53,53,51,52,,,,,,,,,,,,55,43,45,45,51,0,0,53,41,48,,,,,,,,,,,,False,,,0,,,,,,0,50,,spray
P3013,Alejandro,Ortiz,1997-05-04,71,165,Hispanic,dark,black,clean_shaven,L,CF,,0,,,50,47,70,50,52,50,47,49,51,48,,,,,,,,,,,,54,47,69,51,52,0,0,49,47,53,,,,,,,,,,,,False,,,0,,,,,,0,50,,speed
P7129,Scot,Mccarter,1998-08-13,69,193,Anglo,light,blonde,clean_shaven,R,RF,,0,,,51,51,85,52,52,48,54,51,48,51,,,,,,,,,,,,63,63,96,58,52,0,0,51,58,59,,,,,,,,,,,,False,,,0,,,,,,0,50,,elite_speed
P1967,Dewayne,Kuhr,1991-07-18,73,180,Anglo,medium,black,beard,L,C,,0,,,55,51,48,52,48,48,49,50,48,51,,,,,,,,,,,,45,48,47,47,48,0,0,50,40,47,,,,,,,,,,,,False,,,0,,,,,,0,50,,gap
P4005,Fernando,Martinez,2001-03-12,78,188,Hispanic,medium,black,clean_shaven,R,3B,,0,,,57,56,50,53,51,50,59,50,50,51,,,,,,,,,,,,71,71,56,66,51,0,0,50,59,64,,,,,,,,,,,,False,,,0,,,,,,0,50,,gap
P3730,Terrance,Sidi,1990-03-20,70,186,Anglo,light,black,beard,R,SS,,0,,,64,60,51,52,47,48,59,52,52,48,,,,,,,,,,,,60,55,49,50,47,0,0,52,47,38,,,,,,,,,,,,False,,,0,,,,,,0,50,,gap
P8387,Fernando,Ramos,1991-05-13,76,196,Hispanic,medium,black,clean_shaven,L,1B,,0,,,50,62,49,50,48,52,49,50,52,49,,,,,,,,,,,,47,61,47,45,48,0,0,50,42,42,,,,,,,,,,,,False,,,0,,,,,,0,50,,power
P7106,Miguel,Garcia,2000-11-25,69,164,Hispanic,light,black,clean_shaven,R,RF,,0,,,58,51,48,51,51,50,54,52,51,48,,,,,,,,,,,,69,63,63,61,51,0,0,52,66,56,,,,,,,,,,,,False,,,0,,,,,,0,50,,spray
P6750,Jerald,Shaklee,2002-10-18,70,208,Anglo,light,brown,clean_shaven,L,3B,,0,,,52,60,47,49,49,53,49,51,49,49,,,,,,,,,,,,59,71,54,54,49,0,0,51,61,56,,,,,,,,,,,,False,,,0,,,,,,0,50,,power
P8293,Raul,Delgado,1997-07-07,73,250,Hispanic,light,black,beard,L,P,,1,RP,CL,,,,,55,,,,52,51,52,52,52,51,51,60,60,65,0,0,0,,,,,0,,,,49,56,50,57,52,46,48,60,64,61,0,0,0,False,,,0,,,,,,0,50,closer,
P5241,Juan,Torres,1997-03-07,71,231,Hispanic,medium,brown,beard,R,P,,1,RP,SP,,,,,49,,,,52,52,54,50,52,48,54,60,61,58,0,56,0,,,,,0,,,,51,53,46,51,52,50,53,58,63,61,0,56,0,False,,,0,,,,,,0,50,power_sp,
P6694,Juan,Perez,2000-04-12,76,219,Hispanic,dark,blonde,mustache,R,P,,1,RP,RP,,,,,53,,,,48,49,49,51,52,52,48,62,0,0,0,0,0,,,,,0,,,,63,60,66,59,55,60,59,77,0,0,0,0,0,False,,,0,,,,,,0,50,finesse_rp,
P3238,Albert,Bertagnolli,2004-02-14,68,234,Anglo,light,blonde,clean_shaven,R,P,,1,RP,SP,,,,,48,,,,51,51,51,50,54,50,53,0,64,62,0,53,0,,,,,0,,,,64,60,63,64,57,61,61,0,79,76,0,61,0,False,,,0,,,,,,0,50,power_sp,
P5754,Eduardo,Gonzalez,1993-07-01,69,176,Hispanic,medium,black,clean_shaven,R,P,,1,RP,SP,,,,,48,,,,51,54,54,50,52,50,54,0,63,62,0,56,0,,,,,0,,,,46,50,45,44,47,46,49,0,53,55,0,47,0,False,,,0,,,,,,0,50,power_sp,
P6503,Hector,Cruz,1998-03-22,75,228,Hispanic,medium,black,beard,R,P,,1,RP,RP,,,,,48,,,,50,49,52,52,52,51,49,59,61,0,0,55,0,,,,,0,,,,64,55,67,65,62,65,55,65,76,0,0,67,0,False,,,0,,,,,,0,50,finesse_rp,
P9948,Rafael,Morales,1996-01-29,78,188,Hispanic,dark,black,goatee,R,P,,1,RP,SP,,,,,53,,,,51,53,53,50,52,49,50,59,62,58,0,0,0,,,,,0,,,,47,57,45,55,52,53,53,60,65,63,0,0,0,False,,,0,,,,,,0,50,balanced_sp,
P2057,Shirley,Arbetman,1988-11-15,68,243,Anglo,light,brown,goatee,R,CF,,0,,,57,50,53,53,53,49,53,48,52,49,,,,,,,,,,,,51,42,52,52,53,0,0,48,47,42,,,,,,,,,,,,False,,,0,,,,,,0,50,,spray
P3605,Jarod,Deconti,1998-11-08,77,213,Anglo,medium,brown,clean_shaven,L,LF,,0,,,49,61,50,49,51,52,50,49,52,52,,,,,,,,,,,,61,70,63,59,51,0,0,49,59,64,,,,,,,,,,,,False,,,0,,,,,,0,50,,power
P4261,Laurence,Camus,2003-05-17,70,166,Anglo,medium,black,mustache,L,1B,,0,,,51,50,49,50,50,51,46,51,50,50,,,,,,,,,,,,66,57,59,59,50,0,0,51,61,56,,,,,,,,,,,,False,,,0,,,,,,0,50,,balanced
P8075,Ferdinand,Berning,1988-07-14,78,165,Anglo,light,black,beard,R,SS,,0,,,53,52,53,50,51,52,61,51,51,51,,,,,,,,,,,,47,44,50,48,51,0,0,51,45,44,,,,,,,,,,,,False,,,0,,,,,,0,50,,balanced
P7287,Hector,Hernandez,1996-11-14,70,221,Hispanic,light,brown,clean_shaven,R,C,,0,,,54,53,52,51,49,49,59,52,51,48,,,,,,,,,,,,56,53,54,51,49,0,0,52,50,53,,,,,,,,,,,,False,,,0,,,,,,0,50,,balanced
P1499,Fernando,Reyes,2002-03-22,78,162,Hispanic,medium,black,clean_shaven,R,CF,,0,,,50,50,49,51,49,51,56,52,50,48,,,,,,,,,,,,60,56,57,64,49,0,0,52,55,57,,,,,,,,,,,,False,,,0,,,,,,0,50,,average
P6171,Rocco,Guidrey,2004-12-02,76,241,Anglo,light,red,clean_shaven,R,CF,,0,,,51,52,53,50,49,48,53,51,49,50,,,,,,,,,,,,71,77,69,66,49,0,0,51,63,67,,,,,,,,,,,,False,,,0,,,,,,0,50,,gap
P6824,Hector,Ramos,1996-03-09,77,204,Hispanic,light,brown,clean_shaven,R,SS,,0,,,51,50,50,50,52,48,62,52,50,48,,,,,,,,,,,,55,52,49,47,52,0,0,52,53,52,,,,,,,,,,,,False,,,0,,,,,,0,50,,average
P9009,Eduardo,Garcia,2005-10-30,73,180,Hispanic,light,blonde,clean_shaven,R,P,,1,RP,CL,,,,,55,,,,50,54,50,50,52,53,54,57,59,65,0,0,0,,,,,0,,,,68,66,65,80,71,68,74,87,71,75,0,0,0,False,,,0,,,,,,0,50,closer,
P3302,Hector,Gomez,2007-05-19,73,221,Hispanic,dark,blonde,clean_shaven,R,P,,1,RP,SP,,,,,52,,,,49,50,54,52,54,48,50,62,62,60,58,0,0,,,,,0,,,,65,77,72,65,70,72,76,85,91,82,83,0,0,False,,,0,,,,,,0,50,workhorse_sp,
P5298,Hunter,Chmura,2006-10-30,74,192,Anglo,medium,black,clean_shaven,R,P,,1,RP,SP,,,,,48,,,,48,53,52,53,52,52,50,0,62,63,0,0,0,,,,,0,,,,68,83,70,80,64,73,61,0,75,83,0,0,0,False,,,0,,,,,,0,50,workhorse_sp,
P7414,Newton,Schuetz,2005-01-08,72,218,Anglo,light,brown,clean_shaven,R,P,,1,RP,SP,,,,,51,,,,52,48,50,50,52,52,51,60,63,0,59,54,0,,,,,0,,,,67,74,75,80,66,74,81,90,86,0,86,76,0,False,,,0,,,,,,0,50,finesse_sp,
P3534,Lorenzo,Unkn,2006-12-19,76,233,Anglo,medium,blonde,clean_shaven,R,P,,1,RP,SP,,,,,50,,,,52,51,53,53,52,48,53,59,0,59,0,0,0,,,,,0,,,,66,62,83,71,77,60,68,77,0,86,0,0,0,False,,,0,,,,,,0,50,balanced_sp,
P2906,Luis,Torres,2004-03-18,76,196,Hispanic,medium,black,clean_shaven,R,2B,,0,,,52,49,52,52,50,49,55,48,53,50,,,,,,,,,,,,69,76,70,63,50,0,0,48,78,62,,,,,,,,,,,,False,,,0,,,,,,0,50,,balanced
P6168,Francesco,Camferdam,2007-12-30,77,204,Anglo,light,brown,clean_shaven,L,SS,,0,,,50,60,49,50,47,51,51,52,49,48,,,,,,,,,,,,77,74,77,70,47,0,0,52,74,58,,,,,,,,,,,,False,,,0,,,,,,0,50,,power
P4176,Francisco,Martinez,2005-07-05,69,240,Hispanic,medium,blonde,mustache,R,2B,,0,,,52,49,70,52,50,52,55,50,50,50,,,,,,,,,,,,79,76,98,64,50,0,0,50,69,67,,,,,,,,,,,,False,,,0,,,,,,0,50,,speed
P5870,Antonio,Vasquez,2006-04-17,76,228,Hispanic,medium,brown,clean_shaven,R,C,,0,,,51,50,49,52,52,52,58,52,53,49,,,,,,,,,,,,79,79,59,81,52,0,0,52,73,59,,,,,,,,,,,,False,,,0,,,,,,0,50,,average
P9103,Donny,Cassity,2005-02-07,70,211,Anglo,light,blonde,clean_shaven,L,RF,,0,,,53,50,70,50,52,49,47,49,50,52,,,,,,,,,,,,82,72,97,67,52,0,0,49,75,62,,,,,,,,,,,,False,,,0,,,,,,0,50,,speed
P3831,Galen,Marchuk,1994-05-22,69,235,Anglo,light,red,clean_shaven,L,P,,1,RP,CL,,,,,55,,,,48,51,48,51,52,52,53,0,0,67,0,0,0,,,,,0,,,,45,47,50,56,44,55,56,0,0,67,0,0,0,False,,,0,,,,,,0,50,closer,
P7655,Pedro,Gomez,1999-03-21,75,232,Hispanic,medium,brown,goatee,R,P,,1,RP,CL,,,,,51,,,,52,51,51,52,53,52,51,60,0,66,0,0,0,,,,,0,,,,61,56,60,66,57,59,58,65,0,72,0,0,0,False,,,0,,,,,,0,50,closer,
P3835,Francisco,Vasquez,1990-11-15,77,225,Hispanic,dark,blonde,mustache,L,P,,1,RP,CL,,,,,50,,,,52,51,49,50,52,52,52,0,0,67,0,0,0,,,,,0,,,,45,44,49,43,48,46,49,0,0,58,0,0,0,False,,,0,,,,,,0,50,closer,
P9367,Luis,Vasquez,1993-08-06,68,229,Hispanic,light,blonde,mustache,R,P,,1,RP,SP,,,,,48,,,,51,51,52,51,54,51,53,61,60,0,0,0,0,,,,,0,,,,43,47,46,50,46,45,51,58,52,0,0,0,0,False,,,0,,,,,,0,50,workhorse_sp,
P8854,Alejandro,Rivera,1999-03-12,77,216,Hispanic,dark,red,beard,L,P,,1,RP,RP,,,,,49,,,,51,51,49,50,52,51,49,61,63,0,0,0,0,,,,,0,,,,58,56,58,61,60,66,55,75,74,0,0,0,0,False,,,0,,,,,,0,50,finesse_rp,
P4074,Jorge,Reyes,2000-08-17,73,212,Hispanic,medium,black,clean_shaven,L,P,,1,RP,SP,,,,,49,,,,52,50,51,53,54,51,52,0,62,59,0,0,0,,,,,0,,,,63,58,63,64,64,64,60,0,68,72,0,0,0,False,,,0,,,,,,0,50,power_sp,
P3800,Man,Gabaree,1994-11-29,70,242,Anglo,light,brown,beard,L,P,,1,RP,RP,,,,,49,,,,50,51,51,53,53,52,54,60,63,66,0,0,0,,,,,0,,,,53,49,50,49,47,51,58,64,67,65,0,0,0,False,,,0,,,,,,0,50,finesse_rp,
P1720,Jorge,Ortiz,2000-07-06,74,246,Hispanic,medium,black,beard,S,P,,1,RP,SP,,,,,48,,,,51,49,51,50,53,49,53,63,60,61,0,0,0,,,,,0,,,,59,60,60,66,57,58,59,71,70,73,0,0,0,False,,,0,,,,,,0,50,workhorse_sp,
P7227,Miguel,Flores,2000-06-06,70,203,Hispanic,dark,black,clean_shaven,L,P,,1,RP,RP,,,,,50,,,,50,50,49,52,52,50,50,61,0,0,0,0,0,,,,,0,,,,63,60,65,59,56,56,59,76,0,0,0,0,0,False,,,0,,,,,,0,50,finesse_rp,
P7266,Juan,Sanchez,1998-05-18,72,249,Hispanic,medium,brown,beard,R,P,,1,RP,LR,,,,,53,,,,51,50,49,50,52,53,51,59,60,67,0,0,0,,,,,0,,,,64,58,60,60,55,61,61,66,73,82,0,0,0,False,,,0,,,,,,0,50,long_relief,
P4591,Raul,Gomez,2000-09-04,74,196,Hispanic,medium,brown,beard,R,P,,1,RP,SP,,,,,51,,,,52,50,50,52,52,49,50,0,59,0,58,0,0,,,,,0,,,,66,65,64,57,58,62,55,0,68,0,70,0,0,False,,,0,,,,,,0,50,groundball_sp,
P1844,Len,Lesa,1988-02-05,69,195,Anglo,light,black,clean_shaven,R,C,,0,,,58,51,54,49,53,51,57,50,51,52,,,,,,,,,,,,50,44,53,44,53,0,0,50,47,47,,,,,,,,,,,,False,,,0,,,,,,0,50,,spray
P8234,Sam,Thamphia,1993-04-07,78,218,Anglo,medium,brown,clean_shaven,L,1B,,0,,,51,54,50,49,53,51,47,49,51,52,,,,,,,,,,,,42,52,42,48,53,0,0,49,42,52,,,,,,,,,,,,False,,,0,,,,,,0,50,,average
P7233,Austin,Reginaldo,1998-03-01,77,229,Anglo,light,red,beard,R,2B,,0,,,50,50,52,52,52,50,56,48,52,53,,,,,,,,,,,,59,59,60,67,52,0,0,48,57,58,,,,,,,,,,,,False,,,0,,,,,,0,50,,balanced
P1115,Cornell,Hubbell,1991-07-30,78,236,Anglo,medium,brown,beard,L,3B,,0,,,49,55,51,48,50,50,47,48,49,52,,,,,,,,,,,,40,52,42,48,50,0,0,48,46,47,,,,,,,,,,,,False,,,0,,,,,,0,50,,power
P4570,Rosario,Denyes,1990-03-15,73,220,Anglo,medium,blonde,clean_shaven,R,SS,,0,,,65,49,52,54,49,46,57,50,48,51,,,,,,,,,,,,60,46,44,48,49,0,0,50,39,42,,,,,,,,,,,,False,,,0,,,,,,0,50,,spray
P3786,Jerrold,Bemo,1987-07-11,69,200,Anglo,light,blonde,clean_shaven,L,LF,RF,0,,,53,52,70,52,49,49,50,50,49,50,,,,,,,,,,,,47,50,65,46,49,0,0,50,42,42,,,,,,,,,,,,False,,,0,,,,,,0,50,,speed
P2657,Gregorio,Cadle,1987-03-05,73,218,Anglo,light,red,mustache,R,CF,,0,,,50,48,70,50,53,50,53,50,48,49,,,,,,,,,,,,44,43,69,48,53,0,0,50,48,48,,,,,,,,,,,,False,,,0,,,,,,0,50,,speed
P4026,Damian,Kapuscinski,1997-03-03,69,170,Anglo,medium,brown,clean_shaven,L,RF,,0,,,50,61,50,51,48,51,49,50,48,50,,,,,,,,,,,,47,59,47,48,48,0,0,50,46,52,,,,,,,,,,,,False,,,0,,,,,,0,50,,power
P8917,Parker,Overdorf,1989-04-26,68,226,Anglo,light,blonde,beard,L,RF,,0,,,51,50,50,51,49,51,46,52,53,54,,,,,,,,,,,,42,41,43,44,49,0,0,52,46,48,,,,,,,,,,,,False,,,0,,,,,,0,50,,gap
P1346,Kendrick,Denogean,2000-05-02,71,180,Anglo,light,blonde,clean_shaven,L,1B,,0,,,53,59,49,52,48,50,48,48,51,52,,,,,,,,,,,,59,66,60,59,48,0,0,48,66,61,,,,,,,,,,,,False,,,0,,,,,,0,50,,power
P3205,Marcelo,Rubulcaba,1992-04-03,74,197,Anglo,light,blonde,clean_shaven,L,LF,,0,,,59,49,49,53,49,51,47,49,51,53,,,,,,,,,,,,57,42,44,45,49,0,0,49,49,52,,,,,,,,,,,,False,,,0,,,,,,0,50,,spray
P1854,Otto,Mclagan,1987-04-26,68,178,Anglo,light,blonde,clean_shaven,L,LF,,0,,,54,47,70,50,51,50,50,52,51,52,,,,,,,,,,,,53,41,65,46,51,0,0,52,44,43,,,,,,,,,,,,False,,,0,,,,,,0,50,,speed
P9530,Felton,Shuptrine,2004-02-03,72,180,Anglo,medium,red,clean_shaven,R,CF,,0,,,50,51,70,51,50,49,56,48,50,50,,,,,,,,,,,,57,62,80,56,50,0,0,48,64,62,,,,,,,,,,,,False,,,0,,,,,,0,50,,speed
P5249,Barton,Figuroa,1997-08-24,70,222,Anglo,medium,brown,beard,L,CF,,0,,,52,51,51,52,50,50,43,49,50,52,,,,,,,,,,,,48,48,48,48,50,0,0,49,46,57,,,,,,,,,,,,False,,,0,,,,,,0,50,,balanced
P8836,Nicholas,Taruer,1992-07-18,75,194,Anglo,light,brown,beard,L,P,,1,RP,CL,,,,,55,,,,49,52,51,52,54,52,56,0,0,65,0,0,0,,,,,0,,,,49,46,49,51,42,45,50,0,0,60,0,0,0,False,,,0,,,,,,0,50,closer,
P9445,Scott,Bourgois,1996-07-30,77,176,Anglo,light,brown,beard,L,P,,1,RP,CL,,,,,50,,,,53,52,48,51,52,53,52,57,59,65,0,0,0,,,,,0,,,,49,51,54,48,46,55,50,54,55,62,0,0,0,False,,,0,,,,,,0,50,closer,
P7812,Dwain,Heape,2002-12-01,75,180,Anglo,light,blonde,clean_shaven,R,P,,1,RP,SP,,,,,47,,,,49,51,50,53,52,52,53,59,59,61,0,0,0,,,,,0,,,,56,57,59,64,60,63,61,64,65,71,0,0,0,False,,,0,,,,,,0,50,finesse_sp,
P4332,Stanford,Sanders,1999-06-14,69,219,Anglo,light,blonde,clean_shaven,R,P,,1,RP,SP,,,,,51,,,,49,52,51,50,53,52,49,61,62,0,0,0,0,,,,,0,,,,59,63,64,62,57,61,60,66,73,0,0,0,0,False,,,0,,,,,,0,50,balanced_sp,
P1358,Abel,Bernhagen,2001-10-03,76,223,Anglo,light,red,clean_shaven,R,P,,1,RP,SP,,,,,51,,,,51,54,50,50,52,51,54,0,61,61,0,0,0,,,,,0,,,,66,69,63,64,59,62,61,0,73,67,0,0,0,False,,,0,,,,,,0,50,power_sp,
P9754,Will,Wiegard,2000-01-05,72,230,Anglo,light,red,goatee,S,P,,1,RP,RP,,,,,57,,,,53,50,50,53,52,52,53,0,58,65,60,0,0,,,,,0,,,,68,57,66,57,62,60,67,0,63,72,75,0,0,False,,,0,,,,,,0,50,groundball_rp,
P3773,Millard,Kappe,1988-08-16,68,181,Anglo,light,black,clean_shaven,R,P,,1,RP,SP,,,,,51,,,,53,48,52,52,52,50,51,61,60,58,61,0,0,,,,,0,,,,43,46,51,47,51,41,46,55,53,49,57,0,0,False,,,0,,,,,,0,50,groundball_sp,
P5432,Tom,Vlach,2004-11-14,72,247,Anglo,dark,blonde,goatee,R,LF,,0,,,50,58,50,51,53,51,58,52,51,51,,,,,,,,,,,,70,85,64,77,53,0,0,52,66,67,,,,,,,,,,,,False,,,0,,,,,,0,50,,balanced
P9057,Omar,Surina,1994-02-20,68,204,Anglo,light,black,clean_shaven,R,1B,,0,,,51,63,49,51,48,53,55,53,49,48,,,,,,,,,,,,49,58,49,50,48,0,0,53,45,40,,,,,,,,,,,,False,,,0,,,,,,0,50,,power
P9114,Johnnie,Kinaj,1998-10-26,75,184,Anglo,medium,blonde,clean_shaven,R,LF,,0,,,50,47,72,53,49,47,57,50,52,52,,,,,,,,,,,,59,57,81,63,49,0,0,50,63,63,,,,,,,,,,,,False,,,0,,,,,,0,50,,speed
P1735,Andrew,Pfeiffer,2003-06-05,78,237,Anglo,light,blonde,clean_shaven,R,2B,,0,,,52,51,52,53,53,50,59,52,52,51,,,,,,,,,,,,57,63,67,66,53,0,0,52,61,66,,,,,,,,,,,,False,,,0,,,,,,0,50,,balanced
P3820,Shaun,Viessman,1998-03-11,72,227,Anglo,light,blonde,clean_shaven,R,CF,,0,,,52,52,49,52,51,49,52,50,51,51,,,,,,,,,,,,60,58,64,57,51,0,0,50,56,59,,,,,,,,,,,,False,,,0,,,,,,0,50,,gap
P6145,German,Vence,1989-02-02,78,238,Anglo,medium,brown,beard,R,3B,,0,,,52,48,53,50,49,50,57,51,48,50,,,,,,,,,,,,51,45,46,49,49,0,0,51,42,43,,,,,,,,,,,,False,,,0,,,,,,0,50,,balanced
P5527,Shawn,Peralto,1988-12-05,71,187,Anglo,medium,red,mustache,R,C,,0,,,52,49,49,51,51,49,58,50,49,51,,,,,,,,,,,,50,45,44,51,51,0,0,50,49,50,,,,,,,,,,,,False,,,0,,,,,,0,50,,average
P6465,Kraig,Jabiro,1995-03-27,71,215,Anglo,light,blonde,clean_shaven,L,CF,,0,,,51,51,51,50,50,51,43,51,50,49,,,,,,,,,,,,48,54,53,46,50,0,0,51,50,50,,,,,,,,,,,,False,,,0,,,,,,0,50,,balanced
P5894,Terence,Sossamon,2007-12-22,69,233,Anglo,light,blonde,clean_shaven,R,P,,1,RP,CL,,,,,55,,,,48,53,48,52,52,52,55,60,0,66,0,0,0,,,,,0,,,,75,65,64,75,58,79,72,90,0,79,0,0,0,False,,,0,,,,,,0,50,closer,
P1549,Gerald,Gangestad,2007-09-25,74,172,Anglo,medium,black,clean_shaven,R,P,,1,RP,RP,,,,,49,,,,48,51,51,50,54,52,54,0,61,0,0,0,0,,,,,0,,,,74,78,78,71,70,76,79,0,87,0,0,0,0,False,,,0,,,,,,0,50,power_rp,
P8648,Otto,Parlor,2005-10-06,71,204,Anglo,medium,brown,clean_shaven,R,P,,1,RP,SP,,,,,50,,,,50,49,52,50,52,50,50,62,59,62,58,0,0,,,,,0,,,,60,59,70,74,71,61,71,91,86,90,72,0,0,False,,,0,,,,,,0,50,workhorse_sp,
P6610,Adolph,Buske,2005-05-20,72,186,Anglo,medium,brown,goatee,S,P,,1,RP,RP,,,,,56,,,,52,53,49,52,52,51,50,0,0,0,60,0,0,,,,,0,,,,63,65,68,77,76,70,66,0,0,0,77,0,0,False,,,0,,,,,,0,50,groundball_rp,
P7907,Santiago,Dusky,2007-06-10,77,219,Anglo,light,black,clean_shaven,S,P,,1,RP,CL,,,,,51,,,,49,54,48,50,54,50,55,0,0,65,0,0,0,,,,,0,,,,63,76,69,74,72,67,78,0,0,94,0,0,0,False,,,0,,,,,,0,50,closer,
P4072,Salvatore,Jaeschke,2005-03-29,78,175,Anglo,light,brown,mustache,R,3B,,0,,,49,50,85,51,53,53,57,52,50,49,,,,,,,,,,,,60,70,99,66,53,0,0,52,62,75,,,,,,,,,,,,False,,,0,,,,,,0,50,,speed
P8159,Edwardo,Priore,2004-04-25,76,235,Anglo,light,blonde,goatee,R,LF,,0,,,53,62,51,51,49,52,57,50,50,53,,,,,,,,,,,,75,92,75,64,49,0,0,50,66,67,,,,,,,,,,,,False,,,0,,,,,,0,50,,power
P3595,Floyd,Lataquin,2008-01-03,75,233,Anglo,medium,red,clean_shaven,R,3B,,0,,,53,53,53,52,50,52,56,49,49,51,,,,,,,,,,,,83,63,76,68,50,0,0,49,62,69,,,,,,,,,,,,False,,,0,,,,,,0,50,,average
P5292,Adan,Gradillas,2005-05-08,70,227,Anglo,medium,black,clean_shaven,L,1B,,0,,,51,64,50,49,50,54,45,53,48,49,,,,,,,,,,,,61,81,69,69,50,0,0,53,61,74,,,,,,,,,,,,False,,,0,,,,,,0,50,,power
P2978,Aldo,Beliard,2005-03-01,75,220,Anglo,medium,blonde,goatee,R,C,,0,,,52,50,51,51,50,53,58,51,53,51,,,,,,,,,,,,71,62,71,78,50,0,0,51,81,66,,,,,,,,,,,,False,,,0,,,,,,0,50,,average
P7522,John,Doe,1994-05-22,73,171,Unknown,light,black,beard,R,P,,1,RP,CL,,,,,55,,,,51,53,47,50,52,49,53,0,62,65,0,0,0,,,,,0,,,,51,49,53,57,44,53,54,0,64,62,0,0,0,False,,,0,,,,,,0,50,closer,
P9541,John,Doe,2004-01-08,68,188,Unknown,light,brown,clean_shaven,L,P,,1,RP,RP,,,,,53,,,,49,54,49,50,53,50,55,0,62,65,62,0,0,,,,,0,,,,61,61,58,61,58,63,61,0,77,71,69,0,0,False,,,0,,,,,,0,50,power_rp,
P5881,John,Doe,1998-08-25,68,191,Unknown,light,brown,beard,R,P,,1,RP,SP,,,,,51,,,,50,50,51,50,52,49,53,59,59,60,0,57,0,,,,,0,,,,65,62,57,57,66,54,58,67,68,66,0,62,0,False,,,0,,,,,,0,50,balanced_sp,
P8102,John,Doe,1994-12-21,77,173,Unknown,dark,red,clean_shaven,R,P,,1,RP,RP,,,,,53,,,,51,51,49,53,52,50,50,0,0,0,62,0,0,,,,,0,,,,53,52,53,51,48,52,47,0,0,0,66,0,0,False,,,0,,,,,,0,50,groundball_rp,
P3078,John,Doe,1997-03-21,73,201,Unknown,dark,black,clean_shaven,L,P,,1,RP,SP,,,,,49,,,,50,52,53,52,52,47,51,61,62,61,0,0,0,,,,,0,,,,45,57,57,52,58,47,47,65,64,57,0,0,0,False,,,0,,,,,,0,50,power_sp,
P1888,John,Doe,1990-06-02,77,166,Unknown,medium,blonde,clean_shaven,L,P,,1,RP,SP,,,,,52,,,,48,51,52,50,53,50,53,61,59,60,0,0,0,,,,,0,,,,39,49,46,53,52,50,52,53,50,53,0,0,0,False,,,0,,,,,,0,50,workhorse_sp,
P8778,John,Doe,1990-03-30,76,228,Unknown,medium,brown,goatee,R,P,,1,RP,RP,,,,,57,,,,49,53,49,53,54,49,51,56,0,65,63,0,0,,,,,0,,,,39,49,45,46,40,44,48,51,0,62,60,0,0,False,,,0,,,,,,0,50,groundball_rp,
P6921,John,Doe,1987-12-07,69,214,Unknown,dark,blonde,beard,R,P,,1,RP,SP,,,,,52,,,,49,54,52,50,53,47,53,0,59,63,0,0,0,,,,,0,,,,48,46,48,48,49,47,46,0,59,60,0,0,0,False,,,0,,,,,,0,50,power_sp,
P5223,John,Doe,1994-05-17,77,168,Unknown,light,brown,clean_shaven,R,P,,1,RP,RP,,,,,51,,,,53,53,50,50,52,53,52,60,59,66,0,0,0,,,,,0,,,,56,56,53,48,51,51,50,58,63,67,0,0,0,False,,,0,,,,,,0,50,finesse_rp,
P8575,John,Doe,2001-10-05,69,234,Unknown,medium,brown,clean_shaven,L,P,,1,RP,SP,,,,,51,,,,52,53,50,50,52,51,52,57,63,60,57,0,0,,,,,0,,,,66,58,63,64,65,61,66,64,76,72,72,0,0,False,,,0,,,,,,0,50,power_sp,
P1283,John,Doe,1988-04-12,78,204,Unknown,medium,black,clean_shaven,S,P,,1,RP,RP,,,,,49,,,,50,50,49,51,52,49,53,59,59,0,0,0,0,,,,,0,,,,40,47,42,47,44,45,50,51,56,0,0,0,0,False,,,0,,,,,,0,50,finesse_rp,
P7969,John,Doe,2001-01-28,74,194,Unknown,dark,red,goatee,L,C,,0,,,49,53,48,48,52,53,50,50,52,51,,,,,,,,,,,,58,67,63,56,52,0,0,50,57,56,,,,,,,,,,,,False,,,0,,,,,,0,50,,balanced
P8653,John,Doe,1991-01-01,68,192,Unknown,medium,black,beard,R,1B,,0,,,49,52,53,51,50,48,52,49,50,49,,,,,,,,,,,,42,49,46,42,50,0,0,49,47,40,,,,,,,,,,,,False,,,0,,,,,,0,50,,average
P8441,John,Doe,1998-03-09,75,220,Unknown,dark,black,clean_shaven,R,2B,,0,,,56,52,50,52,50,52,58,49,50,51,,,,,,,,,,,,71,67,60,60,50,0,0,49,57,57,,,,,,,,,,,,False,,,0,,,,,,0,50,,balanced
P7211,John,Doe,1992-04-03,74,223,Unknown,medium,blonde,clean_shaven,R,3B,,0,,,52,49,92,53,52,50,56,53,49,50,,,,,,,,,,,,46,45,89,46,52,0,0,53,41,43,,,,,,,,,,,,False,,,0,,,,,,0,50,,speed
P1175,John,Doe,2002-10-22,68,200,Unknown,light,blonde,clean_shaven,R,SS,,0,,,48,53,52,50,49,48,59,52,51,51,,,,,,,,,,,,53,67,64,61,49,0,0,52,66,57,,,,,,,,,,,,False,,,0,,,,,,0,50,,average
P3830,John,Doe,1994-04-14,78,160,Unknown,medium,brown,mustache,R,LF,,0,,,58,61,52,53,51,51,54,53,52,53,,,,,,,,,,,,59,64,53,49,51,0,0,53,55,56,,,,,,,,,,,,False,,,0,,,,,,0,50,,gap
P7912,John,Doe,2003-11-08,69,174,Unknown,light,black,goatee,R,CF,,0,,,52,51,48,51,50,54,57,52,51,49,,,,,,,,,,,,58,56,58,65,50,0,0,52,58,62,,,,,,,,,,,,False,,,0,,,,,,0,50,,balanced
P5271,John,Doe,1988-10-22,72,186,Unknown,dark,brown,mustache,L,RF,,0,,,53,59,47,52,47,51,47,51,49,54,,,,,,,,,,,,51,55,46,46,47,0,0,51,43,50,,,,,,,,,,,,False,,,0,,,,,,0,50,,power
P2357,John,Doe,1998-07-16,70,214,Unknown,dark,black,clean_shaven,R,2B,,0,,,50,63,52,51,49,50,57,50,48,53,,,,,,,,,,,,60,70,63,62,49,0,0,50,53,64,,,,,,,,,,,,False,,,0,,,,,,0,50,,power
P3960,John,Doe,2002-09-29,76,166,Unknown,light,black,clean_shaven,L,LF,1B,0,,,63,51,51,51,52,50,47,51,50,51,,,,,,,,,,,,77,65,65,64,52,0,0,51,58,64,,,,,,,,,,,,False,,,0,,,,,,0,50,,spray
P5326,John,Doe,2004-02-27,73,224,Unknown,light,red,beard,R,3B,,0,,,50,52,50,51,52,52,57,52,48,52,,,,,,,,,,,,58,57,58,63,52,0,0,52,57,64,,,,,,,,,,,,False,,,0,,,,,,0,50,,balanced
P8182,John,Doe,1995-12-06,69,218,Unknown,light,black,goatee,R,1B,LF,0,,,51,53,50,50,50,51,57,51,50,49,,,,,,,,,,,,49,50,45,46,50,0,0,51,46,45,,,,,,,,,,,,False,,,0,,,,,,0,50,,balanced
P3638,John,Doe,1993-04-13,73,213,Unknown,dark,black,clean_shaven,R,3B,,0,,,49,52,71,51,50,51,57,49,47,52,,,,,,,,,,,,48,43,70,44,50,0,0,49,41,52,,,,,,,,,,,,False,,,0,,,,,,0,50,,speed
P8708,John,Doe,2000-08-20,74,233,Unknown,medium,brown,clean_shaven,R,RF,,0,,,54,60,50,51,48,52,55,50,48,49,,,,,,,,,,,,62,68,57,56,48,0,0,50,55,58,,,,,,,,,,,,False,,,0,,,,,,0,50,,gap
P8642,John,Doe,2000-05-13,72,208,Unknown,medium,black,clean_shaven,R,P,,1,RP,CL,,,,,55,,,,52,54,50,50,53,49,54,60,61,65,0,0,0,,,,,0,,,,60,69,57,61,65,56,60,75,68,77,0,0,0,False,,,0,,,,,,0,50,closer,
P7864,John,Doe,1993-04-18,73,226,Unknown,light,blonde,clean_shaven,L,P,,1,RP,RP,,,,,53,,,,49,49,50,50,53,52,49,60,62,0,61,0,0,,,,,0,,,,47,44,45,46,46,47,41,50,57,0,52,0,0,False,,,0,,,,,,0,50,finesse_rp,
P3398,John,Doe,1999-05-07,77,225,Unknown,light,black,goatee,S,P,,1,RP,RP,,,,,56,,,,51,51,53,50,52,50,49,0,0,0,62,0,0,,,,,0,,,,61,57,58,57,59,55,61,0,0,0,70,0,0,False,,,0,,,,,,0,50,groundball_rp,
P1808,John,Doe,1994-09-26,76,161,Unknown,light,black,beard,R,P,,1,RP,SP,,,,,51,,,,49,54,52,50,54,51,52,62,63,58,57,0,0,,,,,0,,,,49,57,48,54,53,53,54,57,59,58,54,0,0,False,,,0,,,,,,0,50,power_sp,
P8048,John,Doe,1997-09-29,76,249,Unknown,light,brown,clean_shaven,S,P,,1,RP,SP,,,,,50,,,,51,49,54,51,52,52,51,62,63,57,59,0,0,,,,,0,,,,50,53,49,55,57,50,46,67,58,55,63,0,0,False,,,0,,,,,,0,50,finesse_sp,
P7650,John,Doe,2001-01-03,72,218,Unknown,light,red,beard,R,P,,1,RP,SP,,,,,50,,,,52,49,50,52,52,53,52,62,63,0,59,58,0,,,,,0,,,,62,56,57,66,63,62,62,70,72,0,64,70,0,False,,,0,,,,,,0,50,finesse_sp,
P9208,John,Doe,2003-02-24,71,197,Unknown,medium,blonde,clean_shaven,S,P,,1,RP,SP,,,,,49,,,,52,51,50,51,52,49,49,59,61,58,59,0,0,,,,,0,,,,63,61,64,67,57,60,60,64,71,64,71,0,0,False,,,0,,,,,,0,50,groundball_sp,
P2627,John,Doe,2004-12-10,70,208,Unknown,dark,black,clean_shaven,L,RF,,0,,,49,58,49,50,50,50,44,48,49,50,,,,,,,,,,,,65,78,60,67,50,0,0,48,63,80,,,,,,,,,,,,False,,,0,,,,,,0,50,,power
P5825,John,Doe,1992-02-06,70,229,Unknown,dark,black,beard,L,C,,0,,,51,50,52,52,52,53,49,51,49,49,,,,,,,,,,,,47,44,46,43,52,0,0,51,49,41,,,,,,,,,,,,False,,,0,,,,,,0,50,,balanced
P8203,John,Doe,1999-06-20,77,161,Unknown,light,black,beard,S,3B,,0,,,50,50,51,49,49,49,52,50,49,51,,,,,,,,,,,,55,59,56,60,49,0,0,50,56,62,,,,,,,,,,,,False,,,0,,,,,,0,50,,average
P5088,John,Doe,1997-04-19,68,171,Unknown,light,black,beard,R,2B,,0,,,57,48,51,56,49,48,57,51,50,52,,,,,,,,,,,,55,47,53,61,49,0,0,51,53,57,,,,,,,,,,,,False,,,0,,,,,,0,50,,spray
P4416,John,Doe,1990-12-21,73,168,Unknown,medium,black,beard,S,C,,0,,,52,52,49,53,48,53,53,51,53,48,,,,,,,,,,,,45,45,45,48,48,0,0,51,51,46,,,,,,,,,,,,False,,,0,,,,,,0,50,,balanced
P5264,John,Doe,1996-08-11,78,249,Unknown,light,brown,beard,S,CF,,0,,,54,51,50,50,48,48,49,50,50,52,,,,,,,,,,,,57,53,45,46,48,0,0,50,50,57,,,,,,,,,,,,False,,,0,,,,,,0,50,,gap
P7325,John,Doe,1991-05-26,70,169,Unknown,light,black,beard,R,C,,0,,,70,52,48,52,49,49,60,51,51,47,,,,,,,,,,,,60,44,41,51,49,0,0,51,41,37,,,,,,,,,,,,False,,,0,,,,,,0,50,,spray
P3626,John,Doe,1992-06-10,76,188,Unknown,medium,black,clean_shaven,L,CF,,0,,,49,50,50,52,49,48,49,52,48,50,,,,,,,,,,,,47,46,46,49,49,0,0,52,44,48,,,,,,,,,,,,False,,,0,,,,,,0,50,,balanced
P9809,John,Doe,2004-04-30,69,160,Unknown,light,black,clean_shaven,R,P,,1,RP,CL,,,,,55,,,,48,54,50,52,52,49,53,0,60,67,0,0,0,,,,,0,,,,74,78,78,69,65,76,83,0,86,88,0,0,0,False,,,0,,,,,,0,50,closer,
P3514,John,Doe,2004-07-19,73,229,Unknown,dark,brown,clean_shaven,L,P,,1,RP,SP,,,,,50,,,,50,51,52,50,53,50,54,61,63,62,0,0,0,,,,,0,,,,78,81,70,68,82,71,69,83,78,80,0,0,0,False,,,0,,,,,,0,50,workhorse_sp,
P7397,John,Doe,2005-02-17,75,184,Unknown,light,brown,clean_shaven,L,P,,1,RP,SP,,,,,54,,,,48,50,51,53,52,53,52,61,0,0,62,0,0,,,,,0,,,,65,62,68,78,62,77,65,72,0,0,73,0,0,False,,,0,,,,,,0,50,groundball_sp,
P7980,John,Doe,2004-06-08,77,204,Unknown,medium,black,clean_shaven,L,P,,1,RP,SP,,,,,51,,,,48,52,51,50,53,48,52,59,60,60,0,0,0,,,,,70,,,,76,75,77,65,72,77,79,78,81,90,0,0,0,False,,,0,,,,,,0,50,balanced_sp,
P4705,John,Doe,2004-10-30,75,194,Unknown,medium,black,mustache,L,P,,1,RP,RP,,,,,53,,,,51,49,50,50,52,52,50,0,60,0,0,0,0,,,,,0,,,,79,78,80,65,66,66,61,0,77,0,0,0,0,False,,,0,,,,,,0,50,finesse_rp,
P6017,John,Doe,2007-05-15,72,203,Unknown,dark,blonde,clean_shaven,L,LF,,0,,,50,52,48,49,51,49,48,53,48,52,,,,,,,,,,,,73,82,72,68,51,0,0,53,68,69,,,,,,,,,,,,False,,,0,,,,,,0,50,,balanced
P6976,John,Doe,2007-08-21,76,245,Unknown,dark,brown,beard,R,2B,,0,,,58,49,52,55,52,48,54,50,53,50,,,,,,,,,,,,70,74,66,68,52,0,0,50,79,80,,,,,,,,,,,,False,,,0,,,,,,0,50,,spray
P9008,John,Doe,2006-09-20,78,191,Unknown,light,black,clean_shaven,R,C,,0,,,52,50,48,52,52,53,60,49,51,48,,,,,,,,,,,,67,64,66,76,52,0,0,49,76,60,,,,,,,,,,,,False,,,0,,,,,,0,50,,average
P5343,John,Doe,2007-08-22,69,201,Unknown,light,black,mustache,R,1B,,0,,,52,62,50,51,48,51,51,52,51,49,,,,,,,,,,,,66,82,74,62,48,0,0,52,74,66,,,,,,,,,,,,False,,,0,,,,,,0,50,,power
P7509,John,Doe,2004-11-04,77,240,Unknown,dark,red,clean_shaven,R,C,,0,,,53,51,50,52,48,51,55,52,49,48,,,,,,,,,,,,73,69,64,81,48,0,0,52,71,59,,,,,,,,,,,,False,,,0,,,,,,0,50,,gap
P8894,John,Doe,1995-07-30,69,172,Unknown,dark,brown,beard,R,P,,1,RP,CL,,,,,55,,,,50,53,47,53,60,53,53,0,62,65,0,0,0,,,,,0,,,,52,49,51,59,45,50,58,0,66,63,0,0,0,False,,,0,,,,,,0,50,closer,
P6719,John,Doe,1999-09-06,73,172,Unknown,medium,blonde,clean_shaven,S,P,,1,RP,SP,,,,,48,,,,51,49,53,50,52,49,50,61,58,58,59,0,0,,,,,0,,,,59,61,61,58,63,60,60,68,68,64,68,0,0,False,,,0,,,,,,0,50,balanced_sp,
P2586,John,Doe,1990-05-10,73,213,Unknown,light,brown,clean_shaven,L,P,,1,RP,SP,,,,,48,,,,52,53,54,53,54,53,50,0,63,62,0,0,0,,,,,0,,,,42,52,51,48,54,51,45,0,63,52,0,0,0,False,,,0,,,,,,0,50,power_sp,
P2234,John,Doe,1987-07-19,78,188,Unknown,dark,brown,clean_shaven,R,P,,1,RP,RP,,,,,53,,,,51,52,53,51,54,52,52,0,59,64,61,0,0,,,,,0,,,,42,43,45,45,49,52,49,0,53,62,61,0,0,False,,,0,,,,,,0,50,power_rp,
P4805,John,Doe,1989-01-24,74,201,Unknown,dark,black,goatee,S,P,,1,RP,RP,,,,,50,,,,50,54,50,52,53,48,51,0,0,67,0,0,0,,,,,0,,,,45,53,47,43,40,38,44,0,0,59,0,0,0,False,,,0,,,,,,0,50,power_rp,
P1931,John,Doe,1992-10-02,71,186,Unknown,dark,black,clean_shaven,L,P,,1,RP,SP,,,,,48,,,,52,52,53,50,52,50,51,59,60,59,0,0,0,,,,,0,,,,43,44,43,46,47,46,49,58,57,52,0,0,0,False,,,0,,,,,,0,50,balanced_sp,
P1052,John,Doe,1993-09-12,73,217,Unknown,light,brown,clean_shaven,L,P,,1,RP,RP,,,,,55,,,,52,50,49,53,52,51,50,0,59,67,60,0,0,,,,,0,,,,46,47,50,50,47,44,50,0,59,65,59,0,0,False,,,0,,,,,,0,50,groundball_rp,
P7694,John,Doe,1996-01-08,76,215,Unknown,dark,black,clean_shaven,L,P,,1,RP,SP,,,,,52,,,,48,48,53,50,53,48,50,63,62,0,0,55,0,,,,,0,,,,49,51,53,53,55,44,49,64,63,0,0,50,0,False,,,0,,,,,,0,50,finesse_sp,
P7147,John,Doe,1987-08-25,70,238,Unknown,medium,brown,clean_shaven,R,P,,1,RP,SP,,,,,50,,,,49,52,50,51,54,49,51,0,61,63,0,0,0,,,,,0,,,,47,47,48,44,44,42,45,0,53,62,0,0,0,False,,,0,,,,,,0,50,power_sp,
P8284,John,Doe,1997-06-22,69,162,Unknown,light,black,clean_shaven,L,P,,1,RP,SP,,,,,51,,,,50,51,53,53,52,50,52,0,60,61,0,56,0,,,,,0,,,,51,56,52,56,52,47,52,0,56,63,0,58,0,False,,,0,,,,,,0,50,power_sp,
P2841,John,Doe,1993-05-16,75,202,Unknown,light,brown,clean_shaven,L,P,,1,RP,SP,,,,,48,,,,49,53,54,52,52,52,54,0,62,60,0,0,0,,,,,0,,,,48,53,42,42,47,42,45,0,60,56,0,0,0,False,,,0,,,,,,0,50,power_sp,
P2279,John,Doe,1993-01-27,76,163,Unknown,dark,blonde,goatee,R,C,,0,,,52,52,49,51,53,50,59,49,51,47,,,,,,,,,,,,50,49,47,41,53,0,0,49,49,43,,,,,,,,,,,,False,,,0,,,,,,0,50,,balanced
P8993,John,Doe,1988-12-07,70,189,Unknown,dark,red,beard,R,1B,,0,,,50,52,50,51,48,48,55,48,50,49,,,,,,,,,,,,40,52,43,49,48,0,0,48,50,39,,,,,,,,,,,,False,,,0,,,,,,0,50,,balanced
P6614,John,Doe,1987-10-04,68,206,Unknown,light,black,beard,L,2B,,0,,,60,47,52,57,50,50,48,49,53,49,,,,,,,,,,,,56,46,42,57,50,0,0,49,44,39,,,,,,,,,,,,False,,,0,,,,,,0,50,,spray
P6574,John,Doe,2001-04-11,77,232,Unknown,medium,blonde,clean_shaven,R,3B,,0,,,49,51,84,49,52,49,57,50,51,51,,,,,,,,,,,,60,60,97,55,52,0,0,50,57,59,,,,,,,,,,,,False,,,0,,,,,,0,50,,speed
P2044,John,Doe,1995-03-10,70,242,Unknown,medium,blonde,mustache,R,SS,,0,,,60,53,49,53,49,48,57,50,48,49,,,,,,,,,,,,65,49,44,53,49,0,0,50,46,47,,,,,,,,,,,,False,,,0,,,,,,0,50,,gap
P6293,John,Doe,1989-04-07,78,197,Unknown,medium,black,beard,R,LF,,0,,,51,59,52,52,52,51,56,49,50,51,,,,,,,,,,,,48,52,44,48,52,0,0,49,48,48,,,,,,,,,,,,False,,,0,,,,,,0,50,,balanced
P5688,John,Doe,2004-07-22,74,246,Unknown,light,brown,clean_shaven,R,CF,,0,,,61,49,51,54,52,51,55,48,50,49,,,,,,,,,,,,82,67,81,76,52,0,0,48,64,60,,,,,,,,,,,,False,,,0,,,,,,0,50,,spray
P4650,John,Doe,1991-12-04,69,200,Unknown,dark,brown,mustache,R,RF,,0,,,53,53,52,51,49,52,56,51,48,48,,,,,,,,,,,,48,49,42,51,49,0,0,51,48,40,,,,,,,,,,,,False,,,0,,,,,,0,50,,balanced
P2503,John,Doe,1993-08-17,72,236,Unknown,medium,blonde,mustache,L,LF,,0,,,50,63,48,51,51,51,50,51,50,53,,,,,,,,,,,,43,60,46,49,51,0,0,51,46,46,,,,,,,,,,,,False,,,0,,,,,,0,50,,power
P3874,John,Doe,1997-10-16,76,241,Unknown,light,black,clean_shaven,R,RF,,0,,,50,51,70,51,52,48,54,52,50,49,,,,,,,,,,,,45,49,74,49,52,0,0,52,47,54,,,,,,,,,,,,False,,,0,,,,,,0,50,,speed
P5520,John,Doe,1993-02-12,72,202,Unknown,light,red,clean_shaven,S,RF,,0,,,59,48,49,53,53,46,54,51,51,50,,,,,,,,,,,,50,40,39,47,53,0,0,51,49,50,,,,,,,,,,,,False,,,0,,,,,,0,50,,spray
P1091,John,Doe,2003-08-18,69,210,Unknown,dark,brown,clean_shaven,S,LF,,0,,,66,50,52,52,49,50,51,50,50,49,,,,,,,,,,,,80,60,59,65,49,0,0,50,55,62,,,,,,,,,,,,False,,,0,,,,,,0,50,,spray
P1280,John,Doe,2003-01-07,71,181,Unknown,dark,blonde,clean_shaven,R,C,,0,,,54,54,52,51,50,51,58,48,49,49,,,,,,,,,,,,60,68,58,58,50,0,0,48,58,62,,,,,,,,,,,,False,,,0,,,,,,0,50,,balanced
P8262,John,Doe,1997-10-17,70,241,Unknown,dark,brown,clean_shaven,R,LF,,0,,,51,51,49,51,52,49,59,48,52,49,,,,,,,,,,,,53,54,50,54,52,0,0,48,53,53,,,,,,,,,,,,False,,,0,,,,,,0,50,,average
P6933,John,Doe,1998-12-13,71,222,Unknown,dark,black,beard,R,P,,1,RP,CL,,,,,55,,,,52,51,51,50,52,50,56,0,60,65,0,0,0,,,,,0,,,,66,65,56,60,57,59,63,0,70,80,0,0,0,False,,,0,,,,,,0,50,closer,
P1085,John,Doe,1999-02-10,72,229,Unknown,medium,black,clean_shaven,R,P,,1,RP,RP,,,,,49,,,,48,52,51,50,53,52,51,57,63,0,0,58,0,,,,,0,,,,63,65,55,58,57,64,61,62,75,0,0,72,0,False,,,0,,,,,,0,50,finesse_rp,
P1662,John,Doe,2002-04-20,69,210,Unknown,dark,black,clean_shaven,L,P,LF,1,RP,RP,,,,,53,,,,50,49,49,51,53,50,50,58,0,0,0,0,0,,,,,0,,,,60,57,66,58,61,61,55,67,0,0,0,0,0,False,,,0,,,,,,0,50,finesse_rp,
P9595,John,Doe,1998-05-18,70,220,Unknown,light,black,clean_shaven,S,P,,1,RP,SP,,,,,52,,,,49,52,54,51,54,50,53,61,58,59,0,0,0,,,,,0,,,,54,60,56,68,67,57,59,71,73,73,0,0,0,False,,,0,,,,,,0,50,workhorse_sp,
P7051,John,Doe,1987-12-29,72,214,Unknown,medium,black,beard,R,P,,1,RP,SP,,,,,51,,,,50,50,53,50,52,48,52,63,60,62,0,55,0,,,,,0,,,,40,42,48,46,46,43,42,59,57,62,0,50,0,False,,,0,,,,,,0,50,balanced_sp,
P9813,John,Doe,1988-09-16,75,164,Unknown,light,brown,mustache,R,P,,1,RP,SP,,,,,52,,,,48,52,50,50,53,52,52,62,62,61,0,53,0,,,,,0,,,,43,52,44,43,46,43,51,52,54,58,0,49,0,False,,,0,,,,,,0,50,balanced_sp,
P7450,John,Doe,2003-03-12,77,196,Unknown,medium,black,beard,R,P,,1,RP,SP,,,,,49,,,,50,51,52,52,52,51,51,59,63,61,0,0,0,,,,,0,,,,62,61,59,63,67,65,66,71,69,73,0,0,0,False,,,0,,,,,,0,50,balanced_sp,
P1696,John,Doe,1987-10-20,78,203,Unknown,light,black,beard,L,CF,,0,,,49,51,50,48,52,50,42,50,49,48,,,,,,,,,,,,46,49,45,43,52,0,0,50,43,40,,,,,,,,,,,,False,,,0,,,,,,0,50,,average
P3784,John,Doe,1993-05-22,71,231,Unknown,medium,brown,clean_shaven,R,LF,,0,,,53,65,47,50,48,50,57,50,49,52,,,,,,,,,,,,46,61,47,45,48,0,0,50,46,46,,,,,,,,,,,,False,,,0,,,,,,0,50,,power
P9788,John,Doe,1993-12-17,74,214,Unknown,dark,black,clean_shaven,R,C,,0,,,59,49,50,54,50,47,56,49,51,50,,,,,,,,,,,,49,39,42,50,50,0,0,49,46,45,,,,,,,,,,,,False,,,0,,,,,,0,50,,spray
P9060,John,Doe,2000-12-10,78,229,Unknown,light,brown,clean_shaven,R,2B,,0,,,49,48,52,52,51,52,55,51,49,53,,,,,,,,,,,,59,57,67,64,51,0,0,51,61,65,,,,,,,,,,,,False,,,0,,,,,,0,50,,balanced
P8380,John,Doe,2002-05-21,72,193,Unknown,light,black,clean_shaven,L,RF,,0,,,61,50,51,50,51,48,50,49,51,51,,,,,,,,,,,,67,55,59,57,51,0,0,49,59,59,,,,,,,,,,,,False,,,0,,,,,,0,50,,spray
P1164,John,Doe,2001-01-05,68,227,Unknown,medium,black,clean_shaven,R,2B,,0,,,56,48,48,55,53,50,56,49,52,50,,,,,,,,,,,,62,61,60,63,53,0,0,49,60,60,,,,,,,,,,,,False,,,0,,,,,,0,50,,spray
P5877,John,Doe,1988-11-17,70,216,Unknown,medium,black,goatee,L,C,,0,,,52,50,48,51,53,49,49,50,51,49,,,,,,,,,,,,52,44,38,51,53,0,0,50,43,39,,,,,,,,,,,,False,,,0,,,,,,0,50,,average
P6226,John,Doe,1994-08-11,72,191,Unknown,dark,black,beard,L,1B,,0,,,62,52,50,52,50,51,46,52,49,52,,,,,,,,,,,,57,53,52,53,50,0,0,52,49,49,,,,,,,,,,,,False,,,0,,,,,,0,50,,spray
P5340,John,Doe,2004-08-27,73,167,Unknown,medium,black,clean_shaven,R,P,,1,RP,CL,,,,,55,,,,52,54,51,50,52,49,55,0,0,65,0,0,0,,,,,0,,,,62,79,61,75,62,78,84,0,0,85,0,0,0,False,,,0,,,,,,0,50,closer,
P6417,John,Doe,2005-07-13,71,193,Unknown,medium,black,clean_shaven,R,P,,1,RP,SP,,,,,49,,,,51,50,52,50,52,53,48,61,63,0,0,0,0,,,,,0,,,,69,63,77,71,79,79,69,73,83,0,0,0,0,False,,,0,,,,,,0,50,finesse_sp,
P3005,John,Doe,2004-04-23,75,231,Unknown,medium,black,clean_shaven,L,P,,1,RP,SP,,,,,48,,,,48,51,52,51,53,52,54,62,60,58,59,0,0,,,,,0,,,,61,64,62,66,80,75,71,91,79,80,85,0,0,False,,,0,,,,,,0,50,power_sp,
P4173,John,Doe,2004-08-29,73,191,Unknown,dark,blonde,clean_shaven,L,P,,1,RP,SP,,,,,50,,,,51,52,52,52,54,51,54,62,60,59,0,57,0,,,,,0,,,,67,82,81,78,77,73,76,89,81,70,0,76,0,False,,,0,,,,,,0,50,balanced_sp,
P4907,John,Doe,2004-12-18,70,187,Unknown,light,black,mustache,S,P,,1,RP,SP,,,,,53,,,,48,51,54,51,54,50,49,62,0,0,57,0,0,,,,,0,,,,77,80,73,71,69,80,65,78,0,0,86,0,0,False,,,0,,,,,,0,50,groundball_sp,
P8550,John,Doe,2007-08-25,71,205,Unknown,light,blonde,clean_shaven,R,3B,,0,,,48,52,48,50,48,48,56,51,48,51,,,,,,,,,,,,64,68,58,65,48,0,0,51,72,67,,,,,,,,,,,,False,,,0,,,,,,0,50,,average
P6512,John,Doe,2005-07-12,68,215,Unknown,dark,blonde,goatee,R,LF,,0,,,50,46,85,53,49,48,57,53,53,48,,,,,,,,,,,,69,60,99,76,49,0,0,53,77,60,,,,,,,,,,,,False,,,0,,,,,,0,50,,elite_speed
P2598,John,Doe,2005-10-21,78,185,Unknown,light,black,clean_shaven,R,RF,,0,,,52,59,52,51,49,50,56,51,51,48,,,,,,,,,,,,67,85,82,77,49,0,0,51,62,70,,,,,,,,,,,,False,,,0,,,,,,0,50,,power
P8422,John,Doe,2007-01-01,74,212,Unknown,dark,black,clean_shaven,R,C,,0,,,49,57,49,51,48,50,56,51,53,49,,,,,,,,,,,,61,80,79,75,48,0,0,51,77,67,,,,,,,,,,,,False,,,0,,,,,,0,50,,power
P9317,John,Doe,2005-07-23,75,195,Unknown,light,black,mustache,L,1B,,0,,,49,63,52,51,51,51,46,49,49,50,,,,,,,,,,,,73,73,78,79,51,0,0,49,67,76,,,,,,,,,,,,False,,,0,,,,,,0,50,,power
P4704,John,Doe,2003-08-31,73,237,Unknown,medium,black,mustache,R,P,,1,RP,CL,,,,,55,,,,53,50,50,51,54,52,54,0,0,65,0,0,0,,,,,0,,,,59,62,59,64,57,57,63,0,0,80,0,0,0,False,,,0,,,,,,0,50,closer,
P2601,John,Doe,2004-07-26,75,176,Unknown,light,black,beard,R,P,,1,RP,RP,,,,,52,,,,48,54,49,50,54,50,56,0,61,64,0,58,0,,,,,0,,,,67,75,78,64,67,74,78,0,77,78,0,85,0,False,,,0,,,,,,0,50,power_rp,
P7946,John,Doe,2001-01-11,70,228,Unknown,dark,brown,mustache,L,P,,1,RP,SP,,,,,50,,,,49,48,52,53,52,48,49,62,61,57,59,0,0,,,,,0,,,,61,58,59,67,61,60,55,68,76,70,66,0,0,False,,,0,,,,,,0,50,finesse_sp,
P7103,John,Doe,1988-02-26,71,236,Unknown,dark,black,goatee,R,P,,1,RP,SP,,,,,52,,,,49,52,53,51,53,49,52,62,59,0,0,0,0,,,,,0,,,,39,43,47,44,46,46,45,54,54,0,0,0,0,False,,,0,,,,,,0,50,finesse_sp,
P4913,John,Doe,1990-09-26,68,183,Unknown,medium,black,clean_shaven,R,P,,1,RP,SP,,,,,50,,,,52,49,51,50,52,52,53,58,60,0,0,0,0,,,,,41,,,,45,45,47,52,45,46,46,55,52,0,0,0,0,False,,,0,,,,,,0,50,balanced_sp,
P8955,John,Doe,1997-03-31,75,206,Unknown,medium,black,beard,R,P,,1,RP,RP,,,,,53,,,,48,54,51,51,54,50,55,0,60,65,0,0,0,,,,,0,,,,52,49,46,49,50,47,53,0,65,69,0,0,0,False,,,0,,,,,,0,50,power_rp,
P8151,John,Doe,1999-10-28,70,234,Unknown,light,brown,clean_shaven,L,P,,1,RP,SP,,,,,52,,,,51,52,53,53,52,50,50,62,0,61,0,0,0,,,,,0,,,,65,67,68,58,67,57,63,77,0,69,0,0,0,False,,,0,,,,,,0,50,workhorse_sp,
P1143,John,Doe,2002-06-04,73,205,Unknown,light,black,clean_shaven,L,P,,1,RP,RP,,,,,50,,,,51,52,52,52,53,49,52,58,0,0,0,0,0,,,,,0,,,,64,66,61,67,62,60,58,71,0,0,0,0,0,False,,,0,,,,,,0,50,finesse_rp,
P4733,John,Doe,1988-05-24,74,234,Unknown,light,blonde,clean_shaven,L,P,,1,RP,SP,,,,,49,,,,52,50,52,52,52,48,54,0,63,61,56,55,0,,,,,0,,,,51,45,46,52,44,40,50,0,58,53,56,54,0,False,,,0,,,,,,0,50,power_sp,
P4175,John,Doe,1987-03-09,69,236,Unknown,dark,blonde,beard,S,P,,1,RP,RP,,,,,51,,,,49,49,50,50,53,50,55,0,64,65,0,58,0,,,,,0,,,,47,46,42,46,44,49,52,0,60,60,0,54,0,False,,,0,,,,,,0,50,power_rp,
P2617,John,Doe,1993-07-01,78,247,Unknown,dark,black,goatee,R,P,,1,RP,RP,,,,,49,,,,50,50,50,50,52,50,49,58,63,0,0,0,0,,,,,0,,,,45,47,48,48,46,43,41,56,61,0,0,0,0,False,,,0,,,,,,0,50,finesse_rp,
P5269,John,Doe,1994-10-06,77,164,Unknown,dark,black,beard,L,C,,0,,,53,50,49,51,50,49,50,52,49,52,,,,,,,,,,,,53,45,54,50,50,0,0,52,47,47,,,,,,,,,,,,False,,,0,,,,,,0,50,,gap
P4330,John,Doe,2001-03-03,70,241,Unknown,dark,red,mustache,S,1B,,0,,,49,63,49,50,51,54,52,53,51,48,,,,,,,,,,,,64,74,62,65,51,0,0,53,66,58,,,,,,,,,,,,False,,,0,,,,,,0,50,,power
P3621,John,Doe,2002-04-26,68,244,Unknown,light,brown,clean_shaven,R,2B,,0,,,53,50,70,51,50,51,59,51,50,49,,,,,,,,,,,,59,59,81,64,50,0,0,51,58,61,,,,,,,,,,,,False,,,0,,,,,,0,50,,speed
P4354,John,Doe,1990-08-19,71,164,Unknown,dark,blonde,mustache,R,3B,,0,,,62,49,51,53,50,48,57,51,48,49,,,,,,,,,,,,57,41,48,43,50,0,0,51,48,48,,,,,,,,,,,,False,,,0,,,,,,0,50,,spray
P3675,John,Doe,1990-02-05,73,249,Unknown,dark,black,beard,R,SS,,0,,,48,50,54,49,51,50,55,51,53,48,,,,,,,,,,,,42,46,47,39,51,0,0,51,53,43,,,,,,,,,,,,False,,,0,,,,,,0,50,,balanced
P8487,John,Doe,1994-06-15,75,247,Unknown,medium,black,clean_shaven,R,LF,,0,,,52,60,50,52,47,51,58,52,52,49,,,,,,,,,,,,51,61,47,48,47,0,0,52,50,50,,,,,,,,,,,,False,,,0,,,,,,0,50,,power
P2007,John,Doe,1999-12-12,75,174,Unknown,dark,black,clean_shaven,R,CF,,0,,,58,52,53,52,53,50,50,51,49,50,,,,,,,,,,,,69,59,68,61,53,0,0,51,58,60,,,,,,,,,,,,False,,,0,,,,,,0,50,,spray
P4702,John,Doe,1999-10-19,73,202,Unknown,medium,black,clean_shaven,R,RF,,0,,,52,57,48,50,49,50,56,49,51,49,,,,,,,,,,,,67,64,54,60,49,0,0,49,59,59,,,,,,,,,,,,False,,,0,,,,,,0,50,,balanced
P8240,John,Doe,1995-12-17,76,190,Unknown,dark,red,beard,R,C,,0,,,56,57,48,54,48,50,56,51,49,50,,,,,,,,,,,,61,52,44,52,48,0,0,51,51,46,,,,,,,,,,,,False,,,0,,,,,,0,50,,gap
P9691,John,Doe,1996-03-29,77,196,Unknown,light,black,clean_shaven,L,RF,,0,,,52,58,47,51,49,50,42,52,49,53,,,,,,,,,,,,47,59,45,49,49,0,0,52,48,56,,,,,,,,,,,,False,,,0,,,,,,0,50,,power
P3729,John,Doe,2002-11-06,76,237,Unknown,dark,brown,clean_shaven,S,RF,,0,,,51,61,51,51,50,52,46,52,49,48,,,,,,,,,,,,57,75,66,59,50,0,0,52,58,58,,,,,,,,,,,,False,,,0,,,,,,0,50,,power
P6418,John,Doe,1993-12-02,68,192,Unknown,light,brown,mustache,R,RF,,0,,,50,50,49,51,52,49,58,48,53,51,,,,,,,,,,,,44,45,39,43,52,0,0,48,46,46,,,,,,,,,,,,False,,,0,,,,,,0,50,,balanced
P9151,John,Doe,2000-12-18,77,213,Unknown,dark,blonde,clean_shaven,L,1B,,0,,,62,50,52,50,49,50,46,48,51,51,,,,,,,,,,,,74,58,57,64,49,0,0,48,57,65,,,,,,,,,,,,False,,,0,,,,,,0,50,,spray
P6965,John,Doe,1993-06-02,76,177,Unknown,dark,brown,clean_shaven,L,SS,,0,,,64,50,52,57,50,47,54,49,52,49,,,,,,,,,,,,64,43,51,57,50,0,0,49,48,45,,,,,,,,,,,,False,,,0,,,,,,0,50,,spray
P7791,John,Doe,1994-06-26,76,220,Unknown,medium,brown,mustache,S,P,,1,RP,CL,,,,,55,,,,53,51,48,50,53,49,56,0,0,66,0,0,0,,,,,0,,,,48,49,46,50,53,44,51,0,0,69,0,0,0,False,,,0,,,,,,0,50,closer,
P5353,John,Doe,2000-02-02,73,222,Unknown,medium,brown,clean_shaven,R,P,,1,RP,SP,,,,,49,,,,48,51,52,50,54,49,53,59,59,60,0,54,0,,,,,0,,,,58,57,55,66,63,64,63,71,65,73,0,67,0,False,,,0,,,,,,0,50,workhorse_sp,
P8682,John,Doe,2003-11-25,69,175,Unknown,dark,brown,mustache,L,P,,1,RP,SP,,,,,48,,,,49,54,53,50,52,48,52,0,63,60,0,0,0,,,,,0,,,,54,69,64,67,61,55,61,0,74,70,0,0,0,False,,,0,,,,,,0,50,power_sp,
P3968,John,Doe,2001-06-09,73,245,Unknown,light,black,clean_shaven,R,P,,1,RP,CL,,,,,50,,,,49,54,52,50,54,52,55,0,0,65,0,0,0,,,,,0,,,,55,69,62,66,64,60,68,0,0,72,0,0,0,False,,,0,,,,,,0,50,closer,
P3317,John,Doe,1998-03-16,73,173,Unknown,medium,brown,beard,R,P,,1,RP,SP,,,,,49,,,,51,50,54,50,53,49,53,62,0,61,0,0,0,,,,,0,,,,66,65,60,58,59,60,67,76,0,70,0,0,0,False,,,0,,,,,,0,50,balanced_sp,
P2843,John,Doe,1992-01-26,74,219,Unknown,dark,black,clean_shaven,L,P,,1,RP,SP,,,,,50,,,,49,52,53,53,52,52,51,0,64,60,58,53,0,,,,,0,,,,40,43,43,43,45,52,47,0,56,56,50,49,0,False,,,0,,,,,,0,50,power_sp,
P3541,John,Doe,1999-11-17,71,221,Unknown,dark,brown,clean_shaven,R,P,,1,RP,CL,,,,,51,,,,50,52,51,50,52,49,56,0,0,65,0,0,0,,,,,0,,,,56,67,55,63,61,64,70,0,0,72,0,0,0,False,,,0,,,,,,0,50,closer,
P4808,John,Doe,2003-09-25,70,174,Unknown,light,black,goatee,R,LF,,0,,,50,58,51,51,51,52,59,50,50,53,,,,,,,,,,,,59,65,60,56,51,0,0,50,58,58,,,,,,,,,,,,False,,,0,,,,,,0,50,,balanced
P2776,John,Doe,1988-03-30,72,235,Unknown,medium,black,beard,R,2B,,0,,,56,52,76,51,49,51,58,49,52,51,,,,,,,,,,,,48,49,74,48,49,0,0,49,52,50,,,,,,,,,,,,False,,,0,,,,,,0,50,,speed
P7158,John,Doe,1991-04-28,76,237,Unknown,light,brown,beard,R,RF,CF,0,,,52,53,48,50,53,50,55,51,52,48,,,,,,,,,,,,45,49,39,47,53,0,0,51,49,42,,,,,,,,,,,,False,,,0,,,,,,0,50,,average
P6334,John,Doe,1999-01-22,71,193,Unknown,light,black,clean_shaven,R,RF,3B,0,,,49,49,47,49,50,51,58,49,47,52,,,,,,,,,,,,59,55,56,60,50,0,0,49,59,67,,,,,,,,,,,,False,,,0,,,,,,0,50,,average
P7966,John,Doe,2001-01-01,78,230,Unknown,medium,blonde,clean_shaven,L,CF,,0,,,51,50,70,50,53,50,43,50,51,48,,,,,,,,,,,,65,58,79,56,53,0,0,50,60,57,,,,,,,,,,,,False,,,0,,,,,,0,50,,speed
P6605,John,Doe,1990-10-14,69,248,Unknown,light,brown,clean_shaven,L,RF,,0,,,59,51,50,53,49,47,49,48,52,49,,,,,,,,,,,,57,43,48,47,49,0,0,48,44,43,,,,,,,,,,,,False,,,0,,,,,,0,50,,spray
P8747,John,Doe,1990-02-28,70,222,Unknown,light,brown,beard,S,RF,,0,,,54,53,49,50,49,52,46,51,52,50,,,,,,,,,,,,47,50,43,40,49,0,0,51,52,47,,,,,,,,,,,,False,,,0,,,,,,0,50,,gap
P5525,John,Doe,1991-02-22,68,163,Unknown,light,brown,goatee,S,1B,,0,,,48,59,51,49,49,50,53,49,50,50,,,,,,,,,,,,43,50,49,43,49,0,0,49,40,40,,,,,,,,,,,,False,,,0,,,,,,0,50,,power
P8111,John,Doe,2005-10-06,70,241,Unknown,medium,black,clean_shaven,R,P,,1,RP,CL,,,,,55,,,,49,53,52,53,53,52,53,56,60,65,0,0,0,,,,,0,,,,71,82,74,65,77,76,66,74,76,81,0,0,0,False,,,0,,,,,,0,50,closer,
P7384,John,Doe,2007-03-29,73,209,Unknown,medium,blonde,beard,L,P,,1,RP,CL,,,,,53,,,,51,51,48,53,61,51,54,0,0,65,0,0,0,,,,,0,,,,70,77,80,76,59,69,81,0,0,80,0,0,0,False,,,0,,,,,,0,50,closer,
P3251,John,Doe,2004-10-09,78,160,Unknown,medium,blonde,beard,R,P,,1,RP,RP,,,,,54,,,,51,50,51,52,52,53,50,57,0,66,63,0,0,,,,,0,,,,80,63,68,65,75,65,62,77,0,82,88,0,0,False,,,0,,,,,,0,50,groundball_rp,
P1349,John,Doe,2005-12-26,69,174,Unknown,light,black,clean_shaven,R,P,,1,RP,RP,,,,,51,,,,49,52,53,50,52,50,52,0,62,63,0,0,0,,,,,0,,,,61,72,68,73,74,69,82,0,73,93,0,0,0,False,,,0,,,,,,0,50,power_rp,
P5012,John,Doe,2006-03-16,69,232,Unknown,light,brown,beard,L,P,,1,RP,SP,,,,,50,,,,52,52,52,52,52,50,52,61,59,0,0,0,0,,,,,0,,,,68,71,68,68,66,79,76,79,72,0,0,0,0,False,,,0,,,,,,0,50,workhorse_sp,
P5032,John,Doe,2005-01-14,72,225,Unknown,light,black,clean_shaven,R,2B,,0,,,58,51,50,53,49,50,55,49,48,50,,,,,,,,,,,,86,80,68,73,49,0,0,49,59,75,,,,,,,,,,,,False,,,0,,,,,,0,50,,spray
P3706,John,Doe,2006-12-01,78,196,Unknown,light,brown,clean_shaven,R,SS,,0,,,47,60,50,50,50,51,56,49,50,48,,,,,,,,,,,,60,72,74,74,50,0,0,49,77,75,,,,,,,,,,,,False,,,0,,,,,,0,50,,power
P8220,John,Doe,2005-07-21,76,163,Unknown,dark,black,clean_shaven,R,3B,,0,,,50,48,52,49,51,52,57,49,52,49,,,,,,,,,,,,65,76,65,78,51,0,0,49,68,62,,,,,,,,,,,,False,,,0,,,,,,0,50,,average
P1148,John,Doe,2005-09-23,68,240,Unknown,medium,black,goatee,R,LF,,0,,,50,61,47,51,49,52,59,52,51,52,,,,,,,,,,,,71,91,66,64,49,0,0,52,66,75,,,,,,,,,,,,False,,,0,,,,,,0,50,,power
P6426,John,Doe,2004-07-22,75,248,Unknown,light,brown,beard,S,SS,,0,,,52,51,53,51,49,50,51,53,48,52,,,,,,,,,,,,69,65,71,62,49,0,0,53,71,70,,,,,,,,,,,,False,,,0,,,,,,0,50,,balanced
P1980,John,Doe,2000-08-06,71,175,Unknown,dark,black,clean_shaven,L,P,,1,RP,CL,,,,,55,,,,51,52,49,52,52,49,56,56,0,66,0,0,0,,,,,0,,,,66,65,63,62,59,57,62,69,0,76,0,0,0,False,,,0,,,,,,0,50,closer,
P2446,John,Doe,1991-11-22,74,168,Unknown,light,brown,beard,L,P,,1,RP,RP,,,,,53,,,,50,49,47,50,52,52,49,0,61,67,63,0,0,,,,,0,,,,40,45,43,45,41,50,49,0,53,65,57,0,0,False,,,0,,,,,,0,50,groundball_rp,
P2306,John,Doe,1994-06-09,72,160,Unknown,light,black,beard,R,P,,1,RP,SP,,,,,51,,,,50,50,50,53,52,48,51,0,0,60,60,0,0,,,,,0,,,,47,46,52,47,51,51,52,0,0,61,58,0,0,False,,,0,,,,,,0,50,groundball_sp,
P5643,John,Doe,1999-05-21,76,225,Unknown,light,black,clean_shaven,R,P,,1,RP,SP,,,,,52,,,,51,51,50,50,52,49,50,61,62,0,0,0,0,,,,,0,,,,59,66,61,57,60,62,55,71,77,0,0,0,0,False,,,0,,,,,,0,50,balanced_sp,
P4149,John,Doe,1999-05-21,68,243,Unknown,medium,brown,clean_shaven,R,P,,1,RP,RP,,,,,52,,,,49,48,48,53,52,50,49,58,63,0,0,57,0,,,,,0,,,,56,62,67,57,57,62,58,65,75,0,0,68,0,False,,,0,,,,,,0,50,finesse_rp,
P7779,John,Doe,1990-06-16,68,222,Unknown,dark,brown,clean_shaven,R,P,,1,RP,RP,,,,,53,,,,50,50,52,52,54,53,53,60,0,0,0,0,0,,,,,0,,,,50,47,46,45,48,44,47,50,0,0,0,0,0,False,,,0,,,,,,0,50,finesse_rp,
P6993,John,Doe,1993-09-14,72,226,Unknown,light,black,clean_shaven,R,P,,1,RP,SP,,,,,49,,,,48,54,53,52,54,50,52,0,60,60,0,0,0,,,,,0,,,,43,54,46,48,46,47,52,0,54,59,0,0,0,False,,,0,,,,,,0,50,power_sp,
P7674,John,Doe,1995-08-31,76,229,Unknown,light,brown,beard,R,P,,1,RP,SP,,,,,50,,,,51,49,53,50,53,51,49,0,0,61,62,0,0,,,,,0,,,,46,48,46,58,56,55,51,0,0,58,58,0,0,False,,,0,,,,,,0,50,groundball_sp,
P7667,John,Doe,2003-01-02,71,188,Unknown,dark,brown,goatee,R,P,,1,RP,RP,,,,,54,,,,50,52,52,53,53,51,52,0,0,0,60,0,0,,,,,0,,,,61,66,68,60,66,64,64,0,0,0,65,0,0,False,,,0,,,,,,0,50,groundball_rp,
P9944,John,Doe,2004-06-09,72,216,Unknown,dark,blonde,clean_shaven,L,P,,1,RP,SP,,,,,49,,,,48,52,51,52,53,53,51,61,61,63,56,0,0,,,,,0,,,,59,64,63,83,76,79,77,84,85,81,83,0,0,False,,,0,,,,,,0,50,power_sp,
P5217,John,Doe,1993-10-15,75,231,Unknown,dark,brown,beard,R,P,,1,RP,RP,,,,,52,,,,48,53,49,50,54,52,52,57,60,66,0,0,0,,,,,0,,,,48,44,47,46,47,46,48,47,56,56,0,0,0,False,,,0,,,,,,0,50,power_rp,
P1438,John,Doe,1989-08-27,71,225,Unknown,light,black,beard,R,C,,0,,,63,49,53,51,51,47,58,48,50,48,,,,,,,,,,,,54,40,45,42,51,0,0,48,45,40,,,,,,,,,,,,False,,,0,,,,,,0,50,,spray
P7679,John,Doe,2004-01-18,77,176,Unknown,light,brown,clean_shaven,S,1B,,0,,,54,61,54,53,49,50,50,48,51,50,,,,,,,,,,,,68,73,61,58,49,0,0,48,64,57,,,,,,,,,,,,False,,,0,,,,,,0,50,,gap
P8443,John,Doe,2000-08-31,74,235,Unknown,medium,brown,beard,R,2B,,0,,,53,52,52,52,51,49,55,49,53,52,,,,,,,,,,,,64,65,63,57,51,0,0,49,65,58,,,,,,,,,,,,False,,,0,,,,,,0,50,,balanced
P3157,John,Doe,1992-01-28,77,185,Unknown,light,brown,clean_shaven,R,3B,,0,,,60,49,52,52,51,51,56,49,49,47,,,,,,,,,,,,51,43,50,47,51,0,0,49,42,47,,,,,,,,,,,,False,,,0,,,,,,0,50,,spray
P5937,John,Doe,1993-11-26,74,210,Unknown,medium,black,clean_shaven,R,SS,3B,0,,,54,50,50,50,51,49,59,49,50,50,,,,,,,,,,,,51,41,46,47,51,0,0,49,45,48,,,,,,,,,,,,False,,,0,,,,,,0,50,,gap
P2989,John,Doe,1988-06-13,75,172,Unknown,light,black,beard,S,LF,,0,,,50,54,49,51,51,50,55,51,53,50,,,,,,,,,,,,45,48,47,46,51,0,0,51,46,42,,,,,,,,,,,,False,,,0,,,,,,0,50,,average
P3873,John,Doe,1989-09-19,73,163,Unknown,medium,black,clean_shaven,L,CF,,0,,,50,49,51,49,51,50,48,49,52,52,,,,,,,,,,,,48,46,49,41,51,0,0,49,50,51,,,,,,,,,,,,False,,,0,,,,,,0,50,,average
P7157,John,Doe,1999-08-16,73,235,Unknown,medium,brown,goatee,L,RF,,0,,,48,61,49,49,49,49,46,47,51,52,,,,,,,,,,,,61,76,61,60,49,0,0,47,57,62,,,,,,,,,,,,False,,,0,,,,,,0,50,,power
P8765,John,Doe,1995-12-10,77,237,Unknown,medium,black,clean_shaven,R,SS,,0,,,51,51,70,50,49,49,58,48,51,50,,,,,,,,,,,,50,51,75,52,49,0,0,48,47,54,,,,,,,,,,,,False,,,0,,,,,,0,50,,speed
P2809,John,Doe,1998-12-08,76,213,Unknown,medium,brown,clean_shaven,L,LF,,0,,,50,58,52,51,50,52,49,50,49,50,,,,,,,,,,,,65,71,61,66,50,0,0,50,60,55,,,,,,,,,,,,False,,,0,,,,,,0,50,,gap
P9666,John,Doe,1988-04-09,74,244,Unknown,light,blonde,clean_shaven,R,RF,,0,,,52,58,50,49,50,51,54,48,51,48,,,,,,,,,,,,48,49,43,47,50,0,0,48,47,45,,,,,,,,,,,,False,,,0,,,,,,0,50,,balanced
P2188,John,Doe,1988-08-01,73,216,Unknown,dark,black,goatee,L,1B,,0,,,59,53,51,52,48,47,48,49,47,49,,,,,,,,,,,,54,45,51,48,48,0,0,49,44,46,,,,,,,,,,,,False,,,0,,,,,,0,50,,gap
P2573,John,Doe,1996-01-10,77,207,Unknown,medium,blonde,clean_shaven,L,RF,,0,,,52,50,49,53,52,49,44,50,49,49,,,,,,,,,,,,50,52,49,53,52,0,0,50,50,52,,,,,,,,,,,,False,,,0,,,,,,0,50,,balanced
P1219,John,Doe,2001-04-26,73,216,Unknown,medium,blonde,clean_shaven,R,SS,,0,,,50,50,53,49,49,52,59,52,48,47,,,,,,,,,,,,65,56,58,58,49,0,0,52,54,58,,,,,,,,,,,,False,,,0,,,,,,0,50,,balanced
P6430,John,Doe,2001-07-29,68,201,Unknown,light,black,beard,R,P,,1,RP,CL,,,,,55,,,,52,53,47,50,52,52,52,60,0,67,0,0,0,,,,,0,,,,62,60,61,59,54,67,58,73,0,82,0,0,0,False,,,0,,,,,,0,50,closer,
P9737,John,Doe,2002-04-20,73,193,Unknown,light,black,clean_shaven,R,P,,1,RP,SP,,,,,52,,,,50,52,49,53,52,49,53,0,0,60,61,0,0,,,,,0,,,,58,66,66,67,62,61,67,0,0,66,73,0,0,False,,,0,,,,,,0,50,groundball_sp,
P5619,John,Doe,2004-09-09,72,208,Unknown,medium,black,goatee,L,P,,1,RP,RP,,,,,49,,,,49,50,50,53,53,48,54,0,62,65,0,0,0,,,,,0,,,,77,71,65,66,64,73,65,0,76,84,0,0,0,False,,,0,,,,,,0,50,power_rp,
P5789,John,Doe,1989-05-21,74,190,Unknown,dark,blonde,beard,L,P,,1,RP,SP,,,,,49,,,,52,50,54,52,52,52,49,58,59,59,0,55,0,,,,,0,,,,43,49,43,52,54,46,49,49,58,53,0,55,0,False,,,0,,,,,,0,50,workhorse_sp,
P3292,John,Doe,1992-03-26,72,230,Unknown,medium,black,goatee,R,P,,1,RP,SP,,,,,54,,,,50,52,50,50,52,51,51,61,0,0,57,0,0,,,,,0,,,,47,43,50,47,43,47,49,57,0,0,51,0,0,False,,,0,,,,,,0,50,groundball_sp,
P9218,John,Doe,1990-08-06,70,191,Unknown,medium,brown,beard,R,P,,1,RP,RP,,,,,52,,,,53,53,50,50,53,48,51,0,61,63,0,0,0,,,,,0,,,,53,50,49,43,46,40,51,0,60,54,0,0,0,False,,,0,,,,,,0,50,power_rp,
P5759,John,Doe,1993-01-24,78,179,Unknown,light,black,clean_shaven,R,P,,1,RP,SP,,,,,50,,,,49,53,51,50,52,50,51,60,63,61,56,0,0,,,,,0,,,,49,50,40,52,50,49,41,54,60,55,53,0,0,False,,,0,,,,,,0,50,power_sp,
P1237,John,Doe,1989-06-13,70,177,Unknown,dark,brown,mustache,R,2B,,0,,,50,50,49,50,50,51,57,48,52,48,,,,,,,,,,,,41,44,49,45,50,0,0,48,49,43,,,,,,,,,,,,False,,,0,,,,,,0,50,,average
P5450,John,Doe,2001-01-22,78,229,Unknown,light,black,clean_shaven,R,C,RF,0,,,53,60,49,51,50,49,56,48,53,49,,,,,,,,,,,,65,73,57,64,50,0,0,48,67,59,,,,,,,,,,,,False,,,0,,,,,,0,50,,power
P3707,John,Doe,2001-12-02,76,194,Unknown,light,brown,clean_shaven,R,RF,,0,,,51,52,51,50,50,49,55,50,50,52,,,,,,,,,,,,61,62,57,56,50,0,0,50,58,58,,,,,,,,,,,,False,,,0,,,,,,0,50,,balanced
P4257,John,Doe,2003-12-21,70,243,Unknown,medium,brown,clean_shaven,L,1B,,0,,,52,62,52,52,50,53,46,53,49,50,,,,,,,,,,,,60,77,63,63,50,0,0,53,56,57,,,,,,,,,,,,False,,,0,,,,,,0,50,,power
P9918,John,Doe,2001-10-30,78,239,Unknown,medium,black,mustache,R,CF,,0,,,50,59,50,49,51,54,50,52,48,49,,,,,,,,,,,,58,66,64,56,51,0,0,52,54,63,,,,,,,,,,,,False,,,0,,,,,,0,50,,power
P4821,John,Doe,2003-01-03,71,177,Unknown,medium,brown,clean_shaven,R,RF,,0,,,54,58,51,53,47,49,58,51,50,49,,,,,,,,,,,,69,72,58,66,47,0,0,51,61,63,,,,,,,,,,,,False,,,0,,,,,,0,50,,gap
P5558,John,Doe,1999-10-09,68,216,Unknown,dark,brown,clean_shaven,L,3B,,0,,,52,52,52,51,50,49,47,50,48,50,,,,,,,,,,,,65,58,61,60,50,0,0,50,61,59,,,,,,,,,,,,False,,,0,,,,,,0,50,,balanced
P4867,John,Doe,1988-10-18,75,243,Unknown,dark,brown,beard,R,C,,0,,,51,52,50,52,52,53,59,50,51,52,,,,,,,,,,,,45,42,48,49,52,0,0,50,45,45,,,,,,,,,,,,False,,,0,,,,,,0,50,,balanced
P3946,John,Doe,2006-07-04,78,164,Unknown,light,red,clean_shaven,S,P,,1,RP,CL,,,,,55,,,,48,54,49,51,52,49,55,58,59,66,0,0,0,,,,,0,,,,68,66,80,82,63,65,67,79,76,84,0,0,0,False,,,0,,,,,,0,50,closer,
P8738,John,Doe,2006-11-01,77,207,Unknown,dark,brown,beard,L,P,,1,RP,SP,,,,,51,,,,52,53,54,50,54,50,54,62,60,59,0,0,0,,,,,0,,,,66,69,61,67,74,69,70,85,84,86,0,0,0,False,,,0,,,,,,0,50,balanced_sp,
P1272,John,Doe,2007-12-17,69,218,Unknown,dark,brown,clean_shaven,L,P,,1,RP,SP,,,,,50,,,,48,49,52,52,52,49,50,58,0,58,0,0,0,,,,,0,,,,67,61,65,79,66,61,71,72,0,75,0,0,0,False,,,0,,,,,,0,50,workhorse_sp,
P9230,John,Doe,2007-09-09,76,208,Unknown,dark,brown,clean_shaven,R,P,,1,RP,RP,,,,,56,,,,48,50,49,52,52,50,53,0,0,0,62,0,0,,,,,0,,,,68,77,67,65,64,66,78,0,0,0,87,0,0,False,,,0,,,,,,0,50,groundball_rp,
P4889,John,Doe,2004-08-03,76,167,Unknown,light,black,clean_shaven,R,P,,1,RP,SP,,,,,48,,,,49,48,52,51,52,50,49,63,63,61,0,0,0,,,,,0,,,,72,60,74,69,82,75,63,93,80,74,0,0,0,False,,,0,,,,,,0,50,finesse_sp,
P9366,John,Doe,2006-09-17,70,228,Unknown,dark,brown,beard,R,2B,,0,,,49,48,51,52,52,52,57,48,52,51,,,,,,,,,,,,72,77,73,68,52,0,0,48,66,69,,,,,,,,,,,,False,,,0,,,,,,0,50,,balanced
P7883,John,Doe,2005-05-18,70,223,Unknown,dark,blonde,clean_shaven,L,RF,,0,,,52,50,52,51,50,49,48,49,52,48,,,,,,,,,,,,82,71,77,66,50,0,0,49,81,71,,,,,,,,,,,,False,,,0,,,,,,0,50,,balanced
P8251,John,Doe,2006-06-11,78,199,Unknown,medium,black,clean_shaven,L,LF,,0,,,53,58,52,53,48,51,47,50,48,50,,,,,,,,,,,,63,71,78,83,48,0,0,50,70,73,,,,,,,,,,,,False,,,0,,,,,,0,50,,balanced
P6706,John,Doe,2007-10-20,78,190,Unknown,light,brown,clean_shaven,R,3B,,0,,,50,51,70,51,52,50,56,50,51,50,,,,,,,,,,,,79,62,84,74,52,0,0,50,66,68,,,,,,,,,,,,False,,,0,,,,,,0,50,,speed
P6573,John,Doe,2007-03-29,70,213,Unknown,medium,black,goatee,R,LF,,0,,,53,52,51,51,49,51,59,52,51,52,,,,,,,,,,,,75,66,61,71,49,0,0,52,69,80,,,,,,,,,,,,False,,,0,,,,,,0,50,,average
