player_id,first_name,last_name,birthdate,height,weight,ethnicity,skin_tone,hair_color,facial_hair,bats,primary_position,other_positions,is_pitcher,role,preferred_pitching_role,ch,ph,sp,eye,gf,pl,vl,sc,fa,arm,endurance,control,movement,hold_runner,fb,cu,cb,sl,si,scb,kn,pot_ch,pot_ph,pot_sp,pot_eye,pot_gf,pot_pl,pot_vl,pot_sc,pot_fa,pot_arm,pot_control,pot_movement,pot_endurance,pot_hold_runner,pot_fb,pot_cu,pot_cb,pot_sl,pot_si,pot_scb,pot_kn,injured,injury_description,return_date,ready,injury_list,injury_start_date,injury_minimum_days,injury_eligible_date,injury_rehab_assignment,injury_rehab_days,durability,pitcher_archetype,hitter_archetype
P9075,Miguel,Ramos,1994-09-15,76,180,Hispanic,medium,brown,goatee,L,P,,1,RP,CL,,,,,55,,,,49,53,48,50,54,53,52,61,60,67,0,0,0,,,,,0,,,,45,56,52,52,49,49,55,64,61,68,0,0,0,False,,,0,,,,,,0,50,closer,
P3596,Xavier,Wright,1997-01-27,68,214,African,dark,black,beard,S,P,,1,RP,RP,,,,,54,,,,50,52,53,53,53,49,54,0,62,0,60,0,0,,,,,0,,,,47,48,48,48,54,46,54,0,65,0,58,0,0,False,,,0,,,,,,0,50,groundball_rp,
P3450,Cedric,Carter,1993-04-15,74,211,African,dark,black,clean_shaven,L,P,,1,RP,LR,,,,,52,,,,49,51,52,51,52,48,51,59,62,66,0,0,0,,,,,0,,,,49,45,45,49,50,48,41,49,59,66,0,0,0,False,,,0,,,,,,0,50,long_relief,
P2019,Benjamin,Jeffris,2001-07-12,78,203,Anglo,medium,brown,clean_shaven,R,P,,1,RP,SP,,,,,51,,,,48,49,51,52,52,51,49,0,59,57,61,0,0,,,,,0,,,,59,61,66,66,61,63,54,0,74,68,71,0,0,False,,,0,,,,,,0,50,groundball_sp,
P9803,Cristopher,Kole,2003-02-18,73,195,Anglo,medium,black,beard,R,P,,1,RP,SP,,,,,50,,,,51,51,50,50,52,50,53,0,60,59,57,0,0,,,,,0,,,,66,63,63,58,57,61,66,0,71,74,65,0,0,False,,,0,,,,,,0,50,groundball_sp,
P5074,Sung,Choi,1992-07-30,76,232,Asian,medium,black,beard,R,P,,1,RP,SP,,,,,48,,,,48,53,53,52,52,49,51,62,61,60,0,55,0,,,,,0,,,,42,43,42,43,53,39,45,57,55,56,0,53,0,False,,,0,,,,,,0,50,workhorse_sp,
P9751,Alejandro,Diaz,1992-01-18,73,210,Hispanic,dark,brown,clean_shaven,R,P,,1,RP,SP,,,,,48,,,,50,51,50,50,52,50,51,61,63,62,0,0,0,,,,,0,,,,40,44,46,47,45,49,48,54,54,59,0,0,0,False,,,0,,,,,,0,50,power_sp,
P3920,Yong,Patel,1996-08-10,72,162,Asian,light,black,clean_shaven,R,P,,1,RP,RP,,,,,50,,,,49,53,53,50,52,52,55,0,61,0,0,0,0,,,,,0,,,,54,58,53,57,52,50,53,0,59,0,0,0,0,False,,,0,,,,,,0,50,power_rp,
P1533,Yong,Tran,1988-06-20,71,221,Asian,light,black,clean_shaven,R,P,1B,1,RP,SP,,,,,50,,,,51,51,54,50,52,50,50,57,62,0,59,0,0,,,,,0,,,,42,41,42,44,47,44,47,53,54,0,58,0,0,False,,,0,,,,,,0,50,groundball_sp,
P6568,Florentino,Labuff,1992-05-24,78,197,Anglo,medium,brown,clean_shaven,R,P,,1,RP,SP,,,,,52,,,,51,50,53,50,54,49,52,60,0,0,61,0,0,,,,,0,,,,46,47,50,47,48,40,43,55,0,0,51,0,0,False,,,0,,,,,,0,50,groundball_sp,
P9592,Rufus,Taylor,1994-03-11,77,234,African,dark,black,clean_shaven,R,P,,1,RP,SP,,,,,50,,,,49,49,53,51,52,49,51,63,60,0,57,0,0,,,,,0,,,,50,47,52,56,49,53,47,60,59,0,55,0,0,False,,,0,,,,,,0,50,finesse_sp,
P3700,Kristofer,Kinstle,1999-05-09,77,204,Anglo,medium,brown,beard,R,C,,0,,,52,52,50,50,49,53,55,48,51,52,,,,,,,,,,,,61,64,62,55,49,0,0,48,65,66,,,,,,,,,,,,False,,,0,,,,,,0,50,,balanced
P6772,Darnell,Gaines,1996-08-12,73,206,African,dark,black,clean_shaven,L,1B,,0,,,49,60,49,50,50,54,46,50,50,50,,,,,,,,,,,,46,56,47,53,50,0,0,50,55,52,,,,,,,,,,,,False,,,0,,,,,,0,50,,power
P5457,Miguel,Rodriguez,1990-06-04,74,239,Hispanic,medium,black,clean_shaven,R,2B,,0,,,58,52,52,54,49,48,59,50,50,48,,,,,,,,,,,,58,49,49,54,49,0,0,50,40,48,,,,,,,,,,,,False,,,0,,,,,,0,50,,gap
P5557,Pedro,Lopez,1991-07-16,71,204,Hispanic,light,brown,clean_shaven,S,3B,,0,,,66,61,51,52,50,49,52,49,50,49,,,,,,,,,,,,63,59,41,49,50,0,0,49,50,39,,,,,,,,,,,,False,,,0,,,,,,0,50,,gap
P1593,Yong,Chen,1991-06-09,77,199,Asian,medium,black,clean_shaven,R,SS,,0,,,52,51,52,50,49,47,57,53,49,52,,,,,,,,,,,,46,46,47,49,49,0,0,53,45,44,,,,,,,,,,,,False,,,0,,,,,,0,50,,average
P1493,Yong,Hassan,1997-03-31,73,247,Asian,light,black,clean_shaven,R,LF,,0,,,50,52,52,51,51,51,58,49,52,49,,,,,,,,,,,,50,52,55,49,51,0,0,49,57,52,,,,,,,,,,,,False,,,0,,,,,,0,50,,balanced
P3581,Hector,Hernandez,1990-04-21,68,179,Hispanic,medium,blonde,mustache,L,CF,LF,0,,,50,51,70,51,50,48,43,50,49,49,,,,,,,,,,,,46,42,60,51,50,0,0,50,43,46,,,,,,,,,,,,False,,,0,,,,,,0,50,,speed
P8781,Percy,Baker,1990-12-02,72,208,African,dark,black,goatee,L,RF,,0,,,53,50,52,52,52,49,44,53,50,52,,,,,,,,,,,,53,44,44,48,52,0,0,53,44,47,,,,,,,,,,,,False,,,0,,,,,,0,50,,average
P8289,Sung,Kim,1993-04-27,69,193,Asian,medium,black,beard,R,3B,,0,,,51,61,49,51,46,50,60,52,49,52,,,,,,,,,,,,51,52,49,49,46,0,0,52,47,46,,,,,,,,,,,,False,,,0,,,,,,0,50,,power
P9340,Sung,Yamamoto,1995-04-12,74,200,Asian,medium,black,clean_shaven,L,CF,,0,,,49,58,49,49,50,50,46,48,48,48,,,,,,,,,,,,48,60,45,54,50,0,0,48,53,49,,,,,,,,,,,,False,,,0,,,,,,0,50,,power
P7286,Jarod,Wedner,1988-05-17,77,166,Anglo,light,brown,mustache,R,2B,,0,,,69,49,49,58,53,50,55,51,51,52,,,,,,,,,,,,62,42,41,54,53,0,0,51,43,47,,,,,,,,,,,,False,,,0,,,,,,0,50,,spray
P1069,Darnell,White,1998-04-25,75,217,African,dark,black,clean_shaven,S,C,,0,,,53,53,48,53,50,53,56,51,53,52,,,,,,,,,,,,68,68,60,62,50,0,0,51,67,57,,,,,,,,,,,,False,,,0,,,,,,0,50,,balanced
P3845,Luis,Gomez,1994-07-22,73,174,Hispanic,light,black,clean_shaven,L,RF,,0,,,58,49,52,53,53,49,48,48,51,49,,,,,,,,,,,,61,51,51,48,53,0,0,48,52,51,,,,,,,,,,,,False,,,0,,,,,,0,50,,spray
P2777,Rufus,Young,2002-06-08,71,187,African,dark,brown,clean_shaven,R,1B,,0,,,51,60,48,50,49,54,52,49,51,48,,,,,,,,,,,,57,67,56,58,49,0,0,49,62,53,,,,,,,,,,,,False,,,0,,,,,,0,50,,power
P3424,Ricardo,Sanchez,1987-10-15,71,199,Hispanic,medium,black,goatee,S,P,,1,RP,CL,,,,,55,,,,52,50,51,50,52,49,54,0,0,66,0,0,0,,,,,0,,,,42,41,46,49,50,46,52,0,0,56,0,0,0,False,,,0,,,,,,0,50,closer,
P6995,Deshawn,Washington,1995-11-08,70,239,African,dark,brown,clean_shaven,R,P,,1,RP,SP,,,,,49,,,,49,52,54,50,54,49,51,58,60,60,59,0,0,,,,,0,,,,51,52,49,50,53,53,49,59,64,57,63,0,0,False,,,0,,,,,,0,50,power_sp,
P9890,Yong,Choi,2004-11-19,75,178,Asian,medium,black,clean_shaven,R,P,,1,RP,RP,,,,,55,,,,48,51,51,50,52,50,50,0,0,0,61,0,0,,,,,0,,,,64,81,65,82,79,76,77,0,0,0,76,0,0,False,,,0,,,,,,0,50,groundball_rp,
P7715,Rafael,Cruz,1997-12-16,78,224,Hispanic,light,black,clean_shaven,R,P,,1,RP,LR,,,,,50,,,,50,50,51,50,52,53,51,58,61,65,0,0,0,,,,,0,,,,51,53,52,52,56,51,52,61,64,62,0,0,0,False,,,0,,,,,,0,50,long_relief,
P3332,Rafael,Ortiz,1990-02-03,75,195,Hispanic,medium,brown,mustache,S,P,,1,RP,SP,,,,,50,,,,52,49,52,50,52,50,51,0,62,59,60,0,0,,,,,0,,,,48,40,46,52,44,50,49,0,52,56,56,0,0,False,,,0,,,,,,0,50,groundball_sp,
P5046,Carlos,Gomez,1991-01-23,68,216,Hispanic,medium,brown,clean_shaven,R,P,,1,RP,SP,,,,,52,,,,51,51,51,51,52,50,53,61,0,58,0,0,0,,,,,0,,,,51,45,46,50,43,47,52,56,0,58,0,0,0,False,,,0,,,,,,0,50,balanced_sp,
P5275,Jermaine,Baker,1997-06-10,74,165,African,dark,black,clean_shaven,S,P,,1,RP,SP,,,,,51,,,,49,49,51,51,53,49,52,59,62,61,55,0,0,,,,,0,,,,45,46,55,50,52,45,50,61,61,60,55,0,0,False,,,0,,,,,,0,50,balanced_sp,
P8322,Gail,Vickery,1999-08-14,75,169,Anglo,light,brown,clean_shaven,S,RF,,0,,,51,61,51,50,50,53,51,49,49,50,,,,,,,,,,,,56,67,57,62,50,0,0,49,60,57,,,,,,,,,,,,False,,,0,,,,,,0,50,,power
P1794,Garth,Dispirito,1995-12-03,73,169,Anglo,dark,brown,beard,R,3B,,0,,,50,54,50,51,50,51,57,51,51,52,,,,,,,,,,,,55,55,50,56,50,0,0,51,53,47,,,,,,,,,,,,False,,,0,,,,,,0,50,,gap
P3953,Sung,Liu,2004-01-10,74,186,Asian,dark,black,clean_shaven,R,3B,,0,,,50,56,51,50,49,49,55,52,48,52,,,,,,,,,,,,59,61,59,57,49,0,0,52,58,58,,,,,,,,,,,,False,,,0,,,,,,0,50,,power
P8093,Yong,Kim,1996-09-01,70,223,Asian,medium,black,clean_shaven,L,C,,0,,,53,51,50,52,53,49,49,49,52,52,,,,,,,,,,,,56,55,52,54,53,0,0,49,54,56,,,,,,,,,,,,False,,,0,,,,,,0,50,,balanced
P7167,Sung,Nguyen,1998-04-26,77,165,Asian,light,black,beard,R,C,,0,,,54,50,51,53,48,51,56,52,52,50,,,,,,,,,,,,65,64,63,60,48,0,0,52,66,64,,,,,,,,,,,,False,,,0,,,,,,0,50,,balanced
P5368,Sung,Khan,1998-08-16,75,242,Asian,light,brown,clean_shaven,R,LF,,0,,,51,56,51,50,51,52,58,52,50,49,,,,,,,,,,,,57,67,57,58,51,0,0,52,64,56,,,,,,,,,,,,False,,,0,,,,,,0,50,,balanced
P9636,Kraig,Jabiro,1991-01-17,78,237,Anglo,medium,brown,clean_shaven,L,CF,,0,,,57,47,52,53,54,50,46,48,50,49,,,,,,,,,,,,56,41,44,52,54,0,0,48,42,48,,,,,,,,,,,,False,,,0,,,,,,0,50,,spray
P3879,Sung,Wang,2000-12-27,77,204,Asian,medium,black,clean_shaven,L,1B,,0,,,62,68,52,52,49,49,50,50,50,50,,,,,,,,,,,,68,83,64,59,49,0,0,50,60,56,,,,,,,,,,,,False,,,0,,,,,,0,50,,gap
P9864,Jose,Hernandez,2004-10-31,74,201,Hispanic,medium,brown,clean_shaven,L,P,,1,RP,CL,,,,,55,,,,50,52,50,52,52,49,54,0,0,67,0,0,0,,,,,0,,,,63,67,80,67,73,72,70,0,0,85,0,0,0,False,,,0,,,,,,0,50,closer,
P3290,Luis,Garcia,2007-07-04,72,217,Hispanic,medium,brown,clean_shaven,L,P,,1,RP,SP,,,,,47,,,,49,53,53,50,52,51,55,60,64,58,0,57,0,,,,,0,,,,62,70,67,73,73,65,67,82,75,68,0,70,0,False,,,0,,,,,,0,50,power_sp,
P3658,Sung,Le,2006-11-28,70,193,Asian,medium,black,clean_shaven,L,P,,1,RP,RP,,,,,51,,,,49,52,50,50,52,48,53,0,60,67,0,0,0,,,,,0,,,,61,73,66,68,69,59,73,0,77,94,0,0,0,False,,,0,,,,,,0,50,power_rp,
P7471,Gerald,Eugley,2006-07-07,68,199,Anglo,dark,brown,clean_shaven,L,P,,1,RP,SP,,,,,50,,,,51,51,54,51,52,52,54,0,64,62,0,0,0,,,,,0,,,,77,66,74,69,65,63,69,0,86,84,0,0,0,False,,,0,,,,,,0,50,power_sp,
P2984,Donny,Cassity,2004-12-07,72,195,Anglo,medium,brown,clean_shaven,S,P,,1,RP,SP,,,,,49,,,,50,49,51,51,52,51,53,59,63,0,58,54,0,,,,,0,,,,68,77,76,76,75,69,72,85,78,0,79,68,0,False,,,0,,,,,,0,50,finesse_sp,
P1707,Percy,Washington,2005-04-18,76,200,African,dark,black,clean_shaven,R,LF,,0,,,65,53,49,54,52,50,58,53,52,51,,,,,,,,,,,,82,68,69,69,52,0,0,53,74,80,,,,,,,,,,,,False,,,0,,,,,,0,50,,spray
P2065,Yong,Li,2004-08-04,71,205,Asian,medium,black,clean_shaven,L,1B,,0,,,49,61,52,51,51,50,47,51,51,49,,,,,,,,,,,,75,91,69,61,51,0,0,51,72,68,,,,,,,,,,,,False,,,0,,,,,,0,50,,power
P3701,Antonio,Rivera,2006-12-12,75,237,Hispanic,dark,brown,clean_shaven,R,1B,,0,,,54,52,70,53,51,52,58,50,51,50,,,,,,,,,,,,78,64,99,74,51,0,0,50,78,71,,,,,,,,,,,,False,,,0,,,,,,0,50,,speed
P7910,Hector,Flores,2004-03-22,75,240,Hispanic,medium,black,goatee,R,2B,SS,0,,,64,65,50,52,48,50,58,49,48,52,,,,,,,,,,,,82,82,64,72,48,0,0,49,67,82,,,,,,,,,,,,False,,,0,,,,,,0,50,,gap
P3190,Numbers,Charest,2005-04-01,74,190,Anglo,medium,brown,clean_shaven,R,C,,0,,,52,51,50,51,52,52,58,51,49,49,,,,,,,,,,,,69,64,65,68,52,0,0,51,73,59,,,,,,,,,,,,False,,,0,,,,,,0,50,,average
P1083,Ricky,Barbarin,2001-12-23,75,214,Anglo,light,red,clean_shaven,R,P,,1,RP,CL,,,,,55,,,,52,52,50,50,52,50,51,59,0,65,0,0,0,,,,,0,,,,64,64,58,58,60,60,60,71,0,73,0,0,0,False,,,0,,,,,,0,50,closer,
P2308,Ricardo,Vasquez,2003-05-25,76,186,Hispanic,light,black,clean_shaven,R,P,,1,RP,SP,,,,,48,,,,49,52,53,53,52,53,53,60,61,0,0,0,0,,,,,0,,,,55,62,60,61,63,67,62,69,67,0,0,0,0,False,,,0,,,,,,0,50,finesse_sp,
P5720,Sung,Park,2003-11-29,73,189,Asian,light,black,clean_shaven,L,P,,1,RP,SP,,,,,49,,,,50,54,50,50,54,50,53,62,63,62,0,0,0,,,,,0,,,,61,66,56,67,56,62,62,69,73,76,0,0,0,False,,,0,,,,,,0,50,power_sp,
P9590,Jermaine,Mitchell,1987-06-23,73,174,African,dark,black,clean_shaven,L,P,,1,RP,SP,,,,,48,,,,50,50,51,51,54,49,51,61,62,0,0,0,0,,,,,0,,,,42,50,48,49,47,47,44,51,58,0,0,0,0,False,,,0,,,,,,0,50,finesse_sp,
P6974,Yong,Nguyen,1992-08-13,77,239,Asian,medium,black,clean_shaven,R,P,,1,RP,SP,,,,,52,,,,48,54,50,52,53,52,54,62,61,61,0,55,0,,,,,0,,,,48,44,50,47,42,51,52,54,52,51,0,51,0,False,,,0,,,,,,0,50,power_sp,
P1907,Tyrone,White,2001-03-21,71,174,African,dark,brown,clean_shaven,R,P,,1,RP,RP,,,,,52,,,,50,54,51,52,54,50,50,0,61,0,0,0,0,,,,,0,,,,63,62,64,66,62,59,61,0,70,0,0,0,0,False,,,0,,,,,,0,50,power_rp,
P8372,Zachery,Greet,2003-06-03,72,176,Anglo,light,brown,clean_shaven,L,P,,1,RP,SP,,,,,49,,,,50,50,51,50,52,49,50,61,58,60,61,0,0,,,,,0,,,,55,60,62,58,61,63,64,72,64,65,75,0,0,False,,,0,,,,,,0,50,groundball_sp,
P4955,Sung,Chen,1999-10-05,71,197,Asian,medium,black,mustache,L,P,,1,RP,CL,,,,,53,,,,52,51,47,50,52,52,54,59,0,66,0,0,0,,,,,0,,,,65,57,58,64,55,67,67,65,0,73,0,0,0,False,,,0,,,,,,0,50,closer,
P6882,Alejandro,Guerrero,1994-04-18,69,249,Hispanic,medium,black,beard,R,P,,1,RP,SP,,,,,48,,,,49,48,54,54,52,49,51,61,63,0,0,0,0,,,,,0,,,,46,43,53,53,51,54,56,63,64,0,0,0,0,False,,,0,,,,,,0,50,finesse_sp,
P7120,John,Shatswell,1987-08-06,73,234,Anglo,light,black,mustache,R,P,,1,RP,SP,,,,,50,,,,49,52,52,53,53,48,51,62,60,59,59,0,0,,,,,0,,,,44,47,53,44,49,39,46,54,57,56,56,0,0,False,,,0,,,,,,0,50,power_sp,
P4303,Yong,Huang,1995-11-26,73,221,Asian,light,black,goatee,R,P,,1,RP,RP,,,,,56,,,,51,49,49,50,54,51,53,0,0,0,60,0,0,,,,,0,,,,50,47,47,58,49,46,49,0,0,0,55,0,0,False,,,0,,,,,,0,50,groundball_rp,
P8663,Tim,Wannamaker,1990-09-07,69,167,Anglo,dark,brown,clean_shaven,R,C,,0,,,50,53,50,49,49,52,60,53,49,50,,,,,,,,,,,,48,47,45,41,49,0,0,53,48,46,,,,,,,,,,,,False,,,0,,,,,,0,50,,balanced
P2260,Fernando,Gomez,1990-07-22,68,233,Hispanic,medium,red,goatee,R,1B,,0,,,53,57,50,51,51,53,55,50,49,49,,,,,,,,,,,,43,52,47,44,51,0,0,50,44,39,,,,,,,,,,,,False,,,0,,,,,,0,50,,balanced
P1913,Sung,Hassan,2002-12-13,75,170,Asian,light,black,clean_shaven,R,2B,,0,,,50,61,49,52,51,50,54,50,50,52,,,,,,,,,,,,57,72,63,63,51,0,0,50,65,67,,,,,,,,,,,,False,,,0,,,,,,0,50,,power
P9164,Jamal,Jefferson,1998-03-09,74,211,African,dark,black,clean_shaven,R,3B,,0,,,61,51,53,55,49,48,55,49,51,48,,,,,,,,,,,,66,56,66,65,49,0,0,49,66,59,,,,,,,,,,,,False,,,0,,,,,,0,50,,spray
P4417,Cornell,Hubbell,1998-07-06,74,221,Anglo,medium,black,clean_shaven,R,SS,,0,,,49,51,50,51,52,51,57,52,48,51,,,,,,,,,,,,60,57,56,56,52,0,0,52,54,56,,,,,,,,,,,,False,,,0,,,,,,0,50,,average
P6067,Val,Coffie,1993-12-21,73,189,Anglo,medium,brown,mustache,S,LF,,0,,,50,60,49,50,51,51,50,51,50,50,,,,,,,,,,,,43,57,47,45,51,0,0,51,50,44,,,,,,,,,,,,False,,,0,,,,,,0,50,,power
P1157,Erwin,Pry,1990-03-28,72,225,Anglo,light,brown,clean_shaven,S,CF,,0,,,50,50,52,49,48,52,48,51,48,48,,,,,,,,,,,,45,50,51,44,48,0,0,51,38,43,,,,,,,,,,,,False,,,0,,,,,,0,50,,gap
P7690,Deshawn,King,1990-03-29,73,198,African,dark,black,beard,L,RF,,0,,,49,61,47,48,48,52,51,53,49,52,,,,,,,,,,,,49,57,44,40,48,0,0,53,40,44,,,,,,,,,,,,False,,,0,,,,,,0,50,,power
P9314,Yong,Yamamoto,1997-09-27,72,195,Asian,light,black,clean_shaven,L,1B,,0,,,67,55,50,52,50,49,44,52,53,52,,,,,,,,,,,,65,54,54,53,50,0,0,52,57,50,,,,,,,,,,,,False,,,0,,,,,,0,50,,spray
P1359,Otto,Parlor,2002-04-12,68,219,Anglo,light,brown,mustache,L,RF,,0,,,51,48,49,52,49,50,47,48,48,50,,,,,,,,,,,,59,55,64,58,49,0,0,48,55,65,,,,,,,,,,,,False,,,0,,,,,,0,50,,average
P4184,Tommy,Hanlon,1996-03-16,77,187,Anglo,light,brown,clean_shaven,S,2B,,0,,,53,51,48,52,49,49,52,52,49,49,,,,,,,,,,,,50,50,49,49,49,0,0,52,51,54,,,,,,,,,,,,False,,,0,,,,,,0,50,,average
P3074,Dwain,Zoldesy,1989-08-08,78,190,Anglo,medium,brown,beard,L,CF,,0,,,59,48,52,51,51,50,47,51,52,52,,,,,,,,,,,,54,48,42,45,51,0,0,51,45,44,,,,,,,,,,,,False,,,0,,,,,,0,50,,spray
P6078,Bruno,Stimage,1999-05-19,78,161,Anglo,medium,brown,clean_shaven,R,1B,,0,,,52,59,53,50,52,51,55,50,49,53,,,,,,,,,,,,59,64,65,55,52,0,0,50,62,65,,,,,,,,,,,,False,,,0,,,,,,0,50,,balanced
P8882,Alejandro,Ortiz,1988-01-10,69,179,Hispanic,dark,black,beard,R,2B,,0,,,57,50,49,54,49,51,56,50,52,52,,,,,,,,,,,,53,48,43,46,49,0,0,50,52,45,,,,,,,,,,,,False,,,0,,,,,,0,50,,spray
P8606,Jamal,Mitchell,1991-01-19,70,169,African,dark,black,goatee,L,P,,1,RP,CL,,,,,55,,,,47,50,50,53,54,53,52,0,57,67,0,0,0,,,,,0,,,,44,43,48,53,46,50,52,0,54,67,0,0,0,False,,,0,,,,,,0,50,closer,
P1505,Jermaine,Washington,1993-08-31,75,186,African,light,black,goatee,L,P,,1,RP,CL,,,,,51,,,,50,50,51,52,54,51,56,0,0,67,0,0,0,,,,,0,,,,49,48,48,51,46,45,52,0,0,60,0,0,0,False,,,0,,,,,,0,50,closer,
P4331,Xavier,Jackson,1996-05-26,71,215,African,dark,black,goatee,S,P,,1,RP,SP,,,,,50,,,,49,53,53,53,52,49,52,63,59,62,0,58,0,,,,,0,,,,45,56,53,52,55,51,47,68,58,66,0,54,0,False,,,0,,,,,,0,50,balanced_sp,
P7441,Fernando,Vasquez,1989-03-10,75,218,Hispanic,light,brown,beard,L,P,,1,RP,SP,,,,,50,,,,51,53,52,50,52,53,53,0,61,64,57,0,0,,,,,0,,,,51,51,45,51,44,52,53,0,51,62,55,0,0,False,,,0,,,,,,0,50,power_sp,
P5350,Alejandro,Rivera,1991-05-18,71,227,Hispanic,medium,blonde,goatee,L,P,,1,RP,CL,,,,,53,,,,51,53,50,52,52,50,52,0,0,65,0,0,0,,,,,0,,,,44,52,48,42,43,43,47,0,0,64,0,0,0,False,,,0,,,,,,0,50,closer,
P6267,Manuel,Torres,2004-08-19,74,198,Hispanic,medium,black,mustache,L,P,,1,RP,SP,,,,,50,,,,48,50,53,50,52,49,53,0,61,63,0,0,0,,,,,0,,,,78,69,79,71,83,79,75,0,80,81,0,0,0,False,,,0,,,,,,0,50,power_sp,
P6404,Cedric,Jackson,1992-07-27,74,234,African,medium,black,clean_shaven,R,P,,1,RP,LR,,,,,50,,,,50,53,53,53,54,50,50,59,62,66,0,0,0,,,,,0,,,,47,52,46,54,45,50,42,54,58,66,0,0,0,False,,,0,,,,,,0,50,long_relief,
P7706,Abdul,Koepf,1991-10-03,69,186,Anglo,light,brown,beard,R,SS,,0,,,49,61,51,48,49,51,58,53,51,53,,,,,,,,,,,,46,51,44,43,49,0,0,53,45,46,,,,,,,,,,,,False,,,0,,,,,,0,50,,power
P4960,Carlos,Hernandez,1996-09-22,69,176,Hispanic,medium,brown,clean_shaven,S,CF,,0,,,61,50,53,53,52,50,51,49,49,48,,,,,,,,,,,,59,52,49,58,52,0,0,49,48,44,,,,,,,,,,,,False,,,0,,,,,,0,50,,spray
P9303,Olen,Spirer,1990-05-15,74,160,Anglo,medium,blonde,mustache,R,C,,0,,,60,49,53,50,51,46,58,49,48,49,,,,,,,,,,,,56,43,44,48,51,0,0,49,41,45,,,,,,,,,,,,False,,,0,,,,,,0,50,,spray
P7188,Tyrone,Taylor,2002-09-20,69,175,African,dark,black,clean_shaven,L,CF,,0,,,52,47,70,51,49,47,45,51,50,51,,,,,,,,,,,,59,59,83,66,49,0,0,51,59,64,,,,,,,,,,,,False,,,0,,,,,,0,50,,speed
P1189,Dewayne,Kuhr,1987-11-29,74,224,Anglo,light,brown,clean_shaven,L,1B,,0,,,63,71,53,51,52,49,44,51,51,50,,,,,,,,,,,,57,62,44,51,52,0,0,51,41,41,,,,,,,,,,,,False,,,0,,,,,,0,50,,gap
P9447,Francisco,Rodriguez,2002-03-05,72,199,Hispanic,medium,brown,clean_shaven,R,2B,,0,,,52,49,48,50,53,50,56,49,52,52,,,,,,,,,,,,65,60,55,57,53,0,0,49,60,66,,,,,,,,,,,,False,,,0,,,,,,0,50,,balanced
P8721,James,Curro,1988-02-28,71,162,Anglo,light,blonde,mustache,R,RF,LF,0,,,56,48,49,52,53,49,54,48,52,52,,,,,,,,,,,,49,41,41,43,53,0,0,48,49,48,,,,,,,,,,,,False,,,0,,,,,,0,50,,spray
P4136,Sung,Huang,1991-11-29,78,180,Asian,medium,black,clean_shaven,R,SS,,0,,,50,51,86,52,53,49,60,48,51,52,,,,,,,,,,,,42,50,85,46,53,0,0,48,44,48,,,,,,,,,,,,False,,,0,,,,,,0,50,,speed
P4656,Malik,Taylor,2006-04-23,74,165,African,dark,black,clean_shaven,R,P,,1,RP,CL,,,,,55,,,,49,51,49,51,52,53,55,60,0,65,0,0,0,,,,,0,,,,77,81,78,71,61,83,72,87,0,80,0,0,0,False,,,0,,,,,,0,50,closer,
P4451,Jarrett,Faulkner,2007-06-04,74,160,Anglo,dark,blonde,clean_shaven,R,P,,1,RP,RP,,,,,52,,,,50,49,47,52,52,51,54,62,0,0,0,0,0,,,,,0,,,,74,63,78,73,72,78,66,88,0,0,0,0,0,False,,,0,,,,,,0,50,finesse_rp,
P4159,Kurt,Vangompel,2006-01-31,73,180,Anglo,light,black,clean_shaven,R,P,,1,RP,RP,,,,,48,,,,48,51,49,51,54,53,54,0,0,66,0,0,0,,,,,0,,,,59,80,77,73,60,69,83,0,0,81,0,0,0,False,,,0,,,,,,0,50,power_rp,
P6004,Francisco,Flores,2007-05-09,73,215,Hispanic,light,brown,clean_shaven,L,P,,1,RP,RP,,,,,49,,,,51,48,53,50,52,50,48,57,59,0,0,0,0,,,,,0,,,,71,63,60,66,66,67,76,74,88,0,0,0,0,False,,,0,,,,,,0,50,finesse_rp,
P3639,Russell,Read,2004-12-29,73,179,Anglo,medium,red,clean_shaven,R,P,,1,RP,SP,,,,,49,,,,49,48,50,51,52,49,52,61,61,0,57,57,0,,,,,0,,,,78,64,67,71,70,60,66,84,83,0,81,78,0,False,,,0,,,,,,0,50,finesse_sp,
P3687,Deshawn,Baker,2006-01-08,68,212,African,medium,black,clean_shaven,R,RF,,0,,,49,53,49,51,51,51,52,50,47,52,,,,,,,,,,,,62,63,61,64,51,0,0,50,73,72,,,,,,,,,,,,False,,,0,,,,,,0,50,,average
P2748,Yong,Liu,2005-03-20,76,210,Asian,medium,black,goatee,R,SS,,0,,,50,51,86,50,52,51,58,49,52,49,,,,,,,,,,,,72,73,99,63,52,0,0,49,74,68,,,,,,,,,,,,False,,,0,,,,,,0,50,,speed
P9676,Cedric,White,2007-11-28,75,226,African,medium,black,beard,L,LF,,0,,,49,53,53,50,51,50,47,52,48,50,,,,,,,,,,,,77,65,66,68,51,0,0,52,78,80,,,,,,,,,,,,False,,,0,,,,,,0,50,,balanced
P6514,Yong,Le,2004-07-10,76,250,Asian,light,black,clean_shaven,R,LF,RF,0,,,51,58,48,50,49,52,60,52,50,53,,,,,,,,,,,,64,84,71,76,49,0,0,52,70,71,,,,,,,,,,,,False,,,0,,,,,,0,50,,power
P1279,Mikel,Bogaert,2004-09-25,72,202,Anglo,light,black,clean_shaven,R,2B,,0,,,50,61,52,50,49,51,58,52,50,49,,,,,,,,,,,,71,91,81,74,49,0,0,52,78,73,,,,,,,,,,,,False,,,0,,,,,,0,50,,power
P8500,Jamal,Gaines,2000-12-14,73,222,African,dark,black,goatee,R,P,,1,RP,CL,,,,,55,,,,53,51,52,50,53,50,51,56,62,65,0,0,0,,,,,0,,,,60,63,62,59,66,62,56,62,74,74,0,0,0,False,,,0,,,,,,0,50,closer,
P2789,Pedro,Morales,1989-02-04,70,177,Hispanic,dark,black,clean_shaven,R,P,,1,RP,SP,,,,,49,,,,49,51,49,50,52,52,53,60,63,60,56,0,0,,,,,0,,,,48,45,41,52,48,52,50,56,61,54,50,0,0,False,,,0,,,,,,0,50,balanced_sp,
P7428,Ulysses,Wassell,1996-04-08,78,221,Anglo,medium,blonde,clean_shaven,L,P,,1,RP,RP,,,,,51,,,,52,53,48,50,54,51,52,60,0,0,0,0,0,,,,,0,,,,48,54,55,54,51,50,55,58,0,0,0,0,0,False,,,0,,,,,,0,50,finesse_rp,
P6511,Tyrone,Jackson,2003-09-30,76,191,African,dark,black,clean_shaven,R,P,,1,RP,RP,,,,,51,,,,52,51,50,50,54,52,55,0,62,66,0,0,0,,,,,0,,,,62,64,58,67,59,58,61,0,68,77,0,0,0,False,,,0,,,,,,0,50,power_rp,
P2225,Raul,Rivera,2003-05-14,75,184,Hispanic,dark,brown,beard,R,P,,1,RP,SP,,,,,52,,,,50,50,51,52,54,50,49,60,61,58,0,55,0,,,,,0,,,,58,57,57,65,61,59,61,74,75,70,0,62,0,False,,,0,,,,,,0,50,workhorse_sp,
P5144,Sung,Pham,1992-07-19,68,163,Asian,medium,black,clean_shaven,L,P,,1,RP,RP,,,,,50,,,,49,54,51,50,52,51,54,0,63,0,0,0,0,,,,,0,,,,43,48,42,47,47,50,45,0,56,0,0,0,0,False,,,0,,,,,,0,50,power_rp,
P3885,Malik,White,1997-09-09,71,241,African,dark,brown,beard,S,P,1B,1,RP,RP,,,,,53,,,,48,52,50,51,54,51,52,57,0,0,59,0,0,,,,,0,,,,49,51,46,53,52,51,55,55,0,0,64,0,0,False,,,0,,,,,,0,50,groundball_rp,
P4115,Sung,Singh,2004-10-22,68,190,Asian,medium,black,clean_shaven,R,P,,1,RP,SP,,,,,50,,,,48,50,51,50,52,52,52,0,59,61,57,54,0,,,,,0,,,,76,63,74,78,70,75,71,0,84,79,70,72,0,False,,,0,,,,,,0,50,power_sp,
P5642,Malik,Baker,1997-09-10,69,200,African,dark,brown,clean_shaven,L,P,,1,RP,SP,,,,,50,,,,50,50,54,50,53,48,55,61,60,58,58,0,0,,,,,0,,,,55,55,53,53,50,50,51,61,61,60,54,0,0,False,,,0,,,,,,0,50,power_sp,
P5494,Leroy,Jefferson,2003-07-26,75,178,African,dark,black,goatee,R,P,,1,RP,SP,,,,,53,,,,48,52,54,50,52,49,51,0,59,0,58,0,0,,,,,0,,,,55,61,55,66,63,57,60,0,67,0,66,0,0,False,,,0,,,,,,0,50,groundball_sp,
P7308,Leroy,Scott,1991-03-17,71,226,African,dark,black,goatee,R,P,,1,RP,SP,,,,,52,,,,52,49,51,52,54,53,52,0,60,0,59,0,0,,,,,0,,,,47,39,44,47,51,45,50,0,52,0,50,0,0,False,,,0,,,,,,0,50,groundball_sp,
P2046,Gayle,Lieb,1998-09-26,70,171,Anglo,light,black,clean_shaven,R,C,,0,,,53,53,51,49,52,50,56,52,50,49,,,,,,,,,,,,64,62,63,57,52,0,0,52,63,60,,,,,,,,,,,,False,,,0,,,,,,0,50,,balanced
P4930,Tyrone,Walker,2001-10-31,78,184,African,dark,black,mustache,L,1B,,0,,,53,61,50,52,51,50,46,52,49,51,,,,,,,,,,,,58,75,56,60,51,0,0,52,64,65,,,,,,,,,,,,False,,,0,,,,,,0,50,,power
P5772,Percy,Allen,1992-02-09,76,160,African,dark,black,clean_shaven,S,2B,SS,0,,,54,62,51,50,50,52,51,50,52,52,,,,,,,,,,,,47,52,46,42,50,0,0,50,48,50,,,,,,,,,,,,False,,,0,,,,,,0,50,,power
P5941,Carlos,Ramos,1996-03-15,74,230,Hispanic,dark,brown,clean_shaven,R,3B,,0,,,53,61,51,49,50,49,56,50,50,50,,,,,,,,,,,,49,62,47,49,50,0,0,50,49,45,,,,,,,,,,,,False,,,0,,,,,,0,50,,power
P3537,Sung,Tanaka,2001-08-02,71,167,Asian,light,black,clean_shaven,R,SS,,0,,,51,50,77,52,50,48,57,50,47,51,,,,,,,,,,,,62,61,87,63,50,0,0,50,57,64,,,,,,,,,,,,False,,,0,,,,,,0,50,,speed
P5731,Sung,Zhang,1987-12-18,70,196,Asian,light,black,beard,L,LF,,0,,,54,48,52,53,54,50,52,52,52,53,,,,,,,,,,,,46,43,46,47,54,0,0,52,45,52,,,,,,,,,,,,False,,,0,,,,,,0,50,,spray
P8124,Delbert,Wilner,1989-03-22,69,190,Anglo,dark,blonde,beard,L,CF,,0,,,50,48,50,51,51,52,47,47,51,51,,,,,,,,,,,,47,48,50,46,51,0,0,47,45,44,,,,,,,,,,,,False,,,0,,,,,,0,50,,balanced
P4909,Neal,Vollman,1991-12-30,72,165,Anglo,dark,blonde,clean_shaven,L,RF,,0,,,48,57,49,49,48,51,48,50,50,49,,,,,,,,,,,,44,52,49,46,48,0,0,50,48,44,,,,,,,,,,,,False,,,0,,,,,,0,50,,power
P7758,Dwain,Heape,2003-03-11,68,231,Anglo,medium,blonde,mustache,L,LF,RF,0,,,50,51,70,51,50,52,47,51,49,51,,,,,,,,,,,,62,58,83,64,50,0,0,51,57,64,,,,,,,,,,,,False,,,0,,,,,,0,50,,speed
P5460,Yong,Wang,2002-05-31,70,203,Asian,medium,black,goatee,L,1B,,0,,,53,57,50,50,51,51,44,50,50,50,,,,,,,,,,,,62,71,61,56,51,0,0,50,62,58,,,,,,,,,,,,False,,,0,,,,,,0,50,,gap
P1086,Francisco,Lopez,2001-10-18,76,207,Hispanic,medium,black,clean_shaven,L,1B,,0,,,50,61,49,51,49,50,47,52,49,51,,,,,,,,,,,,58,69,60,60,49,0,0,52,60,64,,,,,,,,,,,,False,,,0,,,,,,0,50,,power
P8546,Clifton,Ussery,1987-07-03,75,206,Anglo,dark,black,mustache,R,SS,,0,,,52,51,51,49,52,50,59,50,50,52,,,,,,,,,,,,47,44,42,40,52,0,0,50,50,45,,,,,,,,,,,,False,,,0,,,,,,0,50,,average
P7879,Kevin,Saxena,2003-03-27,68,231,Anglo,medium,black,clean_shaven,R,LF,,0,,,52,50,48,52,49,49,56,50,51,50,,,,,,,,,,,,57,57,55,57,49,0,0,50,57,56,,,,,,,,,,,,False,,,0,,,,,,0,50,,average
P9996,Reed,Hohiudden,2001-04-04,68,231,Anglo,medium,black,clean_shaven,R,3B,,0,,,52,60,47,50,50,54,59,50,48,50,,,,,,,,,,,,62,66,60,59,50,0,0,50,57,63,,,,,,,,,,,,False,,,0,,,,,,0,50,,power
P9731,Pedro,Reyes,1993-08-18,72,220,Hispanic,medium,brown,beard,R,P,,1,RP,CL,,,,,55,,,,49,54,50,50,52,52,54,57,0,65,0,0,0,,,,,0,,,,46,51,48,46,46,49,53,47,0,61,0,0,0,False,,,0,,,,,,0,50,closer,
P2243,Ricardo,Martinez,1999-09-14,73,214,Hispanic,medium,black,clean_shaven,L,P,,1,RP,SP,,,,,51,,,,52,51,52,53,52,52,50,61,62,61,0,0,0,,,,,0,,,,60,64,67,67,57,65,59,74,70,76,0,0,0,False,,,0,,,,,,0,50,power_sp,
P4243,Roberto,Vargas,1993-11-10,75,213,Hispanic,light,black,mustache,R,P,,1,RP,SP,,,,,51,,,,48,54,52,50,52,52,51,0,59,59,59,0,0,,,,,0,,,,47,44,41,51,47,51,50,0,57,56,59,0,0,False,,,0,,,,,,0,50,power_sp,
P6325,Jamal,Green,2002-02-12,76,192,African,dark,black,goatee,L,P,,1,RP,SP,,,,,30,,,,48,51,52,52,54,51,53,0,0,61,58,0,0,,,,,40,,,,54,57,61,63,61,65,62,0,0,73,73,0,0,False,,,0,,,,,,0,50,groundball_sp,
P3521,Leroy,White,2000-01-16,71,222,African,medium,black,clean_shaven,R,P,,1,RP,RP,,,,,51,,,,51,51,50,50,54,52,52,0,60,64,0,0,0,,,,,0,,,,57,56,55,65,56,62,65,0,73,79,0,0,0,False,,,0,,,,,,0,50,power_rp,
P5423,Juan,Castillo,2002-12-11,72,176,Hispanic,medium,black,mustache,L,P,,1,RP,SP,,,,,53,,,,48,49,52,50,52,49,52,58,0,61,60,0,0,,,,,0,,,,62,64,65,59,58,58,67,66,0,67,72,0,0,False,,,0,,,,,,0,50,groundball_sp,
P6986,Cedric,Taylor,2003-10-23,77,185,African,dark,black,goatee,R,P,,1,RP,SP,,,,,52,,,,50,53,52,53,53,51,50,0,62,0,59,0,0,,,,,0,,,,60,65,62,62,62,62,64,0,67,0,66,0,0,False,,,0,,,,,,0,50,groundball_sp,
P8430,Kendrick,Denogean,2003-01-21,75,232,Anglo,light,black,goatee,R,RF,,0,,,49,53,51,50,48,51,56,48,47,49,,,,,,,,,,,,54,66,63,65,48,0,0,48,53,55,,,,,,,,,,,,False,,,0,,,,,,0,50,,average
P6351,Micah,Reichmann,2002-09-28,69,242,Anglo,light,brown,clean_shaven,R,C,,0,,,54,52,50,52,51,52,57,48,51,51,,,,,,,,,,,,61,59,60,64,51,0,0,48,64,63,,,,,,,,,,,,False,,,0,,,,,,0,50,,balanced
P9162,Margarito,Gouras,1997-09-16,76,202,Anglo,medium,red,mustache,R,LF,,0,,,52,53,52,52,49,48,57,53,50,52,,,,,,,,,,,,56,50,52,48,49,0,0,53,46,48,,,,,,,,,,,,False,,,0,,,,,,0,50,,average
P1004,German,Vence,1997-09-21,70,205,Anglo,medium,brown,clean_shaven,S,C,,0,,,49,54,52,51,52,49,54,51,50,51,,,,,,,,,,,,54,53,53,47,52,0,0,51,51,55,,,,,,,,,,,,False,,,0,,,,,,0,50,,balanced
P9357,Sung,Li,1997-04-07,76,183,Asian,medium,black,clean_shaven,R,3B,,0,,,52,60,49,51,47,53,60,52,52,51,,,,,,,,,,,,56,59,52,49,47,0,0,52,54,47,,,,,,,,,,,,False,,,0,,,,,,0,50,,power
P5011,Van,Servedio,1996-03-28,74,188,Anglo,medium,black,goatee,R,LF,,0,,,50,53,50,49,47,50,59,49,50,51,,,,,,,,,,,,49,55,45,49,47,0,0,49,45,49,,,,,,,,,,,,False,,,0,,,,,,0,50,,balanced
P9207,Rodger,Net,1996-05-12,74,215,Anglo,light,brown,beard,R,LF,,0,,,53,55,48,50,52,49,57,53,50,53,,,,,,,,,,,,57,51,45,52,52,0,0,53,52,58,,,,,,,,,,,,False,,,0,,,,,,0,50,,balanced
P8443,Yong,Pham,2003-01-15,68,168,Asian,medium,black,clean_shaven,L,1B,,0,,,53,54,52,51,52,50,47,50,51,49,,,,,,,,,,,,63,65,62,66,52,0,0,50,59,59,,,,,,,,,,,,False,,,0,,,,,,0,50,,balanced
P6710,Sung,Lin,2005-08-08,76,203,Asian,medium,black,clean_shaven,R,P,,1,RP,CL,,,,,55,,,,48,52,52,50,52,52,56,0,58,66,0,0,0,,,,,0,,,,76,73,61,63,82,63,81,0,83,78,0,0,0,False,,,0,,,,,,0,50,closer,
P7549,Rufus,King,2007-09-17,68,184,African,dark,brown,beard,R,P,,1,RP,RP,,,,,49,,,,53,50,50,50,52,49,55,0,59,63,0,0,0,,,,,0,,,,78,79,60,78,79,64,73,0,84,86,0,0,0,False,,,0,,,,,,0,50,power_rp,
P2537,Darnell,Baker,2006-08-03,70,188,African,dark,brown,clean_shaven,L,P,,1,RP,CL,,,,,53,,,,49,50,48,50,54,51,54,0,0,65,0,0,0,,,,,0,,,,75,72,75,84,66,80,74,0,0,92,0,0,0,False,,,0,,,,,,0,50,closer,
P5526,Antonio,Castillo,2006-03-21,74,166,Hispanic,medium,black,clean_shaven,R,P,,1,RP,SP,,,,,49,,,,51,49,54,50,52,52,49,61,63,59,0,0,0,,,,,0,,,,78,75,72,69,84,70,67,82,74,86,0,0,0,False,,,0,,,,,,0,50,balanced_sp,
P1618,Glenn,Klaja,2004-03-06,73,189,Anglo,dark,brown,clean_shaven,S,P,,1,RP,SP,,,,,50,,,,49,52,51,50,52,50,52,59,64,0,59,0,0,,,,,0,,,,75,64,80,75,65,76,67,69,89,0,69,0,0,False,,,0,,,,,,0,50,finesse_sp,
P5787,Rosario,Denyes,2004-08-01,72,185,Anglo,light,brown,goatee,R,SS,,0,,,57,52,52,54,50,51,57,52,51,51,,,,,,,,,,,,83,69,81,75,50,0,0,52,76,62,,,,,,,,,,,,False,,,0,,,,,,0,50,,gap
P5128,Otto,Mclagan,2004-03-29,70,183,Anglo,light,blonde,clean_shaven,R,RF,,0,,,53,50,85,50,52,48,59,51,51,51,,,,,,,,,,,,66,72,99,76,52,0,0,51,68,67,,,,,,,,,,,,False,,,0,,,,,,0,50,,elite_speed
P1558,Rufus,Jackson,2006-08-05,72,208,African,medium,black,clean_shaven,R,2B,,0,,,57,51,50,52,51,52,59,49,50,52,,,,,,,,,,,,73,74,74,80,51,0,0,49,60,77,,,,,,,,,,,,False,,,0,,,,,,0,50,,balanced
P5935,Jamal,Jackson,2004-06-02,76,173,African,medium,black,clean_shaven,R,RF,,0,,,50,56,52,52,51,51,56,49,50,51,,,,,,,,,,,,76,73,63,74,51,0,0,49,73,81,,,,,,,,,,,,False,,,0,,,,,,0,50,,gap
P9245,Eduardo,Morales,2007-12-21,76,198,Hispanic,medium,black,clean_shaven,R,C,,0,,,50,51,49,51,52,53,56,50,52,53,,,,,,,,,,,,67,61,74,80,52,0,0,50,80,77,,,,,,,,,,,,False,,,0,,,,,,0,50,,average
P6764,Antonia,Eliezrie,1990-10-10,71,237,Anglo,light,brown,clean_shaven,R,P,,1,RP,CL,,,,,55,,,,49,50,50,50,53,50,52,57,0,65,0,0,0,,,,,0,,,,41,44,44,47,50,48,48,49,0,62,0,0,0,False,,,0,,,,,,0,50,closer,
P1302,Francisco,Martinez,1987-09-09,72,235,Hispanic,dark,brown,mustache,R,P,,1,RP,SP,,,,,52,,,,48,49,53,50,54,49,53,0,60,61,0,0,0,,,,,0,,,,46,47,49,52,46,40,47,0,56,60,0,0,0,False,,,0,,,,,,0,50,balanced_sp,
P1954,Yong,Zhang,1993-08-22,75,194,Asian,medium,black,beard,L,P,,1,RP,SP,,,,,51,,,,52,51,53,51,52,52,53,59,61,59,60,0,0,,,,,0,,,,47,51,44,45,50,43,52,49,55,54,60,0,0,False,,,0,,,,,,0,50,power_sp,
P4585,Ariel,Bossen,1991-08-19,68,218,Anglo,medium,black,clean_shaven,R,P,,1,RP,SP,,,,,51,,,,51,50,53,52,54,52,53,59,0,61,59,0,0,,,,,0,,,,50,40,47,53,51,43,48,51,0,61,53,0,0,False,,,0,,,,,,0,50,groundball_sp,
P9330,Yong,Tanaka,1991-04-26,68,170,Asian,medium,black,clean_shaven,R,P,,1,RP,CL,,,,,52,,,,51,53,52,50,53,52,54,0,0,65,0,0,0,,,,,0,,,,46,52,42,48,51,42,45,0,0,65,0,0,0,False,,,0,,,,,,0,50,closer,
P8512,Jewel,Nesseth,1988-02-13,78,225,Anglo,light,red,clean_shaven,R,P,,1,RP,SP,,,,,50,,,,51,50,53,53,54,50,51,61,59,58,0,58,0,,,,,0,,,,44,46,52,52,47,41,48,58,54,54,0,57,0,False,,,0,,,,,,0,50,balanced_sp,
P5685,Tyrone,Jefferson,1990-12-19,70,168,African,dark,black,beard,S,P,,1,RP,SP,,,,,49,,,,49,54,50,50,52,50,55,60,62,63,56,0,0,,,,,0,,,,42,48,50,52,43,46,54,51,59,59,46,0,0,False,,,0,,,,,,0,50,power_sp,
P6955,Yong,Park,1997-01-31,70,182,Asian,light,black,clean_shaven,R,P,,1,RP,RP,,,,,51,,,,52,51,52,50,52,51,52,0,62,66,58,0,0,,,,,0,,,,49,50,48,47,50,51,50,0,63,70,56,0,0,False,,,0,,,,,,0,50,power_rp,
P2235,Carlos,Reyes,1996-02-22,75,176,Hispanic,medium,brown,clean_shaven,S,P,,1,RP,RP,,,,,53,,,,52,52,53,51,53,49,52,0,62,66,0,0,0,,,,,0,,,,53,55,51,56,51,45,57,0,64,65,0,0,0,False,,,0,,,,,,0,50,power_rp,
P1583,Yong,Lin,1990-01-11,69,220,Asian,medium,black,clean_shaven,R,P,,1,RP,SP,,,,,49,,,,51,51,50,50,53,50,49,60,60,0,54,54,0,,,,,0,,,,44,44,44,52,44,50,46,50,58,0,44,47,0,False,,,0,,,,,,0,50,finesse_sp,
P1226,Tyrone,Green,1990-04-03,73,249,African,dark,black,clean_shaven,L,P,,1,RP,RP,,,,,54,,,,51,50,51,53,53,52,54,60,0,0,64,0,0,,,,,0,,,,50,45,49,47,47,51,48,58,0,0,55,0,0,False,,,0,,,,,,0,50,groundball_rp,
P3871,Dustin,Romero,1990-03-09,75,195,Anglo,light,blonde,clean_shaven,R,C,,0,,,52,51,51,51,49,53,59,51,50,48,,,,,,,,,,,,51,49,49,45,49,0,0,51,40,44,,,,,,,,,,,,False,,,0,,,,,,0,50,,balanced
P9753,Rafael,Sanchez,1992-04-17,74,232,Hispanic,light,blonde,beard,R,1B,,0,,,50,63,49,51,47,51,54,51,53,48,,,,,,,,,,,,40,53,41,43,47,0,0,51,43,40,,,,,,,,,,,,False,,,0,,,,,,0,50,,power
P2107,Malik,Wright,1999-01-17,71,166,African,dark,brown,clean_shaven,R,2B,,0,,,52,50,52,50,48,50,58,52,50,50,,,,,,,,,,,,57,64,66,56,48,0,0,52,56,64,,,,,,,,,,,,False,,,0,,,,,,0,50,,balanced
P8761,Juan,Ramos,1998-08-21,69,178,Hispanic,medium,black,clean_shaven,R,3B,LF,0,,,49,58,49,49,47,50,60,51,50,50,,,,,,,,,,,,57,67,54,55,47,0,0,51,65,57,,,,,,,,,,,,False,,,0,,,,,,0,50,,power
P7410,Luke,Glessner,1995-09-14,69,203,Anglo,light,brown,beard,R,SS,,0,,,49,51,52,49,49,51,57,49,50,47,,,,,,,,,,,,47,54,48,54,49,0,0,49,49,46,,,,,,,,,,,,False,,,0,,,,,,0,50,,gap
P9639,Albert,Bertagnolli,1997-08-16,73,222,Anglo,medium,brown,beard,L,LF,,0,,,50,62,51,51,47,54,47,52,53,53,,,,,,,,,,,,51,67,54,48,47,0,0,52,57,50,,,,,,,,,,,,False,,,0,,,,,,0,50,,power
P1155,Jose,Vargas,1997-10-27,72,186,Hispanic,light,black,clean_shaven,L,CF,,0,,,50,52,48,51,49,49,42,48,49,48,,,,,,,,,,,,55,55,46,56,49,0,0,48,50,46,,,,,,,,,,,,False,,,0,,,,,,0,50,,balanced
P1043,Curt,Jozsa,2003-10-08,73,169,Anglo,dark,black,clean_shaven,L,RF,,0,,,48,57,49,48,48,51,48,49,50,49,,,,,,,,,,,,62,71,54,61,48,0,0,49,55,61,,,,,,,,,,,,False,,,0,,,,,,0,50,,power
P2298,Tyrone,Mitchell,1988-08-27,68,218,African,dark,brown,beard,L,RF,,0,,,50,51,50,50,52,52,50,49,51,48,,,,,,,,,,,,44,47,41,44,52,0,0,49,49,48,,,,,,,,,,,,False,,,0,,,,,,0,50,,balanced
P2327,Edwardo,Priore,1988-10-16,71,186,Anglo,dark,blonde,beard,L,CF,,0,,,51,50,50,50,53,52,48,50,51,49,,,,,,,,,,,,43,48,40,42,53,0,0,50,41,43,,,,,,,,,,,,False,,,0,,,,,,0,50,,average
P1661,Yong,Singh,1989-07-06,68,213,Asian,light,black,goatee,L,C,,0,,,49,50,50,48,49,49,50,52,50,49,,,,,,,,,,,,41,44,44,44,49,0,0,52,40,47,,,,,,,,,,,,False,,,0,,,,,,0,50,,average
P7850,Pedro,Vargas,1987-09-26,70,188,Hispanic,medium,blonde,goatee,L,RF,,0,,,51,60,49,51,48,50,50,52,53,49,,,,,,,,,,,,50,54,41,41,48,0,0,52,43,48,,,,,,,,,,,,False,,,0,,,,,,0,50,,power
P8671,Tyrone,Washington,2002-10-28,77,236,African,dark,black,beard,S,LF,,0,,,49,50,51,51,51,51,55,49,49,51,,,,,,,,,,,,56,56,62,66,51,0,0,49,55,64,,,,,,,,,,,,False,,,0,,,,,,0,50,,average
P5703,Luis,Torres,2004-03-08,75,175,Hispanic,dark,black,clean_shaven,R,SS,,0,,,52,52,54,51,49,48,62,50,49,49,,,,,,,,,,,,78,73,65,71,49,0,0,50,67,79,,,,,,,,,,,,False,,,0,,,,,,0,50,,balanced
P2345,Jose,Gonzalez,1989-01-30,78,221,Hispanic,light,black,clean_shaven,S,P,,1,RP,CL,,,,,55,,,,49,52,47,50,52,53,54,0,0,65,0,0,0,,,,,0,,,,41,52,41,52,47,53,46,0,0,57,0,0,0,False,,,0,,,,,,0,50,closer,
P1068,Jorge,Martinez,1988-01-21,74,161,Hispanic,light,brown,mustache,R,P,,1,RP,SP,,,,,51,,,,50,51,54,50,53,49,50,0,63,61,0,0,0,,,,,0,,,,48,43,43,45,45,43,41,0,58,51,0,0,0,False,,,0,,,,,,0,50,workhorse_sp,
P9910,Ricardo,Ortiz,2001-09-11,70,198,Hispanic,medium,red,clean_shaven,R,P,,1,RP,SP,,,,,51,,,,49,54,52,50,52,52,52,0,59,60,0,0,0,,,,,0,,,,57,66,59,59,67,66,59,0,73,71,0,0,0,False,,,0,,,,,,0,50,power_sp,
P8408,Leroy,Green,2001-06-18,74,204,African,dark,brown,beard,S,P,,1,RP,RP,,,,,49,,,,51,49,49,51,52,51,52,59,61,0,0,58,0,,,,,0,,,,58,63,62,67,59,59,67,71,68,0,0,67,0,False,,,0,,,,,,0,50,finesse_rp,
P5400,Hector,Mendoza,2002-08-22,70,208,Hispanic,light,black,clean_shaven,R,P,,1,RP,SP,,,,,51,,,,51,49,53,52,52,49,50,59,60,0,0,53,0,,,,,0,,,,57,63,59,62,59,55,60,74,74,0,0,63,0,False,,,0,,,,,,0,50,finesse_sp,
P1430,Rufus,Washington,1998-03-28,75,206,African,medium,black,mustache,S,P,,1,RP,RP,,,,,63,,,,50,51,51,54,52,50,49,0,58,0,0,0,0,,,,,76,,,,56,66,61,63,58,62,55,0,73,0,0,0,0,False,,,0,,,,,,0,50,finesse_rp,
P6139,Yong,Khan,1993-12-19,74,187,Asian,medium,black,clean_shaven,L,P,,1,RP,SP,,,,,48,,,,49,51,54,53,52,50,53,59,61,59,0,0,0,,,,,0,,,,46,48,50,48,52,44,46,56,51,55,0,0,0,False,,,0,,,,,,0,50,finesse_sp,
P4485,Teddy,Pong,1991-05-11,70,179,Anglo,light,black,mustache,L,1B,,0,,,53,50,53,51,48,51,46,52,51,52,,,,,,,,,,,,50,47,52,49,48,0,0,52,43,50,,,,,,,,,,,,False,,,0,,,,,,0,50,,balanced
P5345,Darnell,Allen,1993-10-30,71,213,African,dark,black,mustache,R,1B,,0,,,62,50,52,49,51,46,55,51,53,53,,,,,,,,,,,,53,40,51,45,51,0,0,51,53,52,,,,,,,,,,,,False,,,0,,,,,,0,50,,spray
P6655,Sung,Patel,1994-11-24,74,225,Asian,medium,brown,clean_shaven,L,C,,0,,,54,48,49,52,50,48,50,48,50,52,,,,,,,,,,,,49,48,49,56,50,0,0,48,55,55,,,,,,,,,,,,False,,,0,,,,,,0,50,,spray
P4795,Rico,Banfield,2003-03-27,75,165,Anglo,light,red,beard,L,1B,,0,,,50,63,48,49,48,51,49,50,49,50,,,,,,,,,,,,59,71,58,57,48,0,0,50,64,63,,,,,,,,,,,,False,,,0,,,,,,0,50,,power
P3767,Francesco,Camferdam,1988-01-21,78,192,Anglo,light,blonde,clean_shaven,R,LF,,0,,,52,61,51,53,48,53,55,52,49,53,,,,,,,,,,,,46,53,50,48,48,0,0,52,44,50,,,,,,,,,,,,False,,,0,,,,,,0,50,,power
P5575,Sung,Tran,1988-12-02,69,196,Asian,medium,black,goatee,L,LF,,0,,,53,53,52,53,49,52,48,51,49,53,,,,,,,,,,,,47,53,45,50,49,0,0,51,39,50,,,,,,,,,,,,False,,,0,,,,,,0,50,,balanced
P7803,Malik,King,2000-01-15,78,168,African,dark,black,goatee,L,C,,0,,,50,52,51,51,52,53,51,51,50,52,,,,,,,,,,,,58,61,66,57,52,0,0,51,59,61,,,,,,,,,,,,False,,,0,,,,,,0,50,,balanced
P5784,Austin,Reginaldo,1988-03-26,72,233,Anglo,light,brown,clean_shaven,R,2B,,0,,,50,51,48,53,52,50,56,52,52,52,,,,,,,,,,,,46,41,47,52,52,0,0,52,49,45,,,,,,,,,,,,False,,,0,,,,,,0,50,,average
P2473,Miguel,Cruz,2005-12-30,75,232,Hispanic,light,brown,mustache,R,P,,1,RP,CL,,,,,55,,,,49,51,49,50,54,50,55,58,60,65,0,0,0,,,,,0,,,,62,74,79,78,73,72,69,72,89,86,0,0,0,False,,,0,,,,,,0,50,closer,
P7071,Rufus,Harris,2007-04-17,78,232,African,dark,black,clean_shaven,R,P,,1,RP,SP,,,,,51,,,,48,52,50,51,52,51,52,62,63,62,58,0,0,,,,,0,,,,73,77,69,79,72,64,79,82,93,73,87,0,0,False,,,0,,,,,,0,50,workhorse_sp,
P5179,Carlos,Flores,2007-10-11,73,199,Hispanic,medium,black,clean_shaven,S,P,,1,RP,SP,,,,,51,,,,50,52,51,50,52,53,51,0,63,59,0,0,0,,,,,0,,,,60,63,76,66,76,79,62,0,88,74,0,0,0,False,,,0,,,,,,0,50,power_sp,
P1973,Raul,Gomez,2006-03-29,68,163,Hispanic,medium,black,clean_shaven,L,P,,1,RP,RP,,,,,52,,,,52,50,53,50,52,52,51,0,61,64,0,0,0,,,,,0,,,,80,77,71,77,75,73,64,0,79,86,0,0,0,False,,,0,,,,,,0,50,power_rp,
P6036,Fernando,Ramos,2005-11-30,70,241,Hispanic,medium,brown,clean_shaven,R,P,,1,RP,LR,,,,,51,,,,51,50,49,50,53,53,49,0,0,64,0,0,0,,,,,0,,,,78,61,80,82,59,78,64,0,0,77,0,0,0,False,,,0,,,,,,0,50,long_relief,
P5979,Gerald,Gangestad,2006-12-14,72,199,Anglo,light,red,clean_shaven,R,SS,,0,,,59,50,50,55,53,49,60,52,52,47,,,,,,,,,,,,89,69,67,72,53,0,0,52,69,77,,,,,,,,,,,,False,,,0,,,,,,0,50,,spray
P7003,Xavier,King,2004-04-23,68,185,African,dark,brown,goatee,R,C,,0,,,49,52,50,51,50,52,59,53,53,49,,,,,,,,,,,,68,73,74,64,50,0,0,53,78,78,,,,,,,,,,,,False,,,0,,,,,,0,50,,average
P3809,Isaias,Seise,2005-07-10,73,171,Anglo,medium,blonde,clean_shaven,R,CF,,0,,,56,48,92,50,52,52,51,49,51,51,,,,,,,,,,,,67,58,99,69,52,0,0,49,79,75,,,,,,,,,,,,False,,,0,,,,,,0,50,,elite_speed
P5581,Fausto,Cummer,2006-09-11,75,228,Anglo,light,blonde,mustache,R,C,,0,,,52,60,48,51,51,50,56,52,53,50,,,,,,,,,,,,68,78,64,64,51,0,0,52,66,63,,,,,,,,,,,,False,,,0,,,,,,0,50,,power
P8549,Pedro,Sanchez,2007-08-28,72,187,Hispanic,medium,brown,clean_shaven,R,3B,,0,,,50,50,51,52,52,53,56,53,51,50,,,,,,,,,,,,68,66,68,74,52,0,0,53,69,75,,,,,,,,,,,,False,,,0,,,,,,0,50,,balanced
P9861,Rafael,Morales,1988-07-09,77,161,Hispanic,dark,brown,mustache,R,P,,1,RP,CL,,,,,55,,,,52,52,50,50,52,51,51,0,0,65,0,0,0,,,,,0,,,,44,42,42,46,43,46,43,0,0,60,0,0,0,False,,,0,,,,,,0,50,closer,
P1092,Tyrone,King,1998-07-30,73,229,African,dark,black,mustache,R,P,,1,RP,SP,,,,,52,,,,52,51,53,51,53,48,51,0,59,62,56,56,0,,,,,0,,,,66,60,61,68,63,61,60,0,67,72,63,62,0,False,,,0,,,,,,0,50,power_sp,
P2398,Cyrus,Humpal,1988-09-05,68,197,Anglo,medium,red,clean_shaven,L,P,,1,RP,SP,,,,,51,,,,49,52,54,50,52,50,50,61,0,61,0,0,0,,,,,0,,,,39,48,42,49,54,48,40,52,0,59,0,0,0,False,,,0,,,,,,0,50,balanced_sp,
P7544,Mauro,Pavelich,1999-11-07,75,197,Anglo,light,brown,beard,S,P,,1,RP,SP,,,,,51,,,,51,51,50,50,54,50,53,62,61,60,61,0,0,,,,,0,,,,56,59,56,61,55,65,65,75,69,75,66,0,0,False,,,0,,,,,,0,50,groundball_sp,
P8503,Leroy,Jackson,1988-03-29,72,220,African,dark,black,clean_shaven,S,P,,1,RP,SP,,,,,51,,,,52,52,51,50,52,50,55,0,59,58,58,0,0,,,,,0,,,,48,49,44,49,41,45,53,0,49,58,52,0,0,False,,,0,,,,,,0,50,power_sp,
P6924,Russ,Tomlinson,1991-07-27,71,193,Anglo,light,brown,goatee,L,P,,1,RP,SP,,,,,52,,,,53,51,50,54,53,52,53,60,63,0,0,0,0,,,,,0,,,,46,51,46,46,50,51,44,51,61,0,0,0,0,False,,,0,,,,,,0,50,finesse_sp,
P7456,Fernando,Reyes,2000-03-14,68,165,Hispanic,light,brown,goatee,L,P,,1,RP,SP,,,,,53,,,,51,51,54,50,52,53,50,0,58,60,61,0,0,,,,,0,,,,66,58,63,57,67,62,63,0,70,68,68,0,0,False,,,0,,,,,,0,50,groundball_sp,
P7519,Jermaine,Robinson,1987-09-27,68,234,African,dark,black,clean_shaven,R,P,,1,RP,SP,,,,,50,,,,49,51,54,51,53,53,51,0,62,59,0,0,0,,,,,0,,,,45,41,47,44,54,51,49,0,53,52,0,0,0,False,,,0,,,,,,0,50,balanced_sp,
P3582,Marshall,Sidoti,1991-04-27,69,195,Anglo,medium,red,clean_shaven,R,P,,1,RP,SP,,,,,54,,,,53,50,52,53,52,50,50,62,61,0,60,0,0,,,,,0,,,,45,48,50,47,46,47,41,57,56,0,56,0,0,False,,,0,,,,,,0,50,groundball_sp,
P1748,Manuel,Rodriguez,1992-08-04,71,204,Hispanic,medium,brown,beard,L,P,,1,RP,RP,,,,,54,,,,52,51,48,50,52,53,50,0,0,64,62,0,0,,,,,0,,,,43,44,46,48,39,47,42,0,0,63,56,0,0,False,,,0,,,,,,0,50,groundball_rp,
P3297,Hubert,Rommelfanger,1995-01-16,76,249,Anglo,light,red,clean_shaven,R,P,,1,RP,RP,,,,,55,,,,50,51,52,52,52,49,54,0,0,0,60,0,0,,,,,0,,,,50,55,49,50,56,54,55,0,0,0,64,0,0,False,,,0,,,,,,0,50,groundball_rp,
P9161,Cedric,Gaines,1997-06-03,74,173,African,dark,black,mustache,R,C,,0,,,51,52,48,50,51,49,59,48,53,48,,,,,,,,,,,,48,56,44,45,51,0,0,48,49,45,,,,,,,,,,,,False,,,0,,,,,,0,50,,average
P9392,Bryan,Mclennon,1992-07-06,69,242,Anglo,medium,red,clean_shaven,L,1B,,0,,,52,62,47,50,49,53,43,49,52,50,,,,,,,,,,,,43,56,40,42,49,0,0,49,50,41,,,,,,,,,,,,False,,,0,,,,,,0,50,,power
P4640,Fausto,Runions,1987-06-17,71,179,Anglo,light,black,beard,R,2B,,0,,,50,51,51,49,50,48,56,52,52,50,,,,,,,,,,,,44,49,41,43,50,0,0,52,52,49,,,,,,,,,,,,False,,,0,,,,,,0,50,,balanced
P2704,Francisco,Perez,1999-02-12,71,220,Hispanic,medium,black,goatee,L,3B,,0,,,59,51,49,52,52,48,48,51,48,48,,,,,,,,,,,,72,56,56,60,52,0,0,51,56,54,,,,,,,,,,,,False,,,0,,,,,,0,50,,spray
P6802,Darnell,Mitchell,1988-07-03,70,207,African,medium,black,clean_shaven,R,SS,,0,,,51,51,70,52,52,48,59,50,52,48,,,,,,,,,,,,42,47,68,43,52,0,0,50,52,47,,,,,,,,,,,,False,,,0,,,,,,0,50,,speed
P8173,Tyrone,Scott,1995-11-04,76,219,African,dark,brown,mustache,L,LF,,0,,,49,50,51,50,50,50,51,52,48,53,,,,,,,,,,,,54,52,48,51,50,0,0,52,49,58,,,,,,,,,,,,False,,,0,,,,,,0,50,,balanced
P1994,Pedro,Garcia,1987-07-15,68,215,Hispanic,medium,brown,beard,S,CF,,0,,,50,50,71,50,52,50,48,47,52,53,,,,,,,,,,,,42,47,64,42,52,0,0,47,47,44,,,,,,,,,,,,False,,,0,,,,,,0,50,,speed
P9395,Dwight,Mccowan,2001-06-23,69,224,Anglo,light,brown,clean_shaven,R,RF,,0,,,53,51,48,49,50,52,57,49,51,48,,,,,,,,,,,,63,60,58,56,50,0,0,49,63,61,,,,,,,,,,,,False,,,0,,,,,,0,50,,average
P7986,Asa,Marchell,1997-07-18,78,222,Anglo,medium,blonde,clean_shaven,R,3B,,0,,,48,49,49,51,52,52,58,49,48,50,,,,,,,,,,,,51,45,44,46,52,0,0,49,43,54,,,,,,,,,,,,False,,,0,,,,,,0,50,,average
P1824,Ricardo,Vargas,1991-04-09,77,194,Hispanic,medium,blonde,mustache,R,LF,,0,,,54,53,70,54,52,49,60,49,49,49,,,,,,,,,,,,45,49,62,51,52,0,0,49,47,40,,,,,,,,,,,,False,,,0,,,,,,0,50,,speed
P9581,Rayford,Hotelling,1988-01-21,68,181,Anglo,medium,red,clean_shaven,R,3B,2B,0,,,53,52,48,53,49,51,58,49,50,49,,,,,,,,,,,,46,50,40,44,49,0,0,49,43,46,,,,,,,,,,,,False,,,0,,,,,,0,50,,balanced
P4198,Jamal,Washington,2003-09-10,68,245,African,medium,black,goatee,R,CF,,0,,,50,51,52,50,49,53,50,50,52,50,,,,,,,,,,,,61,56,58,65,49,0,0,50,62,55,,,,,,,,,,,,False,,,0,,,,,,0,50,,balanced
P1120,Raul,Delgado,1995-07-07,76,175,Hispanic,medium,brown,clean_shaven,S,C,,0,,,51,58,47,50,49,52,55,50,50,51,,,,,,,,,,,,48,63,45,49,49,0,0,50,52,48,,,,,,,,,,,,False,,,0,,,,,,0,50,,power
P1145,Chauncey,Wyles,1999-09-10,74,238,Anglo,light,black,clean_shaven,L,3B,,0,,,50,51,49,51,51,49,47,49,49,53,,,,,,,,,,,,59,66,64,66,51,0,0,49,55,66,,,,,,,,,,,,False,,,0,,,,,,0,50,,balanced
P1225,Percy,Harris,2004-07-08,68,175,African,dark,black,beard,R,P,,1,RP,CL,,,,,55,,,,49,50,49,50,52,50,54,60,0,67,0,0,0,,,,,0,,,,69,65,66,75,74,69,69,89,0,91,0,0,0,False,,,0,,,,,,0,50,closer,
P1209,Ricardo,Mendoza,2003-12-30,72,217,Hispanic,light,black,clean_shaven,R,P,,1,RP,RP,,,,,49,,,,51,53,51,50,52,53,55,58,62,66,0,0,0,,,,,0,,,,61,68,55,62,60,65,62,64,72,75,0,0,0,False,,,0,,,,,,0,50,power_rp,
P1938,Randy,Escorcia,2004-12-24,75,164,Anglo,medium,brown,mustache,R,P,,1,RP,RP,,,,,54,,,,50,51,53,50,52,52,54,0,0,0,62,0,0,,,,,0,,,,77,74,67,80,83,79,70,0,0,0,84,0,0,False,,,0,,,,,,0,50,groundball_rp,
P8220,Marcelo,Rubulcaba,1994-08-31,75,167,Anglo,medium,red,clean_shaven,L,P,,1,RP,RP,,,,,49,,,,50,52,48,50,52,52,52,0,61,64,0,56,0,,,,,0,,,,45,52,53,57,50,50,50,0,63,63,0,54,0,False,,,0,,,,,,0,50,power_rp,
P6271,Francisco,Garcia,1998-01-29,76,192,Hispanic,dark,black,mustache,R,P,,1,RP,RP,,,,,51,,,,50,52,49,50,52,50,54,0,64,65,0,0,0,,,,,0,,,,45,47,55,56,52,51,55,0,64,65,0,0,0,False,,,0,,,,,,0,50,power_rp,
P9724,Hector,Rivera,2001-01-10,70,168,Hispanic,medium,brown,clean_shaven,S,P,,1,RP,SP,,,,,49,,,,49,52,51,51,52,50,50,63,0,60,0,0,0,,,,,0,,,,63,64,61,66,62,59,65,71,0,75,0,0,0,False,,,0,,,,,,0,50,balanced_sp,
P8617,Tyrone,Carter,2003-06-16,73,223,African,dark,black,clean_shaven,L,P,,1,RP,SP,,,,,52,,,,51,50,51,53,52,50,49,63,0,60,0,0,0,,,,,0,,,,61,61,68,66,61,60,58,73,0,66,0,0,0,False,,,0,,,,,,0,50,workhorse_sp,
P4445,Luther,Weirauch,1998-11-17,69,223,Anglo,light,blonde,clean_shaven,R,C,,0,,,68,53,53,51,50,49,55,48,52,49,,,,,,,,,,,,82,62,60,59,50,0,0,48,64,60,,,,,,,,,,,,False,,,0,,,,,,0,50,,spray
P1252,Malik,Allen,1988-07-11,77,247,African,dark,black,beard,S,3B,,0,,,49,50,51,49,52,52,54,49,49,48,,,,,,,,,,,,42,49,45,45,52,0,0,49,39,41,,,,,,,,,,,,False,,,0,,,,,,0,50,,average
P9471,Cedric,Green,1997-01-30,75,231,African,dark,black,beard,L,LF,,0,,,53,50,49,52,49,53,49,49,51,51,,,,,,,,,,,,48,46,50,56,49,0,0,49,48,48,,,,,,,,,,,,False,,,0,,,,,,0,50,,average
P9016,Malik,Scott,1987-05-09,69,192,African,dark,black,clean_shaven,S,3B,,0,,,48,51,51,49,50,49,54,51,49,50,,,,,,,,,,,,43,42,45,49,50,0,0,51,46,40,,,,,,,,,,,,False,,,0,,,,,,0,50,,average
P2411,Fernando,Martinez,2004-10-08,71,169,Hispanic,medium,black,clean_shaven,R,C,,0,,,53,51,50,51,49,51,55,48,50,52,,,,,,,,,,,,78,77,62,65,49,0,0,48,74,66,,,,,,,,,,,,False,,,0,,,,,,0,50,,average
P4305,Antonio,Hernandez,1993-01-18,68,234,Hispanic,light,blonde,clean_shaven,R,C,,0,,,50,50,51,50,50,51,58,48,51,49,,,,,,,,,,,,42,41,47,47,50,0,0,48,49,40,,,,,,,,,,,,False,,,0,,,,,,0,50,,average
P4551,Juan,Vargas,1989-05-08,78,207,Hispanic,medium,brown,clean_shaven,R,3B,,0,,,49,49,70,49,52,48,57,49,50,51,,,,,,,,,,,,47,49,67,49,52,0,0,49,44,48,,,,,,,,,,,,False,,,0,,,,,,0,50,,speed
P3072,Milford,Hickernell,1993-08-20,70,217,Anglo,medium,brown,clean_shaven,R,3B,,0,,,52,49,51,51,48,47,58,52,50,49,,,,,,,,,,,,42,45,49,43,48,0,0,52,46,46,,,,,,,,,,,,False,,,0,,,,,,0,50,,average
P4958,Jermaine,Jefferson,2005-02-19,75,229,African,dark,black,clean_shaven,R,P,,1,RP,CL,,,,,55,,,,51,54,49,53,60,49,52,0,0,67,0,0,0,,,,,0,,,,78,66,65,74,72,63,63,0,0,85,0,0,0,False,,,0,,,,,,0,50,closer,
P7580,Roberto,Reyes,2006-11-25,69,246,Hispanic,medium,brown,clean_shaven,L,P,,1,RP,RP,,,,,51,,,,51,50,52,51,52,52,52,0,58,0,0,0,0,,,,,0,,,,64,60,70,68,65,77,72,0,70,0,0,0,0,False,,,0,,,,,,0,50,power_rp,
P7010,Florencio,Gizinski,2004-08-25,76,248,Anglo,light,blonde,clean_shaven,S,P,,1,RP,SP,,,,,51,,,,48,51,54,50,53,48,49,59,62,63,0,54,0,,,,,0,,,,72,64,63,76,84,58,77,87,91,93,0,67,0,False,,,0,,,,,,0,50,balanced_sp,
P1103,Tyrone,Robinson,2006-03-06,78,249,African,dark,black,goatee,R,P,,1,RP,SP,,,,,48,,,,50,49,53,53,52,49,53,0,63,58,0,0,0,,,,,0,,,,66,75,80,81,63,76,68,0,86,86,0,0,0,False,,,0,,,,,,0,50,workhorse_sp,
P6441,Todd,Andreoni,2005-10-20,75,201,Anglo,light,brown,clean_shaven,L,P,,1,RP,SP,,,,,51,,,,50,50,50,51,54,47,53,60,63,58,56,0,0,,,,,0,,,,65,76,69,66,75,60,82,85,86,86,74,0,0,False,,,0,,,,,,0,50,balanced_sp,
P4360,Adan,Gradillas,2004-07-13,73,201,Anglo,dark,blonde,beard,L,RF,,0,,,52,50,70,51,53,52,46,48,49,52,,,,,,,,,,,,64,65,82,65,53,0,0,48,77,80,,,,,,,,,,,,False,,,0,,,,,,0,50,,speed
P4977,Eduardo,Torres,2004-12-27,78,177,Hispanic,medium,brown,clean_shaven,R,CF,,0,,,52,51,48,51,50,50,58,49,50,51,,,,,,,,,,,,68,66,58,78,50,0,0,49,76,67,,,,,,,,,,,,False,,,0,,,,,,0,50,,balanced
P9494,Percy,Mitchell,2007-09-14,77,237,African,dark,black,clean_shaven,L,SS,,0,,,55,49,51,52,51,50,53,53,51,51,,,,,,,,,,,,68,70,61,65,51,0,0,53,79,77,,,,,,,,,,,,False,,,0,,,,,,0,50,,spray
P2077,Tyrone,Gaines,2007-07-12,69,185,African,dark,black,clean_shaven,L,2B,,0,,,50,52,49,50,48,50,49,50,52,51,,,,,,,,,,,,67,72,73,66,48,0,0,50,72,80,,,,,,,,,,,,False,,,0,,,,,,0,50,,gap
P4124,Raul,Diaz,2006-03-27,78,184,Hispanic,medium,brown,clean_shaven,R,CF,LF,0,,,52,51,50,52,50,52,51,49,52,51,,,,,,,,,,,,76,63,64,63,50,0,0,49,72,78,,,,,,,,,,,,False,,,0,,,,,,0,50,,balanced
P2459,Jermaine,King,2000-07-08,73,249,African,dark,black,clean_shaven,R,P,,1,RP,CL,,,,,55,,,,49,50,48,51,52,49,55,57,61,65,0,0,0,,,,,0,,,,55,61,66,59,61,54,64,63,70,75,0,0,0,False,,,0,,,,,,0,50,closer,
P6737,Leroy,Gaines,1992-04-18,68,204,African,dark,black,beard,R,P,,1,RP,SP,,,,,49,,,,50,49,52,51,52,50,52,58,61,61,0,0,0,,,,,0,,,,41,46,42,44,51,50,50,54,60,57,0,0,0,False,,,0,,,,,,0,50,workhorse_sp,
P1350,Percy,Jackson,2003-11-18,76,230,African,dark,black,clean_shaven,L,P,,1,RP,SP,,,,,49,,,,48,51,54,50,52,49,53,60,61,59,0,56,0,,,,,0,,,,63,66,57,66,66,55,61,73,67,65,0,69,0,False,,,0,,,,,,0,50,power_sp,
P7236,Carlos,Rodriguez,2004-12-06,78,241,Hispanic,light,brown,goatee,L,P,,1,RP,RP,,,,,52,,,,49,50,48,53,52,50,50,59,61,65,0,0,0,,,,,0,,,,67,77,80,72,72,62,69,77,79,82,0,0,0,False,,,0,,,,,,0,50,finesse_rp,
P2895,Andrew,Pfeiffer,2002-07-28,70,229,Anglo,dark,black,clean_shaven,L,P,,1,RP,SP,,,,,49,,,,49,50,50,51,52,51,53,58,63,61,0,57,0,,,,,0,,,,57,62,58,60,64,62,63,64,75,72,0,70,0,False,,,0,,,,,,0,50,balanced_sp,
P8061,Darnell,Carter,2004-01-01,70,170,African,dark,black,mustache,R,P,,1,RP,SP,,,,,53,,,,52,50,50,50,52,49,53,62,59,62,0,0,0,,,,,0,,,,65,63,56,66,61,58,61,71,64,68,0,0,0,False,,,0,,,,,,0,50,balanced_sp,
P3967,Donald,Wollard,1987-08-13,74,245,Anglo,light,black,beard,R,P,,1,RP,RP,,,,,56,,,,52,53,48,50,53,50,52,0,62,67,61,0,0,,,,,0,,,,43,45,47,48,38,40,52,0,57,60,57,0,0,False,,,0,,,,,,0,50,groundball_rp,
P1110,Miguel,Diaz,1993-04-14,71,174,Hispanic,medium,brown,clean_shaven,R,P,,1,RP,SP,,,,,52,,,,51,50,54,51,52,51,52,62,59,60,0,0,0,,,,,0,,,,41,40,42,42,54,42,45,59,50,60,0,0,0,False,,,0,,,,,,0,50,balanced_sp,
P5684,Jefferson,Constante,1990-09-30,74,246,Anglo,medium,black,beard,R,P,,1,RP,SP,,,,,49,,,,52,49,52,51,52,52,52,0,61,61,0,0,0,,,,,0,,,,49,48,45,44,43,43,43,0,60,54,0,0,0,False,,,0,,,,,,0,50,workhorse_sp,
P1295,Salvatore,Jaeschke,2000-02-23,70,228,Anglo,light,brown,beard,R,P,,1,RP,SP,,,,,48,,,,50,52,50,50,53,48,51,57,64,59,0,53,0,,,,,0,,,,64,57,60,65,60,59,61,63,70,64,0,59,0,False,,,0,,,,,,0,50,power_sp,
P3655,Xavier,Young,2000-06-04,74,166,African,dark,black,beard,S,P,,1,RP,LR,,,,,54,,,,51,49,52,52,54,52,51,56,60,0,0,0,0,,,,,0,,,,58,57,60,69,58,67,61,62,69,0,0,0,0,False,,,0,,,,,,0,50,long_relief,
P4761,Marco,Skarke,1996-06-24,68,170,Anglo,medium,blonde,clean_shaven,R,C,,0,,,61,49,51,50,49,46,56,48,48,50,,,,,,,,,,,,60,54,55,52,49,0,0,48,44,48,,,,,,,,,,,,False,,,0,,,,,,0,50,,spray
P4129,Luis,Sanchez,1994-03-26,68,217,Hispanic,medium,black,goatee,L,1B,,0,,,70,65,50,51,51,52,48,50,48,52,,,,,,,,,,,,72,63,50,50,51,0,0,50,52,57,,,,,,,,,,,,False,,,0,,,,,,0,50,,gap
P4315,Hal,Chauncey,1997-07-07,77,182,Anglo,medium,red,beard,R,2B,,0,,,50,48,71,51,53,48,56,51,50,48,,,,,,,,,,,,50,49,72,52,53,0,0,51,46,47,,,,,,,,,,,,False,,,0,,,,,,0,50,,speed
P9153,Juan,Martinez,2004-09-18,75,164,Hispanic,medium,brown,clean_shaven,R,3B,,0,,,61,52,51,55,48,49,59,49,49,52,,,,,,,,,,,,87,63,73,71,48,0,0,49,72,81,,,,,,,,,,,,False,,,0,,,,,,0,50,,spray
P9236,Cedric,Young,1989-06-25,69,196,African,dark,brown,mustache,R,SS,3B,0,,,51,49,84,52,49,46,56,49,51,50,,,,,,,,,,,,43,42,75,44,49,0,0,49,48,47,,,,,,,,,,,,False,,,0,,,,,,0,50,,speed
P2693,Nicholas,Taruer,1987-06-12,74,243,Anglo,light,black,beard,R,LF,,0,,,50,61,49,50,48,52,56,53,52,51,,,,,,,,,,,,41,55,45,50,48,0,0,53,43,44,,,,,,,,,,,,False,,,0,,,,,,0,50,,power
P3678,Alejandro,Castillo,1997-05-16,71,217,Hispanic,medium,blonde,beard,R,CF,,0,,,51,50,50,51,51,52,54,49,48,50,,,,,,,,,,,,53,54,45,52,51,0,0,49,50,45,,,,,,,,,,,,False,,,0,,,,,,0,50,,average
P8746,Percy,Carter,1993-07-31,77,247,African,dark,black,clean_shaven,R,RF,,0,,,59,50,50,51,52,48,56,50,50,53,,,,,,,,,,,,49,41,48,48,52,0,0,50,50,50,,,,,,,,,,,,False,,,0,,,,,,0,50,,spray
P7696,Xavier,Baker,1989-08-27,74,162,African,dark,black,mustache,R,C,,0,,,60,49,53,52,53,47,57,51,50,49,,,,,,,,,,,,55,49,45,49,53,0,0,51,43,42,,,,,,,,,,,,False,,,0,,,,,,0,50,,spray
P7248,Arnoldo,Finister,1994-08-03,78,240,Anglo,light,brown,goatee,L,RF,,0,,,53,48,77,52,54,48,49,51,51,51,,,,,,,,,,,,54,49,80,57,54,0,0,51,53,56,,,,,,,,,,,,False,,,0,,,,,,0,50,,speed
P4022,Omar,Surina,1987-11-05,73,220,Anglo,light,brown,clean_shaven,R,C,,0,,,50,52,52,49,52,53,58,49,52,49,,,,,,,,,,,,41,45,52,44,52,0,0,49,51,41,,,,,,,,,,,,False,,,0,,,,,,0,50,,average
P4919,Hector,Ramos,1996-06-02,73,170,Hispanic,medium,black,goatee,L,CF,,0,,,53,51,50,50,52,52,47,51,52,48,,,,,,,,,,,,51,50,55,48,52,0,0,51,50,52,,,,,,,,,,,,False,,,0,,,,,,0,50,,balanced
P2492,Deshawn,Gaines,1998-09-27,70,239,African,medium,black,clean_shaven,R,CF,,0,,,53,61,49,50,51,54,54,52,50,51,,,,,,,,,,,,61,66,60,59,51,0,0,52,64,61,,,,,,,,,,,,False,,,0,,,,,,0,50,,power
P8346,Manuel,Gomez,2004-01-21,75,237,Hispanic,medium,black,clean_shaven,R,3B,,0,,,50,50,48,49,48,49,60,51,52,48,,,,,,,,,,,,59,62,58,60,48,0,0,51,62,58,,,,,,,,,,,,False,,,0,,,,,,0,50,,balanced
P2880,Rigoberto,Minert,2001-06-15,74,208,Anglo,light,black,clean_shaven,L,P,,1,RP,CL,,,,,55,,,,49,53,51,50,52,51,51,0,0,65,0,0,0,,,,,0,,,,55,68,63,61,65,57,57,0,0,78,0,0,0,False,,,0,,,,,,0,50,closer,
P9841,Darnell,Jackson,2004-12-30,69,231,African,dark,black,clean_shaven,L,P,,1,RP,RP,,,,,57,,,,51,48,49,50,52,50,54,60,0,0,64,0,0,,,,,0,,,,81,72,65,81,71,63,79,89,0,0,78,0,0,False,,,0,,,,,,0,50,groundball_rp,
P5191,Jorge,Delgado,1990-10-16,68,248,Hispanic,medium,blonde,beard,R,P,,1,RP,SP,,,,,49,,,,49,51,53,53,52,50,51,60,59,0,0,0,0,,,,,0,,,,47,46,51,48,51,47,48,53,52,0,0,0,0,False,,,0,,,,,,0,50,finesse_sp,
P2607,Jermaine,White,1991-10-15,74,174,African,medium,black,clean_shaven,L,P,,1,RP,RP,,,,,50,,,,48,52,49,50,53,51,52,61,60,0,0,0,0,,,,,0,,,,38,49,47,44,47,42,46,54,56,0,0,0,0,False,,,0,,,,,,0,50,finesse_rp,
P9452,Jamal,Walker,1989-03-12,76,222,African,dark,black,beard,R,P,,1,RP,SP,,,,,50,,,,49,50,52,50,54,49,51,0,59,58,0,0,0,,,,,0,,,,48,47,40,46,42,44,50,0,57,55,0,0,0,False,,,0,,,,,,0,50,balanced_sp,
P7763,Silas,Layell,1995-07-12,69,161,Anglo,dark,black,beard,L,P,,1,RP,RP,,,,,51,,,,49,50,52,51,52,49,50,59,60,0,59,0,0,,,,,0,,,,47,53,55,53,54,48,52,58,63,0,61,0,0,False,,,0,,,,,,0,50,finesse_rp,
P2380,Antonio,Vasquez,2002-11-18,74,234,Hispanic,light,red,clean_shaven,R,P,RF,1,RP,SP,,,,,50,,,,51,48,51,50,52,49,53,60,62,59,0,54,0,,,,,0,,,,66,58,65,64,56,57,59,71,73,69,0,61,0,False,,,0,,,,,,0,50,workhorse_sp,
P5406,Jermaine,Jackson,2003-11-17,71,193,African,dark,black,clean_shaven,R,RF,1B,0,,,54,56,52,51,50,49,56,50,48,49,,,,,,,,,,,,66,63,61,62,50,0,0,50,53,61,,,,,,,,,,,,False,,,0,,,,,,0,50,,gap
P2575,Man,Gabaree,1989-06-01,70,214,Anglo,medium,black,mustache,L,CF,,0,,,51,51,50,51,53,52,48,52,49,50,,,,,,,,,,,,41,48,48,42,53,0,0,52,41,42,,,,,,,,,,,,False,,,0,,,,,,0,50,,balanced
P2336,Tom,Vlach,1991-07-14,76,211,Anglo,dark,black,clean_shaven,R,RF,,0,,,54,50,70,54,52,48,52,53,49,49,,,,,,,,,,,,51,49,62,47,52,0,0,53,48,48,,,,,,,,,,,,False,,,0,,,,,,0,50,,speed
P4762,Luis,Vasquez,2001-10-07,68,203,Hispanic,medium,black,goatee,L,1B,,0,,,49,60,50,49,51,53,46,50,49,49,,,,,,,,,,,,60,70,62,60,51,0,0,50,62,60,,,,,,,,,,,,False,,,0,,,,,,0,50,,power
P2160,Dexter,Chirco,2004-12-22,71,239,Anglo,light,brown,beard,R,C,,0,,,50,51,48,49,51,53,58,51,50,49,,,,,,,,,,,,69,61,64,69,51,0,0,51,61,69,,,,,,,,,,,,False,,,0,,,,,,0,50,,average
P2910,Newton,Schuetz,1997-10-11,75,160,Anglo,light,brown,clean_shaven,L,RF,,0,,,52,59,51,49,48,54,45,49,47,51,,,,,,,,,,,,54,58,54,51,48,0,0,49,46,46,,,,,,,,,,,,False,,,0,,,,,,0,50,,power
P5611,Leroy,Walker,1998-10-25,72,198,African,dark,black,clean_shaven,S,RF,,0,,,56,53,49,54,50,51,52,49,48,50,,,,,,,,,,,,71,60,54,67,50,0,0,49,53,62,,,,,,,,,,,,False,,,0,,,,,,0,50,,gap
P7230,Seymour,Grew,2002-12-30,77,194,Anglo,medium,black,clean_shaven,R,SS,,0,,,53,50,84,50,53,50,58,49,51,48,,,,,,,,,,,,60,59,91,63,53,0,0,49,66,56,,,,,,,,,,,,False,,,0,,,,,,0,50,,speed
P9671,Francisco,Morales,2006-01-07,78,196,Hispanic,medium,brown,clean_shaven,R,P,,1,RP,CL,,,,,55,,,,51,54,52,50,52,51,54,58,0,65,0,0,0,,,,,0,,,,77,76,77,62,75,80,67,68,0,91,0,0,0,False,,,0,,,,,,0,50,closer,
P8805,Roberto,Garcia,2004-06-23,71,170,Hispanic,light,brown,goatee,L,P,,1,RP,RP,,,,,48,,,,49,51,49,51,53,53,55,0,62,64,0,0,0,,,,,0,,,,68,66,76,74,67,71,65,0,84,94,0,0,0,False,,,0,,,,,,0,50,power_rp,
P5290,Santiago,Dusky,2007-11-30,69,221,Anglo,light,black,clean_shaven,R,P,,1,RP,SP,,,,,48,,,,51,53,52,53,52,50,52,61,60,58,0,55,0,,,,,0,,,,76,66,73,70,71,64,81,77,74,86,0,81,0,False,,,0,,,,,,0,50,finesse_sp,
P7646,Jason,Wunderlich,2006-01-05,68,175,Anglo,light,brown,clean_shaven,R,P,,1,RP,SP,,,,,51,,,,52,49,53,53,52,51,50,0,61,61,0,0,0,,,,,0,,,,78,74,72,66,66,62,64,0,72,86,0,0,0,False,,,0,,,,,,0,50,workhorse_sp,
P3361,Deshawn,Scott,2004-10-21,77,232,African,dark,black,beard,L,P,,1,RP,SP,,,,,47,,,,49,50,50,50,53,51,51,58,60,60,0,0,0,,,,,0,,,,69,61,77,69,73,80,72,71,79,72,0,0,0,False,,,0,,,,,,0,50,finesse_sp,
P9625,Antonio,Martinez,2007-10-16,77,224,Hispanic,dark,brown,goatee,R,C,,0,,,67,52,48,54,49,52,59,53,49,48,,,,,,,,,,,,91,75,63,71,49,0,0,53,77,75,,,,,,,,,,,,False,,,0,,,,,,0,50,,spray
P3517,Jorge,Lopez,2007-12-04,77,231,Hispanic,dark,brown,beard,L,C,,0,,,53,53,52,53,50,49,48,51,52,51,,,,,,,,,,,,64,77,80,74,50,0,0,51,75,63,,,,,,,,,,,,False,,,0,,,,,,0,50,,balanced
P4177,Jose,Martinez,2004-05-06,69,201,Hispanic,medium,blonde,mustache,R,1B,,0,,,52,56,51,51,52,50,55,50,51,48,,,,,,,,,,,,66,70,74,66,52,0,0,50,76,60,,,,,,,,,,,,False,,,0,,,,,,0,50,,average
P1173,Alejandro,Lopez,2005-12-28,76,185,Hispanic,light,blonde,goatee,S,RF,,0,,,49,52,49,48,52,51,48,52,50,49,,,,,,,,,,,,60,66,76,71,52,0,0,52,70,71,,,,,,,,,,,,False,,,0,,,,,,0,50,,balanced
P8868,Hector,Vasquez,2006-11-05,69,201,Hispanic,light,brown,clean_shaven,L,SS,,0,,,52,54,53,49,48,48,54,51,50,50,,,,,,,,,,,,79,66,76,66,48,0,0,51,73,80,,,,,,,,,,,,False,,,0,,,,,,0,50,,balanced
P2230,Eduardo,Vasquez,2003-04-05,71,228,Hispanic,medium,black,clean_shaven,L,P,,1,RP,CL,,,,,55,,,,52,50,50,52,54,51,51,0,0,65,0,0,0,,,,,0,,,,60,65,67,59,57,65,65,0,0,71,0,0,0,False,,,0,,,,,,0,50,closer,
P5274,Xavier,Carter,1991-06-08,77,223,African,dark,black,beard,R,P,,1,RP,SP,,,,,51,,,,49,49,50,53,52,49,50,60,62,61,58,0,0,,,,,0,,,,48,45,53,43,50,42,42,56,61,51,56,0,0,False,,,0,,,,,,0,50,groundball_sp,
P4262,Alvaro,Ketron,2004-10-24,78,182,Anglo,dark,black,clean_shaven,R,P,,1,RP,RP,,,,,55,,,,48,51,50,50,52,52,51,0,0,0,63,0,0,,,,,0,,,,71,76,70,67,79,66,80,0,0,0,90,0,0,False,,,0,,,,,,0,50,groundball_rp,
P2983,Darnell,Wright,1999-02-03,69,187,African,light,black,mustache,R,P,,1,RP,RP,,,,,55,,,,51,52,49,50,53,49,50,0,0,0,61,0,0,,,,,0,,,,58,65,59,63,61,55,61,0,0,0,72,0,0,False,,,0,,,,,,0,50,groundball_rp,
P7124,Lynn,Orrego,1992-05-14,72,229,Anglo,light,brown,beard,R,P,,1,RP,RP,,,,,53,,,,52,53,52,52,52,51,54,0,0,66,61,0,0,,,,,0,,,,42,52,50,50,49,48,46,0,0,63,52,0,0,False,,,0,,,,,,0,50,groundball_rp,
P3822,Eduardo,Hernandez,1992-04-18,77,228,Hispanic,dark,blonde,mustache,S,P,,1,RP,SP,,,,,52,,,,51,53,52,50,52,51,52,0,60,0,60,0,0,,,,,0,,,,45,45,41,43,46,51,45,0,59,0,50,0,0,False,,,0,,,,,,0,50,groundball_sp,
P3271,Eduardo,Ortiz,1991-09-13,75,171,Hispanic,light,blonde,mustache,R,P,,1,RP,SP,,,,,52,,,,51,53,54,52,53,51,53,61,60,61,58,0,0,,,,,0,,,,43,47,51,52,54,49,53,51,58,61,55,0,0,False,,,0,,,,,,0,50,groundball_sp,
P3570,Basil,Montore,1992-05-21,77,247,Anglo,light,brown,clean_shaven,L,P,,1,RP,SP,,,,,48,,,,50,50,52,51,54,52,49,0,62,60,0,0,0,,,,,0,,,,43,45,46,50,46,42,49,0,55,50,0,0,0,False,,,0,,,,,,0,50,balanced_sp,
P3043,Ricardo,Diaz,1996-08-23,71,170,Hispanic,medium,brown,mustache,R,P,,1,RP,SP,,,,,50,,,,49,53,50,51,54,49,51,0,60,60,0,0,0,,,,,0,,,,54,54,47,50,49,54,47,0,58,64,0,0,0,False,,,0,,,,,,0,50,power_sp,
P4046,Titus,Shearin,2004-11-29,69,216,Anglo,light,black,goatee,R,P,,1,RP,RP,,,,,51,,,,49,54,52,50,52,49,51,0,62,64,59,0,0,,,,,0,,,,70,69,67,63,75,77,71,0,86,90,69,0,0,False,,,0,,,,,,0,50,power_rp,
P8866,Cedric,Harris,2000-10-07,69,183,African,dark,black,clean_shaven,R,P,,1,RP,SP,,,,,51,,,,51,52,53,50,52,52,53,62,63,60,0,0,0,,,,,0,,,,63,59,58,57,59,60,68,68,70,70,0,0,0,False,,,0,,,,,,0,50,workhorse_sp,
P1751,Keith,Postuci,1987-11-18,78,222,Anglo,medium,blonde,goatee,S,C,,0,,,53,51,50,52,53,53,52,51,53,51,,,,,,,,,,,,53,44,46,47,53,0,0,51,50,45,,,,,,,,,,,,False,,,0,,,,,,0,50,,balanced
P4776,Francisco,Delgado,1991-05-05,75,202,Hispanic,light,black,clean_shaven,L,1B,,0,,,48,59,52,51,49,52,48,51,52,49,,,,,,,,,,,,38,54,48,46,49,0,0,51,48,42,,,,,,,,,,,,False,,,0,,,,,,0,50,,power
P3693,Roderick,Grieb,1992-10-31,77,239,Anglo,light,black,beard,L,2B,,0,,,59,51,50,53,49,50,48,48,50,51,,,,,,,,,,,,57,45,42,48,49,0,0,48,48,41,,,,,,,,,,,,False,,,0,,,,,,0,50,,spray
P6432,Anderson,Wieben,2003-01-22,74,232,Anglo,light,black,clean_shaven,R,3B,,0,,,49,50,51,51,48,53,59,51,52,49,,,,,,,,,,,,64,65,63,63,48,0,0,51,58,58,,,,,,,,,,,,False,,,0,,,,,,0,50,,average
P8414,Antonio,Vargas,1995-11-25,75,163,Hispanic,light,black,beard,R,SS,,0,,,49,52,50,50,50,50,55,53,50,50,,,,,,,,,,,,53,49,46,46,50,0,0,53,55,54,,,,,,,,,,,,False,,,0,,,,,,0,50,,balanced
P7771,Luis,Ramirez,1994-07-14,70,231,Hispanic,medium,black,goatee,R,LF,,0,,,57,52,52,50,50,53,58,52,53,51,,,,,,,,,,,,57,51,49,55,50,0,0,52,48,46,,,,,,,,,,,,False,,,0,,,,,,0,50,,gap
P6508,Jerrold,Bemo,1988-01-26,74,172,Anglo,medium,black,clean_shaven,L,CF,,0,,,64,52,51,54,51,48,48,49,50,49,,,,,,,,,,,,62,52,41,50,51,0,0,49,42,43,,,,,,,,,,,,False,,,0,,,,,,0,50,,spray
P2418,Donovan,Pencek,2005-02-12,73,211,Anglo,light,blonde,goatee,R,RF,,0,,,51,59,49,52,51,50,54,49,51,54,,,,,,,,,,,,69,69,72,67,51,0,0,49,69,73,,,,,,,,,,,,False,,,0,,,,,,0,50,,power
P5040,Daron,Harmison,2003-10-01,73,223,Anglo,dark,blonde,goatee,R,C,,0,,,49,51,51,48,52,52,60,49,52,51,,,,,,,,,,,,57,60,66,54,52,0,0,49,63,59,,,,,,,,,,,,False,,,0,,,,,,0,50,,balanced
P2933,Luis,Flores,1987-06-23,76,203,Hispanic,dark,brown,mustache,R,CF,,0,,,62,50,50,50,52,49,50,52,51,53,,,,,,,,,,,,61,40,47,41,52,0,0,52,50,43,,,,,,,,,,,,False,,,0,,,,,,0,50,,spray
P5060,Thanh,Wellen,2002-09-08,74,238,Anglo,light,black,clean_shaven,L,RF,,0,,,56,50,49,54,49,48,47,49,49,54,,,,,,,,,,,,66,60,62,59,49,0,0,49,59,68,,,,,,,,,,,,False,,,0,,,,,,0,50,,spray
P9759,Leroy,King,1995-04-02,75,192,African,dark,black,beard,L,2B,,0,,,57,50,48,51,52,49,50,49,50,49,,,,,,,,,,,,61,52,46,48,52,0,0,49,49,54,,,,,,,,,,,,False,,,0,,,,,,0,50,,balanced
P9826,Cedric,Walker,1994-09-30,76,222,African,medium,black,clean_shaven,R,C,,0,,,50,49,50,52,51,53,56,51,53,49,,,,,,,,,,,,47,45,54,47,51,0,0,51,56,46,,,,,,,,,,,,False,,,0,,,,,,0,50,,average
P7961,Olen,Isaacsen,1997-05-02,69,182,Anglo,light,black,clean_shaven,S,1B,,0,,,64,52,53,51,51,47,49,51,49,50,,,,,,,,,,,,60,55,54,54,51,0,0,51,52,47,,,,,,,,,,,,False,,,0,,,,,,0,50,,spray
P2560,Leroy,Robinson,2001-03-09,71,188,African,medium,black,clean_shaven,R,P,,1,RP,CL,,,,,55,,,,52,51,50,52,52,53,54,0,0,67,0,0,0,,,,,0,,,,65,65,60,58,60,68,63,0,0,75,0,0,0,False,,,0,,,,,,0,50,closer,
P7039,Malik,Jackson,2000-06-18,74,182,African,dark,black,mustache,R,P,,1,RP,SP,,,,,48,,,,53,49,52,54,52,53,50,58,63,0,61,56,0,,,,,0,,,,61,55,60,62,58,63,62,68,70,0,70,62,0,False,,,0,,,,,,0,50,finesse_sp,
P5443,Carol,Warncke,1996-06-14,75,208,Anglo,dark,blonde,clean_shaven,L,P,,1,RP,RP,,,,,49,,,,50,50,51,52,53,49,49,59,63,0,0,0,0,,,,,0,,,,51,55,48,50,56,53,44,56,58,0,0,0,0,False,,,0,,,,,,0,50,finesse_rp,
P6943,Malik,Carter,1998-01-20,74,238,African,medium,brown,beard,R,P,,1,RP,RP,,,,,51,,,,51,48,49,51,53,49,51,61,61,0,62,0,0,,,,,0,,,,50,48,56,57,45,45,52,66,58,0,59,0,0,False,,,0,,,,,,0,50,finesse_rp,
P1146,Jorge,Gonzalez,1993-11-03,73,184,Hispanic,light,brown,mustache,R,P,,1,RP,CL,,,,,50,,,,52,50,50,50,54,50,53,60,63,65,0,0,0,,,,,0,,,,50,40,48,46,48,46,46,60,63,58,0,0,0,False,,,0,,,,,,0,50,closer,
P3457,Cedric,King,2000-09-02,73,202,African,dark,black,beard,R,P,,1,RP,SP,,,,,50,,,,49,50,51,50,52,49,50,58,58,0,0,0,0,,,,,0,,,,62,58,64,61,62,56,61,66,64,0,0,0,0,False,,,0,,,,,,0,50,balanced_sp,
P2802,Roberto,Gomez,1987-06-01,71,186,Hispanic,light,black,clean_shaven,L,P,,1,RP,SP,,,,,52,,,,50,52,53,50,52,51,54,61,64,63,56,0,0,,,,,0,,,,44,48,42,50,53,47,45,53,58,55,48,0,0,False,,,0,,,,,,0,50,power_sp,
P5148,Deshawn,Harris,2000-10-14,70,178,African,dark,brown,goatee,R,LF,,0,,,54,62,51,54,47,50,55,53,51,49,,,,,,,,,,,,69,77,62,68,47,0,0,53,61,59,,,,,,,,,,,,False,,,0,,,,,,0,50,,gap
P9528,Percy,Taylor,2000-01-28,74,167,African,medium,black,beard,L,LF,,0,,,48,62,50,49,50,51,51,51,52,52,,,,,,,,,,,,55,70,57,55,50,0,0,51,58,65,,,,,,,,,,,,False,,,0,,,,,,0,50,,power
P1763,Carol,Gosney,1989-01-15,75,169,Anglo,medium,red,goatee,R,CF,,0,,,49,52,48,50,52,49,51,53,52,49,,,,,,,,,,,,42,51,47,43,52,0,0,53,51,49,,,,,,,,,,,,False,,,0,,,,,,0,50,,balanced
P7659,Pedro,Gomez,1988-01-13,72,209,Hispanic,medium,blonde,beard,R,SS,,0,,,51,51,52,51,52,48,58,49,51,49,,,,,,,,,,,,50,41,49,50,52,0,0,49,42,46,,,,,,,,,,,,False,,,0,,,,,,0,50,,balanced
P1955,Hector,Martinez,2004-02-25,78,192,Hispanic,light,black,clean_shaven,R,RF,,0,,,62,65,52,54,51,53,53,47,50,48,,,,,,,,,,,,70,71,65,69,51,0,0,47,61,60,,,,,,,,,,,,False,,,0,,,,,,0,50,,gap
P4047,Rufus,Allen,1992-10-16,78,236,African,dark,black,clean_shaven,R,C,,0,,,50,54,51,51,50,49,55,52,53,52,,,,,,,,,,,,41,45,46,50,50,0,0,52,45,44,,,,,,,,,,,,False,,,0,,,,,,0,50,,average
P9252,Glenn,Freehling,1999-06-28,69,226,Anglo,medium,brown,clean_shaven,L,1B,RF,0,,,53,51,50,51,50,53,49,49,52,49,,,,,,,,,,,,63,60,61,62,50,0,0,49,61,64,,,,,,,,,,,,False,,,0,,,,,,0,50,,balanced
P6592,Hector,Gomez,1998-06-16,74,215,Hispanic,medium,brown,clean_shaven,R,SS,,0,,,51,53,51,50,49,52,57,52,49,51,,,,,,,,,,,,66,58,60,56,49,0,0,52,60,60,,,,,,,,,,,,False,,,0,,,,,,0,50,,gap
P4307,Juan,Guerrero,2007-08-27,75,182,Hispanic,medium,black,mustache,R,P,,1,RP,CL,,,,,55,,,,52,53,48,50,52,50,54,0,0,65,0,0,0,,,,,0,,,,75,78,66,71,75,68,73,0,0,88,0,0,0,False,,,0,,,,,,0,50,closer,
P2448,Rocco,Guidrey,2006-02-24,77,249,Anglo,dark,black,beard,R,P,,1,RP,RP,,,,,53,,,,53,48,51,53,52,51,50,61,59,0,60,0,0,,,,,0,,,,68,64,64,62,77,81,76,86,71,0,82,0,0,False,,,0,,,,,,0,50,finesse_rp,
P2990,Malik,Jefferson,2006-01-01,74,190,African,dark,brown,goatee,S,P,,1,RP,SP,,,,,50,,,,50,50,52,50,52,52,52,61,61,62,59,0,0,,,,,0,,,,63,67,77,70,62,76,63,81,89,90,72,0,0,False,,,0,,,,,,0,50,workhorse_sp,
P2491,Jamal,Harris,2006-01-16,77,225,African,dark,brown,clean_shaven,L,P,,1,RP,SP,,,,,48,,,,51,52,52,52,52,52,52,61,59,59,59,0,0,,,,,0,,,,75,71,82,80,73,81,74,88,77,81,78,0,0,False,,,0,,,,,,0,50,balanced_sp,
P2904,Rufus,Walker,2005-09-07,72,170,African,dark,black,clean_shaven,L,P,,1,RP,CL,,,,,51,,,,49,50,48,50,54,53,54,60,0,65,0,0,0,,,,,0,,,,79,73,60,70,59,71,81,78,0,75,0,0,0,False,,,0,,,,,,0,50,closer,
P7317,Manuel,Hernandez,2007-07-31,76,184,Hispanic,dark,brown,clean_shaven,R,LF,,0,,,61,65,53,52,50,47,59,53,50,50,,,,,,,,,,,,83,82,72,79,50,0,0,53,71,68,,,,,,,,,,,,False,,,0,,,,,,0,50,,gap
P1684,Luis,Diaz,2006-10-22,69,224,Hispanic,light,red,clean_shaven,R,C,,0,,,51,50,48,51,49,50,57,52,53,53,,,,,,,,,,,,75,60,65,76,49,0,0,52,66,70,,,,,,,,,,,,False,,,0,,,,,,0,50,,balanced
P8638,Duane,Esfahani,2007-02-21,69,167,Anglo,light,black,clean_shaven,R,CF,,0,,,54,51,71,53,54,51,51,50,52,53,,,,,,,,,,,,73,64,97,82,54,0,0,50,64,66,,,,,,,,,,,,False,,,0,,,,,,0,50,,speed
P7955,Xavier,Walker,2005-11-21,72,245,African,dark,black,clean_shaven,R,C,,0,,,53,50,52,53,48,50,57,52,50,48,,,,,,,,,,,,69,69,77,64,48,0,0,52,69,72,,,,,,,,,,,,False,,,0,,,,,,0,50,,balanced
P4249,Alexis,Hadsall,2006-12-08,76,179,Anglo,medium,black,beard,R,C,,0,,,51,54,52,52,51,53,58,48,49,53,,,,,,,,,,,,66,70,64,67,51,0,0,48,79,66,,,,,,,,,,,,False,,,0,,,,,,0,50,,gap
P4947,Malik,Harris,1999-08-14,78,184,African,dark,black,clean_shaven,L,P,,1,RP,CL,,,,,55,,,,48,50,50,50,52,50,54,57,0,67,0,0,0,,,,,0,,,,63,58,65,57,60,64,67,72,0,80,0,0,0,False,,,0,,,,,,0,50,closer,
P2334,Aldo,Beliard,2002-08-08,69,196,Anglo,light,brown,mustache,R,P,,1,RP,SP,,,,,50,,,,49,50,54,50,54,50,53,0,60,60,0,56,0,,,,,0,,,,64,60,63,67,65,56,60,0,69,74,0,62,0,False,,,0,,,,,,0,50,power_sp,
P2667,Jose,Cruz,1995-05-14,70,194,Hispanic,dark,black,goatee,R,P,,1,RP,SP,,,,,52,,,,51,51,52,50,52,49,49,62,61,0,0,0,0,,,,,0,,,,46,46,50,47,51,51,45,62,64,0,0,0,0,False,,,0,,,,,,0,50,balanced_sp,
P4343,Hector,Rodriguez,1989-01-25,76,164,Hispanic,light,red,goatee,L,P,,1,RP,SP,,,,,52,,,,48,52,52,52,52,53,50,0,63,63,55,55,0,,,,,0,,,,38,52,48,43,49,47,48,0,60,61,45,47,0,False,,,0,,,,,,0,50,power_sp,
P3548,Fernando,Garcia,1997-12-28,74,225,Hispanic,medium,brown,clean_shaven,L,P,,1,RP,RP,,,,,54,,,,48,51,52,51,52,53,54,57,0,0,62,0,0,,,,,0,,,,48,56,50,54,52,52,56,61,0,0,64,0,0,False,,,0,,,,,,0,50,groundball_rp,
P5566,Xavier,Mitchell,1997-10-28,68,230,African,dark,brown,clean_shaven,R,P,,1,RP,RP,,,,,51,,,,49,51,50,52,52,49,53,0,62,64,0,0,0,,,,,0,,,,48,55,51,48,48,54,58,0,60,59,0,0,0,False,,,0,,,,,,0,50,power_rp,
P8172,Rufus,Robinson,1996-11-30,78,192,African,dark,brown,beard,R,P,,1,RP,SP,,,,,48,,,,51,53,50,53,53,52,52,62,59,0,0,0,0,,,,,0,,,,53,50,50,51,46,54,57,63,60,0,0,0,0,False,,,0,,,,,,0,50,balanced_sp,
P8375,Hector,Ortiz,1990-11-28,76,187,Hispanic,medium,brown,clean_shaven,L,P,,1,RP,SP,,,,,50,,,,49,51,53,51,52,49,54,0,59,59,0,0,0,,,,,0,,,,39,44,45,49,43,45,52,0,55,59,0,0,0,False,,,0,,,,,,0,50,power_sp,
P6037,Malik,Gaines,1989-06-06,73,172,African,dark,black,goatee,L,P,,1,RP,SP,,,,,50,,,,50,49,52,53,52,51,48,59,63,0,58,0,0,,,,,0,,,,47,48,47,44,47,42,40,58,54,0,51,0,0,False,,,0,,,,,,0,50,finesse_sp,
P5122,Luis,Ramos,1994-05-11,70,223,Hispanic,medium,brown,goatee,L,P,,1,RP,SP,,,,,52,,,,50,52,53,50,52,50,50,62,61,0,0,0,0,,,,,0,,,,48,54,50,49,58,54,55,61,58,0,0,0,0,False,,,0,,,,,,0,50,finesse_sp,
P6796,Mose,Hadson,2002-02-05,72,177,Anglo,light,blonde,clean_shaven,S,P,,1,RP,RP,,,,,53,,,,50,51,49,50,52,53,49,61,0,0,0,0,0,,,,,0,,,,61,60,63,58,59,65,59,76,0,0,0,0,0,False,,,0,,,,,,0,50,finesse_rp,
P1161,Xavier,Harris,1990-08-28,76,160,African,dark,black,goatee,R,C,,0,,,54,48,70,54,49,52,59,48,53,50,,,,,,,,,,,,49,40,70,45,49,0,0,48,50,44,,,,,,,,,,,,False,,,0,,,,,,0,50,,speed
P3710,Jose,Rodriguez,1998-10-05,71,190,Hispanic,dark,blonde,clean_shaven,R,1B,,0,,,53,52,70,50,50,48,54,49,51,52,,,,,,,,,,,,68,61,85,60,50,0,0,49,64,57,,,,,,,,,,,,False,,,0,,,,,,0,50,,speed
P8417,Miguel,Gomez,1988-12-26,69,213,Hispanic,light,black,clean_shaven,L,2B,,0,,,64,51,49,57,51,49,48,52,48,51,,,,,,,,,,,,58,43,46,48,51,0,0,52,45,43,,,,,,,,,,,,False,,,0,,,,,,0,50,,spray
P2081,Jermaine,Walker,2005-02-26,75,230,African,dark,black,beard,R,3B,,0,,,62,49,49,53,49,49,57,53,51,48,,,,,,,,,,,,87,76,76,82,49,0,0,53,69,69,,,,,,,,,,,,False,,,0,,,,,,0,50,,spray
P5993,Alejandro,Cruz,1997-03-31,72,188,Hispanic,dark,blonde,clean_shaven,R,SS,,0,,,62,52,53,54,53,47,59,53,51,47,,,,,,,,,,,,59,54,49,57,53,0,0,53,56,51,,,,,,,,,,,,False,,,0,,,,,,0,50,,spray
P5756,Ricardo,Garcia,1996-04-09,69,213,Hispanic,dark,brown,goatee,R,LF,,0,,,50,54,49,49,51,52,58,50,52,53,,,,,,,,,,,,48,54,51,46,51,0,0,50,53,51,,,,,,,,,,,,False,,,0,,,,,,0,50,,balanced
P9250,Alberto,Viscome,1999-07-23,75,243,Anglo,dark,brown,clean_shaven,S,CF,,0,,,53,47,85,53,53,50,46,48,48,48,,,,,,,,,,,,60,56,99,66,53,0,0,48,61,57,,,,,,,,,,,,False,,,0,,,,,,0,50,,elite_speed
P3279,Deandre,Eshlerman,1996-08-23,74,165,Anglo,light,black,clean_shaven,L,RF,,0,,,53,54,52,52,49,52,49,51,51,48,,,,,,,,,,,,52,55,55,51,49,0,0,51,47,43,,,,,,,,,,,,False,,,0,,,,,,0,50,,average
P5086,Jorge,Ortiz,2003-05-16,76,198,Hispanic,dark,black,mustache,L,RF,,0,,,60,52,48,54,53,51,51,49,52,50,,,,,,,,,,,,66,65,59,60,53,0,0,49,64,57,,,,,,,,,,,,False,,,0,,,,,,0,50,,spray
P4102,Sam,Thamphia,2004-03-31,70,182,Anglo,light,brown,clean_shaven,R,RF,,0,,,49,50,49,51,52,51,58,51,52,51,,,,,,,,,,,,62,78,70,78,52,0,0,51,82,68,,,,,,,,,,,,False,,,0,,,,,,0,50,,average
P8464,Raul,Ramirez,2003-04-19,72,225,Hispanic,medium,brown,beard,R,C,,0,,,50,50,52,50,49,50,59,48,51,48,,,,,,,,,,,,55,57,62,64,49,0,0,48,65,53,,,,,,,,,,,,False,,,0,,,,,,0,50,,balanced
P5905,Leroy,Wright,1996-01-03,72,239,African,dark,black,clean_shaven,L,C,,0,,,51,50,51,50,51,51,49,49,50,50,,,,,,,,,,,,54,49,51,46,51,0,0,49,47,53,,,,,,,,,,,,False,,,0,,,,,,0,50,,average
P7560,Hector,Reyes,1991-07-22,74,213,Hispanic,dark,red,goatee,L,3B,,0,,,53,50,49,52,47,48,51,49,49,49,,,,,,,,,,,,49,47,45,51,47,0,0,49,44,47,,,,,,,,,,,,False,,,0,,,,,,0,50,,balanced
P1455,Percy,King,1994-12-03,78,165,African,dark,black,beard,R,RF,,0,,,57,48,53,53,53,48,55,51,48,51,,,,,,,,,,,,52,43,48,52,53,0,0,51,48,46,,,,,,,,,,,,False,,,0,,,,,,0,50,,spray
P6274,Cedric,Baker,1990-01-16,78,186,African,dark,black,clean_shaven,L,P,,1,RP,CL,,,,,55,,,,49,50,51,52,52,50,56,58,62,65,0,0,0,,,,,0,,,,43,42,42,42,48,43,53,53,59,59,0,0,0,False,,,0,,,,,,0,50,closer,
P2393,Isiah,Cruikshank,1996-06-13,76,214,Anglo,light,blonde,clean_shaven,L,P,,1,RP,SP,,,,,48,,,,48,50,52,53,52,52,50,58,60,58,0,0,0,,,,,0,,,,49,55,54,48,50,49,48,59,64,53,0,0,0,False,,,0,,,,,,0,50,workhorse_sp,
P8261,Anderson,Molinski,1989-09-22,73,196,Anglo,light,brown,clean_shaven,S,P,,1,RP,RP,,,,,54,,,,51,51,52,51,53,53,50,59,63,0,0,0,0,,,,,0,,,,51,48,42,46,48,45,41,58,54,0,0,0,0,False,,,0,,,,,,0,50,finesse_rp,
P9397,Colin,Suben,1995-09-10,77,169,Anglo,medium,blonde,mustache,L,P,,1,RP,RP,,,,,51,,,,49,50,49,50,53,50,52,0,61,0,0,0,0,,,,,0,,,,53,55,48,51,52,45,55,0,59,0,0,0,0,False,,,0,,,,,,0,50,finesse_rp,
P6484,Rufus,Carter,1991-08-24,68,234,African,dark,black,beard,R,P,,1,RP,SP,,,,,51,,,,50,51,53,53,52,49,50,0,62,61,0,0,0,,,,,0,,,,45,51,43,42,44,49,48,0,53,52,0,0,0,False,,,0,,,,,,0,50,power_sp,
P2277,Antonio,Reyes,1997-09-07,78,250,Hispanic,medium,brown,goatee,L,P,,1,RP,RP,,,,,50,,,,51,50,51,53,53,50,55,0,62,66,0,57,0,,,,,0,,,,55,46,53,52,56,55,56,0,64,69,0,53,0,False,,,0,,,,,,0,50,power_rp,
P3876,Malik,Green,1997-01-19,77,188,African,dark,black,clean_shaven,R,P,,1,RP,SP,,,,,50,,,,49,52,54,50,52,48,52,61,60,61,0,0,0,,,,,0,,,,50,55,46,47,52,51,49,60,64,63,0,0,0,False,,,0,,,,,,0,50,balanced_sp,
P1452,Jermaine,Carter,1995-04-04,69,221,African,dark,black,clean_shaven,S,1B,,0,,,52,49,85,51,50,48,49,51,50,49,,,,,,,,,,,,57,44,81,49,50,0,0,51,47,54,,,,,,,,,,,,False,,,0,,,,,,0,50,,elite_speed
P3471,Darnell,Robinson,1989-11-15,74,230,African,dark,brown,mustache,L,LF,,0,,,52,50,70,50,49,51,46,52,51,51,,,,,,,,,,,,47,43,64,48,49,0,0,52,44,48,,,,,,,,,,,,False,,,0,,,,,,0,50,,speed
P1544,Fernando,Torres,1997-09-29,78,161,Hispanic,medium,black,clean_shaven,R,2B,,0,,,58,48,48,53,53,50,56,50,48,52,,,,,,,,,,,,59,50,51,49,53,0,0,50,43,52,,,,,,,,,,,,False,,,0,,,,,,0,50,,spray
P4639,Ferdinand,Berning,1987-05-02,72,220,Anglo,medium,black,clean_shaven,S,1B,,0,,,50,62,49,51,50,54,51,52,53,50,,,,,,,,,,,,49,54,39,43,50,0,0,52,44,44,,,,,,,,,,,,False,,,0,,,,,,0,50,,power
P5563,Rafael,Martinez,1999-04-19,72,209,Hispanic,medium,black,clean_shaven,R,3B,SS,0,,,60,51,50,50,52,51,59,50,51,51,,,,,,,,,,,,69,62,59,55,52,0,0,50,58,60,,,,,,,,,,,,False,,,0,,,,,,0,50,,spray
P9415,Jorge,Hernandez,1999-09-12,75,198,Hispanic,medium,blonde,beard,R,CF,,0,,,50,51,51,49,49,49,56,50,51,49,,,,,,,,,,,,61,64,57,62,49,0,0,50,61,56,,,,,,,,,,,,False,,,0,,,,,,0,50,,balanced
P6029,Jose,Garcia,1995-08-21,72,206,Hispanic,medium,black,clean_shaven,R,2B,,0,,,54,51,49,51,51,49,55,51,49,50,,,,,,,,,,,,55,55,46,56,51,0,0,51,54,54,,,,,,,,,,,,False,,,0,,,,,,0,50,,balanced
P2267,Jacinto,Kupchinsky,1999-03-19,72,214,Anglo,light,red,mustache,S,C,,0,,,55,48,50,49,50,50,55,53,49,49,,,,,,,,,,,,60,56,56,55,50,0,0,53,57,57,,,,,,,,,,,,False,,,0,,,,,,0,50,,spray
P7603,Xavier,Jefferson,2005-08-19,75,250,African,medium,brown,mustache,S,P,,1,RP,CL,,,,,55,,,,49,52,48,50,52,51,53,0,0,66,0,0,0,,,,,0,,,,61,63,66,78,71,76,75,0,0,78,0,0,0,False,,,0,,,,,,0,50,closer,
P5449,Gregorio,Cadle,2005-01-06,73,173,Anglo,medium,blonde,beard,R,P,,1,RP,SP,,,,,53,,,,51,50,53,53,52,52,53,62,59,58,60,0,0,,,,,0,,,,63,75,75,69,64,65,68,91,74,80,88,0,0,False,,,0,,,,,,0,50,groundball_sp,
P4284,Darnell,Green,2007-09-20,70,178,African,dark,black,clean_shaven,R,P,,1,RP,SP,,,,,51,,,,49,48,52,51,52,53,54,61,0,61,0,0,0,,,,,0,,,,77,70,68,68,81,75,65,71,0,90,0,0,0,False,,,0,,,,,,0,50,workhorse_sp,
P5548,Jude,Scharf,2006-04-14,68,189,Anglo,light,brown,clean_shaven,L,P,,1,RP,SP,,,,,52,,,,52,49,50,51,54,50,53,61,61,60,0,0,0,,,,,0,,,,78,69,61,64,65,78,82,82,72,84,0,0,0,False,,,0,,,,,,0,50,balanced_sp,
P1521,Darnell,Walker,2005-09-23,72,189,African,dark,brown,clean_shaven,R,P,,1,RP,RP,,,,,55,,,,48,51,49,51,52,53,49,0,0,65,63,0,0,,,,,0,,,,65,67,66,67,60,72,69,0,0,75,81,0,0,False,,,0,,,,,,0,50,groundball_rp,
P1039,Fred,Bienvenu,2004-08-27,74,170,Anglo,light,brown,clean_shaven,R,C,,0,,,51,53,48,51,52,52,59,51,50,49,,,,,,,,,,,,79,78,69,81,52,0,0,51,67,60,,,,,,,,,,,,False,,,0,,,,,,0,50,,balanced
P4535,Fabian,Gullickson,2004-06-30,76,244,Anglo,medium,blonde,beard,R,3B,,0,,,49,51,48,50,52,53,60,51,50,51,,,,,,,,,,,,78,79,70,62,52,0,0,51,63,81,,,,,,,,,,,,False,,,0,,,,,,0,50,,balanced
P2682,Felton,Wach,2005-03-29,77,196,Anglo,dark,black,clean_shaven,R,LF,,0,,,49,50,51,51,52,52,56,50,50,53,,,,,,,,,,,,76,72,78,70,52,0,0,50,62,70,,,,,,,,,,,,False,,,0,,,,,,0,50,,average
P8476,Antonio,Flores,2007-10-26,70,199,Hispanic,dark,black,clean_shaven,L,LF,3B,0,,,53,51,53,49,50,49,51,51,51,49,,,,,,,,,,,,65,66,64,70,50,0,0,51,62,60,,,,,,,,,,,,False,,,0,,,,,,0,50,,balanced
P1318,Darnell,King,2004-05-16,73,236,African,dark,black,goatee,R,LF,,0,,,49,52,50,50,51,49,56,52,49,48,,,,,,,,,,,,70,82,73,69,51,0,0,52,75,77,,,,,,,,,,,,False,,,0,,,,,,0,50,,average
P1626,Jamal,Carter,2001-10-11,74,227,African,dark,black,clean_shaven,S,P,,1,RP,CL,,,,,55,,,,51,54,51,51,52,52,54,0,0,65,0,0,0,,,,,0,,,,66,68,64,61,64,62,60,0,0,79,0,0,0,False,,,0,,,,,,0,50,closer,
P4513,Manuel,Vargas,1994-10-05,75,192,Hispanic,medium,red,beard,L,P,,1,RP,RP,,,,,51,,,,52,53,49,52,52,49,50,60,64,63,0,0,0,,,,,0,,,,48,58,50,49,46,50,45,60,63,61,0,0,0,False,,,0,,,,,,0,50,finesse_rp,
P7023,Archie,Sillitti,1990-01-26,73,234,Anglo,dark,brown,clean_shaven,R,P,,1,RP,RP,,,,,49,,,,48,51,52,51,52,53,50,58,0,0,0,0,0,,,,,0,,,,45,46,48,48,46,43,50,49,0,0,0,0,0,False,,,0,,,,,,0,50,finesse_rp,
P3254,Malik,Washington,2002-04-30,72,225,African,dark,black,clean_shaven,R,P,,1,RP,SP,,,,,50,,,,48,49,49,51,52,51,49,59,60,57,57,0,0,,,,,0,,,,56,59,62,58,63,66,55,68,70,65,64,0,0,False,,,0,,,,,,0,50,groundball_sp,
P6109,Weldon,Caughman,1991-08-18,75,229,Anglo,light,blonde,mustache,L,P,,1,RP,SP,,,,,51,,,,52,50,50,51,52,51,54,0,63,62,0,0,0,,,,,0,,,,44,44,50,52,46,41,44,0,53,57,0,0,0,False,,,0,,,,,,0,50,power_sp,
P3829,Lanny,Sonkin,1991-05-28,72,223,Anglo,medium,black,clean_shaven,R,P,,1,RP,RP,,,,,50,,,,53,51,50,50,52,51,54,0,63,0,0,0,0,,,,,0,,,,49,43,43,42,46,43,52,0,61,0,0,0,0,False,,,0,,,,,,0,50,power_rp,
P6567,Tyrone,Baker,1995-03-12,77,169,African,dark,black,clean_shaven,R,P,,1,RP,SP,,,,,48,,,,50,50,54,54,54,50,51,61,60,0,0,56,0,,,,,0,,,,46,45,50,55,53,46,51,59,65,0,0,58,0,False,,,0,,,,,,0,50,finesse_sp,
P1499,Roberto,Morales,1992-09-28,77,199,Hispanic,medium,black,beard,S,P,,1,RP,RP,,,,,50,,,,48,50,48,50,54,50,52,0,61,67,0,0,0,,,,,0,,,,41,43,44,49,38,40,43,0,59,63,0,0,0,False,,,0,,,,,,0,50,power_rp,
P9954,Juan,Diaz,1987-04-14,69,186,Hispanic,dark,black,clean_shaven,R,P,,1,RP,RP,,,,,51,,,,53,49,53,53,53,51,53,58,0,0,0,0,0,,,,,0,,,,53,41,45,52,45,49,49,57,0,0,0,0,0,False,,,0,,,,,,0,50,finesse_rp,
P4001,Deshawn,Taylor,2001-08-08,73,177,African,medium,black,goatee,R,P,,1,RP,SP,,,,,48,,,,53,48,52,50,52,52,52,58,63,61,0,54,0,,,,,0,,,,62,59,59,62,67,57,57,64,73,71,0,64,0,False,,,0,,,,,,0,50,balanced_sp,
P1598,Arlie,Kostka,1992-03-23,77,176,Anglo,light,brown,clean_shaven,R,P,,1,RP,RP,,,,,50,,,,51,50,49,50,53,52,55,0,62,63,58,0,0,,,,,0,,,,44,46,40,52,43,42,46,0,52,56,50,0,0,False,,,0,,,,,,0,50,power_rp,
P7689,Roberto,Gonzalez,2002-03-02,76,249,Hispanic,dark,blonde,mustache,R,C,,0,,,52,50,47,49,53,51,56,48,52,48,,,,,,,,,,,,61,57,52,54,53,0,0,48,57,59,,,,,,,,,,,,False,,,0,,,,,,0,50,,average
P8273,Alejandro,Flores,2000-03-18,73,212,Hispanic,dark,black,clean_shaven,S,1B,,0,,,50,58,53,51,48,50,54,50,52,51,,,,,,,,,,,,57,64,67,58,48,0,0,50,63,64,,,,,,,,,,,,False,,,0,,,,,,0,50,,balanced
P4334,Tyrone,Allen,1992-06-28,70,189,African,dark,black,clean_shaven,R,2B,,0,,,55,52,48,52,49,49,57,50,53,50,,,,,,,,,,,,47,51,39,46,49,0,0,50,50,40,,,,,,,,,,,,False,,,0,,,,,,0,50,,balanced
P8040,Cedric,Allen,2002-08-10,74,242,African,dark,brown,clean_shaven,R,3B,,0,,,49,51,72,50,52,50,58,50,47,52,,,,,,,,,,,,55,62,80,57,52,0,0,50,57,60,,,,,,,,,,,,False,,,0,,,,,,0,50,,speed
P6148,Malik,Young,2004-03-08,73,209,African,dark,black,goatee,R,SS,,0,,,53,51,49,51,51,49,56,53,51,51,,,,,,,,,,,,71,63,67,61,51,0,0,53,80,62,,,,,,,,,,,,False,,,0,,,,,,0,50,,balanced
P5863,Guadalupe,Brickel,2000-08-02,71,247,Anglo,medium,blonde,clean_shaven,R,LF,,0,,,52,50,52,51,49,49,59,48,51,50,,,,,,,,,,,,61,57,66,61,49,0,0,48,56,58,,,,,,,,,,,,False,,,0,,,,,,0,50,,balanced
P5453,Jamal,Taylor,1990-05-16,75,218,African,dark,black,clean_shaven,R,CF,,0,,,54,50,71,53,50,50,54,51,47,53,,,,,,,,,,,,45,47,71,46,50,0,0,51,42,51,,,,,,,,,,,,False,,,0,,,,,,0,50,,speed
P9444,Rufus,White,1998-05-18,76,247,African,dark,brown,clean_shaven,R,RF,,0,,,58,49,53,51,50,52,54,49,49,51,,,,,,,,,,,,69,61,63,57,50,0,0,49,57,57,,,,,,,,,,,,False,,,0,,,,,,0,50,,spray
P8513,Cedric,Washington,1990-03-31,70,175,African,medium,black,clean_shaven,R,SS,,0,,,52,47,87,51,53,47,57,50,51,47,,,,,,,,,,,,48,46,84,50,53,0,0,50,48,41,,,,,,,,,,,,False,,,0,,,,,,0,50,,speed
P7935,Deshawn,Jefferson,1988-04-16,70,178,African,dark,black,clean_shaven,R,SS,,0,,,53,50,53,50,49,52,58,50,50,47,,,,,,,,,,,,43,47,46,40,49,0,0,50,49,43,,,,,,,,,,,,False,,,0,,,,,,0,50,,balanced
P9251,Darnell,Scott,1998-09-15,72,196,African,dark,brown,goatee,L,CF,,0,,,53,48,70,50,53,50,46,47,49,51,,,,,,,,,,,,66,57,81,56,53,0,0,47,56,65,,,,,,,,,,,,False,,,0,,,,,,0,50,,speed
P5192,Odis,Carney,1995-07-23,77,170,Anglo,dark,red,clean_shaven,L,CF,,0,,,64,50,51,51,51,51,44,52,48,50,,,,,,,,,,,,60,47,56,47,51,0,0,52,47,54,,,,,,,,,,,,False,,,0,,,,,,0,50,,spray
P2460,Kent,Guerreiro,1997-01-09,77,248,Anglo,dark,brown,clean_shaven,L,C,,0,,,65,48,48,52,51,49,48,53,50,49,,,,,,,,,,,,61,53,52,56,51,0,0,53,46,50,,,,,,,,,,,,False,,,0,,,,,,0,50,,spray
P9781,Rufus,Mitchell,2003-06-10,76,246,African,medium,black,clean_shaven,R,3B,,0,,,50,58,47,49,47,50,59,52,48,53,,,,,,,,,,,,58,64,62,55,47,0,0,52,54,67,,,,,,,,,,,,False,,,0,,,,,,0,50,,power
P1085,Jamal,Robinson,1987-07-31,68,223,African,dark,black,goatee,R,P,,1,RP,CL,,,,,55,,,,50,52,49,52,54,49,54,60,59,65,0,0,0,,,,,0,,,,43,49,46,49,47,47,51,58,58,59,0,0,0,False,,,0,,,,,,0,50,closer,
P3186,Hector,Cruz,2001-06-28,77,195,Hispanic,light,black,clean_shaven,S,P,,1,RP,LR,,,,,54,,,,53,51,49,50,52,51,49,58,60,66,0,0,0,,,,,0,,,,66,65,65,60,55,57,59,67,70,79,0,0,0,False,,,0,,,,,,0,50,long_relief,
P2102,Rufus,Green,2001-10-09,75,239,African,medium,black,clean_shaven,L,P,,1,RP,SP,,,,,48,,,,53,52,50,51,52,50,48,59,59,0,0,0,0,,,,,0,,,,63,62,64,57,62,57,60,71,67,0,0,0,0,False,,,0,,,,,,0,50,finesse_sp,
P5388,Jorge,Vasquez,1987-04-08,71,191,Hispanic,medium,black,mustache,S,P,,1,RP,SP,,,,,50,,,,49,54,51,50,52,49,53,0,59,60,56,0,0,,,,,0,,,,40,45,46,43,41,48,53,0,55,50,47,0,0,False,,,0,,,,,,0,50,power_sp,
P1843,Felton,Shuptrine,1987-11-20,76,224,Anglo,light,black,mustache,R,P,,1,RP,SP,,,,,48,,,,49,51,49,50,54,49,50,62,63,0,0,56,0,,,,,0,,,,41,44,46,53,49,45,46,59,63,0,0,49,0,False,,,0,,,,,,0,50,finesse_sp,
P8180,Jose,Gomez,1987-08-11,72,237,Hispanic,medium,black,clean_shaven,L,P,,1,RP,SP,,,,,49,,,,48,52,53,52,54,51,49,58,0,58,0,0,0,,,,,0,,,,41,47,52,48,52,46,39,51,0,54,0,0,0,False,,,0,,,,,,0,50,balanced_sp,
P7210,Jamal,Young,1996-07-27,76,207,African,medium,brown,beard,R,P,,1,RP,SP,,,,,52,,,,50,49,51,51,52,48,50,60,63,61,0,53,0,,,,,0,,,,55,47,48,47,52,46,46,60,60,66,0,57,0,False,,,0,,,,,,0,50,balanced_sp,
P4388,Rufus,Gaines,1994-04-03,68,210,African,dark,black,clean_shaven,R,C,,0,,,50,49,51,49,51,53,55,49,52,51,,,,,,,,,,,,49,52,50,53,51,0,0,49,49,47,,,,,,,,,,,,False,,,0,,,,,,0,50,,average
P6534,Roberto,Rivera,1996-04-15,72,223,Hispanic,light,brown,clean_shaven,S,LF,,0,,,51,58,51,52,49,53,51,51,48,51,,,,,,,,,,,,53,61,51,57,49,0,0,51,48,56,,,,,,,,,,,,False,,,0,,,,,,0,50,,power
P3899,Carlos,Vasquez,1991-09-23,71,247,Hispanic,light,black,clean_shaven,R,3B,,0,,,50,56,48,49,46,50,57,51,51,51,,,,,,,,,,,,46,48,45,39,46,0,0,51,48,41,,,,,,,,,,,,False,,,0,,,,,,0,50,,power
P4515,Alejandro,Perez,2004-08-04,75,213,Hispanic,medium,brown,clean_shaven,L,LF,CF,0,,,50,51,70,50,54,47,52,50,48,50,,,,,,,,,,,,76,69,99,80,54,0,0,50,76,62,,,,,,,,,,,,False,,,0,,,,,,0,50,,speed
P6395,Juan,Sanchez,1995-04-12,73,173,Hispanic,medium,brown,clean_shaven,R,2B,,0,,,52,50,78,52,53,49,57,48,49,53,,,,,,,,,,,,49,54,79,53,53,0,0,48,50,53,,,,,,,,,,,,False,,,0,,,,,,0,50,,speed
P7723,Jermaine,Harris,1990-10-25,77,227,African,dark,black,clean_shaven,R,3B,,0,,,49,51,53,52,51,52,59,51,51,49,,,,,,,,,,,,46,48,43,45,51,0,0,51,47,41,,,,,,,,,,,,False,,,0,,,,,,0,50,,balanced
P1531,Percy,Walker,2002-01-22,72,207,African,dark,brown,beard,R,C,,0,,,51,54,50,49,52,50,60,52,52,50,,,,,,,,,,,,65,59,56,59,52,0,0,52,57,61,,,,,,,,,,,,False,,,0,,,,,,0,50,,average
P3229,Francisco,Vasquez,1987-05-25,70,231,Hispanic,medium,black,clean_shaven,R,3B,,0,,,51,59,50,50,46,51,56,49,49,51,,,,,,,,,,,,43,57,49,43,46,0,0,49,49,45,,,,,,,,,,,,False,,,0,,,,,,0,50,,power
P8971,Doyle,Camerena,2004-11-14,70,180,Anglo,light,red,clean_shaven,S,P,,1,RP,CL,,,,,55,,,,51,54,49,51,54,50,52,57,57,67,0,0,0,,,,,0,,,,69,75,78,66,70,74,66,74,86,85,0,0,0,False,,,0,,,,,,0,50,closer,
P9418,Xavier,Washington,2004-09-21,73,224,African,dark,black,clean_shaven,L,P,,1,RP,SP,,,,,48,,,,50,51,51,52,52,51,50,61,64,61,0,58,0,,,,,0,,,,72,81,74,63,66,69,79,81,75,81,0,82,0,False,,,0,,,,,,0,50,finesse_sp,
P4803,Eduardo,Garcia,2007-01-20,78,219,Hispanic,medium,black,clean_shaven,L,P,,1,RP,SP,,,,,52,,,,50,49,51,53,52,50,49,60,58,62,61,0,0,,,,,0,,,,73,59,71,67,67,65,69,85,80,82,82,0,0,False,,,0,,,,,,0,50,groundball_sp,
P5053,Carlos,Gonzalez,2004-10-25,76,204,Hispanic,medium,black,clean_shaven,S,P,,1,RP,SP,,,,,52,,,,51,51,52,50,54,52,51,61,62,59,58,0,0,,,,,0,,,,66,81,65,65,81,67,67,72,78,88,74,0,0,False,,,0,,,,,,0,50,workhorse_sp,
P4838,Roberto,Ortiz,2007-04-27,75,169,Hispanic,dark,brown,clean_shaven,R,P,,1,RP,RP,,,,,51,,,,51,49,51,51,52,50,51,61,59,0,61,0,0,,,,,0,,,,80,78,65,78,62,64,67,90,87,0,74,0,0,False,,,0,,,,,,0,50,finesse_rp,
P4798,Cedric,Jefferson,2005-12-24,74,160,African,dark,black,clean_shaven,R,SS,,0,,,54,52,85,50,48,50,59,53,50,49,,,,,,,,,,,,66,73,99,76,48,0,0,53,72,61,,,,,,,,,,,,False,,,0,,,,,,0,50,,elite_speed
P1755,Jermaine,Allen,2007-12-20,77,196,African,dark,black,clean_shaven,R,C,,0,,,68,52,53,52,53,49,56,48,50,51,,,,,,,,,,,,95,68,80,74,53,0,0,48,67,66,,,,,,,,,,,,False,,,0,,,,,,0,50,,spray
P1580,Jermaine,Green,2007-09-28,75,217,African,dark,black,clean_shaven,R,C,,0,,,51,50,49,52,48,52,58,53,49,48,,,,,,,,,,,,76,80,66,74,48,0,0,53,72,74,,,,,,,,,,,,False,,,0,,,,,,0,50,,average
P8438,Fernando,Mendoza,2007-10-31,73,214,Hispanic,light,brown,mustache,S,CF,,0,,,58,49,51,53,50,48,46,51,52,51,,,,,,,,,,,,74,59,62,82,50,0,0,51,67,62,,,,,,,,,,,,False,,,0,,,,,,0,50,,spray
P4393,Fredrick,Schneidtmille,2007-02-15,78,240,Anglo,light,blonde,clean_shaven,R,SS,,0,,,54,52,54,52,48,50,58,51,51,49,,,,,,,,,,,,67,79,71,77,48,0,0,51,71,62,,,,,,,,,,,,False,,,0,,,,,,0,50,,balanced
P8862,Ricardo,Castillo,1992-06-08,75,188,Hispanic,dark,brown,clean_shaven,R,P,,1,RP,CL,,,,,55,,,,50,50,50,52,53,53,56,0,0,66,0,0,0,,,,,0,,,,40,48,48,49,45,45,48,0,0,61,0,0,0,False,,,0,,,,,,0,50,closer,
P1166,Percy,Robinson,2005-02-20,73,177,African,dark,black,clean_shaven,R,P,,1,RP,SP,,,,,51,,,,48,52,53,50,52,52,53,61,60,59,0,0,0,,,,,0,,,,70,63,63,68,75,74,64,83,70,81,0,0,0,False,,,0,,,,,,0,50,balanced_sp,
P4253,Juan,Cruz,1987-06-26,76,244,Hispanic,medium,black,goatee,R,P,,1,RP,SP,,,,,50,,,,48,52,50,51,52,49,51,61,61,60,0,54,0,,,,,0,,,,48,44,46,50,46,42,49,56,53,55,0,50,0,False,,,0,,,,,,0,50,power_sp,
P5687,Shaun,Viessman,1996-03-21,69,220,Anglo,dark,blonde,beard,L,P,,1,RP,SP,,,,,50,,,,52,51,52,52,52,49,52,60,59,62,0,0,0,,,,,0,,,,54,56,53,56,50,53,49,64,61,64,0,0,0,False,,,0,,,,,,0,50,workhorse_sp,
P5067,Brad,Camire,1992-09-24,70,175,Anglo,light,blonde,goatee,L,P,,1,RP,SP,,,,,49,,,,51,50,50,50,52,48,55,0,60,59,0,56,0,,,,,0,,,,46,45,40,45,48,40,47,0,54,58,0,53,0,False,,,0,,,,,,0,50,power_sp,
P2213,Rafael,Rodriguez,1996-08-20,69,180,Hispanic,medium,brown,clean_shaven,R,P,,1,RP,SP,,,,,49,,,,53,51,52,53,52,52,49,61,63,0,0,0,0,,,,,0,,,,50,51,48,52,51,53,51,62,60,0,0,0,0,False,,,0,,,,,,0,50,finesse_sp,
P3766,Hector,Gonzalez,1996-07-07,75,204,Hispanic,medium,brown,clean_shaven,R,P,,1,RP,RP,,,,,50,,,,50,50,51,50,52,52,54,0,0,65,0,0,0,,,,,0,,,,55,45,54,50,53,55,58,0,0,68,0,0,0,False,,,0,,,,,,0,50,power_rp,
P2416,Raul,Flores,1991-01-27,72,165,Hispanic,medium,red,beard,R,P,,1,RP,SP,,,,,50,,,,51,49,54,50,52,50,50,60,61,59,60,0,0,,,,,0,,,,43,40,45,44,46,45,41,54,59,50,55,0,0,False,,,0,,,,,,0,50,finesse_sp,
P7818,Virgil,Zettlemoyer,2004-08-16,76,206,Anglo,light,brown,beard,R,P,,1,RP,SP,,,,,50,,,,49,53,53,51,52,48,52,60,60,60,60,0,0,,,,,0,,,,61,78,70,78,74,65,68,79,88,82,70,0,0,False,,,0,,,,,,0,50,balanced_sp,
P6795,Cedric,Mitchell,1998-12-26,73,228,African,dark,black,mustache,L,P,,1,RP,SP,,,,,49,,,,51,50,53,53,52,50,53,61,60,61,57,0,0,,,,,0,,,,65,56,62,63,64,55,65,75,67,67,70,0,0,False,,,0,,,,,,0,50,balanced_sp,
P2426,Alejandro,Hernandez,2000-07-13,68,195,Hispanic,dark,brown,beard,L,P,,1,RP,SP,,,,,53,,,,48,49,51,53,52,51,50,58,0,61,0,0,0,,,,,0,,,,56,64,63,57,65,57,61,68,0,69,0,0,0,False,,,0,,,,,,0,50,balanced_sp,
P4557,Leroy,Allen,1989-08-17,77,216,African,medium,brown,mustache,R,C,,0,,,53,49,49,52,52,53,59,52,53,49,,,,,,,,,,,,50,42,41,52,52,0,0,52,51,43,,,,,,,,,,,,False,,,0,,,,,,0,50,,average
P6544,Deshawn,Green,2001-10-27,75,249,African,dark,black,clean_shaven,L,1B,,0,,,51,65,47,50,50,50,46,49,49,50,,,,,,,,,,,,64,75,62,64,50,0,0,49,56,57,,,,,,,,,,,,False,,,0,,,,,,0,50,,power
P4526,Barton,Figuroa,1993-07-07,73,238,Anglo,dark,red,clean_shaven,S,2B,,0,,,51,52,51,51,52,49,50,49,53,51,,,,,,,,,,,,47,50,46,41,52,0,0,49,44,45,,,,,,,,,,,,False,,,0,,,,,,0,50,,balanced
P7577,Antonio,Ramos,1989-08-03,72,246,Hispanic,medium,blonde,mustache,L,3B,,0,,,49,60,50,50,50,51,47,49,51,48,,,,,,,,,,,,46,54,48,48,50,0,0,49,51,45,,,,,,,,,,,,False,,,0,,,,,,0,50,,power
P4759,Abel,Bernhagen,1999-03-16,75,199,Anglo,medium,brown,clean_shaven,R,SS,,0,,,54,50,85,52,48,47,59,50,50,50,,,,,,,,,,,,67,63,95,59,48,0,0,50,61,60,,,,,,,,,,,,False,,,0,,,,,,0,50,,elite_speed
P4868,Deshawn,White,1999-09-13,73,209,African,medium,black,clean_shaven,L,LF,,0,,,51,61,48,50,48,53,48,50,51,52,,,,,,,,,,,,66,66,56,64,48,0,0,50,56,64,,,,,,,,,,,,False,,,0,,,,,,0,50,,power
P9741,Andre,Ghrist,1997-08-27,69,230,Anglo,dark,red,goatee,R,CF,,0,,,54,47,70,51,50,48,50,50,50,52,,,,,,,,,,,,57,43,75,53,50,0,0,50,47,53,,,,,,,,,,,,False,,,0,,,,,,0,50,,speed
P4623,Tyrone,Young,2002-09-18,76,199,African,dark,black,clean_shaven,R,RF,,0,,,62,51,53,52,50,50,53,49,49,50,,,,,,,,,,,,75,56,68,65,50,0,0,49,61,60,,,,,,,,,,,,False,,,0,,,,,,0,50,,spray
P7474,Rafael,Reyes,1987-09-06,71,204,Hispanic,medium,brown,clean_shaven,R,3B,,0,,,51,51,50,49,48,51,55,51,49,53,,,,,,,,,,,,47,51,47,47,48,0,0,51,40,45,,,,,,,,,,,,False,,,0,,,,,,0,50,,balanced
P2793,Percy,Gaines,2001-04-11,73,237,African,dark,black,clean_shaven,S,CF,,0,,,51,48,51,51,51,51,51,50,51,51,,,,,,,,,,,,59,53,59,57,51,0,0,50,59,57,,,,,,,,,,,,False,,,0,,,,,,0,50,,average
P7812,Juan,Perez,1992-04-10,69,172,Hispanic,medium,blonde,clean_shaven,L,RF,,0,,,53,59,49,51,50,54,46,48,50,50,,,,,,,,,,,,48,58,47,46,50,0,0,48,43,43,,,,,,,,,,,,False,,,0,,,,,,0,50,,power
P1619,Ira,Chomka,1991-05-05,75,166,Anglo,light,black,clean_shaven,R,CF,,0,,,62,65,50,52,49,50,51,47,52,50,,,,,,,,,,,,55,63,41,46,49,0,0,47,50,45,,,,,,,,,,,,False,,,0,,,,,,0,50,,gap
P6345,Carlos,Sanchez,1999-05-05,70,231,Hispanic,light,black,beard,R,2B,,0,,,51,50,70,52,53,46,58,51,52,49,,,,,,,,,,,,65,61,83,59,53,0,0,51,64,56,,,,,,,,,,,,False,,,0,,,,,,0,50,,speed
P1915,Hassan,Prehoda,1999-09-21,71,236,Anglo,light,black,mustache,R,2B,,0,,,66,49,50,58,53,48,58,49,48,53,,,,,,,,,,,,73,64,58,73,53,0,0,49,59,61,,,,,,,,,,,,False,,,0,,,,,,0,50,,spray
P9681,Jorge,Rivera,2003-12-10,69,246,Hispanic,medium,black,clean_shaven,L,P,,1,RP,CL,,,,,55,,,,48,50,48,52,52,53,54,0,61,65,0,0,0,,,,,0,,,,59,63,58,59,62,65,69,0,68,73,0,0,0,False,,,0,,,,,,0,50,closer,
P4945,Gabriel,Sandhoff,1992-09-18,73,180,Anglo,dark,brown,beard,L,P,,1,RP,RP,,,,,53,,,,49,51,50,50,52,50,52,0,60,65,62,0,0,,,,,0,,,,42,45,45,52,48,50,52,0,54,60,62,0,0,False,,,0,,,,,,0,50,power_rp,
P8348,Jorge,Perez,1988-07-30,70,194,Hispanic,medium,blonde,mustache,R,P,,1,RP,RP,,,,,54,,,,51,53,52,50,53,50,52,0,60,64,60,0,0,,,,,0,,,,50,43,43,52,51,41,50,0,53,62,50,0,0,False,,,0,,,,,,0,50,groundball_rp,
P4101,Salvador,Otomo,2004-12-14,73,223,Anglo,medium,brown,beard,R,P,,1,RP,SP,,,,,52,,,,49,50,54,50,54,53,53,61,62,0,0,0,0,,,,,0,,,,68,67,79,72,80,82,83,85,85,0,0,0,0,False,,,0,,,,,,0,50,workhorse_sp,
P4208,Miguel,Garcia,1988-07-06,74,222,Hispanic,medium,black,goatee,S,P,,1,RP,SP,,,,,48,,,,48,50,51,53,52,49,51,59,63,62,0,0,0,,,,,0,,,,47,42,46,42,43,49,42,51,58,58,0,0,0,False,,,0,,,,,,0,50,balanced_sp,
P5807,Pierre,Kolb,1995-07-17,69,204,Anglo,light,brown,clean_shaven,R,P,,1,RP,LR,,,,,49,,,,50,50,53,53,52,48,54,57,60,0,0,0,0,,,,,0,,,,46,49,54,54,48,44,49,60,61,0,0,0,0,False,,,0,,,,,,0,50,long_relief,
P2187,Eduardo,Cruz,1995-11-05,73,244,Hispanic,light,blonde,clean_shaven,S,P,,1,RP,SP,,,,,50,,,,51,51,50,50,53,51,52,59,60,0,62,0,0,,,,,0,,,,52,55,46,58,55,47,54,56,62,0,65,0,0,False,,,0,,,,,,0,50,groundball_sp,
P3275,Antonio,Gonzalez,1999-04-18,77,160,Hispanic,light,brown,clean_shaven,R,C,,0,,,50,53,50,50,50,49,55,52,49,50,,,,,,,,,,,,60,58,56,55,50,0,0,52,61,57,,,,,,,,,,,,False,,,0,,,,,,0,50,,average
P2276,Luis,Cruz,2002-02-08,74,191,Hispanic,light,black,clean_shaven,L,LF,CF,0,,,53,60,48,49,49,53,47,51,50,51,,,,,,,,,,,,67,66,62,55,49,0,0,51,55,65,,,,,,,,,,,,False,,,0,,,,,,0,50,,power
P2950,Darnell,Taylor,2003-09-22,74,171,African,medium,black,clean_shaven,R,LF,,0,,,49,54,51,49,52,50,57,49,52,52,,,,,,,,,,,,58,61,59,60,52,0,0,49,63,60,,,,,,,,,,,,False,,,0,,,,,,0,50,,balanced
P7791,Jerald,Shaklee,1995-02-21,71,191,Anglo,medium,black,clean_shaven,L,C,,0,,,49,62,47,49,50,50,47,52,50,53,,,,,,,,,,,,45,63,52,49,50,0,0,52,46,53,,,,,,,,,,,,False,,,0,,,,,,0,50,,power
P9814,Carlos,Mendoza,1989-07-07,75,173,Hispanic,dark,brown,mustache,L,1B,,0,,,53,62,47,49,47,51,50,52,52,51,,,,,,,,,,,,45,58,45,44,47,0,0,52,44,47,,,,,,,,,,,,False,,,0,,,,,,0,50,,power
P7712,Tyrone,Wright,1993-10-30,69,178,African,dark,black,mustache,S,LF,,0,,,50,62,48,51,50,52,53,51,53,50,,,,,,,,,,,,40,52,39,42,50,0,0,51,50,47,,,,,,,,,,,,False,,,0,,,,,,0,50,,power
P5093,Fernando,Cruz,2001-03-22,76,178,Hispanic,dark,black,clean_shaven,R,2B,,0,,,54,52,50,53,49,48,57,49,51,53,,,,,,,,,,,,61,61,59,65,49,0,0,49,65,68,,,,,,,,,,,,False,,,0,,,,,,0,50,,average
P6456,Leroy,Young,1990-11-08,68,206,African,dark,brown,beard,R,2B,,0,,,55,48,50,54,54,46,55,52,48,50,,,,,,,,,,,,49,41,48,52,54,0,0,52,45,46,,,,,,,,,,,,False,,,0,,,,,,0,50,,spray
P2884,Jermaine,Gaines,2005-06-02,69,203,African,medium,black,mustache,R,P,,1,RP,CL,,,,,55,,,,48,53,49,50,52,51,53,0,62,67,0,0,0,,,,,0,,,,77,83,72,65,60,65,82,0,77,94,0,0,0,False,,,0,,,,,,0,50,closer,
P2747,Leroy,Carter,2007-09-01,72,162,African,dark,black,clean_shaven,L,P,,1,RP,RP,,,,,53,,,,48,54,48,52,52,51,52,0,59,66,0,0,0,,,,,0,,,,78,77,70,82,64,81,82,0,78,89,0,0,0,False,,,0,,,,,,0,50,power_rp,
P4894,Darnell,Jefferson,2006-01-25,72,189,African,medium,black,clean_shaven,S,P,,1,RP,SP,,,,,52,,,,51,50,52,50,52,49,52,62,63,57,0,57,0,,,,,0,,,,80,68,80,64,78,65,66,77,90,72,0,67,0,False,,,0,,,,,,0,50,finesse_sp,
P5466,Jorge,Reyes,2004-12-29,78,187,Hispanic,dark,black,clean_shaven,S,P,,1,RP,SP,,,,,50,,,,48,52,53,52,52,49,51,61,59,62,0,0,0,,,,,0,,,,68,64,62,75,64,74,80,72,81,86,0,0,0,False,,,0,,,,,,0,50,balanced_sp,
P2186,Johnnie,Kinaj,2006-01-17,72,240,Anglo,light,brown,clean_shaven,S,P,1B,1,RP,SP,,,,,54,,,,49,52,50,52,54,52,51,61,60,0,61,0,0,,,,,0,,,,59,75,63,84,71,72,64,80,77,0,81,0,0,False,,,0,,,,,,0,50,groundball_sp,
P8239,Felipe,Goodwater,2007-01-17,69,182,Anglo,medium,blonde,goatee,L,1B,,0,,,53,50,70,50,52,52,47,48,51,52,,,,,,,,,,,,82,72,93,66,52,0,0,48,81,71,,,,,,,,,,,,False,,,0,,,,,,0,50,,speed
P6537,Percy,Young,2007-09-28,68,245,African,dark,black,clean_shaven,L,CF,,0,,,61,50,54,53,53,48,46,47,51,53,,,,,,,,,,,,82,71,80,76,53,0,0,47,75,66,,,,,,,,,,,,False,,,0,,,,,,0,50,,spray
P5356,Hector,Sanchez,2007-02-03,72,250,Hispanic,medium,black,clean_shaven,L,LF,,0,,,54,51,49,54,50,49,47,52,49,49,,,,,,,,,,,,73,70,63,66,50,0,0,52,66,59,,,,,,,,,,,,False,,,0,,,,,,0,50,,gap
P1608,Miguel,Flores,2004-07-20,68,219,Hispanic,dark,blonde,goatee,L,LF,,0,,,59,51,50,50,49,51,47,52,52,52,,,,,,,,,,,,70,74,70,76,49,0,0,52,79,64,,,,,,,,,,,,False,,,0,,,,,,0,50,,spray
P6660,Quentin,Harker,2005-10-29,74,192,Anglo,light,black,clean_shaven,R,C,,0,,,51,54,50,50,53,51,56,50,53,49,,,,,,,,,,,,64,84,76,73,53,0,0,50,81,64,,,,,,,,,,,,False,,,0,,,,,,0,50,,balanced
P2481,Fernando,Castillo,1993-08-20,75,177,Hispanic,medium,brown,beard,R,P,,1,RP,CL,,,,,55,,,,48,50,48,50,52,48,55,59,60,66,0,0,0,,,,,0,,,,48,47,45,44,39,41,51,55,60,66,0,0,0,False,,,0,,,,,,0,50,closer,
P1686,Raul,Castillo,1987-11-26,75,235,Hispanic,light,brown,goatee,L,P,,1,RP,SP,,,,,49,,,,50,48,53,50,54,53,52,59,59,0,0,0,0,,,,,0,,,,46,39,40,54,52,43,46,50,50,0,0,0,0,False,,,0,,,,,,0,50,balanced_sp,
P8919,Shirley,Arbetman,1995-06-23,73,214,Anglo,light,blonde,goatee,R,P,,1,RP,RP,,,,,48,,,,50,51,51,50,52,52,54,0,0,64,0,0,0,,,,,0,,,,50,54,45,57,47,49,49,0,0,64,0,0,0,False,,,0,,,,,,0,50,power_rp,
P2246,Parker,Overdorf,2000-03-06,68,199,Anglo,medium,brown,clean_shaven,L,P,,1,RP,RP,,,,,54,,,,52,49,51,52,52,53,53,59,61,0,62,0,0,,,,,0,,,,65,54,62,66,62,63,61,73,76,0,77,0,0,False,,,0,,,,,,0,50,groundball_rp,
P2378,Hector,Lopez,1992-01-15,68,174,Hispanic,medium,black,beard,R,P,,1,RP,LR,,,,,52,,,,51,52,52,51,54,49,53,0,0,63,0,0,0,,,,,0,,,,48,50,48,44,45,49,43,0,0,53,0,0,0,False,,,0,,,,,,0,50,long_relief,
P7736,Marshall,Griffis,2001-09-03,73,234,Anglo,light,black,clean_shaven,L,P,,1,RP,SP,,,,,50,,,,47,52,51,53,52,51,53,63,59,60,57,0,0,,,,,0,,,,55,60,66,58,64,64,67,73,72,67,62,0,0,False,,,0,,,,,,0,50,finesse_sp,
P1615,Tyron,Reau,1992-10-14,69,245,Anglo,light,brown,clean_shaven,R,P,,1,RP,SP,,,,,48,,,,52,50,53,50,52,48,53,0,62,61,0,55,0,,,,,0,,,,46,42,49,44,51,47,49,0,56,58,0,54,0,False,,,0,,,,,,0,50,power_sp,
P5630,Jose,Castillo,1989-08-02,76,250,Hispanic,light,brown,beard,R,P,,1,RP,SP,,,,,51,,,,49,51,53,52,53,51,49,59,0,0,60,0,0,,,,,0,,,,42,45,52,51,48,42,46,49,0,0,56,0,0,False,,,0,,,,,,0,50,groundball_sp,
P7930,Carlos,Martinez,2002-11-14,78,241,Hispanic,medium,brown,clean_shaven,R,P,,1,RP,RP,,,,,50,,,,50,50,52,50,54,53,51,0,0,63,0,0,0,,,,,0,,,,60,55,58,66,67,64,63,0,0,73,0,0,0,False,,,0,,,,,,0,50,power_rp,
P1762,Jonas,Moser,1996-02-19,71,215,Anglo,medium,brown,clean_shaven,L,P,,1,RP,SP,,,,,49,,,,51,50,50,50,53,51,51,60,61,62,0,55,0,,,,,0,,,,54,52,47,54,48,47,56,58,65,64,0,50,0,False,,,0,,,,,,0,50,power_sp,
P1107,David,Tuten,1998-12-06,74,225,Anglo,medium,brown,beard,S,P,,1,RP,SP,,,,,48,,,,48,52,51,50,54,52,53,58,59,59,0,54,0,,,,,0,,,,60,57,57,65,62,63,62,72,68,65,0,60,0,False,,,0,,,,,,0,50,balanced_sp,
P6696,Roberto,Cruz,1991-10-17,70,182,Hispanic,light,black,clean_shaven,L,C,,0,,,59,48,52,52,53,48,49,53,52,48,,,,,,,,,,,,54,42,44,50,53,0,0,53,43,47,,,,,,,,,,,,False,,,0,,,,,,0,50,,spray
P9196,Abraham,Slane,1997-12-14,77,226,Anglo,light,brown,clean_shaven,S,1B,,0,,,54,48,53,52,52,47,53,52,52,49,,,,,,,,,,,,58,46,54,57,52,0,0,52,55,45,,,,,,,,,,,,False,,,0,,,,,,0,50,,spray
P8811,Clemente,Binner,1998-12-11,72,198,Anglo,light,blonde,clean_shaven,R,2B,,0,,,52,53,51,52,50,48,59,50,53,53,,,,,,,,,,,,65,67,63,63,50,0,0,50,68,61,,,,,,,,,,,,False,,,0,,,,,,0,50,,balanced
P9262,Roberto,Perez,1987-09-09,69,166,Hispanic,light,black,clean_shaven,R,3B,,0,,,60,49,49,52,49,49,59,49,49,49,,,,,,,,,,,,51,45,49,43,49,0,0,49,41,43,,,,,,,,,,,,False,,,0,,,,,,0,50,,spray
P3415,Len,Neis,1992-08-08,68,238,Anglo,light,black,clean_shaven,S,SS,CF,0,,,52,47,70,51,52,48,57,52,52,50,,,,,,,,,,,,50,41,64,41,52,0,0,52,48,42,,,,,,,,,,,,False,,,0,,,,,,0,50,,speed
P7463,Alejandro,Gonzalez,1995-03-24,78,181,Hispanic,medium,brown,clean_shaven,L,LF,,0,,,53,52,50,52,48,50,48,49,52,50,,,,,,,,,,,,54,49,47,55,48,0,0,49,52,49,,,,,,,,,,,,False,,,0,,,,,,0,50,,average
P3373,Tuan,Shipe,1993-10-22,75,164,Anglo,medium,black,clean_shaven,R,CF,,0,,,57,51,51,52,53,49,53,48,47,49,,,,,,,,,,,,54,46,51,46,53,0,0,48,43,48,,,,,,,,,,,,False,,,0,,,,,,0,50,,spray
P8467,Tyrell,Leonpacher,1998-12-25,68,181,Anglo,light,black,clean_shaven,R,RF,,0,,,63,51,51,52,49,47,53,51,49,50,,,,,,,,,,,,68,62,65,62,49,0,0,51,62,58,,,,,,,,,,,,False,,,0,,,,,,0,50,,spray
P1738,Raul,Mendoza,1989-03-21,76,176,Hispanic,light,red,goatee,S,1B,,0,,,63,54,53,52,52,51,49,53,49,50,,,,,,,,,,,,57,52,48,52,52,0,0,53,42,50,,,,,,,,,,,,False,,,0,,,,,,0,50,,spray
P5791,Manuel,Sanchez,1993-09-10,74,221,Hispanic,medium,brown,clean_shaven,R,3B,,0,,,51,62,49,52,50,52,56,53,48,52,,,,,,,,,,,,49,52,41,51,50,0,0,53,38,47,,,,,,,,,,,,False,,,0,,,,,,0,50,,power
P2622,Roberto,Hernandez,1988-03-11,70,179,Hispanic,dark,brown,clean_shaven,S,2B,,0,,,53,50,48,50,51,50,54,48,49,52,,,,,,,,,,,,49,46,40,49,51,0,0,48,45,51,,,,,,,,,,,,False,,,0,,,,,,0,50,,average
P5744,Antonio,Mendoza,1994-05-04,71,202,Hispanic,medium,brown,clean_shaven,R,RF,,0,,,50,60,48,51,51,54,58,50,49,52,,,,,,,,,,,,53,64,52,52,51,0,0,50,49,49,,,,,,,,,,,,False,,,0,,,,,,0,50,,power
P9463,Pedro,Martinez,1993-09-24,78,187,Hispanic,dark,brown,mustache,L,SS,,0,,,49,47,85,51,50,51,52,52,48,50,,,,,,,,,,,,40,41,76,44,50,0,0,52,42,49,,,,,,,,,,,,False,,,0,,,,,,0,50,,elite_speed
P2698,Hunter,Chmura,2002-11-04,73,236,Anglo,light,brown,clean_shaven,R,RF,,0,,,58,62,48,52,52,52,55,47,51,49,,,,,,,,,,,,67,76,63,63,52,0,0,47,57,58,,,,,,,,,,,,False,,,0,,,,,,0,50,,gap
P7360,Fredrick,Wohlers,2001-01-23,74,183,Anglo,dark,black,clean_shaven,R,P,,1,RP,CL,,,,,55,,,,47,52,49,52,53,51,51,0,59,65,0,0,0,,,,,0,,,,57,66,58,59,62,60,64,0,71,70,0,0,0,False,,,0,,,,,,0,50,closer,
P7631,Lacy,Lutwin,2001-12-19,74,196,Anglo,medium,blonde,mustache,R,P,,1,RP,RP,,,,,54,,,,50,52,51,51,52,49,53,0,0,67,63,0,0,,,,,0,,,,57,64,57,64,60,57,59,0,0,75,70,0,0,False,,,0,,,,,,0,50,groundball_rp,
P2278,Margarito,Mako,1989-10-07,72,205,Anglo,medium,black,beard,L,P,,1,RP,SP,,,,,51,,,,52,53,52,51,52,51,53,58,63,62,0,58,0,,,,,0,,,,45,51,46,45,51,50,52,51,57,59,0,56,0,False,,,0,,,,,,0,50,balanced_sp,
P3584,Pedro,Flores,1993-04-10,76,243,Hispanic,medium,brown,clean_shaven,L,P,,1,RP,SP,,,,,51,,,,48,54,52,50,53,49,51,0,62,60,0,0,0,,,,,0,,,,38,53,45,48,44,43,42,0,54,60,0,0,0,False,,,0,,,,,,0,50,power_sp,
P5648,Manuel,Castillo,1996-04-07,74,237,Hispanic,medium,black,clean_shaven,S,P,,1,RP,RP,,,,,56,,,,49,52,49,50,52,51,52,55,0,63,60,0,0,,,,,0,,,,49,51,51,55,44,56,55,59,0,66,55,0,0,False,,,0,,,,,,0,50,groundball_rp,
P1162,Anthony,Gouthier,1996-03-20,78,211,Anglo,light,brown,clean_shaven,R,P,,1,RP,SP,,,,,52,,,,50,49,53,50,52,50,49,0,59,0,59,0,0,,,,,0,,,,54,47,52,54,48,53,44,0,60,0,61,0,0,False,,,0,,,,,,0,50,groundball_sp,
P7279,Jose,Torres,1990-07-14,68,247,Hispanic,medium,brown,clean_shaven,R,P,,1,RP,LR,,,,,52,,,,51,52,52,52,52,51,52,57,63,66,0,0,0,,,,,0,,,,51,44,50,49,45,49,48,57,62,64,0,0,0,False,,,0,,,,,,0,50,long_relief,
P6916,Scott,Bourgois,1997-05-27,76,249,Anglo,medium,black,clean_shaven,R,C,,0,,,50,50,48,49,52,52,58,50,51,50,,,,,,,,,,,,52,55,49,47,52,0,0,50,56,45,,,,,,,,,,,,False,,,0,,,,,,0,50,,balanced
P2719,Lamont,Mosqueda,1990-08-08,75,209,Anglo,dark,brown,beard,R,2B,,0,,,49,50,85,51,51,47,58,48,53,49,,,,,,,,,,,,47,47,82,50,51,0,0,48,43,42,,,,,,,,,,,,False,,,0,,,,,,0,50,,elite_speed
P4352,Erin,Tencer,1992-12-24,72,237,Anglo,medium,blonde,clean_shaven,L,1B,,0,,,51,65,47,51,49,49,48,51,48,49,,,,,,,,,,,,48,63,37,49,49,0,0,51,42,45,,,,,,,,,,,,False,,,0,,,,,,0,50,,power
P7014,Terrance,Sidi,2002-08-10,71,171,Anglo,light,brown,goatee,R,SS,,0,,,52,51,54,51,48,50,57,49,49,49,,,,,,,,,,,,65,57,63,62,48,0,0,49,55,54,,,,,,,,,,,,False,,,0,,,,,,0,50,,balanced
P3049,Jerald,Kut,1989-06-14,72,232,Anglo,light,brown,clean_shaven,R,3B,,0,,,52,58,48,50,50,51,56,49,47,49,,,,,,,,,,,,47,49,41,45,50,0,0,49,39,41,,,,,,,,,,,,False,,,0,,,,,,0,50,,power
P8929,Merrill,Quilliam,1993-09-17,74,222,Anglo,light,brown,clean_shaven,L,SS,,0,,,57,51,49,52,52,49,50,52,52,50,,,,,,,,,,,,50,45,40,48,52,0,0,52,47,43,,,,,,,,,,,,False,,,0,,,,,,0,50,,spray
P9437,Jose,Perez,1996-02-11,73,247,Hispanic,dark,blonde,clean_shaven,R,SS,,0,,,53,53,54,52,49,52,59,53,50,48,,,,,,,,,,,,56,52,55,52,49,0,0,53,47,53,,,,,,,,,,,,False,,,0,,,,,,0,50,,balanced
P1628,Len,Lesa,1987-07-26,69,187,Anglo,light,black,mustache,R,CF,,0,,,50,48,76,51,50,49,50,50,47,48,,,,,,,,,,,,44,44,69,48,50,0,0,50,39,41,,,,,,,,,,,,False,,,0,,,,,,0,50,,speed
P6422,Anton,Wraight,2005-07-23,69,246,Anglo,medium,blonde,clean_shaven,L,P,,1,RP,CL,,,,,55,,,,51,52,50,50,52,52,54,58,60,65,0,0,0,,,,,0,,,,61,66,70,77,80,76,74,80,82,87,0,0,0,False,,,0,,,,,,0,50,closer,
P2148,Carlos,Ortiz,2005-02-14,68,242,Hispanic,light,brown,clean_shaven,R,P,,1,RP,SP,,,,,49,,,,50,49,51,50,52,51,50,60,61,59,0,0,0,,,,,0,,,,63,66,73,69,63,68,65,86,78,76,0,0,0,False,,,0,,,,,,0,50,workhorse_sp,
P3837,Rupert,Dafonte,2004-03-17,77,218,Anglo,light,brown,clean_shaven,L,P,,1,RP,SP,,,,,52,,,,48,51,53,51,53,51,50,60,62,62,56,0,0,,,,,0,,,,67,81,77,77,67,77,68,81,80,81,72,0,0,False,,,0,,,,,,0,50,power_sp,
P2663,Thurman,Arcilla,2005-05-14,71,246,Anglo,light,black,mustache,R,P,,1,RP,SP,,,,,52,,,,48,50,51,51,52,51,49,58,58,58,58,0,0,,,,,0,,,,69,71,75,65,80,64,73,77,77,85,81,0,0,False,,,0,,,,,,0,50,groundball_sp,
P6048,Burt,Dailey,2007-03-22,77,208,Anglo,light,black,clean_shaven,R,P,,1,RP,SP,,,,,52,,,,50,52,52,52,52,50,52,62,0,0,60,0,0,,,,,0,,,,66,79,76,78,70,63,70,92,0,0,88,0,0,False,,,0,,,,,,0,50,groundball_sp,
P5227,Emerson,Mcgraff,2005-03-31,73,227,Anglo,light,blonde,clean_shaven,R,LF,,0,,,51,59,52,51,49,52,58,51,50,50,,,,,,,,,,,,63,86,82,73,49,0,0,51,76,72,,,,,,,,,,,,False,,,0,,,,,,0,50,,balanced
P4618,Juan,Torres,2004-04-04,72,227,Hispanic,medium,black,clean_shaven,R,C,,0,,,58,52,54,55,53,46,58,52,50,52,,,,,,,,,,,,87,72,75,78,53,0,0,52,74,81,,,,,,,,,,,,False,,,0,,,,,,0,50,,spray
P5289,Cordell,Panke,2007-10-12,72,164,Anglo,medium,black,clean_shaven,R,CF,,0,,,56,48,51,53,49,48,54,48,52,49,,,,,,,,,,,,74,74,72,63,49,0,0,48,74,74,,,,,,,,,,,,False,,,0,,,,,,0,50,,spray
P5646,Eduardo,Gonzalez,2004-10-29,69,169,Hispanic,dark,brown,clean_shaven,R,RF,,0,,,50,60,48,50,50,50,50,52,49,49,,,,,,,,,,,,76,81,75,70,50,0,0,52,68,64,,,,,,,,,,,,False,,,0,,,,,,0,50,,power
P5033,Garland,Remaley,2006-11-28,73,205,Anglo,light,brown,clean_shaven,R,3B,RF,0,,,48,48,49,49,50,49,57,52,49,48,,,,,,,,,,,,77,73,62,78,50,0,0,52,73,68,,,,,,,,,,,,False,,,0,,,,,,0,50,,average
P1341,Trinidad,Brownsberger,1989-08-14,70,241,Anglo,medium,blonde,beard,R,P,,1,RP,CL,,,,,55,,,,49,53,51,52,53,53,53,56,62,65,0,0,0,,,,,0,,,,44,43,51,44,47,52,43,49,53,65,0,0,0,False,,,0,,,,,,0,50,closer,
P4169,Werner,Canzoneri,2003-06-27,75,186,Anglo,light,brown,clean_shaven,R,P,,1,RP,RP,,,,,51,,,,48,50,48,53,52,50,53,0,59,0,0,0,0,,,,,0,,,,63,63,58,59,60,64,59,0,70,0,0,0,0,False,,,0,,,,,,0,50,finesse_rp,
P2454,Sterling,Godnick,1995-02-01,78,219,Anglo,medium,blonde,clean_shaven,R,P,,1,RP,LR,,,,,52,,,,48,51,51,50,52,52,54,57,62,63,0,0,0,,,,,0,,,,48,49,51,56,50,50,58,58,64,60,0,0,0,False,,,0,,,,,,0,50,long_relief,
P2709,Ike,Skyers,1994-01-17,76,231,Anglo,light,brown,beard,R,P,,1,RP,RP,,,,,57,,,,49,53,51,50,54,48,50,0,61,0,60,0,0,,,,,0,,,,47,44,42,51,44,47,44,0,53,0,50,0,0,False,,,0,,,,,,0,50,groundball_rp,
P6506,Kerry,Demer,1993-05-31,73,217,Anglo,light,brown,clean_shaven,L,P,,1,RP,RP,,,,,56,,,,51,51,49,51,53,49,54,0,0,0,59,0,0,,,,,0,,,,51,44,50,48,49,42,46,0,0,0,54,0,0,False,,,0,,,,,,0,50,groundball_rp,
P1722,Dana,Retter,2001-09-10,75,167,Anglo,light,brown,clean_shaven,R,P,,1,RP,RP,,,,,53,,,,49,50,51,50,52,51,52,58,61,0,60,0,0,,,,,0,,,,62,63,62,64,62,56,60,73,69,0,74,0,0,False,,,0,,,,,,0,50,finesse_rp,
P4965,Nigel,Bielecki,1988-12-17,69,242,Anglo,medium,black,clean_shaven,R,P,,1,RP,SP,,,,,49,,,,50,52,54,52,54,51,51,0,60,62,0,0,0,,,,,0,,,,42,47,52,44,54,47,42,0,54,52,0,0,0,False,,,0,,,,,,0,50,balanced_sp,
P7552,Chauncey,Thomison,2001-12-03,69,210,Anglo,light,blonde,clean_shaven,S,P,,1,RP,RP,,,,,51,,,,50,50,49,52,52,49,54,0,60,67,0,0,0,,,,,0,,,,63,60,61,60,56,59,64,0,74,78,0,0,0,False,,,0,,,,,,0,50,power_rp,
P3812,Merrill,Lowy,2000-10-08,75,213,Anglo,dark,brown,goatee,R,P,,1,RP,SP,,,,,53,,,,51,49,50,50,52,51,52,60,59,61,59,0,0,,,,,0,,,,65,61,58,58,60,59,62,66,65,73,70,0,0,False,,,0,,,,,,0,50,balanced_sp,
P4524,Agustin,Barillaro,2002-07-17,77,217,Anglo,light,black,clean_shaven,R,P,,1,RP,SP,,,,,50,,,,48,49,51,50,53,50,53,0,59,61,60,0,0,,,,,0,,,,63,61,59,66,60,60,65,0,73,74,75,0,0,False,,,0,,,,,,0,50,power_sp,
P4796,Terrell,Michniak,1989-05-17,75,249,Anglo,medium,black,mustache,R,P,,1,RP,SP,,,,,48,,,,52,50,53,50,53,51,51,0,59,60,0,0,0,,,,,0,,,,51,44,40,45,48,50,51,0,56,54,0,0,0,False,,,0,,,,,,0,50,power_sp,
P9933,Kyle,Henley,1995-10-31,69,179,Anglo,light,black,goatee,R,C,,0,,,57,49,52,54,50,50,57,48,50,49,,,,,,,,,,,,56,53,51,58,50,0,0,48,49,51,,,,,,,,,,,,False,,,0,,,,,,0,50,,spray
P9769,Shawn,Peralto,2002-01-19,73,201,Anglo,medium,brown,clean_shaven,S,1B,,0,,,50,57,50,51,50,53,50,49,52,52,,,,,,,,,,,,55,70,58,57,50,0,0,49,60,59,,,,,,,,,,,,False,,,0,,,,,,0,50,,balanced
P5170,Kelly,Elsaesser,1999-03-18,74,160,Anglo,light,blonde,clean_shaven,R,2B,,0,,,59,48,52,54,53,49,59,52,49,51,,,,,,,,,,,,73,63,67,62,53,0,0,52,61,59,,,,,,,,,,,,False,,,0,,,,,,0,50,,spray
P5961,Reinaldo,Pilgreen,2000-01-23,74,202,Anglo,light,black,clean_shaven,R,3B,,0,,,50,50,72,52,53,47,56,52,47,51,,,,,,,,,,,,56,65,84,63,53,0,0,52,52,64,,,,,,,,,,,,False,,,0,,,,,,0,50,,speed
P5922,Terence,Sossamon,1991-06-22,75,247,Anglo,light,blonde,clean_shaven,R,SS,,0,,,52,49,49,49,49,50,56,51,50,50,,,,,,,,,,,,50,49,46,42,49,0,0,51,45,50,,,,,,,,,,,,False,,,0,,,,,,0,50,,balanced
P6423,Timmy,Altschuler,1998-05-02,77,183,Anglo,light,red,goatee,S,LF,,0,,,50,58,47,52,49,51,52,49,51,51,,,,,,,,,,,,64,73,56,58,49,0,0,49,66,65,,,,,,,,,,,,False,,,0,,,,,,0,50,,gap
P9756,Floyd,Lataquin,2003-04-28,69,190,Anglo,dark,black,clean_shaven,R,CF,,0,,,51,53,51,51,53,51,55,52,48,51,,,,,,,,,,,,61,58,58,66,53,0,0,52,57,56,,,,,,,,,,,,False,,,0,,,,,,0,50,,gap
P1904,Roderick,Kodama,1996-09-27,75,245,Anglo,light,blonde,goatee,S,RF,LF,0,,,52,63,51,50,47,51,50,50,51,51,,,,,,,,,,,,53,67,49,50,47,0,0,50,47,52,,,,,,,,,,,,False,,,0,,,,,,0,50,,power
P6906,Adolph,Buske,1996-05-26,68,237,Anglo,light,blonde,clean_shaven,R,LF,,0,,,53,50,70,54,49,51,58,53,49,51,,,,,,,,,,,,49,46,68,52,49,0,0,53,44,47,,,,,,,,,,,,False,,,0,,,,,,0,50,,speed
P6890,Galen,Marchuk,1999-12-05,70,165,Anglo,light,blonde,clean_shaven,R,C,,0,,,58,49,49,51,52,49,54,51,49,51,,,,,,,,,,,,73,59,60,58,52,0,0,51,60,62,,,,,,,,,,,,False,,,0,,,,,,0,50,,spray
P6908,Angel,Hollenbaugh,1995-12-06,78,167,Anglo,medium,black,goatee,R,3B,,0,,,59,52,53,52,48,48,59,53,51,49,,,,,,,,,,,,55,54,51,47,48,0,0,53,48,52,,,,,,,,,,,,False,,,0,,,,,,0,50,,spray
P1812,Damian,Kapuscinski,1998-04-01,76,244,Anglo,light,brown,clean_shaven,R,1B,,0,,,51,61,53,52,50,50,56,51,52,48,,,,,,,,,,,,61,69,66,62,50,0,0,51,64,53,,,,,,,,,,,,False,,,0,,,,,,0,50,,power
P2678,Miquel,Natt,1999-07-21,71,170,Anglo,dark,blonde,clean_shaven,R,2B,,0,,,55,52,50,54,49,50,54,52,52,48,,,,,,,,,,,,60,59,57,65,49,0,0,52,64,53,,,,,,,,,,,,False,,,0,,,,,,0,50,,gap
P5440,Willis,Matheney,1995-12-15,72,239,Anglo,light,blonde,clean_shaven,R,CF,,0,,,49,49,70,49,50,48,54,52,50,52,,,,,,,,,,,,52,52,69,52,50,0,0,52,47,48,,,,,,,,,,,,False,,,0,,,,,,0,50,,speed
P7218,Laurence,Camus,1991-05-02,72,241,Anglo,light,brown,clean_shaven,L,P,,1,RP,CL,,,,,55,,,,50,50,48,50,52,51,56,0,0,67,0,0,0,,,,,0,,,,47,41,43,49,43,45,52,0,0,61,0,0,0,False,,,0,,,,,,0,50,closer,
P1275,Dion,Groshek,1991-09-29,68,241,Anglo,medium,brown,clean_shaven,R,P,,1,RP,RP,,,,,52,,,,51,50,50,52,53,51,53,0,0,64,0,0,0,,,,,0,,,,49,44,42,43,46,51,53,0,0,55,0,0,0,False,,,0,,,,,,0,50,power_rp,
P4884,Todd,Denoyer,1998-01-27,68,176,Anglo,dark,brown,mustache,L,P,,1,RP,LR,,,,,51,,,,52,53,53,52,52,49,51,61,63,65,0,0,0,,,,,0,,,,56,57,51,50,48,45,48,65,65,65,0,0,0,False,,,0,,,,,,0,50,long_relief,
P6959,Millard,Kappe,1996-08-16,69,234,Anglo,light,blonde,clean_shaven,L,P,,1,RP,RP,,,,,50,,,,50,50,52,50,52,51,56,0,60,0,0,0,0,,,,,0,,,,52,52,55,53,54,48,56,0,58,0,0,0,0,False,,,0,,,,,,0,50,power_rp,
P1857,Domingo,Flaherty,1998-10-25,78,202,Anglo,light,brown,mustache,R,P,,1,RP,RP,,,,,49,,,,50,53,53,50,53,50,54,0,0,67,0,0,0,,,,,0,,,,57,59,60,61,59,62,61,0,0,74,0,0,0,False,,,0,,,,,,0,50,power_rp,
P3308,Dannie,Ercolano,1998-10-26,74,211,Anglo,dark,brown,goatee,S,P,,1,RP,RP,,,,,50,,,,50,52,50,50,53,49,52,59,60,64,0,0,0,,,,,0,,,,65,58,64,65,63,59,62,74,72,74,0,0,0,False,,,0,,,,,,0,50,power_rp,
P3427,Scot,Mccarter,1993-05-05,72,200,Anglo,light,red,clean_shaven,L,P,,1,RP,SP,,,,,53,,,,50,52,52,52,53,48,49,60,62,61,55,0,0,,,,,0,,,,43,48,44,49,45,42,42,54,54,55,53,0,0,False,,,0,,,,,,0,50,balanced_sp,
P8216,Shane,Polselli,1991-05-19,68,208,Anglo,light,brown,clean_shaven,R,2B,,0,,,52,60,49,52,48,50,55,49,52,49,,,,,,,,,,,,47,53,40,47,48,0,0,49,46,40,,,,,,,,,,,,False,,,0,,,,,,0,50,,power
P6642,Tod,Violett,2001-12-31,69,211,Anglo,medium,brown,clean_shaven,R,C,,0,,,58,49,52,55,53,51,60,52,49,49,,,,,,,,,,,,71,56,64,60,53,0,0,52,60,55,,,,,,,,,,,,False,,,0,,,,,,0,50,,spray
P2731,Lorenzo,Unkn,1997-10-15,77,195,Anglo,light,brown,clean_shaven,S,CF,RF,0,,,49,61,50,50,47,53,46,50,52,49,,,,,,,,,,,,46,64,54,55,47,0,0,50,49,52,,,,,,,,,,,,False,,,0,,,,,,0,50,,power
P6147,Jarod,Deconti,1996-04-09,71,161,Anglo,light,brown,clean_shaven,R,LF,,0,,,50,59,47,51,51,49,57,48,49,53,,,,,,,,,,,,48,54,51,51,51,0,0,48,46,51,,,,,,,,,,,,False,,,0,,,,,,0,50,,power
P5108,Chang,Imbesi,2001-07-07,69,203,Anglo,light,brown,clean_shaven,L,SS,,0,,,49,47,83,49,53,50,48,50,49,51,,,,,,,,,,,,57,60,91,59,53,0,0,50,62,64,,,,,,,,,,,,False,,,0,,,,,,0,50,,speed
P3866,Augustus,Mainz,2000-11-02,72,187,Anglo,medium,black,beard,R,SS,,0,,,60,53,49,52,51,47,61,50,49,52,,,,,,,,,,,,68,65,57,67,51,0,0,50,56,66,,,,,,,,,,,,False,,,0,,,,,,0,50,,gap
P9743,Franklin,Harding,2003-09-01,71,205,Anglo,light,brown,clean_shaven,R,C,,0,,,50,53,50,51,52,49,56,49,53,50,,,,,,,,,,,,62,67,57,63,52,0,0,49,64,58,,,,,,,,,,,,False,,,0,,,,,,0,50,,average
P5021,Will,Wiegard,2004-05-05,70,170,Anglo,light,blonde,clean_shaven,L,CF,,0,,,52,47,70,53,53,51,44,52,48,49,,,,,,,,,,,,79,58,88,79,53,0,0,52,62,60,,,,,,,,,,,,False,,,0,,,,,,0,50,,speed
P5519,Kristofer,Katoa,2006-03-08,78,224,Anglo,medium,red,clean_shaven,R,P,,1,RP,CL,,,,,55,,,,48,50,52,52,52,50,53,0,0,66,0,0,0,,,,,0,,,,77,74,79,69,69,60,81,0,0,88,0,0,0,False,,,0,,,,,,0,50,closer,
P3160,Alonzo,Strait,2005-08-16,68,188,Anglo,light,brown,clean_shaven,R,P,,1,RP,RP,,,,,55,,,,51,50,50,50,53,52,49,0,59,0,61,0,0,,,,,0,,,,62,61,61,76,61,78,71,0,83,0,88,0,0,False,,,0,,,,,,0,50,groundball_rp,
P9258,Louis,Chancy,2006-12-20,68,193,Anglo,dark,brown,clean_shaven,S,P,,1,RP,SP,,,,,50,,,,52,53,50,50,52,48,52,62,61,0,0,0,0,,,,,0,,,,70,77,72,73,76,65,74,77,81,0,0,0,0,False,,,0,,,,,,0,50,balanced_sp,
P1625,Don,Leaks,2007-07-21,72,249,Anglo,light,brown,clean_shaven,S,P,,1,RP,SP,,,,,50,,,,49,50,50,52,54,50,52,0,60,62,0,0,0,,,,,0,,,,75,65,62,68,63,78,62,0,86,78,0,0,0,False,,,0,,,,,,0,50,power_sp,
P6695,Myles,Hales,2007-11-16,74,239,Anglo,medium,brown,clean_shaven,L,P,,1,RP,SP,,,,,48,,,,51,52,52,53,52,48,51,61,0,62,0,0,0,,,,,0,,,,73,71,77,63,65,70,81,83,0,79,0,0,0,False,,,0,,,,,,0,50,balanced_sp,
P6070,Clifford,Sandoral,2005-07-09,75,227,Anglo,dark,red,clean_shaven,L,CF,,0,,,53,49,52,49,50,48,47,51,48,48,,,,,,,,,,,,81,59,74,63,50,0,0,51,62,74,,,,,,,,,,,,False,,,0,,,,,,0,50,,average
P2347,Manual,Brasseux,2004-10-23,76,225,Anglo,light,black,clean_shaven,R,3B,,0,,,49,52,52,49,48,53,55,53,48,50,,,,,,,,,,,,71,71,69,61,48,0,0,53,59,70,,,,,,,,,,,,False,,,0,,,,,,0,50,,average
P1645,Enoch,Vielle,2006-07-24,73,207,Anglo,medium,blonde,clean_shaven,R,3B,,0,,,60,50,51,51,53,47,59,51,48,48,,,,,,,,,,,,72,78,63,64,53,0,0,51,74,78,,,,,,,,,,,,False,,,0,,,,,,0,50,,spray
P6081,Jayson,Masell,2008-02-04,74,242,Anglo,light,blonde,clean_shaven,L,LF,,0,,,49,60,51,50,50,51,50,49,48,53,,,,,,,,,,,,64,76,74,60,50,0,0,49,72,70,,,,,,,,,,,,False,,,0,,,,,,0,50,,power
P9977,Stanford,Sanders,2007-02-12,74,246,Anglo,light,blonde,clean_shaven,R,1B,,0,,,50,61,51,49,51,52,53,50,50,50,,,,,,,,,,,,63,73,72,74,51,0,0,50,74,63,,,,,,,,,,,,False,,,0,,,,,,0,50,,power
P8640,John,Doe,1992-02-08,77,226,Unknown,medium,blonde,clean_shaven,R,P,,1,RP,CL,,,,,55,,,,49,52,51,53,53,50,55,0,0,66,0,0,0,,,,,0,,,,40,51,44,45,51,41,45,0,0,63,0,0,0,False,,,0,,,,,,0,50,closer,
P6315,John,Doe,1998-03-09,69,166,Unknown,light,black,mustache,L,P,,1,RP,SP,,,,,51,,,,52,49,52,52,52,52,49,62,64,0,0,56,0,,,,,0,,,,58,60,59,66,62,63,63,71,70,0,0,64,0,False,,,0,,,,,,0,50,finesse_sp,
P7219,John,Doe,1989-11-07,77,216,Unknown,light,black,clean_shaven,R,P,,1,RP,SP,,,,,52,,,,51,53,50,51,52,48,52,61,61,60,0,0,0,,,,,0,,,,43,50,45,46,42,42,45,59,55,54,0,0,0,False,,,0,,,,,,0,50,balanced_sp,
P9227,John,Doe,1989-07-11,73,212,Unknown,medium,blonde,beard,S,P,,1,RP,CL,,,,,51,,,,50,51,49,50,54,52,51,0,62,65,0,0,0,,,,,0,,,,50,49,47,49,41,44,49,0,55,64,0,0,0,False,,,0,,,,,,0,50,closer,
P8802,John,Doe,2002-06-26,78,167,Unknown,medium,brown,clean_shaven,R,P,,1,RP,SP,,,,,49,,,,52,49,52,53,52,52,51,60,63,0,0,0,0,,,,,0,,,,64,60,65,62,64,57,57,69,76,0,0,0,0,False,,,0,,,,,,0,50,finesse_sp,
P7508,John,Doe,2002-09-24,74,227,Unknown,dark,black,clean_shaven,R,P,,1,RP,SP,,,,,50,,,,52,52,54,51,52,52,52,62,61,0,0,0,0,,,,,0,,,,59,63,56,61,64,65,57,70,70,0,0,0,0,False,,,0,,,,,,0,50,finesse_sp,
P1232,John,Doe,2003-11-16,72,216,Unknown,medium,brown,clean_shaven,R,P,,1,RP,SP,,,,,48,,,,49,51,51,52,52,49,51,59,59,62,0,55,0,,,,,0,,,,57,59,65,61,59,60,60,65,70,71,0,61,0,False,,,0,,,,,,0,50,power_sp,
P8104,John,Doe,1994-08-13,69,179,Unknown,medium,brown,mustache,S,P,,1,RP,SP,,,,,49,,,,52,53,53,51,54,49,52,59,63,62,0,0,0,,,,,0,,,,54,55,46,55,54,50,56,58,64,61,0,0,0,False,,,0,,,,,,0,50,balanced_sp,
P7886,John,Doe,1999-09-10,70,223,Unknown,medium,black,clean_shaven,R,P,,1,RP,SP,,,,,50,,,,51,52,52,50,52,49,51,0,59,62,0,0,0,,,,,0,,,,60,63,60,59,62,60,64,0,65,68,0,0,0,False,,,0,,,,,,0,50,balanced_sp,
P2655,John,Doe,2001-04-16,78,212,Unknown,medium,black,clean_shaven,R,P,,1,RP,RP,,,,,51,,,,51,52,51,52,52,50,49,59,62,0,0,0,0,,,,,0,,,,65,63,58,65,57,55,62,69,68,0,0,0,0,False,,,0,,,,,,0,50,finesse_rp,
P6080,John,Doe,2001-05-31,77,185,Unknown,light,black,clean_shaven,L,P,,1,RP,RP,,,,,49,,,,49,51,49,50,53,51,52,0,63,64,0,55,0,,,,,0,,,,56,58,65,63,54,65,60,0,73,79,0,70,0,False,,,0,,,,,,0,50,power_rp,
P6262,John,Doe,1987-03-14,68,210,Unknown,light,brown,beard,R,C,,0,,,58,52,50,52,51,48,59,51,50,50,,,,,,,,,,,,51,51,48,47,51,0,0,51,49,48,,,,,,,,,,,,False,,,0,,,,,,0,50,,spray
P4580,John,Doe,1993-09-10,71,181,Unknown,dark,red,clean_shaven,L,1B,,0,,,53,59,49,52,51,51,48,52,51,49,,,,,,,,,,,,53,50,39,45,51,0,0,52,45,45,,,,,,,,,,,,False,,,0,,,,,,0,50,,gap
P2799,John,Doe,2002-04-12,76,164,Unknown,light,brown,clean_shaven,L,2B,,0,,,55,48,70,53,54,51,47,52,49,49,,,,,,,,,,,,68,53,83,62,54,0,0,52,59,57,,,,,,,,,,,,False,,,0,,,,,,0,50,,speed
P6765,John,Doe,1987-09-26,70,184,Unknown,medium,blonde,goatee,R,3B,,0,,,52,51,51,51,51,52,59,51,49,49,,,,,,,,,,,,49,41,41,45,51,0,0,51,40,49,,,,,,,,,,,,False,,,0,,,,,,0,50,,balanced
P3343,John,Doe,1995-01-10,74,190,Unknown,dark,brown,clean_shaven,L,SS,,0,,,53,51,52,52,47,51,47,52,51,47,,,,,,,,,,,,56,51,54,48,47,0,0,52,55,50,,,,,,,,,,,,False,,,0,,,,,,0,50,,gap
P4832,John,Doe,1995-04-07,74,244,Unknown,dark,blonde,clean_shaven,L,LF,,0,,,53,50,78,53,53,47,51,53,51,51,,,,,,,,,,,,57,53,83,50,53,0,0,53,46,46,,,,,,,,,,,,False,,,0,,,,,,0,50,,speed
P2803,John,Doe,1989-11-18,76,203,Unknown,light,brown,mustache,L,CF,,0,,,49,50,49,48,52,50,47,53,47,50,,,,,,,,,,,,49,46,42,48,52,0,0,53,46,41,,,,,,,,,,,,False,,,0,,,,,,0,50,,balanced
P1442,John,Doe,2002-07-18,77,190,Unknown,medium,brown,goatee,R,RF,,0,,,51,54,50,52,51,50,52,49,52,50,,,,,,,,,,,,61,68,63,65,51,0,0,49,61,64,,,,,,,,,,,,False,,,0,,,,,,0,50,,balanced
P7741,John,Doe,1992-03-01,72,195,Unknown,dark,blonde,beard,R,3B,,0,,,52,50,48,53,50,49,55,52,50,50,,,,,,,,,,,,42,44,40,46,50,0,0,52,49,43,,,,,,,,,,,,False,,,0,,,,,,0,50,,balanced
P7547,John,Doe,1992-09-10,70,240,Unknown,medium,brown,clean_shaven,R,C,,0,,,51,51,48,50,49,53,59,52,51,53,,,,,,,,,,,,47,44,48,41,49,0,0,52,45,52,,,,,,,,,,,,False,,,0,,,,,,0,50,,gap
P1028,John,Doe,1992-09-05,70,224,Unknown,medium,brown,goatee,R,3B,,0,,,51,61,49,50,47,52,56,52,48,49,,,,,,,,,,,,44,61,46,45,47,0,0,52,42,46,,,,,,,,,,,,False,,,0,,,,,,0,50,,power
P8313,John,Doe,1991-04-09,75,231,Unknown,light,blonde,beard,S,RF,,0,,,52,52,48,50,48,51,53,48,51,50,,,,,,,,,,,,44,48,41,42,48,0,0,48,43,40,,,,,,,,,,,,False,,,0,,,,,,0,50,,balanced
P1273,John,Doe,1990-01-24,75,222,Unknown,dark,black,goatee,L,SS,,0,,,53,51,53,52,49,47,52,49,51,51,,,,,,,,,,,,51,42,46,52,49,0,0,49,48,43,,,,,,,,,,,,False,,,0,,,,,,0,50,,gap
P8552,John,Doe,1993-10-18,74,169,Unknown,dark,black,goatee,L,LF,,0,,,49,52,51,51,52,49,46,50,51,49,,,,,,,,,,,,42,49,43,42,52,0,0,50,51,43,,,,,,,,,,,,False,,,0,,,,,,0,50,,average
P4439,John,Doe,1994-05-30,78,229,Unknown,dark,black,goatee,R,P,,1,RP,CL,,,,,55,,,,49,50,51,51,53,49,52,0,0,66,0,0,0,,,,,0,,,,48,52,56,57,49,45,47,0,0,70,0,0,0,False,,,0,,,,,,0,50,closer,
P4675,John,Doe,1995-11-01,73,196,Unknown,medium,black,beard,S,P,,1,RP,SP,,,,,52,,,,50,48,53,50,54,52,50,0,60,59,61,0,0,,,,,0,,,,54,45,46,56,54,52,46,0,61,56,60,0,0,False,,,0,,,,,,0,50,groundball_sp,
P1953,John,Doe,1998-09-10,71,192,Unknown,light,brown,clean_shaven,R,P,,1,RP,LR,,,,,51,,,,49,51,50,50,52,52,50,57,0,0,0,0,0,,,,,0,,,,56,61,55,60,56,64,64,72,0,0,0,0,0,False,,,0,,,,,,0,50,long_relief,
P6606,John,Doe,1988-07-30,78,240,Unknown,light,blonde,beard,R,P,,1,RP,SP,,,,,52,,,,52,52,54,53,52,50,53,61,58,62,59,0,0,,,,,0,,,,48,52,52,48,54,49,46,57,51,55,50,0,0,False,,,0,,,,,,0,50,balanced_sp,
P6175,John,Doe,1996-08-26,77,205,Unknown,light,red,mustache,L,P,,1,RP,RP,,,,,52,,,,49,50,48,51,53,53,50,59,60,0,0,0,0,,,,,0,,,,48,53,50,53,43,55,54,60,58,0,0,0,0,False,,,0,,,,,,0,50,finesse_rp,
P4165,John,Doe,2001-11-02,73,225,Unknown,medium,black,clean_shaven,R,P,,1,RP,RP,,,,,50,,,,48,53,52,52,53,51,55,0,62,65,0,56,0,,,,,0,,,,62,68,61,64,65,63,63,0,71,79,0,65,0,False,,,0,,,,,,0,50,power_rp,
P5946,John,Doe,2003-04-08,69,180,Unknown,light,blonde,clean_shaven,R,P,,1,RP,RP,,,,,56,,,,50,50,48,50,52,49,52,0,0,0,62,0,0,,,,,0,,,,64,58,63,58,63,55,66,0,0,0,75,0,0,False,,,0,,,,,,0,50,groundball_rp,
P1192,John,Doe,1997-08-14,74,234,Unknown,light,blonde,clean_shaven,R,3B,,0,,,53,49,52,51,51,48,56,53,51,51,,,,,,,,,,,,48,54,57,46,51,0,0,53,47,47,,,,,,,,,,,,False,,,0,,,,,,0,50,,average
P4946,John,Doe,1996-07-21,75,247,Unknown,dark,brown,beard,R,SS,,0,,,52,52,53,52,52,51,61,51,48,52,,,,,,,,,,,,54,53,57,49,52,0,0,51,45,49,,,,,,,,,,,,False,,,0,,,,,,0,50,,balanced
P3100,John,Doe,1991-05-24,73,182,Unknown,light,blonde,clean_shaven,L,SS,,0,,,49,52,49,49,48,49,49,48,50,51,,,,,,,,,,,,48,47,40,46,48,0,0,48,46,44,,,,,,,,,,,,False,,,0,,,,,,0,50,,average
P6873,John,Doe,1993-10-04,71,194,Unknown,medium,black,goatee,R,2B,,0,,,52,49,70,51,53,48,56,50,50,51,,,,,,,,,,,,48,43,68,47,53,0,0,50,41,51,,,,,,,,,,,,False,,,0,,,,,,0,50,,speed
P6722,John,Doe,1994-04-14,73,243,Unknown,light,black,beard,R,SS,,0,,,49,51,54,50,51,47,56,53,51,49,,,,,,,,,,,,45,54,55,48,51,0,0,53,50,52,,,,,,,,,,,,False,,,0,,,,,,0,50,,balanced
P3207,John,Doe,1997-04-08,75,248,Unknown,medium,brown,clean_shaven,R,3B,,0,,,49,52,52,48,50,51,59,52,50,51,,,,,,,,,,,,54,49,55,52,50,0,0,52,53,52,,,,,,,,,,,,False,,,0,,,,,,0,50,,average
P1017,John,Doe,2002-04-22,74,214,Unknown,dark,black,clean_shaven,L,RF,,0,,,51,51,71,51,53,52,47,52,52,52,,,,,,,,,,,,62,63,78,58,53,0,0,52,60,63,,,,,,,,,,,,False,,,0,,,,,,0,50,,speed
P5205,John,Doe,2002-06-22,69,220,Unknown,dark,brown,clean_shaven,R,RF,,0,,,52,60,47,50,48,50,55,50,52,53,,,,,,,,,,,,60,70,58,55,48,0,0,50,67,62,,,,,,,,,,,,False,,,0,,,,,,0,50,,power
P5719,John,Doe,2006-06-26,71,196,Unknown,medium,blonde,clean_shaven,L,P,,1,RP,CL,,,,,55,,,,49,51,50,50,54,50,54,0,0,67,0,0,0,,,,,0,,,,59,62,72,71,80,69,82,0,0,87,0,0,0,False,,,0,,,,,,0,50,closer,
P1709,John,Doe,2004-03-23,75,232,Unknown,medium,brown,clean_shaven,L,P,,1,RP,RP,,,,,53,,,,52,50,48,50,52,52,53,0,61,0,0,0,0,,,,,0,,,,78,74,74,68,73,80,67,0,79,0,0,0,0,False,,,0,,,,,,0,50,power_rp,
P4125,John,Doe,2005-06-26,75,188,Unknown,dark,brown,clean_shaven,L,P,,1,RP,CL,,,,,51,,,,52,51,50,50,52,52,53,0,0,66,0,0,0,,,,,0,,,,75,71,65,67,78,82,73,0,0,83,0,0,0,False,,,0,,,,,,0,50,closer,
P2498,John,Doe,2004-11-12,73,234,Unknown,light,brown,clean_shaven,R,P,,1,RP,RP,,,,,50,,,,49,52,49,51,53,52,53,59,62,0,0,55,0,,,,,0,,,,77,78,77,75,59,68,73,84,86,0,0,72,0,False,,,0,,,,,,0,50,finesse_rp,
P7944,John,Doe,2006-09-29,70,188,Unknown,medium,brown,mustache,L,P,,1,RP,SP,,,,,51,,,,49,52,50,50,52,51,52,0,60,57,61,0,0,,,,,0,,,,68,80,64,72,73,68,81,0,83,82,74,0,0,False,,,0,,,,,,0,50,groundball_sp,
P9004,John,Doe,2004-03-09,77,246,Unknown,medium,blonde,clean_shaven,L,LF,,0,,,52,52,50,53,51,52,46,52,52,48,,,,,,,,,,,,81,71,64,71,51,0,0,52,74,60,,,,,,,,,,,,False,,,0,,,,,,0,50,,average
P1740,John,Doe,2004-11-01,72,223,Unknown,dark,brown,beard,L,SS,,0,,,50,52,52,51,48,51,51,52,51,49,,,,,,,,,,,,64,63,76,80,48,0,0,52,62,71,,,,,,,,,,,,False,,,0,,,,,,0,50,,balanced
P3300,John,Doe,2007-11-23,75,229,Unknown,light,brown,clean_shaven,L,3B,RF,0,,,60,50,53,51,53,50,47,50,50,52,,,,,,,,,,,,73,80,67,81,53,0,0,50,74,71,,,,,,,,,,,,False,,,0,,,,,,0,50,,spray
P7491,John,Doe,2006-06-07,75,217,Unknown,light,blonde,clean_shaven,R,C,,0,,,50,54,52,52,50,52,58,50,53,51,,,,,,,,,,,,75,77,79,63,50,0,0,50,72,70,,,,,,,,,,,,False,,,0,,,,,,0,50,,balanced
P6653,John,Doe,2006-04-10,68,214,Unknown,dark,brown,clean_shaven,R,C,,0,,,51,53,48,51,50,50,56,53,52,51,,,,,,,,,,,,81,79,64,68,50,0,0,53,65,65,,,,,,,,,,,,False,,,0,,,,,,0,50,,balanced
P2520,John,Doe,2000-06-12,68,185,Unknown,medium,brown,goatee,S,P,,1,RP,CL,,,,,55,,,,49,51,51,50,52,51,53,59,0,66,0,0,0,,,,,0,,,,57,57,57,57,58,62,68,65,0,72,0,0,0,False,,,0,,,,,,0,50,closer,
P4155,John,Doe,1991-07-15,70,194,Unknown,medium,black,goatee,L,P,,1,RP,SP,,,,,53,,,,49,52,52,53,52,48,51,62,0,59,58,0,0,,,,,0,,,,42,47,44,49,43,47,45,62,0,49,56,0,0,False,,,0,,,,,,0,50,groundball_sp,
P5442,John,Doe,1999-04-08,78,200,Unknown,medium,blonde,beard,L,P,,1,RP,CL,,,,,50,,,,49,54,52,50,54,51,52,58,0,67,0,0,0,,,,,0,,,,59,67,65,61,61,57,67,73,0,81,0,0,0,False,,,0,,,,,,0,50,closer,
P9369,John,Doe,1995-08-18,76,179,Unknown,light,black,goatee,L,P,,1,RP,SP,,,,,54,,,,48,50,52,50,52,53,50,0,0,61,58,0,0,,,,,0,,,,50,52,49,54,47,53,54,0,0,60,61,0,0,False,,,0,,,,,,0,50,groundball_sp,
P8000,John,Doe,2000-03-12,74,160,Unknown,light,brown,beard,L,P,,1,RP,SP,,,,,50,,,,50,54,54,50,53,50,53,0,63,63,0,0,0,,,,,0,,,,65,62,63,68,63,57,60,0,75,68,0,0,0,False,,,0,,,,,,0,50,power_sp,
P3536,John,Doe,1991-05-12,72,227,Unknown,light,brown,clean_shaven,S,P,,1,RP,RP,,,,,52,,,,52,51,48,50,52,50,50,61,59,0,0,0,0,,,,,0,,,,51,48,50,45,46,41,42,52,51,0,0,0,0,False,,,0,,,,,,0,50,finesse_rp,
P7618,John,Doe,1992-06-26,73,235,Unknown,light,black,goatee,L,P,,1,RP,SP,,,,,50,,,,50,52,53,50,52,48,52,60,60,62,58,0,0,,,,,0,,,,43,43,41,48,46,41,50,56,59,52,50,0,0,False,,,0,,,,,,0,50,power_sp,
P3682,John,Doe,1998-05-25,68,220,Unknown,dark,black,goatee,R,P,,1,RP,RP,,,,,50,,,,50,52,50,51,52,49,52,0,62,0,0,0,0,,,,,0,,,,56,61,61,63,56,57,67,0,68,0,0,0,0,False,,,0,,,,,,0,50,power_rp,
P5203,John,Doe,1999-02-23,69,211,Unknown,light,blonde,clean_shaven,L,P,,1,RP,RP,,,,,51,,,,51,50,52,52,52,52,52,59,59,0,0,0,0,,,,,0,,,,63,61,61,61,67,67,62,71,66,0,0,0,0,False,,,0,,,,,,0,50,finesse_rp,
P2159,John,Doe,1996-05-28,70,163,Unknown,dark,blonde,clean_shaven,L,P,,1,RP,SP,,,,,52,,,,49,52,51,52,52,53,52,58,59,59,59,0,0,,,,,0,,,,52,51,56,56,56,55,50,54,58,55,54,0,0,False,,,0,,,,,,0,50,groundball_sp,
P2097,John,Doe,1993-05-29,76,212,Unknown,light,brown,clean_shaven,R,P,,1,RP,RP,,,,,50,,,,52,51,52,51,52,52,50,58,60,0,0,56,0,,,,,0,,,,49,41,42,45,44,49,45,49,57,0,0,46,0,False,,,0,,,,,,0,50,finesse_rp,
P6917,John,Doe,2003-05-06,76,170,Unknown,light,black,clean_shaven,R,C,,0,,,49,56,48,48,50,52,56,51,50,51,,,,,,,,,,,,57,71,63,63,50,0,0,51,65,56,,,,,,,,,,,,False,,,0,,,,,,0,50,,power
P9388,John,Doe,1990-12-14,74,218,Unknown,dark,black,clean_shaven,L,1B,,0,,,50,56,52,49,51,52,49,53,51,49,,,,,,,,,,,,47,48,51,42,51,0,0,53,47,42,,,,,,,,,,,,False,,,0,,,,,,0,50,,average
P7783,John,Doe,2004-11-21,71,220,Unknown,medium,brown,clean_shaven,S,2B,,0,,,58,52,85,53,49,48,54,48,49,51,,,,,,,,,,,,80,62,99,67,49,0,0,48,64,73,,,,,,,,,,,,False,,,0,,,,,,0,50,,elite_speed
P6869,John,Doe,2000-07-17,71,191,Unknown,light,black,beard,S,3B,,0,,,50,57,48,51,48,50,53,51,48,52,,,,,,,,,,,,60,65,61,57,48,0,0,51,57,57,,,,,,,,,,,,False,,,0,,,,,,0,50,,power
P1248,John,Doe,2001-10-21,77,161,Unknown,dark,red,clean_shaven,R,SS,,0,,,50,63,49,49,49,51,58,52,51,51,,,,,,,,,,,,57,68,61,57,49,0,0,52,63,60,,,,,,,,,,,,False,,,0,,,,,,0,50,,power
P4068,John,Doe,1995-10-27,69,167,Unknown,light,black,clean_shaven,S,LF,,0,,,57,51,52,54,53,47,53,51,53,51,,,,,,,,,,,,60,49,51,53,53,0,0,51,48,49,,,,,,,,,,,,False,,,0,,,,,,0,50,,spray
P4934,John,Doe,2000-08-02,70,220,Unknown,dark,black,beard,S,CF,,0,,,51,50,52,50,49,52,52,52,48,50,,,,,,,,,,,,62,60,58,56,49,0,0,52,56,63,,,,,,,,,,,,False,,,0,,,,,,0,50,,balanced
P1114,John,Doe,2002-08-16,70,169,Unknown,medium,blonde,mustache,L,RF,,0,,,58,58,50,52,48,48,50,51,52,53,,,,,,,,,,,,72,69,61,62,48,0,0,51,61,68,,,,,,,,,,,,False,,,0,,,,,,0,50,,gap
P9680,John,Doe,2005-01-17,77,211,Unknown,medium,black,clean_shaven,R,SS,,0,,,50,47,76,51,54,50,56,52,52,50,,,,,,,,,,,,79,70,95,72,54,0,0,52,63,76,,,,,,,,,,,,False,,,0,,,,,,0,50,,speed
P3957,John,Doe,1990-09-10,72,183,Unknown,dark,blonde,clean_shaven,R,CF,,0,,,64,50,53,51,54,50,57,50,52,51,,,,,,,,,,,,54,47,48,45,54,0,0,50,52,44,,,,,,,,,,,,False,,,0,,,,,,0,50,,spray
P2630,John,Doe,1992-02-27,71,226,Unknown,light,brown,clean_shaven,R,C,,0,,,57,51,51,53,53,50,56,53,52,52,,,,,,,,,,,,54,41,49,45,53,0,0,53,44,42,,,,,,,,,,,,False,,,0,,,,,,0,50,,spray
P5101,John,Doe,1989-10-01,74,190,Unknown,light,red,clean_shaven,R,3B,,0,,,51,58,49,52,48,54,57,52,48,53,,,,,,,,,,,,46,52,42,42,48,0,0,52,44,45,,,,,,,,,,,,False,,,0,,,,,,0,50,,power
P7268,John,Doe,2004-07-11,68,238,Unknown,light,brown,clean_shaven,L,1B,,0,,,59,53,52,51,48,51,47,50,50,50,,,,,,,,,,,,82,80,64,80,48,0,0,50,68,67,,,,,,,,,,,,False,,,0,,,,,,0,50,,gap
P6624,John,Doe,1993-06-23,75,242,Unknown,dark,black,mustache,L,1B,,0,,,53,62,50,52,47,50,49,52,48,50,,,,,,,,,,,,48,56,45,48,47,0,0,52,41,44,,,,,,,,,,,,False,,,0,,,,,,0,50,,power
P3274,John,Doe,1996-11-12,78,230,Unknown,dark,brown,clean_shaven,S,P,,1,RP,CL,,,,,55,,,,52,50,49,50,54,52,54,0,0,67,0,0,0,,,,,0,,,,51,51,47,50,46,56,52,0,0,66,0,0,0,False,,,0,,,,,,0,50,closer,
P2197,John,Doe,1995-06-04,72,244,Unknown,medium,brown,clean_shaven,L,P,,1,RP,SP,,,,,49,,,,51,47,52,50,53,49,53,61,62,0,0,0,0,,,,,0,,,,46,42,49,52,47,50,54,65,65,0,0,0,0,False,,,0,,,,,,0,50,finesse_sp,
P7632,John,Doe,1990-07-24,72,200,Unknown,light,black,mustache,S,P,,1,RP,SP,,,,,52,,,,50,51,54,54,52,50,52,62,62,0,0,0,0,,,,,0,,,,50,50,49,49,45,48,48,61,56,0,0,0,0,False,,,0,,,,,,0,50,finesse_sp,
P8234,John,Doe,2002-01-31,73,168,Unknown,medium,brown,clean_shaven,R,P,,1,RP,RP,,,,,51,,,,48,52,53,50,52,52,51,60,61,0,0,0,0,,,,,0,,,,62,61,55,63,58,57,64,75,72,0,0,0,0,False,,,0,,,,,,0,50,finesse_rp,
P9849,John,Doe,1990-04-20,68,213,Unknown,light,black,clean_shaven,R,P,,1,RP,SP,,,,,50,,,,52,50,53,50,53,49,52,0,62,60,0,0,0,,,,,0,,,,48,49,43,53,46,39,48,0,55,59,0,0,0,False,,,0,,,,,,0,50,power_sp,
P3280,John,Doe,1988-01-20,77,164,Unknown,medium,black,mustache,R,P,,1,RP,SP,,,,,49,,,,50,54,51,52,52,52,55,0,63,62,57,55,0,,,,,0,,,,45,47,47,47,47,46,53,0,53,52,48,45,0,False,,,0,,,,,,0,50,power_sp,
P9595,John,Doe,1997-02-13,72,162,Unknown,dark,brown,beard,L,P,,1,RP,SP,,,,,52,,,,51,49,50,51,52,53,49,61,60,0,59,54,0,,,,,0,,,,54,53,53,54,53,51,45,65,62,0,57,56,0,False,,,0,,,,,,0,50,finesse_sp,
P5957,John,Doe,1987-10-12,73,181,Unknown,medium,brown,beard,R,LF,,0,,,52,53,48,51,52,51,54,53,52,50,,,,,,,,,,,,47,53,48,44,52,0,0,53,46,45,,,,,,,,,,,,False,,,0,,,,,,0,50,,average
P4918,John,Doe,1990-02-14,78,164,Unknown,dark,black,clean_shaven,R,C,,0,,,49,53,49,50,51,50,58,49,49,52,,,,,,,,,,,,41,47,41,50,51,0,0,49,40,45,,,,,,,,,,,,False,,,0,,,,,,0,50,,average
P3728,John,Doe,2001-02-17,78,224,Unknown,light,brown,clean_shaven,R,LF,,0,,,53,63,48,51,50,51,57,52,52,52,,,,,,,,,,,,60,74,61,59,50,0,0,52,67,63,,,,,,,,,,,,False,,,0,,,,,,0,50,,power
P4811,John,Doe,1988-01-23,74,215,Unknown,medium,black,goatee,R,1B,,0,,,49,62,50,50,48,53,55,50,49,51,,,,,,,,,,,,44,60,40,40,48,0,0,50,47,50,,,,,,,,,,,,False,,,0,,,,,,0,50,,power
P2124,John,Doe,2003-01-23,73,206,Unknown,medium,brown,goatee,L,1B,,0,,,65,53,51,53,52,47,44,48,49,52,,,,,,,,,,,,72,62,64,61,52,0,0,48,61,59,,,,,,,,,,,,False,,,0,,,,,,0,50,,spray
P9520,John,Doe,1994-03-26,68,223,Unknown,medium,black,clean_shaven,R,SS,,0,,,51,52,53,52,50,50,57,51,49,51,,,,,,,,,,,,51,51,54,56,50,0,0,51,48,49,,,,,,,,,,,,False,,,0,,,,,,0,50,,gap
P5286,John,Doe,2002-01-22,74,192,Unknown,medium,brown,clean_shaven,L,RF,,0,,,52,49,70,51,50,48,49,51,49,52,,,,,,,,,,,,62,58,81,58,50,0,0,51,54,59,,,,,,,,,,,,False,,,0,,,,,,0,50,,speed
P3966,John,Doe,2000-04-21,70,192,Unknown,medium,black,clean_shaven,R,RF,,0,,,51,49,85,49,51,51,54,47,52,51,,,,,,,,,,,,61,62,90,58,51,0,0,47,59,57,,,,,,,,,,,,False,,,0,,,,,,0,50,,elite_speed
P5307,John,Doe,2005-08-28,74,223,Unknown,medium,blonde,beard,R,P,,1,RP,CL,,,,,55,,,,50,53,49,52,52,52,53,0,0,65,0,0,0,,,,,0,,,,66,63,74,62,72,81,72,0,0,76,0,0,0,False,,,0,,,,,,0,50,closer,
P5236,John,Doe,2004-10-02,71,197,Unknown,dark,black,goatee,L,P,,1,RP,SP,,,,,49,,,,51,50,52,50,53,50,51,60,62,0,0,54,0,,,,,0,,,,70,75,72,73,63,73,78,90,79,0,0,72,0,False,,,0,,,,,,0,50,finesse_sp,
P9951,John,Doe,2004-10-21,72,191,Unknown,light,black,clean_shaven,L,P,,1,RP,SP,,,,,51,,,,49,50,53,52,54,51,52,62,61,0,0,55,0,,,,,0,,,,73,70,66,75,72,69,71,80,71,0,0,72,0,False,,,0,,,,,,0,50,finesse_sp,
P4199,John,Doe,2007-11-22,69,187,Unknown,medium,brown,clean_shaven,L,P,,1,RP,RP,,,,,50,,,,51,50,48,51,52,50,50,59,61,64,0,0,0,,,,,0,,,,66,64,70,62,62,68,61,89,85,76,0,0,0,False,,,0,,,,,,0,50,power_rp,
P8425,John,Doe,2006-01-19,78,175,Unknown,light,black,clean_shaven,R,P,,1,RP,SP,,,,,52,,,,51,54,54,50,54,50,54,62,59,60,0,0,0,,,,,0,,,,70,73,62,67,75,67,70,82,84,72,0,0,0,False,,,0,,,,,,0,50,power_sp,
P8130,John,Doe,2006-01-27,68,226,Unknown,dark,brown,clean_shaven,R,CF,LF,0,,,50,49,50,50,53,50,53,47,52,51,,,,,,,,,,,,75,77,76,63,53,0,0,47,65,77,,,,,,,,,,,,False,,,0,,,,,,0,50,,balanced
P2991,John,Doe,2006-04-12,70,239,Unknown,light,black,clean_shaven,R,SS,,0,,,59,52,53,53,52,49,59,49,50,50,,,,,,,,,,,,88,82,63,64,52,0,0,49,62,79,,,,,,,,,,,,False,,,0,,,,,,0,50,,spray
P1663,John,Doe,2005-05-02,72,190,Unknown,light,black,goatee,R,1B,,0,,,52,60,51,49,51,53,51,49,50,52,,,,,,,,,,,,79,76,72,63,51,0,0,49,69,81,,,,,,,,,,,,False,,,0,,,,,,0,50,,power
P9944,John,Doe,2004-09-08,72,177,Unknown,dark,red,mustache,R,2B,,0,,,50,50,70,51,53,51,59,50,48,49,,,,,,,,,,,,72,68,91,80,53,0,0,50,58,64,,,,,,,,,,,,False,,,0,,,,,,0,50,,speed
P6851,John,Doe,2005-06-27,72,223,Unknown,dark,brown,clean_shaven,L,CF,2B,0,,,53,50,49,53,53,50,44,51,51,53,,,,,,,,,,,,74,77,74,76,53,0,0,51,70,67,,,,,,,,,,,,False,,,0,,,,,,0,50,,balanced
P9720,John,Doe,1998-10-10,72,208,Unknown,light,black,clean_shaven,R,P,,1,RP,CL,,,,,55,,,,50,54,47,52,52,52,56,0,59,65,0,0,0,,,,,0,,,,57,65,60,62,55,58,65,0,71,79,0,0,0,False,,,0,,,,,,0,50,closer,
P3849,John,Doe,1990-06-05,71,162,Unknown,dark,blonde,beard,S,P,,1,RP,CL,,,,,53,,,,53,54,48,51,52,53,53,0,0,65,0,0,0,,,,,0,,,,52,44,49,47,40,52,49,0,0,64,0,0,0,False,,,0,,,,,,0,50,closer,
P4428,John,Doe,1996-05-14,72,247,Unknown,light,brown,clean_shaven,L,P,,1,RP,SP,,,,,52,,,,48,49,51,52,52,50,52,60,62,0,0,0,0,,,,,0,,,,52,45,48,54,53,52,47,64,58,0,0,0,0,False,,,0,,,,,,0,50,workhorse_sp,
P7964,John,Doe,2004-07-26,71,167,Unknown,medium,black,clean_shaven,L,P,,1,RP,SP,,,,,49,,,,50,50,50,52,54,48,52,0,62,62,0,58,0,,,,,0,,,,63,79,78,67,73,59,71,0,86,91,0,87,0,False,,,0,,,,,,0,50,power_sp,
P7975,John,Doe,1999-02-23,78,208,Unknown,medium,red,beard,R,P,,1,RP,RP,,,,,50,,,,50,52,52,50,53,50,51,61,59,0,0,0,0,,,,,0,,,,55,64,57,63,67,63,57,69,72,0,0,0,0,False,,,0,,,,,,0,50,finesse_rp,
P4793,John,Doe,1987-05-10,74,211,Unknown,dark,black,clean_shaven,L,P,,1,RP,RP,,,,,53,,,,50,53,49,52,53,51,52,60,0,0,0,0,0,,,,,0,,,,46,50,48,48,39,47,44,60,0,0,0,0,0,False,,,0,,,,,,0,50,finesse_rp,
P9232,John,Doe,1987-07-02,71,183,Unknown,light,red,goatee,R,P,,1,RP,RP,,,,,56,,,,49,53,50,52,53,51,53,0,61,0,61,0,0,,,,,0,,,,47,50,47,44,41,49,45,0,51,0,58,0,0,False,,,0,,,,,,0,50,groundball_rp,
P5726,John,Doe,2001-05-27,76,210,Unknown,dark,blonde,clean_shaven,S,P,,1,RP,SP,,,,,52,,,,51,52,52,52,52,52,53,60,61,59,0,0,0,,,,,0,,,,65,64,65,61,59,66,62,75,70,66,0,0,0,False,,,0,,,,,,0,50,workhorse_sp,
P6192,John,Doe,1987-08-12,75,176,Unknown,dark,brown,clean_shaven,L,P,,1,RP,SP,,,,,51,,,,49,50,54,50,54,51,52,59,60,61,0,57,0,,,,,0,,,,43,49,45,44,48,50,45,58,56,52,0,47,0,False,,,0,,,,,,0,50,finesse_sp,
P4883,John,Doe,1990-01-19,69,236,Unknown,dark,brown,clean_shaven,R,P,,1,RP,SP,,,,,49,,,,52,48,53,50,52,49,50,62,61,62,57,0,0,,,,,0,,,,45,39,45,50,51,49,49,61,55,56,53,0,0,False,,,0,,,,,,0,50,finesse_sp,
P2240,John,Doe,1995-03-07,68,188,Unknown,light,brown,clean_shaven,R,P,,1,RP,SP,,,,,50,,,,51,51,53,52,52,51,52,59,58,0,0,0,0,,,,,0,,,,50,46,55,57,58,50,49,54,55,0,0,0,0,False,,,0,,,,,,0,50,balanced_sp,
P7668,John,Doe,1992-03-03,74,216,Unknown,dark,black,beard,R,C,,0,,,53,50,51,52,48,50,60,53,53,51,,,,,,,,,,,,46,43,46,48,48,0,0,53,46,46,,,,,,,,,,,,False,,,0,,,,,,0,50,,gap
P3698,John,Doe,1990-01-04,69,244,Unknown,medium,black,clean_shaven,S,1B,LF,0,,,50,64,52,50,51,54,51,51,48,50,,,,,,,,,,,,45,64,51,48,51,0,0,51,46,48,,,,,,,,,,,,False,,,0,,,,,,0,50,,power
P9318,John,Doe,1998-08-30,72,189,Unknown,medium,blonde,clean_shaven,R,2B,,0,,,52,52,52,50,53,51,58,49,50,50,,,,,,,,,,,,62,58,66,64,53,0,0,49,62,62,,,,,,,,,,,,False,,,0,,,,,,0,50,,balanced
P5898,John,Doe,1987-07-11,70,172,Unknown,dark,brown,clean_shaven,R,3B,,0,,,48,51,51,49,49,52,58,51,51,51,,,,,,,,,,,,40,41,41,48,49,0,0,51,41,48,,,,,,,,,,,,False,,,0,,,,,,0,50,,balanced
P8058,John,Doe,1997-10-09,75,192,Unknown,dark,blonde,clean_shaven,L,SS,,0,,,49,46,95,50,49,47,51,48,50,48,,,,,,,,,,,,50,46,92,52,49,0,0,48,47,47,,,,,,,,,,,,False,,,0,,,,,,0,50,,speed
P1617,John,Doe,1992-12-10,72,208,Unknown,medium,black,clean_shaven,L,LF,,0,,,51,52,49,51,51,51,48,51,51,51,,,,,,,,,,,,43,51,40,51,51,0,0,51,44,44,,,,,,,,,,,,False,,,0,,,,,,0,50,,balanced
P7172,John,Doe,2000-06-16,69,208,Unknown,dark,blonde,clean_shaven,L,CF,,0,,,51,51,53,52,50,51,46,49,50,49,,,,,,,,,,,,57,60,59,60,50,0,0,49,65,58,,,,,,,,,,,,False,,,0,,,,,,0,50,,balanced
P6281,John,Doe,1993-09-20,78,164,Unknown,medium,black,clean_shaven,S,RF,,0,,,49,53,50,49,49,51,48,52,49,50,,,,,,,,,,,,42,44,45,49,49,0,0,52,41,41,,,,,,,,,,,,False,,,0,,,,,,0,50,,average
P9624,John,Doe,1988-06-22,73,230,Unknown,medium,brown,mustache,L,1B,,0,,,49,52,52,51,51,52,48,48,50,48,,,,,,,,,,,,45,52,52,41,51,0,0,48,40,42,,,,,,,,,,,,False,,,0,,,,,,0,50,,balanced
P5485,John,Doe,1997-01-26,74,240,Unknown,dark,brown,beard,R,C,,0,,,50,57,48,49,50,50,59,52,50,51,,,,,,,,,,,,48,56,44,49,50,0,0,52,55,52,,,,,,,,,,,,False,,,0,,,,,,0,50,,power
P5187,John,Doe,1993-05-02,72,203,Unknown,light,brown,beard,R,RF,3B,0,,,61,50,51,52,51,49,51,50,49,50,,,,,,,,,,,,60,43,45,47,51,0,0,50,49,48,,,,,,,,,,,,False,,,0,,,,,,0,50,,spray
P7214,John,Doe,1987-06-14,68,222,Unknown,dark,red,goatee,R,C,,0,,,54,54,49,52,53,49,55,53,52,49,,,,,,,,,,,,54,49,42,45,53,0,0,53,45,43,,,,,,,,,,,,False,,,0,,,,,,0,50,,balanced
P9257,John,Doe,1994-01-04,73,238,Unknown,light,brown,clean_shaven,S,2B,,0,,,52,51,50,51,48,51,54,51,52,50,,,,,,,,,,,,49,43,50,49,48,0,0,51,48,41,,,,,,,,,,,,False,,,0,,,,,,0,50,,gap
P6897,John,Doe,2003-06-02,69,225,Unknown,dark,black,clean_shaven,L,CF,,0,,,52,54,51,50,51,49,42,50,50,51,,,,,,,,,,,,62,64,59,56,51,0,0,50,58,60,,,,,,,,,,,,False,,,0,,,,,,0,50,,gap
P7269,John,Doe,1993-01-02,77,248,Unknown,light,brown,clean_shaven,R,P,,1,RP,CL,,,,,55,,,,50,54,47,50,52,51,51,0,0,65,0,0,0,,,,,0,,,,49,44,41,43,46,46,47,0,0,60,0,0,0,False,,,0,,,,,,0,50,closer,
P7855,John,Doe,1994-05-20,68,161,Unknown,medium,brown,beard,L,P,,1,RP,SP,,,,,51,,,,51,51,53,53,52,49,52,62,59,0,0,0,0,,,,,0,,,,56,54,58,48,57,52,50,65,62,0,0,0,0,False,,,0,,,,,,0,50,finesse_sp,
P1032,John,Doe,1996-01-14,78,243,Unknown,dark,brown,beard,S,P,,1,RP,RP,,,,,48,,,,52,54,50,50,52,49,56,0,63,65,0,0,0,,,,,0,,,,56,50,50,48,52,51,53,0,58,61,0,0,0,False,,,0,,,,,,0,50,power_rp,
P9148,John,Doe,1993-06-02,68,196,Unknown,dark,blonde,beard,R,P,,1,RP,SP,,,,,51,,,,52,49,52,53,52,51,51,62,62,61,57,0,0,,,,,0,,,,42,42,43,49,42,43,44,56,53,61,52,0,0,False,,,0,,,,,,0,50,balanced_sp,
P5547,John,Doe,1989-11-04,72,216,Unknown,light,black,beard,S,P,,1,RP,LR,,,,,53,,,,49,50,52,52,52,50,50,61,61,63,0,0,0,,,,,0,,,,39,40,48,52,50,50,48,51,52,53,0,0,0,False,,,0,,,,,,0,50,long_relief,
P7725,John,Doe,2000-01-25,68,161,Unknown,dark,brown,clean_shaven,S,P,,1,RP,SP,,,,,49,,,,50,52,52,50,52,50,53,59,59,60,0,0,0,,,,,0,,,,57,61,63,58,57,64,62,72,65,75,0,0,0,False,,,0,,,,,,0,50,balanced_sp,
P6554,John,Doe,1996-09-12,71,205,Unknown,medium,black,beard,R,P,,1,RP,RP,,,,,52,,,,51,48,51,50,52,50,52,58,63,66,0,0,0,,,,,0,,,,51,49,50,49,56,46,57,63,58,66,0,0,0,False,,,0,,,,,,0,50,finesse_rp,
P3149,John,Doe,1995-09-03,76,192,Unknown,dark,black,clean_shaven,L,RF,,0,,,51,53,49,51,52,50,47,51,51,51,,,,,,,,,,,,46,52,45,50,52,0,0,51,52,52,,,,,,,,,,,,False,,,0,,,,,,0,50,,average
P1972,John,Doe,2001-09-26,78,240,Unknown,dark,brown,clean_shaven,R,3B,,0,,,54,49,50,51,47,52,57,50,48,49,,,,,,,,,,,,69,56,64,64,47,0,0,50,59,63,,,,,,,,,,,,False,,,0,,,,,,0,50,,balanced
P8697,John,Doe,1998-11-06,76,243,Unknown,light,brown,beard,L,LF,,0,,,53,57,50,53,48,49,47,49,53,50,,,,,,,,,,,,61,69,56,59,48,0,0,49,67,61,,,,,,,,,,,,False,,,0,,,,,,0,50,,balanced
P5189,John,Doe,2000-10-11,68,185,Unknown,medium,black,clean_shaven,S,CF,,0,,,60,51,50,51,51,49,50,48,50,51,,,,,,,,,,,,69,66,59,65,51,0,0,48,61,65,,,,,,,,,,,,False,,,0,,,,,,0,50,,spray
P1113,John,Doe,1999-09-23,70,224,Unknown,light,black,clean_shaven,L,RF,,0,,,60,52,50,53,50,49,45,52,52,52,,,,,,,,,,,,75,60,64,68,50,0,0,52,57,64,,,,,,,,,,,,False,,,0,,,,,,0,50,,spray
P3374,John,Doe,1991-07-20,69,199,Unknown,light,black,clean_shaven,R,1B,LF,0,,,51,59,49,50,48,49,58,49,50,52,,,,,,,,,,,,48,51,40,42,48,0,0,49,46,42,,,,,,,,,,,,False,,,0,,,,,,0,50,,power
P8043,John,Doe,1992-04-24,74,187,Unknown,dark,black,goatee,L,LF,,0,,,63,52,50,53,50,51,48,49,53,53,,,,,,,,,,,,56,45,42,49,50,0,0,49,49,46,,,,,,,,,,,,False,,,0,,,,,,0,50,,spray
P5931,John,Doe,1989-04-19,78,230,Unknown,medium,black,beard,R,C,,0,,,58,52,51,54,51,48,58,51,53,49,,,,,,,,,,,,50,49,41,52,51,0,0,51,44,41,,,,,,,,,,,,False,,,0,,,,,,0,50,,spray
P2580,John,Doe,2007-11-02,69,196,Unknown,medium,black,clean_shaven,S,P,,1,RP,CL,,,,,55,,,,47,52,51,52,53,52,55,59,62,66,0,0,0,,,,,0,,,,75,74,78,81,64,78,78,80,89,88,0,0,0,False,,,0,,,,,,0,50,closer,
P2993,John,Doe,2005-10-31,78,180,Unknown,dark,red,clean_shaven,L,P,,1,RP,SP,,,,,48,,,,49,53,50,50,53,50,54,0,62,58,0,56,0,,,,,0,,,,75,64,60,66,70,60,68,0,90,69,0,81,0,False,,,0,,,,,,0,50,power_sp,
P5071,John,Doe,2007-01-03,76,195,Unknown,medium,black,clean_shaven,R,P,,1,RP,SP,,,,,49,,,,51,52,53,52,54,50,52,58,61,59,55,0,0,,,,,0,,,,77,69,71,72,64,77,82,83,77,84,68,0,0,False,,,0,,,,,,0,50,workhorse_sp,
P5302,John,Doe,2006-11-08,68,232,Unknown,light,blonde,mustache,R,P,,1,RP,CL,,,,,48,,,,49,54,52,50,54,51,55,57,61,67,0,0,0,,,,,0,,,,76,72,70,66,68,80,67,73,89,94,0,0,0,False,,,0,,,,,,0,50,closer,
P2134,John,Doe,2005-12-09,72,241,Unknown,dark,black,beard,R,P,,1,RP,SP,,,,,51,,,,51,52,52,50,52,50,55,58,60,58,0,54,0,,,,,0,,,,64,82,70,77,70,69,81,77,83,87,0,72,0,False,,,0,,,,,,0,50,power_sp,
P2906,John,Doe,2007-05-18,72,236,Unknown,light,brown,clean_shaven,R,3B,,0,,,50,50,49,51,52,52,58,52,50,52,,,,,,,,,,,,75,77,71,67,52,0,0,52,61,76,,,,,,,,,,,,False,,,0,,,,,,0,50,,balanced
P3357,John,Doe,2007-10-08,70,203,Unknown,dark,brown,goatee,L,2B,,0,,,52,48,49,52,50,50,52,52,52,49,,,,,,,,,,,,62,73,65,62,50,0,0,52,73,70,,,,,,,,,,,,False,,,0,,,,,,0,50,,average
P8087,John,Doe,2004-10-23,74,229,Unknown,dark,brown,clean_shaven,R,2B,,0,,,53,53,48,52,53,49,57,49,51,50,,,,,,,,,,,,82,71,78,69,53,0,0,49,76,71,,,,,,,,,,,,False,,,0,,,,,,0,50,,balanced
P6785,John,Doe,2005-12-16,75,204,Unknown,dark,brown,mustache,R,SS,,0,,,49,52,50,51,48,51,59,53,50,49,,,,,,,,,,,,60,77,71,63,48,0,0,53,66,64,,,,,,,,,,,,False,,,0,,,,,,0,50,,average
P9894,John,Doe,2005-11-05,73,234,Unknown,medium,blonde,clean_shaven,R,2B,,0,,,51,48,77,54,49,51,56,52,52,52,,,,,,,,,,,,63,61,99,80,49,0,0,52,82,73,,,,,,,,,,,,False,,,0,,,,,,0,50,,speed
P9185,John,Doe,1988-06-23,74,170,Unknown,light,black,beard,L,P,,1,RP,CL,,,,,55,,,,49,51,52,50,53,51,54,57,59,66,0,0,0,,,,,0,,,,46,47,44,43,46,46,47,52,52,63,0,0,0,False,,,0,,,,,,0,50,closer,
P7366,John,Doe,1989-12-09,71,191,Unknown,dark,black,clean_shaven,S,P,,1,RP,RP,,,,,49,,,,49,53,52,52,52,52,52,58,61,0,0,0,0,,,,,0,,,,46,53,50,50,51,49,43,55,55,0,0,0,0,False,,,0,,,,,,0,50,finesse_rp,
P6751,John,Doe,1999-08-10,72,201,Unknown,medium,brown,mustache,L,P,,1,RP,RP,,,,,49,,,,51,53,50,50,52,51,51,0,59,67,0,57,0,,,,,0,,,,63,67,63,57,58,65,66,0,65,81,0,68,0,False,,,0,,,,,,0,50,power_rp,
P5571,John,Doe,1988-10-28,77,224,Unknown,dark,black,clean_shaven,R,P,,1,RP,SP,,,,,51,,,,52,52,50,50,54,50,50,62,63,58,0,0,0,,,,,0,,,,42,49,41,46,46,50,50,60,54,52,0,0,0,False,,,0,,,,,,0,50,balanced_sp,
P9765,John,Doe,1987-06-07,73,238,Unknown,light,black,beard,L,P,1B,1,RP,SP,,,,,48,,,,52,49,52,52,53,52,50,59,60,60,0,0,0,,,,,0,,,,52,44,42,48,50,44,40,52,56,59,0,0,0,False,,,0,,,,,,0,50,workhorse_sp,
P7513,John,Doe,1990-08-20,69,248,Unknown,dark,black,clean_shaven,L,P,,1,RP,RP,,,,,56,,,,48,49,48,51,52,52,49,0,61,64,60,0,0,,,,,0,,,,46,48,48,47,45,49,39,0,56,58,52,0,0,False,,,0,,,,,,0,50,groundball_rp,
P4561,John,Doe,2004-07-12,73,213,Unknown,medium,black,clean_shaven,L,P,,1,RP,SP,,,,,49,,,,49,54,53,50,52,51,53,0,62,59,0,0,0,,,,,0,,,,60,83,71,64,67,61,78,0,86,79,0,0,0,False,,,0,,,,,,0,50,power_sp,
P5411,John,Doe,2002-08-01,78,188,Unknown,medium,brown,clean_shaven,R,P,,1,RP,SP,,,,,49,,,,53,53,53,52,52,49,53,59,59,61,60,0,0,,,,,0,,,,61,58,61,62,59,58,58,64,73,69,72,0,0,False,,,0,,,,,,0,50,groundball_sp,
P8932,John,Doe,1997-01-17,74,198,Unknown,medium,black,clean_shaven,R,P,,1,RP,SP,,,,,48,,,,52,49,53,50,52,52,53,61,60,58,0,0,0,,,,,0,,,,47,52,45,57,54,47,56,63,57,59,0,0,0,False,,,0,,,,,,0,50,workhorse_sp,
P2354,John,Doe,1989-03-22,78,176,Unknown,medium,blonde,beard,L,P,,1,RP,SP,,,,,50,,,,49,54,51,52,54,49,51,0,59,61,0,0,0,,,,,0,,,,46,50,46,48,49,47,44,0,55,51,0,0,0,False,,,0,,,,,,0,50,power_sp,
P7915,John,Doe,1995-12-25,68,195,Unknown,dark,black,clean_shaven,R,P,,1,RP,RP,,,,,54,,,,49,52,49,50,52,52,51,0,60,0,62,0,0,,,,,0,,,,50,53,54,55,53,50,52,0,61,0,57,0,0,False,,,0,,,,,,0,50,groundball_rp,
P8253,John,Doe,2004-11-05,75,183,Unknown,dark,blonde,mustache,L,C,,0,,,50,49,49,49,49,50,48,53,52,50,,,,,,,,,,,,64,75,70,75,49,0,0,53,66,77,,,,,,,,,,,,False,,,0,,,,,,0,50,,average
P5109,John,Doe,1996-02-06,70,174,Unknown,dark,red,clean_shaven,L,1B,,0,,,49,52,50,49,51,50,49,50,51,51,,,,,,,,,,,,52,53,49,48,51,0,0,50,54,46,,,,,,,,,,,,False,,,0,,,,,,0,50,,average
P1602,John,Doe,1997-06-16,74,250,Unknown,light,blonde,clean_shaven,R,2B,,0,,,52,51,52,49,50,50,56,51,48,52,,,,,,,,,,,,51,55,49,47,50,0,0,51,52,48,,,,,,,,,,,,False,,,0,,,,,,0,50,,balanced
P1790,John,Doe,2000-10-10,70,199,Unknown,medium,brown,clean_shaven,R,3B,,0,,,52,50,49,52,52,49,58,50,49,48,,,,,,,,,,,,60,61,58,59,52,0,0,50,63,60,,,,,,,,,,,,False,,,0,,,,,,0,50,,average
P9788,John,Doe,1988-04-19,77,234,Unknown,light,black,clean_shaven,R,SS,,0,,,65,51,52,53,51,47,57,49,50,51,,,,,,,,,,,,55,47,46,52,51,0,0,49,46,43,,,,,,,,,,,,False,,,0,,,,,,0,50,,spray
P4116,John,Doe,1987-05-11,74,184,Unknown,dark,black,mustache,R,LF,,0,,,50,54,47,52,50,49,56,53,49,50,,,,,,,,,,,,50,54,38,47,50,0,0,53,44,41,,,,,,,,,,,,False,,,0,,,,,,0,50,,balanced
P2937,John,Doe,1987-05-29,77,201,Unknown,dark,black,beard,R,CF,LF,0,,,54,49,53,51,50,49,52,50,47,51,,,,,,,,,,,,49,48,46,45,50,0,0,50,45,49,,,,,,,,,,,,False,,,0,,,,,,0,50,,balanced
P6273,John,Doe,1992-04-04,71,229,Unknown,medium,blonde,clean_shaven,L,RF,,0,,,52,59,51,51,49,52,43,52,51,49,,,,,,,,,,,,46,58,49,41,49,0,0,52,46,41,,,,,,,,,,,,False,,,0,,,,,,0,50,,power
P4189,John,Doe,1999-09-10,69,185,Unknown,dark,black,clean_shaven,L,RF,CF,0,,,52,49,49,49,51,51,50,51,49,53,,,,,,,,,,,,61,64,58,61,51,0,0,51,62,65,,,,,,,,,,,,False,,,0,,,,,,0,50,,balanced
P9425,John,Doe,2002-05-05,69,216,Unknown,medium,black,mustache,L,C,,0,,,57,54,51,53,51,51,51,53,51,51,,,,,,,,,,,,64,64,66,62,51,0,0,53,58,61,,,,,,,,,,,,False,,,0,,,,,,0,50,,gap
P9478,John,Doe,2001-02-07,72,181,Unknown,dark,red,clean_shaven,R,C,,0,,,51,51,49,51,52,51,59,52,52,50,,,,,,,,,,,,64,60,56,56,52,0,0,52,67,57,,,,,,,,,,,,False,,,0,,,,,,0,50,,balanced
P8543,John,Doe,2002-12-05,69,203,Unknown,light,brown,clean_shaven,R,SS,,0,,,59,60,51,50,52,49,62,50,48,51,,,,,,,,,,,,74,68,59,64,52,0,0,50,58,66,,,,,,,,,,,,False,,,0,,,,,,0,50,,gap
P1100,John,Doe,1995-02-01,72,192,Unknown,medium,black,beard,R,C,,0,,,49,52,49,49,52,53,56,49,49,53,,,,,,,,,,,,45,57,46,50,52,0,0,49,48,48,,,,,,,,,,,,False,,,0,,,,,,0,50,,balanced
P4085,John,Doe,1997-01-29,78,171,Unknown,medium,black,mustache,R,LF,,0,,,54,56,51,52,49,48,59,50,50,50,,,,,,,,,,,,53,53,54,51,49,0,0,50,47,48,,,,,,,,,,,,False,,,0,,,,,,0,50,,gap
P7854,John,Doe,2002-10-04,70,170,Unknown,medium,black,clean_shaven,L,P,,1,RP,CL,,,,,55,,,,49,52,51,51,52,53,55,60,59,65,0,0,0,,,,,0,,,,63,59,58,58,63,59,70,65,69,70,0,0,0,False,,,0,,,,,,0,50,closer,
P4037,John,Doe,2002-01-31,72,222,Unknown,light,brown,clean_shaven,R,P,,1,RP,SP,,,,,54,,,,49,53,53,50,54,50,52,58,0,58,61,0,0,,,,,0,,,,63,60,62,66,62,56,60,73,0,72,70,0,0,False,,,0,,,,,,0,50,groundball_sp,
P6030,John,Doe,1994-08-05,69,189,Unknown,medium,brown,goatee,R,P,,1,RP,SP,,,,,51,,,,50,53,53,50,52,51,52,60,60,0,0,0,0,,,,,0,,,,46,53,53,54,53,52,47,58,65,0,0,0,0,False,,,0,,,,,,0,50,workhorse_sp,
P6504,John,Doe,1992-11-12,75,241,Unknown,medium,brown,clean_shaven,L,P,,1,RP,SP,,,,,50,,,,52,49,51,50,53,53,52,62,60,61,0,57,0,,,,,0,,,,48,43,50,50,51,49,44,53,56,54,0,48,0,False,,,0,,,,,,0,50,balanced_sp,
P8729,John,Doe,1990-04-21,74,195,Unknown,dark,black,clean_shaven,R,P,,1,RP,SP,,,,,49,,,,52,52,53,51,53,49,49,62,63,0,0,0,0,,,,,0,,,,46,52,47,45,46,43,39,52,56,0,0,0,0,False,,,0,,,,,,0,50,finesse_sp,
P3398,John,Doe,1998-05-22,72,178,Unknown,light,black,beard,R,P,,1,RP,RP,,,,,53,,,,48,53,50,51,54,50,51,59,0,0,60,0,0,,,,,0,,,,63,60,66,63,58,60,60,72,0,0,69,0,0,False,,,0,,,,,,0,50,groundball_rp,
P2739,John,Doe,1996-06-08,71,230,Unknown,dark,red,clean_shaven,R,P,,1,RP,SP,,,,,51,,,,52,52,52,50,52,52,53,62,59,58,59,0,0,,,,,0,,,,52,57,47,55,49,55,49,65,60,57,54,0,0,False,,,0,,,,,,0,50,groundball_sp,
P6850,John,Doe,1993-09-01,72,161,Unknown,medium,red,clean_shaven,R,3B,,0,,,51,54,48,49,48,48,57,53,50,48,,,,,,,,,,,,44,51,47,45,48,0,0,53,50,43,,,,,,,,,,,,False,,,0,,,,,,0,50,,gap
P8656,John,Doe,1998-05-11,71,231,Unknown,light,black,clean_shaven,L,CF,,0,,,51,52,51,52,50,48,43,52,48,52,,,,,,,,,,,,66,64,56,64,50,0,0,52,55,61,,,,,,,,,,,,False,,,0,,,,,,0,50,,balanced
P2419,John,Doe,1988-06-29,72,232,Unknown,light,blonde,clean_shaven,S,1B,,0,,,52,58,52,49,50,53,48,52,50,52,,,,,,,,,,,,43,53,47,41,50,0,0,52,49,51,,,,,,,,,,,,False,,,0,,,,,,0,50,,power
P2304,John,Doe,1997-02-10,76,214,Unknown,light,black,beard,R,C,,0,,,50,50,49,49,50,53,58,48,49,51,,,,,,,,,,,,46,51,50,49,50,0,0,48,54,53,,,,,,,,,,,,False,,,0,,,,,,0,50,,average
P5734,John,Doe,1998-07-16,71,171,Unknown,light,black,beard,L,C,,0,,,52,51,49,50,49,49,50,49,52,51,,,,,,,,,,,,67,59,58,57,49,0,0,49,57,57,,,,,,,,,,,,False,,,0,,,,,,0,50,,average
P4710,John,Doe,1999-03-09,74,175,Unknown,light,black,clean_shaven,L,LF,,0,,,52,50,53,53,50,50,46,49,48,50,,,,,,,,,,,,62,58,65,58,50,0,0,49,58,65,,,,,,,,,,,,False,,,0,,,,,,0,50,,balanced
P7267,John,Doe,1992-03-29,74,160,Unknown,light,black,clean_shaven,S,3B,,0,,,48,53,51,51,50,49,55,49,49,52,,,,,,,,,,,,41,45,49,43,50,0,0,49,44,47,,,,,,,,,,,,False,,,0,,,,,,0,50,,balanced
P7827,John,Doe,2000-08-08,70,203,Unknown,medium,black,clean_shaven,R,LF,,0,,,50,57,52,50,53,52,57,51,49,48,,,,,,,,,,,,58,67,57,59,53,0,0,51,63,58,,,,,,,,,,,,False,,,0,,,,,,0,50,,balanced
P7024,John,Doe,2007-03-28,74,171,Unknown,dark,brown,beard,L,P,,1,RP,CL,,,,,55,,,,48,50,49,52,52,53,53,60,0,65,0,0,0,,,,,0,,,,64,60,78,76,71,63,74,72,0,76,0,0,0,False,,,0,,,,,,0,50,closer,
P3526,John,Doe,2008-01-07,77,227,Unknown,medium,brown,goatee,R,P,,1,RP,RP,,,,,52,,,,49,50,51,50,53,53,51,0,60,64,61,0,0,,,,,0,,,,64,69,79,64,81,76,73,0,79,91,91,0,0,False,,,0,,,,,,0,50,power_rp,
P3224,John,Doe,2007-05-06,72,180,Unknown,dark,black,clean_shaven,R,P,,1,RP,SP,,,,,53,,,,50,51,51,50,54,51,50,60,58,60,59,0,0,,,,,0,,,,64,70,77,79,73,81,63,82,74,75,86,0,0,False,,,0,,,,,,0,50,groundball_sp,
P2156,John,Doe,2006-10-12,74,243,Unknown,medium,blonde,goatee,L,P,,1,RP,RP,,,,,51,,,,49,50,50,52,53,49,50,59,62,0,0,0,0,,,,,0,,,,74,71,62,72,71,61,66,82,77,0,0,0,0,False,,,0,,,,,,0,50,finesse_rp,
P1577,John,Doe,2007-10-19,73,190,Unknown,medium,blonde,clean_shaven,R,P,,1,RP,SP,,,,,52,,,,50,49,50,50,52,50,50,59,59,58,0,0,0,,,,,0,,,,80,62,78,79,61,63,60,76,79,74,0,0,0,False,,,0,,,,,,0,50,workhorse_sp,
P8482,John,Doe,2007-03-15,68,196,Unknown,light,blonde,clean_shaven,R,3B,,0,,,54,48,52,50,52,47,60,51,48,50,,,,,,,,,,,,70,58,68,62,52,0,0,51,66,65,,,,,,,,,,,,False,,,0,,,,,,0,50,,spray
P5409,John,Doe,2005-01-07,77,192,Unknown,dark,brown,clean_shaven,L,3B,,0,,,52,56,53,51,46,52,47,52,52,52,,,,,,,,,,,,69,85,63,77,46,0,0,52,78,67,,,,,,,,,,,,False,,,0,,,,,,0,50,,gap
P9928,John,Doe,2006-09-28,75,177,Unknown,dark,brown,clean_shaven,L,RF,,0,,,54,52,70,50,52,50,48,47,52,52,,,,,,,,,,,,77,69,92,65,52,0,0,47,67,72,,,,,,,,,,,,False,,,0,,,,,,0,50,,speed
P2874,John,Doe,2006-01-25,74,186,Unknown,light,blonde,clean_shaven,S,3B,,0,,,48,52,50,48,49,49,56,52,50,50,,,,,,,,,,,,73,77,62,62,49,0,0,52,79,73,,,,,,,,,,,,False,,,0,,,,,,0,50,,balanced
P2787,John,Doe,2006-07-16,78,216,Unknown,light,brown,beard,R,3B,,0,,,51,60,51,52,50,50,60,48,49,51,,,,,,,,,,,,80,71,79,70,50,0,0,48,61,71,,,,,,,,,,,,False,,,0,,,,,,0,50,,power
