player_id,first_name,last_name,birthdate,height,weight,ethnicity,skin_tone,hair_color,facial_hair,bats,primary_position,other_positions,is_pitcher,role,preferred_pitching_role,ch,ph,sp,eye,gf,pl,vl,sc,fa,arm,endurance,control,movement,hold_runner,fb,cu,cb,sl,si,scb,kn,pot_ch,pot_ph,pot_sp,pot_eye,pot_gf,pot_pl,pot_vl,pot_sc,pot_fa,pot_arm,pot_control,pot_movement,pot_endurance,pot_hold_runner,pot_fb,pot_cu,pot_cb,pot_sl,pot_si,pot_scb,pot_kn,injured,injury_description,return_date,ready,injury_list,injury_start_date,injury_minimum_days,injury_eligible_date,injury_rehab_assignment,injury_rehab_days,durability,pitcher_archetype,hitter_archetype
P5279,Percy,Baker,2003-06-15,74,215,African,light,black,clean_shaven,R,P,,1,RP,CL,,,,,55,,,,49,50,51,52,52,49,54,58,0,67,0,0,0,,,,,0,,,,54,57,57,60,64,60,63,65,0,80,0,0,0,False,,,0,,,,,,0,50,closer,
P3245,Arlie,Kostka,1998-11-02,77,197,Anglo,light,black,clean_shaven,L,P,,1,RP,SP,,,,,49,,,,51,51,50,52,52,51,51,61,61,57,57,0,0,,,,,0,,,,60,56,64,59,55,63,57,70,71,68,64,0,0,False,,,0,,,,,,0,50,finesse_sp,
P6998,Alejandro,Gonzalez,2000-10-30,78,221,Hispanic,medium,red,mustache,R,P,,1,RP,RP,,,,,53,,,,49,51,51,52,52,49,51,57,60,0,0,0,0,,,,,0,,,,59,56,66,65,61,55,58,72,75,0,0,0,0,False,,,0,,,,,,0,50,finesse_rp,
P2005,Yong,Le,2004-03-12,69,194,Asian,medium,black,clean_shaven,R,P,,1,RP,SP,,,,,51,,,,47,53,52,51,52,50,55,0,61,59,58,56,0,,,,,0,,,,58,82,70,68,78,74,85,0,78,71,84,74,0,False,,,0,,,,,,0,50,power_sp,
P2658,Juan,Vargas,1999-10-15,76,166,Hispanic,dark,brown,beard,L,P,,1,RP,RP,,,,,50,,,,50,50,52,50,53,52,54,0,59,66,0,55,0,,,,,0,,,,59,62,57,68,58,61,62,0,64,80,0,60,0,False,,,0,,,,,,0,50,power_rp,
P4187,Darnell,King,1996-02-06,68,166,African,dark,black,clean_shaven,R,P,,1,RP,RP,,,,,57,,,,50,49,50,50,53,51,50,0,0,0,60,0,0,,,,,0,,,,51,54,46,56,47,50,51,0,0,0,65,0,0,False,,,0,,,,,,0,50,groundball_rp,
P5134,Felton,Shuptrine,1997-12-26,69,169,Anglo,light,black,clean_shaven,L,P,,1,RP,SP,,,,,51,,,,51,50,53,54,52,52,52,60,61,62,0,55,0,,,,,0,,,,52,45,55,53,49,56,55,62,64,57,0,54,0,False,,,0,,,,,,0,50,finesse_sp,
P8750,Sung,Le,1993-08-20,72,180,Asian,medium,black,mustache,R,P,,1,RP,SP,,,,,50,,,,51,50,53,50,52,49,49,60,62,0,59,56,0,,,,,0,,,,45,49,43,49,46,46,44,50,59,0,55,55,0,False,,,0,,,,,,0,50,finesse_sp,
P9962,Antonio,Flores,1990-01-30,76,216,Hispanic,dark,black,beard,L,P,,1,RP,RP,,,,,54,,,,51,51,53,50,52,50,50,0,60,65,59,0,0,,,,,0,,,,49,50,45,51,46,45,42,0,50,65,53,0,0,False,,,0,,,,,,0,50,groundball_rp,
P8422,Sung,Huang,1995-11-09,71,195,Asian,light,black,goatee,R,P,,1,RP,SP,,,,,49,,,,49,50,50,50,52,49,50,61,0,0,60,0,0,,,,,0,,,,46,45,54,49,55,45,49,59,0,0,63,0,0,False,,,0,,,,,,0,50,groundball_sp,
P3327,Sung,Chen,1998-08-31,71,172,Asian,light,black,clean_shaven,R,P,,1,RP,RP,,,,,48,,,,49,53,52,50,54,49,53,0,59,0,0,0,0,,,,,0,,,,57,59,59,62,65,57,62,0,69,0,0,0,0,False,,,0,,,,,,0,50,power_rp,
P8332,Xavier,Jackson,2004-01-10,72,167,African,dark,black,clean_shaven,R,C,,0,,,50,51,52,49,52,49,59,53,49,51,,,,,,,,,,,,62,56,62,57,52,0,0,53,58,66,,,,,,,,,,,,False,,,0,,,,,,0,50,,average
P8931,Albert,Bertagnolli,1989-01-17,74,209,Anglo,medium,brown,clean_shaven,S,1B,,0,,,52,64,49,51,47,54,54,48,49,48,,,,,,,,,,,,47,62,39,41,47,0,0,48,45,43,,,,,,,,,,,,False,,,0,,,,,,0,50,,power
P2037,Kristofer,Kinstle,2004-12-16,76,171,Anglo,light,blonde,beard,R,2B,,0,,,52,52,51,51,51,50,56,49,50,48,,,,,,,,,,,,66,71,75,77,51,0,0,49,75,73,,,,,,,,,,,,False,,,0,,,,,,0,50,,average
P8732,Austin,Reginaldo,1995-07-10,76,206,Anglo,light,black,clean_shaven,R,3B,,0,,,52,59,51,52,51,51,58,52,50,51,,,,,,,,,,,,57,56,49,53,51,0,0,52,45,55,,,,,,,,,,,,False,,,0,,,,,,0,50,,power
P2624,Willis,Matheney,1993-11-20,76,211,Anglo,light,black,beard,R,SS,,0,,,49,52,51,50,53,53,61,49,52,50,,,,,,,,,,,,40,52,42,46,53,0,0,49,46,44,,,,,,,,,,,,False,,,0,,,,,,0,50,,balanced
P5056,Sung,Khan,1989-06-21,75,250,Asian,medium,brown,mustache,L,LF,,0,,,52,59,48,50,47,51,48,52,50,49,,,,,,,,,,,,49,55,39,49,47,0,0,52,49,49,,,,,,,,,,,,False,,,0,,,,,,0,50,,power
P5634,Merrill,Lowy,1996-01-27,68,188,Anglo,light,blonde,goatee,R,CF,,0,,,52,63,48,50,49,53,55,51,49,53,,,,,,,,,,,,55,63,48,49,49,0,0,51,53,58,,,,,,,,,,,,False,,,0,,,,,,0,50,,power
P9891,Guadalupe,Brickel,1999-10-01,77,249,Anglo,dark,red,clean_shaven,R,RF,,0,,,49,54,52,49,51,50,54,51,52,51,,,,,,,,,,,,55,65,63,63,51,0,0,51,66,63,,,,,,,,,,,,False,,,0,,,,,,0,50,,average
P1494,Angel,Hollenbaugh,1994-12-05,71,162,Anglo,light,brown,clean_shaven,R,C,,0,,,53,51,51,50,51,51,59,52,49,52,,,,,,,,,,,,52,54,47,47,51,0,0,52,49,57,,,,,,,,,,,,False,,,0,,,,,,0,50,,average
P4776,Rufus,Walker,1992-08-20,69,174,African,dark,black,clean_shaven,L,RF,,0,,,51,53,51,50,53,51,44,48,53,48,,,,,,,,,,,,51,47,41,42,53,0,0,48,47,44,,,,,,,,,,,,False,,,0,,,,,,0,50,,average
P1123,Antonio,Rivera,1987-03-20,76,176,Hispanic,dark,brown,clean_shaven,L,1B,,0,,,63,51,50,52,53,49,46,49,51,48,,,,,,,,,,,,62,44,47,42,53,0,0,49,44,39,,,,,,,,,,,,False,,,0,,,,,,0,50,,spray
P8505,Xavier,Young,1998-10-01,70,232,African,dark,black,beard,S,RF,,0,,,50,52,48,49,50,50,50,52,52,50,,,,,,,,,,,,60,64,59,62,50,0,0,52,64,56,,,,,,,,,,,,False,,,0,,,,,,0,50,,average
P8619,Arnoldo,Finister,1998-04-19,73,174,Anglo,light,brown,clean_shaven,L,2B,,0,,,53,49,85,52,53,48,49,49,48,52,,,,,,,,,,,,66,58,95,58,53,0,0,49,60,64,,,,,,,,,,,,False,,,0,,,,,,0,50,,elite_speed
P2718,Yong,Pham,2002-08-29,68,173,Asian,light,black,clean_shaven,L,LF,,0,,,50,54,51,51,50,49,50,53,52,51,,,,,,,,,,,,57,62,63,57,50,0,0,53,64,59,,,,,,,,,,,,False,,,0,,,,,,0,50,,balanced
P4757,Cedric,Washington,2003-01-29,73,211,African,dark,black,clean_shaven,R,P,,1,RP,CL,,,,,55,,,,51,51,49,52,52,50,52,56,59,66,0,0,0,,,,,0,,,,64,65,64,59,64,60,60,65,68,77,0,0,0,False,,,0,,,,,,0,50,closer,
P2306,Kurt,Vangompel,1996-09-10,75,223,Anglo,medium,brown,beard,L,P,,1,RP,LR,,,,,53,,,,51,53,51,50,53,52,50,58,58,64,0,0,0,,,,,0,,,,53,50,45,55,56,47,53,55,58,59,0,0,0,False,,,0,,,,,,0,50,long_relief,
P1472,Todd,Andreoni,1989-09-29,71,171,Anglo,light,brown,clean_shaven,S,P,,1,RP,SP,,,,,49,,,,49,51,53,50,52,51,51,60,60,60,0,56,0,,,,,0,,,,47,43,49,45,46,49,48,55,52,58,0,48,0,False,,,0,,,,,,0,50,power_sp,
P6879,Yong,Wang,1992-09-27,71,179,Asian,medium,black,clean_shaven,R,P,,1,RP,SP,,,,,50,,,,50,51,53,50,52,50,53,59,64,58,55,0,0,,,,,0,,,,46,42,50,43,50,44,50,53,56,51,51,0,0,False,,,0,,,,,,0,50,power_sp,
P8439,Deshawn,Washington,2003-11-27,72,238,African,medium,black,clean_shaven,L,P,,1,RP,RP,,,,,55,,,,49,49,49,51,52,50,49,0,0,0,64,0,0,,,,,0,,,,64,58,62,59,56,63,54,0,0,0,74,0,0,False,,,0,,,,,,0,50,groundball_rp,
P4827,Jorge,Hernandez,1996-01-10,76,219,Hispanic,dark,brown,goatee,S,P,,1,RP,SP,,,,,53,,,,50,50,54,51,52,50,50,59,60,61,60,0,0,,,,,0,,,,45,54,54,53,55,50,51,54,63,59,57,0,0,False,,,0,,,,,,0,50,groundball_sp,
P5294,Sung,Lin,1989-11-22,77,186,Asian,light,black,beard,L,P,,1,RP,RP,,,,,52,,,,50,49,48,50,52,52,50,60,63,0,0,0,0,,,,,0,,,,41,43,40,48,46,45,45,52,60,0,0,0,0,False,,,0,,,,,,0,50,finesse_rp,
P1696,Hector,Mendoza,1998-06-14,73,187,Hispanic,dark,black,clean_shaven,R,C,,0,,,50,51,49,51,53,52,56,52,53,50,,,,,,,,,,,,64,62,56,60,53,0,0,52,68,61,,,,,,,,,,,,False,,,0,,,,,,0,50,,average
P9201,Percy,Carter,1995-08-08,72,187,African,medium,black,beard,L,RF,,0,,,50,50,49,50,52,53,48,49,48,51,,,,,,,,,,,,48,50,45,55,52,0,0,49,43,47,,,,,,,,,,,,False,,,0,,,,,,0,50,,average
P4851,Sung,Singh,2001-08-09,71,235,Asian,light,black,clean_shaven,S,LF,,0,,,62,53,52,52,51,47,53,49,51,52,,,,,,,,,,,,67,59,59,64,51,0,0,49,60,65,,,,,,,,,,,,False,,,0,,,,,,0,50,,spray
P8000,Nicholas,Taruer,2001-04-14,70,171,Anglo,medium,brown,clean_shaven,R,3B,,0,,,51,46,70,51,52,52,60,51,49,51,,,,,,,,,,,,64,51,76,63,52,0,0,51,64,57,,,,,,,,,,,,False,,,0,,,,,,0,50,,speed
P8667,Raul,Castillo,1999-08-13,68,173,Hispanic,light,brown,mustache,L,3B,,0,,,63,49,53,55,48,47,49,48,50,51,,,,,,,,,,,,73,57,65,61,48,0,0,48,61,62,,,,,,,,,,,,False,,,0,,,,,,0,50,,spray
P4640,Yong,Khan,2001-04-02,78,171,Asian,medium,black,clean_shaven,R,2B,,0,,,69,63,52,54,50,49,59,52,51,48,,,,,,,,,,,,79,74,62,69,50,0,0,52,64,56,,,,,,,,,,,,False,,,0,,,,,,0,50,,gap
P2666,Milford,Hickernell,1993-05-10,76,164,Anglo,light,brown,clean_shaven,R,SS,,0,,,53,53,49,51,50,53,58,51,49,49,,,,,,,,,,,,52,43,46,49,50,0,0,51,44,47,,,,,,,,,,,,False,,,0,,,,,,0,50,,balanced
P9704,Yong,Yamamoto,2001-03-17,72,165,Asian,medium,black,mustache,R,LF,,0,,,48,62,48,51,50,52,57,50,48,48,,,,,,,,,,,,59,77,62,65,50,0,0,50,53,62,,,,,,,,,,,,False,,,0,,,,,,0,50,,power
P5843,Luis,Cruz,2006-01-06,77,213,Hispanic,medium,brown,goatee,R,P,,1,RP,CL,,,,,55,,,,50,54,47,52,54,51,55,0,0,65,0,0,0,,,,,0,,,,69,68,72,75,77,62,72,0,0,85,0,0,0,False,,,0,,,,,,0,50,closer,
P4379,Sung,Choi,2007-02-02,77,216,Asian,medium,black,clean_shaven,R,P,,1,RP,RP,,,,,50,,,,52,53,52,51,52,49,56,0,60,0,0,0,0,,,,,0,,,,70,74,78,70,62,69,75,0,81,0,0,0,0,False,,,0,,,,,,0,50,power_rp,
P1050,Sung,Wang,2007-01-08,78,233,Asian,medium,black,clean_shaven,R,P,,1,RP,SP,,,,,49,,,,52,50,50,52,52,51,52,60,62,0,0,0,0,,,,,0,,,,81,80,81,74,75,70,78,85,75,0,0,0,0,False,,,0,,,,,,0,50,workhorse_sp,
P7959,Jarod,Deconti,2005-05-12,73,189,Anglo,medium,red,goatee,R,P,RF,1,RP,SP,,,,,51,,,,50,48,51,50,54,53,50,60,64,0,0,0,0,,,,,0,,,,70,62,62,77,69,83,68,72,78,0,0,0,0,False,,,0,,,,,,0,50,finesse_sp,
P2444,Roberto,Gomez,2006-01-23,70,163,Hispanic,medium,black,clean_shaven,R,P,,1,RP,SP,,,,,50,,,,51,51,54,50,53,50,52,60,63,58,55,0,0,,,,,0,,,,73,64,73,81,67,65,72,70,88,75,80,0,0,False,,,0,,,,,,0,50,power_sp,
P3729,Randy,Escorcia,2007-06-20,72,172,Anglo,medium,black,goatee,L,1B,,0,,,52,53,51,52,48,50,45,52,49,52,,,,,,,,,,,,78,77,79,67,48,0,0,52,66,69,,,,,,,,,,,,False,,,0,,,,,,0,50,,average
P3420,Leroy,Jackson,2005-11-18,71,174,African,dark,black,beard,R,SS,,0,,,51,52,51,50,49,48,59,53,52,50,,,,,,,,,,,,76,68,66,76,49,0,0,53,80,69,,,,,,,,,,,,False,,,0,,,,,,0,50,,average
P7172,Alejandro,Guerrero,2004-11-22,72,201,Hispanic,dark,black,clean_shaven,L,1B,,0,,,51,53,70,50,50,48,42,52,47,52,,,,,,,,,,,,65,81,93,77,50,0,0,52,60,73,,,,,,,,,,,,False,,,0,,,,,,0,50,,speed
P3431,Ricardo,Mendoza,2006-11-25,75,164,Hispanic,medium,black,clean_shaven,R,1B,,0,,,49,64,51,48,47,51,56,53,51,51,,,,,,,,,,,,62,74,72,63,47,0,0,53,77,67,,,,,,,,,,,,False,,,0,,,,,,0,50,,power
P1383,Yong,Kim,2005-09-21,69,213,Asian,light,black,clean_shaven,R,RF,,0,,,49,53,50,50,50,50,56,49,48,51,,,,,,,,,,,,66,64,68,63,50,0,0,49,61,65,,,,,,,,,,,,False,,,0,,,,,,0,50,,balanced
P4606,Tyrone,Green,1997-09-20,75,172,African,light,black,mustache,R,P,,1,RP,CL,,,,,55,,,,51,52,49,51,54,50,52,0,0,65,0,0,0,,,,,0,,,,56,51,52,51,44,47,54,0,0,67,0,0,0,False,,,0,,,,,,0,50,closer,
P5008,Silas,Layell,2004-03-15,69,231,Anglo,medium,brown,clean_shaven,L,P,,1,RP,SP,,,,,47,,,,48,53,52,51,52,49,50,60,62,0,0,0,0,,,,,0,,,,72,77,79,76,64,71,67,89,82,0,0,0,0,False,,,0,,,,,,0,50,finesse_sp,
P8086,Xavier,King,2003-05-05,69,237,African,dark,black,clean_shaven,R,P,,1,RP,SP,,,,,50,,,,53,52,51,53,52,49,50,59,62,0,57,58,0,,,,,0,,,,67,57,68,60,65,59,59,66,75,0,67,70,0,False,,,0,,,,,,0,50,finesse_sp,
P4147,Xavier,Carter,2004-03-05,69,199,African,medium,brown,mustache,L,P,,1,RP,RP,,,,,50,,,,50,50,53,50,53,53,52,57,63,65,0,0,0,,,,,0,,,,62,65,65,70,71,67,70,75,90,81,0,0,0,False,,,0,,,,,,0,50,finesse_rp,
P2326,Darnell,White,1990-05-07,75,207,African,dark,brown,goatee,L,P,,1,RP,RP,,,,,53,,,,49,49,52,50,52,50,54,0,62,63,0,0,0,,,,,0,,,,40,49,40,43,47,43,44,0,55,59,0,0,0,False,,,0,,,,,,0,50,power_rp,
P7944,Percy,Young,2005-02-08,70,214,African,dark,black,goatee,R,P,,1,RP,RP,,,,,49,,,,53,50,53,52,54,50,50,0,63,65,58,0,0,,,,,0,,,,81,76,69,72,71,69,60,0,82,85,69,0,0,False,,,0,,,,,,0,50,power_rp,
P3289,Nigel,Bielecki,1990-07-13,72,183,Anglo,light,black,mustache,L,P,,1,RP,SP,,,,,49,,,,52,49,50,50,52,52,53,61,60,0,0,0,0,,,,,0,,,,46,41,42,50,49,51,48,52,51,0,0,0,0,False,,,0,,,,,,0,50,workhorse_sp,
P9039,Rocco,Guidrey,1997-09-18,75,241,Anglo,medium,black,clean_shaven,L,P,,1,RP,RP,,,,,48,,,,51,52,51,51,54,50,54,58,60,67,0,0,0,,,,,0,,,,52,49,48,53,51,50,58,58,65,66,0,0,0,False,,,0,,,,,,0,50,power_rp,
P4390,Jermaine,White,1991-03-13,71,191,African,dark,black,clean_shaven,R,P,,1,RP,LR,,,,,52,,,,50,52,52,50,52,53,52,0,61,0,0,0,0,,,,,0,,,,45,44,40,43,52,51,51,0,54,0,0,0,0,False,,,0,,,,,,0,50,long_relief,
P2702,Chang,Imbesi,1990-08-24,70,225,Anglo,medium,blonde,clean_shaven,S,P,,1,RP,SP,,,,,49,,,,50,52,53,54,53,49,51,61,59,0,60,54,0,,,,,0,,,,47,52,44,44,50,39,41,58,59,0,60,51,0,False,,,0,,,,,,0,50,finesse_sp,
P1919,Cedric,Allen,1995-12-13,72,194,African,medium,black,clean_shaven,R,P,,1,RP,LR,,,,,50,,,,48,53,53,50,52,49,51,60,0,0,0,0,0,,,,,0,,,,48,58,53,56,52,47,49,56,0,0,0,0,0,False,,,0,,,,,,0,50,long_relief,
P7809,Sung,Zhang,1996-03-28,68,173,Asian,light,black,clean_shaven,R,C,,0,,,51,53,50,52,53,50,59,49,49,52,,,,,,,,,,,,47,58,47,55,53,0,0,49,45,53,,,,,,,,,,,,False,,,0,,,,,,0,50,,balanced
P6871,Antonio,Gonzalez,2003-09-17,70,209,Hispanic,dark,black,clean_shaven,S,1B,,0,,,50,48,85,52,53,51,50,51,51,51,,,,,,,,,,,,59,53,97,62,53,0,0,51,62,57,,,,,,,,,,,,False,,,0,,,,,,0,50,,elite_speed
P1412,Francisco,Lopez,1991-07-08,76,165,Hispanic,dark,brown,clean_shaven,R,2B,,0,,,60,51,48,54,51,48,55,48,51,48,,,,,,,,,,,,58,51,42,51,51,0,0,48,51,43,,,,,,,,,,,,False,,,0,,,,,,0,50,,spray
P4096,Carol,Gosney,2003-05-01,71,237,Anglo,medium,blonde,clean_shaven,R,3B,,0,,,53,51,72,53,51,50,55,50,52,51,,,,,,,,,,,,62,57,82,60,51,0,0,50,67,61,,,,,,,,,,,,False,,,0,,,,,,0,50,,speed
P7993,Carlos,Vasquez,1993-09-20,69,167,Hispanic,light,brown,mustache,L,SS,2B,0,,,53,50,71,53,49,49,53,50,50,51,,,,,,,,,,,,48,44,71,46,49,0,0,50,42,49,,,,,,,,,,,,False,,,0,,,,,,0,50,,speed
P8912,Miquel,Natt,2004-03-21,69,187,Anglo,medium,blonde,clean_shaven,L,LF,,0,,,53,51,51,52,52,52,49,51,49,49,,,,,,,,,,,,75,77,65,80,52,0,0,51,78,61,,,,,,,,,,,,False,,,0,,,,,,0,50,,average
P8437,Alejandro,Ortiz,2001-12-19,71,200,Hispanic,light,blonde,goatee,S,CF,,0,,,50,51,85,49,51,50,50,52,52,51,,,,,,,,,,,,59,62,94,60,51,0,0,52,61,56,,,,,,,,,,,,False,,,0,,,,,,0,50,,elite_speed
P7225,Eduardo,Vasquez,1998-12-13,73,201,Hispanic,light,blonde,clean_shaven,L,RF,,0,,,51,59,49,50,47,53,51,47,52,52,,,,,,,,,,,,65,65,57,63,47,0,0,47,65,63,,,,,,,,,,,,False,,,0,,,,,,0,50,,power
P5982,Hector,Ortiz,2000-07-15,70,190,Hispanic,light,brown,clean_shaven,R,2B,,0,,,54,49,49,53,48,51,58,50,52,53,,,,,,,,,,,,69,63,54,66,48,0,0,50,59,64,,,,,,,,,,,,False,,,0,,,,,,0,50,,balanced
P2709,Alejandro,Lopez,1987-10-26,74,249,Hispanic,light,black,beard,R,C,,0,,,51,53,70,50,50,47,58,49,49,50,,,,,,,,,,,,47,49,68,40,50,0,0,49,39,49,,,,,,,,,,,,False,,,0,,,,,,0,50,,speed
P8610,Yong,Tran,2004-11-26,74,231,Asian,medium,black,clean_shaven,R,CF,,0,,,51,51,53,50,51,53,57,51,49,49,,,,,,,,,,,,81,64,74,80,51,0,0,51,76,63,,,,,,,,,,,,False,,,0,,,,,,0,50,,balanced
P3617,Rufus,White,1991-10-28,76,222,African,dark,brown,goatee,R,3B,,0,,,60,49,52,54,52,48,56,48,48,49,,,,,,,,,,,,56,43,48,49,52,0,0,48,43,44,,,,,,,,,,,,False,,,0,,,,,,0,50,,spray
P8849,Neal,Vollman,2004-01-04,70,198,Anglo,light,blonde,clean_shaven,R,SS,,0,,,58,52,50,52,52,48,56,52,51,51,,,,,,,,,,,,63,64,63,66,52,0,0,52,64,61,,,,,,,,,,,,False,,,0,,,,,,0,50,,spray
P3251,Sung,Tran,1997-10-16,77,197,Asian,medium,black,clean_shaven,R,3B,LF,0,,,48,54,48,48,51,49,58,52,51,51,,,,,,,,,,,,43,56,52,51,51,0,0,52,55,48,,,,,,,,,,,,False,,,0,,,,,,0,50,,power
P9389,Lacy,Lutwin,1995-09-27,77,247,Anglo,light,brown,clean_shaven,L,P,,1,RP,CL,,,,,55,,,,50,50,50,50,52,51,55,0,0,66,0,0,0,,,,,0,,,,53,52,46,54,52,51,60,0,0,62,0,0,0,False,,,0,,,,,,0,50,closer,
P6023,Yong,Patel,1995-10-01,68,226,Asian,medium,black,clean_shaven,L,P,,1,RP,SP,,,,,51,,,,50,49,54,51,52,50,51,59,60,59,0,0,0,,,,,0,,,,47,48,54,49,57,53,52,61,64,63,0,0,0,False,,,0,,,,,,0,50,workhorse_sp,
P4623,Roberto,Gonzalez,1993-01-09,68,229,Hispanic,medium,brown,beard,R,P,,1,RP,SP,,,,,51,,,,48,50,52,50,52,49,52,57,63,60,57,0,0,,,,,0,,,,45,42,41,50,47,43,50,48,60,50,57,0,0,False,,,0,,,,,,0,50,power_sp,
P9184,Yong,Li,1997-06-14,70,244,Asian,medium,black,clean_shaven,R,P,,1,RP,RP,,,,,55,,,,49,53,50,50,52,51,53,0,0,0,62,0,0,,,,,0,,,,44,54,48,52,50,47,55,0,0,0,65,0,0,False,,,0,,,,,,0,50,groundball_rp,
P5970,Xavier,Harris,1997-02-28,77,188,African,dark,black,clean_shaven,L,P,,1,RP,SP,,,,,52,,,,49,49,51,50,54,49,49,62,62,59,0,0,0,,,,,0,,,,49,52,52,55,51,46,47,64,58,62,0,0,0,False,,,0,,,,,,0,50,balanced_sp,
P5349,Darnell,Jefferson,1989-11-11,73,173,African,dark,brown,clean_shaven,R,P,,1,RP,LR,,,,,52,,,,49,53,52,52,52,50,51,0,62,0,0,0,0,,,,,0,,,,40,48,52,49,51,47,43,0,52,0,0,0,0,False,,,0,,,,,,0,50,long_relief,
P6198,Yong,Nguyen,1988-10-14,68,244,Asian,medium,black,goatee,L,P,,1,RP,RP,,,,,54,,,,48,52,48,51,52,50,48,59,0,64,63,0,0,,,,,0,,,,40,48,49,49,42,50,44,49,0,54,56,0,0,False,,,0,,,,,,0,50,groundball_rp,
P5055,Yong,Choi,1995-12-15,74,161,Asian,light,black,clean_shaven,L,LF,,0,,,49,62,52,48,47,49,50,53,49,50,,,,,,,,,,,,50,57,52,52,47,0,0,53,50,47,,,,,,,,,,,,False,,,0,,,,,,0,50,,power
P3463,Percy,Harris,1997-06-09,70,206,African,dark,brown,clean_shaven,R,LF,,0,,,51,55,52,50,53,52,60,52,48,51,,,,,,,,,,,,47,52,49,45,53,0,0,52,43,53,,,,,,,,,,,,False,,,0,,,,,,0,50,,balanced
P3353,Malik,Taylor,1993-05-24,74,162,African,dark,black,beard,R,CF,,0,,,52,53,51,50,51,53,54,51,48,48,,,,,,,,,,,,43,47,47,50,51,0,0,51,40,45,,,,,,,,,,,,False,,,0,,,,,,0,50,,balanced
P2336,Yong,Hassan,1989-12-08,73,187,Asian,medium,black,goatee,R,SS,,0,,,52,49,70,53,53,51,55,51,52,49,,,,,,,,,,,,47,44,70,50,53,0,0,51,50,39,,,,,,,,,,,,False,,,0,,,,,,0,50,,speed
P2166,Isaias,Seise,1994-04-26,75,194,Anglo,light,brown,clean_shaven,R,C,,0,,,52,52,49,50,52,49,59,50,50,51,,,,,,,,,,,,56,50,53,48,52,0,0,50,55,48,,,,,,,,,,,,False,,,0,,,,,,0,50,,balanced
P2504,Juan,Torres,2003-04-01,78,226,Hispanic,medium,black,mustache,R,CF,,0,,,52,54,49,51,50,50,53,53,49,53,,,,,,,,,,,,64,63,64,61,50,0,0,53,62,67,,,,,,,,,,,,False,,,0,,,,,,0,50,,balanced
P9143,Sung,Li,2003-02-11,75,165,Asian,medium,black,clean_shaven,R,LF,,0,,,53,57,51,53,52,49,58,52,50,50,,,,,,,,,,,,61,67,60,61,52,0,0,52,55,63,,,,,,,,,,,,False,,,0,,,,,,0,50,,balanced
P8353,Sung,Nguyen,2001-05-07,69,172,Asian,light,black,clean_shaven,R,1B,,0,,,53,60,51,52,53,52,54,50,52,52,,,,,,,,,,,,65,75,62,63,53,0,0,50,64,61,,,,,,,,,,,,False,,,0,,,,,,0,50,,balanced
P7397,Jose,Torres,2007-09-25,69,250,Hispanic,medium,blonde,clean_shaven,L,P,,1,RP,CL,,,,,55,,,,50,53,48,52,52,52,55,56,0,66,0,0,0,,,,,0,,,,66,83,69,74,59,77,69,70,0,85,0,0,0,False,,,0,,,,,,0,50,closer,
P7479,Sung,Park,2004-08-17,77,186,Asian,medium,black,clean_shaven,L,P,,1,RP,RP,,,,,52,,,,52,53,52,50,53,51,53,59,63,0,0,55,0,,,,,0,,,,72,65,80,67,63,68,81,86,87,0,0,68,0,False,,,0,,,,,,0,50,finesse_rp,
P3029,Sung,Liu,2007-12-12,73,216,Asian,light,black,clean_shaven,S,P,,1,RP,LR,,,,,54,,,,51,52,49,52,52,49,51,58,60,63,0,0,0,,,,,0,,,,81,78,67,78,75,61,63,75,75,91,0,0,0,False,,,0,,,,,,0,50,long_relief,
P4727,Rafael,Ortiz,2006-03-30,77,190,Hispanic,medium,black,clean_shaven,L,P,,1,RP,SP,,,,,52,,,,51,52,54,51,53,49,52,62,62,59,62,0,0,,,,,0,,,,71,63,70,83,67,62,76,79,83,85,90,0,0,False,,,0,,,,,,0,50,groundball_sp,
P3882,Carlos,Ramos,2005-11-12,77,196,Hispanic,medium,red,clean_shaven,S,P,,1,RP,RP,,,,,52,,,,49,50,50,50,52,49,54,57,63,64,0,0,0,,,,,0,,,,62,69,68,66,64,61,82,75,73,92,0,0,0,False,,,0,,,,,,0,50,power_rp,
P6159,Roberto,Hernandez,2005-10-12,73,198,Hispanic,medium,black,clean_shaven,L,LF,,0,,,49,51,49,51,52,52,48,53,53,52,,,,,,,,,,,,72,78,63,77,52,0,0,53,80,77,,,,,,,,,,,,False,,,0,,,,,,0,50,,balanced
P3796,Manuel,Gomez,2005-08-01,76,248,Hispanic,medium,black,goatee,R,LF,,0,,,53,61,52,52,50,51,58,51,50,51,,,,,,,,,,,,74,71,68,62,50,0,0,51,78,61,,,,,,,,,,,,False,,,0,,,,,,0,50,,power
P3082,Percy,Jackson,2007-08-21,72,224,African,dark,black,clean_shaven,R,2B,,0,,,52,49,51,51,50,52,57,48,49,50,,,,,,,,,,,,68,65,63,65,50,0,0,48,79,61,,,,,,,,,,,,False,,,0,,,,,,0,50,,balanced
P1813,Yong,Lin,2004-11-22,70,240,Asian,medium,black,mustache,L,1B,,0,,,52,58,50,51,50,52,48,49,50,49,,,,,,,,,,,,79,87,76,73,50,0,0,49,77,60,,,,,,,,,,,,False,,,0,,,,,,0,50,,balanced
P9313,Jose,Martinez,2005-02-08,68,177,Hispanic,medium,black,clean_shaven,R,RF,1B,0,,,50,53,49,51,47,52,55,52,52,49,,,,,,,,,,,,69,71,71,68,47,0,0,52,75,73,,,,,,,,,,,,False,,,0,,,,,,0,50,,balanced
P3035,Francisco,Garcia,1990-07-25,77,206,Hispanic,light,brown,clean_shaven,R,P,,1,RP,CL,,,,,55,,,,49,51,49,53,53,48,56,0,62,65,0,0,0,,,,,0,,,,43,48,52,43,42,41,49,0,58,61,0,0,0,False,,,0,,,,,,0,50,closer,
P1132,Sung,Patel,1987-07-26,70,204,Asian,medium,black,clean_shaven,R,P,,1,RP,SP,,,,,51,,,,51,50,54,52,52,50,51,60,62,0,0,0,0,,,,,0,,,,45,43,48,42,45,43,44,58,52,0,0,0,0,False,,,0,,,,,,0,50,finesse_sp,
P9863,Yong,Tanaka,1995-10-29,77,212,Asian,medium,black,clean_shaven,R,P,,1,RP,RP,,,,,53,,,,49,52,51,51,52,53,51,59,0,0,62,0,0,,,,,0,,,,46,52,52,54,46,55,56,64,0,0,58,0,0,False,,,0,,,,,,0,50,groundball_rp,
P6139,Burt,Dailey,2003-11-06,71,212,Anglo,dark,brown,beard,L,P,,1,RP,RP,,,,,53,,,,53,50,49,50,54,53,55,0,58,0,0,0,0,,,,,0,,,,67,64,58,67,62,62,68,0,66,0,0,0,0,False,,,0,,,,,,0,50,power_rp,
P7351,Jermaine,King,1988-07-03,78,173,African,dark,black,beard,L,P,,1,RP,SP,,,,,48,,,,50,51,50,53,53,49,52,61,61,0,0,0,0,,,,,0,,,,43,47,53,45,41,47,42,51,61,0,0,0,0,False,,,0,,,,,,0,50,balanced_sp,
P4323,Fabian,Gullickson,2002-02-23,69,176,Anglo,medium,brown,clean_shaven,R,P,,1,RP,RP,,,,,52,,,,51,50,48,50,54,49,55,0,64,0,0,0,0,,,,,0,,,,61,59,55,61,55,63,61,0,79,0,0,0,0,False,,,0,,,,,,0,50,power_rp,
P3735,Marco,Skarke,1998-07-26,76,178,Anglo,light,brown,clean_shaven,R,P,,1,RP,SP,,,,,50,,,,50,52,54,52,53,50,51,0,58,61,61,0,0,,,,,0,,,,61,62,65,61,65,61,56,0,63,72,69,0,0,False,,,0,,,,,,0,50,groundball_sp,
P1751,Darnell,Taylor,1993-01-27,70,195,African,dark,black,clean_shaven,R,P,,1,RP,SP,,,,,54,,,,53,50,51,53,54,50,50,0,59,62,59,0,0,,,,,0,,,,49,45,52,45,41,41,40,0,54,52,53,0,0,False,,,0,,,,,,0,50,groundball_sp,
P5892,Manuel,Sanchez,2003-05-30,71,162,Hispanic,medium,brown,clean_shaven,S,P,,1,RP,SP,,,,,50,,,,49,49,50,53,53,51,49,0,60,0,61,0,0,,,,,0,,,,54,54,68,60,60,57,59,0,65,0,75,0,0,False,,,0,,,,,,0,50,groundball_sp,
P5302,Yong,Park,1998-11-16,71,177,Asian,medium,brown,clean_shaven,L,P,,1,RP,SP,,,,,51,,,,52,53,51,50,54,49,53,0,63,60,0,0,0,,,,,0,,,,67,61,55,66,59,59,63,0,70,65,0,0,0,False,,,0,,,,,,0,50,balanced_sp,
P7215,Yong,Zhang,1999-05-19,77,214,Asian,light,black,beard,R,P,,1,RP,SP,,,,,53,,,,49,48,50,50,53,53,51,61,61,58,60,0,0,,,,,0,,,,58,61,59,64,57,58,64,74,66,73,74,0,0,False,,,0,,,,,,0,50,groundball_sp,
P1186,Cedric,King,1993-04-27,77,223,African,dark,black,clean_shaven,R,C,3B,0,,,49,54,52,52,49,49,59,49,53,51,,,,,,,,,,,,42,52,51,45,49,0,0,49,46,44,,,,,,,,,,,,False,,,0,,,,,,0,50,,balanced
P5461,Francisco,Morales,1991-08-02,73,177,Hispanic,light,red,clean_shaven,R,1B,,0,,,49,51,51,49,51,49,52,48,49,50,,,,,,,,,,,,46,44,49,49,51,0,0,48,47,46,,,,,,,,,,,,False,,,0,,,,,,0,50,,balanced
P1849,Xavier,Jefferson,1996-04-03,71,249,African,medium,black,clean_shaven,R,2B,,0,,,54,52,50,53,50,52,54,52,52,52,,,,,,,,,,,,51,54,52,57,50,0,0,52,48,54,,,,,,,,,,,,False,,,0,,,,,,0,50,,balanced
P6721,Tyrone,Gaines,1990-06-22,73,208,African,dark,black,clean_shaven,R,3B,,0,,,50,58,47,49,47,52,56,48,49,49,,,,,,,,,,,,45,53,45,43,47,0,0,48,42,49,,,,,,,,,,,,False,,,0,,,,,,0,50,,power
P6647,Chauncey,Wyles,1996-09-13,68,216,Anglo,light,blonde,beard,L,SS,,0,,,54,54,51,51,50,51,49,49,48,49,,,,,,,,,,,,51,53,51,47,50,0,0,49,50,54,,,,,,,,,,,,False,,,0,,,,,,0,50,,gap
P7230,Fernando,Ramos,2005-01-19,69,223,Hispanic,light,black,clean_shaven,R,LF,,0,,,60,66,49,50,51,53,54,53,53,48,,,,,,,,,,,,85,82,68,66,51,0,0,53,74,66,,,,,,,,,,,,False,,,0,,,,,,0,50,,gap
P7488,Luis,Vasquez,1994-04-01,69,161,Hispanic,dark,brown,clean_shaven,S,CF,,0,,,58,48,52,51,52,48,51,51,47,52,,,,,,,,,,,,55,53,48,55,52,0,0,51,44,51,,,,,,,,,,,,False,,,0,,,,,,0,50,,spray
P2315,Sung,Kim,1999-02-09,76,198,Asian,medium,black,clean_shaven,R,RF,CF,0,,,53,56,51,49,52,52,50,50,52,49,,,,,,,,,,,,64,62,58,64,52,0,0,50,66,64,,,,,,,,,,,,False,,,0,,,,,,0,50,,balanced
P9870,Jamal,Young,1993-02-10,78,214,African,dark,black,clean_shaven,R,SS,,0,,,49,51,50,50,48,50,61,51,50,53,,,,,,,,,,,,45,45,40,46,48,0,0,51,50,53,,,,,,,,,,,,False,,,0,,,,,,0,50,,balanced
P4086,Yong,Liu,2002-08-23,78,193,Asian,light,black,clean_shaven,R,LF,,0,,,52,64,50,52,50,49,57,50,50,50,,,,,,,,,,,,67,71,55,58,50,0,0,50,55,60,,,,,,,,,,,,False,,,0,,,,,,0,50,,power
P2521,Ricardo,Vargas,1989-06-12,71,209,Hispanic,medium,brown,beard,R,SS,,0,,,59,57,50,53,48,50,57,50,52,50,,,,,,,,,,,,59,48,41,52,48,0,0,50,49,46,,,,,,,,,,,,False,,,0,,,,,,0,50,,gap
P3032,Rafael,Morales,2000-11-25,74,232,Hispanic,medium,blonde,mustache,R,SS,,0,,,53,47,72,51,49,48,57,50,48,47,,,,,,,,,,,,61,57,81,61,49,0,0,50,60,60,,,,,,,,,,,,False,,,0,,,,,,0,50,,speed
P7989,Fernando,Garcia,1999-01-07,70,180,Hispanic,light,black,clean_shaven,R,1B,,0,,,48,59,50,51,51,53,54,50,52,50,,,,,,,,,,,,59,68,57,60,51,0,0,50,66,56,,,,,,,,,,,,False,,,0,,,,,,0,50,,power
P3225,Jose,Garcia,2003-09-02,70,188,Hispanic,light,brown,mustache,R,3B,,0,,,50,49,51,49,47,51,58,49,51,50,,,,,,,,,,,,64,63,62,55,47,0,0,49,61,59,,,,,,,,,,,,False,,,0,,,,,,0,50,,gap
P2711,Miguel,Ramos,1993-12-31,78,220,Hispanic,medium,black,clean_shaven,L,P,,1,RP,CL,,,,,55,,,,48,50,48,50,53,53,53,59,61,67,0,0,0,,,,,0,,,,46,43,46,52,45,47,51,54,51,62,0,0,0,False,,,0,,,,,,0,50,closer,
P2382,Rufus,Washington,2001-03-30,73,227,African,dark,brown,clean_shaven,R,P,,1,RP,CL,,,,,52,,,,52,52,49,50,52,49,55,0,0,65,0,0,0,,,,,0,,,,60,65,64,57,55,56,61,0,0,80,0,0,0,False,,,0,,,,,,0,50,closer,
P6674,Sung,Tanaka,1988-06-21,71,180,Asian,medium,black,goatee,L,P,,1,RP,SP,,,,,49,,,,52,50,54,50,54,49,54,62,60,59,0,55,0,,,,,0,,,,43,47,47,53,54,49,45,61,52,58,0,53,0,False,,,0,,,,,,0,50,power_sp,
P9181,Sung,Hassan,2001-09-08,73,248,Asian,dark,black,clean_shaven,L,P,,1,RP,RP,,,,,52,,,,47,49,50,50,52,49,52,0,63,0,0,0,0,,,,,0,,,,61,57,58,66,62,59,57,0,69,0,0,0,0,False,,,0,,,,,,0,50,finesse_rp,
P6176,Tyrone,Mitchell,1996-03-13,70,243,African,medium,black,clean_shaven,L,P,,1,RP,SP,,,,,52,,,,51,49,52,50,52,51,50,59,63,62,0,54,0,,,,,0,,,,56,50,46,56,47,49,53,62,62,60,0,50,0,False,,,0,,,,,,0,50,workhorse_sp,
P8246,Kelly,Elsaesser,1987-05-12,68,239,Anglo,dark,blonde,clean_shaven,R,P,,1,RP,RP,,,,,49,,,,52,54,52,50,52,51,51,0,63,65,0,0,0,,,,,0,,,,47,50,43,48,50,51,43,0,55,59,0,0,0,False,,,0,,,,,,0,50,power_rp,
P1807,Percy,Robinson,1994-07-03,77,210,African,dark,brown,clean_shaven,R,P,RF,1,RP,SP,,,,,49,,,,50,50,53,50,52,48,53,61,60,60,58,0,0,,,,,0,,,,46,53,50,47,58,46,53,60,63,61,53,0,0,False,,,0,,,,,,0,50,power_sp,
P1367,Luis,Ramos,1997-10-26,76,180,Hispanic,medium,black,clean_shaven,L,LF,,0,,,54,52,51,52,50,53,51,52,52,52,,,,,,,,,,,,57,47,48,50,50,0,0,52,48,50,,,,,,,,,,,,False,,,0,,,,,,0,50,,average
P9817,Jose,Rodriguez,1992-05-02,71,229,Hispanic,medium,brown,clean_shaven,R,2B,,0,,,52,59,50,49,52,52,56,50,51,50,,,,,,,,,,,,52,50,43,46,52,0,0,50,43,48,,,,,,,,,,,,False,,,0,,,,,,0,50,,power
P1087,Malik,White,1994-04-27,73,193,African,medium,black,mustache,S,1B,,0,,,48,50,50,50,50,50,50,52,49,49,,,,,,,,,,,,49,51,49,54,50,0,0,52,52,51,,,,,,,,,,,,False,,,0,,,,,,0,50,,average
P3031,Percy,Taylor,1993-02-01,76,164,African,dark,black,mustache,L,C,,0,,,58,50,49,52,51,48,50,51,49,52,,,,,,,,,,,,49,48,49,48,51,0,0,51,47,47,,,,,,,,,,,,False,,,0,,,,,,0,50,,spray
P7106,Jermaine,Allen,1994-07-04,77,168,African,dark,black,goatee,R,1B,,0,,,49,55,50,49,49,53,52,52,50,49,,,,,,,,,,,,45,51,53,45,49,0,0,52,51,48,,,,,,,,,,,,False,,,0,,,,,,0,50,,balanced
P7142,Yong,Singh,1995-05-16,68,218,Asian,light,black,clean_shaven,L,1B,,0,,,52,55,50,49,48,50,46,50,50,49,,,,,,,,,,,,52,53,52,45,48,0,0,50,53,45,,,,,,,,,,,,False,,,0,,,,,,0,50,,balanced
P9371,Rufus,King,1997-04-24,74,206,African,dark,black,clean_shaven,R,2B,,0,,,52,49,50,52,53,48,56,49,50,50,,,,,,,,,,,,50,47,50,51,53,0,0,49,45,51,,,,,,,,,,,,False,,,0,,,,,,0,50,,average
P9621,Erin,Tencer,1991-08-12,71,183,Anglo,medium,brown,clean_shaven,S,CF,2B,0,,,51,49,53,50,52,51,50,51,49,48,,,,,,,,,,,,49,45,45,50,52,0,0,51,40,43,,,,,,,,,,,,False,,,0,,,,,,0,50,,average
P3144,Yong,Huang,2005-10-28,70,206,Asian,medium,black,clean_shaven,R,P,,1,RP,CL,,,,,55,,,,50,51,52,51,54,51,52,58,61,67,0,0,0,,,,,0,,,,73,69,67,71,62,79,81,74,73,91,0,0,0,False,,,0,,,,,,0,50,closer,
P5364,Tyrone,King,2006-04-23,78,237,African,dark,black,clean_shaven,L,P,,1,RP,SP,,,,,52,,,,49,48,51,50,53,49,52,60,61,57,56,0,0,,,,,0,,,,71,76,64,80,61,79,76,79,80,74,83,0,0,False,,,0,,,,,,0,50,finesse_sp,
P3872,Odis,Carney,2004-07-29,71,187,Anglo,light,blonde,clean_shaven,R,P,,1,RP,SP,,,,,52,,,,51,53,53,52,54,52,53,0,62,59,0,0,0,,,,,0,,,,66,77,63,72,80,75,67,0,90,88,0,0,0,False,,,0,,,,,,0,50,workhorse_sp,
P6310,Rufus,Young,2004-08-17,75,181,African,dark,black,clean_shaven,R,P,,1,RP,RP,,,,,57,,,,50,53,49,51,53,53,53,0,62,65,62,0,0,,,,,0,,,,70,82,70,71,75,64,77,0,78,89,84,0,0,False,,,0,,,,,,0,50,groundball_rp,
P1993,Ricardo,Vasquez,2004-04-30,70,190,Hispanic,light,black,goatee,L,P,,1,RP,SP,,,,,48,,,,50,51,50,50,52,49,52,60,64,0,0,0,0,,,,,0,,,,66,74,79,74,80,67,66,88,90,0,0,0,0,False,,,0,,,,,,0,50,finesse_sp,
P2294,Jose,Gomez,2005-12-10,76,171,Hispanic,medium,black,clean_shaven,L,LF,,0,,,58,52,48,53,51,48,50,48,52,53,,,,,,,,,,,,79,62,78,64,51,0,0,48,62,71,,,,,,,,,,,,False,,,0,,,,,,0,50,,spray
P8896,Yong,Chen,2007-01-27,77,190,Asian,medium,black,clean_shaven,S,C,,0,,,53,48,85,51,53,50,56,53,52,50,,,,,,,,,,,,70,74,99,69,53,0,0,53,66,79,,,,,,,,,,,,False,,,0,,,,,,0,50,,elite_speed
P3970,Jason,Wunderlich,2004-08-30,71,200,Anglo,medium,brown,clean_shaven,R,SS,,0,,,60,48,53,53,49,49,58,50,50,49,,,,,,,,,,,,74,75,66,79,49,0,0,50,65,59,,,,,,,,,,,,False,,,0,,,,,,0,50,,spray
P2647,Malik,Carter,2004-07-20,77,220,African,dark,black,clean_shaven,L,1B,,0,,,50,58,53,51,47,52,49,48,52,50,,,,,,,,,,,,71,75,69,80,47,0,0,48,76,65,,,,,,,,,,,,False,,,0,,,,,,0,50,,power
P5487,Francisco,Perez,2004-05-22,76,189,Hispanic,medium,black,clean_shaven,R,SS,,0,,,60,57,51,51,51,48,58,50,49,49,,,,,,,,,,,,81,81,63,64,51,0,0,50,77,75,,,,,,,,,,,,False,,,0,,,,,,0,50,,gap
P4106,Francisco,Martinez,2000-10-29,68,243,Hispanic,light,brown,clean_shaven,L,P,,1,RP,CL,,,,,55,,,,49,54,49,51,52,52,53,56,0,65,0,0,0,,,,,0,,,,59,68,66,57,62,61,62,69,0,79,0,0,0,False,,,0,,,,,,0,50,closer,
P6846,Jamal,Gaines,2003-07-24,74,191,African,dark,black,clean_shaven,R,P,,1,RP,RP,,,,,53,,,,52,50,49,52,52,49,49,56,60,0,0,0,0,,,,,0,,,,60,60,61,59,59,59,56,71,71,0,0,0,0,False,,,0,,,,,,0,50,finesse_rp,
P7976,Manuel,Hernandez,1987-10-05,71,243,Hispanic,dark,brown,goatee,R,P,,1,RP,SP,,,,,52,,,,53,50,52,50,53,51,49,60,59,61,0,57,0,,,,,0,,,,49,49,49,43,52,48,46,55,53,57,0,49,0,False,,,0,,,,,,0,50,workhorse_sp,
P7536,Jerald,Shaklee,2000-07-10,72,217,Anglo,medium,red,beard,R,P,,1,RP,RP,,,,,55,,,,50,50,48,51,54,52,50,57,0,63,60,0,0,,,,,0,,,,63,65,62,61,63,63,65,65,0,78,66,0,0,False,,,0,,,,,,0,50,groundball_rp,
P3757,Floyd,Lataquin,1996-05-19,68,226,Anglo,medium,brown,mustache,L,P,,1,RP,SP,,,,,51,,,,50,48,54,53,52,51,48,61,61,0,0,0,0,,,,,0,,,,47,45,58,53,49,54,51,66,57,0,0,0,0,False,,,0,,,,,,0,50,finesse_sp,
P4196,Sung,Yamamoto,1988-07-29,78,223,Asian,medium,black,goatee,R,P,,1,RP,RP,,,,,53,,,,52,52,50,53,52,50,51,57,62,63,0,0,0,,,,,0,,,,42,45,45,52,49,40,46,47,58,62,0,0,0,False,,,0,,,,,,0,50,finesse_rp,
P7375,Thanh,Wellen,1989-10-31,72,229,Anglo,light,brown,clean_shaven,L,P,,1,RP,SP,,,,,49,,,,52,51,51,52,52,52,49,60,60,62,0,0,0,,,,,0,,,,42,45,49,50,43,43,39,57,50,57,0,0,0,False,,,0,,,,,,0,50,workhorse_sp,
P6925,Tyrone,Jackson,1996-08-22,75,211,African,dark,black,clean_shaven,L,P,,1,RP,SP,,,,,53,,,,51,52,52,53,53,48,52,58,0,0,61,0,0,,,,,0,,,,46,54,58,55,49,51,47,63,0,0,65,0,0,False,,,0,,,,,,0,50,groundball_sp,
P2629,Miguel,Garcia,1991-04-28,69,176,Hispanic,medium,brown,clean_shaven,S,P,,1,RP,RP,,,,,50,,,,49,50,52,50,52,53,49,0,61,0,0,0,0,,,,,0,,,,43,41,44,50,44,49,47,0,61,0,0,0,0,False,,,0,,,,,,0,50,finesse_rp,
P5284,Antonio,Ramos,2001-04-19,78,160,Hispanic,medium,brown,mustache,R,P,,1,RP,SP,,,,,50,,,,52,53,50,50,53,49,53,60,63,62,56,0,0,,,,,0,,,,66,61,59,67,60,59,68,73,74,67,69,0,0,False,,,0,,,,,,0,50,balanced_sp,
P6104,Jamal,Walker,1989-12-05,74,225,African,light,black,clean_shaven,R,P,,1,RP,SP,,,,,53,,,,51,52,52,52,52,52,50,0,59,60,58,0,0,,,,,0,,,,50,46,43,48,50,43,45,0,54,57,56,0,0,False,,,0,,,,,,0,50,groundball_sp,
P5347,Sung,Pham,2000-10-08,68,204,Asian,light,black,clean_shaven,R,C,,0,,,49,50,49,50,51,52,57,51,49,48,,,,,,,,,,,,61,61,58,58,51,0,0,51,55,54,,,,,,,,,,,,False,,,0,,,,,,0,50,,average
P7389,Darnell,Gaines,1996-01-23,68,214,African,medium,black,goatee,L,1B,,0,,,53,59,52,49,48,50,50,53,50,48,,,,,,,,,,,,50,56,51,44,48,0,0,53,52,46,,,,,,,,,,,,False,,,0,,,,,,0,50,,gap
P3057,Garland,Remaley,2004-09-06,72,246,Anglo,light,black,beard,R,2B,,0,,,53,48,75,55,50,49,55,49,48,51,,,,,,,,,,,,64,78,99,84,50,0,0,49,68,62,,,,,,,,,,,,False,,,0,,,,,,0,50,,speed
P6956,Ricardo,Martinez,1995-05-11,69,223,Hispanic,light,brown,clean_shaven,R,3B,,0,,,51,48,51,50,52,51,56,52,47,49,,,,,,,,,,,,46,50,50,47,52,0,0,52,44,46,,,,,,,,,,,,False,,,0,,,,,,0,50,,average
P6379,Ricardo,Garcia,2004-06-07,78,182,Hispanic,dark,blonde,clean_shaven,R,SS,3B,0,,,66,60,49,52,47,50,59,52,47,49,,,,,,,,,,,,84,88,69,82,47,0,0,52,71,62,,,,,,,,,,,,False,,,0,,,,,,0,50,,gap
P8034,Deshawn,Taylor,1999-03-28,72,228,African,dark,brown,clean_shaven,R,LF,,0,,,54,48,80,51,53,51,58,51,49,51,,,,,,,,,,,,59,54,90,64,53,0,0,51,57,61,,,,,,,,,,,,False,,,0,,,,,,0,50,,speed
P8674,Fernando,Vasquez,1987-09-05,72,234,Hispanic,dark,black,beard,L,CF,,0,,,62,50,54,52,49,51,47,49,49,52,,,,,,,,,,,,58,43,46,45,49,0,0,49,48,51,,,,,,,,,,,,False,,,0,,,,,,0,50,,spray
P9734,Pedro,Morales,1991-12-03,75,214,Hispanic,medium,brown,mustache,L,RF,,0,,,62,50,50,53,53,51,47,48,49,51,,,,,,,,,,,,54,50,40,43,53,0,0,48,40,51,,,,,,,,,,,,False,,,0,,,,,,0,50,,spray
P6395,Tyrone,Walker,1987-06-22,69,208,African,dark,black,beard,R,RF,,0,,,50,53,48,52,50,48,57,52,51,51,,,,,,,,,,,,44,49,43,50,50,0,0,52,43,49,,,,,,,,,,,,False,,,0,,,,,,0,50,,gap
P6841,Jorge,Rivera,1993-05-20,72,239,Hispanic,light,brown,goatee,R,1B,,0,,,51,61,49,49,47,52,53,51,49,48,,,,,,,,,,,,50,51,42,45,47,0,0,51,43,40,,,,,,,,,,,,False,,,0,,,,,,0,50,,power
P7586,Luis,Gomez,2004-07-24,74,162,Hispanic,light,brown,clean_shaven,R,SS,CF,0,,,54,49,75,53,50,49,61,50,49,52,,,,,,,,,,,,78,66,98,78,50,0,0,50,70,73,,,,,,,,,,,,False,,,0,,,,,,0,50,,speed
P7162,Darnell,Jackson,1993-11-02,77,175,African,dark,black,mustache,R,C,,0,,,52,53,50,52,51,53,58,51,50,48,,,,,,,,,,,,46,44,41,52,51,0,0,51,49,40,,,,,,,,,,,,False,,,0,,,,,,0,50,,average
P5391,Eduardo,Hernandez,2003-04-21,78,249,Hispanic,light,black,clean_shaven,R,1B,,0,,,63,49,51,52,50,48,54,53,50,49,,,,,,,,,,,,68,55,62,66,50,0,0,53,58,57,,,,,,,,,,,,False,,,0,,,,,,0,50,,spray
P2014,Rafael,Reyes,1995-10-29,77,243,Hispanic,light,blonde,mustache,R,2B,,0,,,48,49,49,51,49,48,55,48,50,51,,,,,,,,,,,,49,53,48,46,49,0,0,48,47,55,,,,,,,,,,,,False,,,0,,,,,,0,50,,average
P6092,Clifford,Sandoral,1992-01-05,75,232,Anglo,light,black,mustache,R,P,,1,RP,CL,,,,,55,,,,53,50,52,53,57,52,55,0,61,66,0,0,0,,,,,0,,,,51,49,47,51,46,51,45,0,57,56,0,0,0,False,,,0,,,,,,0,50,closer,
P6643,Rodger,Net,1992-04-18,75,239,Anglo,light,brown,clean_shaven,L,P,,1,RP,SP,,,,,50,,,,49,49,52,52,54,50,53,61,60,59,55,0,0,,,,,0,,,,44,47,45,47,52,47,45,54,59,50,48,0,0,False,,,0,,,,,,0,50,finesse_sp,
P3186,Leroy,Jefferson,1992-03-14,72,242,African,dark,black,goatee,L,P,,1,RP,SP,,,,,54,,,,51,49,52,50,54,53,50,0,0,59,59,0,0,,,,,0,,,,49,46,50,52,44,46,50,0,0,51,58,0,0,False,,,0,,,,,,0,50,groundball_sp,
P7879,Bruno,Stimage,1989-09-19,70,165,Anglo,light,red,goatee,R,P,,1,RP,RP,,,,,50,,,,49,51,49,50,54,52,51,59,62,65,0,0,0,,,,,0,,,,48,47,44,50,44,52,44,49,56,55,0,0,0,False,,,0,,,,,,0,50,finesse_rp,
P6658,Ira,Chomka,1996-01-05,71,216,Anglo,dark,black,clean_shaven,S,P,,1,RP,SP,,,,,51,,,,48,51,51,52,54,50,51,0,60,62,59,0,0,,,,,0,,,,51,53,53,58,54,48,49,0,59,58,58,0,0,False,,,0,,,,,,0,50,groundball_sp,
P2110,Carlos,Gonzalez,1989-07-02,76,198,Hispanic,light,brown,goatee,L,P,,1,RP,SP,,,,,49,,,,51,52,53,52,52,51,55,58,62,58,0,57,0,,,,,0,,,,41,51,48,46,46,42,54,52,61,48,0,47,0,False,,,0,,,,,,0,50,power_sp,
P1581,Kraig,Jabiro,1996-11-26,75,235,Anglo,medium,black,clean_shaven,R,P,,1,RP,RP,,,,,52,,,,48,51,51,52,52,51,50,59,58,0,0,0,0,,,,,0,,,,46,53,50,53,51,48,51,59,59,0,0,0,0,False,,,0,,,,,,0,50,finesse_rp,
P5923,Malik,Jackson,1997-01-29,68,212,African,medium,black,mustache,S,1B,,0,,,51,54,52,50,49,53,53,52,50,49,,,,,,,,,,,,51,51,49,52,49,0,0,52,55,52,,,,,,,,,,,,False,,,0,,,,,,0,50,,balanced
P9892,Terrance,Sidi,2004-06-26,70,183,Anglo,medium,blonde,clean_shaven,R,LF,,0,,,59,58,51,53,51,52,56,52,48,51,,,,,,,,,,,,78,70,74,73,51,0,0,52,74,66,,,,,,,,,,,,False,,,0,,,,,,0,50,,gap
P3688,Gerald,Eugley,1995-10-10,71,233,Anglo,medium,brown,clean_shaven,R,RF,,0,,,52,60,51,50,47,51,50,51,49,50,,,,,,,,,,,,49,63,52,50,47,0,0,51,46,52,,,,,,,,,,,,False,,,0,,,,,,0,50,,power
P1479,Timmy,Altschuler,2000-02-05,68,176,Anglo,dark,black,clean_shaven,L,LF,3B,0,,,52,53,47,52,50,50,48,50,53,49,,,,,,,,,,,,67,67,54,58,50,0,0,50,58,55,,,,,,,,,,,,False,,,0,,,,,,0,50,,average
P1296,Antonio,Castillo,2001-03-05,74,206,Hispanic,light,blonde,clean_shaven,R,C,,0,,,52,50,49,51,52,53,59,48,52,48,,,,,,,,,,,,62,64,59,65,52,0,0,48,67,59,,,,,,,,,,,,False,,,0,,,,,,0,50,,average
P8331,Terrell,Michniak,1990-09-02,69,167,Anglo,medium,brown,clean_shaven,R,SS,,0,,,50,52,53,49,50,48,56,51,48,51,,,,,,,,,,,,49,49,52,45,50,0,0,51,39,45,,,,,,,,,,,,False,,,0,,,,,,0,50,,balanced
P4079,Percy,King,1996-08-05,74,240,African,dark,black,clean_shaven,R,3B,,0,,,48,51,50,49,49,48,58,53,48,50,,,,,,,,,,,,45,54,51,45,49,0,0,53,51,45,,,,,,,,,,,,False,,,0,,,,,,0,50,,balanced
P2486,Shane,Polselli,2004-07-15,71,235,Anglo,medium,brown,clean_shaven,L,LF,,0,,,64,52,52,50,54,48,47,50,51,49,,,,,,,,,,,,80,76,67,77,54,0,0,50,78,63,,,,,,,,,,,,False,,,0,,,,,,0,50,,spray
P2633,Rafael,Martinez,2005-04-20,70,243,Hispanic,light,black,clean_shaven,R,P,,1,RP,CL,,,,,55,,,,52,53,50,52,52,49,56,0,0,67,0,0,0,,,,,0,,,,64,78,70,68,61,71,79,0,0,85,0,0,0,False,,,0,,,,,,0,50,closer,
P9772,Tuan,Shipe,2005-12-29,76,234,Anglo,medium,blonde,beard,L,P,,1,RP,SP,,,,,54,,,,50,49,52,52,52,51,49,62,59,59,58,0,0,,,,,0,,,,76,71,65,79,74,66,76,77,76,88,78,0,0,False,,,0,,,,,,0,50,groundball_sp,
P9384,Chauncey,Thomison,2007-08-25,75,200,Anglo,medium,red,clean_shaven,S,P,1B,1,RP,SP,,,,,52,,,,48,50,50,50,52,51,53,60,59,60,0,54,0,,,,,0,,,,63,63,76,74,68,79,70,89,75,71,0,78,0,False,,,0,,,,,,0,50,power_sp,
P3059,Glenn,Freehling,2007-03-19,68,160,Anglo,light,blonde,clean_shaven,R,P,,1,RP,SP,,,,,48,,,,50,53,54,50,52,48,54,0,61,62,0,0,0,,,,,0,,,,77,72,78,76,65,72,76,0,90,75,0,0,0,False,,,0,,,,,,0,50,power_sp,
P7034,Cedric,Green,2007-12-01,73,236,African,medium,black,clean_shaven,R,P,,1,RP,SP,,,,,49,,,,48,53,51,50,52,49,51,59,60,59,57,0,0,,,,,0,,,,61,83,63,72,67,75,76,75,70,70,77,0,0,False,,,0,,,,,,0,50,balanced_sp,
P3053,Malik,Jefferson,2007-11-04,69,242,African,dark,black,goatee,S,LF,,0,,,64,52,54,52,52,47,51,48,51,53,,,,,,,,,,,,82,66,81,65,52,0,0,48,71,65,,,,,,,,,,,,False,,,0,,,,,,0,50,,spray
P1517,Jermaine,Walker,2005-08-17,77,222,African,dark,black,goatee,L,RF,,0,,,54,55,48,53,53,51,49,48,52,54,,,,,,,,,,,,68,73,77,67,53,0,0,48,71,72,,,,,,,,,,,,False,,,0,,,,,,0,50,,balanced
P1102,Hector,Ramos,2006-11-27,73,179,Hispanic,medium,black,goatee,R,SS,,0,,,52,50,53,51,48,49,55,51,49,47,,,,,,,,,,,,81,62,68,71,48,0,0,51,65,70,,,,,,,,,,,,False,,,0,,,,,,0,50,,average
P3798,Pedro,Lopez,2006-12-06,68,168,Hispanic,medium,brown,clean_shaven,R,3B,,0,,,61,51,50,53,49,50,59,48,48,48,,,,,,,,,,,,81,66,76,71,49,0,0,48,73,59,,,,,,,,,,,,False,,,0,,,,,,0,50,,spray
P4073,Rufus,Taylor,2005-01-03,75,197,African,medium,black,mustache,L,1B,,0,,,68,66,53,50,47,51,47,48,53,50,,,,,,,,,,,,84,93,75,63,47,0,0,48,63,67,,,,,,,,,,,,False,,,0,,,,,,0,50,,gap
P3142,Jermaine,Harris,1989-06-11,74,244,African,dark,black,clean_shaven,L,P,,1,RP,CL,,,,,55,,,,52,53,51,53,54,49,52,0,62,66,0,0,0,,,,,0,,,,49,44,51,46,46,47,44,0,61,62,0,0,0,False,,,0,,,,,,0,50,closer,
P9651,Domingo,Flaherty,1996-01-10,78,184,Anglo,medium,black,beard,R,P,,1,RP,RP,,,,,50,,,,50,52,48,51,54,51,51,61,0,0,0,0,0,,,,,0,,,,52,50,46,58,45,55,55,61,0,0,0,0,0,False,,,0,,,,,,0,50,finesse_rp,
P5209,Daron,Harmison,1996-12-22,74,166,Anglo,medium,blonde,clean_shaven,R,P,,1,RP,SP,,,,,51,,,,49,52,50,50,52,52,49,58,60,58,0,0,0,,,,,0,,,,53,57,51,48,51,50,47,58,65,54,0,0,0,False,,,0,,,,,,0,50,balanced_sp,
P7682,Thurman,Arcilla,2003-04-23,76,175,Anglo,medium,blonde,clean_shaven,L,P,,1,RP,SP,,,,,52,,,,51,51,50,50,52,52,54,0,59,62,59,0,0,,,,,0,,,,66,60,65,66,63,66,67,0,68,76,65,0,0,False,,,0,,,,,,0,50,power_sp,
P4397,Jorge,Vasquez,1990-02-13,74,244,Hispanic,light,black,mustache,L,P,,1,RP,SP,,,,,52,,,,52,48,54,54,54,50,52,63,60,0,0,53,0,,,,,0,,,,47,44,48,46,53,46,49,62,57,0,0,45,0,False,,,0,,,,,,0,50,finesse_sp,
P2103,Roberto,Ortiz,2002-10-25,72,228,Hispanic,medium,black,clean_shaven,R,P,,1,RP,SP,,,,,48,,,,49,50,53,50,54,50,53,59,63,0,59,56,0,,,,,0,,,,54,58,63,66,58,60,62,71,76,0,68,68,0,False,,,0,,,,,,0,50,finesse_sp,
P8129,Luis,Flores,1988-02-05,70,200,Hispanic,medium,blonde,mustache,R,P,,1,RP,SP,,,,,52,,,,50,49,51,53,53,53,53,59,60,59,55,0,0,,,,,0,,,,42,48,50,51,46,44,47,59,57,59,50,0,0,False,,,0,,,,,,0,50,workhorse_sp,
P3190,Jamal,Harris,1992-06-15,78,167,African,dark,black,beard,S,P,,1,RP,RP,,,,,54,,,,50,51,48,50,52,51,51,0,0,0,64,0,0,,,,,0,,,,41,47,45,49,39,50,48,0,0,0,61,0,0,False,,,0,,,,,,0,50,groundball_rp,
P8500,Juan,Cruz,1998-10-10,69,176,Hispanic,medium,blonde,clean_shaven,R,P,,1,RP,SP,,,,,48,,,,51,50,50,53,52,49,51,59,64,0,0,0,0,,,,,0,,,,56,61,67,63,65,63,61,68,72,0,0,0,0,False,,,0,,,,,,0,50,finesse_sp,
P6892,Tyrone,Carter,1992-03-26,76,249,African,dark,black,clean_shaven,L,P,,1,RP,SP,,,,,52,,,,50,50,52,50,54,51,53,0,62,63,0,0,0,,,,,0,,,,45,48,43,54,45,49,44,0,57,58,0,0,0,False,,,0,,,,,,0,50,power_sp,
P6705,Laurence,Camus,1988-10-26,70,243,Anglo,light,brown,clean_shaven,R,P,,1,RP,RP,,,,,51,,,,51,52,49,50,52,52,55,0,61,64,0,0,0,,,,,0,,,,51,52,41,43,46,44,53,0,51,62,0,0,0,False,,,0,,,,,,0,50,power_rp,
P5412,Malik,Harris,1997-06-24,70,175,African,dark,black,beard,R,C,,0,,,57,48,52,52,50,49,58,50,51,52,,,,,,,,,,,,54,43,50,56,50,0,0,50,56,47,,,,,,,,,,,,False,,,0,,,,,,0,50,,spray
P7036,John,Shatswell,1991-11-25,75,207,Anglo,light,brown,clean_shaven,R,1B,LF,0,,,51,52,48,50,52,48,51,50,52,53,,,,,,,,,,,,45,42,41,48,52,0,0,50,42,46,,,,,,,,,,,,False,,,0,,,,,,0,50,,average
P7278,Miguel,Flores,1989-07-10,72,165,Hispanic,medium,black,beard,R,2B,,0,,,58,47,53,53,50,49,57,51,51,51,,,,,,,,,,,,56,40,46,47,50,0,0,51,48,49,,,,,,,,,,,,False,,,0,,,,,,0,50,,spray
P3710,Werner,Canzoneri,1989-06-09,72,238,Anglo,light,blonde,clean_shaven,R,3B,,0,,,54,51,49,51,50,50,58,50,49,52,,,,,,,,,,,,53,48,49,47,50,0,0,50,45,45,,,,,,,,,,,,False,,,0,,,,,,0,50,,gap
P9749,Francisco,Vasquez,1987-07-26,69,227,Hispanic,medium,black,beard,S,SS,,0,,,49,53,52,50,48,51,52,49,52,47,,,,,,,,,,,,47,50,47,41,48,0,0,49,50,39,,,,,,,,,,,,False,,,0,,,,,,0,50,,balanced
P9106,Kendrick,Denogean,1993-07-09,72,194,Anglo,medium,red,clean_shaven,R,LF,,0,,,52,63,49,51,48,53,57,49,51,50,,,,,,,,,,,,43,58,47,46,48,0,0,49,42,44,,,,,,,,,,,,False,,,0,,,,,,0,50,,power
P1863,Rufus,Mitchell,1994-06-25,77,237,African,dark,brown,clean_shaven,R,CF,,0,,,58,50,50,54,53,49,54,47,48,49,,,,,,,,,,,,56,45,45,56,53,0,0,47,47,47,,,,,,,,,,,,False,,,0,,,,,,0,50,,gap
P5164,Teddy,Pong,2001-11-14,68,201,Anglo,medium,red,clean_shaven,L,RF,,0,,,51,48,48,50,53,52,50,49,49,49,,,,,,,,,,,,66,56,57,55,53,0,0,49,58,56,,,,,,,,,,,,False,,,0,,,,,,0,50,,average
P2319,Darnell,Mitchell,1990-10-16,77,184,African,dark,black,clean_shaven,R,SS,,0,,,58,51,69,54,49,47,61,52,51,52,,,,,,,,,,,,55,51,69,48,49,0,0,52,41,46,,,,,,,,,,,,False,,,0,,,,,,0,50,,spray
P7446,Sterling,Godnick,1996-05-17,78,186,Anglo,medium,black,clean_shaven,R,SS,,0,,,60,49,51,54,50,47,60,51,48,53,,,,,,,,,,,,64,46,53,57,50,0,0,51,49,58,,,,,,,,,,,,False,,,0,,,,,,0,50,,spray
P6716,Carlos,Sanchez,1987-07-11,77,210,Hispanic,medium,black,clean_shaven,L,CF,,0,,,54,50,70,53,49,48,42,48,51,52,,,,,,,,,,,,50,40,67,45,49,0,0,48,48,48,,,,,,,,,,,,False,,,0,,,,,,0,50,,speed
P9086,Tyrone,Robinson,1992-12-20,73,242,African,dark,brown,beard,L,LF,,0,,,51,49,50,50,49,50,49,53,53,53,,,,,,,,,,,,47,45,41,48,49,0,0,53,50,44,,,,,,,,,,,,False,,,0,,,,,,0,50,,average
P3278,Mauro,Pavelich,2001-07-24,77,208,Anglo,medium,blonde,beard,L,LF,,0,,,51,48,70,50,50,49,48,50,51,48,,,,,,,,,,,,62,57,76,58,50,0,0,50,66,55,,,,,,,,,,,,False,,,0,,,,,,0,50,,speed
P5612,Cordell,Panke,1999-05-11,68,198,Anglo,medium,black,clean_shaven,R,3B,,0,,,50,56,47,51,50,52,57,51,48,49,,,,,,,,,,,,60,61,53,56,50,0,0,51,62,56,,,,,,,,,,,,False,,,0,,,,,,0,50,,power
P9746,Sam,Thamphia,1992-12-07,74,171,Anglo,light,red,beard,L,P,,1,RP,CL,,,,,55,,,,51,53,52,51,52,49,52,58,59,65,0,0,0,,,,,0,,,,46,49,49,42,42,47,51,58,59,63,0,0,0,False,,,0,,,,,,0,50,closer,
P6283,Roberto,Perez,1999-11-25,76,212,Hispanic,medium,brown,clean_shaven,S,P,,1,RP,SP,,,,,49,,,,52,50,54,50,52,48,50,0,61,59,0,0,0,,,,,0,,,,66,56,60,62,68,56,61,0,70,73,0,0,0,False,,,0,,,,,,0,50,power_sp,
P6072,Pedro,Flores,2001-09-19,72,185,Hispanic,medium,brown,mustache,R,P,,1,RP,SP,,,,,48,,,,51,50,51,53,52,48,49,62,60,58,0,55,0,,,,,0,,,,66,56,64,63,64,60,63,71,66,72,0,61,0,False,,,0,,,,,,0,50,balanced_sp,
P8509,Tyrone,Jefferson,1988-06-19,70,216,African,dark,black,clean_shaven,R,P,,1,RP,SP,,,,,51,,,,48,51,51,50,52,49,53,0,60,63,58,0,0,,,,,0,,,,41,51,47,50,46,44,48,0,50,57,50,0,0,False,,,0,,,,,,0,50,power_sp,
P6420,Percy,Walker,1995-07-22,76,238,African,dark,black,clean_shaven,L,P,,1,RP,RP,,,,,50,,,,51,51,50,51,53,52,52,62,60,0,0,55,0,,,,,0,,,,48,53,54,56,51,49,50,64,57,0,0,57,0,False,,,0,,,,,,0,50,finesse_rp,
P2662,Eduardo,Ortiz,2002-11-29,69,162,Hispanic,dark,black,goatee,R,P,,1,RP,CL,,,,,49,,,,50,54,51,50,52,51,52,57,0,65,0,0,0,,,,,0,,,,65,63,59,64,64,56,66,69,0,70,0,0,0,False,,,0,,,,,,0,50,closer,
P3347,Mikel,Bogaert,1991-07-18,76,213,Anglo,dark,blonde,clean_shaven,L,P,,1,RP,SP,,,,,53,,,,49,53,53,53,52,48,52,0,0,59,58,0,0,,,,,0,,,,44,50,52,50,44,46,48,0,0,59,52,0,0,False,,,0,,,,,,0,50,groundball_sp,
P8083,Alejandro,Castillo,1993-11-27,75,248,Hispanic,dark,brown,clean_shaven,L,LF,,0,,,59,50,49,51,50,47,51,52,50,50,,,,,,,,,,,,50,49,46,50,50,0,0,52,42,50,,,,,,,,,,,,False,,,0,,,,,,0,50,,spray
P4866,Carlos,Mendoza,2003-02-13,68,224,Hispanic,light,brown,clean_shaven,L,C,,0,,,58,52,50,53,52,49,49,51,49,51,,,,,,,,,,,,72,61,65,62,52,0,0,51,60,64,,,,,,,,,,,,False,,,0,,,,,,0,50,,spray
P4693,Rafael,Sanchez,1989-08-02,68,169,Hispanic,medium,black,clean_shaven,R,RF,,0,,,61,48,49,52,49,50,57,51,49,51,,,,,,,,,,,,59,38,48,48,49,0,0,51,44,44,,,,,,,,,,,,False,,,0,,,,,,0,50,,spray
P4399,Aldo,Beliard,2004-02-07,70,181,Anglo,light,black,clean_shaven,L,2B,,0,,,57,48,52,54,52,48,49,51,49,49,,,,,,,,,,,,63,60,64,62,52,0,0,51,63,58,,,,,,,,,,,,False,,,0,,,,,,0,50,,spray
P3647,Francisco,Flores,1988-12-15,71,216,Hispanic,light,black,clean_shaven,R,LF,,0,,,62,50,51,52,54,51,57,53,49,52,,,,,,,,,,,,52,47,44,45,54,0,0,53,47,47,,,,,,,,,,,,False,,,0,,,,,,0,50,,spray
P8440,Malik,Washington,2000-08-23,70,237,African,dark,black,clean_shaven,L,C,,0,,,61,51,53,50,51,49,49,52,51,53,,,,,,,,,,,,71,66,67,63,51,0,0,52,61,61,,,,,,,,,,,,False,,,0,,,,,,0,50,,spray
P4620,Weldon,Caughman,1997-04-17,74,190,Anglo,light,brown,clean_shaven,R,SS,,0,,,49,48,77,49,54,51,59,52,49,49,,,,,,,,,,,,50,43,81,46,54,0,0,52,48,51,,,,,,,,,,,,False,,,0,,,,,,0,50,,speed
P8699,Cedric,Baker,1990-02-27,77,212,African,dark,black,mustache,R,LF,,0,,,53,63,51,51,49,50,57,50,53,50,,,,,,,,,,,,50,60,51,45,49,0,0,50,52,48,,,,,,,,,,,,False,,,0,,,,,,0,50,,power
P7703,Leroy,Wright,2004-03-21,68,163,African,medium,brown,clean_shaven,R,P,,1,RP,CL,,,,,55,,,,50,52,51,51,52,49,51,57,62,66,0,0,0,,,,,0,,,,62,67,72,74,69,72,74,74,76,84,0,0,0,False,,,0,,,,,,0,50,closer,
P9195,Louis,Chancy,2007-09-01,71,165,Anglo,medium,black,clean_shaven,R,P,,1,RP,RP,,,,,54,,,,51,53,48,50,52,50,53,0,57,0,61,0,0,,,,,0,,,,72,70,66,77,66,67,67,0,68,0,88,0,0,False,,,0,,,,,,0,50,groundball_rp,
P4142,Eduardo,Torres,2005-09-12,78,211,Hispanic,medium,black,clean_shaven,R,P,,1,RP,SP,,,,,48,,,,48,50,52,53,54,52,53,59,60,0,60,0,0,,,,,0,,,,71,65,66,79,78,78,81,73,81,0,78,0,0,False,,,0,,,,,,0,50,finesse_sp,
P2013,Carol,Warncke,2007-11-04,76,188,Anglo,dark,brown,clean_shaven,S,P,,1,RP,SP,,,,,49,,,,52,52,50,52,53,50,51,61,59,62,0,0,0,,,,,0,,,,75,69,73,79,65,70,79,86,69,81,0,0,0,False,,,0,,,,,,0,50,workhorse_sp,
P3067,Seymour,Grew,2004-08-03,73,198,Anglo,light,blonde,clean_shaven,L,P,,1,RP,SP,,,,,47,,,,47,54,53,50,52,52,52,0,62,62,0,0,0,,,,,0,,,,74,72,79,65,74,78,70,0,91,80,0,0,0,False,,,0,,,,,,0,50,power_sp,
P1798,Antonio,Vargas,2005-07-05,69,209,Hispanic,medium,black,clean_shaven,R,RF,,0,,,53,52,50,50,48,49,58,49,50,52,,,,,,,,,,,,79,66,80,71,48,0,0,49,69,65,,,,,,,,,,,,False,,,0,,,,,,0,50,,average
P8311,Antonio,Reyes,2004-10-27,72,240,Hispanic,light,black,clean_shaven,L,SS,,0,,,61,48,70,53,50,51,48,49,51,50,,,,,,,,,,,,82,64,99,77,50,0,0,49,62,63,,,,,,,,,,,,False,,,0,,,,,,0,50,,spray
P4443,Ferdinand,Berning,2006-07-03,72,209,Anglo,light,brown,goatee,R,C,,0,,,65,53,49,50,51,50,58,50,51,52,,,,,,,,,,,,92,73,69,78,51,0,0,50,73,62,,,,,,,,,,,,False,,,0,,,,,,0,50,,spray
P1221,Alejandro,Perez,2007-11-08,71,214,Hispanic,medium,black,clean_shaven,L,RF,,0,,,65,50,49,53,52,48,43,50,48,52,,,,,,,,,,,,77,78,77,80,52,0,0,50,59,68,,,,,,,,,,,,False,,,0,,,,,,0,50,,spray
P8336,Scot,Mccarter,2007-10-04,77,226,Anglo,light,blonde,clean_shaven,R,C,,0,,,64,49,51,55,50,51,60,52,52,48,,,,,,,,,,,,83,70,65,75,50,0,0,52,77,62,,,,,,,,,,,,False,,,0,,,,,,0,50,,spray
P4160,Felipe,Goodwater,2002-05-10,70,187,Anglo,light,brown,clean_shaven,R,P,,1,RP,CL,,,,,55,,,,51,52,50,52,52,52,56,61,0,67,0,0,0,,,,,0,,,,58,59,61,62,65,61,67,68,0,73,0,0,0,False,,,0,,,,,,0,50,closer,
P4910,Luther,Weirauch,1994-08-18,72,209,Anglo,light,brown,mustache,R,P,,1,RP,SP,,,,,48,,,,51,53,52,50,52,49,52,57,62,61,59,0,0,,,,,0,,,,51,48,54,57,56,45,55,57,63,61,62,0,0,False,,,0,,,,,,0,50,power_sp,
P7306,Rufus,Allen,1998-11-07,72,228,African,dark,black,clean_shaven,L,P,,1,RP,CL,,,,,53,,,,51,50,47,50,54,51,53,0,0,65,0,0,0,,,,,0,,,,59,65,60,64,54,60,66,0,0,76,0,0,0,False,,,0,,,,,,0,50,closer,
P6915,Hassan,Prehoda,1995-05-16,72,165,Anglo,light,brown,clean_shaven,R,P,,1,RP,RP,,,,,55,,,,51,52,48,52,52,52,52,0,62,0,59,0,0,,,,,0,,,,49,51,55,53,48,54,54,0,61,0,61,0,0,False,,,0,,,,,,0,50,groundball_rp,
P5822,Basil,Montore,1991-02-10,78,205,Anglo,light,brown,clean_shaven,L,P,,1,RP,SP,,,,,52,,,,50,50,49,50,52,53,53,0,0,59,62,0,0,,,,,0,,,,49,46,41,51,41,45,51,0,0,59,62,0,0,False,,,0,,,,,,0,50,groundball_sp,
P9840,Raul,Ramirez,1991-11-28,77,191,Hispanic,light,blonde,mustache,L,P,,1,RP,RP,,,,,49,,,,49,50,50,50,52,50,55,0,61,67,0,0,0,,,,,0,,,,46,49,48,43,48,47,50,0,57,66,0,0,0,False,,,0,,,,,,0,50,power_rp,
P4253,Hector,Hernandez,1988-01-04,76,211,Hispanic,light,black,beard,S,P,,1,RP,SP,,,,,53,,,,50,53,54,50,54,52,53,60,59,60,58,0,0,,,,,0,,,,41,43,49,52,54,51,49,60,53,57,55,0,0,False,,,0,,,,,,0,50,groundball_sp,
P5980,Adolph,Buske,2004-07-11,70,198,Anglo,dark,brown,clean_shaven,L,P,,1,RP,SP,,,,,49,,,,50,49,51,51,52,51,53,60,62,62,0,56,0,,,,,0,,,,65,68,64,80,67,79,68,88,85,79,0,83,0,False,,,0,,,,,,0,50,balanced_sp,
P8346,Tyrone,Baker,2001-11-18,76,248,African,medium,black,clean_shaven,S,P,,1,RP,SP,,,,,48,,,,49,49,54,53,52,49,50,58,61,60,0,0,0,,,,,0,,,,57,61,58,58,59,54,65,73,68,67,0,0,0,False,,,0,,,,,,0,50,balanced_sp,
P8105,Rufus,Robinson,1997-12-03,76,163,African,medium,brown,beard,R,P,,1,RP,RP,,,,,51,,,,48,49,51,50,53,49,52,60,59,0,0,0,0,,,,,0,,,,46,54,51,57,54,50,49,64,61,0,0,0,0,False,,,0,,,,,,0,50,finesse_rp,
P1535,Gerald,Gangestad,1992-12-30,76,169,Anglo,light,black,mustache,R,P,,1,RP,SP,,,,,51,,,,49,49,54,52,54,49,50,63,0,58,0,0,0,,,,,0,,,,41,44,42,52,49,43,42,55,0,54,0,0,0,False,,,0,,,,,,0,50,balanced_sp,
P7843,Jermaine,Mitchell,1990-05-19,72,225,African,dark,black,clean_shaven,L,C,,0,,,49,49,51,50,49,53,49,51,52,51,,,,,,,,,,,,43,45,51,45,49,0,0,51,49,42,,,,,,,,,,,,False,,,0,,,,,,0,50,,average
P1063,Jermaine,Gaines,2004-07-19,74,164,African,dark,black,clean_shaven,R,1B,,0,,,48,64,52,49,49,49,55,49,52,51,,,,,,,,,,,,59,83,71,61,49,0,0,49,78,68,,,,,,,,,,,,False,,,0,,,,,,0,50,,power
P3033,Ricardo,Castillo,1988-09-01,78,162,Hispanic,dark,brown,clean_shaven,R,2B,,0,,,53,49,85,51,52,51,56,48,52,51,,,,,,,,,,,,45,44,81,50,52,0,0,48,43,41,,,,,,,,,,,,False,,,0,,,,,,0,50,,elite_speed
P2161,Kristofer,Katoa,1992-12-22,74,226,Anglo,medium,brown,goatee,R,3B,,0,,,49,52,52,50,51,51,57,49,52,52,,,,,,,,,,,,41,49,49,46,51,0,0,49,48,42,,,,,,,,,,,,False,,,0,,,,,,0,50,,balanced
P4487,Luis,Torres,2002-12-19,70,221,Hispanic,dark,blonde,clean_shaven,R,SS,,0,,,60,52,49,53,51,46,58,49,48,53,,,,,,,,,,,,67,58,55,67,51,0,0,49,61,61,,,,,,,,,,,,False,,,0,,,,,,0,50,,spray
P7501,Manuel,Vargas,1992-04-23,77,207,Hispanic,light,brown,goatee,L,LF,,0,,,53,49,53,53,50,52,47,48,51,49,,,,,,,,,,,,45,47,44,53,50,0,0,48,47,44,,,,,,,,,,,,False,,,0,,,,,,0,50,,balanced
P1071,Leroy,Green,1997-07-17,72,201,African,light,black,mustache,S,CF,,0,,,51,51,52,51,51,53,53,50,50,52,,,,,,,,,,,,48,51,57,56,51,0,0,50,51,54,,,,,,,,,,,,False,,,0,,,,,,0,50,,average
P5672,Darnell,Walker,1994-08-28,69,227,African,dark,black,clean_shaven,S,RF,,0,,,51,62,48,51,51,52,53,52,52,52,,,,,,,,,,,,50,60,51,46,51,0,0,52,49,53,,,,,,,,,,,,False,,,0,,,,,,0,50,,power
P7212,Delbert,Wilner,1991-12-27,72,170,Anglo,medium,black,mustache,R,LF,,0,,,49,51,49,52,49,52,58,52,52,49,,,,,,,,,,,,42,50,47,42,49,0,0,52,46,44,,,,,,,,,,,,False,,,0,,,,,,0,50,,average
P8447,Jamal,Robinson,1988-10-29,78,216,African,dark,black,clean_shaven,R,2B,,0,,,50,48,48,52,53,52,58,50,49,52,,,,,,,,,,,,50,40,41,51,53,0,0,50,45,51,,,,,,,,,,,,False,,,0,,,,,,0,50,,average
P3002,Hector,Gonzalez,1992-08-06,77,183,Hispanic,medium,brown,clean_shaven,L,1B,,0,,,53,61,49,51,51,52,47,50,51,51,,,,,,,,,,,,48,51,49,48,51,0,0,50,45,51,,,,,,,,,,,,False,,,0,,,,,,0,50,,power
P2364,Clemente,Binner,2004-01-28,71,164,Anglo,medium,brown,goatee,R,LF,,0,,,57,48,53,50,52,50,59,50,49,51,,,,,,,,,,,,67,63,61,60,52,0,0,50,59,65,,,,,,,,,,,,False,,,0,,,,,,0,50,,spray
P2620,Pedro,Vargas,1987-09-07,71,181,Hispanic,medium,blonde,clean_shaven,L,LF,,0,,,53,50,48,52,49,53,49,53,52,50,,,,,,,,,,,,45,47,45,45,49,0,0,53,46,50,,,,,,,,,,,,False,,,0,,,,,,0,50,,balanced
P9733,Dana,Retter,1997-03-14,75,231,Anglo,medium,blonde,beard,R,LF,,0,,,50,61,49,50,51,51,59,49,53,51,,,,,,,,,,,,49,64,46,52,51,0,0,49,49,49,,,,,,,,,,,,False,,,0,,,,,,0,50,,power
P5728,Leroy,Carter,2003-04-12,69,176,African,dark,black,mustache,L,P,,1,RP,CL,,,,,55,,,,49,52,49,50,52,52,56,57,62,66,0,0,0,,,,,0,,,,54,60,61,59,57,62,67,69,68,74,0,0,0,False,,,0,,,,,,0,50,closer,
P2497,Roberto,Reyes,1999-04-17,73,220,Hispanic,medium,blonde,clean_shaven,L,P,,1,RP,SP,,,,,53,,,,50,51,52,51,52,52,53,61,62,0,61,0,0,,,,,0,,,,55,65,59,61,59,59,61,68,68,0,69,0,0,False,,,0,,,,,,0,50,groundball_sp,
P8269,Malik,Baker,1996-06-16,72,241,African,dark,black,goatee,S,P,,1,RP,SP,,,,,52,,,,48,54,53,51,52,50,53,0,61,61,0,55,0,,,,,0,,,,50,51,53,56,48,52,55,0,65,65,0,52,0,False,,,0,,,,,,0,50,power_sp,
P4411,Jonas,Moser,1988-05-19,76,220,Anglo,light,brown,clean_shaven,R,P,,1,RP,SP,,,,,49,,,,52,51,51,52,52,49,53,59,62,59,0,0,0,,,,,0,,,,42,48,44,49,50,45,46,49,61,56,0,0,0,False,,,0,,,,,,0,50,finesse_sp,
P1639,Alejandro,Rivera,1989-11-23,78,160,Hispanic,dark,brown,mustache,L,P,,1,RP,SP,,,,,48,,,,49,51,52,53,54,50,53,62,63,60,0,0,0,,,,,0,,,,44,41,52,48,45,46,47,62,53,53,0,0,0,False,,,0,,,,,,0,50,balanced_sp,
P6039,Deshawn,Green,2002-06-06,72,172,African,dark,black,clean_shaven,R,P,,1,RP,RP,,,,,51,,,,49,49,50,50,54,50,53,0,0,67,0,0,0,,,,,0,,,,55,56,63,67,58,58,58,0,0,73,0,0,0,False,,,0,,,,,,0,50,power_rp,
P4484,Agustin,Barillaro,1998-02-20,77,236,Anglo,medium,black,clean_shaven,L,P,,1,RP,SP,,,,,48,,,,50,52,50,50,52,48,53,60,60,60,0,0,0,,,,,0,,,,55,51,54,52,52,45,52,58,59,64,0,0,0,False,,,0,,,,,,0,50,balanced_sp,
P1041,Ike,Skyers,1992-03-15,72,242,Anglo,light,red,clean_shaven,R,RF,1B,0,,,58,49,48,52,51,48,53,52,50,51,,,,,,,,,,,,51,47,45,46,51,0,0,52,45,49,,,,,,,,,,,,False,,,0,,,,,,0,50,,spray
P3886,Xavier,Baker,2004-07-02,77,237,African,light,black,clean_shaven,L,3B,,0,,,50,51,85,49,47,50,51,53,52,52,,,,,,,,,,,,74,69,99,66,47,0,0,53,82,81,,,,,,,,,,,,False,,,0,,,,,,0,50,,elite_speed
P9392,Franklin,Harding,1995-07-15,70,238,Anglo,medium,blonde,clean_shaven,R,C,,0,,,53,47,70,52,49,50,57,50,53,49,,,,,,,,,,,,58,42,75,48,49,0,0,50,51,45,,,,,,,,,,,,False,,,0,,,,,,0,50,,speed
P1698,Gail,Vickery,1994-08-12,71,190,Anglo,light,blonde,beard,L,1B,,0,,,48,50,51,51,48,52,48,51,49,49,,,,,,,,,,,,44,45,47,46,48,0,0,51,48,47,,,,,,,,,,,,False,,,0,,,,,,0,50,,balanced
P2784,Carlos,Flores,1987-06-16,78,241,Hispanic,medium,brown,goatee,R,RF,CF,0,,,50,51,52,49,51,51,53,52,47,52,,,,,,,,,,,,49,49,47,44,51,0,0,52,45,51,,,,,,,,,,,,False,,,0,,,,,,0,50,,balanced
P2313,Fernando,Mendoza,2001-06-01,76,190,Hispanic,light,brown,goatee,R,1B,,0,,,51,51,50,52,50,50,53,52,50,50,,,,,,,,,,,,66,64,62,66,50,0,0,52,55,55,,,,,,,,,,,,False,,,0,,,,,,0,50,,balanced
P8025,Carlos,Hernandez,1993-09-04,68,198,Hispanic,light,black,beard,S,2B,,0,,,63,47,50,57,49,49,54,48,52,52,,,,,,,,,,,,56,46,44,51,49,0,0,48,46,51,,,,,,,,,,,,False,,,0,,,,,,0,50,,spray
P4513,Damian,Kapuscinski,1994-03-31,75,192,Anglo,light,blonde,clean_shaven,R,1B,,0,,,53,54,50,50,50,51,55,50,52,51,,,,,,,,,,,,54,53,55,48,50,0,0,50,49,54,,,,,,,,,,,,False,,,0,,,,,,0,50,,balanced
P8295,Hector,Rivera,2006-01-05,73,238,Hispanic,light,black,clean_shaven,R,P,,1,RP,CL,,,,,55,,,,50,54,51,50,52,50,54,60,59,67,0,0,0,,,,,0,,,,66,68,68,63,63,65,82,75,83,95,0,0,0,False,,,0,,,,,,0,50,closer,
P5180,Leroy,Allen,2007-04-27,70,237,African,dark,black,beard,S,P,,1,RP,RP,,,,,48,,,,50,50,51,53,52,50,55,0,60,0,0,0,0,,,,,0,,,,74,75,63,74,70,74,85,0,77,0,0,0,0,False,,,0,,,,,,0,50,power_rp,
P5334,Percy,Washington,2007-12-01,78,249,African,medium,black,clean_shaven,R,P,,1,RP,SP,,,,,49,,,,51,48,50,52,54,52,49,63,63,0,58,0,0,,,,,0,,,,78,72,69,80,61,69,74,78,89,0,74,0,0,False,,,0,,,,,,0,50,finesse_sp,
P5443,Carlos,Martinez,2006-11-02,70,162,Hispanic,light,brown,clean_shaven,L,P,1B,1,RP,RP,,,,,49,,,,52,51,49,50,52,49,54,0,0,65,0,0,0,,,,,0,,,,82,80,69,70,66,59,82,0,0,89,0,0,0,False,,,0,,,,,,0,50,power_rp,
P1737,Carlos,Gomez,2005-03-25,78,202,Hispanic,medium,black,clean_shaven,R,P,,1,RP,SP,,,,,52,,,,51,49,53,54,52,52,49,63,60,58,59,0,0,,,,,0,,,,74,75,75,80,70,74,66,79,71,68,75,0,0,False,,,0,,,,,,0,50,finesse_sp,
P2278,Leroy,Scott,2005-12-02,70,163,African,dark,black,clean_shaven,L,LF,,0,,,51,49,85,52,53,51,50,49,52,50,,,,,,,,,,,,74,79,99,66,53,0,0,49,70,72,,,,,,,,,,,,False,,,0,,,,,,0,50,,elite_speed
P3540,Val,Coffie,2004-09-14,69,210,Anglo,medium,brown,clean_shaven,R,2B,,0,,,50,48,79,54,52,51,61,50,50,50,,,,,,,,,,,,62,67,96,80,52,0,0,50,69,67,,,,,,,,,,,,False,,,0,,,,,,0,50,,speed
P3929,Luke,Glessner,2006-07-31,72,213,Anglo,medium,brown,clean_shaven,S,RF,,0,,,50,53,49,50,50,48,50,51,52,50,,,,,,,,,,,,70,76,74,70,50,0,0,51,64,61,,,,,,,,,,,,False,,,0,,,,,,0,50,,balanced
P3873,Adan,Gradillas,2004-09-19,72,220,Anglo,dark,blonde,goatee,R,SS,,0,,,49,52,52,51,49,49,58,53,51,51,,,,,,,,,,,,73,81,66,81,49,0,0,53,74,63,,,,,,,,,,,,False,,,0,,,,,,0,50,,balanced
P7627,Rufus,Harris,2004-12-30,76,175,African,dark,brown,mustache,R,SS,,0,,,58,50,51,52,50,49,57,52,50,47,,,,,,,,,,,,74,80,76,70,50,0,0,52,77,59,,,,,,,,,,,,False,,,0,,,,,,0,50,,spray
P6030,Cedric,Jefferson,1994-07-18,78,196,African,medium,black,clean_shaven,L,P,,1,RP,CL,,,,,55,,,,49,50,48,51,52,53,54,58,59,67,0,0,0,,,,,0,,,,53,46,47,53,44,48,49,58,58,69,0,0,0,False,,,0,,,,,,0,50,closer,
P6478,Donald,Wollard,1996-07-31,77,206,Anglo,light,black,goatee,R,P,,1,RP,RP,,,,,50,,,,49,51,52,51,53,53,54,0,63,67,0,0,0,,,,,0,,,,50,49,49,48,50,48,57,0,62,70,0,0,0,False,,,0,,,,,,0,50,power_rp,
P2679,Rico,Banfield,1996-05-30,69,223,Anglo,dark,black,beard,R,P,,1,RP,LR,,,,,53,,,,51,51,52,51,53,49,53,0,59,0,0,0,0,,,,,0,,,,50,53,49,49,47,50,52,0,61,0,0,0,0,False,,,0,,,,,,0,50,long_relief,
P9069,Alberto,Viscome,1989-08-14,75,241,Anglo,light,blonde,beard,R,P,,1,RP,SP,,,,,54,,,,53,52,52,52,52,50,52,57,0,61,62,0,0,,,,,0,,,,50,43,44,52,48,43,45,47,0,51,52,0,0,False,,,0,,,,,,0,50,groundball_sp,
P6968,Jamal,Taylor,1999-09-30,68,245,African,medium,black,mustache,R,P,,1,RP,LR,,,,,51,,,,52,49,49,52,53,52,51,57,62,64,0,0,0,,,,,0,,,,63,64,65,63,64,64,64,67,71,72,0,0,0,False,,,0,,,,,,0,50,long_relief,
P2765,Rufus,Carter,2001-04-11,70,210,African,dark,black,goatee,L,P,,1,RP,RP,,,,,51,,,,50,51,51,50,52,49,53,0,59,63,0,0,0,,,,,0,,,,63,60,63,58,63,58,59,0,68,78,0,0,0,False,,,0,,,,,,0,50,power_rp,
P2839,Duane,Esfahani,2003-08-26,77,215,Anglo,light,black,clean_shaven,R,P,,1,RP,CL,,,,,49,,,,52,50,50,51,52,49,52,0,0,66,0,0,0,,,,,0,,,,58,65,64,61,58,56,62,0,0,76,0,0,0,False,,,0,,,,,,0,50,closer,
P5847,Leroy,Walker,1991-03-01,76,173,African,dark,brown,clean_shaven,L,P,,1,RP,SP,,,,,51,,,,49,49,54,51,53,51,49,61,59,58,61,0,0,,,,,0,,,,39,47,51,43,53,41,48,61,54,58,52,0,0,False,,,0,,,,,,0,50,groundball_sp,
P2232,Jermaine,Jefferson,1996-11-10,77,240,African,dark,black,beard,R,P,,1,RP,SP,,,,,49,,,,48,49,52,50,54,53,49,63,60,0,56,57,0,,,,,0,,,,49,52,53,58,47,51,45,67,60,0,53,59,0,False,,,0,,,,,,0,50,finesse_sp,
P2015,Jose,Perez,1995-07-19,73,202,Hispanic,dark,brown,clean_shaven,R,P,,1,RP,SP,,,,,51,,,,49,53,51,51,52,50,50,62,61,58,56,0,0,,,,,0,,,,50,53,46,55,50,49,46,64,57,56,54,0,0,False,,,0,,,,,,0,50,balanced_sp,
P1860,Jewel,Nesseth,2001-01-29,77,227,Anglo,dark,red,goatee,L,P,,1,RP,SP,,,,,50,,,,52,51,50,53,53,51,52,63,61,0,0,0,0,,,,,0,,,,58,58,61,58,62,63,66,71,70,0,0,0,0,False,,,0,,,,,,0,50,finesse_sp,
P4531,Hector,Cruz,1990-01-18,69,216,Hispanic,light,brown,beard,R,C,,0,,,48,60,48,49,50,50,58,51,49,51,,,,,,,,,,,,41,51,42,42,50,0,0,51,39,44,,,,,,,,,,,,False,,,0,,,,,,0,50,,power
P7050,Tyrone,Taylor,1993-03-16,68,177,African,medium,black,clean_shaven,L,1B,,0,,,53,59,50,52,50,53,45,52,49,53,,,,,,,,,,,,49,56,43,48,50,0,0,52,43,47,,,,,,,,,,,,False,,,0,,,,,,0,50,,gap
P9977,Alejandro,Diaz,1993-04-02,75,223,Hispanic,medium,brown,clean_shaven,R,2B,,0,,,59,48,52,54,51,47,58,53,48,49,,,,,,,,,,,,52,44,45,44,51,0,0,53,39,47,,,,,,,,,,,,False,,,0,,,,,,0,50,,spray
P3036,Jorge,Delgado,1997-11-19,70,233,Hispanic,dark,black,clean_shaven,R,3B,,0,,,51,53,48,50,48,50,60,49,50,48,,,,,,,,,,,,56,49,52,48,48,0,0,49,45,48,,,,,,,,,,,,False,,,0,,,,,,0,50,,gap
P7482,Cedric,Carter,1994-11-17,68,165,African,dark,black,clean_shaven,R,SS,,0,,,54,48,54,49,49,48,58,51,52,48,,,,,,,,,,,,58,43,59,45,49,0,0,51,56,48,,,,,,,,,,,,False,,,0,,,,,,0,50,,spray
P7851,Gabriel,Sandhoff,2003-07-01,76,173,Anglo,medium,brown,clean_shaven,L,LF,,0,,,49,61,51,50,51,53,50,51,50,52,,,,,,,,,,,,58,69,57,65,51,0,0,51,55,65,,,,,,,,,,,,False,,,0,,,,,,0,50,,power
P6616,Fredrick,Wohlers,2002-02-10,72,171,Anglo,light,brown,clean_shaven,L,CF,,0,,,64,52,52,50,50,50,49,48,49,51,,,,,,,,,,,,71,61,62,57,50,0,0,48,59,59,,,,,,,,,,,,False,,,0,,,,,,0,50,,spray
P5928,Miguel,Cruz,2002-04-23,71,217,Hispanic,light,black,clean_shaven,R,RF,,0,,,50,59,52,49,49,51,55,49,50,48,,,,,,,,,,,,55,72,65,60,49,0,0,49,60,58,,,,,,,,,,,,False,,,0,,,,,,0,50,,balanced
P3426,Stanford,Sanders,1992-01-04,71,172,Anglo,light,red,clean_shaven,R,2B,,0,,,50,49,48,50,53,48,59,51,49,51,,,,,,,,,,,,48,41,48,46,53,0,0,51,40,51,,,,,,,,,,,,False,,,0,,,,,,0,50,,balanced
P2881,Olen,Spirer,1991-11-15,76,170,Anglo,light,black,clean_shaven,R,1B,,0,,,50,48,70,52,52,52,54,49,48,51,,,,,,,,,,,,47,45,68,42,52,0,0,49,41,51,,,,,,,,,,,,False,,,0,,,,,,0,50,,speed
P4197,Luis,Sanchez,2004-08-22,69,196,Hispanic,dark,black,mustache,R,3B,,0,,,51,57,50,52,46,52,57,52,52,51,,,,,,,,,,,,76,72,71,63,46,0,0,52,82,70,,,,,,,,,,,,False,,,0,,,,,,0,50,,power
P8413,Jermaine,Washington,1991-08-28,71,221,African,dark,black,clean_shaven,R,LF,,0,,,52,49,74,52,49,51,57,50,52,53,,,,,,,,,,,,51,45,69,46,49,0,0,50,44,48,,,,,,,,,,,,False,,,0,,,,,,0,50,,speed
P3042,Jorge,Ortiz,2004-03-31,74,229,Hispanic,medium,black,goatee,R,3B,,0,,,51,59,47,51,46,53,56,53,50,52,,,,,,,,,,,,61,75,63,65,46,0,0,53,67,76,,,,,,,,,,,,False,,,0,,,,,,0,50,,power
P6727,Juan,Perez,1998-08-23,73,191,Hispanic,medium,brown,clean_shaven,L,1B,,0,,,50,56,52,50,52,51,47,52,49,51,,,,,,,,,,,,58,61,58,64,52,0,0,52,61,58,,,,,,,,,,,,False,,,0,,,,,,0,50,,average
P2298,Tim,Wannamaker,2004-08-27,73,164,Anglo,medium,blonde,clean_shaven,L,P,,1,RP,CL,,,,,55,,,,50,51,52,53,54,52,52,0,0,65,0,0,0,,,,,0,,,,65,61,80,65,66,62,70,0,0,85,0,0,0,False,,,0,,,,,,0,50,closer,
P2006,Tyron,Reau,1990-02-23,72,183,Anglo,medium,black,beard,L,P,,1,RP,RP,,,,,52,,,,51,50,53,54,52,53,49,58,0,0,0,0,0,,,,,0,,,,47,48,53,52,53,44,45,53,0,0,0,0,0,False,,,0,,,,,,0,50,finesse_rp,
P7518,Xavier,Wright,1993-03-11,72,187,African,dark,black,beard,L,P,,1,RP,SP,,,,,50,,,,48,51,53,52,52,51,54,60,63,59,0,0,0,,,,,0,,,,42,43,45,52,44,45,50,55,62,53,0,0,0,False,,,0,,,,,,0,50,workhorse_sp,
P6469,Jermaine,Baker,2003-02-18,75,243,African,dark,black,goatee,L,P,,1,RP,RP,,,,,57,,,,50,53,52,52,52,53,53,0,59,0,61,0,0,,,,,0,,,,64,67,58,59,64,62,58,0,71,0,76,0,0,False,,,0,,,,,,0,50,groundball_rp,
P8796,Dannie,Ercolano,1998-08-29,73,217,Anglo,medium,black,beard,L,P,,1,RP,RP,,,,,53,,,,49,49,52,51,54,50,51,60,0,0,0,0,0,,,,,0,,,,54,63,64,68,62,63,65,75,0,0,0,0,0,False,,,0,,,,,,0,50,finesse_rp,
P7867,Colin,Suben,1997-02-02,78,170,Anglo,light,brown,clean_shaven,L,P,,1,RP,SP,,,,,50,,,,53,51,50,53,52,50,51,0,61,61,0,0,0,,,,,0,,,,49,56,55,48,54,45,56,0,58,66,0,0,0,False,,,0,,,,,,0,50,workhorse_sp,
P6085,Jermaine,Robinson,2002-04-21,71,163,African,dark,black,clean_shaven,R,P,,1,RP,CL,,,,,50,,,,48,53,49,52,54,49,53,0,0,65,0,0,0,,,,,0,,,,60,64,57,64,63,55,59,0,0,73,0,0,0,False,,,0,,,,,,0,50,closer,
P3438,Jose,Hernandez,1988-06-13,74,213,Hispanic,medium,black,goatee,R,C,,0,,,50,51,51,51,53,53,59,53,51,50,,,,,,,,,,,,45,42,51,41,53,0,0,53,43,43,,,,,,,,,,,,False,,,0,,,,,,0,50,,balanced
P1030,Darnell,Green,1997-09-15,72,244,African,dark,brown,beard,R,RF,,0,,,52,51,85,50,51,48,58,49,53,49,,,,,,,,,,,,57,55,86,52,51,0,0,49,49,52,,,,,,,,,,,,False,,,0,,,,,,0,50,,elite_speed
P3732,Pedro,Sanchez,2003-12-16,78,234,Hispanic,dark,brown,clean_shaven,L,1B,,0,,,49,59,52,51,47,52,48,53,48,51,,,,,,,,,,,,57,73,62,61,47,0,0,53,61,62,,,,,,,,,,,,False,,,0,,,,,,0,50,,power
P9915,Curt,Jozsa,1998-12-15,69,231,Anglo,dark,brown,beard,R,C,,0,,,53,52,49,51,51,52,60,50,50,50,,,,,,,,,,,,64,63,64,61,51,0,0,50,59,58,,,,,,,,,,,,False,,,0,,,,,,0,50,,average
P1053,German,Vence,1988-11-30,76,166,Anglo,light,brown,clean_shaven,L,RF,,0,,,49,58,49,50,49,50,45,50,51,48,,,,,,,,,,,,41,53,43,49,49,0,0,50,43,38,,,,,,,,,,,,False,,,0,,,,,,0,50,,power
P8252,Juan,Guerrero,1992-02-11,73,222,Hispanic,medium,blonde,clean_shaven,S,LF,,0,,,53,62,51,52,52,51,53,49,50,50,,,,,,,,,,,,52,60,49,45,52,0,0,49,48,43,,,,,,,,,,,,False,,,0,,,,,,0,50,,power
P4892,Florentino,Labuff,1998-11-01,78,185,Anglo,medium,black,goatee,L,SS,,0,,,49,61,51,51,48,50,49,51,48,51,,,,,,,,,,,,60,73,66,64,48,0,0,51,56,66,,,,,,,,,,,,False,,,0,,,,,,0,50,,power
P1078,Tyrone,White,2005-01-14,70,188,African,dark,black,beard,R,2B,,0,,,62,49,52,57,53,50,57,51,49,53,,,,,,,,,,,,80,60,66,84,53,0,0,51,61,79,,,,,,,,,,,,False,,,0,,,,,,0,50,,spray
P5099,Alejandro,Cruz,2008-01-19,75,197,Hispanic,light,brown,mustache,R,P,,1,RP,CL,,,,,55,,,,48,50,50,52,52,51,55,57,60,65,0,0,0,,,,,0,,,,77,68,67,77,66,63,68,81,85,80,0,0,0,False,,,0,,,,,,0,50,closer,
P4015,Leroy,White,2004-04-27,76,242,African,dark,black,mustache,R,P,,1,RP,RP,,,,,50,,,,49,49,50,53,52,50,53,61,63,0,0,0,0,,,,,0,,,,63,71,66,82,74,63,66,84,81,0,0,0,0,False,,,0,,,,,,0,50,finesse_rp,
P4709,Jermaine,Jackson,2007-07-13,75,250,African,dark,black,clean_shaven,R,P,,1,RP,SP,,,,,48,,,,50,52,54,50,52,49,51,59,59,62,0,0,0,,,,,0,,,,60,62,76,72,77,74,62,87,77,73,0,0,0,False,,,0,,,,,,0,50,workhorse_sp,
P8989,Jose,Castillo,2007-06-20,78,206,Hispanic,light,brown,clean_shaven,L,P,,1,RP,SP,,,,,53,,,,50,51,52,53,52,49,51,61,0,61,0,0,0,,,,,0,,,,66,74,65,67,67,66,65,86,0,86,0,0,0,False,,,0,,,,,,0,50,balanced_sp,
P6327,Juan,Sanchez,2004-08-01,78,225,Hispanic,light,blonde,clean_shaven,L,P,,1,RP,SP,,,,,52,,,,48,53,51,51,52,48,50,62,62,60,59,0,0,,,,,0,,,,63,72,61,65,61,75,77,75,73,88,85,0,0,False,,,0,,,,,,0,50,groundball_sp,
P4155,Rufus,Gaines,2007-04-09,76,189,African,dark,black,mustache,L,RF,,0,,,53,51,50,51,51,53,43,50,52,49,,,,,,,,,,,,80,64,64,61,51,0,0,50,81,74,,,,,,,,,,,,False,,,0,,,,,,0,50,,balanced
P4362,Manual,Brasseux,2004-05-24,75,240,Anglo,light,brown,clean_shaven,S,1B,,0,,,50,61,52,49,49,51,53,53,52,49,,,,,,,,,,,,76,82,75,64,49,0,0,53,62,79,,,,,,,,,,,,False,,,0,,,,,,0,50,,power
P7268,Dwight,Mccowan,2006-06-12,78,229,Anglo,medium,black,clean_shaven,R,C,,0,,,50,56,47,51,48,53,57,50,53,50,,,,,,,,,,,,67,70,74,76,48,0,0,50,82,60,,,,,,,,,,,,False,,,0,,,,,,0,50,,power
P1349,Cedric,Walker,2006-11-23,78,192,African,dark,brown,goatee,S,1B,,0,,,51,64,48,52,50,53,49,49,48,48,,,,,,,,,,,,63,75,58,65,50,0,0,49,70,58,,,,,,,,,,,,False,,,0,,,,,,0,50,,power
P3539,Todd,Denoyer,2006-11-29,77,226,Anglo,light,blonde,mustache,R,C,,0,,,53,49,50,53,51,52,55,52,50,48,,,,,,,,,,,,78,61,60,64,51,0,0,52,68,73,,,,,,,,,,,,False,,,0,,,,,,0,50,,balanced
P6875,Francesco,Camferdam,1990-11-04,69,229,Anglo,light,blonde,beard,R,P,,1,RP,CL,,,,,55,,,,49,54,51,50,53,49,52,0,0,66,0,0,0,,,,,0,,,,43,46,41,47,51,46,50,0,0,61,0,0,0,False,,,0,,,,,,0,50,closer,
P3621,Roberto,Rivera,1991-09-05,71,163,Hispanic,medium,blonde,clean_shaven,L,P,,1,RP,SP,,,,,49,,,,48,50,54,50,54,50,52,0,63,58,0,0,0,,,,,0,,,,47,42,45,49,51,50,44,0,61,54,0,0,0,False,,,0,,,,,,0,50,power_sp,
P6225,Xavier,Washington,1987-07-27,78,169,African,dark,black,beard,R,P,,1,RP,RP,,,,,50,,,,50,53,49,51,53,50,50,0,60,0,0,0,0,,,,,0,,,,50,49,48,47,47,45,44,0,59,0,0,0,0,False,,,0,,,,,,0,50,power_rp,
P2621,Malik,Green,1999-06-03,76,177,African,dark,black,clean_shaven,R,P,,1,RP,RP,,,,,56,,,,52,50,50,51,54,48,51,0,60,0,59,0,0,,,,,0,,,,63,55,61,68,63,62,65,0,66,0,70,0,0,False,,,0,,,,,,0,50,groundball_rp,
P5386,Margarito,Gouras,1999-11-06,73,164,Anglo,light,black,goatee,S,P,,1,RP,CL,,,,,52,,,,50,53,51,50,53,50,56,59,0,65,0,0,0,,,,,0,,,,57,60,61,61,64,63,61,68,0,72,0,0,0,False,,,0,,,,,,0,50,closer,
P1542,Jarod,Wedner,1994-04-04,69,194,Anglo,light,blonde,beard,L,P,,1,RP,RP,,,,,49,,,,50,50,49,51,52,52,54,0,62,65,0,0,0,,,,,0,,,,49,52,46,54,52,57,53,0,65,67,0,0,0,False,,,0,,,,,,0,50,power_rp,
P9932,Miguel,Diaz,1993-01-29,71,208,Hispanic,medium,black,clean_shaven,L,P,,1,RP,SP,,,,,48,,,,51,51,52,53,54,50,53,58,62,59,58,0,0,,,,,0,,,,46,50,45,53,42,50,51,48,56,54,53,0,0,False,,,0,,,,,,0,50,workhorse_sp,
P5115,Carlos,Ortiz,1996-08-15,77,233,Hispanic,dark,brown,clean_shaven,R,P,,1,RP,RP,,,,,54,,,,49,50,52,50,53,49,53,0,58,0,61,0,0,,,,,0,,,,46,52,52,54,48,45,57,0,55,0,60,0,0,False,,,0,,,,,,0,50,groundball_rp,
P4761,Deshawn,Baker,1989-04-22,72,226,African,dark,black,beard,L,P,,1,RP,SP,,,,,48,,,,51,50,54,50,54,47,54,59,60,61,58,0,0,,,,,0,,,,48,42,49,44,47,44,50,58,53,60,49,0,0,False,,,0,,,,,,0,50,power_sp,
P3500,Eduardo,Garcia,2000-12-23,77,241,Hispanic,medium,black,clean_shaven,L,P,,1,RP,SP,,,,,48,,,,51,51,52,54,53,52,50,62,61,61,0,0,0,,,,,0,,,,63,66,67,63,67,64,61,72,68,73,0,0,0,False,,,0,,,,,,0,50,finesse_sp,
P4471,Augustus,Mainz,1989-11-10,75,195,Anglo,light,blonde,clean_shaven,R,P,,1,RP,CL,,,,,53,,,,50,54,47,51,53,51,53,0,0,65,0,0,0,,,,,0,,,,41,51,45,52,41,49,52,0,0,64,0,0,0,False,,,0,,,,,,0,50,closer,
P4820,Tyrell,Leonpacher,2000-02-08,75,200,Anglo,light,brown,clean_shaven,R,C,,0,,,53,50,94,52,53,47,58,50,53,50,,,,,,,,,,,,66,57,99,67,53,0,0,50,60,62,,,,,,,,,,,,False,,,0,,,,,,0,50,,speed
P7462,Tod,Violett,1991-12-23,75,168,Anglo,light,brown,clean_shaven,L,1B,,0,,,50,59,50,49,49,50,47,48,51,50,,,,,,,,,,,,50,57,50,44,49,0,0,48,44,42,,,,,,,,,,,,False,,,0,,,,,,0,50,,balanced
P9809,Bryan,Mclennon,1991-09-28,70,211,Anglo,medium,brown,clean_shaven,R,2B,,0,,,51,53,49,50,49,51,56,52,49,49,,,,,,,,,,,,51,44,49,45,49,0,0,52,42,43,,,,,,,,,,,,False,,,0,,,,,,0,50,,balanced
P5711,Hubert,Rommelfanger,1990-07-23,78,170,Anglo,dark,blonde,clean_shaven,R,3B,,0,,,50,53,50,49,50,52,58,48,49,49,,,,,,,,,,,,44,48,44,41,50,0,0,48,44,40,,,,,,,,,,,,False,,,0,,,,,,0,50,,balanced
P5315,Shirley,Arbetman,1988-05-09,72,195,Anglo,medium,brown,mustache,R,SS,,0,,,59,51,50,53,51,49,60,51,50,52,,,,,,,,,,,,57,48,45,47,51,0,0,51,49,43,,,,,,,,,,,,False,,,0,,,,,,0,50,,spray
P7292,Leroy,Gaines,1998-03-09,73,174,African,dark,black,clean_shaven,S,LF,,0,,,53,49,52,52,50,53,55,52,51,52,,,,,,,,,,,,67,63,62,67,50,0,0,52,63,62,,,,,,,,,,,,False,,,0,,,,,,0,50,,average
P4951,Rufus,Green,1991-05-21,68,214,African,dark,brown,clean_shaven,S,CF,RF,0,,,62,61,50,53,52,52,49,48,48,49,,,,,,,,,,,,58,56,46,46,52,0,0,48,47,42,,,,,,,,,,,,False,,,0,,,,,,0,50,,gap
P2708,Titus,Shearin,2003-11-24,69,195,Anglo,medium,blonde,clean_shaven,L,RF,,0,,,53,51,49,52,52,49,47,51,52,53,,,,,,,,,,,,63,65,60,66,52,0,0,51,64,59,,,,,,,,,,,,False,,,0,,,,,,0,50,,balanced
P7163,Jamal,Washington,1995-04-01,73,233,African,dark,black,clean_shaven,R,LF,,0,,,52,62,48,51,47,53,56,51,53,52,,,,,,,,,,,,52,57,52,53,47,0,0,51,51,50,,,,,,,,,,,,False,,,0,,,,,,0,50,,power
P9098,Abraham,Slane,2001-10-18,73,200,Anglo,light,brown,mustache,R,LF,,0,,,50,51,48,53,49,48,58,49,50,52,,,,,,,,,,,,56,57,57,62,49,0,0,49,65,57,,,,,,,,,,,,False,,,0,,,,,,0,50,,gap
P9171,Dwain,Heape,1999-03-27,75,162,Anglo,medium,blonde,clean_shaven,R,LF,,0,,,59,52,51,51,50,47,56,50,49,50,,,,,,,,,,,,66,59,62,63,50,0,0,50,58,61,,,,,,,,,,,,False,,,0,,,,,,0,50,,spray
P8038,Malik,Wright,1991-10-27,76,246,African,dark,black,beard,R,CF,,0,,,50,48,70,52,51,50,51,50,52,48,,,,,,,,,,,,42,47,64,45,51,0,0,50,50,44,,,,,,,,,,,,False,,,0,,,,,,0,50,,speed
P6034,Carlos,Rodriguez,1998-08-06,72,217,Hispanic,dark,black,clean_shaven,R,3B,,0,,,50,60,48,49,50,53,56,52,52,52,,,,,,,,,,,,56,66,54,54,50,0,0,52,62,64,,,,,,,,,,,,False,,,0,,,,,,0,50,,power
P2217,Fernando,Gomez,2000-02-26,78,234,Hispanic,medium,blonde,clean_shaven,R,LF,,0,,,50,53,52,51,48,49,56,51,51,53,,,,,,,,,,,,64,59,58,66,48,0,0,51,63,58,,,,,,,,,,,,False,,,0,,,,,,0,50,,balanced
P8775,Cedric,Young,2002-09-28,69,178,African,light,brown,clean_shaven,L,P,,1,RP,CL,,,,,55,,,,51,51,51,50,52,53,55,0,62,65,0,0,0,,,,,0,,,,62,59,56,60,65,65,62,0,68,79,0,0,0,False,,,0,,,,,,0,50,closer,
P9154,Darnell,Allen,1990-06-29,78,179,African,dark,black,clean_shaven,L,P,,1,RP,RP,,,,,50,,,,50,52,51,50,52,51,55,0,62,0,0,0,0,,,,,0,,,,49,51,43,51,49,44,47,0,61,0,0,0,0,False,,,0,,,,,,0,50,power_rp,
P6031,Leroy,King,1993-07-25,77,211,African,dark,black,clean_shaven,R,P,,1,RP,SP,,,,,52,,,,48,53,51,51,52,48,51,60,63,61,0,0,0,,,,,0,,,,46,46,43,51,50,46,41,58,59,57,0,0,0,False,,,0,,,,,,0,50,power_sp,
P8504,Reed,Hohiudden,2002-07-20,72,237,Anglo,light,brown,clean_shaven,S,P,RF,1,RP,SP,,,,,48,,,,52,50,53,51,52,52,49,60,62,0,0,0,0,,,,,0,,,,61,57,64,63,67,57,57,67,77,0,0,0,0,False,,,0,,,,,,0,50,finesse_sp,
P1649,Malik,Young,1994-03-15,74,219,African,light,black,clean_shaven,L,P,,1,RP,RP,,,,,57,,,,52,51,51,52,54,49,51,0,0,0,62,0,0,,,,,0,,,,52,49,52,50,56,52,46,0,0,0,66,0,0,False,,,0,,,,,,0,50,groundball_rp,
P9193,Cedric,Gaines,1989-01-09,72,207,African,dark,black,beard,R,P,,1,RP,SP,,,,,48,,,,48,51,52,50,54,51,49,62,59,0,59,0,0,,,,,0,,,,39,51,41,44,52,46,40,58,57,0,59,0,0,False,,,0,,,,,,0,50,finesse_sp,
P2144,Alejandro,Hernandez,2004-04-23,77,181,Hispanic,medium,black,clean_shaven,S,P,,1,RP,SP,,,,,52,,,,53,53,53,51,52,52,52,0,59,60,59,0,0,,,,,0,,,,79,68,76,66,68,75,65,0,86,74,70,0,0,False,,,0,,,,,,0,50,groundball_sp,
P5583,Eduardo,Gonzalez,2000-01-14,73,185,Hispanic,medium,black,clean_shaven,R,C,,0,,,53,62,51,51,51,54,56,52,52,48,,,,,,,,,,,,63,73,59,62,51,0,0,52,62,60,,,,,,,,,,,,False,,,0,,,,,,0,50,,power
P7068,Tyrone,Allen,1988-04-26,69,176,African,dark,brown,beard,R,1B,,0,,,51,54,49,50,51,53,54,48,48,50,,,,,,,,,,,,46,50,48,49,51,0,0,48,48,42,,,,,,,,,,,,False,,,0,,,,,,0,50,,average
P4500,Jorge,Perez,1995-06-28,70,238,Hispanic,light,brown,clean_shaven,R,3B,,0,,,59,52,53,53,53,49,59,49,50,50,,,,,,,,,,,,55,54,57,49,53,0,0,49,54,48,,,,,,,,,,,,False,,,0,,,,,,0,50,,spray
P8808,Cedric,White,1996-06-19,72,247,African,dark,brown,clean_shaven,R,SS,,0,,,57,48,49,54,52,51,61,53,52,48,,,,,,,,,,,,61,46,53,54,52,0,0,53,57,52,,,,,,,,,,,,False,,,0,,,,,,0,50,,spray
P1182,Cristopher,Kole,1987-09-10,74,167,Anglo,light,red,beard,R,RF,LF,0,,,51,53,49,50,51,48,57,50,48,51,,,,,,,,,,,,48,44,46,50,51,0,0,50,42,51,,,,,,,,,,,,False,,,0,,,,,,0,50,,gap
P2770,Man,Gabaree,1999-02-08,69,202,Anglo,dark,brown,clean_shaven,R,SS,,0,,,57,49,51,53,49,48,59,53,52,51,,,,,,,,,,,,65,57,61,64,49,0,0,53,64,56,,,,,,,,,,,,False,,,0,,,,,,0,50,,spray
P3159,Kyle,Henley,2001-03-25,76,180,Anglo,light,brown,mustache,R,C,,0,,,59,50,47,56,50,50,56,49,53,50,,,,,,,,,,,,73,57,53,64,50,0,0,49,65,64,,,,,,,,,,,,False,,,0,,,,,,0,50,,spray
P8557,Deshawn,Gaines,1988-10-31,75,198,African,light,black,mustache,R,LF,,0,,,49,62,51,51,48,50,59,53,48,52,,,,,,,,,,,,41,54,47,44,48,0,0,53,43,51,,,,,,,,,,,,False,,,0,,,,,,0,50,,power
P2680,Dewayne,Kuhr,2007-11-07,75,196,Anglo,light,brown,beard,L,P,,1,RP,CL,,,,,55,,,,48,50,51,50,52,49,55,57,59,66,0,0,0,,,,,0,,,,69,69,60,79,61,71,72,73,70,85,0,0,0,False,,,0,,,,,,0,50,closer,
P8036,Dion,Groshek,2004-05-06,78,173,Anglo,dark,blonde,clean_shaven,L,P,,1,RP,SP,,,,,49,,,,52,50,50,52,53,49,52,0,63,58,0,0,0,,,,,0,,,,77,70,63,80,79,70,75,0,87,74,0,0,0,False,,,0,,,,,,0,50,power_sp,
P9685,Fred,Bienvenu,2004-09-24,75,212,Anglo,medium,brown,mustache,R,P,,1,RP,RP,,,,,49,,,,51,50,50,50,52,49,55,0,59,65,0,0,0,,,,,0,,,,67,64,73,64,70,65,81,0,82,76,0,0,0,False,,,0,,,,,,0,50,power_rp,
P2792,David,Tuten,2004-04-07,68,226,Anglo,light,blonde,beard,R,P,,1,RP,SP,,,,,52,,,,48,51,51,50,52,50,51,0,61,61,59,0,0,,,,,0,,,,72,66,68,76,76,78,80,0,90,82,76,0,0,False,,,0,,,,,,0,50,groundball_sp,
P3050,Darnell,Baker,2008-01-15,78,225,African,dark,black,clean_shaven,R,P,,1,RP,RP,,,,,53,,,,52,52,51,52,53,48,52,0,63,66,0,0,0,,,,,0,,,,71,71,70,83,81,61,78,0,88,96,0,0,0,False,,,0,,,,,,0,50,power_rp,
P9684,Juan,Castillo,2004-04-19,76,166,Hispanic,medium,red,clean_shaven,R,3B,,0,,,48,49,49,49,48,52,57,48,49,51,,,,,,,,,,,,74,61,78,73,48,0,0,48,72,77,,,,,,,,,,,,False,,,0,,,,,,0,50,,balanced
P5023,Rosario,Denyes,2006-08-24,68,229,Anglo,light,brown,clean_shaven,R,2B,,0,,,51,49,75,52,52,51,56,52,51,52,,,,,,,,,,,,74,62,96,73,52,0,0,52,65,66,,,,,,,,,,,,False,,,0,,,,,,0,50,,speed
P6697,Jamal,Mitchell,2004-10-07,77,237,African,dark,black,clean_shaven,R,C,,0,,,50,53,50,51,50,52,55,50,48,52,,,,,,,,,,,,78,73,60,73,50,0,0,50,68,72,,,,,,,,,,,,False,,,0,,,,,,0,50,,balanced
P4311,Donovan,Pencek,2004-08-16,78,199,Anglo,light,black,clean_shaven,L,SS,,0,,,52,51,85,56,51,50,50,51,48,51,,,,,,,,,,,,76,76,96,77,51,0,0,51,78,73,,,,,,,,,,,,False,,,0,,,,,,0,50,,speed
P4622,Cedric,Mitchell,2007-12-24,78,238,African,dark,black,clean_shaven,R,C,,0,,,50,56,48,51,48,53,55,50,52,51,,,,,,,,,,,,62,81,77,73,48,0,0,50,72,71,,,,,,,,,,,,False,,,0,,,,,,0,50,,power
P2345,Raul,Delgado,1992-12-22,74,193,Hispanic,medium,black,clean_shaven,R,P,,1,RP,CL,,,,,55,,,,49,53,49,50,54,50,53,0,0,67,0,0,0,,,,,0,,,,45,49,42,46,46,42,49,0,0,57,0,0,0,False,,,0,,,,,,0,50,closer,
P6052,Micah,Reichmann,1988-10-16,69,186,Anglo,light,black,mustache,R,P,,1,RP,SP,,,,,50,,,,52,50,51,51,53,51,50,59,0,59,0,0,0,,,,,0,,,,50,42,46,50,50,43,43,51,0,56,0,0,0,False,,,0,,,,,,0,50,workhorse_sp,
P8438,Alejandro,Flores,2000-12-06,69,179,Hispanic,medium,black,goatee,R,P,,1,RP,RP,,,,,56,,,,50,52,51,51,52,51,50,57,61,0,63,0,0,,,,,0,,,,55,65,66,64,56,63,64,67,73,0,77,0,0,False,,,0,,,,,,0,50,groundball_rp,
P4907,Carlos,Reyes,1991-11-25,72,193,Hispanic,medium,black,clean_shaven,R,P,,1,RP,SP,,,,,51,,,,50,51,50,52,54,49,50,0,61,61,0,55,0,,,,,0,,,,42,41,51,49,44,40,40,0,53,52,0,52,0,False,,,0,,,,,,0,50,power_sp,
P2723,Olen,Isaacsen,1993-01-25,73,184,Anglo,light,red,mustache,L,P,,1,RP,RP,,,,,48,,,,51,52,53,50,53,53,52,0,59,0,0,0,0,,,,,0,,,,44,48,44,43,43,47,50,0,59,0,0,0,0,False,,,0,,,,,,0,50,finesse_rp,
P7439,Dexter,Chirco,1987-03-11,72,215,Anglo,light,black,beard,R,P,,1,RP,SP,,,,,50,,,,49,53,50,52,52,50,54,0,63,61,57,58,0,,,,,0,,,,45,53,42,44,50,43,46,0,63,59,51,54,0,False,,,0,,,,,,0,50,power_sp,
P5866,Percy,Gaines,2005-02-05,73,250,African,dark,black,clean_shaven,L,P,,1,RP,SP,,,,,51,,,,48,49,52,53,52,52,52,60,59,61,60,0,0,,,,,0,,,,68,69,73,65,71,69,82,90,74,84,82,0,0,False,,,0,,,,,,0,50,balanced_sp,
P8813,Juan,Ramos,1994-11-01,71,190,Hispanic,medium,brown,clean_shaven,R,P,,1,RP,SP,,,,,47,,,,48,50,51,50,53,48,54,0,62,58,61,0,0,,,,,0,,,,48,52,45,58,50,51,57,0,62,58,62,0,0,False,,,0,,,,,,0,50,power_sp,
P9435,Dustin,Romero,1995-08-09,72,210,Anglo,light,blonde,beard,S,P,,1,RP,SP,,,,,50,,,,49,50,49,52,52,49,50,60,61,61,0,0,0,,,,,0,,,,46,54,50,54,51,47,48,64,56,59,0,0,0,False,,,0,,,,,,0,50,balanced_sp,
P8190,Cedric,Taylor,1999-06-03,77,172,African,dark,black,beard,R,P,,1,RP,SP,,,,,52,,,,51,48,52,50,52,52,53,59,59,0,0,0,0,,,,,0,,,,66,54,59,60,67,67,67,66,71,0,0,0,0,False,,,0,,,,,,0,50,finesse_sp,
P7764,Enoch,Vielle,1991-08-08,75,250,Anglo,light,brown,clean_shaven,L,P,,1,RP,SP,,,,,52,,,,51,53,54,50,52,49,52,0,60,60,0,0,0,,,,,0,,,,44,48,43,49,45,43,51,0,54,55,0,0,0,False,,,0,,,,,,0,50,power_sp,
P1052,Zachery,Greet,1998-07-10,70,204,Anglo,medium,black,mustache,L,C,,0,,,61,50,51,54,52,50,47,49,52,50,,,,,,,,,,,,73,59,58,69,52,0,0,49,67,61,,,,,,,,,,,,False,,,0,,,,,,0,50,,spray
P2577,Darnell,Wright,1989-03-23,69,226,African,dark,black,clean_shaven,S,1B,,0,,,51,55,50,49,49,52,50,53,50,51,,,,,,,,,,,,50,45,50,45,49,0,0,53,42,41,,,,,,,,,,,,False,,,0,,,,,,0,50,,balanced
P3221,Raul,Flores,2001-05-17,75,164,Hispanic,medium,brown,clean_shaven,R,2B,,0,,,51,53,48,52,52,49,58,48,48,49,,,,,,,,,,,,65,59,54,65,52,0,0,48,63,63,,,,,,,,,,,,False,,,0,,,,,,0,50,,balanced
P3840,Deshawn,Jefferson,2000-12-27,77,233,African,medium,black,mustache,R,3B,,0,,,50,48,70,52,51,51,56,53,52,49,,,,,,,,,,,,57,63,80,65,51,0,0,53,65,57,,,,,,,,,,,,False,,,0,,,,,,0,50,,speed
P4599,Cedric,Jackson,1988-05-07,74,223,African,light,black,goatee,R,SS,,0,,,57,48,53,54,49,49,57,51,51,48,,,,,,,,,,,,56,40,53,51,49,0,0,51,41,47,,,,,,,,,,,,False,,,0,,,,,,0,50,,spray
P1804,Deshawn,White,1996-01-18,71,234,African,dark,brown,clean_shaven,R,LF,,0,,,58,52,49,50,51,49,56,53,49,53,,,,,,,,,,,,59,54,54,52,51,0,0,53,47,51,,,,,,,,,,,,False,,,0,,,,,,0,50,,spray
P4469,Tyrone,Scott,1989-12-02,74,216,African,dark,brown,clean_shaven,L,CF,,0,,,51,47,50,51,51,52,44,49,51,50,,,,,,,,,,,,48,43,49,49,51,0,0,49,41,41,,,,,,,,,,,,False,,,0,,,,,,0,50,,average
P9246,Deshawn,King,1987-03-22,69,180,African,dark,brown,mustache,L,RF,,0,,,52,51,70,51,52,48,48,50,49,51,,,,,,,,,,,,50,49,64,41,52,0,0,50,44,50,,,,,,,,,,,,False,,,0,,,,,,0,50,,speed
P2808,Manuel,Castillo,1994-09-22,74,163,Hispanic,dark,red,goatee,L,CF,,0,,,50,46,70,51,50,50,50,51,48,49,,,,,,,,,,,,45,49,65,54,50,0,0,51,45,50,,,,,,,,,,,,False,,,0,,,,,,0,50,,speed
P4121,Marshall,Sidoti,1992-12-27,73,180,Anglo,medium,red,beard,R,C,,0,,,49,53,49,50,51,51,58,49,52,48,,,,,,,,,,,,44,46,49,46,51,0,0,49,47,41,,,,,,,,,,,,False,,,0,,,,,,0,50,,average
P4733,Antonio,Mendoza,1996-05-22,74,204,Hispanic,medium,black,mustache,R,RF,,0,,,48,51,50,49,52,50,55,51,50,48,,,,,,,,,,,,51,50,55,46,52,0,0,51,50,50,,,,,,,,,,,,False,,,0,,,,,,0,50,,average
P2623,Gayle,Lieb,1994-07-15,78,181,Anglo,light,brown,clean_shaven,L,1B,,0,,,49,53,52,49,50,51,46,50,49,51,,,,,,,,,,,,53,50,52,45,50,0,0,50,47,50,,,,,,,,,,,,False,,,0,,,,,,0,50,,balanced
P7718,Hector,Lopez,2004-11-05,70,190,Hispanic,medium,black,clean_shaven,R,LF,,0,,,52,50,48,51,53,50,57,51,52,52,,,,,,,,,,,,80,78,77,79,53,0,0,51,77,76,,,,,,,,,,,,False,,,0,,,,,,0,50,,balanced
P9386,Jermaine,Green,1992-10-10,70,184,African,light,brown,beard,R,3B,,0,,,50,50,49,51,48,48,56,51,51,50,,,,,,,,,,,,44,49,43,50,48,0,0,51,45,42,,,,,,,,,,,,False,,,0,,,,,,0,50,,gap
P3166,Xavier,Walker,1991-05-01,70,244,African,dark,black,clean_shaven,S,P,,1,RP,CL,,,,,55,,,,49,53,48,50,52,50,53,0,0,66,0,0,0,,,,,0,,,,39,46,50,52,45,41,49,0,0,63,0,0,0,False,,,0,,,,,,0,50,closer,
P1149,Malik,Scott,2002-06-24,68,217,African,dark,black,clean_shaven,R,P,,1,RP,RP,,,,,52,,,,47,49,49,50,52,51,51,0,0,67,0,0,0,,,,,0,,,,56,61,59,64,62,66,61,0,0,77,0,0,0,False,,,0,,,,,,0,50,power_rp,
P3097,Hal,Chauncey,2000-03-30,74,162,Anglo,medium,black,clean_shaven,R,P,,1,RP,SP,,,,,53,,,,52,52,50,52,52,48,50,58,0,58,62,0,0,,,,,0,,,,59,58,67,63,65,62,58,67,0,71,70,0,0,False,,,0,,,,,,0,50,groundball_sp,
P9821,Deshawn,Harris,1995-04-07,75,240,African,dark,black,clean_shaven,R,P,,1,RP,SP,,,,,52,,,,50,51,51,52,54,53,52,61,63,0,0,54,0,,,,,0,,,,53,56,49,51,51,53,56,57,64,0,0,49,0,False,,,0,,,,,,0,50,finesse_sp,
P4539,Jermaine,Carter,1993-11-14,77,241,African,dark,black,clean_shaven,R,P,,1,RP,SP,,,,,47,,,,52,48,51,52,52,52,52,61,60,0,55,55,0,,,,,0,,,,44,40,49,52,45,52,47,53,57,0,50,50,0,False,,,0,,,,,,0,50,finesse_sp,
P4176,Malik,Gaines,1990-02-13,78,178,African,dark,black,beard,R,P,,1,RP,RP,,,,,54,,,,49,53,52,50,53,50,52,0,60,66,64,0,0,,,,,0,,,,45,51,49,44,43,46,48,0,60,64,57,0,0,False,,,0,,,,,,0,50,groundball_rp,
P1977,Hector,Reyes,1996-09-14,73,203,Hispanic,medium,black,clean_shaven,R,P,,1,RP,SP,,,,,50,,,,49,51,50,50,52,52,50,62,59,61,0,57,0,,,,,0,,,,48,52,52,51,48,51,48,61,59,58,0,59,0,False,,,0,,,,,,0,50,balanced_sp,
P6348,Darnell,Scott,1988-03-19,68,165,African,dark,black,mustache,R,C,,0,,,53,65,50,50,47,54,57,49,52,50,,,,,,,,,,,,46,58,50,48,47,0,0,49,48,50,,,,,,,,,,,,False,,,0,,,,,,0,50,,power
P6584,Tyrone,Washington,1988-07-08,73,194,African,medium,black,beard,R,2B,,0,,,54,48,76,55,53,46,56,51,53,51,,,,,,,,,,,,52,44,72,55,53,0,0,51,51,46,,,,,,,,,,,,False,,,0,,,,,,0,50,,speed
P3808,Darnell,Robinson,1989-02-03,68,241,African,dark,black,clean_shaven,R,SS,,0,,,52,60,53,49,51,52,59,52,50,48,,,,,,,,,,,,52,55,53,39,51,0,0,52,45,42,,,,,,,,,,,,False,,,0,,,,,,0,50,,power
P7806,Darnell,Carter,1996-11-22,75,229,African,dark,black,goatee,L,CF,,0,,,50,53,49,51,52,51,48,51,50,53,,,,,,,,,,,,51,51,46,48,52,0,0,51,49,51,,,,,,,,,,,,False,,,0,,,,,,0,50,,balanced
P5806,Jamal,Carter,1996-06-05,78,184,African,dark,black,beard,L,1B,,0,,,50,52,48,50,50,53,48,53,50,49,,,,,,,,,,,,45,57,45,47,50,0,0,53,55,46,,,,,,,,,,,,False,,,0,,,,,,0,50,,average
P2303,Antonio,Martinez,1997-02-22,70,240,Hispanic,medium,black,clean_shaven,R,SS,,0,,,52,49,52,51,52,49,56,51,52,50,,,,,,,,,,,,51,53,52,56,52,0,0,51,54,54,,,,,,,,,,,,False,,,0,,,,,,0,50,,balanced
P3136,Hector,Vasquez,2004-06-05,76,161,Hispanic,medium,black,clean_shaven,R,2B,,0,,,52,63,51,51,51,53,56,48,51,51,,,,,,,,,,,,63,90,63,72,51,0,0,48,62,64,,,,,,,,,,,,False,,,0,,,,,,0,50,,power
P1265,Jerald,Kut,2002-12-31,78,222,Anglo,light,black,clean_shaven,R,1B,,0,,,50,60,48,49,48,50,53,49,50,50,,,,,,,,,,,,55,73,60,60,48,0,0,49,56,61,,,,,,,,,,,,False,,,0,,,,,,0,50,,power
P9263,Van,Servedio,2004-10-14,68,220,Anglo,light,brown,clean_shaven,L,P,,1,RP,CL,,,,,55,,,,52,53,48,50,54,49,53,56,60,66,0,0,0,,,,,0,,,,73,70,65,65,70,79,64,78,90,86,0,0,0,False,,,0,,,,,,0,50,closer,
P2549,Roberto,Morales,2004-06-30,75,176,Hispanic,light,black,clean_shaven,R,P,,1,RP,SP,,,,,52,,,,51,49,54,54,54,51,51,62,59,0,58,55,0,,,,,0,,,,74,73,66,83,71,65,65,92,88,0,68,82,0,False,,,0,,,,,,0,50,finesse_sp,
P4873,Leroy,Robinson,2008-01-25,69,201,African,dark,black,clean_shaven,S,P,,1,RP,SP,,,,,54,,,,50,50,50,50,53,51,53,0,58,59,57,0,0,,,,,0,,,,73,72,79,63,71,81,66,0,86,84,74,0,0,False,,,0,,,,,,0,50,groundball_sp,
P4386,Jamal,Jefferson,2007-03-02,71,169,African,dark,black,clean_shaven,R,P,,1,RP,SP,,,,,48,,,,50,54,52,50,53,53,53,0,63,60,56,0,0,,,,,0,,,,80,67,60,64,75,74,65,0,81,79,80,0,0,False,,,0,,,,,,0,50,power_sp,
P1668,Anthony,Gouthier,2007-08-04,76,167,Anglo,medium,blonde,clean_shaven,R,P,,1,RP,RP,,,,,49,,,,52,51,53,50,52,53,51,0,63,64,0,0,0,,,,,0,,,,82,68,68,69,63,77,64,0,75,75,0,0,0,False,,,0,,,,,,0,50,power_rp,
P4122,Roberto,Garcia,2006-08-24,71,168,Hispanic,light,brown,clean_shaven,R,3B,RF,0,,,51,50,51,51,49,49,57,48,50,48,,,,,,,,,,,,67,61,67,76,49,0,0,48,72,58,,,,,,,,,,,,False,,,0,,,,,,0,50,,balanced
P3593,Tom,Vlach,2004-04-15,68,225,Anglo,medium,brown,clean_shaven,L,CF,,0,,,51,54,52,51,47,51,46,49,48,51,,,,,,,,,,,,72,84,71,61,47,0,0,49,77,61,,,,,,,,,,,,False,,,0,,,,,,0,50,,gap
P8492,Fernando,Torres,2004-09-19,69,241,Hispanic,dark,black,clean_shaven,R,LF,,0,,,64,53,50,53,50,49,56,52,49,50,,,,,,,,,,,,85,74,79,81,50,0,0,52,69,79,,,,,,,,,,,,False,,,0,,,,,,0,50,,spray
P7548,Russell,Read,2005-11-15,70,249,Anglo,light,red,clean_shaven,R,LF,,0,,,53,52,49,50,51,52,56,52,50,51,,,,,,,,,,,,79,67,74,61,51,0,0,52,75,73,,,,,,,,,,,,False,,,0,,,,,,0,50,,average
P6996,Deshawn,Scott,2005-11-18,68,168,African,dark,black,clean_shaven,R,C,,0,,,52,59,52,51,47,50,57,52,50,50,,,,,,,,,,,,82,71,68,72,47,0,0,52,72,78,,,,,,,,,,,,False,,,0,,,,,,0,50,,power
P2482,Roberto,Cruz,1991-09-20,76,179,Hispanic,dark,black,goatee,R,P,,1,RP,CL,,,,,55,,,,51,52,47,52,53,49,54,57,59,65,0,0,0,,,,,0,,,,49,42,45,50,47,46,54,56,56,57,0,0,0,False,,,0,,,,,,0,50,closer,
P4341,Malik,King,1994-06-19,78,234,African,dark,black,clean_shaven,S,P,,1,RP,RP,,,,,55,,,,52,52,52,52,52,53,49,58,0,67,61,0,0,,,,,0,,,,53,57,48,48,53,57,45,60,0,65,60,0,0,False,,,0,,,,,,0,50,groundball_rp,
P2744,Edwardo,Priore,1989-10-16,73,217,Anglo,light,blonde,mustache,L,P,,1,RP,SP,,,,,50,,,,48,50,50,52,53,50,49,59,60,57,0,0,0,,,,,0,,,,46,41,42,53,44,46,43,49,50,53,0,0,0,False,,,0,,,,,,0,50,finesse_sp,
P3594,Anton,Wraight,1988-10-03,78,229,Anglo,light,brown,clean_shaven,S,P,,1,RP,RP,,,,,57,,,,49,51,48,51,54,50,53,0,0,0,63,0,0,,,,,0,,,,48,46,46,52,39,45,46,0,0,0,57,0,0,False,,,0,,,,,,0,50,groundball_rp,
P5395,Donny,Cassity,1994-05-06,77,237,Anglo,light,blonde,clean_shaven,R,P,,1,RP,SP,,,,,49,,,,48,49,52,50,52,49,52,59,62,59,0,54,0,,,,,0,,,,45,50,49,54,51,47,47,56,67,63,0,57,0,False,,,0,,,,,,0,50,balanced_sp,
P8611,Mose,Hadson,1989-09-17,70,248,Anglo,dark,black,clean_shaven,R,P,,1,RP,SP,,,,,49,,,,50,48,52,50,52,52,50,60,63,62,57,0,0,,,,,0,,,,41,41,50,51,50,48,44,59,59,53,47,0,0,False,,,0,,,,,,0,50,workhorse_sp,
P5376,Reinaldo,Pilgreen,1999-11-24,68,192,Anglo,light,brown,clean_shaven,L,P,,1,RP,SP,,,,,49,,,,51,50,52,50,52,52,54,0,63,62,0,0,0,,,,,0,,,,63,62,58,57,58,64,69,0,71,76,0,0,0,False,,,0,,,,,,0,50,power_sp,
P7657,Ricardo,Sanchez,2000-06-11,68,164,Hispanic,light,black,clean_shaven,S,P,,1,RP,SP,,,,,51,,,,49,50,50,51,52,50,52,61,62,58,0,54,0,,,,,0,,,,63,61,61,60,57,57,60,72,67,70,0,66,0,False,,,0,,,,,,0,50,power_sp,
P8419,Rufus,Jackson,1994-05-31,71,167,African,medium,brown,clean_shaven,R,P,,1,RP,RP,,,,,53,,,,49,51,49,53,52,49,49,57,61,0,62,0,0,,,,,0,,,,49,50,55,54,52,50,47,52,59,0,66,0,0,False,,,0,,,,,,0,50,finesse_rp,
P5348,Xavier,Mitchell,1987-11-15,69,239,African,dark,black,clean_shaven,L,P,,1,RP,SP,,,,,51,,,,49,49,52,52,52,52,51,58,59,0,0,0,0,,,,,0,,,,41,47,52,50,46,42,42,58,49,0,0,0,0,False,,,0,,,,,,0,50,balanced_sp,
P2435,Trinidad,Brownsberger,2003-04-12,69,204,Anglo,light,black,beard,S,P,,1,RP,SP,,,,,49,,,,51,50,51,52,52,48,55,0,61,61,60,53,0,,,,,0,,,,61,64,62,67,58,54,70,0,69,66,66,62,0,False,,,0,,,,,,0,50,power_sp,
P5670,Pedro,Reyes,1995-09-05,78,224,Hispanic,light,blonde,mustache,R,C,,0,,,49,53,51,51,52,53,56,52,49,52,,,,,,,,,,,,45,56,52,52,52,0,0,52,53,48,,,,,,,,,,,,False,,,0,,,,,,0,50,,balanced
P9254,Luis,Garcia,1990-11-22,73,208,Hispanic,medium,black,mustache,R,1B,,0,,,52,56,49,52,49,50,53,52,48,49,,,,,,,,,,,,52,51,42,42,49,0,0,52,39,46,,,,,,,,,,,,False,,,0,,,,,,0,50,,gap
P9647,Keith,Postuci,1991-09-23,78,181,Anglo,light,red,clean_shaven,R,2B,,0,,,52,50,50,53,49,49,59,49,50,51,,,,,,,,,,,,47,47,46,53,49,0,0,49,46,45,,,,,,,,,,,,False,,,0,,,,,,0,50,,average
P5357,Fernando,Martinez,2000-03-31,70,172,Hispanic,medium,black,goatee,R,3B,,0,,,52,50,51,52,47,51,58,51,52,52,,,,,,,,,,,,57,65,62,66,47,0,0,51,65,65,,,,,,,,,,,,False,,,0,,,,,,0,50,,average
P3995,Tyrone,Young,1997-07-28,78,181,African,dark,brown,clean_shaven,R,SS,,0,,,59,49,50,51,50,46,58,51,49,48,,,,,,,,,,,,55,48,47,51,50,0,0,51,53,49,,,,,,,,,,,,False,,,0,,,,,,0,50,,spray
P8320,Raul,Gomez,2000-11-28,78,247,Hispanic,medium,blonde,mustache,L,LF,,0,,,50,51,53,51,51,52,50,53,52,50,,,,,,,,,,,,65,57,62,57,51,0,0,53,67,62,,,,,,,,,,,,False,,,0,,,,,,0,50,,gap
P9850,Tyrone,Wright,2002-07-18,77,234,African,medium,brown,goatee,S,CF,,0,,,52,48,70,51,50,50,49,50,50,49,,,,,,,,,,,,60,56,79,63,50,0,0,50,62,60,,,,,,,,,,,,False,,,0,,,,,,0,50,,speed
P5160,Gregorio,Cadle,1995-05-03,68,165,Anglo,light,black,clean_shaven,R,RF,,0,,,51,49,49,52,52,51,58,51,48,52,,,,,,,,,,,,53,44,44,55,52,0,0,51,45,57,,,,,,,,,,,,False,,,0,,,,,,0,50,,average
P4550,Percy,Allen,1992-05-01,68,227,African,dark,brown,beard,S,SS,,0,,,51,47,79,54,53,48,52,50,53,48,,,,,,,,,,,,46,44,71,54,53,0,0,50,43,47,,,,,,,,,,,,False,,,0,,,,,,0,50,,speed
P9099,Leroy,Young,2000-09-13,73,248,African,dark,black,mustache,R,2B,,0,,,57,52,49,53,48,49,56,49,51,52,,,,,,,,,,,,65,57,60,67,48,0,0,49,56,59,,,,,,,,,,,,False,,,0,,,,,,0,50,,gap
P8310,Glenn,Klaja,2001-04-23,76,173,Anglo,light,blonde,goatee,S,1B,,0,,,48,53,50,48,52,53,47,50,48,50,,,,,,,,,,,,60,66,57,54,52,0,0,50,56,64,,,,,,,,,,,,False,,,0,,,,,,0,50,,balanced
P6850,Hector,Martinez,1991-03-02,77,195,Hispanic,medium,black,mustache,R,C,1B,0,,,50,53,47,52,51,49,56,51,53,50,,,,,,,,,,,,40,44,37,48,51,0,0,51,53,45,,,,,,,,,,,,False,,,0,,,,,,0,50,,average
P7559,Percy,Mitchell,1991-09-13,75,190,African,dark,black,mustache,R,RF,,0,,,63,58,51,53,49,52,50,49,52,51,,,,,,,,,,,,55,55,47,45,49,0,0,49,52,45,,,,,,,,,,,,False,,,0,,,,,,0,50,,gap
P3740,Jamal,Jackson,2001-12-28,74,215,African,dark,black,clean_shaven,L,C,,0,,,52,59,49,51,49,51,49,49,52,51,,,,,,,,,,,,67,66,63,58,49,0,0,49,58,65,,,,,,,,,,,,False,,,0,,,,,,0,50,,power
P3051,Malik,Allen,1989-10-27,74,238,African,dark,brown,mustache,S,P,,1,RP,CL,,,,,55,,,,48,51,48,50,54,51,52,0,0,65,0,0,0,,,,,0,,,,42,50,41,46,38,46,50,0,0,60,0,0,0,False,,,0,,,,,,0,50,closer,
P8710,Antonia,Eliezrie,2000-09-05,78,163,Anglo,medium,brown,clean_shaven,L,P,,1,RP,SP,,,,,51,,,,48,49,53,51,54,49,51,61,62,62,0,54,0,,,,,0,,,,56,54,65,69,67,63,65,76,72,76,0,68,0,False,,,0,,,,,,0,50,balanced_sp,
P4440,Manuel,Rodriguez,1999-01-12,72,248,Hispanic,medium,brown,clean_shaven,L,P,,1,RP,RP,,,,,49,,,,50,53,52,51,52,51,52,0,0,66,0,0,0,,,,,0,,,,60,67,56,58,64,61,60,0,0,73,0,0,0,False,,,0,,,,,,0,50,power_rp,
P9663,Jamal,Green,2000-03-16,73,183,African,dark,black,beard,L,P,,1,RP,RP,,,,,51,,,,49,52,52,51,52,50,48,61,0,0,0,0,0,,,,,0,,,,55,67,58,57,65,63,63,69,0,0,0,0,0,False,,,0,,,,,,0,50,finesse_rp,
P3533,Cedric,Harris,1998-06-26,78,197,African,dark,black,clean_shaven,R,P,,1,RP,RP,,,,,51,,,,48,49,49,54,53,53,52,0,63,0,0,0,0,,,,,0,,,,54,56,61,64,54,66,59,0,78,0,0,0,0,False,,,0,,,,,,0,50,finesse_rp,
P6132,Rigoberto,Minert,2000-10-29,72,202,Anglo,medium,brown,beard,S,P,,1,RP,SP,,,,,48,,,,50,53,53,51,52,52,56,0,61,61,0,0,0,,,,,0,,,,57,65,64,66,60,67,62,0,72,75,0,0,0,False,,,0,,,,,,0,50,power_sp,
P2201,Shawn,Peralto,1987-06-07,72,229,Anglo,light,black,clean_shaven,L,P,,1,RP,RP,,,,,55,,,,51,53,48,50,52,50,53,0,62,65,60,0,0,,,,,0,,,,48,52,44,46,43,50,50,0,56,58,60,0,0,False,,,0,,,,,,0,50,groundball_rp,
P6246,Pedro,Martinez,2000-10-07,76,167,Hispanic,dark,blonde,clean_shaven,R,LF,,0,,,52,53,75,53,49,52,59,51,53,51,,,,,,,,,,,,59,66,87,60,49,0,0,51,66,66,,,,,,,,,,,,False,,,0,,,,,,0,50,,speed
P9760,Fernando,Castillo,1992-06-29,75,189,Hispanic,dark,brown,beard,R,3B,LF,0,,,52,51,52,50,51,52,58,50,52,51,,,,,,,,,,,,47,48,46,42,51,0,0,50,51,46,,,,,,,,,,,,False,,,0,,,,,,0,50,,balanced
P3841,Scott,Bourgois,1994-05-08,72,198,Anglo,light,red,clean_shaven,R,C,,0,,,59,52,49,53,53,50,58,51,51,48,,,,,,,,,,,,58,53,47,49,53,0,0,51,46,45,,,,,,,,,,,,False,,,0,,,,,,0,50,,spray
P8473,Doyle,Camerena,1996-06-23,74,231,Anglo,dark,brown,mustache,L,RF,,0,,,53,60,51,52,47,54,42,50,49,50,,,,,,,,,,,,57,57,51,56,47,0,0,50,53,45,,,,,,,,,,,,False,,,0,,,,,,0,50,,power
P7554,Kerry,Demer,1990-06-01,69,165,Anglo,medium,black,clean_shaven,S,SS,,0,,,51,49,53,50,52,48,55,50,48,51,,,,,,,,,,,,42,45,45,48,52,0,0,50,46,42,,,,,,,,,,,,False,,,0,,,,,,0,50,,average
P3274,Asa,Marchell,1989-04-17,75,236,Anglo,medium,black,mustache,L,1B,,0,,,50,61,52,49,49,53,45,49,53,49,,,,,,,,,,,,40,53,51,49,49,0,0,49,51,39,,,,,,,,,,,,False,,,0,,,,,,0,50,,power
P6131,Antonio,Hernandez,2003-06-06,78,180,Hispanic,medium,black,goatee,R,SS,,0,,,54,47,72,53,49,51,59,50,51,49,,,,,,,,,,,,61,55,83,66,49,0,0,50,60,56,,,,,,,,,,,,False,,,0,,,,,,0,50,,speed
P6045,Quentin,Harker,2000-12-13,78,165,Anglo,medium,blonde,clean_shaven,R,1B,,0,,,52,61,48,50,48,54,56,52,52,49,,,,,,,,,,,,57,67,61,65,48,0,0,52,62,54,,,,,,,,,,,,False,,,0,,,,,,0,50,,power
P1974,Millard,Kappe,2006-06-17,78,167,Anglo,medium,brown,clean_shaven,L,P,,1,RP,CL,,,,,55,,,,51,53,52,50,52,50,55,60,62,67,0,0,0,,,,,0,,,,78,79,75,72,74,74,68,80,86,88,0,0,0,False,,,0,,,,,,0,50,closer,
P8886,Hector,Gomez,2005-06-15,76,245,Hispanic,medium,brown,goatee,L,P,,1,RP,SP,,,,,50,,,,48,53,54,50,52,48,52,0,64,58,60,0,0,,,,,0,,,,71,80,63,80,70,63,67,0,84,78,75,0,0,False,,,0,,,,,,0,50,power_sp,
P8373,Otto,Parlor,2006-07-01,77,238,Anglo,light,black,beard,S,P,,1,RP,SP,,,,,51,,,,52,51,51,51,52,50,51,57,61,59,62,0,0,,,,,0,,,,68,68,67,80,75,71,79,82,77,84,73,0,0,False,,,0,,,,,,0,50,groundball_sp,
P6115,Alvaro,Ketron,2007-03-14,70,249,Anglo,light,brown,clean_shaven,R,P,,1,RP,RP,,,,,55,,,,51,51,51,53,52,53,51,56,0,0,63,0,0,,,,,0,,,,77,65,68,81,68,81,76,74,0,0,87,0,0,False,,,0,,,,,,0,50,groundball_rp,
P2748,Rafael,Rodriguez,2006-11-05,68,248,Hispanic,medium,blonde,clean_shaven,R,P,,1,RP,SP,,,,,48,,,,53,51,51,50,52,51,53,60,61,61,0,0,0,,,,,0,,,,66,67,74,80,64,77,64,82,72,91,0,0,0,False,,,0,,,,,,0,50,finesse_sp,
P8341,Roderick,Grieb,2005-06-14,72,234,Anglo,light,black,clean_shaven,R,RF,LF,0,,,57,49,51,53,53,47,56,49,51,49,,,,,,,,,,,,84,65,75,79,53,0,0,49,67,63,,,,,,,,,,,,False,,,0,,,,,,0,50,,spray
P1978,Benjamin,Jeffris,2006-04-12,74,196,Anglo,medium,brown,clean_shaven,R,RF,,0,,,52,48,52,51,52,48,57,50,48,53,,,,,,,,,,,,78,58,78,64,52,0,0,50,59,78,,,,,,,,,,,,False,,,0,,,,,,0,50,,average
P8774,Cyrus,Humpal,2004-03-02,71,250,Anglo,light,blonde,clean_shaven,L,SS,,0,,,53,51,51,50,49,48,48,50,47,52,,,,,,,,,,,,76,70,69,63,49,0,0,50,67,74,,,,,,,,,,,,False,,,0,,,,,,0,50,,average
P4093,Francisco,Delgado,2004-10-03,75,236,Hispanic,dark,blonde,clean_shaven,R,C,,0,,,63,51,52,51,51,49,56,50,51,51,,,,,,,,,,,,87,65,62,76,51,0,0,50,78,76,,,,,,,,,,,,False,,,0,,,,,,0,50,,spray
P7071,Ricardo,Diaz,2006-12-19,70,160,Hispanic,light,black,clean_shaven,R,LF,,0,,,62,53,53,52,49,49,58,50,49,53,,,,,,,,,,,,86,81,70,71,49,0,0,50,71,79,,,,,,,,,,,,False,,,0,,,,,,0,50,,spray
P9584,Jorge,Martinez,1996-12-29,71,237,Hispanic,medium,brown,clean_shaven,R,P,,1,RP,CL,,,,,55,,,,50,54,48,50,52,50,54,0,60,65,0,0,0,,,,,0,,,,47,55,51,48,45,49,59,0,56,61,0,0,0,False,,,0,,,,,,0,50,closer,
P4488,Fausto,Runions,1996-01-18,70,247,Anglo,light,blonde,mustache,L,P,,1,RP,LR,,,,,53,,,,48,51,53,50,52,50,50,0,60,0,0,0,0,,,,,0,,,,46,51,46,57,51,46,54,0,62,0,0,0,0,False,,,0,,,,,,0,50,long_relief,
P3878,Felton,Wach,2004-05-02,76,237,Anglo,dark,blonde,clean_shaven,R,P,,1,RP,RP,,,,,50,,,,49,50,49,50,53,49,54,0,63,0,0,0,0,,,,,0,,,,77,76,73,69,63,67,80,0,89,0,0,0,0,False,,,0,,,,,,0,50,power_rp,
P6856,Ricky,Barbarin,2000-11-09,78,165,Anglo,light,brown,beard,R,P,,1,RP,SP,,,,,49,,,,50,50,51,51,53,51,49,57,0,61,58,0,0,,,,,0,,,,65,65,62,68,65,58,62,64,0,66,70,0,0,False,,,0,,,,,,0,50,groundball_sp,
P1740,Len,Lesa,1990-05-11,75,206,Anglo,medium,blonde,clean_shaven,L,P,,1,RP,RP,,,,,52,,,,49,49,50,52,52,50,51,62,61,0,61,0,0,,,,,0,,,,48,42,44,44,45,42,44,56,53,0,51,0,0,False,,,0,,,,,,0,50,finesse_rp,
P3473,Fausto,Cummer,1991-01-20,71,202,Anglo,medium,red,clean_shaven,R,P,,1,RP,SP,,,,,52,,,,52,53,50,52,52,50,52,59,59,0,0,0,0,,,,,0,,,,49,48,47,44,41,48,44,55,50,0,0,0,0,False,,,0,,,,,,0,50,balanced_sp,
P7331,Miguel,Rodriguez,1995-09-26,75,181,Hispanic,dark,black,beard,R,P,,1,RP,SP,,,,,49,,,,52,49,54,51,52,51,53,63,60,0,0,0,0,,,,,0,,,,48,48,51,48,55,52,48,67,55,0,0,0,0,False,,,0,,,,,,0,50,workhorse_sp,
P1592,Fredrick,Schneidtmille,1988-02-22,73,184,Anglo,medium,black,clean_shaven,L,P,,1,RP,RP,,,,,56,,,,51,50,52,52,52,52,50,59,0,0,61,0,0,,,,,0,,,,50,41,44,42,45,48,40,57,0,0,60,0,0,False,,,0,,,,,,0,50,groundball_rp,
P5111,Terence,Sossamon,2001-11-04,73,178,Anglo,light,red,clean_shaven,R,P,,1,RP,SP,,,,,53,,,,51,48,50,52,52,49,52,60,0,60,60,0,0,,,,,0,,,,57,59,57,63,59,57,61,67,0,75,71,0,0,False,,,0,,,,,,0,50,groundball_sp,
P6936,Rafael,Cruz,1997-03-04,70,242,Hispanic,dark,black,goatee,R,P,,1,RP,SP,,,,,53,,,,48,50,50,51,53,52,50,62,60,62,0,56,0,,,,,0,,,,49,53,47,57,51,49,45,67,59,58,0,55,0,False,,,0,,,,,,0,50,workhorse_sp,
P2724,Jude,Scharf,2005-02-20,74,220,Anglo,medium,brown,clean_shaven,R,P,,1,RP,SP,,,,,52,,,,50,47,51,51,52,49,52,59,61,0,0,56,0,,,,,0,,,,77,59,61,81,63,79,74,71,76,0,0,84,0,False,,,0,,,,,,0,50,finesse_sp,
P8598,Jose,Cruz,2003-05-01,74,230,Hispanic,medium,brown,clean_shaven,R,C,,0,,,59,52,51,52,53,47,57,49,53,49,,,,,,,,,,,,64,63,58,62,53,0,0,49,68,63,,,,,,,,,,,,False,,,0,,,,,,0,50,,spray
P9208,Fernando,Cruz,2000-06-21,72,160,Hispanic,light,black,clean_shaven,R,1B,,0,,,49,58,50,50,51,53,55,52,49,50,,,,,,,,,,,,61,66,59,62,51,0,0,52,64,60,,,,,,,,,,,,False,,,0,,,,,,0,50,,power
P5050,Eduardo,Morales,2001-06-18,74,168,Hispanic,medium,black,clean_shaven,R,2B,,0,,,50,51,49,51,49,48,58,50,49,50,,,,,,,,,,,,63,57,59,59,49,0,0,50,63,60,,,,,,,,,,,,False,,,0,,,,,,0,50,,balanced
P4214,Roderick,Kodama,2003-07-19,71,221,Anglo,medium,brown,beard,S,3B,,0,,,49,50,52,51,51,52,55,48,51,51,,,,,,,,,,,,58,58,59,57,51,0,0,48,57,56,,,,,,,,,,,,False,,,0,,,,,,0,50,,average
P2121,Raul,Mendoza,1992-02-01,71,233,Hispanic,medium,brown,clean_shaven,R,SS,,0,,,61,53,69,53,51,47,58,52,52,53,,,,,,,,,,,,59,49,63,48,51,0,0,52,48,43,,,,,,,,,,,,False,,,0,,,,,,0,50,,spray
P1399,Santiago,Dusky,1992-03-15,71,161,Anglo,light,brown,clean_shaven,R,LF,,0,,,52,60,48,50,50,49,59,52,50,50,,,,,,,,,,,,50,58,38,42,50,0,0,52,48,47,,,,,,,,,,,,False,,,0,,,,,,0,50,,power
P5706,Emerson,Mcgraff,1987-03-20,72,197,Anglo,medium,red,goatee,R,CF,,0,,,50,50,49,49,49,51,55,50,48,52,,,,,,,,,,,,44,46,39,39,49,0,0,50,45,45,,,,,,,,,,,,False,,,0,,,,,,0,50,,average
P4521,Hector,Sanchez,1990-10-27,70,163,Hispanic,light,brown,mustache,L,RF,3B,0,,,52,63,47,51,48,52,48,52,49,52,,,,,,,,,,,,52,62,44,49,48,0,0,52,49,47,,,,,,,,,,,,False,,,0,,,,,,0,50,,power
P9203,Kevin,Saxena,2003-09-16,69,231,Anglo,light,red,goatee,R,CF,,0,,,52,51,50,50,50,53,50,47,52,49,,,,,,,,,,,,62,65,55,57,50,0,0,47,66,62,,,,,,,,,,,,False,,,0,,,,,,0,50,,average
P4802,Lorenzo,Unkn,1998-10-09,69,229,Anglo,light,brown,clean_shaven,S,CF,,0,,,50,49,70,51,53,51,48,52,47,50,,,,,,,,,,,,62,64,83,63,53,0,0,52,58,55,,,,,,,,,,,,False,,,0,,,,,,0,50,,speed
P9578,Jorge,Gonzalez,1998-12-02,69,197,Hispanic,light,brown,clean_shaven,S,3B,,0,,,57,50,50,52,51,47,55,52,48,49,,,,,,,,,,,,70,64,56,61,51,0,0,52,57,56,,,,,,,,,,,,False,,,0,,,,,,0,50,,spray
P1425,Jose,Gonzalez,1989-06-15,73,184,Hispanic,medium,brown,mustache,L,LF,,0,,,52,59,50,51,47,54,47,51,49,51,,,,,,,,,,,,50,59,44,46,47,0,0,51,47,49,,,,,,,,,,,,False,,,0,,,,,,0,50,,power
P9294,Lynn,Orrego,1995-07-09,71,235,Anglo,light,blonde,clean_shaven,R,C,,0,,,58,51,51,50,51,48,55,52,53,51,,,,,,,,,,,,60,46,56,51,51,0,0,52,56,53,,,,,,,,,,,,False,,,0,,,,,,0,50,,spray
P2793,Raul,Diaz,1989-09-30,76,189,Hispanic,medium,blonde,clean_shaven,R,1B,,0,,,56,56,53,51,48,49,56,53,49,49,,,,,,,,,,,,54,50,43,42,48,0,0,53,41,39,,,,,,,,,,,,False,,,0,,,,,,0,50,,gap
P1734,Manuel,Torres,2002-07-29,69,180,Hispanic,medium,brown,clean_shaven,S,P,,1,RP,CL,,,,,55,,,,53,52,50,52,54,50,53,56,60,67,0,0,0,,,,,0,,,,60,61,62,67,64,62,65,71,66,82,0,0,0,False,,,0,,,,,,0,50,closer,
P7594,Fernando,Reyes,1996-10-06,75,200,Hispanic,medium,black,clean_shaven,R,P,,1,RP,RP,,,,,50,,,,50,50,52,52,52,49,54,0,60,0,0,0,0,,,,,0,,,,45,53,52,50,51,46,49,0,55,0,0,0,0,False,,,0,,,,,,0,50,power_rp,
P5624,Luis,Diaz,1993-03-23,75,196,Hispanic,medium,black,goatee,R,P,,1,RP,CL,,,,,48,,,,50,51,47,52,52,50,54,0,62,65,0,0,0,,,,,0,,,,50,44,49,46,38,41,53,0,57,65,0,0,0,False,,,0,,,,,,0,50,closer,
P3480,Francisco,Rodriguez,2000-11-15,77,195,Hispanic,medium,blonde,clean_shaven,S,P,,1,RP,SP,,,,,48,,,,52,53,51,50,52,52,52,60,63,59,0,0,0,,,,,0,,,,57,60,56,57,61,65,64,70,76,70,0,0,0,False,,,0,,,,,,0,50,workhorse_sp,
P2283,Jose,Vargas,2003-01-31,71,167,Hispanic,medium,black,clean_shaven,L,P,RF,1,RP,LR,,,,,54,,,,50,49,52,51,54,52,49,62,58,66,0,0,0,,,,,0,,,,55,57,60,69,62,60,58,73,67,72,0,0,0,False,,,0,,,,,,0,50,long_relief,
P9919,Hector,Flores,1999-03-16,75,164,Hispanic,dark,black,goatee,R,P,,1,RP,SP,,,,,48,,,,52,50,53,53,53,51,52,62,59,63,0,0,0,,,,,0,,,,65,64,66,67,68,64,67,75,65,74,0,0,0,False,,,0,,,,,,0,50,balanced_sp,
P6976,Roberto,Vargas,1997-09-12,78,171,Hispanic,light,brown,clean_shaven,L,P,,1,RP,RP,,,,,51,,,,49,51,50,50,52,52,51,0,59,0,0,0,0,,,,,0,,,,53,48,51,55,46,49,53,0,62,0,0,0,0,False,,,0,,,,,,0,50,finesse_rp,
P4450,Deandre,Eshlerman,1990-06-18,70,217,Anglo,light,black,clean_shaven,R,C,,0,,,53,51,51,49,51,49,60,50,49,53,,,,,,,,,,,,43,43,47,45,51,0,0,50,47,50,,,,,,,,,,,,False,,,0,,,,,,0,50,,average
P7545,Jerrold,Bemo,2004-12-02,74,175,Anglo,medium,red,clean_shaven,R,RF,,0,,,52,60,49,51,49,52,57,49,48,49,,,,,,,,,,,,70,79,79,61,49,0,0,49,74,72,,,,,,,,,,,,False,,,0,,,,,,0,50,,power
P4480,Galen,Marchuk,2004-04-18,76,200,Anglo,dark,blonde,mustache,R,C,,0,,,59,52,52,51,49,52,55,48,52,50,,,,,,,,,,,,69,67,70,62,49,0,0,48,66,71,,,,,,,,,,,,False,,,0,,,,,,0,50,,spray
P9570,Garth,Dispirito,2001-10-17,76,167,Anglo,medium,blonde,beard,S,1B,,0,,,52,65,51,50,47,52,49,49,50,50,,,,,,,,,,,,65,78,64,55,47,0,0,49,62,58,,,,,,,,,,,,False,,,0,,,,,,0,50,,power
P6010,Miguel,Gomez,1999-04-03,74,220,Hispanic,light,brown,clean_shaven,R,C,,0,,,51,52,49,52,53,50,58,53,50,48,,,,,,,,,,,,63,63,57,62,53,0,0,53,57,56,,,,,,,,,,,,False,,,0,,,,,,0,50,,balanced
P7831,Rayford,Hotelling,1991-10-03,75,207,Anglo,light,red,clean_shaven,R,2B,,0,,,55,48,49,52,49,50,56,49,52,49,,,,,,,,,,,,45,40,43,50,49,0,0,49,43,42,,,,,,,,,,,,False,,,0,,,,,,0,50,,balanced
P3799,Ulysses,Wassell,1988-06-26,68,163,Anglo,medium,black,goatee,R,3B,,0,,,48,50,52,50,49,51,57,52,50,52,,,,,,,,,,,,42,43,45,46,49,0,0,52,48,48,,,,,,,,,,,,False,,,0,,,,,,0,50,,average
P7499,Eduardo,Cruz,1987-09-09,76,197,Hispanic,light,blonde,goatee,L,RF,,0,,,54,47,70,53,50,48,48,48,49,49,,,,,,,,,,,,48,42,65,51,50,0,0,48,44,49,,,,,,,,,,,,False,,,0,,,,,,0,50,,speed
P9352,Jefferson,Constante,2004-04-14,74,243,Anglo,light,red,clean_shaven,R,P,,1,RP,CL,,,,,55,,,,49,53,52,52,52,49,55,0,61,66,0,0,0,,,,,0,,,,71,72,78,64,64,73,80,0,85,84,0,0,0,False,,,0,,,,,,0,50,closer,
P2226,James,Curro,2005-07-31,69,204,Anglo,light,blonde,clean_shaven,R,P,,1,RP,RP,,,,,50,,,,51,52,48,51,53,49,52,0,60,0,0,0,0,,,,,0,,,,75,80,80,69,73,59,74,0,86,0,0,0,0,False,,,0,,,,,,0,50,power_rp,
P2261,Merrill,Quilliam,2007-09-01,71,184,Anglo,medium,black,clean_shaven,L,P,,1,RP,SP,,,,,50,,,,49,54,53,51,52,52,52,0,63,61,56,0,0,,,,,0,,,,70,74,65,71,73,65,81,0,79,74,80,0,0,False,,,0,,,,,,0,50,power_sp,
P5732,Antonio,Vasquez,2004-05-22,75,231,Hispanic,medium,brown,clean_shaven,L,P,,1,RP,SP,,,,,49,,,,51,50,51,50,52,49,51,61,63,62,0,0,0,,,,,0,,,,78,63,75,78,74,72,73,89,74,76,0,0,0,False,,,0,,,,,,0,50,balanced_sp,
P8754,Shaun,Viessman,2006-04-10,70,184,Anglo,light,brown,clean_shaven,R,P,,1,RP,RP,,,,,48,,,,50,50,49,50,52,50,51,60,0,0,0,0,0,,,,,0,,,,66,72,63,71,60,80,64,77,0,0,0,0,0,False,,,0,,,,,,0,50,finesse_rp,
P1879,Luis,Ramirez,2006-05-23,77,215,Hispanic,medium,black,mustache,S,CF,,0,,,63,51,52,52,49,50,51,48,51,50,,,,,,,,,,,,73,75,71,63,49,0,0,48,79,75,,,,,,,,,,,,False,,,0,,,,,,0,50,,spray
P2093,Lamont,Mosqueda,2007-07-03,68,188,Anglo,dark,brown,clean_shaven,S,LF,,0,,,53,64,53,52,51,52,53,50,51,52,,,,,,,,,,,,72,83,82,66,51,0,0,50,63,78,,,,,,,,,,,,False,,,0,,,,,,0,50,,power
P9033,Numbers,Charest,2004-11-20,71,233,Anglo,medium,brown,clean_shaven,R,C,,0,,,49,63,47,50,48,54,56,49,49,50,,,,,,,,,,,,62,81,59,73,48,0,0,49,71,60,,,,,,,,,,,,False,,,0,,,,,,0,50,,power
P2532,Hunter,Chmura,2006-08-16,72,184,Anglo,dark,brown,clean_shaven,R,LF,,0,,,49,52,52,52,50,50,55,51,50,49,,,,,,,,,,,,77,74,74,80,50,0,0,51,70,68,,,,,,,,,,,,False,,,0,,,,,,0,50,,average
P1819,Alonzo,Strait,2005-09-20,74,235,Anglo,light,brown,clean_shaven,R,C,,0,,,52,52,50,51,50,52,60,52,51,52,,,,,,,,,,,,80,76,79,68,50,0,0,52,68,75,,,,,,,,,,,,False,,,0,,,,,,0,50,,balanced
P3319,Russ,Tomlinson,2001-02-13,71,215,Anglo,light,brown,clean_shaven,R,P,,1,RP,CL,,,,,55,,,,51,50,50,52,52,52,52,0,0,65,0,0,0,,,,,0,,,,63,63,67,62,65,64,57,0,0,71,0,0,0,False,,,0,,,,,,0,50,closer,
P5073,Abel,Bernhagen,1992-12-08,72,216,Anglo,medium,black,clean_shaven,R,P,,1,RP,SP,,,,,48,,,,48,54,52,50,52,49,54,59,62,59,58,0,0,,,,,0,,,,48,54,46,49,44,43,50,57,54,55,48,0,0,False,,,0,,,,,,0,50,power_sp,
P2322,Ricardo,Ortiz,1987-07-13,71,167,Hispanic,medium,brown,goatee,L,P,,1,RP,SP,,,,,48,,,,50,47,53,51,53,51,50,59,62,0,57,57,0,,,,,0,,,,47,44,46,43,52,48,41,53,56,0,56,53,0,False,,,0,,,,,,0,50,finesse_sp,
P3503,Pedro,Garcia,1989-08-02,76,182,Hispanic,medium,brown,beard,R,P,,1,RP,RP,,,,,49,,,,51,53,52,50,54,53,52,58,58,0,0,0,0,,,,,0,,,,43,47,49,47,46,48,49,57,49,0,0,0,0,False,,,0,,,,,,0,50,finesse_rp,
P5752,Florencio,Gizinski,1993-02-08,77,242,Anglo,medium,brown,beard,S,P,,1,RP,RP,,,,,53,,,,52,49,50,50,54,51,51,0,59,0,61,0,0,,,,,0,,,,43,48,41,49,44,49,48,0,53,0,52,0,0,False,,,0,,,,,,0,50,groundball_rp,
P5249,Pedro,Gomez,1991-03-23,75,215,Hispanic,medium,black,goatee,R,P,RF,1,RP,SP,,,,,50,,,,49,49,52,52,52,52,53,62,59,57,0,56,0,,,,,0,,,,46,47,46,50,46,51,50,58,54,52,0,56,0,False,,,0,,,,,,0,50,finesse_sp,
P4988,Margarito,Mako,1996-04-26,70,190,Anglo,medium,red,beard,L,P,,1,RP,RP,,,,,52,,,,51,54,49,50,53,51,53,60,60,66,0,0,0,,,,,0,,,,53,50,53,51,54,56,58,65,64,67,0,0,0,False,,,0,,,,,,0,50,power_rp,
P4307,Raul,Rivera,2000-09-05,72,192,Hispanic,medium,brown,goatee,R,P,,1,RP,SP,,,,,48,,,,51,51,50,51,54,51,53,61,63,0,54,57,0,,,,,0,,,,57,59,59,67,57,61,68,66,72,0,69,72,0,False,,,0,,,,,,0,50,finesse_sp,
P6685,Jorge,Lopez,2000-10-29,72,234,Hispanic,light,black,beard,R,P,,1,RP,SP,,,,,48,,,,52,52,51,50,52,50,54,59,64,62,57,0,0,,,,,0,,,,64,65,63,60,57,59,67,64,70,75,62,0,0,False,,,0,,,,,,0,50,power_sp,
P3300,Hector,Rodriguez,1994-10-01,78,223,Hispanic,light,black,beard,R,P,,1,RP,SP,,,,,48,,,,50,50,54,51,52,52,52,59,60,0,0,58,0,,,,,0,,,,54,46,48,48,58,52,53,59,58,0,0,56,0,False,,,0,,,,,,0,50,finesse_sp,
P2251,Salvatore,Jaeschke,1991-12-21,70,226,Anglo,medium,black,beard,R,P,,1,RP,SP,,,,,51,,,,51,51,54,51,52,50,53,59,60,61,58,0,0,,,,,0,,,,41,48,47,49,45,50,44,59,55,56,53,0,0,False,,,0,,,,,,0,50,balanced_sp,
P4378,Barton,Figuroa,1997-02-16,75,220,Anglo,light,brown,clean_shaven,R,C,,0,,,49,57,50,49,50,54,59,50,53,50,,,,,,,,,,,,54,56,51,45,50,0,0,50,58,49,,,,,,,,,,,,False,,,0,,,,,,0,50,,power
P7383,Dwain,Zoldesy,1995-01-28,70,160,Anglo,medium,blonde,beard,L,1B,,0,,,51,62,48,51,49,51,44,49,50,50,,,,,,,,,,,,53,58,52,48,49,0,0,49,45,49,,,,,,,,,,,,False,,,0,,,,,,0,50,,power
P9556,Juan,Martinez,2003-06-20,73,239,Hispanic,medium,brown,goatee,L,2B,,0,,,61,52,49,55,51,46,50,53,51,50,,,,,,,,,,,,70,60,59,61,51,0,0,53,58,55,,,,,,,,,,,,False,,,0,,,,,,0,50,,spray
P4750,Anderson,Wieben,1992-09-26,77,237,Anglo,light,brown,clean_shaven,R,3B,,0,,,57,47,53,50,51,47,56,48,50,49,,,,,,,,,,,,48,46,43,49,51,0,0,48,49,46,,,,,,,,,,,,False,,,0,,,,,,0,50,,spray
P4219,Juan,Diaz,1990-07-01,68,227,Hispanic,dark,brown,beard,S,SS,,0,,,53,53,50,51,47,47,57,51,52,49,,,,,,,,,,,,49,46,43,42,47,0,0,51,49,44,,,,,,,,,,,,False,,,0,,,,,,0,50,,gap
P6988,Jorge,Reyes,1992-03-07,68,250,Hispanic,medium,black,clean_shaven,R,LF,,0,,,50,62,48,50,49,53,56,50,53,49,,,,,,,,,,,,45,55,39,46,49,0,0,50,46,39,,,,,,,,,,,,False,,,0,,,,,,0,50,,power
P4499,Clifton,Ussery,2000-07-17,71,242,Anglo,dark,blonde,beard,L,CF,,0,,,57,49,51,51,50,46,43,50,49,49,,,,,,,,,,,,67,59,66,57,50,0,0,50,55,54,,,,,,,,,,,,False,,,0,,,,,,0,50,,spray
P3276,Myles,Hales,2002-10-10,70,174,Anglo,medium,black,clean_shaven,R,RF,,0,,,52,53,49,50,51,50,54,49,51,51,,,,,,,,,,,,64,68,60,61,51,0,0,49,56,63,,,,,,,,,,,,False,,,0,,,,,,0,50,,average
P1942,Anderson,Molinski,1992-04-10,74,193,Anglo,light,brown,clean_shaven,R,CF,,0,,,52,53,50,51,50,52,50,51,49,53,,,,,,,,,,,,43,46,44,47,50,0,0,51,43,52,,,,,,,,,,,,False,,,0,,,,,,0,50,,balanced
P9824,Isiah,Cruikshank,1992-01-07,77,179,Anglo,light,brown,clean_shaven,R,RF,,0,,,53,50,50,52,51,48,51,50,47,50,,,,,,,,,,,,44,42,44,50,51,0,0,50,43,42,,,,,,,,,,,,False,,,0,,,,,,0,50,,average
P3603,Pierre,Kolb,2000-08-20,76,212,Anglo,medium,red,clean_shaven,R,1B,,0,,,49,56,49,50,49,50,58,48,50,49,,,,,,,,,,,,59,63,56,65,49,0,0,48,61,63,,,,,,,,,,,,False,,,0,,,,,,0,50,,balanced
P2815,Tommy,Hanlon,1993-01-06,70,182,Anglo,medium,black,goatee,R,3B,,0,,,51,63,50,50,48,50,56,48,48,50,,,,,,,,,,,,42,63,42,41,48,0,0,48,45,44,,,,,,,,,,,,False,,,0,,,,,,0,50,,power
P9079,Don,Leaks,1989-11-19,78,161,Anglo,light,red,clean_shaven,R,RF,,0,,,61,66,51,52,49,48,51,48,49,52,,,,,,,,,,,,55,65,41,46,49,0,0,48,49,46,,,,,,,,,,,,False,,,0,,,,,,0,50,,gap
P8486,Lanny,Sonkin,1992-02-02,71,166,Anglo,light,brown,beard,L,1B,,0,,,49,49,53,50,49,49,45,52,52,50,,,,,,,,,,,,42,44,50,41,49,0,0,52,45,41,,,,,,,,,,,,False,,,0,,,,,,0,50,,average
P2438,Jarrett,Faulkner,1998-04-13,77,215,Anglo,medium,blonde,goatee,R,P,,1,RP,CL,,,,,55,,,,51,51,51,51,52,49,56,59,61,67,0,0,0,,,,,0,,,,56,58,57,62,56,54,64,66,70,76,0,0,0,False,,,0,,,,,,0,50,closer,
P7840,Parker,Overdorf,2001-11-10,78,226,Anglo,dark,black,mustache,L,P,,1,RP,LR,,,,,53,,,,51,52,52,50,52,51,50,59,60,65,0,0,0,,,,,0,,,,63,65,63,59,59,60,62,65,66,80,0,0,0,False,,,0,,,,,,0,50,long_relief,
P3259,Will,Wiegard,1998-12-09,70,170,Anglo,light,brown,clean_shaven,L,P,,1,RP,SP,,,,,51,,,,50,51,53,50,53,48,53,59,63,62,55,0,0,,,,,0,,,,56,64,56,64,59,62,62,68,74,77,65,0,0,False,,,0,,,,,,0,50,power_sp,
P9858,Omar,Surina,1996-08-26,74,233,Anglo,light,black,beard,L,P,,1,RP,RP,,,,,51,,,,51,53,52,51,52,49,52,0,0,63,0,0,0,,,,,0,,,,53,56,56,53,51,45,57,0,0,68,0,0,0,False,,,0,,,,,,0,50,power_rp,
P9425,Len,Neis,1998-11-12,71,168,Anglo,medium,blonde,clean_shaven,R,P,,1,RP,CL,,,,,52,,,,48,50,51,50,52,49,55,0,0,67,0,0,0,,,,,0,,,,56,56,61,64,57,55,61,0,0,77,0,0,0,False,,,0,,,,,,0,50,closer,
P1043,Jayson,Masell,1990-09-07,72,232,Anglo,dark,brown,clean_shaven,L,P,,1,RP,RP,,,,,51,,,,52,53,48,52,53,48,53,0,64,65,0,0,0,,,,,0,,,,50,50,48,49,40,42,51,0,58,55,0,0,0,False,,,0,,,,,,0,50,power_rp,
P9399,Brad,Camire,2004-10-25,78,208,Anglo,dark,brown,clean_shaven,S,P,,1,RP,SP,,,,,51,,,,50,53,50,50,52,50,53,60,59,62,0,0,0,,,,,0,,,,74,71,80,63,64,80,64,80,86,72,0,0,0,False,,,0,,,,,,0,50,workhorse_sp,
P3381,Salvador,Otomo,2002-11-02,72,205,Anglo,dark,black,clean_shaven,R,3B,,0,,,64,63,49,50,51,52,58,50,48,50,,,,,,,,,,,,69,69,64,62,51,0,0,50,53,59,,,,,,,,,,,,False,,,0,,,,,,0,50,,gap
P7749,Rupert,Dafonte,2004-07-13,74,168,Anglo,light,brown,beard,L,CF,,0,,,66,49,53,53,51,49,50,50,52,52,,,,,,,,,,,,87,73,67,77,51,0,0,50,66,73,,,,,,,,,,,,False,,,0,,,,,,0,50,,spray
P6243,Jacinto,Kupchinsky,2000-01-18,72,180,Anglo,medium,black,beard,R,1B,,0,,,50,62,51,49,50,53,54,52,49,50,,,,,,,,,,,,60,77,64,56,50,0,0,52,62,61,,,,,,,,,,,,False,,,0,,,,,,0,50,,power
P8093,Cornell,Hubbell,1987-08-04,68,244,Anglo,light,brown,clean_shaven,R,RF,,0,,,61,50,51,53,50,51,58,51,51,52,,,,,,,,,,,,53,40,44,46,50,0,0,51,44,52,,,,,,,,,,,,False,,,0,,,,,,0,50,,spray
P8634,Kent,Guerreiro,1998-10-19,70,206,Anglo,medium,brown,clean_shaven,S,1B,,0,,,51,64,52,50,47,54,52,51,51,51,,,,,,,,,,,,57,72,65,60,47,0,0,51,60,56,,,,,,,,,,,,False,,,0,,,,,,0,50,,power
P9449,Alexis,Hadsall,1988-05-09,78,221,Anglo,light,brown,beard,R,3B,,0,,,50,49,70,49,48,51,59,49,52,49,,,,,,,,,,,,44,46,64,48,48,0,0,49,46,47,,,,,,,,,,,,False,,,0,,,,,,0,50,,speed
P7951,Marcelo,Rubulcaba,2003-05-24,72,185,Anglo,medium,brown,clean_shaven,R,C,,0,,,49,56,51,50,51,52,55,53,48,53,,,,,,,,,,,,61,69,56,55,51,0,0,53,61,58,,,,,,,,,,,,False,,,0,,,,,,0,50,,power
P3637,Virgil,Zettlemoyer,1990-03-29,68,184,Anglo,light,brown,clean_shaven,R,C,,0,,,53,51,49,52,50,51,56,50,50,52,,,,,,,,,,,,44,46,49,43,50,0,0,50,40,52,,,,,,,,,,,,False,,,0,,,,,,0,50,,average
P5220,Otto,Mclagan,2004-04-19,73,233,Anglo,light,blonde,clean_shaven,R,P,,1,RP,CL,,,,,55,,,,48,52,52,50,53,53,54,0,61,67,0,0,0,,,,,0,,,,67,73,69,74,82,63,73,0,86,86,0,0,0,False,,,0,,,,,,0,50,closer,
P1921,Archie,Sillitti,2007-09-29,78,217,Anglo,light,black,clean_shaven,R,P,,1,RP,SP,,,,,50,,,,52,51,52,50,52,52,53,0,62,61,54,56,0,,,,,0,,,,64,80,75,82,78,62,81,0,73,88,74,68,0,False,,,0,,,,,,0,50,power_sp,
P9366,Ariel,Bossen,2006-12-06,69,189,Anglo,light,blonde,goatee,L,P,,1,RP,SP,,,,,50,,,,51,53,50,51,53,48,50,61,61,61,0,0,0,,,,,0,,,,81,63,63,72,76,76,69,77,78,77,0,0,0,False,,,0,,,,,,0,50,balanced_sp,
P7961,Marshall,Griffis,2007-04-24,73,237,Anglo,medium,blonde,clean_shaven,R,P,,1,RP,RP,,,,,49,,,,53,50,48,51,52,52,51,0,62,0,0,0,0,,,,,0,,,,65,64,72,81,68,81,80,0,77,0,0,0,0,False,,,0,,,,,,0,50,finesse_rp,
P9067,Abdul,Koepf,2007-09-15,73,228,Anglo,medium,black,clean_shaven,R,P,,1,RP,SP,,,,,51,,,,52,52,52,50,53,48,52,63,62,61,0,0,0,,,,,0,,,,72,62,70,71,65,75,64,81,74,72,0,0,0,False,,,0,,,,,,0,50,finesse_sp,
P7522,Andre,Ghrist,2007-05-23,72,248,Anglo,medium,black,clean_shaven,R,1B,,0,,,52,60,50,50,50,50,56,50,48,52,,,,,,,,,,,,68,74,76,68,50,0,0,50,69,66,,,,,,,,,,,,False,,,0,,,,,,0,50,,balanced
P5590,Johnnie,Kinaj,2004-09-18,71,191,Anglo,light,red,clean_shaven,R,LF,,0,,,60,50,51,55,50,50,59,52,51,51,,,,,,,,,,,,74,74,69,79,50,0,0,52,61,78,,,,,,,,,,,,False,,,0,,,,,,0,50,,spray
P1405,Newton,Schuetz,2005-06-24,69,167,Anglo,medium,black,clean_shaven,L,1B,,0,,,50,54,49,51,48,49,47,51,48,50,,,,,,,,,,,,80,72,74,72,48,0,0,51,78,72,,,,,,,,,,,,False,,,0,,,,,,0,50,,balanced
P3636,Erwin,Pry,2004-05-16,77,215,Anglo,light,brown,clean_shaven,S,SS,,0,,,53,53,53,52,50,47,55,52,47,50,,,,,,,,,,,,76,75,67,69,50,0,0,52,72,70,,,,,,,,,,,,False,,,0,,,,,,0,50,,balanced
P6828,Andrew,Pfeiffer,2004-04-05,76,210,Anglo,light,blonde,clean_shaven,R,C,,0,,,51,49,52,50,50,51,55,50,50,49,,,,,,,,,,,,64,70,73,78,50,0,0,50,64,63,,,,,,,,,,,,False,,,0,,,,,,0,50,,average
P7460,John,Doe,1996-10-26,72,190,Unknown,dark,red,clean_shaven,R,P,,1,RP,CL,,,,,55,,,,51,54,49,52,54,50,52,0,60,66,0,0,0,,,,,0,,,,50,54,57,56,48,54,57,0,60,61,0,0,0,False,,,0,,,,,,0,50,closer,
P1631,John,Doe,1998-06-18,71,188,Unknown,light,brown,clean_shaven,R,P,,1,RP,SP,,,,,51,,,,48,51,50,50,52,48,50,62,60,58,0,0,0,,,,,0,,,,63,59,58,64,60,54,60,73,72,64,0,0,0,False,,,0,,,,,,0,50,workhorse_sp,
P1038,John,Doe,1988-01-05,71,170,Unknown,dark,brown,mustache,R,P,,1,RP,RP,,,,,55,,,,53,53,51,51,52,51,53,0,60,0,59,0,0,,,,,0,,,,47,50,50,51,51,45,49,0,51,0,50,0,0,False,,,0,,,,,,0,50,groundball_rp,
P4498,John,Doe,1991-03-30,78,229,Unknown,dark,black,mustache,L,P,,1,RP,RP,,,,,57,,,,49,50,51,50,53,52,50,0,0,0,61,0,0,,,,,0,,,,45,43,40,46,46,47,45,0,0,0,52,0,0,False,,,0,,,,,,0,50,groundball_rp,
P2558,John,Doe,1998-02-16,76,180,Unknown,dark,brown,clean_shaven,R,P,,1,RP,RP,,,,,53,,,,48,50,50,50,53,50,50,56,0,0,60,0,0,,,,,0,,,,43,51,51,57,53,45,55,54,0,0,57,0,0,False,,,0,,,,,,0,50,groundball_rp,
P5929,John,Doe,2004-07-15,70,229,Unknown,light,brown,clean_shaven,L,P,,1,RP,SP,,,,,50,,,,49,50,52,50,52,48,51,62,62,62,0,57,0,,,,,0,,,,74,76,73,73,68,58,64,84,85,79,0,75,0,False,,,0,,,,,,0,50,power_sp,
P1051,John,Doe,1992-02-06,72,236,Unknown,medium,blonde,clean_shaven,R,P,1B,1,RP,RP,,,,,54,,,,50,52,51,50,52,49,52,0,0,0,63,0,0,,,,,0,,,,44,42,50,48,41,43,42,0,0,0,61,0,0,False,,,0,,,,,,0,50,groundball_rp,
P2866,John,Doe,1989-04-22,75,244,Unknown,light,brown,goatee,R,P,,1,RP,SP,,,,,52,,,,49,51,54,50,52,48,51,58,62,61,0,0,0,,,,,0,,,,40,50,42,52,51,43,41,48,53,57,0,0,0,False,,,0,,,,,,0,50,workhorse_sp,
P7585,John,Doe,1996-10-18,76,178,Unknown,dark,brown,clean_shaven,R,P,,1,RP,SP,,,,,51,,,,48,51,54,52,53,50,53,60,59,59,0,57,0,,,,,0,,,,47,51,55,51,58,53,58,57,60,62,0,58,0,False,,,0,,,,,,0,50,workhorse_sp,
P1184,John,Doe,2001-12-02,71,193,Unknown,light,blonde,clean_shaven,L,P,,1,RP,RP,,,,,57,,,,52,50,51,52,54,53,50,0,0,0,61,0,0,,,,,0,,,,65,55,59,64,65,61,55,0,0,0,69,0,0,False,,,0,,,,,,0,50,groundball_rp,
P9096,John,Doe,2001-07-22,69,172,Unknown,light,black,clean_shaven,L,P,,1,RP,RP,,,,,57,,,,51,50,48,50,52,50,50,0,61,0,62,0,0,,,,,0,,,,62,59,59,63,60,61,61,0,69,0,70,0,0,False,,,0,,,,,,0,50,groundball_rp,
P8784,John,Doe,1999-10-01,75,198,Unknown,light,brown,clean_shaven,R,C,,0,,,52,50,70,53,52,51,57,53,51,51,,,,,,,,,,,,62,55,81,65,52,0,0,53,63,59,,,,,,,,,,,,False,,,0,,,,,,0,50,,speed
P1661,John,Doe,2002-05-07,71,218,Unknown,light,blonde,clean_shaven,R,1B,,0,,,60,48,53,51,53,51,55,49,49,51,,,,,,,,,,,,75,55,65,64,53,0,0,49,57,57,,,,,,,,,,,,False,,,0,,,,,,0,50,,spray
P9761,John,Doe,1997-09-05,71,235,Unknown,dark,black,goatee,R,2B,,0,,,51,58,51,51,49,53,61,51,51,53,,,,,,,,,,,,55,63,56,52,49,0,0,51,54,51,,,,,,,,,,,,False,,,0,,,,,,0,50,,power
P5345,John,Doe,1989-04-27,74,201,Unknown,dark,red,clean_shaven,R,3B,,0,,,48,60,49,50,47,49,58,52,50,52,,,,,,,,,,,,41,59,42,41,47,0,0,52,47,48,,,,,,,,,,,,False,,,0,,,,,,0,50,,power
P5826,John,Doe,2000-06-10,70,245,Unknown,light,black,clean_shaven,L,SS,,0,,,52,49,85,50,51,49,48,51,50,51,,,,,,,,,,,,66,55,94,58,51,0,0,51,60,59,,,,,,,,,,,,False,,,0,,,,,,0,50,,elite_speed
P8448,John,Doe,2000-05-05,70,183,Unknown,medium,black,mustache,R,LF,,0,,,53,62,49,50,47,49,58,51,49,50,,,,,,,,,,,,66,76,60,61,47,0,0,51,61,64,,,,,,,,,,,,False,,,0,,,,,,0,50,,power
P7376,John,Doe,2000-07-04,77,225,Unknown,medium,black,beard,L,CF,,0,,,53,49,52,50,50,51,44,49,52,50,,,,,,,,,,,,65,58,67,56,50,0,0,49,58,58,,,,,,,,,,,,False,,,0,,,,,,0,50,,average
P9211,John,Doe,1988-03-22,78,191,Unknown,dark,blonde,clean_shaven,L,RF,,0,,,60,51,53,51,54,48,50,51,53,51,,,,,,,,,,,,59,46,47,51,54,0,0,51,44,48,,,,,,,,,,,,False,,,0,,,,,,0,50,,spray
P4083,John,Doe,1987-12-22,70,211,Unknown,light,blonde,clean_shaven,L,LF,,0,,,54,51,49,52,48,48,49,48,49,50,,,,,,,,,,,,48,49,41,48,48,0,0,48,44,40,,,,,,,,,,,,False,,,0,,,,,,0,50,,balanced
P7812,John,Doe,1991-10-29,76,242,Unknown,light,brown,beard,R,SS,,0,,,63,49,53,56,52,50,58,53,50,49,,,,,,,,,,,,59,40,50,52,52,0,0,53,46,39,,,,,,,,,,,,False,,,0,,,,,,0,50,,spray
P9023,John,Doe,2003-01-28,77,176,Unknown,dark,black,goatee,R,C,,0,,,50,53,49,51,51,51,58,48,51,52,,,,,,,,,,,,60,58,64,58,51,0,0,48,56,57,,,,,,,,,,,,False,,,0,,,,,,0,50,,average
P5734,John,Doe,1991-04-12,74,217,Unknown,medium,brown,beard,L,CF,,0,,,52,48,85,53,49,49,46,48,48,51,,,,,,,,,,,,51,43,85,51,49,0,0,48,46,46,,,,,,,,,,,,False,,,0,,,,,,0,50,,elite_speed
P1191,John,Doe,1989-10-12,68,191,Unknown,medium,red,clean_shaven,L,LF,,0,,,50,51,52,50,51,49,51,48,52,51,,,,,,,,,,,,41,48,52,43,51,0,0,48,52,49,,,,,,,,,,,,False,,,0,,,,,,0,50,,gap
P9748,John,Doe,1993-06-09,70,223,Unknown,dark,brown,beard,S,C,,0,,,48,54,50,49,51,50,54,50,53,50,,,,,,,,,,,,39,46,40,46,51,0,0,50,51,50,,,,,,,,,,,,False,,,0,,,,,,0,50,,average
P7563,John,Doe,2001-12-07,68,179,Unknown,dark,black,goatee,L,P,,1,RP,CL,,,,,55,,,,51,54,50,52,52,49,51,58,0,65,0,0,0,,,,,0,,,,61,65,60,60,59,63,64,65,0,78,0,0,0,False,,,0,,,,,,0,50,closer,
P9287,John,Doe,2001-04-11,77,186,Unknown,medium,black,clean_shaven,L,P,,1,RP,SP,,,,,49,,,,49,51,54,51,52,50,53,0,60,62,57,0,0,,,,,0,,,,64,58,57,58,68,57,65,0,74,76,63,0,0,False,,,0,,,,,,0,50,power_sp,
P4248,John,Doe,1989-02-03,75,241,Unknown,light,brown,clean_shaven,R,P,,1,RP,SP,,,,,50,,,,48,54,54,51,52,51,54,0,62,62,57,0,0,,,,,0,,,,40,54,51,44,46,45,51,0,59,60,49,0,0,False,,,0,,,,,,0,50,power_sp,
P5520,John,Doe,1989-04-24,71,227,Unknown,light,brown,beard,L,P,,1,RP,RP,,,,,30,,,,52,53,49,51,52,50,55,0,61,65,0,0,0,,,,,28,,,,49,43,46,43,49,47,47,0,60,61,0,0,0,False,,,0,,,,,,0,50,power_rp,
P3535,John,Doe,2000-01-02,78,182,Unknown,medium,blonde,clean_shaven,L,P,,1,RP,SP,,,,,50,,,,52,53,53,53,52,49,51,0,61,60,0,56,0,,,,,0,,,,59,59,60,67,58,61,65,0,66,71,0,65,0,False,,,0,,,,,,0,50,power_sp,
P8300,John,Doe,1988-02-29,70,171,Unknown,dark,black,clean_shaven,L,P,,1,RP,CL,,,,,51,,,,49,52,49,52,52,51,54,0,0,65,0,0,0,,,,,0,,,,41,44,48,43,47,46,45,0,0,60,0,0,0,False,,,0,,,,,,0,50,closer,
P5418,John,Doe,2000-03-30,74,237,Unknown,dark,brown,clean_shaven,R,P,,1,RP,RP,,,,,56,,,,52,50,49,50,54,51,53,0,0,63,62,0,0,,,,,0,,,,60,63,64,60,64,61,58,0,0,68,72,0,0,False,,,0,,,,,,0,50,groundball_rp,
P4180,John,Doe,1991-10-11,68,231,Unknown,light,blonde,clean_shaven,L,3B,,0,,,48,50,53,51,50,50,49,50,52,49,,,,,,,,,,,,40,47,53,49,50,0,0,50,43,39,,,,,,,,,,,,False,,,0,,,,,,0,50,,balanced
P4108,John,Doe,2001-10-16,77,201,Unknown,light,black,clean_shaven,R,SS,,0,,,53,51,49,50,49,50,59,51,51,49,,,,,,,,,,,,68,64,61,65,49,0,0,51,60,58,,,,,,,,,,,,False,,,0,,,,,,0,50,,balanced
P2588,John,Doe,1996-05-14,68,233,Unknown,light,blonde,beard,S,3B,,0,,,53,51,48,49,47,50,53,48,49,51,,,,,,,,,,,,57,52,44,53,47,0,0,48,48,54,,,,,,,,,,,,False,,,0,,,,,,0,50,,balanced
P4343,John,Doe,1991-10-19,78,212,Unknown,dark,brown,mustache,R,C,,0,,,53,60,51,50,47,51,57,52,50,53,,,,,,,,,,,,51,57,42,48,47,0,0,52,48,53,,,,,,,,,,,,False,,,0,,,,,,0,50,,power
P3953,John,Doe,1995-05-18,68,245,Unknown,light,brown,beard,R,SS,,0,,,48,54,53,49,52,49,60,49,49,48,,,,,,,,,,,,45,54,58,46,52,0,0,49,50,53,,,,,,,,,,,,False,,,0,,,,,,0,50,,balanced
P4042,John,Doe,2005-02-13,72,189,Unknown,dark,black,clean_shaven,R,RF,,0,,,52,48,51,51,51,53,56,50,51,48,,,,,,,,,,,,66,60,65,71,51,0,0,50,62,67,,,,,,,,,,,,False,,,0,,,,,,0,50,,average
P7777,John,Doe,1987-11-27,73,182,Unknown,medium,brown,goatee,R,C,,0,,,49,52,50,52,48,53,57,49,49,52,,,,,,,,,,,,45,48,49,45,48,0,0,49,48,42,,,,,,,,,,,,False,,,0,,,,,,0,50,,average
P3835,John,Doe,2004-07-24,78,249,Unknown,medium,brown,clean_shaven,L,3B,,0,,,50,48,78,52,49,49,49,51,48,51,,,,,,,,,,,,64,71,99,73,49,0,0,51,70,79,,,,,,,,,,,,False,,,0,,,,,,0,50,,speed
P3129,John,Doe,2007-07-05,75,235,Unknown,medium,brown,goatee,L,P,,1,RP,CL,,,,,55,,,,51,52,48,50,53,52,52,0,60,65,0,0,0,,,,,67,,,,62,74,73,72,60,74,64,0,85,90,0,0,0,False,,,0,,,,,,0,50,closer,
P3578,John,Doe,2004-12-26,76,185,Unknown,dark,black,clean_shaven,R,P,,1,RP,SP,,,,,52,,,,48,53,53,52,52,48,50,59,61,58,0,0,0,,,,,0,,,,59,78,76,63,75,74,77,82,82,79,0,0,0,False,,,0,,,,,,0,50,balanced_sp,
P3286,John,Doe,2007-08-06,72,187,Unknown,dark,black,clean_shaven,S,P,,1,RP,CL,,,,,53,,,,49,50,50,52,54,53,55,0,61,65,0,0,0,,,,,0,,,,66,71,62,75,68,77,72,0,71,90,0,0,0,False,,,0,,,,,,0,50,closer,
P5614,John,Doe,2005-05-25,73,207,Unknown,light,blonde,clean_shaven,L,P,,1,RP,SP,,,,,49,,,,50,52,53,53,52,53,53,61,64,0,0,0,0,,,,,0,,,,80,70,65,74,75,77,77,87,91,0,0,0,0,False,,,0,,,,,,0,50,finesse_sp,
P7498,John,Doe,2005-10-26,68,196,Unknown,dark,blonde,clean_shaven,L,P,,1,RP,SP,,,,,50,,,,50,52,53,50,52,50,52,0,60,0,62,0,0,,,,,0,,,,65,82,77,77,77,71,79,0,86,0,82,0,0,False,,,0,,,,,,0,50,groundball_sp,
P2877,John,Doe,2005-07-24,71,211,Unknown,light,brown,clean_shaven,S,SS,,0,,,52,50,49,50,50,50,55,49,51,51,,,,,,,,,,,,63,69,74,61,50,0,0,49,75,73,,,,,,,,,,,,False,,,0,,,,,,0,50,,average
P4850,John,Doe,2005-11-23,74,190,Unknown,medium,red,clean_shaven,R,C,,0,,,52,49,47,52,50,53,58,49,52,50,,,,,,,,,,,,73,77,76,70,50,0,0,49,80,60,,,,,,,,,,,,False,,,0,,,,,,0,50,,average
P5291,John,Doe,2006-05-25,72,160,Unknown,medium,red,goatee,S,RF,,0,,,64,52,52,52,52,51,49,50,48,53,,,,,,,,,,,,81,65,67,64,52,0,0,50,72,75,,,,,,,,,,,,False,,,0,,,,,,0,50,,spray
P8594,John,Doe,2007-02-25,75,160,Unknown,light,black,clean_shaven,L,SS,,0,,,53,51,53,52,48,47,49,53,52,48,,,,,,,,,,,,77,77,73,65,48,0,0,53,79,73,,,,,,,,,,,,False,,,0,,,,,,0,50,,gap
P7408,John,Doe,2005-05-16,69,216,Unknown,medium,black,clean_shaven,R,2B,,0,,,57,51,49,54,52,48,57,50,51,53,,,,,,,,,,,,78,77,72,76,52,0,0,50,79,72,,,,,,,,,,,,False,,,0,,,,,,0,50,,gap
P8941,John,Doe,1990-07-19,76,204,Unknown,medium,brown,beard,R,P,,1,RP,CL,,,,,55,,,,48,50,51,51,52,50,53,57,0,65,0,0,0,,,,,0,,,,45,44,44,46,44,47,50,50,0,61,0,0,0,False,,,0,,,,,,0,50,closer,
P5167,John,Doe,1991-12-08,70,170,Unknown,dark,blonde,beard,R,P,,1,RP,SP,,,,,53,,,,50,52,50,53,53,50,51,57,60,0,59,0,0,,,,,0,,,,49,42,53,49,49,48,42,54,59,0,49,0,0,False,,,0,,,,,,0,50,groundball_sp,
P2461,John,Doe,1990-10-28,77,198,Unknown,dark,blonde,clean_shaven,R,P,,1,RP,RP,,,,,49,,,,51,51,48,50,52,51,55,0,0,63,0,0,0,,,,,0,,,,48,48,48,48,48,41,48,0,0,55,0,0,0,False,,,0,,,,,,0,50,power_rp,
P5723,John,Doe,2004-10-11,74,222,Unknown,dark,black,mustache,R,P,,1,RP,CL,,,,,52,,,,49,54,48,52,54,50,55,61,61,66,0,0,0,,,,,0,,,,62,82,67,83,65,60,70,74,84,82,0,0,0,False,,,0,,,,,,0,50,closer,
P2167,John,Doe,2002-05-11,69,170,Unknown,light,black,goatee,L,P,,1,RP,SP,,,,,50,,,,50,51,53,50,52,52,55,0,61,62,61,54,0,,,,,0,,,,61,57,58,60,59,60,65,0,74,76,69,61,0,False,,,0,,,,,,0,50,power_sp,
P2822,John,Doe,1988-06-26,72,172,Unknown,light,brown,clean_shaven,R,P,,1,RP,SP,,,,,48,,,,48,52,53,50,53,52,53,0,60,59,61,0,0,,,,,0,,,,46,46,45,48,47,47,49,0,52,51,61,0,0,False,,,0,,,,,,0,50,power_sp,
P5042,John,Doe,1994-03-25,76,205,Unknown,dark,black,beard,R,P,,1,RP,SP,,,,,48,,,,50,49,51,50,54,51,51,59,0,60,0,0,0,,,,,0,,,,53,45,54,51,56,53,49,54,0,63,0,0,0,False,,,0,,,,,,0,50,workhorse_sp,
P5684,John,Doe,2001-07-30,70,229,Unknown,light,black,beard,R,P,,1,RP,SP,,,,,48,,,,48,52,50,52,53,53,51,62,0,62,0,0,0,,,,,0,,,,57,61,65,64,55,60,61,77,0,68,0,0,0,False,,,0,,,,,,0,50,balanced_sp,
P7238,John,Doe,1996-11-20,71,218,Unknown,dark,black,clean_shaven,L,P,,1,RP,RP,,,,,48,,,,49,49,50,52,52,51,49,58,59,0,0,0,0,,,,,0,,,,52,44,56,49,53,47,48,53,62,0,0,0,0,False,,,0,,,,,,0,50,finesse_rp,
P9792,John,Doe,1989-10-18,76,189,Unknown,dark,brown,beard,R,P,,1,RP,RP,,,,,56,,,,51,51,50,50,52,52,52,59,0,63,60,0,0,,,,,0,,,,43,48,46,50,48,51,50,56,0,53,58,0,0,False,,,0,,,,,,0,50,groundball_rp,
P9872,John,Doe,1992-08-29,75,187,Unknown,medium,blonde,beard,L,P,,1,RP,SP,,,,,48,,,,52,53,53,50,52,50,51,0,59,58,0,0,0,,,,,0,,,,45,50,42,50,47,42,47,0,58,53,0,0,0,False,,,0,,,,,,0,50,balanced_sp,
P2975,John,Doe,1992-11-15,70,247,Unknown,dark,black,clean_shaven,L,C,,0,,,52,62,47,50,50,49,46,48,52,50,,,,,,,,,,,,44,57,41,42,50,0,0,48,52,43,,,,,,,,,,,,False,,,0,,,,,,0,50,,power
P5252,John,Doe,1989-12-22,77,190,Unknown,medium,brown,beard,R,1B,,0,,,52,59,49,52,48,53,54,50,52,53,,,,,,,,,,,,45,59,47,43,48,0,0,50,49,47,,,,,,,,,,,,False,,,0,,,,,,0,50,,power
P6927,John,Doe,2001-04-11,76,206,Unknown,light,black,clean_shaven,R,2B,,0,,,57,50,70,54,49,49,54,51,51,49,,,,,,,,,,,,62,61,79,61,49,0,0,51,56,54,,,,,,,,,,,,False,,,0,,,,,,0,50,,speed
P6407,John,Doe,1999-05-13,77,162,Unknown,medium,black,mustache,R,3B,,0,,,49,58,47,49,48,50,55,50,52,52,,,,,,,,,,,,54,67,59,60,48,0,0,50,61,67,,,,,,,,,,,,False,,,0,,,,,,0,50,,power
P4419,John,Doe,1990-08-13,78,188,Unknown,light,brown,clean_shaven,R,SS,,0,,,54,49,50,53,48,51,56,53,47,50,,,,,,,,,,,,44,43,44,52,48,0,0,53,44,48,,,,,,,,,,,,False,,,0,,,,,,0,50,,balanced
P6742,John,Doe,1990-12-04,71,216,Unknown,medium,brown,clean_shaven,R,LF,,0,,,51,61,49,52,50,53,58,52,50,51,,,,,,,,,,,,43,55,43,49,50,0,0,52,50,50,,,,,,,,,,,,False,,,0,,,,,,0,50,,power
P2423,John,Doe,1992-05-10,76,198,Unknown,medium,brown,mustache,R,CF,,0,,,61,50,49,55,53,47,54,51,51,52,,,,,,,,,,,,54,40,43,52,53,0,0,51,46,43,,,,,,,,,,,,False,,,0,,,,,,0,50,,spray
P3507,John,Doe,1989-01-05,76,241,Unknown,dark,black,beard,R,RF,,0,,,51,49,48,50,50,51,57,49,47,51,,,,,,,,,,,,48,44,42,40,50,0,0,49,38,46,,,,,,,,,,,,False,,,0,,,,,,0,50,,average
P7432,John,Doe,1997-05-18,71,202,Unknown,light,black,clean_shaven,S,C,,0,,,57,51,51,52,53,50,54,49,52,48,,,,,,,,,,,,62,56,55,55,53,0,0,49,55,53,,,,,,,,,,,,False,,,0,,,,,,0,50,,spray
P4740,John,Doe,1992-03-15,77,237,Unknown,dark,brown,goatee,R,C,,0,,,52,58,51,50,48,50,55,53,52,51,,,,,,,,,,,,49,54,43,45,48,0,0,53,44,44,,,,,,,,,,,,False,,,0,,,,,,0,50,,power
P3978,John,Doe,2002-09-20,72,164,Unknown,dark,black,goatee,S,2B,,0,,,56,51,50,55,50,49,51,49,52,53,,,,,,,,,,,,68,64,59,60,50,0,0,49,66,62,,,,,,,,,,,,False,,,0,,,,,,0,50,,gap
P8690,John,Doe,1999-06-17,72,209,Unknown,medium,black,clean_shaven,R,SS,,0,,,64,52,50,58,52,47,61,52,52,47,,,,,,,,,,,,70,61,59,71,52,0,0,52,67,57,,,,,,,,,,,,False,,,0,,,,,,0,50,,spray
P7837,John,Doe,2000-11-11,70,217,Unknown,light,black,beard,L,1B,,0,,,59,50,52,52,53,49,47,50,49,48,,,,,,,,,,,,72,60,64,61,53,0,0,50,60,59,,,,,,,,,,,,False,,,0,,,,,,0,50,,spray
P6507,John,Doe,1994-03-14,73,231,Unknown,medium,brown,clean_shaven,L,3B,,0,,,52,46,72,52,51,49,48,49,50,52,,,,,,,,,,,,47,48,69,53,51,0,0,49,49,53,,,,,,,,,,,,False,,,0,,,,,,0,50,,speed
P5251,John,Doe,1994-02-02,74,168,Unknown,light,brown,goatee,R,P,,1,RP,CL,,,,,55,,,,49,52,52,51,52,49,55,0,60,65,0,0,0,,,,,0,,,,44,47,42,44,42,45,53,0,51,62,0,0,0,False,,,0,,,,,,0,50,closer,
P6580,John,Doe,2004-09-14,72,245,Unknown,light,black,clean_shaven,L,P,,1,RP,SP,,,,,52,,,,49,50,50,52,52,51,52,59,63,0,57,57,0,,,,,0,,,,73,60,64,76,77,68,69,75,81,0,79,68,0,False,,,0,,,,,,0,50,finesse_sp,
P3299,John,Doe,2003-10-11,68,165,Unknown,medium,black,goatee,L,P,,1,RP,SP,,,,,48,,,,52,52,52,51,54,53,49,64,59,59,0,0,0,,,,,0,,,,63,64,62,62,59,60,57,72,69,65,0,0,0,False,,,0,,,,,,0,50,finesse_sp,
P3959,John,Doe,1999-06-18,72,164,Unknown,medium,brown,mustache,L,P,,1,RP,SP,,,,,48,,,,51,53,52,52,53,49,53,60,61,0,0,0,0,,,,,0,,,,63,62,65,58,67,61,67,65,66,0,0,0,0,False,,,0,,,,,,0,50,balanced_sp,
P4413,John,Doe,2001-05-05,75,189,Unknown,dark,brown,clean_shaven,R,P,,1,RP,CL,,,,,51,,,,53,53,52,50,54,50,52,58,61,65,0,0,0,,,,,0,,,,64,65,61,68,61,55,64,63,71,74,0,0,0,False,,,0,,,,,,0,50,closer,
P7263,John,Doe,2003-05-22,71,228,Unknown,light,black,clean_shaven,R,P,,1,RP,SP,,,,,47,,,,51,50,50,50,52,52,51,62,63,60,58,0,0,,,,,0,,,,60,62,63,60,55,62,65,72,77,73,70,0,0,False,,,0,,,,,,0,50,power_sp,
P8767,John,Doe,1991-06-06,75,189,Unknown,medium,brown,clean_shaven,L,P,,1,RP,SP,,,,,51,,,,49,53,52,50,52,49,53,58,62,0,0,0,0,,,,,0,,,,47,50,47,50,52,49,53,53,60,0,0,0,0,False,,,0,,,,,,0,50,workhorse_sp,
P9262,John,Doe,2000-02-14,76,187,Unknown,dark,black,clean_shaven,R,CF,,0,,,51,48,70,52,54,49,54,49,49,51,,,,,,,,,,,,59,63,77,60,54,0,0,49,62,57,,,,,,,,,,,,False,,,0,,,,,,0,50,,speed
P1236,John,Doe,1995-04-30,68,182,Unknown,medium,black,goatee,R,3B,,0,,,54,50,70,52,49,49,57,50,49,50,,,,,,,,,,,,52,55,73,47,49,0,0,50,44,52,,,,,,,,,,,,False,,,0,,,,,,0,50,,speed
P6385,John,Doe,1997-03-13,73,192,Unknown,light,black,clean_shaven,R,LF,,0,,,52,59,48,51,49,53,55,52,51,52,,,,,,,,,,,,50,54,48,50,49,0,0,52,48,48,,,,,,,,,,,,False,,,0,,,,,,0,50,,power
P7861,John,Doe,2003-04-27,76,179,Unknown,medium,blonde,clean_shaven,L,CF,,0,,,51,52,52,50,49,52,49,50,49,52,,,,,,,,,,,,61,66,67,56,49,0,0,50,61,62,,,,,,,,,,,,False,,,0,,,,,,0,50,,balanced
P5256,John,Doe,2004-12-18,78,163,Unknown,medium,blonde,clean_shaven,R,CF,,0,,,58,53,54,52,50,52,55,51,50,52,,,,,,,,,,,,71,67,78,63,50,0,0,51,73,73,,,,,,,,,,,,False,,,0,,,,,,0,50,,gap
P9957,John,Doe,1999-09-25,75,214,Unknown,light,red,beard,L,RF,,0,,,52,52,51,51,47,51,49,52,48,52,,,,,,,,,,,,62,65,64,60,47,0,0,52,60,61,,,,,,,,,,,,False,,,0,,,,,,0,50,,gap
P2879,John,Doe,2001-04-02,71,194,Unknown,medium,red,clean_shaven,S,CF,,0,,,50,51,49,51,52,51,49,48,52,51,,,,,,,,,,,,63,62,64,66,52,0,0,48,66,59,,,,,,,,,,,,False,,,0,,,,,,0,50,,balanced
P2889,John,Doe,1990-03-02,71,224,Unknown,medium,red,mustache,R,3B,,0,,,52,62,50,49,48,53,57,51,50,52,,,,,,,,,,,,48,58,43,42,48,0,0,51,42,43,,,,,,,,,,,,False,,,0,,,,,,0,50,,power
P6210,John,Doe,2004-06-11,68,163,Unknown,light,black,clean_shaven,R,P,,1,RP,CL,,,,,55,,,,51,51,50,50,52,52,54,0,0,65,0,0,0,,,,,0,,,,78,75,60,76,80,70,81,0,0,87,0,0,0,False,,,0,,,,,,0,50,closer,
P1884,John,Doe,2004-11-12,74,250,Unknown,light,black,clean_shaven,L,P,,1,RP,SP,,,,,47,,,,50,51,52,51,52,52,54,0,61,58,0,0,0,,,,,0,,,,63,66,81,67,63,67,67,0,82,86,0,0,0,False,,,0,,,,,,0,50,power_sp,
P9583,John,Doe,2006-02-12,72,172,Unknown,dark,red,clean_shaven,R,P,,1,RP,SP,,,,,52,,,,49,50,53,54,52,50,52,58,62,0,0,0,0,,,,,0,,,,69,76,81,69,63,76,76,84,75,0,0,0,0,False,,,0,,,,,,0,50,finesse_sp,
P9777,John,Doe,2004-12-28,72,236,Unknown,light,black,clean_shaven,R,P,,1,RP,RP,,,,,50,,,,50,52,51,52,54,50,52,57,0,0,0,0,0,,,,,0,,,,63,76,63,79,80,71,82,77,0,0,0,0,0,False,,,0,,,,,,0,50,finesse_rp,
P1172,John,Doe,2005-02-25,72,184,Unknown,light,blonde,clean_shaven,R,P,,1,RP,CL,,,,,51,,,,49,53,49,50,52,52,54,59,62,65,0,0,0,,,,,0,,,,73,81,61,65,77,71,77,89,73,80,0,0,0,False,,,0,,,,,,0,50,closer,
P8751,John,Doe,2007-02-18,73,209,Unknown,medium,brown,clean_shaven,L,LF,,0,,,51,65,47,50,50,49,48,49,51,52,,,,,,,,,,,,65,93,73,79,50,0,0,49,78,71,,,,,,,,,,,,False,,,0,,,,,,0,50,,power
P9960,John,Doe,2006-08-25,68,209,Unknown,dark,brown,clean_shaven,R,CF,,0,,,49,56,47,49,50,51,53,47,51,48,,,,,,,,,,,,69,69,59,68,50,0,0,47,72,72,,,,,,,,,,,,False,,,0,,,,,,0,50,,power
P3213,John,Doe,2007-03-04,71,188,Unknown,medium,brown,clean_shaven,R,LF,,0,,,51,63,49,50,50,53,57,52,51,51,,,,,,,,,,,,66,89,60,69,50,0,0,52,76,75,,,,,,,,,,,,False,,,0,,,,,,0,50,,power
P9540,John,Doe,2006-11-05,77,172,Unknown,dark,black,beard,L,LF,,0,,,51,55,49,51,48,51,47,51,49,51,,,,,,,,,,,,69,79,61,67,48,0,0,51,61,80,,,,,,,,,,,,False,,,0,,,,,,0,50,,gap
P9374,John,Doe,2004-10-12,78,198,Unknown,dark,black,goatee,R,C,,0,,,50,53,50,49,50,51,59,52,53,48,,,,,,,,,,,,78,74,75,62,50,0,0,52,80,59,,,,,,,,,,,,False,,,0,,,,,,0,50,,balanced
P5608,John,Doe,1989-01-20,74,231,Unknown,dark,red,beard,L,P,,1,RP,CL,,,,,55,,,,50,53,51,50,53,50,55,59,0,65,0,0,0,,,,,0,,,,45,45,43,52,45,43,50,49,0,62,0,0,0,False,,,0,,,,,,0,50,closer,
P6262,John,Doe,1991-08-03,74,244,Unknown,light,red,beard,R,P,,1,RP,SP,,,,,50,,,,51,50,51,51,52,49,52,0,63,58,60,0,0,,,,,0,,,,48,46,50,49,41,49,49,0,58,48,52,0,0,False,,,0,,,,,,0,50,groundball_sp,
P4760,John,Doe,2001-03-27,70,218,Unknown,light,black,clean_shaven,R,P,,1,RP,RP,,,,,50,,,,51,53,50,52,52,53,51,58,0,0,0,0,0,,,,,0,,,,56,59,58,66,58,63,58,68,0,0,0,0,0,False,,,0,,,,,,0,50,finesse_rp,
P5867,John,Doe,1988-07-01,76,164,Unknown,medium,brown,clean_shaven,S,P,,1,RP,SP,,,,,51,,,,52,52,52,51,52,52,51,59,63,63,0,0,0,,,,,0,,,,47,42,43,43,51,47,46,49,63,60,0,0,0,False,,,0,,,,,,0,50,power_sp,
P1598,John,Doe,1996-05-11,77,190,Unknown,light,black,beard,R,P,,1,RP,SP,,,,,53,,,,51,49,50,51,52,52,53,58,0,60,60,0,0,,,,,0,,,,56,44,52,48,53,52,48,57,0,59,62,0,0,False,,,0,,,,,,0,50,groundball_sp,
P5205,John,Doe,1987-05-19,77,226,Unknown,light,brown,clean_shaven,S,P,,1,RP,RP,,,,,52,,,,50,53,52,50,53,49,50,61,61,0,0,0,0,,,,,0,,,,48,51,46,44,47,41,50,51,53,0,0,0,0,False,,,0,,,,,,0,50,finesse_rp,
P5743,John,Doe,1994-09-16,69,242,Unknown,light,black,clean_shaven,L,P,,1,RP,CL,,,,,50,,,,49,51,48,51,54,51,56,58,0,66,0,0,0,,,,,0,,,,44,46,53,54,53,46,61,61,0,70,0,0,0,False,,,0,,,,,,0,50,closer,
P7138,John,Doe,2004-11-29,68,221,Unknown,medium,brown,goatee,R,P,,1,RP,RP,,,,,51,,,,52,49,48,51,54,52,50,58,62,0,59,0,0,,,,,0,,,,64,76,79,73,61,73,68,74,72,0,72,0,0,False,,,0,,,,,,0,50,finesse_rp,
P6717,John,Doe,1999-04-27,71,216,Unknown,medium,black,beard,R,P,,1,RP,SP,,,,,51,,,,48,50,53,50,52,49,50,62,62,61,0,57,0,,,,,0,,,,53,57,60,57,64,56,60,77,73,76,0,65,0,False,,,0,,,,,,0,50,power_sp,
P7090,John,Doe,1997-12-19,70,234,Unknown,medium,black,clean_shaven,R,P,,1,RP,RP,,,,,51,,,,51,50,51,51,52,52,51,61,60,0,0,58,0,,,,,0,,,,51,48,56,55,52,49,46,58,58,0,0,62,0,False,,,0,,,,,,0,50,finesse_rp,
P4394,John,Doe,2003-06-13,76,192,Unknown,light,black,clean_shaven,L,P,,1,RP,SP,,,,,48,,,,51,50,51,52,52,50,53,0,63,61,0,0,0,,,,,0,,,,65,65,57,63,59,64,59,0,71,70,0,0,0,False,,,0,,,,,,0,50,power_sp,
P8207,John,Doe,1988-11-28,68,166,Unknown,medium,brown,mustache,S,C,,0,,,50,61,48,51,49,54,54,50,52,51,,,,,,,,,,,,48,58,48,50,49,0,0,50,46,47,,,,,,,,,,,,False,,,0,,,,,,0,50,,power
P9200,John,Doe,1989-09-17,74,161,Unknown,dark,black,beard,L,1B,,0,,,52,59,50,51,51,50,49,52,51,53,,,,,,,,,,,,52,49,49,46,51,0,0,52,44,46,,,,,,,,,,,,False,,,0,,,,,,0,50,,gap
P2663,John,Doe,2002-10-30,72,247,Unknown,medium,black,clean_shaven,R,2B,,0,,,54,50,52,53,50,49,58,52,48,53,,,,,,,,,,,,62,57,59,63,50,0,0,52,63,60,,,,,,,,,,,,False,,,0,,,,,,0,50,,gap
P2634,John,Doe,1994-11-21,72,205,Unknown,medium,black,mustache,R,3B,,0,,,62,59,51,51,47,51,56,49,49,53,,,,,,,,,,,,58,57,55,56,47,0,0,49,50,52,,,,,,,,,,,,False,,,0,,,,,,0,50,,gap
P5233,John,Doe,1995-08-11,72,181,Unknown,medium,black,clean_shaven,R,SS,,0,,,54,48,78,51,50,50,56,48,53,53,,,,,,,,,,,,55,52,83,52,50,0,0,48,48,56,,,,,,,,,,,,False,,,0,,,,,,0,50,,speed
P9490,John,Doe,2004-01-25,68,166,Unknown,light,red,clean_shaven,R,LF,,0,,,53,56,51,52,49,48,58,52,49,49,,,,,,,,,,,,63,64,57,58,49,0,0,52,59,59,,,,,,,,,,,,False,,,0,,,,,,0,50,,gap
P9194,John,Doe,1999-08-07,78,206,Unknown,light,blonde,beard,S,CF,,0,,,51,59,49,49,50,54,54,47,50,53,,,,,,,,,,,,57,74,62,61,50,0,0,47,57,67,,,,,,,,,,,,False,,,0,,,,,,0,50,,power
P3017,John,Doe,2003-04-06,69,178,Unknown,dark,brown,beard,R,RF,,0,,,52,59,47,49,49,52,59,51,48,50,,,,,,,,,,,,58,66,54,58,49,0,0,51,58,57,,,,,,,,,,,,False,,,0,,,,,,0,50,,power
P6446,John,Doe,2001-11-18,68,190,Unknown,dark,black,clean_shaven,R,CF,,0,,,48,47,51,50,49,52,50,49,51,52,,,,,,,,,,,,60,60,59,62,49,0,0,49,61,61,,,,,,,,,,,,False,,,0,,,,,,0,50,,average
P7452,John,Doe,1996-05-20,70,206,Unknown,medium,black,goatee,R,2B,,0,,,51,50,49,52,49,51,58,52,51,50,,,,,,,,,,,,46,48,45,51,49,0,0,52,52,51,,,,,,,,,,,,False,,,0,,,,,,0,50,,average
P1365,John,Doe,1998-02-13,70,227,Unknown,medium,red,beard,L,1B,,0,,,49,58,52,48,49,53,48,52,48,50,,,,,,,,,,,,50,56,54,46,49,0,0,52,44,50,,,,,,,,,,,,False,,,0,,,,,,0,50,,average
P1288,John,Doe,1995-07-27,69,200,Unknown,dark,blonde,clean_shaven,R,C,,0,,,49,53,50,50,52,51,59,51,51,49,,,,,,,,,,,,50,55,48,46,52,0,0,51,55,46,,,,,,,,,,,,False,,,0,,,,,,0,50,,average
P4059,John,Doe,1996-09-17,76,245,Unknown,dark,black,clean_shaven,R,C,,0,,,59,51,51,54,52,49,60,51,52,53,,,,,,,,,,,,59,51,46,52,52,0,0,51,57,53,,,,,,,,,,,,False,,,0,,,,,,0,50,,gap
P9475,John,Doe,1989-01-29,78,226,Unknown,light,black,clean_shaven,R,1B,,0,,,48,60,51,51,50,53,58,50,50,48,,,,,,,,,,,,46,59,47,46,50,0,0,50,43,40,,,,,,,,,,,,False,,,0,,,,,,0,50,,power
P9688,John,Doe,1992-07-21,75,201,Unknown,dark,black,clean_shaven,S,P,,1,RP,CL,,,,,55,,,,49,53,50,51,53,51,53,57,58,67,0,0,0,,,,,0,,,,44,44,43,47,42,42,46,48,52,67,0,0,0,False,,,0,,,,,,0,50,closer,
P9632,John,Doe,1990-11-09,77,216,Unknown,dark,black,clean_shaven,L,P,,1,RP,SP,,,,,49,,,,49,52,53,53,52,49,51,59,62,58,0,0,0,,,,,0,,,,39,48,43,51,46,42,41,54,59,50,0,0,0,False,,,0,,,,,,0,50,workhorse_sp,
P9852,John,Doe,1988-10-20,77,176,Unknown,light,black,beard,R,P,,1,RP,RP,,,,,49,,,,53,51,53,50,52,51,54,60,61,0,0,0,0,,,,,0,,,,45,43,45,46,50,45,53,57,54,0,0,0,0,False,,,0,,,,,,0,50,finesse_rp,
P8633,John,Doe,2003-03-17,75,205,Unknown,dark,blonde,beard,R,P,,1,RP,SP,,,,,51,,,,52,50,50,51,52,53,51,61,60,58,61,0,0,,,,,0,,,,65,60,58,63,58,60,58,70,68,67,72,0,0,False,,,0,,,,,,0,50,groundball_sp,
P1204,John,Doe,1988-10-12,75,247,Unknown,light,brown,clean_shaven,L,P,,1,RP,RP,,,,,50,,,,50,48,50,52,52,51,49,61,0,0,0,0,0,,,,,0,,,,45,41,47,52,49,42,43,61,0,0,0,0,0,False,,,0,,,,,,0,50,finesse_rp,
P3139,John,Doe,1991-07-03,71,177,Unknown,medium,black,mustache,L,P,,1,RP,RP,,,,,49,,,,49,54,51,50,52,50,54,0,63,65,60,0,0,,,,,0,,,,42,54,43,42,45,50,44,0,61,58,54,0,0,False,,,0,,,,,,0,50,power_rp,
P4388,John,Doe,1995-08-22,75,198,Unknown,light,brown,clean_shaven,R,P,,1,RP,SP,,,,,51,,,,51,49,54,52,52,53,52,0,61,58,0,0,0,,,,,0,,,,48,54,53,52,54,58,51,0,59,53,0,0,0,False,,,0,,,,,,0,50,workhorse_sp,
P5697,John,Doe,1991-04-24,74,227,Unknown,dark,black,clean_shaven,L,LF,,0,,,50,56,52,50,51,49,49,53,51,50,,,,,,,,,,,,40,49,44,44,51,0,0,53,48,42,,,,,,,,,,,,False,,,0,,,,,,0,50,,balanced
P8855,John,Doe,1990-08-18,71,225,Unknown,dark,brown,clean_shaven,L,2B,,0,,,58,49,50,55,52,49,51,49,50,52,,,,,,,,,,,,53,49,50,53,52,0,0,49,41,49,,,,,,,,,,,,False,,,0,,,,,,0,50,,spray
P3461,John,Doe,1996-05-08,75,172,Unknown,medium,black,clean_shaven,R,LF,,0,,,52,62,49,51,48,50,59,50,51,51,,,,,,,,,,,,55,57,53,49,48,0,0,50,51,56,,,,,,,,,,,,False,,,0,,,,,,0,50,,power
P7495,John,Doe,2002-07-22,72,235,Unknown,medium,brown,clean_shaven,R,RF,,0,,,54,51,70,53,49,48,57,48,52,50,,,,,,,,,,,,64,61,83,65,49,0,0,48,64,55,,,,,,,,,,,,False,,,0,,,,,,0,50,,speed
P9741,John,Doe,1992-07-08,72,208,Unknown,medium,blonde,clean_shaven,S,LF,,0,,,52,63,51,51,50,51,55,49,49,48,,,,,,,,,,,,42,60,46,50,50,0,0,49,42,42,,,,,,,,,,,,False,,,0,,,,,,0,50,,power
P3510,John,Doe,1990-11-06,75,231,Unknown,light,blonde,clean_shaven,L,1B,,0,,,50,58,52,49,49,53,46,50,50,50,,,,,,,,,,,,41,56,52,45,49,0,0,50,49,41,,,,,,,,,,,,False,,,0,,,,,,0,50,,balanced
P6222,John,Doe,1994-10-11,76,231,Unknown,light,brown,mustache,L,CF,,0,,,59,58,53,51,49,51,46,49,50,51,,,,,,,,,,,,54,60,57,54,49,0,0,49,54,48,,,,,,,,,,,,False,,,0,,,,,,0,50,,gap
P1709,John,Doe,2004-04-01,73,180,Unknown,medium,black,goatee,R,2B,,0,,,57,47,51,55,50,48,56,52,53,52,,,,,,,,,,,,79,65,62,70,50,0,0,52,81,73,,,,,,,,,,,,False,,,0,,,,,,0,50,,spray
P7500,John,Doe,2006-09-03,70,165,Unknown,dark,blonde,clean_shaven,S,P,,1,RP,CL,,,,,55,,,,49,54,49,51,54,53,56,0,0,65,0,0,0,,,,,0,,,,60,81,72,71,79,64,80,0,0,76,0,0,0,False,,,0,,,,,,0,50,closer,
P2436,John,Doe,2005-05-18,76,198,Unknown,light,brown,goatee,R,P,,1,RP,RP,,,,,51,,,,51,50,52,52,52,50,52,60,0,0,0,0,0,,,,,0,,,,68,72,71,68,82,71,64,70,0,0,0,0,0,False,,,0,,,,,,0,50,finesse_rp,
P3156,John,Doe,2005-05-29,74,197,Unknown,medium,brown,clean_shaven,R,P,,1,RP,SP,,,,,54,,,,50,52,53,52,53,52,52,61,62,60,60,0,0,,,,,0,,,,67,65,71,70,73,71,67,76,83,77,88,0,0,False,,,0,,,,,,0,50,groundball_sp,
P8623,John,Doe,2007-06-24,71,240,Unknown,light,black,clean_shaven,R,P,,1,RP,RP,,,,,50,,,,52,52,48,51,52,49,53,59,61,0,0,57,0,,,,,0,,,,76,71,81,81,69,76,73,75,84,0,0,77,0,False,,,0,,,,,,0,50,finesse_rp,
P2776,John,Doe,2005-03-06,74,223,Unknown,light,brown,clean_shaven,R,P,,1,RP,SP,,,,,48,,,,51,51,53,50,53,50,50,60,62,61,0,0,0,,,,,0,,,,62,73,66,82,66,64,73,87,72,88,0,0,0,False,,,0,,,,,,0,50,balanced_sp,
P3728,John,Doe,2006-09-29,70,209,Unknown,light,blonde,clean_shaven,S,3B,,0,,,51,53,50,52,49,48,54,49,50,48,,,,,,,,,,,,76,76,64,82,49,0,0,49,65,71,,,,,,,,,,,,False,,,0,,,,,,0,50,,gap
P6860,John,Doe,2005-11-02,78,177,Unknown,light,brown,mustache,R,2B,,0,,,56,49,49,55,49,48,54,48,51,52,,,,,,,,,,,,70,73,61,69,49,0,0,48,78,65,,,,,,,,,,,,False,,,0,,,,,,0,50,,gap
P4337,John,Doe,2006-07-05,74,169,Unknown,medium,black,clean_shaven,R,SS,,0,,,51,50,50,52,48,52,55,49,51,49,,,,,,,,,,,,66,61,75,81,48,0,0,49,61,76,,,,,,,,,,,,False,,,0,,,,,,0,50,,balanced
P2750,John,Doe,2005-03-30,77,203,Unknown,light,blonde,clean_shaven,L,CF,,0,,,50,49,49,49,49,51,50,50,47,49,,,,,,,,,,,,78,78,64,72,49,0,0,50,75,73,,,,,,,,,,,,False,,,0,,,,,,0,50,,balanced
P3329,John,Doe,2006-06-02,76,188,Unknown,light,brown,clean_shaven,R,2B,,0,,,59,49,50,56,52,51,57,49,51,48,,,,,,,,,,,,72,69,76,81,52,0,0,49,69,74,,,,,,,,,,,,False,,,0,,,,,,0,50,,spray
P1484,John,Doe,1993-06-13,73,163,Unknown,light,blonde,beard,R,P,,1,RP,CL,,,,,55,,,,49,52,48,52,52,52,53,0,0,65,0,0,0,,,,,0,,,,39,48,43,49,44,42,46,0,0,62,0,0,0,False,,,0,,,,,,0,50,closer,
P7310,John,Doe,1997-10-02,71,228,Unknown,dark,black,beard,R,P,,1,RP,SP,,,,,51,,,,49,53,53,50,52,52,53,62,62,58,57,0,0,,,,,0,,,,45,51,53,53,48,53,56,63,61,57,55,0,0,False,,,0,,,,,,0,50,groundball_sp,
P5453,John,Doe,2002-12-17,71,178,Unknown,dark,black,clean_shaven,R,P,,1,RP,RP,,,,,50,,,,50,52,51,52,52,53,51,61,62,0,0,57,0,,,,,0,,,,59,64,60,59,60,59,66,70,72,0,0,63,0,False,,,0,,,,,,0,50,finesse_rp,
P8459,John,Doe,1987-08-30,78,173,Unknown,dark,brown,clean_shaven,R,P,,1,RP,SP,,,,,50,,,,50,52,51,50,53,50,52,60,0,58,59,0,0,,,,,0,,,,49,43,44,43,47,45,47,56,0,50,54,0,0,False,,,0,,,,,,0,50,groundball_sp,
P6014,John,Doe,2004-10-13,69,215,Unknown,dark,brown,clean_shaven,R,P,,1,RP,CL,,,,,52,,,,52,53,51,50,52,53,56,0,62,66,0,0,0,,,,,0,,,,82,69,78,68,80,77,71,0,82,93,0,0,0,False,,,0,,,,,,0,50,closer,
P3709,John,Doe,1989-05-08,71,161,Unknown,light,blonde,goatee,S,P,,1,RP,RP,,,,,54,,,,52,51,52,51,53,52,51,57,0,63,64,0,0,,,,,0,,,,46,48,43,49,52,52,47,55,0,61,58,0,0,False,,,0,,,,,,0,50,groundball_rp,
P6663,John,Doe,2002-08-05,71,198,Unknown,dark,black,clean_shaven,R,P,,1,RP,RP,,,,,53,,,,48,49,51,52,52,49,50,0,0,64,62,0,0,,,,,0,,,,57,64,65,57,64,56,59,0,0,76,76,0,0,False,,,0,,,,,,0,50,groundball_rp,
P8212,John,Doe,1995-08-31,77,224,Unknown,medium,blonde,goatee,L,P,,1,RP,RP,,,,,55,,,,50,51,48,50,52,51,52,57,0,63,60,0,0,,,,,0,,,,53,54,47,53,46,56,50,54,0,62,56,0,0,False,,,0,,,,,,0,50,groundball_rp,
P2872,John,Doe,2004-04-08,68,202,Unknown,light,black,goatee,S,P,,1,RP,SP,,,,,53,,,,52,53,54,50,52,50,49,61,62,56,58,0,0,,,,,0,,,,73,73,61,74,70,66,62,90,79,68,88,0,0,False,,,0,,,,,,0,50,groundball_sp,
P5528,John,Doe,1993-11-16,70,230,Unknown,light,black,goatee,R,P,,1,RP,SP,,,,,51,,,,49,51,54,52,52,49,53,62,63,0,0,0,0,,,,,0,,,,46,48,50,52,47,40,43,61,56,0,0,0,0,False,,,0,,,,,,0,50,balanced_sp,
P6091,John,Doe,1996-03-18,70,204,Unknown,light,brown,clean_shaven,L,P,,1,RP,RP,,,,,52,,,,51,53,52,50,52,53,54,0,64,0,0,0,0,,,,,0,,,,46,57,55,51,54,48,53,0,65,0,0,0,0,False,,,0,,,,,,0,50,power_rp,
P9406,John,Doe,1988-11-16,72,183,Unknown,light,brown,mustache,R,C,,0,,,50,50,48,51,52,51,57,49,52,52,,,,,,,,,,,,41,44,43,51,52,0,0,49,52,42,,,,,,,,,,,,False,,,0,,,,,,0,50,,balanced
P7632,John,Doe,2000-12-19,78,199,Unknown,medium,black,clean_shaven,R,1B,,0,,,62,50,53,50,53,46,54,49,51,49,,,,,,,,,,,,71,57,61,62,53,0,0,49,58,61,,,,,,,,,,,,False,,,0,,,,,,0,50,,spray
P1441,John,Doe,1999-12-18,70,221,Unknown,medium,brown,clean_shaven,R,2B,,0,,,50,51,48,50,52,52,60,50,48,48,,,,,,,,,,,,61,63,57,61,52,0,0,50,62,61,,,,,,,,,,,,False,,,0,,,,,,0,50,,average
P7963,John,Doe,1990-08-08,68,185,Unknown,medium,black,mustache,L,3B,,0,,,51,49,48,51,52,53,52,51,48,50,,,,,,,,,,,,48,39,42,49,52,0,0,51,45,45,,,,,,,,,,,,False,,,0,,,,,,0,50,,average
P1426,John,Doe,1991-01-20,69,217,Unknown,medium,brown,clean_shaven,R,SS,,0,,,49,51,70,52,50,48,57,49,52,51,,,,,,,,,,,,46,50,68,45,50,0,0,49,52,43,,,,,,,,,,,,False,,,0,,,,,,0,50,,speed
P8731,John,Doe,1997-11-19,68,190,Unknown,light,blonde,goatee,S,LF,,0,,,51,63,49,50,50,52,51,51,52,50,,,,,,,,,,,,54,64,53,51,50,0,0,51,52,48,,,,,,,,,,,,False,,,0,,,,,,0,50,,power
P6172,John,Doe,2000-03-09,70,190,Unknown,light,black,clean_shaven,L,CF,,0,,,51,48,51,51,49,53,49,50,48,49,,,,,,,,,,,,59,54,63,65,49,0,0,50,58,58,,,,,,,,,,,,False,,,0,,,,,,0,50,,balanced
P5204,John,Doe,2004-05-06,74,238,Unknown,light,black,beard,R,RF,,0,,,53,51,52,50,49,48,58,49,49,48,,,,,,,,,,,,83,61,71,66,49,0,0,49,71,75,,,,,,,,,,,,False,,,0,,,,,,0,50,,balanced
P6287,John,Doe,2003-12-22,77,219,Unknown,dark,brown,clean_shaven,R,1B,,0,,,55,53,51,51,50,51,51,51,49,52,,,,,,,,,,,,67,61,61,61,50,0,0,51,55,57,,,,,,,,,,,,False,,,0,,,,,,0,50,,gap
P3737,John,Doe,2000-11-11,77,199,Unknown,dark,brown,clean_shaven,L,C,,0,,,56,49,50,50,51,48,46,48,53,51,,,,,,,,,,,,71,58,58,63,51,0,0,48,62,62,,,,,,,,,,,,False,,,0,,,,,,0,50,,spray
P1614,John,Doe,1997-01-04,68,168,Unknown,medium,brown,mustache,S,2B,,0,,,53,50,51,52,51,51,57,51,51,50,,,,,,,,,,,,57,52,48,57,51,0,0,51,53,52,,,,,,,,,,,,False,,,0,,,,,,0,50,,balanced
P7039,John,Doe,1991-02-05,73,241,Unknown,light,blonde,mustache,R,2B,,0,,,58,47,70,52,52,48,55,50,48,49,,,,,,,,,,,,58,44,62,49,52,0,0,50,42,49,,,,,,,,,,,,False,,,0,,,,,,0,50,,speed
P3212,John,Doe,1992-07-15,70,226,Unknown,medium,black,clean_shaven,R,C,,0,,,53,47,83,53,51,51,57,53,49,48,,,,,,,,,,,,45,45,75,44,51,0,0,53,49,46,,,,,,,,,,,,False,,,0,,,,,,0,50,,speed
P7602,John,Doe,2001-08-31,75,206,Unknown,medium,brown,mustache,R,C,,0,,,59,51,52,50,50,50,59,49,50,51,,,,,,,,,,,,73,64,60,59,50,0,0,49,60,57,,,,,,,,,,,,False,,,0,,,,,,0,50,,spray
P1856,John,Doe,1997-12-24,68,201,Unknown,dark,blonde,clean_shaven,R,P,,1,RP,CL,,,,,55,,,,52,52,50,50,54,49,54,59,62,66,0,0,0,,,,,0,,,,48,48,55,57,55,46,52,59,59,61,0,0,0,False,,,0,,,,,,0,50,closer,
P4061,John,Doe,2002-05-22,77,172,Unknown,medium,black,clean_shaven,L,P,,1,RP,RP,,,,,52,,,,48,49,53,50,52,52,49,58,0,0,0,0,0,,,,,0,,,,61,58,62,62,58,67,56,70,0,0,0,0,0,False,,,0,,,,,,0,50,finesse_rp,
P4695,John,Doe,2003-12-17,76,214,Unknown,medium,black,clean_shaven,R,P,,1,RP,SP,,,,,52,,,,48,50,50,52,54,49,49,59,63,59,0,0,0,,,,,0,,,,56,55,66,61,64,55,57,71,78,71,0,0,0,False,,,0,,,,,,0,50,finesse_sp,
P8198,John,Doe,1997-02-25,75,187,Unknown,light,brown,clean_shaven,R,P,,1,RP,SP,,,,,51,,,,48,54,51,52,52,52,51,0,59,63,0,0,0,,,,,0,,,,46,49,55,54,52,56,49,0,61,59,0,0,0,False,,,0,,,,,,0,50,power_sp,
P6400,John,Doe,1999-07-20,76,224,Unknown,dark,black,clean_shaven,L,P,,1,RP,SP,,,,,49,,,,52,53,53,51,54,51,53,0,63,62,0,0,0,,,,,0,,,,63,67,58,67,58,62,64,0,73,70,0,0,0,False,,,0,,,,,,0,50,balanced_sp,
P7904,John,Doe,1992-03-15,69,201,Unknown,dark,black,clean_shaven,R,P,,1,RP,SP,,,,,50,,,,50,52,51,50,52,50,52,0,60,63,58,55,0,,,,,0,,,,45,45,46,42,45,43,47,0,60,63,53,55,0,False,,,0,,,,,,0,50,power_sp,
P2652,John,Doe,1989-02-05,70,229,Unknown,light,black,goatee,R,P,,1,RP,SP,,,,,50,,,,51,51,52,53,52,51,50,59,62,0,58,0,0,,,,,0,,,,48,45,43,48,49,42,50,59,52,0,51,0,0,False,,,0,,,,,,0,50,finesse_sp,
P1788,John,Doe,1987-07-17,68,239,Unknown,medium,black,clean_shaven,R,C,,0,,,53,50,53,52,53,48,59,49,51,49,,,,,,,,,,,,50,50,53,49,53,0,0,49,41,41,,,,,,,,,,,,False,,,0,,,,,,0,50,,balanced
P8195,John,Doe,1990-03-06,72,195,Unknown,light,brown,beard,R,C,,0,,,50,52,48,52,52,51,58,50,49,51,,,,,,,,,,,,49,42,44,48,52,0,0,50,44,47,,,,,,,,,,,,False,,,0,,,,,,0,50,,balanced
P5032,John,Doe,2004-04-26,74,241,Unknown,light,black,beard,R,C,,0,,,50,50,51,50,50,52,57,52,50,49,,,,,,,,,,,,65,67,76,64,50,0,0,52,79,63,,,,,,,,,,,,False,,,0,,,,,,0,50,,average
P8460,John,Doe,1990-10-12,75,165,Unknown,dark,brown,clean_shaven,R,C,,0,,,49,53,51,51,53,51,55,51,52,52,,,,,,,,,,,,45,53,41,50,53,0,0,51,42,47,,,,,,,,,,,,False,,,0,,,,,,0,50,,average
P5080,John,Doe,1996-04-02,68,250,Unknown,dark,brown,beard,S,C,,0,,,50,50,50,50,50,52,56,52,48,51,,,,,,,,,,,,47,51,51,55,50,0,0,52,50,46,,,,,,,,,,,,False,,,0,,,,,,0,50,,gap
P9607,John,Doe,1990-03-21,76,193,Unknown,medium,black,clean_shaven,S,CF,,0,,,61,53,50,50,51,47,52,48,48,51,,,,,,,,,,,,60,46,47,45,51,0,0,48,42,43,,,,,,,,,,,,False,,,0,,,,,,0,50,,spray
P2847,John,Doe,1996-12-28,72,175,Unknown,dark,black,clean_shaven,L,1B,,0,,,51,58,49,49,49,51,50,51,52,50,,,,,,,,,,,,48,61,47,53,49,0,0,51,49,46,,,,,,,,,,,,False,,,0,,,,,,0,50,,balanced
P8462,John,Doe,2005-02-09,69,218,Unknown,dark,black,clean_shaven,R,SS,,0,,,57,50,71,51,52,50,61,52,49,51,,,,,,,,,,,,81,77,95,67,52,0,0,52,66,76,,,,,,,,,,,,False,,,0,,,,,,0,50,,spray
P8769,John,Doe,2006-01-03,71,217,Unknown,light,brown,beard,R,P,,1,RP,CL,,,,,55,,,,50,51,47,50,53,49,56,0,0,65,0,0,0,,,,,0,,,,65,64,78,77,60,66,67,0,0,86,0,0,0,False,,,0,,,,,,0,50,closer,
P5762,John,Doe,2006-06-01,76,169,Unknown,medium,brown,beard,R,P,,1,RP,SP,,,,,53,,,,48,50,54,53,54,49,53,59,62,60,62,0,0,,,,,0,,,,59,63,79,74,77,71,63,77,84,70,79,0,0,False,,,0,,,,,,0,50,groundball_sp,
P9600,John,Doe,2005-11-08,77,217,Unknown,light,brown,goatee,L,P,,1,RP,RP,,,,,48,,,,49,52,50,50,52,52,53,0,0,67,0,0,0,,,,,0,,,,66,78,64,78,74,73,79,0,0,84,0,0,0,False,,,0,,,,,,0,50,power_rp,
P4071,John,Doe,2004-03-09,70,232,Unknown,dark,brown,clean_shaven,S,P,,1,RP,RP,,,,,49,,,,51,51,51,50,52,50,53,0,60,63,0,0,0,,,,,0,,,,61,71,61,76,75,71,74,0,86,90,0,0,0,False,,,0,,,,,,0,50,power_rp,
P1174,John,Doe,2004-04-02,74,236,Unknown,dark,blonde,clean_shaven,R,P,,1,RP,SP,,,,,52,,,,51,49,49,52,52,51,50,61,61,0,0,0,0,,,,,0,,,,65,64,64,81,62,81,67,88,75,0,0,0,0,False,,,0,,,,,,0,50,finesse_sp,
P3436,John,Doe,2006-06-01,78,209,Unknown,medium,brown,clean_shaven,L,RF,,0,,,53,49,70,51,50,50,49,48,51,51,,,,,,,,,,,,79,65,83,69,50,0,0,48,76,74,,,,,,,,,,,,False,,,0,,,,,,0,50,,speed
P7250,John,Doe,2007-12-13,74,245,Unknown,dark,brown,mustache,L,2B,,0,,,52,53,52,53,51,49,47,50,50,51,,,,,,,,,,,,77,76,72,83,51,0,0,50,77,75,,,,,,,,,,,,False,,,0,,,,,,0,50,,balanced
P9499,John,Doe,2005-11-12,72,192,Unknown,dark,black,clean_shaven,R,LF,,0,,,53,57,51,52,48,53,57,50,52,49,,,,,,,,,,,,73,68,67,75,48,0,0,50,70,77,,,,,,,,,,,,False,,,0,,,,,,0,50,,balanced
P5617,John,Doe,2005-08-23,78,208,Unknown,light,black,clean_shaven,R,SS,,0,,,57,48,53,58,49,50,59,49,53,49,,,,,,,,,,,,85,71,77,83,49,0,0,49,80,73,,,,,,,,,,,,False,,,0,,,,,,0,50,,spray
P7018,John,Doe,2007-08-04,69,196,Unknown,medium,red,clean_shaven,R,LF,,0,,,54,52,48,52,51,50,56,52,53,50,,,,,,,,,,,,83,68,72,82,51,0,0,52,77,67,,,,,,,,,,,,False,,,0,,,,,,0,50,,average
