player_id,first_name,last_name,birthdate,height,weight,ethnicity,skin_tone,hair_color,facial_hair,bats,primary_position,other_positions,is_pitcher,role,preferred_pitching_role,ch,ph,sp,eye,gf,pl,vl,sc,fa,arm,endurance,control,movement,hold_runner,fb,cu,cb,sl,si,scb,kn,pot_ch,pot_ph,pot_sp,pot_eye,pot_gf,pot_pl,pot_vl,pot_sc,pot_fa,pot_arm,pot_control,pot_movement,pot_endurance,pot_hold_runner,pot_fb,pot_cu,pot_cb,pot_sl,pot_si,pot_scb,pot_kn,injured,injury_description,return_date,ready,injury_list,injury_start_date,injury_minimum_days,injury_eligible_date,injury_rehab_assignment,injury_rehab_days,durability,pitcher_archetype,hitter_archetype
P7874,Leroy,Carter,2003-07-31,78,204,African,light,black,goatee,L,P,,1,RP,CL,,,,,55,,,,51,48,48,50,52,49,47,0,0,65,0,0,0,,,,,0,,,,61,54,59,65,62,56,52,0,0,70,0,0,0,False,,,0,,,,,,0,50,closer,
P3407,Roberto,Martinez,1992-07-05,74,217,Hispanic,medium,brown,goatee,R,P,,1,RP,RP,,,,,49,,,,51,51,49,51,52,49,52,62,59,0,0,0,0,,,,,0,,,,44,47,44,52,39,44,44,59,54,0,0,0,0,False,,,0,,,,,,0,50,finesse_rp,
P9012,Maximo,Dellis,2002-05-14,69,217,Anglo,light,brown,beard,S,P,,1,RP,SP,,,,,50,,,,48,52,50,50,52,49,53,55,55,56,62,0,0,,,,,0,,,,61,62,64,65,65,58,61,69,60,62,77,0,0,False,,,0,,,,,,0,50,groundball_sp,
P3246,Stanford,Rentschler,1989-06-19,70,178,Anglo,light,black,mustache,R,P,,1,RP,RP,,,,,51,,,,52,51,49,50,52,52,53,60,60,0,0,0,0,,,,,0,,,,48,43,43,48,49,51,45,53,54,0,0,0,0,False,,,0,,,,,,0,50,finesse_rp,
P3387,Jacob,Tietjen,1991-01-26,77,194,Anglo,medium,blonde,clean_shaven,R,P,,1,RP,LR,,,,,51,,,,52,51,52,50,52,49,51,58,61,60,0,0,0,,,,,0,,,,50,43,43,48,49,48,44,51,61,58,0,0,0,False,,,0,,,,,,0,50,long_relief,
P7664,Jermaine,Wright,1989-07-18,73,243,African,dark,brown,mustache,R,P,,1,RP,SP,,,,,50,,,,48,50,51,52,52,52,52,53,0,0,62,0,0,,,,,0,,,,38,50,49,50,47,46,50,50,0,0,57,0,0,False,,,0,,,,,,0,50,groundball_sp,
P5698,Miquel,Natt,2001-06-09,76,198,Anglo,medium,brown,clean_shaven,S,P,,1,RP,SP,,,,,52,,,,51,49,52,50,52,51,49,57,53,53,61,0,0,,,,,0,,,,62,54,59,59,64,63,56,66,60,63,74,0,0,False,,,0,,,,,,0,50,groundball_sp,
P6524,Juan,Vargas,1994-09-07,69,200,Hispanic,light,blonde,goatee,L,P,,1,RP,RP,,,,,51,,,,48,48,51,52,52,52,48,0,0,54,59,0,0,,,,,0,,,,47,49,51,53,52,54,51,0,0,50,63,0,0,False,,,0,,,,,,0,50,groundball_rp,
P2141,Jorge,Castillo,1999-10-19,71,187,Hispanic,medium,black,mustache,R,P,,1,RP,SP,,,,,49,,,,50,49,52,52,52,48,50,53,54,57,58,0,0,,,,,0,,,,61,54,64,61,63,58,56,60,67,72,63,0,0,False,,,0,,,,,,0,50,groundball_sp,
P7822,Yong,Kim,1999-12-29,70,166,Asian,light,black,clean_shaven,R,P,,1,RP,SP,,,,,50,,,,50,48,49,50,52,49,46,58,62,58,0,53,0,,,,,0,,,,55,61,57,63,55,57,58,73,69,71,0,64,0,False,,,0,,,,,,0,50,workhorse_sp,
P7145,Rufus,Robinson,2002-03-28,70,235,African,dark,black,clean_shaven,L,P,,1,RP,SP,,,,,52,,,,51,48,50,50,52,48,49,54,53,57,59,0,0,,,,,0,,,,58,61,59,60,61,60,55,61,67,65,65,0,0,False,,,0,,,,,,0,50,groundball_sp,
P6368,Carmelo,Yurkanin,2000-05-14,71,190,Anglo,dark,brown,clean_shaven,R,C,,0,,,51,52,52,50,51,48,55,50,51,51,,,,,,,,,,,,61,64,61,62,51,0,0,50,59,59,,,,,,,,,,,,False,,,0,,,,,,0,50,,balanced
P4019,Luis,Ortiz,1991-02-23,76,218,Hispanic,medium,black,goatee,L,1B,,0,,,48,55,49,48,49,48,47,52,49,50,,,,,,,,,,,,42,50,39,48,49,0,0,52,44,41,,,,,,,,,,,,False,,,0,,,,,,0,50,,power
P1192,Everette,Stoeger,1989-05-24,70,198,Anglo,light,red,clean_shaven,R,2B,,0,,,48,52,50,51,51,51,54,49,52,48,,,,,,,,,,,,40,46,49,45,51,0,0,49,51,39,,,,,,,,,,,,False,,,0,,,,,,0,50,,average
P8151,Deshawn,Baker,1998-01-24,77,198,African,medium,black,mustache,R,3B,,0,,,50,52,85,49,51,51,52,49,48,49,,,,,,,,,,,,55,49,82,47,51,0,0,49,43,46,,,,,,,,,,,,False,,,0,,,,,,0,50,,elite_speed
P8557,Yong,Wang,2005-01-06,69,214,Asian,medium,black,clean_shaven,R,SS,,0,,,51,50,51,50,49,48,52,52,49,52,,,,,,,,,,,,81,73,64,60,49,0,0,52,72,62,,,,,,,,,,,,True,Day-to-day shoulder bruise,,0,none,2026-06-12,2,2026-06-14,,0,50,,balanced
P1819,Yong,Zhang,1997-06-23,68,224,Asian,light,brown,clean_shaven,R,LF,,0,,,50,51,51,49,49,48,54,50,48,48,,,,,,,,,,,,48,47,56,50,49,0,0,50,43,46,,,,,,,,,,,,False,,,0,,,,,,0,50,,balanced
P2991,Rufus,Gaines,1991-02-06,70,210,African,medium,black,mustache,R,CF,,0,,,52,52,50,49,52,52,53,48,51,52,,,,,,,,,,,,48,52,43,45,52,0,0,48,46,51,,,,,,,,,,,,False,,,0,,,,,,0,50,,balanced
P9880,Gil,Ahrends,1994-04-13,69,160,Anglo,light,brown,clean_shaven,R,RF,,0,,,51,60,51,52,49,48,54,48,49,48,,,,,,,,,,,,46,62,49,53,49,0,0,48,48,52,,,,,,,,,,,,False,,,0,,,,,,0,50,,power
P7407,Jose,Vargas,1993-08-05,69,223,Hispanic,medium,black,goatee,L,LF,,0,,,59,49,48,49,48,48,48,48,50,52,,,,,,,,,,,,57,49,43,39,48,0,0,48,44,46,,,,,,,,,,,,False,,,0,,,,,,0,50,,spray
P4416,Dwain,Heape,1999-02-19,75,218,Anglo,medium,brown,clean_shaven,L,1B,,0,,,49,52,52,50,50,51,47,51,48,50,,,,,,,,,,,,62,60,63,64,50,0,0,51,59,56,,,,,,,,,,,,False,,,0,,,,,,0,50,,balanced
P3598,Carlos,Gonzalez,1998-10-31,70,187,Hispanic,dark,brown,clean_shaven,R,C,,0,,,48,48,49,50,50,48,56,48,48,49,,,,,,,,,,,,53,59,57,65,50,0,0,48,63,64,,,,,,,,,,,,False,,,0,,,,,,0,50,,balanced
P9318,Darnell,Carter,2000-06-14,72,220,African,dark,brown,beard,S,CF,,0,,,48,48,70,50,49,48,51,49,52,51,,,,,,,,,,,,59,58,82,59,49,0,0,49,62,61,,,,,,,,,,,,False,,,0,,,,,,0,50,,speed
P5360,Ned,Cuadrado,1987-03-30,70,178,Anglo,light,brown,beard,L,CF,,0,,,48,49,49,50,50,48,44,52,51,51,,,,,,,,,,,,41,42,47,41,50,0,0,52,45,43,,,,,,,,,,,,False,,,0,,,,,,0,50,,balanced
P2474,Yong,Park,1999-11-16,71,211,Asian,medium,black,clean_shaven,R,1B,,0,,,50,51,48,49,52,50,53,49,49,52,,,,,,,,,,,,59,61,56,63,52,0,0,49,54,61,,,,,,,,,,,,False,,,0,,,,,,0,50,,balanced
P1623,Alejandro,Vasquez,1996-03-23,68,222,Hispanic,dark,black,clean_shaven,L,P,,1,RP,CL,,,,,55,,,,49,48,52,50,52,52,46,55,54,65,0,0,0,,,,,0,,,,52,47,50,52,50,56,48,59,52,67,0,0,0,False,,,0,,,,,,0,50,closer,
P7762,Santos,Demulling,1988-08-17,69,177,Anglo,light,brown,clean_shaven,R,P,,1,RP,CL,,,,,48,,,,52,50,51,50,52,52,50,54,0,65,0,0,0,,,,,0,,,,49,45,41,42,44,50,49,51,0,64,0,0,0,False,,,0,,,,,,0,50,closer,
P8630,Rufus,Washington,1988-09-12,69,183,African,dark,black,beard,S,P,,1,RP,LR,,,,,52,,,,51,49,51,51,52,52,51,0,61,59,0,0,0,,,,,0,,,,44,39,46,49,51,42,49,0,52,49,0,0,0,False,,,0,,,,,,0,50,long_relief,
P5984,Yong,Liu,1992-08-13,78,248,Asian,light,black,mustache,L,P,,1,RP,CL,,,,,49,,,,48,48,49,52,52,49,48,57,56,65,0,0,0,,,,,0,,,,44,39,48,51,42,41,42,49,50,65,0,0,0,False,,,0,,,,,,0,50,closer,
P6225,Lynwood,Iglehart,1994-04-01,73,225,Anglo,light,red,clean_shaven,R,P,,1,RP,SP,,,,,52,,,,51,50,48,52,52,49,50,56,54,54,62,0,0,,,,,0,,,,56,47,51,50,53,44,45,60,50,54,57,0,0,False,,,0,,,,,,0,50,groundball_sp,
P8173,Anderson,Wieben,1988-01-08,68,208,Anglo,dark,blonde,clean_shaven,R,P,,1,RP,RP,,,,,51,,,,52,50,49,50,52,52,52,0,53,57,60,0,0,,,,,0,,,,42,48,41,46,39,49,42,0,48,48,58,0,0,False,,,0,,,,,,0,50,groundball_rp,
P7198,Jose,Reyes,1989-01-08,77,246,Hispanic,medium,brown,mustache,L,P,,1,RP,RP,,,,,49,,,,49,49,49,50,52,48,50,58,61,0,0,0,0,,,,,0,,,,42,46,41,48,45,44,42,52,56,0,0,0,0,False,,,0,,,,,,0,50,finesse_rp,
P7777,Miguel,Lopez,1997-01-12,72,186,Hispanic,dark,black,clean_shaven,R,CF,,0,,,57,49,52,50,49,52,55,48,52,52,,,,,,,,,,,,52,51,54,51,49,0,0,48,56,51,,,,,,,,,,,,False,,,0,,,,,,0,50,,spray
P5315,Rafael,Ramirez,1992-07-13,74,237,Hispanic,medium,blonde,clean_shaven,R,SS,,0,,,48,48,51,49,51,50,54,51,48,51,,,,,,,,,,,,48,42,43,48,51,0,0,51,48,46,,,,,,,,,,,,False,,,0,,,,,,0,50,,average
P9125,Rufus,Baker,1997-10-27,74,236,African,dark,black,goatee,R,RF,,0,,,48,50,48,50,48,50,54,49,51,51,,,,,,,,,,,,49,54,46,48,48,0,0,49,52,55,,,,,,,,,,,,False,,,0,,,,,,0,50,,average
P3218,Sung,Huang,2003-08-03,68,202,Asian,medium,black,mustache,R,C,,0,,,48,49,51,50,51,50,53,51,49,52,,,,,,,,,,,,60,63,59,62,51,0,0,51,54,64,,,,,,,,,,,,False,,,0,,,,,,0,50,,average
P8070,Eduardo,Diaz,1991-08-11,78,206,Hispanic,light,brown,goatee,R,2B,,0,,,50,48,50,51,50,50,54,48,49,51,,,,,,,,,,,,42,43,40,50,50,0,0,48,39,50,,,,,,,,,,,,False,,,0,,,,,,0,50,,balanced
P6270,Miguel,Ortiz,1989-04-09,70,180,Hispanic,light,black,goatee,L,1B,,0,,,57,60,51,50,49,50,47,51,52,52,,,,,,,,,,,,47,56,50,46,49,0,0,51,50,46,,,,,,,,,,,,False,,,0,,,,,,0,50,,gap
P8345,Damian,Kapuscinski,1989-11-28,73,190,Anglo,light,brown,clean_shaven,R,C,,0,,,51,49,51,52,50,49,53,48,51,52,,,,,,,,,,,,48,42,46,48,50,0,0,48,47,47,,,,,,,,,,,,False,,,0,,,,,,0,50,,average
P9554,Jorge,Sanchez,1995-08-28,72,162,Hispanic,light,brown,clean_shaven,R,2B,,0,,,57,51,48,49,52,50,52,48,51,51,,,,,,,,,,,,55,55,43,50,52,0,0,48,46,49,,,,,,,,,,,,False,,,0,,,,,,0,50,,spray
P5416,Yong,Patel,2006-04-17,72,213,Asian,medium,black,clean_shaven,L,P,,1,RP,CL,,,,,55,,,,50,51,50,51,52,48,52,53,0,65,0,0,0,,,,,0,,,,62,73,76,63,64,69,77,71,0,94,0,0,0,False,,,0,,,,,,0,50,closer,
P8249,Hector,Castillo,2005-01-29,69,232,Hispanic,light,black,goatee,S,P,,1,RP,SP,,,,,48,,,,48,52,49,50,52,49,53,61,60,0,0,0,0,,,,,0,,,,74,75,61,81,73,66,63,76,78,0,0,0,0,False,,,0,,,,,,0,50,finesse_sp,
P7977,Darnell,Harris,2005-04-03,70,185,African,dark,black,clean_shaven,L,P,,1,RP,SP,,,,,51,,,,48,48,50,51,52,52,50,58,0,58,0,0,0,,,,,0,,,,76,62,77,72,79,75,65,77,0,70,0,0,0,False,,,0,,,,,,0,50,balanced_sp,
P2897,Malik,Jackson,2005-06-12,75,178,African,dark,black,clean_shaven,L,P,,1,RP,LR,,,,,52,,,,48,51,48,51,52,50,53,0,62,0,0,0,0,,,,,0,,,,62,66,64,70,59,71,68,0,84,0,0,0,0,False,,,0,,,,,,0,50,long_relief,
P1720,Manuel,Guerrero,2007-06-12,71,189,Hispanic,light,black,clean_shaven,R,P,,1,RP,SP,,,,,48,,,,48,48,50,51,52,50,47,56,56,56,61,0,0,,,,,0,,,,73,63,79,67,75,71,67,74,78,79,83,0,0,False,,,0,,,,,,0,50,groundball_sp,
P1845,Alejandro,Perez,2004-06-12,78,221,Hispanic,medium,brown,clean_shaven,R,2B,,0,,,67,48,49,49,52,51,56,50,49,48,,,,,,,,,,,,78,73,65,76,52,0,0,50,79,76,,,,,,,,,,,,False,,,0,,,,,,0,50,,spray
P8528,Manuel,Delgado,2004-09-07,69,200,Hispanic,medium,black,clean_shaven,R,1B,,0,,,48,48,50,49,48,51,53,50,48,49,,,,,,,,,,,,63,61,60,67,48,0,0,50,64,67,,,,,,,,,,,,False,,,0,,,,,,0,50,,average
P9985,Darnell,King,2006-02-15,76,229,African,dark,black,clean_shaven,S,RF,LF,0,,,51,48,49,50,49,51,50,48,50,49,,,,,,,,,,,,64,77,67,73,49,0,0,48,78,76,,,,,,,,,,,,False,,,0,,,,,,0,50,,average
P3589,Antonio,Morales,2006-08-20,77,227,Hispanic,light,brown,mustache,R,3B,,0,,,50,51,49,49,50,48,55,52,52,49,,,,,,,,,,,,76,63,61,70,50,0,0,52,65,63,,,,,,,,,,,,False,,,0,,,,,,0,50,,balanced
P2613,Levi,Addy,2004-05-13,68,182,Anglo,light,brown,clean_shaven,R,LF,,0,,,49,52,52,51,48,51,52,49,49,49,,,,,,,,,,,,77,67,66,75,48,0,0,49,68,74,,,,,,,,,,,,False,,,0,,,,,,0,50,,balanced
P9449,Yong,Lin,2001-08-23,74,193,Asian,light,black,goatee,R,P,,1,RP,CL,,,,,55,,,,50,51,48,50,52,52,49,57,53,65,0,0,0,,,,,0,,,,64,64,65,63,55,63,57,67,65,74,0,0,0,False,,,0,,,,,,0,50,closer,
P5563,Curt,Carmouche,1993-05-02,69,193,Anglo,light,brown,beard,R,P,,1,RP,SP,,,,,49,,,,52,51,52,52,52,51,51,0,59,58,0,0,0,,,,,0,,,,45,51,43,51,44,45,49,0,50,53,0,0,0,False,,,0,,,,,,0,50,power_sp,
P9227,Hector,Vasquez,2003-09-06,71,234,Hispanic,medium,brown,clean_shaven,R,P,,1,RP,SP,,,,,52,,,,52,51,51,52,52,51,51,0,59,58,55,0,0,,,,,0,,,,62,65,63,66,65,59,57,0,70,65,60,0,0,False,,,0,,,,,,0,50,power_sp,
P6153,Cedric,King,1992-09-16,72,225,African,medium,black,clean_shaven,R,P,,1,RP,SP,,,,,69,,,,52,51,51,50,52,49,53,58,58,60,53,0,0,,,,,66,,,,47,43,42,47,51,45,44,55,52,55,51,0,0,False,,,0,,,,,,0,50,balanced_sp,
P7575,Clarence,Pires,1995-01-08,77,214,Anglo,light,brown,goatee,L,P,,1,RP,SP,,,,,51,,,,52,49,50,50,52,49,48,53,0,57,62,0,0,,,,,0,,,,56,52,53,47,53,45,44,53,0,61,62,0,0,False,,,0,,,,,,0,50,groundball_sp,
P5043,Darnell,Jackson,2002-11-07,72,207,African,dark,brown,clean_shaven,R,P,,1,RP,RP,,,,,50,,,,49,48,48,51,52,50,49,60,58,0,55,0,0,,,,,0,,,,55,55,59,60,59,57,64,71,73,0,65,0,0,False,,,0,,,,,,0,50,finesse_rp,
P1170,Sung,Le,1999-06-09,73,213,Asian,medium,black,clean_shaven,R,P,,1,RP,SP,,,,,51,,,,52,51,49,50,52,52,49,60,61,61,0,57,0,,,,,0,,,,57,59,56,64,62,62,58,69,69,70,0,62,0,False,,,0,,,,,,0,50,balanced_sp,
P6273,Alejandro,Ramirez,1993-12-22,68,203,Hispanic,dark,brown,clean_shaven,R,P,,1,RP,SP,,,,,51,,,,52,48,49,51,52,48,50,56,0,0,62,0,0,,,,,0,,,,44,39,46,50,39,40,40,56,0,0,54,0,0,False,,,0,,,,,,0,50,groundball_sp,
P1557,Cedric,Gaines,1999-03-13,74,186,African,dark,black,goatee,L,P,,1,RP,RP,,,,,49,,,,48,49,49,50,52,49,50,59,0,0,0,0,0,,,,,0,,,,58,55,56,66,58,54,58,74,0,0,0,0,0,False,,,0,,,,,,0,50,finesse_rp,
P8486,Yong,Li,2004-03-30,76,165,Asian,medium,black,clean_shaven,R,P,,1,RP,SP,,,,,50,,,,49,48,49,50,52,51,50,54,0,53,58,0,0,,,,,0,,,,68,66,78,71,79,70,64,84,0,68,74,0,0,False,,,0,,,,,,0,50,groundball_sp,
P8922,Arlie,Dolphin,2002-03-01,70,248,Anglo,light,black,clean_shaven,S,P,,1,RP,SP,,,,,52,,,,49,51,49,50,52,51,53,0,61,59,0,0,0,,,,,0,,,,57,58,62,64,55,58,65,0,75,73,0,0,0,False,,,0,,,,,,0,50,workhorse_sp,
P6572,Carlos,Diaz,1991-08-22,70,211,Hispanic,medium,black,clean_shaven,L,C,,0,,,50,49,48,50,48,50,48,51,52,48,,,,,,,,,,,,47,48,41,47,48,0,0,51,43,38,,,,,,,,,,,,False,,,0,,,,,,0,50,,balanced
P9802,Percy,Washington,1998-01-30,70,243,African,dark,black,clean_shaven,R,1B,,0,,,58,50,51,49,51,52,56,50,52,48,,,,,,,,,,,,61,50,53,51,51,0,0,50,55,53,,,,,,,,,,,,False,,,0,,,,,,0,50,,spray
P4866,Marcellus,Aubin,1989-10-11,70,209,Anglo,medium,blonde,beard,R,2B,,0,,,56,48,49,52,50,51,55,50,49,51,,,,,,,,,,,,48,46,43,43,50,0,0,50,44,45,,,,,,,,,,,,True,Day-to-day shoulder bruise,,0,none,2026-05-21,2,2026-05-23,,0,50,,spray
P1670,Lindsay,Pachlin,1994-11-20,68,203,Anglo,dark,blonde,beard,R,3B,,0,,,49,50,70,49,52,48,56,49,50,49,,,,,,,,,,,,45,55,67,47,52,0,0,49,55,46,,,,,,,,,,,,False,,,0,,,,,,0,50,,speed
P4489,Rene,Lattrell,1995-08-04,69,249,Anglo,light,blonde,clean_shaven,R,SS,,0,,,51,50,51,49,51,51,52,49,52,51,,,,,,,,,,,,55,46,54,54,51,0,0,49,55,54,,,,,,,,,,,,False,,,0,,,,,,0,50,,balanced
P4772,Eduardo,Gomez,1991-11-04,76,245,Hispanic,dark,brown,clean_shaven,R,LF,,0,,,49,50,70,50,51,51,56,51,52,49,,,,,,,,,,,,49,45,65,42,51,0,0,51,48,39,,,,,,,,,,,,False,,,0,,,,,,0,50,,speed
P5114,Darnell,Washington,1993-07-16,78,187,African,light,black,clean_shaven,R,CF,,0,,,48,48,52,48,50,50,55,49,52,48,,,,,,,,,,,,45,40,47,48,50,0,0,49,42,48,,,,,,,,,,,,False,,,0,,,,,,0,50,,balanced
P7282,Pedro,Flores,2004-10-05,69,193,Hispanic,light,black,clean_shaven,R,RF,,0,,,59,52,48,51,50,51,52,48,51,52,,,,,,,,,,,,78,78,71,78,50,0,0,48,68,69,,,,,,,,,,,,False,,,0,,,,,,0,50,,spray
P4496,Antonio,Rodriguez,1988-07-01,72,228,Hispanic,medium,blonde,mustache,R,C,,0,,,51,50,48,49,48,51,54,49,48,52,,,,,,,,,,,,50,49,48,44,48,0,0,49,43,46,,,,,,,,,,,,False,,,0,,,,,,0,50,,balanced
P1552,Yong,Tanaka,1991-10-26,77,196,Asian,light,brown,clean_shaven,R,3B,,0,,,49,49,52,48,48,52,54,48,50,48,,,,,,,,,,,,47,42,49,40,48,0,0,48,44,38,,,,,,,,,,,,False,,,0,,,,,,0,50,,balanced
P2038,Ambrose,Evitts,1988-05-29,69,195,Anglo,medium,brown,clean_shaven,L,CF,,0,,,48,51,85,51,52,49,47,50,49,50,,,,,,,,,,,,46,49,75,41,52,0,0,50,45,46,,,,,,,,,,,,False,,,0,,,,,,0,50,,elite_speed
P7609,Luis,Lopez,2001-07-04,73,197,Hispanic,light,brown,clean_shaven,R,LF,,0,,,49,49,52,50,50,51,56,51,52,48,,,,,,,,,,,,58,58,58,62,50,0,0,51,58,55,,,,,,,,,,,,False,,,0,,,,,,0,50,,average
P2717,Malik,Mitchell,1993-02-10,74,171,African,dark,black,clean_shaven,R,1B,,0,,,49,49,49,49,50,48,54,49,48,48,,,,,,,,,,,,41,43,47,43,50,0,0,49,44,44,,,,,,,,,,,,False,,,0,,,,,,0,50,,balanced
P7100,Kristofer,Kinstle,2000-04-26,68,177,Anglo,light,blonde,goatee,R,3B,,0,,,49,52,51,48,50,51,54,50,48,50,,,,,,,,,,,,63,58,58,53,50,0,0,50,54,65,,,,,,,,,,,,False,,,0,,,,,,0,50,,balanced
P8970,Yong,Nguyen,1988-10-17,77,239,Asian,medium,black,goatee,R,P,,1,RP,CL,,,,,55,,,,51,49,52,50,52,51,49,0,54,65,0,0,0,,,,,0,,,,50,44,48,47,43,42,43,0,53,61,0,0,0,False,,,0,,,,,,0,50,closer,
P8140,Clifton,Godleski,1997-09-03,71,160,Anglo,light,black,clean_shaven,R,P,,1,RP,RP,,,,,50,,,,51,49,51,50,52,48,50,0,0,60,0,0,0,,,,,0,,,,50,47,51,53,52,52,45,0,0,59,0,0,0,False,,,0,,,,,,0,50,power_rp,
P5570,Edmundo,Arcement,1994-04-09,71,204,Anglo,medium,black,clean_shaven,R,P,,1,RP,RP,,,,,49,,,,50,52,49,50,52,48,53,61,58,0,56,0,0,,,,,0,,,,48,50,55,50,47,53,49,58,59,0,58,0,0,False,,,0,,,,,,0,50,finesse_rp,
P9264,Rufus,Carter,1996-06-21,72,227,African,dark,black,clean_shaven,L,P,,1,RP,CL,,,,,48,,,,51,52,48,50,52,52,51,53,0,65,0,0,0,,,,,0,,,,56,49,52,54,50,47,50,49,0,63,0,0,0,False,,,0,,,,,,0,50,closer,
P3687,Hector,Rivera,1995-02-05,74,162,Hispanic,dark,black,clean_shaven,L,P,,1,RP,SP,,,,,49,,,,50,48,48,51,52,51,50,0,0,55,59,0,0,,,,,0,,,,49,43,49,56,52,49,51,0,0,59,64,0,0,False,,,0,,,,,,0,50,groundball_sp,
P1453,Hugh,Maniatis,1993-07-31,78,181,Anglo,light,brown,clean_shaven,L,P,,1,RP,RP,,,,,50,,,,51,48,49,52,52,49,50,0,60,58,0,0,0,,,,,0,,,,41,42,49,45,40,41,45,0,59,54,0,0,0,False,,,0,,,,,,0,50,power_rp,
P6385,Filiberto,Bisignano,1999-03-25,78,215,Anglo,dark,brown,beard,L,P,,1,RP,LR,,,,,48,,,,51,52,52,52,52,50,52,0,60,61,0,0,0,,,,,0,,,,66,59,57,62,66,57,67,0,74,74,0,0,0,False,,,0,,,,,,0,50,long_relief,
P3498,Roberto,Ramirez,1998-12-13,72,172,Hispanic,medium,black,clean_shaven,R,C,,0,,,48,52,50,50,50,52,54,52,50,50,,,,,,,,,,,,62,67,59,59,50,0,0,52,63,58,,,,,,,,,,,,False,,,0,,,,,,0,50,,balanced
P5855,Alejandro,Castillo,1994-08-25,74,244,Hispanic,light,black,clean_shaven,R,C,,0,,,51,50,49,50,52,48,53,51,50,49,,,,,,,,,,,,50,46,53,54,52,0,0,51,50,54,,,,,,,,,,,,False,,,0,,,,,,0,50,,average
P3008,Trent,Curz,1999-11-23,72,203,Anglo,dark,red,clean_shaven,R,C,,0,,,51,51,51,50,48,50,55,50,49,50,,,,,,,,,,,,65,61,56,65,48,0,0,50,55,63,,,,,,,,,,,,False,,,0,,,,,,0,50,,average
P6213,Eduardo,Ortiz,1996-05-13,76,182,Hispanic,medium,black,clean_shaven,L,LF,,0,,,52,51,50,52,50,52,48,49,49,49,,,,,,,,,,,,57,46,52,57,50,0,0,49,44,51,,,,,,,,,,,,False,,,0,,,,,,0,50,,average
P2022,Jamal,Young,1996-11-28,72,236,African,dark,black,clean_shaven,R,1B,,0,,,48,50,70,48,52,51,52,50,48,48,,,,,,,,,,,,50,50,67,43,52,0,0,50,43,53,,,,,,,,,,,,False,,,0,,,,,,0,50,,speed
P4076,Sung,Nguyen,1992-12-30,68,235,Asian,medium,black,clean_shaven,L,RF,,0,,,52,48,51,51,48,51,45,51,50,48,,,,,,,,,,,,48,42,45,45,48,0,0,51,42,42,,,,,,,,,,,,False,,,0,,,,,,0,50,,average
P2390,Jude,Snoderly,1993-06-28,69,189,Anglo,light,brown,clean_shaven,R,SS,,0,,,49,49,48,48,52,51,56,51,52,50,,,,,,,,,,,,39,49,40,43,52,0,0,51,50,42,,,,,,,,,,,,False,,,0,,,,,,0,50,,balanced
P5773,Edwardo,Hinke,2004-12-21,77,250,Anglo,light,black,clean_shaven,R,2B,,0,,,62,64,51,49,50,51,55,48,48,49,,,,,,,,,,,,80,94,67,71,50,0,0,48,68,77,,,,,,,,,,,,False,,,0,,,,,,0,50,,gap
P8725,Karl,Rotter,2004-11-03,72,197,Anglo,light,black,mustache,R,P,,1,RP,CL,,,,,55,,,,48,52,49,52,52,50,53,0,0,65,0,0,0,,,,,0,,,,62,78,65,78,67,71,73,0,0,79,0,0,0,False,,,0,,,,,,0,50,closer,
P8929,Eduardo,Sanchez,2004-07-03,72,246,Hispanic,dark,brown,goatee,R,P,,1,RP,SP,,,,,51,,,,51,49,52,50,52,48,49,61,59,0,56,0,0,,,,,0,,,,70,59,63,81,82,75,66,87,77,0,74,0,0,False,,,0,,,,,,0,50,finesse_sp,
P9008,Jose,Morales,2006-09-06,76,250,Hispanic,light,black,clean_shaven,L,P,,1,RP,RP,,,,,49,,,,48,48,49,50,52,50,50,0,58,0,0,0,0,,,,,0,,,,75,62,60,78,65,67,64,0,76,0,0,0,0,False,,,0,,,,,,0,50,power_rp,
P5853,Yong,Hassan,2005-10-27,68,205,Asian,medium,black,clean_shaven,R,P,,1,RP,RP,,,,,49,,,,49,52,52,52,52,52,52,57,54,0,60,0,0,,,,,0,,,,67,79,77,69,78,63,70,79,81,0,74,0,0,False,,,0,,,,,,0,50,groundball_rp,
P3129,Jorge,Rodriguez,2007-12-09,75,185,Hispanic,medium,brown,mustache,R,P,,1,RP,RP,,,,,51,,,,50,48,52,50,52,51,46,59,0,0,0,0,0,,,,,0,,,,70,74,63,65,71,69,74,84,0,0,0,0,0,False,,,0,,,,,,0,50,finesse_rp,
P5742,Dion,Kamin,2007-03-24,69,161,Anglo,light,blonde,clean_shaven,L,CF,LF,0,,,50,50,85,50,48,51,45,48,52,50,,,,,,,,,,,,66,75,99,60,48,0,0,48,80,69,,,,,,,,,,,,False,,,0,,,,,,0,50,,elite_speed
P9835,Jorge,Delgado,2005-04-25,71,203,Hispanic,medium,brown,beard,S,C,,0,,,48,50,50,50,50,52,52,48,50,49,,,,,,,,,,,,66,74,77,78,50,0,0,48,80,60,,,,,,,,,,,,False,,,0,,,,,,0,50,,balanced
P6836,Pedro,Mendoza,2008-01-25,77,186,Hispanic,medium,brown,clean_shaven,R,LF,,0,,,51,48,48,49,52,48,54,49,49,52,,,,,,,,,,,,66,67,70,75,52,0,0,49,75,80,,,,,,,,,,,,False,,,0,,,,,,0,50,,balanced
P7855,Billy,Trabue,2006-01-29,72,176,Anglo,light,brown,goatee,L,1B,LF,0,,,48,55,49,49,50,48,45,49,49,52,,,,,,,,,,,,71,68,66,61,50,0,0,49,73,77,,,,,,,,,,,,False,,,0,,,,,,0,50,,power
P5568,Darrick,Burpee,2004-06-07,72,178,Anglo,light,brown,beard,R,SS,,0,,,49,51,70,51,50,51,56,52,51,51,,,,,,,,,,,,61,77,95,63,50,0,0,52,74,62,,,,,,,,,,,,False,,,0,,,,,,0,50,,speed
P2630,Deshawn,Mitchell,1988-01-10,75,224,African,light,black,mustache,R,P,,1,RP,CL,,,,,55,,,,51,49,49,50,52,50,49,0,0,65,0,0,0,,,,,0,,,,46,44,41,45,46,48,45,0,0,63,0,0,0,False,,,0,,,,,,0,50,closer,
P2335,Ashley,Mennen,1991-03-31,71,247,Anglo,light,brown,clean_shaven,R,P,,1,RP,RP,,,,,52,,,,48,51,48,51,52,50,51,0,62,61,0,0,0,,,,,0,,,,40,42,42,42,38,45,49,0,62,58,0,0,0,False,,,0,,,,,,0,50,power_rp,
P3861,Jorge,Flores,1993-04-17,73,177,Hispanic,medium,blonde,goatee,R,P,,1,RP,SP,,,,,52,,,,48,52,50,51,52,52,51,62,62,62,0,0,0,,,,,0,,,,38,42,46,44,44,51,41,59,58,60,0,0,0,False,,,0,,,,,,0,50,workhorse_sp,
P4098,Yong,Khan,1995-10-26,75,222,Asian,dark,black,beard,S,P,,1,RP,SP,,,,,49,,,,51,52,51,50,52,50,51,56,0,55,62,0,0,,,,,0,,,,50,50,54,51,55,51,48,56,0,50,61,0,0,False,,,0,,,,,,0,50,groundball_sp,
P4536,Xavier,Taylor,1989-09-12,76,222,African,dark,black,mustache,L,P,,1,RP,SP,,,,,49,,,,50,50,49,50,52,52,51,59,60,54,0,0,0,,,,,0,,,,40,46,44,50,49,42,50,59,60,50,0,0,0,False,,,0,,,,,,0,50,finesse_sp,
P3915,Sung,Tran,1992-03-14,71,230,Asian,medium,black,clean_shaven,S,P,,1,RP,SP,,,,,51,,,,48,51,50,52,52,49,53,58,62,62,0,0,0,,,,,0,,,,39,50,44,42,49,49,43,49,58,55,0,0,0,False,,,0,,,,,,0,50,workhorse_sp,
P8520,Malik,Washington,1993-09-20,70,212,African,dark,black,clean_shaven,R,P,,1,RP,SP,,,,,50,,,,51,48,49,50,52,48,47,61,58,62,54,0,0,,,,,0,,,,47,45,46,50,42,48,42,56,52,57,54,0,0,False,,,0,,,,,,0,50,balanced_sp,
P6615,Ricardo,Guerrero,1997-05-25,69,182,Hispanic,medium,brown,clean_shaven,L,P,,1,RP,SP,,,,,48,,,,50,52,51,51,52,52,51,56,0,0,62,0,0,,,,,0,,,,46,49,53,53,47,56,49,60,0,0,60,0,0,False,,,0,,,,,,0,50,groundball_sp,
P1662,Edmundo,Derobles,1998-06-18,75,164,Anglo,medium,brown,clean_shaven,R,P,,1,RP,RP,,,,,48,,,,52,52,48,50,52,51,52,61,62,0,0,54,0,,,,,0,,,,65,58,60,61,57,59,64,69,75,0,0,67,0,False,,,0,,,,,,0,50,finesse_rp,
P7956,Sung,Wang,2002-03-16,71,194,Asian,medium,brown,clean_shaven,L,P,,1,RP,SP,,,,,50,,,,48,51,51,50,52,50,49,0,0,53,59,0,0,,,,,0,,,,62,57,56,57,61,59,62,0,0,59,66,0,0,False,,,0,,,,,,0,50,groundball_sp,
P7482,Miguel,Delgado,1991-04-27,73,250,Hispanic,dark,black,clean_shaven,R,P,,1,RP,SP,,,,,52,,,,52,48,52,50,52,50,49,59,0,59,0,0,0,,,,,0,,,,44,41,44,52,46,43,48,54,0,52,0,0,0,False,,,0,,,,,,0,50,balanced_sp,
P4073,Barry,Schmoyer,1996-07-30,71,173,Anglo,light,blonde,clean_shaven,R,C,,0,,,50,52,52,49,48,48,56,48,50,48,,,,,,,,,,,,45,50,48,52,48,0,0,48,47,47,,,,,,,,,,,,False,,,0,,,,,,0,50,,balanced
P1355,Jarrett,Sammons,1999-02-27,69,211,Anglo,medium,red,clean_shaven,R,1B,,0,,,57,48,51,49,51,49,52,50,48,48,,,,,,,,,,,,66,58,63,56,51,0,0,50,53,63,,,,,,,,,,,,False,,,0,,,,,,0,50,,spray
P4392,Jim,Florek,1990-04-02,72,171,Anglo,medium,brown,clean_shaven,R,2B,,0,,,50,51,50,49,52,50,55,51,51,49,,,,,,,,,,,,46,50,44,45,52,0,0,51,47,44,,,,,,,,,,,,False,,,0,,,,,,0,50,,balanced
P3529,Francisco,Delgado,1990-12-19,74,163,Hispanic,medium,brown,mustache,L,3B,,0,,,52,63,50,52,51,51,44,49,52,50,,,,,,,,,,,,51,56,41,51,51,0,0,49,42,44,,,,,,,,,,,,False,,,0,,,,,,0,50,,power
P7717,Lemuel,Copenhaver,2001-06-12,78,204,Anglo,medium,blonde,clean_shaven,L,SS,,0,,,51,48,85,52,48,50,48,52,49,52,,,,,,,,,,,,66,63,95,57,48,0,0,52,60,64,,,,,,,,,,,,False,,,0,,,,,,0,50,,elite_speed
P2103,Hiram,Harcey,2004-03-25,71,213,Anglo,medium,brown,clean_shaven,L,LF,,0,,,52,61,50,51,48,49,46,48,48,52,,,,,,,,,,,,68,77,66,69,48,0,0,48,62,65,,,,,,,,,,,,False,,,0,,,,,,0,50,,power
P9825,Numbers,Lamoreau,1988-07-17,71,164,Anglo,medium,brown,beard,R,CF,,0,,,48,55,49,50,52,49,56,50,48,51,,,,,,,,,,,,47,52,46,48,52,0,0,50,39,50,,,,,,,,,,,,False,,,0,,,,,,0,50,,power
P6576,Juan,Ramos,1989-06-17,68,214,Hispanic,medium,blonde,mustache,L,RF,,0,,,50,51,85,49,48,49,46,52,52,52,,,,,,,,,,,,46,49,84,40,48,0,0,52,51,43,,,,,,,,,,,,False,,,0,,,,,,0,50,,elite_speed
P8731,Xavier,Washington,1992-11-26,78,194,African,dark,black,clean_shaven,R,LF,,0,,,48,51,51,48,48,49,53,48,50,48,,,,,,,,,,,,47,43,48,47,48,0,0,48,41,45,,,,,,,,,,,,False,,,0,,,,,,0,50,,average
P8561,Sung,Lin,1988-01-09,75,215,Asian,light,black,clean_shaven,R,2B,,0,,,58,50,49,48,48,50,54,48,49,50,,,,,,,,,,,,49,43,40,43,48,0,0,48,42,43,,,,,,,,,,,,False,,,0,,,,,,0,50,,spray
P1531,Sung,Kim,1990-06-14,70,172,Asian,light,black,clean_shaven,L,1B,,0,,,51,59,51,50,50,50,48,50,49,48,,,,,,,,,,,,45,54,45,46,50,0,0,50,45,45,,,,,,,,,,,,False,,,0,,,,,,0,50,,power
P5562,Omar,Marples,1997-09-30,73,196,Anglo,light,brown,beard,L,CF,,0,,,51,52,70,49,49,51,47,49,49,48,,,,,,,,,,,,48,57,70,50,49,0,0,49,50,46,,,,,,,,,,,,False,,,0,,,,,,0,50,,speed
P6364,Ross,Babione,1999-11-17,70,213,Anglo,light,red,clean_shaven,L,LF,,0,,,48,48,52,49,50,51,46,49,49,48,,,,,,,,,,,,54,55,58,58,50,0,0,49,63,55,,,,,,,,,,,,False,,,0,,,,,,0,50,,average
P1082,Francisco,Rivera,1994-04-01,75,168,Hispanic,light,blonde,mustache,R,SS,,0,,,49,49,50,49,52,51,52,52,49,50,,,,,,,,,,,,47,49,50,47,52,0,0,52,53,49,,,,,,,,,,,,False,,,0,,,,,,0,50,,gap
P1126,Dee,Laport,1992-09-22,77,188,Anglo,light,brown,clean_shaven,R,P,,1,RP,CL,,,,,55,,,,48,48,49,50,52,48,47,0,56,65,0,0,0,,,,,0,,,,43,48,44,46,49,42,47,0,51,55,0,0,0,False,,,0,,,,,,0,50,closer,
P7028,Rafael,Hernandez,1998-09-20,76,245,Hispanic,medium,brown,clean_shaven,L,P,,1,RP,LR,,,,,48,,,,52,48,50,51,52,48,50,60,61,60,0,0,0,,,,,0,,,,60,53,62,60,59,61,57,75,69,75,0,0,0,False,,,0,,,,,,0,50,long_relief,
P6486,Percy,Robinson,2001-02-23,77,173,African,dark,black,clean_shaven,S,P,,1,RP,RP,,,,,50,,,,51,52,49,50,52,49,53,0,0,55,61,0,0,,,,,0,,,,58,59,63,63,59,63,58,0,0,69,75,0,0,False,,,0,,,,,,0,50,groundball_rp,
P4596,Barton,Figuroa,1990-02-10,78,190,Anglo,dark,brown,clean_shaven,S,P,,1,RP,SP,,,,,48,,,,51,48,51,50,52,52,46,0,62,60,0,0,0,,,,,0,,,,44,39,50,48,48,44,43,0,53,51,0,0,0,False,,,0,,,,,,0,50,power_sp,
P4138,Casey,Kassab,1989-02-15,75,181,Anglo,light,brown,goatee,R,P,,1,RP,RP,,,,,52,,,,52,51,52,51,52,50,53,56,0,53,58,0,0,,,,,0,,,,52,46,42,51,43,50,45,52,0,52,49,0,0,False,,,0,,,,,,0,50,groundball_rp,
P4821,Sung,Hassan,2003-05-11,70,241,Asian,medium,black,clean_shaven,L,P,,1,RP,SP,,,,,52,,,,51,48,48,50,52,51,48,58,62,60,0,0,0,,,,,0,,,,62,60,63,59,53,64,62,66,76,65,0,0,0,False,,,0,,,,,,0,50,balanced_sp,
P5931,Cedric,Jackson,2002-11-13,73,178,African,dark,black,clean_shaven,R,P,,1,RP,RP,,,,,51,,,,49,52,52,51,52,51,54,0,54,55,60,0,0,,,,,0,,,,57,64,66,67,58,65,62,0,61,63,68,0,0,False,,,0,,,,,,0,50,groundball_rp,
P2707,Monroe,Tyo,1998-11-25,76,182,Anglo,light,brown,beard,R,CF,,0,,,52,49,52,49,48,50,54,52,51,51,,,,,,,,,,,,64,62,59,55,48,0,0,52,59,61,,,,,,,,,,,,False,,,0,,,,,,0,50,,average
P4859,Raul,Hernandez,1995-04-15,78,206,Hispanic,medium,black,goatee,R,SS,,0,,,52,51,50,52,48,50,55,52,49,49,,,,,,,,,,,,54,54,54,49,48,0,0,52,50,54,,,,,,,,,,,,False,,,0,,,,,,0,50,,balanced
P8821,Junior,Litecky,2003-02-10,76,203,Anglo,light,black,clean_shaven,R,SS,,0,,,51,52,48,51,50,51,53,49,49,48,,,,,,,,,,,,65,61,59,65,50,0,0,49,57,58,,,,,,,,,,,,False,,,0,,,,,,0,50,,balanced
P2244,Arden,Kostiv,2000-07-14,71,232,Anglo,medium,black,clean_shaven,R,2B,,0,,,50,51,70,51,51,51,52,48,48,49,,,,,,,,,,,,56,56,77,58,51,0,0,48,58,55,,,,,,,,,,,,False,,,0,,,,,,0,50,,speed
P7285,Tyrone,King,1997-02-27,68,209,African,dark,brown,beard,L,1B,,0,,,48,52,49,49,49,51,45,52,49,52,,,,,,,,,,,,53,55,47,46,49,0,0,52,51,53,,,,,,,,,,,,False,,,0,,,,,,0,50,,balanced
P3929,Von,Hare,2001-07-01,71,217,Anglo,light,brown,mustache,R,2B,,0,,,58,48,51,50,51,48,52,49,52,50,,,,,,,,,,,,71,61,59,60,51,0,0,49,62,55,,,,,,,,,,,,False,,,0,,,,,,0,50,,spray
P9047,Monte,Latif,2002-01-29,70,237,Anglo,light,brown,mustache,L,1B,,0,,,51,50,52,52,51,50,44,48,49,48,,,,,,,,,,,,65,60,57,57,51,0,0,48,60,59,,,,,,,,,,,,False,,,0,,,,,,0,50,,balanced
P1814,Elliot,Arrambide,1999-08-26,71,247,Anglo,dark,black,clean_shaven,R,2B,,0,,,51,50,85,50,50,50,55,52,48,48,,,,,,,,,,,,58,55,98,65,50,0,0,52,55,54,,,,,,,,,,,,False,,,0,,,,,,0,50,,elite_speed
P4826,Malik,Gaines,2006-08-27,70,246,African,dark,black,mustache,L,P,,1,RP,CL,,,,,55,,,,49,50,50,50,52,52,51,0,0,65,0,0,0,,,,,0,,,,73,78,71,72,79,65,74,0,0,79,0,0,0,False,,,0,,,,,,0,50,closer,
P2204,Felipe,Plotz,2006-08-04,69,230,Anglo,light,brown,goatee,R,P,,1,RP,RP,,,,,49,,,,52,50,50,50,52,52,51,62,58,0,0,56,0,,,,,0,,,,82,67,79,79,71,63,63,85,83,0,0,86,0,False,,,0,,,,,,0,50,finesse_rp,
P3460,Cedric,White,2007-03-30,72,173,African,dark,black,beard,L,P,,1,RP,LR,,,,,50,,,,51,50,48,52,52,51,52,59,60,59,0,0,0,,,,,0,,,,81,80,70,79,74,69,65,86,81,73,0,0,0,False,,,0,,,,,,0,50,long_relief,
P2292,Rafael,Guerrero,2007-07-30,75,203,Hispanic,medium,brown,clean_shaven,R,P,,1,RP,SP,,,,,50,,,,52,49,51,52,52,52,48,0,58,58,0,0,0,,,,,0,,,,72,63,65,67,68,73,58,0,68,86,0,0,0,False,,,0,,,,,,0,50,power_sp,
P3175,Palmer,Ooton,2004-09-15,75,235,Anglo,light,red,goatee,L,P,,1,RP,SP,,,,,50,,,,50,50,48,50,52,49,50,55,56,0,58,0,0,,,,,0,,,,60,62,71,76,60,59,64,76,72,0,78,0,0,False,,,0,,,,,,0,50,groundball_sp,
P6186,Waylon,Hykes,2005-11-20,71,192,Anglo,light,blonde,clean_shaven,R,CF,,0,,,51,52,49,52,49,52,56,51,51,48,,,,,,,,,,,,61,76,68,81,49,0,0,51,72,69,,,,,,,,,,,,False,,,0,,,,,,0,50,,average
P1171,Sung,Patel,2007-01-02,71,240,Asian,medium,black,clean_shaven,L,RF,,0,,,60,49,50,49,49,49,48,51,49,48,,,,,,,,,,,,77,60,62,74,49,0,0,51,69,69,,,,,,,,,,,,False,,,0,,,,,,0,50,,spray
P1168,Percy,Baker,2007-06-18,73,238,African,dark,black,mustache,R,C,LF,0,,,63,51,50,49,49,52,52,49,48,49,,,,,,,,,,,,93,78,70,76,49,0,0,49,70,79,,,,,,,,,,,,False,,,0,,,,,,0,50,,spray
P3475,Yong,Chen,2007-10-30,69,201,Asian,light,black,goatee,L,RF,,0,,,49,57,52,48,49,50,48,49,49,50,,,,,,,,,,,,77,86,62,64,49,0,0,49,70,80,,,,,,,,,,,,False,,,0,,,,,,0,50,,power
P1444,Emerson,Mcgraff,2005-09-22,71,192,Anglo,light,red,beard,R,RF,,0,,,49,49,52,49,49,52,55,49,51,49,,,,,,,,,,,,78,59,62,62,49,0,0,49,61,65,,,,,,,,,,,,False,,,0,,,,,,0,50,,balanced
P7616,Percy,Gaines,1992-02-23,78,207,African,dark,black,goatee,L,P,,1,RP,CL,,,,,55,,,,51,48,49,50,52,49,50,0,56,65,0,0,0,,,,,0,,,,48,41,42,45,39,42,47,0,51,56,0,0,0,False,,,0,,,,,,0,50,closer,
P2260,Xavier,Green,1990-07-16,68,217,African,dark,brown,beard,R,P,,1,RP,RP,,,,,51,,,,48,48,50,50,52,51,48,62,58,0,0,53,0,,,,,0,,,,40,47,42,45,45,41,45,62,56,0,0,53,0,False,,,0,,,,,,0,50,finesse_rp,
P3363,Irving,Galarneau,1989-07-24,73,183,Anglo,light,blonde,mustache,R,P,,1,RP,CL,,,,,51,,,,52,48,52,50,52,50,48,0,0,65,0,0,0,,,,,0,,,,44,46,40,50,47,41,47,0,0,62,0,0,0,False,,,0,,,,,,0,50,closer,
P3620,Tyrone,Taylor,1990-10-31,74,186,African,medium,black,clean_shaven,R,P,,1,RP,RP,,,,,50,,,,50,48,50,50,52,48,48,0,62,61,55,0,0,,,,,0,,,,40,38,40,42,48,39,42,0,61,56,53,0,0,False,,,0,,,,,,0,50,power_rp,
P9055,Alfonso,Fortier,1994-06-25,75,200,Anglo,medium,brown,clean_shaven,R,P,,1,RP,SP,,,,,51,,,,49,51,52,52,52,48,51,60,59,0,54,53,0,,,,,0,,,,45,54,57,52,53,51,50,62,60,0,51,50,0,False,,,0,,,,,,0,50,finesse_sp,
P6837,Darnell,Allen,1995-07-03,68,226,African,dark,black,goatee,R,P,,1,RP,SP,,,,,51,,,,51,52,48,51,52,51,50,60,0,62,0,0,0,,,,,0,,,,51,47,56,48,51,54,52,64,0,67,0,0,0,False,,,0,,,,,,0,50,balanced_sp,
P8767,Antonio,Cruz,1997-01-08,77,204,Hispanic,medium,black,clean_shaven,L,P,,1,RP,RP,,,,,50,,,,48,49,52,51,52,48,47,59,62,0,0,0,0,,,,,0,,,,47,46,55,51,48,44,50,57,60,0,0,0,0,False,,,0,,,,,,0,50,finesse_rp,
P9583,Eduardo,Ramos,1989-08-03,74,165,Hispanic,dark,brown,mustache,S,P,,1,RP,CL,,,,,52,,,,49,48,52,50,52,52,47,55,56,65,0,0,0,,,,,0,,,,39,43,41,44,42,47,41,46,46,64,0,0,0,False,,,0,,,,,,0,50,closer,
P9152,Mason,Perrish,1992-05-17,72,172,Anglo,light,black,clean_shaven,R,P,,1,RP,SP,,,,,52,,,,52,49,48,52,52,51,50,60,0,59,0,0,0,,,,,0,,,,45,42,52,50,42,45,45,56,0,55,0,0,0,False,,,0,,,,,,0,50,balanced_sp,
P3810,Paul,Mazey,1996-08-29,74,236,Anglo,medium,blonde,clean_shaven,L,P,,1,RP,SP,,,,,52,,,,51,50,49,50,52,52,51,0,62,60,0,54,0,,,,,0,,,,56,45,51,48,45,54,49,0,62,56,0,53,0,False,,,0,,,,,,0,50,power_sp,
P1776,Roberto,Sanchez,1990-06-24,75,242,Hispanic,light,blonde,beard,R,P,,1,RP,RP,,,,,50,,,,49,49,50,50,52,49,51,0,0,58,0,0,0,,,,,0,,,,41,46,50,44,42,47,50,0,0,58,0,0,0,False,,,0,,,,,,0,50,power_rp,
P8811,Lane,Ominelli,1995-06-26,68,213,Anglo,medium,brown,clean_shaven,S,C,,0,,,48,51,70,50,50,49,49,50,51,51,,,,,,,,,,,,47,54,71,54,50,0,0,50,48,55,,,,,,,,,,,,True,Day-to-day shoulder bruise,,0,none,2026-06-20,3,2026-06-23,,0,50,,speed
P1263,Sung,Chen,2002-04-18,73,180,Asian,light,black,clean_shaven,S,1B,,0,,,49,52,50,51,52,49,50,51,51,52,,,,,,,,,,,,56,67,57,64,52,0,0,51,62,64,,,,,,,,,,,,False,,,0,,,,,,0,50,,balanced
P1020,Cedric,Wright,1994-01-20,69,174,African,dark,black,goatee,R,2B,,0,,,48,49,48,50,51,51,56,50,51,48,,,,,,,,,,,,38,47,39,41,51,0,0,50,47,47,,,,,,,,,,,,False,,,0,,,,,,0,50,,balanced
P1810,Manuel,Mendoza,1993-02-06,76,213,Hispanic,light,black,goatee,L,3B,,0,,,60,49,49,49,52,51,44,49,50,52,,,,,,,,,,,,56,44,43,47,52,0,0,49,43,52,,,,,,,,,,,,False,,,0,,,,,,0,50,,spray
P7704,Raul,Gomez,1996-10-29,71,228,Hispanic,light,blonde,goatee,R,SS,,0,,,48,48,85,49,50,51,55,50,48,49,,,,,,,,,,,,43,52,82,47,50,0,0,50,49,48,,,,,,,,,,,,False,,,0,,,,,,0,50,,elite_speed
P6519,Yong,Huang,1988-11-18,77,174,Asian,medium,black,clean_shaven,R,LF,,0,,,52,52,48,49,50,50,53,51,51,48,,,,,,,,,,,,48,49,42,48,50,0,0,51,46,46,,,,,,,,,,,,False,,,0,,,,,,0,50,,balanced
P5465,Percy,Allen,1998-08-21,68,207,African,dark,black,beard,R,CF,RF,0,,,57,49,51,49,48,49,54,52,51,49,,,,,,,,,,,,68,59,56,63,48,0,0,52,62,57,,,,,,,,,,,,False,,,0,,,,,,0,50,,spray
P6539,Leroy,King,1991-05-21,71,208,African,medium,black,clean_shaven,L,RF,,0,,,51,60,49,50,49,52,47,51,52,52,,,,,,,,,,,,48,50,44,48,49,0,0,51,44,46,,,,,,,,,,,,False,,,0,,,,,,0,50,,power
P8874,Jorge,Morales,1992-09-09,72,217,Hispanic,medium,brown,beard,R,3B,RF,0,,,49,52,52,50,51,50,53,49,50,52,,,,,,,,,,,,40,46,46,41,51,0,0,49,43,43,,,,,,,,,,,,False,,,0,,,,,,0,50,,balanced
P4379,Pedro,Martinez,1989-11-27,77,200,Hispanic,light,black,mustache,S,1B,,0,,,49,56,49,51,52,50,51,51,49,50,,,,,,,,,,,,42,48,43,46,52,0,0,51,40,41,,,,,,,,,,,,False,,,0,,,,,,0,50,,power
P8732,Percy,King,2000-02-26,70,192,African,medium,black,goatee,R,SS,,0,,,52,51,85,51,49,50,55,50,52,49,,,,,,,,,,,,58,61,98,56,49,0,0,50,60,63,,,,,,,,,,,,False,,,0,,,,,,0,50,,elite_speed
P1829,Yong,Le,1995-04-26,77,223,Asian,light,black,clean_shaven,L,1B,,0,,,52,64,51,49,52,50,45,52,48,49,,,,,,,,,,,,57,60,54,52,52,0,0,52,47,45,,,,,,,,,,,,False,,,0,,,,,,0,50,,power
P8664,Tyrone,Jefferson,1995-04-16,72,219,African,dark,black,clean_shaven,S,CF,,0,,,50,61,51,51,52,49,51,50,48,52,,,,,,,,,,,,51,65,56,46,52,0,0,50,48,47,,,,,,,,,,,,False,,,0,,,,,,0,50,,power
P8754,Juan,Mendoza,2003-07-12,68,215,Hispanic,light,brown,clean_shaven,L,CF,,0,,,52,51,48,50,49,52,47,49,51,51,,,,,,,,,,,,64,63,56,63,49,0,0,49,64,62,,,,,,,,,,,,False,,,0,,,,,,0,50,,balanced
P8211,Leroy,Harris,1987-08-20,78,236,African,medium,black,mustache,R,P,,1,RP,CL,,,,,55,,,,49,52,49,50,52,49,52,54,54,65,0,0,0,,,,,0,,,,39,49,45,45,47,40,43,45,53,57,0,0,0,False,,,0,,,,,,0,50,closer,
P8937,Sung,Tanaka,1988-07-12,78,163,Asian,light,black,beard,S,P,,1,RP,SP,,,,,49,,,,50,50,48,51,52,50,50,53,61,60,0,56,0,,,,,0,,,,50,45,49,48,41,48,41,48,59,54,0,47,0,False,,,0,,,,,,0,50,power_sp,
P6689,Cedric,Mitchell,1993-10-18,68,223,African,medium,black,beard,R,P,,1,RP,RP,,,,,49,,,,51,52,48,51,52,48,51,60,61,0,0,56,0,,,,,0,,,,46,46,47,52,39,44,50,60,54,0,0,53,0,False,,,0,,,,,,0,50,finesse_rp,
P4741,Leonardo,Dearinger,2000-12-31,69,229,Anglo,light,blonde,mustache,L,P,,1,RP,SP,,,,,48,,,,48,49,51,51,52,50,51,0,62,59,54,56,0,,,,,0,,,,56,62,59,60,57,57,63,0,75,72,59,63,0,False,,,0,,,,,,0,50,power_sp,
P7401,Sung,Zhang,1987-05-07,78,205,Asian,medium,black,mustache,L,P,,1,RP,SP,,,,,51,,,,52,52,48,51,52,51,54,55,0,56,58,0,0,,,,,0,,,,43,50,43,48,48,41,49,45,0,51,49,0,0,False,,,0,,,,,,0,50,groundball_sp,
P5323,Eduardo,Torres,2001-11-10,70,194,Hispanic,medium,blonde,mustache,R,P,,1,RP,RP,,,,,52,,,,50,50,50,50,52,49,51,0,62,0,0,0,0,,,,,0,,,,56,62,58,64,64,55,62,0,72,0,0,0,0,False,,,0,,,,,,0,50,power_rp,
P8317,Miguel,Gomez,2002-11-30,72,202,Hispanic,light,black,beard,L,P,,1,RP,SP,,,,,50,,,,51,48,52,52,52,50,49,54,60,60,57,0,0,,,,,0,,,,66,56,57,60,63,58,61,61,70,75,67,0,0,False,,,0,,,,,,0,50,power_sp,
P5265,Tyrone,Mitchell,1993-09-17,68,223,African,dark,black,goatee,R,SS,,0,,,50,51,70,49,51,48,55,48,52,48,,,,,,,,,,,,42,42,63,41,51,0,0,48,51,43,,,,,,,,,,,,True,Day-to-day shoulder bruise,,0,none,2026-09-18,3,2026-09-21,,0,50,,speed
P5775,Antonio,Diaz,2004-01-23,71,245,Hispanic,medium,black,clean_shaven,L,LF,,0,,,52,52,48,49,52,51,47,52,52,51,,,,,,,,,,,,66,59,56,58,52,0,0,52,62,64,,,,,,,,,,,,False,,,0,,,,,,0,50,,average
P6244,Noel,Rentoulis,1987-12-30,77,188,Anglo,light,blonde,beard,L,2B,,0,,,61,61,51,50,50,49,46,48,52,51,,,,,,,,,,,,61,55,41,50,50,0,0,48,51,44,,,,,,,,,,,,False,,,0,,,,,,0,50,,gap
P4954,Rafael,Flores,1987-03-08,73,206,Hispanic,light,brown,goatee,L,RF,,0,,,52,64,51,51,50,49,48,50,50,49,,,,,,,,,,,,48,59,45,49,50,0,0,50,43,42,,,,,,,,,,,,False,,,0,,,,,,0,50,,power
P6328,Emilio,Blake,1997-02-13,76,177,Anglo,light,brown,beard,R,SS,,0,,,62,50,49,51,50,52,53,50,51,48,,,,,,,,,,,,62,48,54,47,50,0,0,50,46,53,,,,,,,,,,,,False,,,0,,,,,,0,50,,spray
P8220,Casey,Wiklund,1995-10-19,70,233,Anglo,light,brown,clean_shaven,R,SS,,0,,,50,51,70,50,51,51,55,49,49,49,,,,,,,,,,,,46,54,65,51,51,0,0,49,46,50,,,,,,,,,,,,False,,,0,,,,,,0,50,,speed
P9866,Titus,Ettl,2004-12-04,74,246,Anglo,dark,red,beard,R,2B,,0,,,52,49,50,50,51,49,55,50,48,51,,,,,,,,,,,,68,71,79,61,51,0,0,50,75,77,,,,,,,,,,,,False,,,0,,,,,,0,50,,gap
P5767,Fernando,Delgado,1992-12-16,78,237,Hispanic,light,brown,beard,R,2B,,0,,,57,50,49,50,48,52,54,51,50,52,,,,,,,,,,,,54,41,43,44,48,0,0,51,50,51,,,,,,,,,,,,False,,,0,,,,,,0,50,,spray
P4609,Juan,Cruz,2004-11-15,68,181,Hispanic,medium,black,clean_shaven,L,P,,1,RP,CL,,,,,55,,,,50,51,51,50,52,48,49,0,55,65,0,0,0,,,,,0,,,,72,63,61,67,79,72,65,0,80,85,0,0,0,False,,,0,,,,,,0,50,closer,
P9667,Robert,Dortch,2005-02-23,78,228,Anglo,light,black,goatee,L,P,,1,RP,CL,,,,,48,,,,50,50,50,50,52,48,50,57,55,65,0,0,0,,,,,0,,,,78,72,70,73,78,65,66,79,66,82,0,0,0,False,,,0,,,,,,0,50,closer,
P1081,Jose,Cruz,2007-01-31,69,174,Hispanic,dark,brown,clean_shaven,L,P,,1,RP,SP,,,,,51,,,,48,51,49,52,52,50,51,0,59,62,55,0,0,,,,,0,,,,68,79,73,69,78,77,79,0,84,74,84,0,0,False,,,0,,,,,,0,50,power_sp,
P6487,Malik,King,2007-05-16,77,226,African,dark,black,clean_shaven,R,P,,1,RP,SP,,,,,50,,,,48,51,49,52,52,49,49,56,59,60,0,55,0,,,,,0,,,,70,78,71,66,73,61,74,86,69,72,0,84,0,False,,,0,,,,,,0,50,power_sp,
P5293,Carlos,Cruz,2006-03-11,73,223,Hispanic,light,brown,clean_shaven,R,P,,1,RP,SP,,,,,49,,,,50,49,50,50,52,49,49,0,61,61,0,0,0,,,,,0,,,,62,68,76,77,78,68,59,0,85,86,0,0,0,False,,,0,,,,,,0,50,balanced_sp,
P3922,Deshawn,Green,2006-06-04,77,230,African,dark,black,beard,S,1B,,0,,,48,50,48,51,48,48,51,49,48,49,,,,,,,,,,,,76,79,63,70,48,0,0,49,69,60,,,,,,,,,,,,False,,,0,,,,,,0,50,,average
P9920,Ricardo,Cruz,2006-11-26,72,223,Hispanic,medium,black,clean_shaven,L,RF,,0,,,49,60,50,51,48,51,46,49,50,50,,,,,,,,,,,,61,84,62,66,48,0,0,49,62,74,,,,,,,,,,,,False,,,0,,,,,,0,50,,power
P7839,Derrick,Bihler,2005-01-14,75,160,Anglo,medium,brown,clean_shaven,L,LF,,0,,,52,50,48,49,48,50,44,52,48,51,,,,,,,,,,,,71,70,65,63,48,0,0,52,66,74,,,,,,,,,,,,False,,,0,,,,,,0,50,,balanced
P4404,Percy,Carter,2004-03-16,76,219,African,dark,black,clean_shaven,L,C,,0,,,49,52,70,48,50,52,47,51,48,48,,,,,,,,,,,,61,69,99,61,50,0,0,51,64,65,,,,,,,,,,,,False,,,0,,,,,,0,50,,speed
P3416,Jorge,Rivera,2007-12-02,75,231,Hispanic,dark,brown,goatee,R,SS,,0,,,48,51,50,49,51,50,54,52,49,52,,,,,,,,,,,,61,70,69,60,51,0,0,52,65,63,,,,,,,,,,,,False,,,0,,,,,,0,50,,balanced
P4083,Hector,Delgado,1991-06-05,76,162,Hispanic,dark,red,goatee,S,P,,1,RP,CL,,,,,55,,,,51,49,51,50,52,52,49,0,53,65,0,0,0,,,,,0,,,,45,39,45,45,42,46,43,0,51,60,0,0,0,False,,,0,,,,,,0,50,closer,
P8846,Xavier,White,2002-09-11,69,189,African,medium,black,clean_shaven,R,P,,1,RP,SP,,,,,51,,,,49,48,49,52,52,49,49,62,59,0,57,0,0,,,,,0,,,,64,55,59,62,61,56,63,71,70,0,62,0,0,False,,,0,,,,,,0,50,finesse_sp,
P8039,Raul,Cruz,1991-07-27,72,171,Hispanic,light,black,clean_shaven,R,P,,1,RP,SP,,,,,50,,,,51,50,49,51,52,49,52,58,59,58,0,57,0,,,,,0,,,,48,43,48,44,49,46,45,54,49,57,0,50,0,False,,,0,,,,,,0,50,balanced_sp,
P8654,Jose,Guerrero,1993-10-31,69,211,Hispanic,medium,blonde,clean_shaven,L,P,,1,RP,SP,,,,,50,,,,48,51,48,50,52,48,50,0,61,60,0,0,0,,,,,0,,,,40,46,46,50,43,39,48,0,57,52,0,0,0,False,,,0,,,,,,0,50,balanced_sp,
P5540,Roberto,Diaz,1996-10-10,69,176,Hispanic,light,black,mustache,R,P,,1,RP,RP,,,,,52,,,,51,50,51,50,52,52,48,0,60,60,0,0,0,,,,,0,,,,53,55,47,57,47,54,45,0,57,60,0,0,0,False,,,0,,,,,,0,50,power_rp,
P9860,Jorge,Gomez,1989-01-11,70,221,Hispanic,dark,blonde,clean_shaven,L,P,,1,RP,SP,,,,,50,,,,51,48,50,50,52,52,47,57,61,59,0,56,0,,,,,0,,,,48,43,44,47,45,52,41,49,60,52,0,51,0,False,,,0,,,,,,0,50,power_sp,
P4289,Juan,Reyes,1997-04-26,73,187,Hispanic,dark,brown,clean_shaven,R,P,,1,RP,RP,,,,,52,,,,48,49,52,51,52,50,49,0,56,0,60,0,0,,,,,0,,,,52,52,55,52,49,48,51,0,58,0,55,0,0,False,,,0,,,,,,0,50,groundball_rp,
P7308,Jermaine,White,1997-08-05,74,166,African,dark,black,beard,L,P,,1,RP,SP,,,,,51,,,,48,49,52,52,52,52,50,0,59,58,56,56,0,,,,,0,,,,46,51,47,57,50,52,48,0,62,61,57,61,0,False,,,0,,,,,,0,50,power_sp,
P2565,Jamal,Washington,2003-06-24,69,211,African,dark,black,clean_shaven,L,P,,1,RP,SP,,,,,51,,,,52,48,48,51,52,52,47,62,58,57,53,0,0,,,,,0,,,,60,53,64,65,60,62,61,77,70,66,68,0,0,False,,,0,,,,,,0,50,finesse_sp,
P7110,Anton,Amalong,1988-08-09,71,174,Anglo,medium,brown,beard,R,P,,1,RP,SP,,,,,51,,,,52,49,51,52,52,51,51,0,62,61,0,0,0,,,,,0,,,,51,48,46,43,45,43,47,0,59,60,0,0,0,False,,,0,,,,,,0,50,balanced_sp,
P7812,Sung,Li,1995-05-22,77,214,Asian,medium,brown,clean_shaven,R,P,,1,RP,SP,,,,,52,,,,52,51,52,50,52,52,51,0,59,58,0,0,0,,,,,0,,,,47,56,50,55,51,47,52,0,54,53,0,0,0,False,,,0,,,,,,0,50,power_sp,
P2461,Sung,Singh,2000-01-01,76,200,Asian,medium,black,clean_shaven,R,C,,0,,,54,57,50,48,52,49,56,52,52,51,,,,,,,,,,,,64,68,61,60,52,0,0,52,63,66,,,,,,,,,,,,False,,,0,,,,,,0,50,,gap
P3772,Shaun,Viessman,1987-10-01,75,164,Anglo,light,brown,goatee,L,1B,,0,,,50,61,52,49,50,48,46,49,52,51,,,,,,,,,,,,46,53,47,46,50,0,0,49,50,51,,,,,,,,,,,,True,Day-to-day shoulder bruise,,0,none,2026-10-15,2,2026-10-17,,0,50,,power
P6196,Fernando,Vargas,1991-11-13,78,203,Hispanic,light,brown,clean_shaven,R,2B,,0,,,48,50,50,48,51,48,52,52,52,49,,,,,,,,,,,,41,43,44,40,51,0,0,52,52,42,,,,,,,,,,,,False,,,0,,,,,,0,50,,balanced
P6169,Jermaine,Scott,1991-10-05,69,213,African,dark,black,clean_shaven,R,3B,,0,,,56,48,49,51,51,50,54,50,49,52,,,,,,,,,,,,53,38,41,48,51,0,0,50,42,47,,,,,,,,,,,,False,,,0,,,,,,0,50,,spray
P9345,Jamal,Baker,2004-03-10,69,163,African,dark,brown,mustache,R,SS,,0,,,50,50,52,49,52,52,55,51,51,48,,,,,,,,,,,,64,71,81,72,52,0,0,51,66,69,,,,,,,,,,,,False,,,0,,,,,,0,50,,balanced
P5014,Sung,Liu,2001-11-28,78,167,Asian,light,black,clean_shaven,R,LF,,0,,,49,60,50,50,52,48,55,50,50,49,,,,,,,,,,,,62,73,62,63,52,0,0,50,55,62,,,,,,,,,,,,False,,,0,,,,,,0,50,,power
P5818,Otis,Romero,2000-07-18,69,235,Anglo,light,brown,beard,L,CF,,0,,,50,51,50,49,52,52,44,52,51,48,,,,,,,,,,,,63,59,58,60,52,0,0,52,57,56,,,,,,,,,,,,False,,,0,,,,,,0,50,,gap
P8206,Sung,Choi,1989-05-07,73,214,Asian,light,black,clean_shaven,L,RF,,0,,,48,48,51,49,51,50,45,50,50,51,,,,,,,,,,,,46,40,43,46,51,0,0,50,42,48,,,,,,,,,,,,False,,,0,,,,,,0,50,,average
P2159,Clyde,Deyoung,1988-05-01,73,205,Anglo,light,blonde,beard,R,1B,,0,,,50,50,52,49,51,48,56,48,51,48,,,,,,,,,,,,48,48,51,45,51,0,0,48,41,38,,,,,,,,,,,,False,,,0,,,,,,0,50,,gap
P2919,Rafael,Rodriguez,1996-01-12,70,208,Hispanic,light,red,clean_shaven,R,C,,0,,,50,52,51,49,48,49,54,52,48,49,,,,,,,,,,,,52,57,48,49,48,0,0,52,46,53,,,,,,,,,,,,False,,,0,,,,,,0,50,,average
P1073,Fredric,Batalona,2001-02-07,74,217,Anglo,light,brown,mustache,R,SS,,0,,,50,50,85,49,51,50,55,49,50,48,,,,,,,,,,,,57,55,95,63,51,0,0,49,60,55,,,,,,,,,,,,False,,,0,,,,,,0,50,,elite_speed
P7257,Mike,Rosenau,1994-04-30,68,162,Anglo,light,black,mustache,R,2B,,0,,,52,52,48,51,52,52,55,50,50,49,,,,,,,,,,,,53,56,52,53,52,0,0,50,48,51,,,,,,,,,,,,False,,,0,,,,,,0,50,,average
P5257,Yong,Tran,2003-04-25,70,198,Asian,medium,black,clean_shaven,L,3B,,0,,,49,59,49,49,52,51,48,49,50,49,,,,,,,,,,,,57,70,56,64,52,0,0,49,55,61,,,,,,,,,,,,True,Day-to-day shoulder bruise,,0,none,2026-04-27,2,2026-04-29,,0,50,,power
P9073,Anderson,Lutes,1993-04-19,74,162,Anglo,light,red,clean_shaven,R,LF,,0,,,48,59,48,48,51,52,55,48,51,50,,,,,,,,,,,,44,59,43,40,51,0,0,48,45,50,,,,,,,,,,,,False,,,0,,,,,,0,50,,power
P9168,Val,Buonocore,1989-10-16,70,216,Anglo,light,brown,clean_shaven,L,P,,1,RP,CL,,,,,55,,,,50,48,51,50,52,50,48,55,0,65,0,0,0,,,,,0,,,,41,39,41,52,50,45,46,48,0,63,0,0,0,False,,,0,,,,,,0,50,closer,
P9296,Loyd,Bellantuono,2004-10-21,78,249,Anglo,medium,brown,clean_shaven,R,P,,1,RP,SP,,,,,51,,,,50,50,51,51,52,49,50,0,60,60,0,0,0,,,,,0,,,,64,71,65,73,66,64,74,0,78,87,0,0,0,False,,,0,,,,,,0,50,power_sp,
P6211,Roberto,Torres,1989-07-24,73,245,Hispanic,medium,brown,beard,L,P,,1,RP,SP,,,,,52,,,,48,48,50,50,52,51,50,62,59,62,53,0,0,,,,,0,,,,41,42,48,49,48,47,47,61,57,56,52,0,0,False,,,0,,,,,,0,50,balanced_sp,
P9521,Percy,Jefferson,1990-07-04,74,187,African,dark,black,beard,S,P,,1,RP,SP,,,,,49,,,,48,50,48,52,52,52,49,59,60,0,0,0,0,,,,,0,,,,41,47,45,45,48,45,43,50,60,0,0,0,0,False,,,0,,,,,,0,50,finesse_sp,
P6959,Malik,Jefferson,1996-01-17,73,245,African,dark,black,clean_shaven,R,P,,1,RP,RP,,,,,48,,,,51,48,50,50,52,48,47,58,60,0,53,0,0,,,,,0,,,,48,53,54,52,46,47,47,56,63,0,51,0,0,False,,,0,,,,,,0,50,finesse_rp,
P2786,Diego,Madarang,2003-11-21,78,197,Anglo,light,red,clean_shaven,L,P,,1,RP,SP,,,,,51,,,,50,48,52,51,52,50,48,0,62,59,0,0,0,,,,,0,,,,55,57,62,60,66,55,60,0,74,67,0,0,0,False,,,0,,,,,,0,50,workhorse_sp,
P3084,Fernando,Gonzalez,1994-10-29,69,202,Hispanic,medium,brown,mustache,L,P,,1,RP,SP,,,,,48,,,,50,52,48,50,52,49,50,54,53,54,59,0,0,,,,,0,,,,52,53,45,49,48,53,50,53,49,59,56,0,0,False,,,0,,,,,,0,50,groundball_sp,
P7942,Xavier,Gaines,1993-08-10,74,188,African,dark,brown,beard,R,3B,,0,,,48,59,49,49,49,51,54,50,51,48,,,,,,,,,,,,45,52,40,42,49,0,0,50,44,41,,,,,,,,,,,,False,,,0,,,,,,0,50,,power
P4874,Edwardo,Priore,2004-07-19,75,203,Anglo,light,black,clean_shaven,R,C,,0,,,52,50,50,50,51,52,54,51,49,52,,,,,,,,,,,,64,80,61,65,51,0,0,51,63,75,,,,,,,,,,,,False,,,0,,,,,,0,50,,gap
P1218,Juan,Perez,1990-05-10,68,209,Hispanic,dark,red,clean_shaven,S,CF,,0,,,49,49,48,49,51,50,48,48,51,50,,,,,,,,,,,,44,43,41,46,51,0,0,48,43,43,,,,,,,,,,,,False,,,0,,,,,,0,50,,balanced
P8450,Ricardo,Rodriguez,2003-12-20,72,227,Hispanic,medium,brown,clean_shaven,R,2B,,0,,,49,51,48,49,48,48,55,51,48,48,,,,,,,,,,,,57,57,56,61,48,0,0,51,53,61,,,,,,,,,,,,False,,,0,,,,,,0,50,,balanced
P6324,Augustine,Corse,1988-07-27,76,197,Anglo,medium,red,clean_shaven,R,2B,,0,,,62,52,49,49,50,51,56,49,50,48,,,,,,,,,,,,56,46,45,40,50,0,0,49,41,43,,,,,,,,,,,,False,,,0,,,,,,0,50,,spray
P5056,Pedro,Morales,1988-12-05,68,161,Hispanic,medium,black,goatee,R,SS,,0,,,62,52,52,50,51,49,52,50,52,50,,,,,,,,,,,,55,47,52,44,51,0,0,50,45,41,,,,,,,,,,,,False,,,0,,,,,,0,50,,spray
P9326,Ray,Wadsworth,1996-10-08,78,232,Anglo,light,brown,mustache,S,LF,,0,,,49,48,50,48,48,51,48,49,52,51,,,,,,,,,,,,53,48,45,47,48,0,0,49,53,52,,,,,,,,,,,,False,,,0,,,,,,0,50,,average
P5119,Roberto,Cruz,1997-02-01,74,209,Hispanic,light,brown,goatee,R,LF,,0,,,58,48,50,50,50,49,52,52,51,50,,,,,,,,,,,,58,49,50,51,50,0,0,52,54,49,,,,,,,,,,,,False,,,0,,,,,,0,50,,spray
P9149,Orville,Hagle,2006-01-02,76,211,Anglo,dark,black,clean_shaven,R,P,,1,RP,CL,,,,,55,,,,49,51,52,50,52,51,52,57,0,65,0,0,0,,,,,0,,,,78,73,68,82,75,70,80,70,0,82,0,0,0,False,,,0,,,,,,0,50,closer,
P1573,Malik,Scott,2004-09-12,68,212,African,dark,black,clean_shaven,S,P,,1,RP,SP,,,,,50,,,,49,50,51,50,52,49,50,60,58,55,0,0,0,,,,,0,,,,78,79,64,76,65,67,74,75,85,77,0,0,0,False,,,0,,,,,,0,50,finesse_sp,
P6667,Antonio,Sanchez,2007-05-01,77,221,Hispanic,medium,brown,clean_shaven,R,P,,1,RP,SP,,,,,51,,,,48,50,50,51,52,49,50,59,59,0,0,0,0,,,,,0,,,,71,63,75,69,64,59,74,82,77,0,0,0,0,False,,,0,,,,,,0,50,balanced_sp,
P5210,Franklyn,Berlove,2006-06-02,68,220,Anglo,medium,blonde,clean_shaven,L,P,,1,RP,SP,,,,,52,,,,52,49,51,51,52,50,50,0,62,61,54,55,0,,,,,81,,,,77,76,73,67,67,62,77,0,79,73,78,70,0,False,,,0,,,,,,0,50,power_sp,
P8524,Pedro,Gonzalez,2005-08-22,68,224,Hispanic,medium,brown,mustache,R,P,,1,RP,SP,,,,,50,,,,51,50,49,51,52,50,51,59,59,0,53,0,0,,,,,0,,,,61,79,75,71,64,66,66,72,74,0,69,0,0,False,,,0,,,,,,0,50,finesse_sp,
P1110,Julio,Tonks,2007-04-29,75,179,Anglo,medium,blonde,clean_shaven,R,1B,,0,,,49,50,51,48,51,51,56,51,52,52,,,,,,,,,,,,69,79,80,74,51,0,0,51,75,73,,,,,,,,,,,,False,,,0,,,,,,0,50,,gap
P9786,Manuel,Rivera,2005-03-20,75,202,Hispanic,medium,brown,clean_shaven,L,LF,RF,0,,,51,58,51,49,49,52,46,48,51,50,,,,,,,,,,,,72,72,77,71,49,0,0,48,61,78,,,,,,,,,,,,False,,,0,,,,,,0,50,,power
P1142,Jose,Gonzalez,2005-03-04,70,169,Hispanic,dark,black,clean_shaven,L,1B,,0,,,49,49,48,50,49,49,45,48,48,48,,,,,,,,,,,,65,67,59,72,49,0,0,48,58,64,,,,,,,,,,,,False,,,0,,,,,,0,50,,gap
P4440,Yong,Singh,2005-10-15,69,190,Asian,medium,black,clean_shaven,R,3B,,0,,,57,51,52,50,49,48,53,51,49,49,,,,,,,,,,,,73,70,64,68,49,0,0,51,66,77,,,,,,,,,,,,False,,,0,,,,,,0,50,,spray
P6777,Yong,Pham,2007-09-06,73,228,Asian,light,black,goatee,R,C,,0,,,50,48,48,51,49,50,56,48,49,49,,,,,,,,,,,,79,60,61,74,49,0,0,48,68,66,,,,,,,,,,,,False,,,0,,,,,,0,50,,average
P8365,Art,Gilbert,1991-10-21,70,208,Anglo,medium,brown,clean_shaven,R,P,,1,RP,CL,,,,,55,,,,51,50,51,51,52,48,51,57,55,65,0,0,0,,,,,0,,,,46,46,42,48,43,48,41,56,52,55,0,0,0,False,,,0,,,,,,0,50,closer,
P5824,Tyrone,Scott,2000-01-08,74,184,African,dark,black,clean_shaven,L,P,,1,RP,CL,,,,,50,,,,50,51,50,52,52,52,50,0,53,65,0,0,0,,,,,0,,,,57,59,65,67,63,60,62,0,63,76,0,0,0,False,,,0,,,,,,0,50,closer,
P4037,Rufus,Wright,2004-05-30,68,218,African,dark,black,clean_shaven,S,P,,1,RP,SP,,,,,49,,,,52,50,50,50,52,52,49,58,62,58,0,0,0,,,,,0,,,,72,62,66,79,71,64,64,75,87,70,0,0,0,False,,,0,,,,,,0,50,balanced_sp,
P1401,Frank,Mann,2004-03-10,68,206,Anglo,dark,blonde,beard,R,P,,1,RP,RP,,,,,49,,,,48,49,51,50,52,51,47,61,60,0,0,0,0,,,,,0,,,,61,79,71,66,72,74,69,83,78,0,0,0,0,False,,,0,,,,,,0,50,finesse_rp,
P8406,Jorge,Ramirez,1999-12-11,78,237,Hispanic,dark,black,clean_shaven,L,P,,1,RP,LR,,,,,48,,,,51,50,51,50,52,49,48,62,58,60,0,0,0,,,,,0,,,,60,64,55,62,57,58,63,74,73,68,0,0,0,False,,,0,,,,,,0,50,long_relief,
P3012,Francisco,Perez,1997-05-20,72,233,Hispanic,medium,black,clean_shaven,R,P,,1,RP,RP,,,,,50,,,,51,48,48,50,52,49,48,0,60,61,55,0,0,,,,,0,,,,54,49,47,49,45,44,44,0,56,58,50,0,0,False,,,0,,,,,,0,50,power_rp,
P8156,Bernie,Peffly,1998-02-10,68,210,Anglo,medium,brown,beard,L,P,,1,RP,CL,,,,,52,,,,51,48,49,50,52,50,49,55,55,65,0,0,0,,,,,0,,,,64,63,63,60,61,58,64,60,62,75,0,0,0,False,,,0,,,,,,0,50,closer,
P3225,Chung,Benedict,1988-11-26,69,246,Anglo,light,blonde,clean_shaven,R,P,,1,RP,RP,,,,,51,,,,52,50,49,52,52,48,52,57,0,53,59,0,0,,,,,0,,,,46,45,45,43,41,46,43,53,0,51,53,0,0,False,,,0,,,,,,0,50,groundball_rp,
P2515,Malik,Allen,1993-08-26,71,227,African,dark,black,goatee,L,P,,1,RP,SP,,,,,51,,,,51,50,50,50,52,49,51,60,61,61,0,0,0,,,,,0,,,,50,44,45,49,50,39,43,56,54,55,0,0,0,False,,,0,,,,,,0,50,balanced_sp,
P2164,Xavier,Young,1991-06-16,73,209,African,dark,black,mustache,R,P,,1,RP,SP,,,,,52,,,,52,49,48,50,52,49,49,62,0,62,0,0,0,,,,,0,,,,43,47,50,44,40,47,44,61,0,59,0,0,0,False,,,0,,,,,,0,50,workhorse_sp,
P9233,Jermaine,Jackson,2004-06-14,71,202,African,medium,black,clean_shaven,R,P,,1,RP,RP,,,,,52,,,,52,49,51,50,52,48,50,53,61,62,0,0,0,,,,,0,,,,63,77,63,69,76,69,63,64,78,76,0,0,0,False,,,0,,,,,,0,50,power_rp,
P7886,Emmanuel,Licklider,1990-03-13,69,213,Anglo,light,brown,clean_shaven,R,C,,0,,,52,52,51,49,50,49,52,52,50,52,,,,,,,,,,,,46,50,45,41,50,0,0,52,40,50,,,,,,,,,,,,False,,,0,,,,,,0,50,,average
P8472,Jose,Mendoza,2003-01-11,73,244,Hispanic,dark,brown,clean_shaven,S,1B,,0,,,48,60,52,50,51,50,49,48,48,52,,,,,,,,,,,,59,71,62,63,51,0,0,48,54,62,,,,,,,,,,,,False,,,0,,,,,,0,50,,power
P4578,Alonzo,Strait,1987-03-08,78,221,Anglo,light,blonde,goatee,R,2B,,0,,,57,51,48,50,48,52,52,48,50,49,,,,,,,,,,,,51,47,47,40,48,0,0,48,41,40,,,,,,,,,,,,False,,,0,,,,,,0,50,,spray
P3050,Johnathan,Woskobojnik,1991-08-08,75,250,Anglo,light,blonde,beard,L,3B,,0,,,48,51,70,50,49,52,44,51,49,50,,,,,,,,,,,,45,41,67,47,49,0,0,51,47,46,,,,,,,,,,,,False,,,0,,,,,,0,50,,speed
P8712,Rufus,Jackson,2000-01-15,70,210,African,dark,black,clean_shaven,R,SS,,0,,,48,48,70,50,49,49,56,52,50,48,,,,,,,,,,,,53,54,79,63,49,0,0,52,60,53,,,,,,,,,,,,False,,,0,,,,,,0,50,,speed
P3649,Yong,Choi,1992-01-12,72,188,Asian,light,black,clean_shaven,L,LF,,0,,,51,57,49,50,49,52,44,52,50,50,,,,,,,,,,,,46,57,39,43,49,0,0,52,47,43,,,,,,,,,,,,False,,,0,,,,,,0,50,,power
P2205,Jamal,Scott,1991-03-23,73,216,African,dark,black,mustache,S,CF,,0,,,65,51,52,49,48,50,49,51,52,48,,,,,,,,,,,,61,43,49,43,48,0,0,51,49,38,,,,,,,,,,,,False,,,0,,,,,,0,50,,spray
P4515,Ricardo,Vasquez,1988-07-25,75,222,Hispanic,medium,brown,mustache,L,RF,,0,,,51,49,70,52,49,48,47,50,50,51,,,,,,,,,,,,43,49,70,49,49,0,0,50,49,48,,,,,,,,,,,,False,,,0,,,,,,0,50,,speed
P9175,Jewell,Tsan,1996-10-20,72,236,Anglo,light,blonde,clean_shaven,L,C,,0,,,51,49,52,49,52,52,48,48,51,48,,,,,,,,,,,,47,53,51,54,52,0,0,48,51,48,,,,,,,,,,,,False,,,0,,,,,,0,50,,balanced
P1228,Jamal,Walker,1993-04-12,74,184,African,dark,brown,clean_shaven,R,CF,,0,,,52,52,51,52,48,50,53,48,52,50,,,,,,,,,,,,42,49,51,44,48,0,0,48,46,49,,,,,,,,,,,,False,,,0,,,,,,0,50,,balanced
P3009,Efren,Brezenski,2004-04-21,69,191,Anglo,medium,brown,clean_shaven,R,SS,,0,,,51,50,70,50,48,49,56,52,51,48,,,,,,,,,,,,71,61,95,63,48,0,0,52,76,62,,,,,,,,,,,,False,,,0,,,,,,0,50,,speed
P4636,Johnnie,Erazmus,1993-04-11,72,237,Anglo,medium,red,beard,R,1B,,0,,,51,49,49,50,48,49,54,50,48,49,,,,,,,,,,,,49,47,46,50,48,0,0,50,43,45,,,,,,,,,,,,False,,,0,,,,,,0,50,,balanced
P7368,Miguel,Perez,2003-07-25,77,179,Hispanic,light,brown,mustache,R,3B,,0,,,49,51,52,48,48,51,56,49,49,51,,,,,,,,,,,,62,64,58,55,48,0,0,49,64,66,,,,,,,,,,,,False,,,0,,,,,,0,50,,average
P3984,Danny,Schirrmacher,1996-09-24,68,196,Anglo,light,brown,clean_shaven,L,RF,LF,0,,,60,49,50,51,49,52,47,52,49,49,,,,,,,,,,,,63,46,49,49,49,0,0,52,49,52,,,,,,,,,,,,False,,,0,,,,,,0,50,,spray
P9180,Darnell,Taylor,1990-07-13,73,246,African,dark,black,beard,S,P,,1,RP,CL,,,,,55,,,,51,49,48,51,52,52,50,57,0,65,0,0,0,,,,,0,,,,49,43,50,47,41,45,48,47,0,62,0,0,0,False,,,0,,,,,,0,50,closer,
P2286,Carlos,Flores,2003-03-10,75,185,Hispanic,dark,black,clean_shaven,R,P,,1,RP,SP,,,,,48,,,,52,51,52,52,52,52,53,59,62,0,0,53,0,,,,,0,,,,62,59,66,57,59,67,60,70,77,0,0,65,0,False,,,0,,,,,,0,50,finesse_sp,
P3499,Van,Claman,2004-05-10,77,212,Anglo,light,brown,clean_shaven,R,P,,1,RP,SP,,,,,51,,,,51,50,51,50,52,51,51,0,62,62,0,0,0,,,,,0,,,,75,75,80,66,64,81,64,0,75,82,0,0,0,False,,,0,,,,,,0,50,power_sp,
P8047,Yong,Yamamoto,1994-03-22,78,162,Asian,medium,black,clean_shaven,R,P,,1,RP,LR,,,,,49,,,,49,51,50,52,52,50,51,62,58,62,0,0,0,,,,,0,,,,46,54,53,51,55,48,50,64,61,58,0,0,0,False,,,0,,,,,,0,50,long_relief,
P9506,Francisco,Sanchez,1997-09-04,76,201,Hispanic,medium,black,clean_shaven,R,P,,1,RP,RP,,,,,51,,,,51,50,49,52,52,50,48,62,59,0,0,56,0,,,,,0,,,,56,52,49,54,46,53,52,67,54,0,0,55,0,False,,,0,,,,,,0,50,finesse_rp,
P3951,Fernando,Vasquez,1992-08-21,76,227,Hispanic,light,black,beard,R,P,,1,RP,SP,,,,,48,,,,48,50,48,50,52,49,52,0,62,59,54,0,0,,,,,0,,,,43,41,47,45,47,43,44,0,61,56,45,0,0,False,,,0,,,,,,0,50,power_sp,
P9433,Jermaine,Young,1990-04-13,71,163,African,dark,black,clean_shaven,L,P,,1,RP,SP,,,,,48,,,,48,52,51,51,52,49,51,0,55,0,58,0,0,,,,,0,,,,47,47,41,48,45,45,44,0,47,0,56,0,0,False,,,0,,,,,,0,50,groundball_sp,
P9780,Cedric,Green,1996-01-31,74,228,African,dark,black,clean_shaven,R,C,,0,,,52,49,51,51,51,50,52,52,49,50,,,,,,,,,,,,55,50,54,46,51,0,0,52,53,55,,,,,,,,,,,,False,,,0,,,,,,0,50,,gap
P7131,Sung,Khan,2004-03-25,76,186,Asian,light,black,clean_shaven,R,C,,0,,,52,49,51,50,49,48,55,52,48,52,,,,,,,,,,,,70,79,62,62,49,0,0,52,70,74,,,,,,,,,,,,False,,,0,,,,,,0,50,,gap
P2034,Sung,Pham,2001-09-15,74,242,Asian,light,black,goatee,R,LF,,0,,,52,64,50,52,50,52,53,49,52,52,,,,,,,,,,,,66,69,56,66,50,0,0,49,63,61,,,,,,,,,,,,False,,,0,,,,,,0,50,,power
P7226,Dwayne,Walka,1995-02-26,76,231,Anglo,light,brown,clean_shaven,R,3B,,0,,,55,48,52,49,48,49,55,48,52,48,,,,,,,,,,,,51,43,49,49,48,0,0,48,54,53,,,,,,,,,,,,False,,,0,,,,,,0,50,,spray
P5702,Juan,Flores,1993-12-23,69,229,Hispanic,dark,blonde,mustache,L,LF,,0,,,52,52,51,51,50,52,48,49,52,51,,,,,,,,,,,,47,42,41,47,50,0,0,49,45,46,,,,,,,,,,,,False,,,0,,,,,,0,50,,average
P5731,Joe,Heitmann,1998-12-05,77,193,Anglo,medium,brown,clean_shaven,L,LF,,0,,,50,57,49,51,50,50,48,48,48,50,,,,,,,,,,,,65,70,62,66,50,0,0,48,59,63,,,,,,,,,,,,False,,,0,,,,,,0,50,,power
P2889,Spencer,Gramham,1996-01-26,78,224,Anglo,medium,blonde,clean_shaven,L,1B,,0,,,52,50,49,52,51,48,46,51,52,52,,,,,,,,,,,,49,49,50,55,51,0,0,51,52,50,,,,,,,,,,,,False,,,0,,,,,,0,50,,balanced
P3190,Cedric,Baker,1995-12-08,72,197,African,dark,black,clean_shaven,L,3B,,0,,,50,52,52,51,49,49,47,48,52,49,,,,,,,,,,,,51,50,55,54,49,0,0,48,51,48,,,,,,,,,,,,False,,,0,,,,,,0,50,,average
P1712,Noel,Hagarty,2007-06-15,75,209,Anglo,medium,black,mustache,L,P,,1,RP,CL,,,,,55,,,,50,51,50,50,52,51,52,0,54,65,0,0,0,,,,,0,,,,73,69,75,64,71,69,66,0,83,86,0,0,0,False,,,0,,,,,,0,50,closer,
P6526,Miguel,Guerrero,2004-03-22,70,236,Hispanic,light,black,goatee,L,P,,1,RP,SP,,,,,51,,,,51,51,51,50,52,52,50,58,61,58,0,0,0,,,,,0,,,,67,81,80,70,68,81,72,87,81,86,0,0,0,False,,,0,,,,,,0,50,workhorse_sp,
P4111,Keneth,Plush,2006-12-14,76,242,Anglo,light,black,clean_shaven,R,P,,1,RP,RP,,,,,51,,,,50,51,52,50,52,50,51,62,0,0,0,0,0,,,,,0,,,,70,61,73,70,64,70,63,82,0,0,0,0,0,False,,,0,,,,,,0,50,finesse_rp,
P7385,Jose,Sanchez,2006-10-13,72,210,Hispanic,light,brown,goatee,R,P,,1,RP,SP,,,,,51,,,,49,49,52,52,52,51,51,0,58,60,56,0,0,,,,,0,,,,60,65,70,74,63,77,76,0,86,73,86,0,0,False,,,0,,,,,,0,50,power_sp,
P4845,Clinton,Scriber,2005-11-26,68,177,Anglo,medium,brown,clean_shaven,R,P,,1,RP,SP,,,,,52,,,,49,52,52,50,52,50,51,60,61,62,54,0,0,,,,,0,,,,65,79,65,78,81,77,79,70,75,90,80,0,0,False,,,0,,,,,,0,50,balanced_sp,
P6958,Jesus,Esty,2007-01-28,75,249,Anglo,medium,brown,beard,R,C,,0,,,50,52,49,50,50,50,52,52,48,50,,,,,,,,,,,,67,69,75,75,50,0,0,52,74,66,,,,,,,,,,,,False,,,0,,,,,,0,50,,average
P3742,Jermaine,Robinson,2004-07-24,76,213,African,dark,black,beard,R,C,,0,,,60,48,48,49,51,50,52,52,51,52,,,,,,,,,,,,76,73,69,62,51,0,0,52,80,68,,,,,,,,,,,,False,,,0,,,,,,0,50,,spray
P5964,Quentin,Harker,2006-07-03,69,186,Anglo,light,red,clean_shaven,L,CF,,0,,,50,52,48,50,51,50,45,52,51,51,,,,,,,,,,,,66,66,68,64,51,0,0,52,67,69,,,,,,,,,,,,False,,,0,,,,,,0,50,,balanced
P4577,Rufus,Jefferson,2007-04-19,74,239,African,dark,black,clean_shaven,R,C,,0,,,51,61,48,52,50,48,52,52,49,51,,,,,,,,,,,,68,89,65,69,50,0,0,52,76,63,,,,,,,,,,,,True,Moderate oblique strain,2026-10-04,0,dl15,2026-01-26,15,2026-02-10,,0,50,,power
P4195,Damien,Stayrook,2005-03-18,76,241,Anglo,medium,brown,clean_shaven,L,3B,,0,,,61,50,48,49,48,51,45,52,52,52,,,,,,,,,,,,78,63,61,72,48,0,0,52,62,74,,,,,,,,,,,,False,,,0,,,,,,0,50,,spray
P3821,Fernando,Hernandez,1999-01-05,68,220,Hispanic,medium,black,beard,L,P,,1,RP,CL,,,,,55,,,,50,52,50,50,52,50,53,0,57,65,0,0,0,,,,,0,,,,63,60,65,58,62,57,65,0,65,72,0,0,0,False,,,0,,,,,,0,50,closer,
P3875,Tyrone,White,1993-06-16,75,237,African,dark,black,clean_shaven,S,P,,1,RP,RP,,,,,51,,,,51,51,49,52,52,50,52,61,60,0,0,54,0,,,,,0,,,,50,42,45,51,48,50,47,61,60,0,0,46,0,False,,,0,,,,,,0,50,finesse_rp,
P1864,Deshawn,Jefferson,2000-04-27,68,249,African,dark,brown,clean_shaven,L,P,,1,RP,SP,,,,,52,,,,52,48,51,52,52,49,46,62,61,57,0,0,0,,,,,0,,,,59,59,64,62,64,57,55,71,71,66,0,0,0,False,,,0,,,,,,0,50,finesse_sp,
P4789,Miguel,Reyes,1987-04-17,76,189,Hispanic,medium,black,clean_shaven,R,P,,1,RP,CL,,,,,49,,,,50,52,51,52,52,50,51,53,0,65,0,0,0,,,,,0,,,,50,42,50,50,45,46,43,46,0,63,0,0,0,False,,,0,,,,,,0,50,closer,
P2562,Dick,Stelle,1988-01-25,69,176,Anglo,light,black,clean_shaven,R,P,,1,RP,RP,,,,,49,,,,52,52,48,50,52,50,52,53,0,55,61,0,0,,,,,0,,,,52,51,47,52,46,48,50,50,0,54,56,0,0,False,,,0,,,,,,0,50,groundball_rp,
P6582,Fletcher,Quiros,1995-10-19,75,172,Anglo,medium,black,beard,R,P,,1,RP,SP,,,,,49,,,,48,52,50,52,52,52,52,0,0,55,61,0,0,,,,,0,,,,53,56,48,53,52,57,47,0,0,52,57,0,0,False,,,0,,,,,,0,50,groundball_sp,
P4743,Tyree,Sanos,1996-07-06,70,179,Anglo,light,blonde,mustache,R,P,,1,RP,SP,,,,,50,,,,48,52,48,50,52,48,52,59,59,0,0,0,0,,,,,0,,,,50,56,52,47,51,53,48,64,55,0,0,0,0,False,,,0,,,,,,0,50,finesse_sp,
P9530,Deshawn,Washington,1992-10-21,71,242,African,medium,black,clean_shaven,R,P,RF,1,RP,SP,,,,,48,,,,52,48,48,50,52,49,48,60,58,56,0,56,0,,,,,0,,,,49,47,50,52,45,43,40,51,57,49,0,50,0,False,,,0,,,,,,0,50,finesse_sp,
P4480,Luis,Gomez,2005-01-17,76,196,Hispanic,light,red,clean_shaven,L,P,,1,RP,SP,,,,,52,,,,52,50,50,51,52,48,50,0,58,58,0,0,0,,,,,0,,,,79,68,80,78,75,64,65,0,71,76,0,0,0,False,,,0,,,,,,0,50,power_sp,
P7816,Raul,Rivera,1992-07-29,68,244,Hispanic,medium,brown,clean_shaven,S,P,,1,RP,SP,,,,,52,,,,52,48,49,50,52,51,47,62,59,60,0,54,0,,,,,0,,,,45,44,41,45,44,46,42,60,52,59,0,47,0,False,,,0,,,,,,0,50,workhorse_sp,
P3372,Kenton,Meck,1994-11-21,70,205,Anglo,light,brown,clean_shaven,S,P,,1,RP,SP,,,,,52,,,,52,51,50,50,52,49,52,60,58,59,0,0,0,,,,,0,,,,49,46,47,55,49,54,49,55,58,62,0,0,0,False,,,0,,,,,,0,50,balanced_sp,
P7578,Rufus,Young,1988-09-20,78,171,African,dark,black,mustache,R,C,,0,,,49,57,51,48,50,50,55,49,48,52,,,,,,,,,,,,49,47,42,48,50,0,0,49,48,48,,,,,,,,,,,,False,,,0,,,,,,0,50,,power
P6848,Malik,Robinson,1994-06-23,73,194,African,dark,black,beard,R,1B,,0,,,51,52,50,51,49,48,56,50,50,49,,,,,,,,,,,,54,47,55,48,49,0,0,50,47,51,,,,,,,,,,,,False,,,0,,,,,,0,50,,balanced
P3781,Gayle,Lieb,1994-06-22,73,197,Anglo,medium,brown,clean_shaven,R,2B,,0,,,49,51,70,50,48,51,55,51,51,52,,,,,,,,,,,,46,50,68,48,48,0,0,51,54,51,,,,,,,,,,,,False,,,0,,,,,,0,50,,speed
P5421,Esteban,Vancise,1991-01-05,68,199,Anglo,light,brown,clean_shaven,L,3B,,0,,,51,60,48,52,51,49,48,48,51,51,,,,,,,,,,,,50,53,38,43,51,0,0,48,48,46,,,,,,,,,,,,False,,,0,,,,,,0,50,,power
P5944,Aurelio,Louden,2003-05-03,72,174,Anglo,light,brown,clean_shaven,R,SS,,0,,,52,51,51,50,50,51,53,52,51,48,,,,,,,,,,,,59,63,64,56,50,0,0,52,60,53,,,,,,,,,,,,False,,,0,,,,,,0,50,,balanced
P6887,Leroy,Jackson,1996-09-01,74,186,African,dark,black,beard,L,LF,,0,,,51,49,50,50,50,49,45,49,49,50,,,,,,,,,,,,48,51,46,45,50,0,0,49,44,45,,,,,,,,,,,,False,,,0,,,,,,0,50,,average
P6177,Lorenzo,Shack,1996-04-25,69,233,Anglo,light,black,clean_shaven,R,CF,,0,,,52,51,49,50,52,50,53,51,49,48,,,,,,,,,,,,56,52,50,45,52,0,0,51,48,46,,,,,,,,,,,,True,Day-to-day shoulder bruise,,0,none,2026-04-27,2,2026-04-29,,0,50,,average
P9622,Darnell,Scott,1997-01-05,77,203,African,medium,black,clean_shaven,S,RF,,0,,,48,57,48,48,52,50,48,51,49,48,,,,,,,,,,,,46,61,43,45,52,0,0,51,47,52,,,,,,,,,,,,False,,,0,,,,,,0,50,,power
P1306,Tyrone,Green,1997-10-20,72,227,African,dark,black,goatee,L,LF,,0,,,63,52,51,49,48,51,44,51,49,49,,,,,,,,,,,,68,52,46,49,48,0,0,51,54,48,,,,,,,,,,,,False,,,0,,,,,,0,50,,spray
P4905,Fritz,Won,2001-11-24,77,164,Anglo,light,brown,clean_shaven,R,C,,0,,,52,48,51,49,48,49,52,49,50,50,,,,,,,,,,,,60,57,61,59,48,0,0,49,62,63,,,,,,,,,,,,False,,,0,,,,,,0,50,,balanced
P6783,Pablo,Flannigan,1999-01-17,76,194,Anglo,light,red,clean_shaven,L,CF,,0,,,49,49,52,48,51,52,46,51,49,51,,,,,,,,,,,,57,63,57,57,51,0,0,51,54,60,,,,,,,,,,,,False,,,0,,,,,,0,50,,balanced
P9248,Hans,Schwandt,2001-10-12,68,236,Anglo,light,brown,clean_shaven,L,RF,,0,,,50,50,52,51,48,52,47,49,50,49,,,,,,,,,,,,64,62,57,59,48,0,0,49,59,63,,,,,,,,,,,,False,,,0,,,,,,0,50,,balanced
P1094,Antonio,Reyes,2001-03-03,69,199,Hispanic,dark,red,clean_shaven,R,3B,,0,,,50,50,49,51,48,52,55,52,49,50,,,,,,,,,,,,61,59,57,57,48,0,0,52,59,60,,,,,,,,,,,,False,,,0,,,,,,0,50,,balanced
P9674,Dwayne,Bruestle,2001-01-22,70,176,Anglo,medium,black,clean_shaven,R,3B,,0,,,52,62,50,49,50,52,55,51,51,51,,,,,,,,,,,,62,67,55,63,50,0,0,51,61,56,,,,,,,,,,,,False,,,0,,,,,,0,50,,power
P1790,Pedro,Castillo,1995-10-06,70,177,Hispanic,medium,brown,beard,L,P,,1,RP,CL,,,,,55,,,,51,52,52,51,52,51,50,55,0,65,0,0,0,,,,,0,,,,52,52,55,51,53,50,47,57,0,64,0,0,0,False,,,0,,,,,,0,50,closer,
P1292,Roberto,Hernandez,1987-07-07,73,238,Hispanic,light,blonde,goatee,S,P,,1,RP,RP,,,,,49,,,,51,49,48,52,52,49,48,0,54,53,58,0,0,,,,,0,,,,51,45,49,50,42,42,40,0,53,47,52,0,0,False,,,0,,,,,,0,50,groundball_rp,
P8007,Ricardo,Castillo,2001-02-15,72,213,Hispanic,light,black,goatee,L,P,,1,RP,RP,,,,,51,,,,49,51,50,50,52,50,51,0,0,0,60,0,0,,,,,0,,,,55,58,57,62,62,60,66,0,0,0,75,0,0,False,,,0,,,,,,0,50,groundball_rp,
P4777,Jose,Hernandez,1997-07-25,70,246,Hispanic,medium,brown,goatee,R,P,,1,RP,SP,,,,,50,,,,48,50,52,50,52,50,51,62,59,0,56,57,0,,,,,0,,,,52,55,50,57,52,46,51,59,63,0,56,61,0,False,,,0,,,,,,0,50,finesse_sp,
P2192,Malik,Baker,1996-12-27,74,240,African,medium,black,beard,S,P,,1,RP,RP,,,,,49,,,,49,51,48,50,52,52,53,57,0,55,58,0,0,,,,,0,,,,50,55,52,50,51,55,58,61,0,60,59,0,0,False,,,0,,,,,,0,50,groundball_rp,
P8081,Alejandro,Guerrero,2002-06-09,75,200,Hispanic,medium,black,mustache,L,P,,1,RP,RP,,,,,52,,,,48,52,49,50,52,50,52,61,0,0,0,0,0,,,,,0,,,,57,67,65,65,63,60,62,71,0,0,0,0,0,False,,,0,,,,,,0,50,finesse_rp,
P8113,Cedric,Young,1993-05-19,74,222,African,dark,black,clean_shaven,R,P,,1,RP,SP,,,,,51,,,,50,50,51,50,52,48,50,59,60,0,0,0,0,,,,,0,,,,46,47,49,50,46,40,43,54,54,0,0,0,0,False,,,0,,,,,,0,50,balanced_sp,
P6183,Eugene,Tochterman,1992-03-22,75,170,Anglo,dark,black,beard,L,LF,,0,,,50,50,85,51,50,48,45,52,51,52,,,,,,,,,,,,45,40,80,49,50,0,0,52,48,43,,,,,,,,,,,,False,,,0,,,,,,0,50,,elite_speed
P6503,Deshawn,Wright,1997-10-31,75,169,African,dark,black,clean_shaven,R,LF,,0,,,50,52,48,51,52,49,54,49,48,51,,,,,,,,,,,,49,50,52,50,52,0,0,49,48,56,,,,,,,,,,,,False,,,0,,,,,,0,50,,average
P5573,Manuel,Hernandez,2004-06-21,71,171,Hispanic,light,red,clean_shaven,L,C,,0,,,51,50,52,49,51,50,44,50,50,49,,,,,,,,,,,,68,79,69,79,51,0,0,50,77,68,,,,,,,,,,,,False,,,0,,,,,,0,50,,average
P5658,Percy,Young,1992-09-18,69,229,African,dark,black,clean_shaven,R,LF,,0,,,52,49,51,50,48,52,56,52,49,52,,,,,,,,,,,,45,43,44,46,48,0,0,52,40,46,,,,,,,,,,,,False,,,0,,,,,,0,50,,average
P8692,Antonio,Torres,2000-05-25,78,199,Hispanic,light,black,clean_shaven,R,3B,,0,,,52,60,49,51,51,49,56,51,52,49,,,,,,,,,,,,57,69,59,60,51,0,0,51,67,54,,,,,,,,,,,,False,,,0,,,,,,0,50,,power
P6516,Carlos,Morales,1998-11-05,78,226,Hispanic,dark,brown,clean_shaven,R,1B,,0,,,56,55,52,49,48,49,54,51,50,50,,,,,,,,,,,,64,64,66,64,48,0,0,51,62,57,,,,,,,,,,,,False,,,0,,,,,,0,50,,gap
P8840,Eduardo,Reyes,2002-04-21,77,179,Hispanic,light,brown,goatee,R,3B,,0,,,48,58,52,48,51,49,56,51,49,51,,,,,,,,,,,,58,73,64,58,51,0,0,51,57,64,,,,,,,,,,,,False,,,0,,,,,,0,50,,power
P5255,Joshua,Uitz,1988-02-01,69,195,Anglo,light,brown,beard,R,LF,,0,,,52,58,52,52,48,48,52,49,49,51,,,,,,,,,,,,43,53,42,52,48,0,0,49,40,50,,,,,,,,,,,,False,,,0,,,,,,0,50,,power
P9603,Antonio,Gonzalez,2004-05-20,75,195,Hispanic,light,brown,clean_shaven,L,P,,1,RP,CL,,,,,55,,,,49,49,51,52,52,49,49,0,57,65,0,0,0,,,,,0,,,,77,67,80,77,75,72,65,0,87,90,0,0,0,False,,,0,,,,,,0,50,closer,
P3323,Xavier,Mitchell,2005-06-13,72,248,African,dark,brown,clean_shaven,R,P,,1,RP,RP,,,,,52,,,,50,51,51,50,52,52,49,61,60,0,0,0,0,,,,,0,,,,61,69,78,75,79,79,79,75,71,0,0,0,0,False,,,0,,,,,,0,50,finesse_rp,
P6347,Bradford,Kinkle,2008-01-06,73,211,Anglo,dark,brown,clean_shaven,R,P,,1,RP,RP,,,,,52,,,,50,48,48,50,52,51,47,0,59,58,0,0,0,,,,,0,,,,76,65,61,71,75,76,58,0,70,69,0,0,0,False,,,0,,,,,,0,50,power_rp,
P9839,Leroy,Mitchell,2007-03-06,70,217,African,dark,black,mustache,L,P,,1,RP,SP,,,,,48,,,,48,50,51,50,52,51,52,62,61,60,0,0,0,,,,,0,,,,59,79,77,81,64,72,69,92,80,71,0,0,0,False,,,0,,,,,,0,50,balanced_sp,
P9346,Miguel,Cruz,2004-09-29,68,168,Hispanic,medium,brown,clean_shaven,R,P,,1,RP,SP,,,,,52,,,,48,52,49,50,52,49,53,55,59,61,56,0,0,,,,,0,,,,68,67,68,73,73,69,68,79,80,77,77,0,0,False,,,0,,,,,,0,50,power_sp,
P2808,Sung,Yamamoto,2007-01-05,78,216,Asian,medium,black,clean_shaven,R,SS,,0,,,56,55,49,49,50,52,54,49,49,52,,,,,,,,,,,,70,80,75,61,50,0,0,49,72,82,,,,,,,,,,,,False,,,0,,,,,,0,50,,gap
P7696,Burl,Regulus,2004-04-22,74,218,Anglo,medium,black,clean_shaven,R,C,,0,,,49,51,70,49,50,52,54,51,49,51,,,,,,,,,,,,65,75,86,75,50,0,0,51,65,76,,,,,,,,,,,,False,,,0,,,,,,0,50,,speed
P4780,Francisco,Guerrero,2004-12-18,69,164,Hispanic,medium,brown,clean_shaven,L,CF,,0,,,50,50,85,51,52,49,44,48,51,51,,,,,,,,,,,,67,66,99,69,52,0,0,48,74,62,,,,,,,,,,,,False,,,0,,,,,,0,50,,elite_speed
P9364,Bobby,Maillet,2006-04-25,70,189,Anglo,light,black,mustache,R,3B,,0,,,48,49,49,49,52,50,53,50,49,48,,,,,,,,,,,,60,67,79,65,52,0,0,50,76,76,,,,,,,,,,,,False,,,0,,,,,,0,50,,average
P7118,Hector,Martinez,2004-09-09,73,224,Hispanic,light,brown,clean_shaven,R,C,,0,,,49,51,49,49,52,52,55,51,50,49,,,,,,,,,,,,69,78,65,78,52,0,0,51,72,59,,,,,,,,,,,,False,,,0,,,,,,0,50,,gap
P3758,Rufus,Green,1989-11-09,70,227,African,medium,black,beard,S,P,,1,RP,CL,,,,,55,,,,49,51,52,51,52,50,52,56,55,65,0,0,0,,,,,0,,,,44,43,41,43,50,43,43,51,50,61,0,0,0,False,,,0,,,,,,0,50,closer,
P4698,Dustin,Grossi,2001-05-11,70,184,Anglo,medium,blonde,clean_shaven,R,P,,1,RP,SP,,,,,52,,,,49,48,50,50,52,49,47,0,59,58,56,53,0,,,,,0,,,,61,61,64,62,59,55,60,0,70,69,68,65,0,False,,,0,,,,,,0,50,power_sp,
P7275,Lazaro,Polton,1997-04-21,73,191,Anglo,light,brown,clean_shaven,R,P,,1,RP,SP,,,,,52,,,,50,52,52,50,52,50,54,60,59,62,0,0,0,,,,,0,,,,49,55,45,55,53,52,58,60,54,64,0,0,0,False,,,0,,,,,,0,50,workhorse_sp,
P6591,Fernando,Torres,1987-06-19,69,242,Hispanic,medium,black,beard,R,P,,1,RP,RP,,,,,48,,,,51,48,48,50,52,51,50,62,60,0,56,0,0,,,,,0,,,,45,39,47,46,46,49,43,62,60,0,55,0,0,False,,,0,,,,,,0,50,finesse_rp,
P1447,Darrick,Mccoil,1999-11-14,70,199,Anglo,light,black,clean_shaven,L,P,,1,RP,SP,,,,,48,,,,51,50,51,52,52,50,50,53,53,55,59,0,0,,,,,0,,,,59,56,64,67,61,57,60,64,60,60,65,0,0,False,,,0,,,,,,0,50,groundball_sp,
P7706,Gail,Vickery,1989-08-22,77,173,Anglo,light,brown,clean_shaven,R,P,,1,RP,SP,,,,,51,,,,51,51,52,52,52,50,53,0,61,61,0,0,0,,,,,0,,,,50,46,42,50,49,44,48,0,60,57,0,0,0,False,,,0,,,,,,0,50,workhorse_sp,
P1961,Clifton,Ussery,1994-04-11,75,249,Anglo,medium,red,beard,L,P,,1,RP,RP,,,,,51,,,,48,52,52,50,52,51,52,0,59,0,0,0,0,,,,,0,,,,53,56,50,49,57,56,54,0,59,0,0,0,0,False,,,0,,,,,,0,50,power_rp,
P9176,Sung,Park,2001-10-11,71,234,Asian,medium,black,goatee,R,P,,1,RP,SP,,,,,51,,,,48,52,49,52,52,51,51,54,58,60,57,0,0,,,,,0,,,,58,62,62,59,56,57,61,68,67,66,66,0,0,False,,,0,,,,,,0,50,power_sp,
P8208,Miguel,Rodriguez,1988-10-02,72,239,Hispanic,dark,black,mustache,R,P,,1,RP,LR,,,,,49,,,,51,48,52,51,52,50,46,59,0,58,0,0,0,,,,,0,,,,44,41,41,50,47,46,36,56,0,56,0,0,0,False,,,0,,,,,,0,50,long_relief,
P6628,Jermaine,Green,1994-07-31,77,204,African,light,black,beard,R,P,,1,RP,RP,,,,,48,,,,48,48,51,50,52,50,48,60,62,55,0,0,0,,,,,0,,,,47,48,48,57,49,52,51,58,67,58,0,0,0,False,,,0,,,,,,0,50,finesse_rp,
P5712,Antonio,Castillo,1988-11-04,68,197,Hispanic,dark,brown,goatee,R,P,,1,RP,SP,,,,,49,,,,48,52,48,51,52,49,53,61,62,59,0,56,0,,,,,0,,,,38,42,43,42,48,43,45,54,54,51,0,53,0,False,,,0,,,,,,0,50,balanced_sp,
P9695,Carlos,Garcia,1990-09-19,71,198,Hispanic,medium,brown,clean_shaven,R,C,,0,,,49,48,70,50,49,48,54,52,48,52,,,,,,,,,,,,46,44,67,42,49,0,0,52,48,43,,,,,,,,,,,,False,,,0,,,,,,0,50,,speed
P5282,Roberto,Flores,2002-09-13,71,188,Hispanic,medium,black,clean_shaven,L,1B,,0,,,59,59,50,51,49,50,48,51,51,49,,,,,,,,,,,,69,69,59,64,49,0,0,51,64,58,,,,,,,,,,,,False,,,0,,,,,,0,50,,gap
P1065,Carlos,Ortiz,2001-05-31,76,212,Hispanic,medium,brown,mustache,L,2B,,0,,,52,50,70,49,51,51,45,52,50,49,,,,,,,,,,,,63,55,78,64,51,0,0,52,61,55,,,,,,,,,,,,False,,,0,,,,,,0,50,,speed
P7325,Nicholas,Taruer,1995-10-05,77,247,Anglo,light,black,clean_shaven,R,3B,,0,,,49,57,50,48,50,52,55,50,51,51,,,,,,,,,,,,47,62,45,51,50,0,0,50,54,56,,,,,,,,,,,,False,,,0,,,,,,0,50,,power
P3614,Chauncey,Wyles,2004-10-06,75,203,Anglo,light,blonde,mustache,R,SS,,0,,,50,48,70,51,48,48,52,51,48,50,,,,,,,,,,,,72,74,97,72,48,0,0,51,74,66,,,,,,,,,,,,False,,,0,,,,,,0,50,,speed
P4773,Alec,Dollarhide,2002-11-06,69,188,Anglo,dark,brown,clean_shaven,R,LF,,0,,,52,49,70,51,49,48,55,49,51,50,,,,,,,,,,,,61,57,85,59,49,0,0,49,59,57,,,,,,,,,,,,False,,,0,,,,,,0,50,,speed
P8425,Jorge,Reyes,1994-09-01,71,166,Hispanic,light,black,clean_shaven,R,CF,,0,,,59,51,48,51,48,49,54,51,48,48,,,,,,,,,,,,57,48,52,53,48,0,0,51,46,53,,,,,,,,,,,,False,,,0,,,,,,0,50,,spray
P9081,Jermaine,Allen,1996-01-21,76,205,African,dark,brown,clean_shaven,L,RF,,0,,,58,52,48,50,51,52,45,49,52,48,,,,,,,,,,,,62,49,48,48,51,0,0,49,48,45,,,,,,,,,,,,False,,,0,,,,,,0,50,,spray
P8390,Corey,Ruse,1997-09-06,69,244,Anglo,light,brown,clean_shaven,L,LF,,0,,,48,50,50,51,48,52,48,48,49,49,,,,,,,,,,,,50,47,51,53,48,0,0,48,45,49,,,,,,,,,,,,False,,,0,,,,,,0,50,,balanced
P2497,Darnell,Mitchell,1991-02-28,73,218,African,dark,black,beard,R,LF,,0,,,52,50,70,51,52,49,56,48,52,49,,,,,,,,,,,,46,48,64,48,52,0,0,48,42,43,,,,,,,,,,,,False,,,0,,,,,,0,50,,speed
P4545,Frederick,Sullivan,2001-01-08,72,208,Anglo,light,black,mustache,R,C,,0,,,50,51,51,49,49,50,55,52,51,50,,,,,,,,,,,,57,63,58,54,49,0,0,52,60,60,,,,,,,,,,,,False,,,0,,,,,,0,50,,balanced
P2868,Xavier,Jefferson,1991-04-02,77,194,African,dark,brown,clean_shaven,R,1B,,0,,,50,60,49,50,50,48,54,52,49,49,,,,,,,,,,,,40,60,41,40,50,0,0,52,45,43,,,,,,,,,,,,False,,,0,,,,,,0,50,,power
P4955,Xavier,King,2003-11-17,69,172,African,light,black,clean_shaven,R,RF,,0,,,51,62,49,52,48,52,53,48,51,51,,,,,,,,,,,,59,76,56,64,48,0,0,48,56,56,,,,,,,,,,,,False,,,0,,,,,,0,50,,power
P9529,Leroy,White,1996-02-18,70,221,African,dark,black,goatee,S,C,,0,,,50,50,48,51,50,48,51,49,50,48,,,,,,,,,,,,55,48,49,52,50,0,0,49,54,43,,,,,,,,,,,,False,,,0,,,,,,0,50,,average
P7541,Raul,Ramos,2001-02-20,70,161,Hispanic,medium,black,clean_shaven,L,P,,1,RP,CL,,,,,55,,,,51,49,52,50,52,50,48,0,0,65,0,0,0,,,,,0,,,,64,54,64,67,64,62,55,0,0,80,0,0,0,False,,,0,,,,,,0,50,closer,
P6391,Francisco,Gomez,1996-06-10,71,245,Hispanic,medium,blonde,beard,R,P,,1,RP,SP,,,,,52,,,,52,50,48,50,52,52,52,55,62,60,0,0,0,,,,,0,,,,53,49,47,47,46,55,55,51,58,65,0,0,0,False,,,0,,,,,,0,50,power_sp,
P6510,Abe,Mozie,2002-12-23,72,200,Anglo,medium,brown,clean_shaven,R,P,,1,RP,SP,,,,,49,,,,48,52,51,52,52,52,53,56,54,0,58,0,0,,,,,0,,,,54,59,66,67,56,64,62,68,64,0,64,0,0,False,,,0,,,,,,0,50,groundball_sp,
P8165,Manuel,Garcia,2003-06-15,73,245,Hispanic,light,black,clean_shaven,L,P,,1,RP,RP,,,,,52,,,,48,50,52,52,52,52,49,0,0,0,58,0,0,,,,,0,,,,61,59,67,66,66,65,57,0,0,0,66,0,0,False,,,0,,,,,,0,50,groundball_rp,
P1417,Johnnie,Carmolli,2001-03-13,75,248,Anglo,light,blonde,clean_shaven,S,P,,1,RP,SP,,,,,52,,,,48,48,48,52,52,48,48,58,60,59,56,0,0,,,,,0,,,,56,57,60,62,57,59,54,72,71,67,68,0,0,False,,,0,,,,,,0,50,balanced_sp,
P7705,Randy,Pagon,1992-12-30,73,187,Anglo,light,brown,clean_shaven,L,P,,1,RP,SP,,,,,48,,,,49,48,48,50,52,51,47,54,62,58,0,56,0,,,,,0,,,,41,48,44,46,48,45,46,54,61,48,0,53,0,False,,,0,,,,,,0,50,power_sp,
P6993,Dave,Domenech,1994-06-29,74,247,Anglo,dark,blonde,clean_shaven,R,P,,1,RP,SP,,,,,52,,,,51,48,50,50,52,48,48,59,60,60,0,0,0,,,,,0,,,,51,49,51,55,54,50,45,62,58,64,0,0,0,False,,,0,,,,,,0,50,balanced_sp,
P8995,Carlos,Torres,1994-06-14,69,229,Hispanic,medium,brown,goatee,R,RF,1B,0,,,63,52,50,51,48,52,53,49,49,51,,,,,,,,,,,,60,49,53,55,48,0,0,49,47,55,,,,,,,,,,,,False,,,0,,,,,,0,50,,spray
P3402,Austin,Reginaldo,2003-01-12,77,176,Anglo,medium,blonde,goatee,R,3B,,0,,,50,51,51,51,50,52,52,48,48,52,,,,,,,,,,,,61,65,60,60,50,0,0,48,59,58,,,,,,,,,,,,False,,,0,,,,,,0,50,,average
P9923,Ricardo,Lopez,2000-10-03,77,208,Hispanic,medium,black,beard,S,CF,,0,,,48,48,51,49,51,49,48,51,52,50,,,,,,,,,,,,55,60,63,64,51,0,0,51,57,55,,,,,,,,,,,,False,,,0,,,,,,0,50,,gap
P7070,Jody,Piccuillo,1989-10-07,78,193,Anglo,light,red,beard,R,SS,,0,,,61,51,48,51,48,52,53,50,48,52,,,,,,,,,,,,55,46,47,42,48,0,0,50,41,43,,,,,,,,,,,,False,,,0,,,,,,0,50,,spray
P9044,Leroy,Washington,1993-06-20,71,222,African,dark,black,beard,R,RF,,0,,,62,52,49,50,49,49,53,49,50,52,,,,,,,,,,,,56,49,48,44,49,0,0,49,40,45,,,,,,,,,,,,False,,,0,,,,,,0,50,,spray
P4384,Antonio,Vargas,1992-01-29,70,199,Hispanic,medium,black,clean_shaven,R,C,,0,,,48,51,49,51,51,50,53,48,50,52,,,,,,,,,,,,43,45,43,47,51,0,0,48,46,50,,,,,,,,,,,,False,,,0,,,,,,0,50,,balanced
P5542,Billie,Livecchi,2001-03-19,70,204,Anglo,light,brown,clean_shaven,R,3B,,0,,,50,58,49,51,49,52,56,50,50,48,,,,,,,,,,,,60,73,60,66,49,0,0,50,61,61,,,,,,,,,,,,False,,,0,,,,,,0,50,,power
P2982,Alejandro,Garcia,1989-08-13,74,185,Hispanic,medium,blonde,clean_shaven,R,RF,,0,,,58,51,51,51,49,49,53,48,51,52,,,,,,,,,,,,56,46,43,50,49,0,0,48,47,46,,,,,,,,,,,,True,Day-to-day shoulder bruise,,0,none,2026-07-21,1,2026-07-22,,0,50,,spray
P3288,Stuart,Whitener,2006-04-14,70,184,Anglo,light,black,goatee,R,P,,1,RP,CL,,,,,55,,,,50,52,52,50,52,51,53,54,57,65,0,0,0,,,,,0,,,,64,62,74,71,78,65,70,78,73,94,0,0,0,False,,,0,,,,,,0,50,closer,
P6753,Rufus,Mitchell,2007-05-11,70,250,African,medium,black,clean_shaven,R,P,,1,RP,SP,,,,,48,,,,48,51,49,51,52,52,51,58,58,54,56,0,0,,,,,0,,,,60,69,70,64,71,79,75,75,72,67,74,0,0,False,,,0,,,,,,0,50,finesse_sp,
P1968,Bradford,Pentland,2004-05-16,71,199,Anglo,light,red,clean_shaven,S,P,,1,RP,SP,,,,,48,,,,48,50,49,51,52,51,52,56,62,59,57,0,0,,,,,0,,,,64,79,65,73,74,69,77,73,84,84,68,0,0,False,,,0,,,,,,0,50,power_sp,
P1704,Rafael,Gonzalez,2006-11-22,75,187,Hispanic,light,black,clean_shaven,R,P,,1,RP,SP,,,,,51,,,,51,52,52,51,52,49,53,54,62,58,0,0,0,,,,,0,,,,61,77,79,79,76,66,65,66,85,83,0,0,0,False,,,0,,,,,,0,50,power_sp,
P7876,Samuel,Tappendorf,2004-10-30,78,187,Anglo,light,black,clean_shaven,R,P,,1,RP,SP,,,,,49,,,,50,49,51,52,52,49,50,59,58,0,0,0,0,,,,,0,,,,78,73,64,81,71,70,67,81,78,0,0,0,0,False,,,0,,,,,,0,50,finesse_sp,
P2580,Xavier,Carter,2006-07-23,69,236,African,medium,black,mustache,R,3B,,0,,,50,50,50,49,49,52,54,48,51,51,,,,,,,,,,,,62,62,80,75,49,0,0,48,76,65,,,,,,,,,,,,False,,,0,,,,,,0,50,,balanced
P2979,Hassan,Magowan,2005-12-28,71,200,Anglo,light,red,beard,R,2B,,0,,,48,49,70,48,48,50,52,50,50,52,,,,,,,,,,,,67,73,83,77,48,0,0,50,64,78,,,,,,,,,,,,False,,,0,,,,,,0,50,,speed
P5009,Daron,Stoneberger,2007-02-20,72,217,Anglo,medium,red,clean_shaven,R,LF,,0,,,56,57,50,50,48,48,52,48,50,51,,,,,,,,,,,,76,72,71,79,48,0,0,48,76,64,,,,,,,,,,,,False,,,0,,,,,,0,50,,gap
P7461,Cedric,Scott,2004-07-05,78,213,African,dark,black,beard,R,1B,,0,,,52,52,48,51,49,49,52,48,48,48,,,,,,,,,,,,68,68,59,65,49,0,0,48,61,63,,,,,,,,,,,,False,,,0,,,,,,0,50,,average
P7268,Erin,Feoli,2007-12-25,70,232,Anglo,light,brown,mustache,R,CF,,0,,,50,59,48,51,48,52,54,52,49,52,,,,,,,,,,,,79,85,67,81,48,0,0,52,62,66,,,,,,,,,,,,False,,,0,,,,,,0,50,,power
P3910,Miguel,Ramos,1996-06-14,68,221,Hispanic,medium,brown,clean_shaven,L,P,,1,RP,CL,,,,,55,,,,49,49,50,50,52,51,48,53,0,65,0,0,0,,,,,0,,,,54,51,54,54,47,49,51,52,0,64,0,0,0,False,,,0,,,,,,0,50,closer,
P1492,Ricardo,Flores,1998-10-23,71,202,Hispanic,dark,black,clean_shaven,R,P,,1,RP,SP,,,,,48,,,,49,49,51,50,52,52,47,0,60,60,55,0,0,,,,,0,,,,60,54,58,62,58,65,58,0,73,75,69,0,0,False,,,0,,,,,,0,50,power_sp,
P2701,Hector,Mendoza,1996-02-29,71,221,Hispanic,light,black,clean_shaven,S,P,,1,RP,RP,,,,,48,,,,51,52,52,51,52,51,51,56,56,0,62,0,0,,,,,0,,,,46,49,56,52,56,56,49,57,51,0,65,0,0,False,,,0,,,,,,0,50,groundball_rp,
P3079,Bret,Abney,1997-05-18,74,179,Anglo,light,brown,clean_shaven,L,P,,1,RP,SP,,,,,52,,,,51,48,49,50,52,50,50,60,61,0,0,0,0,,,,,0,,,,50,43,55,49,50,45,54,65,58,0,0,0,0,False,,,0,,,,,,0,50,finesse_sp,
P2960,Olen,Spirer,2000-07-14,77,170,Anglo,medium,red,mustache,R,P,,1,RP,SP,,,,,48,,,,52,49,50,52,52,52,49,0,53,0,58,0,0,,,,,0,,,,64,59,64,57,62,57,62,0,66,0,66,0,0,False,,,0,,,,,,0,50,groundball_sp,
P8733,Eduardo,Castillo,1989-01-17,70,213,Hispanic,medium,black,mustache,L,P,,1,RP,SP,,,,,52,,,,50,48,50,52,52,52,48,62,62,58,0,0,0,,,,,0,,,,41,48,52,43,49,46,46,62,56,57,0,0,0,False,,,0,,,,,,0,50,balanced_sp,
P8559,Jermaine,Jefferson,1988-10-16,68,173,African,medium,brown,goatee,R,P,,1,RP,SP,,,,,49,,,,49,49,49,50,52,52,50,55,61,60,0,53,0,,,,,0,,,,48,48,50,42,44,48,42,49,52,54,0,44,0,False,,,0,,,,,,0,50,power_sp,
P1930,Antonio,Ortiz,1990-10-14,72,241,Hispanic,medium,black,clean_shaven,R,P,,1,RP,SP,,,,,49,,,,52,48,51,51,52,50,50,54,62,61,56,0,0,,,,,0,,,,42,45,43,48,45,46,45,49,60,57,56,0,0,False,,,0,,,,,,0,50,power_sp,
P1476,Leroy,Young,1999-07-17,73,181,African,dark,black,clean_shaven,L,P,,1,RP,SP,,,,,48,,,,51,48,50,51,52,49,47,60,59,53,0,54,0,,,,,0,,,,62,56,60,66,62,54,61,69,74,63,0,63,0,False,,,0,,,,,,0,50,finesse_sp,
P7809,Jose,Flores,2001-03-09,70,239,Hispanic,medium,black,clean_shaven,L,P,,1,RP,RP,,,,,51,,,,49,49,52,52,52,49,50,60,62,0,0,0,0,,,,,0,,,,60,64,66,57,66,58,60,69,70,0,0,0,0,False,,,0,,,,,,0,50,finesse_rp,
P5491,Jamal,Gaines,1987-07-10,71,246,African,dark,black,goatee,S,P,,1,RP,SP,,,,,49,,,,50,50,49,50,52,52,51,55,0,54,58,0,0,,,,,0,,,,40,40,48,47,48,45,42,47,0,46,58,0,0,False,,,0,,,,,,0,50,groundball_sp,
P8141,Percy,Walker,1989-03-13,76,232,African,dark,black,clean_shaven,R,C,,0,,,49,51,52,50,49,50,52,50,52,49,,,,,,,,,,,,48,41,49,46,49,0,0,50,42,42,,,,,,,,,,,,False,,,0,,,,,,0,50,,average
P4218,Malik,Taylor,1994-02-26,76,166,African,dark,black,beard,L,1B,,0,,,50,49,49,51,50,49,46,49,50,49,,,,,,,,,,,,47,48,50,47,50,0,0,49,52,47,,,,,,,,,,,,False,,,0,,,,,,0,50,,gap
P4180,Arlie,Kostka,1999-10-04,73,248,Anglo,light,brown,goatee,R,2B,,0,,,51,51,51,49,51,48,56,52,49,48,,,,,,,,,,,,57,57,63,57,51,0,0,52,56,61,,,,,,,,,,,,False,,,0,,,,,,0,50,,gap
P9928,Luis,Martinez,2001-05-31,75,225,Hispanic,dark,brown,goatee,R,3B,,0,,,52,52,70,51,52,49,53,51,49,52,,,,,,,,,,,,61,58,78,61,52,0,0,51,57,59,,,,,,,,,,,,False,,,0,,,,,,0,50,,speed
P5441,Carlos,Perez,1999-11-09,76,174,Hispanic,light,brown,clean_shaven,S,SS,,0,,,52,50,51,52,48,48,49,51,48,50,,,,,,,,,,,,60,62,63,60,48,0,0,51,57,61,,,,,,,,,,,,False,,,0,,,,,,0,50,,balanced
P3670,Carlos,Vasquez,1991-02-16,75,202,Hispanic,light,red,clean_shaven,R,LF,,0,,,52,51,85,49,50,52,55,52,50,51,,,,,,,,,,,,42,51,84,40,50,0,0,52,46,48,,,,,,,,,,,,False,,,0,,,,,,0,50,,elite_speed
P3684,Jasper,Meconi,2001-09-10,71,175,Anglo,light,black,clean_shaven,L,CF,,0,,,49,52,50,51,50,52,45,50,48,49,,,,,,,,,,,,63,65,55,60,50,0,0,50,54,57,,,,,,,,,,,,False,,,0,,,,,,0,50,,average
P6601,Lucius,Schwien,1999-08-15,74,229,Anglo,medium,blonde,mustache,R,RF,3B,0,,,50,58,51,50,50,49,52,51,49,48,,,,,,,,,,,,65,71,65,60,50,0,0,51,56,58,,,,,,,,,,,,False,,,0,,,,,,0,50,,power
P5399,Jermaine,Gaines,1995-08-07,77,219,African,dark,brown,beard,R,RF,,0,,,48,55,50,49,50,48,55,49,49,52,,,,,,,,,,,,48,54,53,45,50,0,0,49,54,56,,,,,,,,,,,,False,,,0,,,,,,0,50,,power
P7725,Darnell,Green,2003-03-23,68,200,African,medium,brown,mustache,L,RF,,0,,,52,50,50,49,51,50,44,52,48,50,,,,,,,,,,,,66,65,57,57,51,0,0,52,60,65,,,,,,,,,,,,False,,,0,,,,,,0,50,,balanced
P4254,Jose,Rivera,1988-05-12,77,169,Hispanic,light,brown,clean_shaven,R,LF,,0,,,56,48,52,51,52,50,53,51,48,48,,,,,,,,,,,,47,38,48,46,52,0,0,51,40,43,,,,,,,,,,,,False,,,0,,,,,,0,50,,spray
P1963,Milford,Langen,1995-12-02,71,217,Anglo,medium,black,clean_shaven,R,CF,,0,,,56,50,52,51,49,49,53,51,48,51,,,,,,,,,,,,53,46,52,52,49,0,0,51,47,48,,,,,,,,,,,,False,,,0,,,,,,0,50,,spray
P5347,Jay,Stelter,1988-09-17,72,228,Anglo,light,brown,beard,L,1B,,0,,,61,51,49,52,52,51,47,52,52,48,,,,,,,,,,,,59,44,45,46,52,0,0,52,49,48,,,,,,,,,,,,False,,,0,,,,,,0,50,,spray
P1031,Antonio,Vasquez,1990-07-16,76,216,Hispanic,medium,red,goatee,R,CF,RF,0,,,48,52,48,50,48,51,55,52,51,52,,,,,,,,,,,,42,44,44,50,48,0,0,52,45,44,,,,,,,,,,,,False,,,0,,,,,,0,50,,gap
P5804,Moises,Schak,2001-06-18,70,243,Anglo,light,black,clean_shaven,R,P,,1,RP,CL,,,,,55,,,,50,51,52,50,52,49,49,55,55,65,0,0,0,,,,,0,,,,62,62,61,64,58,64,55,63,70,80,0,0,0,False,,,0,,,,,,0,50,closer,
P1387,Hosea,Alonge,1997-05-04,70,198,Anglo,medium,black,clean_shaven,L,P,,1,RP,SP,,,,,48,,,,50,48,49,50,52,48,49,61,58,56,0,0,0,,,,,0,,,,53,52,48,55,47,45,53,57,62,55,0,0,0,False,,,0,,,,,,0,50,finesse_sp,
P8875,Malik,White,1990-07-01,77,216,African,dark,black,beard,L,P,,1,RP,SP,,,,,50,,,,48,48,51,51,52,48,50,0,61,62,0,0,0,,,,,0,,,,46,41,47,50,48,46,40,0,56,56,0,0,0,False,,,0,,,,,,0,50,power_sp,
P7588,Luis,Mendoza,1993-08-21,68,204,Hispanic,light,blonde,mustache,S,P,,1,RP,SP,,,,,51,,,,50,49,50,51,52,52,51,0,60,60,0,0,0,,,,,0,,,,50,39,47,46,41,44,50,0,51,55,0,0,0,False,,,0,,,,,,0,50,power_sp,
P3728,Jody,Brevig,1991-05-17,78,191,Anglo,medium,brown,mustache,R,P,,1,RP,RP,,,,,48,,,,49,52,50,50,52,52,51,61,62,57,0,0,0,,,,,0,,,,47,43,50,50,48,45,46,54,60,54,0,0,0,False,,,0,,,,,,0,50,finesse_rp,
P9410,Francisco,Garcia,1987-10-21,71,236,Hispanic,medium,black,clean_shaven,R,P,,1,RP,RP,,,,,51,,,,51,51,51,50,52,48,50,0,57,57,59,0,0,,,,,0,,,,45,44,41,52,43,42,45,0,47,56,57,0,0,False,,,0,,,,,,0,50,groundball_rp,
P4173,Kerry,Polivick,1997-05-22,74,174,Anglo,light,brown,clean_shaven,L,P,,1,RP,SP,,,,,51,,,,51,49,51,52,52,50,50,59,62,0,55,0,0,,,,,0,,,,47,54,54,54,55,45,50,63,60,0,53,0,0,False,,,0,,,,,,0,50,finesse_sp,
P4077,Adalberto,Triller,2003-07-03,68,224,Anglo,light,brown,clean_shaven,R,CF,,0,,,49,50,52,49,48,51,56,50,49,52,,,,,,,,,,,,62,55,60,64,48,0,0,50,56,65,,,,,,,,,,,,False,,,0,,,,,,0,50,,average
P2591,Pedro,Delgado,1994-08-15,69,240,Hispanic,medium,black,clean_shaven,L,LF,,0,,,51,51,85,52,52,48,46,51,48,48,,,,,,,,,,,,54,50,83,48,52,0,0,51,53,44,,,,,,,,,,,,False,,,0,,,,,,0,50,,elite_speed
P2535,Deshawn,Carter,1997-12-17,76,249,African,dark,brown,mustache,R,3B,,0,,,49,52,70,50,50,48,53,50,52,51,,,,,,,,,,,,46,47,72,46,50,0,0,50,47,53,,,,,,,,,,,,False,,,0,,,,,,0,50,,speed
P1324,Xavier,Baker,1987-06-24,72,205,African,dark,black,mustache,R,C,,0,,,56,49,49,50,50,48,56,52,50,49,,,,,,,,,,,,53,43,41,40,50,0,0,52,46,44,,,,,,,,,,,,False,,,0,,,,,,0,50,,spray
P6312,Jamal,Jefferson,1991-04-19,71,244,African,dark,black,beard,R,SS,,0,,,49,51,70,50,50,50,53,49,50,51,,,,,,,,,,,,47,47,70,42,50,0,0,49,41,42,,,,,,,,,,,,False,,,0,,,,,,0,50,,speed
P5134,Garrett,Uhrig,1995-07-10,68,181,Anglo,medium,brown,clean_shaven,R,CF,,0,,,49,52,48,50,49,52,53,48,51,51,,,,,,,,,,,,48,47,45,47,49,0,0,48,47,52,,,,,,,,,,,,False,,,0,,,,,,0,50,,gap
P3892,Rafael,Gomez,2004-05-22,76,184,Hispanic,medium,black,clean_shaven,R,2B,,0,,,48,49,51,51,52,50,52,51,52,49,,,,,,,,,,,,77,69,64,81,52,0,0,51,64,79,,,,,,,,,,,,False,,,0,,,,,,0,50,,balanced
P1994,Deshawn,Taylor,1994-08-13,74,161,African,medium,black,clean_shaven,L,2B,,0,,,52,48,50,52,50,51,47,49,50,48,,,,,,,,,,,,49,45,51,47,50,0,0,49,47,46,,,,,,,,,,,,False,,,0,,,,,,0,50,,balanced
P7194,Brock,Staszak,2008-01-09,74,242,Anglo,light,blonde,clean_shaven,L,P,,1,RP,CL,,,,,55,,,,50,49,49,50,52,50,51,55,53,65,0,0,0,,,,,0,,,,65,65,77,66,72,75,74,66,67,94,0,0,0,False,,,0,,,,,,0,50,closer,
P3252,Tyrone,Young,2006-07-21,74,193,African,dark,brown,mustache,L,P,,1,RP,RP,,,,,52,,,,49,50,49,50,52,48,52,0,61,0,0,0,0,,,,,0,,,,71,62,68,78,76,74,69,0,77,0,0,0,0,False,,,0,,,,,,0,50,power_rp,
P3661,Juan,Torres,2005-08-24,73,194,Hispanic,medium,black,goatee,L,P,,1,RP,RP,,,,,48,,,,51,52,52,52,52,50,51,0,62,0,0,0,0,,,,,0,,,,70,68,75,74,73,70,75,0,76,0,0,0,0,False,,,0,,,,,,0,50,finesse_rp,
P4069,Hector,Vargas,2006-12-27,75,183,Hispanic,light,brown,goatee,R,P,,1,RP,RP,,,,,48,,,,49,49,48,50,52,51,47,59,62,0,55,0,0,,,,,0,,,,60,77,72,80,61,77,76,79,79,0,77,0,0,False,,,0,,,,,,0,50,finesse_rp,
P3376,Parker,Overdorf,2006-08-13,69,243,Anglo,dark,brown,clean_shaven,S,P,,1,RP,SP,,,,,50,,,,51,51,50,50,52,49,49,58,60,61,0,56,0,,,,,0,,,,73,69,66,69,78,65,69,75,72,85,0,81,0,False,,,0,,,,,,0,50,balanced_sp,
P4991,Harley,Moreno,2007-03-16,77,200,Anglo,light,blonde,clean_shaven,R,RF,,0,,,50,57,49,49,48,49,55,49,51,48,,,,,,,,,,,,79,83,65,62,48,0,0,49,67,67,,,,,,,,,,,,False,,,0,,,,,,0,50,,power
P6577,Jerrold,Eppes,2007-05-30,76,189,Anglo,medium,brown,beard,R,CF,,0,,,50,50,85,51,52,50,56,52,48,49,,,,,,,,,,,,65,72,99,81,52,0,0,52,62,65,,,,,,,,,,,,False,,,0,,,,,,0,50,,elite_speed
P8498,Andreas,Blacksmith,2007-11-01,72,192,Anglo,light,red,clean_shaven,S,2B,,0,,,48,50,52,49,51,50,50,49,51,52,,,,,,,,,,,,66,72,71,75,51,0,0,49,73,67,,,,,,,,,,,,False,,,0,,,,,,0,50,,balanced
P7830,Pedro,Vargas,2006-04-05,73,164,Hispanic,medium,red,clean_shaven,L,CF,,0,,,48,51,51,48,49,51,44,51,48,48,,,,,,,,,,,,77,65,76,75,49,0,0,51,68,64,,,,,,,,,,,,False,,,0,,,,,,0,50,,balanced
P4434,Robert,Orhenkowski,2007-09-28,74,195,Anglo,dark,brown,goatee,S,LF,,0,,,49,48,50,50,48,50,51,50,48,49,,,,,,,,,,,,59,75,73,75,48,0,0,50,59,64,,,,,,,,,,,,False,,,0,,,,,,0,50,,balanced
P6969,Jamel,Burtle,2004-10-17,72,248,Anglo,medium,brown,clean_shaven,L,P,,1,RP,CL,,,,,55,,,,48,51,51,50,52,48,50,0,54,65,0,0,0,,,,,0,,,,64,76,70,82,81,60,74,0,78,79,0,0,0,False,,,0,,,,,,0,50,closer,
P4906,Fernando,Reyes,1995-10-07,69,243,Hispanic,medium,black,clean_shaven,L,P,,1,RP,SP,,,,,48,,,,48,51,49,51,52,52,49,0,61,58,0,0,0,,,,,0,,,,50,56,50,48,49,47,54,0,61,57,0,0,0,False,,,0,,,,,,0,50,power_sp,
P4336,Juan,Diaz,1999-04-27,69,170,Hispanic,medium,blonde,goatee,S,P,,1,RP,SP,,,,,52,,,,50,49,49,50,52,50,48,53,61,62,0,0,0,,,,,0,,,,64,62,65,66,64,62,54,65,67,69,0,0,0,False,,,0,,,,,,0,50,power_sp,
P6701,Jorge,Hernandez,1987-05-23,77,180,Hispanic,medium,brown,mustache,L,P,,1,RP,SP,,,,,49,,,,48,49,52,52,52,52,51,61,59,61,0,0,0,,,,,0,,,,44,41,52,49,44,49,48,51,49,57,0,0,0,False,,,0,,,,,,0,50,balanced_sp,
P5478,Darnell,Young,2004-03-31,71,185,African,dark,black,clean_shaven,R,P,,1,RP,RP,,,,,51,,,,51,51,48,50,52,51,49,59,59,0,0,53,0,,,,,0,,,,80,64,68,69,58,70,63,85,73,0,0,69,0,False,,,0,,,,,,0,50,finesse_rp,
P5798,Tyrone,Wright,1990-05-30,70,212,African,dark,black,clean_shaven,R,P,,1,RP,SP,,,,,48,,,,51,51,49,50,52,48,51,61,61,0,0,0,0,,,,,0,,,,50,50,41,43,39,48,45,55,56,0,0,0,0,False,,,0,,,,,,0,50,workhorse_sp,
P8782,Antonio,Flores,1998-09-11,68,197,Hispanic,medium,black,clean_shaven,S,P,,1,RP,RP,,,,,52,,,,52,48,49,50,52,51,47,55,0,0,58,0,0,,,,,0,,,,65,61,57,66,61,64,58,66,0,0,64,0,0,False,,,0,,,,,,0,50,groundball_rp,
P4625,Carlos,Vargas,1988-04-27,72,207,Hispanic,medium,brown,clean_shaven,R,P,,1,RP,SP,,,,,48,,,,48,52,50,50,52,51,51,62,0,62,0,0,0,,,,,0,,,,48,46,50,50,50,50,46,62,0,57,0,0,0,False,,,0,,,,,,0,50,workhorse_sp,
P4031,Miguel,Flores,2003-04-05,71,167,Hispanic,medium,blonde,goatee,R,P,,1,RP,SP,,,,,51,,,,48,51,52,50,52,49,50,58,59,59,0,0,0,,,,,0,,,,63,58,61,63,61,58,59,73,71,72,0,0,0,False,,,0,,,,,,0,50,balanced_sp,
P1381,Raul,Rodriguez,1992-12-18,68,163,Hispanic,medium,black,clean_shaven,S,P,,1,RP,SP,,,,,49,,,,50,50,50,52,52,52,51,0,60,60,0,0,0,,,,,0,,,,48,40,44,47,40,48,41,0,59,52,0,0,0,False,,,0,,,,,,0,50,power_sp,
P1532,Rafael,Castillo,1993-04-15,71,247,Hispanic,dark,brown,clean_shaven,L,P,,1,RP,SP,,,,,50,,,,52,48,51,50,52,49,48,59,59,60,0,57,0,,,,,0,,,,44,41,40,47,42,44,40,50,55,53,0,47,0,False,,,0,,,,,,0,50,balanced_sp,
P3237,Alejandro,Mendoza,2001-03-25,73,192,Hispanic,medium,black,clean_shaven,R,C,,0,,,48,52,51,50,48,49,52,48,50,50,,,,,,,,,,,,55,63,59,55,48,0,0,48,65,65,,,,,,,,,,,,False,,,0,,,,,,0,50,,average
P8021,Rufus,King,1988-01-26,73,190,African,medium,brown,goatee,L,1B,,0,,,48,51,52,49,50,48,47,51,49,48,,,,,,,,,,,,40,41,51,42,50,0,0,51,42,38,,,,,,,,,,,,False,,,0,,,,,,0,50,,gap
P3279,Jose,Gomez,1999-11-06,77,164,Hispanic,light,black,beard,L,2B,,0,,,68,49,48,50,49,48,44,52,49,50,,,,,,,,,,,,78,64,61,63,49,0,0,52,56,57,,,,,,,,,,,,False,,,0,,,,,,0,50,,spray
P6791,Tyrone,Allen,1992-03-02,76,211,African,dark,brown,mustache,R,3B,,0,,,49,51,85,51,51,49,56,48,49,52,,,,,,,,,,,,41,51,80,43,51,0,0,48,44,47,,,,,,,,,,,,False,,,0,,,,,,0,50,,elite_speed
P7234,Tommie,Tuy,1993-01-15,69,181,Anglo,medium,brown,clean_shaven,L,SS,,0,,,48,51,49,51,49,50,46,49,49,52,,,,,,,,,,,,46,42,48,44,49,0,0,49,41,45,,,,,,,,,,,,False,,,0,,,,,,0,50,,average
P6132,Antonio,Martinez,1998-12-25,68,168,Hispanic,dark,brown,clean_shaven,L,LF,,0,,,50,58,52,51,52,48,46,52,52,52,,,,,,,,,,,,56,65,64,61,52,0,0,52,60,57,,,,,,,,,,,,False,,,0,,,,,,0,50,,power
P9190,Xavier,Robinson,1998-03-04,70,193,African,dark,black,clean_shaven,R,CF,,0,,,52,48,49,52,51,52,55,51,48,48,,,,,,,,,,,,59,63,57,57,51,0,0,51,56,53,,,,,,,,,,,,False,,,0,,,,,,0,50,,balanced
P5844,Jeff,Noens,1990-02-12,68,161,Anglo,medium,brown,beard,S,RF,,0,,,49,61,51,49,51,52,48,49,51,50,,,,,,,,,,,,39,51,43,45,51,0,0,49,50,47,,,,,,,,,,,,False,,,0,,,,,,0,50,,power
P1093,Luis,Rivera,1991-05-06,70,189,Hispanic,dark,black,clean_shaven,S,SS,,0,,,50,50,49,51,48,51,51,51,50,50,,,,,,,,,,,,48,47,39,48,48,0,0,51,41,45,,,,,,,,,,,,False,,,0,,,,,,0,50,,balanced
P3015,Hector,Diaz,2001-08-30,76,231,Hispanic,medium,black,clean_shaven,R,C,,0,,,49,50,70,50,51,49,53,51,51,51,,,,,,,,,,,,58,59,77,64,51,0,0,51,64,57,,,,,,,,,,,,False,,,0,,,,,,0,50,,speed
P1729,Pedro,Cruz,1996-04-22,76,168,Hispanic,light,brown,beard,R,SS,,0,,,50,50,51,51,51,51,56,50,49,48,,,,,,,,,,,,54,50,51,49,51,0,0,50,52,45,,,,,,,,,,,,False,,,0,,,,,,0,50,,balanced
P5989,Malik,Wright,1992-11-13,68,220,African,medium,black,clean_shaven,L,1B,,0,,,52,50,70,52,49,50,46,52,48,49,,,,,,,,,,,,45,44,64,45,49,0,0,52,44,46,,,,,,,,,,,,False,,,0,,,,,,0,50,,speed
P3283,Mohammed,Davirro,1996-05-29,71,213,Anglo,medium,brown,clean_shaven,R,C,,0,,,50,60,48,49,52,48,55,48,51,52,,,,,,,,,,,,55,58,48,53,52,0,0,48,52,50,,,,,,,,,,,,False,,,0,,,,,,0,50,,power
P1468,Jermaine,Harris,1997-09-06,69,231,African,dark,black,clean_shaven,R,LF,,0,,,52,48,48,51,50,51,56,51,51,51,,,,,,,,,,,,53,48,51,49,50,0,0,51,54,50,,,,,,,,,,,,False,,,0,,,,,,0,50,,gap
P4700,Luis,Morales,1989-07-20,72,178,Hispanic,light,brown,beard,L,P,,1,RP,CL,,,,,55,,,,50,49,50,51,52,50,48,53,56,65,0,0,0,,,,,0,,,,46,40,49,44,46,41,44,47,56,63,0,0,0,False,,,0,,,,,,0,50,closer,
P8617,Antonio,Perez,1989-05-29,76,222,Hispanic,light,black,goatee,L,P,,1,RP,SP,,,,,51,,,,51,52,52,51,52,52,51,61,58,53,0,55,0,,,,,0,,,,51,49,41,51,42,50,49,61,52,50,0,46,0,False,,,0,,,,,,0,50,finesse_sp,
P8857,Rufus,Walker,1987-09-27,69,190,African,dark,black,clean_shaven,L,P,,1,RP,RP,,,,,48,,,,48,48,51,50,52,51,46,55,0,55,58,0,0,,,,,0,,,,48,38,46,48,41,43,37,46,0,48,52,0,0,False,,,0,,,,,,0,50,groundball_rp,
P5270,Carol,Valli,2001-02-28,68,201,Anglo,light,brown,clean_shaven,R,P,,1,RP,RP,,,,,52,,,,49,50,49,50,52,52,51,0,0,58,0,0,0,,,,,0,,,,56,60,65,63,63,67,66,0,0,64,0,0,0,False,,,0,,,,,,0,50,power_rp,
P9035,Rico,Banfield,1993-06-21,78,249,Anglo,light,red,mustache,L,P,,1,RP,RP,,,,,51,,,,48,52,48,51,52,50,50,61,58,55,0,0,0,,,,,0,,,,45,52,50,50,46,46,42,51,58,53,0,0,0,False,,,0,,,,,,0,50,finesse_rp,
P9441,Donnell,Kett,2004-10-24,78,245,Anglo,light,red,goatee,L,P,,1,RP,SP,,,,,50,,,,52,49,51,50,52,52,47,60,62,0,0,0,0,,,,,0,,,,74,61,69,62,71,75,77,75,85,0,0,0,0,False,,,0,,,,,,0,50,finesse_sp,
P5979,Rafael,Perez,1996-01-15,78,240,Hispanic,medium,brown,goatee,R,P,,1,RP,RP,,,,,52,,,,51,52,50,51,52,48,54,61,58,54,0,0,0,,,,,0,,,,51,55,55,48,47,51,59,66,56,54,0,0,0,False,,,0,,,,,,0,50,finesse_rp,
P7101,Darnell,Gaines,2002-12-04,75,191,African,dark,black,mustache,R,CF,,0,,,48,49,70,48,50,51,53,52,50,50,,,,,,,,,,,,56,55,78,57,50,0,0,52,65,63,,,,,,,,,,,,False,,,0,,,,,,0,50,,speed
P3142,Leroy,Wright,1996-08-05,70,192,African,dark,black,clean_shaven,R,RF,,0,,,50,48,77,49,48,48,55,49,52,49,,,,,,,,,,,,54,45,73,48,48,0,0,49,52,53,,,,,,,,,,,,False,,,0,,,,,,0,50,,speed
P6283,Roberto,Rodriguez,1997-01-28,74,196,Hispanic,dark,black,goatee,S,C,,0,,,52,48,48,51,49,52,49,48,51,51,,,,,,,,,,,,56,53,46,55,49,0,0,48,56,55,,,,,,,,,,,,False,,,0,,,,,,0,50,,average
P8335,Dwayne,Cerasuolo,1990-09-27,70,167,Anglo,light,blonde,clean_shaven,R,LF,,0,,,48,57,49,50,50,50,56,50,49,52,,,,,,,,,,,,48,49,46,44,50,0,0,50,39,42,,,,,,,,,,,,False,,,0,,,,,,0,50,,power
P8163,Jamal,Carter,1999-09-15,68,226,African,dark,black,beard,R,1B,,0,,,58,56,52,51,49,48,52,49,51,51,,,,,,,,,,,,69,66,57,59,49,0,0,49,56,65,,,,,,,,,,,,False,,,0,,,,,,0,50,,gap
P8648,Terrence,Degre,1994-08-11,70,218,Anglo,light,blonde,clean_shaven,L,1B,,0,,,51,48,70,52,48,49,44,52,49,50,,,,,,,,,,,,56,49,68,55,48,0,0,52,52,47,,,,,,,,,,,,False,,,0,,,,,,0,50,,speed
P9824,Francisco,Torres,2004-04-03,72,210,Hispanic,medium,black,clean_shaven,R,CF,,0,,,50,48,50,49,51,51,56,49,51,52,,,,,,,,,,,,64,78,64,64,51,0,0,49,77,66,,,,,,,,,,,,False,,,0,,,,,,0,50,,balanced
P8102,Earle,Krys,1989-02-17,72,201,Anglo,medium,brown,beard,R,3B,,0,,,49,50,50,50,51,48,54,49,48,51,,,,,,,,,,,,48,43,48,45,51,0,0,49,40,51,,,,,,,,,,,,False,,,0,,,,,,0,50,,balanced
P1723,Juan,Garcia,2005-10-20,70,182,Hispanic,medium,brown,clean_shaven,R,P,,1,RP,CL,,,,,55,,,,49,49,50,50,52,50,48,0,0,65,0,0,0,,,,,0,,,,72,59,68,68,64,80,60,0,0,84,0,0,0,False,,,0,,,,,,0,50,closer,
P5652,Lee,Brugal,2007-06-27,68,211,Anglo,light,red,clean_shaven,R,P,,1,RP,SP,,,,,49,,,,49,48,48,50,52,48,47,0,58,58,0,0,0,,,,,0,,,,70,76,60,73,72,67,66,0,70,76,0,0,0,False,,,0,,,,,,0,50,workhorse_sp,
P6374,Hector,Perez,2005-09-04,70,225,Hispanic,dark,black,clean_shaven,L,P,,1,RP,SP,,,,,51,,,,50,51,48,50,52,49,49,62,58,0,55,0,0,,,,,0,,,,64,76,80,69,62,69,64,92,86,0,69,0,0,False,,,0,,,,,,0,50,finesse_sp,
P8462,Les,Stiebel,2005-11-20,73,249,Anglo,dark,brown,clean_shaven,L,P,,1,RP,RP,,,,,48,,,,50,51,48,50,52,49,53,0,0,55,59,0,0,,,,,0,,,,61,63,72,73,75,73,70,0,0,79,85,0,0,False,,,0,,,,,,0,50,groundball_rp,
P2579,Bo,Barcroft,2006-04-01,78,160,Anglo,light,blonde,clean_shaven,R,P,,1,RP,RP,,,,,51,,,,50,52,49,52,52,49,52,0,0,0,59,0,0,,,,,0,,,,71,71,69,74,60,62,69,0,0,0,76,0,0,False,,,0,,,,,,0,50,groundball_rp,
P4797,Raul,Lopez,2005-10-17,74,227,Hispanic,medium,black,clean_shaven,L,CF,,0,,,48,51,52,49,50,51,45,49,49,51,,,,,,,,,,,,60,70,62,75,50,0,0,49,74,63,,,,,,,,,,,,False,,,0,,,,,,0,50,,gap
P2850,Theodore,Matice,2006-05-08,72,225,Anglo,light,blonde,beard,S,LF,,0,,,49,52,49,50,50,52,49,48,51,50,,,,,,,,,,,,62,73,79,64,50,0,0,48,63,70,,,,,,,,,,,,False,,,0,,,,,,0,50,,balanced
P8382,Pete,Huisenga,2006-05-29,76,174,Anglo,light,red,mustache,R,C,,0,,,48,49,51,51,51,50,52,52,52,52,,,,,,,,,,,,74,62,64,64,51,0,0,52,68,80,,,,,,,,,,,,False,,,0,,,,,,0,50,,average
P4105,Ricardo,Sanchez,2004-03-23,68,194,Hispanic,light,brown,clean_shaven,R,2B,,0,,,52,50,49,51,51,49,55,51,51,49,,,,,,,,,,,,72,79,59,78,51,0,0,51,75,64,,,,,,,,,,,,False,,,0,,,,,,0,50,,average
P9486,Zachery,Ramach,2008-01-19,73,182,Anglo,light,blonde,beard,L,CF,,0,,,52,51,70,49,51,51,45,50,49,49,,,,,,,,,,,,80,71,91,76,51,0,0,50,68,59,,,,,,,,,,,,False,,,0,,,,,,0,50,,speed
P1319,Chadwick,Brumbach,2002-03-29,73,240,Anglo,light,blonde,clean_shaven,R,P,,1,RP,CL,,,,,55,,,,50,50,52,50,52,50,52,54,54,65,0,0,0,,,,,0,,,,56,59,56,62,57,64,62,59,60,76,0,0,0,False,,,0,,,,,,0,50,closer,
P2694,Ron,Gerardi,2002-07-20,75,189,Anglo,light,brown,clean_shaven,L,P,,1,RP,SP,,,,,49,,,,50,48,49,50,52,52,47,59,58,62,0,0,0,,,,,0,,,,61,63,58,66,56,65,62,64,70,75,0,0,0,False,,,0,,,,,,0,50,balanced_sp,
P2125,Randal,Alkins,1998-07-10,76,236,Anglo,medium,brown,clean_shaven,L,P,,1,RP,SP,,,,,51,,,,50,48,51,52,52,52,47,54,60,61,0,57,0,,,,,0,,,,62,61,60,59,56,67,62,59,68,71,0,65,0,False,,,0,,,,,,0,50,power_sp,
P5294,Ezequiel,Fielding,1991-07-20,74,160,Anglo,light,black,clean_shaven,R,P,,1,RP,SP,,,,,48,,,,48,49,48,50,52,50,50,0,62,59,0,0,0,,,,,0,,,,40,40,45,49,46,44,40,0,52,54,0,0,0,False,,,0,,,,,,0,50,balanced_sp,
P2108,Manuel,Reyes,1987-12-05,69,195,Hispanic,light,black,beard,S,P,,1,RP,SP,,,,,50,,,,50,51,51,50,52,49,53,62,61,53,0,53,0,,,,,0,,,,42,47,49,47,51,42,51,58,56,51,0,46,0,False,,,0,,,,,,0,50,finesse_sp,
P5266,Joan,Woullard,2003-10-28,74,246,Anglo,light,black,clean_shaven,L,P,,1,RP,RP,,,,,50,,,,50,49,50,50,52,49,49,53,55,0,59,0,0,,,,,0,,,,60,62,59,63,61,59,62,58,64,0,73,0,0,False,,,0,,,,,,0,50,groundball_rp,
P3058,Jamal,King,1995-04-15,70,214,African,dark,black,clean_shaven,R,P,,1,RP,RP,,,,,51,,,,49,50,49,51,52,50,52,0,60,59,56,0,0,,,,,0,,,,48,52,50,56,46,53,54,0,63,60,53,0,0,False,,,0,,,,,,0,50,power_rp,
P5677,Miguel,Morales,1996-08-23,74,176,Hispanic,medium,black,beard,R,P,,1,RP,SP,,,,,52,,,,50,48,51,50,52,49,46,56,61,61,0,53,0,,,,,0,,,,52,49,49,47,47,52,48,61,64,60,0,52,0,False,,,0,,,,,,0,50,power_sp,
P9454,Forrest,Mertine,2002-01-28,71,193,Anglo,light,brown,clean_shaven,R,P,,1,RP,RP,,,,,51,,,,51,51,50,50,52,50,50,61,0,0,0,0,0,,,,,0,,,,63,60,56,57,60,57,65,74,0,0,0,0,0,False,,,0,,,,,,0,50,finesse_rp,
P3785,Manuel,Flores,1990-06-24,76,170,Hispanic,medium,brown,clean_shaven,L,P,,1,RP,SP,,,,,51,,,,49,52,49,52,52,52,52,60,61,59,0,0,0,,,,,0,,,,45,48,48,49,47,46,44,52,57,53,0,0,0,False,,,0,,,,,,0,50,balanced_sp,
P7576,Edmundo,Strieter,2001-07-29,73,249,Anglo,light,blonde,clean_shaven,L,P,,1,RP,RP,,,,,49,,,,51,51,51,50,52,48,49,55,0,0,59,0,0,,,,,0,,,,56,62,65,60,61,54,57,62,0,0,69,0,0,False,,,0,,,,,,0,50,groundball_rp,
P4863,Cedric,Allen,1996-08-03,69,244,African,dark,brown,clean_shaven,L,C,,0,,,59,51,50,51,51,50,46,48,49,52,,,,,,,,,,,,60,53,54,47,51,0,0,48,44,54,,,,,,,,,,,,False,,,0,,,,,,0,50,,spray
P1699,Malik,Green,1997-10-16,69,227,African,dark,black,clean_shaven,R,1B,,0,,,52,59,50,52,51,49,56,52,49,50,,,,,,,,,,,,57,64,50,56,51,0,0,52,50,48,,,,,,,,,,,,False,,,0,,,,,,0,50,,power
P1473,Arnoldo,Finister,1997-11-12,75,184,Anglo,light,brown,goatee,L,2B,,0,,,50,51,70,50,48,49,45,52,52,52,,,,,,,,,,,,54,46,70,53,48,0,0,52,52,56,,,,,,,,,,,,False,,,0,,,,,,0,50,,speed
P1160,Barney,Cother,2002-04-10,68,242,Anglo,light,brown,clean_shaven,R,3B,,0,,,48,48,49,49,48,51,53,48,51,48,,,,,,,,,,,,56,57,58,61,48,0,0,48,64,55,,,,,,,,,,,,False,,,0,,,,,,0,50,,balanced
P7469,Keven,Egner,1997-10-14,73,228,Anglo,light,blonde,goatee,L,SS,,0,,,50,49,70,49,49,50,44,51,49,51,,,,,,,,,,,,52,45,67,51,49,0,0,51,50,46,,,,,,,,,,,,False,,,0,,,,,,0,50,,speed
P3102,Jorge,Ramos,1990-06-06,78,239,Hispanic,dark,black,beard,R,LF,,0,,,49,52,49,49,51,52,53,51,50,52,,,,,,,,,,,,42,45,48,41,51,0,0,51,48,44,,,,,,,,,,,,True,Day-to-day shoulder bruise,,0,none,2026-07-05,1,2026-07-06,,0,50,,balanced
P6299,Marquis,Keobaunleuang,1988-06-21,71,222,Anglo,light,black,mustache,R,CF,,0,,,49,51,50,49,51,48,54,52,49,52,,,,,,,,,,,,43,47,41,47,51,0,0,52,43,52,,,,,,,,,,,,False,,,0,,,,,,0,50,,balanced
P9498,Mervin,Cleath,1995-10-19,70,198,Anglo,light,brown,beard,R,RF,1B,0,,,49,57,52,48,49,49,53,49,49,50,,,,,,,,,,,,48,60,49,46,49,0,0,49,48,47,,,,,,,,,,,,False,,,0,,,,,,0,50,,power
P3832,Adan,Padget,1992-02-15,73,198,Anglo,light,brown,goatee,R,2B,,0,,,51,49,52,49,51,52,55,51,48,48,,,,,,,,,,,,50,49,44,44,51,0,0,51,47,43,,,,,,,,,,,,False,,,0,,,,,,0,50,,gap
P5356,Roman,Baucum,1998-09-26,78,243,Anglo,medium,brown,mustache,S,LF,,0,,,48,50,48,51,48,51,51,48,52,52,,,,,,,,,,,,56,55,53,60,48,0,0,48,66,62,,,,,,,,,,,,False,,,0,,,,,,0,50,,balanced
P4170,Jay,Honkanen,2001-02-04,72,165,Anglo,light,brown,goatee,R,RF,,0,,,50,52,51,51,50,51,53,51,51,48,,,,,,,,,,,,59,58,59,59,50,0,0,51,58,63,,,,,,,,,,,,False,,,0,,,,,,0,50,,average
P4316,Herbert,Brockney,1987-04-27,74,219,Anglo,light,black,clean_shaven,L,LF,,0,,,50,50,48,51,48,51,44,49,50,49,,,,,,,,,,,,40,45,41,41,48,0,0,49,43,42,,,,,,,,,,,,False,,,0,,,,,,0,50,,balanced
P5607,Hector,Gomez,1988-09-28,70,242,Hispanic,medium,brown,mustache,S,1B,,0,,,48,48,49,49,52,49,49,52,48,51,,,,,,,,,,,,40,48,48,47,52,0,0,52,42,46,,,,,,,,,,,,False,,,0,,,,,,0,50,,gap
P7151,Percy,Harris,1996-10-31,74,194,African,dark,black,goatee,L,1B,,0,,,48,59,52,50,51,49,44,48,48,51,,,,,,,,,,,,49,64,47,45,51,0,0,48,47,55,,,,,,,,,,,,True,Day-to-day shoulder bruise,,0,none,2026-08-28,2,2026-08-30,,0,50,,power
P2793,Domingo,Cowdin,1993-04-10,73,207,Anglo,light,brown,clean_shaven,R,P,,1,RP,CL,,,,,55,,,,49,49,50,51,52,49,47,0,0,65,0,0,0,,,,,0,,,,47,42,41,47,42,40,38,0,0,61,0,0,0,False,,,0,,,,,,0,50,closer,
P1614,Dexter,Batchelor,1997-03-01,76,236,Anglo,dark,black,clean_shaven,R,P,,1,RP,SP,,,,,48,,,,52,50,48,52,52,50,50,56,0,53,61,0,0,,,,,0,,,,54,47,51,57,48,53,53,57,0,51,58,0,0,False,,,0,,,,,,0,50,groundball_sp,
P8895,Antonio,Delgado,1997-12-08,72,217,Hispanic,medium,red,goatee,L,P,,1,RP,SP,,,,,51,,,,49,51,48,51,52,51,53,59,60,60,57,0,0,,,,,0,,,,51,50,50,57,49,50,49,59,64,61,53,0,0,False,,,0,,,,,,0,50,workhorse_sp,
P8773,Jose,Martinez,1997-05-20,69,160,Hispanic,light,brown,clean_shaven,L,P,,1,RP,CL,,,,,52,,,,51,48,51,50,52,48,49,54,56,65,0,0,0,,,,,0,,,,55,44,52,57,50,45,48,54,51,70,0,0,0,False,,,0,,,,,,0,50,closer,
P8683,Jorge,Gonzalez,2002-03-24,77,166,Hispanic,light,brown,clean_shaven,S,P,,1,RP,RP,,,,,49,,,,52,49,49,52,52,49,49,55,0,0,61,0,0,,,,,0,,,,66,58,67,61,57,58,63,61,0,0,71,0,0,False,,,0,,,,,,0,50,groundball_rp,
P3136,Buck,Ottilige,2004-12-03,69,233,Anglo,light,blonde,clean_shaven,R,P,,1,RP,LR,,,,,52,,,,51,51,51,50,52,52,50,61,0,62,0,0,0,,,,,0,,,,67,73,74,77,69,74,71,75,0,91,0,0,0,False,,,0,,,,,,0,50,long_relief,
P6333,Ricardo,Torres,1990-10-17,76,182,Hispanic,medium,black,clean_shaven,R,P,,1,RP,SP,,,,,48,,,,51,48,51,50,52,50,48,61,61,0,0,0,0,,,,,0,,,,49,46,42,46,49,47,45,52,56,0,0,0,0,False,,,0,,,,,,0,50,finesse_sp,
P9122,Tyrone,Carter,1998-05-24,76,240,African,dark,black,clean_shaven,L,LF,,0,,,51,52,51,51,51,50,44,49,50,49,,,,,,,,,,,,63,57,66,63,51,0,0,49,57,57,,,,,,,,,,,,False,,,0,,,,,,0,50,,average
P4215,Francisco,Cruz,1990-06-27,71,199,Hispanic,medium,blonde,clean_shaven,R,2B,,0,,,60,52,49,49,52,48,52,50,50,51,,,,,,,,,,,,55,52,46,39,52,0,0,50,47,41,,,,,,,,,,,,False,,,0,,,,,,0,50,,spray
P7483,Cody,Napoli,2001-11-08,68,236,Anglo,medium,red,clean_shaven,R,3B,,0,,,48,49,50,48,51,48,55,50,49,49,,,,,,,,,,,,62,63,64,53,51,0,0,50,62,55,,,,,,,,,,,,False,,,0,,,,,,0,50,,gap
P9821,Jeromy,Bagley,1988-03-22,71,190,Anglo,light,blonde,goatee,R,SS,3B,0,,,58,52,49,51,48,48,55,49,50,51,,,,,,,,,,,,53,42,49,50,48,0,0,49,50,50,,,,,,,,,,,,False,,,0,,,,,,0,50,,spray
P5084,Rufus,Harris,1989-12-15,76,250,African,dark,brown,beard,R,LF,,0,,,51,48,49,50,49,49,54,50,48,51,,,,,,,,,,,,41,42,46,44,49,0,0,50,47,42,,,,,,,,,,,,False,,,0,,,,,,0,50,,balanced
P7579,Carlos,Gomez,1999-05-12,75,164,Hispanic,light,black,beard,R,1B,,0,,,51,50,49,49,51,52,55,49,50,49,,,,,,,,,,,,64,62,63,59,51,0,0,49,61,63,,,,,,,,,,,,False,,,0,,,,,,0,50,,balanced
P7269,Ricardo,Vargas,1988-10-18,71,207,Hispanic,medium,brown,mustache,L,C,,0,,,48,48,48,49,51,50,44,52,49,51,,,,,,,,,,,,44,40,39,39,51,0,0,52,42,42,,,,,,,,,,,,False,,,0,,,,,,0,50,,balanced
P3851,Leroy,Walker,1993-07-23,69,190,African,dark,black,clean_shaven,L,2B,,0,,,49,49,52,50,48,51,44,49,52,49,,,,,,,,,,,,45,45,48,50,48,0,0,49,44,45,,,,,,,,,,,,False,,,0,,,,,,0,50,,average
P9957,Whitney,Lastufka,2006-01-28,77,171,Anglo,light,blonde,clean_shaven,S,P,,1,RP,CL,,,,,55,,,,52,52,49,50,52,48,51,57,0,65,0,0,0,,,,,0,,,,65,78,70,81,76,67,73,71,0,85,0,0,0,False,,,0,,,,,,0,50,closer,
P2002,Bryant,Psuik,2005-10-08,75,169,Anglo,light,brown,mustache,R,P,,1,RP,SP,,,,,51,,,,52,51,51,52,52,50,52,0,55,0,62,0,0,,,,,0,,,,79,76,67,76,74,71,70,0,66,0,85,0,0,False,,,0,,,,,,0,50,groundball_sp,
P4216,Cedric,Carter,2005-09-27,74,233,African,medium,brown,beard,L,P,,1,RP,SP,,,,,52,,,,50,50,52,50,52,52,51,60,58,59,0,0,0,,,,,0,,,,72,78,62,81,70,74,72,87,85,78,0,0,0,False,,,0,,,,,,0,50,balanced_sp,
P9852,Tyrone,Jackson,2007-06-14,73,236,African,dark,black,clean_shaven,L,P,,1,RP,RP,,,,,48,,,,52,51,52,50,52,52,50,59,60,0,0,0,0,,,,,0,,,,71,63,64,73,64,67,64,72,81,0,0,0,0,False,,,0,,,,,,0,50,finesse_rp,
P8912,Ricardo,Reyes,2004-03-09,71,249,Hispanic,dark,brown,goatee,L,P,,1,RP,SP,,,,,49,,,,50,48,51,51,52,48,47,55,58,58,0,0,0,,,,,0,,,,64,75,68,65,69,62,63,81,70,86,0,0,0,False,,,0,,,,,,0,50,power_sp,
P7056,Pedro,Lopez,2005-08-08,78,235,Hispanic,medium,black,clean_shaven,R,SS,,0,,,52,51,85,51,50,48,53,48,48,49,,,,,,,,,,,,68,79,99,79,50,0,0,48,58,68,,,,,,,,,,,,False,,,0,,,,,,0,50,,elite_speed
P2699,Wilber,Kuna,2004-07-22,72,219,Anglo,light,blonde,clean_shaven,R,LF,C,0,,,52,51,50,52,50,51,52,50,48,52,,,,,,,,,,,,80,74,74,75,50,0,0,50,65,65,,,,,,,,,,,,False,,,0,,,,,,0,50,,average
P7021,Fernando,Martinez,2004-10-04,77,181,Hispanic,dark,black,mustache,R,LF,,0,,,52,61,52,52,52,52,52,51,52,49,,,,,,,,,,,,74,71,67,80,52,0,0,51,79,68,,,,,,,,,,,,False,,,0,,,,,,0,50,,power
P3943,Miguel,Vasquez,2004-03-05,77,205,Hispanic,medium,red,beard,R,LF,,0,,,56,50,51,49,51,49,55,49,48,48,,,,,,,,,,,,67,74,77,63,51,0,0,49,66,60,,,,,,,,,,,,False,,,0,,,,,,0,50,,spray
P3662,Cedric,Harris,2007-03-31,72,203,African,dark,black,clean_shaven,R,RF,,0,,,66,50,49,49,51,52,52,50,52,49,,,,,,,,,,,,87,60,74,66,51,0,0,50,71,62,,,,,,,,,,,,False,,,0,,,,,,0,50,,spray
P9977,Miguel,Garcia,2001-12-14,68,191,Hispanic,dark,blonde,clean_shaven,R,P,,1,RP,CL,,,,,55,,,,49,48,48,50,52,49,47,57,57,65,0,0,0,,,,,0,,,,59,54,61,66,61,63,54,66,71,76,0,0,0,False,,,0,,,,,,0,50,closer,
P2923,Raul,Martinez,1995-02-11,77,161,Hispanic,medium,black,goatee,L,P,,1,RP,SP,,,,,48,,,,49,49,51,50,52,49,50,59,60,0,0,0,0,,,,,0,,,,44,51,50,51,56,48,53,54,58,0,0,0,0,False,,,0,,,,,,0,50,balanced_sp,
P1939,Luis,Perez,1993-11-27,73,178,Hispanic,light,blonde,goatee,R,P,,1,RP,SP,,,,,50,,,,48,49,48,50,52,49,48,57,54,0,58,0,0,,,,,0,,,,46,43,49,45,48,43,42,49,50,0,52,0,0,False,,,0,,,,,,0,50,groundball_sp,
P5639,Deshawn,Walker,2000-03-20,77,217,African,dark,black,mustache,L,P,,1,RP,SP,,,,,51,,,,48,50,51,50,52,52,49,0,59,59,56,54,0,,,,,0,,,,57,64,56,57,60,61,57,0,66,69,62,68,0,False,,,0,,,,,,0,50,power_sp,
P6502,Leroy,Green,1990-04-30,71,188,African,dark,brown,beard,S,P,,1,RP,SP,,,,,52,,,,52,52,50,52,52,48,52,57,0,0,60,0,0,,,,,0,,,,43,48,42,46,43,43,46,50,0,0,52,0,0,False,,,0,,,,,,0,50,groundball_sp,
P1793,Fidel,Mcgoey,1990-02-22,71,250,Anglo,medium,blonde,clean_shaven,R,P,,1,RP,SP,,,,,51,,,,48,51,50,50,52,52,53,0,58,59,53,55,0,,,,,0,,,,47,41,40,52,46,45,43,0,51,51,43,54,0,False,,,0,,,,,,0,50,power_sp,
P2456,Salvador,Rood,1997-08-26,68,184,Anglo,light,blonde,clean_shaven,S,P,,1,RP,SP,,,,,50,,,,49,50,51,51,52,50,49,55,59,60,0,53,0,,,,,0,,,,51,46,49,51,50,46,49,58,60,60,0,55,0,False,,,0,,,,,,0,50,power_sp,
P8858,Jesus,Mahi,2003-02-17,77,214,Anglo,light,brown,beard,R,P,,1,RP,SP,,,,,52,,,,50,50,50,50,52,49,48,59,60,58,0,0,0,,,,,0,,,,55,60,58,60,59,55,60,68,68,72,0,0,0,False,,,0,,,,,,0,50,workhorse_sp,
P6476,Roberto,Gomez,1992-03-16,71,180,Hispanic,light,black,goatee,L,P,,1,RP,SP,,,,,51,,,,51,52,48,50,52,48,52,59,60,60,0,0,0,,,,,0,,,,43,43,49,52,39,46,45,50,56,52,0,0,0,False,,,0,,,,,,0,50,workhorse_sp,
P3268,Horacio,Wansing,1989-02-17,68,182,Anglo,light,black,beard,R,P,,1,RP,SP,,,,,49,,,,51,51,50,50,52,51,50,59,61,59,0,0,0,,,,,0,,,,43,44,48,51,40,48,50,51,57,50,0,0,0,False,,,0,,,,,,0,50,workhorse_sp,
P5923,Don,Sexson,1993-02-23,78,192,Anglo,light,brown,mustache,L,P,,1,RP,RP,,,,,50,,,,50,52,52,52,52,51,52,60,62,0,56,0,0,,,,,0,,,,45,51,46,43,50,44,43,59,62,0,48,0,0,False,,,0,,,,,,0,50,finesse_rp,
P3609,Rod,Ode,1993-08-07,74,226,Anglo,medium,brown,mustache,S,C,,0,,,52,49,48,51,48,51,52,52,51,49,,,,,,,,,,,,51,40,46,49,48,0,0,52,43,41,,,,,,,,,,,,False,,,0,,,,,,0,50,,gap
P3335,Everett,Vandel,1995-11-09,72,231,Anglo,light,black,clean_shaven,R,1B,,0,,,48,50,48,48,51,50,54,51,52,48,,,,,,,,,,,,53,53,53,47,51,0,0,51,52,44,,,,,,,,,,,,False,,,0,,,,,,0,50,,average
P7557,Eduardo,Martinez,1992-06-01,72,221,Hispanic,medium,brown,beard,R,2B,,0,,,52,52,49,51,51,49,52,49,49,51,,,,,,,,,,,,52,48,39,47,51,0,0,49,42,43,,,,,,,,,,,,False,,,0,,,,,,0,50,,gap
P9268,John,Shatswell,2003-07-16,77,246,Anglo,light,black,goatee,S,3B,,0,,,51,50,49,50,51,49,48,49,51,51,,,,,,,,,,,,64,56,59,63,51,0,0,49,59,64,,,,,,,,,,,,False,,,0,,,,,,0,50,,average
P7187,Cedric,Jefferson,1996-07-16,74,226,African,dark,black,clean_shaven,S,SS,,0,,,62,52,49,50,49,52,48,52,51,52,,,,,,,,,,,,61,50,44,55,49,0,0,52,51,56,,,,,,,,,,,,False,,,0,,,,,,0,50,,spray
P6618,Deshawn,Harris,2000-02-26,75,193,African,dark,black,clean_shaven,L,LF,,0,,,50,56,52,49,50,48,47,48,50,50,,,,,,,,,,,,60,67,61,59,50,0,0,48,65,59,,,,,,,,,,,,False,,,0,,,,,,0,50,,power
P1427,Fernando,Morales,1997-08-29,75,184,Hispanic,medium,black,clean_shaven,L,CF,,0,,,51,57,50,50,50,50,44,49,48,52,,,,,,,,,,,,52,55,53,48,50,0,0,49,47,56,,,,,,,,,,,,False,,,0,,,,,,0,50,,power
P4210,Cole,Margaret,1988-03-25,68,199,Anglo,medium,brown,clean_shaven,L,RF,,0,,,62,52,48,51,51,48,47,50,48,48,,,,,,,,,,,,56,44,48,41,51,0,0,50,47,40,,,,,,,,,,,,False,,,0,,,,,,0,50,,spray
P5648,Jamal,Green,2002-10-13,77,226,African,dark,black,mustache,L,3B,,0,,,48,48,49,50,51,52,48,52,50,51,,,,,,,,,,,,56,63,60,58,51,0,0,52,55,58,,,,,,,,,,,,False,,,0,,,,,,0,50,,average
P4841,Hector,Sanchez,1998-08-27,68,188,Hispanic,dark,brown,clean_shaven,R,LF,,0,,,56,48,48,49,48,52,56,49,49,50,,,,,,,,,,,,68,61,58,60,48,0,0,49,56,58,,,,,,,,,,,,False,,,0,,,,,,0,50,,spray
P3547,Rudolf,Alfero,1999-05-13,69,202,Anglo,light,brown,goatee,R,LF,,0,,,64,62,50,51,52,50,53,51,50,51,,,,,,,,,,,,78,76,60,59,52,0,0,51,57,59,,,,,,,,,,,,False,,,0,,,,,,0,50,,gap
P6417,Ricky,Barbarin,1999-11-21,72,222,Anglo,light,black,clean_shaven,L,LF,,0,,,49,51,48,49,52,49,47,52,52,51,,,,,,,,,,,,56,56,63,57,52,0,0,52,67,62,,,,,,,,,,,,False,,,0,,,,,,0,50,,average
P2013,Jose,Castillo,1994-01-02,73,246,Hispanic,medium,black,mustache,R,1B,,0,,,50,51,49,51,52,48,52,51,49,49,,,,,,,,,,,,46,42,47,48,52,0,0,51,47,45,,,,,,,,,,,,False,,,0,,,,,,0,50,,gap
P6864,Miguel,Torres,1991-06-10,75,238,Hispanic,light,brown,clean_shaven,L,1B,,0,,,48,60,49,49,52,50,48,52,48,51,,,,,,,,,,,,44,58,40,44,52,0,0,52,39,46,,,,,,,,,,,,False,,,0,,,,,,0,50,,power
P5152,Tyrone,Walker,1989-03-01,78,192,African,dark,brown,mustache,L,P,,1,RP,CL,,,,,55,,,,52,49,51,50,52,51,50,55,53,65,0,0,0,,,,,0,,,,45,49,49,42,50,51,48,54,48,57,0,0,0,False,,,0,,,,,,0,50,closer,
P9436,Francisco,Flores,1998-11-14,74,173,Hispanic,light,black,clean_shaven,S,P,,1,RP,RP,,,,,48,,,,51,48,52,52,52,49,49,59,58,0,54,0,0,,,,,0,,,,59,56,66,65,57,60,61,74,70,0,61,0,0,False,,,0,,,,,,0,50,finesse_rp,
P5503,Louie,Derrico,1997-11-04,78,225,Anglo,light,brown,clean_shaven,R,P,,1,RP,LR,,,,,51,,,,49,49,51,50,52,48,51,0,62,62,0,0,0,,,,,0,,,,46,48,51,49,47,50,52,0,65,58,0,0,0,False,,,0,,,,,,0,50,long_relief,
P9184,Percy,Wright,2003-12-20,69,195,African,dark,black,clean_shaven,S,P,,1,RP,SP,,,,,49,,,,48,52,50,50,52,50,50,53,61,60,0,0,0,,,,,0,,,,63,59,63,60,58,63,64,68,73,75,0,0,0,False,,,0,,,,,,0,50,power_sp,
P1412,Roberto,Gonzalez,2000-01-01,72,242,Hispanic,dark,black,clean_shaven,L,P,,1,RP,RP,,,,,48,,,,50,49,52,50,52,49,50,0,56,0,58,0,0,,,,,0,,,,62,58,60,59,62,62,65,0,71,0,64,0,0,False,,,0,,,,,,0,50,groundball_rp,
P4056,Matt,Soucier,2003-03-02,68,249,Anglo,light,black,beard,L,P,,1,RP,SP,,,,,49,,,,48,49,52,50,52,50,48,62,59,0,53,0,0,,,,,0,,,,55,62,58,65,65,65,56,75,67,0,66,0,0,False,,,0,,,,,,0,50,finesse_sp,
P8312,Felipe,Goodwater,1996-04-08,74,215,Anglo,medium,black,clean_shaven,L,P,,1,RP,RP,,,,,48,,,,49,48,52,51,52,49,48,57,0,0,60,0,0,,,,,0,,,,49,46,56,56,55,50,46,52,0,0,59,0,0,False,,,0,,,,,,0,50,groundball_rp,
P8844,Margarito,Rolfsen,2004-05-26,69,201,Anglo,medium,red,clean_shaven,S,1B,,0,,,58,49,52,51,49,50,51,51,48,50,,,,,,,,,,,,80,72,74,79,49,0,0,51,60,77,,,,,,,,,,,,False,,,0,,,,,,0,50,,spray
P4583,Wyatt,Beadles,1999-10-02,69,211,Anglo,light,brown,clean_shaven,R,RF,,0,,,51,48,49,50,51,49,55,51,51,50,,,,,,,,,,,,59,57,55,60,51,0,0,51,57,55,,,,,,,,,,,,False,,,0,,,,,,0,50,,gap
P7513,Antonio,Gomez,1995-01-10,71,177,Hispanic,dark,brown,beard,R,CF,,0,,,48,52,49,50,52,49,56,49,48,50,,,,,,,,,,,,50,49,45,52,52,0,0,49,50,46,,,,,,,,,,,,False,,,0,,,,,,0,50,,gap
P1026,Miguel,Martinez,2001-11-25,69,184,Hispanic,light,brown,clean_shaven,S,2B,,0,,,48,52,51,49,50,49,51,48,51,52,,,,,,,,,,,,63,59,60,57,50,0,0,48,64,64,,,,,,,,,,,,False,,,0,,,,,,0,50,,average
P2140,Leonel,Gresham,2004-07-31,72,203,Anglo,light,blonde,clean_shaven,L,1B,,0,,,48,52,52,51,51,50,48,48,51,52,,,,,,,,,,,,77,67,79,74,51,0,0,48,72,77,,,,,,,,,,,,False,,,0,,,,,,0,50,,balanced
P9718,Fernando,Cruz,1992-06-01,74,201,Hispanic,medium,brown,clean_shaven,R,1B,,0,,,48,51,49,48,50,48,54,49,49,51,,,,,,,,,,,,46,42,45,42,50,0,0,49,43,46,,,,,,,,,,,,False,,,0,,,,,,0,50,,average
P5734,Alejandro,Cruz,2001-08-15,69,196,Hispanic,medium,black,clean_shaven,R,SS,,0,,,48,50,77,51,48,51,55,48,48,49,,,,,,,,,,,,57,57,87,56,48,0,0,48,54,56,,,,,,,,,,,,False,,,0,,,,,,0,50,,speed
P6666,Dallas,Berkstresser,1992-05-12,68,203,Anglo,light,brown,clean_shaven,R,RF,,0,,,51,49,50,49,52,52,54,50,50,52,,,,,,,,,,,,47,46,48,45,52,0,0,50,42,43,,,,,,,,,,,,False,,,0,,,,,,0,50,,average
P7510,Shane,Arizola,2005-01-16,72,237,Anglo,medium,blonde,clean_shaven,R,P,,1,RP,CL,,,,,55,,,,50,50,49,50,52,49,49,55,53,65,0,0,0,,,,,0,,,,67,66,78,77,74,69,65,85,64,95,0,0,0,False,,,0,,,,,,0,50,closer,
P2281,Tyrone,Washington,2007-01-22,74,183,African,dark,black,goatee,S,P,,1,RP,SP,,,,,50,,,,51,48,52,50,52,50,46,0,0,55,58,0,0,,,,,0,,,,75,69,75,72,65,62,69,0,0,85,80,0,0,False,,,0,,,,,,0,50,groundball_sp,
P5578,Xavier,Wright,2004-04-18,72,207,African,dark,black,beard,R,P,,1,RP,SP,,,,,52,,,,50,51,51,50,52,48,51,0,58,59,0,0,0,,,,,0,,,,79,62,61,69,65,63,69,0,71,86,0,0,0,False,,,0,,,,,,0,50,power_sp,
P2343,Perry,Dargan,2006-12-01,69,172,Anglo,light,black,clean_shaven,L,P,,1,RP,SP,,,,,52,,,,49,51,52,50,52,51,51,55,56,55,61,0,0,,,,,0,,,,71,72,73,77,67,74,66,79,81,85,71,0,0,False,,,0,,,,,,0,50,groundball_sp,
P5982,Roberto,Ortiz,2006-08-27,72,233,Hispanic,medium,brown,mustache,R,P,,1,RP,LR,,,,,50,,,,51,50,51,50,52,51,52,59,59,61,0,0,0,,,,,0,,,,70,60,64,71,65,77,63,75,82,91,0,0,0,False,,,0,,,,,,0,50,long_relief,
P8639,Todd,Maker,2006-04-22,77,250,Anglo,medium,brown,clean_shaven,R,RF,LF,0,,,50,51,49,51,48,50,52,50,52,50,,,,,,,,,,,,79,76,69,80,48,0,0,50,62,66,,,,,,,,,,,,False,,,0,,,,,,0,50,,balanced
P6466,Tyrone,Baker,2004-07-08,76,227,African,dark,black,beard,L,1B,,0,,,52,60,48,51,48,50,47,50,52,48,,,,,,,,,,,,65,71,68,75,48,0,0,50,78,73,,,,,,,,,,,,False,,,0,,,,,,0,50,,power
P1445,Jorge,Cruz,2004-04-19,73,206,Hispanic,dark,brown,mustache,R,CF,,0,,,61,51,52,51,50,49,54,51,51,51,,,,,,,,,,,,86,68,67,67,50,0,0,51,65,71,,,,,,,,,,,,False,,,0,,,,,,0,50,,spray
P3502,Leroy,Gaines,2006-03-26,73,188,African,dark,black,clean_shaven,L,CF,,0,,,49,52,48,50,52,51,46,50,50,52,,,,,,,,,,,,71,62,75,71,52,0,0,50,63,67,,,,,,,,,,,,False,,,0,,,,,,0,50,,average
P4931,Ricardo,Morales,2006-03-26,77,248,Hispanic,medium,red,clean_shaven,R,C,,0,,,48,52,48,51,51,51,53,49,48,52,,,,,,,,,,,,69,63,71,66,51,0,0,49,63,75,,,,,,,,,,,,False,,,0,,,,,,0,50,,balanced
