date,home,away,result,played,boxscore
2026-04-01,BOS,BAL,2-1,1,C:\Users\james\Documents\Baseball-AI\NexGen-BBPro\data\boxscores\season\2026-04-01_BAL_at_BOS.html
2026-04-01,CHA,ALB,4-7,1,C:\Users\james\Documents\Baseball-AI\NexGen-BBPro\data\boxscores\season\2026-04-01_ALB_at_CHA.html
2026-04-01,COL,WAS,6-2,1,C:\Users\james\Documents\Baseball-AI\NexGen-BBPro\data\boxscores\season\2026-04-01_WAS_at_COL.html
2026-04-01,MEM,LOS,4-1,1,C:\Users\james\Documents\Baseball-AI\NexGen-BBPro\data\boxscores\season\2026-04-01_LOS_at_MEM.html
2026-04-01,MIL,SAN,1-9,1,C:\Users\james\Documents\Baseball-AI\NexGen-BBPro\data\boxscores\season\2026-04-01_SAN_at_MIL.html
2026-04-01,NEW,PHO,1-2,1,C:\Users\james\Documents\Baseball-AI\NexGen-BBPro\data\boxscores\season\2026-04-01_PHO_at_NEW.html
2026-04-02,BOS,BAL,4-3,1,C:\Users\james\Documents\Baseball-AI\NexGen-BBPro\data\boxscores\season\2026-04-02_BAL_at_BOS.html
2026-04-02,CHA,ALB,1-3,1,C:\Users\james\Documents\Baseball-AI\NexGen-BBPro\data\boxscores\season\2026-04-02_ALB_at_CHA.html
2026-04-02,COL,WAS,1-2,1,C:\Users\james\Documents\Baseball-AI\NexGen-BBPro\data\boxscores\season\2026-04-02_WAS_at_COL.html
2026-04-02,MEM,LOS,2-3,1,C:\Users\james\Documents\Baseball-AI\NexGen-BBPro\data\boxscores\season\2026-04-02_LOS_at_MEM.html
2026-04-02,MIL,SAN,0-4,1,C:\Users\james\Documents\Baseball-AI\NexGen-BBPro\data\boxscores\season\2026-04-02_SAN_at_MIL.html
2026-04-02,NEW,PHO,5-4,1,C:\Users\james\Documents\Baseball-AI\NexGen-BBPro\data\boxscores\season\2026-04-02_PHO_at_NEW.html
2026-04-03,BOS,BAL,1-2,1,C:\Users\james\Documents\Baseball-AI\NexGen-BBPro\data\boxscores\season\2026-04-03_BAL_at_BOS.html
2026-04-03,CHA,ALB,4-2,1,C:\Users\james\Documents\Baseball-AI\NexGen-BBPro\data\boxscores\season\2026-04-03_ALB_at_CHA.html
2026-04-03,COL,WAS,10-2,1,C:\Users\james\Documents\Baseball-AI\NexGen-BBPro\data\boxscores\season\2026-04-03_WAS_at_COL.html
2026-04-03,MEM,LOS,1-2,1,C:\Users\james\Documents\Baseball-AI\NexGen-BBPro\data\boxscores\season\2026-04-03_LOS_at_MEM.html
2026-04-03,MIL,SAN,7-1,1,C:\Users\james\Documents\Baseball-AI\NexGen-BBPro\data\boxscores\season\2026-04-03_SAN_at_MIL.html
2026-04-03,NEW,PHO,4-2,1,C:\Users\james\Documents\Baseball-AI\NexGen-BBPro\data\boxscores\season\2026-04-03_PHO_at_NEW.html
2026-04-04,BOS,BAL,1-5,1,C:\Users\james\Documents\Baseball-AI\NexGen-BBPro\data\boxscores\season\2026-04-04_BAL_at_BOS.html
2026-04-04,CHA,ALB,1-5,1,C:\Users\james\Documents\Baseball-AI\NexGen-BBPro\data\boxscores\season\2026-04-04_ALB_at_CHA.html
2026-04-04,COL,WAS,1-7,1,C:\Users\james\Documents\Baseball-AI\NexGen-BBPro\data\boxscores\season\2026-04-04_WAS_at_COL.html
2026-04-04,MEM,LOS,7-3,1,C:\Users\james\Documents\Baseball-AI\NexGen-BBPro\data\boxscores\season\2026-04-04_LOS_at_MEM.html
2026-04-04,MIL,SAN,4-3,1,C:\Users\james\Documents\Baseball-AI\NexGen-BBPro\data\boxscores\season\2026-04-04_SAN_at_MIL.html
2026-04-04,NEW,PHO,4-7,1,C:\Users\james\Documents\Baseball-AI\NexGen-BBPro\data\boxscores\season\2026-04-04_PHO_at_NEW.html
2026-04-06,ALB,MEM,4-1,1,C:\Users\james\Documents\Baseball-AI\NexGen-BBPro\data\boxscores\season\2026-04-06_MEM_at_ALB.html
2026-04-06,BAL,COL,4-2,1,C:\Users\james\Documents\Baseball-AI\NexGen-BBPro\data\boxscores\season\2026-04-06_COL_at_BAL.html
2026-04-06,LOS,PHO,2-8,1,C:\Users\james\Documents\Baseball-AI\NexGen-BBPro\data\boxscores\season\2026-04-06_PHO_at_LOS.html
2026-04-06,NEW,BOS,6-2,1,C:\Users\james\Documents\Baseball-AI\NexGen-BBPro\data\boxscores\season\2026-04-06_BOS_at_NEW.html
2026-04-06,SAN,CHA,3-1,1,C:\Users\james\Documents\Baseball-AI\NexGen-BBPro\data\boxscores\season\2026-04-06_CHA_at_SAN.html
2026-04-06,WAS,MIL,6-5,1,C:\Users\james\Documents\Baseball-AI\NexGen-BBPro\data\boxscores\season\2026-04-06_MIL_at_WAS.html
2026-04-07,ALB,MEM,1-7,1,C:\Users\james\Documents\Baseball-AI\NexGen-BBPro\data\boxscores\season\2026-04-07_MEM_at_ALB.html
2026-04-07,BAL,COL,4-3,1,C:\Users\james\Documents\Baseball-AI\NexGen-BBPro\data\boxscores\season\2026-04-07_COL_at_BAL.html
2026-04-07,LOS,PHO,0-3,1,C:\Users\james\Documents\Baseball-AI\NexGen-BBPro\data\boxscores\season\2026-04-07_PHO_at_LOS.html
2026-04-07,NEW,BOS,4-1,1,C:\Users\james\Documents\Baseball-AI\NexGen-BBPro\data\boxscores\season\2026-04-07_BOS_at_NEW.html
2026-04-07,SAN,CHA,5-1,1,C:\Users\james\Documents\Baseball-AI\NexGen-BBPro\data\boxscores\season\2026-04-07_CHA_at_SAN.html
2026-04-07,WAS,MIL,3-2,1,C:\Users\james\Documents\Baseball-AI\NexGen-BBPro\data\boxscores\season\2026-04-07_MIL_at_WAS.html
2026-04-08,ALB,MEM,3-6,1,C:\Users\james\Documents\Baseball-AI\NexGen-BBPro\data\boxscores\season\2026-04-08_MEM_at_ALB.html
2026-04-08,BAL,COL,0-4,1,C:\Users\james\Documents\Baseball-AI\NexGen-BBPro\data\boxscores\season\2026-04-08_COL_at_BAL.html
2026-04-08,LOS,PHO,1-10,1,C:\Users\james\Documents\Baseball-AI\NexGen-BBPro\data\boxscores\season\2026-04-08_PHO_at_LOS.html
2026-04-08,NEW,BOS,6-0,1,C:\Users\james\Documents\Baseball-AI\NexGen-BBPro\data\boxscores\season\2026-04-08_BOS_at_NEW.html
2026-04-08,SAN,CHA,3-6,1,C:\Users\james\Documents\Baseball-AI\NexGen-BBPro\data\boxscores\season\2026-04-08_CHA_at_SAN.html
2026-04-08,WAS,MIL,3-8,1,C:\Users\james\Documents\Baseball-AI\NexGen-BBPro\data\boxscores\season\2026-04-08_MIL_at_WAS.html
2026-04-09,ALB,MEM,5-3,1,C:\Users\james\Documents\Baseball-AI\NexGen-BBPro\data\boxscores\season\2026-04-09_MEM_at_ALB.html
2026-04-09,BAL,COL,4-2,1,C:\Users\james\Documents\Baseball-AI\NexGen-BBPro\data\boxscores\season\2026-04-09_COL_at_BAL.html
2026-04-09,LOS,PHO,0-9,1,C:\Users\james\Documents\Baseball-AI\NexGen-BBPro\data\boxscores\season\2026-04-09_PHO_at_LOS.html
2026-04-09,NEW,BOS,4-10,1,C:\Users\james\Documents\Baseball-AI\NexGen-BBPro\data\boxscores\season\2026-04-09_BOS_at_NEW.html
2026-04-09,SAN,CHA,5-0,1,C:\Users\james\Documents\Baseball-AI\NexGen-BBPro\data\boxscores\season\2026-04-09_CHA_at_SAN.html
2026-04-09,WAS,MIL,0-1,1,C:\Users\james\Documents\Baseball-AI\NexGen-BBPro\data\boxscores\season\2026-04-09_MIL_at_WAS.html
2026-04-11,BOS,NEW,4-3,1,C:\Users\james\Documents\Baseball-AI\NexGen-BBPro\data\boxscores\season\2026-04-11_NEW_at_BOS.html
2026-04-11,CHA,SAN,2-5,1,C:\Users\james\Documents\Baseball-AI\NexGen-BBPro\data\boxscores\season\2026-04-11_SAN_at_CHA.html
2026-04-11,COL,BAL,4-1,1,C:\Users\james\Documents\Baseball-AI\NexGen-BBPro\data\boxscores\season\2026-04-11_BAL_at_COL.html
2026-04-11,MEM,ALB,4-10,1,C:\Users\james\Documents\Baseball-AI\NexGen-BBPro\data\boxscores\season\2026-04-11_ALB_at_MEM.html
2026-04-11,MIL,WAS,5-2,1,C:\Users\james\Documents\Baseball-AI\NexGen-BBPro\data\boxscores\season\2026-04-11_WAS_at_MIL.html
2026-04-11,PHO,LOS,1-2,1,C:\Users\james\Documents\Baseball-AI\NexGen-BBPro\data\boxscores\season\2026-04-11_LOS_at_PHO.html
2026-04-12,BOS,NEW,0-3,1,C:\Users\james\Documents\Baseball-AI\NexGen-BBPro\data\boxscores\season\2026-04-12_NEW_at_BOS.html
2026-04-12,CHA,SAN,4-3,1,C:\Users\james\Documents\Baseball-AI\NexGen-BBPro\data\boxscores\season\2026-04-12_SAN_at_CHA.html
2026-04-12,COL,BAL,3-0,1,C:\Users\james\Documents\Baseball-AI\NexGen-BBPro\data\boxscores\season\2026-04-12_BAL_at_COL.html
2026-04-12,MEM,ALB,3-2,1,C:\Users\james\Documents\Baseball-AI\NexGen-BBPro\data\boxscores\season\2026-04-12_ALB_at_MEM.html
2026-04-12,MIL,WAS,1-6,1,C:\Users\james\Documents\Baseball-AI\NexGen-BBPro\data\boxscores\season\2026-04-12_WAS_at_MIL.html
2026-04-12,PHO,LOS,11-9,1,C:\Users\james\Documents\Baseball-AI\NexGen-BBPro\data\boxscores\season\2026-04-12_LOS_at_PHO.html
2026-04-13,BOS,NEW,3-7,1,C:\Users\james\Documents\Baseball-AI\NexGen-BBPro\data\boxscores\season\2026-04-13_NEW_at_BOS.html
2026-04-13,CHA,SAN,3-6,1,C:\Users\james\Documents\Baseball-AI\NexGen-BBPro\data\boxscores\season\2026-04-13_SAN_at_CHA.html
2026-04-13,COL,BAL,3-8,1,C:\Users\james\Documents\Baseball-AI\NexGen-BBPro\data\boxscores\season\2026-04-13_BAL_at_COL.html
2026-04-13,MEM,ALB,1-2,1,C:\Users\james\Documents\Baseball-AI\NexGen-BBPro\data\boxscores\season\2026-04-13_ALB_at_MEM.html
2026-04-13,MIL,WAS,6-3,1,C:\Users\james\Documents\Baseball-AI\NexGen-BBPro\data\boxscores\season\2026-04-13_WAS_at_MIL.html
2026-04-13,PHO,LOS,3-4,1,C:\Users\james\Documents\Baseball-AI\NexGen-BBPro\data\boxscores\season\2026-04-13_LOS_at_PHO.html
2026-04-14,BOS,NEW,2-1,1,C:\Users\james\Documents\Baseball-AI\NexGen-BBPro\data\boxscores\season\2026-04-14_NEW_at_BOS.html
2026-04-14,CHA,SAN,6-0,1,C:\Users\james\Documents\Baseball-AI\NexGen-BBPro\data\boxscores\season\2026-04-14_SAN_at_CHA.html
2026-04-14,COL,BAL,4-2,1,C:\Users\james\Documents\Baseball-AI\NexGen-BBPro\data\boxscores\season\2026-04-14_BAL_at_COL.html
2026-04-14,MEM,ALB,5-4,1,C:\Users\james\Documents\Baseball-AI\NexGen-BBPro\data\boxscores\season\2026-04-14_ALB_at_MEM.html
2026-04-14,MIL,WAS,2-8,1,C:\Users\james\Documents\Baseball-AI\NexGen-BBPro\data\boxscores\season\2026-04-14_WAS_at_MIL.html
2026-04-14,PHO,LOS,6-3,1,C:\Users\james\Documents\Baseball-AI\NexGen-BBPro\data\boxscores\season\2026-04-14_LOS_at_PHO.html
2026-04-16,ALB,PHO,1-0,1,C:\Users\james\Documents\Baseball-AI\NexGen-BBPro\data\boxscores\season\2026-04-16_PHO_at_ALB.html
2026-04-16,BAL,MIL,0-1,1,C:\Users\james\Documents\Baseball-AI\NexGen-BBPro\data\boxscores\season\2026-04-16_MIL_at_BAL.html
2026-04-16,BOS,COL,6-7,1,C:\Users\james\Documents\Baseball-AI\NexGen-BBPro\data\boxscores\season\2026-04-16_COL_at_BOS.html
2026-04-16,LOS,NEW,3-4,1,C:\Users\james\Documents\Baseball-AI\NexGen-BBPro\data\boxscores\season\2026-04-16_NEW_at_LOS.html
2026-04-16,SAN,MEM,7-2,1,C:\Users\james\Documents\Baseball-AI\NexGen-BBPro\data\boxscores\season\2026-04-16_MEM_at_SAN.html
2026-04-16,WAS,CHA,8-3,1,C:\Users\james\Documents\Baseball-AI\NexGen-BBPro\data\boxscores\season\2026-04-16_CHA_at_WAS.html
2026-04-17,ALB,PHO,3-5,1,C:\Users\james\Documents\Baseball-AI\NexGen-BBPro\data\boxscores\season\2026-04-17_PHO_at_ALB.html
2026-04-17,BAL,MIL,4-1,1,C:\Users\james\Documents\Baseball-AI\NexGen-BBPro\data\boxscores\season\2026-04-17_MIL_at_BAL.html
2026-04-17,BOS,COL,1-2,1,C:\Users\james\Documents\Baseball-AI\NexGen-BBPro\data\boxscores\season\2026-04-17_COL_at_BOS.html
2026-04-17,LOS,NEW,4-3,1,C:\Users\james\Documents\Baseball-AI\NexGen-BBPro\data\boxscores\season\2026-04-17_NEW_at_LOS.html
2026-04-17,SAN,MEM,3-8,1,C:\Users\james\Documents\Baseball-AI\NexGen-BBPro\data\boxscores\season\2026-04-17_MEM_at_SAN.html
2026-04-17,WAS,CHA,5-3,1,C:\Users\james\Documents\Baseball-AI\NexGen-BBPro\data\boxscores\season\2026-04-17_CHA_at_WAS.html
2026-04-18,ALB,PHO,6-2,1,C:\Users\james\Documents\Baseball-AI\NexGen-BBPro\data\boxscores\season\2026-04-18_PHO_at_ALB.html
2026-04-18,BAL,MIL,1-2,1,C:\Users\james\Documents\Baseball-AI\NexGen-BBPro\data\boxscores\season\2026-04-18_MIL_at_BAL.html
2026-04-18,BOS,COL,4-5,1,C:\Users\james\Documents\Baseball-AI\NexGen-BBPro\data\boxscores\season\2026-04-18_COL_at_BOS.html
2026-04-18,LOS,NEW,2-4,1,C:\Users\james\Documents\Baseball-AI\NexGen-BBPro\data\boxscores\season\2026-04-18_NEW_at_LOS.html
2026-04-18,SAN,MEM,3-0,1,C:\Users\james\Documents\Baseball-AI\NexGen-BBPro\data\boxscores\season\2026-04-18_MEM_at_SAN.html
2026-04-18,WAS,CHA,5-3,1,C:\Users\james\Documents\Baseball-AI\NexGen-BBPro\data\boxscores\season\2026-04-18_CHA_at_WAS.html
2026-04-19,ALB,PHO,1-8,1,C:\Users\james\Documents\Baseball-AI\NexGen-BBPro\data\boxscores\season\2026-04-19_PHO_at_ALB.html
2026-04-19,BAL,MIL,5-3,1,C:\Users\james\Documents\Baseball-AI\NexGen-BBPro\data\boxscores\season\2026-04-19_MIL_at_BAL.html
2026-04-19,BOS,COL,3-0,1,C:\Users\james\Documents\Baseball-AI\NexGen-BBPro\data\boxscores\season\2026-04-19_COL_at_BOS.html
2026-04-19,LOS,NEW,2-1,1,C:\Users\james\Documents\Baseball-AI\NexGen-BBPro\data\boxscores\season\2026-04-19_NEW_at_LOS.html
2026-04-19,SAN,MEM,5-8,1,C:\Users\james\Documents\Baseball-AI\NexGen-BBPro\data\boxscores\season\2026-04-19_MEM_at_SAN.html
2026-04-19,WAS,CHA,4-11,1,C:\Users\james\Documents\Baseball-AI\NexGen-BBPro\data\boxscores\season\2026-04-19_CHA_at_WAS.html
2026-04-21,CHA,WAS,3-2,1,C:\Users\james\Documents\Baseball-AI\NexGen-BBPro\data\boxscores\season\2026-04-21_WAS_at_CHA.html
2026-04-21,COL,BOS,3-4,1,C:\Users\james\Documents\Baseball-AI\NexGen-BBPro\data\boxscores\season\2026-04-21_BOS_at_COL.html
2026-04-21,MEM,SAN,1-9,1,C:\Users\james\Documents\Baseball-AI\NexGen-BBPro\data\boxscores\season\2026-04-21_SAN_at_MEM.html
2026-04-21,MIL,BAL,3-2,1,C:\Users\james\Documents\Baseball-AI\NexGen-BBPro\data\boxscores\season\2026-04-21_BAL_at_MIL.html
2026-04-21,NEW,LOS,2-5,1,C:\Users\james\Documents\Baseball-AI\NexGen-BBPro\data\boxscores\season\2026-04-21_LOS_at_NEW.html
2026-04-21,PHO,ALB,14-2,1,C:\Users\james\Documents\Baseball-AI\NexGen-BBPro\data\boxscores\season\2026-04-21_ALB_at_PHO.html
2026-04-22,CHA,WAS,5-3,1,C:\Users\james\Documents\Baseball-AI\NexGen-BBPro\data\boxscores\season\2026-04-22_WAS_at_CHA.html
2026-04-22,COL,BOS,1-5,1,C:\Users\james\Documents\Baseball-AI\NexGen-BBPro\data\boxscores\season\2026-04-22_BOS_at_COL.html
2026-04-22,MEM,SAN,5-4,1,C:\Users\james\Documents\Baseball-AI\NexGen-BBPro\data\boxscores\season\2026-04-22_SAN_at_MEM.html
2026-04-22,MIL,BAL,8-7,1,C:\Users\james\Documents\Baseball-AI\NexGen-BBPro\data\boxscores\season\2026-04-22_BAL_at_MIL.html
2026-04-22,NEW,LOS,3-1,1,C:\Users\james\Documents\Baseball-AI\NexGen-BBPro\data\boxscores\season\2026-04-22_LOS_at_NEW.html
2026-04-22,PHO,ALB,8-3,1,C:\Users\james\Documents\Baseball-AI\NexGen-BBPro\data\boxscores\season\2026-04-22_ALB_at_PHO.html
2026-04-23,CHA,WAS,3-4,1,C:\Users\james\Documents\Baseball-AI\NexGen-BBPro\data\boxscores\season\2026-04-23_WAS_at_CHA.html
2026-04-23,COL,BOS,2-8,1,C:\Users\james\Documents\Baseball-AI\NexGen-BBPro\data\boxscores\season\2026-04-23_BOS_at_COL.html
2026-04-23,MEM,SAN,6-0,1,C:\Users\james\Documents\Baseball-AI\NexGen-BBPro\data\boxscores\season\2026-04-23_SAN_at_MEM.html
2026-04-23,MIL,BAL,5-2,1,C:\Users\james\Documents\Baseball-AI\NexGen-BBPro\data\boxscores\season\2026-04-23_BAL_at_MIL.html
2026-04-23,NEW,LOS,2-3,1,C:\Users\james\Documents\Baseball-AI\NexGen-BBPro\data\boxscores\season\2026-04-23_LOS_at_NEW.html
2026-04-23,PHO,ALB,7-2,1,C:\Users\james\Documents\Baseball-AI\NexGen-BBPro\data\boxscores\season\2026-04-23_ALB_at_PHO.html
2026-04-24,CHA,WAS,3-4,1,C:\Users\james\Documents\Baseball-AI\NexGen-BBPro\data\boxscores\season\2026-04-24_WAS_at_CHA.html
2026-04-24,COL,BOS,3-1,1,C:\Users\james\Documents\Baseball-AI\NexGen-BBPro\data\boxscores\season\2026-04-24_BOS_at_COL.html
2026-04-24,MEM,SAN,3-2,1,C:\Users\james\Documents\Baseball-AI\NexGen-BBPro\data\boxscores\season\2026-04-24_SAN_at_MEM.html
2026-04-24,MIL,BAL,2-9,1,C:\Users\james\Documents\Baseball-AI\NexGen-BBPro\data\boxscores\season\2026-04-24_BAL_at_MIL.html
2026-04-24,NEW,LOS,5-9,1,C:\Users\james\Documents\Baseball-AI\NexGen-BBPro\data\boxscores\season\2026-04-24_LOS_at_NEW.html
2026-04-24,PHO,ALB,3-5,1,C:\Users\james\Documents\Baseball-AI\NexGen-BBPro\data\boxscores\season\2026-04-24_ALB_at_PHO.html
2026-04-26,ALB,LOS,3-10,1,C:\Users\james\Documents\Baseball-AI\NexGen-BBPro\data\boxscores\season\2026-04-26_LOS_at_ALB.html
2026-04-26,BAL,CHA,1-6,1,C:\Users\james\Documents\Baseball-AI\NexGen-BBPro\data\boxscores\season\2026-04-26_CHA_at_BAL.html
2026-04-26,BOS,MIL,1-2,1,C:\Users\james\Documents\Baseball-AI\NexGen-BBPro\data\boxscores\season\2026-04-26_MIL_at_BOS.html
2026-04-26,NEW,COL,0-1,1,C:\Users\james\Documents\Baseball-AI\NexGen-BBPro\data\boxscores\season\2026-04-26_COL_at_NEW.html
2026-04-26,SAN,PHO,4-10,1,C:\Users\james\Documents\Baseball-AI\NexGen-BBPro\data\boxscores\season\2026-04-26_PHO_at_SAN.html
2026-04-26,WAS,MEM,3-9,1,C:\Users\james\Documents\Baseball-AI\NexGen-BBPro\data\boxscores\season\2026-04-26_MEM_at_WAS.html
2026-04-27,ALB,LOS,8-3,1,C:\Users\james\Documents\Baseball-AI\NexGen-BBPro\data\boxscores\season\2026-04-27_LOS_at_ALB.html
2026-04-27,BAL,CHA,3-2,1,C:\Users\james\Documents\Baseball-AI\NexGen-BBPro\data\boxscores\season\2026-04-27_CHA_at_BAL.html
2026-04-27,BOS,MIL,2-3,1,C:\Users\james\Documents\Baseball-AI\NexGen-BBPro\data\boxscores\season\2026-04-27_MIL_at_BOS.html
2026-04-27,NEW,COL,4-8,1,C:\Users\james\Documents\Baseball-AI\NexGen-BBPro\data\boxscores\season\2026-04-27_COL_at_NEW.html
2026-04-27,SAN,PHO,1-5,1,C:\Users\james\Documents\Baseball-AI\NexGen-BBPro\data\boxscores\season\2026-04-27_PHO_at_SAN.html
2026-04-27,WAS,MEM,5-9,1,C:\Users\james\Documents\Baseball-AI\NexGen-BBPro\data\boxscores\season\2026-04-27_MEM_at_WAS.html
2026-04-28,ALB,LOS,2-5,1,C:\Users\james\Documents\Baseball-AI\NexGen-BBPro\data\boxscores\season\2026-04-28_LOS_at_ALB.html
2026-04-28,BAL,CHA,5-4,1,C:\Users\james\Documents\Baseball-AI\NexGen-BBPro\data\boxscores\season\2026-04-28_CHA_at_BAL.html
2026-04-28,BOS,MIL,6-7,1,C:\Users\james\Documents\Baseball-AI\NexGen-BBPro\data\boxscores\season\2026-04-28_MIL_at_BOS.html
2026-04-28,NEW,COL,5-6,1,C:\Users\james\Documents\Baseball-AI\NexGen-BBPro\data\boxscores\season\2026-04-28_COL_at_NEW.html
2026-04-28,SAN,PHO,6-0,1,C:\Users\james\Documents\Baseball-AI\NexGen-BBPro\data\boxscores\season\2026-04-28_PHO_at_SAN.html
2026-04-28,WAS,MEM,6-1,1,C:\Users\james\Documents\Baseball-AI\NexGen-BBPro\data\boxscores\season\2026-04-28_MEM_at_WAS.html
2026-04-29,ALB,LOS,8-3,1,C:\Users\james\Documents\Baseball-AI\NexGen-BBPro\data\boxscores\season\2026-04-29_LOS_at_ALB.html
2026-04-29,BAL,CHA,5-4,1,C:\Users\james\Documents\Baseball-AI\NexGen-BBPro\data\boxscores\season\2026-04-29_CHA_at_BAL.html
2026-04-29,BOS,MIL,0-6,1,C:\Users\james\Documents\Baseball-AI\NexGen-BBPro\data\boxscores\season\2026-04-29_MIL_at_BOS.html
2026-04-29,NEW,COL,0-11,1,C:\Users\james\Documents\Baseball-AI\NexGen-BBPro\data\boxscores\season\2026-04-29_COL_at_NEW.html
2026-04-29,SAN,PHO,6-5,1,C:\Users\james\Documents\Baseball-AI\NexGen-BBPro\data\boxscores\season\2026-04-29_PHO_at_SAN.html
2026-04-29,WAS,MEM,6-2,1,C:\Users\james\Documents\Baseball-AI\NexGen-BBPro\data\boxscores\season\2026-04-29_MEM_at_WAS.html
2026-05-01,CHA,BAL,0-2,1,C:\Users\james\Documents\Baseball-AI\NexGen-BBPro\data\boxscores\season\2026-05-01_BAL_at_CHA.html
2026-05-01,COL,NEW,5-4,1,C:\Users\james\Documents\Baseball-AI\NexGen-BBPro\data\boxscores\season\2026-05-01_NEW_at_COL.html
2026-05-01,LOS,ALB,5-3,1,C:\Users\james\Documents\Baseball-AI\NexGen-BBPro\data\boxscores\season\2026-05-01_ALB_at_LOS.html
2026-05-01,MEM,WAS,1-4,1,C:\Users\james\Documents\Baseball-AI\NexGen-BBPro\data\boxscores\season\2026-05-01_WAS_at_MEM.html
2026-05-01,MIL,BOS,3-2,1,C:\Users\james\Documents\Baseball-AI\NexGen-BBPro\data\boxscores\season\2026-05-01_BOS_at_MIL.html
2026-05-01,PHO,SAN,1-0,1,C:\Users\james\Documents\Baseball-AI\NexGen-BBPro\data\boxscores\season\2026-05-01_SAN_at_PHO.html
2026-05-02,CHA,BAL,4-6,1,C:\Users\james\Documents\Baseball-AI\NexGen-BBPro\data\boxscores\season\2026-05-02_BAL_at_CHA.html
2026-05-02,COL,NEW,6-5,1,C:\Users\james\Documents\Baseball-AI\NexGen-BBPro\data\boxscores\season\2026-05-02_NEW_at_COL.html
2026-05-02,LOS,ALB,4-6,1,C:\Users\james\Documents\Baseball-AI\NexGen-BBPro\data\boxscores\season\2026-05-02_ALB_at_LOS.html
2026-05-02,MEM,WAS,5-4,1,C:\Users\james\Documents\Baseball-AI\NexGen-BBPro\data\boxscores\season\2026-05-02_WAS_at_MEM.html
2026-05-02,MIL,BOS,4-3,1,C:\Users\james\Documents\Baseball-AI\NexGen-BBPro\data\boxscores\season\2026-05-02_BOS_at_MIL.html
2026-05-02,PHO,SAN,6-8,1,C:\Users\james\Documents\Baseball-AI\NexGen-BBPro\data\boxscores\season\2026-05-02_SAN_at_PHO.html
2026-05-03,CHA,BAL,2-0,1,C:\Users\james\Documents\Baseball-AI\NexGen-BBPro\data\boxscores\season\2026-05-03_BAL_at_CHA.html
2026-05-03,COL,NEW,1-4,1,C:\Users\james\Documents\Baseball-AI\NexGen-BBPro\data\boxscores\season\2026-05-03_NEW_at_COL.html
2026-05-03,LOS,ALB,7-5,1,C:\Users\james\Documents\Baseball-AI\NexGen-BBPro\data\boxscores\season\2026-05-03_ALB_at_LOS.html
2026-05-03,MEM,WAS,4-3,1,C:\Users\james\Documents\Baseball-AI\NexGen-BBPro\data\boxscores\season\2026-05-03_WAS_at_MEM.html
2026-05-03,MIL,BOS,2-3,1,C:\Users\james\Documents\Baseball-AI\NexGen-BBPro\data\boxscores\season\2026-05-03_BOS_at_MIL.html
2026-05-03,PHO,SAN,1-2,1,C:\Users\james\Documents\Baseball-AI\NexGen-BBPro\data\boxscores\season\2026-05-03_SAN_at_PHO.html
2026-05-04,CHA,BAL,5-4,1,C:\Users\james\Documents\Baseball-AI\NexGen-BBPro\data\boxscores\season\2026-05-04_BAL_at_CHA.html
2026-05-04,COL,NEW,6-3,1,C:\Users\james\Documents\Baseball-AI\NexGen-BBPro\data\boxscores\season\2026-05-04_NEW_at_COL.html
2026-05-04,LOS,ALB,4-3,1,C:\Users\james\Documents\Baseball-AI\NexGen-BBPro\data\boxscores\season\2026-05-04_ALB_at_LOS.html
2026-05-04,MEM,WAS,4-6,1,C:\Users\james\Documents\Baseball-AI\NexGen-BBPro\data\boxscores\season\2026-05-04_WAS_at_MEM.html
2026-05-04,MIL,BOS,0-9,1,C:\Users\james\Documents\Baseball-AI\NexGen-BBPro\data\boxscores\season\2026-05-04_BOS_at_MIL.html
2026-05-04,PHO,SAN,5-1,1,C:\Users\james\Documents\Baseball-AI\NexGen-BBPro\data\boxscores\season\2026-05-04_SAN_at_PHO.html
2026-05-06,ALB,NEW,5-8,1,C:\Users\james\Documents\Baseball-AI\NexGen-BBPro\data\boxscores\season\2026-05-06_NEW_at_ALB.html
2026-05-06,BAL,MEM,3-1,1,C:\Users\james\Documents\Baseball-AI\NexGen-BBPro\data\boxscores\season\2026-05-06_MEM_at_BAL.html
2026-05-06,BOS,CHA,4-10,1,C:\Users\james\Documents\Baseball-AI\NexGen-BBPro\data\boxscores\season\2026-05-06_CHA_at_BOS.html
2026-05-06,COL,MIL,5-4,1,C:\Users\james\Documents\Baseball-AI\NexGen-BBPro\data\boxscores\season\2026-05-06_MIL_at_COL.html
2026-05-06,SAN,LOS,4-3,1,C:\Users\james\Documents\Baseball-AI\NexGen-BBPro\data\boxscores\season\2026-05-06_LOS_at_SAN.html
2026-05-06,WAS,PHO,3-2,1,C:\Users\james\Documents\Baseball-AI\NexGen-BBPro\data\boxscores\season\2026-05-06_PHO_at_WAS.html
2026-05-07,ALB,NEW,4-2,1,C:\Users\james\Documents\Baseball-AI\NexGen-BBPro\data\boxscores\season\2026-05-07_NEW_at_ALB.html
2026-05-07,BAL,MEM,1-5,1,C:\Users\james\Documents\Baseball-AI\NexGen-BBPro\data\boxscores\season\2026-05-07_MEM_at_BAL.html
2026-05-07,BOS,CHA,7-3,1,C:\Users\james\Documents\Baseball-AI\NexGen-BBPro\data\boxscores\season\2026-05-07_CHA_at_BOS.html
2026-05-07,COL,MIL,3-2,1,C:\Users\james\Documents\Baseball-AI\NexGen-BBPro\data\boxscores\season\2026-05-07_MIL_at_COL.html
2026-05-07,SAN,LOS,5-3,1,C:\Users\james\Documents\Baseball-AI\NexGen-BBPro\data\boxscores\season\2026-05-07_LOS_at_SAN.html
2026-05-07,WAS,PHO,5-4,1,C:\Users\james\Documents\Baseball-AI\NexGen-BBPro\data\boxscores\season\2026-05-07_PHO_at_WAS.html
2026-05-08,ALB,NEW,9-6,1,C:\Users\james\Documents\Baseball-AI\NexGen-BBPro\data\boxscores\season\2026-05-08_NEW_at_ALB.html
2026-05-08,BAL,MEM,5-2,1,C:\Users\james\Documents\Baseball-AI\NexGen-BBPro\data\boxscores\season\2026-05-08_MEM_at_BAL.html
2026-05-08,BOS,CHA,4-0,1,C:\Users\james\Documents\Baseball-AI\NexGen-BBPro\data\boxscores\season\2026-05-08_CHA_at_BOS.html
2026-05-08,COL,MIL,7-0,1,C:\Users\james\Documents\Baseball-AI\NexGen-BBPro\data\boxscores\season\2026-05-08_MIL_at_COL.html
2026-05-08,SAN,LOS,0-6,1,C:\Users\james\Documents\Baseball-AI\NexGen-BBPro\data\boxscores\season\2026-05-08_LOS_at_SAN.html
2026-05-08,WAS,PHO,4-9,1,C:\Users\james\Documents\Baseball-AI\NexGen-BBPro\data\boxscores\season\2026-05-08_PHO_at_WAS.html
2026-05-09,ALB,NEW,8-5,1,C:\Users\james\Documents\Baseball-AI\NexGen-BBPro\data\boxscores\season\2026-05-09_NEW_at_ALB.html
2026-05-09,BAL,MEM,3-4,1,C:\Users\james\Documents\Baseball-AI\NexGen-BBPro\data\boxscores\season\2026-05-09_MEM_at_BAL.html
2026-05-09,BOS,CHA,8-1,1,C:\Users\james\Documents\Baseball-AI\NexGen-BBPro\data\boxscores\season\2026-05-09_CHA_at_BOS.html
2026-05-09,COL,MIL,4-3,1,C:\Users\james\Documents\Baseball-AI\NexGen-BBPro\data\boxscores\season\2026-05-09_MIL_at_COL.html
2026-05-09,SAN,LOS,10-7,1,C:\Users\james\Documents\Baseball-AI\NexGen-BBPro\data\boxscores\season\2026-05-09_LOS_at_SAN.html
2026-05-09,WAS,PHO,7-4,1,C:\Users\james\Documents\Baseball-AI\NexGen-BBPro\data\boxscores\season\2026-05-09_PHO_at_WAS.html
2026-05-11,CHA,BOS,6-4,1,C:\Users\james\Documents\Baseball-AI\NexGen-BBPro\data\boxscores\season\2026-05-11_BOS_at_CHA.html
2026-05-11,LOS,SAN,6-3,1,C:\Users\james\Documents\Baseball-AI\NexGen-BBPro\data\boxscores\season\2026-05-11_SAN_at_LOS.html
2026-05-11,MEM,BAL,4-1,1,C:\Users\james\Documents\Baseball-AI\NexGen-BBPro\data\boxscores\season\2026-05-11_BAL_at_MEM.html
2026-05-11,MIL,COL,2-1,1,C:\Users\james\Documents\Baseball-AI\NexGen-BBPro\data\boxscores\season\2026-05-11_COL_at_MIL.html
2026-05-11,NEW,ALB,3-0,1,C:\Users\james\Documents\Baseball-AI\NexGen-BBPro\data\boxscores\season\2026-05-11_ALB_at_NEW.html
2026-05-11,PHO,WAS,3-4,1,C:\Users\james\Documents\Baseball-AI\NexGen-BBPro\data\boxscores\season\2026-05-11_WAS_at_PHO.html
2026-05-12,CHA,BOS,1-2,1,C:\Users\james\Documents\Baseball-AI\NexGen-BBPro\data\boxscores\season\2026-05-12_BOS_at_CHA.html
2026-05-12,LOS,SAN,2-1,1,C:\Users\james\Documents\Baseball-AI\NexGen-BBPro\data\boxscores\season\2026-05-12_SAN_at_LOS.html
2026-05-12,MEM,BAL,1-3,1,C:\Users\james\Documents\Baseball-AI\NexGen-BBPro\data\boxscores\season\2026-05-12_BAL_at_MEM.html
2026-05-12,MIL,COL,2-0,1,C:\Users\james\Documents\Baseball-AI\NexGen-BBPro\data\boxscores\season\2026-05-12_COL_at_MIL.html
2026-05-12,NEW,ALB,4-5,1,C:\Users\james\Documents\Baseball-AI\NexGen-BBPro\data\boxscores\season\2026-05-12_ALB_at_NEW.html
2026-05-12,PHO,WAS,4-3,1,C:\Users\james\Documents\Baseball-AI\NexGen-BBPro\data\boxscores\season\2026-05-12_WAS_at_PHO.html
2026-05-13,CHA,BOS,1-6,1,C:\Users\james\Documents\Baseball-AI\NexGen-BBPro\data\boxscores\season\2026-05-13_BOS_at_CHA.html
2026-05-13,LOS,SAN,3-10,1,C:\Users\james\Documents\Baseball-AI\NexGen-BBPro\data\boxscores\season\2026-05-13_SAN_at_LOS.html
2026-05-13,MEM,BAL,2-3,1,C:\Users\james\Documents\Baseball-AI\NexGen-BBPro\data\boxscores\season\2026-05-13_BAL_at_MEM.html
2026-05-13,MIL,COL,3-5,1,C:\Users\james\Documents\Baseball-AI\NexGen-BBPro\data\boxscores\season\2026-05-13_COL_at_MIL.html
2026-05-13,NEW,ALB,5-1,1,C:\Users\james\Documents\Baseball-AI\NexGen-BBPro\data\boxscores\season\2026-05-13_ALB_at_NEW.html
2026-05-13,PHO,WAS,3-6,1,C:\Users\james\Documents\Baseball-AI\NexGen-BBPro\data\boxscores\season\2026-05-13_WAS_at_PHO.html
2026-05-14,CHA,BOS,1-2,1,C:\Users\james\Documents\Baseball-AI\NexGen-BBPro\data\boxscores\season\2026-05-14_BOS_at_CHA.html
2026-05-14,LOS,SAN,3-0,1,C:\Users\james\Documents\Baseball-AI\NexGen-BBPro\data\boxscores\season\2026-05-14_SAN_at_LOS.html
2026-05-14,MEM,BAL,7-5,1,C:\Users\james\Documents\Baseball-AI\NexGen-BBPro\data\boxscores\season\2026-05-14_BAL_at_MEM.html
2026-05-14,MIL,COL,1-2,1,C:\Users\james\Documents\Baseball-AI\NexGen-BBPro\data\boxscores\season\2026-05-14_COL_at_MIL.html
2026-05-14,NEW,ALB,2-1,1,C:\Users\james\Documents\Baseball-AI\NexGen-BBPro\data\boxscores\season\2026-05-14_ALB_at_NEW.html
2026-05-14,PHO,WAS,3-2,1,C:\Users\james\Documents\Baseball-AI\NexGen-BBPro\data\boxscores\season\2026-05-14_WAS_at_PHO.html
2026-05-16,BAL,PHO,3-8,1,C:\Users\james\Documents\Baseball-AI\NexGen-BBPro\data\boxscores\season\2026-05-16_PHO_at_BAL.html
2026-05-16,BOS,MEM,5-3,1,C:\Users\james\Documents\Baseball-AI\NexGen-BBPro\data\boxscores\season\2026-05-16_MEM_at_BOS.html
2026-05-16,COL,CHA,4-6,1,C:\Users\james\Documents\Baseball-AI\NexGen-BBPro\data\boxscores\season\2026-05-16_CHA_at_COL.html
2026-05-16,NEW,MIL,5-4,1,C:\Users\james\Documents\Baseball-AI\NexGen-BBPro\data\boxscores\season\2026-05-16_MIL_at_NEW.html
2026-05-16,SAN,ALB,4-3,1,C:\Users\james\Documents\Baseball-AI\NexGen-BBPro\data\boxscores\season\2026-05-16_ALB_at_SAN.html
2026-05-16,WAS,LOS,3-4,1,C:\Users\james\Documents\Baseball-AI\NexGen-BBPro\data\boxscores\season\2026-05-16_LOS_at_WAS.html
2026-05-17,BAL,PHO,3-0,1,C:\Users\james\Documents\Baseball-AI\NexGen-BBPro\data\boxscores\season\2026-05-17_PHO_at_BAL.html
2026-05-17,BOS,MEM,11-2,1,C:\Users\james\Documents\Baseball-AI\NexGen-BBPro\data\boxscores\season\2026-05-17_MEM_at_BOS.html
2026-05-17,COL,CHA,2-6,1,C:\Users\james\Documents\Baseball-AI\NexGen-BBPro\data\boxscores\season\2026-05-17_CHA_at_COL.html
2026-05-17,NEW,MIL,3-0,1,C:\Users\james\Documents\Baseball-AI\NexGen-BBPro\data\boxscores\season\2026-05-17_MIL_at_NEW.html
2026-05-17,SAN,ALB,2-4,1,C:\Users\james\Documents\Baseball-AI\NexGen-BBPro\data\boxscores\season\2026-05-17_ALB_at_SAN.html
2026-05-17,WAS,LOS,1-4,1,C:\Users\james\Documents\Baseball-AI\NexGen-BBPro\data\boxscores\season\2026-05-17_LOS_at_WAS.html
2026-05-18,BAL,PHO,1-2,1,C:\Users\james\Documents\Baseball-AI\NexGen-BBPro\data\boxscores\season\2026-05-18_PHO_at_BAL.html
2026-05-18,BOS,MEM,3-2,1,C:\Users\james\Documents\Baseball-AI\NexGen-BBPro\data\boxscores\season\2026-05-18_MEM_at_BOS.html
2026-05-18,COL,CHA,2-6,1,C:\Users\james\Documents\Baseball-AI\NexGen-BBPro\data\boxscores\season\2026-05-18_CHA_at_COL.html
2026-05-18,NEW,MIL,2-6,1,C:\Users\james\Documents\Baseball-AI\NexGen-BBPro\data\boxscores\season\2026-05-18_MIL_at_NEW.html
2026-05-18,SAN,ALB,4-0,1,C:\Users\james\Documents\Baseball-AI\NexGen-BBPro\data\boxscores\season\2026-05-18_ALB_at_SAN.html
2026-05-18,WAS,LOS,5-2,1,C:\Users\james\Documents\Baseball-AI\NexGen-BBPro\data\boxscores\season\2026-05-18_LOS_at_WAS.html
2026-05-19,BAL,PHO,4-3,1,C:\Users\james\Documents\Baseball-AI\NexGen-BBPro\data\boxscores\season\2026-05-19_PHO_at_BAL.html
2026-05-19,BOS,MEM,3-4,1,C:\Users\james\Documents\Baseball-AI\NexGen-BBPro\data\boxscores\season\2026-05-19_MEM_at_BOS.html
2026-05-19,COL,CHA,2-3,1,C:\Users\james\Documents\Baseball-AI\NexGen-BBPro\data\boxscores\season\2026-05-19_CHA_at_COL.html
2026-05-19,NEW,MIL,2-5,1,C:\Users\james\Documents\Baseball-AI\NexGen-BBPro\data\boxscores\season\2026-05-19_MIL_at_NEW.html
2026-05-19,SAN,ALB,0-6,1,C:\Users\james\Documents\Baseball-AI\NexGen-BBPro\data\boxscores\season\2026-05-19_ALB_at_SAN.html
2026-05-19,WAS,LOS,1-0,1,C:\Users\james\Documents\Baseball-AI\NexGen-BBPro\data\boxscores\season\2026-05-19_LOS_at_WAS.html
2026-05-21,ALB,SAN,3-2,1,C:\Users\james\Documents\Baseball-AI\NexGen-BBPro\data\boxscores\season\2026-05-21_SAN_at_ALB.html
2026-05-21,CHA,COL,2-5,1,C:\Users\james\Documents\Baseball-AI\NexGen-BBPro\data\boxscores\season\2026-05-21_COL_at_CHA.html
2026-05-21,LOS,WAS,9-6,1,C:\Users\james\Documents\Baseball-AI\NexGen-BBPro\data\boxscores\season\2026-05-21_WAS_at_LOS.html
2026-05-21,MEM,BOS,2-0,1,C:\Users\james\Documents\Baseball-AI\NexGen-BBPro\data\boxscores\season\2026-05-21_BOS_at_MEM.html
2026-05-21,MIL,NEW,2-1,1,C:\Users\james\Documents\Baseball-AI\NexGen-BBPro\data\boxscores\season\2026-05-21_NEW_at_MIL.html
2026-05-21,PHO,BAL,6-4,1,C:\Users\james\Documents\Baseball-AI\NexGen-BBPro\data\boxscores\season\2026-05-21_BAL_at_PHO.html
2026-05-22,ALB,SAN,5-3,1,C:\Users\james\Documents\Baseball-AI\NexGen-BBPro\data\boxscores\season\2026-05-22_SAN_at_ALB.html
2026-05-22,CHA,COL,4-9,1,C:\Users\james\Documents\Baseball-AI\NexGen-BBPro\data\boxscores\season\2026-05-22_COL_at_CHA.html
2026-05-22,LOS,WAS,7-0,1,C:\Users\james\Documents\Baseball-AI\NexGen-BBPro\data\boxscores\season\2026-05-22_WAS_at_LOS.html
2026-05-22,MEM,BOS,5-0,1,C:\Users\james\Documents\Baseball-AI\NexGen-BBPro\data\boxscores\season\2026-05-22_BOS_at_MEM.html
2026-05-22,MIL,NEW,2-3,1,C:\Users\james\Documents\Baseball-AI\NexGen-BBPro\data\boxscores\season\2026-05-22_NEW_at_MIL.html
2026-05-22,PHO,BAL,4-1,1,C:\Users\james\Documents\Baseball-AI\NexGen-BBPro\data\boxscores\season\2026-05-22_BAL_at_PHO.html
2026-05-23,ALB,SAN,4-5,1,C:\Users\james\Documents\Baseball-AI\NexGen-BBPro\data\boxscores\season\2026-05-23_SAN_at_ALB.html
2026-05-23,CHA,COL,2-8,1,C:\Users\james\Documents\Baseball-AI\NexGen-BBPro\data\boxscores\season\2026-05-23_COL_at_CHA.html
2026-05-23,LOS,WAS,1-7,1,C:\Users\james\Documents\Baseball-AI\NexGen-BBPro\data\boxscores\season\2026-05-23_WAS_at_LOS.html
2026-05-23,MEM,BOS,5-1,1,C:\Users\james\Documents\Baseball-AI\NexGen-BBPro\data\boxscores\season\2026-05-23_BOS_at_MEM.html
2026-05-23,MIL,NEW,3-2,1,C:\Users\james\Documents\Baseball-AI\NexGen-BBPro\data\boxscores\season\2026-05-23_NEW_at_MIL.html
2026-05-23,PHO,BAL,2-1,1,C:\Users\james\Documents\Baseball-AI\NexGen-BBPro\data\boxscores\season\2026-05-23_BAL_at_PHO.html
2026-05-24,ALB,SAN,1-2,1,C:\Users\james\Documents\Baseball-AI\NexGen-BBPro\data\boxscores\season\2026-05-24_SAN_at_ALB.html
2026-05-24,CHA,COL,0-5,1,C:\Users\james\Documents\Baseball-AI\NexGen-BBPro\data\boxscores\season\2026-05-24_COL_at_CHA.html
2026-05-24,LOS,WAS,4-9,1,C:\Users\james\Documents\Baseball-AI\NexGen-BBPro\data\boxscores\season\2026-05-24_WAS_at_LOS.html
2026-05-24,MEM,BOS,1-2,1,C:\Users\james\Documents\Baseball-AI\NexGen-BBPro\data\boxscores\season\2026-05-24_BOS_at_MEM.html
2026-05-24,MIL,NEW,3-9,1,C:\Users\james\Documents\Baseball-AI\NexGen-BBPro\data\boxscores\season\2026-05-24_NEW_at_MIL.html
2026-05-24,PHO,BAL,2-3,1,C:\Users\james\Documents\Baseball-AI\NexGen-BBPro\data\boxscores\season\2026-05-24_BAL_at_PHO.html
2026-05-26,BAL,LOS,2-0,1,C:\Users\james\Documents\Baseball-AI\NexGen-BBPro\data\boxscores\season\2026-05-26_LOS_at_BAL.html
2026-05-26,BOS,PHO,1-3,1,C:\Users\james\Documents\Baseball-AI\NexGen-BBPro\data\boxscores\season\2026-05-26_PHO_at_BOS.html
2026-05-26,COL,MEM,5-4,1,C:\Users\james\Documents\Baseball-AI\NexGen-BBPro\data\boxscores\season\2026-05-26_MEM_at_COL.html
2026-05-26,MIL,CHA,8-0,1,C:\Users\james\Documents\Baseball-AI\NexGen-BBPro\data\boxscores\season\2026-05-26_CHA_at_MIL.html
2026-05-26,SAN,NEW,5-2,1,C:\Users\james\Documents\Baseball-AI\NexGen-BBPro\data\boxscores\season\2026-05-26_NEW_at_SAN.html
2026-05-26,WAS,ALB,3-4,1,C:\Users\james\Documents\Baseball-AI\NexGen-BBPro\data\boxscores\season\2026-05-26_ALB_at_WAS.html
2026-05-27,BAL,LOS,1-5,1,C:\Users\james\Documents\Baseball-AI\NexGen-BBPro\data\boxscores\season\2026-05-27_LOS_at_BAL.html
2026-05-27,BOS,PHO,4-1,1,C:\Users\james\Documents\Baseball-AI\NexGen-BBPro\data\boxscores\season\2026-05-27_PHO_at_BOS.html
2026-05-27,COL,MEM,4-1,1,C:\Users\james\Documents\Baseball-AI\NexGen-BBPro\data\boxscores\season\2026-05-27_MEM_at_COL.html
2026-05-27,MIL,CHA,4-10,1,C:\Users\james\Documents\Baseball-AI\NexGen-BBPro\data\boxscores\season\2026-05-27_CHA_at_MIL.html
2026-05-27,SAN,NEW,3-2,1,C:\Users\james\Documents\Baseball-AI\NexGen-BBPro\data\boxscores\season\2026-05-27_NEW_at_SAN.html
2026-05-27,WAS,ALB,0-3,1,C:\Users\james\Documents\Baseball-AI\NexGen-BBPro\data\boxscores\season\2026-05-27_ALB_at_WAS.html
2026-05-28,BAL,LOS,1-4,1,C:\Users\james\Documents\Baseball-AI\NexGen-BBPro\data\boxscores\season\2026-05-28_LOS_at_BAL.html
2026-05-28,BOS,PHO,0-5,1,C:\Users\james\Documents\Baseball-AI\NexGen-BBPro\data\boxscores\season\2026-05-28_PHO_at_BOS.html
2026-05-28,COL,MEM,9-2,1,C:\Users\james\Documents\Baseball-AI\NexGen-BBPro\data\boxscores\season\2026-05-28_MEM_at_COL.html
2026-05-28,MIL,CHA,6-1,1,C:\Users\james\Documents\Baseball-AI\NexGen-BBPro\data\boxscores\season\2026-05-28_CHA_at_MIL.html
2026-05-28,SAN,NEW,2-1,1,C:\Users\james\Documents\Baseball-AI\NexGen-BBPro\data\boxscores\season\2026-05-28_NEW_at_SAN.html
2026-05-28,WAS,ALB,4-12,1,C:\Users\james\Documents\Baseball-AI\NexGen-BBPro\data\boxscores\season\2026-05-28_ALB_at_WAS.html
2026-05-29,BAL,LOS,7-10,1,C:\Users\james\Documents\Baseball-AI\NexGen-BBPro\data\boxscores\season\2026-05-29_LOS_at_BAL.html
2026-05-29,BOS,PHO,2-4,1,C:\Users\james\Documents\Baseball-AI\NexGen-BBPro\data\boxscores\season\2026-05-29_PHO_at_BOS.html
2026-05-29,COL,MEM,2-3,1,C:\Users\james\Documents\Baseball-AI\NexGen-BBPro\data\boxscores\season\2026-05-29_MEM_at_COL.html
2026-05-29,MIL,CHA,8-4,1,C:\Users\james\Documents\Baseball-AI\NexGen-BBPro\data\boxscores\season\2026-05-29_CHA_at_MIL.html
2026-05-29,SAN,NEW,16-3,1,C:\Users\james\Documents\Baseball-AI\NexGen-BBPro\data\boxscores\season\2026-05-29_NEW_at_SAN.html
2026-05-29,WAS,ALB,6-4,1,C:\Users\james\Documents\Baseball-AI\NexGen-BBPro\data\boxscores\season\2026-05-29_ALB_at_WAS.html
2026-05-31,ALB,WAS,5-4,1,C:\Users\james\Documents\Baseball-AI\NexGen-BBPro\data\boxscores\season\2026-05-31_WAS_at_ALB.html
2026-05-31,CHA,MIL,3-6,1,C:\Users\james\Documents\Baseball-AI\NexGen-BBPro\data\boxscores\season\2026-05-31_MIL_at_CHA.html
2026-05-31,LOS,BAL,4-5,1,C:\Users\james\Documents\Baseball-AI\NexGen-BBPro\data\boxscores\season\2026-05-31_BAL_at_LOS.html
2026-05-31,MEM,COL,10-2,1,C:\Users\james\Documents\Baseball-AI\NexGen-BBPro\data\boxscores\season\2026-05-31_COL_at_MEM.html
2026-05-31,NEW,SAN,6-0,1,C:\Users\james\Documents\Baseball-AI\NexGen-BBPro\data\boxscores\season\2026-05-31_SAN_at_NEW.html
2026-05-31,PHO,BOS,8-3,1,C:\Users\james\Documents\Baseball-AI\NexGen-BBPro\data\boxscores\season\2026-05-31_BOS_at_PHO.html
2026-06-01,ALB,WAS,2-1,1,C:\Users\james\Documents\Baseball-AI\NexGen-BBPro\data\boxscores\season\2026-06-01_WAS_at_ALB.html
2026-06-01,CHA,MIL,3-5,1,C:\Users\james\Documents\Baseball-AI\NexGen-BBPro\data\boxscores\season\2026-06-01_MIL_at_CHA.html
2026-06-01,LOS,BAL,5-1,1,C:\Users\james\Documents\Baseball-AI\NexGen-BBPro\data\boxscores\season\2026-06-01_BAL_at_LOS.html
2026-06-01,MEM,COL,1-2,1,C:\Users\james\Documents\Baseball-AI\NexGen-BBPro\data\boxscores\season\2026-06-01_COL_at_MEM.html
2026-06-01,NEW,SAN,7-0,1,C:\Users\james\Documents\Baseball-AI\NexGen-BBPro\data\boxscores\season\2026-06-01_SAN_at_NEW.html
2026-06-01,PHO,BOS,3-2,1,C:\Users\james\Documents\Baseball-AI\NexGen-BBPro\data\boxscores\season\2026-06-01_BOS_at_PHO.html
2026-06-02,ALB,WAS,3-7,1,C:\Users\james\Documents\Baseball-AI\NexGen-BBPro\data\boxscores\season\2026-06-02_WAS_at_ALB.html
2026-06-02,CHA,MIL,3-2,1,C:\Users\james\Documents\Baseball-AI\NexGen-BBPro\data\boxscores\season\2026-06-02_MIL_at_CHA.html
2026-06-02,LOS,BAL,4-2,1,C:\Users\james\Documents\Baseball-AI\NexGen-BBPro\data\boxscores\season\2026-06-02_BAL_at_LOS.html
2026-06-02,MEM,COL,3-4,1,C:\Users\james\Documents\Baseball-AI\NexGen-BBPro\data\boxscores\season\2026-06-02_COL_at_MEM.html
2026-06-02,NEW,SAN,7-3,1,C:\Users\james\Documents\Baseball-AI\NexGen-BBPro\data\boxscores\season\2026-06-02_SAN_at_NEW.html
2026-06-02,PHO,BOS,3-5,1,C:\Users\james\Documents\Baseball-AI\NexGen-BBPro\data\boxscores\season\2026-06-02_BOS_at_PHO.html
2026-06-03,ALB,WAS,2-5,1,C:\Users\james\Documents\Baseball-AI\NexGen-BBPro\data\boxscores\season\2026-06-03_WAS_at_ALB.html
2026-06-03,CHA,MIL,10-3,1,C:\Users\james\Documents\Baseball-AI\NexGen-BBPro\data\boxscores\season\2026-06-03_MIL_at_CHA.html
2026-06-03,LOS,BAL,2-1,1,C:\Users\james\Documents\Baseball-AI\NexGen-BBPro\data\boxscores\season\2026-06-03_BAL_at_LOS.html
2026-06-03,MEM,COL,3-2,1,C:\Users\james\Documents\Baseball-AI\NexGen-BBPro\data\boxscores\season\2026-06-03_COL_at_MEM.html
2026-06-03,NEW,SAN,1-3,1,C:\Users\james\Documents\Baseball-AI\NexGen-BBPro\data\boxscores\season\2026-06-03_SAN_at_NEW.html
2026-06-03,PHO,BOS,10-7,1,C:\Users\james\Documents\Baseball-AI\NexGen-BBPro\data\boxscores\season\2026-06-03_BOS_at_PHO.html
2026-06-05,BAL,ALB,1-2,1,C:\Users\james\Documents\Baseball-AI\NexGen-BBPro\data\boxscores\season\2026-06-05_ALB_at_BAL.html
2026-06-05,BOS,LOS,3-0,1,C:\Users\james\Documents\Baseball-AI\NexGen-BBPro\data\boxscores\season\2026-06-05_LOS_at_BOS.html
2026-06-05,COL,PHO,7-5,1,C:\Users\james\Documents\Baseball-AI\NexGen-BBPro\data\boxscores\season\2026-06-05_PHO_at_COL.html
2026-06-05,MIL,MEM,3-7,1,C:\Users\james\Documents\Baseball-AI\NexGen-BBPro\data\boxscores\season\2026-06-05_MEM_at_MIL.html
2026-06-05,NEW,CHA,3-1,1,C:\Users\james\Documents\Baseball-AI\NexGen-BBPro\data\boxscores\season\2026-06-05_CHA_at_NEW.html
2026-06-05,WAS,SAN,7-6,1,C:\Users\james\Documents\Baseball-AI\NexGen-BBPro\data\boxscores\season\2026-06-05_SAN_at_WAS.html
2026-06-06,BAL,ALB,3-1,1,C:\Users\james\Documents\Baseball-AI\NexGen-BBPro\data\boxscores\season\2026-06-06_ALB_at_BAL.html
2026-06-06,BOS,LOS,2-1,1,C:\Users\james\Documents\Baseball-AI\NexGen-BBPro\data\boxscores\season\2026-06-06_LOS_at_BOS.html
2026-06-06,COL,PHO,8-3,1,C:\Users\james\Documents\Baseball-AI\NexGen-BBPro\data\boxscores\season\2026-06-06_PHO_at_COL.html
2026-06-06,MIL,MEM,1-3,1,C:\Users\james\Documents\Baseball-AI\NexGen-BBPro\data\boxscores\season\2026-06-06_MEM_at_MIL.html
2026-06-06,NEW,CHA,5-4,1,C:\Users\james\Documents\Baseball-AI\NexGen-BBPro\data\boxscores\season\2026-06-06_CHA_at_NEW.html
2026-06-06,WAS,SAN,4-3,1,C:\Users\james\Documents\Baseball-AI\NexGen-BBPro\data\boxscores\season\2026-06-06_SAN_at_WAS.html
2026-06-07,BAL,ALB,5-4,1,C:\Users\james\Documents\Baseball-AI\NexGen-BBPro\data\boxscores\season\2026-06-07_ALB_at_BAL.html
2026-06-07,BOS,LOS,3-1,1,C:\Users\james\Documents\Baseball-AI\NexGen-BBPro\data\boxscores\season\2026-06-07_LOS_at_BOS.html
2026-06-07,COL,PHO,4-5,1,C:\Users\james\Documents\Baseball-AI\NexGen-BBPro\data\boxscores\season\2026-06-07_PHO_at_COL.html
2026-06-07,MIL,MEM,2-1,1,C:\Users\james\Documents\Baseball-AI\NexGen-BBPro\data\boxscores\season\2026-06-07_MEM_at_MIL.html
2026-06-07,NEW,CHA,1-10,1,C:\Users\james\Documents\Baseball-AI\NexGen-BBPro\data\boxscores\season\2026-06-07_CHA_at_NEW.html
2026-06-07,WAS,SAN,1-2,1,C:\Users\james\Documents\Baseball-AI\NexGen-BBPro\data\boxscores\season\2026-06-07_SAN_at_WAS.html
2026-06-08,BAL,ALB,0-1,1,C:\Users\james\Documents\Baseball-AI\NexGen-BBPro\data\boxscores\season\2026-06-08_ALB_at_BAL.html
2026-06-08,BOS,LOS,1-6,1,C:\Users\james\Documents\Baseball-AI\NexGen-BBPro\data\boxscores\season\2026-06-08_LOS_at_BOS.html
2026-06-08,COL,PHO,1-2,1,C:\Users\james\Documents\Baseball-AI\NexGen-BBPro\data\boxscores\season\2026-06-08_PHO_at_COL.html
2026-06-08,MIL,MEM,0-6,1,C:\Users\james\Documents\Baseball-AI\NexGen-BBPro\data\boxscores\season\2026-06-08_MEM_at_MIL.html
2026-06-08,NEW,CHA,2-1,1,C:\Users\james\Documents\Baseball-AI\NexGen-BBPro\data\boxscores\season\2026-06-08_CHA_at_NEW.html
2026-06-08,WAS,SAN,6-7,1,C:\Users\james\Documents\Baseball-AI\NexGen-BBPro\data\boxscores\season\2026-06-08_SAN_at_WAS.html
2026-06-10,ALB,BAL,4-1,1,C:\Users\james\Documents\Baseball-AI\NexGen-BBPro\data\boxscores\season\2026-06-10_BAL_at_ALB.html
2026-06-10,CHA,NEW,7-0,1,C:\Users\james\Documents\Baseball-AI\NexGen-BBPro\data\boxscores\season\2026-06-10_NEW_at_CHA.html
2026-06-10,LOS,BOS,6-1,1,C:\Users\james\Documents\Baseball-AI\NexGen-BBPro\data\boxscores\season\2026-06-10_BOS_at_LOS.html
2026-06-10,MEM,MIL,8-9,1,C:\Users\james\Documents\Baseball-AI\NexGen-BBPro\data\boxscores\season\2026-06-10_MIL_at_MEM.html
2026-06-10,PHO,COL,1-8,1,C:\Users\james\Documents\Baseball-AI\NexGen-BBPro\data\boxscores\season\2026-06-10_COL_at_PHO.html
2026-06-10,SAN,WAS,2-4,1,C:\Users\james\Documents\Baseball-AI\NexGen-BBPro\data\boxscores\season\2026-06-10_WAS_at_SAN.html
2026-06-11,ALB,BAL,0-5,1,C:\Users\james\Documents\Baseball-AI\NexGen-BBPro\data\boxscores\season\2026-06-11_BAL_at_ALB.html
2026-06-11,CHA,NEW,1-2,1,C:\Users\james\Documents\Baseball-AI\NexGen-BBPro\data\boxscores\season\2026-06-11_NEW_at_CHA.html
2026-06-11,LOS,BOS,4-3,1,C:\Users\james\Documents\Baseball-AI\NexGen-BBPro\data\boxscores\season\2026-06-11_BOS_at_LOS.html
2026-06-11,MEM,MIL,5-1,1,C:\Users\james\Documents\Baseball-AI\NexGen-BBPro\data\boxscores\season\2026-06-11_MIL_at_MEM.html
2026-06-11,PHO,COL,9-3,1,C:\Users\james\Documents\Baseball-AI\NexGen-BBPro\data\boxscores\season\2026-06-11_COL_at_PHO.html
2026-06-11,SAN,WAS,1-0,1,C:\Users\james\Documents\Baseball-AI\NexGen-BBPro\data\boxscores\season\2026-06-11_WAS_at_SAN.html
2026-06-12,ALB,BAL,5-0,1,C:\Users\james\Documents\Baseball-AI\NexGen-BBPro\data\boxscores\season\2026-06-12_BAL_at_ALB.html
2026-06-12,CHA,NEW,2-7,1,C:\Users\james\Documents\Baseball-AI\NexGen-BBPro\data\boxscores\season\2026-06-12_NEW_at_CHA.html
2026-06-12,LOS,BOS,4-2,1,C:\Users\james\Documents\Baseball-AI\NexGen-BBPro\data\boxscores\season\2026-06-12_BOS_at_LOS.html
2026-06-12,MEM,MIL,3-6,1,C:\Users\james\Documents\Baseball-AI\NexGen-BBPro\data\boxscores\season\2026-06-12_MIL_at_MEM.html
2026-06-12,PHO,COL,10-9,1,C:\Users\james\Documents\Baseball-AI\NexGen-BBPro\data\boxscores\season\2026-06-12_COL_at_PHO.html
2026-06-12,SAN,WAS,4-2,1,C:\Users\james\Documents\Baseball-AI\NexGen-BBPro\data\boxscores\season\2026-06-12_WAS_at_SAN.html
2026-06-13,ALB,BAL,0-2,1,C:\Users\james\Documents\Baseball-AI\NexGen-BBPro\data\boxscores\season\2026-06-13_BAL_at_ALB.html
2026-06-13,CHA,NEW,6-4,1,C:\Users\james\Documents\Baseball-AI\NexGen-BBPro\data\boxscores\season\2026-06-13_NEW_at_CHA.html
2026-06-13,LOS,BOS,7-5,1,C:\Users\james\Documents\Baseball-AI\NexGen-BBPro\data\boxscores\season\2026-06-13_BOS_at_LOS.html
2026-06-13,MEM,MIL,5-4,1,C:\Users\james\Documents\Baseball-AI\NexGen-BBPro\data\boxscores\season\2026-06-13_MIL_at_MEM.html
2026-06-13,PHO,COL,1-4,1,C:\Users\james\Documents\Baseball-AI\NexGen-BBPro\data\boxscores\season\2026-06-13_COL_at_PHO.html
2026-06-13,SAN,WAS,4-3,1,C:\Users\james\Documents\Baseball-AI\NexGen-BBPro\data\boxscores\season\2026-06-13_WAS_at_SAN.html
2026-06-15,BAL,SAN,3-1,1,C:\Users\james\Documents\Baseball-AI\NexGen-BBPro\data\boxscores\season\2026-06-15_SAN_at_BAL.html
2026-06-15,BOS,ALB,6-5,1,C:\Users\james\Documents\Baseball-AI\NexGen-BBPro\data\boxscores\season\2026-06-15_ALB_at_BOS.html
2026-06-15,CHA,MEM,4-3,1,C:\Users\james\Documents\Baseball-AI\NexGen-BBPro\data\boxscores\season\2026-06-15_MEM_at_CHA.html
2026-06-15,COL,LOS,10-1,1,C:\Users\james\Documents\Baseball-AI\NexGen-BBPro\data\boxscores\season\2026-06-15_LOS_at_COL.html
2026-06-15,MIL,PHO,3-5,1,C:\Users\james\Documents\Baseball-AI\NexGen-BBPro\data\boxscores\season\2026-06-15_PHO_at_MIL.html
2026-06-15,WAS,NEW,5-0,1,C:\Users\james\Documents\Baseball-AI\NexGen-BBPro\data\boxscores\season\2026-06-15_NEW_at_WAS.html
2026-06-16,BAL,SAN,1-5,1,C:\Users\james\Documents\Baseball-AI\NexGen-BBPro\data\boxscores\season\2026-06-16_SAN_at_BAL.html
2026-06-16,BOS,ALB,1-4,1,C:\Users\james\Documents\Baseball-AI\NexGen-BBPro\data\boxscores\season\2026-06-16_ALB_at_BOS.html
2026-06-16,CHA,MEM,1-7,1,C:\Users\james\Documents\Baseball-AI\NexGen-BBPro\data\boxscores\season\2026-06-16_MEM_at_CHA.html
2026-06-16,COL,LOS,6-5,1,C:\Users\james\Documents\Baseball-AI\NexGen-BBPro\data\boxscores\season\2026-06-16_LOS_at_COL.html
2026-06-16,MIL,PHO,6-5,1,C:\Users\james\Documents\Baseball-AI\NexGen-BBPro\data\boxscores\season\2026-06-16_PHO_at_MIL.html
2026-06-16,WAS,NEW,4-5,1,C:\Users\james\Documents\Baseball-AI\NexGen-BBPro\data\boxscores\season\2026-06-16_NEW_at_WAS.html
2026-06-17,BAL,SAN,6-5,1,C:\Users\james\Documents\Baseball-AI\NexGen-BBPro\data\boxscores\season\2026-06-17_SAN_at_BAL.html
2026-06-17,BOS,ALB,8-7,1,C:\Users\james\Documents\Baseball-AI\NexGen-BBPro\data\boxscores\season\2026-06-17_ALB_at_BOS.html
2026-06-17,CHA,MEM,0-3,1,C:\Users\james\Documents\Baseball-AI\NexGen-BBPro\data\boxscores\season\2026-06-17_MEM_at_CHA.html
2026-06-17,COL,LOS,6-3,1,C:\Users\james\Documents\Baseball-AI\NexGen-BBPro\data\boxscores\season\2026-06-17_LOS_at_COL.html
2026-06-17,MIL,PHO,1-6,1,C:\Users\james\Documents\Baseball-AI\NexGen-BBPro\data\boxscores\season\2026-06-17_PHO_at_MIL.html
2026-06-17,WAS,NEW,0-1,1,C:\Users\james\Documents\Baseball-AI\NexGen-BBPro\data\boxscores\season\2026-06-17_NEW_at_WAS.html
2026-06-18,BAL,SAN,4-8,1,C:\Users\james\Documents\Baseball-AI\NexGen-BBPro\data\boxscores\season\2026-06-18_SAN_at_BAL.html
2026-06-18,BOS,ALB,2-6,1,C:\Users\james\Documents\Baseball-AI\NexGen-BBPro\data\boxscores\season\2026-06-18_ALB_at_BOS.html
2026-06-18,CHA,MEM,4-5,1,C:\Users\james\Documents\Baseball-AI\NexGen-BBPro\data\boxscores\season\2026-06-18_MEM_at_CHA.html
2026-06-18,COL,LOS,4-2,1,C:\Users\james\Documents\Baseball-AI\NexGen-BBPro\data\boxscores\season\2026-06-18_LOS_at_COL.html
2026-06-18,MIL,PHO,3-5,1,C:\Users\james\Documents\Baseball-AI\NexGen-BBPro\data\boxscores\season\2026-06-18_PHO_at_MIL.html
2026-06-18,WAS,NEW,4-5,1,C:\Users\james\Documents\Baseball-AI\NexGen-BBPro\data\boxscores\season\2026-06-18_NEW_at_WAS.html
2026-06-20,ALB,BOS,3-1,1,C:\Users\james\Documents\Baseball-AI\NexGen-BBPro\data\boxscores\season\2026-06-20_BOS_at_ALB.html
2026-06-20,LOS,COL,2-3,1,C:\Users\james\Documents\Baseball-AI\NexGen-BBPro\data\boxscores\season\2026-06-20_COL_at_LOS.html
2026-06-20,MEM,CHA,3-0,1,C:\Users\james\Documents\Baseball-AI\NexGen-BBPro\data\boxscores\season\2026-06-20_CHA_at_MEM.html
2026-06-20,NEW,WAS,4-1,1,C:\Users\james\Documents\Baseball-AI\NexGen-BBPro\data\boxscores\season\2026-06-20_WAS_at_NEW.html
2026-06-20,PHO,MIL,5-6,1,C:\Users\james\Documents\Baseball-AI\NexGen-BBPro\data\boxscores\season\2026-06-20_MIL_at_PHO.html
2026-06-20,SAN,BAL,5-8,1,C:\Users\james\Documents\Baseball-AI\NexGen-BBPro\data\boxscores\season\2026-06-20_BAL_at_SAN.html
2026-06-21,ALB,BOS,1-2,1,C:\Users\james\Documents\Baseball-AI\NexGen-BBPro\data\boxscores\season\2026-06-21_BOS_at_ALB.html
2026-06-21,LOS,COL,5-4,1,C:\Users\james\Documents\Baseball-AI\NexGen-BBPro\data\boxscores\season\2026-06-21_COL_at_LOS.html
2026-06-21,MEM,CHA,0-5,1,C:\Users\james\Documents\Baseball-AI\NexGen-BBPro\data\boxscores\season\2026-06-21_CHA_at_MEM.html
2026-06-21,NEW,WAS,4-2,1,C:\Users\james\Documents\Baseball-AI\NexGen-BBPro\data\boxscores\season\2026-06-21_WAS_at_NEW.html
2026-06-21,PHO,MIL,5-1,1,C:\Users\james\Documents\Baseball-AI\NexGen-BBPro\data\boxscores\season\2026-06-21_MIL_at_PHO.html
2026-06-21,SAN,BAL,2-1,1,C:\Users\james\Documents\Baseball-AI\NexGen-BBPro\data\boxscores\season\2026-06-21_BAL_at_SAN.html
2026-06-22,ALB,BOS,4-0,1,C:\Users\james\Documents\Baseball-AI\NexGen-BBPro\data\boxscores\season\2026-06-22_BOS_at_ALB.html
2026-06-22,LOS,COL,2-0,1,C:\Users\james\Documents\Baseball-AI\NexGen-BBPro\data\boxscores\season\2026-06-22_COL_at_LOS.html
2026-06-22,MEM,CHA,1-6,1,C:\Users\james\Documents\Baseball-AI\NexGen-BBPro\data\boxscores\season\2026-06-22_CHA_at_MEM.html
2026-06-22,NEW,WAS,0-9,1,C:\Users\james\Documents\Baseball-AI\NexGen-BBPro\data\boxscores\season\2026-06-22_WAS_at_NEW.html
2026-06-22,PHO,MIL,4-5,1,C:\Users\james\Documents\Baseball-AI\NexGen-BBPro\data\boxscores\season\2026-06-22_MIL_at_PHO.html
2026-06-22,SAN,BAL,5-3,1,C:\Users\james\Documents\Baseball-AI\NexGen-BBPro\data\boxscores\season\2026-06-22_BAL_at_SAN.html
2026-06-23,ALB,BOS,3-1,1,C:\Users\james\Documents\Baseball-AI\NexGen-BBPro\data\boxscores\season\2026-06-23_BOS_at_ALB.html
2026-06-23,LOS,COL,2-10,1,C:\Users\james\Documents\Baseball-AI\NexGen-BBPro\data\boxscores\season\2026-06-23_COL_at_LOS.html
2026-06-23,MEM,CHA,3-0,1,C:\Users\james\Documents\Baseball-AI\NexGen-BBPro\data\boxscores\season\2026-06-23_CHA_at_MEM.html
2026-06-23,NEW,WAS,3-1,1,C:\Users\james\Documents\Baseball-AI\NexGen-BBPro\data\boxscores\season\2026-06-23_WAS_at_NEW.html
2026-06-23,PHO,MIL,1-3,1,C:\Users\james\Documents\Baseball-AI\NexGen-BBPro\data\boxscores\season\2026-06-23_MIL_at_PHO.html
2026-06-23,SAN,BAL,5-7,1,C:\Users\james\Documents\Baseball-AI\NexGen-BBPro\data\boxscores\season\2026-06-23_BAL_at_SAN.html
2026-06-25,BAL,WAS,3-4,1,C:\Users\james\Documents\Baseball-AI\NexGen-BBPro\data\boxscores\season\2026-06-25_WAS_at_BAL.html
2026-06-25,BOS,SAN,3-2,1,C:\Users\james\Documents\Baseball-AI\NexGen-BBPro\data\boxscores\season\2026-06-25_SAN_at_BOS.html
2026-06-25,CHA,PHO,2-12,1,C:\Users\james\Documents\Baseball-AI\NexGen-BBPro\data\boxscores\season\2026-06-25_PHO_at_CHA.html
2026-06-25,COL,ALB,4-5,1,C:\Users\james\Documents\Baseball-AI\NexGen-BBPro\data\boxscores\season\2026-06-25_ALB_at_COL.html
2026-06-25,MIL,LOS,3-6,1,C:\Users\james\Documents\Baseball-AI\NexGen-BBPro\data\boxscores\season\2026-06-25_LOS_at_MIL.html
2026-06-25,NEW,MEM,6-5,1,C:\Users\james\Documents\Baseball-AI\NexGen-BBPro\data\boxscores\season\2026-06-25_MEM_at_NEW.html
2026-06-26,BAL,WAS,0-1,1,C:\Users\james\Documents\Baseball-AI\NexGen-BBPro\data\boxscores\season\2026-06-26_WAS_at_BAL.html
2026-06-26,BOS,SAN,0-2,1,C:\Users\james\Documents\Baseball-AI\NexGen-BBPro\data\boxscores\season\2026-06-26_SAN_at_BOS.html
2026-06-26,CHA,PHO,2-3,1,C:\Users\james\Documents\Baseball-AI\NexGen-BBPro\data\boxscores\season\2026-06-26_PHO_at_CHA.html
2026-06-26,COL,ALB,3-4,1,C:\Users\james\Documents\Baseball-AI\NexGen-BBPro\data\boxscores\season\2026-06-26_ALB_at_COL.html
2026-06-26,MIL,LOS,5-4,1,C:\Users\james\Documents\Baseball-AI\NexGen-BBPro\data\boxscores\season\2026-06-26_LOS_at_MIL.html
2026-06-26,NEW,MEM,3-0,1,C:\Users\james\Documents\Baseball-AI\NexGen-BBPro\data\boxscores\season\2026-06-26_MEM_at_NEW.html
2026-06-27,BAL,WAS,6-5,1,C:\Users\james\Documents\Baseball-AI\NexGen-BBPro\data\boxscores\season\2026-06-27_WAS_at_BAL.html
2026-06-27,BOS,SAN,5-4,1,C:\Users\james\Documents\Baseball-AI\NexGen-BBPro\data\boxscores\season\2026-06-27_SAN_at_BOS.html
2026-06-27,CHA,PHO,12-8,1,C:\Users\james\Documents\Baseball-AI\NexGen-BBPro\data\boxscores\season\2026-06-27_PHO_at_CHA.html
2026-06-27,COL,ALB,0-1,1,C:\Users\james\Documents\Baseball-AI\NexGen-BBPro\data\boxscores\season\2026-06-27_ALB_at_COL.html
2026-06-27,MIL,LOS,2-4,1,C:\Users\james\Documents\Baseball-AI\NexGen-BBPro\data\boxscores\season\2026-06-27_LOS_at_MIL.html
2026-06-27,NEW,MEM,5-1,1,C:\Users\james\Documents\Baseball-AI\NexGen-BBPro\data\boxscores\season\2026-06-27_MEM_at_NEW.html
2026-06-28,BAL,WAS,4-6,1,C:\Users\james\Documents\Baseball-AI\NexGen-BBPro\data\boxscores\season\2026-06-28_WAS_at_BAL.html
2026-06-28,BOS,SAN,3-5,1,C:\Users\james\Documents\Baseball-AI\NexGen-BBPro\data\boxscores\season\2026-06-28_SAN_at_BOS.html
2026-06-28,CHA,PHO,1-3,1,C:\Users\james\Documents\Baseball-AI\NexGen-BBPro\data\boxscores\season\2026-06-28_PHO_at_CHA.html
2026-06-28,COL,ALB,2-3,1,C:\Users\james\Documents\Baseball-AI\NexGen-BBPro\data\boxscores\season\2026-06-28_ALB_at_COL.html
2026-06-28,MIL,LOS,6-1,1,C:\Users\james\Documents\Baseball-AI\NexGen-BBPro\data\boxscores\season\2026-06-28_LOS_at_MIL.html
2026-06-28,NEW,MEM,7-10,1,C:\Users\james\Documents\Baseball-AI\NexGen-BBPro\data\boxscores\season\2026-06-28_MEM_at_NEW.html
2026-06-30,ALB,COL,4-6,1,C:\Users\james\Documents\Baseball-AI\NexGen-BBPro\data\boxscores\season\2026-06-30_COL_at_ALB.html
2026-06-30,LOS,MIL,0-2,1,C:\Users\james\Documents\Baseball-AI\NexGen-BBPro\data\boxscores\season\2026-06-30_MIL_at_LOS.html
2026-06-30,MEM,NEW,4-5,1,C:\Users\james\Documents\Baseball-AI\NexGen-BBPro\data\boxscores\season\2026-06-30_NEW_at_MEM.html
2026-06-30,PHO,CHA,2-1,1,C:\Users\james\Documents\Baseball-AI\NexGen-BBPro\data\boxscores\season\2026-06-30_CHA_at_PHO.html
2026-06-30,SAN,BOS,0-3,1,C:\Users\james\Documents\Baseball-AI\NexGen-BBPro\data\boxscores\season\2026-06-30_BOS_at_SAN.html
2026-06-30,WAS,BAL,5-2,1,C:\Users\james\Documents\Baseball-AI\NexGen-BBPro\data\boxscores\season\2026-06-30_BAL_at_WAS.html
2026-07-01,ALB,COL,3-4,1,C:\Users\james\Documents\Baseball-AI\NexGen-BBPro\data\boxscores\season\2026-07-01_COL_at_ALB.html
2026-07-01,LOS,MIL,0-4,1,C:\Users\james\Documents\Baseball-AI\NexGen-BBPro\data\boxscores\season\2026-07-01_MIL_at_LOS.html
2026-07-01,MEM,NEW,2-3,1,C:\Users\james\Documents\Baseball-AI\NexGen-BBPro\data\boxscores\season\2026-07-01_NEW_at_MEM.html
2026-07-01,PHO,CHA,2-3,1,C:\Users\james\Documents\Baseball-AI\NexGen-BBPro\data\boxscores\season\2026-07-01_CHA_at_PHO.html
2026-07-01,SAN,BOS,8-7,1,C:\Users\james\Documents\Baseball-AI\NexGen-BBPro\data\boxscores\season\2026-07-01_BOS_at_SAN.html
2026-07-01,WAS,BAL,3-8,1,C:\Users\james\Documents\Baseball-AI\NexGen-BBPro\data\boxscores\season\2026-07-01_BAL_at_WAS.html
2026-07-02,ALB,COL,1-7,1,C:\Users\james\Documents\Baseball-AI\NexGen-BBPro\data\boxscores\season\2026-07-02_COL_at_ALB.html
2026-07-02,LOS,MIL,5-4,1,C:\Users\james\Documents\Baseball-AI\NexGen-BBPro\data\boxscores\season\2026-07-02_MIL_at_LOS.html
2026-07-02,MEM,NEW,4-5,1,C:\Users\james\Documents\Baseball-AI\NexGen-BBPro\data\boxscores\season\2026-07-02_NEW_at_MEM.html
2026-07-02,PHO,CHA,12-7,1,C:\Users\james\Documents\Baseball-AI\NexGen-BBPro\data\boxscores\season\2026-07-02_CHA_at_PHO.html
2026-07-02,SAN,BOS,1-7,1,C:\Users\james\Documents\Baseball-AI\NexGen-BBPro\data\boxscores\season\2026-07-02_BOS_at_SAN.html
2026-07-02,WAS,BAL,8-7,1,C:\Users\james\Documents\Baseball-AI\NexGen-BBPro\data\boxscores\season\2026-07-02_BAL_at_WAS.html
2026-07-03,ALB,COL,5-3,1,C:\Users\james\Documents\Baseball-AI\NexGen-BBPro\data\boxscores\season\2026-07-03_COL_at_ALB.html
2026-07-03,LOS,MIL,5-6,1,C:\Users\james\Documents\Baseball-AI\NexGen-BBPro\data\boxscores\season\2026-07-03_MIL_at_LOS.html
2026-07-03,MEM,NEW,2-5,1,C:\Users\james\Documents\Baseball-AI\NexGen-BBPro\data\boxscores\season\2026-07-03_NEW_at_MEM.html
2026-07-03,PHO,CHA,4-5,1,C:\Users\james\Documents\Baseball-AI\NexGen-BBPro\data\boxscores\season\2026-07-03_CHA_at_PHO.html
2026-07-03,SAN,BOS,3-2,1,C:\Users\james\Documents\Baseball-AI\NexGen-BBPro\data\boxscores\season\2026-07-03_BOS_at_SAN.html
2026-07-03,WAS,BAL,6-4,1,C:\Users\james\Documents\Baseball-AI\NexGen-BBPro\data\boxscores\season\2026-07-03_BAL_at_WAS.html
2026-07-05,BAL,NEW,2-1,1,C:\Users\james\Documents\Baseball-AI\NexGen-BBPro\data\boxscores\season\2026-07-05_NEW_at_BAL.html
2026-07-05,BOS,WAS,3-7,1,C:\Users\james\Documents\Baseball-AI\NexGen-BBPro\data\boxscores\season\2026-07-05_WAS_at_BOS.html
2026-07-05,CHA,LOS,12-7,1,C:\Users\james\Documents\Baseball-AI\NexGen-BBPro\data\boxscores\season\2026-07-05_LOS_at_CHA.html
2026-07-05,COL,SAN,3-2,1,C:\Users\james\Documents\Baseball-AI\NexGen-BBPro\data\boxscores\season\2026-07-05_SAN_at_COL.html
2026-07-05,MEM,PHO,1-4,1,C:\Users\james\Documents\Baseball-AI\NexGen-BBPro\data\boxscores\season\2026-07-05_PHO_at_MEM.html
2026-07-05,MIL,ALB,2-0,1,C:\Users\james\Documents\Baseball-AI\NexGen-BBPro\data\boxscores\season\2026-07-05_ALB_at_MIL.html
2026-07-06,BAL,NEW,7-3,1,C:\Users\james\Documents\Baseball-AI\NexGen-BBPro\data\boxscores\season\2026-07-06_NEW_at_BAL.html
2026-07-06,BOS,WAS,2-6,1,C:\Users\james\Documents\Baseball-AI\NexGen-BBPro\data\boxscores\season\2026-07-06_WAS_at_BOS.html
2026-07-06,CHA,LOS,3-2,1,C:\Users\james\Documents\Baseball-AI\NexGen-BBPro\data\boxscores\season\2026-07-06_LOS_at_CHA.html
2026-07-06,COL,SAN,0-2,1,C:\Users\james\Documents\Baseball-AI\NexGen-BBPro\data\boxscores\season\2026-07-06_SAN_at_COL.html
2026-07-06,MEM,PHO,6-1,1,C:\Users\james\Documents\Baseball-AI\NexGen-BBPro\data\boxscores\season\2026-07-06_PHO_at_MEM.html
2026-07-06,MIL,ALB,4-1,1,C:\Users\james\Documents\Baseball-AI\NexGen-BBPro\data\boxscores\season\2026-07-06_ALB_at_MIL.html
2026-07-07,BAL,NEW,1-4,1,C:\Users\james\Documents\Baseball-AI\NexGen-BBPro\data\boxscores\season\2026-07-07_NEW_at_BAL.html
2026-07-07,BOS,WAS,3-4,1,C:\Users\james\Documents\Baseball-AI\NexGen-BBPro\data\boxscores\season\2026-07-07_WAS_at_BOS.html
2026-07-07,CHA,LOS,2-3,1,C:\Users\james\Documents\Baseball-AI\NexGen-BBPro\data\boxscores\season\2026-07-07_LOS_at_CHA.html
2026-07-07,COL,SAN,4-6,1,C:\Users\james\Documents\Baseball-AI\NexGen-BBPro\data\boxscores\season\2026-07-07_SAN_at_COL.html
2026-07-07,MEM,PHO,9-5,1,C:\Users\james\Documents\Baseball-AI\NexGen-BBPro\data\boxscores\season\2026-07-07_PHO_at_MEM.html
2026-07-07,MIL,ALB,10-8,1,C:\Users\james\Documents\Baseball-AI\NexGen-BBPro\data\boxscores\season\2026-07-07_ALB_at_MIL.html
2026-07-08,BAL,NEW,2-3,1,C:\Users\james\Documents\Baseball-AI\NexGen-BBPro\data\boxscores\season\2026-07-08_NEW_at_BAL.html
2026-07-08,BOS,WAS,5-3,1,C:\Users\james\Documents\Baseball-AI\NexGen-BBPro\data\boxscores\season\2026-07-08_WAS_at_BOS.html
2026-07-08,CHA,LOS,6-3,1,C:\Users\james\Documents\Baseball-AI\NexGen-BBPro\data\boxscores\season\2026-07-08_LOS_at_CHA.html
2026-07-08,COL,SAN,2-3,1,C:\Users\james\Documents\Baseball-AI\NexGen-BBPro\data\boxscores\season\2026-07-08_SAN_at_COL.html
2026-07-08,MEM,PHO,12-4,1,C:\Users\james\Documents\Baseball-AI\NexGen-BBPro\data\boxscores\season\2026-07-08_PHO_at_MEM.html
2026-07-08,MIL,ALB,2-3,1,C:\Users\james\Documents\Baseball-AI\NexGen-BBPro\data\boxscores\season\2026-07-08_ALB_at_MIL.html
2026-07-10,ALB,MIL,3-6,1,C:\Users\james\Documents\Baseball-AI\NexGen-BBPro\data\boxscores\season\2026-07-10_MIL_at_ALB.html
2026-07-10,LOS,CHA,1-4,1,C:\Users\james\Documents\Baseball-AI\NexGen-BBPro\data\boxscores\season\2026-07-10_CHA_at_LOS.html
2026-07-10,NEW,BAL,4-6,1,C:\Users\james\Documents\Baseball-AI\NexGen-BBPro\data\boxscores\season\2026-07-10_BAL_at_NEW.html
2026-07-10,PHO,MEM,3-5,1,C:\Users\james\Documents\Baseball-AI\NexGen-BBPro\data\boxscores\season\2026-07-10_MEM_at_PHO.html
2026-07-10,SAN,COL,4-6,1,C:\Users\james\Documents\Baseball-AI\NexGen-BBPro\data\boxscores\season\2026-07-10_COL_at_SAN.html
2026-07-10,WAS,BOS,6-0,1,C:\Users\james\Documents\Baseball-AI\NexGen-BBPro\data\boxscores\season\2026-07-10_BOS_at_WAS.html
2026-07-11,ALB,MIL,5-7,1,C:\Users\james\Documents\Baseball-AI\NexGen-BBPro\data\boxscores\season\2026-07-11_MIL_at_ALB.html
2026-07-11,LOS,CHA,3-4,1,C:\Users\james\Documents\Baseball-AI\NexGen-BBPro\data\boxscores\season\2026-07-11_CHA_at_LOS.html
2026-07-11,NEW,BAL,0-3,1,C:\Users\james\Documents\Baseball-AI\NexGen-BBPro\data\boxscores\season\2026-07-11_BAL_at_NEW.html
2026-07-11,PHO,MEM,6-2,1,C:\Users\james\Documents\Baseball-AI\NexGen-BBPro\data\boxscores\season\2026-07-11_MEM_at_PHO.html
2026-07-11,SAN,COL,4-2,1,C:\Users\james\Documents\Baseball-AI\NexGen-BBPro\data\boxscores\season\2026-07-11_COL_at_SAN.html
2026-07-11,WAS,BOS,4-3,1,C:\Users\james\Documents\Baseball-AI\NexGen-BBPro\data\boxscores\season\2026-07-11_BOS_at_WAS.html
2026-07-12,ALB,MIL,3-1,1,C:\Users\james\Documents\Baseball-AI\NexGen-BBPro\data\boxscores\season\2026-07-12_MIL_at_ALB.html
2026-07-12,LOS,CHA,3-5,1,C:\Users\james\Documents\Baseball-AI\NexGen-BBPro\data\boxscores\season\2026-07-12_CHA_at_LOS.html
2026-07-12,NEW,BAL,6-4,1,C:\Users\james\Documents\Baseball-AI\NexGen-BBPro\data\boxscores\season\2026-07-12_BAL_at_NEW.html
2026-07-12,PHO,MEM,5-3,1,C:\Users\james\Documents\Baseball-AI\NexGen-BBPro\data\boxscores\season\2026-07-12_MEM_at_PHO.html
2026-07-12,SAN,COL,5-4,1,C:\Users\james\Documents\Baseball-AI\NexGen-BBPro\data\boxscores\season\2026-07-12_COL_at_SAN.html
2026-07-12,WAS,BOS,5-9,1,C:\Users\james\Documents\Baseball-AI\NexGen-BBPro\data\boxscores\season\2026-07-12_BOS_at_WAS.html
2026-07-13,ALB,MIL,7-3,1,C:\Users\james\Documents\Baseball-AI\NexGen-BBPro\data\boxscores\season\2026-07-13_MIL_at_ALB.html
2026-07-13,LOS,CHA,5-2,1,C:\Users\james\Documents\Baseball-AI\NexGen-BBPro\data\boxscores\season\2026-07-13_CHA_at_LOS.html
2026-07-13,NEW,BAL,6-9,1,C:\Users\james\Documents\Baseball-AI\NexGen-BBPro\data\boxscores\season\2026-07-13_BAL_at_NEW.html
2026-07-13,PHO,MEM,9-7,1,C:\Users\james\Documents\Baseball-AI\NexGen-BBPro\data\boxscores\season\2026-07-13_MEM_at_PHO.html
2026-07-13,SAN,COL,6-5,1,C:\Users\james\Documents\Baseball-AI\NexGen-BBPro\data\boxscores\season\2026-07-13_COL_at_SAN.html
2026-07-13,WAS,BOS,3-2,1,C:\Users\james\Documents\Baseball-AI\NexGen-BBPro\data\boxscores\season\2026-07-13_BOS_at_WAS.html
2026-07-21,ALB,CHA,1-4,1,C:\Users\james\Documents\Baseball-AI\NexGen-BBPro\data\boxscores\season\2026-07-21_CHA_at_ALB.html
2026-07-21,BAL,BOS,4-5,1,C:\Users\james\Documents\Baseball-AI\NexGen-BBPro\data\boxscores\season\2026-07-21_BOS_at_BAL.html
2026-07-21,LOS,MEM,2-1,1,C:\Users\james\Documents\Baseball-AI\NexGen-BBPro\data\boxscores\season\2026-07-21_MEM_at_LOS.html
2026-07-21,PHO,NEW,0-9,1,C:\Users\james\Documents\Baseball-AI\NexGen-BBPro\data\boxscores\season\2026-07-21_NEW_at_PHO.html
2026-07-21,SAN,MIL,3-6,1,C:\Users\james\Documents\Baseball-AI\NexGen-BBPro\data\boxscores\season\2026-07-21_MIL_at_SAN.html
2026-07-21,WAS,COL,5-4,1,C:\Users\james\Documents\Baseball-AI\NexGen-BBPro\data\boxscores\season\2026-07-21_COL_at_WAS.html
2026-07-22,ALB,CHA,7-6,1,C:\Users\james\Documents\Baseball-AI\NexGen-BBPro\data\boxscores\season\2026-07-22_CHA_at_ALB.html
2026-07-22,BAL,BOS,7-6,1,C:\Users\james\Documents\Baseball-AI\NexGen-BBPro\data\boxscores\season\2026-07-22_BOS_at_BAL.html
2026-07-22,LOS,MEM,4-2,1,C:\Users\james\Documents\Baseball-AI\NexGen-BBPro\data\boxscores\season\2026-07-22_MEM_at_LOS.html
2026-07-22,PHO,NEW,4-0,1,C:\Users\james\Documents\Baseball-AI\NexGen-BBPro\data\boxscores\season\2026-07-22_NEW_at_PHO.html
2026-07-22,SAN,MIL,0-1,1,C:\Users\james\Documents\Baseball-AI\NexGen-BBPro\data\boxscores\season\2026-07-22_MIL_at_SAN.html
2026-07-22,WAS,COL,8-5,1,C:\Users\james\Documents\Baseball-AI\NexGen-BBPro\data\boxscores\season\2026-07-22_COL_at_WAS.html
2026-07-23,ALB,CHA,2-1,1,C:\Users\james\Documents\Baseball-AI\NexGen-BBPro\data\boxscores\season\2026-07-23_CHA_at_ALB.html
2026-07-23,BAL,BOS,3-2,1,C:\Users\james\Documents\Baseball-AI\NexGen-BBPro\data\boxscores\season\2026-07-23_BOS_at_BAL.html
2026-07-23,LOS,MEM,5-4,1,C:\Users\james\Documents\Baseball-AI\NexGen-BBPro\data\boxscores\season\2026-07-23_MEM_at_LOS.html
2026-07-23,PHO,NEW,4-6,1,C:\Users\james\Documents\Baseball-AI\NexGen-BBPro\data\boxscores\season\2026-07-23_NEW_at_PHO.html
2026-07-23,SAN,MIL,3-2,1,C:\Users\james\Documents\Baseball-AI\NexGen-BBPro\data\boxscores\season\2026-07-23_MIL_at_SAN.html
2026-07-23,WAS,COL,1-6,1,C:\Users\james\Documents\Baseball-AI\NexGen-BBPro\data\boxscores\season\2026-07-23_COL_at_WAS.html
2026-07-24,ALB,CHA,5-3,1,C:\Users\james\Documents\Baseball-AI\NexGen-BBPro\data\boxscores\season\2026-07-24_CHA_at_ALB.html
2026-07-24,BAL,BOS,6-7,1,C:\Users\james\Documents\Baseball-AI\NexGen-BBPro\data\boxscores\season\2026-07-24_BOS_at_BAL.html
2026-07-24,LOS,MEM,6-2,1,C:\Users\james\Documents\Baseball-AI\NexGen-BBPro\data\boxscores\season\2026-07-24_MEM_at_LOS.html
2026-07-24,PHO,NEW,2-1,1,C:\Users\james\Documents\Baseball-AI\NexGen-BBPro\data\boxscores\season\2026-07-24_NEW_at_PHO.html
2026-07-24,SAN,MIL,4-3,1,C:\Users\james\Documents\Baseball-AI\NexGen-BBPro\data\boxscores\season\2026-07-24_MIL_at_SAN.html
2026-07-24,WAS,COL,5-6,1,C:\Users\james\Documents\Baseball-AI\NexGen-BBPro\data\boxscores\season\2026-07-24_COL_at_WAS.html
2026-07-26,BOS,BAL,3-0,1,C:\Users\james\Documents\Baseball-AI\NexGen-BBPro\data\boxscores\season\2026-07-26_BAL_at_BOS.html
2026-07-26,CHA,ALB,0-2,1,C:\Users\james\Documents\Baseball-AI\NexGen-BBPro\data\boxscores\season\2026-07-26_ALB_at_CHA.html
2026-07-26,COL,WAS,3-0,1,C:\Users\james\Documents\Baseball-AI\NexGen-BBPro\data\boxscores\season\2026-07-26_WAS_at_COL.html
2026-07-26,MEM,LOS,6-1,1,C:\Users\james\Documents\Baseball-AI\NexGen-BBPro\data\boxscores\season\2026-07-26_LOS_at_MEM.html
2026-07-26,MIL,SAN,5-3,1,C:\Users\james\Documents\Baseball-AI\NexGen-BBPro\data\boxscores\season\2026-07-26_SAN_at_MIL.html
2026-07-26,NEW,PHO,5-1,1,C:\Users\james\Documents\Baseball-AI\NexGen-BBPro\data\boxscores\season\2026-07-26_PHO_at_NEW.html
2026-07-27,BOS,BAL,6-3,1,C:\Users\james\Documents\Baseball-AI\NexGen-BBPro\data\boxscores\season\2026-07-27_BAL_at_BOS.html
2026-07-27,CHA,ALB,9-10,1,C:\Users\james\Documents\Baseball-AI\NexGen-BBPro\data\boxscores\season\2026-07-27_ALB_at_CHA.html
2026-07-27,COL,WAS,1-10,1,C:\Users\james\Documents\Baseball-AI\NexGen-BBPro\data\boxscores\season\2026-07-27_WAS_at_COL.html
2026-07-27,MEM,LOS,3-2,1,C:\Users\james\Documents\Baseball-AI\NexGen-BBPro\data\boxscores\season\2026-07-27_LOS_at_MEM.html
2026-07-27,MIL,SAN,3-1,1,C:\Users\james\Documents\Baseball-AI\NexGen-BBPro\data\boxscores\season\2026-07-27_SAN_at_MIL.html
2026-07-27,NEW,PHO,1-2,1,C:\Users\james\Documents\Baseball-AI\NexGen-BBPro\data\boxscores\season\2026-07-27_PHO_at_NEW.html
2026-07-28,BOS,BAL,4-3,1,C:\Users\james\Documents\Baseball-AI\NexGen-BBPro\data\boxscores\season\2026-07-28_BAL_at_BOS.html
2026-07-28,CHA,ALB,3-6,1,C:\Users\james\Documents\Baseball-AI\NexGen-BBPro\data\boxscores\season\2026-07-28_ALB_at_CHA.html
2026-07-28,COL,WAS,3-4,1,C:\Users\james\Documents\Baseball-AI\NexGen-BBPro\data\boxscores\season\2026-07-28_WAS_at_COL.html
2026-07-28,MEM,LOS,3-10,1,C:\Users\james\Documents\Baseball-AI\NexGen-BBPro\data\boxscores\season\2026-07-28_LOS_at_MEM.html
2026-07-28,MIL,SAN,0-2,1,C:\Users\james\Documents\Baseball-AI\NexGen-BBPro\data\boxscores\season\2026-07-28_SAN_at_MIL.html
2026-07-28,NEW,PHO,0-6,1,C:\Users\james\Documents\Baseball-AI\NexGen-BBPro\data\boxscores\season\2026-07-28_PHO_at_NEW.html
2026-07-29,BOS,BAL,4-6,1,C:\Users\james\Documents\Baseball-AI\NexGen-BBPro\data\boxscores\season\2026-07-29_BAL_at_BOS.html
2026-07-29,CHA,ALB,2-3,1,C:\Users\james\Documents\Baseball-AI\NexGen-BBPro\data\boxscores\season\2026-07-29_ALB_at_CHA.html
2026-07-29,COL,WAS,5-3,1,C:\Users\james\Documents\Baseball-AI\NexGen-BBPro\data\boxscores\season\2026-07-29_WAS_at_COL.html
2026-07-29,MEM,LOS,0-1,1,C:\Users\james\Documents\Baseball-AI\NexGen-BBPro\data\boxscores\season\2026-07-29_LOS_at_MEM.html
2026-07-29,MIL,SAN,2-5,1,C:\Users\james\Documents\Baseball-AI\NexGen-BBPro\data\boxscores\season\2026-07-29_SAN_at_MIL.html
2026-07-29,NEW,PHO,3-0,1,C:\Users\james\Documents\Baseball-AI\NexGen-BBPro\data\boxscores\season\2026-07-29_PHO_at_NEW.html
2026-07-31,ALB,MEM,2-7,1,C:\Users\james\Documents\Baseball-AI\NexGen-BBPro\data\boxscores\season\2026-07-31_MEM_at_ALB.html
2026-07-31,BAL,COL,4-2,1,C:\Users\james\Documents\Baseball-AI\NexGen-BBPro\data\boxscores\season\2026-07-31_COL_at_BAL.html
2026-07-31,LOS,PHO,3-4,1,C:\Users\james\Documents\Baseball-AI\NexGen-BBPro\data\boxscores\season\2026-07-31_PHO_at_LOS.html
2026-07-31,NEW,BOS,4-2,1,C:\Users\james\Documents\Baseball-AI\NexGen-BBPro\data\boxscores\season\2026-07-31_BOS_at_NEW.html
2026-07-31,SAN,CHA,4-5,1,C:\Users\james\Documents\Baseball-AI\NexGen-BBPro\data\boxscores\season\2026-07-31_CHA_at_SAN.html
2026-07-31,WAS,MIL,0-6,1,C:\Users\james\Documents\Baseball-AI\NexGen-BBPro\data\boxscores\season\2026-07-31_MIL_at_WAS.html
2026-08-01,ALB,MEM,2-1,1,C:\Users\james\Documents\Baseball-AI\NexGen-BBPro\data\boxscores\season\2026-08-01_MEM_at_ALB.html
2026-08-01,BAL,COL,1-5,1,C:\Users\james\Documents\Baseball-AI\NexGen-BBPro\data\boxscores\season\2026-08-01_COL_at_BAL.html
2026-08-01,LOS,PHO,0-3,1,C:\Users\james\Documents\Baseball-AI\NexGen-BBPro\data\boxscores\season\2026-08-01_PHO_at_LOS.html
2026-08-01,NEW,BOS,1-2,1,C:\Users\james\Documents\Baseball-AI\NexGen-BBPro\data\boxscores\season\2026-08-01_BOS_at_NEW.html
2026-08-01,SAN,CHA,10-2,1,C:\Users\james\Documents\Baseball-AI\NexGen-BBPro\data\boxscores\season\2026-08-01_CHA_at_SAN.html
2026-08-01,WAS,MIL,5-7,1,C:\Users\james\Documents\Baseball-AI\NexGen-BBPro\data\boxscores\season\2026-08-01_MIL_at_WAS.html
2026-08-02,ALB,MEM,3-5,1,C:\Users\james\Documents\Baseball-AI\NexGen-BBPro\data\boxscores\season\2026-08-02_MEM_at_ALB.html
2026-08-02,BAL,COL,6-4,1,C:\Users\james\Documents\Baseball-AI\NexGen-BBPro\data\boxscores\season\2026-08-02_COL_at_BAL.html
2026-08-02,LOS,PHO,1-3,1,C:\Users\james\Documents\Baseball-AI\NexGen-BBPro\data\boxscores\season\2026-08-02_PHO_at_LOS.html
2026-08-02,NEW,BOS,7-1,1,C:\Users\james\Documents\Baseball-AI\NexGen-BBPro\data\boxscores\season\2026-08-02_BOS_at_NEW.html
2026-08-02,SAN,CHA,3-6,1,C:\Users\james\Documents\Baseball-AI\NexGen-BBPro\data\boxscores\season\2026-08-02_CHA_at_SAN.html
2026-08-02,WAS,MIL,0-2,1,C:\Users\james\Documents\Baseball-AI\NexGen-BBPro\data\boxscores\season\2026-08-02_MIL_at_WAS.html
2026-08-04,BOS,NEW,1-4,1,C:\Users\james\Documents\Baseball-AI\NexGen-BBPro\data\boxscores\season\2026-08-04_NEW_at_BOS.html
2026-08-04,CHA,SAN,5-7,1,C:\Users\james\Documents\Baseball-AI\NexGen-BBPro\data\boxscores\season\2026-08-04_SAN_at_CHA.html
2026-08-04,COL,BAL,2-0,1,C:\Users\james\Documents\Baseball-AI\NexGen-BBPro\data\boxscores\season\2026-08-04_BAL_at_COL.html
2026-08-04,MEM,ALB,2-1,1,C:\Users\james\Documents\Baseball-AI\NexGen-BBPro\data\boxscores\season\2026-08-04_ALB_at_MEM.html
2026-08-04,MIL,WAS,2-3,1,C:\Users\james\Documents\Baseball-AI\NexGen-BBPro\data\boxscores\season\2026-08-04_WAS_at_MIL.html
2026-08-04,PHO,LOS,7-2,1,C:\Users\james\Documents\Baseball-AI\NexGen-BBPro\data\boxscores\season\2026-08-04_LOS_at_PHO.html
2026-08-05,BOS,NEW,0-2,1,C:\Users\james\Documents\Baseball-AI\NexGen-BBPro\data\boxscores\season\2026-08-05_NEW_at_BOS.html
2026-08-05,CHA,SAN,3-1,1,C:\Users\james\Documents\Baseball-AI\NexGen-BBPro\data\boxscores\season\2026-08-05_SAN_at_CHA.html
2026-08-05,COL,BAL,1-8,1,C:\Users\james\Documents\Baseball-AI\NexGen-BBPro\data\boxscores\season\2026-08-05_BAL_at_COL.html
2026-08-05,MEM,ALB,7-2,1,C:\Users\james\Documents\Baseball-AI\NexGen-BBPro\data\boxscores\season\2026-08-05_ALB_at_MEM.html
2026-08-05,MIL,WAS,4-5,1,C:\Users\james\Documents\Baseball-AI\NexGen-BBPro\data\boxscores\season\2026-08-05_WAS_at_MIL.html
2026-08-05,PHO,LOS,7-10,1,C:\Users\james\Documents\Baseball-AI\NexGen-BBPro\data\boxscores\season\2026-08-05_LOS_at_PHO.html
2026-08-06,BOS,NEW,1-2,1,C:\Users\james\Documents\Baseball-AI\NexGen-BBPro\data\boxscores\season\2026-08-06_NEW_at_BOS.html
2026-08-06,CHA,SAN,1-5,1,C:\Users\james\Documents\Baseball-AI\NexGen-BBPro\data\boxscores\season\2026-08-06_SAN_at_CHA.html
2026-08-06,COL,BAL,5-4,1,C:\Users\james\Documents\Baseball-AI\NexGen-BBPro\data\boxscores\season\2026-08-06_BAL_at_COL.html
2026-08-06,MEM,ALB,2-3,1,C:\Users\james\Documents\Baseball-AI\NexGen-BBPro\data\boxscores\season\2026-08-06_ALB_at_MEM.html
2026-08-06,MIL,WAS,0-4,1,C:\Users\james\Documents\Baseball-AI\NexGen-BBPro\data\boxscores\season\2026-08-06_WAS_at_MIL.html
2026-08-06,PHO,LOS,1-4,1,C:\Users\james\Documents\Baseball-AI\NexGen-BBPro\data\boxscores\season\2026-08-06_LOS_at_PHO.html
2026-08-07,BOS,NEW,3-0,1,C:\Users\james\Documents\Baseball-AI\NexGen-BBPro\data\boxscores\season\2026-08-07_NEW_at_BOS.html
2026-08-07,CHA,SAN,7-0,1,C:\Users\james\Documents\Baseball-AI\NexGen-BBPro\data\boxscores\season\2026-08-07_SAN_at_CHA.html
2026-08-07,COL,BAL,8-7,1,C:\Users\james\Documents\Baseball-AI\NexGen-BBPro\data\boxscores\season\2026-08-07_BAL_at_COL.html
2026-08-07,MEM,ALB,5-4,1,C:\Users\james\Documents\Baseball-AI\NexGen-BBPro\data\boxscores\season\2026-08-07_ALB_at_MEM.html
2026-08-07,MIL,WAS,3-2,1,C:\Users\james\Documents\Baseball-AI\NexGen-BBPro\data\boxscores\season\2026-08-07_WAS_at_MIL.html
2026-08-07,PHO,LOS,3-0,1,C:\Users\james\Documents\Baseball-AI\NexGen-BBPro\data\boxscores\season\2026-08-07_LOS_at_PHO.html
2026-08-09,ALB,PHO,6-2,1,C:\Users\james\Documents\Baseball-AI\NexGen-BBPro\data\boxscores\season\2026-08-09_PHO_at_ALB.html
2026-08-09,BAL,MIL,3-2,1,C:\Users\james\Documents\Baseball-AI\NexGen-BBPro\data\boxscores\season\2026-08-09_MIL_at_BAL.html
2026-08-09,BOS,COL,2-6,1,C:\Users\james\Documents\Baseball-AI\NexGen-BBPro\data\boxscores\season\2026-08-09_COL_at_BOS.html
2026-08-09,LOS,NEW,4-3,1,C:\Users\james\Documents\Baseball-AI\NexGen-BBPro\data\boxscores\season\2026-08-09_NEW_at_LOS.html
2026-08-09,SAN,MEM,3-6,1,C:\Users\james\Documents\Baseball-AI\NexGen-BBPro\data\boxscores\season\2026-08-09_MEM_at_SAN.html
2026-08-09,WAS,CHA,6-0,1,C:\Users\james\Documents\Baseball-AI\NexGen-BBPro\data\boxscores\season\2026-08-09_CHA_at_WAS.html
2026-08-10,ALB,PHO,5-4,1,C:\Users\james\Documents\Baseball-AI\NexGen-BBPro\data\boxscores\season\2026-08-10_PHO_at_ALB.html
2026-08-10,BAL,MIL,6-1,1,C:\Users\james\Documents\Baseball-AI\NexGen-BBPro\data\boxscores\season\2026-08-10_MIL_at_BAL.html
2026-08-10,BOS,COL,3-1,1,C:\Users\james\Documents\Baseball-AI\NexGen-BBPro\data\boxscores\season\2026-08-10_COL_at_BOS.html
2026-08-10,LOS,NEW,2-3,1,C:\Users\james\Documents\Baseball-AI\NexGen-BBPro\data\boxscores\season\2026-08-10_NEW_at_LOS.html
2026-08-10,SAN,MEM,1-8,1,C:\Users\james\Documents\Baseball-AI\NexGen-BBPro\data\boxscores\season\2026-08-10_MEM_at_SAN.html
2026-08-10,WAS,CHA,3-5,1,C:\Users\james\Documents\Baseball-AI\NexGen-BBPro\data\boxscores\season\2026-08-10_CHA_at_WAS.html
2026-08-11,ALB,PHO,4-0,1,C:\Users\james\Documents\Baseball-AI\NexGen-BBPro\data\boxscores\season\2026-08-11_PHO_at_ALB.html
2026-08-11,BAL,MIL,4-3,1,C:\Users\james\Documents\Baseball-AI\NexGen-BBPro\data\boxscores\season\2026-08-11_MIL_at_BAL.html
2026-08-11,BOS,COL,0-1,1,C:\Users\james\Documents\Baseball-AI\NexGen-BBPro\data\boxscores\season\2026-08-11_COL_at_BOS.html
2026-08-11,LOS,NEW,6-5,1,C:\Users\james\Documents\Baseball-AI\NexGen-BBPro\data\boxscores\season\2026-08-11_NEW_at_LOS.html
2026-08-11,SAN,MEM,5-4,1,C:\Users\james\Documents\Baseball-AI\NexGen-BBPro\data\boxscores\season\2026-08-11_MEM_at_SAN.html
2026-08-11,WAS,CHA,1-5,1,C:\Users\james\Documents\Baseball-AI\NexGen-BBPro\data\boxscores\season\2026-08-11_CHA_at_WAS.html
2026-08-13,CHA,WAS,4-7,1,C:\Users\james\Documents\Baseball-AI\NexGen-BBPro\data\boxscores\season\2026-08-13_WAS_at_CHA.html
2026-08-13,COL,BOS,5-4,1,C:\Users\james\Documents\Baseball-AI\NexGen-BBPro\data\boxscores\season\2026-08-13_BOS_at_COL.html
2026-08-13,MEM,SAN,0-1,1,C:\Users\james\Documents\Baseball-AI\NexGen-BBPro\data\boxscores\season\2026-08-13_SAN_at_MEM.html
2026-08-13,MIL,BAL,2-1,1,C:\Users\james\Documents\Baseball-AI\NexGen-BBPro\data\boxscores\season\2026-08-13_BAL_at_MIL.html
2026-08-13,NEW,LOS,2-3,1,C:\Users\james\Documents\Baseball-AI\NexGen-BBPro\data\boxscores\season\2026-08-13_LOS_at_NEW.html
2026-08-13,PHO,ALB,1-9,1,C:\Users\james\Documents\Baseball-AI\NexGen-BBPro\data\boxscores\season\2026-08-13_ALB_at_PHO.html
2026-08-14,CHA,WAS,2-3,1,C:\Users\james\Documents\Baseball-AI\NexGen-BBPro\data\boxscores\season\2026-08-14_WAS_at_CHA.html
2026-08-14,COL,BOS,1-2,1,C:\Users\james\Documents\Baseball-AI\NexGen-BBPro\data\boxscores\season\2026-08-14_BOS_at_COL.html
2026-08-14,MEM,SAN,6-1,1,C:\Users\james\Documents\Baseball-AI\NexGen-BBPro\data\boxscores\season\2026-08-14_SAN_at_MEM.html
2026-08-14,MIL,BAL,1-7,1,C:\Users\james\Documents\Baseball-AI\NexGen-BBPro\data\boxscores\season\2026-08-14_BAL_at_MIL.html
2026-08-14,NEW,LOS,2-1,1,C:\Users\james\Documents\Baseball-AI\NexGen-BBPro\data\boxscores\season\2026-08-14_LOS_at_NEW.html
2026-08-14,PHO,ALB,1-3,1,C:\Users\james\Documents\Baseball-AI\NexGen-BBPro\data\boxscores\season\2026-08-14_ALB_at_PHO.html
2026-08-15,CHA,WAS,2-1,1,C:\Users\james\Documents\Baseball-AI\NexGen-BBPro\data\boxscores\season\2026-08-15_WAS_at_CHA.html
2026-08-15,COL,BOS,7-8,1,C:\Users\james\Documents\Baseball-AI\NexGen-BBPro\data\boxscores\season\2026-08-15_BOS_at_COL.html
2026-08-15,MEM,SAN,4-7,1,C:\Users\james\Documents\Baseball-AI\NexGen-BBPro\data\boxscores\season\2026-08-15_SAN_at_MEM.html
2026-08-15,MIL,BAL,4-6,1,C:\Users\james\Documents\Baseball-AI\NexGen-BBPro\data\boxscores\season\2026-08-15_BAL_at_MIL.html
2026-08-15,NEW,LOS,1-3,1,C:\Users\james\Documents\Baseball-AI\NexGen-BBPro\data\boxscores\season\2026-08-15_LOS_at_NEW.html
2026-08-15,PHO,ALB,3-2,1,C:\Users\james\Documents\Baseball-AI\NexGen-BBPro\data\boxscores\season\2026-08-15_ALB_at_PHO.html
2026-08-16,CHA,WAS,3-9,1,C:\Users\james\Documents\Baseball-AI\NexGen-BBPro\data\boxscores\season\2026-08-16_WAS_at_CHA.html
2026-08-16,COL,BOS,2-4,1,C:\Users\james\Documents\Baseball-AI\NexGen-BBPro\data\boxscores\season\2026-08-16_BOS_at_COL.html
2026-08-16,MEM,SAN,3-0,1,C:\Users\james\Documents\Baseball-AI\NexGen-BBPro\data\boxscores\season\2026-08-16_SAN_at_MEM.html
2026-08-16,MIL,BAL,3-9,1,C:\Users\james\Documents\Baseball-AI\NexGen-BBPro\data\boxscores\season\2026-08-16_BAL_at_MIL.html
2026-08-16,NEW,LOS,4-0,1,C:\Users\james\Documents\Baseball-AI\NexGen-BBPro\data\boxscores\season\2026-08-16_LOS_at_NEW.html
2026-08-16,PHO,ALB,2-4,1,C:\Users\james\Documents\Baseball-AI\NexGen-BBPro\data\boxscores\season\2026-08-16_ALB_at_PHO.html
2026-08-18,ALB,LOS,2-4,1,C:\Users\james\Documents\Baseball-AI\NexGen-BBPro\data\boxscores\season\2026-08-18_LOS_at_ALB.html
2026-08-18,BAL,CHA,6-5,1,C:\Users\james\Documents\Baseball-AI\NexGen-BBPro\data\boxscores\season\2026-08-18_CHA_at_BAL.html
2026-08-18,BOS,MIL,3-1,1,C:\Users\james\Documents\Baseball-AI\NexGen-BBPro\data\boxscores\season\2026-08-18_MIL_at_BOS.html
2026-08-18,NEW,COL,3-6,1,C:\Users\james\Documents\Baseball-AI\NexGen-BBPro\data\boxscores\season\2026-08-18_COL_at_NEW.html
2026-08-18,SAN,PHO,1-2,1,C:\Users\james\Documents\Baseball-AI\NexGen-BBPro\data\boxscores\season\2026-08-18_PHO_at_SAN.html
2026-08-18,WAS,MEM,2-4,1,C:\Users\james\Documents\Baseball-AI\NexGen-BBPro\data\boxscores\season\2026-08-18_MEM_at_WAS.html
2026-08-19,ALB,LOS,4-1,1,C:\Users\james\Documents\Baseball-AI\NexGen-BBPro\data\boxscores\season\2026-08-19_LOS_at_ALB.html
2026-08-19,BAL,CHA,5-2,1,C:\Users\james\Documents\Baseball-AI\NexGen-BBPro\data\boxscores\season\2026-08-19_CHA_at_BAL.html
2026-08-19,BOS,MIL,2-1,1,C:\Users\james\Documents\Baseball-AI\NexGen-BBPro\data\boxscores\season\2026-08-19_MIL_at_BOS.html
2026-08-19,NEW,COL,1-4,1,C:\Users\james\Documents\Baseball-AI\NexGen-BBPro\data\boxscores\season\2026-08-19_COL_at_NEW.html
2026-08-19,SAN,PHO,8-2,1,C:\Users\james\Documents\Baseball-AI\NexGen-BBPro\data\boxscores\season\2026-08-19_PHO_at_SAN.html
2026-08-19,WAS,MEM,6-7,1,C:\Users\james\Documents\Baseball-AI\NexGen-BBPro\data\boxscores\season\2026-08-19_MEM_at_WAS.html
2026-08-20,ALB,LOS,5-7,1,C:\Users\james\Documents\Baseball-AI\NexGen-BBPro\data\boxscores\season\2026-08-20_LOS_at_ALB.html
2026-08-20,BAL,CHA,6-5,1,C:\Users\james\Documents\Baseball-AI\NexGen-BBPro\data\boxscores\season\2026-08-20_CHA_at_BAL.html
2026-08-20,BOS,MIL,5-4,1,C:\Users\james\Documents\Baseball-AI\NexGen-BBPro\data\boxscores\season\2026-08-20_MIL_at_BOS.html
2026-08-20,NEW,COL,6-4,1,C:\Users\james\Documents\Baseball-AI\NexGen-BBPro\data\boxscores\season\2026-08-20_COL_at_NEW.html
2026-08-20,SAN,PHO,6-3,1,C:\Users\james\Documents\Baseball-AI\NexGen-BBPro\data\boxscores\season\2026-08-20_PHO_at_SAN.html
2026-08-20,WAS,MEM,3-4,1,C:\Users\james\Documents\Baseball-AI\NexGen-BBPro\data\boxscores\season\2026-08-20_MEM_at_WAS.html
2026-08-22,CHA,BAL,5-3,1,C:\Users\james\Documents\Baseball-AI\NexGen-BBPro\data\boxscores\season\2026-08-22_BAL_at_CHA.html
2026-08-22,COL,NEW,4-5,1,C:\Users\james\Documents\Baseball-AI\NexGen-BBPro\data\boxscores\season\2026-08-22_NEW_at_COL.html
2026-08-22,LOS,ALB,2-0,1,C:\Users\james\Documents\Baseball-AI\NexGen-BBPro\data\boxscores\season\2026-08-22_ALB_at_LOS.html
2026-08-22,MEM,WAS,0-6,1,C:\Users\james\Documents\Baseball-AI\NexGen-BBPro\data\boxscores\season\2026-08-22_WAS_at_MEM.html
2026-08-22,MIL,BOS,9-8,1,C:\Users\james\Documents\Baseball-AI\NexGen-BBPro\data\boxscores\season\2026-08-22_BOS_at_MIL.html
2026-08-22,PHO,SAN,7-2,1,C:\Users\james\Documents\Baseball-AI\NexGen-BBPro\data\boxscores\season\2026-08-22_SAN_at_PHO.html
2026-08-23,CHA,BAL,0-6,1,C:\Users\james\Documents\Baseball-AI\NexGen-BBPro\data\boxscores\season\2026-08-23_BAL_at_CHA.html
2026-08-23,COL,NEW,7-4,1,C:\Users\james\Documents\Baseball-AI\NexGen-BBPro\data\boxscores\season\2026-08-23_NEW_at_COL.html
2026-08-23,LOS,ALB,4-3,1,C:\Users\james\Documents\Baseball-AI\NexGen-BBPro\data\boxscores\season\2026-08-23_ALB_at_LOS.html
2026-08-23,MEM,WAS,5-4,1,C:\Users\james\Documents\Baseball-AI\NexGen-BBPro\data\boxscores\season\2026-08-23_WAS_at_MEM.html
2026-08-23,MIL,BOS,2-1,1,C:\Users\james\Documents\Baseball-AI\NexGen-BBPro\data\boxscores\season\2026-08-23_BOS_at_MIL.html
2026-08-23,PHO,SAN,7-3,1,C:\Users\james\Documents\Baseball-AI\NexGen-BBPro\data\boxscores\season\2026-08-23_SAN_at_PHO.html
2026-08-24,CHA,BAL,3-0,1,C:\Users\james\Documents\Baseball-AI\NexGen-BBPro\data\boxscores\season\2026-08-24_BAL_at_CHA.html
2026-08-24,COL,NEW,6-1,1,C:\Users\james\Documents\Baseball-AI\NexGen-BBPro\data\boxscores\season\2026-08-24_NEW_at_COL.html
2026-08-24,LOS,ALB,5-9,1,C:\Users\james\Documents\Baseball-AI\NexGen-BBPro\data\boxscores\season\2026-08-24_ALB_at_LOS.html
2026-08-24,MEM,WAS,13-7,1,C:\Users\james\Documents\Baseball-AI\NexGen-BBPro\data\boxscores\season\2026-08-24_WAS_at_MEM.html
2026-08-24,MIL,BOS,7-4,1,C:\Users\james\Documents\Baseball-AI\NexGen-BBPro\data\boxscores\season\2026-08-24_BOS_at_MIL.html
2026-08-24,PHO,SAN,4-8,1,C:\Users\james\Documents\Baseball-AI\NexGen-BBPro\data\boxscores\season\2026-08-24_SAN_at_PHO.html
2026-08-25,CHA,BAL,6-5,1,C:\Users\james\Documents\Baseball-AI\NexGen-BBPro\data\boxscores\season\2026-08-25_BAL_at_CHA.html
2026-08-25,COL,NEW,5-4,1,C:\Users\james\Documents\Baseball-AI\NexGen-BBPro\data\boxscores\season\2026-08-25_NEW_at_COL.html
2026-08-25,LOS,ALB,6-5,1,C:\Users\james\Documents\Baseball-AI\NexGen-BBPro\data\boxscores\season\2026-08-25_ALB_at_LOS.html
2026-08-25,MEM,WAS,4-2,1,C:\Users\james\Documents\Baseball-AI\NexGen-BBPro\data\boxscores\season\2026-08-25_WAS_at_MEM.html
2026-08-25,MIL,BOS,5-8,1,C:\Users\james\Documents\Baseball-AI\NexGen-BBPro\data\boxscores\season\2026-08-25_BOS_at_MIL.html
2026-08-25,PHO,SAN,3-7,1,C:\Users\james\Documents\Baseball-AI\NexGen-BBPro\data\boxscores\season\2026-08-25_SAN_at_PHO.html
2026-08-27,ALB,NEW,2-3,1,C:\Users\james\Documents\Baseball-AI\NexGen-BBPro\data\boxscores\season\2026-08-27_NEW_at_ALB.html
2026-08-27,BAL,MEM,3-2,1,C:\Users\james\Documents\Baseball-AI\NexGen-BBPro\data\boxscores\season\2026-08-27_MEM_at_BAL.html
2026-08-27,BOS,CHA,4-2,1,C:\Users\james\Documents\Baseball-AI\NexGen-BBPro\data\boxscores\season\2026-08-27_CHA_at_BOS.html
2026-08-27,COL,MIL,2-4,1,C:\Users\james\Documents\Baseball-AI\NexGen-BBPro\data\boxscores\season\2026-08-27_MIL_at_COL.html
2026-08-27,SAN,LOS,3-8,1,C:\Users\james\Documents\Baseball-AI\NexGen-BBPro\data\boxscores\season\2026-08-27_LOS_at_SAN.html
2026-08-27,WAS,PHO,7-6,1,C:\Users\james\Documents\Baseball-AI\NexGen-BBPro\data\boxscores\season\2026-08-27_PHO_at_WAS.html
2026-08-28,ALB,NEW,0-4,1,C:\Users\james\Documents\Baseball-AI\NexGen-BBPro\data\boxscores\season\2026-08-28_NEW_at_ALB.html
2026-08-28,BAL,MEM,2-0,1,C:\Users\james\Documents\Baseball-AI\NexGen-BBPro\data\boxscores\season\2026-08-28_MEM_at_BAL.html
2026-08-28,BOS,CHA,6-5,1,C:\Users\james\Documents\Baseball-AI\NexGen-BBPro\data\boxscores\season\2026-08-28_CHA_at_BOS.html
2026-08-28,COL,MIL,4-3,1,C:\Users\james\Documents\Baseball-AI\NexGen-BBPro\data\boxscores\season\2026-08-28_MIL_at_COL.html
2026-08-28,SAN,LOS,1-4,1,C:\Users\james\Documents\Baseball-AI\NexGen-BBPro\data\boxscores\season\2026-08-28_LOS_at_SAN.html
2026-08-28,WAS,PHO,2-1,1,C:\Users\james\Documents\Baseball-AI\NexGen-BBPro\data\boxscores\season\2026-08-28_PHO_at_WAS.html
2026-08-29,ALB,NEW,5-4,1,C:\Users\james\Documents\Baseball-AI\NexGen-BBPro\data\boxscores\season\2026-08-29_NEW_at_ALB.html
2026-08-29,BAL,MEM,5-3,1,C:\Users\james\Documents\Baseball-AI\NexGen-BBPro\data\boxscores\season\2026-08-29_MEM_at_BAL.html
2026-08-29,BOS,CHA,0-8,1,C:\Users\james\Documents\Baseball-AI\NexGen-BBPro\data\boxscores\season\2026-08-29_CHA_at_BOS.html
2026-08-29,COL,MIL,1-11,1,C:\Users\james\Documents\Baseball-AI\NexGen-BBPro\data\boxscores\season\2026-08-29_MIL_at_COL.html
2026-08-29,SAN,LOS,7-6,1,C:\Users\james\Documents\Baseball-AI\NexGen-BBPro\data\boxscores\season\2026-08-29_LOS_at_SAN.html
2026-08-29,WAS,PHO,9-11,1,C:\Users\james\Documents\Baseball-AI\NexGen-BBPro\data\boxscores\season\2026-08-29_PHO_at_WAS.html
2026-08-31,CHA,BOS,4-1,1,C:\Users\james\Documents\Baseball-AI\NexGen-BBPro\data\boxscores\season\2026-08-31_BOS_at_CHA.html
2026-08-31,LOS,SAN,3-2,1,C:\Users\james\Documents\Baseball-AI\NexGen-BBPro\data\boxscores\season\2026-08-31_SAN_at_LOS.html
2026-08-31,MEM,BAL,3-1,1,C:\Users\james\Documents\Baseball-AI\NexGen-BBPro\data\boxscores\season\2026-08-31_BAL_at_MEM.html
2026-08-31,MIL,COL,5-4,1,C:\Users\james\Documents\Baseball-AI\NexGen-BBPro\data\boxscores\season\2026-08-31_COL_at_MIL.html
2026-08-31,NEW,ALB,4-3,1,C:\Users\james\Documents\Baseball-AI\NexGen-BBPro\data\boxscores\season\2026-08-31_ALB_at_NEW.html
2026-08-31,PHO,WAS,8-1,1,C:\Users\james\Documents\Baseball-AI\NexGen-BBPro\data\boxscores\season\2026-08-31_WAS_at_PHO.html
2026-09-01,CHA,BOS,1-6,1,C:\Users\james\Documents\Baseball-AI\NexGen-BBPro\data\boxscores\season\2026-09-01_BOS_at_CHA.html
2026-09-01,LOS,SAN,2-3,1,C:\Users\james\Documents\Baseball-AI\NexGen-BBPro\data\boxscores\season\2026-09-01_SAN_at_LOS.html
2026-09-01,MEM,BAL,1-5,1,C:\Users\james\Documents\Baseball-AI\NexGen-BBPro\data\boxscores\season\2026-09-01_BAL_at_MEM.html
2026-09-01,MIL,COL,2-9,1,C:\Users\james\Documents\Baseball-AI\NexGen-BBPro\data\boxscores\season\2026-09-01_COL_at_MIL.html
2026-09-01,NEW,ALB,1-0,1,C:\Users\james\Documents\Baseball-AI\NexGen-BBPro\data\boxscores\season\2026-09-01_ALB_at_NEW.html
2026-09-01,PHO,WAS,2-6,1,C:\Users\james\Documents\Baseball-AI\NexGen-BBPro\data\boxscores\season\2026-09-01_WAS_at_PHO.html
2026-09-02,CHA,BOS,1-3,1,C:\Users\james\Documents\Baseball-AI\NexGen-BBPro\data\boxscores\season\2026-09-02_BOS_at_CHA.html
2026-09-02,LOS,SAN,5-0,1,C:\Users\james\Documents\Baseball-AI\NexGen-BBPro\data\boxscores\season\2026-09-02_SAN_at_LOS.html
2026-09-02,MEM,BAL,2-3,1,C:\Users\james\Documents\Baseball-AI\NexGen-BBPro\data\boxscores\season\2026-09-02_BAL_at_MEM.html
2026-09-02,MIL,COL,4-0,1,C:\Users\james\Documents\Baseball-AI\NexGen-BBPro\data\boxscores\season\2026-09-02_COL_at_MIL.html
2026-09-02,NEW,ALB,3-2,1,C:\Users\james\Documents\Baseball-AI\NexGen-BBPro\data\boxscores\season\2026-09-02_ALB_at_NEW.html
2026-09-02,PHO,WAS,6-3,1,C:\Users\james\Documents\Baseball-AI\NexGen-BBPro\data\boxscores\season\2026-09-02_WAS_at_PHO.html
2026-09-03,CHA,BOS,6-2,1,C:\Users\james\Documents\Baseball-AI\NexGen-BBPro\data\boxscores\season\2026-09-03_BOS_at_CHA.html
2026-09-03,LOS,SAN,4-6,1,C:\Users\james\Documents\Baseball-AI\NexGen-BBPro\data\boxscores\season\2026-09-03_SAN_at_LOS.html
2026-09-03,MEM,BAL,6-1,1,C:\Users\james\Documents\Baseball-AI\NexGen-BBPro\data\boxscores\season\2026-09-03_BAL_at_MEM.html
2026-09-03,MIL,COL,1-0,1,C:\Users\james\Documents\Baseball-AI\NexGen-BBPro\data\boxscores\season\2026-09-03_COL_at_MIL.html
2026-09-03,NEW,ALB,3-2,1,C:\Users\james\Documents\Baseball-AI\NexGen-BBPro\data\boxscores\season\2026-09-03_ALB_at_NEW.html
2026-09-03,PHO,WAS,3-5,1,C:\Users\james\Documents\Baseball-AI\NexGen-BBPro\data\boxscores\season\2026-09-03_WAS_at_PHO.html
2026-09-05,BAL,PHO,6-10,1,C:\Users\james\Documents\Baseball-AI\NexGen-BBPro\data\boxscores\season\2026-09-05_PHO_at_BAL.html
2026-09-05,BOS,MEM,4-5,1,C:\Users\james\Documents\Baseball-AI\NexGen-BBPro\data\boxscores\season\2026-09-05_MEM_at_BOS.html
2026-09-05,COL,CHA,3-10,1,C:\Users\james\Documents\Baseball-AI\NexGen-BBPro\data\boxscores\season\2026-09-05_CHA_at_COL.html
2026-09-05,NEW,MIL,2-0,1,C:\Users\james\Documents\Baseball-AI\NexGen-BBPro\data\boxscores\season\2026-09-05_MIL_at_NEW.html
2026-09-05,SAN,ALB,1-2,1,C:\Users\james\Documents\Baseball-AI\NexGen-BBPro\data\boxscores\season\2026-09-05_ALB_at_SAN.html
2026-09-05,WAS,LOS,3-1,1,C:\Users\james\Documents\Baseball-AI\NexGen-BBPro\data\boxscores\season\2026-09-05_LOS_at_WAS.html
2026-09-06,BAL,PHO,7-3,1,C:\Users\james\Documents\Baseball-AI\NexGen-BBPro\data\boxscores\season\2026-09-06_PHO_at_BAL.html
2026-09-06,BOS,MEM,4-6,1,C:\Users\james\Documents\Baseball-AI\NexGen-BBPro\data\boxscores\season\2026-09-06_MEM_at_BOS.html
2026-09-06,COL,CHA,3-0,1,C:\Users\james\Documents\Baseball-AI\NexGen-BBPro\data\boxscores\season\2026-09-06_CHA_at_COL.html
2026-09-06,NEW,MIL,0-8,1,C:\Users\james\Documents\Baseball-AI\NexGen-BBPro\data\boxscores\season\2026-09-06_MIL_at_NEW.html
2026-09-06,SAN,ALB,6-4,1,C:\Users\james\Documents\Baseball-AI\NexGen-BBPro\data\boxscores\season\2026-09-06_ALB_at_SAN.html
2026-09-06,WAS,LOS,0-4,1,C:\Users\james\Documents\Baseball-AI\NexGen-BBPro\data\boxscores\season\2026-09-06_LOS_at_WAS.html
2026-09-07,BAL,PHO,6-9,1,C:\Users\james\Documents\Baseball-AI\NexGen-BBPro\data\boxscores\season\2026-09-07_PHO_at_BAL.html
2026-09-07,BOS,MEM,9-1,1,C:\Users\james\Documents\Baseball-AI\NexGen-BBPro\data\boxscores\season\2026-09-07_MEM_at_BOS.html
2026-09-07,COL,CHA,1-4,1,C:\Users\james\Documents\Baseball-AI\NexGen-BBPro\data\boxscores\season\2026-09-07_CHA_at_COL.html
2026-09-07,NEW,MIL,2-3,1,C:\Users\james\Documents\Baseball-AI\NexGen-BBPro\data\boxscores\season\2026-09-07_MIL_at_NEW.html
2026-09-07,SAN,ALB,6-7,1,C:\Users\james\Documents\Baseball-AI\NexGen-BBPro\data\boxscores\season\2026-09-07_ALB_at_SAN.html
2026-09-07,WAS,LOS,2-12,1,C:\Users\james\Documents\Baseball-AI\NexGen-BBPro\data\boxscores\season\2026-09-07_LOS_at_WAS.html
2026-09-09,ALB,SAN,2-7,1,C:\Users\james\Documents\Baseball-AI\NexGen-BBPro\data\boxscores\season\2026-09-09_SAN_at_ALB.html
2026-09-09,CHA,COL,4-0,1,C:\Users\james\Documents\Baseball-AI\NexGen-BBPro\data\boxscores\season\2026-09-09_COL_at_CHA.html
2026-09-09,LOS,WAS,1-2,1,C:\Users\james\Documents\Baseball-AI\NexGen-BBPro\data\boxscores\season\2026-09-09_WAS_at_LOS.html
2026-09-09,MEM,BOS,5-4,1,C:\Users\james\Documents\Baseball-AI\NexGen-BBPro\data\boxscores\season\2026-09-09_BOS_at_MEM.html
2026-09-09,MIL,NEW,3-5,1,C:\Users\james\Documents\Baseball-AI\NexGen-BBPro\data\boxscores\season\2026-09-09_NEW_at_MIL.html
2026-09-09,PHO,BAL,5-2,1,C:\Users\james\Documents\Baseball-AI\NexGen-BBPro\data\boxscores\season\2026-09-09_BAL_at_PHO.html
2026-09-10,ALB,SAN,6-5,1,C:\Users\james\Documents\Baseball-AI\NexGen-BBPro\data\boxscores\season\2026-09-10_SAN_at_ALB.html
2026-09-10,CHA,COL,4-0,1,C:\Users\james\Documents\Baseball-AI\NexGen-BBPro\data\boxscores\season\2026-09-10_COL_at_CHA.html
2026-09-10,LOS,WAS,4-5,1,C:\Users\james\Documents\Baseball-AI\NexGen-BBPro\data\boxscores\season\2026-09-10_WAS_at_LOS.html
2026-09-10,MEM,BOS,5-6,1,C:\Users\james\Documents\Baseball-AI\NexGen-BBPro\data\boxscores\season\2026-09-10_BOS_at_MEM.html
2026-09-10,MIL,NEW,4-5,1,C:\Users\james\Documents\Baseball-AI\NexGen-BBPro\data\boxscores\season\2026-09-10_NEW_at_MIL.html
2026-09-10,PHO,BAL,5-3,1,C:\Users\james\Documents\Baseball-AI\NexGen-BBPro\data\boxscores\season\2026-09-10_BAL_at_PHO.html
2026-09-11,ALB,SAN,8-6,1,C:\Users\james\Documents\Baseball-AI\NexGen-BBPro\data\boxscores\season\2026-09-11_SAN_at_ALB.html
2026-09-11,CHA,COL,4-9,1,C:\Users\james\Documents\Baseball-AI\NexGen-BBPro\data\boxscores\season\2026-09-11_COL_at_CHA.html
2026-09-11,LOS,WAS,0-2,1,C:\Users\james\Documents\Baseball-AI\NexGen-BBPro\data\boxscores\season\2026-09-11_WAS_at_LOS.html
2026-09-11,MEM,BOS,2-5,1,C:\Users\james\Documents\Baseball-AI\NexGen-BBPro\data\boxscores\season\2026-09-11_BOS_at_MEM.html
2026-09-11,MIL,NEW,4-0,1,C:\Users\james\Documents\Baseball-AI\NexGen-BBPro\data\boxscores\season\2026-09-11_NEW_at_MIL.html
2026-09-11,PHO,BAL,1-0,1,C:\Users\james\Documents\Baseball-AI\NexGen-BBPro\data\boxscores\season\2026-09-11_BAL_at_PHO.html
2026-09-12,ALB,SAN,2-1,1,C:\Users\james\Documents\Baseball-AI\NexGen-BBPro\data\boxscores\season\2026-09-12_SAN_at_ALB.html
2026-09-12,CHA,COL,1-6,1,C:\Users\james\Documents\Baseball-AI\NexGen-BBPro\data\boxscores\season\2026-09-12_COL_at_CHA.html
2026-09-12,LOS,WAS,5-4,1,C:\Users\james\Documents\Baseball-AI\NexGen-BBPro\data\boxscores\season\2026-09-12_WAS_at_LOS.html
2026-09-12,MEM,BOS,7-6,1,C:\Users\james\Documents\Baseball-AI\NexGen-BBPro\data\boxscores\season\2026-09-12_BOS_at_MEM.html
2026-09-12,MIL,NEW,2-3,1,C:\Users\james\Documents\Baseball-AI\NexGen-BBPro\data\boxscores\season\2026-09-12_NEW_at_MIL.html
2026-09-12,PHO,BAL,6-3,1,C:\Users\james\Documents\Baseball-AI\NexGen-BBPro\data\boxscores\season\2026-09-12_BAL_at_PHO.html
2026-09-14,BAL,LOS,3-4,1,C:\Users\james\Documents\Baseball-AI\NexGen-BBPro\data\boxscores\season\2026-09-14_LOS_at_BAL.html
2026-09-14,BOS,PHO,3-8,1,C:\Users\james\Documents\Baseball-AI\NexGen-BBPro\data\boxscores\season\2026-09-14_PHO_at_BOS.html
2026-09-14,COL,MEM,7-1,1,C:\Users\james\Documents\Baseball-AI\NexGen-BBPro\data\boxscores\season\2026-09-14_MEM_at_COL.html
2026-09-14,MIL,CHA,8-5,1,C:\Users\james\Documents\Baseball-AI\NexGen-BBPro\data\boxscores\season\2026-09-14_CHA_at_MIL.html
2026-09-14,SAN,NEW,6-10,1,C:\Users\james\Documents\Baseball-AI\NexGen-BBPro\data\boxscores\season\2026-09-14_NEW_at_SAN.html
2026-09-14,WAS,ALB,0-1,1,C:\Users\james\Documents\Baseball-AI\NexGen-BBPro\data\boxscores\season\2026-09-14_ALB_at_WAS.html
2026-09-15,BAL,LOS,1-9,1,C:\Users\james\Documents\Baseball-AI\NexGen-BBPro\data\boxscores\season\2026-09-15_LOS_at_BAL.html
2026-09-15,BOS,PHO,0-6,1,C:\Users\james\Documents\Baseball-AI\NexGen-BBPro\data\boxscores\season\2026-09-15_PHO_at_BOS.html
2026-09-15,COL,MEM,6-7,1,C:\Users\james\Documents\Baseball-AI\NexGen-BBPro\data\boxscores\season\2026-09-15_MEM_at_COL.html
2026-09-15,MIL,CHA,4-6,1,C:\Users\james\Documents\Baseball-AI\NexGen-BBPro\data\boxscores\season\2026-09-15_CHA_at_MIL.html
2026-09-15,SAN,NEW,6-0,1,C:\Users\james\Documents\Baseball-AI\NexGen-BBPro\data\boxscores\season\2026-09-15_NEW_at_SAN.html
2026-09-15,WAS,ALB,6-2,1,C:\Users\james\Documents\Baseball-AI\NexGen-BBPro\data\boxscores\season\2026-09-15_ALB_at_WAS.html
2026-09-16,BAL,LOS,2-0,1,C:\Users\james\Documents\Baseball-AI\NexGen-BBPro\data\boxscores\season\2026-09-16_LOS_at_BAL.html
2026-09-16,BOS,PHO,5-4,1,C:\Users\james\Documents\Baseball-AI\NexGen-BBPro\data\boxscores\season\2026-09-16_PHO_at_BOS.html
2026-09-16,COL,MEM,4-2,1,C:\Users\james\Documents\Baseball-AI\NexGen-BBPro\data\boxscores\season\2026-09-16_MEM_at_COL.html
2026-09-16,MIL,CHA,0-1,1,C:\Users\james\Documents\Baseball-AI\NexGen-BBPro\data\boxscores\season\2026-09-16_CHA_at_MIL.html
2026-09-16,SAN,NEW,5-7,1,C:\Users\james\Documents\Baseball-AI\NexGen-BBPro\data\boxscores\season\2026-09-16_NEW_at_SAN.html
2026-09-16,WAS,ALB,2-3,1,C:\Users\james\Documents\Baseball-AI\NexGen-BBPro\data\boxscores\season\2026-09-16_ALB_at_WAS.html
2026-09-18,ALB,WAS,3-5,1,C:\Users\james\Documents\Baseball-AI\NexGen-BBPro\data\boxscores\season\2026-09-18_WAS_at_ALB.html
2026-09-18,CHA,MIL,1-2,1,C:\Users\james\Documents\Baseball-AI\NexGen-BBPro\data\boxscores\season\2026-09-18_MIL_at_CHA.html
2026-09-18,LOS,BAL,9-2,1,C:\Users\james\Documents\Baseball-AI\NexGen-BBPro\data\boxscores\season\2026-09-18_BAL_at_LOS.html
2026-09-18,MEM,COL,3-6,1,C:\Users\james\Documents\Baseball-AI\NexGen-BBPro\data\boxscores\season\2026-09-18_COL_at_MEM.html
2026-09-18,NEW,SAN,3-4,1,C:\Users\james\Documents\Baseball-AI\NexGen-BBPro\data\boxscores\season\2026-09-18_SAN_at_NEW.html
2026-09-18,PHO,BOS,5-2,1,C:\Users\james\Documents\Baseball-AI\NexGen-BBPro\data\boxscores\season\2026-09-18_BOS_at_PHO.html
2026-09-19,ALB,WAS,7-6,1,C:\Users\james\Documents\Baseball-AI\NexGen-BBPro\data\boxscores\season\2026-09-19_WAS_at_ALB.html
2026-09-19,CHA,MIL,5-3,1,C:\Users\james\Documents\Baseball-AI\NexGen-BBPro\data\boxscores\season\2026-09-19_MIL_at_CHA.html
2026-09-19,LOS,BAL,2-0,1,C:\Users\james\Documents\Baseball-AI\NexGen-BBPro\data\boxscores\season\2026-09-19_BAL_at_LOS.html
2026-09-19,MEM,COL,1-3,1,C:\Users\james\Documents\Baseball-AI\NexGen-BBPro\data\boxscores\season\2026-09-19_COL_at_MEM.html
2026-09-19,NEW,SAN,0-4,1,C:\Users\james\Documents\Baseball-AI\NexGen-BBPro\data\boxscores\season\2026-09-19_SAN_at_NEW.html
2026-09-19,PHO,BOS,5-4,1,C:\Users\james\Documents\Baseball-AI\NexGen-BBPro\data\boxscores\season\2026-09-19_BOS_at_PHO.html
2026-09-20,ALB,WAS,7-6,1,C:\Users\james\Documents\Baseball-AI\NexGen-BBPro\data\boxscores\season\2026-09-20_WAS_at_ALB.html
2026-09-20,CHA,MIL,0-3,1,C:\Users\james\Documents\Baseball-AI\NexGen-BBPro\data\boxscores\season\2026-09-20_MIL_at_CHA.html
2026-09-20,LOS,BAL,3-4,1,C:\Users\james\Documents\Baseball-AI\NexGen-BBPro\data\boxscores\season\2026-09-20_BAL_at_LOS.html
2026-09-20,MEM,COL,5-3,1,C:\Users\james\Documents\Baseball-AI\NexGen-BBPro\data\boxscores\season\2026-09-20_COL_at_MEM.html
2026-09-20,NEW,SAN,2-0,1,C:\Users\james\Documents\Baseball-AI\NexGen-BBPro\data\boxscores\season\2026-09-20_SAN_at_NEW.html
2026-09-20,PHO,BOS,5-3,1,C:\Users\james\Documents\Baseball-AI\NexGen-BBPro\data\boxscores\season\2026-09-20_BOS_at_PHO.html
2026-09-21,ALB,WAS,2-6,1,C:\Users\james\Documents\Baseball-AI\NexGen-BBPro\data\boxscores\season\2026-09-21_WAS_at_ALB.html
2026-09-21,CHA,MIL,3-2,1,C:\Users\james\Documents\Baseball-AI\NexGen-BBPro\data\boxscores\season\2026-09-21_MIL_at_CHA.html
2026-09-21,LOS,BAL,3-7,1,C:\Users\james\Documents\Baseball-AI\NexGen-BBPro\data\boxscores\season\2026-09-21_BAL_at_LOS.html
2026-09-21,MEM,COL,2-6,1,C:\Users\james\Documents\Baseball-AI\NexGen-BBPro\data\boxscores\season\2026-09-21_COL_at_MEM.html
2026-09-21,NEW,SAN,3-2,1,C:\Users\james\Documents\Baseball-AI\NexGen-BBPro\data\boxscores\season\2026-09-21_SAN_at_NEW.html
2026-09-21,PHO,BOS,6-2,1,C:\Users\james\Documents\Baseball-AI\NexGen-BBPro\data\boxscores\season\2026-09-21_BOS_at_PHO.html
2026-09-23,BAL,ALB,8-2,1,C:\Users\james\Documents\Baseball-AI\NexGen-BBPro\data\boxscores\season\2026-09-23_ALB_at_BAL.html
2026-09-23,BOS,LOS,1-9,1,C:\Users\james\Documents\Baseball-AI\NexGen-BBPro\data\boxscores\season\2026-09-23_LOS_at_BOS.html
2026-09-23,COL,PHO,6-4,1,C:\Users\james\Documents\Baseball-AI\NexGen-BBPro\data\boxscores\season\2026-09-23_PHO_at_COL.html
2026-09-23,MIL,MEM,8-2,1,C:\Users\james\Documents\Baseball-AI\NexGen-BBPro\data\boxscores\season\2026-09-23_MEM_at_MIL.html
2026-09-23,NEW,CHA,5-3,1,C:\Users\james\Documents\Baseball-AI\NexGen-BBPro\data\boxscores\season\2026-09-23_CHA_at_NEW.html
2026-09-23,WAS,SAN,5-4,1,C:\Users\james\Documents\Baseball-AI\NexGen-BBPro\data\boxscores\season\2026-09-23_SAN_at_WAS.html
2026-09-24,BAL,ALB,3-2,1,C:\Users\james\Documents\Baseball-AI\NexGen-BBPro\data\boxscores\season\2026-09-24_ALB_at_BAL.html
2026-09-24,BOS,LOS,4-2,1,C:\Users\james\Documents\Baseball-AI\NexGen-BBPro\data\boxscores\season\2026-09-24_LOS_at_BOS.html
2026-09-24,COL,PHO,6-10,1,C:\Users\james\Documents\Baseball-AI\NexGen-BBPro\data\boxscores\season\2026-09-24_PHO_at_COL.html
2026-09-24,MIL,MEM,4-3,1,C:\Users\james\Documents\Baseball-AI\NexGen-BBPro\data\boxscores\season\2026-09-24_MEM_at_MIL.html
2026-09-24,NEW,CHA,4-6,1,C:\Users\james\Documents\Baseball-AI\NexGen-BBPro\data\boxscores\season\2026-09-24_CHA_at_NEW.html
2026-09-24,WAS,SAN,1-2,1,C:\Users\james\Documents\Baseball-AI\NexGen-BBPro\data\boxscores\season\2026-09-24_SAN_at_WAS.html
2026-09-25,BAL,ALB,3-6,1,C:\Users\james\Documents\Baseball-AI\NexGen-BBPro\data\boxscores\season\2026-09-25_ALB_at_BAL.html
2026-09-25,BOS,LOS,8-1,1,C:\Users\james\Documents\Baseball-AI\NexGen-BBPro\data\boxscores\season\2026-09-25_LOS_at_BOS.html
2026-09-25,COL,PHO,6-2,1,C:\Users\james\Documents\Baseball-AI\NexGen-BBPro\data\boxscores\season\2026-09-25_PHO_at_COL.html
2026-09-25,MIL,MEM,9-0,1,C:\Users\james\Documents\Baseball-AI\NexGen-BBPro\data\boxscores\season\2026-09-25_MEM_at_MIL.html
2026-09-25,NEW,CHA,5-2,1,C:\Users\james\Documents\Baseball-AI\NexGen-BBPro\data\boxscores\season\2026-09-25_CHA_at_NEW.html
2026-09-25,WAS,SAN,2-8,1,C:\Users\james\Documents\Baseball-AI\NexGen-BBPro\data\boxscores\season\2026-09-25_SAN_at_WAS.html
2026-09-27,ALB,BAL,5-2,1,C:\Users\james\Documents\Baseball-AI\NexGen-BBPro\data\boxscores\season\2026-09-27_BAL_at_ALB.html
2026-09-27,CHA,NEW,0-2,1,C:\Users\james\Documents\Baseball-AI\NexGen-BBPro\data\boxscores\season\2026-09-27_NEW_at_CHA.html
2026-09-27,LOS,BOS,2-1,1,C:\Users\james\Documents\Baseball-AI\NexGen-BBPro\data\boxscores\season\2026-09-27_BOS_at_LOS.html
2026-09-27,MEM,MIL,8-6,1,C:\Users\james\Documents\Baseball-AI\NexGen-BBPro\data\boxscores\season\2026-09-27_MIL_at_MEM.html
2026-09-27,PHO,COL,1-3,1,C:\Users\james\Documents\Baseball-AI\NexGen-BBPro\data\boxscores\season\2026-09-27_COL_at_PHO.html
2026-09-27,SAN,WAS,1-3,1,C:\Users\james\Documents\Baseball-AI\NexGen-BBPro\data\boxscores\season\2026-09-27_WAS_at_SAN.html
2026-09-28,ALB,BAL,6-2,1,C:\Users\james\Documents\Baseball-AI\NexGen-BBPro\data\boxscores\season\2026-09-28_BAL_at_ALB.html
2026-09-28,CHA,NEW,2-1,1,C:\Users\james\Documents\Baseball-AI\NexGen-BBPro\data\boxscores\season\2026-09-28_NEW_at_CHA.html
2026-09-28,LOS,BOS,2-5,1,C:\Users\james\Documents\Baseball-AI\NexGen-BBPro\data\boxscores\season\2026-09-28_BOS_at_LOS.html
2026-09-28,MEM,MIL,5-4,1,C:\Users\james\Documents\Baseball-AI\NexGen-BBPro\data\boxscores\season\2026-09-28_MIL_at_MEM.html
2026-09-28,PHO,COL,3-7,1,C:\Users\james\Documents\Baseball-AI\NexGen-BBPro\data\boxscores\season\2026-09-28_COL_at_PHO.html
2026-09-28,SAN,WAS,3-2,1,C:\Users\james\Documents\Baseball-AI\NexGen-BBPro\data\boxscores\season\2026-09-28_WAS_at_SAN.html
2026-09-29,ALB,BAL,2-1,1,C:\Users\james\Documents\Baseball-AI\NexGen-BBPro\data\boxscores\season\2026-09-29_BAL_at_ALB.html
2026-09-29,CHA,NEW,5-2,1,C:\Users\james\Documents\Baseball-AI\NexGen-BBPro\data\boxscores\season\2026-09-29_NEW_at_CHA.html
2026-09-29,LOS,BOS,3-4,1,C:\Users\james\Documents\Baseball-AI\NexGen-BBPro\data\boxscores\season\2026-09-29_BOS_at_LOS.html
2026-09-29,MEM,MIL,5-3,1,C:\Users\james\Documents\Baseball-AI\NexGen-BBPro\data\boxscores\season\2026-09-29_MIL_at_MEM.html
2026-09-29,PHO,COL,5-7,1,C:\Users\james\Documents\Baseball-AI\NexGen-BBPro\data\boxscores\season\2026-09-29_COL_at_PHO.html
2026-09-29,SAN,WAS,0-4,1,C:\Users\james\Documents\Baseball-AI\NexGen-BBPro\data\boxscores\season\2026-09-29_WAS_at_SAN.html
2026-09-30,ALB,BAL,3-2,1,C:\Users\james\Documents\Baseball-AI\NexGen-BBPro\data\boxscores\season\2026-09-30_BAL_at_ALB.html
2026-09-30,CHA,NEW,7-8,1,C:\Users\james\Documents\Baseball-AI\NexGen-BBPro\data\boxscores\season\2026-09-30_NEW_at_CHA.html
2026-09-30,LOS,BOS,2-1,1,C:\Users\james\Documents\Baseball-AI\NexGen-BBPro\data\boxscores\season\2026-09-30_BOS_at_LOS.html
2026-09-30,MEM,MIL,3-5,1,C:\Users\james\Documents\Baseball-AI\NexGen-BBPro\data\boxscores\season\2026-09-30_MIL_at_MEM.html
2026-09-30,PHO,COL,2-5,1,C:\Users\james\Documents\Baseball-AI\NexGen-BBPro\data\boxscores\season\2026-09-30_COL_at_PHO.html
2026-09-30,SAN,WAS,2-1,1,C:\Users\james\Documents\Baseball-AI\NexGen-BBPro\data\boxscores\season\2026-09-30_WAS_at_SAN.html
2026-10-02,BAL,SAN,1-2,1,C:\Users\james\Documents\Baseball-AI\NexGen-BBPro\data\boxscores\season\2026-10-02_SAN_at_BAL.html
2026-10-02,BOS,ALB,2-3,1,C:\Users\james\Documents\Baseball-AI\NexGen-BBPro\data\boxscores\season\2026-10-02_ALB_at_BOS.html
2026-10-02,CHA,MEM,1-0,1,C:\Users\james\Documents\Baseball-AI\NexGen-BBPro\data\boxscores\season\2026-10-02_MEM_at_CHA.html
2026-10-02,COL,LOS,5-6,1,C:\Users\james\Documents\Baseball-AI\NexGen-BBPro\data\boxscores\season\2026-10-02_LOS_at_COL.html
2026-10-02,MIL,PHO,5-3,1,C:\Users\james\Documents\Baseball-AI\NexGen-BBPro\data\boxscores\season\2026-10-02_PHO_at_MIL.html
2026-10-02,WAS,NEW,6-2,1,C:\Users\james\Documents\Baseball-AI\NexGen-BBPro\data\boxscores\season\2026-10-02_NEW_at_WAS.html
2026-10-03,BAL,SAN,6-5,1,C:\Users\james\Documents\Baseball-AI\NexGen-BBPro\data\boxscores\season\2026-10-03_SAN_at_BAL.html
2026-10-03,BOS,ALB,6-2,1,C:\Users\james\Documents\Baseball-AI\NexGen-BBPro\data\boxscores\season\2026-10-03_ALB_at_BOS.html
2026-10-03,CHA,MEM,3-2,1,C:\Users\james\Documents\Baseball-AI\NexGen-BBPro\data\boxscores\season\2026-10-03_MEM_at_CHA.html
2026-10-03,COL,LOS,4-5,1,C:\Users\james\Documents\Baseball-AI\NexGen-BBPro\data\boxscores\season\2026-10-03_LOS_at_COL.html
2026-10-03,MIL,PHO,9-1,1,C:\Users\james\Documents\Baseball-AI\NexGen-BBPro\data\boxscores\season\2026-10-03_PHO_at_MIL.html
2026-10-03,WAS,NEW,5-4,1,C:\Users\james\Documents\Baseball-AI\NexGen-BBPro\data\boxscores\season\2026-10-03_NEW_at_WAS.html
2026-10-04,BAL,SAN,9-4,1,C:\Users\james\Documents\Baseball-AI\NexGen-BBPro\data\boxscores\season\2026-10-04_SAN_at_BAL.html
2026-10-04,BOS,ALB,4-3,1,C:\Users\james\Documents\Baseball-AI\NexGen-BBPro\data\boxscores\season\2026-10-04_ALB_at_BOS.html
2026-10-04,CHA,MEM,2-1,1,C:\Users\james\Documents\Baseball-AI\NexGen-BBPro\data\boxscores\season\2026-10-04_MEM_at_CHA.html
2026-10-04,COL,LOS,4-3,1,C:\Users\james\Documents\Baseball-AI\NexGen-BBPro\data\boxscores\season\2026-10-04_LOS_at_COL.html
2026-10-04,MIL,PHO,2-6,1,C:\Users\james\Documents\Baseball-AI\NexGen-BBPro\data\boxscores\season\2026-10-04_PHO_at_MIL.html
2026-10-04,WAS,NEW,3-6,1,C:\Users\james\Documents\Baseball-AI\NexGen-BBPro\data\boxscores\season\2026-10-04_NEW_at_WAS.html
2026-10-06,ALB,BOS,8-7,1,C:\Users\james\Documents\Baseball-AI\NexGen-BBPro\data\boxscores\season\2026-10-06_BOS_at_ALB.html
2026-10-06,LOS,COL,6-3,1,C:\Users\james\Documents\Baseball-AI\NexGen-BBPro\data\boxscores\season\2026-10-06_COL_at_LOS.html
2026-10-06,MEM,CHA,0-5,1,C:\Users\james\Documents\Baseball-AI\NexGen-BBPro\data\boxscores\season\2026-10-06_CHA_at_MEM.html
2026-10-06,NEW,WAS,4-5,1,C:\Users\james\Documents\Baseball-AI\NexGen-BBPro\data\boxscores\season\2026-10-06_WAS_at_NEW.html
2026-10-06,PHO,MIL,2-3,1,C:\Users\james\Documents\Baseball-AI\NexGen-BBPro\data\boxscores\season\2026-10-06_MIL_at_PHO.html
2026-10-06,SAN,BAL,1-2,1,C:\Users\james\Documents\Baseball-AI\NexGen-BBPro\data\boxscores\season\2026-10-06_BAL_at_SAN.html
2026-10-07,ALB,BOS,1-2,1,C:\Users\james\Documents\Baseball-AI\NexGen-BBPro\data\boxscores\season\2026-10-07_BOS_at_ALB.html
2026-10-07,LOS,COL,2-4,1,C:\Users\james\Documents\Baseball-AI\NexGen-BBPro\data\boxscores\season\2026-10-07_COL_at_LOS.html
2026-10-07,MEM,CHA,1-2,1,C:\Users\james\Documents\Baseball-AI\NexGen-BBPro\data\boxscores\season\2026-10-07_CHA_at_MEM.html
2026-10-07,NEW,WAS,3-1,1,C:\Users\james\Documents\Baseball-AI\NexGen-BBPro\data\boxscores\season\2026-10-07_WAS_at_NEW.html
2026-10-07,PHO,MIL,1-10,1,C:\Users\james\Documents\Baseball-AI\NexGen-BBPro\data\boxscores\season\2026-10-07_MIL_at_PHO.html
2026-10-07,SAN,BAL,7-0,1,C:\Users\james\Documents\Baseball-AI\NexGen-BBPro\data\boxscores\season\2026-10-07_BAL_at_SAN.html
2026-10-08,ALB,BOS,3-4,1,C:\Users\james\Documents\Baseball-AI\NexGen-BBPro\data\boxscores\season\2026-10-08_BOS_at_ALB.html
2026-10-08,LOS,COL,2-5,1,C:\Users\james\Documents\Baseball-AI\NexGen-BBPro\data\boxscores\season\2026-10-08_COL_at_LOS.html
2026-10-08,MEM,CHA,3-0,1,C:\Users\james\Documents\Baseball-AI\NexGen-BBPro\data\boxscores\season\2026-10-08_CHA_at_MEM.html
2026-10-08,NEW,WAS,1-4,1,C:\Users\james\Documents\Baseball-AI\NexGen-BBPro\data\boxscores\season\2026-10-08_WAS_at_NEW.html
2026-10-08,PHO,MIL,3-2,1,C:\Users\james\Documents\Baseball-AI\NexGen-BBPro\data\boxscores\season\2026-10-08_MIL_at_PHO.html
2026-10-08,SAN,BAL,6-3,1,C:\Users\james\Documents\Baseball-AI\NexGen-BBPro\data\boxscores\season\2026-10-08_BAL_at_SAN.html
2026-10-10,BAL,WAS,4-9,1,C:\Users\james\Documents\Baseball-AI\NexGen-BBPro\data\boxscores\season\2026-10-10_WAS_at_BAL.html
2026-10-10,BOS,SAN,1-6,1,C:\Users\james\Documents\Baseball-AI\NexGen-BBPro\data\boxscores\season\2026-10-10_SAN_at_BOS.html
2026-10-10,CHA,PHO,5-3,1,C:\Users\james\Documents\Baseball-AI\NexGen-BBPro\data\boxscores\season\2026-10-10_PHO_at_CHA.html
2026-10-10,COL,ALB,4-3,1,C:\Users\james\Documents\Baseball-AI\NexGen-BBPro\data\boxscores\season\2026-10-10_ALB_at_COL.html
2026-10-10,MIL,LOS,8-6,1,C:\Users\james\Documents\Baseball-AI\NexGen-BBPro\data\boxscores\season\2026-10-10_LOS_at_MIL.html
2026-10-10,NEW,MEM,1-6,1,C:\Users\james\Documents\Baseball-AI\NexGen-BBPro\data\boxscores\season\2026-10-10_MEM_at_NEW.html
2026-10-11,BAL,WAS,2-1,1,C:\Users\james\Documents\Baseball-AI\NexGen-BBPro\data\boxscores\season\2026-10-11_WAS_at_BAL.html
2026-10-11,BOS,SAN,4-3,1,C:\Users\james\Documents\Baseball-AI\NexGen-BBPro\data\boxscores\season\2026-10-11_SAN_at_BOS.html
2026-10-11,CHA,PHO,4-6,1,C:\Users\james\Documents\Baseball-AI\NexGen-BBPro\data\boxscores\season\2026-10-11_PHO_at_CHA.html
2026-10-11,COL,ALB,4-7,1,C:\Users\james\Documents\Baseball-AI\NexGen-BBPro\data\boxscores\season\2026-10-11_ALB_at_COL.html
2026-10-11,MIL,LOS,5-4,1,C:\Users\james\Documents\Baseball-AI\NexGen-BBPro\data\boxscores\season\2026-10-11_LOS_at_MIL.html
2026-10-11,NEW,MEM,4-3,1,C:\Users\james\Documents\Baseball-AI\NexGen-BBPro\data\boxscores\season\2026-10-11_MEM_at_NEW.html
2026-10-12,BAL,WAS,5-3,1,C:\Users\james\Documents\Baseball-AI\NexGen-BBPro\data\boxscores\season\2026-10-12_WAS_at_BAL.html
2026-10-12,BOS,SAN,5-6,1,C:\Users\james\Documents\Baseball-AI\NexGen-BBPro\data\boxscores\season\2026-10-12_SAN_at_BOS.html
2026-10-12,CHA,PHO,7-3,1,C:\Users\james\Documents\Baseball-AI\NexGen-BBPro\data\boxscores\season\2026-10-12_PHO_at_CHA.html
2026-10-12,COL,ALB,5-4,1,C:\Users\james\Documents\Baseball-AI\NexGen-BBPro\data\boxscores\season\2026-10-12_ALB_at_COL.html
2026-10-12,MIL,LOS,2-4,1,C:\Users\james\Documents\Baseball-AI\NexGen-BBPro\data\boxscores\season\2026-10-12_LOS_at_MIL.html
2026-10-12,NEW,MEM,2-10,1,C:\Users\james\Documents\Baseball-AI\NexGen-BBPro\data\boxscores\season\2026-10-12_MEM_at_NEW.html
2026-10-14,ALB,COL,3-5,1,C:\Users\james\Documents\Baseball-AI\NexGen-BBPro\data\boxscores\season\2026-10-14_COL_at_ALB.html
2026-10-14,LOS,MIL,3-0,1,C:\Users\james\Documents\Baseball-AI\NexGen-BBPro\data\boxscores\season\2026-10-14_MIL_at_LOS.html
2026-10-14,MEM,NEW,2-1,1,C:\Users\james\Documents\Baseball-AI\NexGen-BBPro\data\boxscores\season\2026-10-14_NEW_at_MEM.html
2026-10-14,PHO,CHA,3-2,1,C:\Users\james\Documents\Baseball-AI\NexGen-BBPro\data\boxscores\season\2026-10-14_CHA_at_PHO.html
2026-10-14,SAN,BOS,5-4,1,C:\Users\james\Documents\Baseball-AI\NexGen-BBPro\data\boxscores\season\2026-10-14_BOS_at_SAN.html
2026-10-14,WAS,BAL,4-5,1,C:\Users\james\Documents\Baseball-AI\NexGen-BBPro\data\boxscores\season\2026-10-14_BAL_at_WAS.html
2026-10-15,ALB,COL,2-3,1,C:\Users\james\Documents\Baseball-AI\NexGen-BBPro\data\boxscores\season\2026-10-15_COL_at_ALB.html
2026-10-15,LOS,MIL,2-4,1,C:\Users\james\Documents\Baseball-AI\NexGen-BBPro\data\boxscores\season\2026-10-15_MIL_at_LOS.html
2026-10-15,MEM,NEW,3-8,1,C:\Users\james\Documents\Baseball-AI\NexGen-BBPro\data\boxscores\season\2026-10-15_NEW_at_MEM.html
2026-10-15,PHO,CHA,6-3,1,C:\Users\james\Documents\Baseball-AI\NexGen-BBPro\data\boxscores\season\2026-10-15_CHA_at_PHO.html
2026-10-15,SAN,BOS,8-7,1,C:\Users\james\Documents\Baseball-AI\NexGen-BBPro\data\boxscores\season\2026-10-15_BOS_at_SAN.html
2026-10-15,WAS,BAL,2-3,1,C:\Users\james\Documents\Baseball-AI\NexGen-BBPro\data\boxscores\season\2026-10-15_BAL_at_WAS.html
2026-10-16,ALB,COL,4-2,1,C:\Users\james\Documents\Baseball-AI\NexGen-BBPro\data\boxscores\season\2026-10-16_COL_at_ALB.html
2026-10-16,LOS,MIL,3-2,1,C:\Users\james\Documents\Baseball-AI\NexGen-BBPro\data\boxscores\season\2026-10-16_MIL_at_LOS.html
2026-10-16,MEM,NEW,3-1,1,C:\Users\james\Documents\Baseball-AI\NexGen-BBPro\data\boxscores\season\2026-10-16_NEW_at_MEM.html
2026-10-16,PHO,CHA,2-1,1,C:\Users\james\Documents\Baseball-AI\NexGen-BBPro\data\boxscores\season\2026-10-16_CHA_at_PHO.html
2026-10-16,SAN,BOS,7-3,1,C:\Users\james\Documents\Baseball-AI\NexGen-BBPro\data\boxscores\season\2026-10-16_BOS_at_SAN.html
2026-10-16,WAS,BAL,6-0,1,C:\Users\james\Documents\Baseball-AI\NexGen-BBPro\data\boxscores\season\2026-10-16_BAL_at_WAS.html
2026-10-18,BAL,NEW,7-0,1,C:\Users\james\Documents\Baseball-AI\NexGen-BBPro\data\boxscores\season\2026-10-18_NEW_at_BAL.html
2026-10-18,BOS,WAS,6-9,1,C:\Users\james\Documents\Baseball-AI\NexGen-BBPro\data\boxscores\season\2026-10-18_WAS_at_BOS.html
2026-10-18,CHA,LOS,1-7,1,C:\Users\james\Documents\Baseball-AI\NexGen-BBPro\data\boxscores\season\2026-10-18_LOS_at_CHA.html
2026-10-18,COL,SAN,0-1,1,C:\Users\james\Documents\Baseball-AI\NexGen-BBPro\data\boxscores\season\2026-10-18_SAN_at_COL.html
2026-10-18,MEM,PHO,3-5,1,C:\Users\james\Documents\Baseball-AI\NexGen-BBPro\data\boxscores\season\2026-10-18_PHO_at_MEM.html
2026-10-18,MIL,ALB,4-0,1,C:\Users\james\Documents\Baseball-AI\NexGen-BBPro\data\boxscores\season\2026-10-18_ALB_at_MIL.html
2026-10-19,BAL,NEW,2-5,1,C:\Users\james\Documents\Baseball-AI\NexGen-BBPro\data\boxscores\season\2026-10-19_NEW_at_BAL.html
2026-10-19,BOS,WAS,1-3,1,C:\Users\james\Documents\Baseball-AI\NexGen-BBPro\data\boxscores\season\2026-10-19_WAS_at_BOS.html
2026-10-19,CHA,LOS,2-1,1,C:\Users\james\Documents\Baseball-AI\NexGen-BBPro\data\boxscores\season\2026-10-19_LOS_at_CHA.html
2026-10-19,COL,SAN,3-0,1,C:\Users\james\Documents\Baseball-AI\NexGen-BBPro\data\boxscores\season\2026-10-19_SAN_at_COL.html
2026-10-19,MEM,PHO,3-6,1,C:\Users\james\Documents\Baseball-AI\NexGen-BBPro\data\boxscores\season\2026-10-19_PHO_at_MEM.html
2026-10-19,MIL,ALB,5-4,1,C:\Users\james\Documents\Baseball-AI\NexGen-BBPro\data\boxscores\season\2026-10-19_ALB_at_MIL.html
2026-10-20,BAL,NEW,2-3,1,C:\Users\james\Documents\Baseball-AI\NexGen-BBPro\data\boxscores\season\2026-10-20_NEW_at_BAL.html
2026-10-20,BOS,WAS,6-3,1,C:\Users\james\Documents\Baseball-AI\NexGen-BBPro\data\boxscores\season\2026-10-20_WAS_at_BOS.html
2026-10-20,CHA,LOS,3-4,1,C:\Users\james\Documents\Baseball-AI\NexGen-BBPro\data\boxscores\season\2026-10-20_LOS_at_CHA.html
2026-10-20,COL,SAN,4-1,1,C:\Users\james\Documents\Baseball-AI\NexGen-BBPro\data\boxscores\season\2026-10-20_SAN_at_COL.html
2026-10-20,MEM,PHO,1-6,1,C:\Users\james\Documents\Baseball-AI\NexGen-BBPro\data\boxscores\season\2026-10-20_PHO_at_MEM.html
2026-10-20,MIL,ALB,4-3,1,C:\Users\james\Documents\Baseball-AI\NexGen-BBPro\data\boxscores\season\2026-10-20_ALB_at_MIL.html
2026-10-22,ALB,MIL,2-3,1,C:\Users\james\Documents\Baseball-AI\NexGen-BBPro\data\boxscores\season\2026-10-22_MIL_at_ALB.html
2026-10-22,LOS,CHA,2-1,1,C:\Users\james\Documents\Baseball-AI\NexGen-BBPro\data\boxscores\season\2026-10-22_CHA_at_LOS.html
2026-10-22,NEW,BAL,6-8,1,C:\Users\james\Documents\Baseball-AI\NexGen-BBPro\data\boxscores\season\2026-10-22_BAL_at_NEW.html
2026-10-22,PHO,MEM,1-6,1,C:\Users\james\Documents\Baseball-AI\NexGen-BBPro\data\boxscores\season\2026-10-22_MEM_at_PHO.html
2026-10-22,SAN,COL,1-2,1,C:\Users\james\Documents\Baseball-AI\NexGen-BBPro\data\boxscores\season\2026-10-22_COL_at_SAN.html
2026-10-22,WAS,BOS,5-1,1,C:\Users\james\Documents\Baseball-AI\NexGen-BBPro\data\boxscores\season\2026-10-22_BOS_at_WAS.html
2026-10-23,ALB,MIL,3-2,1,C:\Users\james\Documents\Baseball-AI\NexGen-BBPro\data\boxscores\season\2026-10-23_MIL_at_ALB.html
2026-10-23,LOS,CHA,0-4,1,C:\Users\james\Documents\Baseball-AI\NexGen-BBPro\data\boxscores\season\2026-10-23_CHA_at_LOS.html
2026-10-23,NEW,BAL,6-7,1,C:\Users\james\Documents\Baseball-AI\NexGen-BBPro\data\boxscores\season\2026-10-23_BAL_at_NEW.html
2026-10-23,PHO,MEM,6-5,1,C:\Users\james\Documents\Baseball-AI\NexGen-BBPro\data\boxscores\season\2026-10-23_MEM_at_PHO.html
2026-10-23,SAN,COL,6-5,1,C:\Users\james\Documents\Baseball-AI\NexGen-BBPro\data\boxscores\season\2026-10-23_COL_at_SAN.html
2026-10-23,WAS,BOS,4-1,1,C:\Users\james\Documents\Baseball-AI\NexGen-BBPro\data\boxscores\season\2026-10-23_BOS_at_WAS.html
2026-10-24,ALB,MIL,2-3,1,C:\Users\james\Documents\Baseball-AI\NexGen-BBPro\data\boxscores\season\2026-10-24_MIL_at_ALB.html
2026-10-24,LOS,CHA,4-5,1,C:\Users\james\Documents\Baseball-AI\NexGen-BBPro\data\boxscores\season\2026-10-24_CHA_at_LOS.html
2026-10-24,NEW,BAL,2-7,1,C:\Users\james\Documents\Baseball-AI\NexGen-BBPro\data\boxscores\season\2026-10-24_BAL_at_NEW.html
2026-10-24,PHO,MEM,2-1,1,C:\Users\james\Documents\Baseball-AI\NexGen-BBPro\data\boxscores\season\2026-10-24_MEM_at_PHO.html
2026-10-24,SAN,COL,0-4,1,C:\Users\james\Documents\Baseball-AI\NexGen-BBPro\data\boxscores\season\2026-10-24_COL_at_SAN.html
2026-10-24,WAS,BOS,5-4,1,C:\Users\james\Documents\Baseball-AI\NexGen-BBPro\data\boxscores\season\2026-10-24_BOS_at_WAS.html
2026-10-26,ALB,CHA,3-1,1,C:\Users\james\Documents\Baseball-AI\NexGen-BBPro\data\boxscores\season\2026-10-26_CHA_at_ALB.html
2026-10-26,BAL,BOS,10-6,1,C:\Users\james\Documents\Baseball-AI\NexGen-BBPro\data\boxscores\season\2026-10-26_BOS_at_BAL.html
2026-10-26,LOS,MEM,3-4,1,C:\Users\james\Documents\Baseball-AI\NexGen-BBPro\data\boxscores\season\2026-10-26_MEM_at_LOS.html
2026-10-26,PHO,NEW,5-3,1,C:\Users\james\Documents\Baseball-AI\NexGen-BBPro\data\boxscores\season\2026-10-26_NEW_at_PHO.html
2026-10-26,SAN,MIL,6-5,1,C:\Users\james\Documents\Baseball-AI\NexGen-BBPro\data\boxscores\season\2026-10-26_MIL_at_SAN.html
2026-10-26,WAS,COL,4-1,1,C:\Users\james\Documents\Baseball-AI\NexGen-BBPro\data\boxscores\season\2026-10-26_COL_at_WAS.html
2026-10-27,ALB,CHA,3-1,1,C:\Users\james\Documents\Baseball-AI\NexGen-BBPro\data\boxscores\season\2026-10-27_CHA_at_ALB.html
2026-10-27,BAL,BOS,6-4,1,C:\Users\james\Documents\Baseball-AI\NexGen-BBPro\data\boxscores\season\2026-10-27_BOS_at_BAL.html
2026-10-27,LOS,MEM,2-3,1,C:\Users\james\Documents\Baseball-AI\NexGen-BBPro\data\boxscores\season\2026-10-27_MEM_at_LOS.html
2026-10-27,PHO,NEW,5-4,1,C:\Users\james\Documents\Baseball-AI\NexGen-BBPro\data\boxscores\season\2026-10-27_NEW_at_PHO.html
2026-10-27,SAN,MIL,1-2,1,C:\Users\james\Documents\Baseball-AI\NexGen-BBPro\data\boxscores\season\2026-10-27_MIL_at_SAN.html
2026-10-27,WAS,COL,2-3,1,C:\Users\james\Documents\Baseball-AI\NexGen-BBPro\data\boxscores\season\2026-10-27_COL_at_WAS.html
2026-10-28,ALB,CHA,2-1,1,C:\Users\james\Documents\Baseball-AI\NexGen-BBPro\data\boxscores\season\2026-10-28_CHA_at_ALB.html
2026-10-28,BAL,BOS,2-3,1,C:\Users\james\Documents\Baseball-AI\NexGen-BBPro\data\boxscores\season\2026-10-28_BOS_at_BAL.html
2026-10-28,LOS,MEM,1-2,1,C:\Users\james\Documents\Baseball-AI\NexGen-BBPro\data\boxscores\season\2026-10-28_MEM_at_LOS.html
2026-10-28,PHO,NEW,1-3,1,C:\Users\james\Documents\Baseball-AI\NexGen-BBPro\data\boxscores\season\2026-10-28_NEW_at_PHO.html
2026-10-28,SAN,MIL,5-3,1,C:\Users\james\Documents\Baseball-AI\NexGen-BBPro\data\boxscores\season\2026-10-28_MIL_at_SAN.html
2026-10-28,WAS,COL,5-3,1,C:\Users\james\Documents\Baseball-AI\NexGen-BBPro\data\boxscores\season\2026-10-28_COL_at_WAS.html
